{
  "type": "FeatureCollection",
  "features": [
    {
      "type": "Feature",
      "geometry": {
        "type": "Point",
        "coordinates": [
          1.9621584167584802,
          41.264373274420464
        ]
      },
      "properties": {
        "date": "2025-01-15"
      }
    },
    {
      "type": "Feature",
      "geometry": {
        "type": "Point",
        "coordinates": [
          1.9559558761196916,
          41.26404696151048
        ]
      },
      "properties": {
        "date": "2025-01-15"
      }
    },
    {
      "type": "Feature",
      "geometry": {
        "type": "Point",
        "coordinates": [
          1.9560752378583133,
          41.26404804394615
        ]
      },
      "properties": {
        "date": "2025-01-15"
      }
    },
    {
      "type": "Feature",
      "geometry": {
        "type": "Point",
        "coordinates": [
          1.956194599603447,
          41.26404912625808
        ]
      },
      "properties": {
        "date": "2025-01-15"
      }
    },
    {
      "type": "Feature",
      "geometry": {
        "type": "Point",
        "coordinates": [
          1.956313961355091,
          41.264050208446314
        ]
      },
      "properties": {
        "date": "2025-01-15"
      }
    },
    {
      "type": "Feature",
      "geometry": {
        "type": "Point",
        "coordinates": [
          1.9564333231132462,
          41.264051290510814
        ]
      },
      "properties": {
        "date": "2025-01-15"
      }
    },
    {
      "type": "Feature",
      "geometry": {
        "type": "Point",
        "coordinates": [
          1.9565526848779102,
          41.26405237245158
        ]
      },
      "properties": {
        "date": "2025-01-15"
      }
    },
    {
      "type": "Feature",
      "geometry": {
        "type": "Point",
        "coordinates": [
          1.9566720466490837,
          41.26405345426864
        ]
      },
      "properties": {
        "date": "2025-01-15"
      }
    },
    {
      "type": "Feature",
      "geometry": {
        "type": "Point",
        "coordinates": [
          1.9567914084267646,
          41.26405453596198
        ]
      },
      "properties": {
        "date": "2025-01-15"
      }
    },
    {
      "type": "Feature",
      "geometry": {
        "type": "Point",
        "coordinates": [
          1.9569107702109534,
          41.2640556175316
        ]
      },
      "properties": {
        "date": "2025-01-15"
      }
    },
    {
      "type": "Feature",
      "geometry": {
        "type": "Point",
        "coordinates": [
          1.9570301320016488,
          41.264056698977484
        ]
      },
      "properties": {
        "date": "2025-01-15"
      }
    },
    {
      "type": "Feature",
      "geometry": {
        "type": "Point",
        "coordinates": [
          1.9571494937988494,
          41.26405778029966
        ]
      },
      "properties": {
        "date": "2025-01-15"
      }
    },
    {
      "type": "Feature",
      "geometry": {
        "type": "Point",
        "coordinates": [
          1.9572688556025553,
          41.26405886149811
        ]
      },
      "properties": {
        "date": "2025-01-15"
      }
    },
    {
      "type": "Feature",
      "geometry": {
        "type": "Point",
        "coordinates": [
          1.957388217412766,
          41.264059942572835
        ]
      },
      "properties": {
        "date": "2025-01-15"
      }
    },
    {
      "type": "Feature",
      "geometry": {
        "type": "Point",
        "coordinates": [
          1.9575075792294794,
          41.264061023523844
        ]
      },
      "properties": {
        "date": "2025-01-15"
      }
    },
    {
      "type": "Feature",
      "geometry": {
        "type": "Point",
        "coordinates": [
          1.9576269410526963,
          41.264062104351126
        ]
      },
      "properties": {
        "date": "2025-01-15"
      }
    },
    {
      "type": "Feature",
      "geometry": {
        "type": "Point",
        "coordinates": [
          1.9577463028824151,
          41.26406318505469
        ]
      },
      "properties": {
        "date": "2025-01-15"
      }
    },
    {
      "type": "Feature",
      "geometry": {
        "type": "Point",
        "coordinates": [
          1.9578656647186352,
          41.26406426563453
        ]
      },
      "properties": {
        "date": "2025-01-15"
      }
    },
    {
      "type": "Feature",
      "geometry": {
        "type": "Point",
        "coordinates": [
          1.9579850265613565,
          41.26406534609066
        ]
      },
      "properties": {
        "date": "2025-01-15"
      }
    },
    {
      "type": "Feature",
      "geometry": {
        "type": "Point",
        "coordinates": [
          1.9581043884105769,
          41.26406642642306
        ]
      },
      "properties": {
        "date": "2025-01-15"
      }
    },
    {
      "type": "Feature",
      "geometry": {
        "type": "Point",
        "coordinates": [
          1.9582237502662967,
          41.264067506631726
        ]
      },
      "properties": {
        "date": "2025-01-15"
      }
    },
    {
      "type": "Feature",
      "geometry": {
        "type": "Point",
        "coordinates": [
          1.9583431121285146,
          41.26406858671669
        ]
      },
      "properties": {
        "date": "2025-01-15"
      }
    },
    {
      "type": "Feature",
      "geometry": {
        "type": "Point",
        "coordinates": [
          1.9917646864448142,
          41.26436614322485
        ]
      },
      "properties": {
        "date": "2025-01-15"
      }
    },
    {
      "type": "Feature",
      "geometry": {
        "type": "Point",
        "coordinates": [
          1.9517796597556274,
          41.26391893517468
        ]
      },
      "properties": {
        "date": "2025-01-15"
      }
    },
    {
      "type": "Feature",
      "geometry": {
        "type": "Point",
        "coordinates": [
          1.951899021101925,
          41.26392002193715
        ]
      },
      "properties": {
        "date": "2025-01-15"
      }
    },
    {
      "type": "Feature",
      "geometry": {
        "type": "Point",
        "coordinates": [
          1.9521377438141327,
          41.26392219509093
        ]
      },
      "properties": {
        "date": "2025-01-15"
      }
    },
    {
      "type": "Feature",
      "geometry": {
        "type": "Point",
        "coordinates": [
          1.9522571051800413,
          41.26392328148224
        ]
      },
      "properties": {
        "date": "2025-01-15"
      }
    },
    {
      "type": "Feature",
      "geometry": {
        "type": "Point",
        "coordinates": [
          1.9529732735127137,
          41.26392979723199
        ]
      },
      "properties": {
        "date": "2025-01-15"
      }
    },
    {
      "type": "Feature",
      "geometry": {
        "type": "Point",
        "coordinates": [
          1.9530926349243554,
          41.26393088275726
        ]
      },
      "properties": {
        "date": "2025-01-15"
      }
    },
    {
      "type": "Feature",
      "geometry": {
        "type": "Point",
        "coordinates": [
          1.9532119963425274,
          41.26393196815881
        ]
      },
      "properties": {
        "date": "2025-01-15"
      }
    },
    {
      "type": "Feature",
      "geometry": {
        "type": "Point",
        "coordinates": [
          1.9533313577672295,
          41.26393305343664
        ]
      },
      "properties": {
        "date": "2025-01-15"
      }
    },
    {
      "type": "Feature",
      "geometry": {
        "type": "Point",
        "coordinates": [
          1.95345071919846,
          41.263934138590756
        ]
      },
      "properties": {
        "date": "2025-01-15"
      }
    },
    {
      "type": "Feature",
      "geometry": {
        "type": "Point",
        "coordinates": [
          1.9535700806362188,
          41.26393522362114
        ]
      },
      "properties": {
        "date": "2025-01-15"
      }
    },
    {
      "type": "Feature",
      "geometry": {
        "type": "Point",
        "coordinates": [
          1.9536894420805044,
          41.26393630852781
        ]
      },
      "properties": {
        "date": "2025-01-15"
      }
    },
    {
      "type": "Feature",
      "geometry": {
        "type": "Point",
        "coordinates": [
          1.9538088035313173,
          41.263937393310755
        ]
      },
      "properties": {
        "date": "2025-01-15"
      }
    },
    {
      "type": "Feature",
      "geometry": {
        "type": "Point",
        "coordinates": [
          1.954405610883254,
          41.26394281536968
        ]
      },
      "properties": {
        "date": "2025-01-15"
      }
    },
    {
      "type": "Feature",
      "geometry": {
        "type": "Point",
        "coordinates": [
          1.9545249723732108,
          41.26394389941031
        ]
      },
      "properties": {
        "date": "2025-01-15"
      }
    },
    {
      "type": "Feature",
      "geometry": {
        "type": "Point",
        "coordinates": [
          1.9546443338696893,
          41.26394498332721
        ]
      },
      "properties": {
        "date": "2025-01-15"
      }
    },
    {
      "type": "Feature",
      "geometry": {
        "type": "Point",
        "coordinates": [
          1.954763695372688,
          41.26394606712039
        ]
      },
      "properties": {
        "date": "2025-01-15"
      }
    },
    {
      "type": "Feature",
      "geometry": {
        "type": "Point",
        "coordinates": [
          1.9548830568822066,
          41.26394715078985
        ]
      },
      "properties": {
        "date": "2025-01-15"
      }
    },
    {
      "type": "Feature",
      "geometry": {
        "type": "Point",
        "coordinates": [
          1.9550024183982446,
          41.26394823433559
        ]
      },
      "properties": {
        "date": "2025-01-15"
      }
    },
    {
      "type": "Feature",
      "geometry": {
        "type": "Point",
        "coordinates": [
          1.9551217799208005,
          41.26394931775762
        ]
      },
      "properties": {
        "date": "2025-01-15"
      }
    },
    {
      "type": "Feature",
      "geometry": {
        "type": "Point",
        "coordinates": [
          1.955241141449875,
          41.263950401055915
        ]
      },
      "properties": {
        "date": "2025-01-15"
      }
    },
    {
      "type": "Feature",
      "geometry": {
        "type": "Point",
        "coordinates": [
          1.955360502985466,
          41.263951484230496
        ]
      },
      "properties": {
        "date": "2025-01-15"
      }
    },
    {
      "type": "Feature",
      "geometry": {
        "type": "Point",
        "coordinates": [
          1.955479864527573,
          41.26395256728135
        ]
      },
      "properties": {
        "date": "2025-01-15"
      }
    },
    {
      "type": "Feature",
      "geometry": {
        "type": "Point",
        "coordinates": [
          1.955599226076196,
          41.263953650208485
        ]
      },
      "properties": {
        "date": "2025-01-15"
      }
    },
    {
      "type": "Feature",
      "geometry": {
        "type": "Point",
        "coordinates": [
          1.9557185876313332,
          41.263954733011914
        ]
      },
      "properties": {
        "date": "2025-01-15"
      }
    },
    {
      "type": "Feature",
      "geometry": {
        "type": "Point",
        "coordinates": [
          1.9558379491929847,
          41.26395581569161
        ]
      },
      "properties": {
        "date": "2025-01-15"
      }
    },
    {
      "type": "Feature",
      "geometry": {
        "type": "Point",
        "coordinates": [
          1.955957310761149,
          41.26395689824758
        ]
      },
      "properties": {
        "date": "2025-01-15"
      }
    },
    {
      "type": "Feature",
      "geometry": {
        "type": "Point",
        "coordinates": [
          1.958344543491072,
          41.26397852338567
        ]
      },
      "properties": {
        "date": "2025-01-15"
      }
    },
    {
      "type": "Feature",
      "geometry": {
        "type": "Point",
        "coordinates": [
          1.9584639051958426,
          41.2639796033435
        ]
      },
      "properties": {
        "date": "2025-01-15"
      }
    },
    {
      "type": "Feature",
      "geometry": {
        "type": "Point",
        "coordinates": [
          1.95858326690711,
          41.26398068317761
        ]
      },
      "properties": {
        "date": "2025-01-15"
      }
    },
    {
      "type": "Feature",
      "geometry": {
        "type": "Point",
        "coordinates": [
          1.9587026286248737,
          41.263981762888
        ]
      },
      "properties": {
        "date": "2025-01-15"
      }
    },
    {
      "type": "Feature",
      "geometry": {
        "type": "Point",
        "coordinates": [
          1.9588219903491322,
          41.26398284247468
        ]
      },
      "properties": {
        "date": "2025-01-15"
      }
    },
    {
      "type": "Feature",
      "geometry": {
        "type": "Point",
        "coordinates": [
          1.9589413520798857,
          41.263983921937616
        ]
      },
      "properties": {
        "date": "2025-01-15"
      }
    },
    {
      "type": "Feature",
      "geometry": {
        "type": "Point",
        "coordinates": [
          1.959060713817133,
          41.26398500127684
        ]
      },
      "properties": {
        "date": "2025-01-15"
      }
    },
    {
      "type": "Feature",
      "geometry": {
        "type": "Point",
        "coordinates": [
          1.9591800755608733,
          41.263986080492344
        ]
      },
      "properties": {
        "date": "2025-01-15"
      }
    },
    {
      "type": "Feature",
      "geometry": {
        "type": "Point",
        "coordinates": [
          1.9592994373111061,
          41.26398715958413
        ]
      },
      "properties": {
        "date": "2025-01-15"
      }
    },
    {
      "type": "Feature",
      "geometry": {
        "type": "Point",
        "coordinates": [
          1.9594187990678307,
          41.263988238552194
        ]
      },
      "properties": {
        "date": "2025-01-15"
      }
    },
    {
      "type": "Feature",
      "geometry": {
        "type": "Point",
        "coordinates": [
          1.9610898643431804,
          41.2640033311143
        ]
      },
      "properties": {
        "date": "2025-01-15"
      }
    },
    {
      "type": "Feature",
      "geometry": {
        "type": "Point",
        "coordinates": [
          1.9612092261971907,
          41.26400440822653
        ]
      },
      "properties": {
        "date": "2025-01-15"
      }
    },
    {
      "type": "Feature",
      "geometry": {
        "type": "Point",
        "coordinates": [
          1.96132858805768,
          41.26400548521505
        ]
      },
      "properties": {
        "date": "2025-01-15"
      }
    },
    {
      "type": "Feature",
      "geometry": {
        "type": "Point",
        "coordinates": [
          1.961447949924649,
          41.26400656207986
        ]
      },
      "properties": {
        "date": "2025-01-15"
      }
    },
    {
      "type": "Feature",
      "geometry": {
        "type": "Point",
        "coordinates": [
          1.9615673117980956,
          41.26400763882092
        ]
      },
      "properties": {
        "date": "2025-01-15"
      }
    },
    {
      "type": "Feature",
      "geometry": {
        "type": "Point",
        "coordinates": [
          1.9616866736780203,
          41.26400871543827
        ]
      },
      "properties": {
        "date": "2025-01-15"
      }
    },
    {
      "type": "Feature",
      "geometry": {
        "type": "Point",
        "coordinates": [
          1.9618060355644213,
          41.26400979193191
        ]
      },
      "properties": {
        "date": "2025-01-15"
      }
    },
    {
      "type": "Feature",
      "geometry": {
        "type": "Point",
        "coordinates": [
          1.9621641212624787,
          41.26401302067046
        ]
      },
      "properties": {
        "date": "2025-01-15"
      }
    },
    {
      "type": "Feature",
      "geometry": {
        "type": "Point",
        "coordinates": [
          1.9622834831747797,
          41.26401409666921
        ]
      },
      "properties": {
        "date": "2025-01-15"
      }
    },
    {
      "type": "Feature",
      "geometry": {
        "type": "Point",
        "coordinates": [
          1.962402845093554,
          41.26401517254423
        ]
      },
      "properties": {
        "date": "2025-01-15"
      }
    },
    {
      "type": "Feature",
      "geometry": {
        "type": "Point",
        "coordinates": [
          1.9625222070188,
          41.264016248295526
        ]
      },
      "properties": {
        "date": "2025-01-15"
      }
    },
    {
      "type": "Feature",
      "geometry": {
        "type": "Point",
        "coordinates": [
          1.962641568950518,
          41.264017323923106
        ]
      },
      "properties": {
        "date": "2025-01-15"
      }
    },
    {
      "type": "Feature",
      "geometry": {
        "type": "Point",
        "coordinates": [
          1.9627609308887066,
          41.26401839942696
        ]
      },
      "properties": {
        "date": "2025-01-15"
      }
    },
    {
      "type": "Feature",
      "geometry": {
        "type": "Point",
        "coordinates": [
          1.9628802928333655,
          41.26401947480709
        ]
      },
      "properties": {
        "date": "2025-01-15"
      }
    },
    {
      "type": "Feature",
      "geometry": {
        "type": "Point",
        "coordinates": [
          1.9632383787061547,
          41.26402270020515
        ]
      },
      "properties": {
        "date": "2025-01-15"
      }
    },
    {
      "type": "Feature",
      "geometry": {
        "type": "Point",
        "coordinates": [
          1.9633577406766864,
          41.2640237750904
        ]
      },
      "properties": {
        "date": "2025-01-15"
      }
    },
    {
      "type": "Feature",
      "geometry": {
        "type": "Point",
        "coordinates": [
          1.9646707227791504,
          41.26403559066243
        ]
      },
      "properties": {
        "date": "2025-01-15"
      }
    },
    {
      "type": "Feature",
      "geometry": {
        "type": "Point",
        "coordinates": [
          1.9647900848272293,
          41.26403666406301
        ]
      },
      "properties": {
        "date": "2025-01-15"
      }
    },
    {
      "type": "Feature",
      "geometry": {
        "type": "Point",
        "coordinates": [
          1.9649094468817656,
          41.26403773733987
        ]
      },
      "properties": {
        "date": "2025-01-15"
      }
    },
    {
      "type": "Feature",
      "geometry": {
        "type": "Point",
        "coordinates": [
          1.991766071901363,
          41.26427607895657
        ]
      },
      "properties": {
        "date": "2025-01-15"
      }
    },
    {
      "type": "Feature",
      "geometry": {
        "type": "Point",
        "coordinates": [
          1.9983310734361188,
          41.264333387554274
        ]
      },
      "properties": {
        "date": "2025-01-15"
      }
    },
    {
      "type": "Feature",
      "geometry": {
        "type": "Point",
        "coordinates": [
          1.9984504372757168,
          41.2643344260644
        ]
      },
      "properties": {
        "date": "2025-01-15"
      }
    },
    {
      "type": "Feature",
      "geometry": {
        "type": "Point",
        "coordinates": [
          1.9985698011215618,
          41.26433546445083
        ]
      },
      "properties": {
        "date": "2025-01-15"
      }
    },
    {
      "type": "Feature",
      "geometry": {
        "type": "Point",
        "coordinates": [
          1.998689164973654,
          41.264336502713505
        ]
      },
      "properties": {
        "date": "2025-01-15"
      }
    },
    {
      "type": "Feature",
      "geometry": {
        "type": "Point",
        "coordinates": [
          1.9988085288319926,
          41.26433754085246
        ]
      },
      "properties": {
        "date": "2025-01-15"
      }
    },
    {
      "type": "Feature",
      "geometry": {
        "type": "Point",
        "coordinates": [
          1.9989278926965761,
          41.2643385788677
        ]
      },
      "properties": {
        "date": "2025-01-15"
      }
    },
    {
      "type": "Feature",
      "geometry": {
        "type": "Point",
        "coordinates": [
          1.9990472565674047,
          41.2643396167592
        ]
      },
      "properties": {
        "date": "2025-01-15"
      }
    },
    {
      "type": "Feature",
      "geometry": {
        "type": "Point",
        "coordinates": [
          1.9991666204444771,
          41.264340654526976
        ]
      },
      "properties": {
        "date": "2025-01-15"
      }
    },
    {
      "type": "Feature",
      "geometry": {
        "type": "Point",
        "coordinates": [
          1.9992859843277926,
          41.264341692171016
        ]
      },
      "properties": {
        "date": "2025-01-15"
      }
    },
    {
      "type": "Feature",
      "geometry": {
        "type": "Point",
        "coordinates": [
          1.9994053482173506,
          41.26434272969133
        ]
      },
      "properties": {
        "date": "2025-01-15"
      }
    },
    {
      "type": "Feature",
      "geometry": {
        "type": "Point",
        "coordinates": [
          1.99952471211315,
          41.26434376708794
        ]
      },
      "properties": {
        "date": "2025-01-15"
      }
    },
    {
      "type": "Feature",
      "geometry": {
        "type": "Point",
        "coordinates": [
          1.9996440760151908,
          41.26434480436079
        ]
      },
      "properties": {
        "date": "2025-01-15"
      }
    },
    {
      "type": "Feature",
      "geometry": {
        "type": "Point",
        "coordinates": [
          1.9997634399234714,
          41.26434584150993
        ]
      },
      "properties": {
        "date": "2025-01-15"
      }
    },
    {
      "type": "Feature",
      "geometry": {
        "type": "Point",
        "coordinates": [
          1.9998828038379914,
          41.264346878535335
        ]
      },
      "properties": {
        "date": "2025-01-15"
      }
    },
    {
      "type": "Feature",
      "geometry": {
        "type": "Point",
        "coordinates": [
          2.0000021677587507,
          41.264347915437014
        ]
      },
      "properties": {
        "date": "2025-01-15"
      }
    },
    {
      "type": "Feature",
      "geometry": {
        "type": "Point",
        "coordinates": [
          2.0001215316857475,
          41.26434895221497
        ]
      },
      "properties": {
        "date": "2025-01-15"
      }
    },
    {
      "type": "Feature",
      "geometry": {
        "type": "Point",
        "coordinates": [
          2.000240895618982,
          41.264349988869185
        ]
      },
      "properties": {
        "date": "2025-01-15"
      }
    },
    {
      "type": "Feature",
      "geometry": {
        "type": "Point",
        "coordinates": [
          2.0003602595584518,
          41.26435102539969
        ]
      },
      "properties": {
        "date": "2025-01-15"
      }
    },
    {
      "type": "Feature",
      "geometry": {
        "type": "Point",
        "coordinates": [
          2.0004796235041584,
          41.264352061806456
        ]
      },
      "properties": {
        "date": "2025-01-15"
      }
    },
    {
      "type": "Feature",
      "geometry": {
        "type": "Point",
        "coordinates": [
          2.000598987456099,
          41.2643530980895
        ]
      },
      "properties": {
        "date": "2025-01-15"
      }
    },
    {
      "type": "Feature",
      "geometry": {
        "type": "Point",
        "coordinates": [
          2.000718351414275,
          41.26435413424881
        ]
      },
      "properties": {
        "date": "2025-01-15"
      }
    },
    {
      "type": "Feature",
      "geometry": {
        "type": "Point",
        "coordinates": [
          2.000837715378684,
          41.2643551702844
        ]
      },
      "properties": {
        "date": "2025-01-15"
      }
    },
    {
      "type": "Feature",
      "geometry": {
        "type": "Point",
        "coordinates": [
          2.000957079349326,
          41.264356206196254
        ]
      },
      "properties": {
        "date": "2025-01-15"
      }
    },
    {
      "type": "Feature",
      "geometry": {
        "type": "Point",
        "coordinates": [
          2.0010764433261996,
          41.26435724198437
        ]
      },
      "properties": {
        "date": "2025-01-15"
      }
    },
    {
      "type": "Feature",
      "geometry": {
        "type": "Point",
        "coordinates": [
          2.0011958073093044,
          41.26435827764878
        ]
      },
      "properties": {
        "date": "2025-01-15"
      }
    },
    {
      "type": "Feature",
      "geometry": {
        "type": "Point",
        "coordinates": [
          2.00131517129864,
          41.26435931318945
        ]
      },
      "properties": {
        "date": "2025-01-15"
      }
    },
    {
      "type": "Feature",
      "geometry": {
        "type": "Point",
        "coordinates": [
          2.001434535294205,
          41.264360348606395
        ]
      },
      "properties": {
        "date": "2025-01-15"
      }
    },
    {
      "type": "Feature",
      "geometry": {
        "type": "Point",
        "coordinates": [
          2.001553899296,
          41.264361383899605
        ]
      },
      "properties": {
        "date": "2025-01-15"
      }
    },
    {
      "type": "Feature",
      "geometry": {
        "type": "Point",
        "coordinates": [
          2.0016732633040224,
          41.264362419069094
        ]
      },
      "properties": {
        "date": "2025-01-15"
      }
    },
    {
      "type": "Feature",
      "geometry": {
        "type": "Point",
        "coordinates": [
          2.0017926273182725,
          41.26436345411486
        ]
      },
      "properties": {
        "date": "2025-01-15"
      }
    },
    {
      "type": "Feature",
      "geometry": {
        "type": "Point",
        "coordinates": [
          2.0019119913387495,
          41.264364489036886
        ]
      },
      "properties": {
        "date": "2025-01-15"
      }
    },
    {
      "type": "Feature",
      "geometry": {
        "type": "Point",
        "coordinates": [
          1.9497519610295526,
          41.26381037819692
        ]
      },
      "properties": {
        "date": "2025-01-15"
      }
    },
    {
      "type": "Feature",
      "geometry": {
        "type": "Point",
        "coordinates": [
          1.9498713221006523,
          41.263811467059206
        ]
      },
      "properties": {
        "date": "2025-01-15"
      }
    },
    {
      "type": "Feature",
      "geometry": {
        "type": "Point",
        "coordinates": [
          1.9499906831783018,
          41.26381255579778
        ]
      },
      "properties": {
        "date": "2025-01-15"
      }
    },
    {
      "type": "Feature",
      "geometry": {
        "type": "Point",
        "coordinates": [
          1.9501100442625012,
          41.263813644412615
        ]
      },
      "properties": {
        "date": "2025-01-15"
      }
    },
    {
      "type": "Feature",
      "geometry": {
        "type": "Point",
        "coordinates": [
          1.9502294053532496,
          41.26381473290374
        ]
      },
      "properties": {
        "date": "2025-01-15"
      }
    },
    {
      "type": "Feature",
      "geometry": {
        "type": "Point",
        "coordinates": [
          1.9503487664505461,
          41.26381582127115
        ]
      },
      "properties": {
        "date": "2025-01-15"
      }
    },
    {
      "type": "Feature",
      "geometry": {
        "type": "Point",
        "coordinates": [
          1.95046812755439,
          41.26381690951483
        ]
      },
      "properties": {
        "date": "2025-01-15"
      }
    },
    {
      "type": "Feature",
      "geometry": {
        "type": "Point",
        "coordinates": [
          1.9505874886647805,
          41.2638179976348
        ]
      },
      "properties": {
        "date": "2025-01-15"
      }
    },
    {
      "type": "Feature",
      "geometry": {
        "type": "Point",
        "coordinates": [
          1.950706849781717,
          41.26381908563105
        ]
      },
      "properties": {
        "date": "2025-01-15"
      }
    },
    {
      "type": "Feature",
      "geometry": {
        "type": "Point",
        "coordinates": [
          1.9508262109051984,
          41.263820173503575
        ]
      },
      "properties": {
        "date": "2025-01-15"
      }
    },
    {
      "type": "Feature",
      "geometry": {
        "type": "Point",
        "coordinates": [
          1.950945572035225,
          41.26382126125238
        ]
      },
      "properties": {
        "date": "2025-01-15"
      }
    },
    {
      "type": "Feature",
      "geometry": {
        "type": "Point",
        "coordinates": [
          1.9510649331717946,
          41.26382234887747
        ]
      },
      "properties": {
        "date": "2025-01-15"
      }
    },
    {
      "type": "Feature",
      "geometry": {
        "type": "Point",
        "coordinates": [
          1.9511842943149071,
          41.263823436378836
        ]
      },
      "properties": {
        "date": "2025-01-15"
      }
    },
    {
      "type": "Feature",
      "geometry": {
        "type": "Point",
        "coordinates": [
          1.9513036554645626,
          41.26382452375649
        ]
      },
      "properties": {
        "date": "2025-01-15"
      }
    },
    {
      "type": "Feature",
      "geometry": {
        "type": "Point",
        "coordinates": [
          1.9514230166207587,
          41.26382561101042
        ]
      },
      "properties": {
        "date": "2025-01-15"
      }
    },
    {
      "type": "Feature",
      "geometry": {
        "type": "Point",
        "coordinates": [
          1.951542377783496,
          41.263826698140626
        ]
      },
      "properties": {
        "date": "2025-01-15"
      }
    },
    {
      "type": "Feature",
      "geometry": {
        "type": "Point",
        "coordinates": [
          1.9516617389527733,
          41.263827785147114
        ]
      },
      "properties": {
        "date": "2025-01-15"
      }
    },
    {
      "type": "Feature",
      "geometry": {
        "type": "Point",
        "coordinates": [
          1.9517811001285892,
          41.26382887202988
        ]
      },
      "properties": {
        "date": "2025-01-15"
      }
    },
    {
      "type": "Feature",
      "geometry": {
        "type": "Point",
        "coordinates": [
          1.951900461310944,
          41.26382995878893
        ]
      },
      "properties": {
        "date": "2025-01-15"
      }
    },
    {
      "type": "Feature",
      "geometry": {
        "type": "Point",
        "coordinates": [
          1.9520198224998369,
          41.26383104542427
        ]
      },
      "properties": {
        "date": "2025-01-15"
      }
    },
    {
      "type": "Feature",
      "geometry": {
        "type": "Point",
        "coordinates": [
          1.9521391836952662,
          41.26383213193588
        ]
      },
      "properties": {
        "date": "2025-01-15"
      }
    },
    {
      "type": "Feature",
      "geometry": {
        "type": "Point",
        "coordinates": [
          1.9522585448972318,
          41.26383321832377
        ]
      },
      "properties": {
        "date": "2025-01-15"
      }
    },
    {
      "type": "Feature",
      "geometry": {
        "type": "Point",
        "coordinates": [
          1.9523779061057334,
          41.26383430458794
        ]
      },
      "properties": {
        "date": "2025-01-15"
      }
    },
    {
      "type": "Feature",
      "geometry": {
        "type": "Point",
        "coordinates": [
          1.9524972673207692,
          41.26383539072839
        ]
      },
      "properties": {
        "date": "2025-01-15"
      }
    },
    {
      "type": "Feature",
      "geometry": {
        "type": "Point",
        "coordinates": [
          1.9526166285423399,
          41.26383647674512
        ]
      },
      "properties": {
        "date": "2025-01-15"
      }
    },
    {
      "type": "Feature",
      "geometry": {
        "type": "Point",
        "coordinates": [
          1.952735989770443,
          41.26383756263812
        ]
      },
      "properties": {
        "date": "2025-01-15"
      }
    },
    {
      "type": "Feature",
      "geometry": {
        "type": "Point",
        "coordinates": [
          1.9528553510050783,
          41.26383864840742
        ]
      },
      "properties": {
        "date": "2025-01-15"
      }
    },
    {
      "type": "Feature",
      "geometry": {
        "type": "Point",
        "coordinates": [
          1.9529747122462466,
          41.263839734052986
        ]
      },
      "properties": {
        "date": "2025-01-15"
      }
    },
    {
      "type": "Feature",
      "geometry": {
        "type": "Point",
        "coordinates": [
          1.9538102411172482,
          41.26384733010783
        ]
      },
      "properties": {
        "date": "2025-01-15"
      }
    },
    {
      "type": "Feature",
      "geometry": {
        "type": "Point",
        "coordinates": [
          1.9539296024106434,
          41.263848414763636
        ]
      },
      "properties": {
        "date": "2025-01-15"
      }
    },
    {
      "type": "Feature",
      "geometry": {
        "type": "Point",
        "coordinates": [
          1.9540489637105636,
          41.263849499295716
        ]
      },
      "properties": {
        "date": "2025-01-15"
      }
    },
    {
      "type": "Feature",
      "geometry": {
        "type": "Point",
        "coordinates": [
          1.9541683250170083,
          41.2638505837041
        ]
      },
      "properties": {
        "date": "2025-01-15"
      }
    },
    {
      "type": "Feature",
      "geometry": {
        "type": "Point",
        "coordinates": [
          1.9542876863299765,
          41.26385166798874
        ]
      },
      "properties": {
        "date": "2025-01-15"
      }
    },
    {
      "type": "Feature",
      "geometry": {
        "type": "Point",
        "coordinates": [
          1.954407047649468,
          41.26385275214966
        ]
      },
      "properties": {
        "date": "2025-01-15"
      }
    },
    {
      "type": "Feature",
      "geometry": {
        "type": "Point",
        "coordinates": [
          1.9594202289483877,
          41.26389817518911
        ]
      },
      "properties": {
        "date": "2025-01-15"
      }
    },
    {
      "type": "Feature",
      "geometry": {
        "type": "Point",
        "coordinates": [
          1.9595395905476582,
          41.26389925403006
        ]
      },
      "properties": {
        "date": "2025-01-15"
      }
    },
    {
      "type": "Feature",
      "geometry": {
        "type": "Point",
        "coordinates": [
          1.9596589521534187,
          41.26390033274727
        ]
      },
      "properties": {
        "date": "2025-01-15"
      }
    },
    {
      "type": "Feature",
      "geometry": {
        "type": "Point",
        "coordinates": [
          1.9597783137656686,
          41.263901411340775
        ]
      },
      "properties": {
        "date": "2025-01-15"
      }
    },
    {
      "type": "Feature",
      "geometry": {
        "type": "Point",
        "coordinates": [
          1.9598976753844075,
          41.263902489810555
        ]
      },
      "properties": {
        "date": "2025-01-15"
      }
    },
    {
      "type": "Feature",
      "geometry": {
        "type": "Point",
        "coordinates": [
          1.9600170370096337,
          41.263903568156614
        ]
      },
      "properties": {
        "date": "2025-01-15"
      }
    },
    {
      "type": "Feature",
      "geometry": {
        "type": "Point",
        "coordinates": [
          1.9601363986413474,
          41.263904646378954
        ]
      },
      "properties": {
        "date": "2025-01-15"
      }
    },
    {
      "type": "Feature",
      "geometry": {
        "type": "Point",
        "coordinates": [
          1.9602557602795476,
          41.26390572447757
        ]
      },
      "properties": {
        "date": "2025-01-15"
      }
    },
    {
      "type": "Feature",
      "geometry": {
        "type": "Point",
        "coordinates": [
          1.9603751219242336,
          41.26390680245246
        ]
      },
      "properties": {
        "date": "2025-01-15"
      }
    },
    {
      "type": "Feature",
      "geometry": {
        "type": "Point",
        "coordinates": [
          1.9604944835754043,
          41.263907880303634
        ]
      },
      "properties": {
        "date": "2025-01-15"
      }
    },
    {
      "type": "Feature",
      "geometry": {
        "type": "Point",
        "coordinates": [
          1.960613845233059,
          41.26390895803109
        ]
      },
      "properties": {
        "date": "2025-01-15"
      }
    },
    {
      "type": "Feature",
      "geometry": {
        "type": "Point",
        "coordinates": [
          1.9607332068971977,
          41.263910035634815
        ]
      },
      "properties": {
        "date": "2025-01-15"
      }
    },
    {
      "type": "Feature",
      "geometry": {
        "type": "Point",
        "coordinates": [
          1.9608525685678186,
          41.26391111311483
        ]
      },
      "properties": {
        "date": "2025-01-15"
      }
    },
    {
      "type": "Feature",
      "geometry": {
        "type": "Point",
        "coordinates": [
          1.9609719302449213,
          41.26391219047111
        ]
      },
      "properties": {
        "date": "2025-01-15"
      }
    },
    {
      "type": "Feature",
      "geometry": {
        "type": "Point",
        "coordinates": [
          1.961091291928505,
          41.263913267703686
        ]
      },
      "properties": {
        "date": "2025-01-15"
      }
    },
    {
      "type": "Feature",
      "geometry": {
        "type": "Point",
        "coordinates": [
          1.9618074621660735,
          41.26391972850094
        ]
      },
      "properties": {
        "date": "2025-01-15"
      }
    },
    {
      "type": "Feature",
      "geometry": {
        "type": "Point",
        "coordinates": [
          1.9619268238950056,
          41.26392080486745
        ]
      },
      "properties": {
        "date": "2025-01-15"
      }
    },
    {
      "type": "Feature",
      "geometry": {
        "type": "Point",
        "coordinates": [
          1.9620461856304126,
          41.26392188111025
        ]
      },
      "properties": {
        "date": "2025-01-15"
      }
    },
    {
      "type": "Feature",
      "geometry": {
        "type": "Point",
        "coordinates": [
          1.9621655473722939,
          41.26392295722932
        ]
      },
      "properties": {
        "date": "2025-01-15"
      }
    },
    {
      "type": "Feature",
      "geometry": {
        "type": "Point",
        "coordinates": [
          1.962881717959506,
          41.26392941134563
        ]
      },
      "properties": {
        "date": "2025-01-15"
      }
    },
    {
      "type": "Feature",
      "geometry": {
        "type": "Point",
        "coordinates": [
          1.9630010797466884,
          41.26393048659864
        ]
      },
      "properties": {
        "date": "2025-01-15"
      }
    },
    {
      "type": "Feature",
      "geometry": {
        "type": "Point",
        "coordinates": [
          1.9631204415403387,
          41.263931561727944
        ]
      },
      "properties": {
        "date": "2025-01-15"
      }
    },
    {
      "type": "Feature",
      "geometry": {
        "type": "Point",
        "coordinates": [
          1.9632398033404572,
          41.263932636733536
        ]
      },
      "properties": {
        "date": "2025-01-15"
      }
    },
    {
      "type": "Feature",
      "geometry": {
        "type": "Point",
        "coordinates": [
          1.963359165147043,
          41.26393371161539
        ]
      },
      "properties": {
        "date": "2025-01-15"
      }
    },
    {
      "type": "Feature",
      "geometry": {
        "type": "Point",
        "coordinates": [
          1.9634785269600952,
          41.263934786373525
        ]
      },
      "properties": {
        "date": "2025-01-15"
      }
    },
    {
      "type": "Feature",
      "geometry": {
        "type": "Point",
        "coordinates": [
          1.9635978887796128,
          41.26393586100794
        ]
      },
      "properties": {
        "date": "2025-01-15"
      }
    },
    {
      "type": "Feature",
      "geometry": {
        "type": "Point",
        "coordinates": [
          1.9637172506055947,
          41.263936935518636
        ]
      },
      "properties": {
        "date": "2025-01-15"
      }
    },
    {
      "type": "Feature",
      "geometry": {
        "type": "Point",
        "coordinates": [
          1.9638366124380415,
          41.2639380099056
        ]
      },
      "properties": {
        "date": "2025-01-15"
      }
    },
    {
      "type": "Feature",
      "geometry": {
        "type": "Point",
        "coordinates": [
          1.9639559742769512,
          41.263939084168854
        ]
      },
      "properties": {
        "date": "2025-01-15"
      }
    },
    {
      "type": "Feature",
      "geometry": {
        "type": "Point",
        "coordinates": [
          1.9640753361223235,
          41.26394015830839
        ]
      },
      "properties": {
        "date": "2025-01-15"
      }
    },
    {
      "type": "Feature",
      "geometry": {
        "type": "Point",
        "coordinates": [
          1.9641946979741578,
          41.263941232324186
        ]
      },
      "properties": {
        "date": "2025-01-15"
      }
    },
    {
      "type": "Feature",
      "geometry": {
        "type": "Point",
        "coordinates": [
          1.9643140598324536,
          41.26394230621628
        ]
      },
      "properties": {
        "date": "2025-01-15"
      }
    },
    {
      "type": "Feature",
      "geometry": {
        "type": "Point",
        "coordinates": [
          1.9644334216972088,
          41.26394337998464
        ]
      },
      "properties": {
        "date": "2025-01-15"
      }
    },
    {
      "type": "Feature",
      "geometry": {
        "type": "Point",
        "coordinates": [
          1.9645527835684242,
          41.263944453629286
        ]
      },
      "properties": {
        "date": "2025-01-15"
      }
    },
    {
      "type": "Feature",
      "geometry": {
        "type": "Point",
        "coordinates": [
          1.9646721454460987,
          41.2639455271502
        ]
      },
      "properties": {
        "date": "2025-01-15"
      }
    },
    {
      "type": "Feature",
      "geometry": {
        "type": "Point",
        "coordinates": [
          1.9649108692208208,
          41.26394767382088
        ]
      },
      "properties": {
        "date": "2025-01-15"
      }
    },
    {
      "type": "Feature",
      "geometry": {
        "type": "Point",
        "coordinates": [
          1.9650302311178676,
          41.26394874697063
        ]
      },
      "properties": {
        "date": "2025-01-15"
      }
    },
    {
      "type": "Feature",
      "geometry": {
        "type": "Point",
        "coordinates": [
          1.9651495930213696,
          41.26394981999667
        ]
      },
      "properties": {
        "date": "2025-01-15"
      }
    },
    {
      "type": "Feature",
      "geometry": {
        "type": "Point",
        "coordinates": [
          1.9652689549313274,
          41.26395089289896
        ]
      },
      "properties": {
        "date": "2025-01-15"
      }
    },
    {
      "type": "Feature",
      "geometry": {
        "type": "Point",
        "coordinates": [
          1.9653883168477397,
          41.263951965677556
        ]
      },
      "properties": {
        "date": "2025-01-15"
      }
    },
    {
      "type": "Feature",
      "geometry": {
        "type": "Point",
        "coordinates": [
          1.965507678770605,
          41.26395303833242
        ]
      },
      "properties": {
        "date": "2025-01-15"
      }
    },
    {
      "type": "Feature",
      "geometry": {
        "type": "Point",
        "coordinates": [
          1.9656270406999237,
          41.263954110863565
        ]
      },
      "properties": {
        "date": "2025-01-15"
      }
    },
    {
      "type": "Feature",
      "geometry": {
        "type": "Point",
        "coordinates": [
          1.9657464026356948,
          41.263955183270994
        ]
      },
      "properties": {
        "date": "2025-01-15"
      }
    },
    {
      "type": "Feature",
      "geometry": {
        "type": "Point",
        "coordinates": [
          1.965865764577917,
          41.26395625555468
        ]
      },
      "properties": {
        "date": "2025-01-15"
      }
    },
    {
      "type": "Feature",
      "geometry": {
        "type": "Point",
        "coordinates": [
          1.96598512652659,
          41.26395732771467
        ]
      },
      "properties": {
        "date": "2025-01-15"
      }
    },
    {
      "type": "Feature",
      "geometry": {
        "type": "Point",
        "coordinates": [
          1.9661044884817125,
          41.26395839975093
        ]
      },
      "properties": {
        "date": "2025-01-15"
      }
    },
    {
      "type": "Feature",
      "geometry": {
        "type": "Point",
        "coordinates": [
          1.9662238504432845,
          41.263959471663455
        ]
      },
      "properties": {
        "date": "2025-01-15"
      }
    },
    {
      "type": "Feature",
      "geometry": {
        "type": "Point",
        "coordinates": [
          1.966343212411305,
          41.26396054345227
        ]
      },
      "properties": {
        "date": "2025-01-15"
      }
    },
    {
      "type": "Feature",
      "geometry": {
        "type": "Point",
        "coordinates": [
          1.9664625743857735,
          41.26396161511736
        ]
      },
      "properties": {
        "date": "2025-01-15"
      }
    },
    {
      "type": "Feature",
      "geometry": {
        "type": "Point",
        "coordinates": [
          1.9665819363666888,
          41.26396268665872
        ]
      },
      "properties": {
        "date": "2025-01-15"
      }
    },
    {
      "type": "Feature",
      "geometry": {
        "type": "Point",
        "coordinates": [
          1.96670129835405,
          41.263963758076365
        ]
      },
      "properties": {
        "date": "2025-01-15"
      }
    },
    {
      "type": "Feature",
      "geometry": {
        "type": "Point",
        "coordinates": [
          1.966820660347857,
          41.26396482937029
        ]
      },
      "properties": {
        "date": "2025-01-15"
      }
    },
    {
      "type": "Feature",
      "geometry": {
        "type": "Point",
        "coordinates": [
          1.9669400223481088,
          41.26396590054049
        ]
      },
      "properties": {
        "date": "2025-01-15"
      }
    },
    {
      "type": "Feature",
      "geometry": {
        "type": "Point",
        "coordinates": [
          1.9670593843548048,
          41.26396697158696
        ]
      },
      "properties": {
        "date": "2025-01-15"
      }
    },
    {
      "type": "Feature",
      "geometry": {
        "type": "Point",
        "coordinates": [
          1.9671787463679438,
          41.263968042509724
        ]
      },
      "properties": {
        "date": "2025-01-15"
      }
    },
    {
      "type": "Feature",
      "geometry": {
        "type": "Point",
        "coordinates": [
          1.9672981083875254,
          41.26396911330876
        ]
      },
      "properties": {
        "date": "2025-01-15"
      }
    },
    {
      "type": "Feature",
      "geometry": {
        "type": "Point",
        "coordinates": [
          1.9674174704135488,
          41.26397018398407
        ]
      },
      "properties": {
        "date": "2025-01-15"
      }
    },
    {
      "type": "Feature",
      "geometry": {
        "type": "Point",
        "coordinates": [
          1.9675368324460132,
          41.26397125453566
        ]
      },
      "properties": {
        "date": "2025-01-15"
      }
    },
    {
      "type": "Feature",
      "geometry": {
        "type": "Point",
        "coordinates": [
          1.9676561944849178,
          41.26397232496352
        ]
      },
      "properties": {
        "date": "2025-01-15"
      }
    },
    {
      "type": "Feature",
      "geometry": {
        "type": "Point",
        "coordinates": [
          1.9677755565302615,
          41.26397339526767
        ]
      },
      "properties": {
        "date": "2025-01-15"
      }
    },
    {
      "type": "Feature",
      "geometry": {
        "type": "Point",
        "coordinates": [
          1.967894918582045,
          41.263974465448094
        ]
      },
      "properties": {
        "date": "2025-01-15"
      }
    },
    {
      "type": "Feature",
      "geometry": {
        "type": "Point",
        "coordinates": [
          1.9680142806402658,
          41.26397553550479
        ]
      },
      "properties": {
        "date": "2025-01-15"
      }
    },
    {
      "type": "Feature",
      "geometry": {
        "type": "Point",
        "coordinates": [
          1.968133642704924,
          41.26397660543777
        ]
      },
      "properties": {
        "date": "2025-01-15"
      }
    },
    {
      "type": "Feature",
      "geometry": {
        "type": "Point",
        "coordinates": [
          1.9682530047760192,
          41.26397767524702
        ]
      },
      "properties": {
        "date": "2025-01-15"
      }
    },
    {
      "type": "Feature",
      "geometry": {
        "type": "Point",
        "coordinates": [
          1.96837236685355,
          41.26397874493255
        ]
      },
      "properties": {
        "date": "2025-01-15"
      }
    },
    {
      "type": "Feature",
      "geometry": {
        "type": "Point",
        "coordinates": [
          1.9684917289375155,
          41.26397981449437
        ]
      },
      "properties": {
        "date": "2025-01-15"
      }
    },
    {
      "type": "Feature",
      "geometry": {
        "type": "Point",
        "coordinates": [
          1.9686110910279153,
          41.263980883932454
        ]
      },
      "properties": {
        "date": "2025-01-15"
      }
    },
    {
      "type": "Feature",
      "geometry": {
        "type": "Point",
        "coordinates": [
          1.9687304531247494,
          41.26398195324682
        ]
      },
      "properties": {
        "date": "2025-01-15"
      }
    },
    {
      "type": "Feature",
      "geometry": {
        "type": "Point",
        "coordinates": [
          1.968849815228016,
          41.26398302243746
        ]
      },
      "properties": {
        "date": "2025-01-15"
      }
    },
    {
      "type": "Feature",
      "geometry": {
        "type": "Point",
        "coordinates": [
          1.9689691773377147,
          41.263984091504376
        ]
      },
      "properties": {
        "date": "2025-01-15"
      }
    },
    {
      "type": "Feature",
      "geometry": {
        "type": "Point",
        "coordinates": [
          1.9690885394538444,
          41.263985160447575
        ]
      },
      "properties": {
        "date": "2025-01-15"
      }
    },
    {
      "type": "Feature",
      "geometry": {
        "type": "Point",
        "coordinates": [
          1.9692079015764055,
          41.26398622926705
        ]
      },
      "properties": {
        "date": "2025-01-15"
      }
    },
    {
      "type": "Feature",
      "geometry": {
        "type": "Point",
        "coordinates": [
          1.9693272637053958,
          41.2639872979628
        ]
      },
      "properties": {
        "date": "2025-01-15"
      }
    },
    {
      "type": "Feature",
      "geometry": {
        "type": "Point",
        "coordinates": [
          1.9694466258408154,
          41.26398836653483
        ]
      },
      "properties": {
        "date": "2025-01-15"
      }
    },
    {
      "type": "Feature",
      "geometry": {
        "type": "Point",
        "coordinates": [
          1.9695659879826635,
          41.26398943498314
        ]
      },
      "properties": {
        "date": "2025-01-15"
      }
    },
    {
      "type": "Feature",
      "geometry": {
        "type": "Point",
        "coordinates": [
          1.969685350130939,
          41.263990503307724
        ]
      },
      "properties": {
        "date": "2025-01-15"
      }
    },
    {
      "type": "Feature",
      "geometry": {
        "type": "Point",
        "coordinates": [
          1.9698047122856417,
          41.26399157150858
        ]
      },
      "properties": {
        "date": "2025-01-15"
      }
    },
    {
      "type": "Feature",
      "geometry": {
        "type": "Point",
        "coordinates": [
          1.9699240744467703,
          41.26399263958572
        ]
      },
      "properties": {
        "date": "2025-01-15"
      }
    },
    {
      "type": "Feature",
      "geometry": {
        "type": "Point",
        "coordinates": [
          1.9700434366143245,
          41.263993707539136
        ]
      },
      "properties": {
        "date": "2025-01-15"
      }
    },
    {
      "type": "Feature",
      "geometry": {
        "type": "Point",
        "coordinates": [
          1.9701627987883032,
          41.263994775368836
        ]
      },
      "properties": {
        "date": "2025-01-15"
      }
    },
    {
      "type": "Feature",
      "geometry": {
        "type": "Point",
        "coordinates": [
          1.9702821609687062,
          41.263995843074795
        ]
      },
      "properties": {
        "date": "2025-01-15"
      }
    },
    {
      "type": "Feature",
      "geometry": {
        "type": "Point",
        "coordinates": [
          1.970401523155532,
          41.26399691065705
        ]
      },
      "properties": {
        "date": "2025-01-15"
      }
    },
    {
      "type": "Feature",
      "geometry": {
        "type": "Point",
        "coordinates": [
          1.97052088534878,
          41.263997978115576
        ]
      },
      "properties": {
        "date": "2025-01-15"
      }
    },
    {
      "type": "Feature",
      "geometry": {
        "type": "Point",
        "coordinates": [
          1.9706402475484504,
          41.26399904545037
        ]
      },
      "properties": {
        "date": "2025-01-15"
      }
    },
    {
      "type": "Feature",
      "geometry": {
        "type": "Point",
        "coordinates": [
          1.9707596097545412,
          41.26400011266145
        ]
      },
      "properties": {
        "date": "2025-01-15"
      }
    },
    {
      "type": "Feature",
      "geometry": {
        "type": "Point",
        "coordinates": [
          1.9708789719670525,
          41.26400117974881
        ]
      },
      "properties": {
        "date": "2025-01-15"
      }
    },
    {
      "type": "Feature",
      "geometry": {
        "type": "Point",
        "coordinates": [
          1.9709983341859834,
          41.264002246712444
        ]
      },
      "properties": {
        "date": "2025-01-15"
      }
    },
    {
      "type": "Feature",
      "geometry": {
        "type": "Point",
        "coordinates": [
          1.9711176964113324,
          41.26400331355236
        ]
      },
      "properties": {
        "date": "2025-01-15"
      }
    },
    {
      "type": "Feature",
      "geometry": {
        "type": "Point",
        "coordinates": [
          1.9712370586430998,
          41.264004380268545
        ]
      },
      "properties": {
        "date": "2025-01-15"
      }
    },
    {
      "type": "Feature",
      "geometry": {
        "type": "Point",
        "coordinates": [
          1.9720725944451112,
          41.264011843817606
        ]
      },
      "properties": {
        "date": "2025-01-15"
      }
    },
    {
      "type": "Feature",
      "geometry": {
        "type": "Point",
        "coordinates": [
          1.972311319017691,
          41.26401397514669
        ]
      },
      "properties": {
        "date": "2025-01-15"
      }
    },
    {
      "type": "Feature",
      "geometry": {
        "type": "Point",
        "coordinates": [
          1.9727887682397711,
          41.26401823632018
        ]
      },
      "properties": {
        "date": "2025-01-15"
      }
    },
    {
      "type": "Feature",
      "geometry": {
        "type": "Point",
        "coordinates": [
          1.9958258141248946,
          41.26422148587883
        ]
      },
      "properties": {
        "date": "2025-01-15"
      }
    },
    {
      "type": "Feature",
      "geometry": {
        "type": "Point",
        "coordinates": [
          1.9959451776691648,
          41.264222526983964
        ]
      },
      "properties": {
        "date": "2025-01-15"
      }
    },
    {
      "type": "Feature",
      "geometry": {
        "type": "Point",
        "coordinates": [
          1.9960645412196987,
          41.264223567965374
        ]
      },
      "properties": {
        "date": "2025-01-15"
      }
    },
    {
      "type": "Feature",
      "geometry": {
        "type": "Point",
        "coordinates": [
          1.9961839047764953,
          41.264224608823056
        ]
      },
      "properties": {
        "date": "2025-01-15"
      }
    },
    {
      "type": "Feature",
      "geometry": {
        "type": "Point",
        "coordinates": [
          1.9963032683395532,
          41.26422564955701
        ]
      },
      "properties": {
        "date": "2025-01-15"
      }
    },
    {
      "type": "Feature",
      "geometry": {
        "type": "Point",
        "coordinates": [
          1.9964226319088718,
          41.264226690167234
        ]
      },
      "properties": {
        "date": "2025-01-15"
      }
    },
    {
      "type": "Feature",
      "geometry": {
        "type": "Point",
        "coordinates": [
          1.9965419954844512,
          41.264227730653744
        ]
      },
      "properties": {
        "date": "2025-01-15"
      }
    },
    {
      "type": "Feature",
      "geometry": {
        "type": "Point",
        "coordinates": [
          1.99666135906629,
          41.26422877101651
        ]
      },
      "properties": {
        "date": "2025-01-15"
      }
    },
    {
      "type": "Feature",
      "geometry": {
        "type": "Point",
        "coordinates": [
          1.9967807226543877,
          41.26422981125556
        ]
      },
      "properties": {
        "date": "2025-01-15"
      }
    },
    {
      "type": "Feature",
      "geometry": {
        "type": "Point",
        "coordinates": [
          1.997616267946253,
          41.26423708946455
        ]
      },
      "properties": {
        "date": "2025-01-15"
      }
    },
    {
      "type": "Feature",
      "geometry": {
        "type": "Point",
        "coordinates": [
          1.9977356315843937,
          41.264238128713785
        ]
      },
      "properties": {
        "date": "2025-01-15"
      }
    },
    {
      "type": "Feature",
      "geometry": {
        "type": "Point",
        "coordinates": [
          1.9978549952287867,
          41.264239167839285
        ]
      },
      "properties": {
        "date": "2025-01-15"
      }
    },
    {
      "type": "Feature",
      "geometry": {
        "type": "Point",
        "coordinates": [
          1.9979743588794312,
          41.264240206841066
        ]
      },
      "properties": {
        "date": "2025-01-15"
      }
    },
    {
      "type": "Feature",
      "geometry": {
        "type": "Point",
        "coordinates": [
          1.9980937225363256,
          41.26424124571912
        ]
      },
      "properties": {
        "date": "2025-01-15"
      }
    },
    {
      "type": "Feature",
      "geometry": {
        "type": "Point",
        "coordinates": [
          1.9982130861994702,
          41.26424228447344
        ]
      },
      "properties": {
        "date": "2025-01-15"
      }
    },
    {
      "type": "Feature",
      "geometry": {
        "type": "Point",
        "coordinates": [
          1.998332449868864,
          41.26424332310403
        ]
      },
      "properties": {
        "date": "2025-01-15"
      }
    },
    {
      "type": "Feature",
      "geometry": {
        "type": "Point",
        "coordinates": [
          1.9485597954718388,
          41.263709419715845
        ]
      },
      "properties": {
        "date": "2025-01-15"
      }
    },
    {
      "type": "Feature",
      "geometry": {
        "type": "Point",
        "coordinates": [
          1.9486791563134522,
          41.26371050981189
        ]
      },
      "properties": {
        "date": "2025-01-15"
      }
    },
    {
      "type": "Feature",
      "geometry": {
        "type": "Point",
        "coordinates": [
          1.9487985171616231,
          41.263711599784216
        ]
      },
      "properties": {
        "date": "2025-01-15"
      }
    },
    {
      "type": "Feature",
      "geometry": {
        "type": "Point",
        "coordinates": [
          1.948917878016352,
          41.26371268963282
        ]
      },
      "properties": {
        "date": "2025-01-15"
      }
    },
    {
      "type": "Feature",
      "geometry": {
        "type": "Point",
        "coordinates": [
          1.949037238877637,
          41.26371377935771
        ]
      },
      "properties": {
        "date": "2025-01-15"
      }
    },
    {
      "type": "Feature",
      "geometry": {
        "type": "Point",
        "coordinates": [
          1.9491565997454772,
          41.26371486895887
        ]
      },
      "properties": {
        "date": "2025-01-15"
      }
    },
    {
      "type": "Feature",
      "geometry": {
        "type": "Point",
        "coordinates": [
          1.9492759606198717,
          41.26371595843632
        ]
      },
      "properties": {
        "date": "2025-01-15"
      }
    },
    {
      "type": "Feature",
      "geometry": {
        "type": "Point",
        "coordinates": [
          1.949395321500821,
          41.26371704779006
        ]
      },
      "properties": {
        "date": "2025-01-15"
      }
    },
    {
      "type": "Feature",
      "geometry": {
        "type": "Point",
        "coordinates": [
          1.9495146823883232,
          41.263718137020064
        ]
      },
      "properties": {
        "date": "2025-01-15"
      }
    },
    {
      "type": "Feature",
      "geometry": {
        "type": "Point",
        "coordinates": [
          1.9496340432823784,
          41.263719226126355
        ]
      },
      "properties": {
        "date": "2025-01-15"
      }
    },
    {
      "type": "Feature",
      "geometry": {
        "type": "Point",
        "coordinates": [
          1.9497534041829852,
          41.263720315108934
        ]
      },
      "properties": {
        "date": "2025-01-15"
      }
    },
    {
      "type": "Feature",
      "geometry": {
        "type": "Point",
        "coordinates": [
          1.9712384722865286,
          41.263914316569476
        ]
      },
      "properties": {
        "date": "2025-01-15"
      }
    },
    {
      "type": "Feature",
      "geometry": {
        "type": "Point",
        "coordinates": [
          1.9713578343607654,
          41.26391538315858
        ]
      },
      "properties": {
        "date": "2025-01-15"
      }
    },
    {
      "type": "Feature",
      "geometry": {
        "type": "Point",
        "coordinates": [
          1.971477196441419,
          41.26391644962396
        ]
      },
      "properties": {
        "date": "2025-01-15"
      }
    },
    {
      "type": "Feature",
      "geometry": {
        "type": "Point",
        "coordinates": [
          1.9715965585284876,
          41.263917515965616
        ]
      },
      "properties": {
        "date": "2025-01-15"
      }
    },
    {
      "type": "Feature",
      "geometry": {
        "type": "Point",
        "coordinates": [
          1.971715920621972,
          41.26391858218357
        ]
      },
      "properties": {
        "date": "2025-01-15"
      }
    },
    {
      "type": "Feature",
      "geometry": {
        "type": "Point",
        "coordinates": [
          1.9718352827218701,
          41.26391964827778
        ]
      },
      "properties": {
        "date": "2025-01-15"
      }
    },
    {
      "type": "Feature",
      "geometry": {
        "type": "Point",
        "coordinates": [
          1.9719546448281824,
          41.263920714248265
        ]
      },
      "properties": {
        "date": "2025-01-15"
      }
    },
    {
      "type": "Feature",
      "geometry": {
        "type": "Point",
        "coordinates": [
          1.9720740069409068,
          41.263921780095046
        ]
      },
      "properties": {
        "date": "2025-01-15"
      }
    },
    {
      "type": "Feature",
      "geometry": {
        "type": "Point",
        "coordinates": [
          1.9721933690600428,
          41.26392284581809
        ]
      },
      "properties": {
        "date": "2025-01-15"
      }
    },
    {
      "type": "Feature",
      "geometry": {
        "type": "Point",
        "coordinates": [
          1.972312731185591,
          41.263923911417415
        ]
      },
      "properties": {
        "date": "2025-01-15"
      }
    },
    {
      "type": "Feature",
      "geometry": {
        "type": "Point",
        "coordinates": [
          1.9724320933175494,
          41.263924976893
        ]
      },
      "properties": {
        "date": "2025-01-15"
      }
    },
    {
      "type": "Feature",
      "geometry": {
        "type": "Point",
        "coordinates": [
          1.9725514554559171,
          41.26392604224489
        ]
      },
      "properties": {
        "date": "2025-01-15"
      }
    },
    {
      "type": "Feature",
      "geometry": {
        "type": "Point",
        "coordinates": [
          1.9726708176006946,
          41.26392710747304
        ]
      },
      "properties": {
        "date": "2025-01-15"
      }
    },
    {
      "type": "Feature",
      "geometry": {
        "type": "Point",
        "coordinates": [
          1.9727901797518796,
          41.26392817257747
        ]
      },
      "properties": {
        "date": "2025-01-15"
      }
    },
    {
      "type": "Feature",
      "geometry": {
        "type": "Point",
        "coordinates": [
          1.9729095419094724,
          41.263929237558195
        ]
      },
      "properties": {
        "date": "2025-01-15"
      }
    },
    {
      "type": "Feature",
      "geometry": {
        "type": "Point",
        "coordinates": [
          1.9730289040734719,
          41.263930302415176
        ]
      },
      "properties": {
        "date": "2025-01-15"
      }
    },
    {
      "type": "Feature",
      "geometry": {
        "type": "Point",
        "coordinates": [
          1.9731482662438777,
          41.26393136714844
        ]
      },
      "properties": {
        "date": "2025-01-15"
      }
    },
    {
      "type": "Feature",
      "geometry": {
        "type": "Point",
        "coordinates": [
          1.973267628420688,
          41.263932431757986
        ]
      },
      "properties": {
        "date": "2025-01-15"
      }
    },
    {
      "type": "Feature",
      "geometry": {
        "type": "Point",
        "coordinates": [
          1.9733869906039037,
          41.26393349624381
        ]
      },
      "properties": {
        "date": "2025-01-15"
      }
    },
    {
      "type": "Feature",
      "geometry": {
        "type": "Point",
        "coordinates": [
          1.9735063527935233,
          41.263934560605904
        ]
      },
      "properties": {
        "date": "2025-01-15"
      }
    },
    {
      "type": "Feature",
      "geometry": {
        "type": "Point",
        "coordinates": [
          1.9736257149895455,
          41.26393562484427
        ]
      },
      "properties": {
        "date": "2025-01-15"
      }
    },
    {
      "type": "Feature",
      "geometry": {
        "type": "Point",
        "coordinates": [
          1.9737450771919696,
          41.26393668895892
        ]
      },
      "properties": {
        "date": "2025-01-15"
      }
    },
    {
      "type": "Feature",
      "geometry": {
        "type": "Point",
        "coordinates": [
          1.9738644394007963,
          41.26393775294985
        ]
      },
      "properties": {
        "date": "2025-01-15"
      }
    },
    {
      "type": "Feature",
      "geometry": {
        "type": "Point",
        "coordinates": [
          1.9739838016160232,
          41.263938816817046
        ]
      },
      "properties": {
        "date": "2025-01-15"
      }
    },
    {
      "type": "Feature",
      "geometry": {
        "type": "Point",
        "coordinates": [
          1.9741031638376498,
          41.263939880560535
        ]
      },
      "properties": {
        "date": "2025-01-15"
      }
    },
    {
      "type": "Feature",
      "geometry": {
        "type": "Point",
        "coordinates": [
          1.9742225260656763,
          41.263940944180284
        ]
      },
      "properties": {
        "date": "2025-01-15"
      }
    },
    {
      "type": "Feature",
      "geometry": {
        "type": "Point",
        "coordinates": [
          1.9743418883001016,
          41.26394200767633
        ]
      },
      "properties": {
        "date": "2025-01-15"
      }
    },
    {
      "type": "Feature",
      "geometry": {
        "type": "Point",
        "coordinates": [
          1.9744612505409245,
          41.26394307104863
        ]
      },
      "properties": {
        "date": "2025-01-15"
      }
    },
    {
      "type": "Feature",
      "geometry": {
        "type": "Point",
        "coordinates": [
          1.9745806127881442,
          41.26394413429723
        ]
      },
      "properties": {
        "date": "2025-01-15"
      }
    },
    {
      "type": "Feature",
      "geometry": {
        "type": "Point",
        "coordinates": [
          1.9746999750417606,
          41.263945197422096
        ]
      },
      "properties": {
        "date": "2025-01-15"
      }
    },
    {
      "type": "Feature",
      "geometry": {
        "type": "Point",
        "coordinates": [
          1.9748193373017726,
          41.26394626042324
        ]
      },
      "properties": {
        "date": "2025-01-15"
      }
    },
    {
      "type": "Feature",
      "geometry": {
        "type": "Point",
        "coordinates": [
          1.9749386995681795,
          41.26394732330066
        ]
      },
      "properties": {
        "date": "2025-01-15"
      }
    },
    {
      "type": "Feature",
      "geometry": {
        "type": "Point",
        "coordinates": [
          1.9750580618409805,
          41.26394838605435
        ]
      },
      "properties": {
        "date": "2025-01-15"
      }
    },
    {
      "type": "Feature",
      "geometry": {
        "type": "Point",
        "coordinates": [
          1.9751774241201745,
          41.26394944868432
        ]
      },
      "properties": {
        "date": "2025-01-15"
      }
    },
    {
      "type": "Feature",
      "geometry": {
        "type": "Point",
        "coordinates": [
          1.9752967864057613,
          41.26395051119057
        ]
      },
      "properties": {
        "date": "2025-01-15"
      }
    },
    {
      "type": "Feature",
      "geometry": {
        "type": "Point",
        "coordinates": [
          1.9754161486977402,
          41.263951573573095
        ]
      },
      "properties": {
        "date": "2025-01-15"
      }
    },
    {
      "type": "Feature",
      "geometry": {
        "type": "Point",
        "coordinates": [
          1.9755355109961101,
          41.263952635831906
        ]
      },
      "properties": {
        "date": "2025-01-15"
      }
    },
    {
      "type": "Feature",
      "geometry": {
        "type": "Point",
        "coordinates": [
          1.9756548733008705,
          41.26395369796699
        ]
      },
      "properties": {
        "date": "2025-01-15"
      }
    },
    {
      "type": "Feature",
      "geometry": {
        "type": "Point",
        "coordinates": [
          1.9757742356120211,
          41.26395475997834
        ]
      },
      "properties": {
        "date": "2025-01-15"
      }
    },
    {
      "type": "Feature",
      "geometry": {
        "type": "Point",
        "coordinates": [
          1.9758935979295598,
          41.26395582186598
        ]
      },
      "properties": {
        "date": "2025-01-15"
      }
    },
    {
      "type": "Feature",
      "geometry": {
        "type": "Point",
        "coordinates": [
          1.9760129602534866,
          41.26395688362989
        ]
      },
      "properties": {
        "date": "2025-01-15"
      }
    },
    {
      "type": "Feature",
      "geometry": {
        "type": "Point",
        "coordinates": [
          1.9761323225838017,
          41.26395794527007
        ]
      },
      "properties": {
        "date": "2025-01-15"
      }
    },
    {
      "type": "Feature",
      "geometry": {
        "type": "Point",
        "coordinates": [
          1.9762516849205027,
          41.263959006786536
        ]
      },
      "properties": {
        "date": "2025-01-15"
      }
    },
    {
      "type": "Feature",
      "geometry": {
        "type": "Point",
        "coordinates": [
          1.97637104726359,
          41.26396006817928
        ]
      },
      "properties": {
        "date": "2025-01-15"
      }
    },
    {
      "type": "Feature",
      "geometry": {
        "type": "Point",
        "coordinates": [
          1.9764904096130627,
          41.26396112944829
        ]
      },
      "properties": {
        "date": "2025-01-15"
      }
    },
    {
      "type": "Feature",
      "geometry": {
        "type": "Point",
        "coordinates": [
          1.9766097719689193,
          41.26396219059359
        ]
      },
      "properties": {
        "date": "2025-01-15"
      }
    },
    {
      "type": "Feature",
      "geometry": {
        "type": "Point",
        "coordinates": [
          1.9767291343311597,
          41.26396325161516
        ]
      },
      "properties": {
        "date": "2025-01-15"
      }
    },
    {
      "type": "Feature",
      "geometry": {
        "type": "Point",
        "coordinates": [
          1.9768484966997837,
          41.263964312513004
        ]
      },
      "properties": {
        "date": "2025-01-15"
      }
    },
    {
      "type": "Feature",
      "geometry": {
        "type": "Point",
        "coordinates": [
          1.9769678590747894,
          41.26396537328713
        ]
      },
      "properties": {
        "date": "2025-01-15"
      }
    },
    {
      "type": "Feature",
      "geometry": {
        "type": "Point",
        "coordinates": [
          1.9770872214561768,
          41.26396643393754
        ]
      },
      "properties": {
        "date": "2025-01-15"
      }
    },
    {
      "type": "Feature",
      "geometry": {
        "type": "Point",
        "coordinates": [
          1.9772065838439448,
          41.263967494464204
        ]
      },
      "properties": {
        "date": "2025-01-15"
      }
    },
    {
      "type": "Feature",
      "geometry": {
        "type": "Point",
        "coordinates": [
          1.9773259462380928,
          41.26396855486716
        ]
      },
      "properties": {
        "date": "2025-01-15"
      }
    },
    {
      "type": "Feature",
      "geometry": {
        "type": "Point",
        "coordinates": [
          1.9774453086386201,
          41.263969615146394
        ]
      },
      "properties": {
        "date": "2025-01-15"
      }
    },
    {
      "type": "Feature",
      "geometry": {
        "type": "Point",
        "coordinates": [
          1.977564671045526,
          41.263970675301906
        ]
      },
      "properties": {
        "date": "2025-01-15"
      }
    },
    {
      "type": "Feature",
      "geometry": {
        "type": "Point",
        "coordinates": [
          1.9776840334588088,
          41.26397173533369
        ]
      },
      "properties": {
        "date": "2025-01-15"
      }
    },
    {
      "type": "Feature",
      "geometry": {
        "type": "Point",
        "coordinates": [
          1.9778033958784698,
          41.26397279524174
        ]
      },
      "properties": {
        "date": "2025-01-15"
      }
    },
    {
      "type": "Feature",
      "geometry": {
        "type": "Point",
        "coordinates": [
          1.9779227583045067,
          41.26397385502609
        ]
      },
      "properties": {
        "date": "2025-01-15"
      }
    },
    {
      "type": "Feature",
      "geometry": {
        "type": "Point",
        "coordinates": [
          1.978042120736919,
          41.263974914686685
        ]
      },
      "properties": {
        "date": "2025-01-15"
      }
    },
    {
      "type": "Feature",
      "geometry": {
        "type": "Point",
        "coordinates": [
          1.978161483175706,
          41.26397597422358
        ]
      },
      "properties": {
        "date": "2025-01-15"
      }
    },
    {
      "type": "Feature",
      "geometry": {
        "type": "Point",
        "coordinates": [
          1.9782808456208671,
          41.26397703363674
        ]
      },
      "properties": {
        "date": "2025-01-15"
      }
    },
    {
      "type": "Feature",
      "geometry": {
        "type": "Point",
        "coordinates": [
          1.9784002080724015,
          41.26397809292619
        ]
      },
      "properties": {
        "date": "2025-01-15"
      }
    },
    {
      "type": "Feature",
      "geometry": {
        "type": "Point",
        "coordinates": [
          1.9785195705303085,
          41.263979152091906
        ]
      },
      "properties": {
        "date": "2025-01-15"
      }
    },
    {
      "type": "Feature",
      "geometry": {
        "type": "Point",
        "coordinates": [
          1.9786389329945875,
          41.26398021113389
        ]
      },
      "properties": {
        "date": "2025-01-15"
      }
    },
    {
      "type": "Feature",
      "geometry": {
        "type": "Point",
        "coordinates": [
          1.9787582954652374,
          41.26398127005216
        ]
      },
      "properties": {
        "date": "2025-01-15"
      }
    },
    {
      "type": "Feature",
      "geometry": {
        "type": "Point",
        "coordinates": [
          1.9788776579422578,
          41.263982328846716
        ]
      },
      "properties": {
        "date": "2025-01-15"
      }
    },
    {
      "type": "Feature",
      "geometry": {
        "type": "Point",
        "coordinates": [
          1.9789970204256473,
          41.263983387517534
        ]
      },
      "properties": {
        "date": "2025-01-15"
      }
    },
    {
      "type": "Feature",
      "geometry": {
        "type": "Point",
        "coordinates": [
          1.979116382915406,
          41.26398444606463
        ]
      },
      "properties": {
        "date": "2025-01-15"
      }
    },
    {
      "type": "Feature",
      "geometry": {
        "type": "Point",
        "coordinates": [
          1.9792357454115328,
          41.263985504488005
        ]
      },
      "properties": {
        "date": "2025-01-15"
      }
    },
    {
      "type": "Feature",
      "geometry": {
        "type": "Point",
        "coordinates": [
          1.979355107914027,
          41.26398656278765
        ]
      },
      "properties": {
        "date": "2025-01-15"
      }
    },
    {
      "type": "Feature",
      "geometry": {
        "type": "Point",
        "coordinates": [
          1.9794744704228877,
          41.26398762096358
        ]
      },
      "properties": {
        "date": "2025-01-15"
      }
    },
    {
      "type": "Feature",
      "geometry": {
        "type": "Point",
        "coordinates": [
          1.9795938329381142,
          41.263988679015796
        ]
      },
      "properties": {
        "date": "2025-01-15"
      }
    },
    {
      "type": "Feature",
      "geometry": {
        "type": "Point",
        "coordinates": [
          1.9797131954597058,
          41.263989736944275
        ]
      },
      "properties": {
        "date": "2025-01-15"
      }
    },
    {
      "type": "Feature",
      "geometry": {
        "type": "Point",
        "coordinates": [
          1.979832557987662,
          41.26399079474902
        ]
      },
      "properties": {
        "date": "2025-01-15"
      }
    },
    {
      "type": "Feature",
      "geometry": {
        "type": "Point",
        "coordinates": [
          1.9799519205219813,
          41.26399185243005
        ]
      },
      "properties": {
        "date": "2025-01-15"
      }
    },
    {
      "type": "Feature",
      "geometry": {
        "type": "Point",
        "coordinates": [
          1.9800712830626641,
          41.26399290998736
        ]
      },
      "properties": {
        "date": "2025-01-15"
      }
    },
    {
      "type": "Feature",
      "geometry": {
        "type": "Point",
        "coordinates": [
          1.980190645609709,
          41.263993967420944
        ]
      },
      "properties": {
        "date": "2025-01-15"
      }
    },
    {
      "type": "Feature",
      "geometry": {
        "type": "Point",
        "coordinates": [
          1.980310008163115,
          41.263995024730804
        ]
      },
      "properties": {
        "date": "2025-01-15"
      }
    },
    {
      "type": "Feature",
      "geometry": {
        "type": "Point",
        "coordinates": [
          1.9804293707228817,
          41.263996081916936
        ]
      },
      "properties": {
        "date": "2025-01-15"
      }
    },
    {
      "type": "Feature",
      "geometry": {
        "type": "Point",
        "coordinates": [
          1.9805487332890077,
          41.26399713897935
        ]
      },
      "properties": {
        "date": "2025-01-15"
      }
    },
    {
      "type": "Feature",
      "geometry": {
        "type": "Point",
        "coordinates": [
          1.9806680958614935,
          41.26399819591804
        ]
      },
      "properties": {
        "date": "2025-01-15"
      }
    },
    {
      "type": "Feature",
      "geometry": {
        "type": "Point",
        "coordinates": [
          1.9807874584403378,
          41.26399925273301
        ]
      },
      "properties": {
        "date": "2025-01-15"
      }
    },
    {
      "type": "Feature",
      "geometry": {
        "type": "Point",
        "coordinates": [
          1.98090682102554,
          41.26400030942424
        ]
      },
      "properties": {
        "date": "2025-01-15"
      }
    },
    {
      "type": "Feature",
      "geometry": {
        "type": "Point",
        "coordinates": [
          1.9810261836170986,
          41.26400136599175
        ]
      },
      "properties": {
        "date": "2025-01-15"
      }
    },
    {
      "type": "Feature",
      "geometry": {
        "type": "Point",
        "coordinates": [
          1.9811455462150138,
          41.264002422435546
        ]
      },
      "properties": {
        "date": "2025-01-15"
      }
    },
    {
      "type": "Feature",
      "geometry": {
        "type": "Point",
        "coordinates": [
          1.9860394181930232,
          41.26404563010433
        ]
      },
      "properties": {
        "date": "2025-01-15"
      }
    },
    {
      "type": "Feature",
      "geometry": {
        "type": "Point",
        "coordinates": [
          1.9861587810572265,
          41.26404668135168
        ]
      },
      "properties": {
        "date": "2025-01-15"
      }
    },
    {
      "type": "Feature",
      "geometry": {
        "type": "Point",
        "coordinates": [
          1.9862781439277537,
          41.26404773247532
        ]
      },
      "properties": {
        "date": "2025-01-15"
      }
    },
    {
      "type": "Feature",
      "geometry": {
        "type": "Point",
        "coordinates": [
          1.9863975068046045,
          41.264048783475225
        ]
      },
      "properties": {
        "date": "2025-01-15"
      }
    },
    {
      "type": "Feature",
      "geometry": {
        "type": "Point",
        "coordinates": [
          1.9923656586930962,
          41.26410117572115
        ]
      },
      "properties": {
        "date": "2025-01-15"
      }
    },
    {
      "type": "Feature",
      "geometry": {
        "type": "Point",
        "coordinates": [
          1.992485021891457,
          41.26410222041106
        ]
      },
      "properties": {
        "date": "2025-01-15"
      }
    },
    {
      "type": "Feature",
      "geometry": {
        "type": "Point",
        "coordinates": [
          1.9926043850961017,
          41.264103264977244
        ]
      },
      "properties": {
        "date": "2025-01-15"
      }
    },
    {
      "type": "Feature",
      "geometry": {
        "type": "Point",
        "coordinates": [
          1.992723748307031,
          41.264104309419714
        ]
      },
      "properties": {
        "date": "2025-01-15"
      }
    },
    {
      "type": "Feature",
      "geometry": {
        "type": "Point",
        "coordinates": [
          1.992843111524243,
          41.26410535373845
        ]
      },
      "properties": {
        "date": "2025-01-15"
      }
    },
    {
      "type": "Feature",
      "geometry": {
        "type": "Point",
        "coordinates": [
          1.9949916505076555,
          41.26412413031858
        ]
      },
      "properties": {
        "date": "2025-01-15"
      }
    },
    {
      "type": "Feature",
      "geometry": {
        "type": "Point",
        "coordinates": [
          1.9951110138441084,
          41.26412517228652
        ]
      },
      "properties": {
        "date": "2025-01-15"
      }
    },
    {
      "type": "Feature",
      "geometry": {
        "type": "Point",
        "coordinates": [
          1.9952303771868305,
          41.26412621413074
        ]
      },
      "properties": {
        "date": "2025-01-15"
      }
    },
    {
      "type": "Feature",
      "geometry": {
        "type": "Point",
        "coordinates": [
          1.99534974053582,
          41.264127255851236
        ]
      },
      "properties": {
        "date": "2025-01-15"
      }
    },
    {
      "type": "Feature",
      "geometry": {
        "type": "Point",
        "coordinates": [
          1.995469103891076,
          41.26412829744799
        ]
      },
      "properties": {
        "date": "2025-01-15"
      }
    },
    {
      "type": "Feature",
      "geometry": {
        "type": "Point",
        "coordinates": [
          1.9955884672525983,
          41.26412933892103
        ]
      },
      "properties": {
        "date": "2025-01-15"
      }
    },
    {
      "type": "Feature",
      "geometry": {
        "type": "Point",
        "coordinates": [
          1.9957078306203855,
          41.26413038027034
        ]
      },
      "properties": {
        "date": "2025-01-15"
      }
    },
    {
      "type": "Feature",
      "geometry": {
        "type": "Point",
        "coordinates": [
          1.995827193994438,
          41.26413142149593
        ]
      },
      "properties": {
        "date": "2025-01-15"
      }
    },
    {
      "type": "Feature",
      "geometry": {
        "type": "Point",
        "coordinates": [
          1.996782101212296,
          41.26413974684644
        ]
      },
      "properties": {
        "date": "2025-01-15"
      }
    },
    {
      "type": "Feature",
      "geometry": {
        "type": "Point",
        "coordinates": [
          1.9969014646426972,
          41.26414078695848
        ]
      },
      "properties": {
        "date": "2025-01-15"
      }
    },
    {
      "type": "Feature",
      "geometry": {
        "type": "Point",
        "coordinates": [
          1.9970208280793553,
          41.2641418269468
        ]
      },
      "properties": {
        "date": "2025-01-15"
      }
    },
    {
      "type": "Feature",
      "geometry": {
        "type": "Point",
        "coordinates": [
          1.9971401915222706,
          41.26414286681139
        ]
      },
      "properties": {
        "date": "2025-01-15"
      }
    },
    {
      "type": "Feature",
      "geometry": {
        "type": "Point",
        "coordinates": [
          1.9972595549714407,
          41.264143906552256
        ]
      },
      "properties": {
        "date": "2025-01-15"
      }
    },
    {
      "type": "Feature",
      "geometry": {
        "type": "Point",
        "coordinates": [
          1.9973789184268662,
          41.264144946169395
        ]
      },
      "properties": {
        "date": "2025-01-15"
      }
    },
    {
      "type": "Feature",
      "geometry": {
        "type": "Point",
        "coordinates": [
          1.9974982818885458,
          41.26414598566281
        ]
      },
      "properties": {
        "date": "2025-01-15"
      }
    },
    {
      "type": "Feature",
      "geometry": {
        "type": "Point",
        "coordinates": [
          1.9976176453564791,
          41.26414702503249
        ]
      },
      "properties": {
        "date": "2025-01-15"
      }
    },
    {
      "type": "Feature",
      "geometry": {
        "type": "Point",
        "coordinates": [
          1.947128912637823,
          41.263606265899355
        ]
      },
      "properties": {
        "date": "2025-01-15"
      }
    },
    {
      "type": "Feature",
      "geometry": {
        "type": "Point",
        "coordinates": [
          1.947248273236745,
          41.26360735747658
        ]
      },
      "properties": {
        "date": "2025-01-15"
      }
    },
    {
      "type": "Feature",
      "geometry": {
        "type": "Point",
        "coordinates": [
          1.947367633842234,
          41.26360844893011
        ]
      },
      "properties": {
        "date": "2025-01-15"
      }
    },
    {
      "type": "Feature",
      "geometry": {
        "type": "Point",
        "coordinates": [
          1.9474869944542887,
          41.2636095402599
        ]
      },
      "properties": {
        "date": "2025-01-15"
      }
    },
    {
      "type": "Feature",
      "geometry": {
        "type": "Point",
        "coordinates": [
          1.9476063550729086,
          41.26361063146597
        ]
      },
      "properties": {
        "date": "2025-01-15"
      }
    },
    {
      "type": "Feature",
      "geometry": {
        "type": "Point",
        "coordinates": [
          1.9477257156980925,
          41.26361172254833
        ]
      },
      "properties": {
        "date": "2025-01-15"
      }
    },
    {
      "type": "Feature",
      "geometry": {
        "type": "Point",
        "coordinates": [
          1.947845076329841,
          41.26361281350697
        ]
      },
      "properties": {
        "date": "2025-01-15"
      }
    },
    {
      "type": "Feature",
      "geometry": {
        "type": "Point",
        "coordinates": [
          1.9479644369681517,
          41.26361390434189
        ]
      },
      "properties": {
        "date": "2025-01-15"
      }
    },
    {
      "type": "Feature",
      "geometry": {
        "type": "Point",
        "coordinates": [
          1.9480837976130252,
          41.263614995053096
        ]
      },
      "properties": {
        "date": "2025-01-15"
      }
    },
    {
      "type": "Feature",
      "geometry": {
        "type": "Point",
        "coordinates": [
          1.9482031582644597,
          41.26361608564057
        ]
      },
      "properties": {
        "date": "2025-01-15"
      }
    },
    {
      "type": "Feature",
      "geometry": {
        "type": "Point",
        "coordinates": [
          1.9483225189224553,
          41.26361717610434
        ]
      },
      "properties": {
        "date": "2025-01-15"
      }
    },
    {
      "type": "Feature",
      "geometry": {
        "type": "Point",
        "coordinates": [
          1.9484418795870109,
          41.2636182664444
        ]
      },
      "properties": {
        "date": "2025-01-15"
      }
    },
    {
      "type": "Feature",
      "geometry": {
        "type": "Point",
        "coordinates": [
          1.9485612402581256,
          41.263619356660726
        ]
      },
      "properties": {
        "date": "2025-01-15"
      }
    },
    {
      "type": "Feature",
      "geometry": {
        "type": "Point",
        "coordinates": [
          1.9811469462443312,
          41.263912358457524
        ]
      },
      "properties": {
        "date": "2025-01-15"
      }
    },
    {
      "type": "Feature",
      "geometry": {
        "type": "Point",
        "coordinates": [
          1.9812663086846516,
          41.263913414774265
        ]
      },
      "properties": {
        "date": "2025-01-15"
      }
    },
    {
      "type": "Feature",
      "geometry": {
        "type": "Point",
        "coordinates": [
          1.9813856711313271,
          41.26391447096729
        ]
      },
      "properties": {
        "date": "2025-01-15"
      }
    },
    {
      "type": "Feature",
      "geometry": {
        "type": "Point",
        "coordinates": [
          1.9815050335843563,
          41.26391552703658
        ]
      },
      "properties": {
        "date": "2025-01-15"
      }
    },
    {
      "type": "Feature",
      "geometry": {
        "type": "Point",
        "coordinates": [
          1.9816243960437394,
          41.26391658298215
        ]
      },
      "properties": {
        "date": "2025-01-15"
      }
    },
    {
      "type": "Feature",
      "geometry": {
        "type": "Point",
        "coordinates": [
          1.9817437585094748,
          41.26391763880399
        ]
      },
      "properties": {
        "date": "2025-01-15"
      }
    },
    {
      "type": "Feature",
      "geometry": {
        "type": "Point",
        "coordinates": [
          1.9818631209815616,
          41.26391869450211
        ]
      },
      "properties": {
        "date": "2025-01-15"
      }
    },
    {
      "type": "Feature",
      "geometry": {
        "type": "Point",
        "coordinates": [
          1.9819824834599988,
          41.26391975007651
        ]
      },
      "properties": {
        "date": "2025-01-15"
      }
    },
    {
      "type": "Feature",
      "geometry": {
        "type": "Point",
        "coordinates": [
          1.982101845944787,
          41.26392080552718
        ]
      },
      "properties": {
        "date": "2025-01-15"
      }
    },
    {
      "type": "Feature",
      "geometry": {
        "type": "Point",
        "coordinates": [
          1.9822212084359245,
          41.26392186085413
        ]
      },
      "properties": {
        "date": "2025-01-15"
      }
    },
    {
      "type": "Feature",
      "geometry": {
        "type": "Point",
        "coordinates": [
          1.9823405709334105,
          41.26392291605735
        ]
      },
      "properties": {
        "date": "2025-01-15"
      }
    },
    {
      "type": "Feature",
      "geometry": {
        "type": "Point",
        "coordinates": [
          1.9824599334372446,
          41.26392397113686
        ]
      },
      "properties": {
        "date": "2025-01-15"
      }
    },
    {
      "type": "Feature",
      "geometry": {
        "type": "Point",
        "coordinates": [
          1.982579295947426,
          41.26392502609264
        ]
      },
      "properties": {
        "date": "2025-01-15"
      }
    },
    {
      "type": "Feature",
      "geometry": {
        "type": "Point",
        "coordinates": [
          1.9826986584639537,
          41.26392608092469
        ]
      },
      "properties": {
        "date": "2025-01-15"
      }
    },
    {
      "type": "Feature",
      "geometry": {
        "type": "Point",
        "coordinates": [
          1.9828180209868274,
          41.26392713563302
        ]
      },
      "properties": {
        "date": "2025-01-15"
      }
    },
    {
      "type": "Feature",
      "geometry": {
        "type": "Point",
        "coordinates": [
          1.9829373835160455,
          41.26392819021763
        ]
      },
      "properties": {
        "date": "2025-01-15"
      }
    },
    {
      "type": "Feature",
      "geometry": {
        "type": "Point",
        "coordinates": [
          1.9830567460516089,
          41.263929244678515
        ]
      },
      "properties": {
        "date": "2025-01-15"
      }
    },
    {
      "type": "Feature",
      "geometry": {
        "type": "Point",
        "coordinates": [
          1.9831761085935151,
          41.26393029901566
        ]
      },
      "properties": {
        "date": "2025-01-15"
      }
    },
    {
      "type": "Feature",
      "geometry": {
        "type": "Point",
        "coordinates": [
          1.983295471141764,
          41.2639313532291
        ]
      },
      "properties": {
        "date": "2025-01-15"
      }
    },
    {
      "type": "Feature",
      "geometry": {
        "type": "Point",
        "coordinates": [
          1.983414833696355,
          41.263932407318805
        ]
      },
      "properties": {
        "date": "2025-01-15"
      }
    },
    {
      "type": "Feature",
      "geometry": {
        "type": "Point",
        "coordinates": [
          1.9835341962572872,
          41.26393346128479
        ]
      },
      "properties": {
        "date": "2025-01-15"
      }
    },
    {
      "type": "Feature",
      "geometry": {
        "type": "Point",
        "coordinates": [
          1.98365355882456,
          41.263934515127055
        ]
      },
      "properties": {
        "date": "2025-01-15"
      }
    },
    {
      "type": "Feature",
      "geometry": {
        "type": "Point",
        "coordinates": [
          1.983772921398173,
          41.26393556884559
        ]
      },
      "properties": {
        "date": "2025-01-15"
      }
    },
    {
      "type": "Feature",
      "geometry": {
        "type": "Point",
        "coordinates": [
          1.9838922839781246,
          41.263936622440404
        ]
      },
      "properties": {
        "date": "2025-01-15"
      }
    },
    {
      "type": "Feature",
      "geometry": {
        "type": "Point",
        "coordinates": [
          1.9840116465644142,
          41.26393767591149
        ]
      },
      "properties": {
        "date": "2025-01-15"
      }
    },
    {
      "type": "Feature",
      "geometry": {
        "type": "Point",
        "coordinates": [
          1.9841310091570423,
          41.26393872925886
        ]
      },
      "properties": {
        "date": "2025-01-15"
      }
    },
    {
      "type": "Feature",
      "geometry": {
        "type": "Point",
        "coordinates": [
          1.9842503717560067,
          41.2639397824825
        ]
      },
      "properties": {
        "date": "2025-01-15"
      }
    },
    {
      "type": "Feature",
      "geometry": {
        "type": "Point",
        "coordinates": [
          1.984369734361307,
          41.26394083558242
        ]
      },
      "properties": {
        "date": "2025-01-15"
      }
    },
    {
      "type": "Feature",
      "geometry": {
        "type": "Point",
        "coordinates": [
          1.9844890969729427,
          41.263941888558605
        ]
      },
      "properties": {
        "date": "2025-01-15"
      }
    },
    {
      "type": "Feature",
      "geometry": {
        "type": "Point",
        "coordinates": [
          1.9846084595909128,
          41.26394294141108
        ]
      },
      "properties": {
        "date": "2025-01-15"
      }
    },
    {
      "type": "Feature",
      "geometry": {
        "type": "Point",
        "coordinates": [
          1.9847278222152172,
          41.26394399413983
        ]
      },
      "properties": {
        "date": "2025-01-15"
      }
    },
    {
      "type": "Feature",
      "geometry": {
        "type": "Point",
        "coordinates": [
          1.9848471848458544,
          41.263945046744844
        ]
      },
      "properties": {
        "date": "2025-01-15"
      }
    },
    {
      "type": "Feature",
      "geometry": {
        "type": "Point",
        "coordinates": [
          1.9849665474828242,
          41.26394609922613
        ]
      },
      "properties": {
        "date": "2025-01-15"
      }
    },
    {
      "type": "Feature",
      "geometry": {
        "type": "Point",
        "coordinates": [
          1.9850859101261251,
          41.26394715158371
        ]
      },
      "properties": {
        "date": "2025-01-15"
      }
    },
    {
      "type": "Feature",
      "geometry": {
        "type": "Point",
        "coordinates": [
          1.9852052727757572,
          41.26394820381755
        ]
      },
      "properties": {
        "date": "2025-01-15"
      }
    },
    {
      "type": "Feature",
      "geometry": {
        "type": "Point",
        "coordinates": [
          1.9853246354317196,
          41.26394925592767
        ]
      },
      "properties": {
        "date": "2025-01-15"
      }
    },
    {
      "type": "Feature",
      "geometry": {
        "type": "Point",
        "coordinates": [
          1.9854439980940108,
          41.26395030791408
        ]
      },
      "properties": {
        "date": "2025-01-15"
      }
    },
    {
      "type": "Feature",
      "geometry": {
        "type": "Point",
        "coordinates": [
          1.9855633607626313,
          41.26395135977675
        ]
      },
      "properties": {
        "date": "2025-01-15"
      }
    },
    {
      "type": "Feature",
      "geometry": {
        "type": "Point",
        "coordinates": [
          1.9856827234375791,
          41.263952411515696
        ]
      },
      "properties": {
        "date": "2025-01-15"
      }
    },
    {
      "type": "Feature",
      "geometry": {
        "type": "Point",
        "coordinates": [
          1.9858020861188543,
          41.263953463130925
        ]
      },
      "properties": {
        "date": "2025-01-15"
      }
    },
    {
      "type": "Feature",
      "geometry": {
        "type": "Point",
        "coordinates": [
          1.9859214488064558,
          41.26395451462243
        ]
      },
      "properties": {
        "date": "2025-01-15"
      }
    },
    {
      "type": "Feature",
      "geometry": {
        "type": "Point",
        "coordinates": [
          1.986040811500383,
          41.2639555659902
        ]
      },
      "properties": {
        "date": "2025-01-15"
      }
    },
    {
      "type": "Feature",
      "geometry": {
        "type": "Point",
        "coordinates": [
          1.9863988996201116,
          41.26395871935117
        ]
      },
      "properties": {
        "date": "2025-01-15"
      }
    },
    {
      "type": "Feature",
      "geometry": {
        "type": "Point",
        "coordinates": [
          1.9865182623393336,
          41.26395977022405
        ]
      },
      "properties": {
        "date": "2025-01-15"
      }
    },
    {
      "type": "Feature",
      "geometry": {
        "type": "Point",
        "coordinates": [
          1.9866376250648783,
          41.2639608209732
        ]
      },
      "properties": {
        "date": "2025-01-15"
      }
    },
    {
      "type": "Feature",
      "geometry": {
        "type": "Point",
        "coordinates": [
          1.9867569877967435,
          41.26396187159863
        ]
      },
      "properties": {
        "date": "2025-01-15"
      }
    },
    {
      "type": "Feature",
      "geometry": {
        "type": "Point",
        "coordinates": [
          1.9868763505349296,
          41.26396292210033
        ]
      },
      "properties": {
        "date": "2025-01-15"
      }
    },
    {
      "type": "Feature",
      "geometry": {
        "type": "Point",
        "coordinates": [
          1.9869957132794356,
          41.26396397247832
        ]
      },
      "properties": {
        "date": "2025-01-15"
      }
    },
    {
      "type": "Feature",
      "geometry": {
        "type": "Point",
        "coordinates": [
          1.9871150760302596,
          41.26396502273258
        ]
      },
      "properties": {
        "date": "2025-01-15"
      }
    },
    {
      "type": "Feature",
      "geometry": {
        "type": "Point",
        "coordinates": [
          1.9872344387874026,
          41.263966072863106
        ]
      },
      "properties": {
        "date": "2025-01-15"
      }
    },
    {
      "type": "Feature",
      "geometry": {
        "type": "Point",
        "coordinates": [
          1.987353801550863,
          41.2639671228699
        ]
      },
      "properties": {
        "date": "2025-01-15"
      }
    },
    {
      "type": "Feature",
      "geometry": {
        "type": "Point",
        "coordinates": [
          1.98747316432064,
          41.26396817275298
        ]
      },
      "properties": {
        "date": "2025-01-15"
      }
    },
    {
      "type": "Feature",
      "geometry": {
        "type": "Point",
        "coordinates": [
          1.9875925270967327,
          41.263969222512344
        ]
      },
      "properties": {
        "date": "2025-01-15"
      }
    },
    {
      "type": "Feature",
      "geometry": {
        "type": "Point",
        "coordinates": [
          1.9877118898791415,
          41.26397027214797
        ]
      },
      "properties": {
        "date": "2025-01-15"
      }
    },
    {
      "type": "Feature",
      "geometry": {
        "type": "Point",
        "coordinates": [
          1.987831252667864,
          41.263971321659874
        ]
      },
      "properties": {
        "date": "2025-01-15"
      }
    },
    {
      "type": "Feature",
      "geometry": {
        "type": "Point",
        "coordinates": [
          1.9879506154629003,
          41.26397237104806
        ]
      },
      "properties": {
        "date": "2025-01-15"
      }
    },
    {
      "type": "Feature",
      "geometry": {
        "type": "Point",
        "coordinates": [
          1.98806997826425,
          41.2639734203125
        ]
      },
      "properties": {
        "date": "2025-01-15"
      }
    },
    {
      "type": "Feature",
      "geometry": {
        "type": "Point",
        "coordinates": [
          1.9881893410719116,
          41.263974469453245
        ]
      },
      "properties": {
        "date": "2025-01-15"
      }
    },
    {
      "type": "Feature",
      "geometry": {
        "type": "Point",
        "coordinates": [
          1.9883087038858853,
          41.263975518470254
        ]
      },
      "properties": {
        "date": "2025-01-15"
      }
    },
    {
      "type": "Feature",
      "geometry": {
        "type": "Point",
        "coordinates": [
          1.9884280667061691,
          41.263976567363535
        ]
      },
      "properties": {
        "date": "2025-01-15"
      }
    },
    {
      "type": "Feature",
      "geometry": {
        "type": "Point",
        "coordinates": [
          1.9885474295327632,
          41.2639776161331
        ]
      },
      "properties": {
        "date": "2025-01-15"
      }
    },
    {
      "type": "Feature",
      "geometry": {
        "type": "Point",
        "coordinates": [
          1.9886667923656662,
          41.26397866477892
        ]
      },
      "properties": {
        "date": "2025-01-15"
      }
    },
    {
      "type": "Feature",
      "geometry": {
        "type": "Point",
        "coordinates": [
          1.9887861552048782,
          41.26397971330103
        ]
      },
      "properties": {
        "date": "2025-01-15"
      }
    },
    {
      "type": "Feature",
      "geometry": {
        "type": "Point",
        "coordinates": [
          1.9889055180503983,
          41.263980761699415
        ]
      },
      "properties": {
        "date": "2025-01-15"
      }
    },
    {
      "type": "Feature",
      "geometry": {
        "type": "Point",
        "coordinates": [
          1.9890248809022248,
          41.26398180997407
        ]
      },
      "properties": {
        "date": "2025-01-15"
      }
    },
    {
      "type": "Feature",
      "geometry": {
        "type": "Point",
        "coordinates": [
          1.9891442437603575,
          41.263982858125
        ]
      },
      "properties": {
        "date": "2025-01-15"
      }
    },
    {
      "type": "Feature",
      "geometry": {
        "type": "Point",
        "coordinates": [
          1.9892636066247966,
          41.26398390615221
        ]
      },
      "properties": {
        "date": "2025-01-15"
      }
    },
    {
      "type": "Feature",
      "geometry": {
        "type": "Point",
        "coordinates": [
          1.9893829694955398,
          41.26398495405569
        ]
      },
      "properties": {
        "date": "2025-01-15"
      }
    },
    {
      "type": "Feature",
      "geometry": {
        "type": "Point",
        "coordinates": [
          1.9895023323725871,
          41.26398600183545
        ]
      },
      "properties": {
        "date": "2025-01-15"
      }
    },
    {
      "type": "Feature",
      "geometry": {
        "type": "Point",
        "coordinates": [
          1.9896216952559378,
          41.263987049491476
        ]
      },
      "properties": {
        "date": "2025-01-15"
      }
    },
    {
      "type": "Feature",
      "geometry": {
        "type": "Point",
        "coordinates": [
          1.9897410581455914,
          41.263988097023784
        ]
      },
      "properties": {
        "date": "2025-01-15"
      }
    },
    {
      "type": "Feature",
      "geometry": {
        "type": "Point",
        "coordinates": [
          1.9898604210415465,
          41.26398914443237
        ]
      },
      "properties": {
        "date": "2025-01-15"
      }
    },
    {
      "type": "Feature",
      "geometry": {
        "type": "Point",
        "coordinates": [
          1.9899797839438031,
          41.263990191717234
        ]
      },
      "properties": {
        "date": "2025-01-15"
      }
    },
    {
      "type": "Feature",
      "geometry": {
        "type": "Point",
        "coordinates": [
          1.9900991468523597,
          41.26399123887836
        ]
      },
      "properties": {
        "date": "2025-01-15"
      }
    },
    {
      "type": "Feature",
      "geometry": {
        "type": "Point",
        "coordinates": [
          1.9902185097672163,
          41.26399228591576
        ]
      },
      "properties": {
        "date": "2025-01-15"
      }
    },
    {
      "type": "Feature",
      "geometry": {
        "type": "Point",
        "coordinates": [
          1.9903378726883711,
          41.26399333282945
        ]
      },
      "properties": {
        "date": "2025-01-15"
      }
    },
    {
      "type": "Feature",
      "geometry": {
        "type": "Point",
        "coordinates": [
          1.9904572356158245,
          41.263994379619405
        ]
      },
      "properties": {
        "date": "2025-01-15"
      }
    },
    {
      "type": "Feature",
      "geometry": {
        "type": "Point",
        "coordinates": [
          1.9905765985495751,
          41.26399542628564
        ]
      },
      "properties": {
        "date": "2025-01-15"
      }
    },
    {
      "type": "Feature",
      "geometry": {
        "type": "Point",
        "coordinates": [
          1.9906959614896227,
          41.26399647282814
        ]
      },
      "properties": {
        "date": "2025-01-15"
      }
    },
    {
      "type": "Feature",
      "geometry": {
        "type": "Point",
        "coordinates": [
          1.9908153244359663,
          41.26399751924692
        ]
      },
      "properties": {
        "date": "2025-01-15"
      }
    },
    {
      "type": "Feature",
      "geometry": {
        "type": "Point",
        "coordinates": [
          1.990934687388604,
          41.263998565541975
        ]
      },
      "properties": {
        "date": "2025-01-15"
      }
    },
    {
      "type": "Feature",
      "geometry": {
        "type": "Point",
        "coordinates": [
          1.991054050347537,
          41.2639996117133
        ]
      },
      "properties": {
        "date": "2025-01-15"
      }
    },
    {
      "type": "Feature",
      "geometry": {
        "type": "Point",
        "coordinates": [
          1.9911734133127634,
          41.26400065776092
        ]
      },
      "properties": {
        "date": "2025-01-15"
      }
    },
    {
      "type": "Feature",
      "geometry": {
        "type": "Point",
        "coordinates": [
          1.9912927762842827,
          41.2640017036848
        ]
      },
      "properties": {
        "date": "2025-01-15"
      }
    },
    {
      "type": "Feature",
      "geometry": {
        "type": "Point",
        "coordinates": [
          1.9914121392620943,
          41.264002749484945
        ]
      },
      "properties": {
        "date": "2025-01-15"
      }
    },
    {
      "type": "Feature",
      "geometry": {
        "type": "Point",
        "coordinates": [
          1.9915315022461972,
          41.26400379516137
        ]
      },
      "properties": {
        "date": "2025-01-15"
      }
    },
    {
      "type": "Feature",
      "geometry": {
        "type": "Point",
        "coordinates": [
          1.991650865236591,
          41.26400484071408
        ]
      },
      "properties": {
        "date": "2025-01-15"
      }
    },
    {
      "type": "Feature",
      "geometry": {
        "type": "Point",
        "coordinates": [
          1.9917702282332748,
          41.264005886143046
        ]
      },
      "properties": {
        "date": "2025-01-15"
      }
    },
    {
      "type": "Feature",
      "geometry": {
        "type": "Point",
        "coordinates": [
          1.9918895912362475,
          41.26400693144831
        ]
      },
      "properties": {
        "date": "2025-01-15"
      }
    },
    {
      "type": "Feature",
      "geometry": {
        "type": "Point",
        "coordinates": [
          1.9920089542455084,
          41.264007976629834
        ]
      },
      "properties": {
        "date": "2025-01-15"
      }
    },
    {
      "type": "Feature",
      "geometry": {
        "type": "Point",
        "coordinates": [
          1.9921283172610573,
          41.26400902168764
        ]
      },
      "properties": {
        "date": "2025-01-15"
      }
    },
    {
      "type": "Feature",
      "geometry": {
        "type": "Point",
        "coordinates": [
          1.9922476802828932,
          41.264010066621715
        ]
      },
      "properties": {
        "date": "2025-01-15"
      }
    },
    {
      "type": "Feature",
      "geometry": {
        "type": "Point",
        "coordinates": [
          1.9923670433110152,
          41.26401111143207
        ]
      },
      "properties": {
        "date": "2025-01-15"
      }
    },
    {
      "type": "Feature",
      "geometry": {
        "type": "Point",
        "coordinates": [
          1.992844495486351,
          41.26401528943621
        ]
      },
      "properties": {
        "date": "2025-01-15"
      }
    },
    {
      "type": "Feature",
      "geometry": {
        "type": "Point",
        "coordinates": [
          1.9929638585458933,
          41.264016333627936
        ]
      },
      "properties": {
        "date": "2025-01-15"
      }
    },
    {
      "type": "Feature",
      "geometry": {
        "type": "Point",
        "coordinates": [
          1.9930832216117171,
          41.264017377695936
        ]
      },
      "properties": {
        "date": "2025-01-15"
      }
    },
    {
      "type": "Feature",
      "geometry": {
        "type": "Point",
        "coordinates": [
          1.9932025846838217,
          41.26401842164021
        ]
      },
      "properties": {
        "date": "2025-01-15"
      }
    },
    {
      "type": "Feature",
      "geometry": {
        "type": "Point",
        "coordinates": [
          1.9933219477622066,
          41.26401946546075
        ]
      },
      "properties": {
        "date": "2025-01-15"
      }
    },
    {
      "type": "Feature",
      "geometry": {
        "type": "Point",
        "coordinates": [
          1.9934413108468718,
          41.264020509157575
        ]
      },
      "properties": {
        "date": "2025-01-15"
      }
    },
    {
      "type": "Feature",
      "geometry": {
        "type": "Point",
        "coordinates": [
          1.9935606739378149,
          41.264021552730675
        ]
      },
      "properties": {
        "date": "2025-01-15"
      }
    },
    {
      "type": "Feature",
      "geometry": {
        "type": "Point",
        "coordinates": [
          1.9936800370350363,
          41.264022596180034
        ]
      },
      "properties": {
        "date": "2025-01-15"
      }
    },
    {
      "type": "Feature",
      "geometry": {
        "type": "Point",
        "coordinates": [
          1.9937994001385348,
          41.26402363950568
        ]
      },
      "properties": {
        "date": "2025-01-15"
      }
    },
    {
      "type": "Feature",
      "geometry": {
        "type": "Point",
        "coordinates": [
          1.9939187632483104,
          41.2640246827076
        ]
      },
      "properties": {
        "date": "2025-01-15"
      }
    },
    {
      "type": "Feature",
      "geometry": {
        "type": "Point",
        "coordinates": [
          1.9940381263643616,
          41.26402572578578
        ]
      },
      "properties": {
        "date": "2025-01-15"
      }
    },
    {
      "type": "Feature",
      "geometry": {
        "type": "Point",
        "coordinates": [
          1.9941574894866876,
          41.26402676874026
        ]
      },
      "properties": {
        "date": "2025-01-15"
      }
    },
    {
      "type": "Feature",
      "geometry": {
        "type": "Point",
        "coordinates": [
          1.994276852615288,
          41.264027811571
        ]
      },
      "properties": {
        "date": "2025-01-15"
      }
    },
    {
      "type": "Feature",
      "geometry": {
        "type": "Point",
        "coordinates": [
          1.994396215750162,
          41.26402885427802
        ]
      },
      "properties": {
        "date": "2025-01-15"
      }
    },
    {
      "type": "Feature",
      "geometry": {
        "type": "Point",
        "coordinates": [
          1.994515578891309,
          41.2640298968613
        ]
      },
      "properties": {
        "date": "2025-01-15"
      }
    },
    {
      "type": "Feature",
      "geometry": {
        "type": "Point",
        "coordinates": [
          1.9946349420387275,
          41.26403093932086
        ]
      },
      "properties": {
        "date": "2025-01-15"
      }
    },
    {
      "type": "Feature",
      "geometry": {
        "type": "Point",
        "coordinates": [
          1.9947543051924181,
          41.2640319816567
        ]
      },
      "properties": {
        "date": "2025-01-15"
      }
    },
    {
      "type": "Feature",
      "geometry": {
        "type": "Point",
        "coordinates": [
          1.994873668352379,
          41.26403302386881
        ]
      },
      "properties": {
        "date": "2025-01-15"
      }
    },
    {
      "type": "Feature",
      "geometry": {
        "type": "Point",
        "coordinates": [
          1.9949930315186095,
          41.264034065957205
        ]
      },
      "properties": {
        "date": "2025-01-15"
      }
    },
    {
      "type": "Feature",
      "geometry": {
        "type": "Point",
        "coordinates": [
          1.946414196912868,
          41.263509650843176
        ]
      },
      "properties": {
        "date": "2025-01-15"
      }
    },
    {
      "type": "Feature",
      "geometry": {
        "type": "Point",
        "coordinates": [
          1.9465335573084352,
          41.26351074315927
        ]
      },
      "properties": {
        "date": "2025-01-15"
      }
    },
    {
      "type": "Feature",
      "geometry": {
        "type": "Point",
        "coordinates": [
          1.946652917710574,
          41.263511835351665
        ]
      },
      "properties": {
        "date": "2025-01-15"
      }
    },
    {
      "type": "Feature",
      "geometry": {
        "type": "Point",
        "coordinates": [
          1.9467722781192829,
          41.26351292742033
        ]
      },
      "properties": {
        "date": "2025-01-15"
      }
    },
    {
      "type": "Feature",
      "geometry": {
        "type": "Point",
        "coordinates": [
          1.9468916385345614,
          41.26351401936527
        ]
      },
      "properties": {
        "date": "2025-01-15"
      }
    },
    {
      "type": "Feature",
      "geometry": {
        "type": "Point",
        "coordinates": [
          1.9470109989564084,
          41.26351511118649
        ]
      },
      "properties": {
        "date": "2025-01-15"
      }
    },
    {
      "type": "Feature",
      "geometry": {
        "type": "Point",
        "coordinates": [
          1.947130359384824,
          41.263516202884006
        ]
      },
      "properties": {
        "date": "2025-01-15"
      }
    },
    {
      "type": "Feature",
      "geometry": {
        "type": "Polygon",
        "coordinates": [
          [
            [
              1.9462356856159317,
              41.264465013042155
            ],
            [
              1.9462356856159317,
              41.26341613943984
            ],
            [
              2.0028501773516894,
              41.26341613943984
            ],
            [
              2.0028501773516894,
              41.264465013042155
            ],
            [
              1.9462356856159317,
              41.264465013042155
            ]
          ]
        ]
      },
      "properties": {
        "name": "AOI"
      }
    }
  ]
}