{
  "type": "FeatureCollection",
  "features": [
    {
      "type": "Feature",
      "geometry": {
        "type": "Point",
        "coordinates": [
          1.9557788489071055,
          41.26406789845196
        ]
      },
      "properties": {
        "date": "2025-06-03"
      }
    },
    {
      "type": "Feature",
      "geometry": {
        "type": "Point",
        "coordinates": [
          1.9558019224043732,
          41.26406789845196
        ]
      },
      "properties": {
        "date": "2025-06-03"
      }
    },
    {
      "type": "Feature",
      "geometry": {
        "type": "Point",
        "coordinates": [
          1.955824995901641,
          41.26406789845196
        ]
      },
      "properties": {
        "date": "2025-06-03"
      }
    },
    {
      "type": "Feature",
      "geometry": {
        "type": "Point",
        "coordinates": [
          1.9558480693989089,
          41.26406789845196
        ]
      },
      "properties": {
        "date": "2025-06-03"
      }
    },
    {
      "type": "Feature",
      "geometry": {
        "type": "Point",
        "coordinates": [
          1.9558711428961766,
          41.26406789845196
        ]
      },
      "properties": {
        "date": "2025-06-03"
      }
    },
    {
      "type": "Feature",
      "geometry": {
        "type": "Point",
        "coordinates": [
          1.953333058196723,
          41.26400799344286
        ]
      },
      "properties": {
        "date": "2025-06-03"
      }
    },
    {
      "type": "Feature",
      "geometry": {
        "type": "Point",
        "coordinates": [
          1.9533561316939907,
          41.26400799344286
        ]
      },
      "properties": {
        "date": "2025-06-03"
      }
    },
    {
      "type": "Feature",
      "geometry": {
        "type": "Point",
        "coordinates": [
          1.9533792051912584,
          41.26400799344286
        ]
      },
      "properties": {
        "date": "2025-06-03"
      }
    },
    {
      "type": "Feature",
      "geometry": {
        "type": "Point",
        "coordinates": [
          1.9534022786885263,
          41.26400799344286
        ]
      },
      "properties": {
        "date": "2025-06-03"
      }
    },
    {
      "type": "Feature",
      "geometry": {
        "type": "Point",
        "coordinates": [
          1.953425352185794,
          41.26400799344286
        ]
      },
      "properties": {
        "date": "2025-06-03"
      }
    },
    {
      "type": "Feature",
      "geometry": {
        "type": "Point",
        "coordinates": [
          1.9534484256830618,
          41.26400799344286
        ]
      },
      "properties": {
        "date": "2025-06-03"
      }
    },
    {
      "type": "Feature",
      "geometry": {
        "type": "Point",
        "coordinates": [
          1.9534714991803295,
          41.26400799344286
        ]
      },
      "properties": {
        "date": "2025-06-03"
      }
    },
    {
      "type": "Feature",
      "geometry": {
        "type": "Point",
        "coordinates": [
          1.9534945726775974,
          41.26400799344286
        ]
      },
      "properties": {
        "date": "2025-06-03"
      }
    },
    {
      "type": "Feature",
      "geometry": {
        "type": "Point",
        "coordinates": [
          1.9535176461748651,
          41.26400799344286
        ]
      },
      "properties": {
        "date": "2025-06-03"
      }
    },
    {
      "type": "Feature",
      "geometry": {
        "type": "Point",
        "coordinates": [
          1.9535407196721328,
          41.26400799344286
        ]
      },
      "properties": {
        "date": "2025-06-03"
      }
    },
    {
      "type": "Feature",
      "geometry": {
        "type": "Point",
        "coordinates": [
          1.9535637931694005,
          41.26400799344286
        ]
      },
      "properties": {
        "date": "2025-06-03"
      }
    },
    {
      "type": "Feature",
      "geometry": {
        "type": "Point",
        "coordinates": [
          1.9535868666666683,
          41.26400799344286
        ]
      },
      "properties": {
        "date": "2025-06-03"
      }
    },
    {
      "type": "Feature",
      "geometry": {
        "type": "Point",
        "coordinates": [
          1.9536099401639362,
          41.26400799344286
        ]
      },
      "properties": {
        "date": "2025-06-03"
      }
    },
    {
      "type": "Feature",
      "geometry": {
        "type": "Point",
        "coordinates": [
          1.9537483811475427,
          41.26400799344286
        ]
      },
      "properties": {
        "date": "2025-06-03"
      }
    },
    {
      "type": "Feature",
      "geometry": {
        "type": "Point",
        "coordinates": [
          1.9537714546448104,
          41.26400799344286
        ]
      },
      "properties": {
        "date": "2025-06-03"
      }
    },
    {
      "type": "Feature",
      "geometry": {
        "type": "Point",
        "coordinates": [
          1.953794528142078,
          41.26400799344286
        ]
      },
      "properties": {
        "date": "2025-06-03"
      }
    },
    {
      "type": "Feature",
      "geometry": {
        "type": "Point",
        "coordinates": [
          1.953817601639346,
          41.26400799344286
        ]
      },
      "properties": {
        "date": "2025-06-03"
      }
    },
    {
      "type": "Feature",
      "geometry": {
        "type": "Point",
        "coordinates": [
          1.9538406751366137,
          41.26400799344286
        ]
      },
      "properties": {
        "date": "2025-06-03"
      }
    },
    {
      "type": "Feature",
      "geometry": {
        "type": "Point",
        "coordinates": [
          1.9538637486338815,
          41.26400799344286
        ]
      },
      "properties": {
        "date": "2025-06-03"
      }
    },
    {
      "type": "Feature",
      "geometry": {
        "type": "Point",
        "coordinates": [
          1.9538868221311492,
          41.26400799344286
        ]
      },
      "properties": {
        "date": "2025-06-03"
      }
    },
    {
      "type": "Feature",
      "geometry": {
        "type": "Point",
        "coordinates": [
          1.9539098956284169,
          41.26400799344286
        ]
      },
      "properties": {
        "date": "2025-06-03"
      }
    },
    {
      "type": "Feature",
      "geometry": {
        "type": "Point",
        "coordinates": [
          1.9539329691256848,
          41.26400799344286
        ]
      },
      "properties": {
        "date": "2025-06-03"
      }
    },
    {
      "type": "Feature",
      "geometry": {
        "type": "Point",
        "coordinates": [
          1.9539560426229525,
          41.26400799344286
        ]
      },
      "properties": {
        "date": "2025-06-03"
      }
    },
    {
      "type": "Feature",
      "geometry": {
        "type": "Point",
        "coordinates": [
          1.9541175571038267,
          41.26400799344286
        ]
      },
      "properties": {
        "date": "2025-06-03"
      }
    },
    {
      "type": "Feature",
      "geometry": {
        "type": "Point",
        "coordinates": [
          1.9541406306010947,
          41.26400799344286
        ]
      },
      "properties": {
        "date": "2025-06-03"
      }
    },
    {
      "type": "Feature",
      "geometry": {
        "type": "Point",
        "coordinates": [
          1.9541637040983624,
          41.26400799344286
        ]
      },
      "properties": {
        "date": "2025-06-03"
      }
    },
    {
      "type": "Feature",
      "geometry": {
        "type": "Point",
        "coordinates": [
          1.95418677759563,
          41.26400799344286
        ]
      },
      "properties": {
        "date": "2025-06-03"
      }
    },
    {
      "type": "Feature",
      "geometry": {
        "type": "Point",
        "coordinates": [
          1.9542098510928978,
          41.26400799344286
        ]
      },
      "properties": {
        "date": "2025-06-03"
      }
    },
    {
      "type": "Feature",
      "geometry": {
        "type": "Point",
        "coordinates": [
          1.9542329245901655,
          41.26400799344286
        ]
      },
      "properties": {
        "date": "2025-06-03"
      }
    },
    {
      "type": "Feature",
      "geometry": {
        "type": "Point",
        "coordinates": [
          1.9542559980874334,
          41.26400799344286
        ]
      },
      "properties": {
        "date": "2025-06-03"
      }
    },
    {
      "type": "Feature",
      "geometry": {
        "type": "Point",
        "coordinates": [
          1.9542790715847012,
          41.26400799344286
        ]
      },
      "properties": {
        "date": "2025-06-03"
      }
    },
    {
      "type": "Feature",
      "geometry": {
        "type": "Point",
        "coordinates": [
          1.9543021450819689,
          41.26400799344286
        ]
      },
      "properties": {
        "date": "2025-06-03"
      }
    },
    {
      "type": "Feature",
      "geometry": {
        "type": "Point",
        "coordinates": [
          1.9543252185792366,
          41.26400799344286
        ]
      },
      "properties": {
        "date": "2025-06-03"
      }
    },
    {
      "type": "Feature",
      "geometry": {
        "type": "Point",
        "coordinates": [
          1.9544636595628433,
          41.26400799344286
        ]
      },
      "properties": {
        "date": "2025-06-03"
      }
    },
    {
      "type": "Feature",
      "geometry": {
        "type": "Point",
        "coordinates": [
          1.954486733060111,
          41.26400799344286
        ]
      },
      "properties": {
        "date": "2025-06-03"
      }
    },
    {
      "type": "Feature",
      "geometry": {
        "type": "Point",
        "coordinates": [
          1.9545098065573787,
          41.26400799344286
        ]
      },
      "properties": {
        "date": "2025-06-03"
      }
    },
    {
      "type": "Feature",
      "geometry": {
        "type": "Point",
        "coordinates": [
          1.9545328800546464,
          41.26400799344286
        ]
      },
      "properties": {
        "date": "2025-06-03"
      }
    },
    {
      "type": "Feature",
      "geometry": {
        "type": "Point",
        "coordinates": [
          1.9545559535519141,
          41.26400799344286
        ]
      },
      "properties": {
        "date": "2025-06-03"
      }
    },
    {
      "type": "Feature",
      "geometry": {
        "type": "Point",
        "coordinates": [
          1.954579027049182,
          41.26400799344286
        ]
      },
      "properties": {
        "date": "2025-06-03"
      }
    },
    {
      "type": "Feature",
      "geometry": {
        "type": "Point",
        "coordinates": [
          1.9546021005464498,
          41.26400799344286
        ]
      },
      "properties": {
        "date": "2025-06-03"
      }
    },
    {
      "type": "Feature",
      "geometry": {
        "type": "Point",
        "coordinates": [
          1.9546251740437175,
          41.26400799344286
        ]
      },
      "properties": {
        "date": "2025-06-03"
      }
    },
    {
      "type": "Feature",
      "geometry": {
        "type": "Point",
        "coordinates": [
          1.9546482475409852,
          41.26400799344286
        ]
      },
      "properties": {
        "date": "2025-06-03"
      }
    },
    {
      "type": "Feature",
      "geometry": {
        "type": "Point",
        "coordinates": [
          1.9546713210382531,
          41.26400799344286
        ]
      },
      "properties": {
        "date": "2025-06-03"
      }
    },
    {
      "type": "Feature",
      "geometry": {
        "type": "Point",
        "coordinates": [
          1.9546943945355209,
          41.26400799344286
        ]
      },
      "properties": {
        "date": "2025-06-03"
      }
    },
    {
      "type": "Feature",
      "geometry": {
        "type": "Point",
        "coordinates": [
          1.9547174680327886,
          41.26400799344286
        ]
      },
      "properties": {
        "date": "2025-06-03"
      }
    },
    {
      "type": "Feature",
      "geometry": {
        "type": "Point",
        "coordinates": [
          1.9547405415300563,
          41.26400799344286
        ]
      },
      "properties": {
        "date": "2025-06-03"
      }
    },
    {
      "type": "Feature",
      "geometry": {
        "type": "Point",
        "coordinates": [
          1.954763615027324,
          41.26400799344286
        ]
      },
      "properties": {
        "date": "2025-06-03"
      }
    },
    {
      "type": "Feature",
      "geometry": {
        "type": "Point",
        "coordinates": [
          1.954786688524592,
          41.26400799344286
        ]
      },
      "properties": {
        "date": "2025-06-03"
      }
    },
    {
      "type": "Feature",
      "geometry": {
        "type": "Point",
        "coordinates": [
          1.9548097620218596,
          41.26400799344286
        ]
      },
      "properties": {
        "date": "2025-06-03"
      }
    },
    {
      "type": "Feature",
      "geometry": {
        "type": "Point",
        "coordinates": [
          1.9548328355191273,
          41.26400799344286
        ]
      },
      "properties": {
        "date": "2025-06-03"
      }
    },
    {
      "type": "Feature",
      "geometry": {
        "type": "Point",
        "coordinates": [
          1.954855909016395,
          41.26400799344286
        ]
      },
      "properties": {
        "date": "2025-06-03"
      }
    },
    {
      "type": "Feature",
      "geometry": {
        "type": "Point",
        "coordinates": [
          1.9548789825136628,
          41.26400799344286
        ]
      },
      "properties": {
        "date": "2025-06-03"
      }
    },
    {
      "type": "Feature",
      "geometry": {
        "type": "Point",
        "coordinates": [
          1.9549020560109307,
          41.26400799344286
        ]
      },
      "properties": {
        "date": "2025-06-03"
      }
    },
    {
      "type": "Feature",
      "geometry": {
        "type": "Point",
        "coordinates": [
          1.9549251295081984,
          41.26400799344286
        ]
      },
      "properties": {
        "date": "2025-06-03"
      }
    },
    {
      "type": "Feature",
      "geometry": {
        "type": "Point",
        "coordinates": [
          1.9549482030054661,
          41.26400799344286
        ]
      },
      "properties": {
        "date": "2025-06-03"
      }
    },
    {
      "type": "Feature",
      "geometry": {
        "type": "Point",
        "coordinates": [
          1.9549712765027338,
          41.26400799344286
        ]
      },
      "properties": {
        "date": "2025-06-03"
      }
    },
    {
      "type": "Feature",
      "geometry": {
        "type": "Point",
        "coordinates": [
          1.9549943500000018,
          41.26400799344286
        ]
      },
      "properties": {
        "date": "2025-06-03"
      }
    },
    {
      "type": "Feature",
      "geometry": {
        "type": "Point",
        "coordinates": [
          1.9550174234972695,
          41.26400799344286
        ]
      },
      "properties": {
        "date": "2025-06-03"
      }
    },
    {
      "type": "Feature",
      "geometry": {
        "type": "Point",
        "coordinates": [
          1.9550404969945372,
          41.26400799344286
        ]
      },
      "properties": {
        "date": "2025-06-03"
      }
    },
    {
      "type": "Feature",
      "geometry": {
        "type": "Point",
        "coordinates": [
          1.955063570491805,
          41.26400799344286
        ]
      },
      "properties": {
        "date": "2025-06-03"
      }
    },
    {
      "type": "Feature",
      "geometry": {
        "type": "Point",
        "coordinates": [
          1.9550866439890726,
          41.26400799344286
        ]
      },
      "properties": {
        "date": "2025-06-03"
      }
    },
    {
      "type": "Feature",
      "geometry": {
        "type": "Point",
        "coordinates": [
          1.9551097174863405,
          41.26400799344286
        ]
      },
      "properties": {
        "date": "2025-06-03"
      }
    },
    {
      "type": "Feature",
      "geometry": {
        "type": "Point",
        "coordinates": [
          1.9551327909836083,
          41.26400799344286
        ]
      },
      "properties": {
        "date": "2025-06-03"
      }
    },
    {
      "type": "Feature",
      "geometry": {
        "type": "Point",
        "coordinates": [
          1.955155864480876,
          41.26400799344286
        ]
      },
      "properties": {
        "date": "2025-06-03"
      }
    },
    {
      "type": "Feature",
      "geometry": {
        "type": "Point",
        "coordinates": [
          1.9551789379781437,
          41.26400799344286
        ]
      },
      "properties": {
        "date": "2025-06-03"
      }
    },
    {
      "type": "Feature",
      "geometry": {
        "type": "Point",
        "coordinates": [
          1.9552020114754114,
          41.26400799344286
        ]
      },
      "properties": {
        "date": "2025-06-03"
      }
    },
    {
      "type": "Feature",
      "geometry": {
        "type": "Point",
        "coordinates": [
          1.9552250849726793,
          41.26400799344286
        ]
      },
      "properties": {
        "date": "2025-06-03"
      }
    },
    {
      "type": "Feature",
      "geometry": {
        "type": "Point",
        "coordinates": [
          1.955248158469947,
          41.26400799344286
        ]
      },
      "properties": {
        "date": "2025-06-03"
      }
    },
    {
      "type": "Feature",
      "geometry": {
        "type": "Point",
        "coordinates": [
          1.9552712319672148,
          41.26400799344286
        ]
      },
      "properties": {
        "date": "2025-06-03"
      }
    },
    {
      "type": "Feature",
      "geometry": {
        "type": "Point",
        "coordinates": [
          1.9552943054644825,
          41.26400799344286
        ]
      },
      "properties": {
        "date": "2025-06-03"
      }
    },
    {
      "type": "Feature",
      "geometry": {
        "type": "Point",
        "coordinates": [
          1.9553173789617504,
          41.26400799344286
        ]
      },
      "properties": {
        "date": "2025-06-03"
      }
    },
    {
      "type": "Feature",
      "geometry": {
        "type": "Point",
        "coordinates": [
          1.955340452459018,
          41.26400799344286
        ]
      },
      "properties": {
        "date": "2025-06-03"
      }
    },
    {
      "type": "Feature",
      "geometry": {
        "type": "Point",
        "coordinates": [
          1.9553635259562858,
          41.26400799344286
        ]
      },
      "properties": {
        "date": "2025-06-03"
      }
    },
    {
      "type": "Feature",
      "geometry": {
        "type": "Point",
        "coordinates": [
          1.9553865994535535,
          41.26400799344286
        ]
      },
      "properties": {
        "date": "2025-06-03"
      }
    },
    {
      "type": "Feature",
      "geometry": {
        "type": "Point",
        "coordinates": [
          1.9554096729508212,
          41.26400799344286
        ]
      },
      "properties": {
        "date": "2025-06-03"
      }
    },
    {
      "type": "Feature",
      "geometry": {
        "type": "Point",
        "coordinates": [
          1.9554327464480892,
          41.26400799344286
        ]
      },
      "properties": {
        "date": "2025-06-03"
      }
    },
    {
      "type": "Feature",
      "geometry": {
        "type": "Point",
        "coordinates": [
          1.9554558199453569,
          41.26400799344286
        ]
      },
      "properties": {
        "date": "2025-06-03"
      }
    },
    {
      "type": "Feature",
      "geometry": {
        "type": "Point",
        "coordinates": [
          1.9554788934426246,
          41.26400799344286
        ]
      },
      "properties": {
        "date": "2025-06-03"
      }
    },
    {
      "type": "Feature",
      "geometry": {
        "type": "Point",
        "coordinates": [
          1.9555019669398923,
          41.26400799344286
        ]
      },
      "properties": {
        "date": "2025-06-03"
      }
    },
    {
      "type": "Feature",
      "geometry": {
        "type": "Point",
        "coordinates": [
          1.95552504043716,
          41.26400799344286
        ]
      },
      "properties": {
        "date": "2025-06-03"
      }
    },
    {
      "type": "Feature",
      "geometry": {
        "type": "Point",
        "coordinates": [
          1.955548113934428,
          41.26400799344286
        ]
      },
      "properties": {
        "date": "2025-06-03"
      }
    },
    {
      "type": "Feature",
      "geometry": {
        "type": "Point",
        "coordinates": [
          1.9555711874316957,
          41.26400799344286
        ]
      },
      "properties": {
        "date": "2025-06-03"
      }
    },
    {
      "type": "Feature",
      "geometry": {
        "type": "Point",
        "coordinates": [
          1.9555942609289634,
          41.26400799344286
        ]
      },
      "properties": {
        "date": "2025-06-03"
      }
    },
    {
      "type": "Feature",
      "geometry": {
        "type": "Point",
        "coordinates": [
          1.955617334426231,
          41.26400799344286
        ]
      },
      "properties": {
        "date": "2025-06-03"
      }
    },
    {
      "type": "Feature",
      "geometry": {
        "type": "Point",
        "coordinates": [
          1.955640407923499,
          41.26400799344286
        ]
      },
      "properties": {
        "date": "2025-06-03"
      }
    },
    {
      "type": "Feature",
      "geometry": {
        "type": "Point",
        "coordinates": [
          1.9556634814207667,
          41.26400799344286
        ]
      },
      "properties": {
        "date": "2025-06-03"
      }
    },
    {
      "type": "Feature",
      "geometry": {
        "type": "Point",
        "coordinates": [
          1.9556865549180344,
          41.26400799344286
        ]
      },
      "properties": {
        "date": "2025-06-03"
      }
    },
    {
      "type": "Feature",
      "geometry": {
        "type": "Point",
        "coordinates": [
          1.9557096284153022,
          41.26400799344286
        ]
      },
      "properties": {
        "date": "2025-06-03"
      }
    },
    {
      "type": "Feature",
      "geometry": {
        "type": "Point",
        "coordinates": [
          1.9557327019125699,
          41.26400799344286
        ]
      },
      "properties": {
        "date": "2025-06-03"
      }
    },
    {
      "type": "Feature",
      "geometry": {
        "type": "Point",
        "coordinates": [
          1.9557557754098378,
          41.26400799344286
        ]
      },
      "properties": {
        "date": "2025-06-03"
      }
    },
    {
      "type": "Feature",
      "geometry": {
        "type": "Point",
        "coordinates": [
          1.9557788489071055,
          41.26400799344286
        ]
      },
      "properties": {
        "date": "2025-06-03"
      }
    },
    {
      "type": "Feature",
      "geometry": {
        "type": "Point",
        "coordinates": [
          1.9558711428961766,
          41.26400799344286
        ]
      },
      "properties": {
        "date": "2025-06-03"
      }
    },
    {
      "type": "Feature",
      "geometry": {
        "type": "Point",
        "coordinates": [
          1.9558942163934443,
          41.26400799344286
        ]
      },
      "properties": {
        "date": "2025-06-03"
      }
    },
    {
      "type": "Feature",
      "geometry": {
        "type": "Point",
        "coordinates": [
          1.955917289890712,
          41.26400799344286
        ]
      },
      "properties": {
        "date": "2025-06-03"
      }
    },
    {
      "type": "Feature",
      "geometry": {
        "type": "Point",
        "coordinates": [
          1.9559403633879797,
          41.26400799344286
        ]
      },
      "properties": {
        "date": "2025-06-03"
      }
    },
    {
      "type": "Feature",
      "geometry": {
        "type": "Point",
        "coordinates": [
          1.9559634368852477,
          41.26400799344286
        ]
      },
      "properties": {
        "date": "2025-06-03"
      }
    },
    {
      "type": "Feature",
      "geometry": {
        "type": "Point",
        "coordinates": [
          1.9559865103825154,
          41.26400799344286
        ]
      },
      "properties": {
        "date": "2025-06-03"
      }
    },
    {
      "type": "Feature",
      "geometry": {
        "type": "Point",
        "coordinates": [
          1.956009583879783,
          41.26400799344286
        ]
      },
      "properties": {
        "date": "2025-06-03"
      }
    },
    {
      "type": "Feature",
      "geometry": {
        "type": "Point",
        "coordinates": [
          1.9560326573770508,
          41.26400799344286
        ]
      },
      "properties": {
        "date": "2025-06-03"
      }
    },
    {
      "type": "Feature",
      "geometry": {
        "type": "Point",
        "coordinates": [
          1.9560557308743185,
          41.26400799344286
        ]
      },
      "properties": {
        "date": "2025-06-03"
      }
    },
    {
      "type": "Feature",
      "geometry": {
        "type": "Point",
        "coordinates": [
          1.9560788043715864,
          41.26400799344286
        ]
      },
      "properties": {
        "date": "2025-06-03"
      }
    },
    {
      "type": "Feature",
      "geometry": {
        "type": "Point",
        "coordinates": [
          1.9561018778688541,
          41.26400799344286
        ]
      },
      "properties": {
        "date": "2025-06-03"
      }
    },
    {
      "type": "Feature",
      "geometry": {
        "type": "Point",
        "coordinates": [
          1.9507719000000017,
          41.26394808843375
        ]
      },
      "properties": {
        "date": "2025-06-03"
      }
    },
    {
      "type": "Feature",
      "geometry": {
        "type": "Point",
        "coordinates": [
          1.9507949734972694,
          41.26394808843375
        ]
      },
      "properties": {
        "date": "2025-06-03"
      }
    },
    {
      "type": "Feature",
      "geometry": {
        "type": "Point",
        "coordinates": [
          1.9508180469945373,
          41.26394808843375
        ]
      },
      "properties": {
        "date": "2025-06-03"
      }
    },
    {
      "type": "Feature",
      "geometry": {
        "type": "Point",
        "coordinates": [
          1.950841120491805,
          41.26394808843375
        ]
      },
      "properties": {
        "date": "2025-06-03"
      }
    },
    {
      "type": "Feature",
      "geometry": {
        "type": "Point",
        "coordinates": [
          1.9508641939890727,
          41.26394808843375
        ]
      },
      "properties": {
        "date": "2025-06-03"
      }
    },
    {
      "type": "Feature",
      "geometry": {
        "type": "Point",
        "coordinates": [
          1.9508872674863404,
          41.26394808843375
        ]
      },
      "properties": {
        "date": "2025-06-03"
      }
    },
    {
      "type": "Feature",
      "geometry": {
        "type": "Point",
        "coordinates": [
          1.9509103409836082,
          41.26394808843375
        ]
      },
      "properties": {
        "date": "2025-06-03"
      }
    },
    {
      "type": "Feature",
      "geometry": {
        "type": "Point",
        "coordinates": [
          1.950933414480876,
          41.26394808843375
        ]
      },
      "properties": {
        "date": "2025-06-03"
      }
    },
    {
      "type": "Feature",
      "geometry": {
        "type": "Point",
        "coordinates": [
          1.9509564879781438,
          41.26394808843375
        ]
      },
      "properties": {
        "date": "2025-06-03"
      }
    },
    {
      "type": "Feature",
      "geometry": {
        "type": "Point",
        "coordinates": [
          1.9509795614754115,
          41.26394808843375
        ]
      },
      "properties": {
        "date": "2025-06-03"
      }
    },
    {
      "type": "Feature",
      "geometry": {
        "type": "Point",
        "coordinates": [
          1.9517179133879798,
          41.26394808843375
        ]
      },
      "properties": {
        "date": "2025-06-03"
      }
    },
    {
      "type": "Feature",
      "geometry": {
        "type": "Point",
        "coordinates": [
          1.9517409868852476,
          41.26394808843375
        ]
      },
      "properties": {
        "date": "2025-06-03"
      }
    },
    {
      "type": "Feature",
      "geometry": {
        "type": "Point",
        "coordinates": [
          1.9517640603825153,
          41.26394808843375
        ]
      },
      "properties": {
        "date": "2025-06-03"
      }
    },
    {
      "type": "Feature",
      "geometry": {
        "type": "Point",
        "coordinates": [
          1.9517871338797832,
          41.26394808843375
        ]
      },
      "properties": {
        "date": "2025-06-03"
      }
    },
    {
      "type": "Feature",
      "geometry": {
        "type": "Point",
        "coordinates": [
          1.951810207377051,
          41.26394808843375
        ]
      },
      "properties": {
        "date": "2025-06-03"
      }
    },
    {
      "type": "Feature",
      "geometry": {
        "type": "Point",
        "coordinates": [
          1.9518332808743186,
          41.26394808843375
        ]
      },
      "properties": {
        "date": "2025-06-03"
      }
    },
    {
      "type": "Feature",
      "geometry": {
        "type": "Point",
        "coordinates": [
          1.9518563543715863,
          41.26394808843375
        ]
      },
      "properties": {
        "date": "2025-06-03"
      }
    },
    {
      "type": "Feature",
      "geometry": {
        "type": "Point",
        "coordinates": [
          1.951879427868854,
          41.26394808843375
        ]
      },
      "properties": {
        "date": "2025-06-03"
      }
    },
    {
      "type": "Feature",
      "geometry": {
        "type": "Point",
        "coordinates": [
          1.951902501366122,
          41.26394808843375
        ]
      },
      "properties": {
        "date": "2025-06-03"
      }
    },
    {
      "type": "Feature",
      "geometry": {
        "type": "Point",
        "coordinates": [
          1.9519255748633897,
          41.26394808843375
        ]
      },
      "properties": {
        "date": "2025-06-03"
      }
    },
    {
      "type": "Feature",
      "geometry": {
        "type": "Point",
        "coordinates": [
          1.952087089344264,
          41.26394808843375
        ]
      },
      "properties": {
        "date": "2025-06-03"
      }
    },
    {
      "type": "Feature",
      "geometry": {
        "type": "Point",
        "coordinates": [
          1.9521101628415318,
          41.26394808843375
        ]
      },
      "properties": {
        "date": "2025-06-03"
      }
    },
    {
      "type": "Feature",
      "geometry": {
        "type": "Point",
        "coordinates": [
          1.9521332363387995,
          41.26394808843375
        ]
      },
      "properties": {
        "date": "2025-06-03"
      }
    },
    {
      "type": "Feature",
      "geometry": {
        "type": "Point",
        "coordinates": [
          1.9521563098360672,
          41.26394808843375
        ]
      },
      "properties": {
        "date": "2025-06-03"
      }
    },
    {
      "type": "Feature",
      "geometry": {
        "type": "Point",
        "coordinates": [
          1.952179383333335,
          41.26394808843375
        ]
      },
      "properties": {
        "date": "2025-06-03"
      }
    },
    {
      "type": "Feature",
      "geometry": {
        "type": "Point",
        "coordinates": [
          1.9525485592896192,
          41.26394808843375
        ]
      },
      "properties": {
        "date": "2025-06-03"
      }
    },
    {
      "type": "Feature",
      "geometry": {
        "type": "Point",
        "coordinates": [
          1.952571632786887,
          41.26394808843375
        ]
      },
      "properties": {
        "date": "2025-06-03"
      }
    },
    {
      "type": "Feature",
      "geometry": {
        "type": "Point",
        "coordinates": [
          1.9525947062841547,
          41.26394808843375
        ]
      },
      "properties": {
        "date": "2025-06-03"
      }
    },
    {
      "type": "Feature",
      "geometry": {
        "type": "Point",
        "coordinates": [
          1.9526177797814224,
          41.26394808843375
        ]
      },
      "properties": {
        "date": "2025-06-03"
      }
    },
    {
      "type": "Feature",
      "geometry": {
        "type": "Point",
        "coordinates": [
          1.9526408532786903,
          41.26394808843375
        ]
      },
      "properties": {
        "date": "2025-06-03"
      }
    },
    {
      "type": "Feature",
      "geometry": {
        "type": "Point",
        "coordinates": [
          1.952663926775958,
          41.26394808843375
        ]
      },
      "properties": {
        "date": "2025-06-03"
      }
    },
    {
      "type": "Feature",
      "geometry": {
        "type": "Point",
        "coordinates": [
          1.9526870002732257,
          41.26394808843375
        ]
      },
      "properties": {
        "date": "2025-06-03"
      }
    },
    {
      "type": "Feature",
      "geometry": {
        "type": "Point",
        "coordinates": [
          1.9527100737704934,
          41.26394808843375
        ]
      },
      "properties": {
        "date": "2025-06-03"
      }
    },
    {
      "type": "Feature",
      "geometry": {
        "type": "Point",
        "coordinates": [
          1.9527331472677611,
          41.26394808843375
        ]
      },
      "properties": {
        "date": "2025-06-03"
      }
    },
    {
      "type": "Feature",
      "geometry": {
        "type": "Point",
        "coordinates": [
          1.952756220765029,
          41.26394808843375
        ]
      },
      "properties": {
        "date": "2025-06-03"
      }
    },
    {
      "type": "Feature",
      "geometry": {
        "type": "Point",
        "coordinates": [
          1.9527792942622968,
          41.26394808843375
        ]
      },
      "properties": {
        "date": "2025-06-03"
      }
    },
    {
      "type": "Feature",
      "geometry": {
        "type": "Point",
        "coordinates": [
          1.9528023677595645,
          41.26394808843375
        ]
      },
      "properties": {
        "date": "2025-06-03"
      }
    },
    {
      "type": "Feature",
      "geometry": {
        "type": "Point",
        "coordinates": [
          1.9528254412568322,
          41.26394808843375
        ]
      },
      "properties": {
        "date": "2025-06-03"
      }
    },
    {
      "type": "Feature",
      "geometry": {
        "type": "Point",
        "coordinates": [
          1.9528485147541,
          41.26394808843375
        ]
      },
      "properties": {
        "date": "2025-06-03"
      }
    },
    {
      "type": "Feature",
      "geometry": {
        "type": "Point",
        "coordinates": [
          1.9528715882513679,
          41.26394808843375
        ]
      },
      "properties": {
        "date": "2025-06-03"
      }
    },
    {
      "type": "Feature",
      "geometry": {
        "type": "Point",
        "coordinates": [
          1.9528946617486356,
          41.26394808843375
        ]
      },
      "properties": {
        "date": "2025-06-03"
      }
    },
    {
      "type": "Feature",
      "geometry": {
        "type": "Point",
        "coordinates": [
          1.9529177352459033,
          41.26394808843375
        ]
      },
      "properties": {
        "date": "2025-06-03"
      }
    },
    {
      "type": "Feature",
      "geometry": {
        "type": "Point",
        "coordinates": [
          1.952940808743171,
          41.26394808843375
        ]
      },
      "properties": {
        "date": "2025-06-03"
      }
    },
    {
      "type": "Feature",
      "geometry": {
        "type": "Point",
        "coordinates": [
          1.952963882240439,
          41.26394808843375
        ]
      },
      "properties": {
        "date": "2025-06-03"
      }
    },
    {
      "type": "Feature",
      "geometry": {
        "type": "Point",
        "coordinates": [
          1.9529869557377066,
          41.26394808843375
        ]
      },
      "properties": {
        "date": "2025-06-03"
      }
    },
    {
      "type": "Feature",
      "geometry": {
        "type": "Point",
        "coordinates": [
          1.9530100292349744,
          41.26394808843375
        ]
      },
      "properties": {
        "date": "2025-06-03"
      }
    },
    {
      "type": "Feature",
      "geometry": {
        "type": "Point",
        "coordinates": [
          1.953033102732242,
          41.26394808843375
        ]
      },
      "properties": {
        "date": "2025-06-03"
      }
    },
    {
      "type": "Feature",
      "geometry": {
        "type": "Point",
        "coordinates": [
          1.9530561762295098,
          41.26394808843375
        ]
      },
      "properties": {
        "date": "2025-06-03"
      }
    },
    {
      "type": "Feature",
      "geometry": {
        "type": "Point",
        "coordinates": [
          1.9530792497267777,
          41.26394808843375
        ]
      },
      "properties": {
        "date": "2025-06-03"
      }
    },
    {
      "type": "Feature",
      "geometry": {
        "type": "Point",
        "coordinates": [
          1.9531023232240454,
          41.26394808843375
        ]
      },
      "properties": {
        "date": "2025-06-03"
      }
    },
    {
      "type": "Feature",
      "geometry": {
        "type": "Point",
        "coordinates": [
          1.9531253967213131,
          41.26394808843375
        ]
      },
      "properties": {
        "date": "2025-06-03"
      }
    },
    {
      "type": "Feature",
      "geometry": {
        "type": "Point",
        "coordinates": [
          1.9532638377049196,
          41.26394808843375
        ]
      },
      "properties": {
        "date": "2025-06-03"
      }
    },
    {
      "type": "Feature",
      "geometry": {
        "type": "Point",
        "coordinates": [
          1.9532869112021876,
          41.26394808843375
        ]
      },
      "properties": {
        "date": "2025-06-03"
      }
    },
    {
      "type": "Feature",
      "geometry": {
        "type": "Point",
        "coordinates": [
          1.9533099846994553,
          41.26394808843375
        ]
      },
      "properties": {
        "date": "2025-06-03"
      }
    },
    {
      "type": "Feature",
      "geometry": {
        "type": "Point",
        "coordinates": [
          1.953333058196723,
          41.26394808843375
        ]
      },
      "properties": {
        "date": "2025-06-03"
      }
    },
    {
      "type": "Feature",
      "geometry": {
        "type": "Point",
        "coordinates": [
          1.9536099401639362,
          41.26394808843375
        ]
      },
      "properties": {
        "date": "2025-06-03"
      }
    },
    {
      "type": "Feature",
      "geometry": {
        "type": "Point",
        "coordinates": [
          1.9537483811475427,
          41.26394808843375
        ]
      },
      "properties": {
        "date": "2025-06-03"
      }
    },
    {
      "type": "Feature",
      "geometry": {
        "type": "Point",
        "coordinates": [
          1.9539560426229525,
          41.26394808843375
        ]
      },
      "properties": {
        "date": "2025-06-03"
      }
    },
    {
      "type": "Feature",
      "geometry": {
        "type": "Point",
        "coordinates": [
          1.9541175571038267,
          41.26394808843375
        ]
      },
      "properties": {
        "date": "2025-06-03"
      }
    },
    {
      "type": "Feature",
      "geometry": {
        "type": "Point",
        "coordinates": [
          1.9543252185792366,
          41.26394808843375
        ]
      },
      "properties": {
        "date": "2025-06-03"
      }
    },
    {
      "type": "Feature",
      "geometry": {
        "type": "Point",
        "coordinates": [
          1.9544636595628433,
          41.26394808843375
        ]
      },
      "properties": {
        "date": "2025-06-03"
      }
    },
    {
      "type": "Feature",
      "geometry": {
        "type": "Point",
        "coordinates": [
          1.9561018778688541,
          41.26394808843375
        ]
      },
      "properties": {
        "date": "2025-06-03"
      }
    },
    {
      "type": "Feature",
      "geometry": {
        "type": "Point",
        "coordinates": [
          1.9561249513661219,
          41.26394808843375
        ]
      },
      "properties": {
        "date": "2025-06-03"
      }
    },
    {
      "type": "Feature",
      "geometry": {
        "type": "Point",
        "coordinates": [
          1.950079695081969,
          41.26388818342464
        ]
      },
      "properties": {
        "date": "2025-06-03"
      }
    },
    {
      "type": "Feature",
      "geometry": {
        "type": "Point",
        "coordinates": [
          1.9501027685792367,
          41.26388818342464
        ]
      },
      "properties": {
        "date": "2025-06-03"
      }
    },
    {
      "type": "Feature",
      "geometry": {
        "type": "Point",
        "coordinates": [
          1.9501258420765044,
          41.26388818342464
        ]
      },
      "properties": {
        "date": "2025-06-03"
      }
    },
    {
      "type": "Feature",
      "geometry": {
        "type": "Point",
        "coordinates": [
          1.9501489155737721,
          41.26388818342464
        ]
      },
      "properties": {
        "date": "2025-06-03"
      }
    },
    {
      "type": "Feature",
      "geometry": {
        "type": "Point",
        "coordinates": [
          1.9501719890710398,
          41.26388818342464
        ]
      },
      "properties": {
        "date": "2025-06-03"
      }
    },
    {
      "type": "Feature",
      "geometry": {
        "type": "Point",
        "coordinates": [
          1.9501950625683078,
          41.26388818342464
        ]
      },
      "properties": {
        "date": "2025-06-03"
      }
    },
    {
      "type": "Feature",
      "geometry": {
        "type": "Point",
        "coordinates": [
          1.9502181360655755,
          41.26388818342464
        ]
      },
      "properties": {
        "date": "2025-06-03"
      }
    },
    {
      "type": "Feature",
      "geometry": {
        "type": "Point",
        "coordinates": [
          1.9502412095628432,
          41.26388818342464
        ]
      },
      "properties": {
        "date": "2025-06-03"
      }
    },
    {
      "type": "Feature",
      "geometry": {
        "type": "Point",
        "coordinates": [
          1.950264283060111,
          41.26388818342464
        ]
      },
      "properties": {
        "date": "2025-06-03"
      }
    },
    {
      "type": "Feature",
      "geometry": {
        "type": "Point",
        "coordinates": [
          1.9502873565573788,
          41.26388818342464
        ]
      },
      "properties": {
        "date": "2025-06-03"
      }
    },
    {
      "type": "Feature",
      "geometry": {
        "type": "Point",
        "coordinates": [
          1.9503104300546465,
          41.26388818342464
        ]
      },
      "properties": {
        "date": "2025-06-03"
      }
    },
    {
      "type": "Feature",
      "geometry": {
        "type": "Point",
        "coordinates": [
          1.9503335035519143,
          41.26388818342464
        ]
      },
      "properties": {
        "date": "2025-06-03"
      }
    },
    {
      "type": "Feature",
      "geometry": {
        "type": "Point",
        "coordinates": [
          1.950356577049182,
          41.26388818342464
        ]
      },
      "properties": {
        "date": "2025-06-03"
      }
    },
    {
      "type": "Feature",
      "geometry": {
        "type": "Point",
        "coordinates": [
          1.9503796505464497,
          41.26388818342464
        ]
      },
      "properties": {
        "date": "2025-06-03"
      }
    },
    {
      "type": "Feature",
      "geometry": {
        "type": "Point",
        "coordinates": [
          1.9504027240437176,
          41.26388818342464
        ]
      },
      "properties": {
        "date": "2025-06-03"
      }
    },
    {
      "type": "Feature",
      "geometry": {
        "type": "Point",
        "coordinates": [
          1.9504257975409853,
          41.26388818342464
        ]
      },
      "properties": {
        "date": "2025-06-03"
      }
    },
    {
      "type": "Feature",
      "geometry": {
        "type": "Point",
        "coordinates": [
          1.950448871038253,
          41.26388818342464
        ]
      },
      "properties": {
        "date": "2025-06-03"
      }
    },
    {
      "type": "Feature",
      "geometry": {
        "type": "Point",
        "coordinates": [
          1.9504719445355208,
          41.26388818342464
        ]
      },
      "properties": {
        "date": "2025-06-03"
      }
    },
    {
      "type": "Feature",
      "geometry": {
        "type": "Point",
        "coordinates": [
          1.9504950180327885,
          41.26388818342464
        ]
      },
      "properties": {
        "date": "2025-06-03"
      }
    },
    {
      "type": "Feature",
      "geometry": {
        "type": "Point",
        "coordinates": [
          1.9505180915300564,
          41.26388818342464
        ]
      },
      "properties": {
        "date": "2025-06-03"
      }
    },
    {
      "type": "Feature",
      "geometry": {
        "type": "Point",
        "coordinates": [
          1.950541165027324,
          41.26388818342464
        ]
      },
      "properties": {
        "date": "2025-06-03"
      }
    },
    {
      "type": "Feature",
      "geometry": {
        "type": "Point",
        "coordinates": [
          1.9505642385245918,
          41.26388818342464
        ]
      },
      "properties": {
        "date": "2025-06-03"
      }
    },
    {
      "type": "Feature",
      "geometry": {
        "type": "Point",
        "coordinates": [
          1.9505873120218595,
          41.26388818342464
        ]
      },
      "properties": {
        "date": "2025-06-03"
      }
    },
    {
      "type": "Feature",
      "geometry": {
        "type": "Point",
        "coordinates": [
          1.9506103855191275,
          41.26388818342464
        ]
      },
      "properties": {
        "date": "2025-06-03"
      }
    },
    {
      "type": "Feature",
      "geometry": {
        "type": "Point",
        "coordinates": [
          1.9506334590163952,
          41.26388818342464
        ]
      },
      "properties": {
        "date": "2025-06-03"
      }
    },
    {
      "type": "Feature",
      "geometry": {
        "type": "Point",
        "coordinates": [
          1.9506565325136629,
          41.26388818342464
        ]
      },
      "properties": {
        "date": "2025-06-03"
      }
    },
    {
      "type": "Feature",
      "geometry": {
        "type": "Point",
        "coordinates": [
          1.9506796060109306,
          41.26388818342464
        ]
      },
      "properties": {
        "date": "2025-06-03"
      }
    },
    {
      "type": "Feature",
      "geometry": {
        "type": "Point",
        "coordinates": [
          1.9507026795081983,
          41.26388818342464
        ]
      },
      "properties": {
        "date": "2025-06-03"
      }
    },
    {
      "type": "Feature",
      "geometry": {
        "type": "Point",
        "coordinates": [
          1.9507257530054662,
          41.26388818342464
        ]
      },
      "properties": {
        "date": "2025-06-03"
      }
    },
    {
      "type": "Feature",
      "geometry": {
        "type": "Point",
        "coordinates": [
          1.950748826502734,
          41.26388818342464
        ]
      },
      "properties": {
        "date": "2025-06-03"
      }
    },
    {
      "type": "Feature",
      "geometry": {
        "type": "Point",
        "coordinates": [
          1.9507719000000017,
          41.26388818342464
        ]
      },
      "properties": {
        "date": "2025-06-03"
      }
    },
    {
      "type": "Feature",
      "geometry": {
        "type": "Point",
        "coordinates": [
          1.9509795614754115,
          41.26388818342464
        ]
      },
      "properties": {
        "date": "2025-06-03"
      }
    },
    {
      "type": "Feature",
      "geometry": {
        "type": "Point",
        "coordinates": [
          1.9510026349726792,
          41.26388818342464
        ]
      },
      "properties": {
        "date": "2025-06-03"
      }
    },
    {
      "type": "Feature",
      "geometry": {
        "type": "Point",
        "coordinates": [
          1.951025708469947,
          41.26388818342464
        ]
      },
      "properties": {
        "date": "2025-06-03"
      }
    },
    {
      "type": "Feature",
      "geometry": {
        "type": "Point",
        "coordinates": [
          1.9510487819672149,
          41.26388818342464
        ]
      },
      "properties": {
        "date": "2025-06-03"
      }
    },
    {
      "type": "Feature",
      "geometry": {
        "type": "Point",
        "coordinates": [
          1.9510718554644826,
          41.26388818342464
        ]
      },
      "properties": {
        "date": "2025-06-03"
      }
    },
    {
      "type": "Feature",
      "geometry": {
        "type": "Point",
        "coordinates": [
          1.9510949289617503,
          41.26388818342464
        ]
      },
      "properties": {
        "date": "2025-06-03"
      }
    },
    {
      "type": "Feature",
      "geometry": {
        "type": "Point",
        "coordinates": [
          1.951118002459018,
          41.26388818342464
        ]
      },
      "properties": {
        "date": "2025-06-03"
      }
    },
    {
      "type": "Feature",
      "geometry": {
        "type": "Point",
        "coordinates": [
          1.951141075956286,
          41.26388818342464
        ]
      },
      "properties": {
        "date": "2025-06-03"
      }
    },
    {
      "type": "Feature",
      "geometry": {
        "type": "Point",
        "coordinates": [
          1.9511641494535537,
          41.26388818342464
        ]
      },
      "properties": {
        "date": "2025-06-03"
      }
    },
    {
      "type": "Feature",
      "geometry": {
        "type": "Point",
        "coordinates": [
          1.9511872229508214,
          41.26388818342464
        ]
      },
      "properties": {
        "date": "2025-06-03"
      }
    },
    {
      "type": "Feature",
      "geometry": {
        "type": "Point",
        "coordinates": [
          1.951210296448089,
          41.26388818342464
        ]
      },
      "properties": {
        "date": "2025-06-03"
      }
    },
    {
      "type": "Feature",
      "geometry": {
        "type": "Point",
        "coordinates": [
          1.9512333699453568,
          41.26388818342464
        ]
      },
      "properties": {
        "date": "2025-06-03"
      }
    },
    {
      "type": "Feature",
      "geometry": {
        "type": "Point",
        "coordinates": [
          1.9512564434426247,
          41.26388818342464
        ]
      },
      "properties": {
        "date": "2025-06-03"
      }
    },
    {
      "type": "Feature",
      "geometry": {
        "type": "Point",
        "coordinates": [
          1.9512795169398924,
          41.26388818342464
        ]
      },
      "properties": {
        "date": "2025-06-03"
      }
    },
    {
      "type": "Feature",
      "geometry": {
        "type": "Point",
        "coordinates": [
          1.9513025904371601,
          41.26388818342464
        ]
      },
      "properties": {
        "date": "2025-06-03"
      }
    },
    {
      "type": "Feature",
      "geometry": {
        "type": "Point",
        "coordinates": [
          1.9513256639344279,
          41.26388818342464
        ]
      },
      "properties": {
        "date": "2025-06-03"
      }
    },
    {
      "type": "Feature",
      "geometry": {
        "type": "Point",
        "coordinates": [
          1.9513487374316956,
          41.26388818342464
        ]
      },
      "properties": {
        "date": "2025-06-03"
      }
    },
    {
      "type": "Feature",
      "geometry": {
        "type": "Point",
        "coordinates": [
          1.9513718109289635,
          41.26388818342464
        ]
      },
      "properties": {
        "date": "2025-06-03"
      }
    },
    {
      "type": "Feature",
      "geometry": {
        "type": "Point",
        "coordinates": [
          1.9513948844262312,
          41.26388818342464
        ]
      },
      "properties": {
        "date": "2025-06-03"
      }
    },
    {
      "type": "Feature",
      "geometry": {
        "type": "Point",
        "coordinates": [
          1.951417957923499,
          41.26388818342464
        ]
      },
      "properties": {
        "date": "2025-06-03"
      }
    },
    {
      "type": "Feature",
      "geometry": {
        "type": "Point",
        "coordinates": [
          1.9514410314207666,
          41.26388818342464
        ]
      },
      "properties": {
        "date": "2025-06-03"
      }
    },
    {
      "type": "Feature",
      "geometry": {
        "type": "Point",
        "coordinates": [
          1.9514641049180346,
          41.26388818342464
        ]
      },
      "properties": {
        "date": "2025-06-03"
      }
    },
    {
      "type": "Feature",
      "geometry": {
        "type": "Point",
        "coordinates": [
          1.9514871784153023,
          41.26388818342464
        ]
      },
      "properties": {
        "date": "2025-06-03"
      }
    },
    {
      "type": "Feature",
      "geometry": {
        "type": "Point",
        "coordinates": [
          1.95151025191257,
          41.26388818342464
        ]
      },
      "properties": {
        "date": "2025-06-03"
      }
    },
    {
      "type": "Feature",
      "geometry": {
        "type": "Point",
        "coordinates": [
          1.9515333254098377,
          41.26388818342464
        ]
      },
      "properties": {
        "date": "2025-06-03"
      }
    },
    {
      "type": "Feature",
      "geometry": {
        "type": "Point",
        "coordinates": [
          1.9515563989071054,
          41.26388818342464
        ]
      },
      "properties": {
        "date": "2025-06-03"
      }
    },
    {
      "type": "Feature",
      "geometry": {
        "type": "Point",
        "coordinates": [
          1.9515794724043733,
          41.26388818342464
        ]
      },
      "properties": {
        "date": "2025-06-03"
      }
    },
    {
      "type": "Feature",
      "geometry": {
        "type": "Point",
        "coordinates": [
          1.951602545901641,
          41.26388818342464
        ]
      },
      "properties": {
        "date": "2025-06-03"
      }
    },
    {
      "type": "Feature",
      "geometry": {
        "type": "Point",
        "coordinates": [
          1.9516256193989088,
          41.26388818342464
        ]
      },
      "properties": {
        "date": "2025-06-03"
      }
    },
    {
      "type": "Feature",
      "geometry": {
        "type": "Point",
        "coordinates": [
          1.9516486928961765,
          41.26388818342464
        ]
      },
      "properties": {
        "date": "2025-06-03"
      }
    },
    {
      "type": "Feature",
      "geometry": {
        "type": "Point",
        "coordinates": [
          1.9516717663934442,
          41.26388818342464
        ]
      },
      "properties": {
        "date": "2025-06-03"
      }
    },
    {
      "type": "Feature",
      "geometry": {
        "type": "Point",
        "coordinates": [
          1.9516948398907121,
          41.26388818342464
        ]
      },
      "properties": {
        "date": "2025-06-03"
      }
    },
    {
      "type": "Feature",
      "geometry": {
        "type": "Point",
        "coordinates": [
          1.9517179133879798,
          41.26388818342464
        ]
      },
      "properties": {
        "date": "2025-06-03"
      }
    },
    {
      "type": "Feature",
      "geometry": {
        "type": "Point",
        "coordinates": [
          1.9519255748633897,
          41.26388818342464
        ]
      },
      "properties": {
        "date": "2025-06-03"
      }
    },
    {
      "type": "Feature",
      "geometry": {
        "type": "Point",
        "coordinates": [
          1.9519486483606574,
          41.26388818342464
        ]
      },
      "properties": {
        "date": "2025-06-03"
      }
    },
    {
      "type": "Feature",
      "geometry": {
        "type": "Point",
        "coordinates": [
          1.9519717218579251,
          41.26388818342464
        ]
      },
      "properties": {
        "date": "2025-06-03"
      }
    },
    {
      "type": "Feature",
      "geometry": {
        "type": "Point",
        "coordinates": [
          1.9519947953551928,
          41.26388818342464
        ]
      },
      "properties": {
        "date": "2025-06-03"
      }
    },
    {
      "type": "Feature",
      "geometry": {
        "type": "Point",
        "coordinates": [
          1.9520178688524608,
          41.26388818342464
        ]
      },
      "properties": {
        "date": "2025-06-03"
      }
    },
    {
      "type": "Feature",
      "geometry": {
        "type": "Point",
        "coordinates": [
          1.9520409423497285,
          41.26388818342464
        ]
      },
      "properties": {
        "date": "2025-06-03"
      }
    },
    {
      "type": "Feature",
      "geometry": {
        "type": "Point",
        "coordinates": [
          1.9520640158469962,
          41.26388818342464
        ]
      },
      "properties": {
        "date": "2025-06-03"
      }
    },
    {
      "type": "Feature",
      "geometry": {
        "type": "Point",
        "coordinates": [
          1.952087089344264,
          41.26388818342464
        ]
      },
      "properties": {
        "date": "2025-06-03"
      }
    },
    {
      "type": "Feature",
      "geometry": {
        "type": "Point",
        "coordinates": [
          1.952179383333335,
          41.26388818342464
        ]
      },
      "properties": {
        "date": "2025-06-03"
      }
    },
    {
      "type": "Feature",
      "geometry": {
        "type": "Point",
        "coordinates": [
          1.9522024568306027,
          41.26388818342464
        ]
      },
      "properties": {
        "date": "2025-06-03"
      }
    },
    {
      "type": "Feature",
      "geometry": {
        "type": "Point",
        "coordinates": [
          1.9522255303278706,
          41.26388818342464
        ]
      },
      "properties": {
        "date": "2025-06-03"
      }
    },
    {
      "type": "Feature",
      "geometry": {
        "type": "Point",
        "coordinates": [
          1.9522486038251383,
          41.26388818342464
        ]
      },
      "properties": {
        "date": "2025-06-03"
      }
    },
    {
      "type": "Feature",
      "geometry": {
        "type": "Point",
        "coordinates": [
          1.952271677322406,
          41.26388818342464
        ]
      },
      "properties": {
        "date": "2025-06-03"
      }
    },
    {
      "type": "Feature",
      "geometry": {
        "type": "Point",
        "coordinates": [
          1.9522947508196737,
          41.26388818342464
        ]
      },
      "properties": {
        "date": "2025-06-03"
      }
    },
    {
      "type": "Feature",
      "geometry": {
        "type": "Point",
        "coordinates": [
          1.9523178243169417,
          41.26388818342464
        ]
      },
      "properties": {
        "date": "2025-06-03"
      }
    },
    {
      "type": "Feature",
      "geometry": {
        "type": "Point",
        "coordinates": [
          1.9523408978142094,
          41.26388818342464
        ]
      },
      "properties": {
        "date": "2025-06-03"
      }
    },
    {
      "type": "Feature",
      "geometry": {
        "type": "Point",
        "coordinates": [
          1.952363971311477,
          41.26388818342464
        ]
      },
      "properties": {
        "date": "2025-06-03"
      }
    },
    {
      "type": "Feature",
      "geometry": {
        "type": "Point",
        "coordinates": [
          1.9523870448087448,
          41.26388818342464
        ]
      },
      "properties": {
        "date": "2025-06-03"
      }
    },
    {
      "type": "Feature",
      "geometry": {
        "type": "Point",
        "coordinates": [
          1.9524101183060125,
          41.26388818342464
        ]
      },
      "properties": {
        "date": "2025-06-03"
      }
    },
    {
      "type": "Feature",
      "geometry": {
        "type": "Point",
        "coordinates": [
          1.9524331918032805,
          41.26388818342464
        ]
      },
      "properties": {
        "date": "2025-06-03"
      }
    },
    {
      "type": "Feature",
      "geometry": {
        "type": "Point",
        "coordinates": [
          1.9524562653005482,
          41.26388818342464
        ]
      },
      "properties": {
        "date": "2025-06-03"
      }
    },
    {
      "type": "Feature",
      "geometry": {
        "type": "Point",
        "coordinates": [
          1.9524793387978159,
          41.26388818342464
        ]
      },
      "properties": {
        "date": "2025-06-03"
      }
    },
    {
      "type": "Feature",
      "geometry": {
        "type": "Point",
        "coordinates": [
          1.9525024122950836,
          41.26388818342464
        ]
      },
      "properties": {
        "date": "2025-06-03"
      }
    },
    {
      "type": "Feature",
      "geometry": {
        "type": "Point",
        "coordinates": [
          1.9525254857923513,
          41.26388818342464
        ]
      },
      "properties": {
        "date": "2025-06-03"
      }
    },
    {
      "type": "Feature",
      "geometry": {
        "type": "Point",
        "coordinates": [
          1.9525485592896192,
          41.26388818342464
        ]
      },
      "properties": {
        "date": "2025-06-03"
      }
    },
    {
      "type": "Feature",
      "geometry": {
        "type": "Point",
        "coordinates": [
          1.9531253967213131,
          41.26388818342464
        ]
      },
      "properties": {
        "date": "2025-06-03"
      }
    },
    {
      "type": "Feature",
      "geometry": {
        "type": "Point",
        "coordinates": [
          1.9531484702185808,
          41.26388818342464
        ]
      },
      "properties": {
        "date": "2025-06-03"
      }
    },
    {
      "type": "Feature",
      "geometry": {
        "type": "Point",
        "coordinates": [
          1.9531715437158486,
          41.26388818342464
        ]
      },
      "properties": {
        "date": "2025-06-03"
      }
    },
    {
      "type": "Feature",
      "geometry": {
        "type": "Point",
        "coordinates": [
          1.9531946172131165,
          41.26388818342464
        ]
      },
      "properties": {
        "date": "2025-06-03"
      }
    },
    {
      "type": "Feature",
      "geometry": {
        "type": "Point",
        "coordinates": [
          1.9532176907103842,
          41.26388818342464
        ]
      },
      "properties": {
        "date": "2025-06-03"
      }
    },
    {
      "type": "Feature",
      "geometry": {
        "type": "Point",
        "coordinates": [
          1.953240764207652,
          41.26388818342464
        ]
      },
      "properties": {
        "date": "2025-06-03"
      }
    },
    {
      "type": "Feature",
      "geometry": {
        "type": "Point",
        "coordinates": [
          1.9532638377049196,
          41.26388818342464
        ]
      },
      "properties": {
        "date": "2025-06-03"
      }
    },
    {
      "type": "Feature",
      "geometry": {
        "type": "Point",
        "coordinates": [
          1.9536099401639362,
          41.26388818342464
        ]
      },
      "properties": {
        "date": "2025-06-03"
      }
    },
    {
      "type": "Feature",
      "geometry": {
        "type": "Point",
        "coordinates": [
          1.953633013661204,
          41.26388818342464
        ]
      },
      "properties": {
        "date": "2025-06-03"
      }
    },
    {
      "type": "Feature",
      "geometry": {
        "type": "Point",
        "coordinates": [
          1.9536560871584716,
          41.26388818342464
        ]
      },
      "properties": {
        "date": "2025-06-03"
      }
    },
    {
      "type": "Feature",
      "geometry": {
        "type": "Point",
        "coordinates": [
          1.9536791606557393,
          41.26388818342464
        ]
      },
      "properties": {
        "date": "2025-06-03"
      }
    },
    {
      "type": "Feature",
      "geometry": {
        "type": "Point",
        "coordinates": [
          1.953702234153007,
          41.26388818342464
        ]
      },
      "properties": {
        "date": "2025-06-03"
      }
    },
    {
      "type": "Feature",
      "geometry": {
        "type": "Point",
        "coordinates": [
          1.953725307650275,
          41.26388818342464
        ]
      },
      "properties": {
        "date": "2025-06-03"
      }
    },
    {
      "type": "Feature",
      "geometry": {
        "type": "Point",
        "coordinates": [
          1.9537483811475427,
          41.26388818342464
        ]
      },
      "properties": {
        "date": "2025-06-03"
      }
    },
    {
      "type": "Feature",
      "geometry": {
        "type": "Point",
        "coordinates": [
          1.9539560426229525,
          41.26388818342464
        ]
      },
      "properties": {
        "date": "2025-06-03"
      }
    },
    {
      "type": "Feature",
      "geometry": {
        "type": "Point",
        "coordinates": [
          1.9539791161202202,
          41.26388818342464
        ]
      },
      "properties": {
        "date": "2025-06-03"
      }
    },
    {
      "type": "Feature",
      "geometry": {
        "type": "Point",
        "coordinates": [
          1.954002189617488,
          41.26388818342464
        ]
      },
      "properties": {
        "date": "2025-06-03"
      }
    },
    {
      "type": "Feature",
      "geometry": {
        "type": "Point",
        "coordinates": [
          1.9540252631147557,
          41.26388818342464
        ]
      },
      "properties": {
        "date": "2025-06-03"
      }
    },
    {
      "type": "Feature",
      "geometry": {
        "type": "Point",
        "coordinates": [
          1.9540483366120236,
          41.26388818342464
        ]
      },
      "properties": {
        "date": "2025-06-03"
      }
    },
    {
      "type": "Feature",
      "geometry": {
        "type": "Point",
        "coordinates": [
          1.9540714101092913,
          41.26388818342464
        ]
      },
      "properties": {
        "date": "2025-06-03"
      }
    },
    {
      "type": "Feature",
      "geometry": {
        "type": "Point",
        "coordinates": [
          1.954094483606559,
          41.26388818342464
        ]
      },
      "properties": {
        "date": "2025-06-03"
      }
    },
    {
      "type": "Feature",
      "geometry": {
        "type": "Point",
        "coordinates": [
          1.9541175571038267,
          41.26388818342464
        ]
      },
      "properties": {
        "date": "2025-06-03"
      }
    },
    {
      "type": "Feature",
      "geometry": {
        "type": "Point",
        "coordinates": [
          1.9543252185792366,
          41.26388818342464
        ]
      },
      "properties": {
        "date": "2025-06-03"
      }
    },
    {
      "type": "Feature",
      "geometry": {
        "type": "Point",
        "coordinates": [
          1.9543482920765043,
          41.26388818342464
        ]
      },
      "properties": {
        "date": "2025-06-03"
      }
    },
    {
      "type": "Feature",
      "geometry": {
        "type": "Point",
        "coordinates": [
          1.9543713655737722,
          41.26388818342464
        ]
      },
      "properties": {
        "date": "2025-06-03"
      }
    },
    {
      "type": "Feature",
      "geometry": {
        "type": "Point",
        "coordinates": [
          1.95439443907104,
          41.26388818342464
        ]
      },
      "properties": {
        "date": "2025-06-03"
      }
    },
    {
      "type": "Feature",
      "geometry": {
        "type": "Point",
        "coordinates": [
          1.9544175125683076,
          41.26388818342464
        ]
      },
      "properties": {
        "date": "2025-06-03"
      }
    },
    {
      "type": "Feature",
      "geometry": {
        "type": "Point",
        "coordinates": [
          1.9544405860655754,
          41.26388818342464
        ]
      },
      "properties": {
        "date": "2025-06-03"
      }
    },
    {
      "type": "Feature",
      "geometry": {
        "type": "Point",
        "coordinates": [
          1.9544636595628433,
          41.26388818342464
        ]
      },
      "properties": {
        "date": "2025-06-03"
      }
    },
    {
      "type": "Feature",
      "geometry": {
        "type": "Point",
        "coordinates": [
          1.9561249513661219,
          41.26388818342464
        ]
      },
      "properties": {
        "date": "2025-06-03"
      }
    },
    {
      "type": "Feature",
      "geometry": {
        "type": "Point",
        "coordinates": [
          1.9493413431694007,
          41.26382827841553
        ]
      },
      "properties": {
        "date": "2025-06-03"
      }
    },
    {
      "type": "Feature",
      "geometry": {
        "type": "Point",
        "coordinates": [
          1.9493644166666684,
          41.26382827841553
        ]
      },
      "properties": {
        "date": "2025-06-03"
      }
    },
    {
      "type": "Feature",
      "geometry": {
        "type": "Point",
        "coordinates": [
          1.949387490163936,
          41.26382827841553
        ]
      },
      "properties": {
        "date": "2025-06-03"
      }
    },
    {
      "type": "Feature",
      "geometry": {
        "type": "Point",
        "coordinates": [
          1.9494105636612038,
          41.26382827841553
        ]
      },
      "properties": {
        "date": "2025-06-03"
      }
    },
    {
      "type": "Feature",
      "geometry": {
        "type": "Point",
        "coordinates": [
          1.9494336371584717,
          41.26382827841553
        ]
      },
      "properties": {
        "date": "2025-06-03"
      }
    },
    {
      "type": "Feature",
      "geometry": {
        "type": "Point",
        "coordinates": [
          1.9495720781420782,
          41.26382827841553
        ]
      },
      "properties": {
        "date": "2025-06-03"
      }
    },
    {
      "type": "Feature",
      "geometry": {
        "type": "Point",
        "coordinates": [
          1.949595151639346,
          41.26382827841553
        ]
      },
      "properties": {
        "date": "2025-06-03"
      }
    },
    {
      "type": "Feature",
      "geometry": {
        "type": "Point",
        "coordinates": [
          1.9496182251366136,
          41.26382827841553
        ]
      },
      "properties": {
        "date": "2025-06-03"
      }
    },
    {
      "type": "Feature",
      "geometry": {
        "type": "Point",
        "coordinates": [
          1.9496412986338816,
          41.26382827841553
        ]
      },
      "properties": {
        "date": "2025-06-03"
      }
    },
    {
      "type": "Feature",
      "geometry": {
        "type": "Point",
        "coordinates": [
          1.9496643721311493,
          41.26382827841553
        ]
      },
      "properties": {
        "date": "2025-06-03"
      }
    },
    {
      "type": "Feature",
      "geometry": {
        "type": "Point",
        "coordinates": [
          1.9499412540983623,
          41.26382827841553
        ]
      },
      "properties": {
        "date": "2025-06-03"
      }
    },
    {
      "type": "Feature",
      "geometry": {
        "type": "Point",
        "coordinates": [
          1.9499643275956302,
          41.26382827841553
        ]
      },
      "properties": {
        "date": "2025-06-03"
      }
    },
    {
      "type": "Feature",
      "geometry": {
        "type": "Point",
        "coordinates": [
          1.949987401092898,
          41.26382827841553
        ]
      },
      "properties": {
        "date": "2025-06-03"
      }
    },
    {
      "type": "Feature",
      "geometry": {
        "type": "Point",
        "coordinates": [
          1.9500104745901656,
          41.26382827841553
        ]
      },
      "properties": {
        "date": "2025-06-03"
      }
    },
    {
      "type": "Feature",
      "geometry": {
        "type": "Point",
        "coordinates": [
          1.9500335480874333,
          41.26382827841553
        ]
      },
      "properties": {
        "date": "2025-06-03"
      }
    },
    {
      "type": "Feature",
      "geometry": {
        "type": "Point",
        "coordinates": [
          1.950056621584701,
          41.26382827841553
        ]
      },
      "properties": {
        "date": "2025-06-03"
      }
    },
    {
      "type": "Feature",
      "geometry": {
        "type": "Point",
        "coordinates": [
          1.950079695081969,
          41.26382827841553
        ]
      },
      "properties": {
        "date": "2025-06-03"
      }
    },
    {
      "type": "Feature",
      "geometry": {
        "type": "Point",
        "coordinates": [
          1.9561249513661219,
          41.26382827841553
        ]
      },
      "properties": {
        "date": "2025-06-03"
      }
    },
    {
      "type": "Feature",
      "geometry": {
        "type": "Point",
        "coordinates": [
          1.948141521311477,
          41.26376837340643
        ]
      },
      "properties": {
        "date": "2025-06-03"
      }
    },
    {
      "type": "Feature",
      "geometry": {
        "type": "Point",
        "coordinates": [
          1.948164594808745,
          41.26376837340643
        ]
      },
      "properties": {
        "date": "2025-06-03"
      }
    },
    {
      "type": "Feature",
      "geometry": {
        "type": "Point",
        "coordinates": [
          1.9481876683060126,
          41.26376837340643
        ]
      },
      "properties": {
        "date": "2025-06-03"
      }
    },
    {
      "type": "Feature",
      "geometry": {
        "type": "Point",
        "coordinates": [
          1.9482107418032804,
          41.26376837340643
        ]
      },
      "properties": {
        "date": "2025-06-03"
      }
    },
    {
      "type": "Feature",
      "geometry": {
        "type": "Point",
        "coordinates": [
          1.948233815300548,
          41.26376837340643
        ]
      },
      "properties": {
        "date": "2025-06-03"
      }
    },
    {
      "type": "Feature",
      "geometry": {
        "type": "Point",
        "coordinates": [
          1.948256888797816,
          41.26376837340643
        ]
      },
      "properties": {
        "date": "2025-06-03"
      }
    },
    {
      "type": "Feature",
      "geometry": {
        "type": "Point",
        "coordinates": [
          1.9482799622950837,
          41.26376837340643
        ]
      },
      "properties": {
        "date": "2025-06-03"
      }
    },
    {
      "type": "Feature",
      "geometry": {
        "type": "Point",
        "coordinates": [
          1.9483030357923514,
          41.26376837340643
        ]
      },
      "properties": {
        "date": "2025-06-03"
      }
    },
    {
      "type": "Feature",
      "geometry": {
        "type": "Point",
        "coordinates": [
          1.9483261092896191,
          41.26376837340643
        ]
      },
      "properties": {
        "date": "2025-06-03"
      }
    },
    {
      "type": "Feature",
      "geometry": {
        "type": "Point",
        "coordinates": [
          1.9483491827868868,
          41.26376837340643
        ]
      },
      "properties": {
        "date": "2025-06-03"
      }
    },
    {
      "type": "Feature",
      "geometry": {
        "type": "Point",
        "coordinates": [
          1.9483722562841548,
          41.26376837340643
        ]
      },
      "properties": {
        "date": "2025-06-03"
      }
    },
    {
      "type": "Feature",
      "geometry": {
        "type": "Point",
        "coordinates": [
          1.9483953297814225,
          41.26376837340643
        ]
      },
      "properties": {
        "date": "2025-06-03"
      }
    },
    {
      "type": "Feature",
      "geometry": {
        "type": "Point",
        "coordinates": [
          1.9484184032786902,
          41.26376837340643
        ]
      },
      "properties": {
        "date": "2025-06-03"
      }
    },
    {
      "type": "Feature",
      "geometry": {
        "type": "Point",
        "coordinates": [
          1.948441476775958,
          41.26376837340643
        ]
      },
      "properties": {
        "date": "2025-06-03"
      }
    },
    {
      "type": "Feature",
      "geometry": {
        "type": "Point",
        "coordinates": [
          1.9484645502732258,
          41.26376837340643
        ]
      },
      "properties": {
        "date": "2025-06-03"
      }
    },
    {
      "type": "Feature",
      "geometry": {
        "type": "Point",
        "coordinates": [
          1.9484876237704936,
          41.26376837340643
        ]
      },
      "properties": {
        "date": "2025-06-03"
      }
    },
    {
      "type": "Feature",
      "geometry": {
        "type": "Point",
        "coordinates": [
          1.9485106972677613,
          41.26376837340643
        ]
      },
      "properties": {
        "date": "2025-06-03"
      }
    },
    {
      "type": "Feature",
      "geometry": {
        "type": "Point",
        "coordinates": [
          1.948533770765029,
          41.26376837340643
        ]
      },
      "properties": {
        "date": "2025-06-03"
      }
    },
    {
      "type": "Feature",
      "geometry": {
        "type": "Point",
        "coordinates": [
          1.9485568442622967,
          41.26376837340643
        ]
      },
      "properties": {
        "date": "2025-06-03"
      }
    },
    {
      "type": "Feature",
      "geometry": {
        "type": "Point",
        "coordinates": [
          1.9485799177595646,
          41.26376837340643
        ]
      },
      "properties": {
        "date": "2025-06-03"
      }
    },
    {
      "type": "Feature",
      "geometry": {
        "type": "Point",
        "coordinates": [
          1.9486029912568323,
          41.26376837340643
        ]
      },
      "properties": {
        "date": "2025-06-03"
      }
    },
    {
      "type": "Feature",
      "geometry": {
        "type": "Point",
        "coordinates": [
          1.9486260647541,
          41.26376837340643
        ]
      },
      "properties": {
        "date": "2025-06-03"
      }
    },
    {
      "type": "Feature",
      "geometry": {
        "type": "Point",
        "coordinates": [
          1.9486491382513678,
          41.26376837340643
        ]
      },
      "properties": {
        "date": "2025-06-03"
      }
    },
    {
      "type": "Feature",
      "geometry": {
        "type": "Point",
        "coordinates": [
          1.9486722117486355,
          41.26376837340643
        ]
      },
      "properties": {
        "date": "2025-06-03"
      }
    },
    {
      "type": "Feature",
      "geometry": {
        "type": "Point",
        "coordinates": [
          1.9486952852459034,
          41.26376837340643
        ]
      },
      "properties": {
        "date": "2025-06-03"
      }
    },
    {
      "type": "Feature",
      "geometry": {
        "type": "Point",
        "coordinates": [
          1.9487183587431711,
          41.26376837340643
        ]
      },
      "properties": {
        "date": "2025-06-03"
      }
    },
    {
      "type": "Feature",
      "geometry": {
        "type": "Point",
        "coordinates": [
          1.9487414322404388,
          41.26376837340643
        ]
      },
      "properties": {
        "date": "2025-06-03"
      }
    },
    {
      "type": "Feature",
      "geometry": {
        "type": "Point",
        "coordinates": [
          1.9487645057377065,
          41.26376837340643
        ]
      },
      "properties": {
        "date": "2025-06-03"
      }
    },
    {
      "type": "Feature",
      "geometry": {
        "type": "Point",
        "coordinates": [
          1.9487875792349745,
          41.26376837340643
        ]
      },
      "properties": {
        "date": "2025-06-03"
      }
    },
    {
      "type": "Feature",
      "geometry": {
        "type": "Point",
        "coordinates": [
          1.9488106527322422,
          41.26376837340643
        ]
      },
      "properties": {
        "date": "2025-06-03"
      }
    },
    {
      "type": "Feature",
      "geometry": {
        "type": "Point",
        "coordinates": [
          1.94883372622951,
          41.26376837340643
        ]
      },
      "properties": {
        "date": "2025-06-03"
      }
    },
    {
      "type": "Feature",
      "geometry": {
        "type": "Point",
        "coordinates": [
          1.9488567997267776,
          41.26376837340643
        ]
      },
      "properties": {
        "date": "2025-06-03"
      }
    },
    {
      "type": "Feature",
      "geometry": {
        "type": "Point",
        "coordinates": [
          1.9488798732240453,
          41.26376837340643
        ]
      },
      "properties": {
        "date": "2025-06-03"
      }
    },
    {
      "type": "Feature",
      "geometry": {
        "type": "Point",
        "coordinates": [
          1.9489029467213133,
          41.26376837340643
        ]
      },
      "properties": {
        "date": "2025-06-03"
      }
    },
    {
      "type": "Feature",
      "geometry": {
        "type": "Point",
        "coordinates": [
          1.948926020218581,
          41.26376837340643
        ]
      },
      "properties": {
        "date": "2025-06-03"
      }
    },
    {
      "type": "Feature",
      "geometry": {
        "type": "Point",
        "coordinates": [
          1.9489490937158487,
          41.26376837340643
        ]
      },
      "properties": {
        "date": "2025-06-03"
      }
    },
    {
      "type": "Feature",
      "geometry": {
        "type": "Point",
        "coordinates": [
          1.9489721672131164,
          41.26376837340643
        ]
      },
      "properties": {
        "date": "2025-06-03"
      }
    },
    {
      "type": "Feature",
      "geometry": {
        "type": "Point",
        "coordinates": [
          1.948995240710384,
          41.26376837340643
        ]
      },
      "properties": {
        "date": "2025-06-03"
      }
    },
    {
      "type": "Feature",
      "geometry": {
        "type": "Point",
        "coordinates": [
          1.949018314207652,
          41.26376837340643
        ]
      },
      "properties": {
        "date": "2025-06-03"
      }
    },
    {
      "type": "Feature",
      "geometry": {
        "type": "Point",
        "coordinates": [
          1.9490413877049197,
          41.26376837340643
        ]
      },
      "properties": {
        "date": "2025-06-03"
      }
    },
    {
      "type": "Feature",
      "geometry": {
        "type": "Point",
        "coordinates": [
          1.9490644612021875,
          41.26376837340643
        ]
      },
      "properties": {
        "date": "2025-06-03"
      }
    },
    {
      "type": "Feature",
      "geometry": {
        "type": "Point",
        "coordinates": [
          1.9490875346994552,
          41.26376837340643
        ]
      },
      "properties": {
        "date": "2025-06-03"
      }
    },
    {
      "type": "Feature",
      "geometry": {
        "type": "Point",
        "coordinates": [
          1.949110608196723,
          41.26376837340643
        ]
      },
      "properties": {
        "date": "2025-06-03"
      }
    },
    {
      "type": "Feature",
      "geometry": {
        "type": "Point",
        "coordinates": [
          1.9491336816939908,
          41.26376837340643
        ]
      },
      "properties": {
        "date": "2025-06-03"
      }
    },
    {
      "type": "Feature",
      "geometry": {
        "type": "Point",
        "coordinates": [
          1.9491567551912585,
          41.26376837340643
        ]
      },
      "properties": {
        "date": "2025-06-03"
      }
    },
    {
      "type": "Feature",
      "geometry": {
        "type": "Point",
        "coordinates": [
          1.9491798286885262,
          41.26376837340643
        ]
      },
      "properties": {
        "date": "2025-06-03"
      }
    },
    {
      "type": "Feature",
      "geometry": {
        "type": "Point",
        "coordinates": [
          1.949202902185794,
          41.26376837340643
        ]
      },
      "properties": {
        "date": "2025-06-03"
      }
    },
    {
      "type": "Feature",
      "geometry": {
        "type": "Point",
        "coordinates": [
          1.9492259756830619,
          41.26376837340643
        ]
      },
      "properties": {
        "date": "2025-06-03"
      }
    },
    {
      "type": "Feature",
      "geometry": {
        "type": "Point",
        "coordinates": [
          1.9492490491803296,
          41.26376837340643
        ]
      },
      "properties": {
        "date": "2025-06-03"
      }
    },
    {
      "type": "Feature",
      "geometry": {
        "type": "Point",
        "coordinates": [
          1.9492721226775973,
          41.26376837340643
        ]
      },
      "properties": {
        "date": "2025-06-03"
      }
    },
    {
      "type": "Feature",
      "geometry": {
        "type": "Point",
        "coordinates": [
          1.949295196174865,
          41.26376837340643
        ]
      },
      "properties": {
        "date": "2025-06-03"
      }
    },
    {
      "type": "Feature",
      "geometry": {
        "type": "Point",
        "coordinates": [
          1.9493182696721327,
          41.26376837340643
        ]
      },
      "properties": {
        "date": "2025-06-03"
      }
    },
    {
      "type": "Feature",
      "geometry": {
        "type": "Point",
        "coordinates": [
          1.9493413431694007,
          41.26376837340643
        ]
      },
      "properties": {
        "date": "2025-06-03"
      }
    },
    {
      "type": "Feature",
      "geometry": {
        "type": "Point",
        "coordinates": [
          1.9494336371584717,
          41.26376837340643
        ]
      },
      "properties": {
        "date": "2025-06-03"
      }
    },
    {
      "type": "Feature",
      "geometry": {
        "type": "Point",
        "coordinates": [
          1.9494567106557394,
          41.26376837340643
        ]
      },
      "properties": {
        "date": "2025-06-03"
      }
    },
    {
      "type": "Feature",
      "geometry": {
        "type": "Point",
        "coordinates": [
          1.9494797841530072,
          41.26376837340643
        ]
      },
      "properties": {
        "date": "2025-06-03"
      }
    },
    {
      "type": "Feature",
      "geometry": {
        "type": "Point",
        "coordinates": [
          1.9495028576502749,
          41.26376837340643
        ]
      },
      "properties": {
        "date": "2025-06-03"
      }
    },
    {
      "type": "Feature",
      "geometry": {
        "type": "Point",
        "coordinates": [
          1.9495259311475426,
          41.26376837340643
        ]
      },
      "properties": {
        "date": "2025-06-03"
      }
    },
    {
      "type": "Feature",
      "geometry": {
        "type": "Point",
        "coordinates": [
          1.9495490046448105,
          41.26376837340643
        ]
      },
      "properties": {
        "date": "2025-06-03"
      }
    },
    {
      "type": "Feature",
      "geometry": {
        "type": "Point",
        "coordinates": [
          1.9495720781420782,
          41.26376837340643
        ]
      },
      "properties": {
        "date": "2025-06-03"
      }
    },
    {
      "type": "Feature",
      "geometry": {
        "type": "Point",
        "coordinates": [
          1.9496643721311493,
          41.26376837340643
        ]
      },
      "properties": {
        "date": "2025-06-03"
      }
    },
    {
      "type": "Feature",
      "geometry": {
        "type": "Point",
        "coordinates": [
          1.949687445628417,
          41.26376837340643
        ]
      },
      "properties": {
        "date": "2025-06-03"
      }
    },
    {
      "type": "Feature",
      "geometry": {
        "type": "Point",
        "coordinates": [
          1.9497105191256847,
          41.26376837340643
        ]
      },
      "properties": {
        "date": "2025-06-03"
      }
    },
    {
      "type": "Feature",
      "geometry": {
        "type": "Point",
        "coordinates": [
          1.9497335926229524,
          41.26376837340643
        ]
      },
      "properties": {
        "date": "2025-06-03"
      }
    },
    {
      "type": "Feature",
      "geometry": {
        "type": "Point",
        "coordinates": [
          1.9497566661202204,
          41.26376837340643
        ]
      },
      "properties": {
        "date": "2025-06-03"
      }
    },
    {
      "type": "Feature",
      "geometry": {
        "type": "Point",
        "coordinates": [
          1.949779739617488,
          41.26376837340643
        ]
      },
      "properties": {
        "date": "2025-06-03"
      }
    },
    {
      "type": "Feature",
      "geometry": {
        "type": "Point",
        "coordinates": [
          1.9498028131147558,
          41.26376837340643
        ]
      },
      "properties": {
        "date": "2025-06-03"
      }
    },
    {
      "type": "Feature",
      "geometry": {
        "type": "Point",
        "coordinates": [
          1.9498258866120235,
          41.26376837340643
        ]
      },
      "properties": {
        "date": "2025-06-03"
      }
    },
    {
      "type": "Feature",
      "geometry": {
        "type": "Point",
        "coordinates": [
          1.9498489601092912,
          41.26376837340643
        ]
      },
      "properties": {
        "date": "2025-06-03"
      }
    },
    {
      "type": "Feature",
      "geometry": {
        "type": "Point",
        "coordinates": [
          1.9498720336065591,
          41.26376837340643
        ]
      },
      "properties": {
        "date": "2025-06-03"
      }
    },
    {
      "type": "Feature",
      "geometry": {
        "type": "Point",
        "coordinates": [
          1.9498951071038269,
          41.26376837340643
        ]
      },
      "properties": {
        "date": "2025-06-03"
      }
    },
    {
      "type": "Feature",
      "geometry": {
        "type": "Point",
        "coordinates": [
          1.9499181806010946,
          41.26376837340643
        ]
      },
      "properties": {
        "date": "2025-06-03"
      }
    },
    {
      "type": "Feature",
      "geometry": {
        "type": "Point",
        "coordinates": [
          1.9499412540983623,
          41.26376837340643
        ]
      },
      "properties": {
        "date": "2025-06-03"
      }
    },
    {
      "type": "Feature",
      "geometry": {
        "type": "Point",
        "coordinates": [
          1.955640407923499,
          41.26376837340643
        ]
      },
      "properties": {
        "date": "2025-06-03"
      }
    },
    {
      "type": "Feature",
      "geometry": {
        "type": "Point",
        "coordinates": [
          1.9556634814207667,
          41.26376837340643
        ]
      },
      "properties": {
        "date": "2025-06-03"
      }
    },
    {
      "type": "Feature",
      "geometry": {
        "type": "Point",
        "coordinates": [
          1.9556865549180344,
          41.26376837340643
        ]
      },
      "properties": {
        "date": "2025-06-03"
      }
    },
    {
      "type": "Feature",
      "geometry": {
        "type": "Point",
        "coordinates": [
          1.9557096284153022,
          41.26376837340643
        ]
      },
      "properties": {
        "date": "2025-06-03"
      }
    },
    {
      "type": "Feature",
      "geometry": {
        "type": "Point",
        "coordinates": [
          1.9557327019125699,
          41.26376837340643
        ]
      },
      "properties": {
        "date": "2025-06-03"
      }
    },
    {
      "type": "Feature",
      "geometry": {
        "type": "Point",
        "coordinates": [
          1.9557557754098378,
          41.26376837340643
        ]
      },
      "properties": {
        "date": "2025-06-03"
      }
    },
    {
      "type": "Feature",
      "geometry": {
        "type": "Point",
        "coordinates": [
          1.9557788489071055,
          41.26376837340643
        ]
      },
      "properties": {
        "date": "2025-06-03"
      }
    },
    {
      "type": "Feature",
      "geometry": {
        "type": "Point",
        "coordinates": [
          1.9558019224043732,
          41.26376837340643
        ]
      },
      "properties": {
        "date": "2025-06-03"
      }
    },
    {
      "type": "Feature",
      "geometry": {
        "type": "Point",
        "coordinates": [
          1.955824995901641,
          41.26376837340643
        ]
      },
      "properties": {
        "date": "2025-06-03"
      }
    },
    {
      "type": "Feature",
      "geometry": {
        "type": "Point",
        "coordinates": [
          1.9558480693989089,
          41.26376837340643
        ]
      },
      "properties": {
        "date": "2025-06-03"
      }
    },
    {
      "type": "Feature",
      "geometry": {
        "type": "Point",
        "coordinates": [
          1.9558711428961766,
          41.26376837340643
        ]
      },
      "properties": {
        "date": "2025-06-03"
      }
    },
    {
      "type": "Feature",
      "geometry": {
        "type": "Point",
        "coordinates": [
          1.9558942163934443,
          41.26376837340643
        ]
      },
      "properties": {
        "date": "2025-06-03"
      }
    },
    {
      "type": "Feature",
      "geometry": {
        "type": "Point",
        "coordinates": [
          1.955917289890712,
          41.26376837340643
        ]
      },
      "properties": {
        "date": "2025-06-03"
      }
    },
    {
      "type": "Feature",
      "geometry": {
        "type": "Point",
        "coordinates": [
          1.9559403633879797,
          41.26376837340643
        ]
      },
      "properties": {
        "date": "2025-06-03"
      }
    },
    {
      "type": "Feature",
      "geometry": {
        "type": "Point",
        "coordinates": [
          1.9559634368852477,
          41.26376837340643
        ]
      },
      "properties": {
        "date": "2025-06-03"
      }
    },
    {
      "type": "Feature",
      "geometry": {
        "type": "Point",
        "coordinates": [
          1.9559865103825154,
          41.26376837340643
        ]
      },
      "properties": {
        "date": "2025-06-03"
      }
    },
    {
      "type": "Feature",
      "geometry": {
        "type": "Point",
        "coordinates": [
          1.956009583879783,
          41.26376837340643
        ]
      },
      "properties": {
        "date": "2025-06-03"
      }
    },
    {
      "type": "Feature",
      "geometry": {
        "type": "Point",
        "coordinates": [
          1.9560326573770508,
          41.26376837340643
        ]
      },
      "properties": {
        "date": "2025-06-03"
      }
    },
    {
      "type": "Feature",
      "geometry": {
        "type": "Point",
        "coordinates": [
          1.9560557308743185,
          41.26376837340643
        ]
      },
      "properties": {
        "date": "2025-06-03"
      }
    },
    {
      "type": "Feature",
      "geometry": {
        "type": "Point",
        "coordinates": [
          1.9560788043715864,
          41.26376837340643
        ]
      },
      "properties": {
        "date": "2025-06-03"
      }
    },
    {
      "type": "Feature",
      "geometry": {
        "type": "Point",
        "coordinates": [
          1.9561018778688541,
          41.26376837340643
        ]
      },
      "properties": {
        "date": "2025-06-03"
      }
    },
    {
      "type": "Feature",
      "geometry": {
        "type": "Point",
        "coordinates": [
          1.9561249513661219,
          41.26376837340643
        ]
      },
      "properties": {
        "date": "2025-06-03"
      }
    },
    {
      "type": "Feature",
      "geometry": {
        "type": "Point",
        "coordinates": [
          1.948141521311477,
          41.26370846839732
        ]
      },
      "properties": {
        "date": "2025-06-03"
      }
    },
    {
      "type": "Feature",
      "geometry": {
        "type": "Point",
        "coordinates": [
          1.955640407923499,
          41.26370846839732
        ]
      },
      "properties": {
        "date": "2025-06-03"
      }
    },
    {
      "type": "Feature",
      "geometry": {
        "type": "Point",
        "coordinates": [
          1.9468263319672148,
          41.26364856338821
        ]
      },
      "properties": {
        "date": "2025-06-03"
      }
    },
    {
      "type": "Feature",
      "geometry": {
        "type": "Point",
        "coordinates": [
          1.9468494054644825,
          41.26364856338821
        ]
      },
      "properties": {
        "date": "2025-06-03"
      }
    },
    {
      "type": "Feature",
      "geometry": {
        "type": "Point",
        "coordinates": [
          1.9468724789617504,
          41.26364856338821
        ]
      },
      "properties": {
        "date": "2025-06-03"
      }
    },
    {
      "type": "Feature",
      "geometry": {
        "type": "Point",
        "coordinates": [
          1.9468955524590181,
          41.26364856338821
        ]
      },
      "properties": {
        "date": "2025-06-03"
      }
    },
    {
      "type": "Feature",
      "geometry": {
        "type": "Point",
        "coordinates": [
          1.9469186259562858,
          41.26364856338821
        ]
      },
      "properties": {
        "date": "2025-06-03"
      }
    },
    {
      "type": "Feature",
      "geometry": {
        "type": "Point",
        "coordinates": [
          1.9470801404371603,
          41.26364856338821
        ]
      },
      "properties": {
        "date": "2025-06-03"
      }
    },
    {
      "type": "Feature",
      "geometry": {
        "type": "Point",
        "coordinates": [
          1.947103213934428,
          41.26364856338821
        ]
      },
      "properties": {
        "date": "2025-06-03"
      }
    },
    {
      "type": "Feature",
      "geometry": {
        "type": "Point",
        "coordinates": [
          1.9471262874316957,
          41.26364856338821
        ]
      },
      "properties": {
        "date": "2025-06-03"
      }
    },
    {
      "type": "Feature",
      "geometry": {
        "type": "Point",
        "coordinates": [
          1.9471493609289634,
          41.26364856338821
        ]
      },
      "properties": {
        "date": "2025-06-03"
      }
    },
    {
      "type": "Feature",
      "geometry": {
        "type": "Point",
        "coordinates": [
          1.9471724344262311,
          41.26364856338821
        ]
      },
      "properties": {
        "date": "2025-06-03"
      }
    },
    {
      "type": "Feature",
      "geometry": {
        "type": "Point",
        "coordinates": [
          1.947195507923499,
          41.26364856338821
        ]
      },
      "properties": {
        "date": "2025-06-03"
      }
    },
    {
      "type": "Feature",
      "geometry": {
        "type": "Point",
        "coordinates": [
          1.9472185814207668,
          41.26364856338821
        ]
      },
      "properties": {
        "date": "2025-06-03"
      }
    },
    {
      "type": "Feature",
      "geometry": {
        "type": "Point",
        "coordinates": [
          1.9472416549180345,
          41.26364856338821
        ]
      },
      "properties": {
        "date": "2025-06-03"
      }
    },
    {
      "type": "Feature",
      "geometry": {
        "type": "Point",
        "coordinates": [
          1.9472647284153022,
          41.26364856338821
        ]
      },
      "properties": {
        "date": "2025-06-03"
      }
    },
    {
      "type": "Feature",
      "geometry": {
        "type": "Point",
        "coordinates": [
          1.9472878019125701,
          41.26364856338821
        ]
      },
      "properties": {
        "date": "2025-06-03"
      }
    },
    {
      "type": "Feature",
      "geometry": {
        "type": "Point",
        "coordinates": [
          1.9473108754098378,
          41.26364856338821
        ]
      },
      "properties": {
        "date": "2025-06-03"
      }
    },
    {
      "type": "Feature",
      "geometry": {
        "type": "Point",
        "coordinates": [
          1.9473339489071055,
          41.26364856338821
        ]
      },
      "properties": {
        "date": "2025-06-03"
      }
    },
    {
      "type": "Feature",
      "geometry": {
        "type": "Point",
        "coordinates": [
          1.9473570224043733,
          41.26364856338821
        ]
      },
      "properties": {
        "date": "2025-06-03"
      }
    },
    {
      "type": "Feature",
      "geometry": {
        "type": "Point",
        "coordinates": [
          1.947380095901641,
          41.26364856338821
        ]
      },
      "properties": {
        "date": "2025-06-03"
      }
    },
    {
      "type": "Feature",
      "geometry": {
        "type": "Point",
        "coordinates": [
          1.947403169398909,
          41.26364856338821
        ]
      },
      "properties": {
        "date": "2025-06-03"
      }
    },
    {
      "type": "Feature",
      "geometry": {
        "type": "Point",
        "coordinates": [
          1.9474262428961766,
          41.26364856338821
        ]
      },
      "properties": {
        "date": "2025-06-03"
      }
    },
    {
      "type": "Feature",
      "geometry": {
        "type": "Point",
        "coordinates": [
          1.9474493163934443,
          41.26364856338821
        ]
      },
      "properties": {
        "date": "2025-06-03"
      }
    },
    {
      "type": "Feature",
      "geometry": {
        "type": "Point",
        "coordinates": [
          1.947472389890712,
          41.26364856338821
        ]
      },
      "properties": {
        "date": "2025-06-03"
      }
    },
    {
      "type": "Feature",
      "geometry": {
        "type": "Point",
        "coordinates": [
          1.9474954633879797,
          41.26364856338821
        ]
      },
      "properties": {
        "date": "2025-06-03"
      }
    },
    {
      "type": "Feature",
      "geometry": {
        "type": "Point",
        "coordinates": [
          1.9475185368852477,
          41.26364856338821
        ]
      },
      "properties": {
        "date": "2025-06-03"
      }
    },
    {
      "type": "Feature",
      "geometry": {
        "type": "Point",
        "coordinates": [
          1.9475416103825154,
          41.26364856338821
        ]
      },
      "properties": {
        "date": "2025-06-03"
      }
    },
    {
      "type": "Feature",
      "geometry": {
        "type": "Point",
        "coordinates": [
          1.947564683879783,
          41.26364856338821
        ]
      },
      "properties": {
        "date": "2025-06-03"
      }
    },
    {
      "type": "Feature",
      "geometry": {
        "type": "Point",
        "coordinates": [
          1.9475877573770508,
          41.26364856338821
        ]
      },
      "properties": {
        "date": "2025-06-03"
      }
    },
    {
      "type": "Feature",
      "geometry": {
        "type": "Point",
        "coordinates": [
          1.9476108308743187,
          41.26364856338821
        ]
      },
      "properties": {
        "date": "2025-06-03"
      }
    },
    {
      "type": "Feature",
      "geometry": {
        "type": "Point",
        "coordinates": [
          1.9476339043715865,
          41.26364856338821
        ]
      },
      "properties": {
        "date": "2025-06-03"
      }
    },
    {
      "type": "Feature",
      "geometry": {
        "type": "Point",
        "coordinates": [
          1.9476569778688542,
          41.26364856338821
        ]
      },
      "properties": {
        "date": "2025-06-03"
      }
    },
    {
      "type": "Feature",
      "geometry": {
        "type": "Point",
        "coordinates": [
          1.9476800513661219,
          41.26364856338821
        ]
      },
      "properties": {
        "date": "2025-06-03"
      }
    },
    {
      "type": "Feature",
      "geometry": {
        "type": "Point",
        "coordinates": [
          1.9477031248633896,
          41.26364856338821
        ]
      },
      "properties": {
        "date": "2025-06-03"
      }
    },
    {
      "type": "Feature",
      "geometry": {
        "type": "Point",
        "coordinates": [
          1.9477261983606575,
          41.26364856338821
        ]
      },
      "properties": {
        "date": "2025-06-03"
      }
    },
    {
      "type": "Feature",
      "geometry": {
        "type": "Point",
        "coordinates": [
          1.9477492718579252,
          41.26364856338821
        ]
      },
      "properties": {
        "date": "2025-06-03"
      }
    },
    {
      "type": "Feature",
      "geometry": {
        "type": "Point",
        "coordinates": [
          1.947772345355193,
          41.26364856338821
        ]
      },
      "properties": {
        "date": "2025-06-03"
      }
    },
    {
      "type": "Feature",
      "geometry": {
        "type": "Point",
        "coordinates": [
          1.9477954188524607,
          41.26364856338821
        ]
      },
      "properties": {
        "date": "2025-06-03"
      }
    },
    {
      "type": "Feature",
      "geometry": {
        "type": "Point",
        "coordinates": [
          1.9478184923497284,
          41.26364856338821
        ]
      },
      "properties": {
        "date": "2025-06-03"
      }
    },
    {
      "type": "Feature",
      "geometry": {
        "type": "Point",
        "coordinates": [
          1.9478415658469963,
          41.26364856338821
        ]
      },
      "properties": {
        "date": "2025-06-03"
      }
    },
    {
      "type": "Feature",
      "geometry": {
        "type": "Point",
        "coordinates": [
          1.947864639344264,
          41.26364856338821
        ]
      },
      "properties": {
        "date": "2025-06-03"
      }
    },
    {
      "type": "Feature",
      "geometry": {
        "type": "Point",
        "coordinates": [
          1.9478877128415317,
          41.26364856338821
        ]
      },
      "properties": {
        "date": "2025-06-03"
      }
    },
    {
      "type": "Feature",
      "geometry": {
        "type": "Point",
        "coordinates": [
          1.9479107863387994,
          41.26364856338821
        ]
      },
      "properties": {
        "date": "2025-06-03"
      }
    },
    {
      "type": "Feature",
      "geometry": {
        "type": "Point",
        "coordinates": [
          1.9479338598360674,
          41.26364856338821
        ]
      },
      "properties": {
        "date": "2025-06-03"
      }
    },
    {
      "type": "Feature",
      "geometry": {
        "type": "Point",
        "coordinates": [
          1.947956933333335,
          41.26364856338821
        ]
      },
      "properties": {
        "date": "2025-06-03"
      }
    },
    {
      "type": "Feature",
      "geometry": {
        "type": "Point",
        "coordinates": [
          1.9479800068306028,
          41.26364856338821
        ]
      },
      "properties": {
        "date": "2025-06-03"
      }
    },
    {
      "type": "Feature",
      "geometry": {
        "type": "Point",
        "coordinates": [
          1.9480030803278705,
          41.26364856338821
        ]
      },
      "properties": {
        "date": "2025-06-03"
      }
    },
    {
      "type": "Feature",
      "geometry": {
        "type": "Point",
        "coordinates": [
          1.9480261538251382,
          41.26364856338821
        ]
      },
      "properties": {
        "date": "2025-06-03"
      }
    },
    {
      "type": "Feature",
      "geometry": {
        "type": "Point",
        "coordinates": [
          1.9480492273224062,
          41.26364856338821
        ]
      },
      "properties": {
        "date": "2025-06-03"
      }
    },
    {
      "type": "Feature",
      "geometry": {
        "type": "Point",
        "coordinates": [
          1.9480723008196739,
          41.26364856338821
        ]
      },
      "properties": {
        "date": "2025-06-03"
      }
    },
    {
      "type": "Feature",
      "geometry": {
        "type": "Point",
        "coordinates": [
          1.9480953743169416,
          41.26364856338821
        ]
      },
      "properties": {
        "date": "2025-06-03"
      }
    },
    {
      "type": "Feature",
      "geometry": {
        "type": "Point",
        "coordinates": [
          1.9481184478142093,
          41.26364856338821
        ]
      },
      "properties": {
        "date": "2025-06-03"
      }
    },
    {
      "type": "Feature",
      "geometry": {
        "type": "Point",
        "coordinates": [
          1.948141521311477,
          41.26364856338821
        ]
      },
      "properties": {
        "date": "2025-06-03"
      }
    },
    {
      "type": "Feature",
      "geometry": {
        "type": "Point",
        "coordinates": [
          1.955640407923499,
          41.26364856338821
        ]
      },
      "properties": {
        "date": "2025-06-03"
      }
    },
    {
      "type": "Feature",
      "geometry": {
        "type": "Point",
        "coordinates": [
          1.9468263319672148,
          41.263588658379106
        ]
      },
      "properties": {
        "date": "2025-06-03"
      }
    },
    {
      "type": "Feature",
      "geometry": {
        "type": "Point",
        "coordinates": [
          1.9469186259562858,
          41.263588658379106
        ]
      },
      "properties": {
        "date": "2025-06-03"
      }
    },
    {
      "type": "Feature",
      "geometry": {
        "type": "Point",
        "coordinates": [
          1.9469416994535536,
          41.263588658379106
        ]
      },
      "properties": {
        "date": "2025-06-03"
      }
    },
    {
      "type": "Feature",
      "geometry": {
        "type": "Point",
        "coordinates": [
          1.9469647729508215,
          41.263588658379106
        ]
      },
      "properties": {
        "date": "2025-06-03"
      }
    },
    {
      "type": "Feature",
      "geometry": {
        "type": "Point",
        "coordinates": [
          1.9469878464480892,
          41.263588658379106
        ]
      },
      "properties": {
        "date": "2025-06-03"
      }
    },
    {
      "type": "Feature",
      "geometry": {
        "type": "Point",
        "coordinates": [
          1.947010919945357,
          41.263588658379106
        ]
      },
      "properties": {
        "date": "2025-06-03"
      }
    },
    {
      "type": "Feature",
      "geometry": {
        "type": "Point",
        "coordinates": [
          1.9470339934426246,
          41.263588658379106
        ]
      },
      "properties": {
        "date": "2025-06-03"
      }
    },
    {
      "type": "Feature",
      "geometry": {
        "type": "Point",
        "coordinates": [
          1.9470570669398923,
          41.263588658379106
        ]
      },
      "properties": {
        "date": "2025-06-03"
      }
    },
    {
      "type": "Feature",
      "geometry": {
        "type": "Point",
        "coordinates": [
          1.9470801404371603,
          41.263588658379106
        ]
      },
      "properties": {
        "date": "2025-06-03"
      }
    },
    {
      "type": "Feature",
      "geometry": {
        "type": "Point",
        "coordinates": [
          1.955640407923499,
          41.263588658379106
        ]
      },
      "properties": {
        "date": "2025-06-03"
      }
    },
    {
      "type": "Feature",
      "geometry": {
        "type": "Point",
        "coordinates": [
          1.9462725680327886,
          41.26352875337
        ]
      },
      "properties": {
        "date": "2025-06-03"
      }
    },
    {
      "type": "Feature",
      "geometry": {
        "type": "Point",
        "coordinates": [
          1.9462956415300563,
          41.26352875337
        ]
      },
      "properties": {
        "date": "2025-06-03"
      }
    },
    {
      "type": "Feature",
      "geometry": {
        "type": "Point",
        "coordinates": [
          1.946318715027324,
          41.26352875337
        ]
      },
      "properties": {
        "date": "2025-06-03"
      }
    },
    {
      "type": "Feature",
      "geometry": {
        "type": "Point",
        "coordinates": [
          1.946341788524592,
          41.26352875337
        ]
      },
      "properties": {
        "date": "2025-06-03"
      }
    },
    {
      "type": "Feature",
      "geometry": {
        "type": "Point",
        "coordinates": [
          1.9463648620218597,
          41.26352875337
        ]
      },
      "properties": {
        "date": "2025-06-03"
      }
    },
    {
      "type": "Feature",
      "geometry": {
        "type": "Point",
        "coordinates": [
          1.9463879355191274,
          41.26352875337
        ]
      },
      "properties": {
        "date": "2025-06-03"
      }
    },
    {
      "type": "Feature",
      "geometry": {
        "type": "Point",
        "coordinates": [
          1.946411009016395,
          41.26352875337
        ]
      },
      "properties": {
        "date": "2025-06-03"
      }
    },
    {
      "type": "Feature",
      "geometry": {
        "type": "Point",
        "coordinates": [
          1.946434082513663,
          41.26352875337
        ]
      },
      "properties": {
        "date": "2025-06-03"
      }
    },
    {
      "type": "Feature",
      "geometry": {
        "type": "Point",
        "coordinates": [
          1.9464571560109307,
          41.26352875337
        ]
      },
      "properties": {
        "date": "2025-06-03"
      }
    },
    {
      "type": "Feature",
      "geometry": {
        "type": "Point",
        "coordinates": [
          1.9464802295081984,
          41.26352875337
        ]
      },
      "properties": {
        "date": "2025-06-03"
      }
    },
    {
      "type": "Feature",
      "geometry": {
        "type": "Point",
        "coordinates": [
          1.9465033030054661,
          41.26352875337
        ]
      },
      "properties": {
        "date": "2025-06-03"
      }
    },
    {
      "type": "Feature",
      "geometry": {
        "type": "Point",
        "coordinates": [
          1.9465263765027339,
          41.26352875337
        ]
      },
      "properties": {
        "date": "2025-06-03"
      }
    },
    {
      "type": "Feature",
      "geometry": {
        "type": "Point",
        "coordinates": [
          1.9465494500000018,
          41.26352875337
        ]
      },
      "properties": {
        "date": "2025-06-03"
      }
    },
    {
      "type": "Feature",
      "geometry": {
        "type": "Point",
        "coordinates": [
          1.9465725234972695,
          41.26352875337
        ]
      },
      "properties": {
        "date": "2025-06-03"
      }
    },
    {
      "type": "Feature",
      "geometry": {
        "type": "Point",
        "coordinates": [
          1.9465955969945372,
          41.26352875337
        ]
      },
      "properties": {
        "date": "2025-06-03"
      }
    },
    {
      "type": "Feature",
      "geometry": {
        "type": "Point",
        "coordinates": [
          1.946618670491805,
          41.26352875337
        ]
      },
      "properties": {
        "date": "2025-06-03"
      }
    },
    {
      "type": "Feature",
      "geometry": {
        "type": "Point",
        "coordinates": [
          1.9466417439890726,
          41.26352875337
        ]
      },
      "properties": {
        "date": "2025-06-03"
      }
    },
    {
      "type": "Feature",
      "geometry": {
        "type": "Point",
        "coordinates": [
          1.9466648174863406,
          41.26352875337
        ]
      },
      "properties": {
        "date": "2025-06-03"
      }
    },
    {
      "type": "Feature",
      "geometry": {
        "type": "Point",
        "coordinates": [
          1.9466878909836083,
          41.26352875337
        ]
      },
      "properties": {
        "date": "2025-06-03"
      }
    },
    {
      "type": "Feature",
      "geometry": {
        "type": "Point",
        "coordinates": [
          1.946710964480876,
          41.26352875337
        ]
      },
      "properties": {
        "date": "2025-06-03"
      }
    },
    {
      "type": "Feature",
      "geometry": {
        "type": "Point",
        "coordinates": [
          1.9467340379781437,
          41.26352875337
        ]
      },
      "properties": {
        "date": "2025-06-03"
      }
    },
    {
      "type": "Feature",
      "geometry": {
        "type": "Point",
        "coordinates": [
          1.9467571114754116,
          41.26352875337
        ]
      },
      "properties": {
        "date": "2025-06-03"
      }
    },
    {
      "type": "Feature",
      "geometry": {
        "type": "Point",
        "coordinates": [
          1.9467801849726794,
          41.26352875337
        ]
      },
      "properties": {
        "date": "2025-06-03"
      }
    },
    {
      "type": "Feature",
      "geometry": {
        "type": "Point",
        "coordinates": [
          1.946803258469947,
          41.26352875337
        ]
      },
      "properties": {
        "date": "2025-06-03"
      }
    },
    {
      "type": "Feature",
      "geometry": {
        "type": "Point",
        "coordinates": [
          1.9468263319672148,
          41.26352875337
        ]
      },
      "properties": {
        "date": "2025-06-03"
      }
    },
    {
      "type": "Feature",
      "geometry": {
        "type": "Point",
        "coordinates": [
          1.955640407923499,
          41.26352875337
        ]
      },
      "properties": {
        "date": "2025-06-03"
      }
    },
    {
      "type": "Feature",
      "geometry": {
        "type": "Polygon",
        "coordinates": [
          [
            [
              1.9462356856159317,
              41.264465013042155
            ],
            [
              1.9462356856159317,
              41.26341613943984
            ],
            [
              2.0028501773516894,
              41.26341613943984
            ],
            [
              2.0028501773516894,
              41.264465013042155
            ],
            [
              1.9462356856159317,
              41.264465013042155
            ]
          ]
        ]
      },
      "properties": {
        "name": "AOI"
      }
    }
  ]
}