{
  "type": "FeatureCollection",
  "features": [
    {
      "type": "Feature",
      "geometry": {
        "type": "Point",
        "coordinates": [
          2.0006568010928976,
          41.264367423497504
        ]
      },
      "properties": {
        "date": "2025-01-01"
      }
    },
    {
      "type": "Feature",
      "geometry": {
        "type": "Point",
        "coordinates": [
          2.0006798745901655,
          41.264367423497504
        ]
      },
      "properties": {
        "date": "2025-01-01"
      }
    },
    {
      "type": "Feature",
      "geometry": {
        "type": "Point",
        "coordinates": [
          2.000702948087433,
          41.264367423497504
        ]
      },
      "properties": {
        "date": "2025-01-01"
      }
    },
    {
      "type": "Feature",
      "geometry": {
        "type": "Point",
        "coordinates": [
          2.000726021584701,
          41.264367423497504
        ]
      },
      "properties": {
        "date": "2025-01-01"
      }
    },
    {
      "type": "Feature",
      "geometry": {
        "type": "Point",
        "coordinates": [
          2.0007490950819684,
          41.264367423497504
        ]
      },
      "properties": {
        "date": "2025-01-01"
      }
    },
    {
      "type": "Feature",
      "geometry": {
        "type": "Point",
        "coordinates": [
          2.0007721685792363,
          41.264367423497504
        ]
      },
      "properties": {
        "date": "2025-01-01"
      }
    },
    {
      "type": "Feature",
      "geometry": {
        "type": "Point",
        "coordinates": [
          2.0007952420765043,
          41.264367423497504
        ]
      },
      "properties": {
        "date": "2025-01-01"
      }
    },
    {
      "type": "Feature",
      "geometry": {
        "type": "Point",
        "coordinates": [
          2.0008183155737718,
          41.264367423497504
        ]
      },
      "properties": {
        "date": "2025-01-01"
      }
    },
    {
      "type": "Feature",
      "geometry": {
        "type": "Point",
        "coordinates": [
          2.0008413890710397,
          41.264367423497504
        ]
      },
      "properties": {
        "date": "2025-01-01"
      }
    },
    {
      "type": "Feature",
      "geometry": {
        "type": "Point",
        "coordinates": [
          2.0008644625683076,
          41.264367423497504
        ]
      },
      "properties": {
        "date": "2025-01-01"
      }
    },
    {
      "type": "Feature",
      "geometry": {
        "type": "Point",
        "coordinates": [
          2.000887536065575,
          41.264367423497504
        ]
      },
      "properties": {
        "date": "2025-01-01"
      }
    },
    {
      "type": "Feature",
      "geometry": {
        "type": "Point",
        "coordinates": [
          2.000910609562843,
          41.264367423497504
        ]
      },
      "properties": {
        "date": "2025-01-01"
      }
    },
    {
      "type": "Feature",
      "geometry": {
        "type": "Point",
        "coordinates": [
          2.0009336830601105,
          41.264367423497504
        ]
      },
      "properties": {
        "date": "2025-01-01"
      }
    },
    {
      "type": "Feature",
      "geometry": {
        "type": "Point",
        "coordinates": [
          2.0009567565573785,
          41.264367423497504
        ]
      },
      "properties": {
        "date": "2025-01-01"
      }
    },
    {
      "type": "Feature",
      "geometry": {
        "type": "Point",
        "coordinates": [
          2.0009798300546464,
          41.264367423497504
        ]
      },
      "properties": {
        "date": "2025-01-01"
      }
    },
    {
      "type": "Feature",
      "geometry": {
        "type": "Point",
        "coordinates": [
          2.001002903551914,
          41.264367423497504
        ]
      },
      "properties": {
        "date": "2025-01-01"
      }
    },
    {
      "type": "Feature",
      "geometry": {
        "type": "Point",
        "coordinates": [
          2.001025977049182,
          41.264367423497504
        ]
      },
      "properties": {
        "date": "2025-01-01"
      }
    },
    {
      "type": "Feature",
      "geometry": {
        "type": "Point",
        "coordinates": [
          2.0010490505464493,
          41.264367423497504
        ]
      },
      "properties": {
        "date": "2025-01-01"
      }
    },
    {
      "type": "Feature",
      "geometry": {
        "type": "Point",
        "coordinates": [
          2.0010721240437173,
          41.264367423497504
        ]
      },
      "properties": {
        "date": "2025-01-01"
      }
    },
    {
      "type": "Feature",
      "geometry": {
        "type": "Point",
        "coordinates": [
          2.001095197540985,
          41.264367423497504
        ]
      },
      "properties": {
        "date": "2025-01-01"
      }
    },
    {
      "type": "Feature",
      "geometry": {
        "type": "Point",
        "coordinates": [
          2.0011182710382527,
          41.264367423497504
        ]
      },
      "properties": {
        "date": "2025-01-01"
      }
    },
    {
      "type": "Feature",
      "geometry": {
        "type": "Point",
        "coordinates": [
          2.0011413445355206,
          41.264367423497504
        ]
      },
      "properties": {
        "date": "2025-01-01"
      }
    },
    {
      "type": "Feature",
      "geometry": {
        "type": "Point",
        "coordinates": [
          2.001164418032788,
          41.264367423497504
        ]
      },
      "properties": {
        "date": "2025-01-01"
      }
    },
    {
      "type": "Feature",
      "geometry": {
        "type": "Point",
        "coordinates": [
          2.001187491530056,
          41.264367423497504
        ]
      },
      "properties": {
        "date": "2025-01-01"
      }
    },
    {
      "type": "Feature",
      "geometry": {
        "type": "Point",
        "coordinates": [
          2.001210565027324,
          41.264367423497504
        ]
      },
      "properties": {
        "date": "2025-01-01"
      }
    },
    {
      "type": "Feature",
      "geometry": {
        "type": "Point",
        "coordinates": [
          2.0012336385245915,
          41.264367423497504
        ]
      },
      "properties": {
        "date": "2025-01-01"
      }
    },
    {
      "type": "Feature",
      "geometry": {
        "type": "Point",
        "coordinates": [
          2.0012567120218594,
          41.264367423497504
        ]
      },
      "properties": {
        "date": "2025-01-01"
      }
    },
    {
      "type": "Feature",
      "geometry": {
        "type": "Point",
        "coordinates": [
          2.001279785519127,
          41.264367423497504
        ]
      },
      "properties": {
        "date": "2025-01-01"
      }
    },
    {
      "type": "Feature",
      "geometry": {
        "type": "Point",
        "coordinates": [
          2.001302859016395,
          41.264367423497504
        ]
      },
      "properties": {
        "date": "2025-01-01"
      }
    },
    {
      "type": "Feature",
      "geometry": {
        "type": "Point",
        "coordinates": [
          2.0013259325136628,
          41.264367423497504
        ]
      },
      "properties": {
        "date": "2025-01-01"
      }
    },
    {
      "type": "Feature",
      "geometry": {
        "type": "Point",
        "coordinates": [
          2.0013490060109302,
          41.264367423497504
        ]
      },
      "properties": {
        "date": "2025-01-01"
      }
    },
    {
      "type": "Feature",
      "geometry": {
        "type": "Point",
        "coordinates": [
          2.001372079508198,
          41.264367423497504
        ]
      },
      "properties": {
        "date": "2025-01-01"
      }
    },
    {
      "type": "Feature",
      "geometry": {
        "type": "Point",
        "coordinates": [
          2.0013951530054657,
          41.264367423497504
        ]
      },
      "properties": {
        "date": "2025-01-01"
      }
    },
    {
      "type": "Feature",
      "geometry": {
        "type": "Point",
        "coordinates": [
          2.0014182265027336,
          41.264367423497504
        ]
      },
      "properties": {
        "date": "2025-01-01"
      }
    },
    {
      "type": "Feature",
      "geometry": {
        "type": "Point",
        "coordinates": [
          2.0014413000000015,
          41.264367423497504
        ]
      },
      "properties": {
        "date": "2025-01-01"
      }
    },
    {
      "type": "Feature",
      "geometry": {
        "type": "Point",
        "coordinates": [
          2.001464373497269,
          41.264367423497504
        ]
      },
      "properties": {
        "date": "2025-01-01"
      }
    },
    {
      "type": "Feature",
      "geometry": {
        "type": "Point",
        "coordinates": [
          2.001487446994537,
          41.264367423497504
        ]
      },
      "properties": {
        "date": "2025-01-01"
      }
    },
    {
      "type": "Feature",
      "geometry": {
        "type": "Point",
        "coordinates": [
          2.001510520491805,
          41.264367423497504
        ]
      },
      "properties": {
        "date": "2025-01-01"
      }
    },
    {
      "type": "Feature",
      "geometry": {
        "type": "Point",
        "coordinates": [
          2.0015335939890724,
          41.264367423497504
        ]
      },
      "properties": {
        "date": "2025-01-01"
      }
    },
    {
      "type": "Feature",
      "geometry": {
        "type": "Point",
        "coordinates": [
          2.0015566674863403,
          41.264367423497504
        ]
      },
      "properties": {
        "date": "2025-01-01"
      }
    },
    {
      "type": "Feature",
      "geometry": {
        "type": "Point",
        "coordinates": [
          2.001579740983608,
          41.264367423497504
        ]
      },
      "properties": {
        "date": "2025-01-01"
      }
    },
    {
      "type": "Feature",
      "geometry": {
        "type": "Point",
        "coordinates": [
          2.0026872688524606,
          41.264367423497504
        ]
      },
      "properties": {
        "date": "2025-01-01"
      }
    },
    {
      "type": "Feature",
      "geometry": {
        "type": "Point",
        "coordinates": [
          2.002710342349728,
          41.264367423497504
        ]
      },
      "properties": {
        "date": "2025-01-01"
      }
    },
    {
      "type": "Feature",
      "geometry": {
        "type": "Point",
        "coordinates": [
          2.002733415846996,
          41.264367423497504
        ]
      },
      "properties": {
        "date": "2025-01-01"
      }
    },
    {
      "type": "Feature",
      "geometry": {
        "type": "Point",
        "coordinates": [
          2.0027564893442635,
          41.264367423497504
        ]
      },
      "properties": {
        "date": "2025-01-01"
      }
    },
    {
      "type": "Feature",
      "geometry": {
        "type": "Point",
        "coordinates": [
          2.0027795628415315,
          41.264367423497504
        ]
      },
      "properties": {
        "date": "2025-01-01"
      }
    },
    {
      "type": "Feature",
      "geometry": {
        "type": "Point",
        "coordinates": [
          2.0028026363387994,
          41.264367423497504
        ]
      },
      "properties": {
        "date": "2025-01-01"
      }
    },
    {
      "type": "Feature",
      "geometry": {
        "type": "Point",
        "coordinates": [
          2.002825709836067,
          41.264367423497504
        ]
      },
      "properties": {
        "date": "2025-01-01"
      }
    },
    {
      "type": "Feature",
      "geometry": {
        "type": "Point",
        "coordinates": [
          1.9917042841530068,
          41.264307518488394
        ]
      },
      "properties": {
        "date": "2025-01-01"
      }
    },
    {
      "type": "Feature",
      "geometry": {
        "type": "Point",
        "coordinates": [
          1.9917273576502748,
          41.264307518488394
        ]
      },
      "properties": {
        "date": "2025-01-01"
      }
    },
    {
      "type": "Feature",
      "geometry": {
        "type": "Point",
        "coordinates": [
          1.9917504311475425,
          41.264307518488394
        ]
      },
      "properties": {
        "date": "2025-01-01"
      }
    },
    {
      "type": "Feature",
      "geometry": {
        "type": "Point",
        "coordinates": [
          1.9917735046448102,
          41.264307518488394
        ]
      },
      "properties": {
        "date": "2025-01-01"
      }
    },
    {
      "type": "Feature",
      "geometry": {
        "type": "Point",
        "coordinates": [
          1.991796578142078,
          41.264307518488394
        ]
      },
      "properties": {
        "date": "2025-01-01"
      }
    },
    {
      "type": "Feature",
      "geometry": {
        "type": "Point",
        "coordinates": [
          1.9991108767759578,
          41.264307518488394
        ]
      },
      "properties": {
        "date": "2025-01-01"
      }
    },
    {
      "type": "Feature",
      "geometry": {
        "type": "Point",
        "coordinates": [
          1.9991339502732255,
          41.264307518488394
        ]
      },
      "properties": {
        "date": "2025-01-01"
      }
    },
    {
      "type": "Feature",
      "geometry": {
        "type": "Point",
        "coordinates": [
          1.9991570237704932,
          41.264307518488394
        ]
      },
      "properties": {
        "date": "2025-01-01"
      }
    },
    {
      "type": "Feature",
      "geometry": {
        "type": "Point",
        "coordinates": [
          1.999180097267761,
          41.264307518488394
        ]
      },
      "properties": {
        "date": "2025-01-01"
      }
    },
    {
      "type": "Feature",
      "geometry": {
        "type": "Point",
        "coordinates": [
          1.9992031707650288,
          41.264307518488394
        ]
      },
      "properties": {
        "date": "2025-01-01"
      }
    },
    {
      "type": "Feature",
      "geometry": {
        "type": "Point",
        "coordinates": [
          1.9992262442622966,
          41.264307518488394
        ]
      },
      "properties": {
        "date": "2025-01-01"
      }
    },
    {
      "type": "Feature",
      "geometry": {
        "type": "Point",
        "coordinates": [
          1.9992493177595643,
          41.264307518488394
        ]
      },
      "properties": {
        "date": "2025-01-01"
      }
    },
    {
      "type": "Feature",
      "geometry": {
        "type": "Point",
        "coordinates": [
          1.999272391256832,
          41.264307518488394
        ]
      },
      "properties": {
        "date": "2025-01-01"
      }
    },
    {
      "type": "Feature",
      "geometry": {
        "type": "Point",
        "coordinates": [
          1.9992954647540997,
          41.264307518488394
        ]
      },
      "properties": {
        "date": "2025-01-01"
      }
    },
    {
      "type": "Feature",
      "geometry": {
        "type": "Point",
        "coordinates": [
          1.9993185382513676,
          41.264307518488394
        ]
      },
      "properties": {
        "date": "2025-01-01"
      }
    },
    {
      "type": "Feature",
      "geometry": {
        "type": "Point",
        "coordinates": [
          1.9993416117486353,
          41.264307518488394
        ]
      },
      "properties": {
        "date": "2025-01-01"
      }
    },
    {
      "type": "Feature",
      "geometry": {
        "type": "Point",
        "coordinates": [
          1.999364685245903,
          41.264307518488394
        ]
      },
      "properties": {
        "date": "2025-01-01"
      }
    },
    {
      "type": "Feature",
      "geometry": {
        "type": "Point",
        "coordinates": [
          1.9993877587431708,
          41.264307518488394
        ]
      },
      "properties": {
        "date": "2025-01-01"
      }
    },
    {
      "type": "Feature",
      "geometry": {
        "type": "Point",
        "coordinates": [
          1.9994108322404385,
          41.264307518488394
        ]
      },
      "properties": {
        "date": "2025-01-01"
      }
    },
    {
      "type": "Feature",
      "geometry": {
        "type": "Point",
        "coordinates": [
          1.9994339057377064,
          41.264307518488394
        ]
      },
      "properties": {
        "date": "2025-01-01"
      }
    },
    {
      "type": "Feature",
      "geometry": {
        "type": "Point",
        "coordinates": [
          1.9994569792349741,
          41.264307518488394
        ]
      },
      "properties": {
        "date": "2025-01-01"
      }
    },
    {
      "type": "Feature",
      "geometry": {
        "type": "Point",
        "coordinates": [
          1.9994800527322418,
          41.264307518488394
        ]
      },
      "properties": {
        "date": "2025-01-01"
      }
    },
    {
      "type": "Feature",
      "geometry": {
        "type": "Point",
        "coordinates": [
          1.9995031262295095,
          41.264307518488394
        ]
      },
      "properties": {
        "date": "2025-01-01"
      }
    },
    {
      "type": "Feature",
      "geometry": {
        "type": "Point",
        "coordinates": [
          1.9995261997267775,
          41.264307518488394
        ]
      },
      "properties": {
        "date": "2025-01-01"
      }
    },
    {
      "type": "Feature",
      "geometry": {
        "type": "Point",
        "coordinates": [
          1.9995492732240452,
          41.264307518488394
        ]
      },
      "properties": {
        "date": "2025-01-01"
      }
    },
    {
      "type": "Feature",
      "geometry": {
        "type": "Point",
        "coordinates": [
          1.999572346721313,
          41.264307518488394
        ]
      },
      "properties": {
        "date": "2025-01-01"
      }
    },
    {
      "type": "Feature",
      "geometry": {
        "type": "Point",
        "coordinates": [
          1.9995954202185806,
          41.264307518488394
        ]
      },
      "properties": {
        "date": "2025-01-01"
      }
    },
    {
      "type": "Feature",
      "geometry": {
        "type": "Point",
        "coordinates": [
          1.9996184937158483,
          41.264307518488394
        ]
      },
      "properties": {
        "date": "2025-01-01"
      }
    },
    {
      "type": "Feature",
      "geometry": {
        "type": "Point",
        "coordinates": [
          1.9996415672131163,
          41.264307518488394
        ]
      },
      "properties": {
        "date": "2025-01-01"
      }
    },
    {
      "type": "Feature",
      "geometry": {
        "type": "Point",
        "coordinates": [
          1.999664640710384,
          41.264307518488394
        ]
      },
      "properties": {
        "date": "2025-01-01"
      }
    },
    {
      "type": "Feature",
      "geometry": {
        "type": "Point",
        "coordinates": [
          1.9996877142076517,
          41.264307518488394
        ]
      },
      "properties": {
        "date": "2025-01-01"
      }
    },
    {
      "type": "Feature",
      "geometry": {
        "type": "Point",
        "coordinates": [
          1.9997107877049194,
          41.264307518488394
        ]
      },
      "properties": {
        "date": "2025-01-01"
      }
    },
    {
      "type": "Feature",
      "geometry": {
        "type": "Point",
        "coordinates": [
          1.9997338612021873,
          41.264307518488394
        ]
      },
      "properties": {
        "date": "2025-01-01"
      }
    },
    {
      "type": "Feature",
      "geometry": {
        "type": "Point",
        "coordinates": [
          1.999756934699455,
          41.264307518488394
        ]
      },
      "properties": {
        "date": "2025-01-01"
      }
    },
    {
      "type": "Feature",
      "geometry": {
        "type": "Point",
        "coordinates": [
          1.9997800081967227,
          41.264307518488394
        ]
      },
      "properties": {
        "date": "2025-01-01"
      }
    },
    {
      "type": "Feature",
      "geometry": {
        "type": "Point",
        "coordinates": [
          1.9998030816939905,
          41.264307518488394
        ]
      },
      "properties": {
        "date": "2025-01-01"
      }
    },
    {
      "type": "Feature",
      "geometry": {
        "type": "Point",
        "coordinates": [
          1.9998261551912582,
          41.264307518488394
        ]
      },
      "properties": {
        "date": "2025-01-01"
      }
    },
    {
      "type": "Feature",
      "geometry": {
        "type": "Point",
        "coordinates": [
          1.999849228688526,
          41.264307518488394
        ]
      },
      "properties": {
        "date": "2025-01-01"
      }
    },
    {
      "type": "Feature",
      "geometry": {
        "type": "Point",
        "coordinates": [
          1.9998723021857938,
          41.264307518488394
        ]
      },
      "properties": {
        "date": "2025-01-01"
      }
    },
    {
      "type": "Feature",
      "geometry": {
        "type": "Point",
        "coordinates": [
          1.9998953756830615,
          41.264307518488394
        ]
      },
      "properties": {
        "date": "2025-01-01"
      }
    },
    {
      "type": "Feature",
      "geometry": {
        "type": "Point",
        "coordinates": [
          1.9999184491803292,
          41.264307518488394
        ]
      },
      "properties": {
        "date": "2025-01-01"
      }
    },
    {
      "type": "Feature",
      "geometry": {
        "type": "Point",
        "coordinates": [
          1.999941522677597,
          41.264307518488394
        ]
      },
      "properties": {
        "date": "2025-01-01"
      }
    },
    {
      "type": "Feature",
      "geometry": {
        "type": "Point",
        "coordinates": [
          1.9999645961748649,
          41.264307518488394
        ]
      },
      "properties": {
        "date": "2025-01-01"
      }
    },
    {
      "type": "Feature",
      "geometry": {
        "type": "Point",
        "coordinates": [
          1.9999876696721326,
          41.264307518488394
        ]
      },
      "properties": {
        "date": "2025-01-01"
      }
    },
    {
      "type": "Feature",
      "geometry": {
        "type": "Point",
        "coordinates": [
          2.0000107431694003,
          41.264307518488394
        ]
      },
      "properties": {
        "date": "2025-01-01"
      }
    },
    {
      "type": "Feature",
      "geometry": {
        "type": "Point",
        "coordinates": [
          2.0000338166666682,
          41.264307518488394
        ]
      },
      "properties": {
        "date": "2025-01-01"
      }
    },
    {
      "type": "Feature",
      "geometry": {
        "type": "Point",
        "coordinates": [
          2.0000568901639357,
          41.264307518488394
        ]
      },
      "properties": {
        "date": "2025-01-01"
      }
    },
    {
      "type": "Feature",
      "geometry": {
        "type": "Point",
        "coordinates": [
          2.0000799636612037,
          41.264307518488394
        ]
      },
      "properties": {
        "date": "2025-01-01"
      }
    },
    {
      "type": "Feature",
      "geometry": {
        "type": "Point",
        "coordinates": [
          2.000103037158471,
          41.264307518488394
        ]
      },
      "properties": {
        "date": "2025-01-01"
      }
    },
    {
      "type": "Feature",
      "geometry": {
        "type": "Point",
        "coordinates": [
          2.000126110655739,
          41.264307518488394
        ]
      },
      "properties": {
        "date": "2025-01-01"
      }
    },
    {
      "type": "Feature",
      "geometry": {
        "type": "Point",
        "coordinates": [
          2.000149184153007,
          41.264307518488394
        ]
      },
      "properties": {
        "date": "2025-01-01"
      }
    },
    {
      "type": "Feature",
      "geometry": {
        "type": "Point",
        "coordinates": [
          2.0001722576502745,
          41.264307518488394
        ]
      },
      "properties": {
        "date": "2025-01-01"
      }
    },
    {
      "type": "Feature",
      "geometry": {
        "type": "Point",
        "coordinates": [
          2.0001953311475424,
          41.264307518488394
        ]
      },
      "properties": {
        "date": "2025-01-01"
      }
    },
    {
      "type": "Feature",
      "geometry": {
        "type": "Point",
        "coordinates": [
          2.0002184046448104,
          41.264307518488394
        ]
      },
      "properties": {
        "date": "2025-01-01"
      }
    },
    {
      "type": "Feature",
      "geometry": {
        "type": "Point",
        "coordinates": [
          2.000241478142078,
          41.264307518488394
        ]
      },
      "properties": {
        "date": "2025-01-01"
      }
    },
    {
      "type": "Feature",
      "geometry": {
        "type": "Point",
        "coordinates": [
          2.000264551639346,
          41.264307518488394
        ]
      },
      "properties": {
        "date": "2025-01-01"
      }
    },
    {
      "type": "Feature",
      "geometry": {
        "type": "Point",
        "coordinates": [
          2.0002876251366133,
          41.264307518488394
        ]
      },
      "properties": {
        "date": "2025-01-01"
      }
    },
    {
      "type": "Feature",
      "geometry": {
        "type": "Point",
        "coordinates": [
          2.0017412554644824,
          41.264307518488394
        ]
      },
      "properties": {
        "date": "2025-01-01"
      }
    },
    {
      "type": "Feature",
      "geometry": {
        "type": "Point",
        "coordinates": [
          2.00176432896175,
          41.264307518488394
        ]
      },
      "properties": {
        "date": "2025-01-01"
      }
    },
    {
      "type": "Feature",
      "geometry": {
        "type": "Point",
        "coordinates": [
          2.001787402459018,
          41.264307518488394
        ]
      },
      "properties": {
        "date": "2025-01-01"
      }
    },
    {
      "type": "Feature",
      "geometry": {
        "type": "Point",
        "coordinates": [
          2.0018104759562854,
          41.264307518488394
        ]
      },
      "properties": {
        "date": "2025-01-01"
      }
    },
    {
      "type": "Feature",
      "geometry": {
        "type": "Point",
        "coordinates": [
          2.0018335494535533,
          41.264307518488394
        ]
      },
      "properties": {
        "date": "2025-01-01"
      }
    },
    {
      "type": "Feature",
      "geometry": {
        "type": "Point",
        "coordinates": [
          2.0018566229508212,
          41.264307518488394
        ]
      },
      "properties": {
        "date": "2025-01-01"
      }
    },
    {
      "type": "Feature",
      "geometry": {
        "type": "Point",
        "coordinates": [
          2.0018796964480887,
          41.264307518488394
        ]
      },
      "properties": {
        "date": "2025-01-01"
      }
    },
    {
      "type": "Feature",
      "geometry": {
        "type": "Point",
        "coordinates": [
          2.0019027699453567,
          41.264307518488394
        ]
      },
      "properties": {
        "date": "2025-01-01"
      }
    },
    {
      "type": "Feature",
      "geometry": {
        "type": "Point",
        "coordinates": [
          2.001925843442624,
          41.264307518488394
        ]
      },
      "properties": {
        "date": "2025-01-01"
      }
    },
    {
      "type": "Feature",
      "geometry": {
        "type": "Point",
        "coordinates": [
          2.001948916939892,
          41.264307518488394
        ]
      },
      "properties": {
        "date": "2025-01-01"
      }
    },
    {
      "type": "Feature",
      "geometry": {
        "type": "Point",
        "coordinates": [
          2.00197199043716,
          41.264307518488394
        ]
      },
      "properties": {
        "date": "2025-01-01"
      }
    },
    {
      "type": "Feature",
      "geometry": {
        "type": "Point",
        "coordinates": [
          2.0019950639344275,
          41.264307518488394
        ]
      },
      "properties": {
        "date": "2025-01-01"
      }
    },
    {
      "type": "Feature",
      "geometry": {
        "type": "Point",
        "coordinates": [
          2.0020181374316954,
          41.264307518488394
        ]
      },
      "properties": {
        "date": "2025-01-01"
      }
    },
    {
      "type": "Feature",
      "geometry": {
        "type": "Point",
        "coordinates": [
          2.0020412109289634,
          41.264307518488394
        ]
      },
      "properties": {
        "date": "2025-01-01"
      }
    },
    {
      "type": "Feature",
      "geometry": {
        "type": "Point",
        "coordinates": [
          2.002064284426231,
          41.264307518488394
        ]
      },
      "properties": {
        "date": "2025-01-01"
      }
    },
    {
      "type": "Feature",
      "geometry": {
        "type": "Point",
        "coordinates": [
          2.002087357923499,
          41.264307518488394
        ]
      },
      "properties": {
        "date": "2025-01-01"
      }
    },
    {
      "type": "Feature",
      "geometry": {
        "type": "Point",
        "coordinates": [
          2.0021104314207663,
          41.264307518488394
        ]
      },
      "properties": {
        "date": "2025-01-01"
      }
    },
    {
      "type": "Feature",
      "geometry": {
        "type": "Point",
        "coordinates": [
          2.002133504918034,
          41.264307518488394
        ]
      },
      "properties": {
        "date": "2025-01-01"
      }
    },
    {
      "type": "Feature",
      "geometry": {
        "type": "Point",
        "coordinates": [
          2.002156578415302,
          41.264307518488394
        ]
      },
      "properties": {
        "date": "2025-01-01"
      }
    },
    {
      "type": "Feature",
      "geometry": {
        "type": "Point",
        "coordinates": [
          2.0021796519125696,
          41.264307518488394
        ]
      },
      "properties": {
        "date": "2025-01-01"
      }
    },
    {
      "type": "Feature",
      "geometry": {
        "type": "Point",
        "coordinates": [
          2.0022027254098376,
          41.264307518488394
        ]
      },
      "properties": {
        "date": "2025-01-01"
      }
    },
    {
      "type": "Feature",
      "geometry": {
        "type": "Point",
        "coordinates": [
          2.002225798907105,
          41.264307518488394
        ]
      },
      "properties": {
        "date": "2025-01-01"
      }
    },
    {
      "type": "Feature",
      "geometry": {
        "type": "Point",
        "coordinates": [
          2.002248872404373,
          41.264307518488394
        ]
      },
      "properties": {
        "date": "2025-01-01"
      }
    },
    {
      "type": "Feature",
      "geometry": {
        "type": "Point",
        "coordinates": [
          2.002271945901641,
          41.264307518488394
        ]
      },
      "properties": {
        "date": "2025-01-01"
      }
    },
    {
      "type": "Feature",
      "geometry": {
        "type": "Point",
        "coordinates": [
          2.0022950193989084,
          41.264307518488394
        ]
      },
      "properties": {
        "date": "2025-01-01"
      }
    },
    {
      "type": "Feature",
      "geometry": {
        "type": "Point",
        "coordinates": [
          2.0023180928961763,
          41.264307518488394
        ]
      },
      "properties": {
        "date": "2025-01-01"
      }
    },
    {
      "type": "Feature",
      "geometry": {
        "type": "Point",
        "coordinates": [
          2.002341166393444,
          41.264307518488394
        ]
      },
      "properties": {
        "date": "2025-01-01"
      }
    },
    {
      "type": "Feature",
      "geometry": {
        "type": "Point",
        "coordinates": [
          2.0023642398907118,
          41.264307518488394
        ]
      },
      "properties": {
        "date": "2025-01-01"
      }
    },
    {
      "type": "Feature",
      "geometry": {
        "type": "Point",
        "coordinates": [
          2.0023873133879797,
          41.264307518488394
        ]
      },
      "properties": {
        "date": "2025-01-01"
      }
    },
    {
      "type": "Feature",
      "geometry": {
        "type": "Point",
        "coordinates": [
          2.002410386885247,
          41.264307518488394
        ]
      },
      "properties": {
        "date": "2025-01-01"
      }
    },
    {
      "type": "Feature",
      "geometry": {
        "type": "Point",
        "coordinates": [
          2.002433460382515,
          41.264307518488394
        ]
      },
      "properties": {
        "date": "2025-01-01"
      }
    },
    {
      "type": "Feature",
      "geometry": {
        "type": "Point",
        "coordinates": [
          1.9991108767759578,
          41.264247613479284
        ]
      },
      "properties": {
        "date": "2025-01-01"
      }
    },
    {
      "type": "Feature",
      "geometry": {
        "type": "Point",
        "coordinates": [
          1.9991339502732255,
          41.264247613479284
        ]
      },
      "properties": {
        "date": "2025-01-01"
      }
    },
    {
      "type": "Feature",
      "geometry": {
        "type": "Point",
        "coordinates": [
          1.9991570237704932,
          41.264247613479284
        ]
      },
      "properties": {
        "date": "2025-01-01"
      }
    },
    {
      "type": "Feature",
      "geometry": {
        "type": "Point",
        "coordinates": [
          1.999180097267761,
          41.264247613479284
        ]
      },
      "properties": {
        "date": "2025-01-01"
      }
    },
    {
      "type": "Feature",
      "geometry": {
        "type": "Point",
        "coordinates": [
          1.9992031707650288,
          41.264247613479284
        ]
      },
      "properties": {
        "date": "2025-01-01"
      }
    },
    {
      "type": "Feature",
      "geometry": {
        "type": "Point",
        "coordinates": [
          1.9992262442622966,
          41.264247613479284
        ]
      },
      "properties": {
        "date": "2025-01-01"
      }
    },
    {
      "type": "Feature",
      "geometry": {
        "type": "Point",
        "coordinates": [
          1.9992493177595643,
          41.264247613479284
        ]
      },
      "properties": {
        "date": "2025-01-01"
      }
    },
    {
      "type": "Feature",
      "geometry": {
        "type": "Point",
        "coordinates": [
          1.999272391256832,
          41.264247613479284
        ]
      },
      "properties": {
        "date": "2025-01-01"
      }
    },
    {
      "type": "Feature",
      "geometry": {
        "type": "Point",
        "coordinates": [
          1.9992954647540997,
          41.264247613479284
        ]
      },
      "properties": {
        "date": "2025-01-01"
      }
    },
    {
      "type": "Feature",
      "geometry": {
        "type": "Point",
        "coordinates": [
          1.9993185382513676,
          41.264247613479284
        ]
      },
      "properties": {
        "date": "2025-01-01"
      }
    },
    {
      "type": "Feature",
      "geometry": {
        "type": "Point",
        "coordinates": [
          1.9993416117486353,
          41.264247613479284
        ]
      },
      "properties": {
        "date": "2025-01-01"
      }
    },
    {
      "type": "Feature",
      "geometry": {
        "type": "Point",
        "coordinates": [
          1.999364685245903,
          41.264247613479284
        ]
      },
      "properties": {
        "date": "2025-01-01"
      }
    },
    {
      "type": "Feature",
      "geometry": {
        "type": "Point",
        "coordinates": [
          1.9993877587431708,
          41.264247613479284
        ]
      },
      "properties": {
        "date": "2025-01-01"
      }
    },
    {
      "type": "Feature",
      "geometry": {
        "type": "Point",
        "coordinates": [
          1.9994108322404385,
          41.264247613479284
        ]
      },
      "properties": {
        "date": "2025-01-01"
      }
    },
    {
      "type": "Feature",
      "geometry": {
        "type": "Point",
        "coordinates": [
          1.9994339057377064,
          41.264247613479284
        ]
      },
      "properties": {
        "date": "2025-01-01"
      }
    },
    {
      "type": "Feature",
      "geometry": {
        "type": "Point",
        "coordinates": [
          1.9994569792349741,
          41.264247613479284
        ]
      },
      "properties": {
        "date": "2025-01-01"
      }
    },
    {
      "type": "Feature",
      "geometry": {
        "type": "Point",
        "coordinates": [
          1.9994800527322418,
          41.264247613479284
        ]
      },
      "properties": {
        "date": "2025-01-01"
      }
    },
    {
      "type": "Feature",
      "geometry": {
        "type": "Point",
        "coordinates": [
          1.9995031262295095,
          41.264247613479284
        ]
      },
      "properties": {
        "date": "2025-01-01"
      }
    },
    {
      "type": "Feature",
      "geometry": {
        "type": "Point",
        "coordinates": [
          1.9995261997267775,
          41.264247613479284
        ]
      },
      "properties": {
        "date": "2025-01-01"
      }
    },
    {
      "type": "Feature",
      "geometry": {
        "type": "Point",
        "coordinates": [
          1.9995492732240452,
          41.264247613479284
        ]
      },
      "properties": {
        "date": "2025-01-01"
      }
    },
    {
      "type": "Feature",
      "geometry": {
        "type": "Point",
        "coordinates": [
          1.999572346721313,
          41.264247613479284
        ]
      },
      "properties": {
        "date": "2025-01-01"
      }
    },
    {
      "type": "Feature",
      "geometry": {
        "type": "Point",
        "coordinates": [
          1.9995954202185806,
          41.264247613479284
        ]
      },
      "properties": {
        "date": "2025-01-01"
      }
    },
    {
      "type": "Feature",
      "geometry": {
        "type": "Point",
        "coordinates": [
          1.9996184937158483,
          41.264247613479284
        ]
      },
      "properties": {
        "date": "2025-01-01"
      }
    },
    {
      "type": "Feature",
      "geometry": {
        "type": "Point",
        "coordinates": [
          1.9996415672131163,
          41.264247613479284
        ]
      },
      "properties": {
        "date": "2025-01-01"
      }
    },
    {
      "type": "Feature",
      "geometry": {
        "type": "Point",
        "coordinates": [
          1.999664640710384,
          41.264247613479284
        ]
      },
      "properties": {
        "date": "2025-01-01"
      }
    },
    {
      "type": "Feature",
      "geometry": {
        "type": "Point",
        "coordinates": [
          1.9996877142076517,
          41.264247613479284
        ]
      },
      "properties": {
        "date": "2025-01-01"
      }
    },
    {
      "type": "Feature",
      "geometry": {
        "type": "Point",
        "coordinates": [
          1.9997107877049194,
          41.264247613479284
        ]
      },
      "properties": {
        "date": "2025-01-01"
      }
    },
    {
      "type": "Feature",
      "geometry": {
        "type": "Point",
        "coordinates": [
          1.9997338612021873,
          41.264247613479284
        ]
      },
      "properties": {
        "date": "2025-01-01"
      }
    },
    {
      "type": "Feature",
      "geometry": {
        "type": "Point",
        "coordinates": [
          1.999756934699455,
          41.264247613479284
        ]
      },
      "properties": {
        "date": "2025-01-01"
      }
    },
    {
      "type": "Feature",
      "geometry": {
        "type": "Point",
        "coordinates": [
          1.9997800081967227,
          41.264247613479284
        ]
      },
      "properties": {
        "date": "2025-01-01"
      }
    },
    {
      "type": "Feature",
      "geometry": {
        "type": "Point",
        "coordinates": [
          1.9998030816939905,
          41.264247613479284
        ]
      },
      "properties": {
        "date": "2025-01-01"
      }
    },
    {
      "type": "Feature",
      "geometry": {
        "type": "Point",
        "coordinates": [
          1.9998261551912582,
          41.264247613479284
        ]
      },
      "properties": {
        "date": "2025-01-01"
      }
    },
    {
      "type": "Feature",
      "geometry": {
        "type": "Point",
        "coordinates": [
          1.999849228688526,
          41.264247613479284
        ]
      },
      "properties": {
        "date": "2025-01-01"
      }
    },
    {
      "type": "Feature",
      "geometry": {
        "type": "Point",
        "coordinates": [
          1.9998723021857938,
          41.264247613479284
        ]
      },
      "properties": {
        "date": "2025-01-01"
      }
    },
    {
      "type": "Feature",
      "geometry": {
        "type": "Point",
        "coordinates": [
          1.9998953756830615,
          41.264247613479284
        ]
      },
      "properties": {
        "date": "2025-01-01"
      }
    },
    {
      "type": "Feature",
      "geometry": {
        "type": "Point",
        "coordinates": [
          1.9999184491803292,
          41.264247613479284
        ]
      },
      "properties": {
        "date": "2025-01-01"
      }
    },
    {
      "type": "Feature",
      "geometry": {
        "type": "Point",
        "coordinates": [
          1.999941522677597,
          41.264247613479284
        ]
      },
      "properties": {
        "date": "2025-01-01"
      }
    },
    {
      "type": "Feature",
      "geometry": {
        "type": "Point",
        "coordinates": [
          1.9999645961748649,
          41.264247613479284
        ]
      },
      "properties": {
        "date": "2025-01-01"
      }
    },
    {
      "type": "Feature",
      "geometry": {
        "type": "Point",
        "coordinates": [
          1.9999876696721326,
          41.264247613479284
        ]
      },
      "properties": {
        "date": "2025-01-01"
      }
    },
    {
      "type": "Feature",
      "geometry": {
        "type": "Point",
        "coordinates": [
          2.0000107431694003,
          41.264247613479284
        ]
      },
      "properties": {
        "date": "2025-01-01"
      }
    },
    {
      "type": "Feature",
      "geometry": {
        "type": "Point",
        "coordinates": [
          2.0000338166666682,
          41.264247613479284
        ]
      },
      "properties": {
        "date": "2025-01-01"
      }
    },
    {
      "type": "Feature",
      "geometry": {
        "type": "Point",
        "coordinates": [
          2.0000568901639357,
          41.264247613479284
        ]
      },
      "properties": {
        "date": "2025-01-01"
      }
    },
    {
      "type": "Feature",
      "geometry": {
        "type": "Point",
        "coordinates": [
          2.0000799636612037,
          41.264247613479284
        ]
      },
      "properties": {
        "date": "2025-01-01"
      }
    },
    {
      "type": "Feature",
      "geometry": {
        "type": "Point",
        "coordinates": [
          2.000103037158471,
          41.264247613479284
        ]
      },
      "properties": {
        "date": "2025-01-01"
      }
    },
    {
      "type": "Feature",
      "geometry": {
        "type": "Point",
        "coordinates": [
          2.000126110655739,
          41.264247613479284
        ]
      },
      "properties": {
        "date": "2025-01-01"
      }
    },
    {
      "type": "Feature",
      "geometry": {
        "type": "Point",
        "coordinates": [
          2.000149184153007,
          41.264247613479284
        ]
      },
      "properties": {
        "date": "2025-01-01"
      }
    },
    {
      "type": "Feature",
      "geometry": {
        "type": "Point",
        "coordinates": [
          2.0001722576502745,
          41.264247613479284
        ]
      },
      "properties": {
        "date": "2025-01-01"
      }
    },
    {
      "type": "Feature",
      "geometry": {
        "type": "Point",
        "coordinates": [
          2.0001953311475424,
          41.264247613479284
        ]
      },
      "properties": {
        "date": "2025-01-01"
      }
    },
    {
      "type": "Feature",
      "geometry": {
        "type": "Point",
        "coordinates": [
          2.0002184046448104,
          41.264247613479284
        ]
      },
      "properties": {
        "date": "2025-01-01"
      }
    },
    {
      "type": "Feature",
      "geometry": {
        "type": "Point",
        "coordinates": [
          2.000241478142078,
          41.264247613479284
        ]
      },
      "properties": {
        "date": "2025-01-01"
      }
    },
    {
      "type": "Feature",
      "geometry": {
        "type": "Point",
        "coordinates": [
          2.000264551639346,
          41.264247613479284
        ]
      },
      "properties": {
        "date": "2025-01-01"
      }
    },
    {
      "type": "Feature",
      "geometry": {
        "type": "Point",
        "coordinates": [
          2.0002876251366133,
          41.264247613479284
        ]
      },
      "properties": {
        "date": "2025-01-01"
      }
    },
    {
      "type": "Feature",
      "geometry": {
        "type": "Point",
        "coordinates": [
          1.9959959546448103,
          41.26418770847018
        ]
      },
      "properties": {
        "date": "2025-01-01"
      }
    },
    {
      "type": "Feature",
      "geometry": {
        "type": "Point",
        "coordinates": [
          1.996019028142078,
          41.26418770847018
        ]
      },
      "properties": {
        "date": "2025-01-01"
      }
    },
    {
      "type": "Feature",
      "geometry": {
        "type": "Point",
        "coordinates": [
          1.9960421016393457,
          41.26418770847018
        ]
      },
      "properties": {
        "date": "2025-01-01"
      }
    },
    {
      "type": "Feature",
      "geometry": {
        "type": "Point",
        "coordinates": [
          1.9960651751366134,
          41.26418770847018
        ]
      },
      "properties": {
        "date": "2025-01-01"
      }
    },
    {
      "type": "Feature",
      "geometry": {
        "type": "Point",
        "coordinates": [
          1.9960882486338811,
          41.26418770847018
        ]
      },
      "properties": {
        "date": "2025-01-01"
      }
    },
    {
      "type": "Feature",
      "geometry": {
        "type": "Point",
        "coordinates": [
          1.996111322131149,
          41.26418770847018
        ]
      },
      "properties": {
        "date": "2025-01-01"
      }
    },
    {
      "type": "Feature",
      "geometry": {
        "type": "Point",
        "coordinates": [
          1.9961343956284168,
          41.26418770847018
        ]
      },
      "properties": {
        "date": "2025-01-01"
      }
    },
    {
      "type": "Feature",
      "geometry": {
        "type": "Point",
        "coordinates": [
          1.9961574691256845,
          41.26418770847018
        ]
      },
      "properties": {
        "date": "2025-01-01"
      }
    },
    {
      "type": "Feature",
      "geometry": {
        "type": "Point",
        "coordinates": [
          1.9961805426229522,
          41.26418770847018
        ]
      },
      "properties": {
        "date": "2025-01-01"
      }
    },
    {
      "type": "Feature",
      "geometry": {
        "type": "Point",
        "coordinates": [
          1.9962036161202201,
          41.26418770847018
        ]
      },
      "properties": {
        "date": "2025-01-01"
      }
    },
    {
      "type": "Feature",
      "geometry": {
        "type": "Point",
        "coordinates": [
          1.9962266896174878,
          41.26418770847018
        ]
      },
      "properties": {
        "date": "2025-01-01"
      }
    },
    {
      "type": "Feature",
      "geometry": {
        "type": "Point",
        "coordinates": [
          1.9962497631147555,
          41.26418770847018
        ]
      },
      "properties": {
        "date": "2025-01-01"
      }
    },
    {
      "type": "Feature",
      "geometry": {
        "type": "Point",
        "coordinates": [
          1.9962728366120233,
          41.26418770847018
        ]
      },
      "properties": {
        "date": "2025-01-01"
      }
    },
    {
      "type": "Feature",
      "geometry": {
        "type": "Point",
        "coordinates": [
          1.996295910109291,
          41.26418770847018
        ]
      },
      "properties": {
        "date": "2025-01-01"
      }
    },
    {
      "type": "Feature",
      "geometry": {
        "type": "Point",
        "coordinates": [
          1.996318983606559,
          41.26418770847018
        ]
      },
      "properties": {
        "date": "2025-01-01"
      }
    },
    {
      "type": "Feature",
      "geometry": {
        "type": "Point",
        "coordinates": [
          1.9963420571038266,
          41.26418770847018
        ]
      },
      "properties": {
        "date": "2025-01-01"
      }
    },
    {
      "type": "Feature",
      "geometry": {
        "type": "Point",
        "coordinates": [
          1.9963651306010943,
          41.26418770847018
        ]
      },
      "properties": {
        "date": "2025-01-01"
      }
    },
    {
      "type": "Feature",
      "geometry": {
        "type": "Point",
        "coordinates": [
          1.996388204098362,
          41.26418770847018
        ]
      },
      "properties": {
        "date": "2025-01-01"
      }
    },
    {
      "type": "Feature",
      "geometry": {
        "type": "Point",
        "coordinates": [
          1.9964112775956298,
          41.26418770847018
        ]
      },
      "properties": {
        "date": "2025-01-01"
      }
    },
    {
      "type": "Feature",
      "geometry": {
        "type": "Point",
        "coordinates": [
          1.9964343510928977,
          41.26418770847018
        ]
      },
      "properties": {
        "date": "2025-01-01"
      }
    },
    {
      "type": "Feature",
      "geometry": {
        "type": "Point",
        "coordinates": [
          1.9964574245901654,
          41.26418770847018
        ]
      },
      "properties": {
        "date": "2025-01-01"
      }
    },
    {
      "type": "Feature",
      "geometry": {
        "type": "Point",
        "coordinates": [
          1.996480498087433,
          41.26418770847018
        ]
      },
      "properties": {
        "date": "2025-01-01"
      }
    },
    {
      "type": "Feature",
      "geometry": {
        "type": "Point",
        "coordinates": [
          1.9965035715847008,
          41.26418770847018
        ]
      },
      "properties": {
        "date": "2025-01-01"
      }
    },
    {
      "type": "Feature",
      "geometry": {
        "type": "Point",
        "coordinates": [
          1.9965266450819688,
          41.26418770847018
        ]
      },
      "properties": {
        "date": "2025-01-01"
      }
    },
    {
      "type": "Feature",
      "geometry": {
        "type": "Point",
        "coordinates": [
          1.9965497185792365,
          41.26418770847018
        ]
      },
      "properties": {
        "date": "2025-01-01"
      }
    },
    {
      "type": "Feature",
      "geometry": {
        "type": "Point",
        "coordinates": [
          1.9965727920765042,
          41.26418770847018
        ]
      },
      "properties": {
        "date": "2025-01-01"
      }
    },
    {
      "type": "Feature",
      "geometry": {
        "type": "Point",
        "coordinates": [
          1.9965958655737719,
          41.26418770847018
        ]
      },
      "properties": {
        "date": "2025-01-01"
      }
    },
    {
      "type": "Feature",
      "geometry": {
        "type": "Point",
        "coordinates": [
          1.9966189390710396,
          41.26418770847018
        ]
      },
      "properties": {
        "date": "2025-01-01"
      }
    },
    {
      "type": "Feature",
      "geometry": {
        "type": "Point",
        "coordinates": [
          1.9966420125683075,
          41.26418770847018
        ]
      },
      "properties": {
        "date": "2025-01-01"
      }
    },
    {
      "type": "Feature",
      "geometry": {
        "type": "Point",
        "coordinates": [
          1.9966650860655752,
          41.26418770847018
        ]
      },
      "properties": {
        "date": "2025-01-01"
      }
    },
    {
      "type": "Feature",
      "geometry": {
        "type": "Point",
        "coordinates": [
          1.996688159562843,
          41.26418770847018
        ]
      },
      "properties": {
        "date": "2025-01-01"
      }
    },
    {
      "type": "Feature",
      "geometry": {
        "type": "Point",
        "coordinates": [
          1.9975649524590178,
          41.26418770847018
        ]
      },
      "properties": {
        "date": "2025-01-01"
      }
    },
    {
      "type": "Feature",
      "geometry": {
        "type": "Point",
        "coordinates": [
          1.9975880259562855,
          41.26418770847018
        ]
      },
      "properties": {
        "date": "2025-01-01"
      }
    },
    {
      "type": "Feature",
      "geometry": {
        "type": "Point",
        "coordinates": [
          1.9976110994535534,
          41.26418770847018
        ]
      },
      "properties": {
        "date": "2025-01-01"
      }
    },
    {
      "type": "Feature",
      "geometry": {
        "type": "Point",
        "coordinates": [
          1.9976341729508211,
          41.26418770847018
        ]
      },
      "properties": {
        "date": "2025-01-01"
      }
    },
    {
      "type": "Feature",
      "geometry": {
        "type": "Point",
        "coordinates": [
          1.9976572464480888,
          41.26418770847018
        ]
      },
      "properties": {
        "date": "2025-01-01"
      }
    },
    {
      "type": "Feature",
      "geometry": {
        "type": "Point",
        "coordinates": [
          1.9976803199453566,
          41.26418770847018
        ]
      },
      "properties": {
        "date": "2025-01-01"
      }
    },
    {
      "type": "Feature",
      "geometry": {
        "type": "Point",
        "coordinates": [
          1.9977033934426245,
          41.26418770847018
        ]
      },
      "properties": {
        "date": "2025-01-01"
      }
    },
    {
      "type": "Feature",
      "geometry": {
        "type": "Point",
        "coordinates": [
          1.9977264669398922,
          41.26418770847018
        ]
      },
      "properties": {
        "date": "2025-01-01"
      }
    },
    {
      "type": "Feature",
      "geometry": {
        "type": "Point",
        "coordinates": [
          1.99774954043716,
          41.26418770847018
        ]
      },
      "properties": {
        "date": "2025-01-01"
      }
    },
    {
      "type": "Feature",
      "geometry": {
        "type": "Point",
        "coordinates": [
          1.9977726139344276,
          41.26418770847018
        ]
      },
      "properties": {
        "date": "2025-01-01"
      }
    },
    {
      "type": "Feature",
      "geometry": {
        "type": "Point",
        "coordinates": [
          1.9977956874316953,
          41.26418770847018
        ]
      },
      "properties": {
        "date": "2025-01-01"
      }
    },
    {
      "type": "Feature",
      "geometry": {
        "type": "Point",
        "coordinates": [
          1.9978187609289633,
          41.26418770847018
        ]
      },
      "properties": {
        "date": "2025-01-01"
      }
    },
    {
      "type": "Feature",
      "geometry": {
        "type": "Point",
        "coordinates": [
          1.997841834426231,
          41.26418770847018
        ]
      },
      "properties": {
        "date": "2025-01-01"
      }
    },
    {
      "type": "Feature",
      "geometry": {
        "type": "Point",
        "coordinates": [
          1.9978649079234987,
          41.26418770847018
        ]
      },
      "properties": {
        "date": "2025-01-01"
      }
    },
    {
      "type": "Feature",
      "geometry": {
        "type": "Point",
        "coordinates": [
          1.9978879814207664,
          41.26418770847018
        ]
      },
      "properties": {
        "date": "2025-01-01"
      }
    },
    {
      "type": "Feature",
      "geometry": {
        "type": "Point",
        "coordinates": [
          1.9979110549180341,
          41.26418770847018
        ]
      },
      "properties": {
        "date": "2025-01-01"
      }
    },
    {
      "type": "Feature",
      "geometry": {
        "type": "Point",
        "coordinates": [
          1.997934128415302,
          41.26418770847018
        ]
      },
      "properties": {
        "date": "2025-01-01"
      }
    },
    {
      "type": "Feature",
      "geometry": {
        "type": "Point",
        "coordinates": [
          1.9979572019125698,
          41.26418770847018
        ]
      },
      "properties": {
        "date": "2025-01-01"
      }
    },
    {
      "type": "Feature",
      "geometry": {
        "type": "Point",
        "coordinates": [
          1.9979802754098375,
          41.26418770847018
        ]
      },
      "properties": {
        "date": "2025-01-01"
      }
    },
    {
      "type": "Feature",
      "geometry": {
        "type": "Point",
        "coordinates": [
          1.9980033489071052,
          41.26418770847018
        ]
      },
      "properties": {
        "date": "2025-01-01"
      }
    },
    {
      "type": "Feature",
      "geometry": {
        "type": "Point",
        "coordinates": [
          1.9980264224043731,
          41.26418770847018
        ]
      },
      "properties": {
        "date": "2025-01-01"
      }
    },
    {
      "type": "Feature",
      "geometry": {
        "type": "Point",
        "coordinates": [
          1.9980494959016408,
          41.26418770847018
        ]
      },
      "properties": {
        "date": "2025-01-01"
      }
    },
    {
      "type": "Feature",
      "geometry": {
        "type": "Point",
        "coordinates": [
          1.9980725693989085,
          41.26418770847018
        ]
      },
      "properties": {
        "date": "2025-01-01"
      }
    },
    {
      "type": "Feature",
      "geometry": {
        "type": "Point",
        "coordinates": [
          1.9980956428961762,
          41.26418770847018
        ]
      },
      "properties": {
        "date": "2025-01-01"
      }
    },
    {
      "type": "Feature",
      "geometry": {
        "type": "Point",
        "coordinates": [
          1.998118716393444,
          41.26418770847018
        ]
      },
      "properties": {
        "date": "2025-01-01"
      }
    },
    {
      "type": "Feature",
      "geometry": {
        "type": "Point",
        "coordinates": [
          1.998141789890712,
          41.26418770847018
        ]
      },
      "properties": {
        "date": "2025-01-01"
      }
    },
    {
      "type": "Feature",
      "geometry": {
        "type": "Point",
        "coordinates": [
          1.9981648633879796,
          41.26418770847018
        ]
      },
      "properties": {
        "date": "2025-01-01"
      }
    },
    {
      "type": "Feature",
      "geometry": {
        "type": "Point",
        "coordinates": [
          1.9981879368852473,
          41.26418770847018
        ]
      },
      "properties": {
        "date": "2025-01-01"
      }
    },
    {
      "type": "Feature",
      "geometry": {
        "type": "Point",
        "coordinates": [
          1.998211010382515,
          41.26418770847018
        ]
      },
      "properties": {
        "date": "2025-01-01"
      }
    },
    {
      "type": "Feature",
      "geometry": {
        "type": "Point",
        "coordinates": [
          1.9982340838797827,
          41.26418770847018
        ]
      },
      "properties": {
        "date": "2025-01-01"
      }
    },
    {
      "type": "Feature",
      "geometry": {
        "type": "Point",
        "coordinates": [
          1.9982571573770507,
          41.26418770847018
        ]
      },
      "properties": {
        "date": "2025-01-01"
      }
    },
    {
      "type": "Feature",
      "geometry": {
        "type": "Point",
        "coordinates": [
          1.9982802308743184,
          41.26418770847018
        ]
      },
      "properties": {
        "date": "2025-01-01"
      }
    },
    {
      "type": "Feature",
      "geometry": {
        "type": "Point",
        "coordinates": [
          1.998303304371586,
          41.26418770847018
        ]
      },
      "properties": {
        "date": "2025-01-01"
      }
    },
    {
      "type": "Feature",
      "geometry": {
        "type": "Point",
        "coordinates": [
          1.9983263778688538,
          41.26418770847018
        ]
      },
      "properties": {
        "date": "2025-01-01"
      }
    },
    {
      "type": "Feature",
      "geometry": {
        "type": "Point",
        "coordinates": [
          1.9983494513661217,
          41.26418770847018
        ]
      },
      "properties": {
        "date": "2025-01-01"
      }
    },
    {
      "type": "Feature",
      "geometry": {
        "type": "Point",
        "coordinates": [
          1.9983725248633895,
          41.26418770847018
        ]
      },
      "properties": {
        "date": "2025-01-01"
      }
    },
    {
      "type": "Feature",
      "geometry": {
        "type": "Point",
        "coordinates": [
          1.9983955983606572,
          41.26418770847018
        ]
      },
      "properties": {
        "date": "2025-01-01"
      }
    },
    {
      "type": "Feature",
      "geometry": {
        "type": "Point",
        "coordinates": [
          1.9984186718579249,
          41.26418770847018
        ]
      },
      "properties": {
        "date": "2025-01-01"
      }
    },
    {
      "type": "Feature",
      "geometry": {
        "type": "Point",
        "coordinates": [
          1.9984417453551926,
          41.26418770847018
        ]
      },
      "properties": {
        "date": "2025-01-01"
      }
    },
    {
      "type": "Feature",
      "geometry": {
        "type": "Point",
        "coordinates": [
          1.9984648188524605,
          41.26418770847018
        ]
      },
      "properties": {
        "date": "2025-01-01"
      }
    },
    {
      "type": "Feature",
      "geometry": {
        "type": "Point",
        "coordinates": [
          1.9984878923497282,
          41.26418770847018
        ]
      },
      "properties": {
        "date": "2025-01-01"
      }
    },
    {
      "type": "Feature",
      "geometry": {
        "type": "Point",
        "coordinates": [
          1.998510965846996,
          41.26418770847018
        ]
      },
      "properties": {
        "date": "2025-01-01"
      }
    },
    {
      "type": "Feature",
      "geometry": {
        "type": "Point",
        "coordinates": [
          1.9985340393442637,
          41.26418770847018
        ]
      },
      "properties": {
        "date": "2025-01-01"
      }
    },
    {
      "type": "Feature",
      "geometry": {
        "type": "Point",
        "coordinates": [
          1.9985571128415316,
          41.26418770847018
        ]
      },
      "properties": {
        "date": "2025-01-01"
      }
    },
    {
      "type": "Feature",
      "geometry": {
        "type": "Point",
        "coordinates": [
          1.9985801863387993,
          41.26418770847018
        ]
      },
      "properties": {
        "date": "2025-01-01"
      }
    },
    {
      "type": "Feature",
      "geometry": {
        "type": "Point",
        "coordinates": [
          1.998603259836067,
          41.26418770847018
        ]
      },
      "properties": {
        "date": "2025-01-01"
      }
    },
    {
      "type": "Feature",
      "geometry": {
        "type": "Point",
        "coordinates": [
          1.9959959546448103,
          41.26412780346107
        ]
      },
      "properties": {
        "date": "2025-01-01"
      }
    },
    {
      "type": "Feature",
      "geometry": {
        "type": "Point",
        "coordinates": [
          1.996019028142078,
          41.26412780346107
        ]
      },
      "properties": {
        "date": "2025-01-01"
      }
    },
    {
      "type": "Feature",
      "geometry": {
        "type": "Point",
        "coordinates": [
          1.9960421016393457,
          41.26412780346107
        ]
      },
      "properties": {
        "date": "2025-01-01"
      }
    },
    {
      "type": "Feature",
      "geometry": {
        "type": "Point",
        "coordinates": [
          1.9960651751366134,
          41.26412780346107
        ]
      },
      "properties": {
        "date": "2025-01-01"
      }
    },
    {
      "type": "Feature",
      "geometry": {
        "type": "Point",
        "coordinates": [
          1.9960882486338811,
          41.26412780346107
        ]
      },
      "properties": {
        "date": "2025-01-01"
      }
    },
    {
      "type": "Feature",
      "geometry": {
        "type": "Point",
        "coordinates": [
          1.996111322131149,
          41.26412780346107
        ]
      },
      "properties": {
        "date": "2025-01-01"
      }
    },
    {
      "type": "Feature",
      "geometry": {
        "type": "Point",
        "coordinates": [
          1.9961343956284168,
          41.26412780346107
        ]
      },
      "properties": {
        "date": "2025-01-01"
      }
    },
    {
      "type": "Feature",
      "geometry": {
        "type": "Point",
        "coordinates": [
          1.9961574691256845,
          41.26412780346107
        ]
      },
      "properties": {
        "date": "2025-01-01"
      }
    },
    {
      "type": "Feature",
      "geometry": {
        "type": "Point",
        "coordinates": [
          1.9961805426229522,
          41.26412780346107
        ]
      },
      "properties": {
        "date": "2025-01-01"
      }
    },
    {
      "type": "Feature",
      "geometry": {
        "type": "Point",
        "coordinates": [
          1.9962036161202201,
          41.26412780346107
        ]
      },
      "properties": {
        "date": "2025-01-01"
      }
    },
    {
      "type": "Feature",
      "geometry": {
        "type": "Point",
        "coordinates": [
          1.9962266896174878,
          41.26412780346107
        ]
      },
      "properties": {
        "date": "2025-01-01"
      }
    },
    {
      "type": "Feature",
      "geometry": {
        "type": "Point",
        "coordinates": [
          1.9962497631147555,
          41.26412780346107
        ]
      },
      "properties": {
        "date": "2025-01-01"
      }
    },
    {
      "type": "Feature",
      "geometry": {
        "type": "Point",
        "coordinates": [
          1.9962728366120233,
          41.26412780346107
        ]
      },
      "properties": {
        "date": "2025-01-01"
      }
    },
    {
      "type": "Feature",
      "geometry": {
        "type": "Point",
        "coordinates": [
          1.996295910109291,
          41.26412780346107
        ]
      },
      "properties": {
        "date": "2025-01-01"
      }
    },
    {
      "type": "Feature",
      "geometry": {
        "type": "Point",
        "coordinates": [
          1.996318983606559,
          41.26412780346107
        ]
      },
      "properties": {
        "date": "2025-01-01"
      }
    },
    {
      "type": "Feature",
      "geometry": {
        "type": "Point",
        "coordinates": [
          1.9963420571038266,
          41.26412780346107
        ]
      },
      "properties": {
        "date": "2025-01-01"
      }
    },
    {
      "type": "Feature",
      "geometry": {
        "type": "Point",
        "coordinates": [
          1.9963651306010943,
          41.26412780346107
        ]
      },
      "properties": {
        "date": "2025-01-01"
      }
    },
    {
      "type": "Feature",
      "geometry": {
        "type": "Point",
        "coordinates": [
          1.996388204098362,
          41.26412780346107
        ]
      },
      "properties": {
        "date": "2025-01-01"
      }
    },
    {
      "type": "Feature",
      "geometry": {
        "type": "Point",
        "coordinates": [
          1.9964112775956298,
          41.26412780346107
        ]
      },
      "properties": {
        "date": "2025-01-01"
      }
    },
    {
      "type": "Feature",
      "geometry": {
        "type": "Point",
        "coordinates": [
          1.9964343510928977,
          41.26412780346107
        ]
      },
      "properties": {
        "date": "2025-01-01"
      }
    },
    {
      "type": "Feature",
      "geometry": {
        "type": "Point",
        "coordinates": [
          1.9964574245901654,
          41.26412780346107
        ]
      },
      "properties": {
        "date": "2025-01-01"
      }
    },
    {
      "type": "Feature",
      "geometry": {
        "type": "Point",
        "coordinates": [
          1.996480498087433,
          41.26412780346107
        ]
      },
      "properties": {
        "date": "2025-01-01"
      }
    },
    {
      "type": "Feature",
      "geometry": {
        "type": "Point",
        "coordinates": [
          1.9965035715847008,
          41.26412780346107
        ]
      },
      "properties": {
        "date": "2025-01-01"
      }
    },
    {
      "type": "Feature",
      "geometry": {
        "type": "Point",
        "coordinates": [
          1.9965266450819688,
          41.26412780346107
        ]
      },
      "properties": {
        "date": "2025-01-01"
      }
    },
    {
      "type": "Feature",
      "geometry": {
        "type": "Point",
        "coordinates": [
          1.9965497185792365,
          41.26412780346107
        ]
      },
      "properties": {
        "date": "2025-01-01"
      }
    },
    {
      "type": "Feature",
      "geometry": {
        "type": "Point",
        "coordinates": [
          1.9965727920765042,
          41.26412780346107
        ]
      },
      "properties": {
        "date": "2025-01-01"
      }
    },
    {
      "type": "Feature",
      "geometry": {
        "type": "Point",
        "coordinates": [
          1.9965958655737719,
          41.26412780346107
        ]
      },
      "properties": {
        "date": "2025-01-01"
      }
    },
    {
      "type": "Feature",
      "geometry": {
        "type": "Point",
        "coordinates": [
          1.9966189390710396,
          41.26412780346107
        ]
      },
      "properties": {
        "date": "2025-01-01"
      }
    },
    {
      "type": "Feature",
      "geometry": {
        "type": "Point",
        "coordinates": [
          1.9966420125683075,
          41.26412780346107
        ]
      },
      "properties": {
        "date": "2025-01-01"
      }
    },
    {
      "type": "Feature",
      "geometry": {
        "type": "Point",
        "coordinates": [
          1.9966650860655752,
          41.26412780346107
        ]
      },
      "properties": {
        "date": "2025-01-01"
      }
    },
    {
      "type": "Feature",
      "geometry": {
        "type": "Point",
        "coordinates": [
          1.996688159562843,
          41.26412780346107
        ]
      },
      "properties": {
        "date": "2025-01-01"
      }
    },
    {
      "type": "Feature",
      "geometry": {
        "type": "Point",
        "coordinates": [
          1.9967112330601107,
          41.26412780346107
        ]
      },
      "properties": {
        "date": "2025-01-01"
      }
    },
    {
      "type": "Feature",
      "geometry": {
        "type": "Point",
        "coordinates": [
          1.95995515191257,
          41.26406789845196
        ]
      },
      "properties": {
        "date": "2025-01-01"
      }
    },
    {
      "type": "Feature",
      "geometry": {
        "type": "Point",
        "coordinates": [
          1.9599782254098377,
          41.26406789845196
        ]
      },
      "properties": {
        "date": "2025-01-01"
      }
    },
    {
      "type": "Feature",
      "geometry": {
        "type": "Point",
        "coordinates": [
          1.9600012989071054,
          41.26406789845196
        ]
      },
      "properties": {
        "date": "2025-01-01"
      }
    },
    {
      "type": "Feature",
      "geometry": {
        "type": "Point",
        "coordinates": [
          1.9600243724043733,
          41.26406789845196
        ]
      },
      "properties": {
        "date": "2025-01-01"
      }
    },
    {
      "type": "Feature",
      "geometry": {
        "type": "Point",
        "coordinates": [
          1.960047445901641,
          41.26406789845196
        ]
      },
      "properties": {
        "date": "2025-01-01"
      }
    },
    {
      "type": "Feature",
      "geometry": {
        "type": "Point",
        "coordinates": [
          1.9600705193989088,
          41.26406789845196
        ]
      },
      "properties": {
        "date": "2025-01-01"
      }
    },
    {
      "type": "Feature",
      "geometry": {
        "type": "Point",
        "coordinates": [
          1.9600935928961765,
          41.26406789845196
        ]
      },
      "properties": {
        "date": "2025-01-01"
      }
    },
    {
      "type": "Feature",
      "geometry": {
        "type": "Point",
        "coordinates": [
          1.9601166663934442,
          41.26406789845196
        ]
      },
      "properties": {
        "date": "2025-01-01"
      }
    },
    {
      "type": "Feature",
      "geometry": {
        "type": "Point",
        "coordinates": [
          1.960139739890712,
          41.26406789845196
        ]
      },
      "properties": {
        "date": "2025-01-01"
      }
    },
    {
      "type": "Feature",
      "geometry": {
        "type": "Point",
        "coordinates": [
          1.9601628133879798,
          41.26406789845196
        ]
      },
      "properties": {
        "date": "2025-01-01"
      }
    },
    {
      "type": "Feature",
      "geometry": {
        "type": "Point",
        "coordinates": [
          1.9601858868852475,
          41.26406789845196
        ]
      },
      "properties": {
        "date": "2025-01-01"
      }
    },
    {
      "type": "Feature",
      "geometry": {
        "type": "Point",
        "coordinates": [
          1.9602089603825152,
          41.26406789845196
        ]
      },
      "properties": {
        "date": "2025-01-01"
      }
    },
    {
      "type": "Feature",
      "geometry": {
        "type": "Point",
        "coordinates": [
          1.960232033879783,
          41.26406789845196
        ]
      },
      "properties": {
        "date": "2025-01-01"
      }
    },
    {
      "type": "Feature",
      "geometry": {
        "type": "Point",
        "coordinates": [
          1.9602551073770509,
          41.26406789845196
        ]
      },
      "properties": {
        "date": "2025-01-01"
      }
    },
    {
      "type": "Feature",
      "geometry": {
        "type": "Point",
        "coordinates": [
          1.9602781808743186,
          41.26406789845196
        ]
      },
      "properties": {
        "date": "2025-01-01"
      }
    },
    {
      "type": "Feature",
      "geometry": {
        "type": "Point",
        "coordinates": [
          1.9603012543715863,
          41.26406789845196
        ]
      },
      "properties": {
        "date": "2025-01-01"
      }
    },
    {
      "type": "Feature",
      "geometry": {
        "type": "Point",
        "coordinates": [
          1.960324327868854,
          41.26406789845196
        ]
      },
      "properties": {
        "date": "2025-01-01"
      }
    },
    {
      "type": "Feature",
      "geometry": {
        "type": "Point",
        "coordinates": [
          1.960347401366122,
          41.26406789845196
        ]
      },
      "properties": {
        "date": "2025-01-01"
      }
    },
    {
      "type": "Feature",
      "geometry": {
        "type": "Point",
        "coordinates": [
          1.9603704748633897,
          41.26406789845196
        ]
      },
      "properties": {
        "date": "2025-01-01"
      }
    },
    {
      "type": "Feature",
      "geometry": {
        "type": "Point",
        "coordinates": [
          1.9603935483606574,
          41.26406789845196
        ]
      },
      "properties": {
        "date": "2025-01-01"
      }
    },
    {
      "type": "Feature",
      "geometry": {
        "type": "Point",
        "coordinates": [
          1.960416621857925,
          41.26406789845196
        ]
      },
      "properties": {
        "date": "2025-01-01"
      }
    },
    {
      "type": "Feature",
      "geometry": {
        "type": "Point",
        "coordinates": [
          1.9604396953551928,
          41.26406789845196
        ]
      },
      "properties": {
        "date": "2025-01-01"
      }
    },
    {
      "type": "Feature",
      "geometry": {
        "type": "Point",
        "coordinates": [
          1.9604627688524607,
          41.26406789845196
        ]
      },
      "properties": {
        "date": "2025-01-01"
      }
    },
    {
      "type": "Feature",
      "geometry": {
        "type": "Point",
        "coordinates": [
          1.9604858423497284,
          41.26406789845196
        ]
      },
      "properties": {
        "date": "2025-01-01"
      }
    },
    {
      "type": "Feature",
      "geometry": {
        "type": "Point",
        "coordinates": [
          1.9605089158469962,
          41.26406789845196
        ]
      },
      "properties": {
        "date": "2025-01-01"
      }
    },
    {
      "type": "Feature",
      "geometry": {
        "type": "Point",
        "coordinates": [
          1.9605319893442639,
          41.26406789845196
        ]
      },
      "properties": {
        "date": "2025-01-01"
      }
    },
    {
      "type": "Feature",
      "geometry": {
        "type": "Point",
        "coordinates": [
          1.9605550628415316,
          41.26406789845196
        ]
      },
      "properties": {
        "date": "2025-01-01"
      }
    },
    {
      "type": "Feature",
      "geometry": {
        "type": "Point",
        "coordinates": [
          1.9605781363387995,
          41.26406789845196
        ]
      },
      "properties": {
        "date": "2025-01-01"
      }
    },
    {
      "type": "Feature",
      "geometry": {
        "type": "Point",
        "coordinates": [
          1.9606012098360672,
          41.26406789845196
        ]
      },
      "properties": {
        "date": "2025-01-01"
      }
    },
    {
      "type": "Feature",
      "geometry": {
        "type": "Point",
        "coordinates": [
          1.960624283333335,
          41.26406789845196
        ]
      },
      "properties": {
        "date": "2025-01-01"
      }
    },
    {
      "type": "Feature",
      "geometry": {
        "type": "Point",
        "coordinates": [
          1.9606473568306027,
          41.26406789845196
        ]
      },
      "properties": {
        "date": "2025-01-01"
      }
    },
    {
      "type": "Feature",
      "geometry": {
        "type": "Point",
        "coordinates": [
          1.9606704303278706,
          41.26406789845196
        ]
      },
      "properties": {
        "date": "2025-01-01"
      }
    },
    {
      "type": "Feature",
      "geometry": {
        "type": "Point",
        "coordinates": [
          1.9606935038251383,
          41.26406789845196
        ]
      },
      "properties": {
        "date": "2025-01-01"
      }
    },
    {
      "type": "Feature",
      "geometry": {
        "type": "Point",
        "coordinates": [
          1.960716577322406,
          41.26406789845196
        ]
      },
      "properties": {
        "date": "2025-01-01"
      }
    },
    {
      "type": "Feature",
      "geometry": {
        "type": "Point",
        "coordinates": [
          1.9607396508196737,
          41.26406789845196
        ]
      },
      "properties": {
        "date": "2025-01-01"
      }
    },
    {
      "type": "Feature",
      "geometry": {
        "type": "Point",
        "coordinates": [
          1.9607627243169414,
          41.26406789845196
        ]
      },
      "properties": {
        "date": "2025-01-01"
      }
    },
    {
      "type": "Feature",
      "geometry": {
        "type": "Point",
        "coordinates": [
          1.9621009871584716,
          41.26406789845196
        ]
      },
      "properties": {
        "date": "2025-01-01"
      }
    },
    {
      "type": "Feature",
      "geometry": {
        "type": "Point",
        "coordinates": [
          1.9621240606557393,
          41.26406789845196
        ]
      },
      "properties": {
        "date": "2025-01-01"
      }
    },
    {
      "type": "Feature",
      "geometry": {
        "type": "Point",
        "coordinates": [
          1.962147134153007,
          41.26406789845196
        ]
      },
      "properties": {
        "date": "2025-01-01"
      }
    },
    {
      "type": "Feature",
      "geometry": {
        "type": "Point",
        "coordinates": [
          1.962170207650275,
          41.26406789845196
        ]
      },
      "properties": {
        "date": "2025-01-01"
      }
    },
    {
      "type": "Feature",
      "geometry": {
        "type": "Point",
        "coordinates": [
          1.9621932811475427,
          41.26406789845196
        ]
      },
      "properties": {
        "date": "2025-01-01"
      }
    },
    {
      "type": "Feature",
      "geometry": {
        "type": "Point",
        "coordinates": [
          1.9622163546448104,
          41.26406789845196
        ]
      },
      "properties": {
        "date": "2025-01-01"
      }
    },
    {
      "type": "Feature",
      "geometry": {
        "type": "Point",
        "coordinates": [
          1.962239428142078,
          41.26406789845196
        ]
      },
      "properties": {
        "date": "2025-01-01"
      }
    },
    {
      "type": "Feature",
      "geometry": {
        "type": "Point",
        "coordinates": [
          1.9622625016393458,
          41.26406789845196
        ]
      },
      "properties": {
        "date": "2025-01-01"
      }
    },
    {
      "type": "Feature",
      "geometry": {
        "type": "Point",
        "coordinates": [
          1.9622855751366137,
          41.26406789845196
        ]
      },
      "properties": {
        "date": "2025-01-01"
      }
    },
    {
      "type": "Feature",
      "geometry": {
        "type": "Point",
        "coordinates": [
          1.9623086486338814,
          41.26406789845196
        ]
      },
      "properties": {
        "date": "2025-01-01"
      }
    },
    {
      "type": "Feature",
      "geometry": {
        "type": "Point",
        "coordinates": [
          1.9623317221311491,
          41.26406789845196
        ]
      },
      "properties": {
        "date": "2025-01-01"
      }
    },
    {
      "type": "Feature",
      "geometry": {
        "type": "Point",
        "coordinates": [
          1.9623547956284169,
          41.26406789845196
        ]
      },
      "properties": {
        "date": "2025-01-01"
      }
    },
    {
      "type": "Feature",
      "geometry": {
        "type": "Point",
        "coordinates": [
          1.9623778691256848,
          41.26406789845196
        ]
      },
      "properties": {
        "date": "2025-01-01"
      }
    },
    {
      "type": "Feature",
      "geometry": {
        "type": "Point",
        "coordinates": [
          1.9624009426229525,
          41.26406789845196
        ]
      },
      "properties": {
        "date": "2025-01-01"
      }
    },
    {
      "type": "Feature",
      "geometry": {
        "type": "Point",
        "coordinates": [
          1.9624240161202202,
          41.26406789845196
        ]
      },
      "properties": {
        "date": "2025-01-01"
      }
    },
    {
      "type": "Feature",
      "geometry": {
        "type": "Point",
        "coordinates": [
          1.962447089617488,
          41.26406789845196
        ]
      },
      "properties": {
        "date": "2025-01-01"
      }
    },
    {
      "type": "Feature",
      "geometry": {
        "type": "Point",
        "coordinates": [
          1.9624701631147556,
          41.26406789845196
        ]
      },
      "properties": {
        "date": "2025-01-01"
      }
    },
    {
      "type": "Feature",
      "geometry": {
        "type": "Point",
        "coordinates": [
          1.9624932366120236,
          41.26406789845196
        ]
      },
      "properties": {
        "date": "2025-01-01"
      }
    },
    {
      "type": "Feature",
      "geometry": {
        "type": "Point",
        "coordinates": [
          1.9625163101092913,
          41.26406789845196
        ]
      },
      "properties": {
        "date": "2025-01-01"
      }
    },
    {
      "type": "Feature",
      "geometry": {
        "type": "Point",
        "coordinates": [
          1.962539383606559,
          41.26406789845196
        ]
      },
      "properties": {
        "date": "2025-01-01"
      }
    },
    {
      "type": "Feature",
      "geometry": {
        "type": "Point",
        "coordinates": [
          1.9625624571038267,
          41.26406789845196
        ]
      },
      "properties": {
        "date": "2025-01-01"
      }
    },
    {
      "type": "Feature",
      "geometry": {
        "type": "Point",
        "coordinates": [
          1.9625855306010944,
          41.26406789845196
        ]
      },
      "properties": {
        "date": "2025-01-01"
      }
    },
    {
      "type": "Feature",
      "geometry": {
        "type": "Point",
        "coordinates": [
          1.9626086040983624,
          41.26406789845196
        ]
      },
      "properties": {
        "date": "2025-01-01"
      }
    },
    {
      "type": "Feature",
      "geometry": {
        "type": "Point",
        "coordinates": [
          1.96263167759563,
          41.26406789845196
        ]
      },
      "properties": {
        "date": "2025-01-01"
      }
    },
    {
      "type": "Feature",
      "geometry": {
        "type": "Point",
        "coordinates": [
          1.9626547510928978,
          41.26406789845196
        ]
      },
      "properties": {
        "date": "2025-01-01"
      }
    },
    {
      "type": "Feature",
      "geometry": {
        "type": "Point",
        "coordinates": [
          1.9626778245901655,
          41.26406789845196
        ]
      },
      "properties": {
        "date": "2025-01-01"
      }
    },
    {
      "type": "Feature",
      "geometry": {
        "type": "Point",
        "coordinates": [
          1.9627008980874334,
          41.26406789845196
        ]
      },
      "properties": {
        "date": "2025-01-01"
      }
    },
    {
      "type": "Feature",
      "geometry": {
        "type": "Point",
        "coordinates": [
          1.9627239715847011,
          41.26406789845196
        ]
      },
      "properties": {
        "date": "2025-01-01"
      }
    },
    {
      "type": "Feature",
      "geometry": {
        "type": "Point",
        "coordinates": [
          1.9627470450819688,
          41.26406789845196
        ]
      },
      "properties": {
        "date": "2025-01-01"
      }
    },
    {
      "type": "Feature",
      "geometry": {
        "type": "Point",
        "coordinates": [
          1.9627701185792366,
          41.26406789845196
        ]
      },
      "properties": {
        "date": "2025-01-01"
      }
    },
    {
      "type": "Feature",
      "geometry": {
        "type": "Point",
        "coordinates": [
          1.9627931920765043,
          41.26406789845196
        ]
      },
      "properties": {
        "date": "2025-01-01"
      }
    },
    {
      "type": "Feature",
      "geometry": {
        "type": "Point",
        "coordinates": [
          1.9628162655737722,
          41.26406789845196
        ]
      },
      "properties": {
        "date": "2025-01-01"
      }
    },
    {
      "type": "Feature",
      "geometry": {
        "type": "Point",
        "coordinates": [
          1.96283933907104,
          41.26406789845196
        ]
      },
      "properties": {
        "date": "2025-01-01"
      }
    },
    {
      "type": "Feature",
      "geometry": {
        "type": "Point",
        "coordinates": [
          1.9628624125683076,
          41.26406789845196
        ]
      },
      "properties": {
        "date": "2025-01-01"
      }
    },
    {
      "type": "Feature",
      "geometry": {
        "type": "Point",
        "coordinates": [
          1.9628854860655753,
          41.26406789845196
        ]
      },
      "properties": {
        "date": "2025-01-01"
      }
    },
    {
      "type": "Feature",
      "geometry": {
        "type": "Point",
        "coordinates": [
          1.962908559562843,
          41.26406789845196
        ]
      },
      "properties": {
        "date": "2025-01-01"
      }
    },
    {
      "type": "Feature",
      "geometry": {
        "type": "Point",
        "coordinates": [
          1.962931633060111,
          41.26406789845196
        ]
      },
      "properties": {
        "date": "2025-01-01"
      }
    },
    {
      "type": "Feature",
      "geometry": {
        "type": "Point",
        "coordinates": [
          1.9629547065573787,
          41.26406789845196
        ]
      },
      "properties": {
        "date": "2025-01-01"
      }
    },
    {
      "type": "Feature",
      "geometry": {
        "type": "Point",
        "coordinates": [
          1.9629777800546464,
          41.26406789845196
        ]
      },
      "properties": {
        "date": "2025-01-01"
      }
    },
    {
      "type": "Feature",
      "geometry": {
        "type": "Point",
        "coordinates": [
          1.9630008535519141,
          41.26406789845196
        ]
      },
      "properties": {
        "date": "2025-01-01"
      }
    },
    {
      "type": "Feature",
      "geometry": {
        "type": "Point",
        "coordinates": [
          1.963023927049182,
          41.26406789845196
        ]
      },
      "properties": {
        "date": "2025-01-01"
      }
    },
    {
      "type": "Feature",
      "geometry": {
        "type": "Point",
        "coordinates": [
          1.9630470005464498,
          41.26406789845196
        ]
      },
      "properties": {
        "date": "2025-01-01"
      }
    },
    {
      "type": "Feature",
      "geometry": {
        "type": "Point",
        "coordinates": [
          1.9631854415300563,
          41.26406789845196
        ]
      },
      "properties": {
        "date": "2025-01-01"
      }
    },
    {
      "type": "Feature",
      "geometry": {
        "type": "Point",
        "coordinates": [
          1.963208515027324,
          41.26406789845196
        ]
      },
      "properties": {
        "date": "2025-01-01"
      }
    },
    {
      "type": "Feature",
      "geometry": {
        "type": "Point",
        "coordinates": [
          1.9632315885245917,
          41.26406789845196
        ]
      },
      "properties": {
        "date": "2025-01-01"
      }
    },
    {
      "type": "Feature",
      "geometry": {
        "type": "Point",
        "coordinates": [
          1.9632546620218596,
          41.26406789845196
        ]
      },
      "properties": {
        "date": "2025-01-01"
      }
    },
    {
      "type": "Feature",
      "geometry": {
        "type": "Point",
        "coordinates": [
          1.9632777355191273,
          41.26406789845196
        ]
      },
      "properties": {
        "date": "2025-01-01"
      }
    },
    {
      "type": "Feature",
      "geometry": {
        "type": "Point",
        "coordinates": [
          1.963300809016395,
          41.26406789845196
        ]
      },
      "properties": {
        "date": "2025-01-01"
      }
    },
    {
      "type": "Feature",
      "geometry": {
        "type": "Point",
        "coordinates": [
          1.9633238825136627,
          41.26406789845196
        ]
      },
      "properties": {
        "date": "2025-01-01"
      }
    },
    {
      "type": "Feature",
      "geometry": {
        "type": "Point",
        "coordinates": [
          1.9633469560109307,
          41.26406789845196
        ]
      },
      "properties": {
        "date": "2025-01-01"
      }
    },
    {
      "type": "Feature",
      "geometry": {
        "type": "Point",
        "coordinates": [
          1.9633700295081984,
          41.26406789845196
        ]
      },
      "properties": {
        "date": "2025-01-01"
      }
    },
    {
      "type": "Feature",
      "geometry": {
        "type": "Point",
        "coordinates": [
          1.963393103005466,
          41.26406789845196
        ]
      },
      "properties": {
        "date": "2025-01-01"
      }
    },
    {
      "type": "Feature",
      "geometry": {
        "type": "Point",
        "coordinates": [
          1.9902968008196735,
          41.26406789845196
        ]
      },
      "properties": {
        "date": "2025-01-01"
      }
    },
    {
      "type": "Feature",
      "geometry": {
        "type": "Point",
        "coordinates": [
          1.9903198743169415,
          41.26406789845196
        ]
      },
      "properties": {
        "date": "2025-01-01"
      }
    },
    {
      "type": "Feature",
      "geometry": {
        "type": "Point",
        "coordinates": [
          1.9903429478142092,
          41.26406789845196
        ]
      },
      "properties": {
        "date": "2025-01-01"
      }
    },
    {
      "type": "Feature",
      "geometry": {
        "type": "Point",
        "coordinates": [
          1.9903660213114769,
          41.26406789845196
        ]
      },
      "properties": {
        "date": "2025-01-01"
      }
    },
    {
      "type": "Feature",
      "geometry": {
        "type": "Point",
        "coordinates": [
          1.9903890948087446,
          41.26406789845196
        ]
      },
      "properties": {
        "date": "2025-01-01"
      }
    },
    {
      "type": "Feature",
      "geometry": {
        "type": "Point",
        "coordinates": [
          1.9904121683060123,
          41.26406789845196
        ]
      },
      "properties": {
        "date": "2025-01-01"
      }
    },
    {
      "type": "Feature",
      "geometry": {
        "type": "Point",
        "coordinates": [
          1.9904352418032802,
          41.26406789845196
        ]
      },
      "properties": {
        "date": "2025-01-01"
      }
    },
    {
      "type": "Feature",
      "geometry": {
        "type": "Point",
        "coordinates": [
          1.990458315300548,
          41.26406789845196
        ]
      },
      "properties": {
        "date": "2025-01-01"
      }
    },
    {
      "type": "Feature",
      "geometry": {
        "type": "Point",
        "coordinates": [
          1.9904813887978157,
          41.26406789845196
        ]
      },
      "properties": {
        "date": "2025-01-01"
      }
    },
    {
      "type": "Feature",
      "geometry": {
        "type": "Point",
        "coordinates": [
          1.9905044622950834,
          41.26406789845196
        ]
      },
      "properties": {
        "date": "2025-01-01"
      }
    },
    {
      "type": "Feature",
      "geometry": {
        "type": "Point",
        "coordinates": [
          1.990527535792351,
          41.26406789845196
        ]
      },
      "properties": {
        "date": "2025-01-01"
      }
    },
    {
      "type": "Feature",
      "geometry": {
        "type": "Point",
        "coordinates": [
          1.990550609289619,
          41.26406789845196
        ]
      },
      "properties": {
        "date": "2025-01-01"
      }
    },
    {
      "type": "Feature",
      "geometry": {
        "type": "Point",
        "coordinates": [
          1.9905736827868867,
          41.26406789845196
        ]
      },
      "properties": {
        "date": "2025-01-01"
      }
    },
    {
      "type": "Feature",
      "geometry": {
        "type": "Point",
        "coordinates": [
          1.9905967562841544,
          41.26406789845196
        ]
      },
      "properties": {
        "date": "2025-01-01"
      }
    },
    {
      "type": "Feature",
      "geometry": {
        "type": "Point",
        "coordinates": [
          1.9906198297814222,
          41.26406789845196
        ]
      },
      "properties": {
        "date": "2025-01-01"
      }
    },
    {
      "type": "Feature",
      "geometry": {
        "type": "Point",
        "coordinates": [
          1.99064290327869,
          41.26406789845196
        ]
      },
      "properties": {
        "date": "2025-01-01"
      }
    },
    {
      "type": "Feature",
      "geometry": {
        "type": "Point",
        "coordinates": [
          1.9906659767759578,
          41.26406789845196
        ]
      },
      "properties": {
        "date": "2025-01-01"
      }
    },
    {
      "type": "Feature",
      "geometry": {
        "type": "Point",
        "coordinates": [
          1.9906890502732255,
          41.26406789845196
        ]
      },
      "properties": {
        "date": "2025-01-01"
      }
    },
    {
      "type": "Feature",
      "geometry": {
        "type": "Point",
        "coordinates": [
          1.9907121237704932,
          41.26406789845196
        ]
      },
      "properties": {
        "date": "2025-01-01"
      }
    },
    {
      "type": "Feature",
      "geometry": {
        "type": "Point",
        "coordinates": [
          1.990735197267761,
          41.26406789845196
        ]
      },
      "properties": {
        "date": "2025-01-01"
      }
    },
    {
      "type": "Feature",
      "geometry": {
        "type": "Point",
        "coordinates": [
          1.9907582707650289,
          41.26406789845196
        ]
      },
      "properties": {
        "date": "2025-01-01"
      }
    },
    {
      "type": "Feature",
      "geometry": {
        "type": "Point",
        "coordinates": [
          1.9907813442622966,
          41.26406789845196
        ]
      },
      "properties": {
        "date": "2025-01-01"
      }
    },
    {
      "type": "Feature",
      "geometry": {
        "type": "Point",
        "coordinates": [
          1.9908044177595643,
          41.26406789845196
        ]
      },
      "properties": {
        "date": "2025-01-01"
      }
    },
    {
      "type": "Feature",
      "geometry": {
        "type": "Point",
        "coordinates": [
          1.990827491256832,
          41.26406789845196
        ]
      },
      "properties": {
        "date": "2025-01-01"
      }
    },
    {
      "type": "Feature",
      "geometry": {
        "type": "Point",
        "coordinates": [
          1.9908505647541,
          41.26406789845196
        ]
      },
      "properties": {
        "date": "2025-01-01"
      }
    },
    {
      "type": "Feature",
      "geometry": {
        "type": "Point",
        "coordinates": [
          1.9908736382513676,
          41.26406789845196
        ]
      },
      "properties": {
        "date": "2025-01-01"
      }
    },
    {
      "type": "Feature",
      "geometry": {
        "type": "Point",
        "coordinates": [
          1.9908967117486354,
          41.26406789845196
        ]
      },
      "properties": {
        "date": "2025-01-01"
      }
    },
    {
      "type": "Feature",
      "geometry": {
        "type": "Point",
        "coordinates": [
          1.990919785245903,
          41.26406789845196
        ]
      },
      "properties": {
        "date": "2025-01-01"
      }
    },
    {
      "type": "Feature",
      "geometry": {
        "type": "Point",
        "coordinates": [
          1.9909428587431708,
          41.26406789845196
        ]
      },
      "properties": {
        "date": "2025-01-01"
      }
    },
    {
      "type": "Feature",
      "geometry": {
        "type": "Point",
        "coordinates": [
          1.9909659322404387,
          41.26406789845196
        ]
      },
      "properties": {
        "date": "2025-01-01"
      }
    },
    {
      "type": "Feature",
      "geometry": {
        "type": "Point",
        "coordinates": [
          1.9909890057377064,
          41.26406789845196
        ]
      },
      "properties": {
        "date": "2025-01-01"
      }
    },
    {
      "type": "Feature",
      "geometry": {
        "type": "Point",
        "coordinates": [
          1.9910120792349741,
          41.26406789845196
        ]
      },
      "properties": {
        "date": "2025-01-01"
      }
    },
    {
      "type": "Feature",
      "geometry": {
        "type": "Point",
        "coordinates": [
          1.9910351527322419,
          41.26406789845196
        ]
      },
      "properties": {
        "date": "2025-01-01"
      }
    },
    {
      "type": "Feature",
      "geometry": {
        "type": "Point",
        "coordinates": [
          1.9910582262295096,
          41.26406789845196
        ]
      },
      "properties": {
        "date": "2025-01-01"
      }
    },
    {
      "type": "Feature",
      "geometry": {
        "type": "Point",
        "coordinates": [
          1.9910812997267775,
          41.26406789845196
        ]
      },
      "properties": {
        "date": "2025-01-01"
      }
    },
    {
      "type": "Feature",
      "geometry": {
        "type": "Point",
        "coordinates": [
          1.9911043732240452,
          41.26406789845196
        ]
      },
      "properties": {
        "date": "2025-01-01"
      }
    },
    {
      "type": "Feature",
      "geometry": {
        "type": "Point",
        "coordinates": [
          1.991127446721313,
          41.26406789845196
        ]
      },
      "properties": {
        "date": "2025-01-01"
      }
    },
    {
      "type": "Feature",
      "geometry": {
        "type": "Point",
        "coordinates": [
          1.9911505202185806,
          41.26406789845196
        ]
      },
      "properties": {
        "date": "2025-01-01"
      }
    },
    {
      "type": "Feature",
      "geometry": {
        "type": "Point",
        "coordinates": [
          1.9911735937158486,
          41.26406789845196
        ]
      },
      "properties": {
        "date": "2025-01-01"
      }
    },
    {
      "type": "Feature",
      "geometry": {
        "type": "Point",
        "coordinates": [
          1.9911966672131163,
          41.26406789845196
        ]
      },
      "properties": {
        "date": "2025-01-01"
      }
    },
    {
      "type": "Feature",
      "geometry": {
        "type": "Point",
        "coordinates": [
          1.991219740710384,
          41.26406789845196
        ]
      },
      "properties": {
        "date": "2025-01-01"
      }
    },
    {
      "type": "Feature",
      "geometry": {
        "type": "Point",
        "coordinates": [
          1.9912428142076517,
          41.26406789845196
        ]
      },
      "properties": {
        "date": "2025-01-01"
      }
    },
    {
      "type": "Feature",
      "geometry": {
        "type": "Point",
        "coordinates": [
          1.9912658877049194,
          41.26406789845196
        ]
      },
      "properties": {
        "date": "2025-01-01"
      }
    },
    {
      "type": "Feature",
      "geometry": {
        "type": "Point",
        "coordinates": [
          1.9912889612021873,
          41.26406789845196
        ]
      },
      "properties": {
        "date": "2025-01-01"
      }
    },
    {
      "type": "Feature",
      "geometry": {
        "type": "Point",
        "coordinates": [
          1.991312034699455,
          41.26406789845196
        ]
      },
      "properties": {
        "date": "2025-01-01"
      }
    },
    {
      "type": "Feature",
      "geometry": {
        "type": "Point",
        "coordinates": [
          1.9913351081967228,
          41.26406789845196
        ]
      },
      "properties": {
        "date": "2025-01-01"
      }
    },
    {
      "type": "Feature",
      "geometry": {
        "type": "Point",
        "coordinates": [
          1.9913581816939905,
          41.26406789845196
        ]
      },
      "properties": {
        "date": "2025-01-01"
      }
    },
    {
      "type": "Feature",
      "geometry": {
        "type": "Point",
        "coordinates": [
          1.9913812551912582,
          41.26406789845196
        ]
      },
      "properties": {
        "date": "2025-01-01"
      }
    },
    {
      "type": "Feature",
      "geometry": {
        "type": "Point",
        "coordinates": [
          1.9914043286885261,
          41.26406789845196
        ]
      },
      "properties": {
        "date": "2025-01-01"
      }
    },
    {
      "type": "Feature",
      "geometry": {
        "type": "Point",
        "coordinates": [
          1.9914274021857938,
          41.26406789845196
        ]
      },
      "properties": {
        "date": "2025-01-01"
      }
    },
    {
      "type": "Feature",
      "geometry": {
        "type": "Point",
        "coordinates": [
          1.9914504756830615,
          41.26406789845196
        ]
      },
      "properties": {
        "date": "2025-01-01"
      }
    },
    {
      "type": "Feature",
      "geometry": {
        "type": "Point",
        "coordinates": [
          1.9914735491803293,
          41.26406789845196
        ]
      },
      "properties": {
        "date": "2025-01-01"
      }
    },
    {
      "type": "Feature",
      "geometry": {
        "type": "Point",
        "coordinates": [
          1.9914966226775972,
          41.26406789845196
        ]
      },
      "properties": {
        "date": "2025-01-01"
      }
    },
    {
      "type": "Feature",
      "geometry": {
        "type": "Point",
        "coordinates": [
          1.991519696174865,
          41.26406789845196
        ]
      },
      "properties": {
        "date": "2025-01-01"
      }
    },
    {
      "type": "Feature",
      "geometry": {
        "type": "Point",
        "coordinates": [
          1.9915427696721326,
          41.26406789845196
        ]
      },
      "properties": {
        "date": "2025-01-01"
      }
    },
    {
      "type": "Feature",
      "geometry": {
        "type": "Point",
        "coordinates": [
          1.9915658431694003,
          41.26406789845196
        ]
      },
      "properties": {
        "date": "2025-01-01"
      }
    },
    {
      "type": "Feature",
      "geometry": {
        "type": "Point",
        "coordinates": [
          1.991588916666668,
          41.26406789845196
        ]
      },
      "properties": {
        "date": "2025-01-01"
      }
    },
    {
      "type": "Feature",
      "geometry": {
        "type": "Point",
        "coordinates": [
          1.991611990163936,
          41.26406789845196
        ]
      },
      "properties": {
        "date": "2025-01-01"
      }
    },
    {
      "type": "Feature",
      "geometry": {
        "type": "Point",
        "coordinates": [
          1.9916350636612037,
          41.26406789845196
        ]
      },
      "properties": {
        "date": "2025-01-01"
      }
    },
    {
      "type": "Feature",
      "geometry": {
        "type": "Point",
        "coordinates": [
          1.9916581371584714,
          41.26406789845196
        ]
      },
      "properties": {
        "date": "2025-01-01"
      }
    },
    {
      "type": "Feature",
      "geometry": {
        "type": "Point",
        "coordinates": [
          1.991681210655739,
          41.26406789845196
        ]
      },
      "properties": {
        "date": "2025-01-01"
      }
    },
    {
      "type": "Feature",
      "geometry": {
        "type": "Point",
        "coordinates": [
          1.9917042841530068,
          41.26406789845196
        ]
      },
      "properties": {
        "date": "2025-01-01"
      }
    },
    {
      "type": "Feature",
      "geometry": {
        "type": "Point",
        "coordinates": [
          1.9917273576502748,
          41.26406789845196
        ]
      },
      "properties": {
        "date": "2025-01-01"
      }
    },
    {
      "type": "Feature",
      "geometry": {
        "type": "Point",
        "coordinates": [
          1.9917504311475425,
          41.26406789845196
        ]
      },
      "properties": {
        "date": "2025-01-01"
      }
    },
    {
      "type": "Feature",
      "geometry": {
        "type": "Point",
        "coordinates": [
          1.9917735046448102,
          41.26406789845196
        ]
      },
      "properties": {
        "date": "2025-01-01"
      }
    },
    {
      "type": "Feature",
      "geometry": {
        "type": "Point",
        "coordinates": [
          1.991796578142078,
          41.26406789845196
        ]
      },
      "properties": {
        "date": "2025-01-01"
      }
    },
    {
      "type": "Feature",
      "geometry": {
        "type": "Point",
        "coordinates": [
          1.9918196516393458,
          41.26406789845196
        ]
      },
      "properties": {
        "date": "2025-01-01"
      }
    },
    {
      "type": "Feature",
      "geometry": {
        "type": "Point",
        "coordinates": [
          1.9918427251366135,
          41.26406789845196
        ]
      },
      "properties": {
        "date": "2025-01-01"
      }
    },
    {
      "type": "Feature",
      "geometry": {
        "type": "Point",
        "coordinates": [
          1.9918657986338812,
          41.26406789845196
        ]
      },
      "properties": {
        "date": "2025-01-01"
      }
    },
    {
      "type": "Feature",
      "geometry": {
        "type": "Point",
        "coordinates": [
          1.991888872131149,
          41.26406789845196
        ]
      },
      "properties": {
        "date": "2025-01-01"
      }
    },
    {
      "type": "Feature",
      "geometry": {
        "type": "Point",
        "coordinates": [
          1.9919119456284167,
          41.26406789845196
        ]
      },
      "properties": {
        "date": "2025-01-01"
      }
    },
    {
      "type": "Feature",
      "geometry": {
        "type": "Point",
        "coordinates": [
          1.9919350191256846,
          41.26406789845196
        ]
      },
      "properties": {
        "date": "2025-01-01"
      }
    },
    {
      "type": "Feature",
      "geometry": {
        "type": "Point",
        "coordinates": [
          1.9937347519125697,
          41.26406789845196
        ]
      },
      "properties": {
        "date": "2025-01-01"
      }
    },
    {
      "type": "Feature",
      "geometry": {
        "type": "Point",
        "coordinates": [
          1.9937578254098376,
          41.26406789845196
        ]
      },
      "properties": {
        "date": "2025-01-01"
      }
    },
    {
      "type": "Feature",
      "geometry": {
        "type": "Point",
        "coordinates": [
          1.9937808989071053,
          41.26406789845196
        ]
      },
      "properties": {
        "date": "2025-01-01"
      }
    },
    {
      "type": "Feature",
      "geometry": {
        "type": "Point",
        "coordinates": [
          1.993803972404373,
          41.26406789845196
        ]
      },
      "properties": {
        "date": "2025-01-01"
      }
    },
    {
      "type": "Feature",
      "geometry": {
        "type": "Point",
        "coordinates": [
          1.9938270459016407,
          41.26406789845196
        ]
      },
      "properties": {
        "date": "2025-01-01"
      }
    },
    {
      "type": "Feature",
      "geometry": {
        "type": "Point",
        "coordinates": [
          1.9938501193989087,
          41.26406789845196
        ]
      },
      "properties": {
        "date": "2025-01-01"
      }
    },
    {
      "type": "Feature",
      "geometry": {
        "type": "Point",
        "coordinates": [
          1.9938731928961764,
          41.26406789845196
        ]
      },
      "properties": {
        "date": "2025-01-01"
      }
    },
    {
      "type": "Feature",
      "geometry": {
        "type": "Point",
        "coordinates": [
          1.993896266393444,
          41.26406789845196
        ]
      },
      "properties": {
        "date": "2025-01-01"
      }
    },
    {
      "type": "Feature",
      "geometry": {
        "type": "Point",
        "coordinates": [
          1.9939193398907118,
          41.26406789845196
        ]
      },
      "properties": {
        "date": "2025-01-01"
      }
    },
    {
      "type": "Feature",
      "geometry": {
        "type": "Point",
        "coordinates": [
          1.9939424133879795,
          41.26406789845196
        ]
      },
      "properties": {
        "date": "2025-01-01"
      }
    },
    {
      "type": "Feature",
      "geometry": {
        "type": "Point",
        "coordinates": [
          1.9939654868852474,
          41.26406789845196
        ]
      },
      "properties": {
        "date": "2025-01-01"
      }
    },
    {
      "type": "Feature",
      "geometry": {
        "type": "Point",
        "coordinates": [
          1.9939885603825152,
          41.26406789845196
        ]
      },
      "properties": {
        "date": "2025-01-01"
      }
    },
    {
      "type": "Feature",
      "geometry": {
        "type": "Point",
        "coordinates": [
          1.9940116338797829,
          41.26406789845196
        ]
      },
      "properties": {
        "date": "2025-01-01"
      }
    },
    {
      "type": "Feature",
      "geometry": {
        "type": "Point",
        "coordinates": [
          1.9940347073770506,
          41.26406789845196
        ]
      },
      "properties": {
        "date": "2025-01-01"
      }
    },
    {
      "type": "Feature",
      "geometry": {
        "type": "Point",
        "coordinates": [
          1.9940577808743183,
          41.26406789845196
        ]
      },
      "properties": {
        "date": "2025-01-01"
      }
    },
    {
      "type": "Feature",
      "geometry": {
        "type": "Point",
        "coordinates": [
          1.9940808543715862,
          41.26406789845196
        ]
      },
      "properties": {
        "date": "2025-01-01"
      }
    },
    {
      "type": "Feature",
      "geometry": {
        "type": "Point",
        "coordinates": [
          1.994103927868854,
          41.26406789845196
        ]
      },
      "properties": {
        "date": "2025-01-01"
      }
    },
    {
      "type": "Feature",
      "geometry": {
        "type": "Point",
        "coordinates": [
          1.9941270013661216,
          41.26406789845196
        ]
      },
      "properties": {
        "date": "2025-01-01"
      }
    },
    {
      "type": "Feature",
      "geometry": {
        "type": "Point",
        "coordinates": [
          1.9941500748633894,
          41.26406789845196
        ]
      },
      "properties": {
        "date": "2025-01-01"
      }
    },
    {
      "type": "Feature",
      "geometry": {
        "type": "Point",
        "coordinates": [
          1.9941731483606573,
          41.26406789845196
        ]
      },
      "properties": {
        "date": "2025-01-01"
      }
    },
    {
      "type": "Feature",
      "geometry": {
        "type": "Point",
        "coordinates": [
          1.994196221857925,
          41.26406789845196
        ]
      },
      "properties": {
        "date": "2025-01-01"
      }
    },
    {
      "type": "Feature",
      "geometry": {
        "type": "Point",
        "coordinates": [
          1.9942192953551927,
          41.26406789845196
        ]
      },
      "properties": {
        "date": "2025-01-01"
      }
    },
    {
      "type": "Feature",
      "geometry": {
        "type": "Point",
        "coordinates": [
          1.9942423688524604,
          41.26406789845196
        ]
      },
      "properties": {
        "date": "2025-01-01"
      }
    },
    {
      "type": "Feature",
      "geometry": {
        "type": "Point",
        "coordinates": [
          1.9942654423497281,
          41.26406789845196
        ]
      },
      "properties": {
        "date": "2025-01-01"
      }
    },
    {
      "type": "Feature",
      "geometry": {
        "type": "Point",
        "coordinates": [
          1.994288515846996,
          41.26406789845196
        ]
      },
      "properties": {
        "date": "2025-01-01"
      }
    },
    {
      "type": "Feature",
      "geometry": {
        "type": "Point",
        "coordinates": [
          1.9943115893442638,
          41.26406789845196
        ]
      },
      "properties": {
        "date": "2025-01-01"
      }
    },
    {
      "type": "Feature",
      "geometry": {
        "type": "Point",
        "coordinates": [
          1.9951653087431709,
          41.26406789845196
        ]
      },
      "properties": {
        "date": "2025-01-01"
      }
    },
    {
      "type": "Feature",
      "geometry": {
        "type": "Point",
        "coordinates": [
          1.9951883822404386,
          41.26406789845196
        ]
      },
      "properties": {
        "date": "2025-01-01"
      }
    },
    {
      "type": "Feature",
      "geometry": {
        "type": "Point",
        "coordinates": [
          1.9952114557377063,
          41.26406789845196
        ]
      },
      "properties": {
        "date": "2025-01-01"
      }
    },
    {
      "type": "Feature",
      "geometry": {
        "type": "Point",
        "coordinates": [
          1.995234529234974,
          41.26406789845196
        ]
      },
      "properties": {
        "date": "2025-01-01"
      }
    },
    {
      "type": "Feature",
      "geometry": {
        "type": "Point",
        "coordinates": [
          1.995257602732242,
          41.26406789845196
        ]
      },
      "properties": {
        "date": "2025-01-01"
      }
    },
    {
      "type": "Feature",
      "geometry": {
        "type": "Point",
        "coordinates": [
          1.9952806762295097,
          41.26406789845196
        ]
      },
      "properties": {
        "date": "2025-01-01"
      }
    },
    {
      "type": "Feature",
      "geometry": {
        "type": "Point",
        "coordinates": [
          1.9953037497267774,
          41.26406789845196
        ]
      },
      "properties": {
        "date": "2025-01-01"
      }
    },
    {
      "type": "Feature",
      "geometry": {
        "type": "Point",
        "coordinates": [
          1.995326823224045,
          41.26406789845196
        ]
      },
      "properties": {
        "date": "2025-01-01"
      }
    },
    {
      "type": "Feature",
      "geometry": {
        "type": "Point",
        "coordinates": [
          1.995349896721313,
          41.26406789845196
        ]
      },
      "properties": {
        "date": "2025-01-01"
      }
    },
    {
      "type": "Feature",
      "geometry": {
        "type": "Point",
        "coordinates": [
          1.9953729702185807,
          41.26406789845196
        ]
      },
      "properties": {
        "date": "2025-01-01"
      }
    },
    {
      "type": "Feature",
      "geometry": {
        "type": "Point",
        "coordinates": [
          1.9953960437158484,
          41.26406789845196
        ]
      },
      "properties": {
        "date": "2025-01-01"
      }
    },
    {
      "type": "Feature",
      "geometry": {
        "type": "Point",
        "coordinates": [
          1.9954191172131162,
          41.26406789845196
        ]
      },
      "properties": {
        "date": "2025-01-01"
      }
    },
    {
      "type": "Feature",
      "geometry": {
        "type": "Point",
        "coordinates": [
          1.9954421907103839,
          41.26406789845196
        ]
      },
      "properties": {
        "date": "2025-01-01"
      }
    },
    {
      "type": "Feature",
      "geometry": {
        "type": "Point",
        "coordinates": [
          1.9954652642076518,
          41.26406789845196
        ]
      },
      "properties": {
        "date": "2025-01-01"
      }
    },
    {
      "type": "Feature",
      "geometry": {
        "type": "Point",
        "coordinates": [
          1.9954883377049195,
          41.26406789845196
        ]
      },
      "properties": {
        "date": "2025-01-01"
      }
    },
    {
      "type": "Feature",
      "geometry": {
        "type": "Point",
        "coordinates": [
          1.9955114112021872,
          41.26406789845196
        ]
      },
      "properties": {
        "date": "2025-01-01"
      }
    },
    {
      "type": "Feature",
      "geometry": {
        "type": "Point",
        "coordinates": [
          1.995534484699455,
          41.26406789845196
        ]
      },
      "properties": {
        "date": "2025-01-01"
      }
    },
    {
      "type": "Feature",
      "geometry": {
        "type": "Point",
        "coordinates": [
          1.9955575581967226,
          41.26406789845196
        ]
      },
      "properties": {
        "date": "2025-01-01"
      }
    },
    {
      "type": "Feature",
      "geometry": {
        "type": "Point",
        "coordinates": [
          1.9955806316939906,
          41.26406789845196
        ]
      },
      "properties": {
        "date": "2025-01-01"
      }
    },
    {
      "type": "Feature",
      "geometry": {
        "type": "Point",
        "coordinates": [
          1.9956037051912583,
          41.26406789845196
        ]
      },
      "properties": {
        "date": "2025-01-01"
      }
    },
    {
      "type": "Feature",
      "geometry": {
        "type": "Point",
        "coordinates": [
          1.995626778688526,
          41.26406789845196
        ]
      },
      "properties": {
        "date": "2025-01-01"
      }
    },
    {
      "type": "Feature",
      "geometry": {
        "type": "Point",
        "coordinates": [
          1.9533792051912584,
          41.26400799344286
        ]
      },
      "properties": {
        "date": "2025-01-01"
      }
    },
    {
      "type": "Feature",
      "geometry": {
        "type": "Point",
        "coordinates": [
          1.9534022786885263,
          41.26400799344286
        ]
      },
      "properties": {
        "date": "2025-01-01"
      }
    },
    {
      "type": "Feature",
      "geometry": {
        "type": "Point",
        "coordinates": [
          1.953425352185794,
          41.26400799344286
        ]
      },
      "properties": {
        "date": "2025-01-01"
      }
    },
    {
      "type": "Feature",
      "geometry": {
        "type": "Point",
        "coordinates": [
          1.9534484256830618,
          41.26400799344286
        ]
      },
      "properties": {
        "date": "2025-01-01"
      }
    },
    {
      "type": "Feature",
      "geometry": {
        "type": "Point",
        "coordinates": [
          1.9534714991803295,
          41.26400799344286
        ]
      },
      "properties": {
        "date": "2025-01-01"
      }
    },
    {
      "type": "Feature",
      "geometry": {
        "type": "Point",
        "coordinates": [
          1.9534945726775974,
          41.26400799344286
        ]
      },
      "properties": {
        "date": "2025-01-01"
      }
    },
    {
      "type": "Feature",
      "geometry": {
        "type": "Point",
        "coordinates": [
          1.9535176461748651,
          41.26400799344286
        ]
      },
      "properties": {
        "date": "2025-01-01"
      }
    },
    {
      "type": "Feature",
      "geometry": {
        "type": "Point",
        "coordinates": [
          1.9535407196721328,
          41.26400799344286
        ]
      },
      "properties": {
        "date": "2025-01-01"
      }
    },
    {
      "type": "Feature",
      "geometry": {
        "type": "Point",
        "coordinates": [
          1.9535637931694005,
          41.26400799344286
        ]
      },
      "properties": {
        "date": "2025-01-01"
      }
    },
    {
      "type": "Feature",
      "geometry": {
        "type": "Point",
        "coordinates": [
          1.9535868666666683,
          41.26400799344286
        ]
      },
      "properties": {
        "date": "2025-01-01"
      }
    },
    {
      "type": "Feature",
      "geometry": {
        "type": "Point",
        "coordinates": [
          1.9536099401639362,
          41.26400799344286
        ]
      },
      "properties": {
        "date": "2025-01-01"
      }
    },
    {
      "type": "Feature",
      "geometry": {
        "type": "Point",
        "coordinates": [
          1.953633013661204,
          41.26400799344286
        ]
      },
      "properties": {
        "date": "2025-01-01"
      }
    },
    {
      "type": "Feature",
      "geometry": {
        "type": "Point",
        "coordinates": [
          1.9536560871584716,
          41.26400799344286
        ]
      },
      "properties": {
        "date": "2025-01-01"
      }
    },
    {
      "type": "Feature",
      "geometry": {
        "type": "Point",
        "coordinates": [
          1.9536791606557393,
          41.26400799344286
        ]
      },
      "properties": {
        "date": "2025-01-01"
      }
    },
    {
      "type": "Feature",
      "geometry": {
        "type": "Point",
        "coordinates": [
          1.953702234153007,
          41.26400799344286
        ]
      },
      "properties": {
        "date": "2025-01-01"
      }
    },
    {
      "type": "Feature",
      "geometry": {
        "type": "Point",
        "coordinates": [
          1.953725307650275,
          41.26400799344286
        ]
      },
      "properties": {
        "date": "2025-01-01"
      }
    },
    {
      "type": "Feature",
      "geometry": {
        "type": "Point",
        "coordinates": [
          1.9537483811475427,
          41.26400799344286
        ]
      },
      "properties": {
        "date": "2025-01-01"
      }
    },
    {
      "type": "Feature",
      "geometry": {
        "type": "Point",
        "coordinates": [
          1.9537714546448104,
          41.26400799344286
        ]
      },
      "properties": {
        "date": "2025-01-01"
      }
    },
    {
      "type": "Feature",
      "geometry": {
        "type": "Point",
        "coordinates": [
          1.953794528142078,
          41.26400799344286
        ]
      },
      "properties": {
        "date": "2025-01-01"
      }
    },
    {
      "type": "Feature",
      "geometry": {
        "type": "Point",
        "coordinates": [
          1.953817601639346,
          41.26400799344286
        ]
      },
      "properties": {
        "date": "2025-01-01"
      }
    },
    {
      "type": "Feature",
      "geometry": {
        "type": "Point",
        "coordinates": [
          1.9538406751366137,
          41.26400799344286
        ]
      },
      "properties": {
        "date": "2025-01-01"
      }
    },
    {
      "type": "Feature",
      "geometry": {
        "type": "Point",
        "coordinates": [
          1.9538637486338815,
          41.26400799344286
        ]
      },
      "properties": {
        "date": "2025-01-01"
      }
    },
    {
      "type": "Feature",
      "geometry": {
        "type": "Point",
        "coordinates": [
          1.9538868221311492,
          41.26400799344286
        ]
      },
      "properties": {
        "date": "2025-01-01"
      }
    },
    {
      "type": "Feature",
      "geometry": {
        "type": "Point",
        "coordinates": [
          1.9539098956284169,
          41.26400799344286
        ]
      },
      "properties": {
        "date": "2025-01-01"
      }
    },
    {
      "type": "Feature",
      "geometry": {
        "type": "Point",
        "coordinates": [
          1.9539329691256848,
          41.26400799344286
        ]
      },
      "properties": {
        "date": "2025-01-01"
      }
    },
    {
      "type": "Feature",
      "geometry": {
        "type": "Point",
        "coordinates": [
          1.9539560426229525,
          41.26400799344286
        ]
      },
      "properties": {
        "date": "2025-01-01"
      }
    },
    {
      "type": "Feature",
      "geometry": {
        "type": "Point",
        "coordinates": [
          1.9539791161202202,
          41.26400799344286
        ]
      },
      "properties": {
        "date": "2025-01-01"
      }
    },
    {
      "type": "Feature",
      "geometry": {
        "type": "Point",
        "coordinates": [
          1.954002189617488,
          41.26400799344286
        ]
      },
      "properties": {
        "date": "2025-01-01"
      }
    },
    {
      "type": "Feature",
      "geometry": {
        "type": "Point",
        "coordinates": [
          1.9540252631147557,
          41.26400799344286
        ]
      },
      "properties": {
        "date": "2025-01-01"
      }
    },
    {
      "type": "Feature",
      "geometry": {
        "type": "Point",
        "coordinates": [
          1.9540483366120236,
          41.26400799344286
        ]
      },
      "properties": {
        "date": "2025-01-01"
      }
    },
    {
      "type": "Feature",
      "geometry": {
        "type": "Point",
        "coordinates": [
          1.9540714101092913,
          41.26400799344286
        ]
      },
      "properties": {
        "date": "2025-01-01"
      }
    },
    {
      "type": "Feature",
      "geometry": {
        "type": "Point",
        "coordinates": [
          1.954094483606559,
          41.26400799344286
        ]
      },
      "properties": {
        "date": "2025-01-01"
      }
    },
    {
      "type": "Feature",
      "geometry": {
        "type": "Point",
        "coordinates": [
          1.9541175571038267,
          41.26400799344286
        ]
      },
      "properties": {
        "date": "2025-01-01"
      }
    },
    {
      "type": "Feature",
      "geometry": {
        "type": "Point",
        "coordinates": [
          1.9541406306010947,
          41.26400799344286
        ]
      },
      "properties": {
        "date": "2025-01-01"
      }
    },
    {
      "type": "Feature",
      "geometry": {
        "type": "Point",
        "coordinates": [
          1.9541637040983624,
          41.26400799344286
        ]
      },
      "properties": {
        "date": "2025-01-01"
      }
    },
    {
      "type": "Feature",
      "geometry": {
        "type": "Point",
        "coordinates": [
          1.95418677759563,
          41.26400799344286
        ]
      },
      "properties": {
        "date": "2025-01-01"
      }
    },
    {
      "type": "Feature",
      "geometry": {
        "type": "Point",
        "coordinates": [
          1.9542098510928978,
          41.26400799344286
        ]
      },
      "properties": {
        "date": "2025-01-01"
      }
    },
    {
      "type": "Feature",
      "geometry": {
        "type": "Point",
        "coordinates": [
          1.9542329245901655,
          41.26400799344286
        ]
      },
      "properties": {
        "date": "2025-01-01"
      }
    },
    {
      "type": "Feature",
      "geometry": {
        "type": "Point",
        "coordinates": [
          1.9542559980874334,
          41.26400799344286
        ]
      },
      "properties": {
        "date": "2025-01-01"
      }
    },
    {
      "type": "Feature",
      "geometry": {
        "type": "Point",
        "coordinates": [
          1.9542790715847012,
          41.26400799344286
        ]
      },
      "properties": {
        "date": "2025-01-01"
      }
    },
    {
      "type": "Feature",
      "geometry": {
        "type": "Point",
        "coordinates": [
          1.9543021450819689,
          41.26400799344286
        ]
      },
      "properties": {
        "date": "2025-01-01"
      }
    },
    {
      "type": "Feature",
      "geometry": {
        "type": "Point",
        "coordinates": [
          1.9543252185792366,
          41.26400799344286
        ]
      },
      "properties": {
        "date": "2025-01-01"
      }
    },
    {
      "type": "Feature",
      "geometry": {
        "type": "Point",
        "coordinates": [
          1.9543482920765043,
          41.26400799344286
        ]
      },
      "properties": {
        "date": "2025-01-01"
      }
    },
    {
      "type": "Feature",
      "geometry": {
        "type": "Point",
        "coordinates": [
          1.9543713655737722,
          41.26400799344286
        ]
      },
      "properties": {
        "date": "2025-01-01"
      }
    },
    {
      "type": "Feature",
      "geometry": {
        "type": "Point",
        "coordinates": [
          1.95439443907104,
          41.26400799344286
        ]
      },
      "properties": {
        "date": "2025-01-01"
      }
    },
    {
      "type": "Feature",
      "geometry": {
        "type": "Point",
        "coordinates": [
          1.9544175125683076,
          41.26400799344286
        ]
      },
      "properties": {
        "date": "2025-01-01"
      }
    },
    {
      "type": "Feature",
      "geometry": {
        "type": "Point",
        "coordinates": [
          1.9544405860655754,
          41.26400799344286
        ]
      },
      "properties": {
        "date": "2025-01-01"
      }
    },
    {
      "type": "Feature",
      "geometry": {
        "type": "Point",
        "coordinates": [
          1.9544636595628433,
          41.26400799344286
        ]
      },
      "properties": {
        "date": "2025-01-01"
      }
    },
    {
      "type": "Feature",
      "geometry": {
        "type": "Point",
        "coordinates": [
          1.954486733060111,
          41.26400799344286
        ]
      },
      "properties": {
        "date": "2025-01-01"
      }
    },
    {
      "type": "Feature",
      "geometry": {
        "type": "Point",
        "coordinates": [
          1.9545098065573787,
          41.26400799344286
        ]
      },
      "properties": {
        "date": "2025-01-01"
      }
    },
    {
      "type": "Feature",
      "geometry": {
        "type": "Point",
        "coordinates": [
          1.9545328800546464,
          41.26400799344286
        ]
      },
      "properties": {
        "date": "2025-01-01"
      }
    },
    {
      "type": "Feature",
      "geometry": {
        "type": "Point",
        "coordinates": [
          1.9545559535519141,
          41.26400799344286
        ]
      },
      "properties": {
        "date": "2025-01-01"
      }
    },
    {
      "type": "Feature",
      "geometry": {
        "type": "Point",
        "coordinates": [
          1.954579027049182,
          41.26400799344286
        ]
      },
      "properties": {
        "date": "2025-01-01"
      }
    },
    {
      "type": "Feature",
      "geometry": {
        "type": "Point",
        "coordinates": [
          1.9546021005464498,
          41.26400799344286
        ]
      },
      "properties": {
        "date": "2025-01-01"
      }
    },
    {
      "type": "Feature",
      "geometry": {
        "type": "Point",
        "coordinates": [
          1.9546251740437175,
          41.26400799344286
        ]
      },
      "properties": {
        "date": "2025-01-01"
      }
    },
    {
      "type": "Feature",
      "geometry": {
        "type": "Point",
        "coordinates": [
          1.9546482475409852,
          41.26400799344286
        ]
      },
      "properties": {
        "date": "2025-01-01"
      }
    },
    {
      "type": "Feature",
      "geometry": {
        "type": "Point",
        "coordinates": [
          1.9546713210382531,
          41.26400799344286
        ]
      },
      "properties": {
        "date": "2025-01-01"
      }
    },
    {
      "type": "Feature",
      "geometry": {
        "type": "Point",
        "coordinates": [
          1.9546943945355209,
          41.26400799344286
        ]
      },
      "properties": {
        "date": "2025-01-01"
      }
    },
    {
      "type": "Feature",
      "geometry": {
        "type": "Point",
        "coordinates": [
          1.9547174680327886,
          41.26400799344286
        ]
      },
      "properties": {
        "date": "2025-01-01"
      }
    },
    {
      "type": "Feature",
      "geometry": {
        "type": "Point",
        "coordinates": [
          1.9547405415300563,
          41.26400799344286
        ]
      },
      "properties": {
        "date": "2025-01-01"
      }
    },
    {
      "type": "Feature",
      "geometry": {
        "type": "Point",
        "coordinates": [
          1.954763615027324,
          41.26400799344286
        ]
      },
      "properties": {
        "date": "2025-01-01"
      }
    },
    {
      "type": "Feature",
      "geometry": {
        "type": "Point",
        "coordinates": [
          1.954786688524592,
          41.26400799344286
        ]
      },
      "properties": {
        "date": "2025-01-01"
      }
    },
    {
      "type": "Feature",
      "geometry": {
        "type": "Point",
        "coordinates": [
          1.9548097620218596,
          41.26400799344286
        ]
      },
      "properties": {
        "date": "2025-01-01"
      }
    },
    {
      "type": "Feature",
      "geometry": {
        "type": "Point",
        "coordinates": [
          1.9548328355191273,
          41.26400799344286
        ]
      },
      "properties": {
        "date": "2025-01-01"
      }
    },
    {
      "type": "Feature",
      "geometry": {
        "type": "Point",
        "coordinates": [
          1.954855909016395,
          41.26400799344286
        ]
      },
      "properties": {
        "date": "2025-01-01"
      }
    },
    {
      "type": "Feature",
      "geometry": {
        "type": "Point",
        "coordinates": [
          1.9548789825136628,
          41.26400799344286
        ]
      },
      "properties": {
        "date": "2025-01-01"
      }
    },
    {
      "type": "Feature",
      "geometry": {
        "type": "Point",
        "coordinates": [
          1.9549020560109307,
          41.26400799344286
        ]
      },
      "properties": {
        "date": "2025-01-01"
      }
    },
    {
      "type": "Feature",
      "geometry": {
        "type": "Point",
        "coordinates": [
          1.9549251295081984,
          41.26400799344286
        ]
      },
      "properties": {
        "date": "2025-01-01"
      }
    },
    {
      "type": "Feature",
      "geometry": {
        "type": "Point",
        "coordinates": [
          1.9549482030054661,
          41.26400799344286
        ]
      },
      "properties": {
        "date": "2025-01-01"
      }
    },
    {
      "type": "Feature",
      "geometry": {
        "type": "Point",
        "coordinates": [
          1.9549712765027338,
          41.26400799344286
        ]
      },
      "properties": {
        "date": "2025-01-01"
      }
    },
    {
      "type": "Feature",
      "geometry": {
        "type": "Point",
        "coordinates": [
          1.9549943500000018,
          41.26400799344286
        ]
      },
      "properties": {
        "date": "2025-01-01"
      }
    },
    {
      "type": "Feature",
      "geometry": {
        "type": "Point",
        "coordinates": [
          1.9550174234972695,
          41.26400799344286
        ]
      },
      "properties": {
        "date": "2025-01-01"
      }
    },
    {
      "type": "Feature",
      "geometry": {
        "type": "Point",
        "coordinates": [
          1.9550404969945372,
          41.26400799344286
        ]
      },
      "properties": {
        "date": "2025-01-01"
      }
    },
    {
      "type": "Feature",
      "geometry": {
        "type": "Point",
        "coordinates": [
          1.955063570491805,
          41.26400799344286
        ]
      },
      "properties": {
        "date": "2025-01-01"
      }
    },
    {
      "type": "Feature",
      "geometry": {
        "type": "Point",
        "coordinates": [
          1.9550866439890726,
          41.26400799344286
        ]
      },
      "properties": {
        "date": "2025-01-01"
      }
    },
    {
      "type": "Feature",
      "geometry": {
        "type": "Point",
        "coordinates": [
          1.9551097174863405,
          41.26400799344286
        ]
      },
      "properties": {
        "date": "2025-01-01"
      }
    },
    {
      "type": "Feature",
      "geometry": {
        "type": "Point",
        "coordinates": [
          1.9551327909836083,
          41.26400799344286
        ]
      },
      "properties": {
        "date": "2025-01-01"
      }
    },
    {
      "type": "Feature",
      "geometry": {
        "type": "Point",
        "coordinates": [
          1.955155864480876,
          41.26400799344286
        ]
      },
      "properties": {
        "date": "2025-01-01"
      }
    },
    {
      "type": "Feature",
      "geometry": {
        "type": "Point",
        "coordinates": [
          1.9551789379781437,
          41.26400799344286
        ]
      },
      "properties": {
        "date": "2025-01-01"
      }
    },
    {
      "type": "Feature",
      "geometry": {
        "type": "Point",
        "coordinates": [
          1.9552020114754114,
          41.26400799344286
        ]
      },
      "properties": {
        "date": "2025-01-01"
      }
    },
    {
      "type": "Feature",
      "geometry": {
        "type": "Point",
        "coordinates": [
          1.9552250849726793,
          41.26400799344286
        ]
      },
      "properties": {
        "date": "2025-01-01"
      }
    },
    {
      "type": "Feature",
      "geometry": {
        "type": "Point",
        "coordinates": [
          1.955248158469947,
          41.26400799344286
        ]
      },
      "properties": {
        "date": "2025-01-01"
      }
    },
    {
      "type": "Feature",
      "geometry": {
        "type": "Point",
        "coordinates": [
          1.9552712319672148,
          41.26400799344286
        ]
      },
      "properties": {
        "date": "2025-01-01"
      }
    },
    {
      "type": "Feature",
      "geometry": {
        "type": "Point",
        "coordinates": [
          1.9552943054644825,
          41.26400799344286
        ]
      },
      "properties": {
        "date": "2025-01-01"
      }
    },
    {
      "type": "Feature",
      "geometry": {
        "type": "Point",
        "coordinates": [
          1.9553173789617504,
          41.26400799344286
        ]
      },
      "properties": {
        "date": "2025-01-01"
      }
    },
    {
      "type": "Feature",
      "geometry": {
        "type": "Point",
        "coordinates": [
          1.955340452459018,
          41.26400799344286
        ]
      },
      "properties": {
        "date": "2025-01-01"
      }
    },
    {
      "type": "Feature",
      "geometry": {
        "type": "Point",
        "coordinates": [
          1.9553635259562858,
          41.26400799344286
        ]
      },
      "properties": {
        "date": "2025-01-01"
      }
    },
    {
      "type": "Feature",
      "geometry": {
        "type": "Point",
        "coordinates": [
          1.9553865994535535,
          41.26400799344286
        ]
      },
      "properties": {
        "date": "2025-01-01"
      }
    },
    {
      "type": "Feature",
      "geometry": {
        "type": "Point",
        "coordinates": [
          1.9554096729508212,
          41.26400799344286
        ]
      },
      "properties": {
        "date": "2025-01-01"
      }
    },
    {
      "type": "Feature",
      "geometry": {
        "type": "Point",
        "coordinates": [
          1.9554327464480892,
          41.26400799344286
        ]
      },
      "properties": {
        "date": "2025-01-01"
      }
    },
    {
      "type": "Feature",
      "geometry": {
        "type": "Point",
        "coordinates": [
          1.9554558199453569,
          41.26400799344286
        ]
      },
      "properties": {
        "date": "2025-01-01"
      }
    },
    {
      "type": "Feature",
      "geometry": {
        "type": "Point",
        "coordinates": [
          1.9554788934426246,
          41.26400799344286
        ]
      },
      "properties": {
        "date": "2025-01-01"
      }
    },
    {
      "type": "Feature",
      "geometry": {
        "type": "Point",
        "coordinates": [
          1.9555019669398923,
          41.26400799344286
        ]
      },
      "properties": {
        "date": "2025-01-01"
      }
    },
    {
      "type": "Feature",
      "geometry": {
        "type": "Point",
        "coordinates": [
          1.95552504043716,
          41.26400799344286
        ]
      },
      "properties": {
        "date": "2025-01-01"
      }
    },
    {
      "type": "Feature",
      "geometry": {
        "type": "Point",
        "coordinates": [
          1.955548113934428,
          41.26400799344286
        ]
      },
      "properties": {
        "date": "2025-01-01"
      }
    },
    {
      "type": "Feature",
      "geometry": {
        "type": "Point",
        "coordinates": [
          1.9555711874316957,
          41.26400799344286
        ]
      },
      "properties": {
        "date": "2025-01-01"
      }
    },
    {
      "type": "Feature",
      "geometry": {
        "type": "Point",
        "coordinates": [
          1.9555942609289634,
          41.26400799344286
        ]
      },
      "properties": {
        "date": "2025-01-01"
      }
    },
    {
      "type": "Feature",
      "geometry": {
        "type": "Point",
        "coordinates": [
          1.955617334426231,
          41.26400799344286
        ]
      },
      "properties": {
        "date": "2025-01-01"
      }
    },
    {
      "type": "Feature",
      "geometry": {
        "type": "Point",
        "coordinates": [
          1.955640407923499,
          41.26400799344286
        ]
      },
      "properties": {
        "date": "2025-01-01"
      }
    },
    {
      "type": "Feature",
      "geometry": {
        "type": "Point",
        "coordinates": [
          1.9556634814207667,
          41.26400799344286
        ]
      },
      "properties": {
        "date": "2025-01-01"
      }
    },
    {
      "type": "Feature",
      "geometry": {
        "type": "Point",
        "coordinates": [
          1.9556865549180344,
          41.26400799344286
        ]
      },
      "properties": {
        "date": "2025-01-01"
      }
    },
    {
      "type": "Feature",
      "geometry": {
        "type": "Point",
        "coordinates": [
          1.9557096284153022,
          41.26400799344286
        ]
      },
      "properties": {
        "date": "2025-01-01"
      }
    },
    {
      "type": "Feature",
      "geometry": {
        "type": "Point",
        "coordinates": [
          1.9557327019125699,
          41.26400799344286
        ]
      },
      "properties": {
        "date": "2025-01-01"
      }
    },
    {
      "type": "Feature",
      "geometry": {
        "type": "Point",
        "coordinates": [
          1.9557557754098378,
          41.26400799344286
        ]
      },
      "properties": {
        "date": "2025-01-01"
      }
    },
    {
      "type": "Feature",
      "geometry": {
        "type": "Point",
        "coordinates": [
          1.9557788489071055,
          41.26400799344286
        ]
      },
      "properties": {
        "date": "2025-01-01"
      }
    },
    {
      "type": "Feature",
      "geometry": {
        "type": "Point",
        "coordinates": [
          1.9558019224043732,
          41.26400799344286
        ]
      },
      "properties": {
        "date": "2025-01-01"
      }
    },
    {
      "type": "Feature",
      "geometry": {
        "type": "Point",
        "coordinates": [
          1.955824995901641,
          41.26400799344286
        ]
      },
      "properties": {
        "date": "2025-01-01"
      }
    },
    {
      "type": "Feature",
      "geometry": {
        "type": "Point",
        "coordinates": [
          1.9558480693989089,
          41.26400799344286
        ]
      },
      "properties": {
        "date": "2025-01-01"
      }
    },
    {
      "type": "Feature",
      "geometry": {
        "type": "Point",
        "coordinates": [
          1.9558711428961766,
          41.26400799344286
        ]
      },
      "properties": {
        "date": "2025-01-01"
      }
    },
    {
      "type": "Feature",
      "geometry": {
        "type": "Point",
        "coordinates": [
          1.9558942163934443,
          41.26400799344286
        ]
      },
      "properties": {
        "date": "2025-01-01"
      }
    },
    {
      "type": "Feature",
      "geometry": {
        "type": "Point",
        "coordinates": [
          1.955917289890712,
          41.26400799344286
        ]
      },
      "properties": {
        "date": "2025-01-01"
      }
    },
    {
      "type": "Feature",
      "geometry": {
        "type": "Point",
        "coordinates": [
          1.9559403633879797,
          41.26400799344286
        ]
      },
      "properties": {
        "date": "2025-01-01"
      }
    },
    {
      "type": "Feature",
      "geometry": {
        "type": "Point",
        "coordinates": [
          1.9559634368852477,
          41.26400799344286
        ]
      },
      "properties": {
        "date": "2025-01-01"
      }
    },
    {
      "type": "Feature",
      "geometry": {
        "type": "Point",
        "coordinates": [
          1.9559865103825154,
          41.26400799344286
        ]
      },
      "properties": {
        "date": "2025-01-01"
      }
    },
    {
      "type": "Feature",
      "geometry": {
        "type": "Point",
        "coordinates": [
          1.956009583879783,
          41.26400799344286
        ]
      },
      "properties": {
        "date": "2025-01-01"
      }
    },
    {
      "type": "Feature",
      "geometry": {
        "type": "Point",
        "coordinates": [
          1.9560326573770508,
          41.26400799344286
        ]
      },
      "properties": {
        "date": "2025-01-01"
      }
    },
    {
      "type": "Feature",
      "geometry": {
        "type": "Point",
        "coordinates": [
          1.9560557308743185,
          41.26400799344286
        ]
      },
      "properties": {
        "date": "2025-01-01"
      }
    },
    {
      "type": "Feature",
      "geometry": {
        "type": "Point",
        "coordinates": [
          1.9560788043715864,
          41.26400799344286
        ]
      },
      "properties": {
        "date": "2025-01-01"
      }
    },
    {
      "type": "Feature",
      "geometry": {
        "type": "Point",
        "coordinates": [
          1.9561018778688541,
          41.26400799344286
        ]
      },
      "properties": {
        "date": "2025-01-01"
      }
    },
    {
      "type": "Feature",
      "geometry": {
        "type": "Point",
        "coordinates": [
          1.9561249513661219,
          41.26400799344286
        ]
      },
      "properties": {
        "date": "2025-01-01"
      }
    },
    {
      "type": "Feature",
      "geometry": {
        "type": "Point",
        "coordinates": [
          1.9561480248633896,
          41.26400799344286
        ]
      },
      "properties": {
        "date": "2025-01-01"
      }
    },
    {
      "type": "Feature",
      "geometry": {
        "type": "Point",
        "coordinates": [
          1.9561710983606575,
          41.26400799344286
        ]
      },
      "properties": {
        "date": "2025-01-01"
      }
    },
    {
      "type": "Feature",
      "geometry": {
        "type": "Point",
        "coordinates": [
          1.9561941718579252,
          41.26400799344286
        ]
      },
      "properties": {
        "date": "2025-01-01"
      }
    },
    {
      "type": "Feature",
      "geometry": {
        "type": "Point",
        "coordinates": [
          1.956217245355193,
          41.26400799344286
        ]
      },
      "properties": {
        "date": "2025-01-01"
      }
    },
    {
      "type": "Feature",
      "geometry": {
        "type": "Point",
        "coordinates": [
          1.9562403188524606,
          41.26400799344286
        ]
      },
      "properties": {
        "date": "2025-01-01"
      }
    },
    {
      "type": "Feature",
      "geometry": {
        "type": "Point",
        "coordinates": [
          1.9562633923497283,
          41.26400799344286
        ]
      },
      "properties": {
        "date": "2025-01-01"
      }
    },
    {
      "type": "Feature",
      "geometry": {
        "type": "Point",
        "coordinates": [
          1.9562864658469963,
          41.26400799344286
        ]
      },
      "properties": {
        "date": "2025-01-01"
      }
    },
    {
      "type": "Feature",
      "geometry": {
        "type": "Point",
        "coordinates": [
          1.956309539344264,
          41.26400799344286
        ]
      },
      "properties": {
        "date": "2025-01-01"
      }
    },
    {
      "type": "Feature",
      "geometry": {
        "type": "Point",
        "coordinates": [
          1.9563326128415317,
          41.26400799344286
        ]
      },
      "properties": {
        "date": "2025-01-01"
      }
    },
    {
      "type": "Feature",
      "geometry": {
        "type": "Point",
        "coordinates": [
          1.9563556863387994,
          41.26400799344286
        ]
      },
      "properties": {
        "date": "2025-01-01"
      }
    },
    {
      "type": "Feature",
      "geometry": {
        "type": "Point",
        "coordinates": [
          1.9563787598360671,
          41.26400799344286
        ]
      },
      "properties": {
        "date": "2025-01-01"
      }
    },
    {
      "type": "Feature",
      "geometry": {
        "type": "Point",
        "coordinates": [
          1.956401833333335,
          41.26400799344286
        ]
      },
      "properties": {
        "date": "2025-01-01"
      }
    },
    {
      "type": "Feature",
      "geometry": {
        "type": "Point",
        "coordinates": [
          1.9564249068306028,
          41.26400799344286
        ]
      },
      "properties": {
        "date": "2025-01-01"
      }
    },
    {
      "type": "Feature",
      "geometry": {
        "type": "Point",
        "coordinates": [
          1.9564479803278705,
          41.26400799344286
        ]
      },
      "properties": {
        "date": "2025-01-01"
      }
    },
    {
      "type": "Feature",
      "geometry": {
        "type": "Point",
        "coordinates": [
          1.9564710538251382,
          41.26400799344286
        ]
      },
      "properties": {
        "date": "2025-01-01"
      }
    },
    {
      "type": "Feature",
      "geometry": {
        "type": "Point",
        "coordinates": [
          1.9573247732240453,
          41.26400799344286
        ]
      },
      "properties": {
        "date": "2025-01-01"
      }
    },
    {
      "type": "Feature",
      "geometry": {
        "type": "Point",
        "coordinates": [
          1.9573478467213132,
          41.26400799344286
        ]
      },
      "properties": {
        "date": "2025-01-01"
      }
    },
    {
      "type": "Feature",
      "geometry": {
        "type": "Point",
        "coordinates": [
          1.957370920218581,
          41.26400799344286
        ]
      },
      "properties": {
        "date": "2025-01-01"
      }
    },
    {
      "type": "Feature",
      "geometry": {
        "type": "Point",
        "coordinates": [
          1.9573939937158487,
          41.26400799344286
        ]
      },
      "properties": {
        "date": "2025-01-01"
      }
    },
    {
      "type": "Feature",
      "geometry": {
        "type": "Point",
        "coordinates": [
          1.9574170672131164,
          41.26400799344286
        ]
      },
      "properties": {
        "date": "2025-01-01"
      }
    },
    {
      "type": "Feature",
      "geometry": {
        "type": "Point",
        "coordinates": [
          1.957440140710384,
          41.26400799344286
        ]
      },
      "properties": {
        "date": "2025-01-01"
      }
    },
    {
      "type": "Feature",
      "geometry": {
        "type": "Point",
        "coordinates": [
          1.957463214207652,
          41.26400799344286
        ]
      },
      "properties": {
        "date": "2025-01-01"
      }
    },
    {
      "type": "Feature",
      "geometry": {
        "type": "Point",
        "coordinates": [
          1.9574862877049197,
          41.26400799344286
        ]
      },
      "properties": {
        "date": "2025-01-01"
      }
    },
    {
      "type": "Feature",
      "geometry": {
        "type": "Point",
        "coordinates": [
          1.9575093612021874,
          41.26400799344286
        ]
      },
      "properties": {
        "date": "2025-01-01"
      }
    },
    {
      "type": "Feature",
      "geometry": {
        "type": "Point",
        "coordinates": [
          1.9575324346994551,
          41.26400799344286
        ]
      },
      "properties": {
        "date": "2025-01-01"
      }
    },
    {
      "type": "Feature",
      "geometry": {
        "type": "Point",
        "coordinates": [
          1.9575555081967229,
          41.26400799344286
        ]
      },
      "properties": {
        "date": "2025-01-01"
      }
    },
    {
      "type": "Feature",
      "geometry": {
        "type": "Point",
        "coordinates": [
          1.9575785816939908,
          41.26400799344286
        ]
      },
      "properties": {
        "date": "2025-01-01"
      }
    },
    {
      "type": "Feature",
      "geometry": {
        "type": "Point",
        "coordinates": [
          1.9576016551912585,
          41.26400799344286
        ]
      },
      "properties": {
        "date": "2025-01-01"
      }
    },
    {
      "type": "Feature",
      "geometry": {
        "type": "Point",
        "coordinates": [
          1.9576247286885262,
          41.26400799344286
        ]
      },
      "properties": {
        "date": "2025-01-01"
      }
    },
    {
      "type": "Feature",
      "geometry": {
        "type": "Point",
        "coordinates": [
          1.957647802185794,
          41.26400799344286
        ]
      },
      "properties": {
        "date": "2025-01-01"
      }
    },
    {
      "type": "Feature",
      "geometry": {
        "type": "Point",
        "coordinates": [
          1.9576708756830619,
          41.26400799344286
        ]
      },
      "properties": {
        "date": "2025-01-01"
      }
    },
    {
      "type": "Feature",
      "geometry": {
        "type": "Point",
        "coordinates": [
          1.9576939491803296,
          41.26400799344286
        ]
      },
      "properties": {
        "date": "2025-01-01"
      }
    },
    {
      "type": "Feature",
      "geometry": {
        "type": "Point",
        "coordinates": [
          1.9577170226775973,
          41.26400799344286
        ]
      },
      "properties": {
        "date": "2025-01-01"
      }
    },
    {
      "type": "Feature",
      "geometry": {
        "type": "Point",
        "coordinates": [
          1.957740096174865,
          41.26400799344286
        ]
      },
      "properties": {
        "date": "2025-01-01"
      }
    },
    {
      "type": "Feature",
      "geometry": {
        "type": "Point",
        "coordinates": [
          1.9577631696721327,
          41.26400799344286
        ]
      },
      "properties": {
        "date": "2025-01-01"
      }
    },
    {
      "type": "Feature",
      "geometry": {
        "type": "Point",
        "coordinates": [
          1.9577862431694006,
          41.26400799344286
        ]
      },
      "properties": {
        "date": "2025-01-01"
      }
    },
    {
      "type": "Feature",
      "geometry": {
        "type": "Point",
        "coordinates": [
          1.9578093166666684,
          41.26400799344286
        ]
      },
      "properties": {
        "date": "2025-01-01"
      }
    },
    {
      "type": "Feature",
      "geometry": {
        "type": "Point",
        "coordinates": [
          1.957832390163936,
          41.26400799344286
        ]
      },
      "properties": {
        "date": "2025-01-01"
      }
    },
    {
      "type": "Feature",
      "geometry": {
        "type": "Point",
        "coordinates": [
          1.9578554636612038,
          41.26400799344286
        ]
      },
      "properties": {
        "date": "2025-01-01"
      }
    },
    {
      "type": "Feature",
      "geometry": {
        "type": "Point",
        "coordinates": [
          1.9578785371584715,
          41.26400799344286
        ]
      },
      "properties": {
        "date": "2025-01-01"
      }
    },
    {
      "type": "Feature",
      "geometry": {
        "type": "Point",
        "coordinates": [
          1.9579016106557394,
          41.26400799344286
        ]
      },
      "properties": {
        "date": "2025-01-01"
      }
    },
    {
      "type": "Feature",
      "geometry": {
        "type": "Point",
        "coordinates": [
          1.9579246841530071,
          41.26400799344286
        ]
      },
      "properties": {
        "date": "2025-01-01"
      }
    },
    {
      "type": "Feature",
      "geometry": {
        "type": "Point",
        "coordinates": [
          1.9579477576502748,
          41.26400799344286
        ]
      },
      "properties": {
        "date": "2025-01-01"
      }
    },
    {
      "type": "Feature",
      "geometry": {
        "type": "Point",
        "coordinates": [
          1.9579708311475426,
          41.26400799344286
        ]
      },
      "properties": {
        "date": "2025-01-01"
      }
    },
    {
      "type": "Feature",
      "geometry": {
        "type": "Point",
        "coordinates": [
          1.9579939046448105,
          41.26400799344286
        ]
      },
      "properties": {
        "date": "2025-01-01"
      }
    },
    {
      "type": "Feature",
      "geometry": {
        "type": "Point",
        "coordinates": [
          1.9580169781420782,
          41.26400799344286
        ]
      },
      "properties": {
        "date": "2025-01-01"
      }
    },
    {
      "type": "Feature",
      "geometry": {
        "type": "Point",
        "coordinates": [
          1.958040051639346,
          41.26400799344286
        ]
      },
      "properties": {
        "date": "2025-01-01"
      }
    },
    {
      "type": "Feature",
      "geometry": {
        "type": "Point",
        "coordinates": [
          1.9580631251366136,
          41.26400799344286
        ]
      },
      "properties": {
        "date": "2025-01-01"
      }
    },
    {
      "type": "Feature",
      "geometry": {
        "type": "Point",
        "coordinates": [
          1.9580861986338813,
          41.26400799344286
        ]
      },
      "properties": {
        "date": "2025-01-01"
      }
    },
    {
      "type": "Feature",
      "geometry": {
        "type": "Point",
        "coordinates": [
          1.9581092721311493,
          41.26400799344286
        ]
      },
      "properties": {
        "date": "2025-01-01"
      }
    },
    {
      "type": "Feature",
      "geometry": {
        "type": "Point",
        "coordinates": [
          1.958132345628417,
          41.26400799344286
        ]
      },
      "properties": {
        "date": "2025-01-01"
      }
    },
    {
      "type": "Feature",
      "geometry": {
        "type": "Point",
        "coordinates": [
          1.9581554191256847,
          41.26400799344286
        ]
      },
      "properties": {
        "date": "2025-01-01"
      }
    },
    {
      "type": "Feature",
      "geometry": {
        "type": "Point",
        "coordinates": [
          1.9581784926229524,
          41.26400799344286
        ]
      },
      "properties": {
        "date": "2025-01-01"
      }
    },
    {
      "type": "Feature",
      "geometry": {
        "type": "Point",
        "coordinates": [
          1.9582015661202201,
          41.26400799344286
        ]
      },
      "properties": {
        "date": "2025-01-01"
      }
    },
    {
      "type": "Feature",
      "geometry": {
        "type": "Point",
        "coordinates": [
          1.958224639617488,
          41.26400799344286
        ]
      },
      "properties": {
        "date": "2025-01-01"
      }
    },
    {
      "type": "Feature",
      "geometry": {
        "type": "Point",
        "coordinates": [
          1.9582477131147558,
          41.26400799344286
        ]
      },
      "properties": {
        "date": "2025-01-01"
      }
    },
    {
      "type": "Feature",
      "geometry": {
        "type": "Point",
        "coordinates": [
          1.9582707866120235,
          41.26400799344286
        ]
      },
      "properties": {
        "date": "2025-01-01"
      }
    },
    {
      "type": "Feature",
      "geometry": {
        "type": "Point",
        "coordinates": [
          1.9582938601092912,
          41.26400799344286
        ]
      },
      "properties": {
        "date": "2025-01-01"
      }
    },
    {
      "type": "Feature",
      "geometry": {
        "type": "Point",
        "coordinates": [
          1.9583169336065591,
          41.26400799344286
        ]
      },
      "properties": {
        "date": "2025-01-01"
      }
    },
    {
      "type": "Feature",
      "geometry": {
        "type": "Point",
        "coordinates": [
          1.9583400071038268,
          41.26400799344286
        ]
      },
      "properties": {
        "date": "2025-01-01"
      }
    },
    {
      "type": "Feature",
      "geometry": {
        "type": "Point",
        "coordinates": [
          1.9583630806010945,
          41.26400799344286
        ]
      },
      "properties": {
        "date": "2025-01-01"
      }
    },
    {
      "type": "Feature",
      "geometry": {
        "type": "Point",
        "coordinates": [
          1.9583861540983623,
          41.26400799344286
        ]
      },
      "properties": {
        "date": "2025-01-01"
      }
    },
    {
      "type": "Feature",
      "geometry": {
        "type": "Point",
        "coordinates": [
          1.95840922759563,
          41.26400799344286
        ]
      },
      "properties": {
        "date": "2025-01-01"
      }
    },
    {
      "type": "Feature",
      "geometry": {
        "type": "Point",
        "coordinates": [
          1.958432301092898,
          41.26400799344286
        ]
      },
      "properties": {
        "date": "2025-01-01"
      }
    },
    {
      "type": "Feature",
      "geometry": {
        "type": "Point",
        "coordinates": [
          1.9584553745901656,
          41.26400799344286
        ]
      },
      "properties": {
        "date": "2025-01-01"
      }
    },
    {
      "type": "Feature",
      "geometry": {
        "type": "Point",
        "coordinates": [
          1.9584784480874333,
          41.26400799344286
        ]
      },
      "properties": {
        "date": "2025-01-01"
      }
    },
    {
      "type": "Feature",
      "geometry": {
        "type": "Point",
        "coordinates": [
          1.958501521584701,
          41.26400799344286
        ]
      },
      "properties": {
        "date": "2025-01-01"
      }
    },
    {
      "type": "Feature",
      "geometry": {
        "type": "Point",
        "coordinates": [
          1.9585245950819687,
          41.26400799344286
        ]
      },
      "properties": {
        "date": "2025-01-01"
      }
    },
    {
      "type": "Feature",
      "geometry": {
        "type": "Point",
        "coordinates": [
          1.9585476685792367,
          41.26400799344286
        ]
      },
      "properties": {
        "date": "2025-01-01"
      }
    },
    {
      "type": "Feature",
      "geometry": {
        "type": "Point",
        "coordinates": [
          1.9585707420765044,
          41.26400799344286
        ]
      },
      "properties": {
        "date": "2025-01-01"
      }
    },
    {
      "type": "Feature",
      "geometry": {
        "type": "Point",
        "coordinates": [
          1.958593815573772,
          41.26400799344286
        ]
      },
      "properties": {
        "date": "2025-01-01"
      }
    },
    {
      "type": "Feature",
      "geometry": {
        "type": "Point",
        "coordinates": [
          1.9586168890710398,
          41.26400799344286
        ]
      },
      "properties": {
        "date": "2025-01-01"
      }
    },
    {
      "type": "Feature",
      "geometry": {
        "type": "Point",
        "coordinates": [
          1.9586399625683077,
          41.26400799344286
        ]
      },
      "properties": {
        "date": "2025-01-01"
      }
    },
    {
      "type": "Feature",
      "geometry": {
        "type": "Point",
        "coordinates": [
          1.9586630360655755,
          41.26400799344286
        ]
      },
      "properties": {
        "date": "2025-01-01"
      }
    },
    {
      "type": "Feature",
      "geometry": {
        "type": "Point",
        "coordinates": [
          1.9586861095628432,
          41.26400799344286
        ]
      },
      "properties": {
        "date": "2025-01-01"
      }
    },
    {
      "type": "Feature",
      "geometry": {
        "type": "Point",
        "coordinates": [
          1.9587091830601109,
          41.26400799344286
        ]
      },
      "properties": {
        "date": "2025-01-01"
      }
    },
    {
      "type": "Feature",
      "geometry": {
        "type": "Point",
        "coordinates": [
          1.9587322565573786,
          41.26400799344286
        ]
      },
      "properties": {
        "date": "2025-01-01"
      }
    },
    {
      "type": "Feature",
      "geometry": {
        "type": "Point",
        "coordinates": [
          1.9587553300546465,
          41.26400799344286
        ]
      },
      "properties": {
        "date": "2025-01-01"
      }
    },
    {
      "type": "Feature",
      "geometry": {
        "type": "Point",
        "coordinates": [
          1.9587784035519142,
          41.26400799344286
        ]
      },
      "properties": {
        "date": "2025-01-01"
      }
    },
    {
      "type": "Feature",
      "geometry": {
        "type": "Point",
        "coordinates": [
          1.958801477049182,
          41.26400799344286
        ]
      },
      "properties": {
        "date": "2025-01-01"
      }
    },
    {
      "type": "Feature",
      "geometry": {
        "type": "Point",
        "coordinates": [
          1.9588245505464497,
          41.26400799344286
        ]
      },
      "properties": {
        "date": "2025-01-01"
      }
    },
    {
      "type": "Feature",
      "geometry": {
        "type": "Point",
        "coordinates": [
          1.9588476240437176,
          41.26400799344286
        ]
      },
      "properties": {
        "date": "2025-01-01"
      }
    },
    {
      "type": "Feature",
      "geometry": {
        "type": "Point",
        "coordinates": [
          1.9588706975409853,
          41.26400799344286
        ]
      },
      "properties": {
        "date": "2025-01-01"
      }
    },
    {
      "type": "Feature",
      "geometry": {
        "type": "Point",
        "coordinates": [
          1.958893771038253,
          41.26400799344286
        ]
      },
      "properties": {
        "date": "2025-01-01"
      }
    },
    {
      "type": "Feature",
      "geometry": {
        "type": "Point",
        "coordinates": [
          1.9589168445355207,
          41.26400799344286
        ]
      },
      "properties": {
        "date": "2025-01-01"
      }
    },
    {
      "type": "Feature",
      "geometry": {
        "type": "Point",
        "coordinates": [
          1.9589399180327884,
          41.26400799344286
        ]
      },
      "properties": {
        "date": "2025-01-01"
      }
    },
    {
      "type": "Feature",
      "geometry": {
        "type": "Point",
        "coordinates": [
          1.9589629915300564,
          41.26400799344286
        ]
      },
      "properties": {
        "date": "2025-01-01"
      }
    },
    {
      "type": "Feature",
      "geometry": {
        "type": "Point",
        "coordinates": [
          1.958986065027324,
          41.26400799344286
        ]
      },
      "properties": {
        "date": "2025-01-01"
      }
    },
    {
      "type": "Feature",
      "geometry": {
        "type": "Point",
        "coordinates": [
          1.9590091385245918,
          41.26400799344286
        ]
      },
      "properties": {
        "date": "2025-01-01"
      }
    },
    {
      "type": "Feature",
      "geometry": {
        "type": "Point",
        "coordinates": [
          1.9590322120218595,
          41.26400799344286
        ]
      },
      "properties": {
        "date": "2025-01-01"
      }
    },
    {
      "type": "Feature",
      "geometry": {
        "type": "Point",
        "coordinates": [
          1.9590552855191272,
          41.26400799344286
        ]
      },
      "properties": {
        "date": "2025-01-01"
      }
    },
    {
      "type": "Feature",
      "geometry": {
        "type": "Point",
        "coordinates": [
          1.9590783590163952,
          41.26400799344286
        ]
      },
      "properties": {
        "date": "2025-01-01"
      }
    },
    {
      "type": "Feature",
      "geometry": {
        "type": "Point",
        "coordinates": [
          1.9591014325136629,
          41.26400799344286
        ]
      },
      "properties": {
        "date": "2025-01-01"
      }
    },
    {
      "type": "Feature",
      "geometry": {
        "type": "Point",
        "coordinates": [
          1.9591245060109306,
          41.26400799344286
        ]
      },
      "properties": {
        "date": "2025-01-01"
      }
    },
    {
      "type": "Feature",
      "geometry": {
        "type": "Point",
        "coordinates": [
          1.9591475795081983,
          41.26400799344286
        ]
      },
      "properties": {
        "date": "2025-01-01"
      }
    },
    {
      "type": "Feature",
      "geometry": {
        "type": "Point",
        "coordinates": [
          1.9591706530054662,
          41.26400799344286
        ]
      },
      "properties": {
        "date": "2025-01-01"
      }
    },
    {
      "type": "Feature",
      "geometry": {
        "type": "Point",
        "coordinates": [
          1.959193726502734,
          41.26400799344286
        ]
      },
      "properties": {
        "date": "2025-01-01"
      }
    },
    {
      "type": "Feature",
      "geometry": {
        "type": "Point",
        "coordinates": [
          1.9592168000000016,
          41.26400799344286
        ]
      },
      "properties": {
        "date": "2025-01-01"
      }
    },
    {
      "type": "Feature",
      "geometry": {
        "type": "Point",
        "coordinates": [
          1.9592398734972694,
          41.26400799344286
        ]
      },
      "properties": {
        "date": "2025-01-01"
      }
    },
    {
      "type": "Feature",
      "geometry": {
        "type": "Point",
        "coordinates": [
          1.959262946994537,
          41.26400799344286
        ]
      },
      "properties": {
        "date": "2025-01-01"
      }
    },
    {
      "type": "Feature",
      "geometry": {
        "type": "Point",
        "coordinates": [
          1.959286020491805,
          41.26400799344286
        ]
      },
      "properties": {
        "date": "2025-01-01"
      }
    },
    {
      "type": "Feature",
      "geometry": {
        "type": "Point",
        "coordinates": [
          1.9593090939890727,
          41.26400799344286
        ]
      },
      "properties": {
        "date": "2025-01-01"
      }
    },
    {
      "type": "Feature",
      "geometry": {
        "type": "Point",
        "coordinates": [
          1.9593321674863404,
          41.26400799344286
        ]
      },
      "properties": {
        "date": "2025-01-01"
      }
    },
    {
      "type": "Feature",
      "geometry": {
        "type": "Point",
        "coordinates": [
          1.9593552409836081,
          41.26400799344286
        ]
      },
      "properties": {
        "date": "2025-01-01"
      }
    },
    {
      "type": "Feature",
      "geometry": {
        "type": "Point",
        "coordinates": [
          1.9593783144808758,
          41.26400799344286
        ]
      },
      "properties": {
        "date": "2025-01-01"
      }
    },
    {
      "type": "Feature",
      "geometry": {
        "type": "Point",
        "coordinates": [
          1.9594013879781438,
          41.26400799344286
        ]
      },
      "properties": {
        "date": "2025-01-01"
      }
    },
    {
      "type": "Feature",
      "geometry": {
        "type": "Point",
        "coordinates": [
          1.9594244614754115,
          41.26400799344286
        ]
      },
      "properties": {
        "date": "2025-01-01"
      }
    },
    {
      "type": "Feature",
      "geometry": {
        "type": "Point",
        "coordinates": [
          1.9594475349726792,
          41.26400799344286
        ]
      },
      "properties": {
        "date": "2025-01-01"
      }
    },
    {
      "type": "Feature",
      "geometry": {
        "type": "Point",
        "coordinates": [
          1.959470608469947,
          41.26400799344286
        ]
      },
      "properties": {
        "date": "2025-01-01"
      }
    },
    {
      "type": "Feature",
      "geometry": {
        "type": "Point",
        "coordinates": [
          1.9594936819672149,
          41.26400799344286
        ]
      },
      "properties": {
        "date": "2025-01-01"
      }
    },
    {
      "type": "Feature",
      "geometry": {
        "type": "Point",
        "coordinates": [
          1.9595167554644826,
          41.26400799344286
        ]
      },
      "properties": {
        "date": "2025-01-01"
      }
    },
    {
      "type": "Feature",
      "geometry": {
        "type": "Point",
        "coordinates": [
          1.9595398289617503,
          41.26400799344286
        ]
      },
      "properties": {
        "date": "2025-01-01"
      }
    },
    {
      "type": "Feature",
      "geometry": {
        "type": "Point",
        "coordinates": [
          1.959562902459018,
          41.26400799344286
        ]
      },
      "properties": {
        "date": "2025-01-01"
      }
    },
    {
      "type": "Feature",
      "geometry": {
        "type": "Point",
        "coordinates": [
          1.9595859759562857,
          41.26400799344286
        ]
      },
      "properties": {
        "date": "2025-01-01"
      }
    },
    {
      "type": "Feature",
      "geometry": {
        "type": "Point",
        "coordinates": [
          1.9596090494535536,
          41.26400799344286
        ]
      },
      "properties": {
        "date": "2025-01-01"
      }
    },
    {
      "type": "Feature",
      "geometry": {
        "type": "Point",
        "coordinates": [
          1.9596321229508213,
          41.26400799344286
        ]
      },
      "properties": {
        "date": "2025-01-01"
      }
    },
    {
      "type": "Feature",
      "geometry": {
        "type": "Point",
        "coordinates": [
          1.959655196448089,
          41.26400799344286
        ]
      },
      "properties": {
        "date": "2025-01-01"
      }
    },
    {
      "type": "Feature",
      "geometry": {
        "type": "Point",
        "coordinates": [
          1.9596782699453568,
          41.26400799344286
        ]
      },
      "properties": {
        "date": "2025-01-01"
      }
    },
    {
      "type": "Feature",
      "geometry": {
        "type": "Point",
        "coordinates": [
          1.9597013434426245,
          41.26400799344286
        ]
      },
      "properties": {
        "date": "2025-01-01"
      }
    },
    {
      "type": "Feature",
      "geometry": {
        "type": "Point",
        "coordinates": [
          1.9597244169398924,
          41.26400799344286
        ]
      },
      "properties": {
        "date": "2025-01-01"
      }
    },
    {
      "type": "Feature",
      "geometry": {
        "type": "Point",
        "coordinates": [
          1.9597474904371601,
          41.26400799344286
        ]
      },
      "properties": {
        "date": "2025-01-01"
      }
    },
    {
      "type": "Feature",
      "geometry": {
        "type": "Point",
        "coordinates": [
          1.9597705639344278,
          41.26400799344286
        ]
      },
      "properties": {
        "date": "2025-01-01"
      }
    },
    {
      "type": "Feature",
      "geometry": {
        "type": "Point",
        "coordinates": [
          1.9597936374316955,
          41.26400799344286
        ]
      },
      "properties": {
        "date": "2025-01-01"
      }
    },
    {
      "type": "Feature",
      "geometry": {
        "type": "Point",
        "coordinates": [
          1.9598167109289635,
          41.26400799344286
        ]
      },
      "properties": {
        "date": "2025-01-01"
      }
    },
    {
      "type": "Feature",
      "geometry": {
        "type": "Point",
        "coordinates": [
          1.9598397844262312,
          41.26400799344286
        ]
      },
      "properties": {
        "date": "2025-01-01"
      }
    },
    {
      "type": "Feature",
      "geometry": {
        "type": "Point",
        "coordinates": [
          1.959862857923499,
          41.26400799344286
        ]
      },
      "properties": {
        "date": "2025-01-01"
      }
    },
    {
      "type": "Feature",
      "geometry": {
        "type": "Point",
        "coordinates": [
          1.9598859314207666,
          41.26400799344286
        ]
      },
      "properties": {
        "date": "2025-01-01"
      }
    },
    {
      "type": "Feature",
      "geometry": {
        "type": "Point",
        "coordinates": [
          1.9599090049180343,
          41.26400799344286
        ]
      },
      "properties": {
        "date": "2025-01-01"
      }
    },
    {
      "type": "Feature",
      "geometry": {
        "type": "Point",
        "coordinates": [
          1.9599320784153023,
          41.26400799344286
        ]
      },
      "properties": {
        "date": "2025-01-01"
      }
    },
    {
      "type": "Feature",
      "geometry": {
        "type": "Point",
        "coordinates": [
          1.95995515191257,
          41.26400799344286
        ]
      },
      "properties": {
        "date": "2025-01-01"
      }
    },
    {
      "type": "Feature",
      "geometry": {
        "type": "Point",
        "coordinates": [
          1.9599782254098377,
          41.26400799344286
        ]
      },
      "properties": {
        "date": "2025-01-01"
      }
    },
    {
      "type": "Feature",
      "geometry": {
        "type": "Point",
        "coordinates": [
          1.9600012989071054,
          41.26400799344286
        ]
      },
      "properties": {
        "date": "2025-01-01"
      }
    },
    {
      "type": "Feature",
      "geometry": {
        "type": "Point",
        "coordinates": [
          1.9600243724043733,
          41.26400799344286
        ]
      },
      "properties": {
        "date": "2025-01-01"
      }
    },
    {
      "type": "Feature",
      "geometry": {
        "type": "Point",
        "coordinates": [
          1.960047445901641,
          41.26400799344286
        ]
      },
      "properties": {
        "date": "2025-01-01"
      }
    },
    {
      "type": "Feature",
      "geometry": {
        "type": "Point",
        "coordinates": [
          1.9600705193989088,
          41.26400799344286
        ]
      },
      "properties": {
        "date": "2025-01-01"
      }
    },
    {
      "type": "Feature",
      "geometry": {
        "type": "Point",
        "coordinates": [
          1.9600935928961765,
          41.26400799344286
        ]
      },
      "properties": {
        "date": "2025-01-01"
      }
    },
    {
      "type": "Feature",
      "geometry": {
        "type": "Point",
        "coordinates": [
          1.9601166663934442,
          41.26400799344286
        ]
      },
      "properties": {
        "date": "2025-01-01"
      }
    },
    {
      "type": "Feature",
      "geometry": {
        "type": "Point",
        "coordinates": [
          1.960139739890712,
          41.26400799344286
        ]
      },
      "properties": {
        "date": "2025-01-01"
      }
    },
    {
      "type": "Feature",
      "geometry": {
        "type": "Point",
        "coordinates": [
          1.9601628133879798,
          41.26400799344286
        ]
      },
      "properties": {
        "date": "2025-01-01"
      }
    },
    {
      "type": "Feature",
      "geometry": {
        "type": "Point",
        "coordinates": [
          1.9601858868852475,
          41.26400799344286
        ]
      },
      "properties": {
        "date": "2025-01-01"
      }
    },
    {
      "type": "Feature",
      "geometry": {
        "type": "Point",
        "coordinates": [
          1.9602089603825152,
          41.26400799344286
        ]
      },
      "properties": {
        "date": "2025-01-01"
      }
    },
    {
      "type": "Feature",
      "geometry": {
        "type": "Point",
        "coordinates": [
          1.960232033879783,
          41.26400799344286
        ]
      },
      "properties": {
        "date": "2025-01-01"
      }
    },
    {
      "type": "Feature",
      "geometry": {
        "type": "Point",
        "coordinates": [
          1.9602551073770509,
          41.26400799344286
        ]
      },
      "properties": {
        "date": "2025-01-01"
      }
    },
    {
      "type": "Feature",
      "geometry": {
        "type": "Point",
        "coordinates": [
          1.9602781808743186,
          41.26400799344286
        ]
      },
      "properties": {
        "date": "2025-01-01"
      }
    },
    {
      "type": "Feature",
      "geometry": {
        "type": "Point",
        "coordinates": [
          1.9603012543715863,
          41.26400799344286
        ]
      },
      "properties": {
        "date": "2025-01-01"
      }
    },
    {
      "type": "Feature",
      "geometry": {
        "type": "Point",
        "coordinates": [
          1.960324327868854,
          41.26400799344286
        ]
      },
      "properties": {
        "date": "2025-01-01"
      }
    },
    {
      "type": "Feature",
      "geometry": {
        "type": "Point",
        "coordinates": [
          1.960347401366122,
          41.26400799344286
        ]
      },
      "properties": {
        "date": "2025-01-01"
      }
    },
    {
      "type": "Feature",
      "geometry": {
        "type": "Point",
        "coordinates": [
          1.9603704748633897,
          41.26400799344286
        ]
      },
      "properties": {
        "date": "2025-01-01"
      }
    },
    {
      "type": "Feature",
      "geometry": {
        "type": "Point",
        "coordinates": [
          1.9603935483606574,
          41.26400799344286
        ]
      },
      "properties": {
        "date": "2025-01-01"
      }
    },
    {
      "type": "Feature",
      "geometry": {
        "type": "Point",
        "coordinates": [
          1.960416621857925,
          41.26400799344286
        ]
      },
      "properties": {
        "date": "2025-01-01"
      }
    },
    {
      "type": "Feature",
      "geometry": {
        "type": "Point",
        "coordinates": [
          1.9604396953551928,
          41.26400799344286
        ]
      },
      "properties": {
        "date": "2025-01-01"
      }
    },
    {
      "type": "Feature",
      "geometry": {
        "type": "Point",
        "coordinates": [
          1.9604627688524607,
          41.26400799344286
        ]
      },
      "properties": {
        "date": "2025-01-01"
      }
    },
    {
      "type": "Feature",
      "geometry": {
        "type": "Point",
        "coordinates": [
          1.9604858423497284,
          41.26400799344286
        ]
      },
      "properties": {
        "date": "2025-01-01"
      }
    },
    {
      "type": "Feature",
      "geometry": {
        "type": "Point",
        "coordinates": [
          1.9605089158469962,
          41.26400799344286
        ]
      },
      "properties": {
        "date": "2025-01-01"
      }
    },
    {
      "type": "Feature",
      "geometry": {
        "type": "Point",
        "coordinates": [
          1.9605319893442639,
          41.26400799344286
        ]
      },
      "properties": {
        "date": "2025-01-01"
      }
    },
    {
      "type": "Feature",
      "geometry": {
        "type": "Point",
        "coordinates": [
          1.9605550628415316,
          41.26400799344286
        ]
      },
      "properties": {
        "date": "2025-01-01"
      }
    },
    {
      "type": "Feature",
      "geometry": {
        "type": "Point",
        "coordinates": [
          1.9605781363387995,
          41.26400799344286
        ]
      },
      "properties": {
        "date": "2025-01-01"
      }
    },
    {
      "type": "Feature",
      "geometry": {
        "type": "Point",
        "coordinates": [
          1.9606012098360672,
          41.26400799344286
        ]
      },
      "properties": {
        "date": "2025-01-01"
      }
    },
    {
      "type": "Feature",
      "geometry": {
        "type": "Point",
        "coordinates": [
          1.960624283333335,
          41.26400799344286
        ]
      },
      "properties": {
        "date": "2025-01-01"
      }
    },
    {
      "type": "Feature",
      "geometry": {
        "type": "Point",
        "coordinates": [
          1.9606473568306027,
          41.26400799344286
        ]
      },
      "properties": {
        "date": "2025-01-01"
      }
    },
    {
      "type": "Feature",
      "geometry": {
        "type": "Point",
        "coordinates": [
          1.9606704303278706,
          41.26400799344286
        ]
      },
      "properties": {
        "date": "2025-01-01"
      }
    },
    {
      "type": "Feature",
      "geometry": {
        "type": "Point",
        "coordinates": [
          1.9606935038251383,
          41.26400799344286
        ]
      },
      "properties": {
        "date": "2025-01-01"
      }
    },
    {
      "type": "Feature",
      "geometry": {
        "type": "Point",
        "coordinates": [
          1.960716577322406,
          41.26400799344286
        ]
      },
      "properties": {
        "date": "2025-01-01"
      }
    },
    {
      "type": "Feature",
      "geometry": {
        "type": "Point",
        "coordinates": [
          1.9607396508196737,
          41.26400799344286
        ]
      },
      "properties": {
        "date": "2025-01-01"
      }
    },
    {
      "type": "Feature",
      "geometry": {
        "type": "Point",
        "coordinates": [
          1.9607627243169414,
          41.26400799344286
        ]
      },
      "properties": {
        "date": "2025-01-01"
      }
    },
    {
      "type": "Feature",
      "geometry": {
        "type": "Point",
        "coordinates": [
          1.9621009871584716,
          41.26400799344286
        ]
      },
      "properties": {
        "date": "2025-01-01"
      }
    },
    {
      "type": "Feature",
      "geometry": {
        "type": "Point",
        "coordinates": [
          1.9621240606557393,
          41.26400799344286
        ]
      },
      "properties": {
        "date": "2025-01-01"
      }
    },
    {
      "type": "Feature",
      "geometry": {
        "type": "Point",
        "coordinates": [
          1.962147134153007,
          41.26400799344286
        ]
      },
      "properties": {
        "date": "2025-01-01"
      }
    },
    {
      "type": "Feature",
      "geometry": {
        "type": "Point",
        "coordinates": [
          1.962170207650275,
          41.26400799344286
        ]
      },
      "properties": {
        "date": "2025-01-01"
      }
    },
    {
      "type": "Feature",
      "geometry": {
        "type": "Point",
        "coordinates": [
          1.9621932811475427,
          41.26400799344286
        ]
      },
      "properties": {
        "date": "2025-01-01"
      }
    },
    {
      "type": "Feature",
      "geometry": {
        "type": "Point",
        "coordinates": [
          1.9622163546448104,
          41.26400799344286
        ]
      },
      "properties": {
        "date": "2025-01-01"
      }
    },
    {
      "type": "Feature",
      "geometry": {
        "type": "Point",
        "coordinates": [
          1.962239428142078,
          41.26400799344286
        ]
      },
      "properties": {
        "date": "2025-01-01"
      }
    },
    {
      "type": "Feature",
      "geometry": {
        "type": "Point",
        "coordinates": [
          1.9622625016393458,
          41.26400799344286
        ]
      },
      "properties": {
        "date": "2025-01-01"
      }
    },
    {
      "type": "Feature",
      "geometry": {
        "type": "Point",
        "coordinates": [
          1.9622855751366137,
          41.26400799344286
        ]
      },
      "properties": {
        "date": "2025-01-01"
      }
    },
    {
      "type": "Feature",
      "geometry": {
        "type": "Point",
        "coordinates": [
          1.9623086486338814,
          41.26400799344286
        ]
      },
      "properties": {
        "date": "2025-01-01"
      }
    },
    {
      "type": "Feature",
      "geometry": {
        "type": "Point",
        "coordinates": [
          1.9623317221311491,
          41.26400799344286
        ]
      },
      "properties": {
        "date": "2025-01-01"
      }
    },
    {
      "type": "Feature",
      "geometry": {
        "type": "Point",
        "coordinates": [
          1.9623547956284169,
          41.26400799344286
        ]
      },
      "properties": {
        "date": "2025-01-01"
      }
    },
    {
      "type": "Feature",
      "geometry": {
        "type": "Point",
        "coordinates": [
          1.9623778691256848,
          41.26400799344286
        ]
      },
      "properties": {
        "date": "2025-01-01"
      }
    },
    {
      "type": "Feature",
      "geometry": {
        "type": "Point",
        "coordinates": [
          1.9624009426229525,
          41.26400799344286
        ]
      },
      "properties": {
        "date": "2025-01-01"
      }
    },
    {
      "type": "Feature",
      "geometry": {
        "type": "Point",
        "coordinates": [
          1.9624240161202202,
          41.26400799344286
        ]
      },
      "properties": {
        "date": "2025-01-01"
      }
    },
    {
      "type": "Feature",
      "geometry": {
        "type": "Point",
        "coordinates": [
          1.962447089617488,
          41.26400799344286
        ]
      },
      "properties": {
        "date": "2025-01-01"
      }
    },
    {
      "type": "Feature",
      "geometry": {
        "type": "Point",
        "coordinates": [
          1.9624701631147556,
          41.26400799344286
        ]
      },
      "properties": {
        "date": "2025-01-01"
      }
    },
    {
      "type": "Feature",
      "geometry": {
        "type": "Point",
        "coordinates": [
          1.9624932366120236,
          41.26400799344286
        ]
      },
      "properties": {
        "date": "2025-01-01"
      }
    },
    {
      "type": "Feature",
      "geometry": {
        "type": "Point",
        "coordinates": [
          1.9625163101092913,
          41.26400799344286
        ]
      },
      "properties": {
        "date": "2025-01-01"
      }
    },
    {
      "type": "Feature",
      "geometry": {
        "type": "Point",
        "coordinates": [
          1.962539383606559,
          41.26400799344286
        ]
      },
      "properties": {
        "date": "2025-01-01"
      }
    },
    {
      "type": "Feature",
      "geometry": {
        "type": "Point",
        "coordinates": [
          1.9625624571038267,
          41.26400799344286
        ]
      },
      "properties": {
        "date": "2025-01-01"
      }
    },
    {
      "type": "Feature",
      "geometry": {
        "type": "Point",
        "coordinates": [
          1.9625855306010944,
          41.26400799344286
        ]
      },
      "properties": {
        "date": "2025-01-01"
      }
    },
    {
      "type": "Feature",
      "geometry": {
        "type": "Point",
        "coordinates": [
          1.9626086040983624,
          41.26400799344286
        ]
      },
      "properties": {
        "date": "2025-01-01"
      }
    },
    {
      "type": "Feature",
      "geometry": {
        "type": "Point",
        "coordinates": [
          1.96263167759563,
          41.26400799344286
        ]
      },
      "properties": {
        "date": "2025-01-01"
      }
    },
    {
      "type": "Feature",
      "geometry": {
        "type": "Point",
        "coordinates": [
          1.9626547510928978,
          41.26400799344286
        ]
      },
      "properties": {
        "date": "2025-01-01"
      }
    },
    {
      "type": "Feature",
      "geometry": {
        "type": "Point",
        "coordinates": [
          1.9626778245901655,
          41.26400799344286
        ]
      },
      "properties": {
        "date": "2025-01-01"
      }
    },
    {
      "type": "Feature",
      "geometry": {
        "type": "Point",
        "coordinates": [
          1.9627008980874334,
          41.26400799344286
        ]
      },
      "properties": {
        "date": "2025-01-01"
      }
    },
    {
      "type": "Feature",
      "geometry": {
        "type": "Point",
        "coordinates": [
          1.9627239715847011,
          41.26400799344286
        ]
      },
      "properties": {
        "date": "2025-01-01"
      }
    },
    {
      "type": "Feature",
      "geometry": {
        "type": "Point",
        "coordinates": [
          1.9627470450819688,
          41.26400799344286
        ]
      },
      "properties": {
        "date": "2025-01-01"
      }
    },
    {
      "type": "Feature",
      "geometry": {
        "type": "Point",
        "coordinates": [
          1.9627701185792366,
          41.26400799344286
        ]
      },
      "properties": {
        "date": "2025-01-01"
      }
    },
    {
      "type": "Feature",
      "geometry": {
        "type": "Point",
        "coordinates": [
          1.9627931920765043,
          41.26400799344286
        ]
      },
      "properties": {
        "date": "2025-01-01"
      }
    },
    {
      "type": "Feature",
      "geometry": {
        "type": "Point",
        "coordinates": [
          1.9628162655737722,
          41.26400799344286
        ]
      },
      "properties": {
        "date": "2025-01-01"
      }
    },
    {
      "type": "Feature",
      "geometry": {
        "type": "Point",
        "coordinates": [
          1.96283933907104,
          41.26400799344286
        ]
      },
      "properties": {
        "date": "2025-01-01"
      }
    },
    {
      "type": "Feature",
      "geometry": {
        "type": "Point",
        "coordinates": [
          1.9628624125683076,
          41.26400799344286
        ]
      },
      "properties": {
        "date": "2025-01-01"
      }
    },
    {
      "type": "Feature",
      "geometry": {
        "type": "Point",
        "coordinates": [
          1.9628854860655753,
          41.26400799344286
        ]
      },
      "properties": {
        "date": "2025-01-01"
      }
    },
    {
      "type": "Feature",
      "geometry": {
        "type": "Point",
        "coordinates": [
          1.962908559562843,
          41.26400799344286
        ]
      },
      "properties": {
        "date": "2025-01-01"
      }
    },
    {
      "type": "Feature",
      "geometry": {
        "type": "Point",
        "coordinates": [
          1.962931633060111,
          41.26400799344286
        ]
      },
      "properties": {
        "date": "2025-01-01"
      }
    },
    {
      "type": "Feature",
      "geometry": {
        "type": "Point",
        "coordinates": [
          1.9629547065573787,
          41.26400799344286
        ]
      },
      "properties": {
        "date": "2025-01-01"
      }
    },
    {
      "type": "Feature",
      "geometry": {
        "type": "Point",
        "coordinates": [
          1.9629777800546464,
          41.26400799344286
        ]
      },
      "properties": {
        "date": "2025-01-01"
      }
    },
    {
      "type": "Feature",
      "geometry": {
        "type": "Point",
        "coordinates": [
          1.9630008535519141,
          41.26400799344286
        ]
      },
      "properties": {
        "date": "2025-01-01"
      }
    },
    {
      "type": "Feature",
      "geometry": {
        "type": "Point",
        "coordinates": [
          1.963023927049182,
          41.26400799344286
        ]
      },
      "properties": {
        "date": "2025-01-01"
      }
    },
    {
      "type": "Feature",
      "geometry": {
        "type": "Point",
        "coordinates": [
          1.9630470005464498,
          41.26400799344286
        ]
      },
      "properties": {
        "date": "2025-01-01"
      }
    },
    {
      "type": "Feature",
      "geometry": {
        "type": "Point",
        "coordinates": [
          1.9631854415300563,
          41.26400799344286
        ]
      },
      "properties": {
        "date": "2025-01-01"
      }
    },
    {
      "type": "Feature",
      "geometry": {
        "type": "Point",
        "coordinates": [
          1.963208515027324,
          41.26400799344286
        ]
      },
      "properties": {
        "date": "2025-01-01"
      }
    },
    {
      "type": "Feature",
      "geometry": {
        "type": "Point",
        "coordinates": [
          1.9632315885245917,
          41.26400799344286
        ]
      },
      "properties": {
        "date": "2025-01-01"
      }
    },
    {
      "type": "Feature",
      "geometry": {
        "type": "Point",
        "coordinates": [
          1.9632546620218596,
          41.26400799344286
        ]
      },
      "properties": {
        "date": "2025-01-01"
      }
    },
    {
      "type": "Feature",
      "geometry": {
        "type": "Point",
        "coordinates": [
          1.9632777355191273,
          41.26400799344286
        ]
      },
      "properties": {
        "date": "2025-01-01"
      }
    },
    {
      "type": "Feature",
      "geometry": {
        "type": "Point",
        "coordinates": [
          1.9636469114754114,
          41.26400799344286
        ]
      },
      "properties": {
        "date": "2025-01-01"
      }
    },
    {
      "type": "Feature",
      "geometry": {
        "type": "Point",
        "coordinates": [
          1.9636699849726793,
          41.26400799344286
        ]
      },
      "properties": {
        "date": "2025-01-01"
      }
    },
    {
      "type": "Feature",
      "geometry": {
        "type": "Point",
        "coordinates": [
          1.963693058469947,
          41.26400799344286
        ]
      },
      "properties": {
        "date": "2025-01-01"
      }
    },
    {
      "type": "Feature",
      "geometry": {
        "type": "Point",
        "coordinates": [
          1.9637161319672147,
          41.26400799344286
        ]
      },
      "properties": {
        "date": "2025-01-01"
      }
    },
    {
      "type": "Feature",
      "geometry": {
        "type": "Point",
        "coordinates": [
          1.9637392054644824,
          41.26400799344286
        ]
      },
      "properties": {
        "date": "2025-01-01"
      }
    },
    {
      "type": "Feature",
      "geometry": {
        "type": "Point",
        "coordinates": [
          1.9637622789617502,
          41.26400799344286
        ]
      },
      "properties": {
        "date": "2025-01-01"
      }
    },
    {
      "type": "Feature",
      "geometry": {
        "type": "Point",
        "coordinates": [
          1.963785352459018,
          41.26400799344286
        ]
      },
      "properties": {
        "date": "2025-01-01"
      }
    },
    {
      "type": "Feature",
      "geometry": {
        "type": "Point",
        "coordinates": [
          1.9638084259562858,
          41.26400799344286
        ]
      },
      "properties": {
        "date": "2025-01-01"
      }
    },
    {
      "type": "Feature",
      "geometry": {
        "type": "Point",
        "coordinates": [
          1.9638314994535535,
          41.26400799344286
        ]
      },
      "properties": {
        "date": "2025-01-01"
      }
    },
    {
      "type": "Feature",
      "geometry": {
        "type": "Point",
        "coordinates": [
          1.9638545729508212,
          41.26400799344286
        ]
      },
      "properties": {
        "date": "2025-01-01"
      }
    },
    {
      "type": "Feature",
      "geometry": {
        "type": "Point",
        "coordinates": [
          1.9638776464480892,
          41.26400799344286
        ]
      },
      "properties": {
        "date": "2025-01-01"
      }
    },
    {
      "type": "Feature",
      "geometry": {
        "type": "Point",
        "coordinates": [
          1.9639007199453569,
          41.26400799344286
        ]
      },
      "properties": {
        "date": "2025-01-01"
      }
    },
    {
      "type": "Feature",
      "geometry": {
        "type": "Point",
        "coordinates": [
          1.9639237934426246,
          41.26400799344286
        ]
      },
      "properties": {
        "date": "2025-01-01"
      }
    },
    {
      "type": "Feature",
      "geometry": {
        "type": "Point",
        "coordinates": [
          1.9639468669398923,
          41.26400799344286
        ]
      },
      "properties": {
        "date": "2025-01-01"
      }
    },
    {
      "type": "Feature",
      "geometry": {
        "type": "Point",
        "coordinates": [
          1.96396994043716,
          41.26400799344286
        ]
      },
      "properties": {
        "date": "2025-01-01"
      }
    },
    {
      "type": "Feature",
      "geometry": {
        "type": "Point",
        "coordinates": [
          1.963993013934428,
          41.26400799344286
        ]
      },
      "properties": {
        "date": "2025-01-01"
      }
    },
    {
      "type": "Feature",
      "geometry": {
        "type": "Point",
        "coordinates": [
          1.9640160874316956,
          41.26400799344286
        ]
      },
      "properties": {
        "date": "2025-01-01"
      }
    },
    {
      "type": "Feature",
      "geometry": {
        "type": "Point",
        "coordinates": [
          1.9640391609289634,
          41.26400799344286
        ]
      },
      "properties": {
        "date": "2025-01-01"
      }
    },
    {
      "type": "Feature",
      "geometry": {
        "type": "Point",
        "coordinates": [
          1.964062234426231,
          41.26400799344286
        ]
      },
      "properties": {
        "date": "2025-01-01"
      }
    },
    {
      "type": "Feature",
      "geometry": {
        "type": "Point",
        "coordinates": [
          1.9640853079234988,
          41.26400799344286
        ]
      },
      "properties": {
        "date": "2025-01-01"
      }
    },
    {
      "type": "Feature",
      "geometry": {
        "type": "Point",
        "coordinates": [
          1.9641083814207667,
          41.26400799344286
        ]
      },
      "properties": {
        "date": "2025-01-01"
      }
    },
    {
      "type": "Feature",
      "geometry": {
        "type": "Point",
        "coordinates": [
          1.9641314549180344,
          41.26400799344286
        ]
      },
      "properties": {
        "date": "2025-01-01"
      }
    },
    {
      "type": "Feature",
      "geometry": {
        "type": "Point",
        "coordinates": [
          1.9641545284153021,
          41.26400799344286
        ]
      },
      "properties": {
        "date": "2025-01-01"
      }
    },
    {
      "type": "Feature",
      "geometry": {
        "type": "Point",
        "coordinates": [
          1.9641776019125698,
          41.26400799344286
        ]
      },
      "properties": {
        "date": "2025-01-01"
      }
    },
    {
      "type": "Feature",
      "geometry": {
        "type": "Point",
        "coordinates": [
          1.9642006754098378,
          41.26400799344286
        ]
      },
      "properties": {
        "date": "2025-01-01"
      }
    },
    {
      "type": "Feature",
      "geometry": {
        "type": "Point",
        "coordinates": [
          1.9642237489071055,
          41.26400799344286
        ]
      },
      "properties": {
        "date": "2025-01-01"
      }
    },
    {
      "type": "Feature",
      "geometry": {
        "type": "Point",
        "coordinates": [
          1.9642468224043732,
          41.26400799344286
        ]
      },
      "properties": {
        "date": "2025-01-01"
      }
    },
    {
      "type": "Feature",
      "geometry": {
        "type": "Point",
        "coordinates": [
          1.964269895901641,
          41.26400799344286
        ]
      },
      "properties": {
        "date": "2025-01-01"
      }
    },
    {
      "type": "Feature",
      "geometry": {
        "type": "Point",
        "coordinates": [
          1.9642929693989086,
          41.26400799344286
        ]
      },
      "properties": {
        "date": "2025-01-01"
      }
    },
    {
      "type": "Feature",
      "geometry": {
        "type": "Point",
        "coordinates": [
          1.9643160428961766,
          41.26400799344286
        ]
      },
      "properties": {
        "date": "2025-01-01"
      }
    },
    {
      "type": "Feature",
      "geometry": {
        "type": "Point",
        "coordinates": [
          1.9643391163934443,
          41.26400799344286
        ]
      },
      "properties": {
        "date": "2025-01-01"
      }
    },
    {
      "type": "Feature",
      "geometry": {
        "type": "Point",
        "coordinates": [
          1.964362189890712,
          41.26400799344286
        ]
      },
      "properties": {
        "date": "2025-01-01"
      }
    },
    {
      "type": "Feature",
      "geometry": {
        "type": "Point",
        "coordinates": [
          1.9643852633879797,
          41.26400799344286
        ]
      },
      "properties": {
        "date": "2025-01-01"
      }
    },
    {
      "type": "Feature",
      "geometry": {
        "type": "Point",
        "coordinates": [
          1.9644083368852474,
          41.26400799344286
        ]
      },
      "properties": {
        "date": "2025-01-01"
      }
    },
    {
      "type": "Feature",
      "geometry": {
        "type": "Point",
        "coordinates": [
          1.9644314103825153,
          41.26400799344286
        ]
      },
      "properties": {
        "date": "2025-01-01"
      }
    },
    {
      "type": "Feature",
      "geometry": {
        "type": "Point",
        "coordinates": [
          1.964454483879783,
          41.26400799344286
        ]
      },
      "properties": {
        "date": "2025-01-01"
      }
    },
    {
      "type": "Feature",
      "geometry": {
        "type": "Point",
        "coordinates": [
          1.9644775573770508,
          41.26400799344286
        ]
      },
      "properties": {
        "date": "2025-01-01"
      }
    },
    {
      "type": "Feature",
      "geometry": {
        "type": "Point",
        "coordinates": [
          1.9645006308743185,
          41.26400799344286
        ]
      },
      "properties": {
        "date": "2025-01-01"
      }
    },
    {
      "type": "Feature",
      "geometry": {
        "type": "Point",
        "coordinates": [
          1.9645237043715864,
          41.26400799344286
        ]
      },
      "properties": {
        "date": "2025-01-01"
      }
    },
    {
      "type": "Feature",
      "geometry": {
        "type": "Point",
        "coordinates": [
          1.9645467778688541,
          41.26400799344286
        ]
      },
      "properties": {
        "date": "2025-01-01"
      }
    },
    {
      "type": "Feature",
      "geometry": {
        "type": "Point",
        "coordinates": [
          1.9645698513661218,
          41.26400799344286
        ]
      },
      "properties": {
        "date": "2025-01-01"
      }
    },
    {
      "type": "Feature",
      "geometry": {
        "type": "Point",
        "coordinates": [
          1.9645929248633895,
          41.26400799344286
        ]
      },
      "properties": {
        "date": "2025-01-01"
      }
    },
    {
      "type": "Feature",
      "geometry": {
        "type": "Point",
        "coordinates": [
          1.9646159983606573,
          41.26400799344286
        ]
      },
      "properties": {
        "date": "2025-01-01"
      }
    },
    {
      "type": "Feature",
      "geometry": {
        "type": "Point",
        "coordinates": [
          1.9646390718579252,
          41.26400799344286
        ]
      },
      "properties": {
        "date": "2025-01-01"
      }
    },
    {
      "type": "Feature",
      "geometry": {
        "type": "Point",
        "coordinates": [
          1.964662145355193,
          41.26400799344286
        ]
      },
      "properties": {
        "date": "2025-01-01"
      }
    },
    {
      "type": "Feature",
      "geometry": {
        "type": "Point",
        "coordinates": [
          1.9646852188524606,
          41.26400799344286
        ]
      },
      "properties": {
        "date": "2025-01-01"
      }
    },
    {
      "type": "Feature",
      "geometry": {
        "type": "Point",
        "coordinates": [
          1.9647082923497283,
          41.26400799344286
        ]
      },
      "properties": {
        "date": "2025-01-01"
      }
    },
    {
      "type": "Feature",
      "geometry": {
        "type": "Point",
        "coordinates": [
          1.964731365846996,
          41.26400799344286
        ]
      },
      "properties": {
        "date": "2025-01-01"
      }
    },
    {
      "type": "Feature",
      "geometry": {
        "type": "Point",
        "coordinates": [
          1.964754439344264,
          41.26400799344286
        ]
      },
      "properties": {
        "date": "2025-01-01"
      }
    },
    {
      "type": "Feature",
      "geometry": {
        "type": "Point",
        "coordinates": [
          1.9647775128415317,
          41.26400799344286
        ]
      },
      "properties": {
        "date": "2025-01-01"
      }
    },
    {
      "type": "Feature",
      "geometry": {
        "type": "Point",
        "coordinates": [
          1.9648005863387994,
          41.26400799344286
        ]
      },
      "properties": {
        "date": "2025-01-01"
      }
    },
    {
      "type": "Feature",
      "geometry": {
        "type": "Point",
        "coordinates": [
          1.964823659836067,
          41.26400799344286
        ]
      },
      "properties": {
        "date": "2025-01-01"
      }
    },
    {
      "type": "Feature",
      "geometry": {
        "type": "Point",
        "coordinates": [
          1.964846733333335,
          41.26400799344286
        ]
      },
      "properties": {
        "date": "2025-01-01"
      }
    },
    {
      "type": "Feature",
      "geometry": {
        "type": "Point",
        "coordinates": [
          1.9648698068306027,
          41.26400799344286
        ]
      },
      "properties": {
        "date": "2025-01-01"
      }
    },
    {
      "type": "Feature",
      "geometry": {
        "type": "Point",
        "coordinates": [
          1.9648928803278705,
          41.26400799344286
        ]
      },
      "properties": {
        "date": "2025-01-01"
      }
    },
    {
      "type": "Feature",
      "geometry": {
        "type": "Point",
        "coordinates": [
          1.9649159538251382,
          41.26400799344286
        ]
      },
      "properties": {
        "date": "2025-01-01"
      }
    },
    {
      "type": "Feature",
      "geometry": {
        "type": "Point",
        "coordinates": [
          1.9649390273224059,
          41.26400799344286
        ]
      },
      "properties": {
        "date": "2025-01-01"
      }
    },
    {
      "type": "Feature",
      "geometry": {
        "type": "Point",
        "coordinates": [
          1.9649621008196738,
          41.26400799344286
        ]
      },
      "properties": {
        "date": "2025-01-01"
      }
    },
    {
      "type": "Feature",
      "geometry": {
        "type": "Point",
        "coordinates": [
          1.9649851743169415,
          41.26400799344286
        ]
      },
      "properties": {
        "date": "2025-01-01"
      }
    },
    {
      "type": "Feature",
      "geometry": {
        "type": "Point",
        "coordinates": [
          1.9650082478142092,
          41.26400799344286
        ]
      },
      "properties": {
        "date": "2025-01-01"
      }
    },
    {
      "type": "Feature",
      "geometry": {
        "type": "Point",
        "coordinates": [
          1.965031321311477,
          41.26400799344286
        ]
      },
      "properties": {
        "date": "2025-01-01"
      }
    },
    {
      "type": "Feature",
      "geometry": {
        "type": "Point",
        "coordinates": [
          1.9650543948087447,
          41.26400799344286
        ]
      },
      "properties": {
        "date": "2025-01-01"
      }
    },
    {
      "type": "Feature",
      "geometry": {
        "type": "Point",
        "coordinates": [
          1.9650774683060126,
          41.26400799344286
        ]
      },
      "properties": {
        "date": "2025-01-01"
      }
    },
    {
      "type": "Feature",
      "geometry": {
        "type": "Point",
        "coordinates": [
          1.9651005418032803,
          41.26400799344286
        ]
      },
      "properties": {
        "date": "2025-01-01"
      }
    },
    {
      "type": "Feature",
      "geometry": {
        "type": "Point",
        "coordinates": [
          1.965123615300548,
          41.26400799344286
        ]
      },
      "properties": {
        "date": "2025-01-01"
      }
    },
    {
      "type": "Feature",
      "geometry": {
        "type": "Point",
        "coordinates": [
          1.9651466887978157,
          41.26400799344286
        ]
      },
      "properties": {
        "date": "2025-01-01"
      }
    },
    {
      "type": "Feature",
      "geometry": {
        "type": "Point",
        "coordinates": [
          1.9651697622950837,
          41.26400799344286
        ]
      },
      "properties": {
        "date": "2025-01-01"
      }
    },
    {
      "type": "Feature",
      "geometry": {
        "type": "Point",
        "coordinates": [
          1.9651928357923514,
          41.26400799344286
        ]
      },
      "properties": {
        "date": "2025-01-01"
      }
    },
    {
      "type": "Feature",
      "geometry": {
        "type": "Point",
        "coordinates": [
          1.965215909289619,
          41.26400799344286
        ]
      },
      "properties": {
        "date": "2025-01-01"
      }
    },
    {
      "type": "Feature",
      "geometry": {
        "type": "Point",
        "coordinates": [
          1.9652389827868868,
          41.26400799344286
        ]
      },
      "properties": {
        "date": "2025-01-01"
      }
    },
    {
      "type": "Feature",
      "geometry": {
        "type": "Point",
        "coordinates": [
          1.9652620562841545,
          41.26400799344286
        ]
      },
      "properties": {
        "date": "2025-01-01"
      }
    },
    {
      "type": "Feature",
      "geometry": {
        "type": "Point",
        "coordinates": [
          1.9652851297814224,
          41.26400799344286
        ]
      },
      "properties": {
        "date": "2025-01-01"
      }
    },
    {
      "type": "Feature",
      "geometry": {
        "type": "Point",
        "coordinates": [
          1.9653082032786902,
          41.26400799344286
        ]
      },
      "properties": {
        "date": "2025-01-01"
      }
    },
    {
      "type": "Feature",
      "geometry": {
        "type": "Point",
        "coordinates": [
          1.9653312767759579,
          41.26400799344286
        ]
      },
      "properties": {
        "date": "2025-01-01"
      }
    },
    {
      "type": "Feature",
      "geometry": {
        "type": "Point",
        "coordinates": [
          1.9653543502732256,
          41.26400799344286
        ]
      },
      "properties": {
        "date": "2025-01-01"
      }
    },
    {
      "type": "Feature",
      "geometry": {
        "type": "Point",
        "coordinates": [
          1.9653774237704935,
          41.26400799344286
        ]
      },
      "properties": {
        "date": "2025-01-01"
      }
    },
    {
      "type": "Feature",
      "geometry": {
        "type": "Point",
        "coordinates": [
          1.9654004972677612,
          41.26400799344286
        ]
      },
      "properties": {
        "date": "2025-01-01"
      }
    },
    {
      "type": "Feature",
      "geometry": {
        "type": "Point",
        "coordinates": [
          1.965423570765029,
          41.26400799344286
        ]
      },
      "properties": {
        "date": "2025-01-01"
      }
    },
    {
      "type": "Feature",
      "geometry": {
        "type": "Point",
        "coordinates": [
          1.9654466442622966,
          41.26400799344286
        ]
      },
      "properties": {
        "date": "2025-01-01"
      }
    },
    {
      "type": "Feature",
      "geometry": {
        "type": "Point",
        "coordinates": [
          1.9654697177595644,
          41.26400799344286
        ]
      },
      "properties": {
        "date": "2025-01-01"
      }
    },
    {
      "type": "Feature",
      "geometry": {
        "type": "Point",
        "coordinates": [
          1.9654927912568323,
          41.26400799344286
        ]
      },
      "properties": {
        "date": "2025-01-01"
      }
    },
    {
      "type": "Feature",
      "geometry": {
        "type": "Point",
        "coordinates": [
          1.9655158647541,
          41.26400799344286
        ]
      },
      "properties": {
        "date": "2025-01-01"
      }
    },
    {
      "type": "Feature",
      "geometry": {
        "type": "Point",
        "coordinates": [
          1.9655389382513677,
          41.26400799344286
        ]
      },
      "properties": {
        "date": "2025-01-01"
      }
    },
    {
      "type": "Feature",
      "geometry": {
        "type": "Point",
        "coordinates": [
          1.9660465551912585,
          41.26400799344286
        ]
      },
      "properties": {
        "date": "2025-01-01"
      }
    },
    {
      "type": "Feature",
      "geometry": {
        "type": "Point",
        "coordinates": [
          1.9660696286885262,
          41.26400799344286
        ]
      },
      "properties": {
        "date": "2025-01-01"
      }
    },
    {
      "type": "Feature",
      "geometry": {
        "type": "Point",
        "coordinates": [
          1.966092702185794,
          41.26400799344286
        ]
      },
      "properties": {
        "date": "2025-01-01"
      }
    },
    {
      "type": "Feature",
      "geometry": {
        "type": "Point",
        "coordinates": [
          1.9661157756830616,
          41.26400799344286
        ]
      },
      "properties": {
        "date": "2025-01-01"
      }
    },
    {
      "type": "Feature",
      "geometry": {
        "type": "Point",
        "coordinates": [
          1.9661388491803296,
          41.26400799344286
        ]
      },
      "properties": {
        "date": "2025-01-01"
      }
    },
    {
      "type": "Feature",
      "geometry": {
        "type": "Point",
        "coordinates": [
          1.9661619226775973,
          41.26400799344286
        ]
      },
      "properties": {
        "date": "2025-01-01"
      }
    },
    {
      "type": "Feature",
      "geometry": {
        "type": "Point",
        "coordinates": [
          1.966184996174865,
          41.26400799344286
        ]
      },
      "properties": {
        "date": "2025-01-01"
      }
    },
    {
      "type": "Feature",
      "geometry": {
        "type": "Point",
        "coordinates": [
          1.9662080696721327,
          41.26400799344286
        ]
      },
      "properties": {
        "date": "2025-01-01"
      }
    },
    {
      "type": "Feature",
      "geometry": {
        "type": "Point",
        "coordinates": [
          1.9662311431694004,
          41.26400799344286
        ]
      },
      "properties": {
        "date": "2025-01-01"
      }
    },
    {
      "type": "Feature",
      "geometry": {
        "type": "Point",
        "coordinates": [
          1.9662542166666683,
          41.26400799344286
        ]
      },
      "properties": {
        "date": "2025-01-01"
      }
    },
    {
      "type": "Feature",
      "geometry": {
        "type": "Point",
        "coordinates": [
          1.9733377803278704,
          41.26400799344286
        ]
      },
      "properties": {
        "date": "2025-01-01"
      }
    },
    {
      "type": "Feature",
      "geometry": {
        "type": "Point",
        "coordinates": [
          1.9733608538251382,
          41.26400799344286
        ]
      },
      "properties": {
        "date": "2025-01-01"
      }
    },
    {
      "type": "Feature",
      "geometry": {
        "type": "Point",
        "coordinates": [
          1.9733839273224059,
          41.26400799344286
        ]
      },
      "properties": {
        "date": "2025-01-01"
      }
    },
    {
      "type": "Feature",
      "geometry": {
        "type": "Point",
        "coordinates": [
          1.9734070008196738,
          41.26400799344286
        ]
      },
      "properties": {
        "date": "2025-01-01"
      }
    },
    {
      "type": "Feature",
      "geometry": {
        "type": "Point",
        "coordinates": [
          1.9734300743169415,
          41.26400799344286
        ]
      },
      "properties": {
        "date": "2025-01-01"
      }
    },
    {
      "type": "Feature",
      "geometry": {
        "type": "Point",
        "coordinates": [
          1.9734531478142092,
          41.26400799344286
        ]
      },
      "properties": {
        "date": "2025-01-01"
      }
    },
    {
      "type": "Feature",
      "geometry": {
        "type": "Point",
        "coordinates": [
          1.973476221311477,
          41.26400799344286
        ]
      },
      "properties": {
        "date": "2025-01-01"
      }
    },
    {
      "type": "Feature",
      "geometry": {
        "type": "Point",
        "coordinates": [
          1.9734992948087446,
          41.26400799344286
        ]
      },
      "properties": {
        "date": "2025-01-01"
      }
    },
    {
      "type": "Feature",
      "geometry": {
        "type": "Point",
        "coordinates": [
          1.9735223683060126,
          41.26400799344286
        ]
      },
      "properties": {
        "date": "2025-01-01"
      }
    },
    {
      "type": "Feature",
      "geometry": {
        "type": "Point",
        "coordinates": [
          1.9735454418032803,
          41.26400799344286
        ]
      },
      "properties": {
        "date": "2025-01-01"
      }
    },
    {
      "type": "Feature",
      "geometry": {
        "type": "Point",
        "coordinates": [
          1.973568515300548,
          41.26400799344286
        ]
      },
      "properties": {
        "date": "2025-01-01"
      }
    },
    {
      "type": "Feature",
      "geometry": {
        "type": "Point",
        "coordinates": [
          1.9735915887978157,
          41.26400799344286
        ]
      },
      "properties": {
        "date": "2025-01-01"
      }
    },
    {
      "type": "Feature",
      "geometry": {
        "type": "Point",
        "coordinates": [
          1.9736146622950834,
          41.26400799344286
        ]
      },
      "properties": {
        "date": "2025-01-01"
      }
    },
    {
      "type": "Feature",
      "geometry": {
        "type": "Point",
        "coordinates": [
          1.9736377357923514,
          41.26400799344286
        ]
      },
      "properties": {
        "date": "2025-01-01"
      }
    },
    {
      "type": "Feature",
      "geometry": {
        "type": "Point",
        "coordinates": [
          1.973660809289619,
          41.26400799344286
        ]
      },
      "properties": {
        "date": "2025-01-01"
      }
    },
    {
      "type": "Feature",
      "geometry": {
        "type": "Point",
        "coordinates": [
          1.9739146177595643,
          41.26400799344286
        ]
      },
      "properties": {
        "date": "2025-01-01"
      }
    },
    {
      "type": "Feature",
      "geometry": {
        "type": "Point",
        "coordinates": [
          1.973937691256832,
          41.26400799344286
        ]
      },
      "properties": {
        "date": "2025-01-01"
      }
    },
    {
      "type": "Feature",
      "geometry": {
        "type": "Point",
        "coordinates": [
          1.9739607647541,
          41.26400799344286
        ]
      },
      "properties": {
        "date": "2025-01-01"
      }
    },
    {
      "type": "Feature",
      "geometry": {
        "type": "Point",
        "coordinates": [
          1.9739838382513677,
          41.26400799344286
        ]
      },
      "properties": {
        "date": "2025-01-01"
      }
    },
    {
      "type": "Feature",
      "geometry": {
        "type": "Point",
        "coordinates": [
          1.9740069117486354,
          41.26400799344286
        ]
      },
      "properties": {
        "date": "2025-01-01"
      }
    },
    {
      "type": "Feature",
      "geometry": {
        "type": "Point",
        "coordinates": [
          1.9740299852459031,
          41.26400799344286
        ]
      },
      "properties": {
        "date": "2025-01-01"
      }
    },
    {
      "type": "Feature",
      "geometry": {
        "type": "Point",
        "coordinates": [
          1.974053058743171,
          41.26400799344286
        ]
      },
      "properties": {
        "date": "2025-01-01"
      }
    },
    {
      "type": "Feature",
      "geometry": {
        "type": "Point",
        "coordinates": [
          1.9740761322404388,
          41.26400799344286
        ]
      },
      "properties": {
        "date": "2025-01-01"
      }
    },
    {
      "type": "Feature",
      "geometry": {
        "type": "Point",
        "coordinates": [
          1.9740992057377065,
          41.26400799344286
        ]
      },
      "properties": {
        "date": "2025-01-01"
      }
    },
    {
      "type": "Feature",
      "geometry": {
        "type": "Point",
        "coordinates": [
          1.9741222792349742,
          41.26400799344286
        ]
      },
      "properties": {
        "date": "2025-01-01"
      }
    },
    {
      "type": "Feature",
      "geometry": {
        "type": "Point",
        "coordinates": [
          1.974145352732242,
          41.26400799344286
        ]
      },
      "properties": {
        "date": "2025-01-01"
      }
    },
    {
      "type": "Feature",
      "geometry": {
        "type": "Point",
        "coordinates": [
          1.9741684262295098,
          41.26400799344286
        ]
      },
      "properties": {
        "date": "2025-01-01"
      }
    },
    {
      "type": "Feature",
      "geometry": {
        "type": "Point",
        "coordinates": [
          1.9741914997267775,
          41.26400799344286
        ]
      },
      "properties": {
        "date": "2025-01-01"
      }
    },
    {
      "type": "Feature",
      "geometry": {
        "type": "Point",
        "coordinates": [
          1.9742145732240453,
          41.26400799344286
        ]
      },
      "properties": {
        "date": "2025-01-01"
      }
    },
    {
      "type": "Feature",
      "geometry": {
        "type": "Point",
        "coordinates": [
          1.974237646721313,
          41.26400799344286
        ]
      },
      "properties": {
        "date": "2025-01-01"
      }
    },
    {
      "type": "Feature",
      "geometry": {
        "type": "Point",
        "coordinates": [
          1.974260720218581,
          41.26400799344286
        ]
      },
      "properties": {
        "date": "2025-01-01"
      }
    },
    {
      "type": "Feature",
      "geometry": {
        "type": "Point",
        "coordinates": [
          1.9743991612021874,
          41.26400799344286
        ]
      },
      "properties": {
        "date": "2025-01-01"
      }
    },
    {
      "type": "Feature",
      "geometry": {
        "type": "Point",
        "coordinates": [
          1.974422234699455,
          41.26400799344286
        ]
      },
      "properties": {
        "date": "2025-01-01"
      }
    },
    {
      "type": "Feature",
      "geometry": {
        "type": "Point",
        "coordinates": [
          1.9744453081967228,
          41.26400799344286
        ]
      },
      "properties": {
        "date": "2025-01-01"
      }
    },
    {
      "type": "Feature",
      "geometry": {
        "type": "Point",
        "coordinates": [
          1.9744683816939905,
          41.26400799344286
        ]
      },
      "properties": {
        "date": "2025-01-01"
      }
    },
    {
      "type": "Feature",
      "geometry": {
        "type": "Point",
        "coordinates": [
          1.9744914551912585,
          41.26400799344286
        ]
      },
      "properties": {
        "date": "2025-01-01"
      }
    },
    {
      "type": "Feature",
      "geometry": {
        "type": "Point",
        "coordinates": [
          1.9745145286885262,
          41.26400799344286
        ]
      },
      "properties": {
        "date": "2025-01-01"
      }
    },
    {
      "type": "Feature",
      "geometry": {
        "type": "Point",
        "coordinates": [
          1.9745376021857939,
          41.26400799344286
        ]
      },
      "properties": {
        "date": "2025-01-01"
      }
    },
    {
      "type": "Feature",
      "geometry": {
        "type": "Point",
        "coordinates": [
          1.9745606756830616,
          41.26400799344286
        ]
      },
      "properties": {
        "date": "2025-01-01"
      }
    },
    {
      "type": "Feature",
      "geometry": {
        "type": "Point",
        "coordinates": [
          1.9745837491803295,
          41.26400799344286
        ]
      },
      "properties": {
        "date": "2025-01-01"
      }
    },
    {
      "type": "Feature",
      "geometry": {
        "type": "Point",
        "coordinates": [
          1.9746068226775972,
          41.26400799344286
        ]
      },
      "properties": {
        "date": "2025-01-01"
      }
    },
    {
      "type": "Feature",
      "geometry": {
        "type": "Point",
        "coordinates": [
          1.974629896174865,
          41.26400799344286
        ]
      },
      "properties": {
        "date": "2025-01-01"
      }
    },
    {
      "type": "Feature",
      "geometry": {
        "type": "Point",
        "coordinates": [
          1.9746529696721327,
          41.26400799344286
        ]
      },
      "properties": {
        "date": "2025-01-01"
      }
    },
    {
      "type": "Feature",
      "geometry": {
        "type": "Point",
        "coordinates": [
          1.9746760431694004,
          41.26400799344286
        ]
      },
      "properties": {
        "date": "2025-01-01"
      }
    },
    {
      "type": "Feature",
      "geometry": {
        "type": "Point",
        "coordinates": [
          1.9746991166666683,
          41.26400799344286
        ]
      },
      "properties": {
        "date": "2025-01-01"
      }
    },
    {
      "type": "Feature",
      "geometry": {
        "type": "Point",
        "coordinates": [
          1.974722190163936,
          41.26400799344286
        ]
      },
      "properties": {
        "date": "2025-01-01"
      }
    },
    {
      "type": "Feature",
      "geometry": {
        "type": "Point",
        "coordinates": [
          1.9747452636612037,
          41.26400799344286
        ]
      },
      "properties": {
        "date": "2025-01-01"
      }
    },
    {
      "type": "Feature",
      "geometry": {
        "type": "Point",
        "coordinates": [
          1.9755989830601108,
          41.26400799344286
        ]
      },
      "properties": {
        "date": "2025-01-01"
      }
    },
    {
      "type": "Feature",
      "geometry": {
        "type": "Point",
        "coordinates": [
          1.9756220565573785,
          41.26400799344286
        ]
      },
      "properties": {
        "date": "2025-01-01"
      }
    },
    {
      "type": "Feature",
      "geometry": {
        "type": "Point",
        "coordinates": [
          1.9756451300546463,
          41.26400799344286
        ]
      },
      "properties": {
        "date": "2025-01-01"
      }
    },
    {
      "type": "Feature",
      "geometry": {
        "type": "Point",
        "coordinates": [
          1.9756682035519142,
          41.26400799344286
        ]
      },
      "properties": {
        "date": "2025-01-01"
      }
    },
    {
      "type": "Feature",
      "geometry": {
        "type": "Point",
        "coordinates": [
          1.975691277049182,
          41.26400799344286
        ]
      },
      "properties": {
        "date": "2025-01-01"
      }
    },
    {
      "type": "Feature",
      "geometry": {
        "type": "Point",
        "coordinates": [
          1.9757143505464496,
          41.26400799344286
        ]
      },
      "properties": {
        "date": "2025-01-01"
      }
    },
    {
      "type": "Feature",
      "geometry": {
        "type": "Point",
        "coordinates": [
          1.9757374240437173,
          41.26400799344286
        ]
      },
      "properties": {
        "date": "2025-01-01"
      }
    },
    {
      "type": "Feature",
      "geometry": {
        "type": "Point",
        "coordinates": [
          1.9757604975409853,
          41.26400799344286
        ]
      },
      "properties": {
        "date": "2025-01-01"
      }
    },
    {
      "type": "Feature",
      "geometry": {
        "type": "Point",
        "coordinates": [
          1.975783571038253,
          41.26400799344286
        ]
      },
      "properties": {
        "date": "2025-01-01"
      }
    },
    {
      "type": "Feature",
      "geometry": {
        "type": "Point",
        "coordinates": [
          1.9758066445355207,
          41.26400799344286
        ]
      },
      "properties": {
        "date": "2025-01-01"
      }
    },
    {
      "type": "Feature",
      "geometry": {
        "type": "Point",
        "coordinates": [
          1.9758297180327884,
          41.26400799344286
        ]
      },
      "properties": {
        "date": "2025-01-01"
      }
    },
    {
      "type": "Feature",
      "geometry": {
        "type": "Point",
        "coordinates": [
          1.975852791530056,
          41.26400799344286
        ]
      },
      "properties": {
        "date": "2025-01-01"
      }
    },
    {
      "type": "Feature",
      "geometry": {
        "type": "Point",
        "coordinates": [
          1.975875865027324,
          41.26400799344286
        ]
      },
      "properties": {
        "date": "2025-01-01"
      }
    },
    {
      "type": "Feature",
      "geometry": {
        "type": "Point",
        "coordinates": [
          1.9758989385245918,
          41.26400799344286
        ]
      },
      "properties": {
        "date": "2025-01-01"
      }
    },
    {
      "type": "Feature",
      "geometry": {
        "type": "Point",
        "coordinates": [
          1.9759220120218595,
          41.26400799344286
        ]
      },
      "properties": {
        "date": "2025-01-01"
      }
    },
    {
      "type": "Feature",
      "geometry": {
        "type": "Point",
        "coordinates": [
          1.9759450855191272,
          41.26400799344286
        ]
      },
      "properties": {
        "date": "2025-01-01"
      }
    },
    {
      "type": "Feature",
      "geometry": {
        "type": "Point",
        "coordinates": [
          1.9759681590163949,
          41.26400799344286
        ]
      },
      "properties": {
        "date": "2025-01-01"
      }
    },
    {
      "type": "Feature",
      "geometry": {
        "type": "Point",
        "coordinates": [
          1.9759912325136628,
          41.26400799344286
        ]
      },
      "properties": {
        "date": "2025-01-01"
      }
    },
    {
      "type": "Feature",
      "geometry": {
        "type": "Point",
        "coordinates": [
          1.9760143060109305,
          41.26400799344286
        ]
      },
      "properties": {
        "date": "2025-01-01"
      }
    },
    {
      "type": "Feature",
      "geometry": {
        "type": "Point",
        "coordinates": [
          1.9760373795081982,
          41.26400799344286
        ]
      },
      "properties": {
        "date": "2025-01-01"
      }
    },
    {
      "type": "Feature",
      "geometry": {
        "type": "Point",
        "coordinates": [
          1.976060453005466,
          41.26400799344286
        ]
      },
      "properties": {
        "date": "2025-01-01"
      }
    },
    {
      "type": "Feature",
      "geometry": {
        "type": "Point",
        "coordinates": [
          1.976083526502734,
          41.26400799344286
        ]
      },
      "properties": {
        "date": "2025-01-01"
      }
    },
    {
      "type": "Feature",
      "geometry": {
        "type": "Point",
        "coordinates": [
          1.9761066000000016,
          41.26400799344286
        ]
      },
      "properties": {
        "date": "2025-01-01"
      }
    },
    {
      "type": "Feature",
      "geometry": {
        "type": "Point",
        "coordinates": [
          1.9761296734972693,
          41.26400799344286
        ]
      },
      "properties": {
        "date": "2025-01-01"
      }
    },
    {
      "type": "Feature",
      "geometry": {
        "type": "Point",
        "coordinates": [
          1.976152746994537,
          41.26400799344286
        ]
      },
      "properties": {
        "date": "2025-01-01"
      }
    },
    {
      "type": "Feature",
      "geometry": {
        "type": "Point",
        "coordinates": [
          1.9761758204918047,
          41.26400799344286
        ]
      },
      "properties": {
        "date": "2025-01-01"
      }
    },
    {
      "type": "Feature",
      "geometry": {
        "type": "Point",
        "coordinates": [
          1.9761988939890727,
          41.26400799344286
        ]
      },
      "properties": {
        "date": "2025-01-01"
      }
    },
    {
      "type": "Feature",
      "geometry": {
        "type": "Point",
        "coordinates": [
          1.9762219674863404,
          41.26400799344286
        ]
      },
      "properties": {
        "date": "2025-01-01"
      }
    },
    {
      "type": "Feature",
      "geometry": {
        "type": "Point",
        "coordinates": [
          1.976245040983608,
          41.26400799344286
        ]
      },
      "properties": {
        "date": "2025-01-01"
      }
    },
    {
      "type": "Feature",
      "geometry": {
        "type": "Point",
        "coordinates": [
          1.9762681144808758,
          41.26400799344286
        ]
      },
      "properties": {
        "date": "2025-01-01"
      }
    },
    {
      "type": "Feature",
      "geometry": {
        "type": "Point",
        "coordinates": [
          1.9762911879781435,
          41.26400799344286
        ]
      },
      "properties": {
        "date": "2025-01-01"
      }
    },
    {
      "type": "Feature",
      "geometry": {
        "type": "Point",
        "coordinates": [
          1.9767988049180343,
          41.26400799344286
        ]
      },
      "properties": {
        "date": "2025-01-01"
      }
    },
    {
      "type": "Feature",
      "geometry": {
        "type": "Point",
        "coordinates": [
          1.976821878415302,
          41.26400799344286
        ]
      },
      "properties": {
        "date": "2025-01-01"
      }
    },
    {
      "type": "Feature",
      "geometry": {
        "type": "Point",
        "coordinates": [
          1.97684495191257,
          41.26400799344286
        ]
      },
      "properties": {
        "date": "2025-01-01"
      }
    },
    {
      "type": "Feature",
      "geometry": {
        "type": "Point",
        "coordinates": [
          1.9768680254098376,
          41.26400799344286
        ]
      },
      "properties": {
        "date": "2025-01-01"
      }
    },
    {
      "type": "Feature",
      "geometry": {
        "type": "Point",
        "coordinates": [
          1.9768910989071053,
          41.26400799344286
        ]
      },
      "properties": {
        "date": "2025-01-01"
      }
    },
    {
      "type": "Feature",
      "geometry": {
        "type": "Point",
        "coordinates": [
          1.9777448183060125,
          41.26400799344286
        ]
      },
      "properties": {
        "date": "2025-01-01"
      }
    },
    {
      "type": "Feature",
      "geometry": {
        "type": "Point",
        "coordinates": [
          1.9777678918032802,
          41.26400799344286
        ]
      },
      "properties": {
        "date": "2025-01-01"
      }
    },
    {
      "type": "Feature",
      "geometry": {
        "type": "Point",
        "coordinates": [
          1.977790965300548,
          41.26400799344286
        ]
      },
      "properties": {
        "date": "2025-01-01"
      }
    },
    {
      "type": "Feature",
      "geometry": {
        "type": "Point",
        "coordinates": [
          1.9778140387978158,
          41.26400799344286
        ]
      },
      "properties": {
        "date": "2025-01-01"
      }
    },
    {
      "type": "Feature",
      "geometry": {
        "type": "Point",
        "coordinates": [
          1.9778371122950835,
          41.26400799344286
        ]
      },
      "properties": {
        "date": "2025-01-01"
      }
    },
    {
      "type": "Feature",
      "geometry": {
        "type": "Point",
        "coordinates": [
          1.9834901191256846,
          41.26400799344286
        ]
      },
      "properties": {
        "date": "2025-01-01"
      }
    },
    {
      "type": "Feature",
      "geometry": {
        "type": "Point",
        "coordinates": [
          1.9835131926229523,
          41.26400799344286
        ]
      },
      "properties": {
        "date": "2025-01-01"
      }
    },
    {
      "type": "Feature",
      "geometry": {
        "type": "Point",
        "coordinates": [
          1.98353626612022,
          41.26400799344286
        ]
      },
      "properties": {
        "date": "2025-01-01"
      }
    },
    {
      "type": "Feature",
      "geometry": {
        "type": "Point",
        "coordinates": [
          1.9835593396174878,
          41.26400799344286
        ]
      },
      "properties": {
        "date": "2025-01-01"
      }
    },
    {
      "type": "Feature",
      "geometry": {
        "type": "Point",
        "coordinates": [
          1.9835824131147557,
          41.26400799344286
        ]
      },
      "properties": {
        "date": "2025-01-01"
      }
    },
    {
      "type": "Feature",
      "geometry": {
        "type": "Point",
        "coordinates": [
          1.9836054866120234,
          41.26400799344286
        ]
      },
      "properties": {
        "date": "2025-01-01"
      }
    },
    {
      "type": "Feature",
      "geometry": {
        "type": "Point",
        "coordinates": [
          1.9836285601092911,
          41.26400799344286
        ]
      },
      "properties": {
        "date": "2025-01-01"
      }
    },
    {
      "type": "Feature",
      "geometry": {
        "type": "Point",
        "coordinates": [
          1.9836516336065588,
          41.26400799344286
        ]
      },
      "properties": {
        "date": "2025-01-01"
      }
    },
    {
      "type": "Feature",
      "geometry": {
        "type": "Point",
        "coordinates": [
          1.9836747071038265,
          41.26400799344286
        ]
      },
      "properties": {
        "date": "2025-01-01"
      }
    },
    {
      "type": "Feature",
      "geometry": {
        "type": "Point",
        "coordinates": [
          1.9836977806010945,
          41.26400799344286
        ]
      },
      "properties": {
        "date": "2025-01-01"
      }
    },
    {
      "type": "Feature",
      "geometry": {
        "type": "Point",
        "coordinates": [
          1.9837208540983622,
          41.26400799344286
        ]
      },
      "properties": {
        "date": "2025-01-01"
      }
    },
    {
      "type": "Feature",
      "geometry": {
        "type": "Point",
        "coordinates": [
          1.98374392759563,
          41.26400799344286
        ]
      },
      "properties": {
        "date": "2025-01-01"
      }
    },
    {
      "type": "Feature",
      "geometry": {
        "type": "Point",
        "coordinates": [
          1.9837670010928976,
          41.26400799344286
        ]
      },
      "properties": {
        "date": "2025-01-01"
      }
    },
    {
      "type": "Feature",
      "geometry": {
        "type": "Point",
        "coordinates": [
          1.9837900745901655,
          41.26400799344286
        ]
      },
      "properties": {
        "date": "2025-01-01"
      }
    },
    {
      "type": "Feature",
      "geometry": {
        "type": "Point",
        "coordinates": [
          1.9838131480874333,
          41.26400799344286
        ]
      },
      "properties": {
        "date": "2025-01-01"
      }
    },
    {
      "type": "Feature",
      "geometry": {
        "type": "Point",
        "coordinates": [
          1.983836221584701,
          41.26400799344286
        ]
      },
      "properties": {
        "date": "2025-01-01"
      }
    },
    {
      "type": "Feature",
      "geometry": {
        "type": "Point",
        "coordinates": [
          1.9838592950819687,
          41.26400799344286
        ]
      },
      "properties": {
        "date": "2025-01-01"
      }
    },
    {
      "type": "Feature",
      "geometry": {
        "type": "Point",
        "coordinates": [
          1.9838823685792364,
          41.26400799344286
        ]
      },
      "properties": {
        "date": "2025-01-01"
      }
    },
    {
      "type": "Feature",
      "geometry": {
        "type": "Point",
        "coordinates": [
          1.9839054420765043,
          41.26400799344286
        ]
      },
      "properties": {
        "date": "2025-01-01"
      }
    },
    {
      "type": "Feature",
      "geometry": {
        "type": "Point",
        "coordinates": [
          1.983928515573772,
          41.26400799344286
        ]
      },
      "properties": {
        "date": "2025-01-01"
      }
    },
    {
      "type": "Feature",
      "geometry": {
        "type": "Point",
        "coordinates": [
          1.9839515890710397,
          41.26400799344286
        ]
      },
      "properties": {
        "date": "2025-01-01"
      }
    },
    {
      "type": "Feature",
      "geometry": {
        "type": "Point",
        "coordinates": [
          1.9839746625683075,
          41.26400799344286
        ]
      },
      "properties": {
        "date": "2025-01-01"
      }
    },
    {
      "type": "Feature",
      "geometry": {
        "type": "Point",
        "coordinates": [
          1.9839977360655752,
          41.26400799344286
        ]
      },
      "properties": {
        "date": "2025-01-01"
      }
    },
    {
      "type": "Feature",
      "geometry": {
        "type": "Point",
        "coordinates": [
          1.984020809562843,
          41.26400799344286
        ]
      },
      "properties": {
        "date": "2025-01-01"
      }
    },
    {
      "type": "Feature",
      "geometry": {
        "type": "Point",
        "coordinates": [
          1.9840438830601108,
          41.26400799344286
        ]
      },
      "properties": {
        "date": "2025-01-01"
      }
    },
    {
      "type": "Feature",
      "geometry": {
        "type": "Point",
        "coordinates": [
          1.9840669565573785,
          41.26400799344286
        ]
      },
      "properties": {
        "date": "2025-01-01"
      }
    },
    {
      "type": "Feature",
      "geometry": {
        "type": "Point",
        "coordinates": [
          1.9840900300546462,
          41.26400799344286
        ]
      },
      "properties": {
        "date": "2025-01-01"
      }
    },
    {
      "type": "Feature",
      "geometry": {
        "type": "Point",
        "coordinates": [
          1.9841131035519142,
          41.26400799344286
        ]
      },
      "properties": {
        "date": "2025-01-01"
      }
    },
    {
      "type": "Feature",
      "geometry": {
        "type": "Point",
        "coordinates": [
          1.9841361770491819,
          41.26400799344286
        ]
      },
      "properties": {
        "date": "2025-01-01"
      }
    },
    {
      "type": "Feature",
      "geometry": {
        "type": "Point",
        "coordinates": [
          1.9841592505464496,
          41.26400799344286
        ]
      },
      "properties": {
        "date": "2025-01-01"
      }
    },
    {
      "type": "Feature",
      "geometry": {
        "type": "Point",
        "coordinates": [
          1.9841823240437173,
          41.26400799344286
        ]
      },
      "properties": {
        "date": "2025-01-01"
      }
    },
    {
      "type": "Feature",
      "geometry": {
        "type": "Point",
        "coordinates": [
          1.984205397540985,
          41.26400799344286
        ]
      },
      "properties": {
        "date": "2025-01-01"
      }
    },
    {
      "type": "Feature",
      "geometry": {
        "type": "Point",
        "coordinates": [
          1.984228471038253,
          41.26400799344286
        ]
      },
      "properties": {
        "date": "2025-01-01"
      }
    },
    {
      "type": "Feature",
      "geometry": {
        "type": "Point",
        "coordinates": [
          1.9842515445355207,
          41.26400799344286
        ]
      },
      "properties": {
        "date": "2025-01-01"
      }
    },
    {
      "type": "Feature",
      "geometry": {
        "type": "Point",
        "coordinates": [
          1.9842746180327884,
          41.26400799344286
        ]
      },
      "properties": {
        "date": "2025-01-01"
      }
    },
    {
      "type": "Feature",
      "geometry": {
        "type": "Point",
        "coordinates": [
          1.984297691530056,
          41.26400799344286
        ]
      },
      "properties": {
        "date": "2025-01-01"
      }
    },
    {
      "type": "Feature",
      "geometry": {
        "type": "Point",
        "coordinates": [
          1.984320765027324,
          41.26400799344286
        ]
      },
      "properties": {
        "date": "2025-01-01"
      }
    },
    {
      "type": "Feature",
      "geometry": {
        "type": "Point",
        "coordinates": [
          1.9843438385245917,
          41.26400799344286
        ]
      },
      "properties": {
        "date": "2025-01-01"
      }
    },
    {
      "type": "Feature",
      "geometry": {
        "type": "Point",
        "coordinates": [
          1.9843669120218594,
          41.26400799344286
        ]
      },
      "properties": {
        "date": "2025-01-01"
      }
    },
    {
      "type": "Feature",
      "geometry": {
        "type": "Point",
        "coordinates": [
          1.9843899855191272,
          41.26400799344286
        ]
      },
      "properties": {
        "date": "2025-01-01"
      }
    },
    {
      "type": "Feature",
      "geometry": {
        "type": "Point",
        "coordinates": [
          1.9844130590163949,
          41.26400799344286
        ]
      },
      "properties": {
        "date": "2025-01-01"
      }
    },
    {
      "type": "Feature",
      "geometry": {
        "type": "Point",
        "coordinates": [
          1.9851514109289632,
          41.26400799344286
        ]
      },
      "properties": {
        "date": "2025-01-01"
      }
    },
    {
      "type": "Feature",
      "geometry": {
        "type": "Point",
        "coordinates": [
          1.985174484426231,
          41.26400799344286
        ]
      },
      "properties": {
        "date": "2025-01-01"
      }
    },
    {
      "type": "Feature",
      "geometry": {
        "type": "Point",
        "coordinates": [
          1.9851975579234988,
          41.26400799344286
        ]
      },
      "properties": {
        "date": "2025-01-01"
      }
    },
    {
      "type": "Feature",
      "geometry": {
        "type": "Point",
        "coordinates": [
          1.9852206314207665,
          41.26400799344286
        ]
      },
      "properties": {
        "date": "2025-01-01"
      }
    },
    {
      "type": "Feature",
      "geometry": {
        "type": "Point",
        "coordinates": [
          1.9852437049180343,
          41.26400799344286
        ]
      },
      "properties": {
        "date": "2025-01-01"
      }
    },
    {
      "type": "Feature",
      "geometry": {
        "type": "Point",
        "coordinates": [
          1.985266778415302,
          41.26400799344286
        ]
      },
      "properties": {
        "date": "2025-01-01"
      }
    },
    {
      "type": "Feature",
      "geometry": {
        "type": "Point",
        "coordinates": [
          1.98528985191257,
          41.26400799344286
        ]
      },
      "properties": {
        "date": "2025-01-01"
      }
    },
    {
      "type": "Feature",
      "geometry": {
        "type": "Point",
        "coordinates": [
          1.9853129254098376,
          41.26400799344286
        ]
      },
      "properties": {
        "date": "2025-01-01"
      }
    },
    {
      "type": "Feature",
      "geometry": {
        "type": "Point",
        "coordinates": [
          1.9853359989071053,
          41.26400799344286
        ]
      },
      "properties": {
        "date": "2025-01-01"
      }
    },
    {
      "type": "Feature",
      "geometry": {
        "type": "Point",
        "coordinates": [
          1.985359072404373,
          41.26400799344286
        ]
      },
      "properties": {
        "date": "2025-01-01"
      }
    },
    {
      "type": "Feature",
      "geometry": {
        "type": "Point",
        "coordinates": [
          1.9853821459016407,
          41.26400799344286
        ]
      },
      "properties": {
        "date": "2025-01-01"
      }
    },
    {
      "type": "Feature",
      "geometry": {
        "type": "Point",
        "coordinates": [
          1.9854052193989087,
          41.26400799344286
        ]
      },
      "properties": {
        "date": "2025-01-01"
      }
    },
    {
      "type": "Feature",
      "geometry": {
        "type": "Point",
        "coordinates": [
          1.9854282928961764,
          41.26400799344286
        ]
      },
      "properties": {
        "date": "2025-01-01"
      }
    },
    {
      "type": "Feature",
      "geometry": {
        "type": "Point",
        "coordinates": [
          1.985451366393444,
          41.26400799344286
        ]
      },
      "properties": {
        "date": "2025-01-01"
      }
    },
    {
      "type": "Feature",
      "geometry": {
        "type": "Point",
        "coordinates": [
          1.9854744398907118,
          41.26400799344286
        ]
      },
      "properties": {
        "date": "2025-01-01"
      }
    },
    {
      "type": "Feature",
      "geometry": {
        "type": "Point",
        "coordinates": [
          1.9854975133879798,
          41.26400799344286
        ]
      },
      "properties": {
        "date": "2025-01-01"
      }
    },
    {
      "type": "Feature",
      "geometry": {
        "type": "Point",
        "coordinates": [
          1.9855205868852475,
          41.26400799344286
        ]
      },
      "properties": {
        "date": "2025-01-01"
      }
    },
    {
      "type": "Feature",
      "geometry": {
        "type": "Point",
        "coordinates": [
          1.9855436603825152,
          41.26400799344286
        ]
      },
      "properties": {
        "date": "2025-01-01"
      }
    },
    {
      "type": "Feature",
      "geometry": {
        "type": "Point",
        "coordinates": [
          1.9855667338797829,
          41.26400799344286
        ]
      },
      "properties": {
        "date": "2025-01-01"
      }
    },
    {
      "type": "Feature",
      "geometry": {
        "type": "Point",
        "coordinates": [
          1.9855898073770506,
          41.26400799344286
        ]
      },
      "properties": {
        "date": "2025-01-01"
      }
    },
    {
      "type": "Feature",
      "geometry": {
        "type": "Point",
        "coordinates": [
          1.9856128808743185,
          41.26400799344286
        ]
      },
      "properties": {
        "date": "2025-01-01"
      }
    },
    {
      "type": "Feature",
      "geometry": {
        "type": "Point",
        "coordinates": [
          1.9856359543715862,
          41.26400799344286
        ]
      },
      "properties": {
        "date": "2025-01-01"
      }
    },
    {
      "type": "Feature",
      "geometry": {
        "type": "Point",
        "coordinates": [
          1.985659027868854,
          41.26400799344286
        ]
      },
      "properties": {
        "date": "2025-01-01"
      }
    },
    {
      "type": "Feature",
      "geometry": {
        "type": "Point",
        "coordinates": [
          1.9856821013661217,
          41.26400799344286
        ]
      },
      "properties": {
        "date": "2025-01-01"
      }
    },
    {
      "type": "Feature",
      "geometry": {
        "type": "Point",
        "coordinates": [
          1.9857051748633894,
          41.26400799344286
        ]
      },
      "properties": {
        "date": "2025-01-01"
      }
    },
    {
      "type": "Feature",
      "geometry": {
        "type": "Point",
        "coordinates": [
          1.9857282483606573,
          41.26400799344286
        ]
      },
      "properties": {
        "date": "2025-01-01"
      }
    },
    {
      "type": "Feature",
      "geometry": {
        "type": "Point",
        "coordinates": [
          1.985751321857925,
          41.26400799344286
        ]
      },
      "properties": {
        "date": "2025-01-01"
      }
    },
    {
      "type": "Feature",
      "geometry": {
        "type": "Point",
        "coordinates": [
          1.9857743953551927,
          41.26400799344286
        ]
      },
      "properties": {
        "date": "2025-01-01"
      }
    },
    {
      "type": "Feature",
      "geometry": {
        "type": "Point",
        "coordinates": [
          1.9857974688524604,
          41.26400799344286
        ]
      },
      "properties": {
        "date": "2025-01-01"
      }
    },
    {
      "type": "Feature",
      "geometry": {
        "type": "Point",
        "coordinates": [
          1.9858205423497282,
          41.26400799344286
        ]
      },
      "properties": {
        "date": "2025-01-01"
      }
    },
    {
      "type": "Feature",
      "geometry": {
        "type": "Point",
        "coordinates": [
          1.985843615846996,
          41.26400799344286
        ]
      },
      "properties": {
        "date": "2025-01-01"
      }
    },
    {
      "type": "Feature",
      "geometry": {
        "type": "Point",
        "coordinates": [
          1.9858666893442638,
          41.26400799344286
        ]
      },
      "properties": {
        "date": "2025-01-01"
      }
    },
    {
      "type": "Feature",
      "geometry": {
        "type": "Point",
        "coordinates": [
          1.9858897628415315,
          41.26400799344286
        ]
      },
      "properties": {
        "date": "2025-01-01"
      }
    },
    {
      "type": "Feature",
      "geometry": {
        "type": "Point",
        "coordinates": [
          1.9859128363387992,
          41.26400799344286
        ]
      },
      "properties": {
        "date": "2025-01-01"
      }
    },
    {
      "type": "Feature",
      "geometry": {
        "type": "Point",
        "coordinates": [
          1.9859359098360672,
          41.26400799344286
        ]
      },
      "properties": {
        "date": "2025-01-01"
      }
    },
    {
      "type": "Feature",
      "geometry": {
        "type": "Point",
        "coordinates": [
          1.9859589833333349,
          41.26400799344286
        ]
      },
      "properties": {
        "date": "2025-01-01"
      }
    },
    {
      "type": "Feature",
      "geometry": {
        "type": "Point",
        "coordinates": [
          1.9859820568306026,
          41.26400799344286
        ]
      },
      "properties": {
        "date": "2025-01-01"
      }
    },
    {
      "type": "Feature",
      "geometry": {
        "type": "Point",
        "coordinates": [
          1.9860051303278703,
          41.26400799344286
        ]
      },
      "properties": {
        "date": "2025-01-01"
      }
    },
    {
      "type": "Feature",
      "geometry": {
        "type": "Point",
        "coordinates": [
          1.986028203825138,
          41.26400799344286
        ]
      },
      "properties": {
        "date": "2025-01-01"
      }
    },
    {
      "type": "Feature",
      "geometry": {
        "type": "Point",
        "coordinates": [
          1.986051277322406,
          41.26400799344286
        ]
      },
      "properties": {
        "date": "2025-01-01"
      }
    },
    {
      "type": "Feature",
      "geometry": {
        "type": "Point",
        "coordinates": [
          1.9860743508196737,
          41.26400799344286
        ]
      },
      "properties": {
        "date": "2025-01-01"
      }
    },
    {
      "type": "Feature",
      "geometry": {
        "type": "Point",
        "coordinates": [
          1.9860974243169414,
          41.26400799344286
        ]
      },
      "properties": {
        "date": "2025-01-01"
      }
    },
    {
      "type": "Feature",
      "geometry": {
        "type": "Point",
        "coordinates": [
          1.986120497814209,
          41.26400799344286
        ]
      },
      "properties": {
        "date": "2025-01-01"
      }
    },
    {
      "type": "Feature",
      "geometry": {
        "type": "Point",
        "coordinates": [
          1.986143571311477,
          41.26400799344286
        ]
      },
      "properties": {
        "date": "2025-01-01"
      }
    },
    {
      "type": "Feature",
      "geometry": {
        "type": "Point",
        "coordinates": [
          1.9861666448087447,
          41.26400799344286
        ]
      },
      "properties": {
        "date": "2025-01-01"
      }
    },
    {
      "type": "Feature",
      "geometry": {
        "type": "Point",
        "coordinates": [
          1.9861897183060124,
          41.26400799344286
        ]
      },
      "properties": {
        "date": "2025-01-01"
      }
    },
    {
      "type": "Feature",
      "geometry": {
        "type": "Point",
        "coordinates": [
          1.9862127918032801,
          41.26400799344286
        ]
      },
      "properties": {
        "date": "2025-01-01"
      }
    },
    {
      "type": "Feature",
      "geometry": {
        "type": "Point",
        "coordinates": [
          1.9862358653005479,
          41.26400799344286
        ]
      },
      "properties": {
        "date": "2025-01-01"
      }
    },
    {
      "type": "Feature",
      "geometry": {
        "type": "Point",
        "coordinates": [
          1.9862589387978158,
          41.26400799344286
        ]
      },
      "properties": {
        "date": "2025-01-01"
      }
    },
    {
      "type": "Feature",
      "geometry": {
        "type": "Point",
        "coordinates": [
          1.9862820122950835,
          41.26400799344286
        ]
      },
      "properties": {
        "date": "2025-01-01"
      }
    },
    {
      "type": "Feature",
      "geometry": {
        "type": "Point",
        "coordinates": [
          1.9863050857923512,
          41.26400799344286
        ]
      },
      "properties": {
        "date": "2025-01-01"
      }
    },
    {
      "type": "Feature",
      "geometry": {
        "type": "Point",
        "coordinates": [
          1.986328159289619,
          41.26400799344286
        ]
      },
      "properties": {
        "date": "2025-01-01"
      }
    },
    {
      "type": "Feature",
      "geometry": {
        "type": "Point",
        "coordinates": [
          1.9863512327868866,
          41.26400799344286
        ]
      },
      "properties": {
        "date": "2025-01-01"
      }
    },
    {
      "type": "Feature",
      "geometry": {
        "type": "Point",
        "coordinates": [
          1.9863743062841546,
          41.26400799344286
        ]
      },
      "properties": {
        "date": "2025-01-01"
      }
    },
    {
      "type": "Feature",
      "geometry": {
        "type": "Point",
        "coordinates": [
          1.9863973797814223,
          41.26400799344286
        ]
      },
      "properties": {
        "date": "2025-01-01"
      }
    },
    {
      "type": "Feature",
      "geometry": {
        "type": "Point",
        "coordinates": [
          1.98642045327869,
          41.26400799344286
        ]
      },
      "properties": {
        "date": "2025-01-01"
      }
    },
    {
      "type": "Feature",
      "geometry": {
        "type": "Point",
        "coordinates": [
          1.9864435267759577,
          41.26400799344286
        ]
      },
      "properties": {
        "date": "2025-01-01"
      }
    },
    {
      "type": "Feature",
      "geometry": {
        "type": "Point",
        "coordinates": [
          1.9864666002732256,
          41.26400799344286
        ]
      },
      "properties": {
        "date": "2025-01-01"
      }
    },
    {
      "type": "Feature",
      "geometry": {
        "type": "Point",
        "coordinates": [
          1.9864896737704933,
          41.26400799344286
        ]
      },
      "properties": {
        "date": "2025-01-01"
      }
    },
    {
      "type": "Feature",
      "geometry": {
        "type": "Point",
        "coordinates": [
          1.986512747267761,
          41.26400799344286
        ]
      },
      "properties": {
        "date": "2025-01-01"
      }
    },
    {
      "type": "Feature",
      "geometry": {
        "type": "Point",
        "coordinates": [
          1.9865358207650288,
          41.26400799344286
        ]
      },
      "properties": {
        "date": "2025-01-01"
      }
    },
    {
      "type": "Feature",
      "geometry": {
        "type": "Point",
        "coordinates": [
          1.9865588942622965,
          41.26400799344286
        ]
      },
      "properties": {
        "date": "2025-01-01"
      }
    },
    {
      "type": "Feature",
      "geometry": {
        "type": "Point",
        "coordinates": [
          1.9865819677595644,
          41.26400799344286
        ]
      },
      "properties": {
        "date": "2025-01-01"
      }
    },
    {
      "type": "Feature",
      "geometry": {
        "type": "Point",
        "coordinates": [
          1.9866050412568321,
          41.26400799344286
        ]
      },
      "properties": {
        "date": "2025-01-01"
      }
    },
    {
      "type": "Feature",
      "geometry": {
        "type": "Point",
        "coordinates": [
          1.9866281147540998,
          41.26400799344286
        ]
      },
      "properties": {
        "date": "2025-01-01"
      }
    },
    {
      "type": "Feature",
      "geometry": {
        "type": "Point",
        "coordinates": [
          1.9866511882513676,
          41.26400799344286
        ]
      },
      "properties": {
        "date": "2025-01-01"
      }
    },
    {
      "type": "Feature",
      "geometry": {
        "type": "Point",
        "coordinates": [
          1.9866742617486355,
          41.26400799344286
        ]
      },
      "properties": {
        "date": "2025-01-01"
      }
    },
    {
      "type": "Feature",
      "geometry": {
        "type": "Point",
        "coordinates": [
          1.9866973352459032,
          41.26400799344286
        ]
      },
      "properties": {
        "date": "2025-01-01"
      }
    },
    {
      "type": "Feature",
      "geometry": {
        "type": "Point",
        "coordinates": [
          1.986720408743171,
          41.26400799344286
        ]
      },
      "properties": {
        "date": "2025-01-01"
      }
    },
    {
      "type": "Feature",
      "geometry": {
        "type": "Point",
        "coordinates": [
          1.9867434822404386,
          41.26400799344286
        ]
      },
      "properties": {
        "date": "2025-01-01"
      }
    },
    {
      "type": "Feature",
      "geometry": {
        "type": "Point",
        "coordinates": [
          1.9867665557377063,
          41.26400799344286
        ]
      },
      "properties": {
        "date": "2025-01-01"
      }
    },
    {
      "type": "Feature",
      "geometry": {
        "type": "Point",
        "coordinates": [
          1.9867896292349743,
          41.26400799344286
        ]
      },
      "properties": {
        "date": "2025-01-01"
      }
    },
    {
      "type": "Feature",
      "geometry": {
        "type": "Point",
        "coordinates": [
          1.986812702732242,
          41.26400799344286
        ]
      },
      "properties": {
        "date": "2025-01-01"
      }
    },
    {
      "type": "Feature",
      "geometry": {
        "type": "Point",
        "coordinates": [
          1.9868357762295097,
          41.26400799344286
        ]
      },
      "properties": {
        "date": "2025-01-01"
      }
    },
    {
      "type": "Feature",
      "geometry": {
        "type": "Point",
        "coordinates": [
          1.9868588497267774,
          41.26400799344286
        ]
      },
      "properties": {
        "date": "2025-01-01"
      }
    },
    {
      "type": "Feature",
      "geometry": {
        "type": "Point",
        "coordinates": [
          1.986881923224045,
          41.26400799344286
        ]
      },
      "properties": {
        "date": "2025-01-01"
      }
    },
    {
      "type": "Feature",
      "geometry": {
        "type": "Point",
        "coordinates": [
          1.986904996721313,
          41.26400799344286
        ]
      },
      "properties": {
        "date": "2025-01-01"
      }
    },
    {
      "type": "Feature",
      "geometry": {
        "type": "Point",
        "coordinates": [
          1.9869280702185808,
          41.26400799344286
        ]
      },
      "properties": {
        "date": "2025-01-01"
      }
    },
    {
      "type": "Feature",
      "geometry": {
        "type": "Point",
        "coordinates": [
          1.9869511437158485,
          41.26400799344286
        ]
      },
      "properties": {
        "date": "2025-01-01"
      }
    },
    {
      "type": "Feature",
      "geometry": {
        "type": "Point",
        "coordinates": [
          1.9869742172131162,
          41.26400799344286
        ]
      },
      "properties": {
        "date": "2025-01-01"
      }
    },
    {
      "type": "Feature",
      "geometry": {
        "type": "Point",
        "coordinates": [
          1.986997290710384,
          41.26400799344286
        ]
      },
      "properties": {
        "date": "2025-01-01"
      }
    },
    {
      "type": "Feature",
      "geometry": {
        "type": "Point",
        "coordinates": [
          1.9870203642076518,
          41.26400799344286
        ]
      },
      "properties": {
        "date": "2025-01-01"
      }
    },
    {
      "type": "Feature",
      "geometry": {
        "type": "Point",
        "coordinates": [
          1.9870434377049195,
          41.26400799344286
        ]
      },
      "properties": {
        "date": "2025-01-01"
      }
    },
    {
      "type": "Feature",
      "geometry": {
        "type": "Point",
        "coordinates": [
          1.9870665112021872,
          41.26400799344286
        ]
      },
      "properties": {
        "date": "2025-01-01"
      }
    },
    {
      "type": "Feature",
      "geometry": {
        "type": "Point",
        "coordinates": [
          1.987089584699455,
          41.26400799344286
        ]
      },
      "properties": {
        "date": "2025-01-01"
      }
    },
    {
      "type": "Feature",
      "geometry": {
        "type": "Point",
        "coordinates": [
          1.987112658196723,
          41.26400799344286
        ]
      },
      "properties": {
        "date": "2025-01-01"
      }
    },
    {
      "type": "Feature",
      "geometry": {
        "type": "Point",
        "coordinates": [
          1.9871357316939906,
          41.26400799344286
        ]
      },
      "properties": {
        "date": "2025-01-01"
      }
    },
    {
      "type": "Feature",
      "geometry": {
        "type": "Point",
        "coordinates": [
          1.9871588051912583,
          41.26400799344286
        ]
      },
      "properties": {
        "date": "2025-01-01"
      }
    },
    {
      "type": "Feature",
      "geometry": {
        "type": "Point",
        "coordinates": [
          1.987181878688526,
          41.26400799344286
        ]
      },
      "properties": {
        "date": "2025-01-01"
      }
    },
    {
      "type": "Feature",
      "geometry": {
        "type": "Point",
        "coordinates": [
          1.9872049521857937,
          41.26400799344286
        ]
      },
      "properties": {
        "date": "2025-01-01"
      }
    },
    {
      "type": "Feature",
      "geometry": {
        "type": "Point",
        "coordinates": [
          1.9872280256830617,
          41.26400799344286
        ]
      },
      "properties": {
        "date": "2025-01-01"
      }
    },
    {
      "type": "Feature",
      "geometry": {
        "type": "Point",
        "coordinates": [
          1.9872510991803294,
          41.26400799344286
        ]
      },
      "properties": {
        "date": "2025-01-01"
      }
    },
    {
      "type": "Feature",
      "geometry": {
        "type": "Point",
        "coordinates": [
          1.987274172677597,
          41.26400799344286
        ]
      },
      "properties": {
        "date": "2025-01-01"
      }
    },
    {
      "type": "Feature",
      "geometry": {
        "type": "Point",
        "coordinates": [
          1.9872972461748648,
          41.26400799344286
        ]
      },
      "properties": {
        "date": "2025-01-01"
      }
    },
    {
      "type": "Feature",
      "geometry": {
        "type": "Point",
        "coordinates": [
          1.9873203196721327,
          41.26400799344286
        ]
      },
      "properties": {
        "date": "2025-01-01"
      }
    },
    {
      "type": "Feature",
      "geometry": {
        "type": "Point",
        "coordinates": [
          1.9873433931694005,
          41.26400799344286
        ]
      },
      "properties": {
        "date": "2025-01-01"
      }
    },
    {
      "type": "Feature",
      "geometry": {
        "type": "Point",
        "coordinates": [
          1.9873664666666682,
          41.26400799344286
        ]
      },
      "properties": {
        "date": "2025-01-01"
      }
    },
    {
      "type": "Feature",
      "geometry": {
        "type": "Point",
        "coordinates": [
          1.9873895401639359,
          41.26400799344286
        ]
      },
      "properties": {
        "date": "2025-01-01"
      }
    },
    {
      "type": "Feature",
      "geometry": {
        "type": "Point",
        "coordinates": [
          1.9874126136612036,
          41.26400799344286
        ]
      },
      "properties": {
        "date": "2025-01-01"
      }
    },
    {
      "type": "Feature",
      "geometry": {
        "type": "Point",
        "coordinates": [
          1.9874356871584715,
          41.26400799344286
        ]
      },
      "properties": {
        "date": "2025-01-01"
      }
    },
    {
      "type": "Feature",
      "geometry": {
        "type": "Point",
        "coordinates": [
          1.9874587606557392,
          41.26400799344286
        ]
      },
      "properties": {
        "date": "2025-01-01"
      }
    },
    {
      "type": "Feature",
      "geometry": {
        "type": "Point",
        "coordinates": [
          1.987481834153007,
          41.26400799344286
        ]
      },
      "properties": {
        "date": "2025-01-01"
      }
    },
    {
      "type": "Feature",
      "geometry": {
        "type": "Point",
        "coordinates": [
          1.9875049076502747,
          41.26400799344286
        ]
      },
      "properties": {
        "date": "2025-01-01"
      }
    },
    {
      "type": "Feature",
      "geometry": {
        "type": "Point",
        "coordinates": [
          1.9875279811475424,
          41.26400799344286
        ]
      },
      "properties": {
        "date": "2025-01-01"
      }
    },
    {
      "type": "Feature",
      "geometry": {
        "type": "Point",
        "coordinates": [
          1.9875510546448103,
          41.26400799344286
        ]
      },
      "properties": {
        "date": "2025-01-01"
      }
    },
    {
      "type": "Feature",
      "geometry": {
        "type": "Point",
        "coordinates": [
          1.987574128142078,
          41.26400799344286
        ]
      },
      "properties": {
        "date": "2025-01-01"
      }
    },
    {
      "type": "Feature",
      "geometry": {
        "type": "Point",
        "coordinates": [
          1.9875972016393457,
          41.26400799344286
        ]
      },
      "properties": {
        "date": "2025-01-01"
      }
    },
    {
      "type": "Feature",
      "geometry": {
        "type": "Point",
        "coordinates": [
          1.9876202751366134,
          41.26400799344286
        ]
      },
      "properties": {
        "date": "2025-01-01"
      }
    },
    {
      "type": "Feature",
      "geometry": {
        "type": "Point",
        "coordinates": [
          1.9876433486338814,
          41.26400799344286
        ]
      },
      "properties": {
        "date": "2025-01-01"
      }
    },
    {
      "type": "Feature",
      "geometry": {
        "type": "Point",
        "coordinates": [
          1.987666422131149,
          41.26400799344286
        ]
      },
      "properties": {
        "date": "2025-01-01"
      }
    },
    {
      "type": "Feature",
      "geometry": {
        "type": "Point",
        "coordinates": [
          1.9876894956284168,
          41.26400799344286
        ]
      },
      "properties": {
        "date": "2025-01-01"
      }
    },
    {
      "type": "Feature",
      "geometry": {
        "type": "Point",
        "coordinates": [
          1.9877125691256845,
          41.26400799344286
        ]
      },
      "properties": {
        "date": "2025-01-01"
      }
    },
    {
      "type": "Feature",
      "geometry": {
        "type": "Point",
        "coordinates": [
          1.9877356426229522,
          41.26400799344286
        ]
      },
      "properties": {
        "date": "2025-01-01"
      }
    },
    {
      "type": "Feature",
      "geometry": {
        "type": "Point",
        "coordinates": [
          1.9877587161202201,
          41.26400799344286
        ]
      },
      "properties": {
        "date": "2025-01-01"
      }
    },
    {
      "type": "Feature",
      "geometry": {
        "type": "Point",
        "coordinates": [
          1.9880125245901654,
          41.26400799344286
        ]
      },
      "properties": {
        "date": "2025-01-01"
      }
    },
    {
      "type": "Feature",
      "geometry": {
        "type": "Point",
        "coordinates": [
          1.9880355980874331,
          41.26400799344286
        ]
      },
      "properties": {
        "date": "2025-01-01"
      }
    },
    {
      "type": "Feature",
      "geometry": {
        "type": "Point",
        "coordinates": [
          1.9880586715847008,
          41.26400799344286
        ]
      },
      "properties": {
        "date": "2025-01-01"
      }
    },
    {
      "type": "Feature",
      "geometry": {
        "type": "Point",
        "coordinates": [
          1.9880817450819688,
          41.26400799344286
        ]
      },
      "properties": {
        "date": "2025-01-01"
      }
    },
    {
      "type": "Feature",
      "geometry": {
        "type": "Point",
        "coordinates": [
          1.9881048185792365,
          41.26400799344286
        ]
      },
      "properties": {
        "date": "2025-01-01"
      }
    },
    {
      "type": "Feature",
      "geometry": {
        "type": "Point",
        "coordinates": [
          1.9892123464480889,
          41.26400799344286
        ]
      },
      "properties": {
        "date": "2025-01-01"
      }
    },
    {
      "type": "Feature",
      "geometry": {
        "type": "Point",
        "coordinates": [
          1.9892354199453566,
          41.26400799344286
        ]
      },
      "properties": {
        "date": "2025-01-01"
      }
    },
    {
      "type": "Feature",
      "geometry": {
        "type": "Point",
        "coordinates": [
          1.9892584934426245,
          41.26400799344286
        ]
      },
      "properties": {
        "date": "2025-01-01"
      }
    },
    {
      "type": "Feature",
      "geometry": {
        "type": "Point",
        "coordinates": [
          1.9892815669398922,
          41.26400799344286
        ]
      },
      "properties": {
        "date": "2025-01-01"
      }
    },
    {
      "type": "Feature",
      "geometry": {
        "type": "Point",
        "coordinates": [
          1.98930464043716,
          41.26400799344286
        ]
      },
      "properties": {
        "date": "2025-01-01"
      }
    },
    {
      "type": "Feature",
      "geometry": {
        "type": "Point",
        "coordinates": [
          1.9895584489071052,
          41.26400799344286
        ]
      },
      "properties": {
        "date": "2025-01-01"
      }
    },
    {
      "type": "Feature",
      "geometry": {
        "type": "Point",
        "coordinates": [
          1.9895815224043731,
          41.26400799344286
        ]
      },
      "properties": {
        "date": "2025-01-01"
      }
    },
    {
      "type": "Feature",
      "geometry": {
        "type": "Point",
        "coordinates": [
          1.9896045959016408,
          41.26400799344286
        ]
      },
      "properties": {
        "date": "2025-01-01"
      }
    },
    {
      "type": "Feature",
      "geometry": {
        "type": "Point",
        "coordinates": [
          1.9896276693989086,
          41.26400799344286
        ]
      },
      "properties": {
        "date": "2025-01-01"
      }
    },
    {
      "type": "Feature",
      "geometry": {
        "type": "Point",
        "coordinates": [
          1.9896507428961763,
          41.26400799344286
        ]
      },
      "properties": {
        "date": "2025-01-01"
      }
    },
    {
      "type": "Feature",
      "geometry": {
        "type": "Point",
        "coordinates": [
          1.9896738163934442,
          41.26400799344286
        ]
      },
      "properties": {
        "date": "2025-01-01"
      }
    },
    {
      "type": "Feature",
      "geometry": {
        "type": "Point",
        "coordinates": [
          1.989696889890712,
          41.26400799344286
        ]
      },
      "properties": {
        "date": "2025-01-01"
      }
    },
    {
      "type": "Feature",
      "geometry": {
        "type": "Point",
        "coordinates": [
          1.9897199633879796,
          41.26400799344286
        ]
      },
      "properties": {
        "date": "2025-01-01"
      }
    },
    {
      "type": "Feature",
      "geometry": {
        "type": "Point",
        "coordinates": [
          1.9897430368852473,
          41.26400799344286
        ]
      },
      "properties": {
        "date": "2025-01-01"
      }
    },
    {
      "type": "Feature",
      "geometry": {
        "type": "Point",
        "coordinates": [
          1.989766110382515,
          41.26400799344286
        ]
      },
      "properties": {
        "date": "2025-01-01"
      }
    },
    {
      "type": "Feature",
      "geometry": {
        "type": "Point",
        "coordinates": [
          1.989789183879783,
          41.26400799344286
        ]
      },
      "properties": {
        "date": "2025-01-01"
      }
    },
    {
      "type": "Feature",
      "geometry": {
        "type": "Point",
        "coordinates": [
          1.9898122573770507,
          41.26400799344286
        ]
      },
      "properties": {
        "date": "2025-01-01"
      }
    },
    {
      "type": "Feature",
      "geometry": {
        "type": "Point",
        "coordinates": [
          1.9898353308743184,
          41.26400799344286
        ]
      },
      "properties": {
        "date": "2025-01-01"
      }
    },
    {
      "type": "Feature",
      "geometry": {
        "type": "Point",
        "coordinates": [
          1.9898584043715861,
          41.26400799344286
        ]
      },
      "properties": {
        "date": "2025-01-01"
      }
    },
    {
      "type": "Feature",
      "geometry": {
        "type": "Point",
        "coordinates": [
          1.9898814778688538,
          41.26400799344286
        ]
      },
      "properties": {
        "date": "2025-01-01"
      }
    },
    {
      "type": "Feature",
      "geometry": {
        "type": "Point",
        "coordinates": [
          1.9899045513661218,
          41.26400799344286
        ]
      },
      "properties": {
        "date": "2025-01-01"
      }
    },
    {
      "type": "Feature",
      "geometry": {
        "type": "Point",
        "coordinates": [
          1.9899276248633895,
          41.26400799344286
        ]
      },
      "properties": {
        "date": "2025-01-01"
      }
    },
    {
      "type": "Feature",
      "geometry": {
        "type": "Point",
        "coordinates": [
          1.9899506983606572,
          41.26400799344286
        ]
      },
      "properties": {
        "date": "2025-01-01"
      }
    },
    {
      "type": "Feature",
      "geometry": {
        "type": "Point",
        "coordinates": [
          1.989973771857925,
          41.26400799344286
        ]
      },
      "properties": {
        "date": "2025-01-01"
      }
    },
    {
      "type": "Feature",
      "geometry": {
        "type": "Point",
        "coordinates": [
          1.9899968453551928,
          41.26400799344286
        ]
      },
      "properties": {
        "date": "2025-01-01"
      }
    },
    {
      "type": "Feature",
      "geometry": {
        "type": "Point",
        "coordinates": [
          1.9900199188524605,
          41.26400799344286
        ]
      },
      "properties": {
        "date": "2025-01-01"
      }
    },
    {
      "type": "Feature",
      "geometry": {
        "type": "Point",
        "coordinates": [
          1.9900429923497283,
          41.26400799344286
        ]
      },
      "properties": {
        "date": "2025-01-01"
      }
    },
    {
      "type": "Feature",
      "geometry": {
        "type": "Point",
        "coordinates": [
          1.990066065846996,
          41.26400799344286
        ]
      },
      "properties": {
        "date": "2025-01-01"
      }
    },
    {
      "type": "Feature",
      "geometry": {
        "type": "Point",
        "coordinates": [
          1.9900891393442637,
          41.26400799344286
        ]
      },
      "properties": {
        "date": "2025-01-01"
      }
    },
    {
      "type": "Feature",
      "geometry": {
        "type": "Point",
        "coordinates": [
          1.9901122128415316,
          41.26400799344286
        ]
      },
      "properties": {
        "date": "2025-01-01"
      }
    },
    {
      "type": "Feature",
      "geometry": {
        "type": "Point",
        "coordinates": [
          1.9901352863387993,
          41.26400799344286
        ]
      },
      "properties": {
        "date": "2025-01-01"
      }
    },
    {
      "type": "Feature",
      "geometry": {
        "type": "Point",
        "coordinates": [
          1.990158359836067,
          41.26400799344286
        ]
      },
      "properties": {
        "date": "2025-01-01"
      }
    },
    {
      "type": "Feature",
      "geometry": {
        "type": "Point",
        "coordinates": [
          1.9901814333333347,
          41.26400799344286
        ]
      },
      "properties": {
        "date": "2025-01-01"
      }
    },
    {
      "type": "Feature",
      "geometry": {
        "type": "Point",
        "coordinates": [
          1.9902045068306025,
          41.26400799344286
        ]
      },
      "properties": {
        "date": "2025-01-01"
      }
    },
    {
      "type": "Feature",
      "geometry": {
        "type": "Point",
        "coordinates": [
          1.9902275803278704,
          41.26400799344286
        ]
      },
      "properties": {
        "date": "2025-01-01"
      }
    },
    {
      "type": "Feature",
      "geometry": {
        "type": "Point",
        "coordinates": [
          1.990250653825138,
          41.26400799344286
        ]
      },
      "properties": {
        "date": "2025-01-01"
      }
    },
    {
      "type": "Feature",
      "geometry": {
        "type": "Point",
        "coordinates": [
          1.9902737273224058,
          41.26400799344286
        ]
      },
      "properties": {
        "date": "2025-01-01"
      }
    },
    {
      "type": "Feature",
      "geometry": {
        "type": "Point",
        "coordinates": [
          1.9902968008196735,
          41.26400799344286
        ]
      },
      "properties": {
        "date": "2025-01-01"
      }
    },
    {
      "type": "Feature",
      "geometry": {
        "type": "Point",
        "coordinates": [
          1.9903198743169415,
          41.26400799344286
        ]
      },
      "properties": {
        "date": "2025-01-01"
      }
    },
    {
      "type": "Feature",
      "geometry": {
        "type": "Point",
        "coordinates": [
          1.9903429478142092,
          41.26400799344286
        ]
      },
      "properties": {
        "date": "2025-01-01"
      }
    },
    {
      "type": "Feature",
      "geometry": {
        "type": "Point",
        "coordinates": [
          1.9903660213114769,
          41.26400799344286
        ]
      },
      "properties": {
        "date": "2025-01-01"
      }
    },
    {
      "type": "Feature",
      "geometry": {
        "type": "Point",
        "coordinates": [
          1.9903890948087446,
          41.26400799344286
        ]
      },
      "properties": {
        "date": "2025-01-01"
      }
    },
    {
      "type": "Feature",
      "geometry": {
        "type": "Point",
        "coordinates": [
          1.9904121683060123,
          41.26400799344286
        ]
      },
      "properties": {
        "date": "2025-01-01"
      }
    },
    {
      "type": "Feature",
      "geometry": {
        "type": "Point",
        "coordinates": [
          1.9904352418032802,
          41.26400799344286
        ]
      },
      "properties": {
        "date": "2025-01-01"
      }
    },
    {
      "type": "Feature",
      "geometry": {
        "type": "Point",
        "coordinates": [
          1.990458315300548,
          41.26400799344286
        ]
      },
      "properties": {
        "date": "2025-01-01"
      }
    },
    {
      "type": "Feature",
      "geometry": {
        "type": "Point",
        "coordinates": [
          1.9904813887978157,
          41.26400799344286
        ]
      },
      "properties": {
        "date": "2025-01-01"
      }
    },
    {
      "type": "Feature",
      "geometry": {
        "type": "Point",
        "coordinates": [
          1.9905044622950834,
          41.26400799344286
        ]
      },
      "properties": {
        "date": "2025-01-01"
      }
    },
    {
      "type": "Feature",
      "geometry": {
        "type": "Point",
        "coordinates": [
          1.990527535792351,
          41.26400799344286
        ]
      },
      "properties": {
        "date": "2025-01-01"
      }
    },
    {
      "type": "Feature",
      "geometry": {
        "type": "Point",
        "coordinates": [
          1.990550609289619,
          41.26400799344286
        ]
      },
      "properties": {
        "date": "2025-01-01"
      }
    },
    {
      "type": "Feature",
      "geometry": {
        "type": "Point",
        "coordinates": [
          1.9905736827868867,
          41.26400799344286
        ]
      },
      "properties": {
        "date": "2025-01-01"
      }
    },
    {
      "type": "Feature",
      "geometry": {
        "type": "Point",
        "coordinates": [
          1.9905967562841544,
          41.26400799344286
        ]
      },
      "properties": {
        "date": "2025-01-01"
      }
    },
    {
      "type": "Feature",
      "geometry": {
        "type": "Point",
        "coordinates": [
          1.9906198297814222,
          41.26400799344286
        ]
      },
      "properties": {
        "date": "2025-01-01"
      }
    },
    {
      "type": "Feature",
      "geometry": {
        "type": "Point",
        "coordinates": [
          1.99064290327869,
          41.26400799344286
        ]
      },
      "properties": {
        "date": "2025-01-01"
      }
    },
    {
      "type": "Feature",
      "geometry": {
        "type": "Point",
        "coordinates": [
          1.9906659767759578,
          41.26400799344286
        ]
      },
      "properties": {
        "date": "2025-01-01"
      }
    },
    {
      "type": "Feature",
      "geometry": {
        "type": "Point",
        "coordinates": [
          1.9906890502732255,
          41.26400799344286
        ]
      },
      "properties": {
        "date": "2025-01-01"
      }
    },
    {
      "type": "Feature",
      "geometry": {
        "type": "Point",
        "coordinates": [
          1.9907121237704932,
          41.26400799344286
        ]
      },
      "properties": {
        "date": "2025-01-01"
      }
    },
    {
      "type": "Feature",
      "geometry": {
        "type": "Point",
        "coordinates": [
          1.990735197267761,
          41.26400799344286
        ]
      },
      "properties": {
        "date": "2025-01-01"
      }
    },
    {
      "type": "Feature",
      "geometry": {
        "type": "Point",
        "coordinates": [
          1.9907582707650289,
          41.26400799344286
        ]
      },
      "properties": {
        "date": "2025-01-01"
      }
    },
    {
      "type": "Feature",
      "geometry": {
        "type": "Point",
        "coordinates": [
          1.9907813442622966,
          41.26400799344286
        ]
      },
      "properties": {
        "date": "2025-01-01"
      }
    },
    {
      "type": "Feature",
      "geometry": {
        "type": "Point",
        "coordinates": [
          1.9908044177595643,
          41.26400799344286
        ]
      },
      "properties": {
        "date": "2025-01-01"
      }
    },
    {
      "type": "Feature",
      "geometry": {
        "type": "Point",
        "coordinates": [
          1.990827491256832,
          41.26400799344286
        ]
      },
      "properties": {
        "date": "2025-01-01"
      }
    },
    {
      "type": "Feature",
      "geometry": {
        "type": "Point",
        "coordinates": [
          1.9908505647541,
          41.26400799344286
        ]
      },
      "properties": {
        "date": "2025-01-01"
      }
    },
    {
      "type": "Feature",
      "geometry": {
        "type": "Point",
        "coordinates": [
          1.9908736382513676,
          41.26400799344286
        ]
      },
      "properties": {
        "date": "2025-01-01"
      }
    },
    {
      "type": "Feature",
      "geometry": {
        "type": "Point",
        "coordinates": [
          1.9908967117486354,
          41.26400799344286
        ]
      },
      "properties": {
        "date": "2025-01-01"
      }
    },
    {
      "type": "Feature",
      "geometry": {
        "type": "Point",
        "coordinates": [
          1.990919785245903,
          41.26400799344286
        ]
      },
      "properties": {
        "date": "2025-01-01"
      }
    },
    {
      "type": "Feature",
      "geometry": {
        "type": "Point",
        "coordinates": [
          1.9909428587431708,
          41.26400799344286
        ]
      },
      "properties": {
        "date": "2025-01-01"
      }
    },
    {
      "type": "Feature",
      "geometry": {
        "type": "Point",
        "coordinates": [
          1.9909659322404387,
          41.26400799344286
        ]
      },
      "properties": {
        "date": "2025-01-01"
      }
    },
    {
      "type": "Feature",
      "geometry": {
        "type": "Point",
        "coordinates": [
          1.9909890057377064,
          41.26400799344286
        ]
      },
      "properties": {
        "date": "2025-01-01"
      }
    },
    {
      "type": "Feature",
      "geometry": {
        "type": "Point",
        "coordinates": [
          1.9910120792349741,
          41.26400799344286
        ]
      },
      "properties": {
        "date": "2025-01-01"
      }
    },
    {
      "type": "Feature",
      "geometry": {
        "type": "Point",
        "coordinates": [
          1.9910351527322419,
          41.26400799344286
        ]
      },
      "properties": {
        "date": "2025-01-01"
      }
    },
    {
      "type": "Feature",
      "geometry": {
        "type": "Point",
        "coordinates": [
          1.9910582262295096,
          41.26400799344286
        ]
      },
      "properties": {
        "date": "2025-01-01"
      }
    },
    {
      "type": "Feature",
      "geometry": {
        "type": "Point",
        "coordinates": [
          1.9910812997267775,
          41.26400799344286
        ]
      },
      "properties": {
        "date": "2025-01-01"
      }
    },
    {
      "type": "Feature",
      "geometry": {
        "type": "Point",
        "coordinates": [
          1.9911043732240452,
          41.26400799344286
        ]
      },
      "properties": {
        "date": "2025-01-01"
      }
    },
    {
      "type": "Feature",
      "geometry": {
        "type": "Point",
        "coordinates": [
          1.991127446721313,
          41.26400799344286
        ]
      },
      "properties": {
        "date": "2025-01-01"
      }
    },
    {
      "type": "Feature",
      "geometry": {
        "type": "Point",
        "coordinates": [
          1.9911505202185806,
          41.26400799344286
        ]
      },
      "properties": {
        "date": "2025-01-01"
      }
    },
    {
      "type": "Feature",
      "geometry": {
        "type": "Point",
        "coordinates": [
          1.9911735937158486,
          41.26400799344286
        ]
      },
      "properties": {
        "date": "2025-01-01"
      }
    },
    {
      "type": "Feature",
      "geometry": {
        "type": "Point",
        "coordinates": [
          1.9911966672131163,
          41.26400799344286
        ]
      },
      "properties": {
        "date": "2025-01-01"
      }
    },
    {
      "type": "Feature",
      "geometry": {
        "type": "Point",
        "coordinates": [
          1.991219740710384,
          41.26400799344286
        ]
      },
      "properties": {
        "date": "2025-01-01"
      }
    },
    {
      "type": "Feature",
      "geometry": {
        "type": "Point",
        "coordinates": [
          1.9912428142076517,
          41.26400799344286
        ]
      },
      "properties": {
        "date": "2025-01-01"
      }
    },
    {
      "type": "Feature",
      "geometry": {
        "type": "Point",
        "coordinates": [
          1.9912658877049194,
          41.26400799344286
        ]
      },
      "properties": {
        "date": "2025-01-01"
      }
    },
    {
      "type": "Feature",
      "geometry": {
        "type": "Point",
        "coordinates": [
          1.9912889612021873,
          41.26400799344286
        ]
      },
      "properties": {
        "date": "2025-01-01"
      }
    },
    {
      "type": "Feature",
      "geometry": {
        "type": "Point",
        "coordinates": [
          1.991312034699455,
          41.26400799344286
        ]
      },
      "properties": {
        "date": "2025-01-01"
      }
    },
    {
      "type": "Feature",
      "geometry": {
        "type": "Point",
        "coordinates": [
          1.9913351081967228,
          41.26400799344286
        ]
      },
      "properties": {
        "date": "2025-01-01"
      }
    },
    {
      "type": "Feature",
      "geometry": {
        "type": "Point",
        "coordinates": [
          1.9913581816939905,
          41.26400799344286
        ]
      },
      "properties": {
        "date": "2025-01-01"
      }
    },
    {
      "type": "Feature",
      "geometry": {
        "type": "Point",
        "coordinates": [
          1.9913812551912582,
          41.26400799344286
        ]
      },
      "properties": {
        "date": "2025-01-01"
      }
    },
    {
      "type": "Feature",
      "geometry": {
        "type": "Point",
        "coordinates": [
          1.9914043286885261,
          41.26400799344286
        ]
      },
      "properties": {
        "date": "2025-01-01"
      }
    },
    {
      "type": "Feature",
      "geometry": {
        "type": "Point",
        "coordinates": [
          1.9914274021857938,
          41.26400799344286
        ]
      },
      "properties": {
        "date": "2025-01-01"
      }
    },
    {
      "type": "Feature",
      "geometry": {
        "type": "Point",
        "coordinates": [
          1.9914504756830615,
          41.26400799344286
        ]
      },
      "properties": {
        "date": "2025-01-01"
      }
    },
    {
      "type": "Feature",
      "geometry": {
        "type": "Point",
        "coordinates": [
          1.9914735491803293,
          41.26400799344286
        ]
      },
      "properties": {
        "date": "2025-01-01"
      }
    },
    {
      "type": "Feature",
      "geometry": {
        "type": "Point",
        "coordinates": [
          1.9914966226775972,
          41.26400799344286
        ]
      },
      "properties": {
        "date": "2025-01-01"
      }
    },
    {
      "type": "Feature",
      "geometry": {
        "type": "Point",
        "coordinates": [
          1.991519696174865,
          41.26400799344286
        ]
      },
      "properties": {
        "date": "2025-01-01"
      }
    },
    {
      "type": "Feature",
      "geometry": {
        "type": "Point",
        "coordinates": [
          1.9915427696721326,
          41.26400799344286
        ]
      },
      "properties": {
        "date": "2025-01-01"
      }
    },
    {
      "type": "Feature",
      "geometry": {
        "type": "Point",
        "coordinates": [
          1.9915658431694003,
          41.26400799344286
        ]
      },
      "properties": {
        "date": "2025-01-01"
      }
    },
    {
      "type": "Feature",
      "geometry": {
        "type": "Point",
        "coordinates": [
          1.991588916666668,
          41.26400799344286
        ]
      },
      "properties": {
        "date": "2025-01-01"
      }
    },
    {
      "type": "Feature",
      "geometry": {
        "type": "Point",
        "coordinates": [
          1.991611990163936,
          41.26400799344286
        ]
      },
      "properties": {
        "date": "2025-01-01"
      }
    },
    {
      "type": "Feature",
      "geometry": {
        "type": "Point",
        "coordinates": [
          1.9916350636612037,
          41.26400799344286
        ]
      },
      "properties": {
        "date": "2025-01-01"
      }
    },
    {
      "type": "Feature",
      "geometry": {
        "type": "Point",
        "coordinates": [
          1.9916581371584714,
          41.26400799344286
        ]
      },
      "properties": {
        "date": "2025-01-01"
      }
    },
    {
      "type": "Feature",
      "geometry": {
        "type": "Point",
        "coordinates": [
          1.991681210655739,
          41.26400799344286
        ]
      },
      "properties": {
        "date": "2025-01-01"
      }
    },
    {
      "type": "Feature",
      "geometry": {
        "type": "Point",
        "coordinates": [
          1.9917042841530068,
          41.26400799344286
        ]
      },
      "properties": {
        "date": "2025-01-01"
      }
    },
    {
      "type": "Feature",
      "geometry": {
        "type": "Point",
        "coordinates": [
          1.9917273576502748,
          41.26400799344286
        ]
      },
      "properties": {
        "date": "2025-01-01"
      }
    },
    {
      "type": "Feature",
      "geometry": {
        "type": "Point",
        "coordinates": [
          1.9917504311475425,
          41.26400799344286
        ]
      },
      "properties": {
        "date": "2025-01-01"
      }
    },
    {
      "type": "Feature",
      "geometry": {
        "type": "Point",
        "coordinates": [
          1.9917735046448102,
          41.26400799344286
        ]
      },
      "properties": {
        "date": "2025-01-01"
      }
    },
    {
      "type": "Feature",
      "geometry": {
        "type": "Point",
        "coordinates": [
          1.991796578142078,
          41.26400799344286
        ]
      },
      "properties": {
        "date": "2025-01-01"
      }
    },
    {
      "type": "Feature",
      "geometry": {
        "type": "Point",
        "coordinates": [
          1.9918196516393458,
          41.26400799344286
        ]
      },
      "properties": {
        "date": "2025-01-01"
      }
    },
    {
      "type": "Feature",
      "geometry": {
        "type": "Point",
        "coordinates": [
          1.9918427251366135,
          41.26400799344286
        ]
      },
      "properties": {
        "date": "2025-01-01"
      }
    },
    {
      "type": "Feature",
      "geometry": {
        "type": "Point",
        "coordinates": [
          1.9918657986338812,
          41.26400799344286
        ]
      },
      "properties": {
        "date": "2025-01-01"
      }
    },
    {
      "type": "Feature",
      "geometry": {
        "type": "Point",
        "coordinates": [
          1.991888872131149,
          41.26400799344286
        ]
      },
      "properties": {
        "date": "2025-01-01"
      }
    },
    {
      "type": "Feature",
      "geometry": {
        "type": "Point",
        "coordinates": [
          1.9919119456284167,
          41.26400799344286
        ]
      },
      "properties": {
        "date": "2025-01-01"
      }
    },
    {
      "type": "Feature",
      "geometry": {
        "type": "Point",
        "coordinates": [
          1.9919350191256846,
          41.26400799344286
        ]
      },
      "properties": {
        "date": "2025-01-01"
      }
    },
    {
      "type": "Feature",
      "geometry": {
        "type": "Point",
        "coordinates": [
          1.953033102732242,
          41.26394808843375
        ]
      },
      "properties": {
        "date": "2025-01-01"
      }
    },
    {
      "type": "Feature",
      "geometry": {
        "type": "Point",
        "coordinates": [
          1.9530561762295098,
          41.26394808843375
        ]
      },
      "properties": {
        "date": "2025-01-01"
      }
    },
    {
      "type": "Feature",
      "geometry": {
        "type": "Point",
        "coordinates": [
          1.9530792497267777,
          41.26394808843375
        ]
      },
      "properties": {
        "date": "2025-01-01"
      }
    },
    {
      "type": "Feature",
      "geometry": {
        "type": "Point",
        "coordinates": [
          1.9531023232240454,
          41.26394808843375
        ]
      },
      "properties": {
        "date": "2025-01-01"
      }
    },
    {
      "type": "Feature",
      "geometry": {
        "type": "Point",
        "coordinates": [
          1.9531253967213131,
          41.26394808843375
        ]
      },
      "properties": {
        "date": "2025-01-01"
      }
    },
    {
      "type": "Feature",
      "geometry": {
        "type": "Point",
        "coordinates": [
          1.9534022786885263,
          41.26394808843375
        ]
      },
      "properties": {
        "date": "2025-01-01"
      }
    },
    {
      "type": "Feature",
      "geometry": {
        "type": "Point",
        "coordinates": [
          1.953425352185794,
          41.26394808843375
        ]
      },
      "properties": {
        "date": "2025-01-01"
      }
    },
    {
      "type": "Feature",
      "geometry": {
        "type": "Point",
        "coordinates": [
          1.9534484256830618,
          41.26394808843375
        ]
      },
      "properties": {
        "date": "2025-01-01"
      }
    },
    {
      "type": "Feature",
      "geometry": {
        "type": "Point",
        "coordinates": [
          1.9534714991803295,
          41.26394808843375
        ]
      },
      "properties": {
        "date": "2025-01-01"
      }
    },
    {
      "type": "Feature",
      "geometry": {
        "type": "Point",
        "coordinates": [
          1.9534945726775974,
          41.26394808843375
        ]
      },
      "properties": {
        "date": "2025-01-01"
      }
    },
    {
      "type": "Feature",
      "geometry": {
        "type": "Point",
        "coordinates": [
          1.9535176461748651,
          41.26394808843375
        ]
      },
      "properties": {
        "date": "2025-01-01"
      }
    },
    {
      "type": "Feature",
      "geometry": {
        "type": "Point",
        "coordinates": [
          1.9535407196721328,
          41.26394808843375
        ]
      },
      "properties": {
        "date": "2025-01-01"
      }
    },
    {
      "type": "Feature",
      "geometry": {
        "type": "Point",
        "coordinates": [
          1.9535637931694005,
          41.26394808843375
        ]
      },
      "properties": {
        "date": "2025-01-01"
      }
    },
    {
      "type": "Feature",
      "geometry": {
        "type": "Point",
        "coordinates": [
          1.9535868666666683,
          41.26394808843375
        ]
      },
      "properties": {
        "date": "2025-01-01"
      }
    },
    {
      "type": "Feature",
      "geometry": {
        "type": "Point",
        "coordinates": [
          1.9536099401639362,
          41.26394808843375
        ]
      },
      "properties": {
        "date": "2025-01-01"
      }
    },
    {
      "type": "Feature",
      "geometry": {
        "type": "Point",
        "coordinates": [
          1.953633013661204,
          41.26394808843375
        ]
      },
      "properties": {
        "date": "2025-01-01"
      }
    },
    {
      "type": "Feature",
      "geometry": {
        "type": "Point",
        "coordinates": [
          1.9536560871584716,
          41.26394808843375
        ]
      },
      "properties": {
        "date": "2025-01-01"
      }
    },
    {
      "type": "Feature",
      "geometry": {
        "type": "Point",
        "coordinates": [
          1.9536791606557393,
          41.26394808843375
        ]
      },
      "properties": {
        "date": "2025-01-01"
      }
    },
    {
      "type": "Feature",
      "geometry": {
        "type": "Point",
        "coordinates": [
          1.953702234153007,
          41.26394808843375
        ]
      },
      "properties": {
        "date": "2025-01-01"
      }
    },
    {
      "type": "Feature",
      "geometry": {
        "type": "Point",
        "coordinates": [
          1.953725307650275,
          41.26394808843375
        ]
      },
      "properties": {
        "date": "2025-01-01"
      }
    },
    {
      "type": "Feature",
      "geometry": {
        "type": "Point",
        "coordinates": [
          1.9537483811475427,
          41.26394808843375
        ]
      },
      "properties": {
        "date": "2025-01-01"
      }
    },
    {
      "type": "Feature",
      "geometry": {
        "type": "Point",
        "coordinates": [
          1.9537714546448104,
          41.26394808843375
        ]
      },
      "properties": {
        "date": "2025-01-01"
      }
    },
    {
      "type": "Feature",
      "geometry": {
        "type": "Point",
        "coordinates": [
          1.953794528142078,
          41.26394808843375
        ]
      },
      "properties": {
        "date": "2025-01-01"
      }
    },
    {
      "type": "Feature",
      "geometry": {
        "type": "Point",
        "coordinates": [
          1.953817601639346,
          41.26394808843375
        ]
      },
      "properties": {
        "date": "2025-01-01"
      }
    },
    {
      "type": "Feature",
      "geometry": {
        "type": "Point",
        "coordinates": [
          1.9538406751366137,
          41.26394808843375
        ]
      },
      "properties": {
        "date": "2025-01-01"
      }
    },
    {
      "type": "Feature",
      "geometry": {
        "type": "Point",
        "coordinates": [
          1.9538637486338815,
          41.26394808843375
        ]
      },
      "properties": {
        "date": "2025-01-01"
      }
    },
    {
      "type": "Feature",
      "geometry": {
        "type": "Point",
        "coordinates": [
          1.9538868221311492,
          41.26394808843375
        ]
      },
      "properties": {
        "date": "2025-01-01"
      }
    },
    {
      "type": "Feature",
      "geometry": {
        "type": "Point",
        "coordinates": [
          1.9539098956284169,
          41.26394808843375
        ]
      },
      "properties": {
        "date": "2025-01-01"
      }
    },
    {
      "type": "Feature",
      "geometry": {
        "type": "Point",
        "coordinates": [
          1.9539329691256848,
          41.26394808843375
        ]
      },
      "properties": {
        "date": "2025-01-01"
      }
    },
    {
      "type": "Feature",
      "geometry": {
        "type": "Point",
        "coordinates": [
          1.9539560426229525,
          41.26394808843375
        ]
      },
      "properties": {
        "date": "2025-01-01"
      }
    },
    {
      "type": "Feature",
      "geometry": {
        "type": "Point",
        "coordinates": [
          1.9539791161202202,
          41.26394808843375
        ]
      },
      "properties": {
        "date": "2025-01-01"
      }
    },
    {
      "type": "Feature",
      "geometry": {
        "type": "Point",
        "coordinates": [
          1.954002189617488,
          41.26394808843375
        ]
      },
      "properties": {
        "date": "2025-01-01"
      }
    },
    {
      "type": "Feature",
      "geometry": {
        "type": "Point",
        "coordinates": [
          1.9540252631147557,
          41.26394808843375
        ]
      },
      "properties": {
        "date": "2025-01-01"
      }
    },
    {
      "type": "Feature",
      "geometry": {
        "type": "Point",
        "coordinates": [
          1.9540483366120236,
          41.26394808843375
        ]
      },
      "properties": {
        "date": "2025-01-01"
      }
    },
    {
      "type": "Feature",
      "geometry": {
        "type": "Point",
        "coordinates": [
          1.9540714101092913,
          41.26394808843375
        ]
      },
      "properties": {
        "date": "2025-01-01"
      }
    },
    {
      "type": "Feature",
      "geometry": {
        "type": "Point",
        "coordinates": [
          1.954094483606559,
          41.26394808843375
        ]
      },
      "properties": {
        "date": "2025-01-01"
      }
    },
    {
      "type": "Feature",
      "geometry": {
        "type": "Point",
        "coordinates": [
          1.9541175571038267,
          41.26394808843375
        ]
      },
      "properties": {
        "date": "2025-01-01"
      }
    },
    {
      "type": "Feature",
      "geometry": {
        "type": "Point",
        "coordinates": [
          1.9541406306010947,
          41.26394808843375
        ]
      },
      "properties": {
        "date": "2025-01-01"
      }
    },
    {
      "type": "Feature",
      "geometry": {
        "type": "Point",
        "coordinates": [
          1.9541637040983624,
          41.26394808843375
        ]
      },
      "properties": {
        "date": "2025-01-01"
      }
    },
    {
      "type": "Feature",
      "geometry": {
        "type": "Point",
        "coordinates": [
          1.95418677759563,
          41.26394808843375
        ]
      },
      "properties": {
        "date": "2025-01-01"
      }
    },
    {
      "type": "Feature",
      "geometry": {
        "type": "Point",
        "coordinates": [
          1.9542098510928978,
          41.26394808843375
        ]
      },
      "properties": {
        "date": "2025-01-01"
      }
    },
    {
      "type": "Feature",
      "geometry": {
        "type": "Point",
        "coordinates": [
          1.9542329245901655,
          41.26394808843375
        ]
      },
      "properties": {
        "date": "2025-01-01"
      }
    },
    {
      "type": "Feature",
      "geometry": {
        "type": "Point",
        "coordinates": [
          1.9542559980874334,
          41.26394808843375
        ]
      },
      "properties": {
        "date": "2025-01-01"
      }
    },
    {
      "type": "Feature",
      "geometry": {
        "type": "Point",
        "coordinates": [
          1.9542790715847012,
          41.26394808843375
        ]
      },
      "properties": {
        "date": "2025-01-01"
      }
    },
    {
      "type": "Feature",
      "geometry": {
        "type": "Point",
        "coordinates": [
          1.9543021450819689,
          41.26394808843375
        ]
      },
      "properties": {
        "date": "2025-01-01"
      }
    },
    {
      "type": "Feature",
      "geometry": {
        "type": "Point",
        "coordinates": [
          1.9543252185792366,
          41.26394808843375
        ]
      },
      "properties": {
        "date": "2025-01-01"
      }
    },
    {
      "type": "Feature",
      "geometry": {
        "type": "Point",
        "coordinates": [
          1.9543482920765043,
          41.26394808843375
        ]
      },
      "properties": {
        "date": "2025-01-01"
      }
    },
    {
      "type": "Feature",
      "geometry": {
        "type": "Point",
        "coordinates": [
          1.9543713655737722,
          41.26394808843375
        ]
      },
      "properties": {
        "date": "2025-01-01"
      }
    },
    {
      "type": "Feature",
      "geometry": {
        "type": "Point",
        "coordinates": [
          1.95439443907104,
          41.26394808843375
        ]
      },
      "properties": {
        "date": "2025-01-01"
      }
    },
    {
      "type": "Feature",
      "geometry": {
        "type": "Point",
        "coordinates": [
          1.9544175125683076,
          41.26394808843375
        ]
      },
      "properties": {
        "date": "2025-01-01"
      }
    },
    {
      "type": "Feature",
      "geometry": {
        "type": "Point",
        "coordinates": [
          1.9544405860655754,
          41.26394808843375
        ]
      },
      "properties": {
        "date": "2025-01-01"
      }
    },
    {
      "type": "Feature",
      "geometry": {
        "type": "Point",
        "coordinates": [
          1.9544636595628433,
          41.26394808843375
        ]
      },
      "properties": {
        "date": "2025-01-01"
      }
    },
    {
      "type": "Feature",
      "geometry": {
        "type": "Point",
        "coordinates": [
          1.954486733060111,
          41.26394808843375
        ]
      },
      "properties": {
        "date": "2025-01-01"
      }
    },
    {
      "type": "Feature",
      "geometry": {
        "type": "Point",
        "coordinates": [
          1.9545098065573787,
          41.26394808843375
        ]
      },
      "properties": {
        "date": "2025-01-01"
      }
    },
    {
      "type": "Feature",
      "geometry": {
        "type": "Point",
        "coordinates": [
          1.9545328800546464,
          41.26394808843375
        ]
      },
      "properties": {
        "date": "2025-01-01"
      }
    },
    {
      "type": "Feature",
      "geometry": {
        "type": "Point",
        "coordinates": [
          1.9545559535519141,
          41.26394808843375
        ]
      },
      "properties": {
        "date": "2025-01-01"
      }
    },
    {
      "type": "Feature",
      "geometry": {
        "type": "Point",
        "coordinates": [
          1.954579027049182,
          41.26394808843375
        ]
      },
      "properties": {
        "date": "2025-01-01"
      }
    },
    {
      "type": "Feature",
      "geometry": {
        "type": "Point",
        "coordinates": [
          1.9546021005464498,
          41.26394808843375
        ]
      },
      "properties": {
        "date": "2025-01-01"
      }
    },
    {
      "type": "Feature",
      "geometry": {
        "type": "Point",
        "coordinates": [
          1.9546251740437175,
          41.26394808843375
        ]
      },
      "properties": {
        "date": "2025-01-01"
      }
    },
    {
      "type": "Feature",
      "geometry": {
        "type": "Point",
        "coordinates": [
          1.9546482475409852,
          41.26394808843375
        ]
      },
      "properties": {
        "date": "2025-01-01"
      }
    },
    {
      "type": "Feature",
      "geometry": {
        "type": "Point",
        "coordinates": [
          1.9546713210382531,
          41.26394808843375
        ]
      },
      "properties": {
        "date": "2025-01-01"
      }
    },
    {
      "type": "Feature",
      "geometry": {
        "type": "Point",
        "coordinates": [
          1.9546943945355209,
          41.26394808843375
        ]
      },
      "properties": {
        "date": "2025-01-01"
      }
    },
    {
      "type": "Feature",
      "geometry": {
        "type": "Point",
        "coordinates": [
          1.9547174680327886,
          41.26394808843375
        ]
      },
      "properties": {
        "date": "2025-01-01"
      }
    },
    {
      "type": "Feature",
      "geometry": {
        "type": "Point",
        "coordinates": [
          1.9547405415300563,
          41.26394808843375
        ]
      },
      "properties": {
        "date": "2025-01-01"
      }
    },
    {
      "type": "Feature",
      "geometry": {
        "type": "Point",
        "coordinates": [
          1.954763615027324,
          41.26394808843375
        ]
      },
      "properties": {
        "date": "2025-01-01"
      }
    },
    {
      "type": "Feature",
      "geometry": {
        "type": "Point",
        "coordinates": [
          1.954786688524592,
          41.26394808843375
        ]
      },
      "properties": {
        "date": "2025-01-01"
      }
    },
    {
      "type": "Feature",
      "geometry": {
        "type": "Point",
        "coordinates": [
          1.9548097620218596,
          41.26394808843375
        ]
      },
      "properties": {
        "date": "2025-01-01"
      }
    },
    {
      "type": "Feature",
      "geometry": {
        "type": "Point",
        "coordinates": [
          1.9548328355191273,
          41.26394808843375
        ]
      },
      "properties": {
        "date": "2025-01-01"
      }
    },
    {
      "type": "Feature",
      "geometry": {
        "type": "Point",
        "coordinates": [
          1.954855909016395,
          41.26394808843375
        ]
      },
      "properties": {
        "date": "2025-01-01"
      }
    },
    {
      "type": "Feature",
      "geometry": {
        "type": "Point",
        "coordinates": [
          1.9548789825136628,
          41.26394808843375
        ]
      },
      "properties": {
        "date": "2025-01-01"
      }
    },
    {
      "type": "Feature",
      "geometry": {
        "type": "Point",
        "coordinates": [
          1.9549020560109307,
          41.26394808843375
        ]
      },
      "properties": {
        "date": "2025-01-01"
      }
    },
    {
      "type": "Feature",
      "geometry": {
        "type": "Point",
        "coordinates": [
          1.9549251295081984,
          41.26394808843375
        ]
      },
      "properties": {
        "date": "2025-01-01"
      }
    },
    {
      "type": "Feature",
      "geometry": {
        "type": "Point",
        "coordinates": [
          1.9549482030054661,
          41.26394808843375
        ]
      },
      "properties": {
        "date": "2025-01-01"
      }
    },
    {
      "type": "Feature",
      "geometry": {
        "type": "Point",
        "coordinates": [
          1.9549712765027338,
          41.26394808843375
        ]
      },
      "properties": {
        "date": "2025-01-01"
      }
    },
    {
      "type": "Feature",
      "geometry": {
        "type": "Point",
        "coordinates": [
          1.9549943500000018,
          41.26394808843375
        ]
      },
      "properties": {
        "date": "2025-01-01"
      }
    },
    {
      "type": "Feature",
      "geometry": {
        "type": "Point",
        "coordinates": [
          1.9550174234972695,
          41.26394808843375
        ]
      },
      "properties": {
        "date": "2025-01-01"
      }
    },
    {
      "type": "Feature",
      "geometry": {
        "type": "Point",
        "coordinates": [
          1.9550404969945372,
          41.26394808843375
        ]
      },
      "properties": {
        "date": "2025-01-01"
      }
    },
    {
      "type": "Feature",
      "geometry": {
        "type": "Point",
        "coordinates": [
          1.955063570491805,
          41.26394808843375
        ]
      },
      "properties": {
        "date": "2025-01-01"
      }
    },
    {
      "type": "Feature",
      "geometry": {
        "type": "Point",
        "coordinates": [
          1.9550866439890726,
          41.26394808843375
        ]
      },
      "properties": {
        "date": "2025-01-01"
      }
    },
    {
      "type": "Feature",
      "geometry": {
        "type": "Point",
        "coordinates": [
          1.9551097174863405,
          41.26394808843375
        ]
      },
      "properties": {
        "date": "2025-01-01"
      }
    },
    {
      "type": "Feature",
      "geometry": {
        "type": "Point",
        "coordinates": [
          1.9551327909836083,
          41.26394808843375
        ]
      },
      "properties": {
        "date": "2025-01-01"
      }
    },
    {
      "type": "Feature",
      "geometry": {
        "type": "Point",
        "coordinates": [
          1.955155864480876,
          41.26394808843375
        ]
      },
      "properties": {
        "date": "2025-01-01"
      }
    },
    {
      "type": "Feature",
      "geometry": {
        "type": "Point",
        "coordinates": [
          1.9551789379781437,
          41.26394808843375
        ]
      },
      "properties": {
        "date": "2025-01-01"
      }
    },
    {
      "type": "Feature",
      "geometry": {
        "type": "Point",
        "coordinates": [
          1.9552020114754114,
          41.26394808843375
        ]
      },
      "properties": {
        "date": "2025-01-01"
      }
    },
    {
      "type": "Feature",
      "geometry": {
        "type": "Point",
        "coordinates": [
          1.9552250849726793,
          41.26394808843375
        ]
      },
      "properties": {
        "date": "2025-01-01"
      }
    },
    {
      "type": "Feature",
      "geometry": {
        "type": "Point",
        "coordinates": [
          1.955248158469947,
          41.26394808843375
        ]
      },
      "properties": {
        "date": "2025-01-01"
      }
    },
    {
      "type": "Feature",
      "geometry": {
        "type": "Point",
        "coordinates": [
          1.9552712319672148,
          41.26394808843375
        ]
      },
      "properties": {
        "date": "2025-01-01"
      }
    },
    {
      "type": "Feature",
      "geometry": {
        "type": "Point",
        "coordinates": [
          1.9552943054644825,
          41.26394808843375
        ]
      },
      "properties": {
        "date": "2025-01-01"
      }
    },
    {
      "type": "Feature",
      "geometry": {
        "type": "Point",
        "coordinates": [
          1.9553173789617504,
          41.26394808843375
        ]
      },
      "properties": {
        "date": "2025-01-01"
      }
    },
    {
      "type": "Feature",
      "geometry": {
        "type": "Point",
        "coordinates": [
          1.955340452459018,
          41.26394808843375
        ]
      },
      "properties": {
        "date": "2025-01-01"
      }
    },
    {
      "type": "Feature",
      "geometry": {
        "type": "Point",
        "coordinates": [
          1.9553635259562858,
          41.26394808843375
        ]
      },
      "properties": {
        "date": "2025-01-01"
      }
    },
    {
      "type": "Feature",
      "geometry": {
        "type": "Point",
        "coordinates": [
          1.9553865994535535,
          41.26394808843375
        ]
      },
      "properties": {
        "date": "2025-01-01"
      }
    },
    {
      "type": "Feature",
      "geometry": {
        "type": "Point",
        "coordinates": [
          1.9554096729508212,
          41.26394808843375
        ]
      },
      "properties": {
        "date": "2025-01-01"
      }
    },
    {
      "type": "Feature",
      "geometry": {
        "type": "Point",
        "coordinates": [
          1.9554327464480892,
          41.26394808843375
        ]
      },
      "properties": {
        "date": "2025-01-01"
      }
    },
    {
      "type": "Feature",
      "geometry": {
        "type": "Point",
        "coordinates": [
          1.9554558199453569,
          41.26394808843375
        ]
      },
      "properties": {
        "date": "2025-01-01"
      }
    },
    {
      "type": "Feature",
      "geometry": {
        "type": "Point",
        "coordinates": [
          1.9554788934426246,
          41.26394808843375
        ]
      },
      "properties": {
        "date": "2025-01-01"
      }
    },
    {
      "type": "Feature",
      "geometry": {
        "type": "Point",
        "coordinates": [
          1.9555019669398923,
          41.26394808843375
        ]
      },
      "properties": {
        "date": "2025-01-01"
      }
    },
    {
      "type": "Feature",
      "geometry": {
        "type": "Point",
        "coordinates": [
          1.95552504043716,
          41.26394808843375
        ]
      },
      "properties": {
        "date": "2025-01-01"
      }
    },
    {
      "type": "Feature",
      "geometry": {
        "type": "Point",
        "coordinates": [
          1.955548113934428,
          41.26394808843375
        ]
      },
      "properties": {
        "date": "2025-01-01"
      }
    },
    {
      "type": "Feature",
      "geometry": {
        "type": "Point",
        "coordinates": [
          1.9555711874316957,
          41.26394808843375
        ]
      },
      "properties": {
        "date": "2025-01-01"
      }
    },
    {
      "type": "Feature",
      "geometry": {
        "type": "Point",
        "coordinates": [
          1.9555942609289634,
          41.26394808843375
        ]
      },
      "properties": {
        "date": "2025-01-01"
      }
    },
    {
      "type": "Feature",
      "geometry": {
        "type": "Point",
        "coordinates": [
          1.955617334426231,
          41.26394808843375
        ]
      },
      "properties": {
        "date": "2025-01-01"
      }
    },
    {
      "type": "Feature",
      "geometry": {
        "type": "Point",
        "coordinates": [
          1.955640407923499,
          41.26394808843375
        ]
      },
      "properties": {
        "date": "2025-01-01"
      }
    },
    {
      "type": "Feature",
      "geometry": {
        "type": "Point",
        "coordinates": [
          1.9556634814207667,
          41.26394808843375
        ]
      },
      "properties": {
        "date": "2025-01-01"
      }
    },
    {
      "type": "Feature",
      "geometry": {
        "type": "Point",
        "coordinates": [
          1.9556865549180344,
          41.26394808843375
        ]
      },
      "properties": {
        "date": "2025-01-01"
      }
    },
    {
      "type": "Feature",
      "geometry": {
        "type": "Point",
        "coordinates": [
          1.9557096284153022,
          41.26394808843375
        ]
      },
      "properties": {
        "date": "2025-01-01"
      }
    },
    {
      "type": "Feature",
      "geometry": {
        "type": "Point",
        "coordinates": [
          1.9557327019125699,
          41.26394808843375
        ]
      },
      "properties": {
        "date": "2025-01-01"
      }
    },
    {
      "type": "Feature",
      "geometry": {
        "type": "Point",
        "coordinates": [
          1.9557557754098378,
          41.26394808843375
        ]
      },
      "properties": {
        "date": "2025-01-01"
      }
    },
    {
      "type": "Feature",
      "geometry": {
        "type": "Point",
        "coordinates": [
          1.9557788489071055,
          41.26394808843375
        ]
      },
      "properties": {
        "date": "2025-01-01"
      }
    },
    {
      "type": "Feature",
      "geometry": {
        "type": "Point",
        "coordinates": [
          1.9558019224043732,
          41.26394808843375
        ]
      },
      "properties": {
        "date": "2025-01-01"
      }
    },
    {
      "type": "Feature",
      "geometry": {
        "type": "Point",
        "coordinates": [
          1.955824995901641,
          41.26394808843375
        ]
      },
      "properties": {
        "date": "2025-01-01"
      }
    },
    {
      "type": "Feature",
      "geometry": {
        "type": "Point",
        "coordinates": [
          1.9558480693989089,
          41.26394808843375
        ]
      },
      "properties": {
        "date": "2025-01-01"
      }
    },
    {
      "type": "Feature",
      "geometry": {
        "type": "Point",
        "coordinates": [
          1.9558711428961766,
          41.26394808843375
        ]
      },
      "properties": {
        "date": "2025-01-01"
      }
    },
    {
      "type": "Feature",
      "geometry": {
        "type": "Point",
        "coordinates": [
          1.9558942163934443,
          41.26394808843375
        ]
      },
      "properties": {
        "date": "2025-01-01"
      }
    },
    {
      "type": "Feature",
      "geometry": {
        "type": "Point",
        "coordinates": [
          1.955917289890712,
          41.26394808843375
        ]
      },
      "properties": {
        "date": "2025-01-01"
      }
    },
    {
      "type": "Feature",
      "geometry": {
        "type": "Point",
        "coordinates": [
          1.9559403633879797,
          41.26394808843375
        ]
      },
      "properties": {
        "date": "2025-01-01"
      }
    },
    {
      "type": "Feature",
      "geometry": {
        "type": "Point",
        "coordinates": [
          1.9559634368852477,
          41.26394808843375
        ]
      },
      "properties": {
        "date": "2025-01-01"
      }
    },
    {
      "type": "Feature",
      "geometry": {
        "type": "Point",
        "coordinates": [
          1.9559865103825154,
          41.26394808843375
        ]
      },
      "properties": {
        "date": "2025-01-01"
      }
    },
    {
      "type": "Feature",
      "geometry": {
        "type": "Point",
        "coordinates": [
          1.956009583879783,
          41.26394808843375
        ]
      },
      "properties": {
        "date": "2025-01-01"
      }
    },
    {
      "type": "Feature",
      "geometry": {
        "type": "Point",
        "coordinates": [
          1.9560326573770508,
          41.26394808843375
        ]
      },
      "properties": {
        "date": "2025-01-01"
      }
    },
    {
      "type": "Feature",
      "geometry": {
        "type": "Point",
        "coordinates": [
          1.9560557308743185,
          41.26394808843375
        ]
      },
      "properties": {
        "date": "2025-01-01"
      }
    },
    {
      "type": "Feature",
      "geometry": {
        "type": "Point",
        "coordinates": [
          1.9560788043715864,
          41.26394808843375
        ]
      },
      "properties": {
        "date": "2025-01-01"
      }
    },
    {
      "type": "Feature",
      "geometry": {
        "type": "Point",
        "coordinates": [
          1.9561018778688541,
          41.26394808843375
        ]
      },
      "properties": {
        "date": "2025-01-01"
      }
    },
    {
      "type": "Feature",
      "geometry": {
        "type": "Point",
        "coordinates": [
          1.9561249513661219,
          41.26394808843375
        ]
      },
      "properties": {
        "date": "2025-01-01"
      }
    },
    {
      "type": "Feature",
      "geometry": {
        "type": "Point",
        "coordinates": [
          1.9561480248633896,
          41.26394808843375
        ]
      },
      "properties": {
        "date": "2025-01-01"
      }
    },
    {
      "type": "Feature",
      "geometry": {
        "type": "Point",
        "coordinates": [
          1.9561710983606575,
          41.26394808843375
        ]
      },
      "properties": {
        "date": "2025-01-01"
      }
    },
    {
      "type": "Feature",
      "geometry": {
        "type": "Point",
        "coordinates": [
          1.9561941718579252,
          41.26394808843375
        ]
      },
      "properties": {
        "date": "2025-01-01"
      }
    },
    {
      "type": "Feature",
      "geometry": {
        "type": "Point",
        "coordinates": [
          1.956217245355193,
          41.26394808843375
        ]
      },
      "properties": {
        "date": "2025-01-01"
      }
    },
    {
      "type": "Feature",
      "geometry": {
        "type": "Point",
        "coordinates": [
          1.9562403188524606,
          41.26394808843375
        ]
      },
      "properties": {
        "date": "2025-01-01"
      }
    },
    {
      "type": "Feature",
      "geometry": {
        "type": "Point",
        "coordinates": [
          1.9562633923497283,
          41.26394808843375
        ]
      },
      "properties": {
        "date": "2025-01-01"
      }
    },
    {
      "type": "Feature",
      "geometry": {
        "type": "Point",
        "coordinates": [
          1.9562864658469963,
          41.26394808843375
        ]
      },
      "properties": {
        "date": "2025-01-01"
      }
    },
    {
      "type": "Feature",
      "geometry": {
        "type": "Point",
        "coordinates": [
          1.956309539344264,
          41.26394808843375
        ]
      },
      "properties": {
        "date": "2025-01-01"
      }
    },
    {
      "type": "Feature",
      "geometry": {
        "type": "Point",
        "coordinates": [
          1.9563326128415317,
          41.26394808843375
        ]
      },
      "properties": {
        "date": "2025-01-01"
      }
    },
    {
      "type": "Feature",
      "geometry": {
        "type": "Point",
        "coordinates": [
          1.9563556863387994,
          41.26394808843375
        ]
      },
      "properties": {
        "date": "2025-01-01"
      }
    },
    {
      "type": "Feature",
      "geometry": {
        "type": "Point",
        "coordinates": [
          1.9563787598360671,
          41.26394808843375
        ]
      },
      "properties": {
        "date": "2025-01-01"
      }
    },
    {
      "type": "Feature",
      "geometry": {
        "type": "Point",
        "coordinates": [
          1.9564710538251382,
          41.26394808843375
        ]
      },
      "properties": {
        "date": "2025-01-01"
      }
    },
    {
      "type": "Feature",
      "geometry": {
        "type": "Point",
        "coordinates": [
          1.9566556418032803,
          41.26394808843375
        ]
      },
      "properties": {
        "date": "2025-01-01"
      }
    },
    {
      "type": "Feature",
      "geometry": {
        "type": "Point",
        "coordinates": [
          1.956678715300548,
          41.26394808843375
        ]
      },
      "properties": {
        "date": "2025-01-01"
      }
    },
    {
      "type": "Feature",
      "geometry": {
        "type": "Point",
        "coordinates": [
          1.9567017887978158,
          41.26394808843375
        ]
      },
      "properties": {
        "date": "2025-01-01"
      }
    },
    {
      "type": "Feature",
      "geometry": {
        "type": "Point",
        "coordinates": [
          1.9567248622950837,
          41.26394808843375
        ]
      },
      "properties": {
        "date": "2025-01-01"
      }
    },
    {
      "type": "Feature",
      "geometry": {
        "type": "Point",
        "coordinates": [
          1.9567479357923514,
          41.26394808843375
        ]
      },
      "properties": {
        "date": "2025-01-01"
      }
    },
    {
      "type": "Feature",
      "geometry": {
        "type": "Point",
        "coordinates": [
          1.9567710092896191,
          41.26394808843375
        ]
      },
      "properties": {
        "date": "2025-01-01"
      }
    },
    {
      "type": "Feature",
      "geometry": {
        "type": "Point",
        "coordinates": [
          1.9567940827868868,
          41.26394808843375
        ]
      },
      "properties": {
        "date": "2025-01-01"
      }
    },
    {
      "type": "Feature",
      "geometry": {
        "type": "Point",
        "coordinates": [
          1.9568171562841548,
          41.26394808843375
        ]
      },
      "properties": {
        "date": "2025-01-01"
      }
    },
    {
      "type": "Feature",
      "geometry": {
        "type": "Point",
        "coordinates": [
          1.9568402297814225,
          41.26394808843375
        ]
      },
      "properties": {
        "date": "2025-01-01"
      }
    },
    {
      "type": "Feature",
      "geometry": {
        "type": "Point",
        "coordinates": [
          1.9568633032786902,
          41.26394808843375
        ]
      },
      "properties": {
        "date": "2025-01-01"
      }
    },
    {
      "type": "Feature",
      "geometry": {
        "type": "Point",
        "coordinates": [
          1.956886376775958,
          41.26394808843375
        ]
      },
      "properties": {
        "date": "2025-01-01"
      }
    },
    {
      "type": "Feature",
      "geometry": {
        "type": "Point",
        "coordinates": [
          1.9569094502732256,
          41.26394808843375
        ]
      },
      "properties": {
        "date": "2025-01-01"
      }
    },
    {
      "type": "Feature",
      "geometry": {
        "type": "Point",
        "coordinates": [
          1.9569325237704935,
          41.26394808843375
        ]
      },
      "properties": {
        "date": "2025-01-01"
      }
    },
    {
      "type": "Feature",
      "geometry": {
        "type": "Point",
        "coordinates": [
          1.9569555972677612,
          41.26394808843375
        ]
      },
      "properties": {
        "date": "2025-01-01"
      }
    },
    {
      "type": "Feature",
      "geometry": {
        "type": "Point",
        "coordinates": [
          1.956978670765029,
          41.26394808843375
        ]
      },
      "properties": {
        "date": "2025-01-01"
      }
    },
    {
      "type": "Feature",
      "geometry": {
        "type": "Point",
        "coordinates": [
          1.9570017442622967,
          41.26394808843375
        ]
      },
      "properties": {
        "date": "2025-01-01"
      }
    },
    {
      "type": "Feature",
      "geometry": {
        "type": "Point",
        "coordinates": [
          1.9570248177595644,
          41.26394808843375
        ]
      },
      "properties": {
        "date": "2025-01-01"
      }
    },
    {
      "type": "Feature",
      "geometry": {
        "type": "Point",
        "coordinates": [
          1.9570478912568323,
          41.26394808843375
        ]
      },
      "properties": {
        "date": "2025-01-01"
      }
    },
    {
      "type": "Feature",
      "geometry": {
        "type": "Point",
        "coordinates": [
          1.9570709647541,
          41.26394808843375
        ]
      },
      "properties": {
        "date": "2025-01-01"
      }
    },
    {
      "type": "Feature",
      "geometry": {
        "type": "Point",
        "coordinates": [
          1.9636469114754114,
          41.26394808843375
        ]
      },
      "properties": {
        "date": "2025-01-01"
      }
    },
    {
      "type": "Feature",
      "geometry": {
        "type": "Point",
        "coordinates": [
          1.9636699849726793,
          41.26394808843375
        ]
      },
      "properties": {
        "date": "2025-01-01"
      }
    },
    {
      "type": "Feature",
      "geometry": {
        "type": "Point",
        "coordinates": [
          1.963693058469947,
          41.26394808843375
        ]
      },
      "properties": {
        "date": "2025-01-01"
      }
    },
    {
      "type": "Feature",
      "geometry": {
        "type": "Point",
        "coordinates": [
          1.9637161319672147,
          41.26394808843375
        ]
      },
      "properties": {
        "date": "2025-01-01"
      }
    },
    {
      "type": "Feature",
      "geometry": {
        "type": "Point",
        "coordinates": [
          1.9637392054644824,
          41.26394808843375
        ]
      },
      "properties": {
        "date": "2025-01-01"
      }
    },
    {
      "type": "Feature",
      "geometry": {
        "type": "Point",
        "coordinates": [
          1.9637622789617502,
          41.26394808843375
        ]
      },
      "properties": {
        "date": "2025-01-01"
      }
    },
    {
      "type": "Feature",
      "geometry": {
        "type": "Point",
        "coordinates": [
          1.963785352459018,
          41.26394808843375
        ]
      },
      "properties": {
        "date": "2025-01-01"
      }
    },
    {
      "type": "Feature",
      "geometry": {
        "type": "Point",
        "coordinates": [
          1.9638084259562858,
          41.26394808843375
        ]
      },
      "properties": {
        "date": "2025-01-01"
      }
    },
    {
      "type": "Feature",
      "geometry": {
        "type": "Point",
        "coordinates": [
          1.9638314994535535,
          41.26394808843375
        ]
      },
      "properties": {
        "date": "2025-01-01"
      }
    },
    {
      "type": "Feature",
      "geometry": {
        "type": "Point",
        "coordinates": [
          1.9638545729508212,
          41.26394808843375
        ]
      },
      "properties": {
        "date": "2025-01-01"
      }
    },
    {
      "type": "Feature",
      "geometry": {
        "type": "Point",
        "coordinates": [
          1.9638776464480892,
          41.26394808843375
        ]
      },
      "properties": {
        "date": "2025-01-01"
      }
    },
    {
      "type": "Feature",
      "geometry": {
        "type": "Point",
        "coordinates": [
          1.9639007199453569,
          41.26394808843375
        ]
      },
      "properties": {
        "date": "2025-01-01"
      }
    },
    {
      "type": "Feature",
      "geometry": {
        "type": "Point",
        "coordinates": [
          1.9639237934426246,
          41.26394808843375
        ]
      },
      "properties": {
        "date": "2025-01-01"
      }
    },
    {
      "type": "Feature",
      "geometry": {
        "type": "Point",
        "coordinates": [
          1.9639468669398923,
          41.26394808843375
        ]
      },
      "properties": {
        "date": "2025-01-01"
      }
    },
    {
      "type": "Feature",
      "geometry": {
        "type": "Point",
        "coordinates": [
          1.96396994043716,
          41.26394808843375
        ]
      },
      "properties": {
        "date": "2025-01-01"
      }
    },
    {
      "type": "Feature",
      "geometry": {
        "type": "Point",
        "coordinates": [
          1.963993013934428,
          41.26394808843375
        ]
      },
      "properties": {
        "date": "2025-01-01"
      }
    },
    {
      "type": "Feature",
      "geometry": {
        "type": "Point",
        "coordinates": [
          1.9640160874316956,
          41.26394808843375
        ]
      },
      "properties": {
        "date": "2025-01-01"
      }
    },
    {
      "type": "Feature",
      "geometry": {
        "type": "Point",
        "coordinates": [
          1.9640391609289634,
          41.26394808843375
        ]
      },
      "properties": {
        "date": "2025-01-01"
      }
    },
    {
      "type": "Feature",
      "geometry": {
        "type": "Point",
        "coordinates": [
          1.964062234426231,
          41.26394808843375
        ]
      },
      "properties": {
        "date": "2025-01-01"
      }
    },
    {
      "type": "Feature",
      "geometry": {
        "type": "Point",
        "coordinates": [
          1.9640853079234988,
          41.26394808843375
        ]
      },
      "properties": {
        "date": "2025-01-01"
      }
    },
    {
      "type": "Feature",
      "geometry": {
        "type": "Point",
        "coordinates": [
          1.9641083814207667,
          41.26394808843375
        ]
      },
      "properties": {
        "date": "2025-01-01"
      }
    },
    {
      "type": "Feature",
      "geometry": {
        "type": "Point",
        "coordinates": [
          1.9641314549180344,
          41.26394808843375
        ]
      },
      "properties": {
        "date": "2025-01-01"
      }
    },
    {
      "type": "Feature",
      "geometry": {
        "type": "Point",
        "coordinates": [
          1.9641545284153021,
          41.26394808843375
        ]
      },
      "properties": {
        "date": "2025-01-01"
      }
    },
    {
      "type": "Feature",
      "geometry": {
        "type": "Point",
        "coordinates": [
          1.9641776019125698,
          41.26394808843375
        ]
      },
      "properties": {
        "date": "2025-01-01"
      }
    },
    {
      "type": "Feature",
      "geometry": {
        "type": "Point",
        "coordinates": [
          1.9642006754098378,
          41.26394808843375
        ]
      },
      "properties": {
        "date": "2025-01-01"
      }
    },
    {
      "type": "Feature",
      "geometry": {
        "type": "Point",
        "coordinates": [
          1.9642237489071055,
          41.26394808843375
        ]
      },
      "properties": {
        "date": "2025-01-01"
      }
    },
    {
      "type": "Feature",
      "geometry": {
        "type": "Point",
        "coordinates": [
          1.9642468224043732,
          41.26394808843375
        ]
      },
      "properties": {
        "date": "2025-01-01"
      }
    },
    {
      "type": "Feature",
      "geometry": {
        "type": "Point",
        "coordinates": [
          1.964269895901641,
          41.26394808843375
        ]
      },
      "properties": {
        "date": "2025-01-01"
      }
    },
    {
      "type": "Feature",
      "geometry": {
        "type": "Point",
        "coordinates": [
          1.9642929693989086,
          41.26394808843375
        ]
      },
      "properties": {
        "date": "2025-01-01"
      }
    },
    {
      "type": "Feature",
      "geometry": {
        "type": "Point",
        "coordinates": [
          1.9643160428961766,
          41.26394808843375
        ]
      },
      "properties": {
        "date": "2025-01-01"
      }
    },
    {
      "type": "Feature",
      "geometry": {
        "type": "Point",
        "coordinates": [
          1.9643391163934443,
          41.26394808843375
        ]
      },
      "properties": {
        "date": "2025-01-01"
      }
    },
    {
      "type": "Feature",
      "geometry": {
        "type": "Point",
        "coordinates": [
          1.964362189890712,
          41.26394808843375
        ]
      },
      "properties": {
        "date": "2025-01-01"
      }
    },
    {
      "type": "Feature",
      "geometry": {
        "type": "Point",
        "coordinates": [
          1.9643852633879797,
          41.26394808843375
        ]
      },
      "properties": {
        "date": "2025-01-01"
      }
    },
    {
      "type": "Feature",
      "geometry": {
        "type": "Point",
        "coordinates": [
          1.9644083368852474,
          41.26394808843375
        ]
      },
      "properties": {
        "date": "2025-01-01"
      }
    },
    {
      "type": "Feature",
      "geometry": {
        "type": "Point",
        "coordinates": [
          1.9644314103825153,
          41.26394808843375
        ]
      },
      "properties": {
        "date": "2025-01-01"
      }
    },
    {
      "type": "Feature",
      "geometry": {
        "type": "Point",
        "coordinates": [
          1.964454483879783,
          41.26394808843375
        ]
      },
      "properties": {
        "date": "2025-01-01"
      }
    },
    {
      "type": "Feature",
      "geometry": {
        "type": "Point",
        "coordinates": [
          1.9644775573770508,
          41.26394808843375
        ]
      },
      "properties": {
        "date": "2025-01-01"
      }
    },
    {
      "type": "Feature",
      "geometry": {
        "type": "Point",
        "coordinates": [
          1.9645006308743185,
          41.26394808843375
        ]
      },
      "properties": {
        "date": "2025-01-01"
      }
    },
    {
      "type": "Feature",
      "geometry": {
        "type": "Point",
        "coordinates": [
          1.9645237043715864,
          41.26394808843375
        ]
      },
      "properties": {
        "date": "2025-01-01"
      }
    },
    {
      "type": "Feature",
      "geometry": {
        "type": "Point",
        "coordinates": [
          1.9645467778688541,
          41.26394808843375
        ]
      },
      "properties": {
        "date": "2025-01-01"
      }
    },
    {
      "type": "Feature",
      "geometry": {
        "type": "Point",
        "coordinates": [
          1.9645698513661218,
          41.26394808843375
        ]
      },
      "properties": {
        "date": "2025-01-01"
      }
    },
    {
      "type": "Feature",
      "geometry": {
        "type": "Point",
        "coordinates": [
          1.9645929248633895,
          41.26394808843375
        ]
      },
      "properties": {
        "date": "2025-01-01"
      }
    },
    {
      "type": "Feature",
      "geometry": {
        "type": "Point",
        "coordinates": [
          1.9646159983606573,
          41.26394808843375
        ]
      },
      "properties": {
        "date": "2025-01-01"
      }
    },
    {
      "type": "Feature",
      "geometry": {
        "type": "Point",
        "coordinates": [
          1.9646390718579252,
          41.26394808843375
        ]
      },
      "properties": {
        "date": "2025-01-01"
      }
    },
    {
      "type": "Feature",
      "geometry": {
        "type": "Point",
        "coordinates": [
          1.964662145355193,
          41.26394808843375
        ]
      },
      "properties": {
        "date": "2025-01-01"
      }
    },
    {
      "type": "Feature",
      "geometry": {
        "type": "Point",
        "coordinates": [
          1.9646852188524606,
          41.26394808843375
        ]
      },
      "properties": {
        "date": "2025-01-01"
      }
    },
    {
      "type": "Feature",
      "geometry": {
        "type": "Point",
        "coordinates": [
          1.9647082923497283,
          41.26394808843375
        ]
      },
      "properties": {
        "date": "2025-01-01"
      }
    },
    {
      "type": "Feature",
      "geometry": {
        "type": "Point",
        "coordinates": [
          1.964731365846996,
          41.26394808843375
        ]
      },
      "properties": {
        "date": "2025-01-01"
      }
    },
    {
      "type": "Feature",
      "geometry": {
        "type": "Point",
        "coordinates": [
          1.964754439344264,
          41.26394808843375
        ]
      },
      "properties": {
        "date": "2025-01-01"
      }
    },
    {
      "type": "Feature",
      "geometry": {
        "type": "Point",
        "coordinates": [
          1.9647775128415317,
          41.26394808843375
        ]
      },
      "properties": {
        "date": "2025-01-01"
      }
    },
    {
      "type": "Feature",
      "geometry": {
        "type": "Point",
        "coordinates": [
          1.9648005863387994,
          41.26394808843375
        ]
      },
      "properties": {
        "date": "2025-01-01"
      }
    },
    {
      "type": "Feature",
      "geometry": {
        "type": "Point",
        "coordinates": [
          1.964823659836067,
          41.26394808843375
        ]
      },
      "properties": {
        "date": "2025-01-01"
      }
    },
    {
      "type": "Feature",
      "geometry": {
        "type": "Point",
        "coordinates": [
          1.964846733333335,
          41.26394808843375
        ]
      },
      "properties": {
        "date": "2025-01-01"
      }
    },
    {
      "type": "Feature",
      "geometry": {
        "type": "Point",
        "coordinates": [
          1.9648698068306027,
          41.26394808843375
        ]
      },
      "properties": {
        "date": "2025-01-01"
      }
    },
    {
      "type": "Feature",
      "geometry": {
        "type": "Point",
        "coordinates": [
          1.9648928803278705,
          41.26394808843375
        ]
      },
      "properties": {
        "date": "2025-01-01"
      }
    },
    {
      "type": "Feature",
      "geometry": {
        "type": "Point",
        "coordinates": [
          1.9649159538251382,
          41.26394808843375
        ]
      },
      "properties": {
        "date": "2025-01-01"
      }
    },
    {
      "type": "Feature",
      "geometry": {
        "type": "Point",
        "coordinates": [
          1.9649390273224059,
          41.26394808843375
        ]
      },
      "properties": {
        "date": "2025-01-01"
      }
    },
    {
      "type": "Feature",
      "geometry": {
        "type": "Point",
        "coordinates": [
          1.9649621008196738,
          41.26394808843375
        ]
      },
      "properties": {
        "date": "2025-01-01"
      }
    },
    {
      "type": "Feature",
      "geometry": {
        "type": "Point",
        "coordinates": [
          1.9649851743169415,
          41.26394808843375
        ]
      },
      "properties": {
        "date": "2025-01-01"
      }
    },
    {
      "type": "Feature",
      "geometry": {
        "type": "Point",
        "coordinates": [
          1.9650082478142092,
          41.26394808843375
        ]
      },
      "properties": {
        "date": "2025-01-01"
      }
    },
    {
      "type": "Feature",
      "geometry": {
        "type": "Point",
        "coordinates": [
          1.965031321311477,
          41.26394808843375
        ]
      },
      "properties": {
        "date": "2025-01-01"
      }
    },
    {
      "type": "Feature",
      "geometry": {
        "type": "Point",
        "coordinates": [
          1.9650543948087447,
          41.26394808843375
        ]
      },
      "properties": {
        "date": "2025-01-01"
      }
    },
    {
      "type": "Feature",
      "geometry": {
        "type": "Point",
        "coordinates": [
          1.9650774683060126,
          41.26394808843375
        ]
      },
      "properties": {
        "date": "2025-01-01"
      }
    },
    {
      "type": "Feature",
      "geometry": {
        "type": "Point",
        "coordinates": [
          1.9651005418032803,
          41.26394808843375
        ]
      },
      "properties": {
        "date": "2025-01-01"
      }
    },
    {
      "type": "Feature",
      "geometry": {
        "type": "Point",
        "coordinates": [
          1.965123615300548,
          41.26394808843375
        ]
      },
      "properties": {
        "date": "2025-01-01"
      }
    },
    {
      "type": "Feature",
      "geometry": {
        "type": "Point",
        "coordinates": [
          1.9651466887978157,
          41.26394808843375
        ]
      },
      "properties": {
        "date": "2025-01-01"
      }
    },
    {
      "type": "Feature",
      "geometry": {
        "type": "Point",
        "coordinates": [
          1.9651697622950837,
          41.26394808843375
        ]
      },
      "properties": {
        "date": "2025-01-01"
      }
    },
    {
      "type": "Feature",
      "geometry": {
        "type": "Point",
        "coordinates": [
          1.9651928357923514,
          41.26394808843375
        ]
      },
      "properties": {
        "date": "2025-01-01"
      }
    },
    {
      "type": "Feature",
      "geometry": {
        "type": "Point",
        "coordinates": [
          1.965215909289619,
          41.26394808843375
        ]
      },
      "properties": {
        "date": "2025-01-01"
      }
    },
    {
      "type": "Feature",
      "geometry": {
        "type": "Point",
        "coordinates": [
          1.9652389827868868,
          41.26394808843375
        ]
      },
      "properties": {
        "date": "2025-01-01"
      }
    },
    {
      "type": "Feature",
      "geometry": {
        "type": "Point",
        "coordinates": [
          1.9652620562841545,
          41.26394808843375
        ]
      },
      "properties": {
        "date": "2025-01-01"
      }
    },
    {
      "type": "Feature",
      "geometry": {
        "type": "Point",
        "coordinates": [
          1.9652851297814224,
          41.26394808843375
        ]
      },
      "properties": {
        "date": "2025-01-01"
      }
    },
    {
      "type": "Feature",
      "geometry": {
        "type": "Point",
        "coordinates": [
          1.9653082032786902,
          41.26394808843375
        ]
      },
      "properties": {
        "date": "2025-01-01"
      }
    },
    {
      "type": "Feature",
      "geometry": {
        "type": "Point",
        "coordinates": [
          1.9653312767759579,
          41.26394808843375
        ]
      },
      "properties": {
        "date": "2025-01-01"
      }
    },
    {
      "type": "Feature",
      "geometry": {
        "type": "Point",
        "coordinates": [
          1.9653543502732256,
          41.26394808843375
        ]
      },
      "properties": {
        "date": "2025-01-01"
      }
    },
    {
      "type": "Feature",
      "geometry": {
        "type": "Point",
        "coordinates": [
          1.9653774237704935,
          41.26394808843375
        ]
      },
      "properties": {
        "date": "2025-01-01"
      }
    },
    {
      "type": "Feature",
      "geometry": {
        "type": "Point",
        "coordinates": [
          1.9654004972677612,
          41.26394808843375
        ]
      },
      "properties": {
        "date": "2025-01-01"
      }
    },
    {
      "type": "Feature",
      "geometry": {
        "type": "Point",
        "coordinates": [
          1.965423570765029,
          41.26394808843375
        ]
      },
      "properties": {
        "date": "2025-01-01"
      }
    },
    {
      "type": "Feature",
      "geometry": {
        "type": "Point",
        "coordinates": [
          1.9654466442622966,
          41.26394808843375
        ]
      },
      "properties": {
        "date": "2025-01-01"
      }
    },
    {
      "type": "Feature",
      "geometry": {
        "type": "Point",
        "coordinates": [
          1.9654697177595644,
          41.26394808843375
        ]
      },
      "properties": {
        "date": "2025-01-01"
      }
    },
    {
      "type": "Feature",
      "geometry": {
        "type": "Point",
        "coordinates": [
          1.9654927912568323,
          41.26394808843375
        ]
      },
      "properties": {
        "date": "2025-01-01"
      }
    },
    {
      "type": "Feature",
      "geometry": {
        "type": "Point",
        "coordinates": [
          1.9655158647541,
          41.26394808843375
        ]
      },
      "properties": {
        "date": "2025-01-01"
      }
    },
    {
      "type": "Feature",
      "geometry": {
        "type": "Point",
        "coordinates": [
          1.9655389382513677,
          41.26394808843375
        ]
      },
      "properties": {
        "date": "2025-01-01"
      }
    },
    {
      "type": "Feature",
      "geometry": {
        "type": "Point",
        "coordinates": [
          1.9660465551912585,
          41.26394808843375
        ]
      },
      "properties": {
        "date": "2025-01-01"
      }
    },
    {
      "type": "Feature",
      "geometry": {
        "type": "Point",
        "coordinates": [
          1.9660696286885262,
          41.26394808843375
        ]
      },
      "properties": {
        "date": "2025-01-01"
      }
    },
    {
      "type": "Feature",
      "geometry": {
        "type": "Point",
        "coordinates": [
          1.966092702185794,
          41.26394808843375
        ]
      },
      "properties": {
        "date": "2025-01-01"
      }
    },
    {
      "type": "Feature",
      "geometry": {
        "type": "Point",
        "coordinates": [
          1.9661157756830616,
          41.26394808843375
        ]
      },
      "properties": {
        "date": "2025-01-01"
      }
    },
    {
      "type": "Feature",
      "geometry": {
        "type": "Point",
        "coordinates": [
          1.9661388491803296,
          41.26394808843375
        ]
      },
      "properties": {
        "date": "2025-01-01"
      }
    },
    {
      "type": "Feature",
      "geometry": {
        "type": "Point",
        "coordinates": [
          1.9661619226775973,
          41.26394808843375
        ]
      },
      "properties": {
        "date": "2025-01-01"
      }
    },
    {
      "type": "Feature",
      "geometry": {
        "type": "Point",
        "coordinates": [
          1.966184996174865,
          41.26394808843375
        ]
      },
      "properties": {
        "date": "2025-01-01"
      }
    },
    {
      "type": "Feature",
      "geometry": {
        "type": "Point",
        "coordinates": [
          1.9662080696721327,
          41.26394808843375
        ]
      },
      "properties": {
        "date": "2025-01-01"
      }
    },
    {
      "type": "Feature",
      "geometry": {
        "type": "Point",
        "coordinates": [
          1.9662311431694004,
          41.26394808843375
        ]
      },
      "properties": {
        "date": "2025-01-01"
      }
    },
    {
      "type": "Feature",
      "geometry": {
        "type": "Point",
        "coordinates": [
          1.9662542166666683,
          41.26394808843375
        ]
      },
      "properties": {
        "date": "2025-01-01"
      }
    },
    {
      "type": "Feature",
      "geometry": {
        "type": "Point",
        "coordinates": [
          1.9674771120218595,
          41.26394808843375
        ]
      },
      "properties": {
        "date": "2025-01-01"
      }
    },
    {
      "type": "Feature",
      "geometry": {
        "type": "Point",
        "coordinates": [
          1.9675001855191272,
          41.26394808843375
        ]
      },
      "properties": {
        "date": "2025-01-01"
      }
    },
    {
      "type": "Feature",
      "geometry": {
        "type": "Point",
        "coordinates": [
          1.9675232590163951,
          41.26394808843375
        ]
      },
      "properties": {
        "date": "2025-01-01"
      }
    },
    {
      "type": "Feature",
      "geometry": {
        "type": "Point",
        "coordinates": [
          1.9675463325136628,
          41.26394808843375
        ]
      },
      "properties": {
        "date": "2025-01-01"
      }
    },
    {
      "type": "Feature",
      "geometry": {
        "type": "Point",
        "coordinates": [
          1.9675694060109306,
          41.26394808843375
        ]
      },
      "properties": {
        "date": "2025-01-01"
      }
    },
    {
      "type": "Feature",
      "geometry": {
        "type": "Point",
        "coordinates": [
          1.9675924795081983,
          41.26394808843375
        ]
      },
      "properties": {
        "date": "2025-01-01"
      }
    },
    {
      "type": "Feature",
      "geometry": {
        "type": "Point",
        "coordinates": [
          1.967615553005466,
          41.26394808843375
        ]
      },
      "properties": {
        "date": "2025-01-01"
      }
    },
    {
      "type": "Feature",
      "geometry": {
        "type": "Point",
        "coordinates": [
          1.967638626502734,
          41.26394808843375
        ]
      },
      "properties": {
        "date": "2025-01-01"
      }
    },
    {
      "type": "Feature",
      "geometry": {
        "type": "Point",
        "coordinates": [
          1.9676617000000016,
          41.26394808843375
        ]
      },
      "properties": {
        "date": "2025-01-01"
      }
    },
    {
      "type": "Feature",
      "geometry": {
        "type": "Point",
        "coordinates": [
          1.9676847734972693,
          41.26394808843375
        ]
      },
      "properties": {
        "date": "2025-01-01"
      }
    },
    {
      "type": "Feature",
      "geometry": {
        "type": "Point",
        "coordinates": [
          1.967707846994537,
          41.26394808843375
        ]
      },
      "properties": {
        "date": "2025-01-01"
      }
    },
    {
      "type": "Feature",
      "geometry": {
        "type": "Point",
        "coordinates": [
          1.967730920491805,
          41.26394808843375
        ]
      },
      "properties": {
        "date": "2025-01-01"
      }
    },
    {
      "type": "Feature",
      "geometry": {
        "type": "Point",
        "coordinates": [
          1.9677539939890727,
          41.26394808843375
        ]
      },
      "properties": {
        "date": "2025-01-01"
      }
    },
    {
      "type": "Feature",
      "geometry": {
        "type": "Point",
        "coordinates": [
          1.9677770674863404,
          41.26394808843375
        ]
      },
      "properties": {
        "date": "2025-01-01"
      }
    },
    {
      "type": "Feature",
      "geometry": {
        "type": "Point",
        "coordinates": [
          1.9678001409836081,
          41.26394808843375
        ]
      },
      "properties": {
        "date": "2025-01-01"
      }
    },
    {
      "type": "Feature",
      "geometry": {
        "type": "Point",
        "coordinates": [
          1.9678232144808758,
          41.26394808843375
        ]
      },
      "properties": {
        "date": "2025-01-01"
      }
    },
    {
      "type": "Feature",
      "geometry": {
        "type": "Point",
        "coordinates": [
          1.9678462879781438,
          41.26394808843375
        ]
      },
      "properties": {
        "date": "2025-01-01"
      }
    },
    {
      "type": "Feature",
      "geometry": {
        "type": "Point",
        "coordinates": [
          1.9678693614754115,
          41.26394808843375
        ]
      },
      "properties": {
        "date": "2025-01-01"
      }
    },
    {
      "type": "Feature",
      "geometry": {
        "type": "Point",
        "coordinates": [
          1.9678924349726792,
          41.26394808843375
        ]
      },
      "properties": {
        "date": "2025-01-01"
      }
    },
    {
      "type": "Feature",
      "geometry": {
        "type": "Point",
        "coordinates": [
          1.967915508469947,
          41.26394808843375
        ]
      },
      "properties": {
        "date": "2025-01-01"
      }
    },
    {
      "type": "Feature",
      "geometry": {
        "type": "Point",
        "coordinates": [
          1.9679385819672146,
          41.26394808843375
        ]
      },
      "properties": {
        "date": "2025-01-01"
      }
    },
    {
      "type": "Feature",
      "geometry": {
        "type": "Point",
        "coordinates": [
          1.9679616554644825,
          41.26394808843375
        ]
      },
      "properties": {
        "date": "2025-01-01"
      }
    },
    {
      "type": "Feature",
      "geometry": {
        "type": "Point",
        "coordinates": [
          1.9679847289617503,
          41.26394808843375
        ]
      },
      "properties": {
        "date": "2025-01-01"
      }
    },
    {
      "type": "Feature",
      "geometry": {
        "type": "Point",
        "coordinates": [
          1.968007802459018,
          41.26394808843375
        ]
      },
      "properties": {
        "date": "2025-01-01"
      }
    },
    {
      "type": "Feature",
      "geometry": {
        "type": "Point",
        "coordinates": [
          1.9680308759562857,
          41.26394808843375
        ]
      },
      "properties": {
        "date": "2025-01-01"
      }
    },
    {
      "type": "Feature",
      "geometry": {
        "type": "Point",
        "coordinates": [
          1.9680539494535536,
          41.26394808843375
        ]
      },
      "properties": {
        "date": "2025-01-01"
      }
    },
    {
      "type": "Feature",
      "geometry": {
        "type": "Point",
        "coordinates": [
          1.9680770229508213,
          41.26394808843375
        ]
      },
      "properties": {
        "date": "2025-01-01"
      }
    },
    {
      "type": "Feature",
      "geometry": {
        "type": "Point",
        "coordinates": [
          1.968100096448089,
          41.26394808843375
        ]
      },
      "properties": {
        "date": "2025-01-01"
      }
    },
    {
      "type": "Feature",
      "geometry": {
        "type": "Point",
        "coordinates": [
          1.9681231699453567,
          41.26394808843375
        ]
      },
      "properties": {
        "date": "2025-01-01"
      }
    },
    {
      "type": "Feature",
      "geometry": {
        "type": "Point",
        "coordinates": [
          1.9681462434426245,
          41.26394808843375
        ]
      },
      "properties": {
        "date": "2025-01-01"
      }
    },
    {
      "type": "Feature",
      "geometry": {
        "type": "Point",
        "coordinates": [
          1.9681693169398924,
          41.26394808843375
        ]
      },
      "properties": {
        "date": "2025-01-01"
      }
    },
    {
      "type": "Feature",
      "geometry": {
        "type": "Point",
        "coordinates": [
          1.96819239043716,
          41.26394808843375
        ]
      },
      "properties": {
        "date": "2025-01-01"
      }
    },
    {
      "type": "Feature",
      "geometry": {
        "type": "Point",
        "coordinates": [
          1.9682154639344278,
          41.26394808843375
        ]
      },
      "properties": {
        "date": "2025-01-01"
      }
    },
    {
      "type": "Feature",
      "geometry": {
        "type": "Point",
        "coordinates": [
          1.9682385374316955,
          41.26394808843375
        ]
      },
      "properties": {
        "date": "2025-01-01"
      }
    },
    {
      "type": "Feature",
      "geometry": {
        "type": "Point",
        "coordinates": [
          1.9682616109289632,
          41.26394808843375
        ]
      },
      "properties": {
        "date": "2025-01-01"
      }
    },
    {
      "type": "Feature",
      "geometry": {
        "type": "Point",
        "coordinates": [
          1.9682846844262312,
          41.26394808843375
        ]
      },
      "properties": {
        "date": "2025-01-01"
      }
    },
    {
      "type": "Feature",
      "geometry": {
        "type": "Point",
        "coordinates": [
          1.9683077579234989,
          41.26394808843375
        ]
      },
      "properties": {
        "date": "2025-01-01"
      }
    },
    {
      "type": "Feature",
      "geometry": {
        "type": "Point",
        "coordinates": [
          1.9683308314207666,
          41.26394808843375
        ]
      },
      "properties": {
        "date": "2025-01-01"
      }
    },
    {
      "type": "Feature",
      "geometry": {
        "type": "Point",
        "coordinates": [
          1.9683539049180343,
          41.26394808843375
        ]
      },
      "properties": {
        "date": "2025-01-01"
      }
    },
    {
      "type": "Feature",
      "geometry": {
        "type": "Point",
        "coordinates": [
          1.9683769784153022,
          41.26394808843375
        ]
      },
      "properties": {
        "date": "2025-01-01"
      }
    },
    {
      "type": "Feature",
      "geometry": {
        "type": "Point",
        "coordinates": [
          1.96840005191257,
          41.26394808843375
        ]
      },
      "properties": {
        "date": "2025-01-01"
      }
    },
    {
      "type": "Feature",
      "geometry": {
        "type": "Point",
        "coordinates": [
          1.9684231254098377,
          41.26394808843375
        ]
      },
      "properties": {
        "date": "2025-01-01"
      }
    },
    {
      "type": "Feature",
      "geometry": {
        "type": "Point",
        "coordinates": [
          1.9684461989071054,
          41.26394808843375
        ]
      },
      "properties": {
        "date": "2025-01-01"
      }
    },
    {
      "type": "Feature",
      "geometry": {
        "type": "Point",
        "coordinates": [
          1.968469272404373,
          41.26394808843375
        ]
      },
      "properties": {
        "date": "2025-01-01"
      }
    },
    {
      "type": "Feature",
      "geometry": {
        "type": "Point",
        "coordinates": [
          1.968492345901641,
          41.26394808843375
        ]
      },
      "properties": {
        "date": "2025-01-01"
      }
    },
    {
      "type": "Feature",
      "geometry": {
        "type": "Point",
        "coordinates": [
          1.9685154193989087,
          41.26394808843375
        ]
      },
      "properties": {
        "date": "2025-01-01"
      }
    },
    {
      "type": "Feature",
      "geometry": {
        "type": "Point",
        "coordinates": [
          1.9685384928961764,
          41.26394808843375
        ]
      },
      "properties": {
        "date": "2025-01-01"
      }
    },
    {
      "type": "Feature",
      "geometry": {
        "type": "Point",
        "coordinates": [
          1.9685615663934442,
          41.26394808843375
        ]
      },
      "properties": {
        "date": "2025-01-01"
      }
    },
    {
      "type": "Feature",
      "geometry": {
        "type": "Point",
        "coordinates": [
          1.9685846398907119,
          41.26394808843375
        ]
      },
      "properties": {
        "date": "2025-01-01"
      }
    },
    {
      "type": "Feature",
      "geometry": {
        "type": "Point",
        "coordinates": [
          1.9686077133879798,
          41.26394808843375
        ]
      },
      "properties": {
        "date": "2025-01-01"
      }
    },
    {
      "type": "Feature",
      "geometry": {
        "type": "Point",
        "coordinates": [
          1.9686307868852475,
          41.26394808843375
        ]
      },
      "properties": {
        "date": "2025-01-01"
      }
    },
    {
      "type": "Feature",
      "geometry": {
        "type": "Point",
        "coordinates": [
          1.9686538603825152,
          41.26394808843375
        ]
      },
      "properties": {
        "date": "2025-01-01"
      }
    },
    {
      "type": "Feature",
      "geometry": {
        "type": "Point",
        "coordinates": [
          1.968676933879783,
          41.26394808843375
        ]
      },
      "properties": {
        "date": "2025-01-01"
      }
    },
    {
      "type": "Feature",
      "geometry": {
        "type": "Point",
        "coordinates": [
          1.9687000073770509,
          41.26394808843375
        ]
      },
      "properties": {
        "date": "2025-01-01"
      }
    },
    {
      "type": "Feature",
      "geometry": {
        "type": "Point",
        "coordinates": [
          1.9687230808743186,
          41.26394808843375
        ]
      },
      "properties": {
        "date": "2025-01-01"
      }
    },
    {
      "type": "Feature",
      "geometry": {
        "type": "Point",
        "coordinates": [
          1.9687461543715863,
          41.26394808843375
        ]
      },
      "properties": {
        "date": "2025-01-01"
      }
    },
    {
      "type": "Feature",
      "geometry": {
        "type": "Point",
        "coordinates": [
          1.968769227868854,
          41.26394808843375
        ]
      },
      "properties": {
        "date": "2025-01-01"
      }
    },
    {
      "type": "Feature",
      "geometry": {
        "type": "Point",
        "coordinates": [
          1.9687923013661217,
          41.26394808843375
        ]
      },
      "properties": {
        "date": "2025-01-01"
      }
    },
    {
      "type": "Feature",
      "geometry": {
        "type": "Point",
        "coordinates": [
          1.9688153748633896,
          41.26394808843375
        ]
      },
      "properties": {
        "date": "2025-01-01"
      }
    },
    {
      "type": "Feature",
      "geometry": {
        "type": "Point",
        "coordinates": [
          1.9688384483606574,
          41.26394808843375
        ]
      },
      "properties": {
        "date": "2025-01-01"
      }
    },
    {
      "type": "Feature",
      "geometry": {
        "type": "Point",
        "coordinates": [
          1.968861521857925,
          41.26394808843375
        ]
      },
      "properties": {
        "date": "2025-01-01"
      }
    },
    {
      "type": "Feature",
      "geometry": {
        "type": "Point",
        "coordinates": [
          1.9688845953551928,
          41.26394808843375
        ]
      },
      "properties": {
        "date": "2025-01-01"
      }
    },
    {
      "type": "Feature",
      "geometry": {
        "type": "Point",
        "coordinates": [
          1.9689076688524607,
          41.26394808843375
        ]
      },
      "properties": {
        "date": "2025-01-01"
      }
    },
    {
      "type": "Feature",
      "geometry": {
        "type": "Point",
        "coordinates": [
          1.9689307423497284,
          41.26394808843375
        ]
      },
      "properties": {
        "date": "2025-01-01"
      }
    },
    {
      "type": "Feature",
      "geometry": {
        "type": "Point",
        "coordinates": [
          1.9689538158469961,
          41.26394808843375
        ]
      },
      "properties": {
        "date": "2025-01-01"
      }
    },
    {
      "type": "Feature",
      "geometry": {
        "type": "Point",
        "coordinates": [
          1.9689768893442638,
          41.26394808843375
        ]
      },
      "properties": {
        "date": "2025-01-01"
      }
    },
    {
      "type": "Feature",
      "geometry": {
        "type": "Point",
        "coordinates": [
          1.9689999628415316,
          41.26394808843375
        ]
      },
      "properties": {
        "date": "2025-01-01"
      }
    },
    {
      "type": "Feature",
      "geometry": {
        "type": "Point",
        "coordinates": [
          1.9690230363387995,
          41.26394808843375
        ]
      },
      "properties": {
        "date": "2025-01-01"
      }
    },
    {
      "type": "Feature",
      "geometry": {
        "type": "Point",
        "coordinates": [
          1.9690461098360672,
          41.26394808843375
        ]
      },
      "properties": {
        "date": "2025-01-01"
      }
    },
    {
      "type": "Feature",
      "geometry": {
        "type": "Point",
        "coordinates": [
          1.969069183333335,
          41.26394808843375
        ]
      },
      "properties": {
        "date": "2025-01-01"
      }
    },
    {
      "type": "Feature",
      "geometry": {
        "type": "Point",
        "coordinates": [
          1.9690922568306026,
          41.26394808843375
        ]
      },
      "properties": {
        "date": "2025-01-01"
      }
    },
    {
      "type": "Feature",
      "geometry": {
        "type": "Point",
        "coordinates": [
          1.9691153303278703,
          41.26394808843375
        ]
      },
      "properties": {
        "date": "2025-01-01"
      }
    },
    {
      "type": "Feature",
      "geometry": {
        "type": "Point",
        "coordinates": [
          1.9691384038251383,
          41.26394808843375
        ]
      },
      "properties": {
        "date": "2025-01-01"
      }
    },
    {
      "type": "Feature",
      "geometry": {
        "type": "Point",
        "coordinates": [
          1.969161477322406,
          41.26394808843375
        ]
      },
      "properties": {
        "date": "2025-01-01"
      }
    },
    {
      "type": "Feature",
      "geometry": {
        "type": "Point",
        "coordinates": [
          1.9691845508196737,
          41.26394808843375
        ]
      },
      "properties": {
        "date": "2025-01-01"
      }
    },
    {
      "type": "Feature",
      "geometry": {
        "type": "Point",
        "coordinates": [
          1.9692076243169414,
          41.26394808843375
        ]
      },
      "properties": {
        "date": "2025-01-01"
      }
    },
    {
      "type": "Feature",
      "geometry": {
        "type": "Point",
        "coordinates": [
          1.9692306978142093,
          41.26394808843375
        ]
      },
      "properties": {
        "date": "2025-01-01"
      }
    },
    {
      "type": "Feature",
      "geometry": {
        "type": "Point",
        "coordinates": [
          1.969253771311477,
          41.26394808843375
        ]
      },
      "properties": {
        "date": "2025-01-01"
      }
    },
    {
      "type": "Feature",
      "geometry": {
        "type": "Point",
        "coordinates": [
          1.9692768448087448,
          41.26394808843375
        ]
      },
      "properties": {
        "date": "2025-01-01"
      }
    },
    {
      "type": "Feature",
      "geometry": {
        "type": "Point",
        "coordinates": [
          1.9692999183060125,
          41.26394808843375
        ]
      },
      "properties": {
        "date": "2025-01-01"
      }
    },
    {
      "type": "Feature",
      "geometry": {
        "type": "Point",
        "coordinates": [
          1.9693229918032802,
          41.26394808843375
        ]
      },
      "properties": {
        "date": "2025-01-01"
      }
    },
    {
      "type": "Feature",
      "geometry": {
        "type": "Point",
        "coordinates": [
          1.9693460653005481,
          41.26394808843375
        ]
      },
      "properties": {
        "date": "2025-01-01"
      }
    },
    {
      "type": "Feature",
      "geometry": {
        "type": "Point",
        "coordinates": [
          1.9693691387978158,
          41.26394808843375
        ]
      },
      "properties": {
        "date": "2025-01-01"
      }
    },
    {
      "type": "Feature",
      "geometry": {
        "type": "Point",
        "coordinates": [
          1.9693922122950835,
          41.26394808843375
        ]
      },
      "properties": {
        "date": "2025-01-01"
      }
    },
    {
      "type": "Feature",
      "geometry": {
        "type": "Point",
        "coordinates": [
          1.9694152857923513,
          41.26394808843375
        ]
      },
      "properties": {
        "date": "2025-01-01"
      }
    },
    {
      "type": "Feature",
      "geometry": {
        "type": "Point",
        "coordinates": [
          1.969438359289619,
          41.26394808843375
        ]
      },
      "properties": {
        "date": "2025-01-01"
      }
    },
    {
      "type": "Feature",
      "geometry": {
        "type": "Point",
        "coordinates": [
          1.969461432786887,
          41.26394808843375
        ]
      },
      "properties": {
        "date": "2025-01-01"
      }
    },
    {
      "type": "Feature",
      "geometry": {
        "type": "Point",
        "coordinates": [
          1.9694845062841546,
          41.26394808843375
        ]
      },
      "properties": {
        "date": "2025-01-01"
      }
    },
    {
      "type": "Feature",
      "geometry": {
        "type": "Point",
        "coordinates": [
          1.9695075797814223,
          41.26394808843375
        ]
      },
      "properties": {
        "date": "2025-01-01"
      }
    },
    {
      "type": "Feature",
      "geometry": {
        "type": "Point",
        "coordinates": [
          1.96953065327869,
          41.26394808843375
        ]
      },
      "properties": {
        "date": "2025-01-01"
      }
    },
    {
      "type": "Feature",
      "geometry": {
        "type": "Point",
        "coordinates": [
          1.969553726775958,
          41.26394808843375
        ]
      },
      "properties": {
        "date": "2025-01-01"
      }
    },
    {
      "type": "Feature",
      "geometry": {
        "type": "Point",
        "coordinates": [
          1.9695768002732257,
          41.26394808843375
        ]
      },
      "properties": {
        "date": "2025-01-01"
      }
    },
    {
      "type": "Feature",
      "geometry": {
        "type": "Point",
        "coordinates": [
          1.9695998737704934,
          41.26394808843375
        ]
      },
      "properties": {
        "date": "2025-01-01"
      }
    },
    {
      "type": "Feature",
      "geometry": {
        "type": "Point",
        "coordinates": [
          1.969622947267761,
          41.26394808843375
        ]
      },
      "properties": {
        "date": "2025-01-01"
      }
    },
    {
      "type": "Feature",
      "geometry": {
        "type": "Point",
        "coordinates": [
          1.9696460207650288,
          41.26394808843375
        ]
      },
      "properties": {
        "date": "2025-01-01"
      }
    },
    {
      "type": "Feature",
      "geometry": {
        "type": "Point",
        "coordinates": [
          1.9696690942622967,
          41.26394808843375
        ]
      },
      "properties": {
        "date": "2025-01-01"
      }
    },
    {
      "type": "Feature",
      "geometry": {
        "type": "Point",
        "coordinates": [
          1.9696921677595645,
          41.26394808843375
        ]
      },
      "properties": {
        "date": "2025-01-01"
      }
    },
    {
      "type": "Feature",
      "geometry": {
        "type": "Point",
        "coordinates": [
          1.9697152412568322,
          41.26394808843375
        ]
      },
      "properties": {
        "date": "2025-01-01"
      }
    },
    {
      "type": "Feature",
      "geometry": {
        "type": "Point",
        "coordinates": [
          1.9697383147540999,
          41.26394808843375
        ]
      },
      "properties": {
        "date": "2025-01-01"
      }
    },
    {
      "type": "Feature",
      "geometry": {
        "type": "Point",
        "coordinates": [
          1.9697613882513676,
          41.26394808843375
        ]
      },
      "properties": {
        "date": "2025-01-01"
      }
    },
    {
      "type": "Feature",
      "geometry": {
        "type": "Point",
        "coordinates": [
          1.9697844617486355,
          41.26394808843375
        ]
      },
      "properties": {
        "date": "2025-01-01"
      }
    },
    {
      "type": "Feature",
      "geometry": {
        "type": "Point",
        "coordinates": [
          1.9698075352459032,
          41.26394808843375
        ]
      },
      "properties": {
        "date": "2025-01-01"
      }
    },
    {
      "type": "Feature",
      "geometry": {
        "type": "Point",
        "coordinates": [
          1.969830608743171,
          41.26394808843375
        ]
      },
      "properties": {
        "date": "2025-01-01"
      }
    },
    {
      "type": "Feature",
      "geometry": {
        "type": "Point",
        "coordinates": [
          1.9698536822404387,
          41.26394808843375
        ]
      },
      "properties": {
        "date": "2025-01-01"
      }
    },
    {
      "type": "Feature",
      "geometry": {
        "type": "Point",
        "coordinates": [
          1.9698767557377066,
          41.26394808843375
        ]
      },
      "properties": {
        "date": "2025-01-01"
      }
    },
    {
      "type": "Feature",
      "geometry": {
        "type": "Point",
        "coordinates": [
          1.9698998292349743,
          41.26394808843375
        ]
      },
      "properties": {
        "date": "2025-01-01"
      }
    },
    {
      "type": "Feature",
      "geometry": {
        "type": "Point",
        "coordinates": [
          1.969922902732242,
          41.26394808843375
        ]
      },
      "properties": {
        "date": "2025-01-01"
      }
    },
    {
      "type": "Feature",
      "geometry": {
        "type": "Point",
        "coordinates": [
          1.9699459762295097,
          41.26394808843375
        ]
      },
      "properties": {
        "date": "2025-01-01"
      }
    },
    {
      "type": "Feature",
      "geometry": {
        "type": "Point",
        "coordinates": [
          1.9699690497267774,
          41.26394808843375
        ]
      },
      "properties": {
        "date": "2025-01-01"
      }
    },
    {
      "type": "Feature",
      "geometry": {
        "type": "Point",
        "coordinates": [
          1.9699921232240454,
          41.26394808843375
        ]
      },
      "properties": {
        "date": "2025-01-01"
      }
    },
    {
      "type": "Feature",
      "geometry": {
        "type": "Point",
        "coordinates": [
          1.970015196721313,
          41.26394808843375
        ]
      },
      "properties": {
        "date": "2025-01-01"
      }
    },
    {
      "type": "Feature",
      "geometry": {
        "type": "Point",
        "coordinates": [
          1.9700382702185808,
          41.26394808843375
        ]
      },
      "properties": {
        "date": "2025-01-01"
      }
    },
    {
      "type": "Feature",
      "geometry": {
        "type": "Point",
        "coordinates": [
          1.9700613437158485,
          41.26394808843375
        ]
      },
      "properties": {
        "date": "2025-01-01"
      }
    },
    {
      "type": "Feature",
      "geometry": {
        "type": "Point",
        "coordinates": [
          1.9700844172131164,
          41.26394808843375
        ]
      },
      "properties": {
        "date": "2025-01-01"
      }
    },
    {
      "type": "Feature",
      "geometry": {
        "type": "Point",
        "coordinates": [
          1.9701074907103842,
          41.26394808843375
        ]
      },
      "properties": {
        "date": "2025-01-01"
      }
    },
    {
      "type": "Feature",
      "geometry": {
        "type": "Point",
        "coordinates": [
          1.9701305642076519,
          41.26394808843375
        ]
      },
      "properties": {
        "date": "2025-01-01"
      }
    },
    {
      "type": "Feature",
      "geometry": {
        "type": "Point",
        "coordinates": [
          1.9701536377049196,
          41.26394808843375
        ]
      },
      "properties": {
        "date": "2025-01-01"
      }
    },
    {
      "type": "Feature",
      "geometry": {
        "type": "Point",
        "coordinates": [
          1.9701767112021873,
          41.26394808843375
        ]
      },
      "properties": {
        "date": "2025-01-01"
      }
    },
    {
      "type": "Feature",
      "geometry": {
        "type": "Point",
        "coordinates": [
          1.9701997846994552,
          41.26394808843375
        ]
      },
      "properties": {
        "date": "2025-01-01"
      }
    },
    {
      "type": "Feature",
      "geometry": {
        "type": "Point",
        "coordinates": [
          1.970222858196723,
          41.26394808843375
        ]
      },
      "properties": {
        "date": "2025-01-01"
      }
    },
    {
      "type": "Feature",
      "geometry": {
        "type": "Point",
        "coordinates": [
          1.9702459316939906,
          41.26394808843375
        ]
      },
      "properties": {
        "date": "2025-01-01"
      }
    },
    {
      "type": "Feature",
      "geometry": {
        "type": "Point",
        "coordinates": [
          1.9702690051912584,
          41.26394808843375
        ]
      },
      "properties": {
        "date": "2025-01-01"
      }
    },
    {
      "type": "Feature",
      "geometry": {
        "type": "Point",
        "coordinates": [
          1.970292078688526,
          41.26394808843375
        ]
      },
      "properties": {
        "date": "2025-01-01"
      }
    },
    {
      "type": "Feature",
      "geometry": {
        "type": "Point",
        "coordinates": [
          1.970315152185794,
          41.26394808843375
        ]
      },
      "properties": {
        "date": "2025-01-01"
      }
    },
    {
      "type": "Feature",
      "geometry": {
        "type": "Point",
        "coordinates": [
          1.9703382256830617,
          41.26394808843375
        ]
      },
      "properties": {
        "date": "2025-01-01"
      }
    },
    {
      "type": "Feature",
      "geometry": {
        "type": "Point",
        "coordinates": [
          1.9703612991803294,
          41.26394808843375
        ]
      },
      "properties": {
        "date": "2025-01-01"
      }
    },
    {
      "type": "Feature",
      "geometry": {
        "type": "Point",
        "coordinates": [
          1.9703843726775971,
          41.26394808843375
        ]
      },
      "properties": {
        "date": "2025-01-01"
      }
    },
    {
      "type": "Feature",
      "geometry": {
        "type": "Point",
        "coordinates": [
          1.970407446174865,
          41.26394808843375
        ]
      },
      "properties": {
        "date": "2025-01-01"
      }
    },
    {
      "type": "Feature",
      "geometry": {
        "type": "Point",
        "coordinates": [
          1.9704305196721328,
          41.26394808843375
        ]
      },
      "properties": {
        "date": "2025-01-01"
      }
    },
    {
      "type": "Feature",
      "geometry": {
        "type": "Point",
        "coordinates": [
          1.9704535931694005,
          41.26394808843375
        ]
      },
      "properties": {
        "date": "2025-01-01"
      }
    },
    {
      "type": "Feature",
      "geometry": {
        "type": "Point",
        "coordinates": [
          1.9704766666666682,
          41.26394808843375
        ]
      },
      "properties": {
        "date": "2025-01-01"
      }
    },
    {
      "type": "Feature",
      "geometry": {
        "type": "Point",
        "coordinates": [
          1.970499740163936,
          41.26394808843375
        ]
      },
      "properties": {
        "date": "2025-01-01"
      }
    },
    {
      "type": "Feature",
      "geometry": {
        "type": "Point",
        "coordinates": [
          1.9705228136612039,
          41.26394808843375
        ]
      },
      "properties": {
        "date": "2025-01-01"
      }
    },
    {
      "type": "Feature",
      "geometry": {
        "type": "Point",
        "coordinates": [
          1.9705458871584716,
          41.26394808843375
        ]
      },
      "properties": {
        "date": "2025-01-01"
      }
    },
    {
      "type": "Feature",
      "geometry": {
        "type": "Point",
        "coordinates": [
          1.9705689606557393,
          41.26394808843375
        ]
      },
      "properties": {
        "date": "2025-01-01"
      }
    },
    {
      "type": "Feature",
      "geometry": {
        "type": "Point",
        "coordinates": [
          1.973199339344264,
          41.26394808843375
        ]
      },
      "properties": {
        "date": "2025-01-01"
      }
    },
    {
      "type": "Feature",
      "geometry": {
        "type": "Point",
        "coordinates": [
          1.9732224128415317,
          41.26394808843375
        ]
      },
      "properties": {
        "date": "2025-01-01"
      }
    },
    {
      "type": "Feature",
      "geometry": {
        "type": "Point",
        "coordinates": [
          1.9732454863387994,
          41.26394808843375
        ]
      },
      "properties": {
        "date": "2025-01-01"
      }
    },
    {
      "type": "Feature",
      "geometry": {
        "type": "Point",
        "coordinates": [
          1.973268559836067,
          41.26394808843375
        ]
      },
      "properties": {
        "date": "2025-01-01"
      }
    },
    {
      "type": "Feature",
      "geometry": {
        "type": "Point",
        "coordinates": [
          1.9732916333333348,
          41.26394808843375
        ]
      },
      "properties": {
        "date": "2025-01-01"
      }
    },
    {
      "type": "Feature",
      "geometry": {
        "type": "Point",
        "coordinates": [
          1.9733147068306027,
          41.26394808843375
        ]
      },
      "properties": {
        "date": "2025-01-01"
      }
    },
    {
      "type": "Feature",
      "geometry": {
        "type": "Point",
        "coordinates": [
          1.9733377803278704,
          41.26394808843375
        ]
      },
      "properties": {
        "date": "2025-01-01"
      }
    },
    {
      "type": "Feature",
      "geometry": {
        "type": "Point",
        "coordinates": [
          1.9733608538251382,
          41.26394808843375
        ]
      },
      "properties": {
        "date": "2025-01-01"
      }
    },
    {
      "type": "Feature",
      "geometry": {
        "type": "Point",
        "coordinates": [
          1.9733839273224059,
          41.26394808843375
        ]
      },
      "properties": {
        "date": "2025-01-01"
      }
    },
    {
      "type": "Feature",
      "geometry": {
        "type": "Point",
        "coordinates": [
          1.9734070008196738,
          41.26394808843375
        ]
      },
      "properties": {
        "date": "2025-01-01"
      }
    },
    {
      "type": "Feature",
      "geometry": {
        "type": "Point",
        "coordinates": [
          1.9734300743169415,
          41.26394808843375
        ]
      },
      "properties": {
        "date": "2025-01-01"
      }
    },
    {
      "type": "Feature",
      "geometry": {
        "type": "Point",
        "coordinates": [
          1.9734531478142092,
          41.26394808843375
        ]
      },
      "properties": {
        "date": "2025-01-01"
      }
    },
    {
      "type": "Feature",
      "geometry": {
        "type": "Point",
        "coordinates": [
          1.973476221311477,
          41.26394808843375
        ]
      },
      "properties": {
        "date": "2025-01-01"
      }
    },
    {
      "type": "Feature",
      "geometry": {
        "type": "Point",
        "coordinates": [
          1.9734992948087446,
          41.26394808843375
        ]
      },
      "properties": {
        "date": "2025-01-01"
      }
    },
    {
      "type": "Feature",
      "geometry": {
        "type": "Point",
        "coordinates": [
          1.9735223683060126,
          41.26394808843375
        ]
      },
      "properties": {
        "date": "2025-01-01"
      }
    },
    {
      "type": "Feature",
      "geometry": {
        "type": "Point",
        "coordinates": [
          1.9735454418032803,
          41.26394808843375
        ]
      },
      "properties": {
        "date": "2025-01-01"
      }
    },
    {
      "type": "Feature",
      "geometry": {
        "type": "Point",
        "coordinates": [
          1.973568515300548,
          41.26394808843375
        ]
      },
      "properties": {
        "date": "2025-01-01"
      }
    },
    {
      "type": "Feature",
      "geometry": {
        "type": "Point",
        "coordinates": [
          1.9735915887978157,
          41.26394808843375
        ]
      },
      "properties": {
        "date": "2025-01-01"
      }
    },
    {
      "type": "Feature",
      "geometry": {
        "type": "Point",
        "coordinates": [
          1.9736146622950834,
          41.26394808843375
        ]
      },
      "properties": {
        "date": "2025-01-01"
      }
    },
    {
      "type": "Feature",
      "geometry": {
        "type": "Point",
        "coordinates": [
          1.9736377357923514,
          41.26394808843375
        ]
      },
      "properties": {
        "date": "2025-01-01"
      }
    },
    {
      "type": "Feature",
      "geometry": {
        "type": "Point",
        "coordinates": [
          1.973660809289619,
          41.26394808843375
        ]
      },
      "properties": {
        "date": "2025-01-01"
      }
    },
    {
      "type": "Feature",
      "geometry": {
        "type": "Point",
        "coordinates": [
          1.9739146177595643,
          41.26394808843375
        ]
      },
      "properties": {
        "date": "2025-01-01"
      }
    },
    {
      "type": "Feature",
      "geometry": {
        "type": "Point",
        "coordinates": [
          1.973937691256832,
          41.26394808843375
        ]
      },
      "properties": {
        "date": "2025-01-01"
      }
    },
    {
      "type": "Feature",
      "geometry": {
        "type": "Point",
        "coordinates": [
          1.9739607647541,
          41.26394808843375
        ]
      },
      "properties": {
        "date": "2025-01-01"
      }
    },
    {
      "type": "Feature",
      "geometry": {
        "type": "Point",
        "coordinates": [
          1.9739838382513677,
          41.26394808843375
        ]
      },
      "properties": {
        "date": "2025-01-01"
      }
    },
    {
      "type": "Feature",
      "geometry": {
        "type": "Point",
        "coordinates": [
          1.9740069117486354,
          41.26394808843375
        ]
      },
      "properties": {
        "date": "2025-01-01"
      }
    },
    {
      "type": "Feature",
      "geometry": {
        "type": "Point",
        "coordinates": [
          1.9740299852459031,
          41.26394808843375
        ]
      },
      "properties": {
        "date": "2025-01-01"
      }
    },
    {
      "type": "Feature",
      "geometry": {
        "type": "Point",
        "coordinates": [
          1.974053058743171,
          41.26394808843375
        ]
      },
      "properties": {
        "date": "2025-01-01"
      }
    },
    {
      "type": "Feature",
      "geometry": {
        "type": "Point",
        "coordinates": [
          1.9740761322404388,
          41.26394808843375
        ]
      },
      "properties": {
        "date": "2025-01-01"
      }
    },
    {
      "type": "Feature",
      "geometry": {
        "type": "Point",
        "coordinates": [
          1.9740992057377065,
          41.26394808843375
        ]
      },
      "properties": {
        "date": "2025-01-01"
      }
    },
    {
      "type": "Feature",
      "geometry": {
        "type": "Point",
        "coordinates": [
          1.9741222792349742,
          41.26394808843375
        ]
      },
      "properties": {
        "date": "2025-01-01"
      }
    },
    {
      "type": "Feature",
      "geometry": {
        "type": "Point",
        "coordinates": [
          1.974145352732242,
          41.26394808843375
        ]
      },
      "properties": {
        "date": "2025-01-01"
      }
    },
    {
      "type": "Feature",
      "geometry": {
        "type": "Point",
        "coordinates": [
          1.9741684262295098,
          41.26394808843375
        ]
      },
      "properties": {
        "date": "2025-01-01"
      }
    },
    {
      "type": "Feature",
      "geometry": {
        "type": "Point",
        "coordinates": [
          1.9741914997267775,
          41.26394808843375
        ]
      },
      "properties": {
        "date": "2025-01-01"
      }
    },
    {
      "type": "Feature",
      "geometry": {
        "type": "Point",
        "coordinates": [
          1.9742145732240453,
          41.26394808843375
        ]
      },
      "properties": {
        "date": "2025-01-01"
      }
    },
    {
      "type": "Feature",
      "geometry": {
        "type": "Point",
        "coordinates": [
          1.974237646721313,
          41.26394808843375
        ]
      },
      "properties": {
        "date": "2025-01-01"
      }
    },
    {
      "type": "Feature",
      "geometry": {
        "type": "Point",
        "coordinates": [
          1.974260720218581,
          41.26394808843375
        ]
      },
      "properties": {
        "date": "2025-01-01"
      }
    },
    {
      "type": "Feature",
      "geometry": {
        "type": "Point",
        "coordinates": [
          1.9743991612021874,
          41.26394808843375
        ]
      },
      "properties": {
        "date": "2025-01-01"
      }
    },
    {
      "type": "Feature",
      "geometry": {
        "type": "Point",
        "coordinates": [
          1.974422234699455,
          41.26394808843375
        ]
      },
      "properties": {
        "date": "2025-01-01"
      }
    },
    {
      "type": "Feature",
      "geometry": {
        "type": "Point",
        "coordinates": [
          1.9744453081967228,
          41.26394808843375
        ]
      },
      "properties": {
        "date": "2025-01-01"
      }
    },
    {
      "type": "Feature",
      "geometry": {
        "type": "Point",
        "coordinates": [
          1.9744683816939905,
          41.26394808843375
        ]
      },
      "properties": {
        "date": "2025-01-01"
      }
    },
    {
      "type": "Feature",
      "geometry": {
        "type": "Point",
        "coordinates": [
          1.9744914551912585,
          41.26394808843375
        ]
      },
      "properties": {
        "date": "2025-01-01"
      }
    },
    {
      "type": "Feature",
      "geometry": {
        "type": "Point",
        "coordinates": [
          1.9745145286885262,
          41.26394808843375
        ]
      },
      "properties": {
        "date": "2025-01-01"
      }
    },
    {
      "type": "Feature",
      "geometry": {
        "type": "Point",
        "coordinates": [
          1.9745376021857939,
          41.26394808843375
        ]
      },
      "properties": {
        "date": "2025-01-01"
      }
    },
    {
      "type": "Feature",
      "geometry": {
        "type": "Point",
        "coordinates": [
          1.9745606756830616,
          41.26394808843375
        ]
      },
      "properties": {
        "date": "2025-01-01"
      }
    },
    {
      "type": "Feature",
      "geometry": {
        "type": "Point",
        "coordinates": [
          1.9745837491803295,
          41.26394808843375
        ]
      },
      "properties": {
        "date": "2025-01-01"
      }
    },
    {
      "type": "Feature",
      "geometry": {
        "type": "Point",
        "coordinates": [
          1.9746068226775972,
          41.26394808843375
        ]
      },
      "properties": {
        "date": "2025-01-01"
      }
    },
    {
      "type": "Feature",
      "geometry": {
        "type": "Point",
        "coordinates": [
          1.974629896174865,
          41.26394808843375
        ]
      },
      "properties": {
        "date": "2025-01-01"
      }
    },
    {
      "type": "Feature",
      "geometry": {
        "type": "Point",
        "coordinates": [
          1.9746529696721327,
          41.26394808843375
        ]
      },
      "properties": {
        "date": "2025-01-01"
      }
    },
    {
      "type": "Feature",
      "geometry": {
        "type": "Point",
        "coordinates": [
          1.9746760431694004,
          41.26394808843375
        ]
      },
      "properties": {
        "date": "2025-01-01"
      }
    },
    {
      "type": "Feature",
      "geometry": {
        "type": "Point",
        "coordinates": [
          1.9746991166666683,
          41.26394808843375
        ]
      },
      "properties": {
        "date": "2025-01-01"
      }
    },
    {
      "type": "Feature",
      "geometry": {
        "type": "Point",
        "coordinates": [
          1.974722190163936,
          41.26394808843375
        ]
      },
      "properties": {
        "date": "2025-01-01"
      }
    },
    {
      "type": "Feature",
      "geometry": {
        "type": "Point",
        "coordinates": [
          1.9747452636612037,
          41.26394808843375
        ]
      },
      "properties": {
        "date": "2025-01-01"
      }
    },
    {
      "type": "Feature",
      "geometry": {
        "type": "Point",
        "coordinates": [
          1.9755989830601108,
          41.26394808843375
        ]
      },
      "properties": {
        "date": "2025-01-01"
      }
    },
    {
      "type": "Feature",
      "geometry": {
        "type": "Point",
        "coordinates": [
          1.975691277049182,
          41.26394808843375
        ]
      },
      "properties": {
        "date": "2025-01-01"
      }
    },
    {
      "type": "Feature",
      "geometry": {
        "type": "Point",
        "coordinates": [
          1.9757143505464496,
          41.26394808843375
        ]
      },
      "properties": {
        "date": "2025-01-01"
      }
    },
    {
      "type": "Feature",
      "geometry": {
        "type": "Point",
        "coordinates": [
          1.9757374240437173,
          41.26394808843375
        ]
      },
      "properties": {
        "date": "2025-01-01"
      }
    },
    {
      "type": "Feature",
      "geometry": {
        "type": "Point",
        "coordinates": [
          1.9757604975409853,
          41.26394808843375
        ]
      },
      "properties": {
        "date": "2025-01-01"
      }
    },
    {
      "type": "Feature",
      "geometry": {
        "type": "Point",
        "coordinates": [
          1.975783571038253,
          41.26394808843375
        ]
      },
      "properties": {
        "date": "2025-01-01"
      }
    },
    {
      "type": "Feature",
      "geometry": {
        "type": "Point",
        "coordinates": [
          1.9758066445355207,
          41.26394808843375
        ]
      },
      "properties": {
        "date": "2025-01-01"
      }
    },
    {
      "type": "Feature",
      "geometry": {
        "type": "Point",
        "coordinates": [
          1.9758297180327884,
          41.26394808843375
        ]
      },
      "properties": {
        "date": "2025-01-01"
      }
    },
    {
      "type": "Feature",
      "geometry": {
        "type": "Point",
        "coordinates": [
          1.975852791530056,
          41.26394808843375
        ]
      },
      "properties": {
        "date": "2025-01-01"
      }
    },
    {
      "type": "Feature",
      "geometry": {
        "type": "Point",
        "coordinates": [
          1.975875865027324,
          41.26394808843375
        ]
      },
      "properties": {
        "date": "2025-01-01"
      }
    },
    {
      "type": "Feature",
      "geometry": {
        "type": "Point",
        "coordinates": [
          1.9758989385245918,
          41.26394808843375
        ]
      },
      "properties": {
        "date": "2025-01-01"
      }
    },
    {
      "type": "Feature",
      "geometry": {
        "type": "Point",
        "coordinates": [
          1.9759220120218595,
          41.26394808843375
        ]
      },
      "properties": {
        "date": "2025-01-01"
      }
    },
    {
      "type": "Feature",
      "geometry": {
        "type": "Point",
        "coordinates": [
          1.9759450855191272,
          41.26394808843375
        ]
      },
      "properties": {
        "date": "2025-01-01"
      }
    },
    {
      "type": "Feature",
      "geometry": {
        "type": "Point",
        "coordinates": [
          1.9759681590163949,
          41.26394808843375
        ]
      },
      "properties": {
        "date": "2025-01-01"
      }
    },
    {
      "type": "Feature",
      "geometry": {
        "type": "Point",
        "coordinates": [
          1.9759912325136628,
          41.26394808843375
        ]
      },
      "properties": {
        "date": "2025-01-01"
      }
    },
    {
      "type": "Feature",
      "geometry": {
        "type": "Point",
        "coordinates": [
          1.9760143060109305,
          41.26394808843375
        ]
      },
      "properties": {
        "date": "2025-01-01"
      }
    },
    {
      "type": "Feature",
      "geometry": {
        "type": "Point",
        "coordinates": [
          1.9760373795081982,
          41.26394808843375
        ]
      },
      "properties": {
        "date": "2025-01-01"
      }
    },
    {
      "type": "Feature",
      "geometry": {
        "type": "Point",
        "coordinates": [
          1.976060453005466,
          41.26394808843375
        ]
      },
      "properties": {
        "date": "2025-01-01"
      }
    },
    {
      "type": "Feature",
      "geometry": {
        "type": "Point",
        "coordinates": [
          1.976083526502734,
          41.26394808843375
        ]
      },
      "properties": {
        "date": "2025-01-01"
      }
    },
    {
      "type": "Feature",
      "geometry": {
        "type": "Point",
        "coordinates": [
          1.9761066000000016,
          41.26394808843375
        ]
      },
      "properties": {
        "date": "2025-01-01"
      }
    },
    {
      "type": "Feature",
      "geometry": {
        "type": "Point",
        "coordinates": [
          1.9761296734972693,
          41.26394808843375
        ]
      },
      "properties": {
        "date": "2025-01-01"
      }
    },
    {
      "type": "Feature",
      "geometry": {
        "type": "Point",
        "coordinates": [
          1.976152746994537,
          41.26394808843375
        ]
      },
      "properties": {
        "date": "2025-01-01"
      }
    },
    {
      "type": "Feature",
      "geometry": {
        "type": "Point",
        "coordinates": [
          1.9761758204918047,
          41.26394808843375
        ]
      },
      "properties": {
        "date": "2025-01-01"
      }
    },
    {
      "type": "Feature",
      "geometry": {
        "type": "Point",
        "coordinates": [
          1.9761988939890727,
          41.26394808843375
        ]
      },
      "properties": {
        "date": "2025-01-01"
      }
    },
    {
      "type": "Feature",
      "geometry": {
        "type": "Point",
        "coordinates": [
          1.9762219674863404,
          41.26394808843375
        ]
      },
      "properties": {
        "date": "2025-01-01"
      }
    },
    {
      "type": "Feature",
      "geometry": {
        "type": "Point",
        "coordinates": [
          1.976245040983608,
          41.26394808843375
        ]
      },
      "properties": {
        "date": "2025-01-01"
      }
    },
    {
      "type": "Feature",
      "geometry": {
        "type": "Point",
        "coordinates": [
          1.9762681144808758,
          41.26394808843375
        ]
      },
      "properties": {
        "date": "2025-01-01"
      }
    },
    {
      "type": "Feature",
      "geometry": {
        "type": "Point",
        "coordinates": [
          1.9762911879781435,
          41.26394808843375
        ]
      },
      "properties": {
        "date": "2025-01-01"
      }
    },
    {
      "type": "Feature",
      "geometry": {
        "type": "Point",
        "coordinates": [
          1.9778601857923512,
          41.26394808843375
        ]
      },
      "properties": {
        "date": "2025-01-01"
      }
    },
    {
      "type": "Feature",
      "geometry": {
        "type": "Point",
        "coordinates": [
          1.977883259289619,
          41.26394808843375
        ]
      },
      "properties": {
        "date": "2025-01-01"
      }
    },
    {
      "type": "Feature",
      "geometry": {
        "type": "Point",
        "coordinates": [
          1.9779063327868869,
          41.26394808843375
        ]
      },
      "properties": {
        "date": "2025-01-01"
      }
    },
    {
      "type": "Feature",
      "geometry": {
        "type": "Point",
        "coordinates": [
          1.9779294062841546,
          41.26394808843375
        ]
      },
      "properties": {
        "date": "2025-01-01"
      }
    },
    {
      "type": "Feature",
      "geometry": {
        "type": "Point",
        "coordinates": [
          1.9779524797814223,
          41.26394808843375
        ]
      },
      "properties": {
        "date": "2025-01-01"
      }
    },
    {
      "type": "Feature",
      "geometry": {
        "type": "Point",
        "coordinates": [
          1.9782293617486355,
          41.26394808843375
        ]
      },
      "properties": {
        "date": "2025-01-01"
      }
    },
    {
      "type": "Feature",
      "geometry": {
        "type": "Point",
        "coordinates": [
          1.9782524352459032,
          41.26394808843375
        ]
      },
      "properties": {
        "date": "2025-01-01"
      }
    },
    {
      "type": "Feature",
      "geometry": {
        "type": "Point",
        "coordinates": [
          1.978275508743171,
          41.26394808843375
        ]
      },
      "properties": {
        "date": "2025-01-01"
      }
    },
    {
      "type": "Feature",
      "geometry": {
        "type": "Point",
        "coordinates": [
          1.9782985822404386,
          41.26394808843375
        ]
      },
      "properties": {
        "date": "2025-01-01"
      }
    },
    {
      "type": "Feature",
      "geometry": {
        "type": "Point",
        "coordinates": [
          1.9783216557377064,
          41.26394808843375
        ]
      },
      "properties": {
        "date": "2025-01-01"
      }
    },
    {
      "type": "Feature",
      "geometry": {
        "type": "Point",
        "coordinates": [
          1.9792907426229522,
          41.26394808843375
        ]
      },
      "properties": {
        "date": "2025-01-01"
      }
    },
    {
      "type": "Feature",
      "geometry": {
        "type": "Point",
        "coordinates": [
          1.9793138161202202,
          41.26394808843375
        ]
      },
      "properties": {
        "date": "2025-01-01"
      }
    },
    {
      "type": "Feature",
      "geometry": {
        "type": "Point",
        "coordinates": [
          1.9793368896174879,
          41.26394808843375
        ]
      },
      "properties": {
        "date": "2025-01-01"
      }
    },
    {
      "type": "Feature",
      "geometry": {
        "type": "Point",
        "coordinates": [
          1.9793599631147556,
          41.26394808843375
        ]
      },
      "properties": {
        "date": "2025-01-01"
      }
    },
    {
      "type": "Feature",
      "geometry": {
        "type": "Point",
        "coordinates": [
          1.9793830366120233,
          41.26394808843375
        ]
      },
      "properties": {
        "date": "2025-01-01"
      }
    },
    {
      "type": "Feature",
      "geometry": {
        "type": "Point",
        "coordinates": [
          1.9794061101092912,
          41.26394808843375
        ]
      },
      "properties": {
        "date": "2025-01-01"
      }
    },
    {
      "type": "Feature",
      "geometry": {
        "type": "Point",
        "coordinates": [
          1.979429183606559,
          41.26394808843375
        ]
      },
      "properties": {
        "date": "2025-01-01"
      }
    },
    {
      "type": "Feature",
      "geometry": {
        "type": "Point",
        "coordinates": [
          1.9794522571038267,
          41.26394808843375
        ]
      },
      "properties": {
        "date": "2025-01-01"
      }
    },
    {
      "type": "Feature",
      "geometry": {
        "type": "Point",
        "coordinates": [
          1.9794753306010944,
          41.26394808843375
        ]
      },
      "properties": {
        "date": "2025-01-01"
      }
    },
    {
      "type": "Feature",
      "geometry": {
        "type": "Point",
        "coordinates": [
          1.979498404098362,
          41.26394808843375
        ]
      },
      "properties": {
        "date": "2025-01-01"
      }
    },
    {
      "type": "Feature",
      "geometry": {
        "type": "Point",
        "coordinates": [
          1.97952147759563,
          41.26394808843375
        ]
      },
      "properties": {
        "date": "2025-01-01"
      }
    },
    {
      "type": "Feature",
      "geometry": {
        "type": "Point",
        "coordinates": [
          1.9795445510928977,
          41.26394808843375
        ]
      },
      "properties": {
        "date": "2025-01-01"
      }
    },
    {
      "type": "Feature",
      "geometry": {
        "type": "Point",
        "coordinates": [
          1.9795676245901654,
          41.26394808843375
        ]
      },
      "properties": {
        "date": "2025-01-01"
      }
    },
    {
      "type": "Feature",
      "geometry": {
        "type": "Point",
        "coordinates": [
          1.9795906980874332,
          41.26394808843375
        ]
      },
      "properties": {
        "date": "2025-01-01"
      }
    },
    {
      "type": "Feature",
      "geometry": {
        "type": "Point",
        "coordinates": [
          1.979613771584701,
          41.26394808843375
        ]
      },
      "properties": {
        "date": "2025-01-01"
      }
    },
    {
      "type": "Feature",
      "geometry": {
        "type": "Point",
        "coordinates": [
          1.9796368450819688,
          41.26394808843375
        ]
      },
      "properties": {
        "date": "2025-01-01"
      }
    },
    {
      "type": "Feature",
      "geometry": {
        "type": "Point",
        "coordinates": [
          1.9796599185792365,
          41.26394808843375
        ]
      },
      "properties": {
        "date": "2025-01-01"
      }
    },
    {
      "type": "Feature",
      "geometry": {
        "type": "Point",
        "coordinates": [
          1.9796829920765042,
          41.26394808843375
        ]
      },
      "properties": {
        "date": "2025-01-01"
      }
    },
    {
      "type": "Feature",
      "geometry": {
        "type": "Point",
        "coordinates": [
          1.979706065573772,
          41.26394808843375
        ]
      },
      "properties": {
        "date": "2025-01-01"
      }
    },
    {
      "type": "Feature",
      "geometry": {
        "type": "Point",
        "coordinates": [
          1.9797291390710399,
          41.26394808843375
        ]
      },
      "properties": {
        "date": "2025-01-01"
      }
    },
    {
      "type": "Feature",
      "geometry": {
        "type": "Point",
        "coordinates": [
          1.9797522125683076,
          41.26394808843375
        ]
      },
      "properties": {
        "date": "2025-01-01"
      }
    },
    {
      "type": "Feature",
      "geometry": {
        "type": "Point",
        "coordinates": [
          1.9797752860655753,
          41.26394808843375
        ]
      },
      "properties": {
        "date": "2025-01-01"
      }
    },
    {
      "type": "Feature",
      "geometry": {
        "type": "Point",
        "coordinates": [
          1.979798359562843,
          41.26394808843375
        ]
      },
      "properties": {
        "date": "2025-01-01"
      }
    },
    {
      "type": "Feature",
      "geometry": {
        "type": "Point",
        "coordinates": [
          1.9798214330601107,
          41.26394808843375
        ]
      },
      "properties": {
        "date": "2025-01-01"
      }
    },
    {
      "type": "Feature",
      "geometry": {
        "type": "Point",
        "coordinates": [
          1.9798445065573786,
          41.26394808843375
        ]
      },
      "properties": {
        "date": "2025-01-01"
      }
    },
    {
      "type": "Feature",
      "geometry": {
        "type": "Point",
        "coordinates": [
          1.9798675800546464,
          41.26394808843375
        ]
      },
      "properties": {
        "date": "2025-01-01"
      }
    },
    {
      "type": "Feature",
      "geometry": {
        "type": "Point",
        "coordinates": [
          1.979890653551914,
          41.26394808843375
        ]
      },
      "properties": {
        "date": "2025-01-01"
      }
    },
    {
      "type": "Feature",
      "geometry": {
        "type": "Point",
        "coordinates": [
          1.9799137270491818,
          41.26394808843375
        ]
      },
      "properties": {
        "date": "2025-01-01"
      }
    },
    {
      "type": "Feature",
      "geometry": {
        "type": "Point",
        "coordinates": [
          1.9799368005464497,
          41.26394808843375
        ]
      },
      "properties": {
        "date": "2025-01-01"
      }
    },
    {
      "type": "Feature",
      "geometry": {
        "type": "Point",
        "coordinates": [
          1.9799598740437174,
          41.26394808843375
        ]
      },
      "properties": {
        "date": "2025-01-01"
      }
    },
    {
      "type": "Feature",
      "geometry": {
        "type": "Point",
        "coordinates": [
          1.9799829475409851,
          41.26394808843375
        ]
      },
      "properties": {
        "date": "2025-01-01"
      }
    },
    {
      "type": "Feature",
      "geometry": {
        "type": "Point",
        "coordinates": [
          1.9800060210382529,
          41.26394808843375
        ]
      },
      "properties": {
        "date": "2025-01-01"
      }
    },
    {
      "type": "Feature",
      "geometry": {
        "type": "Point",
        "coordinates": [
          1.9800290945355206,
          41.26394808843375
        ]
      },
      "properties": {
        "date": "2025-01-01"
      }
    },
    {
      "type": "Feature",
      "geometry": {
        "type": "Point",
        "coordinates": [
          1.9800521680327885,
          41.26394808843375
        ]
      },
      "properties": {
        "date": "2025-01-01"
      }
    },
    {
      "type": "Feature",
      "geometry": {
        "type": "Point",
        "coordinates": [
          1.9800752415300562,
          41.26394808843375
        ]
      },
      "properties": {
        "date": "2025-01-01"
      }
    },
    {
      "type": "Feature",
      "geometry": {
        "type": "Point",
        "coordinates": [
          1.980098315027324,
          41.26394808843375
        ]
      },
      "properties": {
        "date": "2025-01-01"
      }
    },
    {
      "type": "Feature",
      "geometry": {
        "type": "Point",
        "coordinates": [
          1.9801213885245916,
          41.26394808843375
        ]
      },
      "properties": {
        "date": "2025-01-01"
      }
    },
    {
      "type": "Feature",
      "geometry": {
        "type": "Point",
        "coordinates": [
          1.9801444620218593,
          41.26394808843375
        ]
      },
      "properties": {
        "date": "2025-01-01"
      }
    },
    {
      "type": "Feature",
      "geometry": {
        "type": "Point",
        "coordinates": [
          1.9801675355191273,
          41.26394808843375
        ]
      },
      "properties": {
        "date": "2025-01-01"
      }
    },
    {
      "type": "Feature",
      "geometry": {
        "type": "Point",
        "coordinates": [
          1.980190609016395,
          41.26394808843375
        ]
      },
      "properties": {
        "date": "2025-01-01"
      }
    },
    {
      "type": "Feature",
      "geometry": {
        "type": "Point",
        "coordinates": [
          1.9802136825136627,
          41.26394808843375
        ]
      },
      "properties": {
        "date": "2025-01-01"
      }
    },
    {
      "type": "Feature",
      "geometry": {
        "type": "Point",
        "coordinates": [
          1.9802367560109304,
          41.26394808843375
        ]
      },
      "properties": {
        "date": "2025-01-01"
      }
    },
    {
      "type": "Feature",
      "geometry": {
        "type": "Point",
        "coordinates": [
          1.9802598295081983,
          41.26394808843375
        ]
      },
      "properties": {
        "date": "2025-01-01"
      }
    },
    {
      "type": "Feature",
      "geometry": {
        "type": "Point",
        "coordinates": [
          1.980282903005466,
          41.26394808843375
        ]
      },
      "properties": {
        "date": "2025-01-01"
      }
    },
    {
      "type": "Feature",
      "geometry": {
        "type": "Point",
        "coordinates": [
          1.9803059765027338,
          41.26394808843375
        ]
      },
      "properties": {
        "date": "2025-01-01"
      }
    },
    {
      "type": "Feature",
      "geometry": {
        "type": "Point",
        "coordinates": [
          1.9803290500000015,
          41.26394808843375
        ]
      },
      "properties": {
        "date": "2025-01-01"
      }
    },
    {
      "type": "Feature",
      "geometry": {
        "type": "Point",
        "coordinates": [
          1.9803521234972692,
          41.26394808843375
        ]
      },
      "properties": {
        "date": "2025-01-01"
      }
    },
    {
      "type": "Feature",
      "geometry": {
        "type": "Point",
        "coordinates": [
          1.9803751969945371,
          41.26394808843375
        ]
      },
      "properties": {
        "date": "2025-01-01"
      }
    },
    {
      "type": "Feature",
      "geometry": {
        "type": "Point",
        "coordinates": [
          1.9803982704918048,
          41.26394808843375
        ]
      },
      "properties": {
        "date": "2025-01-01"
      }
    },
    {
      "type": "Feature",
      "geometry": {
        "type": "Point",
        "coordinates": [
          1.9804213439890725,
          41.26394808843375
        ]
      },
      "properties": {
        "date": "2025-01-01"
      }
    },
    {
      "type": "Feature",
      "geometry": {
        "type": "Point",
        "coordinates": [
          1.9804444174863403,
          41.26394808843375
        ]
      },
      "properties": {
        "date": "2025-01-01"
      }
    },
    {
      "type": "Feature",
      "geometry": {
        "type": "Point",
        "coordinates": [
          1.980467490983608,
          41.26394808843375
        ]
      },
      "properties": {
        "date": "2025-01-01"
      }
    },
    {
      "type": "Feature",
      "geometry": {
        "type": "Point",
        "coordinates": [
          1.980490564480876,
          41.26394808843375
        ]
      },
      "properties": {
        "date": "2025-01-01"
      }
    },
    {
      "type": "Feature",
      "geometry": {
        "type": "Point",
        "coordinates": [
          1.9805136379781436,
          41.26394808843375
        ]
      },
      "properties": {
        "date": "2025-01-01"
      }
    },
    {
      "type": "Feature",
      "geometry": {
        "type": "Point",
        "coordinates": [
          1.9805367114754113,
          41.26394808843375
        ]
      },
      "properties": {
        "date": "2025-01-01"
      }
    },
    {
      "type": "Feature",
      "geometry": {
        "type": "Point",
        "coordinates": [
          1.980559784972679,
          41.26394808843375
        ]
      },
      "properties": {
        "date": "2025-01-01"
      }
    },
    {
      "type": "Feature",
      "geometry": {
        "type": "Point",
        "coordinates": [
          1.980582858469947,
          41.26394808843375
        ]
      },
      "properties": {
        "date": "2025-01-01"
      }
    },
    {
      "type": "Feature",
      "geometry": {
        "type": "Point",
        "coordinates": [
          1.9806059319672147,
          41.26394808843375
        ]
      },
      "properties": {
        "date": "2025-01-01"
      }
    },
    {
      "type": "Feature",
      "geometry": {
        "type": "Point",
        "coordinates": [
          1.9806290054644824,
          41.26394808843375
        ]
      },
      "properties": {
        "date": "2025-01-01"
      }
    },
    {
      "type": "Feature",
      "geometry": {
        "type": "Point",
        "coordinates": [
          1.98065207896175,
          41.26394808843375
        ]
      },
      "properties": {
        "date": "2025-01-01"
      }
    },
    {
      "type": "Feature",
      "geometry": {
        "type": "Point",
        "coordinates": [
          1.9806751524590178,
          41.26394808843375
        ]
      },
      "properties": {
        "date": "2025-01-01"
      }
    },
    {
      "type": "Feature",
      "geometry": {
        "type": "Point",
        "coordinates": [
          1.9806982259562858,
          41.26394808843375
        ]
      },
      "properties": {
        "date": "2025-01-01"
      }
    },
    {
      "type": "Feature",
      "geometry": {
        "type": "Point",
        "coordinates": [
          1.9807212994535535,
          41.26394808843375
        ]
      },
      "properties": {
        "date": "2025-01-01"
      }
    },
    {
      "type": "Feature",
      "geometry": {
        "type": "Point",
        "coordinates": [
          1.9807443729508212,
          41.26394808843375
        ]
      },
      "properties": {
        "date": "2025-01-01"
      }
    },
    {
      "type": "Feature",
      "geometry": {
        "type": "Point",
        "coordinates": [
          1.9807674464480889,
          41.26394808843375
        ]
      },
      "properties": {
        "date": "2025-01-01"
      }
    },
    {
      "type": "Feature",
      "geometry": {
        "type": "Point",
        "coordinates": [
          1.9807905199453568,
          41.26394808843375
        ]
      },
      "properties": {
        "date": "2025-01-01"
      }
    },
    {
      "type": "Feature",
      "geometry": {
        "type": "Point",
        "coordinates": [
          1.9808135934426245,
          41.26394808843375
        ]
      },
      "properties": {
        "date": "2025-01-01"
      }
    },
    {
      "type": "Feature",
      "geometry": {
        "type": "Point",
        "coordinates": [
          1.9808366669398922,
          41.26394808843375
        ]
      },
      "properties": {
        "date": "2025-01-01"
      }
    },
    {
      "type": "Feature",
      "geometry": {
        "type": "Point",
        "coordinates": [
          1.98085974043716,
          41.26394808843375
        ]
      },
      "properties": {
        "date": "2025-01-01"
      }
    },
    {
      "type": "Feature",
      "geometry": {
        "type": "Point",
        "coordinates": [
          1.9808828139344277,
          41.26394808843375
        ]
      },
      "properties": {
        "date": "2025-01-01"
      }
    },
    {
      "type": "Feature",
      "geometry": {
        "type": "Point",
        "coordinates": [
          1.9809058874316956,
          41.26394808843375
        ]
      },
      "properties": {
        "date": "2025-01-01"
      }
    },
    {
      "type": "Feature",
      "geometry": {
        "type": "Point",
        "coordinates": [
          1.9809289609289633,
          41.26394808843375
        ]
      },
      "properties": {
        "date": "2025-01-01"
      }
    },
    {
      "type": "Feature",
      "geometry": {
        "type": "Point",
        "coordinates": [
          1.980952034426231,
          41.26394808843375
        ]
      },
      "properties": {
        "date": "2025-01-01"
      }
    },
    {
      "type": "Feature",
      "geometry": {
        "type": "Point",
        "coordinates": [
          1.9809751079234987,
          41.26394808843375
        ]
      },
      "properties": {
        "date": "2025-01-01"
      }
    },
    {
      "type": "Feature",
      "geometry": {
        "type": "Point",
        "coordinates": [
          1.9809981814207664,
          41.26394808843375
        ]
      },
      "properties": {
        "date": "2025-01-01"
      }
    },
    {
      "type": "Feature",
      "geometry": {
        "type": "Point",
        "coordinates": [
          1.9810212549180344,
          41.26394808843375
        ]
      },
      "properties": {
        "date": "2025-01-01"
      }
    },
    {
      "type": "Feature",
      "geometry": {
        "type": "Point",
        "coordinates": [
          1.981044328415302,
          41.26394808843375
        ]
      },
      "properties": {
        "date": "2025-01-01"
      }
    },
    {
      "type": "Feature",
      "geometry": {
        "type": "Point",
        "coordinates": [
          1.9810674019125698,
          41.26394808843375
        ]
      },
      "properties": {
        "date": "2025-01-01"
      }
    },
    {
      "type": "Feature",
      "geometry": {
        "type": "Point",
        "coordinates": [
          1.9810904754098375,
          41.26394808843375
        ]
      },
      "properties": {
        "date": "2025-01-01"
      }
    },
    {
      "type": "Feature",
      "geometry": {
        "type": "Point",
        "coordinates": [
          1.9811135489071054,
          41.26394808843375
        ]
      },
      "properties": {
        "date": "2025-01-01"
      }
    },
    {
      "type": "Feature",
      "geometry": {
        "type": "Point",
        "coordinates": [
          1.9811366224043732,
          41.26394808843375
        ]
      },
      "properties": {
        "date": "2025-01-01"
      }
    },
    {
      "type": "Feature",
      "geometry": {
        "type": "Point",
        "coordinates": [
          1.9811596959016409,
          41.26394808843375
        ]
      },
      "properties": {
        "date": "2025-01-01"
      }
    },
    {
      "type": "Feature",
      "geometry": {
        "type": "Point",
        "coordinates": [
          1.9811827693989086,
          41.26394808843375
        ]
      },
      "properties": {
        "date": "2025-01-01"
      }
    },
    {
      "type": "Feature",
      "geometry": {
        "type": "Point",
        "coordinates": [
          1.9812058428961763,
          41.26394808843375
        ]
      },
      "properties": {
        "date": "2025-01-01"
      }
    },
    {
      "type": "Feature",
      "geometry": {
        "type": "Point",
        "coordinates": [
          1.9812289163934442,
          41.26394808843375
        ]
      },
      "properties": {
        "date": "2025-01-01"
      }
    },
    {
      "type": "Feature",
      "geometry": {
        "type": "Point",
        "coordinates": [
          1.981251989890712,
          41.26394808843375
        ]
      },
      "properties": {
        "date": "2025-01-01"
      }
    },
    {
      "type": "Feature",
      "geometry": {
        "type": "Point",
        "coordinates": [
          1.9812750633879797,
          41.26394808843375
        ]
      },
      "properties": {
        "date": "2025-01-01"
      }
    },
    {
      "type": "Feature",
      "geometry": {
        "type": "Point",
        "coordinates": [
          1.9812981368852474,
          41.26394808843375
        ]
      },
      "properties": {
        "date": "2025-01-01"
      }
    },
    {
      "type": "Feature",
      "geometry": {
        "type": "Point",
        "coordinates": [
          1.981321210382515,
          41.26394808843375
        ]
      },
      "properties": {
        "date": "2025-01-01"
      }
    },
    {
      "type": "Feature",
      "geometry": {
        "type": "Point",
        "coordinates": [
          1.981344283879783,
          41.26394808843375
        ]
      },
      "properties": {
        "date": "2025-01-01"
      }
    },
    {
      "type": "Feature",
      "geometry": {
        "type": "Point",
        "coordinates": [
          1.9813673573770507,
          41.26394808843375
        ]
      },
      "properties": {
        "date": "2025-01-01"
      }
    },
    {
      "type": "Feature",
      "geometry": {
        "type": "Point",
        "coordinates": [
          1.9813904308743184,
          41.26394808843375
        ]
      },
      "properties": {
        "date": "2025-01-01"
      }
    },
    {
      "type": "Feature",
      "geometry": {
        "type": "Point",
        "coordinates": [
          1.9814135043715861,
          41.26394808843375
        ]
      },
      "properties": {
        "date": "2025-01-01"
      }
    },
    {
      "type": "Feature",
      "geometry": {
        "type": "Point",
        "coordinates": [
          1.981436577868854,
          41.26394808843375
        ]
      },
      "properties": {
        "date": "2025-01-01"
      }
    },
    {
      "type": "Feature",
      "geometry": {
        "type": "Point",
        "coordinates": [
          1.9814596513661218,
          41.26394808843375
        ]
      },
      "properties": {
        "date": "2025-01-01"
      }
    },
    {
      "type": "Feature",
      "geometry": {
        "type": "Point",
        "coordinates": [
          1.9814827248633895,
          41.26394808843375
        ]
      },
      "properties": {
        "date": "2025-01-01"
      }
    },
    {
      "type": "Feature",
      "geometry": {
        "type": "Point",
        "coordinates": [
          1.9815057983606572,
          41.26394808843375
        ]
      },
      "properties": {
        "date": "2025-01-01"
      }
    },
    {
      "type": "Feature",
      "geometry": {
        "type": "Point",
        "coordinates": [
          1.981528871857925,
          41.26394808843375
        ]
      },
      "properties": {
        "date": "2025-01-01"
      }
    },
    {
      "type": "Feature",
      "geometry": {
        "type": "Point",
        "coordinates": [
          1.9815519453551929,
          41.26394808843375
        ]
      },
      "properties": {
        "date": "2025-01-01"
      }
    },
    {
      "type": "Feature",
      "geometry": {
        "type": "Point",
        "coordinates": [
          1.9815750188524606,
          41.26394808843375
        ]
      },
      "properties": {
        "date": "2025-01-01"
      }
    },
    {
      "type": "Feature",
      "geometry": {
        "type": "Point",
        "coordinates": [
          1.9815980923497283,
          41.26394808843375
        ]
      },
      "properties": {
        "date": "2025-01-01"
      }
    },
    {
      "type": "Feature",
      "geometry": {
        "type": "Point",
        "coordinates": [
          1.981621165846996,
          41.26394808843375
        ]
      },
      "properties": {
        "date": "2025-01-01"
      }
    },
    {
      "type": "Feature",
      "geometry": {
        "type": "Point",
        "coordinates": [
          1.9816442393442637,
          41.26394808843375
        ]
      },
      "properties": {
        "date": "2025-01-01"
      }
    },
    {
      "type": "Feature",
      "geometry": {
        "type": "Point",
        "coordinates": [
          1.9816673128415316,
          41.26394808843375
        ]
      },
      "properties": {
        "date": "2025-01-01"
      }
    },
    {
      "type": "Feature",
      "geometry": {
        "type": "Point",
        "coordinates": [
          1.9816903863387993,
          41.26394808843375
        ]
      },
      "properties": {
        "date": "2025-01-01"
      }
    },
    {
      "type": "Feature",
      "geometry": {
        "type": "Point",
        "coordinates": [
          1.981713459836067,
          41.26394808843375
        ]
      },
      "properties": {
        "date": "2025-01-01"
      }
    },
    {
      "type": "Feature",
      "geometry": {
        "type": "Point",
        "coordinates": [
          1.9817365333333348,
          41.26394808843375
        ]
      },
      "properties": {
        "date": "2025-01-01"
      }
    },
    {
      "type": "Feature",
      "geometry": {
        "type": "Point",
        "coordinates": [
          1.9817596068306027,
          41.26394808843375
        ]
      },
      "properties": {
        "date": "2025-01-01"
      }
    },
    {
      "type": "Feature",
      "geometry": {
        "type": "Point",
        "coordinates": [
          1.9817826803278704,
          41.26394808843375
        ]
      },
      "properties": {
        "date": "2025-01-01"
      }
    },
    {
      "type": "Feature",
      "geometry": {
        "type": "Point",
        "coordinates": [
          1.9821518562841545,
          41.26394808843375
        ]
      },
      "properties": {
        "date": "2025-01-01"
      }
    },
    {
      "type": "Feature",
      "geometry": {
        "type": "Point",
        "coordinates": [
          1.9821749297814222,
          41.26394808843375
        ]
      },
      "properties": {
        "date": "2025-01-01"
      }
    },
    {
      "type": "Feature",
      "geometry": {
        "type": "Point",
        "coordinates": [
          1.9821980032786901,
          41.26394808843375
        ]
      },
      "properties": {
        "date": "2025-01-01"
      }
    },
    {
      "type": "Feature",
      "geometry": {
        "type": "Point",
        "coordinates": [
          1.9822210767759578,
          41.26394808843375
        ]
      },
      "properties": {
        "date": "2025-01-01"
      }
    },
    {
      "type": "Feature",
      "geometry": {
        "type": "Point",
        "coordinates": [
          1.9822441502732255,
          41.26394808843375
        ]
      },
      "properties": {
        "date": "2025-01-01"
      }
    },
    {
      "type": "Feature",
      "geometry": {
        "type": "Point",
        "coordinates": [
          1.9822672237704932,
          41.26394808843375
        ]
      },
      "properties": {
        "date": "2025-01-01"
      }
    },
    {
      "type": "Feature",
      "geometry": {
        "type": "Point",
        "coordinates": [
          1.9822902972677612,
          41.26394808843375
        ]
      },
      "properties": {
        "date": "2025-01-01"
      }
    },
    {
      "type": "Feature",
      "geometry": {
        "type": "Point",
        "coordinates": [
          1.982313370765029,
          41.26394808843375
        ]
      },
      "properties": {
        "date": "2025-01-01"
      }
    },
    {
      "type": "Feature",
      "geometry": {
        "type": "Point",
        "coordinates": [
          1.9823364442622966,
          41.26394808843375
        ]
      },
      "properties": {
        "date": "2025-01-01"
      }
    },
    {
      "type": "Feature",
      "geometry": {
        "type": "Point",
        "coordinates": [
          1.9823595177595643,
          41.26394808843375
        ]
      },
      "properties": {
        "date": "2025-01-01"
      }
    },
    {
      "type": "Feature",
      "geometry": {
        "type": "Point",
        "coordinates": [
          1.982382591256832,
          41.26394808843375
        ]
      },
      "properties": {
        "date": "2025-01-01"
      }
    },
    {
      "type": "Feature",
      "geometry": {
        "type": "Point",
        "coordinates": [
          1.9825210322404387,
          41.26394808843375
        ]
      },
      "properties": {
        "date": "2025-01-01"
      }
    },
    {
      "type": "Feature",
      "geometry": {
        "type": "Point",
        "coordinates": [
          1.9825441057377065,
          41.26394808843375
        ]
      },
      "properties": {
        "date": "2025-01-01"
      }
    },
    {
      "type": "Feature",
      "geometry": {
        "type": "Point",
        "coordinates": [
          1.9825671792349742,
          41.26394808843375
        ]
      },
      "properties": {
        "date": "2025-01-01"
      }
    },
    {
      "type": "Feature",
      "geometry": {
        "type": "Point",
        "coordinates": [
          1.9825902527322419,
          41.26394808843375
        ]
      },
      "properties": {
        "date": "2025-01-01"
      }
    },
    {
      "type": "Feature",
      "geometry": {
        "type": "Point",
        "coordinates": [
          1.9826133262295098,
          41.26394808843375
        ]
      },
      "properties": {
        "date": "2025-01-01"
      }
    },
    {
      "type": "Feature",
      "geometry": {
        "type": "Point",
        "coordinates": [
          1.9826363997267775,
          41.26394808843375
        ]
      },
      "properties": {
        "date": "2025-01-01"
      }
    },
    {
      "type": "Feature",
      "geometry": {
        "type": "Point",
        "coordinates": [
          1.9826594732240452,
          41.26394808843375
        ]
      },
      "properties": {
        "date": "2025-01-01"
      }
    },
    {
      "type": "Feature",
      "geometry": {
        "type": "Point",
        "coordinates": [
          1.982682546721313,
          41.26394808843375
        ]
      },
      "properties": {
        "date": "2025-01-01"
      }
    },
    {
      "type": "Feature",
      "geometry": {
        "type": "Point",
        "coordinates": [
          1.9827056202185807,
          41.26394808843375
        ]
      },
      "properties": {
        "date": "2025-01-01"
      }
    },
    {
      "type": "Feature",
      "geometry": {
        "type": "Point",
        "coordinates": [
          1.9827286937158486,
          41.26394808843375
        ]
      },
      "properties": {
        "date": "2025-01-01"
      }
    },
    {
      "type": "Feature",
      "geometry": {
        "type": "Point",
        "coordinates": [
          1.9827517672131163,
          41.26394808843375
        ]
      },
      "properties": {
        "date": "2025-01-01"
      }
    },
    {
      "type": "Feature",
      "geometry": {
        "type": "Point",
        "coordinates": [
          1.982774840710384,
          41.26394808843375
        ]
      },
      "properties": {
        "date": "2025-01-01"
      }
    },
    {
      "type": "Feature",
      "geometry": {
        "type": "Point",
        "coordinates": [
          1.9827979142076517,
          41.26394808843375
        ]
      },
      "properties": {
        "date": "2025-01-01"
      }
    },
    {
      "type": "Feature",
      "geometry": {
        "type": "Point",
        "coordinates": [
          1.9828209877049194,
          41.26394808843375
        ]
      },
      "properties": {
        "date": "2025-01-01"
      }
    },
    {
      "type": "Feature",
      "geometry": {
        "type": "Point",
        "coordinates": [
          1.9828440612021874,
          41.26394808843375
        ]
      },
      "properties": {
        "date": "2025-01-01"
      }
    },
    {
      "type": "Feature",
      "geometry": {
        "type": "Point",
        "coordinates": [
          1.9831209431694004,
          41.26394808843375
        ]
      },
      "properties": {
        "date": "2025-01-01"
      }
    },
    {
      "type": "Feature",
      "geometry": {
        "type": "Point",
        "coordinates": [
          1.9831440166666683,
          41.26394808843375
        ]
      },
      "properties": {
        "date": "2025-01-01"
      }
    },
    {
      "type": "Feature",
      "geometry": {
        "type": "Point",
        "coordinates": [
          1.983167090163936,
          41.26394808843375
        ]
      },
      "properties": {
        "date": "2025-01-01"
      }
    },
    {
      "type": "Feature",
      "geometry": {
        "type": "Point",
        "coordinates": [
          1.9831901636612037,
          41.26394808843375
        ]
      },
      "properties": {
        "date": "2025-01-01"
      }
    },
    {
      "type": "Feature",
      "geometry": {
        "type": "Point",
        "coordinates": [
          1.9832132371584714,
          41.26394808843375
        ]
      },
      "properties": {
        "date": "2025-01-01"
      }
    },
    {
      "type": "Feature",
      "geometry": {
        "type": "Point",
        "coordinates": [
          1.9832363106557391,
          41.26394808843375
        ]
      },
      "properties": {
        "date": "2025-01-01"
      }
    },
    {
      "type": "Feature",
      "geometry": {
        "type": "Point",
        "coordinates": [
          1.983259384153007,
          41.26394808843375
        ]
      },
      "properties": {
        "date": "2025-01-01"
      }
    },
    {
      "type": "Feature",
      "geometry": {
        "type": "Point",
        "coordinates": [
          1.9832824576502748,
          41.26394808843375
        ]
      },
      "properties": {
        "date": "2025-01-01"
      }
    },
    {
      "type": "Feature",
      "geometry": {
        "type": "Point",
        "coordinates": [
          1.9833055311475425,
          41.26394808843375
        ]
      },
      "properties": {
        "date": "2025-01-01"
      }
    },
    {
      "type": "Feature",
      "geometry": {
        "type": "Point",
        "coordinates": [
          1.9833286046448102,
          41.26394808843375
        ]
      },
      "properties": {
        "date": "2025-01-01"
      }
    },
    {
      "type": "Feature",
      "geometry": {
        "type": "Point",
        "coordinates": [
          1.983351678142078,
          41.26394808843375
        ]
      },
      "properties": {
        "date": "2025-01-01"
      }
    },
    {
      "type": "Feature",
      "geometry": {
        "type": "Point",
        "coordinates": [
          1.9833747516393458,
          41.26394808843375
        ]
      },
      "properties": {
        "date": "2025-01-01"
      }
    },
    {
      "type": "Feature",
      "geometry": {
        "type": "Point",
        "coordinates": [
          1.9833978251366136,
          41.26394808843375
        ]
      },
      "properties": {
        "date": "2025-01-01"
      }
    },
    {
      "type": "Feature",
      "geometry": {
        "type": "Point",
        "coordinates": [
          1.9834208986338813,
          41.26394808843375
        ]
      },
      "properties": {
        "date": "2025-01-01"
      }
    },
    {
      "type": "Feature",
      "geometry": {
        "type": "Point",
        "coordinates": [
          1.983443972131149,
          41.26394808843375
        ]
      },
      "properties": {
        "date": "2025-01-01"
      }
    },
    {
      "type": "Feature",
      "geometry": {
        "type": "Point",
        "coordinates": [
          1.983467045628417,
          41.26394808843375
        ]
      },
      "properties": {
        "date": "2025-01-01"
      }
    },
    {
      "type": "Feature",
      "geometry": {
        "type": "Point",
        "coordinates": [
          1.9834901191256846,
          41.26394808843375
        ]
      },
      "properties": {
        "date": "2025-01-01"
      }
    },
    {
      "type": "Feature",
      "geometry": {
        "type": "Point",
        "coordinates": [
          1.9835131926229523,
          41.26394808843375
        ]
      },
      "properties": {
        "date": "2025-01-01"
      }
    },
    {
      "type": "Feature",
      "geometry": {
        "type": "Point",
        "coordinates": [
          1.98353626612022,
          41.26394808843375
        ]
      },
      "properties": {
        "date": "2025-01-01"
      }
    },
    {
      "type": "Feature",
      "geometry": {
        "type": "Point",
        "coordinates": [
          1.9835593396174878,
          41.26394808843375
        ]
      },
      "properties": {
        "date": "2025-01-01"
      }
    },
    {
      "type": "Feature",
      "geometry": {
        "type": "Point",
        "coordinates": [
          1.9835824131147557,
          41.26394808843375
        ]
      },
      "properties": {
        "date": "2025-01-01"
      }
    },
    {
      "type": "Feature",
      "geometry": {
        "type": "Point",
        "coordinates": [
          1.9836054866120234,
          41.26394808843375
        ]
      },
      "properties": {
        "date": "2025-01-01"
      }
    },
    {
      "type": "Feature",
      "geometry": {
        "type": "Point",
        "coordinates": [
          1.9836285601092911,
          41.26394808843375
        ]
      },
      "properties": {
        "date": "2025-01-01"
      }
    },
    {
      "type": "Feature",
      "geometry": {
        "type": "Point",
        "coordinates": [
          1.9836516336065588,
          41.26394808843375
        ]
      },
      "properties": {
        "date": "2025-01-01"
      }
    },
    {
      "type": "Feature",
      "geometry": {
        "type": "Point",
        "coordinates": [
          1.9836747071038265,
          41.26394808843375
        ]
      },
      "properties": {
        "date": "2025-01-01"
      }
    },
    {
      "type": "Feature",
      "geometry": {
        "type": "Point",
        "coordinates": [
          1.9836977806010945,
          41.26394808843375
        ]
      },
      "properties": {
        "date": "2025-01-01"
      }
    },
    {
      "type": "Feature",
      "geometry": {
        "type": "Point",
        "coordinates": [
          1.9837208540983622,
          41.26394808843375
        ]
      },
      "properties": {
        "date": "2025-01-01"
      }
    },
    {
      "type": "Feature",
      "geometry": {
        "type": "Point",
        "coordinates": [
          1.98374392759563,
          41.26394808843375
        ]
      },
      "properties": {
        "date": "2025-01-01"
      }
    },
    {
      "type": "Feature",
      "geometry": {
        "type": "Point",
        "coordinates": [
          1.9837670010928976,
          41.26394808843375
        ]
      },
      "properties": {
        "date": "2025-01-01"
      }
    },
    {
      "type": "Feature",
      "geometry": {
        "type": "Point",
        "coordinates": [
          1.9837900745901655,
          41.26394808843375
        ]
      },
      "properties": {
        "date": "2025-01-01"
      }
    },
    {
      "type": "Feature",
      "geometry": {
        "type": "Point",
        "coordinates": [
          1.9838131480874333,
          41.26394808843375
        ]
      },
      "properties": {
        "date": "2025-01-01"
      }
    },
    {
      "type": "Feature",
      "geometry": {
        "type": "Point",
        "coordinates": [
          1.983836221584701,
          41.26394808843375
        ]
      },
      "properties": {
        "date": "2025-01-01"
      }
    },
    {
      "type": "Feature",
      "geometry": {
        "type": "Point",
        "coordinates": [
          1.9838592950819687,
          41.26394808843375
        ]
      },
      "properties": {
        "date": "2025-01-01"
      }
    },
    {
      "type": "Feature",
      "geometry": {
        "type": "Point",
        "coordinates": [
          1.9838823685792364,
          41.26394808843375
        ]
      },
      "properties": {
        "date": "2025-01-01"
      }
    },
    {
      "type": "Feature",
      "geometry": {
        "type": "Point",
        "coordinates": [
          1.9839054420765043,
          41.26394808843375
        ]
      },
      "properties": {
        "date": "2025-01-01"
      }
    },
    {
      "type": "Feature",
      "geometry": {
        "type": "Point",
        "coordinates": [
          1.983928515573772,
          41.26394808843375
        ]
      },
      "properties": {
        "date": "2025-01-01"
      }
    },
    {
      "type": "Feature",
      "geometry": {
        "type": "Point",
        "coordinates": [
          1.9839515890710397,
          41.26394808843375
        ]
      },
      "properties": {
        "date": "2025-01-01"
      }
    },
    {
      "type": "Feature",
      "geometry": {
        "type": "Point",
        "coordinates": [
          1.9839746625683075,
          41.26394808843375
        ]
      },
      "properties": {
        "date": "2025-01-01"
      }
    },
    {
      "type": "Feature",
      "geometry": {
        "type": "Point",
        "coordinates": [
          1.9839977360655752,
          41.26394808843375
        ]
      },
      "properties": {
        "date": "2025-01-01"
      }
    },
    {
      "type": "Feature",
      "geometry": {
        "type": "Point",
        "coordinates": [
          1.984020809562843,
          41.26394808843375
        ]
      },
      "properties": {
        "date": "2025-01-01"
      }
    },
    {
      "type": "Feature",
      "geometry": {
        "type": "Point",
        "coordinates": [
          1.9840438830601108,
          41.26394808843375
        ]
      },
      "properties": {
        "date": "2025-01-01"
      }
    },
    {
      "type": "Feature",
      "geometry": {
        "type": "Point",
        "coordinates": [
          1.9840669565573785,
          41.26394808843375
        ]
      },
      "properties": {
        "date": "2025-01-01"
      }
    },
    {
      "type": "Feature",
      "geometry": {
        "type": "Point",
        "coordinates": [
          1.9840900300546462,
          41.26394808843375
        ]
      },
      "properties": {
        "date": "2025-01-01"
      }
    },
    {
      "type": "Feature",
      "geometry": {
        "type": "Point",
        "coordinates": [
          1.9841131035519142,
          41.26394808843375
        ]
      },
      "properties": {
        "date": "2025-01-01"
      }
    },
    {
      "type": "Feature",
      "geometry": {
        "type": "Point",
        "coordinates": [
          1.9841361770491819,
          41.26394808843375
        ]
      },
      "properties": {
        "date": "2025-01-01"
      }
    },
    {
      "type": "Feature",
      "geometry": {
        "type": "Point",
        "coordinates": [
          1.9841592505464496,
          41.26394808843375
        ]
      },
      "properties": {
        "date": "2025-01-01"
      }
    },
    {
      "type": "Feature",
      "geometry": {
        "type": "Point",
        "coordinates": [
          1.9841823240437173,
          41.26394808843375
        ]
      },
      "properties": {
        "date": "2025-01-01"
      }
    },
    {
      "type": "Feature",
      "geometry": {
        "type": "Point",
        "coordinates": [
          1.984205397540985,
          41.26394808843375
        ]
      },
      "properties": {
        "date": "2025-01-01"
      }
    },
    {
      "type": "Feature",
      "geometry": {
        "type": "Point",
        "coordinates": [
          1.984228471038253,
          41.26394808843375
        ]
      },
      "properties": {
        "date": "2025-01-01"
      }
    },
    {
      "type": "Feature",
      "geometry": {
        "type": "Point",
        "coordinates": [
          1.9842515445355207,
          41.26394808843375
        ]
      },
      "properties": {
        "date": "2025-01-01"
      }
    },
    {
      "type": "Feature",
      "geometry": {
        "type": "Point",
        "coordinates": [
          1.9842746180327884,
          41.26394808843375
        ]
      },
      "properties": {
        "date": "2025-01-01"
      }
    },
    {
      "type": "Feature",
      "geometry": {
        "type": "Point",
        "coordinates": [
          1.984297691530056,
          41.26394808843375
        ]
      },
      "properties": {
        "date": "2025-01-01"
      }
    },
    {
      "type": "Feature",
      "geometry": {
        "type": "Point",
        "coordinates": [
          1.984320765027324,
          41.26394808843375
        ]
      },
      "properties": {
        "date": "2025-01-01"
      }
    },
    {
      "type": "Feature",
      "geometry": {
        "type": "Point",
        "coordinates": [
          1.9843438385245917,
          41.26394808843375
        ]
      },
      "properties": {
        "date": "2025-01-01"
      }
    },
    {
      "type": "Feature",
      "geometry": {
        "type": "Point",
        "coordinates": [
          1.9843669120218594,
          41.26394808843375
        ]
      },
      "properties": {
        "date": "2025-01-01"
      }
    },
    {
      "type": "Feature",
      "geometry": {
        "type": "Point",
        "coordinates": [
          1.9843899855191272,
          41.26394808843375
        ]
      },
      "properties": {
        "date": "2025-01-01"
      }
    },
    {
      "type": "Feature",
      "geometry": {
        "type": "Point",
        "coordinates": [
          1.9844130590163949,
          41.26394808843375
        ]
      },
      "properties": {
        "date": "2025-01-01"
      }
    },
    {
      "type": "Feature",
      "geometry": {
        "type": "Point",
        "coordinates": [
          1.9851514109289632,
          41.26394808843375
        ]
      },
      "properties": {
        "date": "2025-01-01"
      }
    },
    {
      "type": "Feature",
      "geometry": {
        "type": "Point",
        "coordinates": [
          1.985174484426231,
          41.26394808843375
        ]
      },
      "properties": {
        "date": "2025-01-01"
      }
    },
    {
      "type": "Feature",
      "geometry": {
        "type": "Point",
        "coordinates": [
          1.9851975579234988,
          41.26394808843375
        ]
      },
      "properties": {
        "date": "2025-01-01"
      }
    },
    {
      "type": "Feature",
      "geometry": {
        "type": "Point",
        "coordinates": [
          1.9852206314207665,
          41.26394808843375
        ]
      },
      "properties": {
        "date": "2025-01-01"
      }
    },
    {
      "type": "Feature",
      "geometry": {
        "type": "Point",
        "coordinates": [
          1.9852437049180343,
          41.26394808843375
        ]
      },
      "properties": {
        "date": "2025-01-01"
      }
    },
    {
      "type": "Feature",
      "geometry": {
        "type": "Point",
        "coordinates": [
          1.985266778415302,
          41.26394808843375
        ]
      },
      "properties": {
        "date": "2025-01-01"
      }
    },
    {
      "type": "Feature",
      "geometry": {
        "type": "Point",
        "coordinates": [
          1.98528985191257,
          41.26394808843375
        ]
      },
      "properties": {
        "date": "2025-01-01"
      }
    },
    {
      "type": "Feature",
      "geometry": {
        "type": "Point",
        "coordinates": [
          1.9853129254098376,
          41.26394808843375
        ]
      },
      "properties": {
        "date": "2025-01-01"
      }
    },
    {
      "type": "Feature",
      "geometry": {
        "type": "Point",
        "coordinates": [
          1.9853359989071053,
          41.26394808843375
        ]
      },
      "properties": {
        "date": "2025-01-01"
      }
    },
    {
      "type": "Feature",
      "geometry": {
        "type": "Point",
        "coordinates": [
          1.985359072404373,
          41.26394808843375
        ]
      },
      "properties": {
        "date": "2025-01-01"
      }
    },
    {
      "type": "Feature",
      "geometry": {
        "type": "Point",
        "coordinates": [
          1.9853821459016407,
          41.26394808843375
        ]
      },
      "properties": {
        "date": "2025-01-01"
      }
    },
    {
      "type": "Feature",
      "geometry": {
        "type": "Point",
        "coordinates": [
          1.9854052193989087,
          41.26394808843375
        ]
      },
      "properties": {
        "date": "2025-01-01"
      }
    },
    {
      "type": "Feature",
      "geometry": {
        "type": "Point",
        "coordinates": [
          1.9854282928961764,
          41.26394808843375
        ]
      },
      "properties": {
        "date": "2025-01-01"
      }
    },
    {
      "type": "Feature",
      "geometry": {
        "type": "Point",
        "coordinates": [
          1.985451366393444,
          41.26394808843375
        ]
      },
      "properties": {
        "date": "2025-01-01"
      }
    },
    {
      "type": "Feature",
      "geometry": {
        "type": "Point",
        "coordinates": [
          1.9854744398907118,
          41.26394808843375
        ]
      },
      "properties": {
        "date": "2025-01-01"
      }
    },
    {
      "type": "Feature",
      "geometry": {
        "type": "Point",
        "coordinates": [
          1.9854975133879798,
          41.26394808843375
        ]
      },
      "properties": {
        "date": "2025-01-01"
      }
    },
    {
      "type": "Feature",
      "geometry": {
        "type": "Point",
        "coordinates": [
          1.9855205868852475,
          41.26394808843375
        ]
      },
      "properties": {
        "date": "2025-01-01"
      }
    },
    {
      "type": "Feature",
      "geometry": {
        "type": "Point",
        "coordinates": [
          1.9855436603825152,
          41.26394808843375
        ]
      },
      "properties": {
        "date": "2025-01-01"
      }
    },
    {
      "type": "Feature",
      "geometry": {
        "type": "Point",
        "coordinates": [
          1.9855667338797829,
          41.26394808843375
        ]
      },
      "properties": {
        "date": "2025-01-01"
      }
    },
    {
      "type": "Feature",
      "geometry": {
        "type": "Point",
        "coordinates": [
          1.9855898073770506,
          41.26394808843375
        ]
      },
      "properties": {
        "date": "2025-01-01"
      }
    },
    {
      "type": "Feature",
      "geometry": {
        "type": "Point",
        "coordinates": [
          1.9856128808743185,
          41.26394808843375
        ]
      },
      "properties": {
        "date": "2025-01-01"
      }
    },
    {
      "type": "Feature",
      "geometry": {
        "type": "Point",
        "coordinates": [
          1.9856359543715862,
          41.26394808843375
        ]
      },
      "properties": {
        "date": "2025-01-01"
      }
    },
    {
      "type": "Feature",
      "geometry": {
        "type": "Point",
        "coordinates": [
          1.985659027868854,
          41.26394808843375
        ]
      },
      "properties": {
        "date": "2025-01-01"
      }
    },
    {
      "type": "Feature",
      "geometry": {
        "type": "Point",
        "coordinates": [
          1.9856821013661217,
          41.26394808843375
        ]
      },
      "properties": {
        "date": "2025-01-01"
      }
    },
    {
      "type": "Feature",
      "geometry": {
        "type": "Point",
        "coordinates": [
          1.9857051748633894,
          41.26394808843375
        ]
      },
      "properties": {
        "date": "2025-01-01"
      }
    },
    {
      "type": "Feature",
      "geometry": {
        "type": "Point",
        "coordinates": [
          1.9857282483606573,
          41.26394808843375
        ]
      },
      "properties": {
        "date": "2025-01-01"
      }
    },
    {
      "type": "Feature",
      "geometry": {
        "type": "Point",
        "coordinates": [
          1.985751321857925,
          41.26394808843375
        ]
      },
      "properties": {
        "date": "2025-01-01"
      }
    },
    {
      "type": "Feature",
      "geometry": {
        "type": "Point",
        "coordinates": [
          1.9857743953551927,
          41.26394808843375
        ]
      },
      "properties": {
        "date": "2025-01-01"
      }
    },
    {
      "type": "Feature",
      "geometry": {
        "type": "Point",
        "coordinates": [
          1.9857974688524604,
          41.26394808843375
        ]
      },
      "properties": {
        "date": "2025-01-01"
      }
    },
    {
      "type": "Feature",
      "geometry": {
        "type": "Point",
        "coordinates": [
          1.9858205423497282,
          41.26394808843375
        ]
      },
      "properties": {
        "date": "2025-01-01"
      }
    },
    {
      "type": "Feature",
      "geometry": {
        "type": "Point",
        "coordinates": [
          1.985843615846996,
          41.26394808843375
        ]
      },
      "properties": {
        "date": "2025-01-01"
      }
    },
    {
      "type": "Feature",
      "geometry": {
        "type": "Point",
        "coordinates": [
          1.9858666893442638,
          41.26394808843375
        ]
      },
      "properties": {
        "date": "2025-01-01"
      }
    },
    {
      "type": "Feature",
      "geometry": {
        "type": "Point",
        "coordinates": [
          1.9858897628415315,
          41.26394808843375
        ]
      },
      "properties": {
        "date": "2025-01-01"
      }
    },
    {
      "type": "Feature",
      "geometry": {
        "type": "Point",
        "coordinates": [
          1.9859128363387992,
          41.26394808843375
        ]
      },
      "properties": {
        "date": "2025-01-01"
      }
    },
    {
      "type": "Feature",
      "geometry": {
        "type": "Point",
        "coordinates": [
          1.9859359098360672,
          41.26394808843375
        ]
      },
      "properties": {
        "date": "2025-01-01"
      }
    },
    {
      "type": "Feature",
      "geometry": {
        "type": "Point",
        "coordinates": [
          1.9859589833333349,
          41.26394808843375
        ]
      },
      "properties": {
        "date": "2025-01-01"
      }
    },
    {
      "type": "Feature",
      "geometry": {
        "type": "Point",
        "coordinates": [
          1.9859820568306026,
          41.26394808843375
        ]
      },
      "properties": {
        "date": "2025-01-01"
      }
    },
    {
      "type": "Feature",
      "geometry": {
        "type": "Point",
        "coordinates": [
          1.9860051303278703,
          41.26394808843375
        ]
      },
      "properties": {
        "date": "2025-01-01"
      }
    },
    {
      "type": "Feature",
      "geometry": {
        "type": "Point",
        "coordinates": [
          1.986028203825138,
          41.26394808843375
        ]
      },
      "properties": {
        "date": "2025-01-01"
      }
    },
    {
      "type": "Feature",
      "geometry": {
        "type": "Point",
        "coordinates": [
          1.986051277322406,
          41.26394808843375
        ]
      },
      "properties": {
        "date": "2025-01-01"
      }
    },
    {
      "type": "Feature",
      "geometry": {
        "type": "Point",
        "coordinates": [
          1.9860743508196737,
          41.26394808843375
        ]
      },
      "properties": {
        "date": "2025-01-01"
      }
    },
    {
      "type": "Feature",
      "geometry": {
        "type": "Point",
        "coordinates": [
          1.9860974243169414,
          41.26394808843375
        ]
      },
      "properties": {
        "date": "2025-01-01"
      }
    },
    {
      "type": "Feature",
      "geometry": {
        "type": "Point",
        "coordinates": [
          1.986120497814209,
          41.26394808843375
        ]
      },
      "properties": {
        "date": "2025-01-01"
      }
    },
    {
      "type": "Feature",
      "geometry": {
        "type": "Point",
        "coordinates": [
          1.986143571311477,
          41.26394808843375
        ]
      },
      "properties": {
        "date": "2025-01-01"
      }
    },
    {
      "type": "Feature",
      "geometry": {
        "type": "Point",
        "coordinates": [
          1.9861666448087447,
          41.26394808843375
        ]
      },
      "properties": {
        "date": "2025-01-01"
      }
    },
    {
      "type": "Feature",
      "geometry": {
        "type": "Point",
        "coordinates": [
          1.9861897183060124,
          41.26394808843375
        ]
      },
      "properties": {
        "date": "2025-01-01"
      }
    },
    {
      "type": "Feature",
      "geometry": {
        "type": "Point",
        "coordinates": [
          1.9862127918032801,
          41.26394808843375
        ]
      },
      "properties": {
        "date": "2025-01-01"
      }
    },
    {
      "type": "Feature",
      "geometry": {
        "type": "Point",
        "coordinates": [
          1.9862358653005479,
          41.26394808843375
        ]
      },
      "properties": {
        "date": "2025-01-01"
      }
    },
    {
      "type": "Feature",
      "geometry": {
        "type": "Point",
        "coordinates": [
          1.9862589387978158,
          41.26394808843375
        ]
      },
      "properties": {
        "date": "2025-01-01"
      }
    },
    {
      "type": "Feature",
      "geometry": {
        "type": "Point",
        "coordinates": [
          1.9862820122950835,
          41.26394808843375
        ]
      },
      "properties": {
        "date": "2025-01-01"
      }
    },
    {
      "type": "Feature",
      "geometry": {
        "type": "Point",
        "coordinates": [
          1.9863050857923512,
          41.26394808843375
        ]
      },
      "properties": {
        "date": "2025-01-01"
      }
    },
    {
      "type": "Feature",
      "geometry": {
        "type": "Point",
        "coordinates": [
          1.986328159289619,
          41.26394808843375
        ]
      },
      "properties": {
        "date": "2025-01-01"
      }
    },
    {
      "type": "Feature",
      "geometry": {
        "type": "Point",
        "coordinates": [
          1.9863512327868866,
          41.26394808843375
        ]
      },
      "properties": {
        "date": "2025-01-01"
      }
    },
    {
      "type": "Feature",
      "geometry": {
        "type": "Point",
        "coordinates": [
          1.9863743062841546,
          41.26394808843375
        ]
      },
      "properties": {
        "date": "2025-01-01"
      }
    },
    {
      "type": "Feature",
      "geometry": {
        "type": "Point",
        "coordinates": [
          1.9863973797814223,
          41.26394808843375
        ]
      },
      "properties": {
        "date": "2025-01-01"
      }
    },
    {
      "type": "Feature",
      "geometry": {
        "type": "Point",
        "coordinates": [
          1.98642045327869,
          41.26394808843375
        ]
      },
      "properties": {
        "date": "2025-01-01"
      }
    },
    {
      "type": "Feature",
      "geometry": {
        "type": "Point",
        "coordinates": [
          1.9864435267759577,
          41.26394808843375
        ]
      },
      "properties": {
        "date": "2025-01-01"
      }
    },
    {
      "type": "Feature",
      "geometry": {
        "type": "Point",
        "coordinates": [
          1.9864666002732256,
          41.26394808843375
        ]
      },
      "properties": {
        "date": "2025-01-01"
      }
    },
    {
      "type": "Feature",
      "geometry": {
        "type": "Point",
        "coordinates": [
          1.9864896737704933,
          41.26394808843375
        ]
      },
      "properties": {
        "date": "2025-01-01"
      }
    },
    {
      "type": "Feature",
      "geometry": {
        "type": "Point",
        "coordinates": [
          1.986512747267761,
          41.26394808843375
        ]
      },
      "properties": {
        "date": "2025-01-01"
      }
    },
    {
      "type": "Feature",
      "geometry": {
        "type": "Point",
        "coordinates": [
          1.9865358207650288,
          41.26394808843375
        ]
      },
      "properties": {
        "date": "2025-01-01"
      }
    },
    {
      "type": "Feature",
      "geometry": {
        "type": "Point",
        "coordinates": [
          1.9865588942622965,
          41.26394808843375
        ]
      },
      "properties": {
        "date": "2025-01-01"
      }
    },
    {
      "type": "Feature",
      "geometry": {
        "type": "Point",
        "coordinates": [
          1.9865819677595644,
          41.26394808843375
        ]
      },
      "properties": {
        "date": "2025-01-01"
      }
    },
    {
      "type": "Feature",
      "geometry": {
        "type": "Point",
        "coordinates": [
          1.9866050412568321,
          41.26394808843375
        ]
      },
      "properties": {
        "date": "2025-01-01"
      }
    },
    {
      "type": "Feature",
      "geometry": {
        "type": "Point",
        "coordinates": [
          1.9866281147540998,
          41.26394808843375
        ]
      },
      "properties": {
        "date": "2025-01-01"
      }
    },
    {
      "type": "Feature",
      "geometry": {
        "type": "Point",
        "coordinates": [
          1.9866511882513676,
          41.26394808843375
        ]
      },
      "properties": {
        "date": "2025-01-01"
      }
    },
    {
      "type": "Feature",
      "geometry": {
        "type": "Point",
        "coordinates": [
          1.9866742617486355,
          41.26394808843375
        ]
      },
      "properties": {
        "date": "2025-01-01"
      }
    },
    {
      "type": "Feature",
      "geometry": {
        "type": "Point",
        "coordinates": [
          1.9866973352459032,
          41.26394808843375
        ]
      },
      "properties": {
        "date": "2025-01-01"
      }
    },
    {
      "type": "Feature",
      "geometry": {
        "type": "Point",
        "coordinates": [
          1.986720408743171,
          41.26394808843375
        ]
      },
      "properties": {
        "date": "2025-01-01"
      }
    },
    {
      "type": "Feature",
      "geometry": {
        "type": "Point",
        "coordinates": [
          1.9867434822404386,
          41.26394808843375
        ]
      },
      "properties": {
        "date": "2025-01-01"
      }
    },
    {
      "type": "Feature",
      "geometry": {
        "type": "Point",
        "coordinates": [
          1.9867665557377063,
          41.26394808843375
        ]
      },
      "properties": {
        "date": "2025-01-01"
      }
    },
    {
      "type": "Feature",
      "geometry": {
        "type": "Point",
        "coordinates": [
          1.9867896292349743,
          41.26394808843375
        ]
      },
      "properties": {
        "date": "2025-01-01"
      }
    },
    {
      "type": "Feature",
      "geometry": {
        "type": "Point",
        "coordinates": [
          1.986812702732242,
          41.26394808843375
        ]
      },
      "properties": {
        "date": "2025-01-01"
      }
    },
    {
      "type": "Feature",
      "geometry": {
        "type": "Point",
        "coordinates": [
          1.9868357762295097,
          41.26394808843375
        ]
      },
      "properties": {
        "date": "2025-01-01"
      }
    },
    {
      "type": "Feature",
      "geometry": {
        "type": "Point",
        "coordinates": [
          1.9868588497267774,
          41.26394808843375
        ]
      },
      "properties": {
        "date": "2025-01-01"
      }
    },
    {
      "type": "Feature",
      "geometry": {
        "type": "Point",
        "coordinates": [
          1.986881923224045,
          41.26394808843375
        ]
      },
      "properties": {
        "date": "2025-01-01"
      }
    },
    {
      "type": "Feature",
      "geometry": {
        "type": "Point",
        "coordinates": [
          1.986904996721313,
          41.26394808843375
        ]
      },
      "properties": {
        "date": "2025-01-01"
      }
    },
    {
      "type": "Feature",
      "geometry": {
        "type": "Point",
        "coordinates": [
          1.9924195625683074,
          41.26394808843375
        ]
      },
      "properties": {
        "date": "2025-01-01"
      }
    },
    {
      "type": "Feature",
      "geometry": {
        "type": "Point",
        "coordinates": [
          1.9924426360655751,
          41.26394808843375
        ]
      },
      "properties": {
        "date": "2025-01-01"
      }
    },
    {
      "type": "Feature",
      "geometry": {
        "type": "Point",
        "coordinates": [
          1.992465709562843,
          41.26394808843375
        ]
      },
      "properties": {
        "date": "2025-01-01"
      }
    },
    {
      "type": "Feature",
      "geometry": {
        "type": "Point",
        "coordinates": [
          1.9924887830601108,
          41.26394808843375
        ]
      },
      "properties": {
        "date": "2025-01-01"
      }
    },
    {
      "type": "Feature",
      "geometry": {
        "type": "Point",
        "coordinates": [
          1.9925118565573785,
          41.26394808843375
        ]
      },
      "properties": {
        "date": "2025-01-01"
      }
    },
    {
      "type": "Feature",
      "geometry": {
        "type": "Point",
        "coordinates": [
          1.9925349300546462,
          41.26394808843375
        ]
      },
      "properties": {
        "date": "2025-01-01"
      }
    },
    {
      "type": "Feature",
      "geometry": {
        "type": "Point",
        "coordinates": [
          1.992558003551914,
          41.26394808843375
        ]
      },
      "properties": {
        "date": "2025-01-01"
      }
    },
    {
      "type": "Feature",
      "geometry": {
        "type": "Point",
        "coordinates": [
          1.9925810770491819,
          41.26394808843375
        ]
      },
      "properties": {
        "date": "2025-01-01"
      }
    },
    {
      "type": "Feature",
      "geometry": {
        "type": "Point",
        "coordinates": [
          1.9926041505464496,
          41.26394808843375
        ]
      },
      "properties": {
        "date": "2025-01-01"
      }
    },
    {
      "type": "Feature",
      "geometry": {
        "type": "Point",
        "coordinates": [
          1.9926272240437173,
          41.26394808843375
        ]
      },
      "properties": {
        "date": "2025-01-01"
      }
    },
    {
      "type": "Feature",
      "geometry": {
        "type": "Point",
        "coordinates": [
          1.992650297540985,
          41.26394808843375
        ]
      },
      "properties": {
        "date": "2025-01-01"
      }
    },
    {
      "type": "Feature",
      "geometry": {
        "type": "Point",
        "coordinates": [
          1.992673371038253,
          41.26394808843375
        ]
      },
      "properties": {
        "date": "2025-01-01"
      }
    },
    {
      "type": "Feature",
      "geometry": {
        "type": "Point",
        "coordinates": [
          1.9926964445355206,
          41.26394808843375
        ]
      },
      "properties": {
        "date": "2025-01-01"
      }
    },
    {
      "type": "Feature",
      "geometry": {
        "type": "Point",
        "coordinates": [
          1.9927195180327884,
          41.26394808843375
        ]
      },
      "properties": {
        "date": "2025-01-01"
      }
    },
    {
      "type": "Feature",
      "geometry": {
        "type": "Point",
        "coordinates": [
          1.992742591530056,
          41.26394808843375
        ]
      },
      "properties": {
        "date": "2025-01-01"
      }
    },
    {
      "type": "Feature",
      "geometry": {
        "type": "Point",
        "coordinates": [
          1.9927656650273238,
          41.26394808843375
        ]
      },
      "properties": {
        "date": "2025-01-01"
      }
    },
    {
      "type": "Feature",
      "geometry": {
        "type": "Point",
        "coordinates": [
          1.9927887385245917,
          41.26394808843375
        ]
      },
      "properties": {
        "date": "2025-01-01"
      }
    },
    {
      "type": "Feature",
      "geometry": {
        "type": "Point",
        "coordinates": [
          1.9928118120218594,
          41.26394808843375
        ]
      },
      "properties": {
        "date": "2025-01-01"
      }
    },
    {
      "type": "Feature",
      "geometry": {
        "type": "Point",
        "coordinates": [
          1.9928348855191271,
          41.26394808843375
        ]
      },
      "properties": {
        "date": "2025-01-01"
      }
    },
    {
      "type": "Feature",
      "geometry": {
        "type": "Point",
        "coordinates": [
          1.9928579590163948,
          41.26394808843375
        ]
      },
      "properties": {
        "date": "2025-01-01"
      }
    },
    {
      "type": "Feature",
      "geometry": {
        "type": "Point",
        "coordinates": [
          1.9928810325136626,
          41.26394808843375
        ]
      },
      "properties": {
        "date": "2025-01-01"
      }
    },
    {
      "type": "Feature",
      "geometry": {
        "type": "Point",
        "coordinates": [
          1.9508872674863404,
          41.26388818342464
        ]
      },
      "properties": {
        "date": "2025-01-01"
      }
    },
    {
      "type": "Feature",
      "geometry": {
        "type": "Point",
        "coordinates": [
          1.9509103409836082,
          41.26388818342464
        ]
      },
      "properties": {
        "date": "2025-01-01"
      }
    },
    {
      "type": "Feature",
      "geometry": {
        "type": "Point",
        "coordinates": [
          1.950933414480876,
          41.26388818342464
        ]
      },
      "properties": {
        "date": "2025-01-01"
      }
    },
    {
      "type": "Feature",
      "geometry": {
        "type": "Point",
        "coordinates": [
          1.9509564879781438,
          41.26388818342464
        ]
      },
      "properties": {
        "date": "2025-01-01"
      }
    },
    {
      "type": "Feature",
      "geometry": {
        "type": "Point",
        "coordinates": [
          1.9509795614754115,
          41.26388818342464
        ]
      },
      "properties": {
        "date": "2025-01-01"
      }
    },
    {
      "type": "Feature",
      "geometry": {
        "type": "Point",
        "coordinates": [
          1.9510026349726792,
          41.26388818342464
        ]
      },
      "properties": {
        "date": "2025-01-01"
      }
    },
    {
      "type": "Feature",
      "geometry": {
        "type": "Point",
        "coordinates": [
          1.951025708469947,
          41.26388818342464
        ]
      },
      "properties": {
        "date": "2025-01-01"
      }
    },
    {
      "type": "Feature",
      "geometry": {
        "type": "Point",
        "coordinates": [
          1.9510487819672149,
          41.26388818342464
        ]
      },
      "properties": {
        "date": "2025-01-01"
      }
    },
    {
      "type": "Feature",
      "geometry": {
        "type": "Point",
        "coordinates": [
          1.9510718554644826,
          41.26388818342464
        ]
      },
      "properties": {
        "date": "2025-01-01"
      }
    },
    {
      "type": "Feature",
      "geometry": {
        "type": "Point",
        "coordinates": [
          1.9510949289617503,
          41.26388818342464
        ]
      },
      "properties": {
        "date": "2025-01-01"
      }
    },
    {
      "type": "Feature",
      "geometry": {
        "type": "Point",
        "coordinates": [
          1.951118002459018,
          41.26388818342464
        ]
      },
      "properties": {
        "date": "2025-01-01"
      }
    },
    {
      "type": "Feature",
      "geometry": {
        "type": "Point",
        "coordinates": [
          1.951141075956286,
          41.26388818342464
        ]
      },
      "properties": {
        "date": "2025-01-01"
      }
    },
    {
      "type": "Feature",
      "geometry": {
        "type": "Point",
        "coordinates": [
          1.9511641494535537,
          41.26388818342464
        ]
      },
      "properties": {
        "date": "2025-01-01"
      }
    },
    {
      "type": "Feature",
      "geometry": {
        "type": "Point",
        "coordinates": [
          1.9511872229508214,
          41.26388818342464
        ]
      },
      "properties": {
        "date": "2025-01-01"
      }
    },
    {
      "type": "Feature",
      "geometry": {
        "type": "Point",
        "coordinates": [
          1.951210296448089,
          41.26388818342464
        ]
      },
      "properties": {
        "date": "2025-01-01"
      }
    },
    {
      "type": "Feature",
      "geometry": {
        "type": "Point",
        "coordinates": [
          1.9512333699453568,
          41.26388818342464
        ]
      },
      "properties": {
        "date": "2025-01-01"
      }
    },
    {
      "type": "Feature",
      "geometry": {
        "type": "Point",
        "coordinates": [
          1.9512564434426247,
          41.26388818342464
        ]
      },
      "properties": {
        "date": "2025-01-01"
      }
    },
    {
      "type": "Feature",
      "geometry": {
        "type": "Point",
        "coordinates": [
          1.9512795169398924,
          41.26388818342464
        ]
      },
      "properties": {
        "date": "2025-01-01"
      }
    },
    {
      "type": "Feature",
      "geometry": {
        "type": "Point",
        "coordinates": [
          1.9513025904371601,
          41.26388818342464
        ]
      },
      "properties": {
        "date": "2025-01-01"
      }
    },
    {
      "type": "Feature",
      "geometry": {
        "type": "Point",
        "coordinates": [
          1.9513256639344279,
          41.26388818342464
        ]
      },
      "properties": {
        "date": "2025-01-01"
      }
    },
    {
      "type": "Feature",
      "geometry": {
        "type": "Point",
        "coordinates": [
          1.9513487374316956,
          41.26388818342464
        ]
      },
      "properties": {
        "date": "2025-01-01"
      }
    },
    {
      "type": "Feature",
      "geometry": {
        "type": "Point",
        "coordinates": [
          1.9513718109289635,
          41.26388818342464
        ]
      },
      "properties": {
        "date": "2025-01-01"
      }
    },
    {
      "type": "Feature",
      "geometry": {
        "type": "Point",
        "coordinates": [
          1.9513948844262312,
          41.26388818342464
        ]
      },
      "properties": {
        "date": "2025-01-01"
      }
    },
    {
      "type": "Feature",
      "geometry": {
        "type": "Point",
        "coordinates": [
          1.951417957923499,
          41.26388818342464
        ]
      },
      "properties": {
        "date": "2025-01-01"
      }
    },
    {
      "type": "Feature",
      "geometry": {
        "type": "Point",
        "coordinates": [
          1.9514410314207666,
          41.26388818342464
        ]
      },
      "properties": {
        "date": "2025-01-01"
      }
    },
    {
      "type": "Feature",
      "geometry": {
        "type": "Point",
        "coordinates": [
          1.9514641049180346,
          41.26388818342464
        ]
      },
      "properties": {
        "date": "2025-01-01"
      }
    },
    {
      "type": "Feature",
      "geometry": {
        "type": "Point",
        "coordinates": [
          1.9514871784153023,
          41.26388818342464
        ]
      },
      "properties": {
        "date": "2025-01-01"
      }
    },
    {
      "type": "Feature",
      "geometry": {
        "type": "Point",
        "coordinates": [
          1.95151025191257,
          41.26388818342464
        ]
      },
      "properties": {
        "date": "2025-01-01"
      }
    },
    {
      "type": "Feature",
      "geometry": {
        "type": "Point",
        "coordinates": [
          1.9515333254098377,
          41.26388818342464
        ]
      },
      "properties": {
        "date": "2025-01-01"
      }
    },
    {
      "type": "Feature",
      "geometry": {
        "type": "Point",
        "coordinates": [
          1.9515563989071054,
          41.26388818342464
        ]
      },
      "properties": {
        "date": "2025-01-01"
      }
    },
    {
      "type": "Feature",
      "geometry": {
        "type": "Point",
        "coordinates": [
          1.9515794724043733,
          41.26388818342464
        ]
      },
      "properties": {
        "date": "2025-01-01"
      }
    },
    {
      "type": "Feature",
      "geometry": {
        "type": "Point",
        "coordinates": [
          1.951602545901641,
          41.26388818342464
        ]
      },
      "properties": {
        "date": "2025-01-01"
      }
    },
    {
      "type": "Feature",
      "geometry": {
        "type": "Point",
        "coordinates": [
          1.9516256193989088,
          41.26388818342464
        ]
      },
      "properties": {
        "date": "2025-01-01"
      }
    },
    {
      "type": "Feature",
      "geometry": {
        "type": "Point",
        "coordinates": [
          1.9516486928961765,
          41.26388818342464
        ]
      },
      "properties": {
        "date": "2025-01-01"
      }
    },
    {
      "type": "Feature",
      "geometry": {
        "type": "Point",
        "coordinates": [
          1.9516717663934442,
          41.26388818342464
        ]
      },
      "properties": {
        "date": "2025-01-01"
      }
    },
    {
      "type": "Feature",
      "geometry": {
        "type": "Point",
        "coordinates": [
          1.9516948398907121,
          41.26388818342464
        ]
      },
      "properties": {
        "date": "2025-01-01"
      }
    },
    {
      "type": "Feature",
      "geometry": {
        "type": "Point",
        "coordinates": [
          1.9517179133879798,
          41.26388818342464
        ]
      },
      "properties": {
        "date": "2025-01-01"
      }
    },
    {
      "type": "Feature",
      "geometry": {
        "type": "Point",
        "coordinates": [
          1.9517409868852476,
          41.26388818342464
        ]
      },
      "properties": {
        "date": "2025-01-01"
      }
    },
    {
      "type": "Feature",
      "geometry": {
        "type": "Point",
        "coordinates": [
          1.9517640603825153,
          41.26388818342464
        ]
      },
      "properties": {
        "date": "2025-01-01"
      }
    },
    {
      "type": "Feature",
      "geometry": {
        "type": "Point",
        "coordinates": [
          1.9517871338797832,
          41.26388818342464
        ]
      },
      "properties": {
        "date": "2025-01-01"
      }
    },
    {
      "type": "Feature",
      "geometry": {
        "type": "Point",
        "coordinates": [
          1.951810207377051,
          41.26388818342464
        ]
      },
      "properties": {
        "date": "2025-01-01"
      }
    },
    {
      "type": "Feature",
      "geometry": {
        "type": "Point",
        "coordinates": [
          1.9518332808743186,
          41.26388818342464
        ]
      },
      "properties": {
        "date": "2025-01-01"
      }
    },
    {
      "type": "Feature",
      "geometry": {
        "type": "Point",
        "coordinates": [
          1.9518563543715863,
          41.26388818342464
        ]
      },
      "properties": {
        "date": "2025-01-01"
      }
    },
    {
      "type": "Feature",
      "geometry": {
        "type": "Point",
        "coordinates": [
          1.951879427868854,
          41.26388818342464
        ]
      },
      "properties": {
        "date": "2025-01-01"
      }
    },
    {
      "type": "Feature",
      "geometry": {
        "type": "Point",
        "coordinates": [
          1.951902501366122,
          41.26388818342464
        ]
      },
      "properties": {
        "date": "2025-01-01"
      }
    },
    {
      "type": "Feature",
      "geometry": {
        "type": "Point",
        "coordinates": [
          1.9519255748633897,
          41.26388818342464
        ]
      },
      "properties": {
        "date": "2025-01-01"
      }
    },
    {
      "type": "Feature",
      "geometry": {
        "type": "Point",
        "coordinates": [
          1.9519486483606574,
          41.26388818342464
        ]
      },
      "properties": {
        "date": "2025-01-01"
      }
    },
    {
      "type": "Feature",
      "geometry": {
        "type": "Point",
        "coordinates": [
          1.9519717218579251,
          41.26388818342464
        ]
      },
      "properties": {
        "date": "2025-01-01"
      }
    },
    {
      "type": "Feature",
      "geometry": {
        "type": "Point",
        "coordinates": [
          1.9519947953551928,
          41.26388818342464
        ]
      },
      "properties": {
        "date": "2025-01-01"
      }
    },
    {
      "type": "Feature",
      "geometry": {
        "type": "Point",
        "coordinates": [
          1.9520178688524608,
          41.26388818342464
        ]
      },
      "properties": {
        "date": "2025-01-01"
      }
    },
    {
      "type": "Feature",
      "geometry": {
        "type": "Point",
        "coordinates": [
          1.9520409423497285,
          41.26388818342464
        ]
      },
      "properties": {
        "date": "2025-01-01"
      }
    },
    {
      "type": "Feature",
      "geometry": {
        "type": "Point",
        "coordinates": [
          1.9520640158469962,
          41.26388818342464
        ]
      },
      "properties": {
        "date": "2025-01-01"
      }
    },
    {
      "type": "Feature",
      "geometry": {
        "type": "Point",
        "coordinates": [
          1.952087089344264,
          41.26388818342464
        ]
      },
      "properties": {
        "date": "2025-01-01"
      }
    },
    {
      "type": "Feature",
      "geometry": {
        "type": "Point",
        "coordinates": [
          1.9521101628415318,
          41.26388818342464
        ]
      },
      "properties": {
        "date": "2025-01-01"
      }
    },
    {
      "type": "Feature",
      "geometry": {
        "type": "Point",
        "coordinates": [
          1.9521332363387995,
          41.26388818342464
        ]
      },
      "properties": {
        "date": "2025-01-01"
      }
    },
    {
      "type": "Feature",
      "geometry": {
        "type": "Point",
        "coordinates": [
          1.9521563098360672,
          41.26388818342464
        ]
      },
      "properties": {
        "date": "2025-01-01"
      }
    },
    {
      "type": "Feature",
      "geometry": {
        "type": "Point",
        "coordinates": [
          1.952179383333335,
          41.26388818342464
        ]
      },
      "properties": {
        "date": "2025-01-01"
      }
    },
    {
      "type": "Feature",
      "geometry": {
        "type": "Point",
        "coordinates": [
          1.9522024568306027,
          41.26388818342464
        ]
      },
      "properties": {
        "date": "2025-01-01"
      }
    },
    {
      "type": "Feature",
      "geometry": {
        "type": "Point",
        "coordinates": [
          1.9522255303278706,
          41.26388818342464
        ]
      },
      "properties": {
        "date": "2025-01-01"
      }
    },
    {
      "type": "Feature",
      "geometry": {
        "type": "Point",
        "coordinates": [
          1.9522486038251383,
          41.26388818342464
        ]
      },
      "properties": {
        "date": "2025-01-01"
      }
    },
    {
      "type": "Feature",
      "geometry": {
        "type": "Point",
        "coordinates": [
          1.952271677322406,
          41.26388818342464
        ]
      },
      "properties": {
        "date": "2025-01-01"
      }
    },
    {
      "type": "Feature",
      "geometry": {
        "type": "Point",
        "coordinates": [
          1.9522947508196737,
          41.26388818342464
        ]
      },
      "properties": {
        "date": "2025-01-01"
      }
    },
    {
      "type": "Feature",
      "geometry": {
        "type": "Point",
        "coordinates": [
          1.9523178243169417,
          41.26388818342464
        ]
      },
      "properties": {
        "date": "2025-01-01"
      }
    },
    {
      "type": "Feature",
      "geometry": {
        "type": "Point",
        "coordinates": [
          1.9523408978142094,
          41.26388818342464
        ]
      },
      "properties": {
        "date": "2025-01-01"
      }
    },
    {
      "type": "Feature",
      "geometry": {
        "type": "Point",
        "coordinates": [
          1.952363971311477,
          41.26388818342464
        ]
      },
      "properties": {
        "date": "2025-01-01"
      }
    },
    {
      "type": "Feature",
      "geometry": {
        "type": "Point",
        "coordinates": [
          1.9523870448087448,
          41.26388818342464
        ]
      },
      "properties": {
        "date": "2025-01-01"
      }
    },
    {
      "type": "Feature",
      "geometry": {
        "type": "Point",
        "coordinates": [
          1.9524101183060125,
          41.26388818342464
        ]
      },
      "properties": {
        "date": "2025-01-01"
      }
    },
    {
      "type": "Feature",
      "geometry": {
        "type": "Point",
        "coordinates": [
          1.9524331918032805,
          41.26388818342464
        ]
      },
      "properties": {
        "date": "2025-01-01"
      }
    },
    {
      "type": "Feature",
      "geometry": {
        "type": "Point",
        "coordinates": [
          1.9524562653005482,
          41.26388818342464
        ]
      },
      "properties": {
        "date": "2025-01-01"
      }
    },
    {
      "type": "Feature",
      "geometry": {
        "type": "Point",
        "coordinates": [
          1.9524793387978159,
          41.26388818342464
        ]
      },
      "properties": {
        "date": "2025-01-01"
      }
    },
    {
      "type": "Feature",
      "geometry": {
        "type": "Point",
        "coordinates": [
          1.9525024122950836,
          41.26388818342464
        ]
      },
      "properties": {
        "date": "2025-01-01"
      }
    },
    {
      "type": "Feature",
      "geometry": {
        "type": "Point",
        "coordinates": [
          1.9525254857923513,
          41.26388818342464
        ]
      },
      "properties": {
        "date": "2025-01-01"
      }
    },
    {
      "type": "Feature",
      "geometry": {
        "type": "Point",
        "coordinates": [
          1.9525485592896192,
          41.26388818342464
        ]
      },
      "properties": {
        "date": "2025-01-01"
      }
    },
    {
      "type": "Feature",
      "geometry": {
        "type": "Point",
        "coordinates": [
          1.952571632786887,
          41.26388818342464
        ]
      },
      "properties": {
        "date": "2025-01-01"
      }
    },
    {
      "type": "Feature",
      "geometry": {
        "type": "Point",
        "coordinates": [
          1.9525947062841547,
          41.26388818342464
        ]
      },
      "properties": {
        "date": "2025-01-01"
      }
    },
    {
      "type": "Feature",
      "geometry": {
        "type": "Point",
        "coordinates": [
          1.9526177797814224,
          41.26388818342464
        ]
      },
      "properties": {
        "date": "2025-01-01"
      }
    },
    {
      "type": "Feature",
      "geometry": {
        "type": "Point",
        "coordinates": [
          1.9526408532786903,
          41.26388818342464
        ]
      },
      "properties": {
        "date": "2025-01-01"
      }
    },
    {
      "type": "Feature",
      "geometry": {
        "type": "Point",
        "coordinates": [
          1.952663926775958,
          41.26388818342464
        ]
      },
      "properties": {
        "date": "2025-01-01"
      }
    },
    {
      "type": "Feature",
      "geometry": {
        "type": "Point",
        "coordinates": [
          1.9526870002732257,
          41.26388818342464
        ]
      },
      "properties": {
        "date": "2025-01-01"
      }
    },
    {
      "type": "Feature",
      "geometry": {
        "type": "Point",
        "coordinates": [
          1.9527100737704934,
          41.26388818342464
        ]
      },
      "properties": {
        "date": "2025-01-01"
      }
    },
    {
      "type": "Feature",
      "geometry": {
        "type": "Point",
        "coordinates": [
          1.9527331472677611,
          41.26388818342464
        ]
      },
      "properties": {
        "date": "2025-01-01"
      }
    },
    {
      "type": "Feature",
      "geometry": {
        "type": "Point",
        "coordinates": [
          1.952756220765029,
          41.26388818342464
        ]
      },
      "properties": {
        "date": "2025-01-01"
      }
    },
    {
      "type": "Feature",
      "geometry": {
        "type": "Point",
        "coordinates": [
          1.9527792942622968,
          41.26388818342464
        ]
      },
      "properties": {
        "date": "2025-01-01"
      }
    },
    {
      "type": "Feature",
      "geometry": {
        "type": "Point",
        "coordinates": [
          1.9528023677595645,
          41.26388818342464
        ]
      },
      "properties": {
        "date": "2025-01-01"
      }
    },
    {
      "type": "Feature",
      "geometry": {
        "type": "Point",
        "coordinates": [
          1.9528254412568322,
          41.26388818342464
        ]
      },
      "properties": {
        "date": "2025-01-01"
      }
    },
    {
      "type": "Feature",
      "geometry": {
        "type": "Point",
        "coordinates": [
          1.9528485147541,
          41.26388818342464
        ]
      },
      "properties": {
        "date": "2025-01-01"
      }
    },
    {
      "type": "Feature",
      "geometry": {
        "type": "Point",
        "coordinates": [
          1.9528715882513679,
          41.26388818342464
        ]
      },
      "properties": {
        "date": "2025-01-01"
      }
    },
    {
      "type": "Feature",
      "geometry": {
        "type": "Point",
        "coordinates": [
          1.9528946617486356,
          41.26388818342464
        ]
      },
      "properties": {
        "date": "2025-01-01"
      }
    },
    {
      "type": "Feature",
      "geometry": {
        "type": "Point",
        "coordinates": [
          1.9563787598360671,
          41.26388818342464
        ]
      },
      "properties": {
        "date": "2025-01-01"
      }
    },
    {
      "type": "Feature",
      "geometry": {
        "type": "Point",
        "coordinates": [
          1.956401833333335,
          41.26388818342464
        ]
      },
      "properties": {
        "date": "2025-01-01"
      }
    },
    {
      "type": "Feature",
      "geometry": {
        "type": "Point",
        "coordinates": [
          1.9564249068306028,
          41.26388818342464
        ]
      },
      "properties": {
        "date": "2025-01-01"
      }
    },
    {
      "type": "Feature",
      "geometry": {
        "type": "Point",
        "coordinates": [
          1.9564479803278705,
          41.26388818342464
        ]
      },
      "properties": {
        "date": "2025-01-01"
      }
    },
    {
      "type": "Feature",
      "geometry": {
        "type": "Point",
        "coordinates": [
          1.9564710538251382,
          41.26388818342464
        ]
      },
      "properties": {
        "date": "2025-01-01"
      }
    },
    {
      "type": "Feature",
      "geometry": {
        "type": "Point",
        "coordinates": [
          1.9564941273224061,
          41.26388818342464
        ]
      },
      "properties": {
        "date": "2025-01-01"
      }
    },
    {
      "type": "Feature",
      "geometry": {
        "type": "Point",
        "coordinates": [
          1.9565172008196738,
          41.26388818342464
        ]
      },
      "properties": {
        "date": "2025-01-01"
      }
    },
    {
      "type": "Feature",
      "geometry": {
        "type": "Point",
        "coordinates": [
          1.9565402743169416,
          41.26388818342464
        ]
      },
      "properties": {
        "date": "2025-01-01"
      }
    },
    {
      "type": "Feature",
      "geometry": {
        "type": "Point",
        "coordinates": [
          1.9565633478142093,
          41.26388818342464
        ]
      },
      "properties": {
        "date": "2025-01-01"
      }
    },
    {
      "type": "Feature",
      "geometry": {
        "type": "Point",
        "coordinates": [
          1.956586421311477,
          41.26388818342464
        ]
      },
      "properties": {
        "date": "2025-01-01"
      }
    },
    {
      "type": "Feature",
      "geometry": {
        "type": "Point",
        "coordinates": [
          1.956609494808745,
          41.26388818342464
        ]
      },
      "properties": {
        "date": "2025-01-01"
      }
    },
    {
      "type": "Feature",
      "geometry": {
        "type": "Point",
        "coordinates": [
          1.9566325683060126,
          41.26388818342464
        ]
      },
      "properties": {
        "date": "2025-01-01"
      }
    },
    {
      "type": "Feature",
      "geometry": {
        "type": "Point",
        "coordinates": [
          1.9566556418032803,
          41.26388818342464
        ]
      },
      "properties": {
        "date": "2025-01-01"
      }
    },
    {
      "type": "Feature",
      "geometry": {
        "type": "Point",
        "coordinates": [
          1.956678715300548,
          41.26388818342464
        ]
      },
      "properties": {
        "date": "2025-01-01"
      }
    },
    {
      "type": "Feature",
      "geometry": {
        "type": "Point",
        "coordinates": [
          1.9567017887978158,
          41.26388818342464
        ]
      },
      "properties": {
        "date": "2025-01-01"
      }
    },
    {
      "type": "Feature",
      "geometry": {
        "type": "Point",
        "coordinates": [
          1.9567248622950837,
          41.26388818342464
        ]
      },
      "properties": {
        "date": "2025-01-01"
      }
    },
    {
      "type": "Feature",
      "geometry": {
        "type": "Point",
        "coordinates": [
          1.9567479357923514,
          41.26388818342464
        ]
      },
      "properties": {
        "date": "2025-01-01"
      }
    },
    {
      "type": "Feature",
      "geometry": {
        "type": "Point",
        "coordinates": [
          1.9567710092896191,
          41.26388818342464
        ]
      },
      "properties": {
        "date": "2025-01-01"
      }
    },
    {
      "type": "Feature",
      "geometry": {
        "type": "Point",
        "coordinates": [
          1.9567940827868868,
          41.26388818342464
        ]
      },
      "properties": {
        "date": "2025-01-01"
      }
    },
    {
      "type": "Feature",
      "geometry": {
        "type": "Point",
        "coordinates": [
          1.9568171562841548,
          41.26388818342464
        ]
      },
      "properties": {
        "date": "2025-01-01"
      }
    },
    {
      "type": "Feature",
      "geometry": {
        "type": "Point",
        "coordinates": [
          1.9568402297814225,
          41.26388818342464
        ]
      },
      "properties": {
        "date": "2025-01-01"
      }
    },
    {
      "type": "Feature",
      "geometry": {
        "type": "Point",
        "coordinates": [
          1.9568633032786902,
          41.26388818342464
        ]
      },
      "properties": {
        "date": "2025-01-01"
      }
    },
    {
      "type": "Feature",
      "geometry": {
        "type": "Point",
        "coordinates": [
          1.956886376775958,
          41.26388818342464
        ]
      },
      "properties": {
        "date": "2025-01-01"
      }
    },
    {
      "type": "Feature",
      "geometry": {
        "type": "Point",
        "coordinates": [
          1.9569094502732256,
          41.26388818342464
        ]
      },
      "properties": {
        "date": "2025-01-01"
      }
    },
    {
      "type": "Feature",
      "geometry": {
        "type": "Point",
        "coordinates": [
          1.9569325237704935,
          41.26388818342464
        ]
      },
      "properties": {
        "date": "2025-01-01"
      }
    },
    {
      "type": "Feature",
      "geometry": {
        "type": "Point",
        "coordinates": [
          1.9569555972677612,
          41.26388818342464
        ]
      },
      "properties": {
        "date": "2025-01-01"
      }
    },
    {
      "type": "Feature",
      "geometry": {
        "type": "Point",
        "coordinates": [
          1.956978670765029,
          41.26388818342464
        ]
      },
      "properties": {
        "date": "2025-01-01"
      }
    },
    {
      "type": "Feature",
      "geometry": {
        "type": "Point",
        "coordinates": [
          1.9570017442622967,
          41.26388818342464
        ]
      },
      "properties": {
        "date": "2025-01-01"
      }
    },
    {
      "type": "Feature",
      "geometry": {
        "type": "Point",
        "coordinates": [
          1.9570248177595644,
          41.26388818342464
        ]
      },
      "properties": {
        "date": "2025-01-01"
      }
    },
    {
      "type": "Feature",
      "geometry": {
        "type": "Point",
        "coordinates": [
          1.9570478912568323,
          41.26388818342464
        ]
      },
      "properties": {
        "date": "2025-01-01"
      }
    },
    {
      "type": "Feature",
      "geometry": {
        "type": "Point",
        "coordinates": [
          1.9570709647541,
          41.26388818342464
        ]
      },
      "properties": {
        "date": "2025-01-01"
      }
    },
    {
      "type": "Feature",
      "geometry": {
        "type": "Point",
        "coordinates": [
          1.9674771120218595,
          41.26388818342464
        ]
      },
      "properties": {
        "date": "2025-01-01"
      }
    },
    {
      "type": "Feature",
      "geometry": {
        "type": "Point",
        "coordinates": [
          1.9675001855191272,
          41.26388818342464
        ]
      },
      "properties": {
        "date": "2025-01-01"
      }
    },
    {
      "type": "Feature",
      "geometry": {
        "type": "Point",
        "coordinates": [
          1.9675232590163951,
          41.26388818342464
        ]
      },
      "properties": {
        "date": "2025-01-01"
      }
    },
    {
      "type": "Feature",
      "geometry": {
        "type": "Point",
        "coordinates": [
          1.9675463325136628,
          41.26388818342464
        ]
      },
      "properties": {
        "date": "2025-01-01"
      }
    },
    {
      "type": "Feature",
      "geometry": {
        "type": "Point",
        "coordinates": [
          1.9675694060109306,
          41.26388818342464
        ]
      },
      "properties": {
        "date": "2025-01-01"
      }
    },
    {
      "type": "Feature",
      "geometry": {
        "type": "Point",
        "coordinates": [
          1.9675924795081983,
          41.26388818342464
        ]
      },
      "properties": {
        "date": "2025-01-01"
      }
    },
    {
      "type": "Feature",
      "geometry": {
        "type": "Point",
        "coordinates": [
          1.967615553005466,
          41.26388818342464
        ]
      },
      "properties": {
        "date": "2025-01-01"
      }
    },
    {
      "type": "Feature",
      "geometry": {
        "type": "Point",
        "coordinates": [
          1.967638626502734,
          41.26388818342464
        ]
      },
      "properties": {
        "date": "2025-01-01"
      }
    },
    {
      "type": "Feature",
      "geometry": {
        "type": "Point",
        "coordinates": [
          1.9676617000000016,
          41.26388818342464
        ]
      },
      "properties": {
        "date": "2025-01-01"
      }
    },
    {
      "type": "Feature",
      "geometry": {
        "type": "Point",
        "coordinates": [
          1.9676847734972693,
          41.26388818342464
        ]
      },
      "properties": {
        "date": "2025-01-01"
      }
    },
    {
      "type": "Feature",
      "geometry": {
        "type": "Point",
        "coordinates": [
          1.967707846994537,
          41.26388818342464
        ]
      },
      "properties": {
        "date": "2025-01-01"
      }
    },
    {
      "type": "Feature",
      "geometry": {
        "type": "Point",
        "coordinates": [
          1.967730920491805,
          41.26388818342464
        ]
      },
      "properties": {
        "date": "2025-01-01"
      }
    },
    {
      "type": "Feature",
      "geometry": {
        "type": "Point",
        "coordinates": [
          1.9677539939890727,
          41.26388818342464
        ]
      },
      "properties": {
        "date": "2025-01-01"
      }
    },
    {
      "type": "Feature",
      "geometry": {
        "type": "Point",
        "coordinates": [
          1.9677770674863404,
          41.26388818342464
        ]
      },
      "properties": {
        "date": "2025-01-01"
      }
    },
    {
      "type": "Feature",
      "geometry": {
        "type": "Point",
        "coordinates": [
          1.9678001409836081,
          41.26388818342464
        ]
      },
      "properties": {
        "date": "2025-01-01"
      }
    },
    {
      "type": "Feature",
      "geometry": {
        "type": "Point",
        "coordinates": [
          1.9678232144808758,
          41.26388818342464
        ]
      },
      "properties": {
        "date": "2025-01-01"
      }
    },
    {
      "type": "Feature",
      "geometry": {
        "type": "Point",
        "coordinates": [
          1.9678462879781438,
          41.26388818342464
        ]
      },
      "properties": {
        "date": "2025-01-01"
      }
    },
    {
      "type": "Feature",
      "geometry": {
        "type": "Point",
        "coordinates": [
          1.9678693614754115,
          41.26388818342464
        ]
      },
      "properties": {
        "date": "2025-01-01"
      }
    },
    {
      "type": "Feature",
      "geometry": {
        "type": "Point",
        "coordinates": [
          1.9678924349726792,
          41.26388818342464
        ]
      },
      "properties": {
        "date": "2025-01-01"
      }
    },
    {
      "type": "Feature",
      "geometry": {
        "type": "Point",
        "coordinates": [
          1.967915508469947,
          41.26388818342464
        ]
      },
      "properties": {
        "date": "2025-01-01"
      }
    },
    {
      "type": "Feature",
      "geometry": {
        "type": "Point",
        "coordinates": [
          1.9679385819672146,
          41.26388818342464
        ]
      },
      "properties": {
        "date": "2025-01-01"
      }
    },
    {
      "type": "Feature",
      "geometry": {
        "type": "Point",
        "coordinates": [
          1.9679616554644825,
          41.26388818342464
        ]
      },
      "properties": {
        "date": "2025-01-01"
      }
    },
    {
      "type": "Feature",
      "geometry": {
        "type": "Point",
        "coordinates": [
          1.9679847289617503,
          41.26388818342464
        ]
      },
      "properties": {
        "date": "2025-01-01"
      }
    },
    {
      "type": "Feature",
      "geometry": {
        "type": "Point",
        "coordinates": [
          1.968007802459018,
          41.26388818342464
        ]
      },
      "properties": {
        "date": "2025-01-01"
      }
    },
    {
      "type": "Feature",
      "geometry": {
        "type": "Point",
        "coordinates": [
          1.9680308759562857,
          41.26388818342464
        ]
      },
      "properties": {
        "date": "2025-01-01"
      }
    },
    {
      "type": "Feature",
      "geometry": {
        "type": "Point",
        "coordinates": [
          1.9680539494535536,
          41.26388818342464
        ]
      },
      "properties": {
        "date": "2025-01-01"
      }
    },
    {
      "type": "Feature",
      "geometry": {
        "type": "Point",
        "coordinates": [
          1.9680770229508213,
          41.26388818342464
        ]
      },
      "properties": {
        "date": "2025-01-01"
      }
    },
    {
      "type": "Feature",
      "geometry": {
        "type": "Point",
        "coordinates": [
          1.968100096448089,
          41.26388818342464
        ]
      },
      "properties": {
        "date": "2025-01-01"
      }
    },
    {
      "type": "Feature",
      "geometry": {
        "type": "Point",
        "coordinates": [
          1.9681231699453567,
          41.26388818342464
        ]
      },
      "properties": {
        "date": "2025-01-01"
      }
    },
    {
      "type": "Feature",
      "geometry": {
        "type": "Point",
        "coordinates": [
          1.9681462434426245,
          41.26388818342464
        ]
      },
      "properties": {
        "date": "2025-01-01"
      }
    },
    {
      "type": "Feature",
      "geometry": {
        "type": "Point",
        "coordinates": [
          1.9681693169398924,
          41.26388818342464
        ]
      },
      "properties": {
        "date": "2025-01-01"
      }
    },
    {
      "type": "Feature",
      "geometry": {
        "type": "Point",
        "coordinates": [
          1.96819239043716,
          41.26388818342464
        ]
      },
      "properties": {
        "date": "2025-01-01"
      }
    },
    {
      "type": "Feature",
      "geometry": {
        "type": "Point",
        "coordinates": [
          1.9682154639344278,
          41.26388818342464
        ]
      },
      "properties": {
        "date": "2025-01-01"
      }
    },
    {
      "type": "Feature",
      "geometry": {
        "type": "Point",
        "coordinates": [
          1.9682385374316955,
          41.26388818342464
        ]
      },
      "properties": {
        "date": "2025-01-01"
      }
    },
    {
      "type": "Feature",
      "geometry": {
        "type": "Point",
        "coordinates": [
          1.9682616109289632,
          41.26388818342464
        ]
      },
      "properties": {
        "date": "2025-01-01"
      }
    },
    {
      "type": "Feature",
      "geometry": {
        "type": "Point",
        "coordinates": [
          1.9682846844262312,
          41.26388818342464
        ]
      },
      "properties": {
        "date": "2025-01-01"
      }
    },
    {
      "type": "Feature",
      "geometry": {
        "type": "Point",
        "coordinates": [
          1.9683077579234989,
          41.26388818342464
        ]
      },
      "properties": {
        "date": "2025-01-01"
      }
    },
    {
      "type": "Feature",
      "geometry": {
        "type": "Point",
        "coordinates": [
          1.9683308314207666,
          41.26388818342464
        ]
      },
      "properties": {
        "date": "2025-01-01"
      }
    },
    {
      "type": "Feature",
      "geometry": {
        "type": "Point",
        "coordinates": [
          1.9683539049180343,
          41.26388818342464
        ]
      },
      "properties": {
        "date": "2025-01-01"
      }
    },
    {
      "type": "Feature",
      "geometry": {
        "type": "Point",
        "coordinates": [
          1.9683769784153022,
          41.26388818342464
        ]
      },
      "properties": {
        "date": "2025-01-01"
      }
    },
    {
      "type": "Feature",
      "geometry": {
        "type": "Point",
        "coordinates": [
          1.96840005191257,
          41.26388818342464
        ]
      },
      "properties": {
        "date": "2025-01-01"
      }
    },
    {
      "type": "Feature",
      "geometry": {
        "type": "Point",
        "coordinates": [
          1.9684231254098377,
          41.26388818342464
        ]
      },
      "properties": {
        "date": "2025-01-01"
      }
    },
    {
      "type": "Feature",
      "geometry": {
        "type": "Point",
        "coordinates": [
          1.9684461989071054,
          41.26388818342464
        ]
      },
      "properties": {
        "date": "2025-01-01"
      }
    },
    {
      "type": "Feature",
      "geometry": {
        "type": "Point",
        "coordinates": [
          1.968469272404373,
          41.26388818342464
        ]
      },
      "properties": {
        "date": "2025-01-01"
      }
    },
    {
      "type": "Feature",
      "geometry": {
        "type": "Point",
        "coordinates": [
          1.968492345901641,
          41.26388818342464
        ]
      },
      "properties": {
        "date": "2025-01-01"
      }
    },
    {
      "type": "Feature",
      "geometry": {
        "type": "Point",
        "coordinates": [
          1.9685154193989087,
          41.26388818342464
        ]
      },
      "properties": {
        "date": "2025-01-01"
      }
    },
    {
      "type": "Feature",
      "geometry": {
        "type": "Point",
        "coordinates": [
          1.9685384928961764,
          41.26388818342464
        ]
      },
      "properties": {
        "date": "2025-01-01"
      }
    },
    {
      "type": "Feature",
      "geometry": {
        "type": "Point",
        "coordinates": [
          1.9685615663934442,
          41.26388818342464
        ]
      },
      "properties": {
        "date": "2025-01-01"
      }
    },
    {
      "type": "Feature",
      "geometry": {
        "type": "Point",
        "coordinates": [
          1.9685846398907119,
          41.26388818342464
        ]
      },
      "properties": {
        "date": "2025-01-01"
      }
    },
    {
      "type": "Feature",
      "geometry": {
        "type": "Point",
        "coordinates": [
          1.9686077133879798,
          41.26388818342464
        ]
      },
      "properties": {
        "date": "2025-01-01"
      }
    },
    {
      "type": "Feature",
      "geometry": {
        "type": "Point",
        "coordinates": [
          1.9686307868852475,
          41.26388818342464
        ]
      },
      "properties": {
        "date": "2025-01-01"
      }
    },
    {
      "type": "Feature",
      "geometry": {
        "type": "Point",
        "coordinates": [
          1.9686538603825152,
          41.26388818342464
        ]
      },
      "properties": {
        "date": "2025-01-01"
      }
    },
    {
      "type": "Feature",
      "geometry": {
        "type": "Point",
        "coordinates": [
          1.968676933879783,
          41.26388818342464
        ]
      },
      "properties": {
        "date": "2025-01-01"
      }
    },
    {
      "type": "Feature",
      "geometry": {
        "type": "Point",
        "coordinates": [
          1.9687000073770509,
          41.26388818342464
        ]
      },
      "properties": {
        "date": "2025-01-01"
      }
    },
    {
      "type": "Feature",
      "geometry": {
        "type": "Point",
        "coordinates": [
          1.9687230808743186,
          41.26388818342464
        ]
      },
      "properties": {
        "date": "2025-01-01"
      }
    },
    {
      "type": "Feature",
      "geometry": {
        "type": "Point",
        "coordinates": [
          1.9687461543715863,
          41.26388818342464
        ]
      },
      "properties": {
        "date": "2025-01-01"
      }
    },
    {
      "type": "Feature",
      "geometry": {
        "type": "Point",
        "coordinates": [
          1.968769227868854,
          41.26388818342464
        ]
      },
      "properties": {
        "date": "2025-01-01"
      }
    },
    {
      "type": "Feature",
      "geometry": {
        "type": "Point",
        "coordinates": [
          1.9687923013661217,
          41.26388818342464
        ]
      },
      "properties": {
        "date": "2025-01-01"
      }
    },
    {
      "type": "Feature",
      "geometry": {
        "type": "Point",
        "coordinates": [
          1.9688153748633896,
          41.26388818342464
        ]
      },
      "properties": {
        "date": "2025-01-01"
      }
    },
    {
      "type": "Feature",
      "geometry": {
        "type": "Point",
        "coordinates": [
          1.9688384483606574,
          41.26388818342464
        ]
      },
      "properties": {
        "date": "2025-01-01"
      }
    },
    {
      "type": "Feature",
      "geometry": {
        "type": "Point",
        "coordinates": [
          1.968861521857925,
          41.26388818342464
        ]
      },
      "properties": {
        "date": "2025-01-01"
      }
    },
    {
      "type": "Feature",
      "geometry": {
        "type": "Point",
        "coordinates": [
          1.9688845953551928,
          41.26388818342464
        ]
      },
      "properties": {
        "date": "2025-01-01"
      }
    },
    {
      "type": "Feature",
      "geometry": {
        "type": "Point",
        "coordinates": [
          1.9689076688524607,
          41.26388818342464
        ]
      },
      "properties": {
        "date": "2025-01-01"
      }
    },
    {
      "type": "Feature",
      "geometry": {
        "type": "Point",
        "coordinates": [
          1.9689307423497284,
          41.26388818342464
        ]
      },
      "properties": {
        "date": "2025-01-01"
      }
    },
    {
      "type": "Feature",
      "geometry": {
        "type": "Point",
        "coordinates": [
          1.9689538158469961,
          41.26388818342464
        ]
      },
      "properties": {
        "date": "2025-01-01"
      }
    },
    {
      "type": "Feature",
      "geometry": {
        "type": "Point",
        "coordinates": [
          1.9689768893442638,
          41.26388818342464
        ]
      },
      "properties": {
        "date": "2025-01-01"
      }
    },
    {
      "type": "Feature",
      "geometry": {
        "type": "Point",
        "coordinates": [
          1.9689999628415316,
          41.26388818342464
        ]
      },
      "properties": {
        "date": "2025-01-01"
      }
    },
    {
      "type": "Feature",
      "geometry": {
        "type": "Point",
        "coordinates": [
          1.9690230363387995,
          41.26388818342464
        ]
      },
      "properties": {
        "date": "2025-01-01"
      }
    },
    {
      "type": "Feature",
      "geometry": {
        "type": "Point",
        "coordinates": [
          1.9690461098360672,
          41.26388818342464
        ]
      },
      "properties": {
        "date": "2025-01-01"
      }
    },
    {
      "type": "Feature",
      "geometry": {
        "type": "Point",
        "coordinates": [
          1.969069183333335,
          41.26388818342464
        ]
      },
      "properties": {
        "date": "2025-01-01"
      }
    },
    {
      "type": "Feature",
      "geometry": {
        "type": "Point",
        "coordinates": [
          1.9690922568306026,
          41.26388818342464
        ]
      },
      "properties": {
        "date": "2025-01-01"
      }
    },
    {
      "type": "Feature",
      "geometry": {
        "type": "Point",
        "coordinates": [
          1.9691153303278703,
          41.26388818342464
        ]
      },
      "properties": {
        "date": "2025-01-01"
      }
    },
    {
      "type": "Feature",
      "geometry": {
        "type": "Point",
        "coordinates": [
          1.9691384038251383,
          41.26388818342464
        ]
      },
      "properties": {
        "date": "2025-01-01"
      }
    },
    {
      "type": "Feature",
      "geometry": {
        "type": "Point",
        "coordinates": [
          1.969161477322406,
          41.26388818342464
        ]
      },
      "properties": {
        "date": "2025-01-01"
      }
    },
    {
      "type": "Feature",
      "geometry": {
        "type": "Point",
        "coordinates": [
          1.9691845508196737,
          41.26388818342464
        ]
      },
      "properties": {
        "date": "2025-01-01"
      }
    },
    {
      "type": "Feature",
      "geometry": {
        "type": "Point",
        "coordinates": [
          1.9692076243169414,
          41.26388818342464
        ]
      },
      "properties": {
        "date": "2025-01-01"
      }
    },
    {
      "type": "Feature",
      "geometry": {
        "type": "Point",
        "coordinates": [
          1.9692306978142093,
          41.26388818342464
        ]
      },
      "properties": {
        "date": "2025-01-01"
      }
    },
    {
      "type": "Feature",
      "geometry": {
        "type": "Point",
        "coordinates": [
          1.969253771311477,
          41.26388818342464
        ]
      },
      "properties": {
        "date": "2025-01-01"
      }
    },
    {
      "type": "Feature",
      "geometry": {
        "type": "Point",
        "coordinates": [
          1.9692768448087448,
          41.26388818342464
        ]
      },
      "properties": {
        "date": "2025-01-01"
      }
    },
    {
      "type": "Feature",
      "geometry": {
        "type": "Point",
        "coordinates": [
          1.9692999183060125,
          41.26388818342464
        ]
      },
      "properties": {
        "date": "2025-01-01"
      }
    },
    {
      "type": "Feature",
      "geometry": {
        "type": "Point",
        "coordinates": [
          1.9693229918032802,
          41.26388818342464
        ]
      },
      "properties": {
        "date": "2025-01-01"
      }
    },
    {
      "type": "Feature",
      "geometry": {
        "type": "Point",
        "coordinates": [
          1.9693460653005481,
          41.26388818342464
        ]
      },
      "properties": {
        "date": "2025-01-01"
      }
    },
    {
      "type": "Feature",
      "geometry": {
        "type": "Point",
        "coordinates": [
          1.9693691387978158,
          41.26388818342464
        ]
      },
      "properties": {
        "date": "2025-01-01"
      }
    },
    {
      "type": "Feature",
      "geometry": {
        "type": "Point",
        "coordinates": [
          1.9693922122950835,
          41.26388818342464
        ]
      },
      "properties": {
        "date": "2025-01-01"
      }
    },
    {
      "type": "Feature",
      "geometry": {
        "type": "Point",
        "coordinates": [
          1.9694152857923513,
          41.26388818342464
        ]
      },
      "properties": {
        "date": "2025-01-01"
      }
    },
    {
      "type": "Feature",
      "geometry": {
        "type": "Point",
        "coordinates": [
          1.969438359289619,
          41.26388818342464
        ]
      },
      "properties": {
        "date": "2025-01-01"
      }
    },
    {
      "type": "Feature",
      "geometry": {
        "type": "Point",
        "coordinates": [
          1.969461432786887,
          41.26388818342464
        ]
      },
      "properties": {
        "date": "2025-01-01"
      }
    },
    {
      "type": "Feature",
      "geometry": {
        "type": "Point",
        "coordinates": [
          1.9694845062841546,
          41.26388818342464
        ]
      },
      "properties": {
        "date": "2025-01-01"
      }
    },
    {
      "type": "Feature",
      "geometry": {
        "type": "Point",
        "coordinates": [
          1.9695075797814223,
          41.26388818342464
        ]
      },
      "properties": {
        "date": "2025-01-01"
      }
    },
    {
      "type": "Feature",
      "geometry": {
        "type": "Point",
        "coordinates": [
          1.96953065327869,
          41.26388818342464
        ]
      },
      "properties": {
        "date": "2025-01-01"
      }
    },
    {
      "type": "Feature",
      "geometry": {
        "type": "Point",
        "coordinates": [
          1.969553726775958,
          41.26388818342464
        ]
      },
      "properties": {
        "date": "2025-01-01"
      }
    },
    {
      "type": "Feature",
      "geometry": {
        "type": "Point",
        "coordinates": [
          1.9695768002732257,
          41.26388818342464
        ]
      },
      "properties": {
        "date": "2025-01-01"
      }
    },
    {
      "type": "Feature",
      "geometry": {
        "type": "Point",
        "coordinates": [
          1.9695998737704934,
          41.26388818342464
        ]
      },
      "properties": {
        "date": "2025-01-01"
      }
    },
    {
      "type": "Feature",
      "geometry": {
        "type": "Point",
        "coordinates": [
          1.969622947267761,
          41.26388818342464
        ]
      },
      "properties": {
        "date": "2025-01-01"
      }
    },
    {
      "type": "Feature",
      "geometry": {
        "type": "Point",
        "coordinates": [
          1.9696460207650288,
          41.26388818342464
        ]
      },
      "properties": {
        "date": "2025-01-01"
      }
    },
    {
      "type": "Feature",
      "geometry": {
        "type": "Point",
        "coordinates": [
          1.9696690942622967,
          41.26388818342464
        ]
      },
      "properties": {
        "date": "2025-01-01"
      }
    },
    {
      "type": "Feature",
      "geometry": {
        "type": "Point",
        "coordinates": [
          1.9696921677595645,
          41.26388818342464
        ]
      },
      "properties": {
        "date": "2025-01-01"
      }
    },
    {
      "type": "Feature",
      "geometry": {
        "type": "Point",
        "coordinates": [
          1.9697152412568322,
          41.26388818342464
        ]
      },
      "properties": {
        "date": "2025-01-01"
      }
    },
    {
      "type": "Feature",
      "geometry": {
        "type": "Point",
        "coordinates": [
          1.9697383147540999,
          41.26388818342464
        ]
      },
      "properties": {
        "date": "2025-01-01"
      }
    },
    {
      "type": "Feature",
      "geometry": {
        "type": "Point",
        "coordinates": [
          1.9697613882513676,
          41.26388818342464
        ]
      },
      "properties": {
        "date": "2025-01-01"
      }
    },
    {
      "type": "Feature",
      "geometry": {
        "type": "Point",
        "coordinates": [
          1.9697844617486355,
          41.26388818342464
        ]
      },
      "properties": {
        "date": "2025-01-01"
      }
    },
    {
      "type": "Feature",
      "geometry": {
        "type": "Point",
        "coordinates": [
          1.9698075352459032,
          41.26388818342464
        ]
      },
      "properties": {
        "date": "2025-01-01"
      }
    },
    {
      "type": "Feature",
      "geometry": {
        "type": "Point",
        "coordinates": [
          1.969830608743171,
          41.26388818342464
        ]
      },
      "properties": {
        "date": "2025-01-01"
      }
    },
    {
      "type": "Feature",
      "geometry": {
        "type": "Point",
        "coordinates": [
          1.9698536822404387,
          41.26388818342464
        ]
      },
      "properties": {
        "date": "2025-01-01"
      }
    },
    {
      "type": "Feature",
      "geometry": {
        "type": "Point",
        "coordinates": [
          1.9698767557377066,
          41.26388818342464
        ]
      },
      "properties": {
        "date": "2025-01-01"
      }
    },
    {
      "type": "Feature",
      "geometry": {
        "type": "Point",
        "coordinates": [
          1.9698998292349743,
          41.26388818342464
        ]
      },
      "properties": {
        "date": "2025-01-01"
      }
    },
    {
      "type": "Feature",
      "geometry": {
        "type": "Point",
        "coordinates": [
          1.969922902732242,
          41.26388818342464
        ]
      },
      "properties": {
        "date": "2025-01-01"
      }
    },
    {
      "type": "Feature",
      "geometry": {
        "type": "Point",
        "coordinates": [
          1.9699459762295097,
          41.26388818342464
        ]
      },
      "properties": {
        "date": "2025-01-01"
      }
    },
    {
      "type": "Feature",
      "geometry": {
        "type": "Point",
        "coordinates": [
          1.9699690497267774,
          41.26388818342464
        ]
      },
      "properties": {
        "date": "2025-01-01"
      }
    },
    {
      "type": "Feature",
      "geometry": {
        "type": "Point",
        "coordinates": [
          1.9699921232240454,
          41.26388818342464
        ]
      },
      "properties": {
        "date": "2025-01-01"
      }
    },
    {
      "type": "Feature",
      "geometry": {
        "type": "Point",
        "coordinates": [
          1.9709381366120233,
          41.26388818342464
        ]
      },
      "properties": {
        "date": "2025-01-01"
      }
    },
    {
      "type": "Feature",
      "geometry": {
        "type": "Point",
        "coordinates": [
          1.9709612101092913,
          41.26388818342464
        ]
      },
      "properties": {
        "date": "2025-01-01"
      }
    },
    {
      "type": "Feature",
      "geometry": {
        "type": "Point",
        "coordinates": [
          1.970984283606559,
          41.26388818342464
        ]
      },
      "properties": {
        "date": "2025-01-01"
      }
    },
    {
      "type": "Feature",
      "geometry": {
        "type": "Point",
        "coordinates": [
          1.9710073571038267,
          41.26388818342464
        ]
      },
      "properties": {
        "date": "2025-01-01"
      }
    },
    {
      "type": "Feature",
      "geometry": {
        "type": "Point",
        "coordinates": [
          1.9710304306010944,
          41.26388818342464
        ]
      },
      "properties": {
        "date": "2025-01-01"
      }
    },
    {
      "type": "Feature",
      "geometry": {
        "type": "Point",
        "coordinates": [
          1.9719072234972694,
          41.26388818342464
        ]
      },
      "properties": {
        "date": "2025-01-01"
      }
    },
    {
      "type": "Feature",
      "geometry": {
        "type": "Point",
        "coordinates": [
          1.9719302969945371,
          41.26388818342464
        ]
      },
      "properties": {
        "date": "2025-01-01"
      }
    },
    {
      "type": "Feature",
      "geometry": {
        "type": "Point",
        "coordinates": [
          1.9719533704918049,
          41.26388818342464
        ]
      },
      "properties": {
        "date": "2025-01-01"
      }
    },
    {
      "type": "Feature",
      "geometry": {
        "type": "Point",
        "coordinates": [
          1.9719764439890726,
          41.26388818342464
        ]
      },
      "properties": {
        "date": "2025-01-01"
      }
    },
    {
      "type": "Feature",
      "geometry": {
        "type": "Point",
        "coordinates": [
          1.9719995174863403,
          41.26388818342464
        ]
      },
      "properties": {
        "date": "2025-01-01"
      }
    },
    {
      "type": "Feature",
      "geometry": {
        "type": "Point",
        "coordinates": [
          1.9720225909836082,
          41.26388818342464
        ]
      },
      "properties": {
        "date": "2025-01-01"
      }
    },
    {
      "type": "Feature",
      "geometry": {
        "type": "Point",
        "coordinates": [
          1.972045664480876,
          41.26388818342464
        ]
      },
      "properties": {
        "date": "2025-01-01"
      }
    },
    {
      "type": "Feature",
      "geometry": {
        "type": "Point",
        "coordinates": [
          1.9720687379781436,
          41.26388818342464
        ]
      },
      "properties": {
        "date": "2025-01-01"
      }
    },
    {
      "type": "Feature",
      "geometry": {
        "type": "Point",
        "coordinates": [
          1.9720918114754113,
          41.26388818342464
        ]
      },
      "properties": {
        "date": "2025-01-01"
      }
    },
    {
      "type": "Feature",
      "geometry": {
        "type": "Point",
        "coordinates": [
          1.972114884972679,
          41.26388818342464
        ]
      },
      "properties": {
        "date": "2025-01-01"
      }
    },
    {
      "type": "Feature",
      "geometry": {
        "type": "Point",
        "coordinates": [
          1.972137958469947,
          41.26388818342464
        ]
      },
      "properties": {
        "date": "2025-01-01"
      }
    },
    {
      "type": "Feature",
      "geometry": {
        "type": "Point",
        "coordinates": [
          1.9721610319672147,
          41.26388818342464
        ]
      },
      "properties": {
        "date": "2025-01-01"
      }
    },
    {
      "type": "Feature",
      "geometry": {
        "type": "Point",
        "coordinates": [
          1.9721841054644824,
          41.26388818342464
        ]
      },
      "properties": {
        "date": "2025-01-01"
      }
    },
    {
      "type": "Feature",
      "geometry": {
        "type": "Point",
        "coordinates": [
          1.9722071789617501,
          41.26388818342464
        ]
      },
      "properties": {
        "date": "2025-01-01"
      }
    },
    {
      "type": "Feature",
      "geometry": {
        "type": "Point",
        "coordinates": [
          1.972230252459018,
          41.26388818342464
        ]
      },
      "properties": {
        "date": "2025-01-01"
      }
    },
    {
      "type": "Feature",
      "geometry": {
        "type": "Point",
        "coordinates": [
          1.9722533259562858,
          41.26388818342464
        ]
      },
      "properties": {
        "date": "2025-01-01"
      }
    },
    {
      "type": "Feature",
      "geometry": {
        "type": "Point",
        "coordinates": [
          1.9722763994535535,
          41.26388818342464
        ]
      },
      "properties": {
        "date": "2025-01-01"
      }
    },
    {
      "type": "Feature",
      "geometry": {
        "type": "Point",
        "coordinates": [
          1.9722994729508212,
          41.26388818342464
        ]
      },
      "properties": {
        "date": "2025-01-01"
      }
    },
    {
      "type": "Feature",
      "geometry": {
        "type": "Point",
        "coordinates": [
          1.972322546448089,
          41.26388818342464
        ]
      },
      "properties": {
        "date": "2025-01-01"
      }
    },
    {
      "type": "Feature",
      "geometry": {
        "type": "Point",
        "coordinates": [
          1.9723456199453568,
          41.26388818342464
        ]
      },
      "properties": {
        "date": "2025-01-01"
      }
    },
    {
      "type": "Feature",
      "geometry": {
        "type": "Point",
        "coordinates": [
          1.9723686934426246,
          41.26388818342464
        ]
      },
      "properties": {
        "date": "2025-01-01"
      }
    },
    {
      "type": "Feature",
      "geometry": {
        "type": "Point",
        "coordinates": [
          1.9723917669398923,
          41.26388818342464
        ]
      },
      "properties": {
        "date": "2025-01-01"
      }
    },
    {
      "type": "Feature",
      "geometry": {
        "type": "Point",
        "coordinates": [
          1.97241484043716,
          41.26388818342464
        ]
      },
      "properties": {
        "date": "2025-01-01"
      }
    },
    {
      "type": "Feature",
      "geometry": {
        "type": "Point",
        "coordinates": [
          1.9724379139344277,
          41.26388818342464
        ]
      },
      "properties": {
        "date": "2025-01-01"
      }
    },
    {
      "type": "Feature",
      "geometry": {
        "type": "Point",
        "coordinates": [
          1.9724609874316956,
          41.26388818342464
        ]
      },
      "properties": {
        "date": "2025-01-01"
      }
    },
    {
      "type": "Feature",
      "geometry": {
        "type": "Point",
        "coordinates": [
          1.9724840609289633,
          41.26388818342464
        ]
      },
      "properties": {
        "date": "2025-01-01"
      }
    },
    {
      "type": "Feature",
      "geometry": {
        "type": "Point",
        "coordinates": [
          1.972507134426231,
          41.26388818342464
        ]
      },
      "properties": {
        "date": "2025-01-01"
      }
    },
    {
      "type": "Feature",
      "geometry": {
        "type": "Point",
        "coordinates": [
          1.9725302079234988,
          41.26388818342464
        ]
      },
      "properties": {
        "date": "2025-01-01"
      }
    },
    {
      "type": "Feature",
      "geometry": {
        "type": "Point",
        "coordinates": [
          1.9725532814207667,
          41.26388818342464
        ]
      },
      "properties": {
        "date": "2025-01-01"
      }
    },
    {
      "type": "Feature",
      "geometry": {
        "type": "Point",
        "coordinates": [
          1.9725763549180344,
          41.26388818342464
        ]
      },
      "properties": {
        "date": "2025-01-01"
      }
    },
    {
      "type": "Feature",
      "geometry": {
        "type": "Point",
        "coordinates": [
          1.9725994284153021,
          41.26388818342464
        ]
      },
      "properties": {
        "date": "2025-01-01"
      }
    },
    {
      "type": "Feature",
      "geometry": {
        "type": "Point",
        "coordinates": [
          1.9726225019125698,
          41.26388818342464
        ]
      },
      "properties": {
        "date": "2025-01-01"
      }
    },
    {
      "type": "Feature",
      "geometry": {
        "type": "Point",
        "coordinates": [
          1.9726455754098375,
          41.26388818342464
        ]
      },
      "properties": {
        "date": "2025-01-01"
      }
    },
    {
      "type": "Feature",
      "geometry": {
        "type": "Point",
        "coordinates": [
          1.9726686489071055,
          41.26388818342464
        ]
      },
      "properties": {
        "date": "2025-01-01"
      }
    },
    {
      "type": "Feature",
      "geometry": {
        "type": "Point",
        "coordinates": [
          1.9726917224043732,
          41.26388818342464
        ]
      },
      "properties": {
        "date": "2025-01-01"
      }
    },
    {
      "type": "Feature",
      "geometry": {
        "type": "Point",
        "coordinates": [
          1.972714795901641,
          41.26388818342464
        ]
      },
      "properties": {
        "date": "2025-01-01"
      }
    },
    {
      "type": "Feature",
      "geometry": {
        "type": "Point",
        "coordinates": [
          1.975483615573772,
          41.26388818342464
        ]
      },
      "properties": {
        "date": "2025-01-01"
      }
    },
    {
      "type": "Feature",
      "geometry": {
        "type": "Point",
        "coordinates": [
          1.9755066890710398,
          41.26388818342464
        ]
      },
      "properties": {
        "date": "2025-01-01"
      }
    },
    {
      "type": "Feature",
      "geometry": {
        "type": "Point",
        "coordinates": [
          1.9755297625683075,
          41.26388818342464
        ]
      },
      "properties": {
        "date": "2025-01-01"
      }
    },
    {
      "type": "Feature",
      "geometry": {
        "type": "Point",
        "coordinates": [
          1.9755528360655754,
          41.26388818342464
        ]
      },
      "properties": {
        "date": "2025-01-01"
      }
    },
    {
      "type": "Feature",
      "geometry": {
        "type": "Point",
        "coordinates": [
          1.9755759095628431,
          41.26388818342464
        ]
      },
      "properties": {
        "date": "2025-01-01"
      }
    },
    {
      "type": "Feature",
      "geometry": {
        "type": "Point",
        "coordinates": [
          1.9755989830601108,
          41.26388818342464
        ]
      },
      "properties": {
        "date": "2025-01-01"
      }
    },
    {
      "type": "Feature",
      "geometry": {
        "type": "Point",
        "coordinates": [
          1.9756220565573785,
          41.26388818342464
        ]
      },
      "properties": {
        "date": "2025-01-01"
      }
    },
    {
      "type": "Feature",
      "geometry": {
        "type": "Point",
        "coordinates": [
          1.9756451300546463,
          41.26388818342464
        ]
      },
      "properties": {
        "date": "2025-01-01"
      }
    },
    {
      "type": "Feature",
      "geometry": {
        "type": "Point",
        "coordinates": [
          1.9756682035519142,
          41.26388818342464
        ]
      },
      "properties": {
        "date": "2025-01-01"
      }
    },
    {
      "type": "Feature",
      "geometry": {
        "type": "Point",
        "coordinates": [
          1.975691277049182,
          41.26388818342464
        ]
      },
      "properties": {
        "date": "2025-01-01"
      }
    },
    {
      "type": "Feature",
      "geometry": {
        "type": "Point",
        "coordinates": [
          1.9764296289617502,
          41.26388818342464
        ]
      },
      "properties": {
        "date": "2025-01-01"
      }
    },
    {
      "type": "Feature",
      "geometry": {
        "type": "Point",
        "coordinates": [
          1.976452702459018,
          41.26388818342464
        ]
      },
      "properties": {
        "date": "2025-01-01"
      }
    },
    {
      "type": "Feature",
      "geometry": {
        "type": "Point",
        "coordinates": [
          1.9764757759562857,
          41.26388818342464
        ]
      },
      "properties": {
        "date": "2025-01-01"
      }
    },
    {
      "type": "Feature",
      "geometry": {
        "type": "Point",
        "coordinates": [
          1.9764988494535534,
          41.26388818342464
        ]
      },
      "properties": {
        "date": "2025-01-01"
      }
    },
    {
      "type": "Feature",
      "geometry": {
        "type": "Point",
        "coordinates": [
          1.9765219229508213,
          41.26388818342464
        ]
      },
      "properties": {
        "date": "2025-01-01"
      }
    },
    {
      "type": "Feature",
      "geometry": {
        "type": "Point",
        "coordinates": [
          1.9778601857923512,
          41.26388818342464
        ]
      },
      "properties": {
        "date": "2025-01-01"
      }
    },
    {
      "type": "Feature",
      "geometry": {
        "type": "Point",
        "coordinates": [
          1.977883259289619,
          41.26388818342464
        ]
      },
      "properties": {
        "date": "2025-01-01"
      }
    },
    {
      "type": "Feature",
      "geometry": {
        "type": "Point",
        "coordinates": [
          1.9779063327868869,
          41.26388818342464
        ]
      },
      "properties": {
        "date": "2025-01-01"
      }
    },
    {
      "type": "Feature",
      "geometry": {
        "type": "Point",
        "coordinates": [
          1.9779294062841546,
          41.26388818342464
        ]
      },
      "properties": {
        "date": "2025-01-01"
      }
    },
    {
      "type": "Feature",
      "geometry": {
        "type": "Point",
        "coordinates": [
          1.9779524797814223,
          41.26388818342464
        ]
      },
      "properties": {
        "date": "2025-01-01"
      }
    },
    {
      "type": "Feature",
      "geometry": {
        "type": "Point",
        "coordinates": [
          1.9782293617486355,
          41.26388818342464
        ]
      },
      "properties": {
        "date": "2025-01-01"
      }
    },
    {
      "type": "Feature",
      "geometry": {
        "type": "Point",
        "coordinates": [
          1.9782524352459032,
          41.26388818342464
        ]
      },
      "properties": {
        "date": "2025-01-01"
      }
    },
    {
      "type": "Feature",
      "geometry": {
        "type": "Point",
        "coordinates": [
          1.978275508743171,
          41.26388818342464
        ]
      },
      "properties": {
        "date": "2025-01-01"
      }
    },
    {
      "type": "Feature",
      "geometry": {
        "type": "Point",
        "coordinates": [
          1.9782985822404386,
          41.26388818342464
        ]
      },
      "properties": {
        "date": "2025-01-01"
      }
    },
    {
      "type": "Feature",
      "geometry": {
        "type": "Point",
        "coordinates": [
          1.9783216557377064,
          41.26388818342464
        ]
      },
      "properties": {
        "date": "2025-01-01"
      }
    },
    {
      "type": "Feature",
      "geometry": {
        "type": "Point",
        "coordinates": [
          1.9792907426229522,
          41.26388818342464
        ]
      },
      "properties": {
        "date": "2025-01-01"
      }
    },
    {
      "type": "Feature",
      "geometry": {
        "type": "Point",
        "coordinates": [
          1.9793138161202202,
          41.26388818342464
        ]
      },
      "properties": {
        "date": "2025-01-01"
      }
    },
    {
      "type": "Feature",
      "geometry": {
        "type": "Point",
        "coordinates": [
          1.9793368896174879,
          41.26388818342464
        ]
      },
      "properties": {
        "date": "2025-01-01"
      }
    },
    {
      "type": "Feature",
      "geometry": {
        "type": "Point",
        "coordinates": [
          1.9793599631147556,
          41.26388818342464
        ]
      },
      "properties": {
        "date": "2025-01-01"
      }
    },
    {
      "type": "Feature",
      "geometry": {
        "type": "Point",
        "coordinates": [
          1.9793830366120233,
          41.26388818342464
        ]
      },
      "properties": {
        "date": "2025-01-01"
      }
    },
    {
      "type": "Feature",
      "geometry": {
        "type": "Point",
        "coordinates": [
          1.9794061101092912,
          41.26388818342464
        ]
      },
      "properties": {
        "date": "2025-01-01"
      }
    },
    {
      "type": "Feature",
      "geometry": {
        "type": "Point",
        "coordinates": [
          1.979429183606559,
          41.26388818342464
        ]
      },
      "properties": {
        "date": "2025-01-01"
      }
    },
    {
      "type": "Feature",
      "geometry": {
        "type": "Point",
        "coordinates": [
          1.9794522571038267,
          41.26388818342464
        ]
      },
      "properties": {
        "date": "2025-01-01"
      }
    },
    {
      "type": "Feature",
      "geometry": {
        "type": "Point",
        "coordinates": [
          1.9794753306010944,
          41.26388818342464
        ]
      },
      "properties": {
        "date": "2025-01-01"
      }
    },
    {
      "type": "Feature",
      "geometry": {
        "type": "Point",
        "coordinates": [
          1.979498404098362,
          41.26388818342464
        ]
      },
      "properties": {
        "date": "2025-01-01"
      }
    },
    {
      "type": "Feature",
      "geometry": {
        "type": "Point",
        "coordinates": [
          1.97952147759563,
          41.26388818342464
        ]
      },
      "properties": {
        "date": "2025-01-01"
      }
    },
    {
      "type": "Feature",
      "geometry": {
        "type": "Point",
        "coordinates": [
          1.9795445510928977,
          41.26388818342464
        ]
      },
      "properties": {
        "date": "2025-01-01"
      }
    },
    {
      "type": "Feature",
      "geometry": {
        "type": "Point",
        "coordinates": [
          1.9795676245901654,
          41.26388818342464
        ]
      },
      "properties": {
        "date": "2025-01-01"
      }
    },
    {
      "type": "Feature",
      "geometry": {
        "type": "Point",
        "coordinates": [
          1.9795906980874332,
          41.26388818342464
        ]
      },
      "properties": {
        "date": "2025-01-01"
      }
    },
    {
      "type": "Feature",
      "geometry": {
        "type": "Point",
        "coordinates": [
          1.979613771584701,
          41.26388818342464
        ]
      },
      "properties": {
        "date": "2025-01-01"
      }
    },
    {
      "type": "Feature",
      "geometry": {
        "type": "Point",
        "coordinates": [
          1.9796368450819688,
          41.26388818342464
        ]
      },
      "properties": {
        "date": "2025-01-01"
      }
    },
    {
      "type": "Feature",
      "geometry": {
        "type": "Point",
        "coordinates": [
          1.9796599185792365,
          41.26388818342464
        ]
      },
      "properties": {
        "date": "2025-01-01"
      }
    },
    {
      "type": "Feature",
      "geometry": {
        "type": "Point",
        "coordinates": [
          1.9796829920765042,
          41.26388818342464
        ]
      },
      "properties": {
        "date": "2025-01-01"
      }
    },
    {
      "type": "Feature",
      "geometry": {
        "type": "Point",
        "coordinates": [
          1.979706065573772,
          41.26388818342464
        ]
      },
      "properties": {
        "date": "2025-01-01"
      }
    },
    {
      "type": "Feature",
      "geometry": {
        "type": "Point",
        "coordinates": [
          1.9797291390710399,
          41.26388818342464
        ]
      },
      "properties": {
        "date": "2025-01-01"
      }
    },
    {
      "type": "Feature",
      "geometry": {
        "type": "Point",
        "coordinates": [
          1.9797522125683076,
          41.26388818342464
        ]
      },
      "properties": {
        "date": "2025-01-01"
      }
    },
    {
      "type": "Feature",
      "geometry": {
        "type": "Point",
        "coordinates": [
          1.9797752860655753,
          41.26388818342464
        ]
      },
      "properties": {
        "date": "2025-01-01"
      }
    },
    {
      "type": "Feature",
      "geometry": {
        "type": "Point",
        "coordinates": [
          1.979798359562843,
          41.26388818342464
        ]
      },
      "properties": {
        "date": "2025-01-01"
      }
    },
    {
      "type": "Feature",
      "geometry": {
        "type": "Point",
        "coordinates": [
          1.9798214330601107,
          41.26388818342464
        ]
      },
      "properties": {
        "date": "2025-01-01"
      }
    },
    {
      "type": "Feature",
      "geometry": {
        "type": "Point",
        "coordinates": [
          1.9798445065573786,
          41.26388818342464
        ]
      },
      "properties": {
        "date": "2025-01-01"
      }
    },
    {
      "type": "Feature",
      "geometry": {
        "type": "Point",
        "coordinates": [
          1.9798675800546464,
          41.26388818342464
        ]
      },
      "properties": {
        "date": "2025-01-01"
      }
    },
    {
      "type": "Feature",
      "geometry": {
        "type": "Point",
        "coordinates": [
          1.979890653551914,
          41.26388818342464
        ]
      },
      "properties": {
        "date": "2025-01-01"
      }
    },
    {
      "type": "Feature",
      "geometry": {
        "type": "Point",
        "coordinates": [
          1.9799137270491818,
          41.26388818342464
        ]
      },
      "properties": {
        "date": "2025-01-01"
      }
    },
    {
      "type": "Feature",
      "geometry": {
        "type": "Point",
        "coordinates": [
          1.9799368005464497,
          41.26388818342464
        ]
      },
      "properties": {
        "date": "2025-01-01"
      }
    },
    {
      "type": "Feature",
      "geometry": {
        "type": "Point",
        "coordinates": [
          1.9799598740437174,
          41.26388818342464
        ]
      },
      "properties": {
        "date": "2025-01-01"
      }
    },
    {
      "type": "Feature",
      "geometry": {
        "type": "Point",
        "coordinates": [
          1.9799829475409851,
          41.26388818342464
        ]
      },
      "properties": {
        "date": "2025-01-01"
      }
    },
    {
      "type": "Feature",
      "geometry": {
        "type": "Point",
        "coordinates": [
          1.9800060210382529,
          41.26388818342464
        ]
      },
      "properties": {
        "date": "2025-01-01"
      }
    },
    {
      "type": "Feature",
      "geometry": {
        "type": "Point",
        "coordinates": [
          1.9800290945355206,
          41.26388818342464
        ]
      },
      "properties": {
        "date": "2025-01-01"
      }
    },
    {
      "type": "Feature",
      "geometry": {
        "type": "Point",
        "coordinates": [
          1.9800521680327885,
          41.26388818342464
        ]
      },
      "properties": {
        "date": "2025-01-01"
      }
    },
    {
      "type": "Feature",
      "geometry": {
        "type": "Point",
        "coordinates": [
          1.9800752415300562,
          41.26388818342464
        ]
      },
      "properties": {
        "date": "2025-01-01"
      }
    },
    {
      "type": "Feature",
      "geometry": {
        "type": "Point",
        "coordinates": [
          1.980098315027324,
          41.26388818342464
        ]
      },
      "properties": {
        "date": "2025-01-01"
      }
    },
    {
      "type": "Feature",
      "geometry": {
        "type": "Point",
        "coordinates": [
          1.9508872674863404,
          41.26382827841553
        ]
      },
      "properties": {
        "date": "2025-01-01"
      }
    },
    {
      "type": "Feature",
      "geometry": {
        "type": "Point",
        "coordinates": [
          1.9509103409836082,
          41.26382827841553
        ]
      },
      "properties": {
        "date": "2025-01-01"
      }
    },
    {
      "type": "Feature",
      "geometry": {
        "type": "Point",
        "coordinates": [
          1.950933414480876,
          41.26382827841553
        ]
      },
      "properties": {
        "date": "2025-01-01"
      }
    },
    {
      "type": "Feature",
      "geometry": {
        "type": "Point",
        "coordinates": [
          1.9509564879781438,
          41.26382827841553
        ]
      },
      "properties": {
        "date": "2025-01-01"
      }
    },
    {
      "type": "Feature",
      "geometry": {
        "type": "Point",
        "coordinates": [
          1.9509795614754115,
          41.26382827841553
        ]
      },
      "properties": {
        "date": "2025-01-01"
      }
    },
    {
      "type": "Feature",
      "geometry": {
        "type": "Point",
        "coordinates": [
          1.9510026349726792,
          41.26382827841553
        ]
      },
      "properties": {
        "date": "2025-01-01"
      }
    },
    {
      "type": "Feature",
      "geometry": {
        "type": "Point",
        "coordinates": [
          1.951025708469947,
          41.26382827841553
        ]
      },
      "properties": {
        "date": "2025-01-01"
      }
    },
    {
      "type": "Feature",
      "geometry": {
        "type": "Point",
        "coordinates": [
          1.9510487819672149,
          41.26382827841553
        ]
      },
      "properties": {
        "date": "2025-01-01"
      }
    },
    {
      "type": "Feature",
      "geometry": {
        "type": "Point",
        "coordinates": [
          1.9510718554644826,
          41.26382827841553
        ]
      },
      "properties": {
        "date": "2025-01-01"
      }
    },
    {
      "type": "Feature",
      "geometry": {
        "type": "Point",
        "coordinates": [
          1.9510949289617503,
          41.26382827841553
        ]
      },
      "properties": {
        "date": "2025-01-01"
      }
    },
    {
      "type": "Feature",
      "geometry": {
        "type": "Point",
        "coordinates": [
          1.951118002459018,
          41.26382827841553
        ]
      },
      "properties": {
        "date": "2025-01-01"
      }
    },
    {
      "type": "Feature",
      "geometry": {
        "type": "Point",
        "coordinates": [
          1.951141075956286,
          41.26382827841553
        ]
      },
      "properties": {
        "date": "2025-01-01"
      }
    },
    {
      "type": "Feature",
      "geometry": {
        "type": "Point",
        "coordinates": [
          1.9511641494535537,
          41.26382827841553
        ]
      },
      "properties": {
        "date": "2025-01-01"
      }
    },
    {
      "type": "Feature",
      "geometry": {
        "type": "Point",
        "coordinates": [
          1.9511872229508214,
          41.26382827841553
        ]
      },
      "properties": {
        "date": "2025-01-01"
      }
    },
    {
      "type": "Feature",
      "geometry": {
        "type": "Point",
        "coordinates": [
          1.951210296448089,
          41.26382827841553
        ]
      },
      "properties": {
        "date": "2025-01-01"
      }
    },
    {
      "type": "Feature",
      "geometry": {
        "type": "Point",
        "coordinates": [
          1.9512333699453568,
          41.26382827841553
        ]
      },
      "properties": {
        "date": "2025-01-01"
      }
    },
    {
      "type": "Feature",
      "geometry": {
        "type": "Point",
        "coordinates": [
          1.9512564434426247,
          41.26382827841553
        ]
      },
      "properties": {
        "date": "2025-01-01"
      }
    },
    {
      "type": "Feature",
      "geometry": {
        "type": "Point",
        "coordinates": [
          1.9512795169398924,
          41.26382827841553
        ]
      },
      "properties": {
        "date": "2025-01-01"
      }
    },
    {
      "type": "Feature",
      "geometry": {
        "type": "Point",
        "coordinates": [
          1.9513025904371601,
          41.26382827841553
        ]
      },
      "properties": {
        "date": "2025-01-01"
      }
    },
    {
      "type": "Feature",
      "geometry": {
        "type": "Point",
        "coordinates": [
          1.9513256639344279,
          41.26382827841553
        ]
      },
      "properties": {
        "date": "2025-01-01"
      }
    },
    {
      "type": "Feature",
      "geometry": {
        "type": "Point",
        "coordinates": [
          1.9513487374316956,
          41.26382827841553
        ]
      },
      "properties": {
        "date": "2025-01-01"
      }
    },
    {
      "type": "Feature",
      "geometry": {
        "type": "Point",
        "coordinates": [
          1.9513718109289635,
          41.26382827841553
        ]
      },
      "properties": {
        "date": "2025-01-01"
      }
    },
    {
      "type": "Feature",
      "geometry": {
        "type": "Point",
        "coordinates": [
          1.9513948844262312,
          41.26382827841553
        ]
      },
      "properties": {
        "date": "2025-01-01"
      }
    },
    {
      "type": "Feature",
      "geometry": {
        "type": "Point",
        "coordinates": [
          1.951417957923499,
          41.26382827841553
        ]
      },
      "properties": {
        "date": "2025-01-01"
      }
    },
    {
      "type": "Feature",
      "geometry": {
        "type": "Point",
        "coordinates": [
          1.9514410314207666,
          41.26382827841553
        ]
      },
      "properties": {
        "date": "2025-01-01"
      }
    },
    {
      "type": "Feature",
      "geometry": {
        "type": "Point",
        "coordinates": [
          1.9514641049180346,
          41.26382827841553
        ]
      },
      "properties": {
        "date": "2025-01-01"
      }
    },
    {
      "type": "Feature",
      "geometry": {
        "type": "Point",
        "coordinates": [
          1.9514871784153023,
          41.26382827841553
        ]
      },
      "properties": {
        "date": "2025-01-01"
      }
    },
    {
      "type": "Feature",
      "geometry": {
        "type": "Point",
        "coordinates": [
          1.95151025191257,
          41.26382827841553
        ]
      },
      "properties": {
        "date": "2025-01-01"
      }
    },
    {
      "type": "Feature",
      "geometry": {
        "type": "Point",
        "coordinates": [
          1.9515333254098377,
          41.26382827841553
        ]
      },
      "properties": {
        "date": "2025-01-01"
      }
    },
    {
      "type": "Feature",
      "geometry": {
        "type": "Point",
        "coordinates": [
          1.9515563989071054,
          41.26382827841553
        ]
      },
      "properties": {
        "date": "2025-01-01"
      }
    },
    {
      "type": "Feature",
      "geometry": {
        "type": "Point",
        "coordinates": [
          1.9515794724043733,
          41.26382827841553
        ]
      },
      "properties": {
        "date": "2025-01-01"
      }
    },
    {
      "type": "Feature",
      "geometry": {
        "type": "Point",
        "coordinates": [
          1.951602545901641,
          41.26382827841553
        ]
      },
      "properties": {
        "date": "2025-01-01"
      }
    },
    {
      "type": "Feature",
      "geometry": {
        "type": "Point",
        "coordinates": [
          1.9516256193989088,
          41.26382827841553
        ]
      },
      "properties": {
        "date": "2025-01-01"
      }
    },
    {
      "type": "Feature",
      "geometry": {
        "type": "Point",
        "coordinates": [
          1.9516486928961765,
          41.26382827841553
        ]
      },
      "properties": {
        "date": "2025-01-01"
      }
    },
    {
      "type": "Feature",
      "geometry": {
        "type": "Point",
        "coordinates": [
          1.9516717663934442,
          41.26382827841553
        ]
      },
      "properties": {
        "date": "2025-01-01"
      }
    },
    {
      "type": "Feature",
      "geometry": {
        "type": "Point",
        "coordinates": [
          1.9516948398907121,
          41.26382827841553
        ]
      },
      "properties": {
        "date": "2025-01-01"
      }
    },
    {
      "type": "Feature",
      "geometry": {
        "type": "Point",
        "coordinates": [
          1.9517179133879798,
          41.26382827841553
        ]
      },
      "properties": {
        "date": "2025-01-01"
      }
    },
    {
      "type": "Feature",
      "geometry": {
        "type": "Point",
        "coordinates": [
          1.9517409868852476,
          41.26382827841553
        ]
      },
      "properties": {
        "date": "2025-01-01"
      }
    },
    {
      "type": "Feature",
      "geometry": {
        "type": "Point",
        "coordinates": [
          1.9517640603825153,
          41.26382827841553
        ]
      },
      "properties": {
        "date": "2025-01-01"
      }
    },
    {
      "type": "Feature",
      "geometry": {
        "type": "Point",
        "coordinates": [
          1.9517871338797832,
          41.26382827841553
        ]
      },
      "properties": {
        "date": "2025-01-01"
      }
    },
    {
      "type": "Feature",
      "geometry": {
        "type": "Point",
        "coordinates": [
          1.951810207377051,
          41.26382827841553
        ]
      },
      "properties": {
        "date": "2025-01-01"
      }
    },
    {
      "type": "Feature",
      "geometry": {
        "type": "Point",
        "coordinates": [
          1.9518332808743186,
          41.26382827841553
        ]
      },
      "properties": {
        "date": "2025-01-01"
      }
    },
    {
      "type": "Feature",
      "geometry": {
        "type": "Point",
        "coordinates": [
          1.9518563543715863,
          41.26382827841553
        ]
      },
      "properties": {
        "date": "2025-01-01"
      }
    },
    {
      "type": "Feature",
      "geometry": {
        "type": "Point",
        "coordinates": [
          1.951879427868854,
          41.26382827841553
        ]
      },
      "properties": {
        "date": "2025-01-01"
      }
    },
    {
      "type": "Feature",
      "geometry": {
        "type": "Point",
        "coordinates": [
          1.951902501366122,
          41.26382827841553
        ]
      },
      "properties": {
        "date": "2025-01-01"
      }
    },
    {
      "type": "Feature",
      "geometry": {
        "type": "Point",
        "coordinates": [
          1.9519255748633897,
          41.26382827841553
        ]
      },
      "properties": {
        "date": "2025-01-01"
      }
    },
    {
      "type": "Feature",
      "geometry": {
        "type": "Point",
        "coordinates": [
          1.9519486483606574,
          41.26382827841553
        ]
      },
      "properties": {
        "date": "2025-01-01"
      }
    },
    {
      "type": "Feature",
      "geometry": {
        "type": "Point",
        "coordinates": [
          1.9519717218579251,
          41.26382827841553
        ]
      },
      "properties": {
        "date": "2025-01-01"
      }
    },
    {
      "type": "Feature",
      "geometry": {
        "type": "Point",
        "coordinates": [
          1.9519947953551928,
          41.26382827841553
        ]
      },
      "properties": {
        "date": "2025-01-01"
      }
    },
    {
      "type": "Feature",
      "geometry": {
        "type": "Point",
        "coordinates": [
          1.9520178688524608,
          41.26382827841553
        ]
      },
      "properties": {
        "date": "2025-01-01"
      }
    },
    {
      "type": "Feature",
      "geometry": {
        "type": "Point",
        "coordinates": [
          1.9520409423497285,
          41.26382827841553
        ]
      },
      "properties": {
        "date": "2025-01-01"
      }
    },
    {
      "type": "Feature",
      "geometry": {
        "type": "Point",
        "coordinates": [
          1.9520640158469962,
          41.26382827841553
        ]
      },
      "properties": {
        "date": "2025-01-01"
      }
    },
    {
      "type": "Feature",
      "geometry": {
        "type": "Point",
        "coordinates": [
          1.952087089344264,
          41.26382827841553
        ]
      },
      "properties": {
        "date": "2025-01-01"
      }
    },
    {
      "type": "Feature",
      "geometry": {
        "type": "Point",
        "coordinates": [
          1.9521101628415318,
          41.26382827841553
        ]
      },
      "properties": {
        "date": "2025-01-01"
      }
    },
    {
      "type": "Feature",
      "geometry": {
        "type": "Point",
        "coordinates": [
          1.9521332363387995,
          41.26382827841553
        ]
      },
      "properties": {
        "date": "2025-01-01"
      }
    },
    {
      "type": "Feature",
      "geometry": {
        "type": "Point",
        "coordinates": [
          1.9521563098360672,
          41.26382827841553
        ]
      },
      "properties": {
        "date": "2025-01-01"
      }
    },
    {
      "type": "Feature",
      "geometry": {
        "type": "Point",
        "coordinates": [
          1.952179383333335,
          41.26382827841553
        ]
      },
      "properties": {
        "date": "2025-01-01"
      }
    },
    {
      "type": "Feature",
      "geometry": {
        "type": "Point",
        "coordinates": [
          1.9522024568306027,
          41.26382827841553
        ]
      },
      "properties": {
        "date": "2025-01-01"
      }
    },
    {
      "type": "Feature",
      "geometry": {
        "type": "Point",
        "coordinates": [
          1.9522255303278706,
          41.26382827841553
        ]
      },
      "properties": {
        "date": "2025-01-01"
      }
    },
    {
      "type": "Feature",
      "geometry": {
        "type": "Point",
        "coordinates": [
          1.9522486038251383,
          41.26382827841553
        ]
      },
      "properties": {
        "date": "2025-01-01"
      }
    },
    {
      "type": "Feature",
      "geometry": {
        "type": "Point",
        "coordinates": [
          1.952271677322406,
          41.26382827841553
        ]
      },
      "properties": {
        "date": "2025-01-01"
      }
    },
    {
      "type": "Feature",
      "geometry": {
        "type": "Point",
        "coordinates": [
          1.9522947508196737,
          41.26382827841553
        ]
      },
      "properties": {
        "date": "2025-01-01"
      }
    },
    {
      "type": "Feature",
      "geometry": {
        "type": "Point",
        "coordinates": [
          1.9523178243169417,
          41.26382827841553
        ]
      },
      "properties": {
        "date": "2025-01-01"
      }
    },
    {
      "type": "Feature",
      "geometry": {
        "type": "Point",
        "coordinates": [
          1.9523408978142094,
          41.26382827841553
        ]
      },
      "properties": {
        "date": "2025-01-01"
      }
    },
    {
      "type": "Feature",
      "geometry": {
        "type": "Point",
        "coordinates": [
          1.952363971311477,
          41.26382827841553
        ]
      },
      "properties": {
        "date": "2025-01-01"
      }
    },
    {
      "type": "Feature",
      "geometry": {
        "type": "Point",
        "coordinates": [
          1.9523870448087448,
          41.26382827841553
        ]
      },
      "properties": {
        "date": "2025-01-01"
      }
    },
    {
      "type": "Feature",
      "geometry": {
        "type": "Point",
        "coordinates": [
          1.9524101183060125,
          41.26382827841553
        ]
      },
      "properties": {
        "date": "2025-01-01"
      }
    },
    {
      "type": "Feature",
      "geometry": {
        "type": "Point",
        "coordinates": [
          1.9524331918032805,
          41.26382827841553
        ]
      },
      "properties": {
        "date": "2025-01-01"
      }
    },
    {
      "type": "Feature",
      "geometry": {
        "type": "Point",
        "coordinates": [
          1.9524562653005482,
          41.26382827841553
        ]
      },
      "properties": {
        "date": "2025-01-01"
      }
    },
    {
      "type": "Feature",
      "geometry": {
        "type": "Point",
        "coordinates": [
          1.9524793387978159,
          41.26382827841553
        ]
      },
      "properties": {
        "date": "2025-01-01"
      }
    },
    {
      "type": "Feature",
      "geometry": {
        "type": "Point",
        "coordinates": [
          1.9525024122950836,
          41.26382827841553
        ]
      },
      "properties": {
        "date": "2025-01-01"
      }
    },
    {
      "type": "Feature",
      "geometry": {
        "type": "Point",
        "coordinates": [
          1.9525254857923513,
          41.26382827841553
        ]
      },
      "properties": {
        "date": "2025-01-01"
      }
    },
    {
      "type": "Feature",
      "geometry": {
        "type": "Point",
        "coordinates": [
          1.9525485592896192,
          41.26382827841553
        ]
      },
      "properties": {
        "date": "2025-01-01"
      }
    },
    {
      "type": "Feature",
      "geometry": {
        "type": "Point",
        "coordinates": [
          1.952571632786887,
          41.26382827841553
        ]
      },
      "properties": {
        "date": "2025-01-01"
      }
    },
    {
      "type": "Feature",
      "geometry": {
        "type": "Point",
        "coordinates": [
          1.9525947062841547,
          41.26382827841553
        ]
      },
      "properties": {
        "date": "2025-01-01"
      }
    },
    {
      "type": "Feature",
      "geometry": {
        "type": "Point",
        "coordinates": [
          1.9526177797814224,
          41.26382827841553
        ]
      },
      "properties": {
        "date": "2025-01-01"
      }
    },
    {
      "type": "Feature",
      "geometry": {
        "type": "Point",
        "coordinates": [
          1.9526408532786903,
          41.26382827841553
        ]
      },
      "properties": {
        "date": "2025-01-01"
      }
    },
    {
      "type": "Feature",
      "geometry": {
        "type": "Point",
        "coordinates": [
          1.952663926775958,
          41.26382827841553
        ]
      },
      "properties": {
        "date": "2025-01-01"
      }
    },
    {
      "type": "Feature",
      "geometry": {
        "type": "Point",
        "coordinates": [
          1.9526870002732257,
          41.26382827841553
        ]
      },
      "properties": {
        "date": "2025-01-01"
      }
    },
    {
      "type": "Feature",
      "geometry": {
        "type": "Point",
        "coordinates": [
          1.9527100737704934,
          41.26382827841553
        ]
      },
      "properties": {
        "date": "2025-01-01"
      }
    },
    {
      "type": "Feature",
      "geometry": {
        "type": "Point",
        "coordinates": [
          1.9527331472677611,
          41.26382827841553
        ]
      },
      "properties": {
        "date": "2025-01-01"
      }
    },
    {
      "type": "Feature",
      "geometry": {
        "type": "Point",
        "coordinates": [
          1.952756220765029,
          41.26382827841553
        ]
      },
      "properties": {
        "date": "2025-01-01"
      }
    },
    {
      "type": "Feature",
      "geometry": {
        "type": "Point",
        "coordinates": [
          1.9527792942622968,
          41.26382827841553
        ]
      },
      "properties": {
        "date": "2025-01-01"
      }
    },
    {
      "type": "Feature",
      "geometry": {
        "type": "Point",
        "coordinates": [
          1.9528023677595645,
          41.26382827841553
        ]
      },
      "properties": {
        "date": "2025-01-01"
      }
    },
    {
      "type": "Feature",
      "geometry": {
        "type": "Point",
        "coordinates": [
          1.9528254412568322,
          41.26382827841553
        ]
      },
      "properties": {
        "date": "2025-01-01"
      }
    },
    {
      "type": "Feature",
      "geometry": {
        "type": "Point",
        "coordinates": [
          1.9528485147541,
          41.26382827841553
        ]
      },
      "properties": {
        "date": "2025-01-01"
      }
    },
    {
      "type": "Feature",
      "geometry": {
        "type": "Point",
        "coordinates": [
          1.9528715882513679,
          41.26382827841553
        ]
      },
      "properties": {
        "date": "2025-01-01"
      }
    },
    {
      "type": "Feature",
      "geometry": {
        "type": "Point",
        "coordinates": [
          1.9528946617486356,
          41.26382827841553
        ]
      },
      "properties": {
        "date": "2025-01-01"
      }
    },
    {
      "type": "Feature",
      "geometry": {
        "type": "Point",
        "coordinates": [
          1.9709381366120233,
          41.26382827841553
        ]
      },
      "properties": {
        "date": "2025-01-01"
      }
    },
    {
      "type": "Feature",
      "geometry": {
        "type": "Point",
        "coordinates": [
          1.9709612101092913,
          41.26382827841553
        ]
      },
      "properties": {
        "date": "2025-01-01"
      }
    },
    {
      "type": "Feature",
      "geometry": {
        "type": "Point",
        "coordinates": [
          1.970984283606559,
          41.26382827841553
        ]
      },
      "properties": {
        "date": "2025-01-01"
      }
    },
    {
      "type": "Feature",
      "geometry": {
        "type": "Point",
        "coordinates": [
          1.9710073571038267,
          41.26382827841553
        ]
      },
      "properties": {
        "date": "2025-01-01"
      }
    },
    {
      "type": "Feature",
      "geometry": {
        "type": "Point",
        "coordinates": [
          1.9710304306010944,
          41.26382827841553
        ]
      },
      "properties": {
        "date": "2025-01-01"
      }
    },
    {
      "type": "Feature",
      "geometry": {
        "type": "Point",
        "coordinates": [
          1.9719072234972694,
          41.26382827841553
        ]
      },
      "properties": {
        "date": "2025-01-01"
      }
    },
    {
      "type": "Feature",
      "geometry": {
        "type": "Point",
        "coordinates": [
          1.9719302969945371,
          41.26382827841553
        ]
      },
      "properties": {
        "date": "2025-01-01"
      }
    },
    {
      "type": "Feature",
      "geometry": {
        "type": "Point",
        "coordinates": [
          1.9719533704918049,
          41.26382827841553
        ]
      },
      "properties": {
        "date": "2025-01-01"
      }
    },
    {
      "type": "Feature",
      "geometry": {
        "type": "Point",
        "coordinates": [
          1.9719764439890726,
          41.26382827841553
        ]
      },
      "properties": {
        "date": "2025-01-01"
      }
    },
    {
      "type": "Feature",
      "geometry": {
        "type": "Point",
        "coordinates": [
          1.9719995174863403,
          41.26382827841553
        ]
      },
      "properties": {
        "date": "2025-01-01"
      }
    },
    {
      "type": "Feature",
      "geometry": {
        "type": "Point",
        "coordinates": [
          1.9720225909836082,
          41.26382827841553
        ]
      },
      "properties": {
        "date": "2025-01-01"
      }
    },
    {
      "type": "Feature",
      "geometry": {
        "type": "Point",
        "coordinates": [
          1.972045664480876,
          41.26382827841553
        ]
      },
      "properties": {
        "date": "2025-01-01"
      }
    },
    {
      "type": "Feature",
      "geometry": {
        "type": "Point",
        "coordinates": [
          1.9720687379781436,
          41.26382827841553
        ]
      },
      "properties": {
        "date": "2025-01-01"
      }
    },
    {
      "type": "Feature",
      "geometry": {
        "type": "Point",
        "coordinates": [
          1.9720918114754113,
          41.26382827841553
        ]
      },
      "properties": {
        "date": "2025-01-01"
      }
    },
    {
      "type": "Feature",
      "geometry": {
        "type": "Point",
        "coordinates": [
          1.972114884972679,
          41.26382827841553
        ]
      },
      "properties": {
        "date": "2025-01-01"
      }
    },
    {
      "type": "Feature",
      "geometry": {
        "type": "Point",
        "coordinates": [
          1.972137958469947,
          41.26382827841553
        ]
      },
      "properties": {
        "date": "2025-01-01"
      }
    },
    {
      "type": "Feature",
      "geometry": {
        "type": "Point",
        "coordinates": [
          1.9721610319672147,
          41.26382827841553
        ]
      },
      "properties": {
        "date": "2025-01-01"
      }
    },
    {
      "type": "Feature",
      "geometry": {
        "type": "Point",
        "coordinates": [
          1.9721841054644824,
          41.26382827841553
        ]
      },
      "properties": {
        "date": "2025-01-01"
      }
    },
    {
      "type": "Feature",
      "geometry": {
        "type": "Point",
        "coordinates": [
          1.9722071789617501,
          41.26382827841553
        ]
      },
      "properties": {
        "date": "2025-01-01"
      }
    },
    {
      "type": "Feature",
      "geometry": {
        "type": "Point",
        "coordinates": [
          1.972230252459018,
          41.26382827841553
        ]
      },
      "properties": {
        "date": "2025-01-01"
      }
    },
    {
      "type": "Feature",
      "geometry": {
        "type": "Point",
        "coordinates": [
          1.9722533259562858,
          41.26382827841553
        ]
      },
      "properties": {
        "date": "2025-01-01"
      }
    },
    {
      "type": "Feature",
      "geometry": {
        "type": "Point",
        "coordinates": [
          1.9722763994535535,
          41.26382827841553
        ]
      },
      "properties": {
        "date": "2025-01-01"
      }
    },
    {
      "type": "Feature",
      "geometry": {
        "type": "Point",
        "coordinates": [
          1.9722994729508212,
          41.26382827841553
        ]
      },
      "properties": {
        "date": "2025-01-01"
      }
    },
    {
      "type": "Feature",
      "geometry": {
        "type": "Point",
        "coordinates": [
          1.972322546448089,
          41.26382827841553
        ]
      },
      "properties": {
        "date": "2025-01-01"
      }
    },
    {
      "type": "Feature",
      "geometry": {
        "type": "Point",
        "coordinates": [
          1.9723456199453568,
          41.26382827841553
        ]
      },
      "properties": {
        "date": "2025-01-01"
      }
    },
    {
      "type": "Feature",
      "geometry": {
        "type": "Point",
        "coordinates": [
          1.9723686934426246,
          41.26382827841553
        ]
      },
      "properties": {
        "date": "2025-01-01"
      }
    },
    {
      "type": "Feature",
      "geometry": {
        "type": "Point",
        "coordinates": [
          1.9723917669398923,
          41.26382827841553
        ]
      },
      "properties": {
        "date": "2025-01-01"
      }
    },
    {
      "type": "Feature",
      "geometry": {
        "type": "Point",
        "coordinates": [
          1.97241484043716,
          41.26382827841553
        ]
      },
      "properties": {
        "date": "2025-01-01"
      }
    },
    {
      "type": "Feature",
      "geometry": {
        "type": "Point",
        "coordinates": [
          1.9724379139344277,
          41.26382827841553
        ]
      },
      "properties": {
        "date": "2025-01-01"
      }
    },
    {
      "type": "Feature",
      "geometry": {
        "type": "Point",
        "coordinates": [
          1.9724609874316956,
          41.26382827841553
        ]
      },
      "properties": {
        "date": "2025-01-01"
      }
    },
    {
      "type": "Feature",
      "geometry": {
        "type": "Point",
        "coordinates": [
          1.9724840609289633,
          41.26382827841553
        ]
      },
      "properties": {
        "date": "2025-01-01"
      }
    },
    {
      "type": "Feature",
      "geometry": {
        "type": "Point",
        "coordinates": [
          1.972507134426231,
          41.26382827841553
        ]
      },
      "properties": {
        "date": "2025-01-01"
      }
    },
    {
      "type": "Feature",
      "geometry": {
        "type": "Point",
        "coordinates": [
          1.9725302079234988,
          41.26382827841553
        ]
      },
      "properties": {
        "date": "2025-01-01"
      }
    },
    {
      "type": "Feature",
      "geometry": {
        "type": "Point",
        "coordinates": [
          1.9725532814207667,
          41.26382827841553
        ]
      },
      "properties": {
        "date": "2025-01-01"
      }
    },
    {
      "type": "Feature",
      "geometry": {
        "type": "Point",
        "coordinates": [
          1.9725763549180344,
          41.26382827841553
        ]
      },
      "properties": {
        "date": "2025-01-01"
      }
    },
    {
      "type": "Feature",
      "geometry": {
        "type": "Point",
        "coordinates": [
          1.9725994284153021,
          41.26382827841553
        ]
      },
      "properties": {
        "date": "2025-01-01"
      }
    },
    {
      "type": "Feature",
      "geometry": {
        "type": "Point",
        "coordinates": [
          1.9726225019125698,
          41.26382827841553
        ]
      },
      "properties": {
        "date": "2025-01-01"
      }
    },
    {
      "type": "Feature",
      "geometry": {
        "type": "Point",
        "coordinates": [
          1.9726455754098375,
          41.26382827841553
        ]
      },
      "properties": {
        "date": "2025-01-01"
      }
    },
    {
      "type": "Feature",
      "geometry": {
        "type": "Point",
        "coordinates": [
          1.9726686489071055,
          41.26382827841553
        ]
      },
      "properties": {
        "date": "2025-01-01"
      }
    },
    {
      "type": "Feature",
      "geometry": {
        "type": "Point",
        "coordinates": [
          1.9726917224043732,
          41.26382827841553
        ]
      },
      "properties": {
        "date": "2025-01-01"
      }
    },
    {
      "type": "Feature",
      "geometry": {
        "type": "Point",
        "coordinates": [
          1.972714795901641,
          41.26382827841553
        ]
      },
      "properties": {
        "date": "2025-01-01"
      }
    },
    {
      "type": "Feature",
      "geometry": {
        "type": "Point",
        "coordinates": [
          1.9489721672131164,
          41.26376837340643
        ]
      },
      "properties": {
        "date": "2025-01-01"
      }
    },
    {
      "type": "Feature",
      "geometry": {
        "type": "Point",
        "coordinates": [
          1.948995240710384,
          41.26376837340643
        ]
      },
      "properties": {
        "date": "2025-01-01"
      }
    },
    {
      "type": "Feature",
      "geometry": {
        "type": "Point",
        "coordinates": [
          1.949018314207652,
          41.26376837340643
        ]
      },
      "properties": {
        "date": "2025-01-01"
      }
    },
    {
      "type": "Feature",
      "geometry": {
        "type": "Point",
        "coordinates": [
          1.9490413877049197,
          41.26376837340643
        ]
      },
      "properties": {
        "date": "2025-01-01"
      }
    },
    {
      "type": "Feature",
      "geometry": {
        "type": "Point",
        "coordinates": [
          1.9490644612021875,
          41.26376837340643
        ]
      },
      "properties": {
        "date": "2025-01-01"
      }
    },
    {
      "type": "Feature",
      "geometry": {
        "type": "Point",
        "coordinates": [
          1.9490875346994552,
          41.26376837340643
        ]
      },
      "properties": {
        "date": "2025-01-01"
      }
    },
    {
      "type": "Feature",
      "geometry": {
        "type": "Point",
        "coordinates": [
          1.949110608196723,
          41.26376837340643
        ]
      },
      "properties": {
        "date": "2025-01-01"
      }
    },
    {
      "type": "Feature",
      "geometry": {
        "type": "Point",
        "coordinates": [
          1.9491336816939908,
          41.26376837340643
        ]
      },
      "properties": {
        "date": "2025-01-01"
      }
    },
    {
      "type": "Feature",
      "geometry": {
        "type": "Point",
        "coordinates": [
          1.9491567551912585,
          41.26376837340643
        ]
      },
      "properties": {
        "date": "2025-01-01"
      }
    },
    {
      "type": "Feature",
      "geometry": {
        "type": "Point",
        "coordinates": [
          1.9491798286885262,
          41.26376837340643
        ]
      },
      "properties": {
        "date": "2025-01-01"
      }
    },
    {
      "type": "Feature",
      "geometry": {
        "type": "Point",
        "coordinates": [
          1.949202902185794,
          41.26376837340643
        ]
      },
      "properties": {
        "date": "2025-01-01"
      }
    },
    {
      "type": "Feature",
      "geometry": {
        "type": "Point",
        "coordinates": [
          1.9492259756830619,
          41.26376837340643
        ]
      },
      "properties": {
        "date": "2025-01-01"
      }
    },
    {
      "type": "Feature",
      "geometry": {
        "type": "Point",
        "coordinates": [
          1.9492490491803296,
          41.26376837340643
        ]
      },
      "properties": {
        "date": "2025-01-01"
      }
    },
    {
      "type": "Feature",
      "geometry": {
        "type": "Point",
        "coordinates": [
          1.9492721226775973,
          41.26376837340643
        ]
      },
      "properties": {
        "date": "2025-01-01"
      }
    },
    {
      "type": "Feature",
      "geometry": {
        "type": "Point",
        "coordinates": [
          1.949295196174865,
          41.26376837340643
        ]
      },
      "properties": {
        "date": "2025-01-01"
      }
    },
    {
      "type": "Feature",
      "geometry": {
        "type": "Point",
        "coordinates": [
          1.9493182696721327,
          41.26376837340643
        ]
      },
      "properties": {
        "date": "2025-01-01"
      }
    },
    {
      "type": "Feature",
      "geometry": {
        "type": "Point",
        "coordinates": [
          1.9493413431694007,
          41.26376837340643
        ]
      },
      "properties": {
        "date": "2025-01-01"
      }
    },
    {
      "type": "Feature",
      "geometry": {
        "type": "Point",
        "coordinates": [
          1.9493644166666684,
          41.26376837340643
        ]
      },
      "properties": {
        "date": "2025-01-01"
      }
    },
    {
      "type": "Feature",
      "geometry": {
        "type": "Point",
        "coordinates": [
          1.949387490163936,
          41.26376837340643
        ]
      },
      "properties": {
        "date": "2025-01-01"
      }
    },
    {
      "type": "Feature",
      "geometry": {
        "type": "Point",
        "coordinates": [
          1.9494105636612038,
          41.26376837340643
        ]
      },
      "properties": {
        "date": "2025-01-01"
      }
    },
    {
      "type": "Feature",
      "geometry": {
        "type": "Point",
        "coordinates": [
          1.9494336371584717,
          41.26376837340643
        ]
      },
      "properties": {
        "date": "2025-01-01"
      }
    },
    {
      "type": "Feature",
      "geometry": {
        "type": "Point",
        "coordinates": [
          1.9494567106557394,
          41.26376837340643
        ]
      },
      "properties": {
        "date": "2025-01-01"
      }
    },
    {
      "type": "Feature",
      "geometry": {
        "type": "Point",
        "coordinates": [
          1.9494797841530072,
          41.26376837340643
        ]
      },
      "properties": {
        "date": "2025-01-01"
      }
    },
    {
      "type": "Feature",
      "geometry": {
        "type": "Point",
        "coordinates": [
          1.9495028576502749,
          41.26376837340643
        ]
      },
      "properties": {
        "date": "2025-01-01"
      }
    },
    {
      "type": "Feature",
      "geometry": {
        "type": "Point",
        "coordinates": [
          1.9495259311475426,
          41.26376837340643
        ]
      },
      "properties": {
        "date": "2025-01-01"
      }
    },
    {
      "type": "Feature",
      "geometry": {
        "type": "Point",
        "coordinates": [
          1.9495490046448105,
          41.26376837340643
        ]
      },
      "properties": {
        "date": "2025-01-01"
      }
    },
    {
      "type": "Feature",
      "geometry": {
        "type": "Point",
        "coordinates": [
          1.9495720781420782,
          41.26376837340643
        ]
      },
      "properties": {
        "date": "2025-01-01"
      }
    },
    {
      "type": "Feature",
      "geometry": {
        "type": "Point",
        "coordinates": [
          1.949595151639346,
          41.26376837340643
        ]
      },
      "properties": {
        "date": "2025-01-01"
      }
    },
    {
      "type": "Feature",
      "geometry": {
        "type": "Point",
        "coordinates": [
          1.9496182251366136,
          41.26376837340643
        ]
      },
      "properties": {
        "date": "2025-01-01"
      }
    },
    {
      "type": "Feature",
      "geometry": {
        "type": "Point",
        "coordinates": [
          1.9496412986338816,
          41.26376837340643
        ]
      },
      "properties": {
        "date": "2025-01-01"
      }
    },
    {
      "type": "Feature",
      "geometry": {
        "type": "Point",
        "coordinates": [
          1.9496643721311493,
          41.26376837340643
        ]
      },
      "properties": {
        "date": "2025-01-01"
      }
    },
    {
      "type": "Feature",
      "geometry": {
        "type": "Point",
        "coordinates": [
          1.949687445628417,
          41.26376837340643
        ]
      },
      "properties": {
        "date": "2025-01-01"
      }
    },
    {
      "type": "Feature",
      "geometry": {
        "type": "Point",
        "coordinates": [
          1.9497105191256847,
          41.26376837340643
        ]
      },
      "properties": {
        "date": "2025-01-01"
      }
    },
    {
      "type": "Feature",
      "geometry": {
        "type": "Point",
        "coordinates": [
          1.9497335926229524,
          41.26376837340643
        ]
      },
      "properties": {
        "date": "2025-01-01"
      }
    },
    {
      "type": "Feature",
      "geometry": {
        "type": "Point",
        "coordinates": [
          1.9497566661202204,
          41.26376837340643
        ]
      },
      "properties": {
        "date": "2025-01-01"
      }
    },
    {
      "type": "Feature",
      "geometry": {
        "type": "Point",
        "coordinates": [
          1.949779739617488,
          41.26376837340643
        ]
      },
      "properties": {
        "date": "2025-01-01"
      }
    },
    {
      "type": "Feature",
      "geometry": {
        "type": "Point",
        "coordinates": [
          1.9498028131147558,
          41.26376837340643
        ]
      },
      "properties": {
        "date": "2025-01-01"
      }
    },
    {
      "type": "Feature",
      "geometry": {
        "type": "Point",
        "coordinates": [
          1.9498258866120235,
          41.26376837340643
        ]
      },
      "properties": {
        "date": "2025-01-01"
      }
    },
    {
      "type": "Feature",
      "geometry": {
        "type": "Point",
        "coordinates": [
          1.9498489601092912,
          41.26376837340643
        ]
      },
      "properties": {
        "date": "2025-01-01"
      }
    },
    {
      "type": "Feature",
      "geometry": {
        "type": "Point",
        "coordinates": [
          1.9498720336065591,
          41.26376837340643
        ]
      },
      "properties": {
        "date": "2025-01-01"
      }
    },
    {
      "type": "Feature",
      "geometry": {
        "type": "Point",
        "coordinates": [
          1.9498951071038269,
          41.26376837340643
        ]
      },
      "properties": {
        "date": "2025-01-01"
      }
    },
    {
      "type": "Feature",
      "geometry": {
        "type": "Point",
        "coordinates": [
          1.9499181806010946,
          41.26376837340643
        ]
      },
      "properties": {
        "date": "2025-01-01"
      }
    },
    {
      "type": "Feature",
      "geometry": {
        "type": "Point",
        "coordinates": [
          1.9499412540983623,
          41.26376837340643
        ]
      },
      "properties": {
        "date": "2025-01-01"
      }
    },
    {
      "type": "Feature",
      "geometry": {
        "type": "Point",
        "coordinates": [
          1.9499643275956302,
          41.26376837340643
        ]
      },
      "properties": {
        "date": "2025-01-01"
      }
    },
    {
      "type": "Feature",
      "geometry": {
        "type": "Point",
        "coordinates": [
          1.949987401092898,
          41.26376837340643
        ]
      },
      "properties": {
        "date": "2025-01-01"
      }
    },
    {
      "type": "Feature",
      "geometry": {
        "type": "Point",
        "coordinates": [
          1.9500104745901656,
          41.26376837340643
        ]
      },
      "properties": {
        "date": "2025-01-01"
      }
    },
    {
      "type": "Feature",
      "geometry": {
        "type": "Point",
        "coordinates": [
          1.9500335480874333,
          41.26376837340643
        ]
      },
      "properties": {
        "date": "2025-01-01"
      }
    },
    {
      "type": "Feature",
      "geometry": {
        "type": "Point",
        "coordinates": [
          1.950056621584701,
          41.26376837340643
        ]
      },
      "properties": {
        "date": "2025-01-01"
      }
    },
    {
      "type": "Feature",
      "geometry": {
        "type": "Point",
        "coordinates": [
          1.950079695081969,
          41.26376837340643
        ]
      },
      "properties": {
        "date": "2025-01-01"
      }
    },
    {
      "type": "Feature",
      "geometry": {
        "type": "Point",
        "coordinates": [
          1.9501027685792367,
          41.26376837340643
        ]
      },
      "properties": {
        "date": "2025-01-01"
      }
    },
    {
      "type": "Feature",
      "geometry": {
        "type": "Point",
        "coordinates": [
          1.9501258420765044,
          41.26376837340643
        ]
      },
      "properties": {
        "date": "2025-01-01"
      }
    },
    {
      "type": "Feature",
      "geometry": {
        "type": "Point",
        "coordinates": [
          1.9501489155737721,
          41.26376837340643
        ]
      },
      "properties": {
        "date": "2025-01-01"
      }
    },
    {
      "type": "Feature",
      "geometry": {
        "type": "Point",
        "coordinates": [
          1.9501719890710398,
          41.26376837340643
        ]
      },
      "properties": {
        "date": "2025-01-01"
      }
    },
    {
      "type": "Feature",
      "geometry": {
        "type": "Point",
        "coordinates": [
          1.9501950625683078,
          41.26376837340643
        ]
      },
      "properties": {
        "date": "2025-01-01"
      }
    },
    {
      "type": "Feature",
      "geometry": {
        "type": "Point",
        "coordinates": [
          1.9502181360655755,
          41.26376837340643
        ]
      },
      "properties": {
        "date": "2025-01-01"
      }
    },
    {
      "type": "Feature",
      "geometry": {
        "type": "Point",
        "coordinates": [
          1.9502412095628432,
          41.26376837340643
        ]
      },
      "properties": {
        "date": "2025-01-01"
      }
    },
    {
      "type": "Feature",
      "geometry": {
        "type": "Point",
        "coordinates": [
          1.950264283060111,
          41.26376837340643
        ]
      },
      "properties": {
        "date": "2025-01-01"
      }
    },
    {
      "type": "Feature",
      "geometry": {
        "type": "Point",
        "coordinates": [
          1.9502873565573788,
          41.26376837340643
        ]
      },
      "properties": {
        "date": "2025-01-01"
      }
    },
    {
      "type": "Feature",
      "geometry": {
        "type": "Point",
        "coordinates": [
          1.9503104300546465,
          41.26376837340643
        ]
      },
      "properties": {
        "date": "2025-01-01"
      }
    },
    {
      "type": "Feature",
      "geometry": {
        "type": "Point",
        "coordinates": [
          1.9503335035519143,
          41.26376837340643
        ]
      },
      "properties": {
        "date": "2025-01-01"
      }
    },
    {
      "type": "Feature",
      "geometry": {
        "type": "Point",
        "coordinates": [
          1.950356577049182,
          41.26376837340643
        ]
      },
      "properties": {
        "date": "2025-01-01"
      }
    },
    {
      "type": "Feature",
      "geometry": {
        "type": "Point",
        "coordinates": [
          1.9503796505464497,
          41.26376837340643
        ]
      },
      "properties": {
        "date": "2025-01-01"
      }
    },
    {
      "type": "Feature",
      "geometry": {
        "type": "Point",
        "coordinates": [
          1.9504027240437176,
          41.26376837340643
        ]
      },
      "properties": {
        "date": "2025-01-01"
      }
    },
    {
      "type": "Feature",
      "geometry": {
        "type": "Point",
        "coordinates": [
          1.9504257975409853,
          41.26376837340643
        ]
      },
      "properties": {
        "date": "2025-01-01"
      }
    },
    {
      "type": "Feature",
      "geometry": {
        "type": "Point",
        "coordinates": [
          1.950448871038253,
          41.26376837340643
        ]
      },
      "properties": {
        "date": "2025-01-01"
      }
    },
    {
      "type": "Feature",
      "geometry": {
        "type": "Point",
        "coordinates": [
          1.9504719445355208,
          41.26376837340643
        ]
      },
      "properties": {
        "date": "2025-01-01"
      }
    },
    {
      "type": "Feature",
      "geometry": {
        "type": "Point",
        "coordinates": [
          1.9504950180327885,
          41.26376837340643
        ]
      },
      "properties": {
        "date": "2025-01-01"
      }
    },
    {
      "type": "Feature",
      "geometry": {
        "type": "Point",
        "coordinates": [
          1.9489721672131164,
          41.26370846839732
        ]
      },
      "properties": {
        "date": "2025-01-01"
      }
    },
    {
      "type": "Feature",
      "geometry": {
        "type": "Point",
        "coordinates": [
          1.948995240710384,
          41.26370846839732
        ]
      },
      "properties": {
        "date": "2025-01-01"
      }
    },
    {
      "type": "Feature",
      "geometry": {
        "type": "Point",
        "coordinates": [
          1.949018314207652,
          41.26370846839732
        ]
      },
      "properties": {
        "date": "2025-01-01"
      }
    },
    {
      "type": "Feature",
      "geometry": {
        "type": "Point",
        "coordinates": [
          1.9490413877049197,
          41.26370846839732
        ]
      },
      "properties": {
        "date": "2025-01-01"
      }
    },
    {
      "type": "Feature",
      "geometry": {
        "type": "Point",
        "coordinates": [
          1.9490644612021875,
          41.26370846839732
        ]
      },
      "properties": {
        "date": "2025-01-01"
      }
    },
    {
      "type": "Feature",
      "geometry": {
        "type": "Point",
        "coordinates": [
          1.9490875346994552,
          41.26370846839732
        ]
      },
      "properties": {
        "date": "2025-01-01"
      }
    },
    {
      "type": "Feature",
      "geometry": {
        "type": "Point",
        "coordinates": [
          1.949110608196723,
          41.26370846839732
        ]
      },
      "properties": {
        "date": "2025-01-01"
      }
    },
    {
      "type": "Feature",
      "geometry": {
        "type": "Point",
        "coordinates": [
          1.9491336816939908,
          41.26370846839732
        ]
      },
      "properties": {
        "date": "2025-01-01"
      }
    },
    {
      "type": "Feature",
      "geometry": {
        "type": "Point",
        "coordinates": [
          1.9491567551912585,
          41.26370846839732
        ]
      },
      "properties": {
        "date": "2025-01-01"
      }
    },
    {
      "type": "Feature",
      "geometry": {
        "type": "Point",
        "coordinates": [
          1.9491798286885262,
          41.26370846839732
        ]
      },
      "properties": {
        "date": "2025-01-01"
      }
    },
    {
      "type": "Feature",
      "geometry": {
        "type": "Point",
        "coordinates": [
          1.949202902185794,
          41.26370846839732
        ]
      },
      "properties": {
        "date": "2025-01-01"
      }
    },
    {
      "type": "Feature",
      "geometry": {
        "type": "Point",
        "coordinates": [
          1.9492259756830619,
          41.26370846839732
        ]
      },
      "properties": {
        "date": "2025-01-01"
      }
    },
    {
      "type": "Feature",
      "geometry": {
        "type": "Point",
        "coordinates": [
          1.9492490491803296,
          41.26370846839732
        ]
      },
      "properties": {
        "date": "2025-01-01"
      }
    },
    {
      "type": "Feature",
      "geometry": {
        "type": "Point",
        "coordinates": [
          1.9492721226775973,
          41.26370846839732
        ]
      },
      "properties": {
        "date": "2025-01-01"
      }
    },
    {
      "type": "Feature",
      "geometry": {
        "type": "Point",
        "coordinates": [
          1.949295196174865,
          41.26370846839732
        ]
      },
      "properties": {
        "date": "2025-01-01"
      }
    },
    {
      "type": "Feature",
      "geometry": {
        "type": "Point",
        "coordinates": [
          1.9493182696721327,
          41.26370846839732
        ]
      },
      "properties": {
        "date": "2025-01-01"
      }
    },
    {
      "type": "Feature",
      "geometry": {
        "type": "Point",
        "coordinates": [
          1.9493413431694007,
          41.26370846839732
        ]
      },
      "properties": {
        "date": "2025-01-01"
      }
    },
    {
      "type": "Feature",
      "geometry": {
        "type": "Point",
        "coordinates": [
          1.9493644166666684,
          41.26370846839732
        ]
      },
      "properties": {
        "date": "2025-01-01"
      }
    },
    {
      "type": "Feature",
      "geometry": {
        "type": "Point",
        "coordinates": [
          1.949387490163936,
          41.26370846839732
        ]
      },
      "properties": {
        "date": "2025-01-01"
      }
    },
    {
      "type": "Feature",
      "geometry": {
        "type": "Point",
        "coordinates": [
          1.9494105636612038,
          41.26370846839732
        ]
      },
      "properties": {
        "date": "2025-01-01"
      }
    },
    {
      "type": "Feature",
      "geometry": {
        "type": "Point",
        "coordinates": [
          1.9494336371584717,
          41.26370846839732
        ]
      },
      "properties": {
        "date": "2025-01-01"
      }
    },
    {
      "type": "Feature",
      "geometry": {
        "type": "Point",
        "coordinates": [
          1.9494567106557394,
          41.26370846839732
        ]
      },
      "properties": {
        "date": "2025-01-01"
      }
    },
    {
      "type": "Feature",
      "geometry": {
        "type": "Point",
        "coordinates": [
          1.9494797841530072,
          41.26370846839732
        ]
      },
      "properties": {
        "date": "2025-01-01"
      }
    },
    {
      "type": "Feature",
      "geometry": {
        "type": "Point",
        "coordinates": [
          1.9495028576502749,
          41.26370846839732
        ]
      },
      "properties": {
        "date": "2025-01-01"
      }
    },
    {
      "type": "Feature",
      "geometry": {
        "type": "Point",
        "coordinates": [
          1.9495259311475426,
          41.26370846839732
        ]
      },
      "properties": {
        "date": "2025-01-01"
      }
    },
    {
      "type": "Feature",
      "geometry": {
        "type": "Point",
        "coordinates": [
          1.9495490046448105,
          41.26370846839732
        ]
      },
      "properties": {
        "date": "2025-01-01"
      }
    },
    {
      "type": "Feature",
      "geometry": {
        "type": "Point",
        "coordinates": [
          1.9495720781420782,
          41.26370846839732
        ]
      },
      "properties": {
        "date": "2025-01-01"
      }
    },
    {
      "type": "Feature",
      "geometry": {
        "type": "Point",
        "coordinates": [
          1.949595151639346,
          41.26370846839732
        ]
      },
      "properties": {
        "date": "2025-01-01"
      }
    },
    {
      "type": "Feature",
      "geometry": {
        "type": "Point",
        "coordinates": [
          1.9496182251366136,
          41.26370846839732
        ]
      },
      "properties": {
        "date": "2025-01-01"
      }
    },
    {
      "type": "Feature",
      "geometry": {
        "type": "Point",
        "coordinates": [
          1.9496412986338816,
          41.26370846839732
        ]
      },
      "properties": {
        "date": "2025-01-01"
      }
    },
    {
      "type": "Feature",
      "geometry": {
        "type": "Point",
        "coordinates": [
          1.9496643721311493,
          41.26370846839732
        ]
      },
      "properties": {
        "date": "2025-01-01"
      }
    },
    {
      "type": "Feature",
      "geometry": {
        "type": "Point",
        "coordinates": [
          1.949687445628417,
          41.26370846839732
        ]
      },
      "properties": {
        "date": "2025-01-01"
      }
    },
    {
      "type": "Feature",
      "geometry": {
        "type": "Point",
        "coordinates": [
          1.9497105191256847,
          41.26370846839732
        ]
      },
      "properties": {
        "date": "2025-01-01"
      }
    },
    {
      "type": "Feature",
      "geometry": {
        "type": "Point",
        "coordinates": [
          1.9497335926229524,
          41.26370846839732
        ]
      },
      "properties": {
        "date": "2025-01-01"
      }
    },
    {
      "type": "Feature",
      "geometry": {
        "type": "Point",
        "coordinates": [
          1.9497566661202204,
          41.26370846839732
        ]
      },
      "properties": {
        "date": "2025-01-01"
      }
    },
    {
      "type": "Feature",
      "geometry": {
        "type": "Point",
        "coordinates": [
          1.949779739617488,
          41.26370846839732
        ]
      },
      "properties": {
        "date": "2025-01-01"
      }
    },
    {
      "type": "Feature",
      "geometry": {
        "type": "Point",
        "coordinates": [
          1.9498028131147558,
          41.26370846839732
        ]
      },
      "properties": {
        "date": "2025-01-01"
      }
    },
    {
      "type": "Feature",
      "geometry": {
        "type": "Point",
        "coordinates": [
          1.9498258866120235,
          41.26370846839732
        ]
      },
      "properties": {
        "date": "2025-01-01"
      }
    },
    {
      "type": "Feature",
      "geometry": {
        "type": "Point",
        "coordinates": [
          1.9498489601092912,
          41.26370846839732
        ]
      },
      "properties": {
        "date": "2025-01-01"
      }
    },
    {
      "type": "Feature",
      "geometry": {
        "type": "Point",
        "coordinates": [
          1.9498720336065591,
          41.26370846839732
        ]
      },
      "properties": {
        "date": "2025-01-01"
      }
    },
    {
      "type": "Feature",
      "geometry": {
        "type": "Point",
        "coordinates": [
          1.9498951071038269,
          41.26370846839732
        ]
      },
      "properties": {
        "date": "2025-01-01"
      }
    },
    {
      "type": "Feature",
      "geometry": {
        "type": "Point",
        "coordinates": [
          1.9499181806010946,
          41.26370846839732
        ]
      },
      "properties": {
        "date": "2025-01-01"
      }
    },
    {
      "type": "Feature",
      "geometry": {
        "type": "Point",
        "coordinates": [
          1.9499412540983623,
          41.26370846839732
        ]
      },
      "properties": {
        "date": "2025-01-01"
      }
    },
    {
      "type": "Feature",
      "geometry": {
        "type": "Point",
        "coordinates": [
          1.9499643275956302,
          41.26370846839732
        ]
      },
      "properties": {
        "date": "2025-01-01"
      }
    },
    {
      "type": "Feature",
      "geometry": {
        "type": "Point",
        "coordinates": [
          1.949987401092898,
          41.26370846839732
        ]
      },
      "properties": {
        "date": "2025-01-01"
      }
    },
    {
      "type": "Feature",
      "geometry": {
        "type": "Point",
        "coordinates": [
          1.9500104745901656,
          41.26370846839732
        ]
      },
      "properties": {
        "date": "2025-01-01"
      }
    },
    {
      "type": "Feature",
      "geometry": {
        "type": "Point",
        "coordinates": [
          1.9500335480874333,
          41.26370846839732
        ]
      },
      "properties": {
        "date": "2025-01-01"
      }
    },
    {
      "type": "Feature",
      "geometry": {
        "type": "Point",
        "coordinates": [
          1.950056621584701,
          41.26370846839732
        ]
      },
      "properties": {
        "date": "2025-01-01"
      }
    },
    {
      "type": "Feature",
      "geometry": {
        "type": "Point",
        "coordinates": [
          1.950079695081969,
          41.26370846839732
        ]
      },
      "properties": {
        "date": "2025-01-01"
      }
    },
    {
      "type": "Feature",
      "geometry": {
        "type": "Point",
        "coordinates": [
          1.9501027685792367,
          41.26370846839732
        ]
      },
      "properties": {
        "date": "2025-01-01"
      }
    },
    {
      "type": "Feature",
      "geometry": {
        "type": "Point",
        "coordinates": [
          1.9462725680327886,
          41.26364856338821
        ]
      },
      "properties": {
        "date": "2025-01-01"
      }
    },
    {
      "type": "Feature",
      "geometry": {
        "type": "Point",
        "coordinates": [
          1.9462956415300563,
          41.26364856338821
        ]
      },
      "properties": {
        "date": "2025-01-01"
      }
    },
    {
      "type": "Feature",
      "geometry": {
        "type": "Point",
        "coordinates": [
          1.946318715027324,
          41.26364856338821
        ]
      },
      "properties": {
        "date": "2025-01-01"
      }
    },
    {
      "type": "Feature",
      "geometry": {
        "type": "Point",
        "coordinates": [
          1.946341788524592,
          41.26364856338821
        ]
      },
      "properties": {
        "date": "2025-01-01"
      }
    },
    {
      "type": "Feature",
      "geometry": {
        "type": "Point",
        "coordinates": [
          1.9463648620218597,
          41.26364856338821
        ]
      },
      "properties": {
        "date": "2025-01-01"
      }
    },
    {
      "type": "Feature",
      "geometry": {
        "type": "Point",
        "coordinates": [
          1.9463879355191274,
          41.26364856338821
        ]
      },
      "properties": {
        "date": "2025-01-01"
      }
    },
    {
      "type": "Feature",
      "geometry": {
        "type": "Point",
        "coordinates": [
          1.946411009016395,
          41.26364856338821
        ]
      },
      "properties": {
        "date": "2025-01-01"
      }
    },
    {
      "type": "Feature",
      "geometry": {
        "type": "Point",
        "coordinates": [
          1.946434082513663,
          41.26364856338821
        ]
      },
      "properties": {
        "date": "2025-01-01"
      }
    },
    {
      "type": "Feature",
      "geometry": {
        "type": "Point",
        "coordinates": [
          1.9464571560109307,
          41.26364856338821
        ]
      },
      "properties": {
        "date": "2025-01-01"
      }
    },
    {
      "type": "Feature",
      "geometry": {
        "type": "Point",
        "coordinates": [
          1.9464802295081984,
          41.26364856338821
        ]
      },
      "properties": {
        "date": "2025-01-01"
      }
    },
    {
      "type": "Feature",
      "geometry": {
        "type": "Point",
        "coordinates": [
          1.9465033030054661,
          41.26364856338821
        ]
      },
      "properties": {
        "date": "2025-01-01"
      }
    },
    {
      "type": "Feature",
      "geometry": {
        "type": "Point",
        "coordinates": [
          1.9465263765027339,
          41.26364856338821
        ]
      },
      "properties": {
        "date": "2025-01-01"
      }
    },
    {
      "type": "Feature",
      "geometry": {
        "type": "Point",
        "coordinates": [
          1.9465494500000018,
          41.26364856338821
        ]
      },
      "properties": {
        "date": "2025-01-01"
      }
    },
    {
      "type": "Feature",
      "geometry": {
        "type": "Point",
        "coordinates": [
          1.9465725234972695,
          41.26364856338821
        ]
      },
      "properties": {
        "date": "2025-01-01"
      }
    },
    {
      "type": "Feature",
      "geometry": {
        "type": "Point",
        "coordinates": [
          1.9465955969945372,
          41.26364856338821
        ]
      },
      "properties": {
        "date": "2025-01-01"
      }
    },
    {
      "type": "Feature",
      "geometry": {
        "type": "Point",
        "coordinates": [
          1.946618670491805,
          41.26364856338821
        ]
      },
      "properties": {
        "date": "2025-01-01"
      }
    },
    {
      "type": "Feature",
      "geometry": {
        "type": "Point",
        "coordinates": [
          1.9466417439890726,
          41.26364856338821
        ]
      },
      "properties": {
        "date": "2025-01-01"
      }
    },
    {
      "type": "Feature",
      "geometry": {
        "type": "Point",
        "coordinates": [
          1.9466648174863406,
          41.26364856338821
        ]
      },
      "properties": {
        "date": "2025-01-01"
      }
    },
    {
      "type": "Feature",
      "geometry": {
        "type": "Point",
        "coordinates": [
          1.9466878909836083,
          41.26364856338821
        ]
      },
      "properties": {
        "date": "2025-01-01"
      }
    },
    {
      "type": "Feature",
      "geometry": {
        "type": "Point",
        "coordinates": [
          1.946710964480876,
          41.26364856338821
        ]
      },
      "properties": {
        "date": "2025-01-01"
      }
    },
    {
      "type": "Feature",
      "geometry": {
        "type": "Point",
        "coordinates": [
          1.9467340379781437,
          41.26364856338821
        ]
      },
      "properties": {
        "date": "2025-01-01"
      }
    },
    {
      "type": "Feature",
      "geometry": {
        "type": "Point",
        "coordinates": [
          1.9467571114754116,
          41.26364856338821
        ]
      },
      "properties": {
        "date": "2025-01-01"
      }
    },
    {
      "type": "Feature",
      "geometry": {
        "type": "Point",
        "coordinates": [
          1.9467801849726794,
          41.26364856338821
        ]
      },
      "properties": {
        "date": "2025-01-01"
      }
    },
    {
      "type": "Feature",
      "geometry": {
        "type": "Point",
        "coordinates": [
          1.946803258469947,
          41.26364856338821
        ]
      },
      "properties": {
        "date": "2025-01-01"
      }
    },
    {
      "type": "Feature",
      "geometry": {
        "type": "Point",
        "coordinates": [
          1.9468263319672148,
          41.26364856338821
        ]
      },
      "properties": {
        "date": "2025-01-01"
      }
    },
    {
      "type": "Feature",
      "geometry": {
        "type": "Point",
        "coordinates": [
          1.9468494054644825,
          41.26364856338821
        ]
      },
      "properties": {
        "date": "2025-01-01"
      }
    },
    {
      "type": "Feature",
      "geometry": {
        "type": "Point",
        "coordinates": [
          1.9468724789617504,
          41.26364856338821
        ]
      },
      "properties": {
        "date": "2025-01-01"
      }
    },
    {
      "type": "Feature",
      "geometry": {
        "type": "Point",
        "coordinates": [
          1.9468955524590181,
          41.26364856338821
        ]
      },
      "properties": {
        "date": "2025-01-01"
      }
    },
    {
      "type": "Feature",
      "geometry": {
        "type": "Point",
        "coordinates": [
          1.9469186259562858,
          41.26364856338821
        ]
      },
      "properties": {
        "date": "2025-01-01"
      }
    },
    {
      "type": "Feature",
      "geometry": {
        "type": "Point",
        "coordinates": [
          1.9469416994535536,
          41.26364856338821
        ]
      },
      "properties": {
        "date": "2025-01-01"
      }
    },
    {
      "type": "Feature",
      "geometry": {
        "type": "Point",
        "coordinates": [
          1.9469647729508215,
          41.26364856338821
        ]
      },
      "properties": {
        "date": "2025-01-01"
      }
    },
    {
      "type": "Feature",
      "geometry": {
        "type": "Point",
        "coordinates": [
          1.9469878464480892,
          41.26364856338821
        ]
      },
      "properties": {
        "date": "2025-01-01"
      }
    },
    {
      "type": "Feature",
      "geometry": {
        "type": "Point",
        "coordinates": [
          1.947010919945357,
          41.26364856338821
        ]
      },
      "properties": {
        "date": "2025-01-01"
      }
    },
    {
      "type": "Feature",
      "geometry": {
        "type": "Point",
        "coordinates": [
          1.9470339934426246,
          41.26364856338821
        ]
      },
      "properties": {
        "date": "2025-01-01"
      }
    },
    {
      "type": "Feature",
      "geometry": {
        "type": "Point",
        "coordinates": [
          1.9470570669398923,
          41.26364856338821
        ]
      },
      "properties": {
        "date": "2025-01-01"
      }
    },
    {
      "type": "Feature",
      "geometry": {
        "type": "Point",
        "coordinates": [
          1.9470801404371603,
          41.26364856338821
        ]
      },
      "properties": {
        "date": "2025-01-01"
      }
    },
    {
      "type": "Feature",
      "geometry": {
        "type": "Point",
        "coordinates": [
          1.947103213934428,
          41.26364856338821
        ]
      },
      "properties": {
        "date": "2025-01-01"
      }
    },
    {
      "type": "Feature",
      "geometry": {
        "type": "Point",
        "coordinates": [
          1.9471262874316957,
          41.26364856338821
        ]
      },
      "properties": {
        "date": "2025-01-01"
      }
    },
    {
      "type": "Feature",
      "geometry": {
        "type": "Point",
        "coordinates": [
          1.9471493609289634,
          41.26364856338821
        ]
      },
      "properties": {
        "date": "2025-01-01"
      }
    },
    {
      "type": "Feature",
      "geometry": {
        "type": "Point",
        "coordinates": [
          1.9471724344262311,
          41.26364856338821
        ]
      },
      "properties": {
        "date": "2025-01-01"
      }
    },
    {
      "type": "Feature",
      "geometry": {
        "type": "Point",
        "coordinates": [
          1.947195507923499,
          41.26364856338821
        ]
      },
      "properties": {
        "date": "2025-01-01"
      }
    },
    {
      "type": "Feature",
      "geometry": {
        "type": "Point",
        "coordinates": [
          1.9472185814207668,
          41.26364856338821
        ]
      },
      "properties": {
        "date": "2025-01-01"
      }
    },
    {
      "type": "Feature",
      "geometry": {
        "type": "Point",
        "coordinates": [
          1.9472416549180345,
          41.26364856338821
        ]
      },
      "properties": {
        "date": "2025-01-01"
      }
    },
    {
      "type": "Feature",
      "geometry": {
        "type": "Point",
        "coordinates": [
          1.9472647284153022,
          41.26364856338821
        ]
      },
      "properties": {
        "date": "2025-01-01"
      }
    },
    {
      "type": "Feature",
      "geometry": {
        "type": "Point",
        "coordinates": [
          1.9472878019125701,
          41.26364856338821
        ]
      },
      "properties": {
        "date": "2025-01-01"
      }
    },
    {
      "type": "Feature",
      "geometry": {
        "type": "Point",
        "coordinates": [
          1.9473108754098378,
          41.26364856338821
        ]
      },
      "properties": {
        "date": "2025-01-01"
      }
    },
    {
      "type": "Feature",
      "geometry": {
        "type": "Point",
        "coordinates": [
          1.9473339489071055,
          41.26364856338821
        ]
      },
      "properties": {
        "date": "2025-01-01"
      }
    },
    {
      "type": "Feature",
      "geometry": {
        "type": "Point",
        "coordinates": [
          1.9473570224043733,
          41.26364856338821
        ]
      },
      "properties": {
        "date": "2025-01-01"
      }
    },
    {
      "type": "Feature",
      "geometry": {
        "type": "Point",
        "coordinates": [
          1.947380095901641,
          41.26364856338821
        ]
      },
      "properties": {
        "date": "2025-01-01"
      }
    },
    {
      "type": "Feature",
      "geometry": {
        "type": "Point",
        "coordinates": [
          1.947403169398909,
          41.26364856338821
        ]
      },
      "properties": {
        "date": "2025-01-01"
      }
    },
    {
      "type": "Feature",
      "geometry": {
        "type": "Point",
        "coordinates": [
          1.9474262428961766,
          41.26364856338821
        ]
      },
      "properties": {
        "date": "2025-01-01"
      }
    },
    {
      "type": "Feature",
      "geometry": {
        "type": "Point",
        "coordinates": [
          1.9474493163934443,
          41.26364856338821
        ]
      },
      "properties": {
        "date": "2025-01-01"
      }
    },
    {
      "type": "Feature",
      "geometry": {
        "type": "Point",
        "coordinates": [
          1.947472389890712,
          41.26364856338821
        ]
      },
      "properties": {
        "date": "2025-01-01"
      }
    },
    {
      "type": "Feature",
      "geometry": {
        "type": "Point",
        "coordinates": [
          1.9474954633879797,
          41.26364856338821
        ]
      },
      "properties": {
        "date": "2025-01-01"
      }
    },
    {
      "type": "Feature",
      "geometry": {
        "type": "Point",
        "coordinates": [
          1.9475185368852477,
          41.26364856338821
        ]
      },
      "properties": {
        "date": "2025-01-01"
      }
    },
    {
      "type": "Feature",
      "geometry": {
        "type": "Point",
        "coordinates": [
          1.9475416103825154,
          41.26364856338821
        ]
      },
      "properties": {
        "date": "2025-01-01"
      }
    },
    {
      "type": "Feature",
      "geometry": {
        "type": "Point",
        "coordinates": [
          1.947564683879783,
          41.26364856338821
        ]
      },
      "properties": {
        "date": "2025-01-01"
      }
    },
    {
      "type": "Feature",
      "geometry": {
        "type": "Point",
        "coordinates": [
          1.9475877573770508,
          41.26364856338821
        ]
      },
      "properties": {
        "date": "2025-01-01"
      }
    },
    {
      "type": "Feature",
      "geometry": {
        "type": "Point",
        "coordinates": [
          1.9476108308743187,
          41.26364856338821
        ]
      },
      "properties": {
        "date": "2025-01-01"
      }
    },
    {
      "type": "Feature",
      "geometry": {
        "type": "Point",
        "coordinates": [
          1.9476339043715865,
          41.26364856338821
        ]
      },
      "properties": {
        "date": "2025-01-01"
      }
    },
    {
      "type": "Feature",
      "geometry": {
        "type": "Point",
        "coordinates": [
          1.9476569778688542,
          41.26364856338821
        ]
      },
      "properties": {
        "date": "2025-01-01"
      }
    },
    {
      "type": "Feature",
      "geometry": {
        "type": "Point",
        "coordinates": [
          1.9476800513661219,
          41.26364856338821
        ]
      },
      "properties": {
        "date": "2025-01-01"
      }
    },
    {
      "type": "Feature",
      "geometry": {
        "type": "Point",
        "coordinates": [
          1.9477031248633896,
          41.26364856338821
        ]
      },
      "properties": {
        "date": "2025-01-01"
      }
    },
    {
      "type": "Feature",
      "geometry": {
        "type": "Point",
        "coordinates": [
          1.9477261983606575,
          41.26364856338821
        ]
      },
      "properties": {
        "date": "2025-01-01"
      }
    },
    {
      "type": "Feature",
      "geometry": {
        "type": "Point",
        "coordinates": [
          1.9477492718579252,
          41.26364856338821
        ]
      },
      "properties": {
        "date": "2025-01-01"
      }
    },
    {
      "type": "Feature",
      "geometry": {
        "type": "Point",
        "coordinates": [
          1.947772345355193,
          41.26364856338821
        ]
      },
      "properties": {
        "date": "2025-01-01"
      }
    },
    {
      "type": "Feature",
      "geometry": {
        "type": "Point",
        "coordinates": [
          1.9477954188524607,
          41.26364856338821
        ]
      },
      "properties": {
        "date": "2025-01-01"
      }
    },
    {
      "type": "Feature",
      "geometry": {
        "type": "Point",
        "coordinates": [
          1.9478184923497284,
          41.26364856338821
        ]
      },
      "properties": {
        "date": "2025-01-01"
      }
    },
    {
      "type": "Feature",
      "geometry": {
        "type": "Point",
        "coordinates": [
          1.9478415658469963,
          41.26364856338821
        ]
      },
      "properties": {
        "date": "2025-01-01"
      }
    },
    {
      "type": "Feature",
      "geometry": {
        "type": "Point",
        "coordinates": [
          1.947864639344264,
          41.26364856338821
        ]
      },
      "properties": {
        "date": "2025-01-01"
      }
    },
    {
      "type": "Feature",
      "geometry": {
        "type": "Point",
        "coordinates": [
          1.9478877128415317,
          41.26364856338821
        ]
      },
      "properties": {
        "date": "2025-01-01"
      }
    },
    {
      "type": "Feature",
      "geometry": {
        "type": "Point",
        "coordinates": [
          1.9479107863387994,
          41.26364856338821
        ]
      },
      "properties": {
        "date": "2025-01-01"
      }
    },
    {
      "type": "Feature",
      "geometry": {
        "type": "Point",
        "coordinates": [
          1.9479338598360674,
          41.26364856338821
        ]
      },
      "properties": {
        "date": "2025-01-01"
      }
    },
    {
      "type": "Feature",
      "geometry": {
        "type": "Point",
        "coordinates": [
          1.947956933333335,
          41.26364856338821
        ]
      },
      "properties": {
        "date": "2025-01-01"
      }
    },
    {
      "type": "Feature",
      "geometry": {
        "type": "Point",
        "coordinates": [
          1.9479800068306028,
          41.26364856338821
        ]
      },
      "properties": {
        "date": "2025-01-01"
      }
    },
    {
      "type": "Feature",
      "geometry": {
        "type": "Point",
        "coordinates": [
          1.9480030803278705,
          41.26364856338821
        ]
      },
      "properties": {
        "date": "2025-01-01"
      }
    },
    {
      "type": "Feature",
      "geometry": {
        "type": "Point",
        "coordinates": [
          1.9480261538251382,
          41.26364856338821
        ]
      },
      "properties": {
        "date": "2025-01-01"
      }
    },
    {
      "type": "Feature",
      "geometry": {
        "type": "Point",
        "coordinates": [
          1.9480492273224062,
          41.26364856338821
        ]
      },
      "properties": {
        "date": "2025-01-01"
      }
    },
    {
      "type": "Feature",
      "geometry": {
        "type": "Point",
        "coordinates": [
          1.9480723008196739,
          41.26364856338821
        ]
      },
      "properties": {
        "date": "2025-01-01"
      }
    },
    {
      "type": "Feature",
      "geometry": {
        "type": "Point",
        "coordinates": [
          1.9480953743169416,
          41.26364856338821
        ]
      },
      "properties": {
        "date": "2025-01-01"
      }
    },
    {
      "type": "Feature",
      "geometry": {
        "type": "Point",
        "coordinates": [
          1.9481184478142093,
          41.26364856338821
        ]
      },
      "properties": {
        "date": "2025-01-01"
      }
    },
    {
      "type": "Feature",
      "geometry": {
        "type": "Point",
        "coordinates": [
          1.948141521311477,
          41.26364856338821
        ]
      },
      "properties": {
        "date": "2025-01-01"
      }
    },
    {
      "type": "Feature",
      "geometry": {
        "type": "Point",
        "coordinates": [
          1.948164594808745,
          41.26364856338821
        ]
      },
      "properties": {
        "date": "2025-01-01"
      }
    },
    {
      "type": "Feature",
      "geometry": {
        "type": "Point",
        "coordinates": [
          1.9481876683060126,
          41.26364856338821
        ]
      },
      "properties": {
        "date": "2025-01-01"
      }
    },
    {
      "type": "Feature",
      "geometry": {
        "type": "Point",
        "coordinates": [
          1.9482107418032804,
          41.26364856338821
        ]
      },
      "properties": {
        "date": "2025-01-01"
      }
    },
    {
      "type": "Feature",
      "geometry": {
        "type": "Point",
        "coordinates": [
          1.948233815300548,
          41.26364856338821
        ]
      },
      "properties": {
        "date": "2025-01-01"
      }
    },
    {
      "type": "Feature",
      "geometry": {
        "type": "Point",
        "coordinates": [
          1.948256888797816,
          41.26364856338821
        ]
      },
      "properties": {
        "date": "2025-01-01"
      }
    },
    {
      "type": "Feature",
      "geometry": {
        "type": "Point",
        "coordinates": [
          1.9482799622950837,
          41.26364856338821
        ]
      },
      "properties": {
        "date": "2025-01-01"
      }
    },
    {
      "type": "Feature",
      "geometry": {
        "type": "Point",
        "coordinates": [
          1.9483030357923514,
          41.26364856338821
        ]
      },
      "properties": {
        "date": "2025-01-01"
      }
    },
    {
      "type": "Feature",
      "geometry": {
        "type": "Point",
        "coordinates": [
          1.9483261092896191,
          41.26364856338821
        ]
      },
      "properties": {
        "date": "2025-01-01"
      }
    },
    {
      "type": "Feature",
      "geometry": {
        "type": "Point",
        "coordinates": [
          1.9483491827868868,
          41.26364856338821
        ]
      },
      "properties": {
        "date": "2025-01-01"
      }
    },
    {
      "type": "Feature",
      "geometry": {
        "type": "Point",
        "coordinates": [
          1.9483722562841548,
          41.26364856338821
        ]
      },
      "properties": {
        "date": "2025-01-01"
      }
    },
    {
      "type": "Feature",
      "geometry": {
        "type": "Point",
        "coordinates": [
          1.9483953297814225,
          41.26364856338821
        ]
      },
      "properties": {
        "date": "2025-01-01"
      }
    },
    {
      "type": "Feature",
      "geometry": {
        "type": "Point",
        "coordinates": [
          1.9484184032786902,
          41.26364856338821
        ]
      },
      "properties": {
        "date": "2025-01-01"
      }
    },
    {
      "type": "Feature",
      "geometry": {
        "type": "Point",
        "coordinates": [
          1.948441476775958,
          41.26364856338821
        ]
      },
      "properties": {
        "date": "2025-01-01"
      }
    },
    {
      "type": "Feature",
      "geometry": {
        "type": "Point",
        "coordinates": [
          1.9484645502732258,
          41.26364856338821
        ]
      },
      "properties": {
        "date": "2025-01-01"
      }
    },
    {
      "type": "Feature",
      "geometry": {
        "type": "Point",
        "coordinates": [
          1.9484876237704936,
          41.26364856338821
        ]
      },
      "properties": {
        "date": "2025-01-01"
      }
    },
    {
      "type": "Feature",
      "geometry": {
        "type": "Point",
        "coordinates": [
          1.9485106972677613,
          41.26364856338821
        ]
      },
      "properties": {
        "date": "2025-01-01"
      }
    },
    {
      "type": "Feature",
      "geometry": {
        "type": "Point",
        "coordinates": [
          1.948533770765029,
          41.26364856338821
        ]
      },
      "properties": {
        "date": "2025-01-01"
      }
    },
    {
      "type": "Feature",
      "geometry": {
        "type": "Point",
        "coordinates": [
          1.9485568442622967,
          41.26364856338821
        ]
      },
      "properties": {
        "date": "2025-01-01"
      }
    },
    {
      "type": "Feature",
      "geometry": {
        "type": "Point",
        "coordinates": [
          1.9485799177595646,
          41.26364856338821
        ]
      },
      "properties": {
        "date": "2025-01-01"
      }
    },
    {
      "type": "Feature",
      "geometry": {
        "type": "Point",
        "coordinates": [
          1.9486029912568323,
          41.26364856338821
        ]
      },
      "properties": {
        "date": "2025-01-01"
      }
    },
    {
      "type": "Feature",
      "geometry": {
        "type": "Point",
        "coordinates": [
          1.9462725680327886,
          41.263588658379106
        ]
      },
      "properties": {
        "date": "2025-01-01"
      }
    },
    {
      "type": "Feature",
      "geometry": {
        "type": "Point",
        "coordinates": [
          1.9462956415300563,
          41.263588658379106
        ]
      },
      "properties": {
        "date": "2025-01-01"
      }
    },
    {
      "type": "Feature",
      "geometry": {
        "type": "Point",
        "coordinates": [
          1.946318715027324,
          41.263588658379106
        ]
      },
      "properties": {
        "date": "2025-01-01"
      }
    },
    {
      "type": "Feature",
      "geometry": {
        "type": "Point",
        "coordinates": [
          1.946341788524592,
          41.263588658379106
        ]
      },
      "properties": {
        "date": "2025-01-01"
      }
    },
    {
      "type": "Feature",
      "geometry": {
        "type": "Point",
        "coordinates": [
          1.9463648620218597,
          41.263588658379106
        ]
      },
      "properties": {
        "date": "2025-01-01"
      }
    },
    {
      "type": "Feature",
      "geometry": {
        "type": "Point",
        "coordinates": [
          1.9463879355191274,
          41.263588658379106
        ]
      },
      "properties": {
        "date": "2025-01-01"
      }
    },
    {
      "type": "Feature",
      "geometry": {
        "type": "Point",
        "coordinates": [
          1.946411009016395,
          41.263588658379106
        ]
      },
      "properties": {
        "date": "2025-01-01"
      }
    },
    {
      "type": "Feature",
      "geometry": {
        "type": "Point",
        "coordinates": [
          1.946434082513663,
          41.263588658379106
        ]
      },
      "properties": {
        "date": "2025-01-01"
      }
    },
    {
      "type": "Feature",
      "geometry": {
        "type": "Point",
        "coordinates": [
          1.9464571560109307,
          41.263588658379106
        ]
      },
      "properties": {
        "date": "2025-01-01"
      }
    },
    {
      "type": "Feature",
      "geometry": {
        "type": "Point",
        "coordinates": [
          1.9464802295081984,
          41.263588658379106
        ]
      },
      "properties": {
        "date": "2025-01-01"
      }
    },
    {
      "type": "Feature",
      "geometry": {
        "type": "Point",
        "coordinates": [
          1.9465033030054661,
          41.263588658379106
        ]
      },
      "properties": {
        "date": "2025-01-01"
      }
    },
    {
      "type": "Feature",
      "geometry": {
        "type": "Point",
        "coordinates": [
          1.9465263765027339,
          41.263588658379106
        ]
      },
      "properties": {
        "date": "2025-01-01"
      }
    },
    {
      "type": "Feature",
      "geometry": {
        "type": "Point",
        "coordinates": [
          1.9465494500000018,
          41.263588658379106
        ]
      },
      "properties": {
        "date": "2025-01-01"
      }
    },
    {
      "type": "Feature",
      "geometry": {
        "type": "Point",
        "coordinates": [
          1.9465725234972695,
          41.263588658379106
        ]
      },
      "properties": {
        "date": "2025-01-01"
      }
    },
    {
      "type": "Feature",
      "geometry": {
        "type": "Point",
        "coordinates": [
          1.9465955969945372,
          41.263588658379106
        ]
      },
      "properties": {
        "date": "2025-01-01"
      }
    },
    {
      "type": "Feature",
      "geometry": {
        "type": "Point",
        "coordinates": [
          1.946618670491805,
          41.263588658379106
        ]
      },
      "properties": {
        "date": "2025-01-01"
      }
    },
    {
      "type": "Feature",
      "geometry": {
        "type": "Point",
        "coordinates": [
          1.9466417439890726,
          41.263588658379106
        ]
      },
      "properties": {
        "date": "2025-01-01"
      }
    },
    {
      "type": "Feature",
      "geometry": {
        "type": "Point",
        "coordinates": [
          1.9466648174863406,
          41.263588658379106
        ]
      },
      "properties": {
        "date": "2025-01-01"
      }
    },
    {
      "type": "Feature",
      "geometry": {
        "type": "Point",
        "coordinates": [
          1.9466878909836083,
          41.263588658379106
        ]
      },
      "properties": {
        "date": "2025-01-01"
      }
    },
    {
      "type": "Feature",
      "geometry": {
        "type": "Point",
        "coordinates": [
          1.946710964480876,
          41.263588658379106
        ]
      },
      "properties": {
        "date": "2025-01-01"
      }
    },
    {
      "type": "Feature",
      "geometry": {
        "type": "Point",
        "coordinates": [
          1.9467340379781437,
          41.263588658379106
        ]
      },
      "properties": {
        "date": "2025-01-01"
      }
    },
    {
      "type": "Feature",
      "geometry": {
        "type": "Point",
        "coordinates": [
          1.9467571114754116,
          41.263588658379106
        ]
      },
      "properties": {
        "date": "2025-01-01"
      }
    },
    {
      "type": "Feature",
      "geometry": {
        "type": "Point",
        "coordinates": [
          1.9467801849726794,
          41.263588658379106
        ]
      },
      "properties": {
        "date": "2025-01-01"
      }
    },
    {
      "type": "Feature",
      "geometry": {
        "type": "Point",
        "coordinates": [
          1.946803258469947,
          41.263588658379106
        ]
      },
      "properties": {
        "date": "2025-01-01"
      }
    },
    {
      "type": "Feature",
      "geometry": {
        "type": "Point",
        "coordinates": [
          1.9468263319672148,
          41.263588658379106
        ]
      },
      "properties": {
        "date": "2025-01-01"
      }
    },
    {
      "type": "Feature",
      "geometry": {
        "type": "Polygon",
        "coordinates": [
          [
            [
              1.9462356856159317,
              41.264465013042155
            ],
            [
              1.9462356856159317,
              41.26341613943984
            ],
            [
              2.0028501773516894,
              41.26341613943984
            ],
            [
              2.0028501773516894,
              41.264465013042155
            ],
            [
              1.9462356856159317,
              41.264465013042155
            ]
          ]
        ]
      },
      "properties": {
        "name": "AOI"
      }
    }
  ]
}