{
  "type": "FeatureCollection",
  "features": [
    {
      "type": "Feature",
      "geometry": {
        "type": "Point",
        "coordinates": [
          2.0026872688524606,
          41.264367423497504
        ]
      },
      "properties": {
        "date": "2025-02-05"
      }
    },
    {
      "type": "Feature",
      "geometry": {
        "type": "Point",
        "coordinates": [
          2.002710342349728,
          41.264367423497504
        ]
      },
      "properties": {
        "date": "2025-02-05"
      }
    },
    {
      "type": "Feature",
      "geometry": {
        "type": "Point",
        "coordinates": [
          2.002733415846996,
          41.264367423497504
        ]
      },
      "properties": {
        "date": "2025-02-05"
      }
    },
    {
      "type": "Feature",
      "geometry": {
        "type": "Point",
        "coordinates": [
          2.0027564893442635,
          41.264367423497504
        ]
      },
      "properties": {
        "date": "2025-02-05"
      }
    },
    {
      "type": "Feature",
      "geometry": {
        "type": "Point",
        "coordinates": [
          2.0027795628415315,
          41.264367423497504
        ]
      },
      "properties": {
        "date": "2025-02-05"
      }
    },
    {
      "type": "Feature",
      "geometry": {
        "type": "Point",
        "coordinates": [
          2.0028026363387994,
          41.264367423497504
        ]
      },
      "properties": {
        "date": "2025-02-05"
      }
    },
    {
      "type": "Feature",
      "geometry": {
        "type": "Point",
        "coordinates": [
          2.002825709836067,
          41.264367423497504
        ]
      },
      "properties": {
        "date": "2025-02-05"
      }
    },
    {
      "type": "Feature",
      "geometry": {
        "type": "Point",
        "coordinates": [
          1.9998261551912582,
          41.264307518488394
        ]
      },
      "properties": {
        "date": "2025-02-05"
      }
    },
    {
      "type": "Feature",
      "geometry": {
        "type": "Point",
        "coordinates": [
          1.999849228688526,
          41.264307518488394
        ]
      },
      "properties": {
        "date": "2025-02-05"
      }
    },
    {
      "type": "Feature",
      "geometry": {
        "type": "Point",
        "coordinates": [
          1.9998723021857938,
          41.264307518488394
        ]
      },
      "properties": {
        "date": "2025-02-05"
      }
    },
    {
      "type": "Feature",
      "geometry": {
        "type": "Point",
        "coordinates": [
          1.9998953756830615,
          41.264307518488394
        ]
      },
      "properties": {
        "date": "2025-02-05"
      }
    },
    {
      "type": "Feature",
      "geometry": {
        "type": "Point",
        "coordinates": [
          1.9999184491803292,
          41.264307518488394
        ]
      },
      "properties": {
        "date": "2025-02-05"
      }
    },
    {
      "type": "Feature",
      "geometry": {
        "type": "Point",
        "coordinates": [
          1.999941522677597,
          41.264307518488394
        ]
      },
      "properties": {
        "date": "2025-02-05"
      }
    },
    {
      "type": "Feature",
      "geometry": {
        "type": "Point",
        "coordinates": [
          1.9999645961748649,
          41.264307518488394
        ]
      },
      "properties": {
        "date": "2025-02-05"
      }
    },
    {
      "type": "Feature",
      "geometry": {
        "type": "Point",
        "coordinates": [
          1.9999876696721326,
          41.264307518488394
        ]
      },
      "properties": {
        "date": "2025-02-05"
      }
    },
    {
      "type": "Feature",
      "geometry": {
        "type": "Point",
        "coordinates": [
          2.0000107431694003,
          41.264307518488394
        ]
      },
      "properties": {
        "date": "2025-02-05"
      }
    },
    {
      "type": "Feature",
      "geometry": {
        "type": "Point",
        "coordinates": [
          2.0000338166666682,
          41.264307518488394
        ]
      },
      "properties": {
        "date": "2025-02-05"
      }
    },
    {
      "type": "Feature",
      "geometry": {
        "type": "Point",
        "coordinates": [
          2.0000568901639357,
          41.264307518488394
        ]
      },
      "properties": {
        "date": "2025-02-05"
      }
    },
    {
      "type": "Feature",
      "geometry": {
        "type": "Point",
        "coordinates": [
          2.0000799636612037,
          41.264307518488394
        ]
      },
      "properties": {
        "date": "2025-02-05"
      }
    },
    {
      "type": "Feature",
      "geometry": {
        "type": "Point",
        "coordinates": [
          2.000103037158471,
          41.264307518488394
        ]
      },
      "properties": {
        "date": "2025-02-05"
      }
    },
    {
      "type": "Feature",
      "geometry": {
        "type": "Point",
        "coordinates": [
          2.000126110655739,
          41.264307518488394
        ]
      },
      "properties": {
        "date": "2025-02-05"
      }
    },
    {
      "type": "Feature",
      "geometry": {
        "type": "Point",
        "coordinates": [
          2.000149184153007,
          41.264307518488394
        ]
      },
      "properties": {
        "date": "2025-02-05"
      }
    },
    {
      "type": "Feature",
      "geometry": {
        "type": "Point",
        "coordinates": [
          2.0001722576502745,
          41.264307518488394
        ]
      },
      "properties": {
        "date": "2025-02-05"
      }
    },
    {
      "type": "Feature",
      "geometry": {
        "type": "Point",
        "coordinates": [
          2.0001953311475424,
          41.264307518488394
        ]
      },
      "properties": {
        "date": "2025-02-05"
      }
    },
    {
      "type": "Feature",
      "geometry": {
        "type": "Point",
        "coordinates": [
          2.0002184046448104,
          41.264307518488394
        ]
      },
      "properties": {
        "date": "2025-02-05"
      }
    },
    {
      "type": "Feature",
      "geometry": {
        "type": "Point",
        "coordinates": [
          2.000241478142078,
          41.264307518488394
        ]
      },
      "properties": {
        "date": "2025-02-05"
      }
    },
    {
      "type": "Feature",
      "geometry": {
        "type": "Point",
        "coordinates": [
          2.000264551639346,
          41.264307518488394
        ]
      },
      "properties": {
        "date": "2025-02-05"
      }
    },
    {
      "type": "Feature",
      "geometry": {
        "type": "Point",
        "coordinates": [
          2.0002876251366133,
          41.264307518488394
        ]
      },
      "properties": {
        "date": "2025-02-05"
      }
    },
    {
      "type": "Feature",
      "geometry": {
        "type": "Point",
        "coordinates": [
          2.0003106986338812,
          41.264307518488394
        ]
      },
      "properties": {
        "date": "2025-02-05"
      }
    },
    {
      "type": "Feature",
      "geometry": {
        "type": "Point",
        "coordinates": [
          2.000333772131149,
          41.264307518488394
        ]
      },
      "properties": {
        "date": "2025-02-05"
      }
    },
    {
      "type": "Feature",
      "geometry": {
        "type": "Point",
        "coordinates": [
          2.0003568456284166,
          41.264307518488394
        ]
      },
      "properties": {
        "date": "2025-02-05"
      }
    },
    {
      "type": "Feature",
      "geometry": {
        "type": "Point",
        "coordinates": [
          2.0003799191256846,
          41.264307518488394
        ]
      },
      "properties": {
        "date": "2025-02-05"
      }
    },
    {
      "type": "Feature",
      "geometry": {
        "type": "Point",
        "coordinates": [
          2.000402992622952,
          41.264307518488394
        ]
      },
      "properties": {
        "date": "2025-02-05"
      }
    },
    {
      "type": "Feature",
      "geometry": {
        "type": "Point",
        "coordinates": [
          2.00042606612022,
          41.264307518488394
        ]
      },
      "properties": {
        "date": "2025-02-05"
      }
    },
    {
      "type": "Feature",
      "geometry": {
        "type": "Point",
        "coordinates": [
          2.000449139617488,
          41.264307518488394
        ]
      },
      "properties": {
        "date": "2025-02-05"
      }
    },
    {
      "type": "Feature",
      "geometry": {
        "type": "Point",
        "coordinates": [
          2.0004722131147554,
          41.264307518488394
        ]
      },
      "properties": {
        "date": "2025-02-05"
      }
    },
    {
      "type": "Feature",
      "geometry": {
        "type": "Point",
        "coordinates": [
          2.0004952866120234,
          41.264307518488394
        ]
      },
      "properties": {
        "date": "2025-02-05"
      }
    },
    {
      "type": "Feature",
      "geometry": {
        "type": "Point",
        "coordinates": [
          2.000518360109291,
          41.264307518488394
        ]
      },
      "properties": {
        "date": "2025-02-05"
      }
    },
    {
      "type": "Feature",
      "geometry": {
        "type": "Point",
        "coordinates": [
          2.000541433606559,
          41.264307518488394
        ]
      },
      "properties": {
        "date": "2025-02-05"
      }
    },
    {
      "type": "Feature",
      "geometry": {
        "type": "Point",
        "coordinates": [
          2.0005645071038267,
          41.264307518488394
        ]
      },
      "properties": {
        "date": "2025-02-05"
      }
    },
    {
      "type": "Feature",
      "geometry": {
        "type": "Point",
        "coordinates": [
          2.000587580601094,
          41.264307518488394
        ]
      },
      "properties": {
        "date": "2025-02-05"
      }
    },
    {
      "type": "Feature",
      "geometry": {
        "type": "Point",
        "coordinates": [
          2.000610654098362,
          41.264307518488394
        ]
      },
      "properties": {
        "date": "2025-02-05"
      }
    },
    {
      "type": "Feature",
      "geometry": {
        "type": "Point",
        "coordinates": [
          2.0006337275956296,
          41.264307518488394
        ]
      },
      "properties": {
        "date": "2025-02-05"
      }
    },
    {
      "type": "Feature",
      "geometry": {
        "type": "Point",
        "coordinates": [
          2.0006568010928976,
          41.264307518488394
        ]
      },
      "properties": {
        "date": "2025-02-05"
      }
    },
    {
      "type": "Feature",
      "geometry": {
        "type": "Point",
        "coordinates": [
          2.0006798745901655,
          41.264307518488394
        ]
      },
      "properties": {
        "date": "2025-02-05"
      }
    },
    {
      "type": "Feature",
      "geometry": {
        "type": "Point",
        "coordinates": [
          2.000702948087433,
          41.264307518488394
        ]
      },
      "properties": {
        "date": "2025-02-05"
      }
    },
    {
      "type": "Feature",
      "geometry": {
        "type": "Point",
        "coordinates": [
          2.000726021584701,
          41.264307518488394
        ]
      },
      "properties": {
        "date": "2025-02-05"
      }
    },
    {
      "type": "Feature",
      "geometry": {
        "type": "Point",
        "coordinates": [
          2.0007490950819684,
          41.264307518488394
        ]
      },
      "properties": {
        "date": "2025-02-05"
      }
    },
    {
      "type": "Feature",
      "geometry": {
        "type": "Point",
        "coordinates": [
          2.0007721685792363,
          41.264307518488394
        ]
      },
      "properties": {
        "date": "2025-02-05"
      }
    },
    {
      "type": "Feature",
      "geometry": {
        "type": "Point",
        "coordinates": [
          2.0007952420765043,
          41.264307518488394
        ]
      },
      "properties": {
        "date": "2025-02-05"
      }
    },
    {
      "type": "Feature",
      "geometry": {
        "type": "Point",
        "coordinates": [
          2.0008183155737718,
          41.264307518488394
        ]
      },
      "properties": {
        "date": "2025-02-05"
      }
    },
    {
      "type": "Feature",
      "geometry": {
        "type": "Point",
        "coordinates": [
          2.0008413890710397,
          41.264307518488394
        ]
      },
      "properties": {
        "date": "2025-02-05"
      }
    },
    {
      "type": "Feature",
      "geometry": {
        "type": "Point",
        "coordinates": [
          2.0008644625683076,
          41.264307518488394
        ]
      },
      "properties": {
        "date": "2025-02-05"
      }
    },
    {
      "type": "Feature",
      "geometry": {
        "type": "Point",
        "coordinates": [
          2.000887536065575,
          41.264307518488394
        ]
      },
      "properties": {
        "date": "2025-02-05"
      }
    },
    {
      "type": "Feature",
      "geometry": {
        "type": "Point",
        "coordinates": [
          2.000910609562843,
          41.264307518488394
        ]
      },
      "properties": {
        "date": "2025-02-05"
      }
    },
    {
      "type": "Feature",
      "geometry": {
        "type": "Point",
        "coordinates": [
          2.0009336830601105,
          41.264307518488394
        ]
      },
      "properties": {
        "date": "2025-02-05"
      }
    },
    {
      "type": "Feature",
      "geometry": {
        "type": "Point",
        "coordinates": [
          2.0009567565573785,
          41.264307518488394
        ]
      },
      "properties": {
        "date": "2025-02-05"
      }
    },
    {
      "type": "Feature",
      "geometry": {
        "type": "Point",
        "coordinates": [
          2.0009798300546464,
          41.264307518488394
        ]
      },
      "properties": {
        "date": "2025-02-05"
      }
    },
    {
      "type": "Feature",
      "geometry": {
        "type": "Point",
        "coordinates": [
          2.001002903551914,
          41.264307518488394
        ]
      },
      "properties": {
        "date": "2025-02-05"
      }
    },
    {
      "type": "Feature",
      "geometry": {
        "type": "Point",
        "coordinates": [
          2.001025977049182,
          41.264307518488394
        ]
      },
      "properties": {
        "date": "2025-02-05"
      }
    },
    {
      "type": "Feature",
      "geometry": {
        "type": "Point",
        "coordinates": [
          2.0010490505464493,
          41.264307518488394
        ]
      },
      "properties": {
        "date": "2025-02-05"
      }
    },
    {
      "type": "Feature",
      "geometry": {
        "type": "Point",
        "coordinates": [
          2.0010721240437173,
          41.264307518488394
        ]
      },
      "properties": {
        "date": "2025-02-05"
      }
    },
    {
      "type": "Feature",
      "geometry": {
        "type": "Point",
        "coordinates": [
          2.001095197540985,
          41.264307518488394
        ]
      },
      "properties": {
        "date": "2025-02-05"
      }
    },
    {
      "type": "Feature",
      "geometry": {
        "type": "Point",
        "coordinates": [
          2.0011182710382527,
          41.264307518488394
        ]
      },
      "properties": {
        "date": "2025-02-05"
      }
    },
    {
      "type": "Feature",
      "geometry": {
        "type": "Point",
        "coordinates": [
          2.0011413445355206,
          41.264307518488394
        ]
      },
      "properties": {
        "date": "2025-02-05"
      }
    },
    {
      "type": "Feature",
      "geometry": {
        "type": "Point",
        "coordinates": [
          2.001164418032788,
          41.264307518488394
        ]
      },
      "properties": {
        "date": "2025-02-05"
      }
    },
    {
      "type": "Feature",
      "geometry": {
        "type": "Point",
        "coordinates": [
          2.001187491530056,
          41.264307518488394
        ]
      },
      "properties": {
        "date": "2025-02-05"
      }
    },
    {
      "type": "Feature",
      "geometry": {
        "type": "Point",
        "coordinates": [
          2.001210565027324,
          41.264307518488394
        ]
      },
      "properties": {
        "date": "2025-02-05"
      }
    },
    {
      "type": "Feature",
      "geometry": {
        "type": "Point",
        "coordinates": [
          2.0012336385245915,
          41.264307518488394
        ]
      },
      "properties": {
        "date": "2025-02-05"
      }
    },
    {
      "type": "Feature",
      "geometry": {
        "type": "Point",
        "coordinates": [
          2.0012567120218594,
          41.264307518488394
        ]
      },
      "properties": {
        "date": "2025-02-05"
      }
    },
    {
      "type": "Feature",
      "geometry": {
        "type": "Point",
        "coordinates": [
          2.001279785519127,
          41.264307518488394
        ]
      },
      "properties": {
        "date": "2025-02-05"
      }
    },
    {
      "type": "Feature",
      "geometry": {
        "type": "Point",
        "coordinates": [
          2.001302859016395,
          41.264307518488394
        ]
      },
      "properties": {
        "date": "2025-02-05"
      }
    },
    {
      "type": "Feature",
      "geometry": {
        "type": "Point",
        "coordinates": [
          2.0013259325136628,
          41.264307518488394
        ]
      },
      "properties": {
        "date": "2025-02-05"
      }
    },
    {
      "type": "Feature",
      "geometry": {
        "type": "Point",
        "coordinates": [
          2.0013490060109302,
          41.264307518488394
        ]
      },
      "properties": {
        "date": "2025-02-05"
      }
    },
    {
      "type": "Feature",
      "geometry": {
        "type": "Point",
        "coordinates": [
          2.001372079508198,
          41.264307518488394
        ]
      },
      "properties": {
        "date": "2025-02-05"
      }
    },
    {
      "type": "Feature",
      "geometry": {
        "type": "Point",
        "coordinates": [
          2.0013951530054657,
          41.264307518488394
        ]
      },
      "properties": {
        "date": "2025-02-05"
      }
    },
    {
      "type": "Feature",
      "geometry": {
        "type": "Point",
        "coordinates": [
          2.0014182265027336,
          41.264307518488394
        ]
      },
      "properties": {
        "date": "2025-02-05"
      }
    },
    {
      "type": "Feature",
      "geometry": {
        "type": "Point",
        "coordinates": [
          2.0014413000000015,
          41.264307518488394
        ]
      },
      "properties": {
        "date": "2025-02-05"
      }
    },
    {
      "type": "Feature",
      "geometry": {
        "type": "Point",
        "coordinates": [
          2.001464373497269,
          41.264307518488394
        ]
      },
      "properties": {
        "date": "2025-02-05"
      }
    },
    {
      "type": "Feature",
      "geometry": {
        "type": "Point",
        "coordinates": [
          1.9998261551912582,
          41.264247613479284
        ]
      },
      "properties": {
        "date": "2025-02-05"
      }
    },
    {
      "type": "Feature",
      "geometry": {
        "type": "Point",
        "coordinates": [
          1.999849228688526,
          41.264247613479284
        ]
      },
      "properties": {
        "date": "2025-02-05"
      }
    },
    {
      "type": "Feature",
      "geometry": {
        "type": "Point",
        "coordinates": [
          1.9998723021857938,
          41.264247613479284
        ]
      },
      "properties": {
        "date": "2025-02-05"
      }
    },
    {
      "type": "Feature",
      "geometry": {
        "type": "Point",
        "coordinates": [
          1.9998953756830615,
          41.264247613479284
        ]
      },
      "properties": {
        "date": "2025-02-05"
      }
    },
    {
      "type": "Feature",
      "geometry": {
        "type": "Point",
        "coordinates": [
          1.9999184491803292,
          41.264247613479284
        ]
      },
      "properties": {
        "date": "2025-02-05"
      }
    },
    {
      "type": "Feature",
      "geometry": {
        "type": "Point",
        "coordinates": [
          1.999941522677597,
          41.264247613479284
        ]
      },
      "properties": {
        "date": "2025-02-05"
      }
    },
    {
      "type": "Feature",
      "geometry": {
        "type": "Point",
        "coordinates": [
          1.9999645961748649,
          41.264247613479284
        ]
      },
      "properties": {
        "date": "2025-02-05"
      }
    },
    {
      "type": "Feature",
      "geometry": {
        "type": "Point",
        "coordinates": [
          1.9999876696721326,
          41.264247613479284
        ]
      },
      "properties": {
        "date": "2025-02-05"
      }
    },
    {
      "type": "Feature",
      "geometry": {
        "type": "Point",
        "coordinates": [
          2.0000107431694003,
          41.264247613479284
        ]
      },
      "properties": {
        "date": "2025-02-05"
      }
    },
    {
      "type": "Feature",
      "geometry": {
        "type": "Point",
        "coordinates": [
          2.0000338166666682,
          41.264247613479284
        ]
      },
      "properties": {
        "date": "2025-02-05"
      }
    },
    {
      "type": "Feature",
      "geometry": {
        "type": "Point",
        "coordinates": [
          2.0000568901639357,
          41.264247613479284
        ]
      },
      "properties": {
        "date": "2025-02-05"
      }
    },
    {
      "type": "Feature",
      "geometry": {
        "type": "Point",
        "coordinates": [
          2.0000799636612037,
          41.264247613479284
        ]
      },
      "properties": {
        "date": "2025-02-05"
      }
    },
    {
      "type": "Feature",
      "geometry": {
        "type": "Point",
        "coordinates": [
          2.000103037158471,
          41.264247613479284
        ]
      },
      "properties": {
        "date": "2025-02-05"
      }
    },
    {
      "type": "Feature",
      "geometry": {
        "type": "Point",
        "coordinates": [
          2.000126110655739,
          41.264247613479284
        ]
      },
      "properties": {
        "date": "2025-02-05"
      }
    },
    {
      "type": "Feature",
      "geometry": {
        "type": "Point",
        "coordinates": [
          2.000149184153007,
          41.264247613479284
        ]
      },
      "properties": {
        "date": "2025-02-05"
      }
    },
    {
      "type": "Feature",
      "geometry": {
        "type": "Point",
        "coordinates": [
          2.0001722576502745,
          41.264247613479284
        ]
      },
      "properties": {
        "date": "2025-02-05"
      }
    },
    {
      "type": "Feature",
      "geometry": {
        "type": "Point",
        "coordinates": [
          2.0001953311475424,
          41.264247613479284
        ]
      },
      "properties": {
        "date": "2025-02-05"
      }
    },
    {
      "type": "Feature",
      "geometry": {
        "type": "Point",
        "coordinates": [
          2.0002184046448104,
          41.264247613479284
        ]
      },
      "properties": {
        "date": "2025-02-05"
      }
    },
    {
      "type": "Feature",
      "geometry": {
        "type": "Point",
        "coordinates": [
          2.000241478142078,
          41.264247613479284
        ]
      },
      "properties": {
        "date": "2025-02-05"
      }
    },
    {
      "type": "Feature",
      "geometry": {
        "type": "Point",
        "coordinates": [
          2.000264551639346,
          41.264247613479284
        ]
      },
      "properties": {
        "date": "2025-02-05"
      }
    },
    {
      "type": "Feature",
      "geometry": {
        "type": "Point",
        "coordinates": [
          2.0002876251366133,
          41.264247613479284
        ]
      },
      "properties": {
        "date": "2025-02-05"
      }
    },
    {
      "type": "Feature",
      "geometry": {
        "type": "Point",
        "coordinates": [
          2.0003106986338812,
          41.264247613479284
        ]
      },
      "properties": {
        "date": "2025-02-05"
      }
    },
    {
      "type": "Feature",
      "geometry": {
        "type": "Point",
        "coordinates": [
          2.000333772131149,
          41.264247613479284
        ]
      },
      "properties": {
        "date": "2025-02-05"
      }
    },
    {
      "type": "Feature",
      "geometry": {
        "type": "Point",
        "coordinates": [
          2.0003568456284166,
          41.264247613479284
        ]
      },
      "properties": {
        "date": "2025-02-05"
      }
    },
    {
      "type": "Feature",
      "geometry": {
        "type": "Point",
        "coordinates": [
          2.0003799191256846,
          41.264247613479284
        ]
      },
      "properties": {
        "date": "2025-02-05"
      }
    },
    {
      "type": "Feature",
      "geometry": {
        "type": "Point",
        "coordinates": [
          2.000402992622952,
          41.264247613479284
        ]
      },
      "properties": {
        "date": "2025-02-05"
      }
    },
    {
      "type": "Feature",
      "geometry": {
        "type": "Point",
        "coordinates": [
          2.00042606612022,
          41.264247613479284
        ]
      },
      "properties": {
        "date": "2025-02-05"
      }
    },
    {
      "type": "Feature",
      "geometry": {
        "type": "Point",
        "coordinates": [
          2.000449139617488,
          41.264247613479284
        ]
      },
      "properties": {
        "date": "2025-02-05"
      }
    },
    {
      "type": "Feature",
      "geometry": {
        "type": "Point",
        "coordinates": [
          2.0004722131147554,
          41.264247613479284
        ]
      },
      "properties": {
        "date": "2025-02-05"
      }
    },
    {
      "type": "Feature",
      "geometry": {
        "type": "Point",
        "coordinates": [
          2.0004952866120234,
          41.264247613479284
        ]
      },
      "properties": {
        "date": "2025-02-05"
      }
    },
    {
      "type": "Feature",
      "geometry": {
        "type": "Point",
        "coordinates": [
          2.000518360109291,
          41.264247613479284
        ]
      },
      "properties": {
        "date": "2025-02-05"
      }
    },
    {
      "type": "Feature",
      "geometry": {
        "type": "Point",
        "coordinates": [
          2.000541433606559,
          41.264247613479284
        ]
      },
      "properties": {
        "date": "2025-02-05"
      }
    },
    {
      "type": "Feature",
      "geometry": {
        "type": "Point",
        "coordinates": [
          1.9976803199453566,
          41.26418770847018
        ]
      },
      "properties": {
        "date": "2025-02-05"
      }
    },
    {
      "type": "Feature",
      "geometry": {
        "type": "Point",
        "coordinates": [
          1.9977033934426245,
          41.26418770847018
        ]
      },
      "properties": {
        "date": "2025-02-05"
      }
    },
    {
      "type": "Feature",
      "geometry": {
        "type": "Point",
        "coordinates": [
          1.9977264669398922,
          41.26418770847018
        ]
      },
      "properties": {
        "date": "2025-02-05"
      }
    },
    {
      "type": "Feature",
      "geometry": {
        "type": "Point",
        "coordinates": [
          1.99774954043716,
          41.26418770847018
        ]
      },
      "properties": {
        "date": "2025-02-05"
      }
    },
    {
      "type": "Feature",
      "geometry": {
        "type": "Point",
        "coordinates": [
          1.9977726139344276,
          41.26418770847018
        ]
      },
      "properties": {
        "date": "2025-02-05"
      }
    },
    {
      "type": "Feature",
      "geometry": {
        "type": "Point",
        "coordinates": [
          1.9979110549180341,
          41.26418770847018
        ]
      },
      "properties": {
        "date": "2025-02-05"
      }
    },
    {
      "type": "Feature",
      "geometry": {
        "type": "Point",
        "coordinates": [
          1.997934128415302,
          41.26418770847018
        ]
      },
      "properties": {
        "date": "2025-02-05"
      }
    },
    {
      "type": "Feature",
      "geometry": {
        "type": "Point",
        "coordinates": [
          1.9979572019125698,
          41.26418770847018
        ]
      },
      "properties": {
        "date": "2025-02-05"
      }
    },
    {
      "type": "Feature",
      "geometry": {
        "type": "Point",
        "coordinates": [
          1.9979802754098375,
          41.26418770847018
        ]
      },
      "properties": {
        "date": "2025-02-05"
      }
    },
    {
      "type": "Feature",
      "geometry": {
        "type": "Point",
        "coordinates": [
          1.9980033489071052,
          41.26418770847018
        ]
      },
      "properties": {
        "date": "2025-02-05"
      }
    },
    {
      "type": "Feature",
      "geometry": {
        "type": "Point",
        "coordinates": [
          1.9980264224043731,
          41.26418770847018
        ]
      },
      "properties": {
        "date": "2025-02-05"
      }
    },
    {
      "type": "Feature",
      "geometry": {
        "type": "Point",
        "coordinates": [
          1.9980494959016408,
          41.26418770847018
        ]
      },
      "properties": {
        "date": "2025-02-05"
      }
    },
    {
      "type": "Feature",
      "geometry": {
        "type": "Point",
        "coordinates": [
          1.9980725693989085,
          41.26418770847018
        ]
      },
      "properties": {
        "date": "2025-02-05"
      }
    },
    {
      "type": "Feature",
      "geometry": {
        "type": "Point",
        "coordinates": [
          1.9980956428961762,
          41.26418770847018
        ]
      },
      "properties": {
        "date": "2025-02-05"
      }
    },
    {
      "type": "Feature",
      "geometry": {
        "type": "Point",
        "coordinates": [
          1.998118716393444,
          41.26418770847018
        ]
      },
      "properties": {
        "date": "2025-02-05"
      }
    },
    {
      "type": "Feature",
      "geometry": {
        "type": "Point",
        "coordinates": [
          1.998141789890712,
          41.26418770847018
        ]
      },
      "properties": {
        "date": "2025-02-05"
      }
    },
    {
      "type": "Feature",
      "geometry": {
        "type": "Point",
        "coordinates": [
          1.9981648633879796,
          41.26418770847018
        ]
      },
      "properties": {
        "date": "2025-02-05"
      }
    },
    {
      "type": "Feature",
      "geometry": {
        "type": "Point",
        "coordinates": [
          1.9981879368852473,
          41.26418770847018
        ]
      },
      "properties": {
        "date": "2025-02-05"
      }
    },
    {
      "type": "Feature",
      "geometry": {
        "type": "Point",
        "coordinates": [
          1.998211010382515,
          41.26418770847018
        ]
      },
      "properties": {
        "date": "2025-02-05"
      }
    },
    {
      "type": "Feature",
      "geometry": {
        "type": "Point",
        "coordinates": [
          1.9982340838797827,
          41.26418770847018
        ]
      },
      "properties": {
        "date": "2025-02-05"
      }
    },
    {
      "type": "Feature",
      "geometry": {
        "type": "Point",
        "coordinates": [
          1.9982571573770507,
          41.26418770847018
        ]
      },
      "properties": {
        "date": "2025-02-05"
      }
    },
    {
      "type": "Feature",
      "geometry": {
        "type": "Point",
        "coordinates": [
          1.9982802308743184,
          41.26418770847018
        ]
      },
      "properties": {
        "date": "2025-02-05"
      }
    },
    {
      "type": "Feature",
      "geometry": {
        "type": "Point",
        "coordinates": [
          1.998303304371586,
          41.26418770847018
        ]
      },
      "properties": {
        "date": "2025-02-05"
      }
    },
    {
      "type": "Feature",
      "geometry": {
        "type": "Point",
        "coordinates": [
          1.9983263778688538,
          41.26418770847018
        ]
      },
      "properties": {
        "date": "2025-02-05"
      }
    },
    {
      "type": "Feature",
      "geometry": {
        "type": "Point",
        "coordinates": [
          1.9983494513661217,
          41.26418770847018
        ]
      },
      "properties": {
        "date": "2025-02-05"
      }
    },
    {
      "type": "Feature",
      "geometry": {
        "type": "Point",
        "coordinates": [
          1.9983725248633895,
          41.26418770847018
        ]
      },
      "properties": {
        "date": "2025-02-05"
      }
    },
    {
      "type": "Feature",
      "geometry": {
        "type": "Point",
        "coordinates": [
          1.9983955983606572,
          41.26418770847018
        ]
      },
      "properties": {
        "date": "2025-02-05"
      }
    },
    {
      "type": "Feature",
      "geometry": {
        "type": "Point",
        "coordinates": [
          1.9984186718579249,
          41.26418770847018
        ]
      },
      "properties": {
        "date": "2025-02-05"
      }
    },
    {
      "type": "Feature",
      "geometry": {
        "type": "Point",
        "coordinates": [
          1.9984417453551926,
          41.26418770847018
        ]
      },
      "properties": {
        "date": "2025-02-05"
      }
    },
    {
      "type": "Feature",
      "geometry": {
        "type": "Point",
        "coordinates": [
          1.9984648188524605,
          41.26418770847018
        ]
      },
      "properties": {
        "date": "2025-02-05"
      }
    },
    {
      "type": "Feature",
      "geometry": {
        "type": "Point",
        "coordinates": [
          1.9984878923497282,
          41.26418770847018
        ]
      },
      "properties": {
        "date": "2025-02-05"
      }
    },
    {
      "type": "Feature",
      "geometry": {
        "type": "Point",
        "coordinates": [
          1.998510965846996,
          41.26418770847018
        ]
      },
      "properties": {
        "date": "2025-02-05"
      }
    },
    {
      "type": "Feature",
      "geometry": {
        "type": "Point",
        "coordinates": [
          1.9985340393442637,
          41.26418770847018
        ]
      },
      "properties": {
        "date": "2025-02-05"
      }
    },
    {
      "type": "Feature",
      "geometry": {
        "type": "Point",
        "coordinates": [
          1.9985571128415316,
          41.26418770847018
        ]
      },
      "properties": {
        "date": "2025-02-05"
      }
    },
    {
      "type": "Feature",
      "geometry": {
        "type": "Point",
        "coordinates": [
          1.9985801863387993,
          41.26418770847018
        ]
      },
      "properties": {
        "date": "2025-02-05"
      }
    },
    {
      "type": "Feature",
      "geometry": {
        "type": "Point",
        "coordinates": [
          1.998603259836067,
          41.26418770847018
        ]
      },
      "properties": {
        "date": "2025-02-05"
      }
    },
    {
      "type": "Feature",
      "geometry": {
        "type": "Point",
        "coordinates": [
          1.9986263333333347,
          41.26418770847018
        ]
      },
      "properties": {
        "date": "2025-02-05"
      }
    },
    {
      "type": "Feature",
      "geometry": {
        "type": "Point",
        "coordinates": [
          1.9986494068306024,
          41.26418770847018
        ]
      },
      "properties": {
        "date": "2025-02-05"
      }
    },
    {
      "type": "Feature",
      "geometry": {
        "type": "Point",
        "coordinates": [
          1.9986724803278704,
          41.26418770847018
        ]
      },
      "properties": {
        "date": "2025-02-05"
      }
    },
    {
      "type": "Feature",
      "geometry": {
        "type": "Point",
        "coordinates": [
          1.998695553825138,
          41.26418770847018
        ]
      },
      "properties": {
        "date": "2025-02-05"
      }
    },
    {
      "type": "Feature",
      "geometry": {
        "type": "Point",
        "coordinates": [
          1.9987186273224058,
          41.26418770847018
        ]
      },
      "properties": {
        "date": "2025-02-05"
      }
    },
    {
      "type": "Feature",
      "geometry": {
        "type": "Point",
        "coordinates": [
          1.9987417008196735,
          41.26418770847018
        ]
      },
      "properties": {
        "date": "2025-02-05"
      }
    },
    {
      "type": "Feature",
      "geometry": {
        "type": "Point",
        "coordinates": [
          1.9987647743169412,
          41.26418770847018
        ]
      },
      "properties": {
        "date": "2025-02-05"
      }
    },
    {
      "type": "Feature",
      "geometry": {
        "type": "Point",
        "coordinates": [
          1.9987878478142092,
          41.26418770847018
        ]
      },
      "properties": {
        "date": "2025-02-05"
      }
    },
    {
      "type": "Feature",
      "geometry": {
        "type": "Point",
        "coordinates": [
          1.9988109213114769,
          41.26418770847018
        ]
      },
      "properties": {
        "date": "2025-02-05"
      }
    },
    {
      "type": "Feature",
      "geometry": {
        "type": "Point",
        "coordinates": [
          1.9988339948087446,
          41.26418770847018
        ]
      },
      "properties": {
        "date": "2025-02-05"
      }
    },
    {
      "type": "Feature",
      "geometry": {
        "type": "Point",
        "coordinates": [
          1.9988570683060123,
          41.26418770847018
        ]
      },
      "properties": {
        "date": "2025-02-05"
      }
    },
    {
      "type": "Feature",
      "geometry": {
        "type": "Point",
        "coordinates": [
          1.9988801418032802,
          41.26418770847018
        ]
      },
      "properties": {
        "date": "2025-02-05"
      }
    },
    {
      "type": "Feature",
      "geometry": {
        "type": "Point",
        "coordinates": [
          1.998903215300548,
          41.26418770847018
        ]
      },
      "properties": {
        "date": "2025-02-05"
      }
    },
    {
      "type": "Feature",
      "geometry": {
        "type": "Point",
        "coordinates": [
          1.9989262887978156,
          41.26418770847018
        ]
      },
      "properties": {
        "date": "2025-02-05"
      }
    },
    {
      "type": "Feature",
      "geometry": {
        "type": "Point",
        "coordinates": [
          1.9989493622950834,
          41.26418770847018
        ]
      },
      "properties": {
        "date": "2025-02-05"
      }
    },
    {
      "type": "Feature",
      "geometry": {
        "type": "Point",
        "coordinates": [
          1.998972435792351,
          41.26418770847018
        ]
      },
      "properties": {
        "date": "2025-02-05"
      }
    },
    {
      "type": "Feature",
      "geometry": {
        "type": "Point",
        "coordinates": [
          1.998995509289619,
          41.26418770847018
        ]
      },
      "properties": {
        "date": "2025-02-05"
      }
    },
    {
      "type": "Feature",
      "geometry": {
        "type": "Point",
        "coordinates": [
          1.9990185827868867,
          41.26418770847018
        ]
      },
      "properties": {
        "date": "2025-02-05"
      }
    },
    {
      "type": "Feature",
      "geometry": {
        "type": "Point",
        "coordinates": [
          1.9990416562841544,
          41.26418770847018
        ]
      },
      "properties": {
        "date": "2025-02-05"
      }
    },
    {
      "type": "Feature",
      "geometry": {
        "type": "Point",
        "coordinates": [
          1.9990647297814221,
          41.26418770847018
        ]
      },
      "properties": {
        "date": "2025-02-05"
      }
    },
    {
      "type": "Feature",
      "geometry": {
        "type": "Point",
        "coordinates": [
          1.9990878032786898,
          41.26418770847018
        ]
      },
      "properties": {
        "date": "2025-02-05"
      }
    },
    {
      "type": "Feature",
      "geometry": {
        "type": "Point",
        "coordinates": [
          1.995049941256832,
          41.26406789845196
        ]
      },
      "properties": {
        "date": "2025-02-05"
      }
    },
    {
      "type": "Feature",
      "geometry": {
        "type": "Point",
        "coordinates": [
          1.9950730147540998,
          41.26406789845196
        ]
      },
      "properties": {
        "date": "2025-02-05"
      }
    },
    {
      "type": "Feature",
      "geometry": {
        "type": "Point",
        "coordinates": [
          1.9950960882513675,
          41.26406789845196
        ]
      },
      "properties": {
        "date": "2025-02-05"
      }
    },
    {
      "type": "Feature",
      "geometry": {
        "type": "Point",
        "coordinates": [
          1.9951191617486352,
          41.26406789845196
        ]
      },
      "properties": {
        "date": "2025-02-05"
      }
    },
    {
      "type": "Feature",
      "geometry": {
        "type": "Point",
        "coordinates": [
          1.9951422352459032,
          41.26406789845196
        ]
      },
      "properties": {
        "date": "2025-02-05"
      }
    },
    {
      "type": "Feature",
      "geometry": {
        "type": "Point",
        "coordinates": [
          1.9951653087431709,
          41.26406789845196
        ]
      },
      "properties": {
        "date": "2025-02-05"
      }
    },
    {
      "type": "Feature",
      "geometry": {
        "type": "Point",
        "coordinates": [
          1.9951883822404386,
          41.26406789845196
        ]
      },
      "properties": {
        "date": "2025-02-05"
      }
    },
    {
      "type": "Feature",
      "geometry": {
        "type": "Point",
        "coordinates": [
          1.9952114557377063,
          41.26406789845196
        ]
      },
      "properties": {
        "date": "2025-02-05"
      }
    },
    {
      "type": "Feature",
      "geometry": {
        "type": "Point",
        "coordinates": [
          1.995234529234974,
          41.26406789845196
        ]
      },
      "properties": {
        "date": "2025-02-05"
      }
    },
    {
      "type": "Feature",
      "geometry": {
        "type": "Point",
        "coordinates": [
          1.995257602732242,
          41.26406789845196
        ]
      },
      "properties": {
        "date": "2025-02-05"
      }
    },
    {
      "type": "Feature",
      "geometry": {
        "type": "Point",
        "coordinates": [
          1.9952806762295097,
          41.26406789845196
        ]
      },
      "properties": {
        "date": "2025-02-05"
      }
    },
    {
      "type": "Feature",
      "geometry": {
        "type": "Point",
        "coordinates": [
          1.9953037497267774,
          41.26406789845196
        ]
      },
      "properties": {
        "date": "2025-02-05"
      }
    },
    {
      "type": "Feature",
      "geometry": {
        "type": "Point",
        "coordinates": [
          1.995326823224045,
          41.26406789845196
        ]
      },
      "properties": {
        "date": "2025-02-05"
      }
    },
    {
      "type": "Feature",
      "geometry": {
        "type": "Point",
        "coordinates": [
          1.995349896721313,
          41.26406789845196
        ]
      },
      "properties": {
        "date": "2025-02-05"
      }
    },
    {
      "type": "Feature",
      "geometry": {
        "type": "Point",
        "coordinates": [
          1.9953729702185807,
          41.26406789845196
        ]
      },
      "properties": {
        "date": "2025-02-05"
      }
    },
    {
      "type": "Feature",
      "geometry": {
        "type": "Point",
        "coordinates": [
          1.9953960437158484,
          41.26406789845196
        ]
      },
      "properties": {
        "date": "2025-02-05"
      }
    },
    {
      "type": "Feature",
      "geometry": {
        "type": "Point",
        "coordinates": [
          1.9954191172131162,
          41.26406789845196
        ]
      },
      "properties": {
        "date": "2025-02-05"
      }
    },
    {
      "type": "Feature",
      "geometry": {
        "type": "Point",
        "coordinates": [
          1.9954421907103839,
          41.26406789845196
        ]
      },
      "properties": {
        "date": "2025-02-05"
      }
    },
    {
      "type": "Feature",
      "geometry": {
        "type": "Point",
        "coordinates": [
          1.9954652642076518,
          41.26406789845196
        ]
      },
      "properties": {
        "date": "2025-02-05"
      }
    },
    {
      "type": "Feature",
      "geometry": {
        "type": "Point",
        "coordinates": [
          1.9954883377049195,
          41.26406789845196
        ]
      },
      "properties": {
        "date": "2025-02-05"
      }
    },
    {
      "type": "Feature",
      "geometry": {
        "type": "Point",
        "coordinates": [
          1.9955114112021872,
          41.26406789845196
        ]
      },
      "properties": {
        "date": "2025-02-05"
      }
    },
    {
      "type": "Feature",
      "geometry": {
        "type": "Point",
        "coordinates": [
          1.995534484699455,
          41.26406789845196
        ]
      },
      "properties": {
        "date": "2025-02-05"
      }
    },
    {
      "type": "Feature",
      "geometry": {
        "type": "Point",
        "coordinates": [
          1.9955575581967226,
          41.26406789845196
        ]
      },
      "properties": {
        "date": "2025-02-05"
      }
    },
    {
      "type": "Feature",
      "geometry": {
        "type": "Point",
        "coordinates": [
          1.9955806316939906,
          41.26406789845196
        ]
      },
      "properties": {
        "date": "2025-02-05"
      }
    },
    {
      "type": "Feature",
      "geometry": {
        "type": "Point",
        "coordinates": [
          1.9956037051912583,
          41.26406789845196
        ]
      },
      "properties": {
        "date": "2025-02-05"
      }
    },
    {
      "type": "Feature",
      "geometry": {
        "type": "Point",
        "coordinates": [
          1.995626778688526,
          41.26406789845196
        ]
      },
      "properties": {
        "date": "2025-02-05"
      }
    },
    {
      "type": "Feature",
      "geometry": {
        "type": "Point",
        "coordinates": [
          1.9956498521857937,
          41.26406789845196
        ]
      },
      "properties": {
        "date": "2025-02-05"
      }
    },
    {
      "type": "Feature",
      "geometry": {
        "type": "Point",
        "coordinates": [
          1.9956729256830616,
          41.26406789845196
        ]
      },
      "properties": {
        "date": "2025-02-05"
      }
    },
    {
      "type": "Feature",
      "geometry": {
        "type": "Point",
        "coordinates": [
          1.9956959991803294,
          41.26406789845196
        ]
      },
      "properties": {
        "date": "2025-02-05"
      }
    },
    {
      "type": "Feature",
      "geometry": {
        "type": "Point",
        "coordinates": [
          1.995719072677597,
          41.26406789845196
        ]
      },
      "properties": {
        "date": "2025-02-05"
      }
    },
    {
      "type": "Feature",
      "geometry": {
        "type": "Point",
        "coordinates": [
          1.9957421461748648,
          41.26406789845196
        ]
      },
      "properties": {
        "date": "2025-02-05"
      }
    },
    {
      "type": "Feature",
      "geometry": {
        "type": "Point",
        "coordinates": [
          1.9957652196721325,
          41.26406789845196
        ]
      },
      "properties": {
        "date": "2025-02-05"
      }
    },
    {
      "type": "Feature",
      "geometry": {
        "type": "Point",
        "coordinates": [
          1.9957882931694004,
          41.26406789845196
        ]
      },
      "properties": {
        "date": "2025-02-05"
      }
    },
    {
      "type": "Feature",
      "geometry": {
        "type": "Point",
        "coordinates": [
          1.9958113666666681,
          41.26406789845196
        ]
      },
      "properties": {
        "date": "2025-02-05"
      }
    },
    {
      "type": "Feature",
      "geometry": {
        "type": "Point",
        "coordinates": [
          1.9958344401639359,
          41.26406789845196
        ]
      },
      "properties": {
        "date": "2025-02-05"
      }
    },
    {
      "type": "Feature",
      "geometry": {
        "type": "Point",
        "coordinates": [
          1.9958575136612036,
          41.26406789845196
        ]
      },
      "properties": {
        "date": "2025-02-05"
      }
    },
    {
      "type": "Feature",
      "geometry": {
        "type": "Point",
        "coordinates": [
          1.9537483811475427,
          41.26400799344286
        ]
      },
      "properties": {
        "date": "2025-02-05"
      }
    },
    {
      "type": "Feature",
      "geometry": {
        "type": "Point",
        "coordinates": [
          1.9537714546448104,
          41.26400799344286
        ]
      },
      "properties": {
        "date": "2025-02-05"
      }
    },
    {
      "type": "Feature",
      "geometry": {
        "type": "Point",
        "coordinates": [
          1.953794528142078,
          41.26400799344286
        ]
      },
      "properties": {
        "date": "2025-02-05"
      }
    },
    {
      "type": "Feature",
      "geometry": {
        "type": "Point",
        "coordinates": [
          1.953817601639346,
          41.26400799344286
        ]
      },
      "properties": {
        "date": "2025-02-05"
      }
    },
    {
      "type": "Feature",
      "geometry": {
        "type": "Point",
        "coordinates": [
          1.9538406751366137,
          41.26400799344286
        ]
      },
      "properties": {
        "date": "2025-02-05"
      }
    },
    {
      "type": "Feature",
      "geometry": {
        "type": "Point",
        "coordinates": [
          1.963300809016395,
          41.26400799344286
        ]
      },
      "properties": {
        "date": "2025-02-05"
      }
    },
    {
      "type": "Feature",
      "geometry": {
        "type": "Point",
        "coordinates": [
          1.9633238825136627,
          41.26400799344286
        ]
      },
      "properties": {
        "date": "2025-02-05"
      }
    },
    {
      "type": "Feature",
      "geometry": {
        "type": "Point",
        "coordinates": [
          1.9633469560109307,
          41.26400799344286
        ]
      },
      "properties": {
        "date": "2025-02-05"
      }
    },
    {
      "type": "Feature",
      "geometry": {
        "type": "Point",
        "coordinates": [
          1.9633700295081984,
          41.26400799344286
        ]
      },
      "properties": {
        "date": "2025-02-05"
      }
    },
    {
      "type": "Feature",
      "geometry": {
        "type": "Point",
        "coordinates": [
          1.963393103005466,
          41.26400799344286
        ]
      },
      "properties": {
        "date": "2025-02-05"
      }
    },
    {
      "type": "Feature",
      "geometry": {
        "type": "Point",
        "coordinates": [
          1.9634161765027338,
          41.26400799344286
        ]
      },
      "properties": {
        "date": "2025-02-05"
      }
    },
    {
      "type": "Feature",
      "geometry": {
        "type": "Point",
        "coordinates": [
          1.9634392500000015,
          41.26400799344286
        ]
      },
      "properties": {
        "date": "2025-02-05"
      }
    },
    {
      "type": "Feature",
      "geometry": {
        "type": "Point",
        "coordinates": [
          1.9634623234972695,
          41.26400799344286
        ]
      },
      "properties": {
        "date": "2025-02-05"
      }
    },
    {
      "type": "Feature",
      "geometry": {
        "type": "Point",
        "coordinates": [
          1.9634853969945372,
          41.26400799344286
        ]
      },
      "properties": {
        "date": "2025-02-05"
      }
    },
    {
      "type": "Feature",
      "geometry": {
        "type": "Point",
        "coordinates": [
          1.9635084704918049,
          41.26400799344286
        ]
      },
      "properties": {
        "date": "2025-02-05"
      }
    },
    {
      "type": "Feature",
      "geometry": {
        "type": "Point",
        "coordinates": [
          1.9635315439890726,
          41.26400799344286
        ]
      },
      "properties": {
        "date": "2025-02-05"
      }
    },
    {
      "type": "Feature",
      "geometry": {
        "type": "Point",
        "coordinates": [
          1.9635546174863405,
          41.26400799344286
        ]
      },
      "properties": {
        "date": "2025-02-05"
      }
    },
    {
      "type": "Feature",
      "geometry": {
        "type": "Point",
        "coordinates": [
          1.9635776909836082,
          41.26400799344286
        ]
      },
      "properties": {
        "date": "2025-02-05"
      }
    },
    {
      "type": "Feature",
      "geometry": {
        "type": "Point",
        "coordinates": [
          1.963600764480876,
          41.26400799344286
        ]
      },
      "properties": {
        "date": "2025-02-05"
      }
    },
    {
      "type": "Feature",
      "geometry": {
        "type": "Point",
        "coordinates": [
          1.9636238379781437,
          41.26400799344286
        ]
      },
      "properties": {
        "date": "2025-02-05"
      }
    },
    {
      "type": "Feature",
      "geometry": {
        "type": "Point",
        "coordinates": [
          1.9636469114754114,
          41.26400799344286
        ]
      },
      "properties": {
        "date": "2025-02-05"
      }
    },
    {
      "type": "Feature",
      "geometry": {
        "type": "Point",
        "coordinates": [
          1.9636699849726793,
          41.26400799344286
        ]
      },
      "properties": {
        "date": "2025-02-05"
      }
    },
    {
      "type": "Feature",
      "geometry": {
        "type": "Point",
        "coordinates": [
          1.963693058469947,
          41.26400799344286
        ]
      },
      "properties": {
        "date": "2025-02-05"
      }
    },
    {
      "type": "Feature",
      "geometry": {
        "type": "Point",
        "coordinates": [
          1.9637161319672147,
          41.26400799344286
        ]
      },
      "properties": {
        "date": "2025-02-05"
      }
    },
    {
      "type": "Feature",
      "geometry": {
        "type": "Point",
        "coordinates": [
          1.9637392054644824,
          41.26400799344286
        ]
      },
      "properties": {
        "date": "2025-02-05"
      }
    },
    {
      "type": "Feature",
      "geometry": {
        "type": "Point",
        "coordinates": [
          1.9637622789617502,
          41.26400799344286
        ]
      },
      "properties": {
        "date": "2025-02-05"
      }
    },
    {
      "type": "Feature",
      "geometry": {
        "type": "Point",
        "coordinates": [
          1.963785352459018,
          41.26400799344286
        ]
      },
      "properties": {
        "date": "2025-02-05"
      }
    },
    {
      "type": "Feature",
      "geometry": {
        "type": "Point",
        "coordinates": [
          1.9638084259562858,
          41.26400799344286
        ]
      },
      "properties": {
        "date": "2025-02-05"
      }
    },
    {
      "type": "Feature",
      "geometry": {
        "type": "Point",
        "coordinates": [
          1.9638314994535535,
          41.26400799344286
        ]
      },
      "properties": {
        "date": "2025-02-05"
      }
    },
    {
      "type": "Feature",
      "geometry": {
        "type": "Point",
        "coordinates": [
          1.9638545729508212,
          41.26400799344286
        ]
      },
      "properties": {
        "date": "2025-02-05"
      }
    },
    {
      "type": "Feature",
      "geometry": {
        "type": "Point",
        "coordinates": [
          1.9638776464480892,
          41.26400799344286
        ]
      },
      "properties": {
        "date": "2025-02-05"
      }
    },
    {
      "type": "Feature",
      "geometry": {
        "type": "Point",
        "coordinates": [
          1.9639007199453569,
          41.26400799344286
        ]
      },
      "properties": {
        "date": "2025-02-05"
      }
    },
    {
      "type": "Feature",
      "geometry": {
        "type": "Point",
        "coordinates": [
          1.9639237934426246,
          41.26400799344286
        ]
      },
      "properties": {
        "date": "2025-02-05"
      }
    },
    {
      "type": "Feature",
      "geometry": {
        "type": "Point",
        "coordinates": [
          1.9639468669398923,
          41.26400799344286
        ]
      },
      "properties": {
        "date": "2025-02-05"
      }
    },
    {
      "type": "Feature",
      "geometry": {
        "type": "Point",
        "coordinates": [
          1.96396994043716,
          41.26400799344286
        ]
      },
      "properties": {
        "date": "2025-02-05"
      }
    },
    {
      "type": "Feature",
      "geometry": {
        "type": "Point",
        "coordinates": [
          1.963993013934428,
          41.26400799344286
        ]
      },
      "properties": {
        "date": "2025-02-05"
      }
    },
    {
      "type": "Feature",
      "geometry": {
        "type": "Point",
        "coordinates": [
          1.9640160874316956,
          41.26400799344286
        ]
      },
      "properties": {
        "date": "2025-02-05"
      }
    },
    {
      "type": "Feature",
      "geometry": {
        "type": "Point",
        "coordinates": [
          1.9640391609289634,
          41.26400799344286
        ]
      },
      "properties": {
        "date": "2025-02-05"
      }
    },
    {
      "type": "Feature",
      "geometry": {
        "type": "Point",
        "coordinates": [
          1.964062234426231,
          41.26400799344286
        ]
      },
      "properties": {
        "date": "2025-02-05"
      }
    },
    {
      "type": "Feature",
      "geometry": {
        "type": "Point",
        "coordinates": [
          1.9640853079234988,
          41.26400799344286
        ]
      },
      "properties": {
        "date": "2025-02-05"
      }
    },
    {
      "type": "Feature",
      "geometry": {
        "type": "Point",
        "coordinates": [
          1.9641083814207667,
          41.26400799344286
        ]
      },
      "properties": {
        "date": "2025-02-05"
      }
    },
    {
      "type": "Feature",
      "geometry": {
        "type": "Point",
        "coordinates": [
          1.9641314549180344,
          41.26400799344286
        ]
      },
      "properties": {
        "date": "2025-02-05"
      }
    },
    {
      "type": "Feature",
      "geometry": {
        "type": "Point",
        "coordinates": [
          1.9641545284153021,
          41.26400799344286
        ]
      },
      "properties": {
        "date": "2025-02-05"
      }
    },
    {
      "type": "Feature",
      "geometry": {
        "type": "Point",
        "coordinates": [
          1.9641776019125698,
          41.26400799344286
        ]
      },
      "properties": {
        "date": "2025-02-05"
      }
    },
    {
      "type": "Feature",
      "geometry": {
        "type": "Point",
        "coordinates": [
          1.9642006754098378,
          41.26400799344286
        ]
      },
      "properties": {
        "date": "2025-02-05"
      }
    },
    {
      "type": "Feature",
      "geometry": {
        "type": "Point",
        "coordinates": [
          1.9642237489071055,
          41.26400799344286
        ]
      },
      "properties": {
        "date": "2025-02-05"
      }
    },
    {
      "type": "Feature",
      "geometry": {
        "type": "Point",
        "coordinates": [
          1.964362189890712,
          41.26400799344286
        ]
      },
      "properties": {
        "date": "2025-02-05"
      }
    },
    {
      "type": "Feature",
      "geometry": {
        "type": "Point",
        "coordinates": [
          1.9643852633879797,
          41.26400799344286
        ]
      },
      "properties": {
        "date": "2025-02-05"
      }
    },
    {
      "type": "Feature",
      "geometry": {
        "type": "Point",
        "coordinates": [
          1.9644083368852474,
          41.26400799344286
        ]
      },
      "properties": {
        "date": "2025-02-05"
      }
    },
    {
      "type": "Feature",
      "geometry": {
        "type": "Point",
        "coordinates": [
          1.9644314103825153,
          41.26400799344286
        ]
      },
      "properties": {
        "date": "2025-02-05"
      }
    },
    {
      "type": "Feature",
      "geometry": {
        "type": "Point",
        "coordinates": [
          1.964454483879783,
          41.26400799344286
        ]
      },
      "properties": {
        "date": "2025-02-05"
      }
    },
    {
      "type": "Feature",
      "geometry": {
        "type": "Point",
        "coordinates": [
          1.9644775573770508,
          41.26400799344286
        ]
      },
      "properties": {
        "date": "2025-02-05"
      }
    },
    {
      "type": "Feature",
      "geometry": {
        "type": "Point",
        "coordinates": [
          1.9645006308743185,
          41.26400799344286
        ]
      },
      "properties": {
        "date": "2025-02-05"
      }
    },
    {
      "type": "Feature",
      "geometry": {
        "type": "Point",
        "coordinates": [
          1.9645237043715864,
          41.26400799344286
        ]
      },
      "properties": {
        "date": "2025-02-05"
      }
    },
    {
      "type": "Feature",
      "geometry": {
        "type": "Point",
        "coordinates": [
          1.9645467778688541,
          41.26400799344286
        ]
      },
      "properties": {
        "date": "2025-02-05"
      }
    },
    {
      "type": "Feature",
      "geometry": {
        "type": "Point",
        "coordinates": [
          1.9645698513661218,
          41.26400799344286
        ]
      },
      "properties": {
        "date": "2025-02-05"
      }
    },
    {
      "type": "Feature",
      "geometry": {
        "type": "Point",
        "coordinates": [
          1.9645929248633895,
          41.26400799344286
        ]
      },
      "properties": {
        "date": "2025-02-05"
      }
    },
    {
      "type": "Feature",
      "geometry": {
        "type": "Point",
        "coordinates": [
          1.9646159983606573,
          41.26400799344286
        ]
      },
      "properties": {
        "date": "2025-02-05"
      }
    },
    {
      "type": "Feature",
      "geometry": {
        "type": "Point",
        "coordinates": [
          1.9646390718579252,
          41.26400799344286
        ]
      },
      "properties": {
        "date": "2025-02-05"
      }
    },
    {
      "type": "Feature",
      "geometry": {
        "type": "Point",
        "coordinates": [
          1.964662145355193,
          41.26400799344286
        ]
      },
      "properties": {
        "date": "2025-02-05"
      }
    },
    {
      "type": "Feature",
      "geometry": {
        "type": "Point",
        "coordinates": [
          1.9646852188524606,
          41.26400799344286
        ]
      },
      "properties": {
        "date": "2025-02-05"
      }
    },
    {
      "type": "Feature",
      "geometry": {
        "type": "Point",
        "coordinates": [
          1.9647082923497283,
          41.26400799344286
        ]
      },
      "properties": {
        "date": "2025-02-05"
      }
    },
    {
      "type": "Feature",
      "geometry": {
        "type": "Point",
        "coordinates": [
          1.964731365846996,
          41.26400799344286
        ]
      },
      "properties": {
        "date": "2025-02-05"
      }
    },
    {
      "type": "Feature",
      "geometry": {
        "type": "Point",
        "coordinates": [
          1.964754439344264,
          41.26400799344286
        ]
      },
      "properties": {
        "date": "2025-02-05"
      }
    },
    {
      "type": "Feature",
      "geometry": {
        "type": "Point",
        "coordinates": [
          1.9647775128415317,
          41.26400799344286
        ]
      },
      "properties": {
        "date": "2025-02-05"
      }
    },
    {
      "type": "Feature",
      "geometry": {
        "type": "Point",
        "coordinates": [
          1.9648005863387994,
          41.26400799344286
        ]
      },
      "properties": {
        "date": "2025-02-05"
      }
    },
    {
      "type": "Feature",
      "geometry": {
        "type": "Point",
        "coordinates": [
          1.964823659836067,
          41.26400799344286
        ]
      },
      "properties": {
        "date": "2025-02-05"
      }
    },
    {
      "type": "Feature",
      "geometry": {
        "type": "Point",
        "coordinates": [
          1.964846733333335,
          41.26400799344286
        ]
      },
      "properties": {
        "date": "2025-02-05"
      }
    },
    {
      "type": "Feature",
      "geometry": {
        "type": "Point",
        "coordinates": [
          1.9648698068306027,
          41.26400799344286
        ]
      },
      "properties": {
        "date": "2025-02-05"
      }
    },
    {
      "type": "Feature",
      "geometry": {
        "type": "Point",
        "coordinates": [
          1.9648928803278705,
          41.26400799344286
        ]
      },
      "properties": {
        "date": "2025-02-05"
      }
    },
    {
      "type": "Feature",
      "geometry": {
        "type": "Point",
        "coordinates": [
          1.9649159538251382,
          41.26400799344286
        ]
      },
      "properties": {
        "date": "2025-02-05"
      }
    },
    {
      "type": "Feature",
      "geometry": {
        "type": "Point",
        "coordinates": [
          1.9649390273224059,
          41.26400799344286
        ]
      },
      "properties": {
        "date": "2025-02-05"
      }
    },
    {
      "type": "Feature",
      "geometry": {
        "type": "Point",
        "coordinates": [
          1.9649621008196738,
          41.26400799344286
        ]
      },
      "properties": {
        "date": "2025-02-05"
      }
    },
    {
      "type": "Feature",
      "geometry": {
        "type": "Point",
        "coordinates": [
          1.9649851743169415,
          41.26400799344286
        ]
      },
      "properties": {
        "date": "2025-02-05"
      }
    },
    {
      "type": "Feature",
      "geometry": {
        "type": "Point",
        "coordinates": [
          1.9650082478142092,
          41.26400799344286
        ]
      },
      "properties": {
        "date": "2025-02-05"
      }
    },
    {
      "type": "Feature",
      "geometry": {
        "type": "Point",
        "coordinates": [
          1.965031321311477,
          41.26400799344286
        ]
      },
      "properties": {
        "date": "2025-02-05"
      }
    },
    {
      "type": "Feature",
      "geometry": {
        "type": "Point",
        "coordinates": [
          1.9650543948087447,
          41.26400799344286
        ]
      },
      "properties": {
        "date": "2025-02-05"
      }
    },
    {
      "type": "Feature",
      "geometry": {
        "type": "Point",
        "coordinates": [
          1.9650774683060126,
          41.26400799344286
        ]
      },
      "properties": {
        "date": "2025-02-05"
      }
    },
    {
      "type": "Feature",
      "geometry": {
        "type": "Point",
        "coordinates": [
          1.9834901191256846,
          41.26400799344286
        ]
      },
      "properties": {
        "date": "2025-02-05"
      }
    },
    {
      "type": "Feature",
      "geometry": {
        "type": "Point",
        "coordinates": [
          1.9835131926229523,
          41.26400799344286
        ]
      },
      "properties": {
        "date": "2025-02-05"
      }
    },
    {
      "type": "Feature",
      "geometry": {
        "type": "Point",
        "coordinates": [
          1.98353626612022,
          41.26400799344286
        ]
      },
      "properties": {
        "date": "2025-02-05"
      }
    },
    {
      "type": "Feature",
      "geometry": {
        "type": "Point",
        "coordinates": [
          1.9835593396174878,
          41.26400799344286
        ]
      },
      "properties": {
        "date": "2025-02-05"
      }
    },
    {
      "type": "Feature",
      "geometry": {
        "type": "Point",
        "coordinates": [
          1.9835824131147557,
          41.26400799344286
        ]
      },
      "properties": {
        "date": "2025-02-05"
      }
    },
    {
      "type": "Feature",
      "geometry": {
        "type": "Point",
        "coordinates": [
          1.9836054866120234,
          41.26400799344286
        ]
      },
      "properties": {
        "date": "2025-02-05"
      }
    },
    {
      "type": "Feature",
      "geometry": {
        "type": "Point",
        "coordinates": [
          1.9836285601092911,
          41.26400799344286
        ]
      },
      "properties": {
        "date": "2025-02-05"
      }
    },
    {
      "type": "Feature",
      "geometry": {
        "type": "Point",
        "coordinates": [
          1.9836516336065588,
          41.26400799344286
        ]
      },
      "properties": {
        "date": "2025-02-05"
      }
    },
    {
      "type": "Feature",
      "geometry": {
        "type": "Point",
        "coordinates": [
          1.9836747071038265,
          41.26400799344286
        ]
      },
      "properties": {
        "date": "2025-02-05"
      }
    },
    {
      "type": "Feature",
      "geometry": {
        "type": "Point",
        "coordinates": [
          1.9836977806010945,
          41.26400799344286
        ]
      },
      "properties": {
        "date": "2025-02-05"
      }
    },
    {
      "type": "Feature",
      "geometry": {
        "type": "Point",
        "coordinates": [
          1.9837208540983622,
          41.26400799344286
        ]
      },
      "properties": {
        "date": "2025-02-05"
      }
    },
    {
      "type": "Feature",
      "geometry": {
        "type": "Point",
        "coordinates": [
          1.98374392759563,
          41.26400799344286
        ]
      },
      "properties": {
        "date": "2025-02-05"
      }
    },
    {
      "type": "Feature",
      "geometry": {
        "type": "Point",
        "coordinates": [
          1.9837670010928976,
          41.26400799344286
        ]
      },
      "properties": {
        "date": "2025-02-05"
      }
    },
    {
      "type": "Feature",
      "geometry": {
        "type": "Point",
        "coordinates": [
          1.9837900745901655,
          41.26400799344286
        ]
      },
      "properties": {
        "date": "2025-02-05"
      }
    },
    {
      "type": "Feature",
      "geometry": {
        "type": "Point",
        "coordinates": [
          1.9838131480874333,
          41.26400799344286
        ]
      },
      "properties": {
        "date": "2025-02-05"
      }
    },
    {
      "type": "Feature",
      "geometry": {
        "type": "Point",
        "coordinates": [
          1.983836221584701,
          41.26400799344286
        ]
      },
      "properties": {
        "date": "2025-02-05"
      }
    },
    {
      "type": "Feature",
      "geometry": {
        "type": "Point",
        "coordinates": [
          1.9838592950819687,
          41.26400799344286
        ]
      },
      "properties": {
        "date": "2025-02-05"
      }
    },
    {
      "type": "Feature",
      "geometry": {
        "type": "Point",
        "coordinates": [
          1.9838823685792364,
          41.26400799344286
        ]
      },
      "properties": {
        "date": "2025-02-05"
      }
    },
    {
      "type": "Feature",
      "geometry": {
        "type": "Point",
        "coordinates": [
          1.9839054420765043,
          41.26400799344286
        ]
      },
      "properties": {
        "date": "2025-02-05"
      }
    },
    {
      "type": "Feature",
      "geometry": {
        "type": "Point",
        "coordinates": [
          1.983928515573772,
          41.26400799344286
        ]
      },
      "properties": {
        "date": "2025-02-05"
      }
    },
    {
      "type": "Feature",
      "geometry": {
        "type": "Point",
        "coordinates": [
          1.9839515890710397,
          41.26400799344286
        ]
      },
      "properties": {
        "date": "2025-02-05"
      }
    },
    {
      "type": "Feature",
      "geometry": {
        "type": "Point",
        "coordinates": [
          1.9839746625683075,
          41.26400799344286
        ]
      },
      "properties": {
        "date": "2025-02-05"
      }
    },
    {
      "type": "Feature",
      "geometry": {
        "type": "Point",
        "coordinates": [
          1.9839977360655752,
          41.26400799344286
        ]
      },
      "properties": {
        "date": "2025-02-05"
      }
    },
    {
      "type": "Feature",
      "geometry": {
        "type": "Point",
        "coordinates": [
          1.984020809562843,
          41.26400799344286
        ]
      },
      "properties": {
        "date": "2025-02-05"
      }
    },
    {
      "type": "Feature",
      "geometry": {
        "type": "Point",
        "coordinates": [
          1.9840438830601108,
          41.26400799344286
        ]
      },
      "properties": {
        "date": "2025-02-05"
      }
    },
    {
      "type": "Feature",
      "geometry": {
        "type": "Point",
        "coordinates": [
          1.9840669565573785,
          41.26400799344286
        ]
      },
      "properties": {
        "date": "2025-02-05"
      }
    },
    {
      "type": "Feature",
      "geometry": {
        "type": "Point",
        "coordinates": [
          1.9840900300546462,
          41.26400799344286
        ]
      },
      "properties": {
        "date": "2025-02-05"
      }
    },
    {
      "type": "Feature",
      "geometry": {
        "type": "Point",
        "coordinates": [
          1.9841131035519142,
          41.26400799344286
        ]
      },
      "properties": {
        "date": "2025-02-05"
      }
    },
    {
      "type": "Feature",
      "geometry": {
        "type": "Point",
        "coordinates": [
          1.9841361770491819,
          41.26400799344286
        ]
      },
      "properties": {
        "date": "2025-02-05"
      }
    },
    {
      "type": "Feature",
      "geometry": {
        "type": "Point",
        "coordinates": [
          1.9841592505464496,
          41.26400799344286
        ]
      },
      "properties": {
        "date": "2025-02-05"
      }
    },
    {
      "type": "Feature",
      "geometry": {
        "type": "Point",
        "coordinates": [
          1.9860974243169414,
          41.26400799344286
        ]
      },
      "properties": {
        "date": "2025-02-05"
      }
    },
    {
      "type": "Feature",
      "geometry": {
        "type": "Point",
        "coordinates": [
          1.986120497814209,
          41.26400799344286
        ]
      },
      "properties": {
        "date": "2025-02-05"
      }
    },
    {
      "type": "Feature",
      "geometry": {
        "type": "Point",
        "coordinates": [
          1.986143571311477,
          41.26400799344286
        ]
      },
      "properties": {
        "date": "2025-02-05"
      }
    },
    {
      "type": "Feature",
      "geometry": {
        "type": "Point",
        "coordinates": [
          1.9861666448087447,
          41.26400799344286
        ]
      },
      "properties": {
        "date": "2025-02-05"
      }
    },
    {
      "type": "Feature",
      "geometry": {
        "type": "Point",
        "coordinates": [
          1.9861897183060124,
          41.26400799344286
        ]
      },
      "properties": {
        "date": "2025-02-05"
      }
    },
    {
      "type": "Feature",
      "geometry": {
        "type": "Point",
        "coordinates": [
          1.9862127918032801,
          41.26400799344286
        ]
      },
      "properties": {
        "date": "2025-02-05"
      }
    },
    {
      "type": "Feature",
      "geometry": {
        "type": "Point",
        "coordinates": [
          1.9862358653005479,
          41.26400799344286
        ]
      },
      "properties": {
        "date": "2025-02-05"
      }
    },
    {
      "type": "Feature",
      "geometry": {
        "type": "Point",
        "coordinates": [
          1.9862589387978158,
          41.26400799344286
        ]
      },
      "properties": {
        "date": "2025-02-05"
      }
    },
    {
      "type": "Feature",
      "geometry": {
        "type": "Point",
        "coordinates": [
          1.9862820122950835,
          41.26400799344286
        ]
      },
      "properties": {
        "date": "2025-02-05"
      }
    },
    {
      "type": "Feature",
      "geometry": {
        "type": "Point",
        "coordinates": [
          1.9863050857923512,
          41.26400799344286
        ]
      },
      "properties": {
        "date": "2025-02-05"
      }
    },
    {
      "type": "Feature",
      "geometry": {
        "type": "Point",
        "coordinates": [
          1.986328159289619,
          41.26400799344286
        ]
      },
      "properties": {
        "date": "2025-02-05"
      }
    },
    {
      "type": "Feature",
      "geometry": {
        "type": "Point",
        "coordinates": [
          1.9863512327868866,
          41.26400799344286
        ]
      },
      "properties": {
        "date": "2025-02-05"
      }
    },
    {
      "type": "Feature",
      "geometry": {
        "type": "Point",
        "coordinates": [
          1.9863743062841546,
          41.26400799344286
        ]
      },
      "properties": {
        "date": "2025-02-05"
      }
    },
    {
      "type": "Feature",
      "geometry": {
        "type": "Point",
        "coordinates": [
          1.9863973797814223,
          41.26400799344286
        ]
      },
      "properties": {
        "date": "2025-02-05"
      }
    },
    {
      "type": "Feature",
      "geometry": {
        "type": "Point",
        "coordinates": [
          1.98642045327869,
          41.26400799344286
        ]
      },
      "properties": {
        "date": "2025-02-05"
      }
    },
    {
      "type": "Feature",
      "geometry": {
        "type": "Point",
        "coordinates": [
          1.9864435267759577,
          41.26400799344286
        ]
      },
      "properties": {
        "date": "2025-02-05"
      }
    },
    {
      "type": "Feature",
      "geometry": {
        "type": "Point",
        "coordinates": [
          1.9864666002732256,
          41.26400799344286
        ]
      },
      "properties": {
        "date": "2025-02-05"
      }
    },
    {
      "type": "Feature",
      "geometry": {
        "type": "Point",
        "coordinates": [
          1.9864896737704933,
          41.26400799344286
        ]
      },
      "properties": {
        "date": "2025-02-05"
      }
    },
    {
      "type": "Feature",
      "geometry": {
        "type": "Point",
        "coordinates": [
          1.986512747267761,
          41.26400799344286
        ]
      },
      "properties": {
        "date": "2025-02-05"
      }
    },
    {
      "type": "Feature",
      "geometry": {
        "type": "Point",
        "coordinates": [
          1.9865358207650288,
          41.26400799344286
        ]
      },
      "properties": {
        "date": "2025-02-05"
      }
    },
    {
      "type": "Feature",
      "geometry": {
        "type": "Point",
        "coordinates": [
          1.9865588942622965,
          41.26400799344286
        ]
      },
      "properties": {
        "date": "2025-02-05"
      }
    },
    {
      "type": "Feature",
      "geometry": {
        "type": "Point",
        "coordinates": [
          1.9865819677595644,
          41.26400799344286
        ]
      },
      "properties": {
        "date": "2025-02-05"
      }
    },
    {
      "type": "Feature",
      "geometry": {
        "type": "Point",
        "coordinates": [
          1.9866050412568321,
          41.26400799344286
        ]
      },
      "properties": {
        "date": "2025-02-05"
      }
    },
    {
      "type": "Feature",
      "geometry": {
        "type": "Point",
        "coordinates": [
          1.9866281147540998,
          41.26400799344286
        ]
      },
      "properties": {
        "date": "2025-02-05"
      }
    },
    {
      "type": "Feature",
      "geometry": {
        "type": "Point",
        "coordinates": [
          1.9866511882513676,
          41.26400799344286
        ]
      },
      "properties": {
        "date": "2025-02-05"
      }
    },
    {
      "type": "Feature",
      "geometry": {
        "type": "Point",
        "coordinates": [
          1.9866742617486355,
          41.26400799344286
        ]
      },
      "properties": {
        "date": "2025-02-05"
      }
    },
    {
      "type": "Feature",
      "geometry": {
        "type": "Point",
        "coordinates": [
          1.9866973352459032,
          41.26400799344286
        ]
      },
      "properties": {
        "date": "2025-02-05"
      }
    },
    {
      "type": "Feature",
      "geometry": {
        "type": "Point",
        "coordinates": [
          1.986720408743171,
          41.26400799344286
        ]
      },
      "properties": {
        "date": "2025-02-05"
      }
    },
    {
      "type": "Feature",
      "geometry": {
        "type": "Point",
        "coordinates": [
          1.9867434822404386,
          41.26400799344286
        ]
      },
      "properties": {
        "date": "2025-02-05"
      }
    },
    {
      "type": "Feature",
      "geometry": {
        "type": "Point",
        "coordinates": [
          1.9867665557377063,
          41.26400799344286
        ]
      },
      "properties": {
        "date": "2025-02-05"
      }
    },
    {
      "type": "Feature",
      "geometry": {
        "type": "Point",
        "coordinates": [
          1.9867896292349743,
          41.26400799344286
        ]
      },
      "properties": {
        "date": "2025-02-05"
      }
    },
    {
      "type": "Feature",
      "geometry": {
        "type": "Point",
        "coordinates": [
          1.986812702732242,
          41.26400799344286
        ]
      },
      "properties": {
        "date": "2025-02-05"
      }
    },
    {
      "type": "Feature",
      "geometry": {
        "type": "Point",
        "coordinates": [
          1.9868357762295097,
          41.26400799344286
        ]
      },
      "properties": {
        "date": "2025-02-05"
      }
    },
    {
      "type": "Feature",
      "geometry": {
        "type": "Point",
        "coordinates": [
          1.9868588497267774,
          41.26400799344286
        ]
      },
      "properties": {
        "date": "2025-02-05"
      }
    },
    {
      "type": "Feature",
      "geometry": {
        "type": "Point",
        "coordinates": [
          1.986881923224045,
          41.26400799344286
        ]
      },
      "properties": {
        "date": "2025-02-05"
      }
    },
    {
      "type": "Feature",
      "geometry": {
        "type": "Point",
        "coordinates": [
          1.986904996721313,
          41.26400799344286
        ]
      },
      "properties": {
        "date": "2025-02-05"
      }
    },
    {
      "type": "Feature",
      "geometry": {
        "type": "Point",
        "coordinates": [
          1.9894430814207664,
          41.26400799344286
        ]
      },
      "properties": {
        "date": "2025-02-05"
      }
    },
    {
      "type": "Feature",
      "geometry": {
        "type": "Point",
        "coordinates": [
          1.9894661549180344,
          41.26400799344286
        ]
      },
      "properties": {
        "date": "2025-02-05"
      }
    },
    {
      "type": "Feature",
      "geometry": {
        "type": "Point",
        "coordinates": [
          1.989489228415302,
          41.26400799344286
        ]
      },
      "properties": {
        "date": "2025-02-05"
      }
    },
    {
      "type": "Feature",
      "geometry": {
        "type": "Point",
        "coordinates": [
          1.9895123019125698,
          41.26400799344286
        ]
      },
      "properties": {
        "date": "2025-02-05"
      }
    },
    {
      "type": "Feature",
      "geometry": {
        "type": "Point",
        "coordinates": [
          1.9895353754098375,
          41.26400799344286
        ]
      },
      "properties": {
        "date": "2025-02-05"
      }
    },
    {
      "type": "Feature",
      "geometry": {
        "type": "Point",
        "coordinates": [
          1.9895584489071052,
          41.26400799344286
        ]
      },
      "properties": {
        "date": "2025-02-05"
      }
    },
    {
      "type": "Feature",
      "geometry": {
        "type": "Point",
        "coordinates": [
          1.9895815224043731,
          41.26400799344286
        ]
      },
      "properties": {
        "date": "2025-02-05"
      }
    },
    {
      "type": "Feature",
      "geometry": {
        "type": "Point",
        "coordinates": [
          1.9896045959016408,
          41.26400799344286
        ]
      },
      "properties": {
        "date": "2025-02-05"
      }
    },
    {
      "type": "Feature",
      "geometry": {
        "type": "Point",
        "coordinates": [
          1.9896276693989086,
          41.26400799344286
        ]
      },
      "properties": {
        "date": "2025-02-05"
      }
    },
    {
      "type": "Feature",
      "geometry": {
        "type": "Point",
        "coordinates": [
          1.9896507428961763,
          41.26400799344286
        ]
      },
      "properties": {
        "date": "2025-02-05"
      }
    },
    {
      "type": "Feature",
      "geometry": {
        "type": "Point",
        "coordinates": [
          1.9896738163934442,
          41.26400799344286
        ]
      },
      "properties": {
        "date": "2025-02-05"
      }
    },
    {
      "type": "Feature",
      "geometry": {
        "type": "Point",
        "coordinates": [
          1.989696889890712,
          41.26400799344286
        ]
      },
      "properties": {
        "date": "2025-02-05"
      }
    },
    {
      "type": "Feature",
      "geometry": {
        "type": "Point",
        "coordinates": [
          1.9897199633879796,
          41.26400799344286
        ]
      },
      "properties": {
        "date": "2025-02-05"
      }
    },
    {
      "type": "Feature",
      "geometry": {
        "type": "Point",
        "coordinates": [
          1.9897430368852473,
          41.26400799344286
        ]
      },
      "properties": {
        "date": "2025-02-05"
      }
    },
    {
      "type": "Feature",
      "geometry": {
        "type": "Point",
        "coordinates": [
          1.989766110382515,
          41.26400799344286
        ]
      },
      "properties": {
        "date": "2025-02-05"
      }
    },
    {
      "type": "Feature",
      "geometry": {
        "type": "Point",
        "coordinates": [
          1.989789183879783,
          41.26400799344286
        ]
      },
      "properties": {
        "date": "2025-02-05"
      }
    },
    {
      "type": "Feature",
      "geometry": {
        "type": "Point",
        "coordinates": [
          1.9899276248633895,
          41.26400799344286
        ]
      },
      "properties": {
        "date": "2025-02-05"
      }
    },
    {
      "type": "Feature",
      "geometry": {
        "type": "Point",
        "coordinates": [
          1.9899506983606572,
          41.26400799344286
        ]
      },
      "properties": {
        "date": "2025-02-05"
      }
    },
    {
      "type": "Feature",
      "geometry": {
        "type": "Point",
        "coordinates": [
          1.989973771857925,
          41.26400799344286
        ]
      },
      "properties": {
        "date": "2025-02-05"
      }
    },
    {
      "type": "Feature",
      "geometry": {
        "type": "Point",
        "coordinates": [
          1.9899968453551928,
          41.26400799344286
        ]
      },
      "properties": {
        "date": "2025-02-05"
      }
    },
    {
      "type": "Feature",
      "geometry": {
        "type": "Point",
        "coordinates": [
          1.9900199188524605,
          41.26400799344286
        ]
      },
      "properties": {
        "date": "2025-02-05"
      }
    },
    {
      "type": "Feature",
      "geometry": {
        "type": "Point",
        "coordinates": [
          1.9537483811475427,
          41.26394808843375
        ]
      },
      "properties": {
        "date": "2025-02-05"
      }
    },
    {
      "type": "Feature",
      "geometry": {
        "type": "Point",
        "coordinates": [
          1.9537714546448104,
          41.26394808843375
        ]
      },
      "properties": {
        "date": "2025-02-05"
      }
    },
    {
      "type": "Feature",
      "geometry": {
        "type": "Point",
        "coordinates": [
          1.953794528142078,
          41.26394808843375
        ]
      },
      "properties": {
        "date": "2025-02-05"
      }
    },
    {
      "type": "Feature",
      "geometry": {
        "type": "Point",
        "coordinates": [
          1.953817601639346,
          41.26394808843375
        ]
      },
      "properties": {
        "date": "2025-02-05"
      }
    },
    {
      "type": "Feature",
      "geometry": {
        "type": "Point",
        "coordinates": [
          1.9538406751366137,
          41.26394808843375
        ]
      },
      "properties": {
        "date": "2025-02-05"
      }
    },
    {
      "type": "Feature",
      "geometry": {
        "type": "Point",
        "coordinates": [
          1.9566556418032803,
          41.26394808843375
        ]
      },
      "properties": {
        "date": "2025-02-05"
      }
    },
    {
      "type": "Feature",
      "geometry": {
        "type": "Point",
        "coordinates": [
          1.956678715300548,
          41.26394808843375
        ]
      },
      "properties": {
        "date": "2025-02-05"
      }
    },
    {
      "type": "Feature",
      "geometry": {
        "type": "Point",
        "coordinates": [
          1.9567017887978158,
          41.26394808843375
        ]
      },
      "properties": {
        "date": "2025-02-05"
      }
    },
    {
      "type": "Feature",
      "geometry": {
        "type": "Point",
        "coordinates": [
          1.9567248622950837,
          41.26394808843375
        ]
      },
      "properties": {
        "date": "2025-02-05"
      }
    },
    {
      "type": "Feature",
      "geometry": {
        "type": "Point",
        "coordinates": [
          1.9567479357923514,
          41.26394808843375
        ]
      },
      "properties": {
        "date": "2025-02-05"
      }
    },
    {
      "type": "Feature",
      "geometry": {
        "type": "Point",
        "coordinates": [
          1.9567710092896191,
          41.26394808843375
        ]
      },
      "properties": {
        "date": "2025-02-05"
      }
    },
    {
      "type": "Feature",
      "geometry": {
        "type": "Point",
        "coordinates": [
          1.9567940827868868,
          41.26394808843375
        ]
      },
      "properties": {
        "date": "2025-02-05"
      }
    },
    {
      "type": "Feature",
      "geometry": {
        "type": "Point",
        "coordinates": [
          1.9568171562841548,
          41.26394808843375
        ]
      },
      "properties": {
        "date": "2025-02-05"
      }
    },
    {
      "type": "Feature",
      "geometry": {
        "type": "Point",
        "coordinates": [
          1.9568402297814225,
          41.26394808843375
        ]
      },
      "properties": {
        "date": "2025-02-05"
      }
    },
    {
      "type": "Feature",
      "geometry": {
        "type": "Point",
        "coordinates": [
          1.9568633032786902,
          41.26394808843375
        ]
      },
      "properties": {
        "date": "2025-02-05"
      }
    },
    {
      "type": "Feature",
      "geometry": {
        "type": "Point",
        "coordinates": [
          1.956886376775958,
          41.26394808843375
        ]
      },
      "properties": {
        "date": "2025-02-05"
      }
    },
    {
      "type": "Feature",
      "geometry": {
        "type": "Point",
        "coordinates": [
          1.9569094502732256,
          41.26394808843375
        ]
      },
      "properties": {
        "date": "2025-02-05"
      }
    },
    {
      "type": "Feature",
      "geometry": {
        "type": "Point",
        "coordinates": [
          1.9569325237704935,
          41.26394808843375
        ]
      },
      "properties": {
        "date": "2025-02-05"
      }
    },
    {
      "type": "Feature",
      "geometry": {
        "type": "Point",
        "coordinates": [
          1.9569555972677612,
          41.26394808843375
        ]
      },
      "properties": {
        "date": "2025-02-05"
      }
    },
    {
      "type": "Feature",
      "geometry": {
        "type": "Point",
        "coordinates": [
          1.956978670765029,
          41.26394808843375
        ]
      },
      "properties": {
        "date": "2025-02-05"
      }
    },
    {
      "type": "Feature",
      "geometry": {
        "type": "Point",
        "coordinates": [
          1.9570017442622967,
          41.26394808843375
        ]
      },
      "properties": {
        "date": "2025-02-05"
      }
    },
    {
      "type": "Feature",
      "geometry": {
        "type": "Point",
        "coordinates": [
          1.9570248177595644,
          41.26394808843375
        ]
      },
      "properties": {
        "date": "2025-02-05"
      }
    },
    {
      "type": "Feature",
      "geometry": {
        "type": "Point",
        "coordinates": [
          1.9570478912568323,
          41.26394808843375
        ]
      },
      "properties": {
        "date": "2025-02-05"
      }
    },
    {
      "type": "Feature",
      "geometry": {
        "type": "Point",
        "coordinates": [
          1.9570709647541,
          41.26394808843375
        ]
      },
      "properties": {
        "date": "2025-02-05"
      }
    },
    {
      "type": "Feature",
      "geometry": {
        "type": "Point",
        "coordinates": [
          1.9570940382513677,
          41.26394808843375
        ]
      },
      "properties": {
        "date": "2025-02-05"
      }
    },
    {
      "type": "Feature",
      "geometry": {
        "type": "Point",
        "coordinates": [
          1.9571171117486355,
          41.26394808843375
        ]
      },
      "properties": {
        "date": "2025-02-05"
      }
    },
    {
      "type": "Feature",
      "geometry": {
        "type": "Point",
        "coordinates": [
          1.9571401852459034,
          41.26394808843375
        ]
      },
      "properties": {
        "date": "2025-02-05"
      }
    },
    {
      "type": "Feature",
      "geometry": {
        "type": "Point",
        "coordinates": [
          1.957163258743171,
          41.26394808843375
        ]
      },
      "properties": {
        "date": "2025-02-05"
      }
    },
    {
      "type": "Feature",
      "geometry": {
        "type": "Point",
        "coordinates": [
          1.9571863322404388,
          41.26394808843375
        ]
      },
      "properties": {
        "date": "2025-02-05"
      }
    },
    {
      "type": "Feature",
      "geometry": {
        "type": "Point",
        "coordinates": [
          1.9596090494535536,
          41.26394808843375
        ]
      },
      "properties": {
        "date": "2025-02-05"
      }
    },
    {
      "type": "Feature",
      "geometry": {
        "type": "Point",
        "coordinates": [
          1.9596321229508213,
          41.26394808843375
        ]
      },
      "properties": {
        "date": "2025-02-05"
      }
    },
    {
      "type": "Feature",
      "geometry": {
        "type": "Point",
        "coordinates": [
          1.959655196448089,
          41.26394808843375
        ]
      },
      "properties": {
        "date": "2025-02-05"
      }
    },
    {
      "type": "Feature",
      "geometry": {
        "type": "Point",
        "coordinates": [
          1.9596782699453568,
          41.26394808843375
        ]
      },
      "properties": {
        "date": "2025-02-05"
      }
    },
    {
      "type": "Feature",
      "geometry": {
        "type": "Point",
        "coordinates": [
          1.9597013434426245,
          41.26394808843375
        ]
      },
      "properties": {
        "date": "2025-02-05"
      }
    },
    {
      "type": "Feature",
      "geometry": {
        "type": "Point",
        "coordinates": [
          1.9597244169398924,
          41.26394808843375
        ]
      },
      "properties": {
        "date": "2025-02-05"
      }
    },
    {
      "type": "Feature",
      "geometry": {
        "type": "Point",
        "coordinates": [
          1.9597474904371601,
          41.26394808843375
        ]
      },
      "properties": {
        "date": "2025-02-05"
      }
    },
    {
      "type": "Feature",
      "geometry": {
        "type": "Point",
        "coordinates": [
          1.9597705639344278,
          41.26394808843375
        ]
      },
      "properties": {
        "date": "2025-02-05"
      }
    },
    {
      "type": "Feature",
      "geometry": {
        "type": "Point",
        "coordinates": [
          1.9597936374316955,
          41.26394808843375
        ]
      },
      "properties": {
        "date": "2025-02-05"
      }
    },
    {
      "type": "Feature",
      "geometry": {
        "type": "Point",
        "coordinates": [
          1.9598167109289635,
          41.26394808843375
        ]
      },
      "properties": {
        "date": "2025-02-05"
      }
    },
    {
      "type": "Feature",
      "geometry": {
        "type": "Point",
        "coordinates": [
          1.9598397844262312,
          41.26394808843375
        ]
      },
      "properties": {
        "date": "2025-02-05"
      }
    },
    {
      "type": "Feature",
      "geometry": {
        "type": "Point",
        "coordinates": [
          1.959862857923499,
          41.26394808843375
        ]
      },
      "properties": {
        "date": "2025-02-05"
      }
    },
    {
      "type": "Feature",
      "geometry": {
        "type": "Point",
        "coordinates": [
          1.9598859314207666,
          41.26394808843375
        ]
      },
      "properties": {
        "date": "2025-02-05"
      }
    },
    {
      "type": "Feature",
      "geometry": {
        "type": "Point",
        "coordinates": [
          1.9599090049180343,
          41.26394808843375
        ]
      },
      "properties": {
        "date": "2025-02-05"
      }
    },
    {
      "type": "Feature",
      "geometry": {
        "type": "Point",
        "coordinates": [
          1.9599320784153023,
          41.26394808843375
        ]
      },
      "properties": {
        "date": "2025-02-05"
      }
    },
    {
      "type": "Feature",
      "geometry": {
        "type": "Point",
        "coordinates": [
          1.95995515191257,
          41.26394808843375
        ]
      },
      "properties": {
        "date": "2025-02-05"
      }
    },
    {
      "type": "Feature",
      "geometry": {
        "type": "Point",
        "coordinates": [
          1.9599782254098377,
          41.26394808843375
        ]
      },
      "properties": {
        "date": "2025-02-05"
      }
    },
    {
      "type": "Feature",
      "geometry": {
        "type": "Point",
        "coordinates": [
          1.9600012989071054,
          41.26394808843375
        ]
      },
      "properties": {
        "date": "2025-02-05"
      }
    },
    {
      "type": "Feature",
      "geometry": {
        "type": "Point",
        "coordinates": [
          1.9600243724043733,
          41.26394808843375
        ]
      },
      "properties": {
        "date": "2025-02-05"
      }
    },
    {
      "type": "Feature",
      "geometry": {
        "type": "Point",
        "coordinates": [
          1.960047445901641,
          41.26394808843375
        ]
      },
      "properties": {
        "date": "2025-02-05"
      }
    },
    {
      "type": "Feature",
      "geometry": {
        "type": "Point",
        "coordinates": [
          1.9600705193989088,
          41.26394808843375
        ]
      },
      "properties": {
        "date": "2025-02-05"
      }
    },
    {
      "type": "Feature",
      "geometry": {
        "type": "Point",
        "coordinates": [
          1.9600935928961765,
          41.26394808843375
        ]
      },
      "properties": {
        "date": "2025-02-05"
      }
    },
    {
      "type": "Feature",
      "geometry": {
        "type": "Point",
        "coordinates": [
          1.9601166663934442,
          41.26394808843375
        ]
      },
      "properties": {
        "date": "2025-02-05"
      }
    },
    {
      "type": "Feature",
      "geometry": {
        "type": "Point",
        "coordinates": [
          1.960139739890712,
          41.26394808843375
        ]
      },
      "properties": {
        "date": "2025-02-05"
      }
    },
    {
      "type": "Feature",
      "geometry": {
        "type": "Point",
        "coordinates": [
          1.9601628133879798,
          41.26394808843375
        ]
      },
      "properties": {
        "date": "2025-02-05"
      }
    },
    {
      "type": "Feature",
      "geometry": {
        "type": "Point",
        "coordinates": [
          1.9606704303278706,
          41.26394808843375
        ]
      },
      "properties": {
        "date": "2025-02-05"
      }
    },
    {
      "type": "Feature",
      "geometry": {
        "type": "Point",
        "coordinates": [
          1.9606935038251383,
          41.26394808843375
        ]
      },
      "properties": {
        "date": "2025-02-05"
      }
    },
    {
      "type": "Feature",
      "geometry": {
        "type": "Point",
        "coordinates": [
          1.960716577322406,
          41.26394808843375
        ]
      },
      "properties": {
        "date": "2025-02-05"
      }
    },
    {
      "type": "Feature",
      "geometry": {
        "type": "Point",
        "coordinates": [
          1.9607396508196737,
          41.26394808843375
        ]
      },
      "properties": {
        "date": "2025-02-05"
      }
    },
    {
      "type": "Feature",
      "geometry": {
        "type": "Point",
        "coordinates": [
          1.9607627243169414,
          41.26394808843375
        ]
      },
      "properties": {
        "date": "2025-02-05"
      }
    },
    {
      "type": "Feature",
      "geometry": {
        "type": "Point",
        "coordinates": [
          1.9607857978142094,
          41.26394808843375
        ]
      },
      "properties": {
        "date": "2025-02-05"
      }
    },
    {
      "type": "Feature",
      "geometry": {
        "type": "Point",
        "coordinates": [
          1.960808871311477,
          41.26394808843375
        ]
      },
      "properties": {
        "date": "2025-02-05"
      }
    },
    {
      "type": "Feature",
      "geometry": {
        "type": "Point",
        "coordinates": [
          1.9608319448087448,
          41.26394808843375
        ]
      },
      "properties": {
        "date": "2025-02-05"
      }
    },
    {
      "type": "Feature",
      "geometry": {
        "type": "Point",
        "coordinates": [
          1.9608550183060125,
          41.26394808843375
        ]
      },
      "properties": {
        "date": "2025-02-05"
      }
    },
    {
      "type": "Feature",
      "geometry": {
        "type": "Point",
        "coordinates": [
          1.9608780918032802,
          41.26394808843375
        ]
      },
      "properties": {
        "date": "2025-02-05"
      }
    },
    {
      "type": "Feature",
      "geometry": {
        "type": "Point",
        "coordinates": [
          1.9611549737704934,
          41.26394808843375
        ]
      },
      "properties": {
        "date": "2025-02-05"
      }
    },
    {
      "type": "Feature",
      "geometry": {
        "type": "Point",
        "coordinates": [
          1.9611780472677611,
          41.26394808843375
        ]
      },
      "properties": {
        "date": "2025-02-05"
      }
    },
    {
      "type": "Feature",
      "geometry": {
        "type": "Point",
        "coordinates": [
          1.961201120765029,
          41.26394808843375
        ]
      },
      "properties": {
        "date": "2025-02-05"
      }
    },
    {
      "type": "Feature",
      "geometry": {
        "type": "Point",
        "coordinates": [
          1.9612241942622968,
          41.26394808843375
        ]
      },
      "properties": {
        "date": "2025-02-05"
      }
    },
    {
      "type": "Feature",
      "geometry": {
        "type": "Point",
        "coordinates": [
          1.9612472677595645,
          41.26394808843375
        ]
      },
      "properties": {
        "date": "2025-02-05"
      }
    },
    {
      "type": "Feature",
      "geometry": {
        "type": "Point",
        "coordinates": [
          1.9612703412568322,
          41.26394808843375
        ]
      },
      "properties": {
        "date": "2025-02-05"
      }
    },
    {
      "type": "Feature",
      "geometry": {
        "type": "Point",
        "coordinates": [
          1.9612934147541,
          41.26394808843375
        ]
      },
      "properties": {
        "date": "2025-02-05"
      }
    },
    {
      "type": "Feature",
      "geometry": {
        "type": "Point",
        "coordinates": [
          1.9613164882513678,
          41.26394808843375
        ]
      },
      "properties": {
        "date": "2025-02-05"
      }
    },
    {
      "type": "Feature",
      "geometry": {
        "type": "Point",
        "coordinates": [
          1.9613395617486356,
          41.26394808843375
        ]
      },
      "properties": {
        "date": "2025-02-05"
      }
    },
    {
      "type": "Feature",
      "geometry": {
        "type": "Point",
        "coordinates": [
          1.9613626352459033,
          41.26394808843375
        ]
      },
      "properties": {
        "date": "2025-02-05"
      }
    },
    {
      "type": "Feature",
      "geometry": {
        "type": "Point",
        "coordinates": [
          1.961385708743171,
          41.26394808843375
        ]
      },
      "properties": {
        "date": "2025-02-05"
      }
    },
    {
      "type": "Feature",
      "geometry": {
        "type": "Point",
        "coordinates": [
          1.9614087822404387,
          41.26394808843375
        ]
      },
      "properties": {
        "date": "2025-02-05"
      }
    },
    {
      "type": "Feature",
      "geometry": {
        "type": "Point",
        "coordinates": [
          1.9614318557377066,
          41.26394808843375
        ]
      },
      "properties": {
        "date": "2025-02-05"
      }
    },
    {
      "type": "Feature",
      "geometry": {
        "type": "Point",
        "coordinates": [
          1.9614549292349743,
          41.26394808843375
        ]
      },
      "properties": {
        "date": "2025-02-05"
      }
    },
    {
      "type": "Feature",
      "geometry": {
        "type": "Point",
        "coordinates": [
          1.961478002732242,
          41.26394808843375
        ]
      },
      "properties": {
        "date": "2025-02-05"
      }
    },
    {
      "type": "Feature",
      "geometry": {
        "type": "Point",
        "coordinates": [
          1.9615010762295098,
          41.26394808843375
        ]
      },
      "properties": {
        "date": "2025-02-05"
      }
    },
    {
      "type": "Feature",
      "geometry": {
        "type": "Point",
        "coordinates": [
          1.9615241497267777,
          41.26394808843375
        ]
      },
      "properties": {
        "date": "2025-02-05"
      }
    },
    {
      "type": "Feature",
      "geometry": {
        "type": "Point",
        "coordinates": [
          1.9615472232240454,
          41.26394808843375
        ]
      },
      "properties": {
        "date": "2025-02-05"
      }
    },
    {
      "type": "Feature",
      "geometry": {
        "type": "Point",
        "coordinates": [
          1.9615702967213131,
          41.26394808843375
        ]
      },
      "properties": {
        "date": "2025-02-05"
      }
    },
    {
      "type": "Feature",
      "geometry": {
        "type": "Point",
        "coordinates": [
          1.9615933702185808,
          41.26394808843375
        ]
      },
      "properties": {
        "date": "2025-02-05"
      }
    },
    {
      "type": "Feature",
      "geometry": {
        "type": "Point",
        "coordinates": [
          1.9616164437158485,
          41.26394808843375
        ]
      },
      "properties": {
        "date": "2025-02-05"
      }
    },
    {
      "type": "Feature",
      "geometry": {
        "type": "Point",
        "coordinates": [
          1.9616395172131165,
          41.26394808843375
        ]
      },
      "properties": {
        "date": "2025-02-05"
      }
    },
    {
      "type": "Feature",
      "geometry": {
        "type": "Point",
        "coordinates": [
          1.9616625907103842,
          41.26394808843375
        ]
      },
      "properties": {
        "date": "2025-02-05"
      }
    },
    {
      "type": "Feature",
      "geometry": {
        "type": "Point",
        "coordinates": [
          1.961685664207652,
          41.26394808843375
        ]
      },
      "properties": {
        "date": "2025-02-05"
      }
    },
    {
      "type": "Feature",
      "geometry": {
        "type": "Point",
        "coordinates": [
          1.9617087377049196,
          41.26394808843375
        ]
      },
      "properties": {
        "date": "2025-02-05"
      }
    },
    {
      "type": "Feature",
      "geometry": {
        "type": "Point",
        "coordinates": [
          1.9617318112021873,
          41.26394808843375
        ]
      },
      "properties": {
        "date": "2025-02-05"
      }
    },
    {
      "type": "Feature",
      "geometry": {
        "type": "Point",
        "coordinates": [
          1.9630700740437175,
          41.26394808843375
        ]
      },
      "properties": {
        "date": "2025-02-05"
      }
    },
    {
      "type": "Feature",
      "geometry": {
        "type": "Point",
        "coordinates": [
          1.9630931475409852,
          41.26394808843375
        ]
      },
      "properties": {
        "date": "2025-02-05"
      }
    },
    {
      "type": "Feature",
      "geometry": {
        "type": "Point",
        "coordinates": [
          1.963116221038253,
          41.26394808843375
        ]
      },
      "properties": {
        "date": "2025-02-05"
      }
    },
    {
      "type": "Feature",
      "geometry": {
        "type": "Point",
        "coordinates": [
          1.9631392945355208,
          41.26394808843375
        ]
      },
      "properties": {
        "date": "2025-02-05"
      }
    },
    {
      "type": "Feature",
      "geometry": {
        "type": "Point",
        "coordinates": [
          1.9631623680327885,
          41.26394808843375
        ]
      },
      "properties": {
        "date": "2025-02-05"
      }
    },
    {
      "type": "Feature",
      "geometry": {
        "type": "Point",
        "coordinates": [
          1.9631854415300563,
          41.26394808843375
        ]
      },
      "properties": {
        "date": "2025-02-05"
      }
    },
    {
      "type": "Feature",
      "geometry": {
        "type": "Point",
        "coordinates": [
          1.963208515027324,
          41.26394808843375
        ]
      },
      "properties": {
        "date": "2025-02-05"
      }
    },
    {
      "type": "Feature",
      "geometry": {
        "type": "Point",
        "coordinates": [
          1.9632315885245917,
          41.26394808843375
        ]
      },
      "properties": {
        "date": "2025-02-05"
      }
    },
    {
      "type": "Feature",
      "geometry": {
        "type": "Point",
        "coordinates": [
          1.9632546620218596,
          41.26394808843375
        ]
      },
      "properties": {
        "date": "2025-02-05"
      }
    },
    {
      "type": "Feature",
      "geometry": {
        "type": "Point",
        "coordinates": [
          1.9632777355191273,
          41.26394808843375
        ]
      },
      "properties": {
        "date": "2025-02-05"
      }
    },
    {
      "type": "Feature",
      "geometry": {
        "type": "Point",
        "coordinates": [
          1.963300809016395,
          41.26394808843375
        ]
      },
      "properties": {
        "date": "2025-02-05"
      }
    },
    {
      "type": "Feature",
      "geometry": {
        "type": "Point",
        "coordinates": [
          1.9633238825136627,
          41.26394808843375
        ]
      },
      "properties": {
        "date": "2025-02-05"
      }
    },
    {
      "type": "Feature",
      "geometry": {
        "type": "Point",
        "coordinates": [
          1.9633469560109307,
          41.26394808843375
        ]
      },
      "properties": {
        "date": "2025-02-05"
      }
    },
    {
      "type": "Feature",
      "geometry": {
        "type": "Point",
        "coordinates": [
          1.9633700295081984,
          41.26394808843375
        ]
      },
      "properties": {
        "date": "2025-02-05"
      }
    },
    {
      "type": "Feature",
      "geometry": {
        "type": "Point",
        "coordinates": [
          1.963393103005466,
          41.26394808843375
        ]
      },
      "properties": {
        "date": "2025-02-05"
      }
    },
    {
      "type": "Feature",
      "geometry": {
        "type": "Point",
        "coordinates": [
          1.9634161765027338,
          41.26394808843375
        ]
      },
      "properties": {
        "date": "2025-02-05"
      }
    },
    {
      "type": "Feature",
      "geometry": {
        "type": "Point",
        "coordinates": [
          1.9634392500000015,
          41.26394808843375
        ]
      },
      "properties": {
        "date": "2025-02-05"
      }
    },
    {
      "type": "Feature",
      "geometry": {
        "type": "Point",
        "coordinates": [
          1.9634623234972695,
          41.26394808843375
        ]
      },
      "properties": {
        "date": "2025-02-05"
      }
    },
    {
      "type": "Feature",
      "geometry": {
        "type": "Point",
        "coordinates": [
          1.9634853969945372,
          41.26394808843375
        ]
      },
      "properties": {
        "date": "2025-02-05"
      }
    },
    {
      "type": "Feature",
      "geometry": {
        "type": "Point",
        "coordinates": [
          1.9635084704918049,
          41.26394808843375
        ]
      },
      "properties": {
        "date": "2025-02-05"
      }
    },
    {
      "type": "Feature",
      "geometry": {
        "type": "Point",
        "coordinates": [
          1.9635315439890726,
          41.26394808843375
        ]
      },
      "properties": {
        "date": "2025-02-05"
      }
    },
    {
      "type": "Feature",
      "geometry": {
        "type": "Point",
        "coordinates": [
          1.9635546174863405,
          41.26394808843375
        ]
      },
      "properties": {
        "date": "2025-02-05"
      }
    },
    {
      "type": "Feature",
      "geometry": {
        "type": "Point",
        "coordinates": [
          1.9635776909836082,
          41.26394808843375
        ]
      },
      "properties": {
        "date": "2025-02-05"
      }
    },
    {
      "type": "Feature",
      "geometry": {
        "type": "Point",
        "coordinates": [
          1.963600764480876,
          41.26394808843375
        ]
      },
      "properties": {
        "date": "2025-02-05"
      }
    },
    {
      "type": "Feature",
      "geometry": {
        "type": "Point",
        "coordinates": [
          1.9636238379781437,
          41.26394808843375
        ]
      },
      "properties": {
        "date": "2025-02-05"
      }
    },
    {
      "type": "Feature",
      "geometry": {
        "type": "Point",
        "coordinates": [
          1.9636469114754114,
          41.26394808843375
        ]
      },
      "properties": {
        "date": "2025-02-05"
      }
    },
    {
      "type": "Feature",
      "geometry": {
        "type": "Point",
        "coordinates": [
          1.9636699849726793,
          41.26394808843375
        ]
      },
      "properties": {
        "date": "2025-02-05"
      }
    },
    {
      "type": "Feature",
      "geometry": {
        "type": "Point",
        "coordinates": [
          1.963693058469947,
          41.26394808843375
        ]
      },
      "properties": {
        "date": "2025-02-05"
      }
    },
    {
      "type": "Feature",
      "geometry": {
        "type": "Point",
        "coordinates": [
          1.9637161319672147,
          41.26394808843375
        ]
      },
      "properties": {
        "date": "2025-02-05"
      }
    },
    {
      "type": "Feature",
      "geometry": {
        "type": "Point",
        "coordinates": [
          1.9637392054644824,
          41.26394808843375
        ]
      },
      "properties": {
        "date": "2025-02-05"
      }
    },
    {
      "type": "Feature",
      "geometry": {
        "type": "Point",
        "coordinates": [
          1.9637622789617502,
          41.26394808843375
        ]
      },
      "properties": {
        "date": "2025-02-05"
      }
    },
    {
      "type": "Feature",
      "geometry": {
        "type": "Point",
        "coordinates": [
          1.963785352459018,
          41.26394808843375
        ]
      },
      "properties": {
        "date": "2025-02-05"
      }
    },
    {
      "type": "Feature",
      "geometry": {
        "type": "Point",
        "coordinates": [
          1.9638084259562858,
          41.26394808843375
        ]
      },
      "properties": {
        "date": "2025-02-05"
      }
    },
    {
      "type": "Feature",
      "geometry": {
        "type": "Point",
        "coordinates": [
          1.9638314994535535,
          41.26394808843375
        ]
      },
      "properties": {
        "date": "2025-02-05"
      }
    },
    {
      "type": "Feature",
      "geometry": {
        "type": "Point",
        "coordinates": [
          1.9638545729508212,
          41.26394808843375
        ]
      },
      "properties": {
        "date": "2025-02-05"
      }
    },
    {
      "type": "Feature",
      "geometry": {
        "type": "Point",
        "coordinates": [
          1.9638776464480892,
          41.26394808843375
        ]
      },
      "properties": {
        "date": "2025-02-05"
      }
    },
    {
      "type": "Feature",
      "geometry": {
        "type": "Point",
        "coordinates": [
          1.9639007199453569,
          41.26394808843375
        ]
      },
      "properties": {
        "date": "2025-02-05"
      }
    },
    {
      "type": "Feature",
      "geometry": {
        "type": "Point",
        "coordinates": [
          1.9639237934426246,
          41.26394808843375
        ]
      },
      "properties": {
        "date": "2025-02-05"
      }
    },
    {
      "type": "Feature",
      "geometry": {
        "type": "Point",
        "coordinates": [
          1.9639468669398923,
          41.26394808843375
        ]
      },
      "properties": {
        "date": "2025-02-05"
      }
    },
    {
      "type": "Feature",
      "geometry": {
        "type": "Point",
        "coordinates": [
          1.96396994043716,
          41.26394808843375
        ]
      },
      "properties": {
        "date": "2025-02-05"
      }
    },
    {
      "type": "Feature",
      "geometry": {
        "type": "Point",
        "coordinates": [
          1.963993013934428,
          41.26394808843375
        ]
      },
      "properties": {
        "date": "2025-02-05"
      }
    },
    {
      "type": "Feature",
      "geometry": {
        "type": "Point",
        "coordinates": [
          1.9640160874316956,
          41.26394808843375
        ]
      },
      "properties": {
        "date": "2025-02-05"
      }
    },
    {
      "type": "Feature",
      "geometry": {
        "type": "Point",
        "coordinates": [
          1.9640391609289634,
          41.26394808843375
        ]
      },
      "properties": {
        "date": "2025-02-05"
      }
    },
    {
      "type": "Feature",
      "geometry": {
        "type": "Point",
        "coordinates": [
          1.964062234426231,
          41.26394808843375
        ]
      },
      "properties": {
        "date": "2025-02-05"
      }
    },
    {
      "type": "Feature",
      "geometry": {
        "type": "Point",
        "coordinates": [
          1.9640853079234988,
          41.26394808843375
        ]
      },
      "properties": {
        "date": "2025-02-05"
      }
    },
    {
      "type": "Feature",
      "geometry": {
        "type": "Point",
        "coordinates": [
          1.9641083814207667,
          41.26394808843375
        ]
      },
      "properties": {
        "date": "2025-02-05"
      }
    },
    {
      "type": "Feature",
      "geometry": {
        "type": "Point",
        "coordinates": [
          1.9641314549180344,
          41.26394808843375
        ]
      },
      "properties": {
        "date": "2025-02-05"
      }
    },
    {
      "type": "Feature",
      "geometry": {
        "type": "Point",
        "coordinates": [
          1.9641545284153021,
          41.26394808843375
        ]
      },
      "properties": {
        "date": "2025-02-05"
      }
    },
    {
      "type": "Feature",
      "geometry": {
        "type": "Point",
        "coordinates": [
          1.9641776019125698,
          41.26394808843375
        ]
      },
      "properties": {
        "date": "2025-02-05"
      }
    },
    {
      "type": "Feature",
      "geometry": {
        "type": "Point",
        "coordinates": [
          1.9642006754098378,
          41.26394808843375
        ]
      },
      "properties": {
        "date": "2025-02-05"
      }
    },
    {
      "type": "Feature",
      "geometry": {
        "type": "Point",
        "coordinates": [
          1.9642237489071055,
          41.26394808843375
        ]
      },
      "properties": {
        "date": "2025-02-05"
      }
    },
    {
      "type": "Feature",
      "geometry": {
        "type": "Point",
        "coordinates": [
          1.9643852633879797,
          41.26394808843375
        ]
      },
      "properties": {
        "date": "2025-02-05"
      }
    },
    {
      "type": "Feature",
      "geometry": {
        "type": "Point",
        "coordinates": [
          1.9644083368852474,
          41.26394808843375
        ]
      },
      "properties": {
        "date": "2025-02-05"
      }
    },
    {
      "type": "Feature",
      "geometry": {
        "type": "Point",
        "coordinates": [
          1.9644314103825153,
          41.26394808843375
        ]
      },
      "properties": {
        "date": "2025-02-05"
      }
    },
    {
      "type": "Feature",
      "geometry": {
        "type": "Point",
        "coordinates": [
          1.964454483879783,
          41.26394808843375
        ]
      },
      "properties": {
        "date": "2025-02-05"
      }
    },
    {
      "type": "Feature",
      "geometry": {
        "type": "Point",
        "coordinates": [
          1.9644775573770508,
          41.26394808843375
        ]
      },
      "properties": {
        "date": "2025-02-05"
      }
    },
    {
      "type": "Feature",
      "geometry": {
        "type": "Point",
        "coordinates": [
          1.9645006308743185,
          41.26394808843375
        ]
      },
      "properties": {
        "date": "2025-02-05"
      }
    },
    {
      "type": "Feature",
      "geometry": {
        "type": "Point",
        "coordinates": [
          1.9645237043715864,
          41.26394808843375
        ]
      },
      "properties": {
        "date": "2025-02-05"
      }
    },
    {
      "type": "Feature",
      "geometry": {
        "type": "Point",
        "coordinates": [
          1.9645467778688541,
          41.26394808843375
        ]
      },
      "properties": {
        "date": "2025-02-05"
      }
    },
    {
      "type": "Feature",
      "geometry": {
        "type": "Point",
        "coordinates": [
          1.9645698513661218,
          41.26394808843375
        ]
      },
      "properties": {
        "date": "2025-02-05"
      }
    },
    {
      "type": "Feature",
      "geometry": {
        "type": "Point",
        "coordinates": [
          1.9645929248633895,
          41.26394808843375
        ]
      },
      "properties": {
        "date": "2025-02-05"
      }
    },
    {
      "type": "Feature",
      "geometry": {
        "type": "Point",
        "coordinates": [
          1.9646159983606573,
          41.26394808843375
        ]
      },
      "properties": {
        "date": "2025-02-05"
      }
    },
    {
      "type": "Feature",
      "geometry": {
        "type": "Point",
        "coordinates": [
          1.9646390718579252,
          41.26394808843375
        ]
      },
      "properties": {
        "date": "2025-02-05"
      }
    },
    {
      "type": "Feature",
      "geometry": {
        "type": "Point",
        "coordinates": [
          1.964662145355193,
          41.26394808843375
        ]
      },
      "properties": {
        "date": "2025-02-05"
      }
    },
    {
      "type": "Feature",
      "geometry": {
        "type": "Point",
        "coordinates": [
          1.9646852188524606,
          41.26394808843375
        ]
      },
      "properties": {
        "date": "2025-02-05"
      }
    },
    {
      "type": "Feature",
      "geometry": {
        "type": "Point",
        "coordinates": [
          1.9647082923497283,
          41.26394808843375
        ]
      },
      "properties": {
        "date": "2025-02-05"
      }
    },
    {
      "type": "Feature",
      "geometry": {
        "type": "Point",
        "coordinates": [
          1.964731365846996,
          41.26394808843375
        ]
      },
      "properties": {
        "date": "2025-02-05"
      }
    },
    {
      "type": "Feature",
      "geometry": {
        "type": "Point",
        "coordinates": [
          1.964754439344264,
          41.26394808843375
        ]
      },
      "properties": {
        "date": "2025-02-05"
      }
    },
    {
      "type": "Feature",
      "geometry": {
        "type": "Point",
        "coordinates": [
          1.9647775128415317,
          41.26394808843375
        ]
      },
      "properties": {
        "date": "2025-02-05"
      }
    },
    {
      "type": "Feature",
      "geometry": {
        "type": "Point",
        "coordinates": [
          1.9648005863387994,
          41.26394808843375
        ]
      },
      "properties": {
        "date": "2025-02-05"
      }
    },
    {
      "type": "Feature",
      "geometry": {
        "type": "Point",
        "coordinates": [
          1.964823659836067,
          41.26394808843375
        ]
      },
      "properties": {
        "date": "2025-02-05"
      }
    },
    {
      "type": "Feature",
      "geometry": {
        "type": "Point",
        "coordinates": [
          1.964846733333335,
          41.26394808843375
        ]
      },
      "properties": {
        "date": "2025-02-05"
      }
    },
    {
      "type": "Feature",
      "geometry": {
        "type": "Point",
        "coordinates": [
          1.9648698068306027,
          41.26394808843375
        ]
      },
      "properties": {
        "date": "2025-02-05"
      }
    },
    {
      "type": "Feature",
      "geometry": {
        "type": "Point",
        "coordinates": [
          1.9648928803278705,
          41.26394808843375
        ]
      },
      "properties": {
        "date": "2025-02-05"
      }
    },
    {
      "type": "Feature",
      "geometry": {
        "type": "Point",
        "coordinates": [
          1.9649159538251382,
          41.26394808843375
        ]
      },
      "properties": {
        "date": "2025-02-05"
      }
    },
    {
      "type": "Feature",
      "geometry": {
        "type": "Point",
        "coordinates": [
          1.9649390273224059,
          41.26394808843375
        ]
      },
      "properties": {
        "date": "2025-02-05"
      }
    },
    {
      "type": "Feature",
      "geometry": {
        "type": "Point",
        "coordinates": [
          1.9649621008196738,
          41.26394808843375
        ]
      },
      "properties": {
        "date": "2025-02-05"
      }
    },
    {
      "type": "Feature",
      "geometry": {
        "type": "Point",
        "coordinates": [
          1.9649851743169415,
          41.26394808843375
        ]
      },
      "properties": {
        "date": "2025-02-05"
      }
    },
    {
      "type": "Feature",
      "geometry": {
        "type": "Point",
        "coordinates": [
          1.9650082478142092,
          41.26394808843375
        ]
      },
      "properties": {
        "date": "2025-02-05"
      }
    },
    {
      "type": "Feature",
      "geometry": {
        "type": "Point",
        "coordinates": [
          1.965031321311477,
          41.26394808843375
        ]
      },
      "properties": {
        "date": "2025-02-05"
      }
    },
    {
      "type": "Feature",
      "geometry": {
        "type": "Point",
        "coordinates": [
          1.9650543948087447,
          41.26394808843375
        ]
      },
      "properties": {
        "date": "2025-02-05"
      }
    },
    {
      "type": "Feature",
      "geometry": {
        "type": "Point",
        "coordinates": [
          1.9650774683060126,
          41.26394808843375
        ]
      },
      "properties": {
        "date": "2025-02-05"
      }
    },
    {
      "type": "Feature",
      "geometry": {
        "type": "Point",
        "coordinates": [
          1.9679616554644825,
          41.26394808843375
        ]
      },
      "properties": {
        "date": "2025-02-05"
      }
    },
    {
      "type": "Feature",
      "geometry": {
        "type": "Point",
        "coordinates": [
          1.9679847289617503,
          41.26394808843375
        ]
      },
      "properties": {
        "date": "2025-02-05"
      }
    },
    {
      "type": "Feature",
      "geometry": {
        "type": "Point",
        "coordinates": [
          1.968007802459018,
          41.26394808843375
        ]
      },
      "properties": {
        "date": "2025-02-05"
      }
    },
    {
      "type": "Feature",
      "geometry": {
        "type": "Point",
        "coordinates": [
          1.9680308759562857,
          41.26394808843375
        ]
      },
      "properties": {
        "date": "2025-02-05"
      }
    },
    {
      "type": "Feature",
      "geometry": {
        "type": "Point",
        "coordinates": [
          1.9680539494535536,
          41.26394808843375
        ]
      },
      "properties": {
        "date": "2025-02-05"
      }
    },
    {
      "type": "Feature",
      "geometry": {
        "type": "Point",
        "coordinates": [
          1.9680770229508213,
          41.26394808843375
        ]
      },
      "properties": {
        "date": "2025-02-05"
      }
    },
    {
      "type": "Feature",
      "geometry": {
        "type": "Point",
        "coordinates": [
          1.968100096448089,
          41.26394808843375
        ]
      },
      "properties": {
        "date": "2025-02-05"
      }
    },
    {
      "type": "Feature",
      "geometry": {
        "type": "Point",
        "coordinates": [
          1.9681231699453567,
          41.26394808843375
        ]
      },
      "properties": {
        "date": "2025-02-05"
      }
    },
    {
      "type": "Feature",
      "geometry": {
        "type": "Point",
        "coordinates": [
          1.9681462434426245,
          41.26394808843375
        ]
      },
      "properties": {
        "date": "2025-02-05"
      }
    },
    {
      "type": "Feature",
      "geometry": {
        "type": "Point",
        "coordinates": [
          1.9681693169398924,
          41.26394808843375
        ]
      },
      "properties": {
        "date": "2025-02-05"
      }
    },
    {
      "type": "Feature",
      "geometry": {
        "type": "Point",
        "coordinates": [
          1.96819239043716,
          41.26394808843375
        ]
      },
      "properties": {
        "date": "2025-02-05"
      }
    },
    {
      "type": "Feature",
      "geometry": {
        "type": "Point",
        "coordinates": [
          1.9682154639344278,
          41.26394808843375
        ]
      },
      "properties": {
        "date": "2025-02-05"
      }
    },
    {
      "type": "Feature",
      "geometry": {
        "type": "Point",
        "coordinates": [
          1.9682385374316955,
          41.26394808843375
        ]
      },
      "properties": {
        "date": "2025-02-05"
      }
    },
    {
      "type": "Feature",
      "geometry": {
        "type": "Point",
        "coordinates": [
          1.9682616109289632,
          41.26394808843375
        ]
      },
      "properties": {
        "date": "2025-02-05"
      }
    },
    {
      "type": "Feature",
      "geometry": {
        "type": "Point",
        "coordinates": [
          1.9682846844262312,
          41.26394808843375
        ]
      },
      "properties": {
        "date": "2025-02-05"
      }
    },
    {
      "type": "Feature",
      "geometry": {
        "type": "Point",
        "coordinates": [
          1.9683077579234989,
          41.26394808843375
        ]
      },
      "properties": {
        "date": "2025-02-05"
      }
    },
    {
      "type": "Feature",
      "geometry": {
        "type": "Point",
        "coordinates": [
          1.9683308314207666,
          41.26394808843375
        ]
      },
      "properties": {
        "date": "2025-02-05"
      }
    },
    {
      "type": "Feature",
      "geometry": {
        "type": "Point",
        "coordinates": [
          1.9683539049180343,
          41.26394808843375
        ]
      },
      "properties": {
        "date": "2025-02-05"
      }
    },
    {
      "type": "Feature",
      "geometry": {
        "type": "Point",
        "coordinates": [
          1.9683769784153022,
          41.26394808843375
        ]
      },
      "properties": {
        "date": "2025-02-05"
      }
    },
    {
      "type": "Feature",
      "geometry": {
        "type": "Point",
        "coordinates": [
          1.96840005191257,
          41.26394808843375
        ]
      },
      "properties": {
        "date": "2025-02-05"
      }
    },
    {
      "type": "Feature",
      "geometry": {
        "type": "Point",
        "coordinates": [
          1.9684231254098377,
          41.26394808843375
        ]
      },
      "properties": {
        "date": "2025-02-05"
      }
    },
    {
      "type": "Feature",
      "geometry": {
        "type": "Point",
        "coordinates": [
          1.9684461989071054,
          41.26394808843375
        ]
      },
      "properties": {
        "date": "2025-02-05"
      }
    },
    {
      "type": "Feature",
      "geometry": {
        "type": "Point",
        "coordinates": [
          1.968469272404373,
          41.26394808843375
        ]
      },
      "properties": {
        "date": "2025-02-05"
      }
    },
    {
      "type": "Feature",
      "geometry": {
        "type": "Point",
        "coordinates": [
          1.968492345901641,
          41.26394808843375
        ]
      },
      "properties": {
        "date": "2025-02-05"
      }
    },
    {
      "type": "Feature",
      "geometry": {
        "type": "Point",
        "coordinates": [
          1.9685154193989087,
          41.26394808843375
        ]
      },
      "properties": {
        "date": "2025-02-05"
      }
    },
    {
      "type": "Feature",
      "geometry": {
        "type": "Point",
        "coordinates": [
          1.9685384928961764,
          41.26394808843375
        ]
      },
      "properties": {
        "date": "2025-02-05"
      }
    },
    {
      "type": "Feature",
      "geometry": {
        "type": "Point",
        "coordinates": [
          1.9685615663934442,
          41.26394808843375
        ]
      },
      "properties": {
        "date": "2025-02-05"
      }
    },
    {
      "type": "Feature",
      "geometry": {
        "type": "Point",
        "coordinates": [
          1.9685846398907119,
          41.26394808843375
        ]
      },
      "properties": {
        "date": "2025-02-05"
      }
    },
    {
      "type": "Feature",
      "geometry": {
        "type": "Point",
        "coordinates": [
          1.9686077133879798,
          41.26394808843375
        ]
      },
      "properties": {
        "date": "2025-02-05"
      }
    },
    {
      "type": "Feature",
      "geometry": {
        "type": "Point",
        "coordinates": [
          1.9686307868852475,
          41.26394808843375
        ]
      },
      "properties": {
        "date": "2025-02-05"
      }
    },
    {
      "type": "Feature",
      "geometry": {
        "type": "Point",
        "coordinates": [
          1.9686538603825152,
          41.26394808843375
        ]
      },
      "properties": {
        "date": "2025-02-05"
      }
    },
    {
      "type": "Feature",
      "geometry": {
        "type": "Point",
        "coordinates": [
          1.968676933879783,
          41.26394808843375
        ]
      },
      "properties": {
        "date": "2025-02-05"
      }
    },
    {
      "type": "Feature",
      "geometry": {
        "type": "Point",
        "coordinates": [
          1.9687000073770509,
          41.26394808843375
        ]
      },
      "properties": {
        "date": "2025-02-05"
      }
    },
    {
      "type": "Feature",
      "geometry": {
        "type": "Point",
        "coordinates": [
          1.9687230808743186,
          41.26394808843375
        ]
      },
      "properties": {
        "date": "2025-02-05"
      }
    },
    {
      "type": "Feature",
      "geometry": {
        "type": "Point",
        "coordinates": [
          1.9687461543715863,
          41.26394808843375
        ]
      },
      "properties": {
        "date": "2025-02-05"
      }
    },
    {
      "type": "Feature",
      "geometry": {
        "type": "Point",
        "coordinates": [
          1.968769227868854,
          41.26394808843375
        ]
      },
      "properties": {
        "date": "2025-02-05"
      }
    },
    {
      "type": "Feature",
      "geometry": {
        "type": "Point",
        "coordinates": [
          1.9687923013661217,
          41.26394808843375
        ]
      },
      "properties": {
        "date": "2025-02-05"
      }
    },
    {
      "type": "Feature",
      "geometry": {
        "type": "Point",
        "coordinates": [
          1.9688153748633896,
          41.26394808843375
        ]
      },
      "properties": {
        "date": "2025-02-05"
      }
    },
    {
      "type": "Feature",
      "geometry": {
        "type": "Point",
        "coordinates": [
          1.9688384483606574,
          41.26394808843375
        ]
      },
      "properties": {
        "date": "2025-02-05"
      }
    },
    {
      "type": "Feature",
      "geometry": {
        "type": "Point",
        "coordinates": [
          1.968861521857925,
          41.26394808843375
        ]
      },
      "properties": {
        "date": "2025-02-05"
      }
    },
    {
      "type": "Feature",
      "geometry": {
        "type": "Point",
        "coordinates": [
          1.9688845953551928,
          41.26394808843375
        ]
      },
      "properties": {
        "date": "2025-02-05"
      }
    },
    {
      "type": "Feature",
      "geometry": {
        "type": "Point",
        "coordinates": [
          1.9689076688524607,
          41.26394808843375
        ]
      },
      "properties": {
        "date": "2025-02-05"
      }
    },
    {
      "type": "Feature",
      "geometry": {
        "type": "Point",
        "coordinates": [
          1.9689307423497284,
          41.26394808843375
        ]
      },
      "properties": {
        "date": "2025-02-05"
      }
    },
    {
      "type": "Feature",
      "geometry": {
        "type": "Point",
        "coordinates": [
          1.9689538158469961,
          41.26394808843375
        ]
      },
      "properties": {
        "date": "2025-02-05"
      }
    },
    {
      "type": "Feature",
      "geometry": {
        "type": "Point",
        "coordinates": [
          1.9689768893442638,
          41.26394808843375
        ]
      },
      "properties": {
        "date": "2025-02-05"
      }
    },
    {
      "type": "Feature",
      "geometry": {
        "type": "Point",
        "coordinates": [
          1.9689999628415316,
          41.26394808843375
        ]
      },
      "properties": {
        "date": "2025-02-05"
      }
    },
    {
      "type": "Feature",
      "geometry": {
        "type": "Point",
        "coordinates": [
          1.9771449073770506,
          41.26394808843375
        ]
      },
      "properties": {
        "date": "2025-02-05"
      }
    },
    {
      "type": "Feature",
      "geometry": {
        "type": "Point",
        "coordinates": [
          1.9771679808743186,
          41.26394808843375
        ]
      },
      "properties": {
        "date": "2025-02-05"
      }
    },
    {
      "type": "Feature",
      "geometry": {
        "type": "Point",
        "coordinates": [
          1.9771910543715863,
          41.26394808843375
        ]
      },
      "properties": {
        "date": "2025-02-05"
      }
    },
    {
      "type": "Feature",
      "geometry": {
        "type": "Point",
        "coordinates": [
          1.977214127868854,
          41.26394808843375
        ]
      },
      "properties": {
        "date": "2025-02-05"
      }
    },
    {
      "type": "Feature",
      "geometry": {
        "type": "Point",
        "coordinates": [
          1.9772372013661217,
          41.26394808843375
        ]
      },
      "properties": {
        "date": "2025-02-05"
      }
    },
    {
      "type": "Feature",
      "geometry": {
        "type": "Point",
        "coordinates": [
          1.9772602748633896,
          41.26394808843375
        ]
      },
      "properties": {
        "date": "2025-02-05"
      }
    },
    {
      "type": "Feature",
      "geometry": {
        "type": "Point",
        "coordinates": [
          1.9772833483606573,
          41.26394808843375
        ]
      },
      "properties": {
        "date": "2025-02-05"
      }
    },
    {
      "type": "Feature",
      "geometry": {
        "type": "Point",
        "coordinates": [
          1.977306421857925,
          41.26394808843375
        ]
      },
      "properties": {
        "date": "2025-02-05"
      }
    },
    {
      "type": "Feature",
      "geometry": {
        "type": "Point",
        "coordinates": [
          1.9773294953551928,
          41.26394808843375
        ]
      },
      "properties": {
        "date": "2025-02-05"
      }
    },
    {
      "type": "Feature",
      "geometry": {
        "type": "Point",
        "coordinates": [
          1.9773525688524605,
          41.26394808843375
        ]
      },
      "properties": {
        "date": "2025-02-05"
      }
    },
    {
      "type": "Feature",
      "geometry": {
        "type": "Point",
        "coordinates": [
          1.9773756423497284,
          41.26394808843375
        ]
      },
      "properties": {
        "date": "2025-02-05"
      }
    },
    {
      "type": "Feature",
      "geometry": {
        "type": "Point",
        "coordinates": [
          1.9773987158469961,
          41.26394808843375
        ]
      },
      "properties": {
        "date": "2025-02-05"
      }
    },
    {
      "type": "Feature",
      "geometry": {
        "type": "Point",
        "coordinates": [
          1.9774217893442638,
          41.26394808843375
        ]
      },
      "properties": {
        "date": "2025-02-05"
      }
    },
    {
      "type": "Feature",
      "geometry": {
        "type": "Point",
        "coordinates": [
          1.9774448628415315,
          41.26394808843375
        ]
      },
      "properties": {
        "date": "2025-02-05"
      }
    },
    {
      "type": "Feature",
      "geometry": {
        "type": "Point",
        "coordinates": [
          1.9774679363387992,
          41.26394808843375
        ]
      },
      "properties": {
        "date": "2025-02-05"
      }
    },
    {
      "type": "Feature",
      "geometry": {
        "type": "Point",
        "coordinates": [
          1.9774910098360672,
          41.26394808843375
        ]
      },
      "properties": {
        "date": "2025-02-05"
      }
    },
    {
      "type": "Feature",
      "geometry": {
        "type": "Point",
        "coordinates": [
          1.977514083333335,
          41.26394808843375
        ]
      },
      "properties": {
        "date": "2025-02-05"
      }
    },
    {
      "type": "Feature",
      "geometry": {
        "type": "Point",
        "coordinates": [
          1.9775371568306026,
          41.26394808843375
        ]
      },
      "properties": {
        "date": "2025-02-05"
      }
    },
    {
      "type": "Feature",
      "geometry": {
        "type": "Point",
        "coordinates": [
          1.9775602303278703,
          41.26394808843375
        ]
      },
      "properties": {
        "date": "2025-02-05"
      }
    },
    {
      "type": "Feature",
      "geometry": {
        "type": "Point",
        "coordinates": [
          1.9775833038251383,
          41.26394808843375
        ]
      },
      "properties": {
        "date": "2025-02-05"
      }
    },
    {
      "type": "Feature",
      "geometry": {
        "type": "Point",
        "coordinates": [
          1.977606377322406,
          41.26394808843375
        ]
      },
      "properties": {
        "date": "2025-02-05"
      }
    },
    {
      "type": "Feature",
      "geometry": {
        "type": "Point",
        "coordinates": [
          1.9776294508196737,
          41.26394808843375
        ]
      },
      "properties": {
        "date": "2025-02-05"
      }
    },
    {
      "type": "Feature",
      "geometry": {
        "type": "Point",
        "coordinates": [
          1.9776525243169414,
          41.26394808843375
        ]
      },
      "properties": {
        "date": "2025-02-05"
      }
    },
    {
      "type": "Feature",
      "geometry": {
        "type": "Point",
        "coordinates": [
          1.977675597814209,
          41.26394808843375
        ]
      },
      "properties": {
        "date": "2025-02-05"
      }
    },
    {
      "type": "Feature",
      "geometry": {
        "type": "Point",
        "coordinates": [
          1.977698671311477,
          41.26394808843375
        ]
      },
      "properties": {
        "date": "2025-02-05"
      }
    },
    {
      "type": "Feature",
      "geometry": {
        "type": "Point",
        "coordinates": [
          1.9777217448087447,
          41.26394808843375
        ]
      },
      "properties": {
        "date": "2025-02-05"
      }
    },
    {
      "type": "Feature",
      "geometry": {
        "type": "Point",
        "coordinates": [
          1.9777448183060125,
          41.26394808843375
        ]
      },
      "properties": {
        "date": "2025-02-05"
      }
    },
    {
      "type": "Feature",
      "geometry": {
        "type": "Point",
        "coordinates": [
          1.9777678918032802,
          41.26394808843375
        ]
      },
      "properties": {
        "date": "2025-02-05"
      }
    },
    {
      "type": "Feature",
      "geometry": {
        "type": "Point",
        "coordinates": [
          1.977790965300548,
          41.26394808843375
        ]
      },
      "properties": {
        "date": "2025-02-05"
      }
    },
    {
      "type": "Feature",
      "geometry": {
        "type": "Point",
        "coordinates": [
          1.9778140387978158,
          41.26394808843375
        ]
      },
      "properties": {
        "date": "2025-02-05"
      }
    },
    {
      "type": "Feature",
      "geometry": {
        "type": "Point",
        "coordinates": [
          1.9778371122950835,
          41.26394808843375
        ]
      },
      "properties": {
        "date": "2025-02-05"
      }
    },
    {
      "type": "Feature",
      "geometry": {
        "type": "Point",
        "coordinates": [
          1.9778601857923512,
          41.26394808843375
        ]
      },
      "properties": {
        "date": "2025-02-05"
      }
    },
    {
      "type": "Feature",
      "geometry": {
        "type": "Point",
        "coordinates": [
          1.977883259289619,
          41.26394808843375
        ]
      },
      "properties": {
        "date": "2025-02-05"
      }
    },
    {
      "type": "Feature",
      "geometry": {
        "type": "Point",
        "coordinates": [
          1.9779063327868869,
          41.26394808843375
        ]
      },
      "properties": {
        "date": "2025-02-05"
      }
    },
    {
      "type": "Feature",
      "geometry": {
        "type": "Point",
        "coordinates": [
          1.9779294062841546,
          41.26394808843375
        ]
      },
      "properties": {
        "date": "2025-02-05"
      }
    },
    {
      "type": "Feature",
      "geometry": {
        "type": "Point",
        "coordinates": [
          1.9779524797814223,
          41.26394808843375
        ]
      },
      "properties": {
        "date": "2025-02-05"
      }
    },
    {
      "type": "Feature",
      "geometry": {
        "type": "Point",
        "coordinates": [
          1.97797555327869,
          41.26394808843375
        ]
      },
      "properties": {
        "date": "2025-02-05"
      }
    },
    {
      "type": "Feature",
      "geometry": {
        "type": "Point",
        "coordinates": [
          1.9779986267759577,
          41.26394808843375
        ]
      },
      "properties": {
        "date": "2025-02-05"
      }
    },
    {
      "type": "Feature",
      "geometry": {
        "type": "Point",
        "coordinates": [
          1.9780217002732257,
          41.26394808843375
        ]
      },
      "properties": {
        "date": "2025-02-05"
      }
    },
    {
      "type": "Feature",
      "geometry": {
        "type": "Point",
        "coordinates": [
          1.9780447737704934,
          41.26394808843375
        ]
      },
      "properties": {
        "date": "2025-02-05"
      }
    },
    {
      "type": "Feature",
      "geometry": {
        "type": "Point",
        "coordinates": [
          1.978067847267761,
          41.26394808843375
        ]
      },
      "properties": {
        "date": "2025-02-05"
      }
    },
    {
      "type": "Feature",
      "geometry": {
        "type": "Point",
        "coordinates": [
          1.9780909207650288,
          41.26394808843375
        ]
      },
      "properties": {
        "date": "2025-02-05"
      }
    },
    {
      "type": "Feature",
      "geometry": {
        "type": "Point",
        "coordinates": [
          1.9785754642076518,
          41.26394808843375
        ]
      },
      "properties": {
        "date": "2025-02-05"
      }
    },
    {
      "type": "Feature",
      "geometry": {
        "type": "Point",
        "coordinates": [
          1.9785985377049196,
          41.26394808843375
        ]
      },
      "properties": {
        "date": "2025-02-05"
      }
    },
    {
      "type": "Feature",
      "geometry": {
        "type": "Point",
        "coordinates": [
          1.9786216112021873,
          41.26394808843375
        ]
      },
      "properties": {
        "date": "2025-02-05"
      }
    },
    {
      "type": "Feature",
      "geometry": {
        "type": "Point",
        "coordinates": [
          1.978644684699455,
          41.26394808843375
        ]
      },
      "properties": {
        "date": "2025-02-05"
      }
    },
    {
      "type": "Feature",
      "geometry": {
        "type": "Point",
        "coordinates": [
          1.978667758196723,
          41.26394808843375
        ]
      },
      "properties": {
        "date": "2025-02-05"
      }
    },
    {
      "type": "Feature",
      "geometry": {
        "type": "Point",
        "coordinates": [
          1.9786908316939906,
          41.26394808843375
        ]
      },
      "properties": {
        "date": "2025-02-05"
      }
    },
    {
      "type": "Feature",
      "geometry": {
        "type": "Point",
        "coordinates": [
          1.9787139051912583,
          41.26394808843375
        ]
      },
      "properties": {
        "date": "2025-02-05"
      }
    },
    {
      "type": "Feature",
      "geometry": {
        "type": "Point",
        "coordinates": [
          1.978736978688526,
          41.26394808843375
        ]
      },
      "properties": {
        "date": "2025-02-05"
      }
    },
    {
      "type": "Feature",
      "geometry": {
        "type": "Point",
        "coordinates": [
          1.978760052185794,
          41.26394808843375
        ]
      },
      "properties": {
        "date": "2025-02-05"
      }
    },
    {
      "type": "Feature",
      "geometry": {
        "type": "Point",
        "coordinates": [
          1.9787831256830617,
          41.26394808843375
        ]
      },
      "properties": {
        "date": "2025-02-05"
      }
    },
    {
      "type": "Feature",
      "geometry": {
        "type": "Point",
        "coordinates": [
          1.9788061991803294,
          41.26394808843375
        ]
      },
      "properties": {
        "date": "2025-02-05"
      }
    },
    {
      "type": "Feature",
      "geometry": {
        "type": "Point",
        "coordinates": [
          1.9791753751366135,
          41.26394808843375
        ]
      },
      "properties": {
        "date": "2025-02-05"
      }
    },
    {
      "type": "Feature",
      "geometry": {
        "type": "Point",
        "coordinates": [
          1.9791984486338814,
          41.26394808843375
        ]
      },
      "properties": {
        "date": "2025-02-05"
      }
    },
    {
      "type": "Feature",
      "geometry": {
        "type": "Point",
        "coordinates": [
          1.979221522131149,
          41.26394808843375
        ]
      },
      "properties": {
        "date": "2025-02-05"
      }
    },
    {
      "type": "Feature",
      "geometry": {
        "type": "Point",
        "coordinates": [
          1.9792445956284168,
          41.26394808843375
        ]
      },
      "properties": {
        "date": "2025-02-05"
      }
    },
    {
      "type": "Feature",
      "geometry": {
        "type": "Point",
        "coordinates": [
          1.9792676691256845,
          41.26394808843375
        ]
      },
      "properties": {
        "date": "2025-02-05"
      }
    },
    {
      "type": "Feature",
      "geometry": {
        "type": "Point",
        "coordinates": [
          1.9796599185792365,
          41.26394808843375
        ]
      },
      "properties": {
        "date": "2025-02-05"
      }
    },
    {
      "type": "Feature",
      "geometry": {
        "type": "Point",
        "coordinates": [
          1.9796829920765042,
          41.26394808843375
        ]
      },
      "properties": {
        "date": "2025-02-05"
      }
    },
    {
      "type": "Feature",
      "geometry": {
        "type": "Point",
        "coordinates": [
          1.979706065573772,
          41.26394808843375
        ]
      },
      "properties": {
        "date": "2025-02-05"
      }
    },
    {
      "type": "Feature",
      "geometry": {
        "type": "Point",
        "coordinates": [
          1.9797291390710399,
          41.26394808843375
        ]
      },
      "properties": {
        "date": "2025-02-05"
      }
    },
    {
      "type": "Feature",
      "geometry": {
        "type": "Point",
        "coordinates": [
          1.9797522125683076,
          41.26394808843375
        ]
      },
      "properties": {
        "date": "2025-02-05"
      }
    },
    {
      "type": "Feature",
      "geometry": {
        "type": "Point",
        "coordinates": [
          1.9797752860655753,
          41.26394808843375
        ]
      },
      "properties": {
        "date": "2025-02-05"
      }
    },
    {
      "type": "Feature",
      "geometry": {
        "type": "Point",
        "coordinates": [
          1.979798359562843,
          41.26394808843375
        ]
      },
      "properties": {
        "date": "2025-02-05"
      }
    },
    {
      "type": "Feature",
      "geometry": {
        "type": "Point",
        "coordinates": [
          1.9798214330601107,
          41.26394808843375
        ]
      },
      "properties": {
        "date": "2025-02-05"
      }
    },
    {
      "type": "Feature",
      "geometry": {
        "type": "Point",
        "coordinates": [
          1.9798445065573786,
          41.26394808843375
        ]
      },
      "properties": {
        "date": "2025-02-05"
      }
    },
    {
      "type": "Feature",
      "geometry": {
        "type": "Point",
        "coordinates": [
          1.9798675800546464,
          41.26394808843375
        ]
      },
      "properties": {
        "date": "2025-02-05"
      }
    },
    {
      "type": "Feature",
      "geometry": {
        "type": "Point",
        "coordinates": [
          1.979890653551914,
          41.26394808843375
        ]
      },
      "properties": {
        "date": "2025-02-05"
      }
    },
    {
      "type": "Feature",
      "geometry": {
        "type": "Point",
        "coordinates": [
          1.9799137270491818,
          41.26394808843375
        ]
      },
      "properties": {
        "date": "2025-02-05"
      }
    },
    {
      "type": "Feature",
      "geometry": {
        "type": "Point",
        "coordinates": [
          1.9799368005464497,
          41.26394808843375
        ]
      },
      "properties": {
        "date": "2025-02-05"
      }
    },
    {
      "type": "Feature",
      "geometry": {
        "type": "Point",
        "coordinates": [
          1.9799598740437174,
          41.26394808843375
        ]
      },
      "properties": {
        "date": "2025-02-05"
      }
    },
    {
      "type": "Feature",
      "geometry": {
        "type": "Point",
        "coordinates": [
          1.9799829475409851,
          41.26394808843375
        ]
      },
      "properties": {
        "date": "2025-02-05"
      }
    },
    {
      "type": "Feature",
      "geometry": {
        "type": "Point",
        "coordinates": [
          1.9803751969945371,
          41.26394808843375
        ]
      },
      "properties": {
        "date": "2025-02-05"
      }
    },
    {
      "type": "Feature",
      "geometry": {
        "type": "Point",
        "coordinates": [
          1.9803982704918048,
          41.26394808843375
        ]
      },
      "properties": {
        "date": "2025-02-05"
      }
    },
    {
      "type": "Feature",
      "geometry": {
        "type": "Point",
        "coordinates": [
          1.9804213439890725,
          41.26394808843375
        ]
      },
      "properties": {
        "date": "2025-02-05"
      }
    },
    {
      "type": "Feature",
      "geometry": {
        "type": "Point",
        "coordinates": [
          1.9804444174863403,
          41.26394808843375
        ]
      },
      "properties": {
        "date": "2025-02-05"
      }
    },
    {
      "type": "Feature",
      "geometry": {
        "type": "Point",
        "coordinates": [
          1.980467490983608,
          41.26394808843375
        ]
      },
      "properties": {
        "date": "2025-02-05"
      }
    },
    {
      "type": "Feature",
      "geometry": {
        "type": "Point",
        "coordinates": [
          1.980490564480876,
          41.26394808843375
        ]
      },
      "properties": {
        "date": "2025-02-05"
      }
    },
    {
      "type": "Feature",
      "geometry": {
        "type": "Point",
        "coordinates": [
          1.9805136379781436,
          41.26394808843375
        ]
      },
      "properties": {
        "date": "2025-02-05"
      }
    },
    {
      "type": "Feature",
      "geometry": {
        "type": "Point",
        "coordinates": [
          1.9805367114754113,
          41.26394808843375
        ]
      },
      "properties": {
        "date": "2025-02-05"
      }
    },
    {
      "type": "Feature",
      "geometry": {
        "type": "Point",
        "coordinates": [
          1.980559784972679,
          41.26394808843375
        ]
      },
      "properties": {
        "date": "2025-02-05"
      }
    },
    {
      "type": "Feature",
      "geometry": {
        "type": "Point",
        "coordinates": [
          1.980582858469947,
          41.26394808843375
        ]
      },
      "properties": {
        "date": "2025-02-05"
      }
    },
    {
      "type": "Feature",
      "geometry": {
        "type": "Point",
        "coordinates": [
          1.9806059319672147,
          41.26394808843375
        ]
      },
      "properties": {
        "date": "2025-02-05"
      }
    },
    {
      "type": "Feature",
      "geometry": {
        "type": "Point",
        "coordinates": [
          1.9806290054644824,
          41.26394808843375
        ]
      },
      "properties": {
        "date": "2025-02-05"
      }
    },
    {
      "type": "Feature",
      "geometry": {
        "type": "Point",
        "coordinates": [
          1.98065207896175,
          41.26394808843375
        ]
      },
      "properties": {
        "date": "2025-02-05"
      }
    },
    {
      "type": "Feature",
      "geometry": {
        "type": "Point",
        "coordinates": [
          1.9806751524590178,
          41.26394808843375
        ]
      },
      "properties": {
        "date": "2025-02-05"
      }
    },
    {
      "type": "Feature",
      "geometry": {
        "type": "Point",
        "coordinates": [
          1.9806982259562858,
          41.26394808843375
        ]
      },
      "properties": {
        "date": "2025-02-05"
      }
    },
    {
      "type": "Feature",
      "geometry": {
        "type": "Point",
        "coordinates": [
          1.9807212994535535,
          41.26394808843375
        ]
      },
      "properties": {
        "date": "2025-02-05"
      }
    },
    {
      "type": "Feature",
      "geometry": {
        "type": "Point",
        "coordinates": [
          1.9807443729508212,
          41.26394808843375
        ]
      },
      "properties": {
        "date": "2025-02-05"
      }
    },
    {
      "type": "Feature",
      "geometry": {
        "type": "Point",
        "coordinates": [
          1.9807674464480889,
          41.26394808843375
        ]
      },
      "properties": {
        "date": "2025-02-05"
      }
    },
    {
      "type": "Feature",
      "geometry": {
        "type": "Point",
        "coordinates": [
          1.9807905199453568,
          41.26394808843375
        ]
      },
      "properties": {
        "date": "2025-02-05"
      }
    },
    {
      "type": "Feature",
      "geometry": {
        "type": "Point",
        "coordinates": [
          1.9808135934426245,
          41.26394808843375
        ]
      },
      "properties": {
        "date": "2025-02-05"
      }
    },
    {
      "type": "Feature",
      "geometry": {
        "type": "Point",
        "coordinates": [
          1.9808366669398922,
          41.26394808843375
        ]
      },
      "properties": {
        "date": "2025-02-05"
      }
    },
    {
      "type": "Feature",
      "geometry": {
        "type": "Point",
        "coordinates": [
          1.98085974043716,
          41.26394808843375
        ]
      },
      "properties": {
        "date": "2025-02-05"
      }
    },
    {
      "type": "Feature",
      "geometry": {
        "type": "Point",
        "coordinates": [
          1.9808828139344277,
          41.26394808843375
        ]
      },
      "properties": {
        "date": "2025-02-05"
      }
    },
    {
      "type": "Feature",
      "geometry": {
        "type": "Point",
        "coordinates": [
          1.9809058874316956,
          41.26394808843375
        ]
      },
      "properties": {
        "date": "2025-02-05"
      }
    },
    {
      "type": "Feature",
      "geometry": {
        "type": "Point",
        "coordinates": [
          1.9809289609289633,
          41.26394808843375
        ]
      },
      "properties": {
        "date": "2025-02-05"
      }
    },
    {
      "type": "Feature",
      "geometry": {
        "type": "Point",
        "coordinates": [
          1.980952034426231,
          41.26394808843375
        ]
      },
      "properties": {
        "date": "2025-02-05"
      }
    },
    {
      "type": "Feature",
      "geometry": {
        "type": "Point",
        "coordinates": [
          1.9809751079234987,
          41.26394808843375
        ]
      },
      "properties": {
        "date": "2025-02-05"
      }
    },
    {
      "type": "Feature",
      "geometry": {
        "type": "Point",
        "coordinates": [
          1.9809981814207664,
          41.26394808843375
        ]
      },
      "properties": {
        "date": "2025-02-05"
      }
    },
    {
      "type": "Feature",
      "geometry": {
        "type": "Point",
        "coordinates": [
          1.9810212549180344,
          41.26394808843375
        ]
      },
      "properties": {
        "date": "2025-02-05"
      }
    },
    {
      "type": "Feature",
      "geometry": {
        "type": "Point",
        "coordinates": [
          1.981044328415302,
          41.26394808843375
        ]
      },
      "properties": {
        "date": "2025-02-05"
      }
    },
    {
      "type": "Feature",
      "geometry": {
        "type": "Point",
        "coordinates": [
          1.9810674019125698,
          41.26394808843375
        ]
      },
      "properties": {
        "date": "2025-02-05"
      }
    },
    {
      "type": "Feature",
      "geometry": {
        "type": "Point",
        "coordinates": [
          1.9810904754098375,
          41.26394808843375
        ]
      },
      "properties": {
        "date": "2025-02-05"
      }
    },
    {
      "type": "Feature",
      "geometry": {
        "type": "Point",
        "coordinates": [
          1.9811135489071054,
          41.26394808843375
        ]
      },
      "properties": {
        "date": "2025-02-05"
      }
    },
    {
      "type": "Feature",
      "geometry": {
        "type": "Point",
        "coordinates": [
          1.9811366224043732,
          41.26394808843375
        ]
      },
      "properties": {
        "date": "2025-02-05"
      }
    },
    {
      "type": "Feature",
      "geometry": {
        "type": "Point",
        "coordinates": [
          1.9811596959016409,
          41.26394808843375
        ]
      },
      "properties": {
        "date": "2025-02-05"
      }
    },
    {
      "type": "Feature",
      "geometry": {
        "type": "Point",
        "coordinates": [
          1.9811827693989086,
          41.26394808843375
        ]
      },
      "properties": {
        "date": "2025-02-05"
      }
    },
    {
      "type": "Feature",
      "geometry": {
        "type": "Point",
        "coordinates": [
          1.9812058428961763,
          41.26394808843375
        ]
      },
      "properties": {
        "date": "2025-02-05"
      }
    },
    {
      "type": "Feature",
      "geometry": {
        "type": "Point",
        "coordinates": [
          1.9812289163934442,
          41.26394808843375
        ]
      },
      "properties": {
        "date": "2025-02-05"
      }
    },
    {
      "type": "Feature",
      "geometry": {
        "type": "Point",
        "coordinates": [
          1.981251989890712,
          41.26394808843375
        ]
      },
      "properties": {
        "date": "2025-02-05"
      }
    },
    {
      "type": "Feature",
      "geometry": {
        "type": "Point",
        "coordinates": [
          1.9812750633879797,
          41.26394808843375
        ]
      },
      "properties": {
        "date": "2025-02-05"
      }
    },
    {
      "type": "Feature",
      "geometry": {
        "type": "Point",
        "coordinates": [
          1.9812981368852474,
          41.26394808843375
        ]
      },
      "properties": {
        "date": "2025-02-05"
      }
    },
    {
      "type": "Feature",
      "geometry": {
        "type": "Point",
        "coordinates": [
          1.981321210382515,
          41.26394808843375
        ]
      },
      "properties": {
        "date": "2025-02-05"
      }
    },
    {
      "type": "Feature",
      "geometry": {
        "type": "Point",
        "coordinates": [
          1.981344283879783,
          41.26394808843375
        ]
      },
      "properties": {
        "date": "2025-02-05"
      }
    },
    {
      "type": "Feature",
      "geometry": {
        "type": "Point",
        "coordinates": [
          1.9813673573770507,
          41.26394808843375
        ]
      },
      "properties": {
        "date": "2025-02-05"
      }
    },
    {
      "type": "Feature",
      "geometry": {
        "type": "Point",
        "coordinates": [
          1.9813904308743184,
          41.26394808843375
        ]
      },
      "properties": {
        "date": "2025-02-05"
      }
    },
    {
      "type": "Feature",
      "geometry": {
        "type": "Point",
        "coordinates": [
          1.9814135043715861,
          41.26394808843375
        ]
      },
      "properties": {
        "date": "2025-02-05"
      }
    },
    {
      "type": "Feature",
      "geometry": {
        "type": "Point",
        "coordinates": [
          1.981436577868854,
          41.26394808843375
        ]
      },
      "properties": {
        "date": "2025-02-05"
      }
    },
    {
      "type": "Feature",
      "geometry": {
        "type": "Point",
        "coordinates": [
          1.9814596513661218,
          41.26394808843375
        ]
      },
      "properties": {
        "date": "2025-02-05"
      }
    },
    {
      "type": "Feature",
      "geometry": {
        "type": "Point",
        "coordinates": [
          1.9814827248633895,
          41.26394808843375
        ]
      },
      "properties": {
        "date": "2025-02-05"
      }
    },
    {
      "type": "Feature",
      "geometry": {
        "type": "Point",
        "coordinates": [
          1.9815057983606572,
          41.26394808843375
        ]
      },
      "properties": {
        "date": "2025-02-05"
      }
    },
    {
      "type": "Feature",
      "geometry": {
        "type": "Point",
        "coordinates": [
          1.981528871857925,
          41.26394808843375
        ]
      },
      "properties": {
        "date": "2025-02-05"
      }
    },
    {
      "type": "Feature",
      "geometry": {
        "type": "Point",
        "coordinates": [
          1.9815519453551929,
          41.26394808843375
        ]
      },
      "properties": {
        "date": "2025-02-05"
      }
    },
    {
      "type": "Feature",
      "geometry": {
        "type": "Point",
        "coordinates": [
          1.9815750188524606,
          41.26394808843375
        ]
      },
      "properties": {
        "date": "2025-02-05"
      }
    },
    {
      "type": "Feature",
      "geometry": {
        "type": "Point",
        "coordinates": [
          1.9815980923497283,
          41.26394808843375
        ]
      },
      "properties": {
        "date": "2025-02-05"
      }
    },
    {
      "type": "Feature",
      "geometry": {
        "type": "Point",
        "coordinates": [
          1.981621165846996,
          41.26394808843375
        ]
      },
      "properties": {
        "date": "2025-02-05"
      }
    },
    {
      "type": "Feature",
      "geometry": {
        "type": "Point",
        "coordinates": [
          1.9816442393442637,
          41.26394808843375
        ]
      },
      "properties": {
        "date": "2025-02-05"
      }
    },
    {
      "type": "Feature",
      "geometry": {
        "type": "Point",
        "coordinates": [
          1.9816673128415316,
          41.26394808843375
        ]
      },
      "properties": {
        "date": "2025-02-05"
      }
    },
    {
      "type": "Feature",
      "geometry": {
        "type": "Point",
        "coordinates": [
          1.9816903863387993,
          41.26394808843375
        ]
      },
      "properties": {
        "date": "2025-02-05"
      }
    },
    {
      "type": "Feature",
      "geometry": {
        "type": "Point",
        "coordinates": [
          1.981713459836067,
          41.26394808843375
        ]
      },
      "properties": {
        "date": "2025-02-05"
      }
    },
    {
      "type": "Feature",
      "geometry": {
        "type": "Point",
        "coordinates": [
          1.9817365333333348,
          41.26394808843375
        ]
      },
      "properties": {
        "date": "2025-02-05"
      }
    },
    {
      "type": "Feature",
      "geometry": {
        "type": "Point",
        "coordinates": [
          1.9817596068306027,
          41.26394808843375
        ]
      },
      "properties": {
        "date": "2025-02-05"
      }
    },
    {
      "type": "Feature",
      "geometry": {
        "type": "Point",
        "coordinates": [
          1.9817826803278704,
          41.26394808843375
        ]
      },
      "properties": {
        "date": "2025-02-05"
      }
    },
    {
      "type": "Feature",
      "geometry": {
        "type": "Point",
        "coordinates": [
          1.9818057538251381,
          41.26394808843375
        ]
      },
      "properties": {
        "date": "2025-02-05"
      }
    },
    {
      "type": "Feature",
      "geometry": {
        "type": "Point",
        "coordinates": [
          1.9818288273224058,
          41.26394808843375
        ]
      },
      "properties": {
        "date": "2025-02-05"
      }
    },
    {
      "type": "Feature",
      "geometry": {
        "type": "Point",
        "coordinates": [
          1.9818519008196736,
          41.26394808843375
        ]
      },
      "properties": {
        "date": "2025-02-05"
      }
    },
    {
      "type": "Feature",
      "geometry": {
        "type": "Point",
        "coordinates": [
          1.9818749743169415,
          41.26394808843375
        ]
      },
      "properties": {
        "date": "2025-02-05"
      }
    },
    {
      "type": "Feature",
      "geometry": {
        "type": "Point",
        "coordinates": [
          1.9818980478142092,
          41.26394808843375
        ]
      },
      "properties": {
        "date": "2025-02-05"
      }
    },
    {
      "type": "Feature",
      "geometry": {
        "type": "Point",
        "coordinates": [
          1.981921121311477,
          41.26394808843375
        ]
      },
      "properties": {
        "date": "2025-02-05"
      }
    },
    {
      "type": "Feature",
      "geometry": {
        "type": "Point",
        "coordinates": [
          1.9819441948087446,
          41.26394808843375
        ]
      },
      "properties": {
        "date": "2025-02-05"
      }
    },
    {
      "type": "Feature",
      "geometry": {
        "type": "Point",
        "coordinates": [
          1.9819672683060126,
          41.26394808843375
        ]
      },
      "properties": {
        "date": "2025-02-05"
      }
    },
    {
      "type": "Feature",
      "geometry": {
        "type": "Point",
        "coordinates": [
          1.9819903418032803,
          41.26394808843375
        ]
      },
      "properties": {
        "date": "2025-02-05"
      }
    },
    {
      "type": "Feature",
      "geometry": {
        "type": "Point",
        "coordinates": [
          1.982013415300548,
          41.26394808843375
        ]
      },
      "properties": {
        "date": "2025-02-05"
      }
    },
    {
      "type": "Feature",
      "geometry": {
        "type": "Point",
        "coordinates": [
          1.982867134699455,
          41.26394808843375
        ]
      },
      "properties": {
        "date": "2025-02-05"
      }
    },
    {
      "type": "Feature",
      "geometry": {
        "type": "Point",
        "coordinates": [
          1.9828902081967228,
          41.26394808843375
        ]
      },
      "properties": {
        "date": "2025-02-05"
      }
    },
    {
      "type": "Feature",
      "geometry": {
        "type": "Point",
        "coordinates": [
          1.9829132816939905,
          41.26394808843375
        ]
      },
      "properties": {
        "date": "2025-02-05"
      }
    },
    {
      "type": "Feature",
      "geometry": {
        "type": "Point",
        "coordinates": [
          1.9829363551912584,
          41.26394808843375
        ]
      },
      "properties": {
        "date": "2025-02-05"
      }
    },
    {
      "type": "Feature",
      "geometry": {
        "type": "Point",
        "coordinates": [
          1.9829594286885261,
          41.26394808843375
        ]
      },
      "properties": {
        "date": "2025-02-05"
      }
    },
    {
      "type": "Feature",
      "geometry": {
        "type": "Point",
        "coordinates": [
          1.9829825021857939,
          41.26394808843375
        ]
      },
      "properties": {
        "date": "2025-02-05"
      }
    },
    {
      "type": "Feature",
      "geometry": {
        "type": "Point",
        "coordinates": [
          1.9830055756830616,
          41.26394808843375
        ]
      },
      "properties": {
        "date": "2025-02-05"
      }
    },
    {
      "type": "Feature",
      "geometry": {
        "type": "Point",
        "coordinates": [
          1.9830286491803293,
          41.26394808843375
        ]
      },
      "properties": {
        "date": "2025-02-05"
      }
    },
    {
      "type": "Feature",
      "geometry": {
        "type": "Point",
        "coordinates": [
          1.9830517226775972,
          41.26394808843375
        ]
      },
      "properties": {
        "date": "2025-02-05"
      }
    },
    {
      "type": "Feature",
      "geometry": {
        "type": "Point",
        "coordinates": [
          1.983074796174865,
          41.26394808843375
        ]
      },
      "properties": {
        "date": "2025-02-05"
      }
    },
    {
      "type": "Feature",
      "geometry": {
        "type": "Point",
        "coordinates": [
          1.9830978696721326,
          41.26394808843375
        ]
      },
      "properties": {
        "date": "2025-02-05"
      }
    },
    {
      "type": "Feature",
      "geometry": {
        "type": "Point",
        "coordinates": [
          1.9831209431694004,
          41.26394808843375
        ]
      },
      "properties": {
        "date": "2025-02-05"
      }
    },
    {
      "type": "Feature",
      "geometry": {
        "type": "Point",
        "coordinates": [
          1.9831440166666683,
          41.26394808843375
        ]
      },
      "properties": {
        "date": "2025-02-05"
      }
    },
    {
      "type": "Feature",
      "geometry": {
        "type": "Point",
        "coordinates": [
          1.983167090163936,
          41.26394808843375
        ]
      },
      "properties": {
        "date": "2025-02-05"
      }
    },
    {
      "type": "Feature",
      "geometry": {
        "type": "Point",
        "coordinates": [
          1.9831901636612037,
          41.26394808843375
        ]
      },
      "properties": {
        "date": "2025-02-05"
      }
    },
    {
      "type": "Feature",
      "geometry": {
        "type": "Point",
        "coordinates": [
          1.9832132371584714,
          41.26394808843375
        ]
      },
      "properties": {
        "date": "2025-02-05"
      }
    },
    {
      "type": "Feature",
      "geometry": {
        "type": "Point",
        "coordinates": [
          1.9832363106557391,
          41.26394808843375
        ]
      },
      "properties": {
        "date": "2025-02-05"
      }
    },
    {
      "type": "Feature",
      "geometry": {
        "type": "Point",
        "coordinates": [
          1.983259384153007,
          41.26394808843375
        ]
      },
      "properties": {
        "date": "2025-02-05"
      }
    },
    {
      "type": "Feature",
      "geometry": {
        "type": "Point",
        "coordinates": [
          1.9832824576502748,
          41.26394808843375
        ]
      },
      "properties": {
        "date": "2025-02-05"
      }
    },
    {
      "type": "Feature",
      "geometry": {
        "type": "Point",
        "coordinates": [
          1.9833055311475425,
          41.26394808843375
        ]
      },
      "properties": {
        "date": "2025-02-05"
      }
    },
    {
      "type": "Feature",
      "geometry": {
        "type": "Point",
        "coordinates": [
          1.9833286046448102,
          41.26394808843375
        ]
      },
      "properties": {
        "date": "2025-02-05"
      }
    },
    {
      "type": "Feature",
      "geometry": {
        "type": "Point",
        "coordinates": [
          1.983351678142078,
          41.26394808843375
        ]
      },
      "properties": {
        "date": "2025-02-05"
      }
    },
    {
      "type": "Feature",
      "geometry": {
        "type": "Point",
        "coordinates": [
          1.9833747516393458,
          41.26394808843375
        ]
      },
      "properties": {
        "date": "2025-02-05"
      }
    },
    {
      "type": "Feature",
      "geometry": {
        "type": "Point",
        "coordinates": [
          1.9833978251366136,
          41.26394808843375
        ]
      },
      "properties": {
        "date": "2025-02-05"
      }
    },
    {
      "type": "Feature",
      "geometry": {
        "type": "Point",
        "coordinates": [
          1.9834208986338813,
          41.26394808843375
        ]
      },
      "properties": {
        "date": "2025-02-05"
      }
    },
    {
      "type": "Feature",
      "geometry": {
        "type": "Point",
        "coordinates": [
          1.983443972131149,
          41.26394808843375
        ]
      },
      "properties": {
        "date": "2025-02-05"
      }
    },
    {
      "type": "Feature",
      "geometry": {
        "type": "Point",
        "coordinates": [
          1.983467045628417,
          41.26394808843375
        ]
      },
      "properties": {
        "date": "2025-02-05"
      }
    },
    {
      "type": "Feature",
      "geometry": {
        "type": "Point",
        "coordinates": [
          1.9834901191256846,
          41.26394808843375
        ]
      },
      "properties": {
        "date": "2025-02-05"
      }
    },
    {
      "type": "Feature",
      "geometry": {
        "type": "Point",
        "coordinates": [
          1.9835131926229523,
          41.26394808843375
        ]
      },
      "properties": {
        "date": "2025-02-05"
      }
    },
    {
      "type": "Feature",
      "geometry": {
        "type": "Point",
        "coordinates": [
          1.98353626612022,
          41.26394808843375
        ]
      },
      "properties": {
        "date": "2025-02-05"
      }
    },
    {
      "type": "Feature",
      "geometry": {
        "type": "Point",
        "coordinates": [
          1.9835593396174878,
          41.26394808843375
        ]
      },
      "properties": {
        "date": "2025-02-05"
      }
    },
    {
      "type": "Feature",
      "geometry": {
        "type": "Point",
        "coordinates": [
          1.9835824131147557,
          41.26394808843375
        ]
      },
      "properties": {
        "date": "2025-02-05"
      }
    },
    {
      "type": "Feature",
      "geometry": {
        "type": "Point",
        "coordinates": [
          1.9836054866120234,
          41.26394808843375
        ]
      },
      "properties": {
        "date": "2025-02-05"
      }
    },
    {
      "type": "Feature",
      "geometry": {
        "type": "Point",
        "coordinates": [
          1.9836285601092911,
          41.26394808843375
        ]
      },
      "properties": {
        "date": "2025-02-05"
      }
    },
    {
      "type": "Feature",
      "geometry": {
        "type": "Point",
        "coordinates": [
          1.9836516336065588,
          41.26394808843375
        ]
      },
      "properties": {
        "date": "2025-02-05"
      }
    },
    {
      "type": "Feature",
      "geometry": {
        "type": "Point",
        "coordinates": [
          1.9836747071038265,
          41.26394808843375
        ]
      },
      "properties": {
        "date": "2025-02-05"
      }
    },
    {
      "type": "Feature",
      "geometry": {
        "type": "Point",
        "coordinates": [
          1.9836977806010945,
          41.26394808843375
        ]
      },
      "properties": {
        "date": "2025-02-05"
      }
    },
    {
      "type": "Feature",
      "geometry": {
        "type": "Point",
        "coordinates": [
          1.9837208540983622,
          41.26394808843375
        ]
      },
      "properties": {
        "date": "2025-02-05"
      }
    },
    {
      "type": "Feature",
      "geometry": {
        "type": "Point",
        "coordinates": [
          1.98374392759563,
          41.26394808843375
        ]
      },
      "properties": {
        "date": "2025-02-05"
      }
    },
    {
      "type": "Feature",
      "geometry": {
        "type": "Point",
        "coordinates": [
          1.9837670010928976,
          41.26394808843375
        ]
      },
      "properties": {
        "date": "2025-02-05"
      }
    },
    {
      "type": "Feature",
      "geometry": {
        "type": "Point",
        "coordinates": [
          1.9837900745901655,
          41.26394808843375
        ]
      },
      "properties": {
        "date": "2025-02-05"
      }
    },
    {
      "type": "Feature",
      "geometry": {
        "type": "Point",
        "coordinates": [
          1.9838131480874333,
          41.26394808843375
        ]
      },
      "properties": {
        "date": "2025-02-05"
      }
    },
    {
      "type": "Feature",
      "geometry": {
        "type": "Point",
        "coordinates": [
          1.983836221584701,
          41.26394808843375
        ]
      },
      "properties": {
        "date": "2025-02-05"
      }
    },
    {
      "type": "Feature",
      "geometry": {
        "type": "Point",
        "coordinates": [
          1.9838592950819687,
          41.26394808843375
        ]
      },
      "properties": {
        "date": "2025-02-05"
      }
    },
    {
      "type": "Feature",
      "geometry": {
        "type": "Point",
        "coordinates": [
          1.9838823685792364,
          41.26394808843375
        ]
      },
      "properties": {
        "date": "2025-02-05"
      }
    },
    {
      "type": "Feature",
      "geometry": {
        "type": "Point",
        "coordinates": [
          1.9839054420765043,
          41.26394808843375
        ]
      },
      "properties": {
        "date": "2025-02-05"
      }
    },
    {
      "type": "Feature",
      "geometry": {
        "type": "Point",
        "coordinates": [
          1.983928515573772,
          41.26394808843375
        ]
      },
      "properties": {
        "date": "2025-02-05"
      }
    },
    {
      "type": "Feature",
      "geometry": {
        "type": "Point",
        "coordinates": [
          1.9839515890710397,
          41.26394808843375
        ]
      },
      "properties": {
        "date": "2025-02-05"
      }
    },
    {
      "type": "Feature",
      "geometry": {
        "type": "Point",
        "coordinates": [
          1.9839746625683075,
          41.26394808843375
        ]
      },
      "properties": {
        "date": "2025-02-05"
      }
    },
    {
      "type": "Feature",
      "geometry": {
        "type": "Point",
        "coordinates": [
          1.9839977360655752,
          41.26394808843375
        ]
      },
      "properties": {
        "date": "2025-02-05"
      }
    },
    {
      "type": "Feature",
      "geometry": {
        "type": "Point",
        "coordinates": [
          1.984020809562843,
          41.26394808843375
        ]
      },
      "properties": {
        "date": "2025-02-05"
      }
    },
    {
      "type": "Feature",
      "geometry": {
        "type": "Point",
        "coordinates": [
          1.9840438830601108,
          41.26394808843375
        ]
      },
      "properties": {
        "date": "2025-02-05"
      }
    },
    {
      "type": "Feature",
      "geometry": {
        "type": "Point",
        "coordinates": [
          1.9840669565573785,
          41.26394808843375
        ]
      },
      "properties": {
        "date": "2025-02-05"
      }
    },
    {
      "type": "Feature",
      "geometry": {
        "type": "Point",
        "coordinates": [
          1.9840900300546462,
          41.26394808843375
        ]
      },
      "properties": {
        "date": "2025-02-05"
      }
    },
    {
      "type": "Feature",
      "geometry": {
        "type": "Point",
        "coordinates": [
          1.9841131035519142,
          41.26394808843375
        ]
      },
      "properties": {
        "date": "2025-02-05"
      }
    },
    {
      "type": "Feature",
      "geometry": {
        "type": "Point",
        "coordinates": [
          1.9841361770491819,
          41.26394808843375
        ]
      },
      "properties": {
        "date": "2025-02-05"
      }
    },
    {
      "type": "Feature",
      "geometry": {
        "type": "Point",
        "coordinates": [
          1.9841592505464496,
          41.26394808843375
        ]
      },
      "properties": {
        "date": "2025-02-05"
      }
    },
    {
      "type": "Feature",
      "geometry": {
        "type": "Point",
        "coordinates": [
          1.9860974243169414,
          41.26394808843375
        ]
      },
      "properties": {
        "date": "2025-02-05"
      }
    },
    {
      "type": "Feature",
      "geometry": {
        "type": "Point",
        "coordinates": [
          1.986120497814209,
          41.26394808843375
        ]
      },
      "properties": {
        "date": "2025-02-05"
      }
    },
    {
      "type": "Feature",
      "geometry": {
        "type": "Point",
        "coordinates": [
          1.986143571311477,
          41.26394808843375
        ]
      },
      "properties": {
        "date": "2025-02-05"
      }
    },
    {
      "type": "Feature",
      "geometry": {
        "type": "Point",
        "coordinates": [
          1.9861666448087447,
          41.26394808843375
        ]
      },
      "properties": {
        "date": "2025-02-05"
      }
    },
    {
      "type": "Feature",
      "geometry": {
        "type": "Point",
        "coordinates": [
          1.9861897183060124,
          41.26394808843375
        ]
      },
      "properties": {
        "date": "2025-02-05"
      }
    },
    {
      "type": "Feature",
      "geometry": {
        "type": "Point",
        "coordinates": [
          1.9862127918032801,
          41.26394808843375
        ]
      },
      "properties": {
        "date": "2025-02-05"
      }
    },
    {
      "type": "Feature",
      "geometry": {
        "type": "Point",
        "coordinates": [
          1.9862358653005479,
          41.26394808843375
        ]
      },
      "properties": {
        "date": "2025-02-05"
      }
    },
    {
      "type": "Feature",
      "geometry": {
        "type": "Point",
        "coordinates": [
          1.9862589387978158,
          41.26394808843375
        ]
      },
      "properties": {
        "date": "2025-02-05"
      }
    },
    {
      "type": "Feature",
      "geometry": {
        "type": "Point",
        "coordinates": [
          1.9862820122950835,
          41.26394808843375
        ]
      },
      "properties": {
        "date": "2025-02-05"
      }
    },
    {
      "type": "Feature",
      "geometry": {
        "type": "Point",
        "coordinates": [
          1.9863050857923512,
          41.26394808843375
        ]
      },
      "properties": {
        "date": "2025-02-05"
      }
    },
    {
      "type": "Feature",
      "geometry": {
        "type": "Point",
        "coordinates": [
          1.986328159289619,
          41.26394808843375
        ]
      },
      "properties": {
        "date": "2025-02-05"
      }
    },
    {
      "type": "Feature",
      "geometry": {
        "type": "Point",
        "coordinates": [
          1.9863512327868866,
          41.26394808843375
        ]
      },
      "properties": {
        "date": "2025-02-05"
      }
    },
    {
      "type": "Feature",
      "geometry": {
        "type": "Point",
        "coordinates": [
          1.9863743062841546,
          41.26394808843375
        ]
      },
      "properties": {
        "date": "2025-02-05"
      }
    },
    {
      "type": "Feature",
      "geometry": {
        "type": "Point",
        "coordinates": [
          1.9863973797814223,
          41.26394808843375
        ]
      },
      "properties": {
        "date": "2025-02-05"
      }
    },
    {
      "type": "Feature",
      "geometry": {
        "type": "Point",
        "coordinates": [
          1.98642045327869,
          41.26394808843375
        ]
      },
      "properties": {
        "date": "2025-02-05"
      }
    },
    {
      "type": "Feature",
      "geometry": {
        "type": "Point",
        "coordinates": [
          1.9864435267759577,
          41.26394808843375
        ]
      },
      "properties": {
        "date": "2025-02-05"
      }
    },
    {
      "type": "Feature",
      "geometry": {
        "type": "Point",
        "coordinates": [
          1.9864666002732256,
          41.26394808843375
        ]
      },
      "properties": {
        "date": "2025-02-05"
      }
    },
    {
      "type": "Feature",
      "geometry": {
        "type": "Point",
        "coordinates": [
          1.9864896737704933,
          41.26394808843375
        ]
      },
      "properties": {
        "date": "2025-02-05"
      }
    },
    {
      "type": "Feature",
      "geometry": {
        "type": "Point",
        "coordinates": [
          1.986512747267761,
          41.26394808843375
        ]
      },
      "properties": {
        "date": "2025-02-05"
      }
    },
    {
      "type": "Feature",
      "geometry": {
        "type": "Point",
        "coordinates": [
          1.9865358207650288,
          41.26394808843375
        ]
      },
      "properties": {
        "date": "2025-02-05"
      }
    },
    {
      "type": "Feature",
      "geometry": {
        "type": "Point",
        "coordinates": [
          1.9865588942622965,
          41.26394808843375
        ]
      },
      "properties": {
        "date": "2025-02-05"
      }
    },
    {
      "type": "Feature",
      "geometry": {
        "type": "Point",
        "coordinates": [
          1.9865819677595644,
          41.26394808843375
        ]
      },
      "properties": {
        "date": "2025-02-05"
      }
    },
    {
      "type": "Feature",
      "geometry": {
        "type": "Point",
        "coordinates": [
          1.9866050412568321,
          41.26394808843375
        ]
      },
      "properties": {
        "date": "2025-02-05"
      }
    },
    {
      "type": "Feature",
      "geometry": {
        "type": "Point",
        "coordinates": [
          1.9866281147540998,
          41.26394808843375
        ]
      },
      "properties": {
        "date": "2025-02-05"
      }
    },
    {
      "type": "Feature",
      "geometry": {
        "type": "Point",
        "coordinates": [
          1.9866511882513676,
          41.26394808843375
        ]
      },
      "properties": {
        "date": "2025-02-05"
      }
    },
    {
      "type": "Feature",
      "geometry": {
        "type": "Point",
        "coordinates": [
          1.9866742617486355,
          41.26394808843375
        ]
      },
      "properties": {
        "date": "2025-02-05"
      }
    },
    {
      "type": "Feature",
      "geometry": {
        "type": "Point",
        "coordinates": [
          1.9866973352459032,
          41.26394808843375
        ]
      },
      "properties": {
        "date": "2025-02-05"
      }
    },
    {
      "type": "Feature",
      "geometry": {
        "type": "Point",
        "coordinates": [
          1.986720408743171,
          41.26394808843375
        ]
      },
      "properties": {
        "date": "2025-02-05"
      }
    },
    {
      "type": "Feature",
      "geometry": {
        "type": "Point",
        "coordinates": [
          1.9867434822404386,
          41.26394808843375
        ]
      },
      "properties": {
        "date": "2025-02-05"
      }
    },
    {
      "type": "Feature",
      "geometry": {
        "type": "Point",
        "coordinates": [
          1.9867665557377063,
          41.26394808843375
        ]
      },
      "properties": {
        "date": "2025-02-05"
      }
    },
    {
      "type": "Feature",
      "geometry": {
        "type": "Point",
        "coordinates": [
          1.9867896292349743,
          41.26394808843375
        ]
      },
      "properties": {
        "date": "2025-02-05"
      }
    },
    {
      "type": "Feature",
      "geometry": {
        "type": "Point",
        "coordinates": [
          1.986812702732242,
          41.26394808843375
        ]
      },
      "properties": {
        "date": "2025-02-05"
      }
    },
    {
      "type": "Feature",
      "geometry": {
        "type": "Point",
        "coordinates": [
          1.9868357762295097,
          41.26394808843375
        ]
      },
      "properties": {
        "date": "2025-02-05"
      }
    },
    {
      "type": "Feature",
      "geometry": {
        "type": "Point",
        "coordinates": [
          1.9868588497267774,
          41.26394808843375
        ]
      },
      "properties": {
        "date": "2025-02-05"
      }
    },
    {
      "type": "Feature",
      "geometry": {
        "type": "Point",
        "coordinates": [
          1.986881923224045,
          41.26394808843375
        ]
      },
      "properties": {
        "date": "2025-02-05"
      }
    },
    {
      "type": "Feature",
      "geometry": {
        "type": "Point",
        "coordinates": [
          1.986904996721313,
          41.26394808843375
        ]
      },
      "properties": {
        "date": "2025-02-05"
      }
    },
    {
      "type": "Feature",
      "geometry": {
        "type": "Point",
        "coordinates": [
          1.9884970680327885,
          41.26394808843375
        ]
      },
      "properties": {
        "date": "2025-02-05"
      }
    },
    {
      "type": "Feature",
      "geometry": {
        "type": "Point",
        "coordinates": [
          1.9885201415300562,
          41.26394808843375
        ]
      },
      "properties": {
        "date": "2025-02-05"
      }
    },
    {
      "type": "Feature",
      "geometry": {
        "type": "Point",
        "coordinates": [
          1.988543215027324,
          41.26394808843375
        ]
      },
      "properties": {
        "date": "2025-02-05"
      }
    },
    {
      "type": "Feature",
      "geometry": {
        "type": "Point",
        "coordinates": [
          1.9885662885245916,
          41.26394808843375
        ]
      },
      "properties": {
        "date": "2025-02-05"
      }
    },
    {
      "type": "Feature",
      "geometry": {
        "type": "Point",
        "coordinates": [
          1.9885893620218593,
          41.26394808843375
        ]
      },
      "properties": {
        "date": "2025-02-05"
      }
    },
    {
      "type": "Feature",
      "geometry": {
        "type": "Point",
        "coordinates": [
          1.9886124355191273,
          41.26394808843375
        ]
      },
      "properties": {
        "date": "2025-02-05"
      }
    },
    {
      "type": "Feature",
      "geometry": {
        "type": "Point",
        "coordinates": [
          1.988635509016395,
          41.26394808843375
        ]
      },
      "properties": {
        "date": "2025-02-05"
      }
    },
    {
      "type": "Feature",
      "geometry": {
        "type": "Point",
        "coordinates": [
          1.9886585825136627,
          41.26394808843375
        ]
      },
      "properties": {
        "date": "2025-02-05"
      }
    },
    {
      "type": "Feature",
      "geometry": {
        "type": "Point",
        "coordinates": [
          1.9886816560109304,
          41.26394808843375
        ]
      },
      "properties": {
        "date": "2025-02-05"
      }
    },
    {
      "type": "Feature",
      "geometry": {
        "type": "Point",
        "coordinates": [
          1.988704729508198,
          41.26394808843375
        ]
      },
      "properties": {
        "date": "2025-02-05"
      }
    },
    {
      "type": "Feature",
      "geometry": {
        "type": "Point",
        "coordinates": [
          1.990527535792351,
          41.26394808843375
        ]
      },
      "properties": {
        "date": "2025-02-05"
      }
    },
    {
      "type": "Feature",
      "geometry": {
        "type": "Point",
        "coordinates": [
          1.990550609289619,
          41.26394808843375
        ]
      },
      "properties": {
        "date": "2025-02-05"
      }
    },
    {
      "type": "Feature",
      "geometry": {
        "type": "Point",
        "coordinates": [
          1.9905736827868867,
          41.26394808843375
        ]
      },
      "properties": {
        "date": "2025-02-05"
      }
    },
    {
      "type": "Feature",
      "geometry": {
        "type": "Point",
        "coordinates": [
          1.9905967562841544,
          41.26394808843375
        ]
      },
      "properties": {
        "date": "2025-02-05"
      }
    },
    {
      "type": "Feature",
      "geometry": {
        "type": "Point",
        "coordinates": [
          1.9906198297814222,
          41.26394808843375
        ]
      },
      "properties": {
        "date": "2025-02-05"
      }
    },
    {
      "type": "Feature",
      "geometry": {
        "type": "Point",
        "coordinates": [
          1.99064290327869,
          41.26394808843375
        ]
      },
      "properties": {
        "date": "2025-02-05"
      }
    },
    {
      "type": "Feature",
      "geometry": {
        "type": "Point",
        "coordinates": [
          1.9906659767759578,
          41.26394808843375
        ]
      },
      "properties": {
        "date": "2025-02-05"
      }
    },
    {
      "type": "Feature",
      "geometry": {
        "type": "Point",
        "coordinates": [
          1.9906890502732255,
          41.26394808843375
        ]
      },
      "properties": {
        "date": "2025-02-05"
      }
    },
    {
      "type": "Feature",
      "geometry": {
        "type": "Point",
        "coordinates": [
          1.9907121237704932,
          41.26394808843375
        ]
      },
      "properties": {
        "date": "2025-02-05"
      }
    },
    {
      "type": "Feature",
      "geometry": {
        "type": "Point",
        "coordinates": [
          1.990735197267761,
          41.26394808843375
        ]
      },
      "properties": {
        "date": "2025-02-05"
      }
    },
    {
      "type": "Feature",
      "geometry": {
        "type": "Point",
        "coordinates": [
          1.9907582707650289,
          41.26394808843375
        ]
      },
      "properties": {
        "date": "2025-02-05"
      }
    },
    {
      "type": "Feature",
      "geometry": {
        "type": "Point",
        "coordinates": [
          1.9907813442622966,
          41.26394808843375
        ]
      },
      "properties": {
        "date": "2025-02-05"
      }
    },
    {
      "type": "Feature",
      "geometry": {
        "type": "Point",
        "coordinates": [
          1.9908044177595643,
          41.26394808843375
        ]
      },
      "properties": {
        "date": "2025-02-05"
      }
    },
    {
      "type": "Feature",
      "geometry": {
        "type": "Point",
        "coordinates": [
          1.990827491256832,
          41.26394808843375
        ]
      },
      "properties": {
        "date": "2025-02-05"
      }
    },
    {
      "type": "Feature",
      "geometry": {
        "type": "Point",
        "coordinates": [
          1.9908505647541,
          41.26394808843375
        ]
      },
      "properties": {
        "date": "2025-02-05"
      }
    },
    {
      "type": "Feature",
      "geometry": {
        "type": "Point",
        "coordinates": [
          1.9504027240437176,
          41.26388818342464
        ]
      },
      "properties": {
        "date": "2025-02-05"
      }
    },
    {
      "type": "Feature",
      "geometry": {
        "type": "Point",
        "coordinates": [
          1.9504257975409853,
          41.26388818342464
        ]
      },
      "properties": {
        "date": "2025-02-05"
      }
    },
    {
      "type": "Feature",
      "geometry": {
        "type": "Point",
        "coordinates": [
          1.950448871038253,
          41.26388818342464
        ]
      },
      "properties": {
        "date": "2025-02-05"
      }
    },
    {
      "type": "Feature",
      "geometry": {
        "type": "Point",
        "coordinates": [
          1.9504719445355208,
          41.26388818342464
        ]
      },
      "properties": {
        "date": "2025-02-05"
      }
    },
    {
      "type": "Feature",
      "geometry": {
        "type": "Point",
        "coordinates": [
          1.9504950180327885,
          41.26388818342464
        ]
      },
      "properties": {
        "date": "2025-02-05"
      }
    },
    {
      "type": "Feature",
      "geometry": {
        "type": "Point",
        "coordinates": [
          1.9505180915300564,
          41.26388818342464
        ]
      },
      "properties": {
        "date": "2025-02-05"
      }
    },
    {
      "type": "Feature",
      "geometry": {
        "type": "Point",
        "coordinates": [
          1.950541165027324,
          41.26388818342464
        ]
      },
      "properties": {
        "date": "2025-02-05"
      }
    },
    {
      "type": "Feature",
      "geometry": {
        "type": "Point",
        "coordinates": [
          1.9505642385245918,
          41.26388818342464
        ]
      },
      "properties": {
        "date": "2025-02-05"
      }
    },
    {
      "type": "Feature",
      "geometry": {
        "type": "Point",
        "coordinates": [
          1.9505873120218595,
          41.26388818342464
        ]
      },
      "properties": {
        "date": "2025-02-05"
      }
    },
    {
      "type": "Feature",
      "geometry": {
        "type": "Point",
        "coordinates": [
          1.9506103855191275,
          41.26388818342464
        ]
      },
      "properties": {
        "date": "2025-02-05"
      }
    },
    {
      "type": "Feature",
      "geometry": {
        "type": "Point",
        "coordinates": [
          1.9506334590163952,
          41.26388818342464
        ]
      },
      "properties": {
        "date": "2025-02-05"
      }
    },
    {
      "type": "Feature",
      "geometry": {
        "type": "Point",
        "coordinates": [
          1.9506565325136629,
          41.26388818342464
        ]
      },
      "properties": {
        "date": "2025-02-05"
      }
    },
    {
      "type": "Feature",
      "geometry": {
        "type": "Point",
        "coordinates": [
          1.9506796060109306,
          41.26388818342464
        ]
      },
      "properties": {
        "date": "2025-02-05"
      }
    },
    {
      "type": "Feature",
      "geometry": {
        "type": "Point",
        "coordinates": [
          1.9507026795081983,
          41.26388818342464
        ]
      },
      "properties": {
        "date": "2025-02-05"
      }
    },
    {
      "type": "Feature",
      "geometry": {
        "type": "Point",
        "coordinates": [
          1.9507257530054662,
          41.26388818342464
        ]
      },
      "properties": {
        "date": "2025-02-05"
      }
    },
    {
      "type": "Feature",
      "geometry": {
        "type": "Point",
        "coordinates": [
          1.950748826502734,
          41.26388818342464
        ]
      },
      "properties": {
        "date": "2025-02-05"
      }
    },
    {
      "type": "Feature",
      "geometry": {
        "type": "Point",
        "coordinates": [
          1.9507719000000017,
          41.26388818342464
        ]
      },
      "properties": {
        "date": "2025-02-05"
      }
    },
    {
      "type": "Feature",
      "geometry": {
        "type": "Point",
        "coordinates": [
          1.9507949734972694,
          41.26388818342464
        ]
      },
      "properties": {
        "date": "2025-02-05"
      }
    },
    {
      "type": "Feature",
      "geometry": {
        "type": "Point",
        "coordinates": [
          1.9508180469945373,
          41.26388818342464
        ]
      },
      "properties": {
        "date": "2025-02-05"
      }
    },
    {
      "type": "Feature",
      "geometry": {
        "type": "Point",
        "coordinates": [
          1.950841120491805,
          41.26388818342464
        ]
      },
      "properties": {
        "date": "2025-02-05"
      }
    },
    {
      "type": "Feature",
      "geometry": {
        "type": "Point",
        "coordinates": [
          1.9508641939890727,
          41.26388818342464
        ]
      },
      "properties": {
        "date": "2025-02-05"
      }
    },
    {
      "type": "Feature",
      "geometry": {
        "type": "Point",
        "coordinates": [
          1.9508872674863404,
          41.26388818342464
        ]
      },
      "properties": {
        "date": "2025-02-05"
      }
    },
    {
      "type": "Feature",
      "geometry": {
        "type": "Point",
        "coordinates": [
          1.9509103409836082,
          41.26388818342464
        ]
      },
      "properties": {
        "date": "2025-02-05"
      }
    },
    {
      "type": "Feature",
      "geometry": {
        "type": "Point",
        "coordinates": [
          1.950933414480876,
          41.26388818342464
        ]
      },
      "properties": {
        "date": "2025-02-05"
      }
    },
    {
      "type": "Feature",
      "geometry": {
        "type": "Point",
        "coordinates": [
          1.9509564879781438,
          41.26388818342464
        ]
      },
      "properties": {
        "date": "2025-02-05"
      }
    },
    {
      "type": "Feature",
      "geometry": {
        "type": "Point",
        "coordinates": [
          1.9509795614754115,
          41.26388818342464
        ]
      },
      "properties": {
        "date": "2025-02-05"
      }
    },
    {
      "type": "Feature",
      "geometry": {
        "type": "Point",
        "coordinates": [
          1.9510026349726792,
          41.26388818342464
        ]
      },
      "properties": {
        "date": "2025-02-05"
      }
    },
    {
      "type": "Feature",
      "geometry": {
        "type": "Point",
        "coordinates": [
          1.951025708469947,
          41.26388818342464
        ]
      },
      "properties": {
        "date": "2025-02-05"
      }
    },
    {
      "type": "Feature",
      "geometry": {
        "type": "Point",
        "coordinates": [
          1.9510487819672149,
          41.26388818342464
        ]
      },
      "properties": {
        "date": "2025-02-05"
      }
    },
    {
      "type": "Feature",
      "geometry": {
        "type": "Point",
        "coordinates": [
          1.9510718554644826,
          41.26388818342464
        ]
      },
      "properties": {
        "date": "2025-02-05"
      }
    },
    {
      "type": "Feature",
      "geometry": {
        "type": "Point",
        "coordinates": [
          1.9510949289617503,
          41.26388818342464
        ]
      },
      "properties": {
        "date": "2025-02-05"
      }
    },
    {
      "type": "Feature",
      "geometry": {
        "type": "Point",
        "coordinates": [
          1.951118002459018,
          41.26388818342464
        ]
      },
      "properties": {
        "date": "2025-02-05"
      }
    },
    {
      "type": "Feature",
      "geometry": {
        "type": "Point",
        "coordinates": [
          1.951141075956286,
          41.26388818342464
        ]
      },
      "properties": {
        "date": "2025-02-05"
      }
    },
    {
      "type": "Feature",
      "geometry": {
        "type": "Point",
        "coordinates": [
          1.9511641494535537,
          41.26388818342464
        ]
      },
      "properties": {
        "date": "2025-02-05"
      }
    },
    {
      "type": "Feature",
      "geometry": {
        "type": "Point",
        "coordinates": [
          1.9511872229508214,
          41.26388818342464
        ]
      },
      "properties": {
        "date": "2025-02-05"
      }
    },
    {
      "type": "Feature",
      "geometry": {
        "type": "Point",
        "coordinates": [
          1.951210296448089,
          41.26388818342464
        ]
      },
      "properties": {
        "date": "2025-02-05"
      }
    },
    {
      "type": "Feature",
      "geometry": {
        "type": "Point",
        "coordinates": [
          1.9512333699453568,
          41.26388818342464
        ]
      },
      "properties": {
        "date": "2025-02-05"
      }
    },
    {
      "type": "Feature",
      "geometry": {
        "type": "Point",
        "coordinates": [
          1.9512564434426247,
          41.26388818342464
        ]
      },
      "properties": {
        "date": "2025-02-05"
      }
    },
    {
      "type": "Feature",
      "geometry": {
        "type": "Point",
        "coordinates": [
          1.9512795169398924,
          41.26388818342464
        ]
      },
      "properties": {
        "date": "2025-02-05"
      }
    },
    {
      "type": "Feature",
      "geometry": {
        "type": "Point",
        "coordinates": [
          1.9513025904371601,
          41.26388818342464
        ]
      },
      "properties": {
        "date": "2025-02-05"
      }
    },
    {
      "type": "Feature",
      "geometry": {
        "type": "Point",
        "coordinates": [
          1.9513256639344279,
          41.26388818342464
        ]
      },
      "properties": {
        "date": "2025-02-05"
      }
    },
    {
      "type": "Feature",
      "geometry": {
        "type": "Point",
        "coordinates": [
          1.9513487374316956,
          41.26388818342464
        ]
      },
      "properties": {
        "date": "2025-02-05"
      }
    },
    {
      "type": "Feature",
      "geometry": {
        "type": "Point",
        "coordinates": [
          1.9513718109289635,
          41.26388818342464
        ]
      },
      "properties": {
        "date": "2025-02-05"
      }
    },
    {
      "type": "Feature",
      "geometry": {
        "type": "Point",
        "coordinates": [
          1.9513948844262312,
          41.26388818342464
        ]
      },
      "properties": {
        "date": "2025-02-05"
      }
    },
    {
      "type": "Feature",
      "geometry": {
        "type": "Point",
        "coordinates": [
          1.951417957923499,
          41.26388818342464
        ]
      },
      "properties": {
        "date": "2025-02-05"
      }
    },
    {
      "type": "Feature",
      "geometry": {
        "type": "Point",
        "coordinates": [
          1.9514410314207666,
          41.26388818342464
        ]
      },
      "properties": {
        "date": "2025-02-05"
      }
    },
    {
      "type": "Feature",
      "geometry": {
        "type": "Point",
        "coordinates": [
          1.9514641049180346,
          41.26388818342464
        ]
      },
      "properties": {
        "date": "2025-02-05"
      }
    },
    {
      "type": "Feature",
      "geometry": {
        "type": "Point",
        "coordinates": [
          1.9514871784153023,
          41.26388818342464
        ]
      },
      "properties": {
        "date": "2025-02-05"
      }
    },
    {
      "type": "Feature",
      "geometry": {
        "type": "Point",
        "coordinates": [
          1.95151025191257,
          41.26388818342464
        ]
      },
      "properties": {
        "date": "2025-02-05"
      }
    },
    {
      "type": "Feature",
      "geometry": {
        "type": "Point",
        "coordinates": [
          1.9515333254098377,
          41.26388818342464
        ]
      },
      "properties": {
        "date": "2025-02-05"
      }
    },
    {
      "type": "Feature",
      "geometry": {
        "type": "Point",
        "coordinates": [
          1.9515563989071054,
          41.26388818342464
        ]
      },
      "properties": {
        "date": "2025-02-05"
      }
    },
    {
      "type": "Feature",
      "geometry": {
        "type": "Point",
        "coordinates": [
          1.9515794724043733,
          41.26388818342464
        ]
      },
      "properties": {
        "date": "2025-02-05"
      }
    },
    {
      "type": "Feature",
      "geometry": {
        "type": "Point",
        "coordinates": [
          1.951602545901641,
          41.26388818342464
        ]
      },
      "properties": {
        "date": "2025-02-05"
      }
    },
    {
      "type": "Feature",
      "geometry": {
        "type": "Point",
        "coordinates": [
          1.9516256193989088,
          41.26388818342464
        ]
      },
      "properties": {
        "date": "2025-02-05"
      }
    },
    {
      "type": "Feature",
      "geometry": {
        "type": "Point",
        "coordinates": [
          1.9516486928961765,
          41.26388818342464
        ]
      },
      "properties": {
        "date": "2025-02-05"
      }
    },
    {
      "type": "Feature",
      "geometry": {
        "type": "Point",
        "coordinates": [
          1.9516717663934442,
          41.26388818342464
        ]
      },
      "properties": {
        "date": "2025-02-05"
      }
    },
    {
      "type": "Feature",
      "geometry": {
        "type": "Point",
        "coordinates": [
          1.9516948398907121,
          41.26388818342464
        ]
      },
      "properties": {
        "date": "2025-02-05"
      }
    },
    {
      "type": "Feature",
      "geometry": {
        "type": "Point",
        "coordinates": [
          1.9517179133879798,
          41.26388818342464
        ]
      },
      "properties": {
        "date": "2025-02-05"
      }
    },
    {
      "type": "Feature",
      "geometry": {
        "type": "Point",
        "coordinates": [
          1.9517409868852476,
          41.26388818342464
        ]
      },
      "properties": {
        "date": "2025-02-05"
      }
    },
    {
      "type": "Feature",
      "geometry": {
        "type": "Point",
        "coordinates": [
          1.9517640603825153,
          41.26388818342464
        ]
      },
      "properties": {
        "date": "2025-02-05"
      }
    },
    {
      "type": "Feature",
      "geometry": {
        "type": "Point",
        "coordinates": [
          1.9517871338797832,
          41.26388818342464
        ]
      },
      "properties": {
        "date": "2025-02-05"
      }
    },
    {
      "type": "Feature",
      "geometry": {
        "type": "Point",
        "coordinates": [
          1.951810207377051,
          41.26388818342464
        ]
      },
      "properties": {
        "date": "2025-02-05"
      }
    },
    {
      "type": "Feature",
      "geometry": {
        "type": "Point",
        "coordinates": [
          1.9518332808743186,
          41.26388818342464
        ]
      },
      "properties": {
        "date": "2025-02-05"
      }
    },
    {
      "type": "Feature",
      "geometry": {
        "type": "Point",
        "coordinates": [
          1.9518563543715863,
          41.26388818342464
        ]
      },
      "properties": {
        "date": "2025-02-05"
      }
    },
    {
      "type": "Feature",
      "geometry": {
        "type": "Point",
        "coordinates": [
          1.951879427868854,
          41.26388818342464
        ]
      },
      "properties": {
        "date": "2025-02-05"
      }
    },
    {
      "type": "Feature",
      "geometry": {
        "type": "Point",
        "coordinates": [
          1.951902501366122,
          41.26388818342464
        ]
      },
      "properties": {
        "date": "2025-02-05"
      }
    },
    {
      "type": "Feature",
      "geometry": {
        "type": "Point",
        "coordinates": [
          1.9519255748633897,
          41.26388818342464
        ]
      },
      "properties": {
        "date": "2025-02-05"
      }
    },
    {
      "type": "Feature",
      "geometry": {
        "type": "Point",
        "coordinates": [
          1.9525485592896192,
          41.26388818342464
        ]
      },
      "properties": {
        "date": "2025-02-05"
      }
    },
    {
      "type": "Feature",
      "geometry": {
        "type": "Point",
        "coordinates": [
          1.952571632786887,
          41.26388818342464
        ]
      },
      "properties": {
        "date": "2025-02-05"
      }
    },
    {
      "type": "Feature",
      "geometry": {
        "type": "Point",
        "coordinates": [
          1.9525947062841547,
          41.26388818342464
        ]
      },
      "properties": {
        "date": "2025-02-05"
      }
    },
    {
      "type": "Feature",
      "geometry": {
        "type": "Point",
        "coordinates": [
          1.9526177797814224,
          41.26388818342464
        ]
      },
      "properties": {
        "date": "2025-02-05"
      }
    },
    {
      "type": "Feature",
      "geometry": {
        "type": "Point",
        "coordinates": [
          1.9526408532786903,
          41.26388818342464
        ]
      },
      "properties": {
        "date": "2025-02-05"
      }
    },
    {
      "type": "Feature",
      "geometry": {
        "type": "Point",
        "coordinates": [
          1.952663926775958,
          41.26388818342464
        ]
      },
      "properties": {
        "date": "2025-02-05"
      }
    },
    {
      "type": "Feature",
      "geometry": {
        "type": "Point",
        "coordinates": [
          1.9526870002732257,
          41.26388818342464
        ]
      },
      "properties": {
        "date": "2025-02-05"
      }
    },
    {
      "type": "Feature",
      "geometry": {
        "type": "Point",
        "coordinates": [
          1.9527100737704934,
          41.26388818342464
        ]
      },
      "properties": {
        "date": "2025-02-05"
      }
    },
    {
      "type": "Feature",
      "geometry": {
        "type": "Point",
        "coordinates": [
          1.9527331472677611,
          41.26388818342464
        ]
      },
      "properties": {
        "date": "2025-02-05"
      }
    },
    {
      "type": "Feature",
      "geometry": {
        "type": "Point",
        "coordinates": [
          1.952756220765029,
          41.26388818342464
        ]
      },
      "properties": {
        "date": "2025-02-05"
      }
    },
    {
      "type": "Feature",
      "geometry": {
        "type": "Point",
        "coordinates": [
          1.9527792942622968,
          41.26388818342464
        ]
      },
      "properties": {
        "date": "2025-02-05"
      }
    },
    {
      "type": "Feature",
      "geometry": {
        "type": "Point",
        "coordinates": [
          1.9528023677595645,
          41.26388818342464
        ]
      },
      "properties": {
        "date": "2025-02-05"
      }
    },
    {
      "type": "Feature",
      "geometry": {
        "type": "Point",
        "coordinates": [
          1.9528254412568322,
          41.26388818342464
        ]
      },
      "properties": {
        "date": "2025-02-05"
      }
    },
    {
      "type": "Feature",
      "geometry": {
        "type": "Point",
        "coordinates": [
          1.9528485147541,
          41.26388818342464
        ]
      },
      "properties": {
        "date": "2025-02-05"
      }
    },
    {
      "type": "Feature",
      "geometry": {
        "type": "Point",
        "coordinates": [
          1.9528715882513679,
          41.26388818342464
        ]
      },
      "properties": {
        "date": "2025-02-05"
      }
    },
    {
      "type": "Feature",
      "geometry": {
        "type": "Point",
        "coordinates": [
          1.9528946617486356,
          41.26388818342464
        ]
      },
      "properties": {
        "date": "2025-02-05"
      }
    },
    {
      "type": "Feature",
      "geometry": {
        "type": "Point",
        "coordinates": [
          1.9546943945355209,
          41.26388818342464
        ]
      },
      "properties": {
        "date": "2025-02-05"
      }
    },
    {
      "type": "Feature",
      "geometry": {
        "type": "Point",
        "coordinates": [
          1.9547174680327886,
          41.26388818342464
        ]
      },
      "properties": {
        "date": "2025-02-05"
      }
    },
    {
      "type": "Feature",
      "geometry": {
        "type": "Point",
        "coordinates": [
          1.9547405415300563,
          41.26388818342464
        ]
      },
      "properties": {
        "date": "2025-02-05"
      }
    },
    {
      "type": "Feature",
      "geometry": {
        "type": "Point",
        "coordinates": [
          1.954763615027324,
          41.26388818342464
        ]
      },
      "properties": {
        "date": "2025-02-05"
      }
    },
    {
      "type": "Feature",
      "geometry": {
        "type": "Point",
        "coordinates": [
          1.954786688524592,
          41.26388818342464
        ]
      },
      "properties": {
        "date": "2025-02-05"
      }
    },
    {
      "type": "Feature",
      "geometry": {
        "type": "Point",
        "coordinates": [
          1.9548097620218596,
          41.26388818342464
        ]
      },
      "properties": {
        "date": "2025-02-05"
      }
    },
    {
      "type": "Feature",
      "geometry": {
        "type": "Point",
        "coordinates": [
          1.9548328355191273,
          41.26388818342464
        ]
      },
      "properties": {
        "date": "2025-02-05"
      }
    },
    {
      "type": "Feature",
      "geometry": {
        "type": "Point",
        "coordinates": [
          1.954855909016395,
          41.26388818342464
        ]
      },
      "properties": {
        "date": "2025-02-05"
      }
    },
    {
      "type": "Feature",
      "geometry": {
        "type": "Point",
        "coordinates": [
          1.9548789825136628,
          41.26388818342464
        ]
      },
      "properties": {
        "date": "2025-02-05"
      }
    },
    {
      "type": "Feature",
      "geometry": {
        "type": "Point",
        "coordinates": [
          1.9549020560109307,
          41.26388818342464
        ]
      },
      "properties": {
        "date": "2025-02-05"
      }
    },
    {
      "type": "Feature",
      "geometry": {
        "type": "Point",
        "coordinates": [
          1.9549251295081984,
          41.26388818342464
        ]
      },
      "properties": {
        "date": "2025-02-05"
      }
    },
    {
      "type": "Feature",
      "geometry": {
        "type": "Point",
        "coordinates": [
          1.9549482030054661,
          41.26388818342464
        ]
      },
      "properties": {
        "date": "2025-02-05"
      }
    },
    {
      "type": "Feature",
      "geometry": {
        "type": "Point",
        "coordinates": [
          1.9549712765027338,
          41.26388818342464
        ]
      },
      "properties": {
        "date": "2025-02-05"
      }
    },
    {
      "type": "Feature",
      "geometry": {
        "type": "Point",
        "coordinates": [
          1.9549943500000018,
          41.26388818342464
        ]
      },
      "properties": {
        "date": "2025-02-05"
      }
    },
    {
      "type": "Feature",
      "geometry": {
        "type": "Point",
        "coordinates": [
          1.9550174234972695,
          41.26388818342464
        ]
      },
      "properties": {
        "date": "2025-02-05"
      }
    },
    {
      "type": "Feature",
      "geometry": {
        "type": "Point",
        "coordinates": [
          1.9550404969945372,
          41.26388818342464
        ]
      },
      "properties": {
        "date": "2025-02-05"
      }
    },
    {
      "type": "Feature",
      "geometry": {
        "type": "Point",
        "coordinates": [
          1.9552943054644825,
          41.26388818342464
        ]
      },
      "properties": {
        "date": "2025-02-05"
      }
    },
    {
      "type": "Feature",
      "geometry": {
        "type": "Point",
        "coordinates": [
          1.9553173789617504,
          41.26388818342464
        ]
      },
      "properties": {
        "date": "2025-02-05"
      }
    },
    {
      "type": "Feature",
      "geometry": {
        "type": "Point",
        "coordinates": [
          1.955340452459018,
          41.26388818342464
        ]
      },
      "properties": {
        "date": "2025-02-05"
      }
    },
    {
      "type": "Feature",
      "geometry": {
        "type": "Point",
        "coordinates": [
          1.9553635259562858,
          41.26388818342464
        ]
      },
      "properties": {
        "date": "2025-02-05"
      }
    },
    {
      "type": "Feature",
      "geometry": {
        "type": "Point",
        "coordinates": [
          1.9553865994535535,
          41.26388818342464
        ]
      },
      "properties": {
        "date": "2025-02-05"
      }
    },
    {
      "type": "Feature",
      "geometry": {
        "type": "Point",
        "coordinates": [
          1.9554096729508212,
          41.26388818342464
        ]
      },
      "properties": {
        "date": "2025-02-05"
      }
    },
    {
      "type": "Feature",
      "geometry": {
        "type": "Point",
        "coordinates": [
          1.9562633923497283,
          41.26388818342464
        ]
      },
      "properties": {
        "date": "2025-02-05"
      }
    },
    {
      "type": "Feature",
      "geometry": {
        "type": "Point",
        "coordinates": [
          1.9562864658469963,
          41.26388818342464
        ]
      },
      "properties": {
        "date": "2025-02-05"
      }
    },
    {
      "type": "Feature",
      "geometry": {
        "type": "Point",
        "coordinates": [
          1.956309539344264,
          41.26388818342464
        ]
      },
      "properties": {
        "date": "2025-02-05"
      }
    },
    {
      "type": "Feature",
      "geometry": {
        "type": "Point",
        "coordinates": [
          1.9563326128415317,
          41.26388818342464
        ]
      },
      "properties": {
        "date": "2025-02-05"
      }
    },
    {
      "type": "Feature",
      "geometry": {
        "type": "Point",
        "coordinates": [
          1.9563556863387994,
          41.26388818342464
        ]
      },
      "properties": {
        "date": "2025-02-05"
      }
    },
    {
      "type": "Feature",
      "geometry": {
        "type": "Point",
        "coordinates": [
          1.9563787598360671,
          41.26388818342464
        ]
      },
      "properties": {
        "date": "2025-02-05"
      }
    },
    {
      "type": "Feature",
      "geometry": {
        "type": "Point",
        "coordinates": [
          1.956401833333335,
          41.26388818342464
        ]
      },
      "properties": {
        "date": "2025-02-05"
      }
    },
    {
      "type": "Feature",
      "geometry": {
        "type": "Point",
        "coordinates": [
          1.9564249068306028,
          41.26388818342464
        ]
      },
      "properties": {
        "date": "2025-02-05"
      }
    },
    {
      "type": "Feature",
      "geometry": {
        "type": "Point",
        "coordinates": [
          1.9564479803278705,
          41.26388818342464
        ]
      },
      "properties": {
        "date": "2025-02-05"
      }
    },
    {
      "type": "Feature",
      "geometry": {
        "type": "Point",
        "coordinates": [
          1.9564710538251382,
          41.26388818342464
        ]
      },
      "properties": {
        "date": "2025-02-05"
      }
    },
    {
      "type": "Feature",
      "geometry": {
        "type": "Point",
        "coordinates": [
          1.9564941273224061,
          41.26388818342464
        ]
      },
      "properties": {
        "date": "2025-02-05"
      }
    },
    {
      "type": "Feature",
      "geometry": {
        "type": "Point",
        "coordinates": [
          1.9565172008196738,
          41.26388818342464
        ]
      },
      "properties": {
        "date": "2025-02-05"
      }
    },
    {
      "type": "Feature",
      "geometry": {
        "type": "Point",
        "coordinates": [
          1.9565402743169416,
          41.26388818342464
        ]
      },
      "properties": {
        "date": "2025-02-05"
      }
    },
    {
      "type": "Feature",
      "geometry": {
        "type": "Point",
        "coordinates": [
          1.9565633478142093,
          41.26388818342464
        ]
      },
      "properties": {
        "date": "2025-02-05"
      }
    },
    {
      "type": "Feature",
      "geometry": {
        "type": "Point",
        "coordinates": [
          1.956586421311477,
          41.26388818342464
        ]
      },
      "properties": {
        "date": "2025-02-05"
      }
    },
    {
      "type": "Feature",
      "geometry": {
        "type": "Point",
        "coordinates": [
          1.956609494808745,
          41.26388818342464
        ]
      },
      "properties": {
        "date": "2025-02-05"
      }
    },
    {
      "type": "Feature",
      "geometry": {
        "type": "Point",
        "coordinates": [
          1.9566325683060126,
          41.26388818342464
        ]
      },
      "properties": {
        "date": "2025-02-05"
      }
    },
    {
      "type": "Feature",
      "geometry": {
        "type": "Point",
        "coordinates": [
          1.9566556418032803,
          41.26388818342464
        ]
      },
      "properties": {
        "date": "2025-02-05"
      }
    },
    {
      "type": "Feature",
      "geometry": {
        "type": "Point",
        "coordinates": [
          1.956678715300548,
          41.26388818342464
        ]
      },
      "properties": {
        "date": "2025-02-05"
      }
    },
    {
      "type": "Feature",
      "geometry": {
        "type": "Point",
        "coordinates": [
          1.9567017887978158,
          41.26388818342464
        ]
      },
      "properties": {
        "date": "2025-02-05"
      }
    },
    {
      "type": "Feature",
      "geometry": {
        "type": "Point",
        "coordinates": [
          1.9567248622950837,
          41.26388818342464
        ]
      },
      "properties": {
        "date": "2025-02-05"
      }
    },
    {
      "type": "Feature",
      "geometry": {
        "type": "Point",
        "coordinates": [
          1.9567479357923514,
          41.26388818342464
        ]
      },
      "properties": {
        "date": "2025-02-05"
      }
    },
    {
      "type": "Feature",
      "geometry": {
        "type": "Point",
        "coordinates": [
          1.9567710092896191,
          41.26388818342464
        ]
      },
      "properties": {
        "date": "2025-02-05"
      }
    },
    {
      "type": "Feature",
      "geometry": {
        "type": "Point",
        "coordinates": [
          1.9567940827868868,
          41.26388818342464
        ]
      },
      "properties": {
        "date": "2025-02-05"
      }
    },
    {
      "type": "Feature",
      "geometry": {
        "type": "Point",
        "coordinates": [
          1.9568171562841548,
          41.26388818342464
        ]
      },
      "properties": {
        "date": "2025-02-05"
      }
    },
    {
      "type": "Feature",
      "geometry": {
        "type": "Point",
        "coordinates": [
          1.9568402297814225,
          41.26388818342464
        ]
      },
      "properties": {
        "date": "2025-02-05"
      }
    },
    {
      "type": "Feature",
      "geometry": {
        "type": "Point",
        "coordinates": [
          1.9568633032786902,
          41.26388818342464
        ]
      },
      "properties": {
        "date": "2025-02-05"
      }
    },
    {
      "type": "Feature",
      "geometry": {
        "type": "Point",
        "coordinates": [
          1.956886376775958,
          41.26388818342464
        ]
      },
      "properties": {
        "date": "2025-02-05"
      }
    },
    {
      "type": "Feature",
      "geometry": {
        "type": "Point",
        "coordinates": [
          1.9569094502732256,
          41.26388818342464
        ]
      },
      "properties": {
        "date": "2025-02-05"
      }
    },
    {
      "type": "Feature",
      "geometry": {
        "type": "Point",
        "coordinates": [
          1.9569325237704935,
          41.26388818342464
        ]
      },
      "properties": {
        "date": "2025-02-05"
      }
    },
    {
      "type": "Feature",
      "geometry": {
        "type": "Point",
        "coordinates": [
          1.9569555972677612,
          41.26388818342464
        ]
      },
      "properties": {
        "date": "2025-02-05"
      }
    },
    {
      "type": "Feature",
      "geometry": {
        "type": "Point",
        "coordinates": [
          1.956978670765029,
          41.26388818342464
        ]
      },
      "properties": {
        "date": "2025-02-05"
      }
    },
    {
      "type": "Feature",
      "geometry": {
        "type": "Point",
        "coordinates": [
          1.9570017442622967,
          41.26388818342464
        ]
      },
      "properties": {
        "date": "2025-02-05"
      }
    },
    {
      "type": "Feature",
      "geometry": {
        "type": "Point",
        "coordinates": [
          1.9570248177595644,
          41.26388818342464
        ]
      },
      "properties": {
        "date": "2025-02-05"
      }
    },
    {
      "type": "Feature",
      "geometry": {
        "type": "Point",
        "coordinates": [
          1.9570478912568323,
          41.26388818342464
        ]
      },
      "properties": {
        "date": "2025-02-05"
      }
    },
    {
      "type": "Feature",
      "geometry": {
        "type": "Point",
        "coordinates": [
          1.9570709647541,
          41.26388818342464
        ]
      },
      "properties": {
        "date": "2025-02-05"
      }
    },
    {
      "type": "Feature",
      "geometry": {
        "type": "Point",
        "coordinates": [
          1.9570940382513677,
          41.26388818342464
        ]
      },
      "properties": {
        "date": "2025-02-05"
      }
    },
    {
      "type": "Feature",
      "geometry": {
        "type": "Point",
        "coordinates": [
          1.9571171117486355,
          41.26388818342464
        ]
      },
      "properties": {
        "date": "2025-02-05"
      }
    },
    {
      "type": "Feature",
      "geometry": {
        "type": "Point",
        "coordinates": [
          1.9571401852459034,
          41.26388818342464
        ]
      },
      "properties": {
        "date": "2025-02-05"
      }
    },
    {
      "type": "Feature",
      "geometry": {
        "type": "Point",
        "coordinates": [
          1.957163258743171,
          41.26388818342464
        ]
      },
      "properties": {
        "date": "2025-02-05"
      }
    },
    {
      "type": "Feature",
      "geometry": {
        "type": "Point",
        "coordinates": [
          1.9571863322404388,
          41.26388818342464
        ]
      },
      "properties": {
        "date": "2025-02-05"
      }
    },
    {
      "type": "Feature",
      "geometry": {
        "type": "Point",
        "coordinates": [
          1.9596090494535536,
          41.26388818342464
        ]
      },
      "properties": {
        "date": "2025-02-05"
      }
    },
    {
      "type": "Feature",
      "geometry": {
        "type": "Point",
        "coordinates": [
          1.9596321229508213,
          41.26388818342464
        ]
      },
      "properties": {
        "date": "2025-02-05"
      }
    },
    {
      "type": "Feature",
      "geometry": {
        "type": "Point",
        "coordinates": [
          1.959655196448089,
          41.26388818342464
        ]
      },
      "properties": {
        "date": "2025-02-05"
      }
    },
    {
      "type": "Feature",
      "geometry": {
        "type": "Point",
        "coordinates": [
          1.9596782699453568,
          41.26388818342464
        ]
      },
      "properties": {
        "date": "2025-02-05"
      }
    },
    {
      "type": "Feature",
      "geometry": {
        "type": "Point",
        "coordinates": [
          1.9597013434426245,
          41.26388818342464
        ]
      },
      "properties": {
        "date": "2025-02-05"
      }
    },
    {
      "type": "Feature",
      "geometry": {
        "type": "Point",
        "coordinates": [
          1.9597244169398924,
          41.26388818342464
        ]
      },
      "properties": {
        "date": "2025-02-05"
      }
    },
    {
      "type": "Feature",
      "geometry": {
        "type": "Point",
        "coordinates": [
          1.9597474904371601,
          41.26388818342464
        ]
      },
      "properties": {
        "date": "2025-02-05"
      }
    },
    {
      "type": "Feature",
      "geometry": {
        "type": "Point",
        "coordinates": [
          1.9597705639344278,
          41.26388818342464
        ]
      },
      "properties": {
        "date": "2025-02-05"
      }
    },
    {
      "type": "Feature",
      "geometry": {
        "type": "Point",
        "coordinates": [
          1.9597936374316955,
          41.26388818342464
        ]
      },
      "properties": {
        "date": "2025-02-05"
      }
    },
    {
      "type": "Feature",
      "geometry": {
        "type": "Point",
        "coordinates": [
          1.9598167109289635,
          41.26388818342464
        ]
      },
      "properties": {
        "date": "2025-02-05"
      }
    },
    {
      "type": "Feature",
      "geometry": {
        "type": "Point",
        "coordinates": [
          1.9598397844262312,
          41.26388818342464
        ]
      },
      "properties": {
        "date": "2025-02-05"
      }
    },
    {
      "type": "Feature",
      "geometry": {
        "type": "Point",
        "coordinates": [
          1.959862857923499,
          41.26388818342464
        ]
      },
      "properties": {
        "date": "2025-02-05"
      }
    },
    {
      "type": "Feature",
      "geometry": {
        "type": "Point",
        "coordinates": [
          1.9598859314207666,
          41.26388818342464
        ]
      },
      "properties": {
        "date": "2025-02-05"
      }
    },
    {
      "type": "Feature",
      "geometry": {
        "type": "Point",
        "coordinates": [
          1.9599090049180343,
          41.26388818342464
        ]
      },
      "properties": {
        "date": "2025-02-05"
      }
    },
    {
      "type": "Feature",
      "geometry": {
        "type": "Point",
        "coordinates": [
          1.9599320784153023,
          41.26388818342464
        ]
      },
      "properties": {
        "date": "2025-02-05"
      }
    },
    {
      "type": "Feature",
      "geometry": {
        "type": "Point",
        "coordinates": [
          1.95995515191257,
          41.26388818342464
        ]
      },
      "properties": {
        "date": "2025-02-05"
      }
    },
    {
      "type": "Feature",
      "geometry": {
        "type": "Point",
        "coordinates": [
          1.9599782254098377,
          41.26388818342464
        ]
      },
      "properties": {
        "date": "2025-02-05"
      }
    },
    {
      "type": "Feature",
      "geometry": {
        "type": "Point",
        "coordinates": [
          1.9679616554644825,
          41.26388818342464
        ]
      },
      "properties": {
        "date": "2025-02-05"
      }
    },
    {
      "type": "Feature",
      "geometry": {
        "type": "Point",
        "coordinates": [
          1.9679847289617503,
          41.26388818342464
        ]
      },
      "properties": {
        "date": "2025-02-05"
      }
    },
    {
      "type": "Feature",
      "geometry": {
        "type": "Point",
        "coordinates": [
          1.968007802459018,
          41.26388818342464
        ]
      },
      "properties": {
        "date": "2025-02-05"
      }
    },
    {
      "type": "Feature",
      "geometry": {
        "type": "Point",
        "coordinates": [
          1.9680308759562857,
          41.26388818342464
        ]
      },
      "properties": {
        "date": "2025-02-05"
      }
    },
    {
      "type": "Feature",
      "geometry": {
        "type": "Point",
        "coordinates": [
          1.9680539494535536,
          41.26388818342464
        ]
      },
      "properties": {
        "date": "2025-02-05"
      }
    },
    {
      "type": "Feature",
      "geometry": {
        "type": "Point",
        "coordinates": [
          1.9680770229508213,
          41.26388818342464
        ]
      },
      "properties": {
        "date": "2025-02-05"
      }
    },
    {
      "type": "Feature",
      "geometry": {
        "type": "Point",
        "coordinates": [
          1.968100096448089,
          41.26388818342464
        ]
      },
      "properties": {
        "date": "2025-02-05"
      }
    },
    {
      "type": "Feature",
      "geometry": {
        "type": "Point",
        "coordinates": [
          1.9681231699453567,
          41.26388818342464
        ]
      },
      "properties": {
        "date": "2025-02-05"
      }
    },
    {
      "type": "Feature",
      "geometry": {
        "type": "Point",
        "coordinates": [
          1.9681462434426245,
          41.26388818342464
        ]
      },
      "properties": {
        "date": "2025-02-05"
      }
    },
    {
      "type": "Feature",
      "geometry": {
        "type": "Point",
        "coordinates": [
          1.9681693169398924,
          41.26388818342464
        ]
      },
      "properties": {
        "date": "2025-02-05"
      }
    },
    {
      "type": "Feature",
      "geometry": {
        "type": "Point",
        "coordinates": [
          1.96819239043716,
          41.26388818342464
        ]
      },
      "properties": {
        "date": "2025-02-05"
      }
    },
    {
      "type": "Feature",
      "geometry": {
        "type": "Point",
        "coordinates": [
          1.9682154639344278,
          41.26388818342464
        ]
      },
      "properties": {
        "date": "2025-02-05"
      }
    },
    {
      "type": "Feature",
      "geometry": {
        "type": "Point",
        "coordinates": [
          1.9682385374316955,
          41.26388818342464
        ]
      },
      "properties": {
        "date": "2025-02-05"
      }
    },
    {
      "type": "Feature",
      "geometry": {
        "type": "Point",
        "coordinates": [
          1.9682616109289632,
          41.26388818342464
        ]
      },
      "properties": {
        "date": "2025-02-05"
      }
    },
    {
      "type": "Feature",
      "geometry": {
        "type": "Point",
        "coordinates": [
          1.9682846844262312,
          41.26388818342464
        ]
      },
      "properties": {
        "date": "2025-02-05"
      }
    },
    {
      "type": "Feature",
      "geometry": {
        "type": "Point",
        "coordinates": [
          1.9683077579234989,
          41.26388818342464
        ]
      },
      "properties": {
        "date": "2025-02-05"
      }
    },
    {
      "type": "Feature",
      "geometry": {
        "type": "Point",
        "coordinates": [
          1.9683308314207666,
          41.26388818342464
        ]
      },
      "properties": {
        "date": "2025-02-05"
      }
    },
    {
      "type": "Feature",
      "geometry": {
        "type": "Point",
        "coordinates": [
          1.9683539049180343,
          41.26388818342464
        ]
      },
      "properties": {
        "date": "2025-02-05"
      }
    },
    {
      "type": "Feature",
      "geometry": {
        "type": "Point",
        "coordinates": [
          1.9683769784153022,
          41.26388818342464
        ]
      },
      "properties": {
        "date": "2025-02-05"
      }
    },
    {
      "type": "Feature",
      "geometry": {
        "type": "Point",
        "coordinates": [
          1.96840005191257,
          41.26388818342464
        ]
      },
      "properties": {
        "date": "2025-02-05"
      }
    },
    {
      "type": "Feature",
      "geometry": {
        "type": "Point",
        "coordinates": [
          1.9684231254098377,
          41.26388818342464
        ]
      },
      "properties": {
        "date": "2025-02-05"
      }
    },
    {
      "type": "Feature",
      "geometry": {
        "type": "Point",
        "coordinates": [
          1.9684461989071054,
          41.26388818342464
        ]
      },
      "properties": {
        "date": "2025-02-05"
      }
    },
    {
      "type": "Feature",
      "geometry": {
        "type": "Point",
        "coordinates": [
          1.968469272404373,
          41.26388818342464
        ]
      },
      "properties": {
        "date": "2025-02-05"
      }
    },
    {
      "type": "Feature",
      "geometry": {
        "type": "Point",
        "coordinates": [
          1.968492345901641,
          41.26388818342464
        ]
      },
      "properties": {
        "date": "2025-02-05"
      }
    },
    {
      "type": "Feature",
      "geometry": {
        "type": "Point",
        "coordinates": [
          1.9685154193989087,
          41.26388818342464
        ]
      },
      "properties": {
        "date": "2025-02-05"
      }
    },
    {
      "type": "Feature",
      "geometry": {
        "type": "Point",
        "coordinates": [
          1.9685384928961764,
          41.26388818342464
        ]
      },
      "properties": {
        "date": "2025-02-05"
      }
    },
    {
      "type": "Feature",
      "geometry": {
        "type": "Point",
        "coordinates": [
          1.9685615663934442,
          41.26388818342464
        ]
      },
      "properties": {
        "date": "2025-02-05"
      }
    },
    {
      "type": "Feature",
      "geometry": {
        "type": "Point",
        "coordinates": [
          1.9685846398907119,
          41.26388818342464
        ]
      },
      "properties": {
        "date": "2025-02-05"
      }
    },
    {
      "type": "Feature",
      "geometry": {
        "type": "Point",
        "coordinates": [
          1.9686077133879798,
          41.26388818342464
        ]
      },
      "properties": {
        "date": "2025-02-05"
      }
    },
    {
      "type": "Feature",
      "geometry": {
        "type": "Point",
        "coordinates": [
          1.9686307868852475,
          41.26388818342464
        ]
      },
      "properties": {
        "date": "2025-02-05"
      }
    },
    {
      "type": "Feature",
      "geometry": {
        "type": "Point",
        "coordinates": [
          1.9686538603825152,
          41.26388818342464
        ]
      },
      "properties": {
        "date": "2025-02-05"
      }
    },
    {
      "type": "Feature",
      "geometry": {
        "type": "Point",
        "coordinates": [
          1.968676933879783,
          41.26388818342464
        ]
      },
      "properties": {
        "date": "2025-02-05"
      }
    },
    {
      "type": "Feature",
      "geometry": {
        "type": "Point",
        "coordinates": [
          1.9687000073770509,
          41.26388818342464
        ]
      },
      "properties": {
        "date": "2025-02-05"
      }
    },
    {
      "type": "Feature",
      "geometry": {
        "type": "Point",
        "coordinates": [
          1.9687230808743186,
          41.26388818342464
        ]
      },
      "properties": {
        "date": "2025-02-05"
      }
    },
    {
      "type": "Feature",
      "geometry": {
        "type": "Point",
        "coordinates": [
          1.9687461543715863,
          41.26388818342464
        ]
      },
      "properties": {
        "date": "2025-02-05"
      }
    },
    {
      "type": "Feature",
      "geometry": {
        "type": "Point",
        "coordinates": [
          1.968769227868854,
          41.26388818342464
        ]
      },
      "properties": {
        "date": "2025-02-05"
      }
    },
    {
      "type": "Feature",
      "geometry": {
        "type": "Point",
        "coordinates": [
          1.9687923013661217,
          41.26388818342464
        ]
      },
      "properties": {
        "date": "2025-02-05"
      }
    },
    {
      "type": "Feature",
      "geometry": {
        "type": "Point",
        "coordinates": [
          1.9688153748633896,
          41.26388818342464
        ]
      },
      "properties": {
        "date": "2025-02-05"
      }
    },
    {
      "type": "Feature",
      "geometry": {
        "type": "Point",
        "coordinates": [
          1.9688384483606574,
          41.26388818342464
        ]
      },
      "properties": {
        "date": "2025-02-05"
      }
    },
    {
      "type": "Feature",
      "geometry": {
        "type": "Point",
        "coordinates": [
          1.968861521857925,
          41.26388818342464
        ]
      },
      "properties": {
        "date": "2025-02-05"
      }
    },
    {
      "type": "Feature",
      "geometry": {
        "type": "Point",
        "coordinates": [
          1.9688845953551928,
          41.26388818342464
        ]
      },
      "properties": {
        "date": "2025-02-05"
      }
    },
    {
      "type": "Feature",
      "geometry": {
        "type": "Point",
        "coordinates": [
          1.9689076688524607,
          41.26388818342464
        ]
      },
      "properties": {
        "date": "2025-02-05"
      }
    },
    {
      "type": "Feature",
      "geometry": {
        "type": "Point",
        "coordinates": [
          1.9689307423497284,
          41.26388818342464
        ]
      },
      "properties": {
        "date": "2025-02-05"
      }
    },
    {
      "type": "Feature",
      "geometry": {
        "type": "Point",
        "coordinates": [
          1.9689538158469961,
          41.26388818342464
        ]
      },
      "properties": {
        "date": "2025-02-05"
      }
    },
    {
      "type": "Feature",
      "geometry": {
        "type": "Point",
        "coordinates": [
          1.9689768893442638,
          41.26388818342464
        ]
      },
      "properties": {
        "date": "2025-02-05"
      }
    },
    {
      "type": "Feature",
      "geometry": {
        "type": "Point",
        "coordinates": [
          1.9689999628415316,
          41.26388818342464
        ]
      },
      "properties": {
        "date": "2025-02-05"
      }
    },
    {
      "type": "Feature",
      "geometry": {
        "type": "Point",
        "coordinates": [
          1.970015196721313,
          41.26388818342464
        ]
      },
      "properties": {
        "date": "2025-02-05"
      }
    },
    {
      "type": "Feature",
      "geometry": {
        "type": "Point",
        "coordinates": [
          1.9700382702185808,
          41.26388818342464
        ]
      },
      "properties": {
        "date": "2025-02-05"
      }
    },
    {
      "type": "Feature",
      "geometry": {
        "type": "Point",
        "coordinates": [
          1.9700613437158485,
          41.26388818342464
        ]
      },
      "properties": {
        "date": "2025-02-05"
      }
    },
    {
      "type": "Feature",
      "geometry": {
        "type": "Point",
        "coordinates": [
          1.9700844172131164,
          41.26388818342464
        ]
      },
      "properties": {
        "date": "2025-02-05"
      }
    },
    {
      "type": "Feature",
      "geometry": {
        "type": "Point",
        "coordinates": [
          1.9701074907103842,
          41.26388818342464
        ]
      },
      "properties": {
        "date": "2025-02-05"
      }
    },
    {
      "type": "Feature",
      "geometry": {
        "type": "Point",
        "coordinates": [
          1.9701305642076519,
          41.26388818342464
        ]
      },
      "properties": {
        "date": "2025-02-05"
      }
    },
    {
      "type": "Feature",
      "geometry": {
        "type": "Point",
        "coordinates": [
          1.9701536377049196,
          41.26388818342464
        ]
      },
      "properties": {
        "date": "2025-02-05"
      }
    },
    {
      "type": "Feature",
      "geometry": {
        "type": "Point",
        "coordinates": [
          1.9701767112021873,
          41.26388818342464
        ]
      },
      "properties": {
        "date": "2025-02-05"
      }
    },
    {
      "type": "Feature",
      "geometry": {
        "type": "Point",
        "coordinates": [
          1.9701997846994552,
          41.26388818342464
        ]
      },
      "properties": {
        "date": "2025-02-05"
      }
    },
    {
      "type": "Feature",
      "geometry": {
        "type": "Point",
        "coordinates": [
          1.970222858196723,
          41.26388818342464
        ]
      },
      "properties": {
        "date": "2025-02-05"
      }
    },
    {
      "type": "Feature",
      "geometry": {
        "type": "Point",
        "coordinates": [
          1.9702459316939906,
          41.26388818342464
        ]
      },
      "properties": {
        "date": "2025-02-05"
      }
    },
    {
      "type": "Feature",
      "geometry": {
        "type": "Point",
        "coordinates": [
          1.9702690051912584,
          41.26388818342464
        ]
      },
      "properties": {
        "date": "2025-02-05"
      }
    },
    {
      "type": "Feature",
      "geometry": {
        "type": "Point",
        "coordinates": [
          1.970292078688526,
          41.26388818342464
        ]
      },
      "properties": {
        "date": "2025-02-05"
      }
    },
    {
      "type": "Feature",
      "geometry": {
        "type": "Point",
        "coordinates": [
          1.970315152185794,
          41.26388818342464
        ]
      },
      "properties": {
        "date": "2025-02-05"
      }
    },
    {
      "type": "Feature",
      "geometry": {
        "type": "Point",
        "coordinates": [
          1.9703382256830617,
          41.26388818342464
        ]
      },
      "properties": {
        "date": "2025-02-05"
      }
    },
    {
      "type": "Feature",
      "geometry": {
        "type": "Point",
        "coordinates": [
          1.9703612991803294,
          41.26388818342464
        ]
      },
      "properties": {
        "date": "2025-02-05"
      }
    },
    {
      "type": "Feature",
      "geometry": {
        "type": "Point",
        "coordinates": [
          1.9703843726775971,
          41.26388818342464
        ]
      },
      "properties": {
        "date": "2025-02-05"
      }
    },
    {
      "type": "Feature",
      "geometry": {
        "type": "Point",
        "coordinates": [
          1.970407446174865,
          41.26388818342464
        ]
      },
      "properties": {
        "date": "2025-02-05"
      }
    },
    {
      "type": "Feature",
      "geometry": {
        "type": "Point",
        "coordinates": [
          1.9704305196721328,
          41.26388818342464
        ]
      },
      "properties": {
        "date": "2025-02-05"
      }
    },
    {
      "type": "Feature",
      "geometry": {
        "type": "Point",
        "coordinates": [
          1.9704535931694005,
          41.26388818342464
        ]
      },
      "properties": {
        "date": "2025-02-05"
      }
    },
    {
      "type": "Feature",
      "geometry": {
        "type": "Point",
        "coordinates": [
          1.9704766666666682,
          41.26388818342464
        ]
      },
      "properties": {
        "date": "2025-02-05"
      }
    },
    {
      "type": "Feature",
      "geometry": {
        "type": "Point",
        "coordinates": [
          1.970499740163936,
          41.26388818342464
        ]
      },
      "properties": {
        "date": "2025-02-05"
      }
    },
    {
      "type": "Feature",
      "geometry": {
        "type": "Point",
        "coordinates": [
          1.9705228136612039,
          41.26388818342464
        ]
      },
      "properties": {
        "date": "2025-02-05"
      }
    },
    {
      "type": "Feature",
      "geometry": {
        "type": "Point",
        "coordinates": [
          1.9705458871584716,
          41.26388818342464
        ]
      },
      "properties": {
        "date": "2025-02-05"
      }
    },
    {
      "type": "Feature",
      "geometry": {
        "type": "Point",
        "coordinates": [
          1.9705689606557393,
          41.26388818342464
        ]
      },
      "properties": {
        "date": "2025-02-05"
      }
    },
    {
      "type": "Feature",
      "geometry": {
        "type": "Point",
        "coordinates": [
          1.970592034153007,
          41.26388818342464
        ]
      },
      "properties": {
        "date": "2025-02-05"
      }
    },
    {
      "type": "Feature",
      "geometry": {
        "type": "Point",
        "coordinates": [
          1.9706151076502747,
          41.26388818342464
        ]
      },
      "properties": {
        "date": "2025-02-05"
      }
    },
    {
      "type": "Feature",
      "geometry": {
        "type": "Point",
        "coordinates": [
          1.9706381811475426,
          41.26388818342464
        ]
      },
      "properties": {
        "date": "2025-02-05"
      }
    },
    {
      "type": "Feature",
      "geometry": {
        "type": "Point",
        "coordinates": [
          1.9706612546448103,
          41.26388818342464
        ]
      },
      "properties": {
        "date": "2025-02-05"
      }
    },
    {
      "type": "Feature",
      "geometry": {
        "type": "Point",
        "coordinates": [
          1.970684328142078,
          41.26388818342464
        ]
      },
      "properties": {
        "date": "2025-02-05"
      }
    },
    {
      "type": "Feature",
      "geometry": {
        "type": "Point",
        "coordinates": [
          1.9715380475409852,
          41.26388818342464
        ]
      },
      "properties": {
        "date": "2025-02-05"
      }
    },
    {
      "type": "Feature",
      "geometry": {
        "type": "Point",
        "coordinates": [
          1.9715611210382529,
          41.26388818342464
        ]
      },
      "properties": {
        "date": "2025-02-05"
      }
    },
    {
      "type": "Feature",
      "geometry": {
        "type": "Point",
        "coordinates": [
          1.9715841945355208,
          41.26388818342464
        ]
      },
      "properties": {
        "date": "2025-02-05"
      }
    },
    {
      "type": "Feature",
      "geometry": {
        "type": "Point",
        "coordinates": [
          1.9716072680327885,
          41.26388818342464
        ]
      },
      "properties": {
        "date": "2025-02-05"
      }
    },
    {
      "type": "Feature",
      "geometry": {
        "type": "Point",
        "coordinates": [
          1.9716303415300562,
          41.26388818342464
        ]
      },
      "properties": {
        "date": "2025-02-05"
      }
    },
    {
      "type": "Feature",
      "geometry": {
        "type": "Point",
        "coordinates": [
          1.971653415027324,
          41.26388818342464
        ]
      },
      "properties": {
        "date": "2025-02-05"
      }
    },
    {
      "type": "Feature",
      "geometry": {
        "type": "Point",
        "coordinates": [
          1.9716764885245917,
          41.26388818342464
        ]
      },
      "properties": {
        "date": "2025-02-05"
      }
    },
    {
      "type": "Feature",
      "geometry": {
        "type": "Point",
        "coordinates": [
          1.9716995620218596,
          41.26388818342464
        ]
      },
      "properties": {
        "date": "2025-02-05"
      }
    },
    {
      "type": "Feature",
      "geometry": {
        "type": "Point",
        "coordinates": [
          1.9717226355191273,
          41.26388818342464
        ]
      },
      "properties": {
        "date": "2025-02-05"
      }
    },
    {
      "type": "Feature",
      "geometry": {
        "type": "Point",
        "coordinates": [
          1.971745709016395,
          41.26388818342464
        ]
      },
      "properties": {
        "date": "2025-02-05"
      }
    },
    {
      "type": "Feature",
      "geometry": {
        "type": "Point",
        "coordinates": [
          1.9720225909836082,
          41.26388818342464
        ]
      },
      "properties": {
        "date": "2025-02-05"
      }
    },
    {
      "type": "Feature",
      "geometry": {
        "type": "Point",
        "coordinates": [
          1.972045664480876,
          41.26388818342464
        ]
      },
      "properties": {
        "date": "2025-02-05"
      }
    },
    {
      "type": "Feature",
      "geometry": {
        "type": "Point",
        "coordinates": [
          1.9720687379781436,
          41.26388818342464
        ]
      },
      "properties": {
        "date": "2025-02-05"
      }
    },
    {
      "type": "Feature",
      "geometry": {
        "type": "Point",
        "coordinates": [
          1.9720918114754113,
          41.26388818342464
        ]
      },
      "properties": {
        "date": "2025-02-05"
      }
    },
    {
      "type": "Feature",
      "geometry": {
        "type": "Point",
        "coordinates": [
          1.972114884972679,
          41.26388818342464
        ]
      },
      "properties": {
        "date": "2025-02-05"
      }
    },
    {
      "type": "Feature",
      "geometry": {
        "type": "Point",
        "coordinates": [
          1.972137958469947,
          41.26388818342464
        ]
      },
      "properties": {
        "date": "2025-02-05"
      }
    },
    {
      "type": "Feature",
      "geometry": {
        "type": "Point",
        "coordinates": [
          1.9721610319672147,
          41.26388818342464
        ]
      },
      "properties": {
        "date": "2025-02-05"
      }
    },
    {
      "type": "Feature",
      "geometry": {
        "type": "Point",
        "coordinates": [
          1.9721841054644824,
          41.26388818342464
        ]
      },
      "properties": {
        "date": "2025-02-05"
      }
    },
    {
      "type": "Feature",
      "geometry": {
        "type": "Point",
        "coordinates": [
          1.9722071789617501,
          41.26388818342464
        ]
      },
      "properties": {
        "date": "2025-02-05"
      }
    },
    {
      "type": "Feature",
      "geometry": {
        "type": "Point",
        "coordinates": [
          1.972230252459018,
          41.26388818342464
        ]
      },
      "properties": {
        "date": "2025-02-05"
      }
    },
    {
      "type": "Feature",
      "geometry": {
        "type": "Point",
        "coordinates": [
          1.9722533259562858,
          41.26388818342464
        ]
      },
      "properties": {
        "date": "2025-02-05"
      }
    },
    {
      "type": "Feature",
      "geometry": {
        "type": "Point",
        "coordinates": [
          1.9722763994535535,
          41.26388818342464
        ]
      },
      "properties": {
        "date": "2025-02-05"
      }
    },
    {
      "type": "Feature",
      "geometry": {
        "type": "Point",
        "coordinates": [
          1.9722994729508212,
          41.26388818342464
        ]
      },
      "properties": {
        "date": "2025-02-05"
      }
    },
    {
      "type": "Feature",
      "geometry": {
        "type": "Point",
        "coordinates": [
          1.972322546448089,
          41.26388818342464
        ]
      },
      "properties": {
        "date": "2025-02-05"
      }
    },
    {
      "type": "Feature",
      "geometry": {
        "type": "Point",
        "coordinates": [
          1.9723456199453568,
          41.26388818342464
        ]
      },
      "properties": {
        "date": "2025-02-05"
      }
    },
    {
      "type": "Feature",
      "geometry": {
        "type": "Point",
        "coordinates": [
          1.9723686934426246,
          41.26388818342464
        ]
      },
      "properties": {
        "date": "2025-02-05"
      }
    },
    {
      "type": "Feature",
      "geometry": {
        "type": "Point",
        "coordinates": [
          1.9723917669398923,
          41.26388818342464
        ]
      },
      "properties": {
        "date": "2025-02-05"
      }
    },
    {
      "type": "Feature",
      "geometry": {
        "type": "Point",
        "coordinates": [
          1.97241484043716,
          41.26388818342464
        ]
      },
      "properties": {
        "date": "2025-02-05"
      }
    },
    {
      "type": "Feature",
      "geometry": {
        "type": "Point",
        "coordinates": [
          1.9724379139344277,
          41.26388818342464
        ]
      },
      "properties": {
        "date": "2025-02-05"
      }
    },
    {
      "type": "Feature",
      "geometry": {
        "type": "Point",
        "coordinates": [
          1.9724609874316956,
          41.26388818342464
        ]
      },
      "properties": {
        "date": "2025-02-05"
      }
    },
    {
      "type": "Feature",
      "geometry": {
        "type": "Point",
        "coordinates": [
          1.9724840609289633,
          41.26388818342464
        ]
      },
      "properties": {
        "date": "2025-02-05"
      }
    },
    {
      "type": "Feature",
      "geometry": {
        "type": "Point",
        "coordinates": [
          1.972507134426231,
          41.26388818342464
        ]
      },
      "properties": {
        "date": "2025-02-05"
      }
    },
    {
      "type": "Feature",
      "geometry": {
        "type": "Point",
        "coordinates": [
          1.9725302079234988,
          41.26388818342464
        ]
      },
      "properties": {
        "date": "2025-02-05"
      }
    },
    {
      "type": "Feature",
      "geometry": {
        "type": "Point",
        "coordinates": [
          1.9725532814207667,
          41.26388818342464
        ]
      },
      "properties": {
        "date": "2025-02-05"
      }
    },
    {
      "type": "Feature",
      "geometry": {
        "type": "Point",
        "coordinates": [
          1.9725763549180344,
          41.26388818342464
        ]
      },
      "properties": {
        "date": "2025-02-05"
      }
    },
    {
      "type": "Feature",
      "geometry": {
        "type": "Point",
        "coordinates": [
          1.9725994284153021,
          41.26388818342464
        ]
      },
      "properties": {
        "date": "2025-02-05"
      }
    },
    {
      "type": "Feature",
      "geometry": {
        "type": "Point",
        "coordinates": [
          1.9726225019125698,
          41.26388818342464
        ]
      },
      "properties": {
        "date": "2025-02-05"
      }
    },
    {
      "type": "Feature",
      "geometry": {
        "type": "Point",
        "coordinates": [
          1.9726455754098375,
          41.26388818342464
        ]
      },
      "properties": {
        "date": "2025-02-05"
      }
    },
    {
      "type": "Feature",
      "geometry": {
        "type": "Point",
        "coordinates": [
          1.9726686489071055,
          41.26388818342464
        ]
      },
      "properties": {
        "date": "2025-02-05"
      }
    },
    {
      "type": "Feature",
      "geometry": {
        "type": "Point",
        "coordinates": [
          1.9726917224043732,
          41.26388818342464
        ]
      },
      "properties": {
        "date": "2025-02-05"
      }
    },
    {
      "type": "Feature",
      "geometry": {
        "type": "Point",
        "coordinates": [
          1.972714795901641,
          41.26388818342464
        ]
      },
      "properties": {
        "date": "2025-02-05"
      }
    },
    {
      "type": "Feature",
      "geometry": {
        "type": "Point",
        "coordinates": [
          1.9727378693989086,
          41.26388818342464
        ]
      },
      "properties": {
        "date": "2025-02-05"
      }
    },
    {
      "type": "Feature",
      "geometry": {
        "type": "Point",
        "coordinates": [
          1.9727609428961763,
          41.26388818342464
        ]
      },
      "properties": {
        "date": "2025-02-05"
      }
    },
    {
      "type": "Feature",
      "geometry": {
        "type": "Point",
        "coordinates": [
          1.9727840163934443,
          41.26388818342464
        ]
      },
      "properties": {
        "date": "2025-02-05"
      }
    },
    {
      "type": "Feature",
      "geometry": {
        "type": "Point",
        "coordinates": [
          1.972807089890712,
          41.26388818342464
        ]
      },
      "properties": {
        "date": "2025-02-05"
      }
    },
    {
      "type": "Feature",
      "geometry": {
        "type": "Point",
        "coordinates": [
          1.9728301633879797,
          41.26388818342464
        ]
      },
      "properties": {
        "date": "2025-02-05"
      }
    },
    {
      "type": "Feature",
      "geometry": {
        "type": "Point",
        "coordinates": [
          1.9728532368852474,
          41.26388818342464
        ]
      },
      "properties": {
        "date": "2025-02-05"
      }
    },
    {
      "type": "Feature",
      "geometry": {
        "type": "Point",
        "coordinates": [
          1.9728763103825153,
          41.26388818342464
        ]
      },
      "properties": {
        "date": "2025-02-05"
      }
    },
    {
      "type": "Feature",
      "geometry": {
        "type": "Point",
        "coordinates": [
          1.972899383879783,
          41.26388818342464
        ]
      },
      "properties": {
        "date": "2025-02-05"
      }
    },
    {
      "type": "Feature",
      "geometry": {
        "type": "Point",
        "coordinates": [
          1.9729224573770507,
          41.26388818342464
        ]
      },
      "properties": {
        "date": "2025-02-05"
      }
    },
    {
      "type": "Feature",
      "geometry": {
        "type": "Point",
        "coordinates": [
          1.9729455308743185,
          41.26388818342464
        ]
      },
      "properties": {
        "date": "2025-02-05"
      }
    },
    {
      "type": "Feature",
      "geometry": {
        "type": "Point",
        "coordinates": [
          1.9729686043715862,
          41.26388818342464
        ]
      },
      "properties": {
        "date": "2025-02-05"
      }
    },
    {
      "type": "Feature",
      "geometry": {
        "type": "Point",
        "coordinates": [
          1.972991677868854,
          41.26388818342464
        ]
      },
      "properties": {
        "date": "2025-02-05"
      }
    },
    {
      "type": "Feature",
      "geometry": {
        "type": "Point",
        "coordinates": [
          1.9730147513661218,
          41.26388818342464
        ]
      },
      "properties": {
        "date": "2025-02-05"
      }
    },
    {
      "type": "Feature",
      "geometry": {
        "type": "Point",
        "coordinates": [
          1.9730378248633895,
          41.26388818342464
        ]
      },
      "properties": {
        "date": "2025-02-05"
      }
    },
    {
      "type": "Feature",
      "geometry": {
        "type": "Point",
        "coordinates": [
          1.9730608983606572,
          41.26388818342464
        ]
      },
      "properties": {
        "date": "2025-02-05"
      }
    },
    {
      "type": "Feature",
      "geometry": {
        "type": "Point",
        "coordinates": [
          1.9730839718579252,
          41.26388818342464
        ]
      },
      "properties": {
        "date": "2025-02-05"
      }
    },
    {
      "type": "Feature",
      "geometry": {
        "type": "Point",
        "coordinates": [
          1.9731070453551929,
          41.26388818342464
        ]
      },
      "properties": {
        "date": "2025-02-05"
      }
    },
    {
      "type": "Feature",
      "geometry": {
        "type": "Point",
        "coordinates": [
          1.9731301188524606,
          41.26388818342464
        ]
      },
      "properties": {
        "date": "2025-02-05"
      }
    },
    {
      "type": "Feature",
      "geometry": {
        "type": "Point",
        "coordinates": [
          1.9731531923497283,
          41.26388818342464
        ]
      },
      "properties": {
        "date": "2025-02-05"
      }
    },
    {
      "type": "Feature",
      "geometry": {
        "type": "Point",
        "coordinates": [
          1.973176265846996,
          41.26388818342464
        ]
      },
      "properties": {
        "date": "2025-02-05"
      }
    },
    {
      "type": "Feature",
      "geometry": {
        "type": "Point",
        "coordinates": [
          1.973199339344264,
          41.26388818342464
        ]
      },
      "properties": {
        "date": "2025-02-05"
      }
    },
    {
      "type": "Feature",
      "geometry": {
        "type": "Point",
        "coordinates": [
          1.9732224128415317,
          41.26388818342464
        ]
      },
      "properties": {
        "date": "2025-02-05"
      }
    },
    {
      "type": "Feature",
      "geometry": {
        "type": "Point",
        "coordinates": [
          1.9732454863387994,
          41.26388818342464
        ]
      },
      "properties": {
        "date": "2025-02-05"
      }
    },
    {
      "type": "Feature",
      "geometry": {
        "type": "Point",
        "coordinates": [
          1.973268559836067,
          41.26388818342464
        ]
      },
      "properties": {
        "date": "2025-02-05"
      }
    },
    {
      "type": "Feature",
      "geometry": {
        "type": "Point",
        "coordinates": [
          1.9732916333333348,
          41.26388818342464
        ]
      },
      "properties": {
        "date": "2025-02-05"
      }
    },
    {
      "type": "Feature",
      "geometry": {
        "type": "Point",
        "coordinates": [
          1.9733147068306027,
          41.26388818342464
        ]
      },
      "properties": {
        "date": "2025-02-05"
      }
    },
    {
      "type": "Feature",
      "geometry": {
        "type": "Point",
        "coordinates": [
          1.9753682480874333,
          41.26388818342464
        ]
      },
      "properties": {
        "date": "2025-02-05"
      }
    },
    {
      "type": "Feature",
      "geometry": {
        "type": "Point",
        "coordinates": [
          1.975391321584701,
          41.26388818342464
        ]
      },
      "properties": {
        "date": "2025-02-05"
      }
    },
    {
      "type": "Feature",
      "geometry": {
        "type": "Point",
        "coordinates": [
          1.9754143950819687,
          41.26388818342464
        ]
      },
      "properties": {
        "date": "2025-02-05"
      }
    },
    {
      "type": "Feature",
      "geometry": {
        "type": "Point",
        "coordinates": [
          1.9754374685792366,
          41.26388818342464
        ]
      },
      "properties": {
        "date": "2025-02-05"
      }
    },
    {
      "type": "Feature",
      "geometry": {
        "type": "Point",
        "coordinates": [
          1.9754605420765043,
          41.26388818342464
        ]
      },
      "properties": {
        "date": "2025-02-05"
      }
    },
    {
      "type": "Feature",
      "geometry": {
        "type": "Point",
        "coordinates": [
          1.975483615573772,
          41.26388818342464
        ]
      },
      "properties": {
        "date": "2025-02-05"
      }
    },
    {
      "type": "Feature",
      "geometry": {
        "type": "Point",
        "coordinates": [
          1.9755066890710398,
          41.26388818342464
        ]
      },
      "properties": {
        "date": "2025-02-05"
      }
    },
    {
      "type": "Feature",
      "geometry": {
        "type": "Point",
        "coordinates": [
          1.9755297625683075,
          41.26388818342464
        ]
      },
      "properties": {
        "date": "2025-02-05"
      }
    },
    {
      "type": "Feature",
      "geometry": {
        "type": "Point",
        "coordinates": [
          1.9755528360655754,
          41.26388818342464
        ]
      },
      "properties": {
        "date": "2025-02-05"
      }
    },
    {
      "type": "Feature",
      "geometry": {
        "type": "Point",
        "coordinates": [
          1.9755759095628431,
          41.26388818342464
        ]
      },
      "properties": {
        "date": "2025-02-05"
      }
    },
    {
      "type": "Feature",
      "geometry": {
        "type": "Point",
        "coordinates": [
          1.9755989830601108,
          41.26388818342464
        ]
      },
      "properties": {
        "date": "2025-02-05"
      }
    },
    {
      "type": "Feature",
      "geometry": {
        "type": "Point",
        "coordinates": [
          1.9756220565573785,
          41.26388818342464
        ]
      },
      "properties": {
        "date": "2025-02-05"
      }
    },
    {
      "type": "Feature",
      "geometry": {
        "type": "Point",
        "coordinates": [
          1.9756451300546463,
          41.26388818342464
        ]
      },
      "properties": {
        "date": "2025-02-05"
      }
    },
    {
      "type": "Feature",
      "geometry": {
        "type": "Point",
        "coordinates": [
          1.9756682035519142,
          41.26388818342464
        ]
      },
      "properties": {
        "date": "2025-02-05"
      }
    },
    {
      "type": "Feature",
      "geometry": {
        "type": "Point",
        "coordinates": [
          1.975691277049182,
          41.26388818342464
        ]
      },
      "properties": {
        "date": "2025-02-05"
      }
    },
    {
      "type": "Feature",
      "geometry": {
        "type": "Point",
        "coordinates": [
          1.9757143505464496,
          41.26388818342464
        ]
      },
      "properties": {
        "date": "2025-02-05"
      }
    },
    {
      "type": "Feature",
      "geometry": {
        "type": "Point",
        "coordinates": [
          1.9757374240437173,
          41.26388818342464
        ]
      },
      "properties": {
        "date": "2025-02-05"
      }
    },
    {
      "type": "Feature",
      "geometry": {
        "type": "Point",
        "coordinates": [
          1.9757604975409853,
          41.26388818342464
        ]
      },
      "properties": {
        "date": "2025-02-05"
      }
    },
    {
      "type": "Feature",
      "geometry": {
        "type": "Point",
        "coordinates": [
          1.975783571038253,
          41.26388818342464
        ]
      },
      "properties": {
        "date": "2025-02-05"
      }
    },
    {
      "type": "Feature",
      "geometry": {
        "type": "Point",
        "coordinates": [
          1.9758066445355207,
          41.26388818342464
        ]
      },
      "properties": {
        "date": "2025-02-05"
      }
    },
    {
      "type": "Feature",
      "geometry": {
        "type": "Point",
        "coordinates": [
          1.9758297180327884,
          41.26388818342464
        ]
      },
      "properties": {
        "date": "2025-02-05"
      }
    },
    {
      "type": "Feature",
      "geometry": {
        "type": "Point",
        "coordinates": [
          1.975852791530056,
          41.26388818342464
        ]
      },
      "properties": {
        "date": "2025-02-05"
      }
    },
    {
      "type": "Feature",
      "geometry": {
        "type": "Point",
        "coordinates": [
          1.975875865027324,
          41.26388818342464
        ]
      },
      "properties": {
        "date": "2025-02-05"
      }
    },
    {
      "type": "Feature",
      "geometry": {
        "type": "Point",
        "coordinates": [
          1.9758989385245918,
          41.26388818342464
        ]
      },
      "properties": {
        "date": "2025-02-05"
      }
    },
    {
      "type": "Feature",
      "geometry": {
        "type": "Point",
        "coordinates": [
          1.9759220120218595,
          41.26388818342464
        ]
      },
      "properties": {
        "date": "2025-02-05"
      }
    },
    {
      "type": "Feature",
      "geometry": {
        "type": "Point",
        "coordinates": [
          1.9759450855191272,
          41.26388818342464
        ]
      },
      "properties": {
        "date": "2025-02-05"
      }
    },
    {
      "type": "Feature",
      "geometry": {
        "type": "Point",
        "coordinates": [
          1.9759681590163949,
          41.26388818342464
        ]
      },
      "properties": {
        "date": "2025-02-05"
      }
    },
    {
      "type": "Feature",
      "geometry": {
        "type": "Point",
        "coordinates": [
          1.9759912325136628,
          41.26388818342464
        ]
      },
      "properties": {
        "date": "2025-02-05"
      }
    },
    {
      "type": "Feature",
      "geometry": {
        "type": "Point",
        "coordinates": [
          1.9760143060109305,
          41.26388818342464
        ]
      },
      "properties": {
        "date": "2025-02-05"
      }
    },
    {
      "type": "Feature",
      "geometry": {
        "type": "Point",
        "coordinates": [
          1.9760373795081982,
          41.26388818342464
        ]
      },
      "properties": {
        "date": "2025-02-05"
      }
    },
    {
      "type": "Feature",
      "geometry": {
        "type": "Point",
        "coordinates": [
          1.976060453005466,
          41.26388818342464
        ]
      },
      "properties": {
        "date": "2025-02-05"
      }
    },
    {
      "type": "Feature",
      "geometry": {
        "type": "Point",
        "coordinates": [
          1.976083526502734,
          41.26388818342464
        ]
      },
      "properties": {
        "date": "2025-02-05"
      }
    },
    {
      "type": "Feature",
      "geometry": {
        "type": "Point",
        "coordinates": [
          1.9761066000000016,
          41.26388818342464
        ]
      },
      "properties": {
        "date": "2025-02-05"
      }
    },
    {
      "type": "Feature",
      "geometry": {
        "type": "Point",
        "coordinates": [
          1.9761296734972693,
          41.26388818342464
        ]
      },
      "properties": {
        "date": "2025-02-05"
      }
    },
    {
      "type": "Feature",
      "geometry": {
        "type": "Point",
        "coordinates": [
          1.976152746994537,
          41.26388818342464
        ]
      },
      "properties": {
        "date": "2025-02-05"
      }
    },
    {
      "type": "Feature",
      "geometry": {
        "type": "Point",
        "coordinates": [
          1.9761758204918047,
          41.26388818342464
        ]
      },
      "properties": {
        "date": "2025-02-05"
      }
    },
    {
      "type": "Feature",
      "geometry": {
        "type": "Point",
        "coordinates": [
          1.9761988939890727,
          41.26388818342464
        ]
      },
      "properties": {
        "date": "2025-02-05"
      }
    },
    {
      "type": "Feature",
      "geometry": {
        "type": "Point",
        "coordinates": [
          1.9762219674863404,
          41.26388818342464
        ]
      },
      "properties": {
        "date": "2025-02-05"
      }
    },
    {
      "type": "Feature",
      "geometry": {
        "type": "Point",
        "coordinates": [
          1.976245040983608,
          41.26388818342464
        ]
      },
      "properties": {
        "date": "2025-02-05"
      }
    },
    {
      "type": "Feature",
      "geometry": {
        "type": "Point",
        "coordinates": [
          1.9762681144808758,
          41.26388818342464
        ]
      },
      "properties": {
        "date": "2025-02-05"
      }
    },
    {
      "type": "Feature",
      "geometry": {
        "type": "Point",
        "coordinates": [
          1.9762911879781435,
          41.26388818342464
        ]
      },
      "properties": {
        "date": "2025-02-05"
      }
    },
    {
      "type": "Feature",
      "geometry": {
        "type": "Point",
        "coordinates": [
          1.9763142614754114,
          41.26388818342464
        ]
      },
      "properties": {
        "date": "2025-02-05"
      }
    },
    {
      "type": "Feature",
      "geometry": {
        "type": "Point",
        "coordinates": [
          1.9763373349726792,
          41.26388818342464
        ]
      },
      "properties": {
        "date": "2025-02-05"
      }
    },
    {
      "type": "Feature",
      "geometry": {
        "type": "Point",
        "coordinates": [
          1.9763604084699469,
          41.26388818342464
        ]
      },
      "properties": {
        "date": "2025-02-05"
      }
    },
    {
      "type": "Feature",
      "geometry": {
        "type": "Point",
        "coordinates": [
          1.9763834819672146,
          41.26388818342464
        ]
      },
      "properties": {
        "date": "2025-02-05"
      }
    },
    {
      "type": "Feature",
      "geometry": {
        "type": "Point",
        "coordinates": [
          1.9764065554644825,
          41.26388818342464
        ]
      },
      "properties": {
        "date": "2025-02-05"
      }
    },
    {
      "type": "Feature",
      "geometry": {
        "type": "Point",
        "coordinates": [
          1.9771449073770506,
          41.26388818342464
        ]
      },
      "properties": {
        "date": "2025-02-05"
      }
    },
    {
      "type": "Feature",
      "geometry": {
        "type": "Point",
        "coordinates": [
          1.9771679808743186,
          41.26388818342464
        ]
      },
      "properties": {
        "date": "2025-02-05"
      }
    },
    {
      "type": "Feature",
      "geometry": {
        "type": "Point",
        "coordinates": [
          1.9771910543715863,
          41.26388818342464
        ]
      },
      "properties": {
        "date": "2025-02-05"
      }
    },
    {
      "type": "Feature",
      "geometry": {
        "type": "Point",
        "coordinates": [
          1.977214127868854,
          41.26388818342464
        ]
      },
      "properties": {
        "date": "2025-02-05"
      }
    },
    {
      "type": "Feature",
      "geometry": {
        "type": "Point",
        "coordinates": [
          1.9772372013661217,
          41.26388818342464
        ]
      },
      "properties": {
        "date": "2025-02-05"
      }
    },
    {
      "type": "Feature",
      "geometry": {
        "type": "Point",
        "coordinates": [
          1.9772602748633896,
          41.26388818342464
        ]
      },
      "properties": {
        "date": "2025-02-05"
      }
    },
    {
      "type": "Feature",
      "geometry": {
        "type": "Point",
        "coordinates": [
          1.9772833483606573,
          41.26388818342464
        ]
      },
      "properties": {
        "date": "2025-02-05"
      }
    },
    {
      "type": "Feature",
      "geometry": {
        "type": "Point",
        "coordinates": [
          1.977306421857925,
          41.26388818342464
        ]
      },
      "properties": {
        "date": "2025-02-05"
      }
    },
    {
      "type": "Feature",
      "geometry": {
        "type": "Point",
        "coordinates": [
          1.9773294953551928,
          41.26388818342464
        ]
      },
      "properties": {
        "date": "2025-02-05"
      }
    },
    {
      "type": "Feature",
      "geometry": {
        "type": "Point",
        "coordinates": [
          1.9773525688524605,
          41.26388818342464
        ]
      },
      "properties": {
        "date": "2025-02-05"
      }
    },
    {
      "type": "Feature",
      "geometry": {
        "type": "Point",
        "coordinates": [
          1.9773756423497284,
          41.26388818342464
        ]
      },
      "properties": {
        "date": "2025-02-05"
      }
    },
    {
      "type": "Feature",
      "geometry": {
        "type": "Point",
        "coordinates": [
          1.9773987158469961,
          41.26388818342464
        ]
      },
      "properties": {
        "date": "2025-02-05"
      }
    },
    {
      "type": "Feature",
      "geometry": {
        "type": "Point",
        "coordinates": [
          1.9774217893442638,
          41.26388818342464
        ]
      },
      "properties": {
        "date": "2025-02-05"
      }
    },
    {
      "type": "Feature",
      "geometry": {
        "type": "Point",
        "coordinates": [
          1.9774448628415315,
          41.26388818342464
        ]
      },
      "properties": {
        "date": "2025-02-05"
      }
    },
    {
      "type": "Feature",
      "geometry": {
        "type": "Point",
        "coordinates": [
          1.9774679363387992,
          41.26388818342464
        ]
      },
      "properties": {
        "date": "2025-02-05"
      }
    },
    {
      "type": "Feature",
      "geometry": {
        "type": "Point",
        "coordinates": [
          1.9774910098360672,
          41.26388818342464
        ]
      },
      "properties": {
        "date": "2025-02-05"
      }
    },
    {
      "type": "Feature",
      "geometry": {
        "type": "Point",
        "coordinates": [
          1.977514083333335,
          41.26388818342464
        ]
      },
      "properties": {
        "date": "2025-02-05"
      }
    },
    {
      "type": "Feature",
      "geometry": {
        "type": "Point",
        "coordinates": [
          1.9775371568306026,
          41.26388818342464
        ]
      },
      "properties": {
        "date": "2025-02-05"
      }
    },
    {
      "type": "Feature",
      "geometry": {
        "type": "Point",
        "coordinates": [
          1.9775602303278703,
          41.26388818342464
        ]
      },
      "properties": {
        "date": "2025-02-05"
      }
    },
    {
      "type": "Feature",
      "geometry": {
        "type": "Point",
        "coordinates": [
          1.9775833038251383,
          41.26388818342464
        ]
      },
      "properties": {
        "date": "2025-02-05"
      }
    },
    {
      "type": "Feature",
      "geometry": {
        "type": "Point",
        "coordinates": [
          1.977606377322406,
          41.26388818342464
        ]
      },
      "properties": {
        "date": "2025-02-05"
      }
    },
    {
      "type": "Feature",
      "geometry": {
        "type": "Point",
        "coordinates": [
          1.9776294508196737,
          41.26388818342464
        ]
      },
      "properties": {
        "date": "2025-02-05"
      }
    },
    {
      "type": "Feature",
      "geometry": {
        "type": "Point",
        "coordinates": [
          1.9776525243169414,
          41.26388818342464
        ]
      },
      "properties": {
        "date": "2025-02-05"
      }
    },
    {
      "type": "Feature",
      "geometry": {
        "type": "Point",
        "coordinates": [
          1.977675597814209,
          41.26388818342464
        ]
      },
      "properties": {
        "date": "2025-02-05"
      }
    },
    {
      "type": "Feature",
      "geometry": {
        "type": "Point",
        "coordinates": [
          1.977698671311477,
          41.26388818342464
        ]
      },
      "properties": {
        "date": "2025-02-05"
      }
    },
    {
      "type": "Feature",
      "geometry": {
        "type": "Point",
        "coordinates": [
          1.9777217448087447,
          41.26388818342464
        ]
      },
      "properties": {
        "date": "2025-02-05"
      }
    },
    {
      "type": "Feature",
      "geometry": {
        "type": "Point",
        "coordinates": [
          1.9777448183060125,
          41.26388818342464
        ]
      },
      "properties": {
        "date": "2025-02-05"
      }
    },
    {
      "type": "Feature",
      "geometry": {
        "type": "Point",
        "coordinates": [
          1.9777678918032802,
          41.26388818342464
        ]
      },
      "properties": {
        "date": "2025-02-05"
      }
    },
    {
      "type": "Feature",
      "geometry": {
        "type": "Point",
        "coordinates": [
          1.977790965300548,
          41.26388818342464
        ]
      },
      "properties": {
        "date": "2025-02-05"
      }
    },
    {
      "type": "Feature",
      "geometry": {
        "type": "Point",
        "coordinates": [
          1.9778140387978158,
          41.26388818342464
        ]
      },
      "properties": {
        "date": "2025-02-05"
      }
    },
    {
      "type": "Feature",
      "geometry": {
        "type": "Point",
        "coordinates": [
          1.9778371122950835,
          41.26388818342464
        ]
      },
      "properties": {
        "date": "2025-02-05"
      }
    },
    {
      "type": "Feature",
      "geometry": {
        "type": "Point",
        "coordinates": [
          1.9778601857923512,
          41.26388818342464
        ]
      },
      "properties": {
        "date": "2025-02-05"
      }
    },
    {
      "type": "Feature",
      "geometry": {
        "type": "Point",
        "coordinates": [
          1.977883259289619,
          41.26388818342464
        ]
      },
      "properties": {
        "date": "2025-02-05"
      }
    },
    {
      "type": "Feature",
      "geometry": {
        "type": "Point",
        "coordinates": [
          1.9779063327868869,
          41.26388818342464
        ]
      },
      "properties": {
        "date": "2025-02-05"
      }
    },
    {
      "type": "Feature",
      "geometry": {
        "type": "Point",
        "coordinates": [
          1.9779294062841546,
          41.26388818342464
        ]
      },
      "properties": {
        "date": "2025-02-05"
      }
    },
    {
      "type": "Feature",
      "geometry": {
        "type": "Point",
        "coordinates": [
          1.9779524797814223,
          41.26388818342464
        ]
      },
      "properties": {
        "date": "2025-02-05"
      }
    },
    {
      "type": "Feature",
      "geometry": {
        "type": "Point",
        "coordinates": [
          1.97797555327869,
          41.26388818342464
        ]
      },
      "properties": {
        "date": "2025-02-05"
      }
    },
    {
      "type": "Feature",
      "geometry": {
        "type": "Point",
        "coordinates": [
          1.9779986267759577,
          41.26388818342464
        ]
      },
      "properties": {
        "date": "2025-02-05"
      }
    },
    {
      "type": "Feature",
      "geometry": {
        "type": "Point",
        "coordinates": [
          1.9780217002732257,
          41.26388818342464
        ]
      },
      "properties": {
        "date": "2025-02-05"
      }
    },
    {
      "type": "Feature",
      "geometry": {
        "type": "Point",
        "coordinates": [
          1.9780447737704934,
          41.26388818342464
        ]
      },
      "properties": {
        "date": "2025-02-05"
      }
    },
    {
      "type": "Feature",
      "geometry": {
        "type": "Point",
        "coordinates": [
          1.978067847267761,
          41.26388818342464
        ]
      },
      "properties": {
        "date": "2025-02-05"
      }
    },
    {
      "type": "Feature",
      "geometry": {
        "type": "Point",
        "coordinates": [
          1.9780909207650288,
          41.26388818342464
        ]
      },
      "properties": {
        "date": "2025-02-05"
      }
    },
    {
      "type": "Feature",
      "geometry": {
        "type": "Point",
        "coordinates": [
          1.9785754642076518,
          41.26388818342464
        ]
      },
      "properties": {
        "date": "2025-02-05"
      }
    },
    {
      "type": "Feature",
      "geometry": {
        "type": "Point",
        "coordinates": [
          1.9785985377049196,
          41.26388818342464
        ]
      },
      "properties": {
        "date": "2025-02-05"
      }
    },
    {
      "type": "Feature",
      "geometry": {
        "type": "Point",
        "coordinates": [
          1.9786216112021873,
          41.26388818342464
        ]
      },
      "properties": {
        "date": "2025-02-05"
      }
    },
    {
      "type": "Feature",
      "geometry": {
        "type": "Point",
        "coordinates": [
          1.978644684699455,
          41.26388818342464
        ]
      },
      "properties": {
        "date": "2025-02-05"
      }
    },
    {
      "type": "Feature",
      "geometry": {
        "type": "Point",
        "coordinates": [
          1.978667758196723,
          41.26388818342464
        ]
      },
      "properties": {
        "date": "2025-02-05"
      }
    },
    {
      "type": "Feature",
      "geometry": {
        "type": "Point",
        "coordinates": [
          1.9786908316939906,
          41.26388818342464
        ]
      },
      "properties": {
        "date": "2025-02-05"
      }
    },
    {
      "type": "Feature",
      "geometry": {
        "type": "Point",
        "coordinates": [
          1.9787139051912583,
          41.26388818342464
        ]
      },
      "properties": {
        "date": "2025-02-05"
      }
    },
    {
      "type": "Feature",
      "geometry": {
        "type": "Point",
        "coordinates": [
          1.978736978688526,
          41.26388818342464
        ]
      },
      "properties": {
        "date": "2025-02-05"
      }
    },
    {
      "type": "Feature",
      "geometry": {
        "type": "Point",
        "coordinates": [
          1.978760052185794,
          41.26388818342464
        ]
      },
      "properties": {
        "date": "2025-02-05"
      }
    },
    {
      "type": "Feature",
      "geometry": {
        "type": "Point",
        "coordinates": [
          1.9787831256830617,
          41.26388818342464
        ]
      },
      "properties": {
        "date": "2025-02-05"
      }
    },
    {
      "type": "Feature",
      "geometry": {
        "type": "Point",
        "coordinates": [
          1.9788061991803294,
          41.26388818342464
        ]
      },
      "properties": {
        "date": "2025-02-05"
      }
    },
    {
      "type": "Feature",
      "geometry": {
        "type": "Point",
        "coordinates": [
          1.9791753751366135,
          41.26388818342464
        ]
      },
      "properties": {
        "date": "2025-02-05"
      }
    },
    {
      "type": "Feature",
      "geometry": {
        "type": "Point",
        "coordinates": [
          1.9791984486338814,
          41.26388818342464
        ]
      },
      "properties": {
        "date": "2025-02-05"
      }
    },
    {
      "type": "Feature",
      "geometry": {
        "type": "Point",
        "coordinates": [
          1.979221522131149,
          41.26388818342464
        ]
      },
      "properties": {
        "date": "2025-02-05"
      }
    },
    {
      "type": "Feature",
      "geometry": {
        "type": "Point",
        "coordinates": [
          1.9792445956284168,
          41.26388818342464
        ]
      },
      "properties": {
        "date": "2025-02-05"
      }
    },
    {
      "type": "Feature",
      "geometry": {
        "type": "Point",
        "coordinates": [
          1.9792676691256845,
          41.26388818342464
        ]
      },
      "properties": {
        "date": "2025-02-05"
      }
    },
    {
      "type": "Feature",
      "geometry": {
        "type": "Point",
        "coordinates": [
          1.9796599185792365,
          41.26388818342464
        ]
      },
      "properties": {
        "date": "2025-02-05"
      }
    },
    {
      "type": "Feature",
      "geometry": {
        "type": "Point",
        "coordinates": [
          1.9796829920765042,
          41.26388818342464
        ]
      },
      "properties": {
        "date": "2025-02-05"
      }
    },
    {
      "type": "Feature",
      "geometry": {
        "type": "Point",
        "coordinates": [
          1.979706065573772,
          41.26388818342464
        ]
      },
      "properties": {
        "date": "2025-02-05"
      }
    },
    {
      "type": "Feature",
      "geometry": {
        "type": "Point",
        "coordinates": [
          1.9797291390710399,
          41.26388818342464
        ]
      },
      "properties": {
        "date": "2025-02-05"
      }
    },
    {
      "type": "Feature",
      "geometry": {
        "type": "Point",
        "coordinates": [
          1.9797522125683076,
          41.26388818342464
        ]
      },
      "properties": {
        "date": "2025-02-05"
      }
    },
    {
      "type": "Feature",
      "geometry": {
        "type": "Point",
        "coordinates": [
          1.9797752860655753,
          41.26388818342464
        ]
      },
      "properties": {
        "date": "2025-02-05"
      }
    },
    {
      "type": "Feature",
      "geometry": {
        "type": "Point",
        "coordinates": [
          1.979798359562843,
          41.26388818342464
        ]
      },
      "properties": {
        "date": "2025-02-05"
      }
    },
    {
      "type": "Feature",
      "geometry": {
        "type": "Point",
        "coordinates": [
          1.9798214330601107,
          41.26388818342464
        ]
      },
      "properties": {
        "date": "2025-02-05"
      }
    },
    {
      "type": "Feature",
      "geometry": {
        "type": "Point",
        "coordinates": [
          1.9798445065573786,
          41.26388818342464
        ]
      },
      "properties": {
        "date": "2025-02-05"
      }
    },
    {
      "type": "Feature",
      "geometry": {
        "type": "Point",
        "coordinates": [
          1.9798675800546464,
          41.26388818342464
        ]
      },
      "properties": {
        "date": "2025-02-05"
      }
    },
    {
      "type": "Feature",
      "geometry": {
        "type": "Point",
        "coordinates": [
          1.979890653551914,
          41.26388818342464
        ]
      },
      "properties": {
        "date": "2025-02-05"
      }
    },
    {
      "type": "Feature",
      "geometry": {
        "type": "Point",
        "coordinates": [
          1.9799137270491818,
          41.26388818342464
        ]
      },
      "properties": {
        "date": "2025-02-05"
      }
    },
    {
      "type": "Feature",
      "geometry": {
        "type": "Point",
        "coordinates": [
          1.9799368005464497,
          41.26388818342464
        ]
      },
      "properties": {
        "date": "2025-02-05"
      }
    },
    {
      "type": "Feature",
      "geometry": {
        "type": "Point",
        "coordinates": [
          1.9799598740437174,
          41.26388818342464
        ]
      },
      "properties": {
        "date": "2025-02-05"
      }
    },
    {
      "type": "Feature",
      "geometry": {
        "type": "Point",
        "coordinates": [
          1.9799829475409851,
          41.26388818342464
        ]
      },
      "properties": {
        "date": "2025-02-05"
      }
    },
    {
      "type": "Feature",
      "geometry": {
        "type": "Point",
        "coordinates": [
          1.9824056647541,
          41.26388818342464
        ]
      },
      "properties": {
        "date": "2025-02-05"
      }
    },
    {
      "type": "Feature",
      "geometry": {
        "type": "Point",
        "coordinates": [
          1.9824287382513677,
          41.26388818342464
        ]
      },
      "properties": {
        "date": "2025-02-05"
      }
    },
    {
      "type": "Feature",
      "geometry": {
        "type": "Point",
        "coordinates": [
          1.9824518117486354,
          41.26388818342464
        ]
      },
      "properties": {
        "date": "2025-02-05"
      }
    },
    {
      "type": "Feature",
      "geometry": {
        "type": "Point",
        "coordinates": [
          1.982474885245903,
          41.26388818342464
        ]
      },
      "properties": {
        "date": "2025-02-05"
      }
    },
    {
      "type": "Feature",
      "geometry": {
        "type": "Point",
        "coordinates": [
          1.9824979587431708,
          41.26388818342464
        ]
      },
      "properties": {
        "date": "2025-02-05"
      }
    },
    {
      "type": "Feature",
      "geometry": {
        "type": "Point",
        "coordinates": [
          1.9884970680327885,
          41.26388818342464
        ]
      },
      "properties": {
        "date": "2025-02-05"
      }
    },
    {
      "type": "Feature",
      "geometry": {
        "type": "Point",
        "coordinates": [
          1.9885201415300562,
          41.26388818342464
        ]
      },
      "properties": {
        "date": "2025-02-05"
      }
    },
    {
      "type": "Feature",
      "geometry": {
        "type": "Point",
        "coordinates": [
          1.988543215027324,
          41.26388818342464
        ]
      },
      "properties": {
        "date": "2025-02-05"
      }
    },
    {
      "type": "Feature",
      "geometry": {
        "type": "Point",
        "coordinates": [
          1.9885662885245916,
          41.26388818342464
        ]
      },
      "properties": {
        "date": "2025-02-05"
      }
    },
    {
      "type": "Feature",
      "geometry": {
        "type": "Point",
        "coordinates": [
          1.9885893620218593,
          41.26388818342464
        ]
      },
      "properties": {
        "date": "2025-02-05"
      }
    },
    {
      "type": "Feature",
      "geometry": {
        "type": "Point",
        "coordinates": [
          1.9886124355191273,
          41.26388818342464
        ]
      },
      "properties": {
        "date": "2025-02-05"
      }
    },
    {
      "type": "Feature",
      "geometry": {
        "type": "Point",
        "coordinates": [
          1.988635509016395,
          41.26388818342464
        ]
      },
      "properties": {
        "date": "2025-02-05"
      }
    },
    {
      "type": "Feature",
      "geometry": {
        "type": "Point",
        "coordinates": [
          1.9886585825136627,
          41.26388818342464
        ]
      },
      "properties": {
        "date": "2025-02-05"
      }
    },
    {
      "type": "Feature",
      "geometry": {
        "type": "Point",
        "coordinates": [
          1.9886816560109304,
          41.26388818342464
        ]
      },
      "properties": {
        "date": "2025-02-05"
      }
    },
    {
      "type": "Feature",
      "geometry": {
        "type": "Point",
        "coordinates": [
          1.988704729508198,
          41.26388818342464
        ]
      },
      "properties": {
        "date": "2025-02-05"
      }
    },
    {
      "type": "Feature",
      "geometry": {
        "type": "Point",
        "coordinates": [
          1.9504027240437176,
          41.26382827841553
        ]
      },
      "properties": {
        "date": "2025-02-05"
      }
    },
    {
      "type": "Feature",
      "geometry": {
        "type": "Point",
        "coordinates": [
          1.9504257975409853,
          41.26382827841553
        ]
      },
      "properties": {
        "date": "2025-02-05"
      }
    },
    {
      "type": "Feature",
      "geometry": {
        "type": "Point",
        "coordinates": [
          1.950448871038253,
          41.26382827841553
        ]
      },
      "properties": {
        "date": "2025-02-05"
      }
    },
    {
      "type": "Feature",
      "geometry": {
        "type": "Point",
        "coordinates": [
          1.9504719445355208,
          41.26382827841553
        ]
      },
      "properties": {
        "date": "2025-02-05"
      }
    },
    {
      "type": "Feature",
      "geometry": {
        "type": "Point",
        "coordinates": [
          1.9504950180327885,
          41.26382827841553
        ]
      },
      "properties": {
        "date": "2025-02-05"
      }
    },
    {
      "type": "Feature",
      "geometry": {
        "type": "Point",
        "coordinates": [
          1.9505180915300564,
          41.26382827841553
        ]
      },
      "properties": {
        "date": "2025-02-05"
      }
    },
    {
      "type": "Feature",
      "geometry": {
        "type": "Point",
        "coordinates": [
          1.950541165027324,
          41.26382827841553
        ]
      },
      "properties": {
        "date": "2025-02-05"
      }
    },
    {
      "type": "Feature",
      "geometry": {
        "type": "Point",
        "coordinates": [
          1.9505642385245918,
          41.26382827841553
        ]
      },
      "properties": {
        "date": "2025-02-05"
      }
    },
    {
      "type": "Feature",
      "geometry": {
        "type": "Point",
        "coordinates": [
          1.9505873120218595,
          41.26382827841553
        ]
      },
      "properties": {
        "date": "2025-02-05"
      }
    },
    {
      "type": "Feature",
      "geometry": {
        "type": "Point",
        "coordinates": [
          1.9506103855191275,
          41.26382827841553
        ]
      },
      "properties": {
        "date": "2025-02-05"
      }
    },
    {
      "type": "Feature",
      "geometry": {
        "type": "Point",
        "coordinates": [
          1.9506334590163952,
          41.26382827841553
        ]
      },
      "properties": {
        "date": "2025-02-05"
      }
    },
    {
      "type": "Feature",
      "geometry": {
        "type": "Point",
        "coordinates": [
          1.9506565325136629,
          41.26382827841553
        ]
      },
      "properties": {
        "date": "2025-02-05"
      }
    },
    {
      "type": "Feature",
      "geometry": {
        "type": "Point",
        "coordinates": [
          1.9506796060109306,
          41.26382827841553
        ]
      },
      "properties": {
        "date": "2025-02-05"
      }
    },
    {
      "type": "Feature",
      "geometry": {
        "type": "Point",
        "coordinates": [
          1.9507026795081983,
          41.26382827841553
        ]
      },
      "properties": {
        "date": "2025-02-05"
      }
    },
    {
      "type": "Feature",
      "geometry": {
        "type": "Point",
        "coordinates": [
          1.9507257530054662,
          41.26382827841553
        ]
      },
      "properties": {
        "date": "2025-02-05"
      }
    },
    {
      "type": "Feature",
      "geometry": {
        "type": "Point",
        "coordinates": [
          1.950748826502734,
          41.26382827841553
        ]
      },
      "properties": {
        "date": "2025-02-05"
      }
    },
    {
      "type": "Feature",
      "geometry": {
        "type": "Point",
        "coordinates": [
          1.9507719000000017,
          41.26382827841553
        ]
      },
      "properties": {
        "date": "2025-02-05"
      }
    },
    {
      "type": "Feature",
      "geometry": {
        "type": "Point",
        "coordinates": [
          1.9507949734972694,
          41.26382827841553
        ]
      },
      "properties": {
        "date": "2025-02-05"
      }
    },
    {
      "type": "Feature",
      "geometry": {
        "type": "Point",
        "coordinates": [
          1.9508180469945373,
          41.26382827841553
        ]
      },
      "properties": {
        "date": "2025-02-05"
      }
    },
    {
      "type": "Feature",
      "geometry": {
        "type": "Point",
        "coordinates": [
          1.950841120491805,
          41.26382827841553
        ]
      },
      "properties": {
        "date": "2025-02-05"
      }
    },
    {
      "type": "Feature",
      "geometry": {
        "type": "Point",
        "coordinates": [
          1.9508641939890727,
          41.26382827841553
        ]
      },
      "properties": {
        "date": "2025-02-05"
      }
    },
    {
      "type": "Feature",
      "geometry": {
        "type": "Point",
        "coordinates": [
          1.9508872674863404,
          41.26382827841553
        ]
      },
      "properties": {
        "date": "2025-02-05"
      }
    },
    {
      "type": "Feature",
      "geometry": {
        "type": "Point",
        "coordinates": [
          1.9509103409836082,
          41.26382827841553
        ]
      },
      "properties": {
        "date": "2025-02-05"
      }
    },
    {
      "type": "Feature",
      "geometry": {
        "type": "Point",
        "coordinates": [
          1.950933414480876,
          41.26382827841553
        ]
      },
      "properties": {
        "date": "2025-02-05"
      }
    },
    {
      "type": "Feature",
      "geometry": {
        "type": "Point",
        "coordinates": [
          1.9509564879781438,
          41.26382827841553
        ]
      },
      "properties": {
        "date": "2025-02-05"
      }
    },
    {
      "type": "Feature",
      "geometry": {
        "type": "Point",
        "coordinates": [
          1.9509795614754115,
          41.26382827841553
        ]
      },
      "properties": {
        "date": "2025-02-05"
      }
    },
    {
      "type": "Feature",
      "geometry": {
        "type": "Point",
        "coordinates": [
          1.9510026349726792,
          41.26382827841553
        ]
      },
      "properties": {
        "date": "2025-02-05"
      }
    },
    {
      "type": "Feature",
      "geometry": {
        "type": "Point",
        "coordinates": [
          1.951025708469947,
          41.26382827841553
        ]
      },
      "properties": {
        "date": "2025-02-05"
      }
    },
    {
      "type": "Feature",
      "geometry": {
        "type": "Point",
        "coordinates": [
          1.9510487819672149,
          41.26382827841553
        ]
      },
      "properties": {
        "date": "2025-02-05"
      }
    },
    {
      "type": "Feature",
      "geometry": {
        "type": "Point",
        "coordinates": [
          1.9510718554644826,
          41.26382827841553
        ]
      },
      "properties": {
        "date": "2025-02-05"
      }
    },
    {
      "type": "Feature",
      "geometry": {
        "type": "Point",
        "coordinates": [
          1.9510949289617503,
          41.26382827841553
        ]
      },
      "properties": {
        "date": "2025-02-05"
      }
    },
    {
      "type": "Feature",
      "geometry": {
        "type": "Point",
        "coordinates": [
          1.951118002459018,
          41.26382827841553
        ]
      },
      "properties": {
        "date": "2025-02-05"
      }
    },
    {
      "type": "Feature",
      "geometry": {
        "type": "Point",
        "coordinates": [
          1.951141075956286,
          41.26382827841553
        ]
      },
      "properties": {
        "date": "2025-02-05"
      }
    },
    {
      "type": "Feature",
      "geometry": {
        "type": "Point",
        "coordinates": [
          1.9511641494535537,
          41.26382827841553
        ]
      },
      "properties": {
        "date": "2025-02-05"
      }
    },
    {
      "type": "Feature",
      "geometry": {
        "type": "Point",
        "coordinates": [
          1.9511872229508214,
          41.26382827841553
        ]
      },
      "properties": {
        "date": "2025-02-05"
      }
    },
    {
      "type": "Feature",
      "geometry": {
        "type": "Point",
        "coordinates": [
          1.951210296448089,
          41.26382827841553
        ]
      },
      "properties": {
        "date": "2025-02-05"
      }
    },
    {
      "type": "Feature",
      "geometry": {
        "type": "Point",
        "coordinates": [
          1.9512333699453568,
          41.26382827841553
        ]
      },
      "properties": {
        "date": "2025-02-05"
      }
    },
    {
      "type": "Feature",
      "geometry": {
        "type": "Point",
        "coordinates": [
          1.9512564434426247,
          41.26382827841553
        ]
      },
      "properties": {
        "date": "2025-02-05"
      }
    },
    {
      "type": "Feature",
      "geometry": {
        "type": "Point",
        "coordinates": [
          1.9512795169398924,
          41.26382827841553
        ]
      },
      "properties": {
        "date": "2025-02-05"
      }
    },
    {
      "type": "Feature",
      "geometry": {
        "type": "Point",
        "coordinates": [
          1.9513025904371601,
          41.26382827841553
        ]
      },
      "properties": {
        "date": "2025-02-05"
      }
    },
    {
      "type": "Feature",
      "geometry": {
        "type": "Point",
        "coordinates": [
          1.9513256639344279,
          41.26382827841553
        ]
      },
      "properties": {
        "date": "2025-02-05"
      }
    },
    {
      "type": "Feature",
      "geometry": {
        "type": "Point",
        "coordinates": [
          1.9513487374316956,
          41.26382827841553
        ]
      },
      "properties": {
        "date": "2025-02-05"
      }
    },
    {
      "type": "Feature",
      "geometry": {
        "type": "Point",
        "coordinates": [
          1.9513718109289635,
          41.26382827841553
        ]
      },
      "properties": {
        "date": "2025-02-05"
      }
    },
    {
      "type": "Feature",
      "geometry": {
        "type": "Point",
        "coordinates": [
          1.9513948844262312,
          41.26382827841553
        ]
      },
      "properties": {
        "date": "2025-02-05"
      }
    },
    {
      "type": "Feature",
      "geometry": {
        "type": "Point",
        "coordinates": [
          1.951417957923499,
          41.26382827841553
        ]
      },
      "properties": {
        "date": "2025-02-05"
      }
    },
    {
      "type": "Feature",
      "geometry": {
        "type": "Point",
        "coordinates": [
          1.9514410314207666,
          41.26382827841553
        ]
      },
      "properties": {
        "date": "2025-02-05"
      }
    },
    {
      "type": "Feature",
      "geometry": {
        "type": "Point",
        "coordinates": [
          1.9514641049180346,
          41.26382827841553
        ]
      },
      "properties": {
        "date": "2025-02-05"
      }
    },
    {
      "type": "Feature",
      "geometry": {
        "type": "Point",
        "coordinates": [
          1.9514871784153023,
          41.26382827841553
        ]
      },
      "properties": {
        "date": "2025-02-05"
      }
    },
    {
      "type": "Feature",
      "geometry": {
        "type": "Point",
        "coordinates": [
          1.95151025191257,
          41.26382827841553
        ]
      },
      "properties": {
        "date": "2025-02-05"
      }
    },
    {
      "type": "Feature",
      "geometry": {
        "type": "Point",
        "coordinates": [
          1.9515333254098377,
          41.26382827841553
        ]
      },
      "properties": {
        "date": "2025-02-05"
      }
    },
    {
      "type": "Feature",
      "geometry": {
        "type": "Point",
        "coordinates": [
          1.9515563989071054,
          41.26382827841553
        ]
      },
      "properties": {
        "date": "2025-02-05"
      }
    },
    {
      "type": "Feature",
      "geometry": {
        "type": "Point",
        "coordinates": [
          1.9515794724043733,
          41.26382827841553
        ]
      },
      "properties": {
        "date": "2025-02-05"
      }
    },
    {
      "type": "Feature",
      "geometry": {
        "type": "Point",
        "coordinates": [
          1.951602545901641,
          41.26382827841553
        ]
      },
      "properties": {
        "date": "2025-02-05"
      }
    },
    {
      "type": "Feature",
      "geometry": {
        "type": "Point",
        "coordinates": [
          1.9516256193989088,
          41.26382827841553
        ]
      },
      "properties": {
        "date": "2025-02-05"
      }
    },
    {
      "type": "Feature",
      "geometry": {
        "type": "Point",
        "coordinates": [
          1.9516486928961765,
          41.26382827841553
        ]
      },
      "properties": {
        "date": "2025-02-05"
      }
    },
    {
      "type": "Feature",
      "geometry": {
        "type": "Point",
        "coordinates": [
          1.9516717663934442,
          41.26382827841553
        ]
      },
      "properties": {
        "date": "2025-02-05"
      }
    },
    {
      "type": "Feature",
      "geometry": {
        "type": "Point",
        "coordinates": [
          1.9516948398907121,
          41.26382827841553
        ]
      },
      "properties": {
        "date": "2025-02-05"
      }
    },
    {
      "type": "Feature",
      "geometry": {
        "type": "Point",
        "coordinates": [
          1.9517179133879798,
          41.26382827841553
        ]
      },
      "properties": {
        "date": "2025-02-05"
      }
    },
    {
      "type": "Feature",
      "geometry": {
        "type": "Point",
        "coordinates": [
          1.9517409868852476,
          41.26382827841553
        ]
      },
      "properties": {
        "date": "2025-02-05"
      }
    },
    {
      "type": "Feature",
      "geometry": {
        "type": "Point",
        "coordinates": [
          1.9517640603825153,
          41.26382827841553
        ]
      },
      "properties": {
        "date": "2025-02-05"
      }
    },
    {
      "type": "Feature",
      "geometry": {
        "type": "Point",
        "coordinates": [
          1.9517871338797832,
          41.26382827841553
        ]
      },
      "properties": {
        "date": "2025-02-05"
      }
    },
    {
      "type": "Feature",
      "geometry": {
        "type": "Point",
        "coordinates": [
          1.951810207377051,
          41.26382827841553
        ]
      },
      "properties": {
        "date": "2025-02-05"
      }
    },
    {
      "type": "Feature",
      "geometry": {
        "type": "Point",
        "coordinates": [
          1.9518332808743186,
          41.26382827841553
        ]
      },
      "properties": {
        "date": "2025-02-05"
      }
    },
    {
      "type": "Feature",
      "geometry": {
        "type": "Point",
        "coordinates": [
          1.9518563543715863,
          41.26382827841553
        ]
      },
      "properties": {
        "date": "2025-02-05"
      }
    },
    {
      "type": "Feature",
      "geometry": {
        "type": "Point",
        "coordinates": [
          1.951879427868854,
          41.26382827841553
        ]
      },
      "properties": {
        "date": "2025-02-05"
      }
    },
    {
      "type": "Feature",
      "geometry": {
        "type": "Point",
        "coordinates": [
          1.951902501366122,
          41.26382827841553
        ]
      },
      "properties": {
        "date": "2025-02-05"
      }
    },
    {
      "type": "Feature",
      "geometry": {
        "type": "Point",
        "coordinates": [
          1.9519255748633897,
          41.26382827841553
        ]
      },
      "properties": {
        "date": "2025-02-05"
      }
    },
    {
      "type": "Feature",
      "geometry": {
        "type": "Point",
        "coordinates": [
          1.9519486483606574,
          41.26382827841553
        ]
      },
      "properties": {
        "date": "2025-02-05"
      }
    },
    {
      "type": "Feature",
      "geometry": {
        "type": "Point",
        "coordinates": [
          1.9525485592896192,
          41.26382827841553
        ]
      },
      "properties": {
        "date": "2025-02-05"
      }
    },
    {
      "type": "Feature",
      "geometry": {
        "type": "Point",
        "coordinates": [
          1.952571632786887,
          41.26382827841553
        ]
      },
      "properties": {
        "date": "2025-02-05"
      }
    },
    {
      "type": "Feature",
      "geometry": {
        "type": "Point",
        "coordinates": [
          1.9525947062841547,
          41.26382827841553
        ]
      },
      "properties": {
        "date": "2025-02-05"
      }
    },
    {
      "type": "Feature",
      "geometry": {
        "type": "Point",
        "coordinates": [
          1.9526177797814224,
          41.26382827841553
        ]
      },
      "properties": {
        "date": "2025-02-05"
      }
    },
    {
      "type": "Feature",
      "geometry": {
        "type": "Point",
        "coordinates": [
          1.9526408532786903,
          41.26382827841553
        ]
      },
      "properties": {
        "date": "2025-02-05"
      }
    },
    {
      "type": "Feature",
      "geometry": {
        "type": "Point",
        "coordinates": [
          1.952663926775958,
          41.26382827841553
        ]
      },
      "properties": {
        "date": "2025-02-05"
      }
    },
    {
      "type": "Feature",
      "geometry": {
        "type": "Point",
        "coordinates": [
          1.9526870002732257,
          41.26382827841553
        ]
      },
      "properties": {
        "date": "2025-02-05"
      }
    },
    {
      "type": "Feature",
      "geometry": {
        "type": "Point",
        "coordinates": [
          1.9527100737704934,
          41.26382827841553
        ]
      },
      "properties": {
        "date": "2025-02-05"
      }
    },
    {
      "type": "Feature",
      "geometry": {
        "type": "Point",
        "coordinates": [
          1.9527331472677611,
          41.26382827841553
        ]
      },
      "properties": {
        "date": "2025-02-05"
      }
    },
    {
      "type": "Feature",
      "geometry": {
        "type": "Point",
        "coordinates": [
          1.952756220765029,
          41.26382827841553
        ]
      },
      "properties": {
        "date": "2025-02-05"
      }
    },
    {
      "type": "Feature",
      "geometry": {
        "type": "Point",
        "coordinates": [
          1.9527792942622968,
          41.26382827841553
        ]
      },
      "properties": {
        "date": "2025-02-05"
      }
    },
    {
      "type": "Feature",
      "geometry": {
        "type": "Point",
        "coordinates": [
          1.9528023677595645,
          41.26382827841553
        ]
      },
      "properties": {
        "date": "2025-02-05"
      }
    },
    {
      "type": "Feature",
      "geometry": {
        "type": "Point",
        "coordinates": [
          1.9528254412568322,
          41.26382827841553
        ]
      },
      "properties": {
        "date": "2025-02-05"
      }
    },
    {
      "type": "Feature",
      "geometry": {
        "type": "Point",
        "coordinates": [
          1.9528485147541,
          41.26382827841553
        ]
      },
      "properties": {
        "date": "2025-02-05"
      }
    },
    {
      "type": "Feature",
      "geometry": {
        "type": "Point",
        "coordinates": [
          1.9528715882513679,
          41.26382827841553
        ]
      },
      "properties": {
        "date": "2025-02-05"
      }
    },
    {
      "type": "Feature",
      "geometry": {
        "type": "Point",
        "coordinates": [
          1.9528946617486356,
          41.26382827841553
        ]
      },
      "properties": {
        "date": "2025-02-05"
      }
    },
    {
      "type": "Feature",
      "geometry": {
        "type": "Point",
        "coordinates": [
          1.9556634814207667,
          41.26382827841553
        ]
      },
      "properties": {
        "date": "2025-02-05"
      }
    },
    {
      "type": "Feature",
      "geometry": {
        "type": "Point",
        "coordinates": [
          1.9556865549180344,
          41.26382827841553
        ]
      },
      "properties": {
        "date": "2025-02-05"
      }
    },
    {
      "type": "Feature",
      "geometry": {
        "type": "Point",
        "coordinates": [
          1.9557096284153022,
          41.26382827841553
        ]
      },
      "properties": {
        "date": "2025-02-05"
      }
    },
    {
      "type": "Feature",
      "geometry": {
        "type": "Point",
        "coordinates": [
          1.9557327019125699,
          41.26382827841553
        ]
      },
      "properties": {
        "date": "2025-02-05"
      }
    },
    {
      "type": "Feature",
      "geometry": {
        "type": "Point",
        "coordinates": [
          1.9557557754098378,
          41.26382827841553
        ]
      },
      "properties": {
        "date": "2025-02-05"
      }
    },
    {
      "type": "Feature",
      "geometry": {
        "type": "Point",
        "coordinates": [
          1.9557788489071055,
          41.26382827841553
        ]
      },
      "properties": {
        "date": "2025-02-05"
      }
    },
    {
      "type": "Feature",
      "geometry": {
        "type": "Point",
        "coordinates": [
          1.9558019224043732,
          41.26382827841553
        ]
      },
      "properties": {
        "date": "2025-02-05"
      }
    },
    {
      "type": "Feature",
      "geometry": {
        "type": "Point",
        "coordinates": [
          1.955824995901641,
          41.26382827841553
        ]
      },
      "properties": {
        "date": "2025-02-05"
      }
    },
    {
      "type": "Feature",
      "geometry": {
        "type": "Point",
        "coordinates": [
          1.9558480693989089,
          41.26382827841553
        ]
      },
      "properties": {
        "date": "2025-02-05"
      }
    },
    {
      "type": "Feature",
      "geometry": {
        "type": "Point",
        "coordinates": [
          1.9558711428961766,
          41.26382827841553
        ]
      },
      "properties": {
        "date": "2025-02-05"
      }
    },
    {
      "type": "Feature",
      "geometry": {
        "type": "Point",
        "coordinates": [
          1.9558942163934443,
          41.26382827841553
        ]
      },
      "properties": {
        "date": "2025-02-05"
      }
    },
    {
      "type": "Feature",
      "geometry": {
        "type": "Point",
        "coordinates": [
          1.955917289890712,
          41.26382827841553
        ]
      },
      "properties": {
        "date": "2025-02-05"
      }
    },
    {
      "type": "Feature",
      "geometry": {
        "type": "Point",
        "coordinates": [
          1.9559403633879797,
          41.26382827841553
        ]
      },
      "properties": {
        "date": "2025-02-05"
      }
    },
    {
      "type": "Feature",
      "geometry": {
        "type": "Point",
        "coordinates": [
          1.9559634368852477,
          41.26382827841553
        ]
      },
      "properties": {
        "date": "2025-02-05"
      }
    },
    {
      "type": "Feature",
      "geometry": {
        "type": "Point",
        "coordinates": [
          1.9559865103825154,
          41.26382827841553
        ]
      },
      "properties": {
        "date": "2025-02-05"
      }
    },
    {
      "type": "Feature",
      "geometry": {
        "type": "Point",
        "coordinates": [
          1.956009583879783,
          41.26382827841553
        ]
      },
      "properties": {
        "date": "2025-02-05"
      }
    },
    {
      "type": "Feature",
      "geometry": {
        "type": "Point",
        "coordinates": [
          1.9560326573770508,
          41.26382827841553
        ]
      },
      "properties": {
        "date": "2025-02-05"
      }
    },
    {
      "type": "Feature",
      "geometry": {
        "type": "Point",
        "coordinates": [
          1.9560557308743185,
          41.26382827841553
        ]
      },
      "properties": {
        "date": "2025-02-05"
      }
    },
    {
      "type": "Feature",
      "geometry": {
        "type": "Point",
        "coordinates": [
          1.9560788043715864,
          41.26382827841553
        ]
      },
      "properties": {
        "date": "2025-02-05"
      }
    },
    {
      "type": "Feature",
      "geometry": {
        "type": "Point",
        "coordinates": [
          1.9561018778688541,
          41.26382827841553
        ]
      },
      "properties": {
        "date": "2025-02-05"
      }
    },
    {
      "type": "Feature",
      "geometry": {
        "type": "Point",
        "coordinates": [
          1.9561249513661219,
          41.26382827841553
        ]
      },
      "properties": {
        "date": "2025-02-05"
      }
    },
    {
      "type": "Feature",
      "geometry": {
        "type": "Point",
        "coordinates": [
          1.9561480248633896,
          41.26382827841553
        ]
      },
      "properties": {
        "date": "2025-02-05"
      }
    },
    {
      "type": "Feature",
      "geometry": {
        "type": "Point",
        "coordinates": [
          1.9561710983606575,
          41.26382827841553
        ]
      },
      "properties": {
        "date": "2025-02-05"
      }
    },
    {
      "type": "Feature",
      "geometry": {
        "type": "Point",
        "coordinates": [
          1.9561941718579252,
          41.26382827841553
        ]
      },
      "properties": {
        "date": "2025-02-05"
      }
    },
    {
      "type": "Feature",
      "geometry": {
        "type": "Point",
        "coordinates": [
          1.956217245355193,
          41.26382827841553
        ]
      },
      "properties": {
        "date": "2025-02-05"
      }
    },
    {
      "type": "Feature",
      "geometry": {
        "type": "Point",
        "coordinates": [
          1.9562403188524606,
          41.26382827841553
        ]
      },
      "properties": {
        "date": "2025-02-05"
      }
    },
    {
      "type": "Feature",
      "geometry": {
        "type": "Point",
        "coordinates": [
          1.9695075797814223,
          41.26382827841553
        ]
      },
      "properties": {
        "date": "2025-02-05"
      }
    },
    {
      "type": "Feature",
      "geometry": {
        "type": "Point",
        "coordinates": [
          1.96953065327869,
          41.26382827841553
        ]
      },
      "properties": {
        "date": "2025-02-05"
      }
    },
    {
      "type": "Feature",
      "geometry": {
        "type": "Point",
        "coordinates": [
          1.969553726775958,
          41.26382827841553
        ]
      },
      "properties": {
        "date": "2025-02-05"
      }
    },
    {
      "type": "Feature",
      "geometry": {
        "type": "Point",
        "coordinates": [
          1.9695768002732257,
          41.26382827841553
        ]
      },
      "properties": {
        "date": "2025-02-05"
      }
    },
    {
      "type": "Feature",
      "geometry": {
        "type": "Point",
        "coordinates": [
          1.9695998737704934,
          41.26382827841553
        ]
      },
      "properties": {
        "date": "2025-02-05"
      }
    },
    {
      "type": "Feature",
      "geometry": {
        "type": "Point",
        "coordinates": [
          1.969622947267761,
          41.26382827841553
        ]
      },
      "properties": {
        "date": "2025-02-05"
      }
    },
    {
      "type": "Feature",
      "geometry": {
        "type": "Point",
        "coordinates": [
          1.9696460207650288,
          41.26382827841553
        ]
      },
      "properties": {
        "date": "2025-02-05"
      }
    },
    {
      "type": "Feature",
      "geometry": {
        "type": "Point",
        "coordinates": [
          1.9696690942622967,
          41.26382827841553
        ]
      },
      "properties": {
        "date": "2025-02-05"
      }
    },
    {
      "type": "Feature",
      "geometry": {
        "type": "Point",
        "coordinates": [
          1.9696921677595645,
          41.26382827841553
        ]
      },
      "properties": {
        "date": "2025-02-05"
      }
    },
    {
      "type": "Feature",
      "geometry": {
        "type": "Point",
        "coordinates": [
          1.9697152412568322,
          41.26382827841553
        ]
      },
      "properties": {
        "date": "2025-02-05"
      }
    },
    {
      "type": "Feature",
      "geometry": {
        "type": "Point",
        "coordinates": [
          1.9697383147540999,
          41.26382827841553
        ]
      },
      "properties": {
        "date": "2025-02-05"
      }
    },
    {
      "type": "Feature",
      "geometry": {
        "type": "Point",
        "coordinates": [
          1.9697613882513676,
          41.26382827841553
        ]
      },
      "properties": {
        "date": "2025-02-05"
      }
    },
    {
      "type": "Feature",
      "geometry": {
        "type": "Point",
        "coordinates": [
          1.9697844617486355,
          41.26382827841553
        ]
      },
      "properties": {
        "date": "2025-02-05"
      }
    },
    {
      "type": "Feature",
      "geometry": {
        "type": "Point",
        "coordinates": [
          1.9698075352459032,
          41.26382827841553
        ]
      },
      "properties": {
        "date": "2025-02-05"
      }
    },
    {
      "type": "Feature",
      "geometry": {
        "type": "Point",
        "coordinates": [
          1.969830608743171,
          41.26382827841553
        ]
      },
      "properties": {
        "date": "2025-02-05"
      }
    },
    {
      "type": "Feature",
      "geometry": {
        "type": "Point",
        "coordinates": [
          1.9698536822404387,
          41.26382827841553
        ]
      },
      "properties": {
        "date": "2025-02-05"
      }
    },
    {
      "type": "Feature",
      "geometry": {
        "type": "Point",
        "coordinates": [
          1.9698767557377066,
          41.26382827841553
        ]
      },
      "properties": {
        "date": "2025-02-05"
      }
    },
    {
      "type": "Feature",
      "geometry": {
        "type": "Point",
        "coordinates": [
          1.9698998292349743,
          41.26382827841553
        ]
      },
      "properties": {
        "date": "2025-02-05"
      }
    },
    {
      "type": "Feature",
      "geometry": {
        "type": "Point",
        "coordinates": [
          1.969922902732242,
          41.26382827841553
        ]
      },
      "properties": {
        "date": "2025-02-05"
      }
    },
    {
      "type": "Feature",
      "geometry": {
        "type": "Point",
        "coordinates": [
          1.9699459762295097,
          41.26382827841553
        ]
      },
      "properties": {
        "date": "2025-02-05"
      }
    },
    {
      "type": "Feature",
      "geometry": {
        "type": "Point",
        "coordinates": [
          1.9699690497267774,
          41.26382827841553
        ]
      },
      "properties": {
        "date": "2025-02-05"
      }
    },
    {
      "type": "Feature",
      "geometry": {
        "type": "Point",
        "coordinates": [
          1.9699921232240454,
          41.26382827841553
        ]
      },
      "properties": {
        "date": "2025-02-05"
      }
    },
    {
      "type": "Feature",
      "geometry": {
        "type": "Point",
        "coordinates": [
          1.970015196721313,
          41.26382827841553
        ]
      },
      "properties": {
        "date": "2025-02-05"
      }
    },
    {
      "type": "Feature",
      "geometry": {
        "type": "Point",
        "coordinates": [
          1.9700382702185808,
          41.26382827841553
        ]
      },
      "properties": {
        "date": "2025-02-05"
      }
    },
    {
      "type": "Feature",
      "geometry": {
        "type": "Point",
        "coordinates": [
          1.9700613437158485,
          41.26382827841553
        ]
      },
      "properties": {
        "date": "2025-02-05"
      }
    },
    {
      "type": "Feature",
      "geometry": {
        "type": "Point",
        "coordinates": [
          1.9700844172131164,
          41.26382827841553
        ]
      },
      "properties": {
        "date": "2025-02-05"
      }
    },
    {
      "type": "Feature",
      "geometry": {
        "type": "Point",
        "coordinates": [
          1.9701074907103842,
          41.26382827841553
        ]
      },
      "properties": {
        "date": "2025-02-05"
      }
    },
    {
      "type": "Feature",
      "geometry": {
        "type": "Point",
        "coordinates": [
          1.9701305642076519,
          41.26382827841553
        ]
      },
      "properties": {
        "date": "2025-02-05"
      }
    },
    {
      "type": "Feature",
      "geometry": {
        "type": "Point",
        "coordinates": [
          1.9701536377049196,
          41.26382827841553
        ]
      },
      "properties": {
        "date": "2025-02-05"
      }
    },
    {
      "type": "Feature",
      "geometry": {
        "type": "Point",
        "coordinates": [
          1.9701767112021873,
          41.26382827841553
        ]
      },
      "properties": {
        "date": "2025-02-05"
      }
    },
    {
      "type": "Feature",
      "geometry": {
        "type": "Point",
        "coordinates": [
          1.9701997846994552,
          41.26382827841553
        ]
      },
      "properties": {
        "date": "2025-02-05"
      }
    },
    {
      "type": "Feature",
      "geometry": {
        "type": "Point",
        "coordinates": [
          1.970222858196723,
          41.26382827841553
        ]
      },
      "properties": {
        "date": "2025-02-05"
      }
    },
    {
      "type": "Feature",
      "geometry": {
        "type": "Point",
        "coordinates": [
          1.9702459316939906,
          41.26382827841553
        ]
      },
      "properties": {
        "date": "2025-02-05"
      }
    },
    {
      "type": "Feature",
      "geometry": {
        "type": "Point",
        "coordinates": [
          1.9702690051912584,
          41.26382827841553
        ]
      },
      "properties": {
        "date": "2025-02-05"
      }
    },
    {
      "type": "Feature",
      "geometry": {
        "type": "Point",
        "coordinates": [
          1.970292078688526,
          41.26382827841553
        ]
      },
      "properties": {
        "date": "2025-02-05"
      }
    },
    {
      "type": "Feature",
      "geometry": {
        "type": "Point",
        "coordinates": [
          1.970315152185794,
          41.26382827841553
        ]
      },
      "properties": {
        "date": "2025-02-05"
      }
    },
    {
      "type": "Feature",
      "geometry": {
        "type": "Point",
        "coordinates": [
          1.9703382256830617,
          41.26382827841553
        ]
      },
      "properties": {
        "date": "2025-02-05"
      }
    },
    {
      "type": "Feature",
      "geometry": {
        "type": "Point",
        "coordinates": [
          1.9703612991803294,
          41.26382827841553
        ]
      },
      "properties": {
        "date": "2025-02-05"
      }
    },
    {
      "type": "Feature",
      "geometry": {
        "type": "Point",
        "coordinates": [
          1.9703843726775971,
          41.26382827841553
        ]
      },
      "properties": {
        "date": "2025-02-05"
      }
    },
    {
      "type": "Feature",
      "geometry": {
        "type": "Point",
        "coordinates": [
          1.970407446174865,
          41.26382827841553
        ]
      },
      "properties": {
        "date": "2025-02-05"
      }
    },
    {
      "type": "Feature",
      "geometry": {
        "type": "Point",
        "coordinates": [
          1.9704305196721328,
          41.26382827841553
        ]
      },
      "properties": {
        "date": "2025-02-05"
      }
    },
    {
      "type": "Feature",
      "geometry": {
        "type": "Point",
        "coordinates": [
          1.9704535931694005,
          41.26382827841553
        ]
      },
      "properties": {
        "date": "2025-02-05"
      }
    },
    {
      "type": "Feature",
      "geometry": {
        "type": "Point",
        "coordinates": [
          1.9704766666666682,
          41.26382827841553
        ]
      },
      "properties": {
        "date": "2025-02-05"
      }
    },
    {
      "type": "Feature",
      "geometry": {
        "type": "Point",
        "coordinates": [
          1.970499740163936,
          41.26382827841553
        ]
      },
      "properties": {
        "date": "2025-02-05"
      }
    },
    {
      "type": "Feature",
      "geometry": {
        "type": "Point",
        "coordinates": [
          1.9705228136612039,
          41.26382827841553
        ]
      },
      "properties": {
        "date": "2025-02-05"
      }
    },
    {
      "type": "Feature",
      "geometry": {
        "type": "Point",
        "coordinates": [
          1.9705458871584716,
          41.26382827841553
        ]
      },
      "properties": {
        "date": "2025-02-05"
      }
    },
    {
      "type": "Feature",
      "geometry": {
        "type": "Point",
        "coordinates": [
          1.9705689606557393,
          41.26382827841553
        ]
      },
      "properties": {
        "date": "2025-02-05"
      }
    },
    {
      "type": "Feature",
      "geometry": {
        "type": "Point",
        "coordinates": [
          1.970592034153007,
          41.26382827841553
        ]
      },
      "properties": {
        "date": "2025-02-05"
      }
    },
    {
      "type": "Feature",
      "geometry": {
        "type": "Point",
        "coordinates": [
          1.9706151076502747,
          41.26382827841553
        ]
      },
      "properties": {
        "date": "2025-02-05"
      }
    },
    {
      "type": "Feature",
      "geometry": {
        "type": "Point",
        "coordinates": [
          1.9706381811475426,
          41.26382827841553
        ]
      },
      "properties": {
        "date": "2025-02-05"
      }
    },
    {
      "type": "Feature",
      "geometry": {
        "type": "Point",
        "coordinates": [
          1.9706612546448103,
          41.26382827841553
        ]
      },
      "properties": {
        "date": "2025-02-05"
      }
    },
    {
      "type": "Feature",
      "geometry": {
        "type": "Point",
        "coordinates": [
          1.970684328142078,
          41.26382827841553
        ]
      },
      "properties": {
        "date": "2025-02-05"
      }
    },
    {
      "type": "Feature",
      "geometry": {
        "type": "Point",
        "coordinates": [
          1.9715380475409852,
          41.26382827841553
        ]
      },
      "properties": {
        "date": "2025-02-05"
      }
    },
    {
      "type": "Feature",
      "geometry": {
        "type": "Point",
        "coordinates": [
          1.9715611210382529,
          41.26382827841553
        ]
      },
      "properties": {
        "date": "2025-02-05"
      }
    },
    {
      "type": "Feature",
      "geometry": {
        "type": "Point",
        "coordinates": [
          1.9715841945355208,
          41.26382827841553
        ]
      },
      "properties": {
        "date": "2025-02-05"
      }
    },
    {
      "type": "Feature",
      "geometry": {
        "type": "Point",
        "coordinates": [
          1.9716072680327885,
          41.26382827841553
        ]
      },
      "properties": {
        "date": "2025-02-05"
      }
    },
    {
      "type": "Feature",
      "geometry": {
        "type": "Point",
        "coordinates": [
          1.9716303415300562,
          41.26382827841553
        ]
      },
      "properties": {
        "date": "2025-02-05"
      }
    },
    {
      "type": "Feature",
      "geometry": {
        "type": "Point",
        "coordinates": [
          1.971653415027324,
          41.26382827841553
        ]
      },
      "properties": {
        "date": "2025-02-05"
      }
    },
    {
      "type": "Feature",
      "geometry": {
        "type": "Point",
        "coordinates": [
          1.9716764885245917,
          41.26382827841553
        ]
      },
      "properties": {
        "date": "2025-02-05"
      }
    },
    {
      "type": "Feature",
      "geometry": {
        "type": "Point",
        "coordinates": [
          1.9716995620218596,
          41.26382827841553
        ]
      },
      "properties": {
        "date": "2025-02-05"
      }
    },
    {
      "type": "Feature",
      "geometry": {
        "type": "Point",
        "coordinates": [
          1.9717226355191273,
          41.26382827841553
        ]
      },
      "properties": {
        "date": "2025-02-05"
      }
    },
    {
      "type": "Feature",
      "geometry": {
        "type": "Point",
        "coordinates": [
          1.971745709016395,
          41.26382827841553
        ]
      },
      "properties": {
        "date": "2025-02-05"
      }
    },
    {
      "type": "Feature",
      "geometry": {
        "type": "Point",
        "coordinates": [
          1.9720225909836082,
          41.26382827841553
        ]
      },
      "properties": {
        "date": "2025-02-05"
      }
    },
    {
      "type": "Feature",
      "geometry": {
        "type": "Point",
        "coordinates": [
          1.972045664480876,
          41.26382827841553
        ]
      },
      "properties": {
        "date": "2025-02-05"
      }
    },
    {
      "type": "Feature",
      "geometry": {
        "type": "Point",
        "coordinates": [
          1.9720687379781436,
          41.26382827841553
        ]
      },
      "properties": {
        "date": "2025-02-05"
      }
    },
    {
      "type": "Feature",
      "geometry": {
        "type": "Point",
        "coordinates": [
          1.9720918114754113,
          41.26382827841553
        ]
      },
      "properties": {
        "date": "2025-02-05"
      }
    },
    {
      "type": "Feature",
      "geometry": {
        "type": "Point",
        "coordinates": [
          1.972114884972679,
          41.26382827841553
        ]
      },
      "properties": {
        "date": "2025-02-05"
      }
    },
    {
      "type": "Feature",
      "geometry": {
        "type": "Point",
        "coordinates": [
          1.972137958469947,
          41.26382827841553
        ]
      },
      "properties": {
        "date": "2025-02-05"
      }
    },
    {
      "type": "Feature",
      "geometry": {
        "type": "Point",
        "coordinates": [
          1.9721610319672147,
          41.26382827841553
        ]
      },
      "properties": {
        "date": "2025-02-05"
      }
    },
    {
      "type": "Feature",
      "geometry": {
        "type": "Point",
        "coordinates": [
          1.9721841054644824,
          41.26382827841553
        ]
      },
      "properties": {
        "date": "2025-02-05"
      }
    },
    {
      "type": "Feature",
      "geometry": {
        "type": "Point",
        "coordinates": [
          1.9722071789617501,
          41.26382827841553
        ]
      },
      "properties": {
        "date": "2025-02-05"
      }
    },
    {
      "type": "Feature",
      "geometry": {
        "type": "Point",
        "coordinates": [
          1.972230252459018,
          41.26382827841553
        ]
      },
      "properties": {
        "date": "2025-02-05"
      }
    },
    {
      "type": "Feature",
      "geometry": {
        "type": "Point",
        "coordinates": [
          1.9722533259562858,
          41.26382827841553
        ]
      },
      "properties": {
        "date": "2025-02-05"
      }
    },
    {
      "type": "Feature",
      "geometry": {
        "type": "Point",
        "coordinates": [
          1.9722763994535535,
          41.26382827841553
        ]
      },
      "properties": {
        "date": "2025-02-05"
      }
    },
    {
      "type": "Feature",
      "geometry": {
        "type": "Point",
        "coordinates": [
          1.9722994729508212,
          41.26382827841553
        ]
      },
      "properties": {
        "date": "2025-02-05"
      }
    },
    {
      "type": "Feature",
      "geometry": {
        "type": "Point",
        "coordinates": [
          1.972322546448089,
          41.26382827841553
        ]
      },
      "properties": {
        "date": "2025-02-05"
      }
    },
    {
      "type": "Feature",
      "geometry": {
        "type": "Point",
        "coordinates": [
          1.9723456199453568,
          41.26382827841553
        ]
      },
      "properties": {
        "date": "2025-02-05"
      }
    },
    {
      "type": "Feature",
      "geometry": {
        "type": "Point",
        "coordinates": [
          1.9723686934426246,
          41.26382827841553
        ]
      },
      "properties": {
        "date": "2025-02-05"
      }
    },
    {
      "type": "Feature",
      "geometry": {
        "type": "Point",
        "coordinates": [
          1.9723917669398923,
          41.26382827841553
        ]
      },
      "properties": {
        "date": "2025-02-05"
      }
    },
    {
      "type": "Feature",
      "geometry": {
        "type": "Point",
        "coordinates": [
          1.97241484043716,
          41.26382827841553
        ]
      },
      "properties": {
        "date": "2025-02-05"
      }
    },
    {
      "type": "Feature",
      "geometry": {
        "type": "Point",
        "coordinates": [
          1.9724379139344277,
          41.26382827841553
        ]
      },
      "properties": {
        "date": "2025-02-05"
      }
    },
    {
      "type": "Feature",
      "geometry": {
        "type": "Point",
        "coordinates": [
          1.9724609874316956,
          41.26382827841553
        ]
      },
      "properties": {
        "date": "2025-02-05"
      }
    },
    {
      "type": "Feature",
      "geometry": {
        "type": "Point",
        "coordinates": [
          1.9724840609289633,
          41.26382827841553
        ]
      },
      "properties": {
        "date": "2025-02-05"
      }
    },
    {
      "type": "Feature",
      "geometry": {
        "type": "Point",
        "coordinates": [
          1.972507134426231,
          41.26382827841553
        ]
      },
      "properties": {
        "date": "2025-02-05"
      }
    },
    {
      "type": "Feature",
      "geometry": {
        "type": "Point",
        "coordinates": [
          1.9725302079234988,
          41.26382827841553
        ]
      },
      "properties": {
        "date": "2025-02-05"
      }
    },
    {
      "type": "Feature",
      "geometry": {
        "type": "Point",
        "coordinates": [
          1.9725532814207667,
          41.26382827841553
        ]
      },
      "properties": {
        "date": "2025-02-05"
      }
    },
    {
      "type": "Feature",
      "geometry": {
        "type": "Point",
        "coordinates": [
          1.9725763549180344,
          41.26382827841553
        ]
      },
      "properties": {
        "date": "2025-02-05"
      }
    },
    {
      "type": "Feature",
      "geometry": {
        "type": "Point",
        "coordinates": [
          1.9725994284153021,
          41.26382827841553
        ]
      },
      "properties": {
        "date": "2025-02-05"
      }
    },
    {
      "type": "Feature",
      "geometry": {
        "type": "Point",
        "coordinates": [
          1.9726225019125698,
          41.26382827841553
        ]
      },
      "properties": {
        "date": "2025-02-05"
      }
    },
    {
      "type": "Feature",
      "geometry": {
        "type": "Point",
        "coordinates": [
          1.9726455754098375,
          41.26382827841553
        ]
      },
      "properties": {
        "date": "2025-02-05"
      }
    },
    {
      "type": "Feature",
      "geometry": {
        "type": "Point",
        "coordinates": [
          1.9726686489071055,
          41.26382827841553
        ]
      },
      "properties": {
        "date": "2025-02-05"
      }
    },
    {
      "type": "Feature",
      "geometry": {
        "type": "Point",
        "coordinates": [
          1.9726917224043732,
          41.26382827841553
        ]
      },
      "properties": {
        "date": "2025-02-05"
      }
    },
    {
      "type": "Feature",
      "geometry": {
        "type": "Point",
        "coordinates": [
          1.972714795901641,
          41.26382827841553
        ]
      },
      "properties": {
        "date": "2025-02-05"
      }
    },
    {
      "type": "Feature",
      "geometry": {
        "type": "Point",
        "coordinates": [
          1.9727378693989086,
          41.26382827841553
        ]
      },
      "properties": {
        "date": "2025-02-05"
      }
    },
    {
      "type": "Feature",
      "geometry": {
        "type": "Point",
        "coordinates": [
          1.9727609428961763,
          41.26382827841553
        ]
      },
      "properties": {
        "date": "2025-02-05"
      }
    },
    {
      "type": "Feature",
      "geometry": {
        "type": "Point",
        "coordinates": [
          1.9727840163934443,
          41.26382827841553
        ]
      },
      "properties": {
        "date": "2025-02-05"
      }
    },
    {
      "type": "Feature",
      "geometry": {
        "type": "Point",
        "coordinates": [
          1.972807089890712,
          41.26382827841553
        ]
      },
      "properties": {
        "date": "2025-02-05"
      }
    },
    {
      "type": "Feature",
      "geometry": {
        "type": "Point",
        "coordinates": [
          1.9728301633879797,
          41.26382827841553
        ]
      },
      "properties": {
        "date": "2025-02-05"
      }
    },
    {
      "type": "Feature",
      "geometry": {
        "type": "Point",
        "coordinates": [
          1.9728532368852474,
          41.26382827841553
        ]
      },
      "properties": {
        "date": "2025-02-05"
      }
    },
    {
      "type": "Feature",
      "geometry": {
        "type": "Point",
        "coordinates": [
          1.9728763103825153,
          41.26382827841553
        ]
      },
      "properties": {
        "date": "2025-02-05"
      }
    },
    {
      "type": "Feature",
      "geometry": {
        "type": "Point",
        "coordinates": [
          1.972899383879783,
          41.26382827841553
        ]
      },
      "properties": {
        "date": "2025-02-05"
      }
    },
    {
      "type": "Feature",
      "geometry": {
        "type": "Point",
        "coordinates": [
          1.9729224573770507,
          41.26382827841553
        ]
      },
      "properties": {
        "date": "2025-02-05"
      }
    },
    {
      "type": "Feature",
      "geometry": {
        "type": "Point",
        "coordinates": [
          1.9729455308743185,
          41.26382827841553
        ]
      },
      "properties": {
        "date": "2025-02-05"
      }
    },
    {
      "type": "Feature",
      "geometry": {
        "type": "Point",
        "coordinates": [
          1.9729686043715862,
          41.26382827841553
        ]
      },
      "properties": {
        "date": "2025-02-05"
      }
    },
    {
      "type": "Feature",
      "geometry": {
        "type": "Point",
        "coordinates": [
          1.972991677868854,
          41.26382827841553
        ]
      },
      "properties": {
        "date": "2025-02-05"
      }
    },
    {
      "type": "Feature",
      "geometry": {
        "type": "Point",
        "coordinates": [
          1.9730147513661218,
          41.26382827841553
        ]
      },
      "properties": {
        "date": "2025-02-05"
      }
    },
    {
      "type": "Feature",
      "geometry": {
        "type": "Point",
        "coordinates": [
          1.9730378248633895,
          41.26382827841553
        ]
      },
      "properties": {
        "date": "2025-02-05"
      }
    },
    {
      "type": "Feature",
      "geometry": {
        "type": "Point",
        "coordinates": [
          1.9730608983606572,
          41.26382827841553
        ]
      },
      "properties": {
        "date": "2025-02-05"
      }
    },
    {
      "type": "Feature",
      "geometry": {
        "type": "Point",
        "coordinates": [
          1.9730839718579252,
          41.26382827841553
        ]
      },
      "properties": {
        "date": "2025-02-05"
      }
    },
    {
      "type": "Feature",
      "geometry": {
        "type": "Point",
        "coordinates": [
          1.9731070453551929,
          41.26382827841553
        ]
      },
      "properties": {
        "date": "2025-02-05"
      }
    },
    {
      "type": "Feature",
      "geometry": {
        "type": "Point",
        "coordinates": [
          1.9731301188524606,
          41.26382827841553
        ]
      },
      "properties": {
        "date": "2025-02-05"
      }
    },
    {
      "type": "Feature",
      "geometry": {
        "type": "Point",
        "coordinates": [
          1.9731531923497283,
          41.26382827841553
        ]
      },
      "properties": {
        "date": "2025-02-05"
      }
    },
    {
      "type": "Feature",
      "geometry": {
        "type": "Point",
        "coordinates": [
          1.973176265846996,
          41.26382827841553
        ]
      },
      "properties": {
        "date": "2025-02-05"
      }
    },
    {
      "type": "Feature",
      "geometry": {
        "type": "Point",
        "coordinates": [
          1.973199339344264,
          41.26382827841553
        ]
      },
      "properties": {
        "date": "2025-02-05"
      }
    },
    {
      "type": "Feature",
      "geometry": {
        "type": "Point",
        "coordinates": [
          1.9732224128415317,
          41.26382827841553
        ]
      },
      "properties": {
        "date": "2025-02-05"
      }
    },
    {
      "type": "Feature",
      "geometry": {
        "type": "Point",
        "coordinates": [
          1.9732454863387994,
          41.26382827841553
        ]
      },
      "properties": {
        "date": "2025-02-05"
      }
    },
    {
      "type": "Feature",
      "geometry": {
        "type": "Point",
        "coordinates": [
          1.973268559836067,
          41.26382827841553
        ]
      },
      "properties": {
        "date": "2025-02-05"
      }
    },
    {
      "type": "Feature",
      "geometry": {
        "type": "Point",
        "coordinates": [
          1.9732916333333348,
          41.26382827841553
        ]
      },
      "properties": {
        "date": "2025-02-05"
      }
    },
    {
      "type": "Feature",
      "geometry": {
        "type": "Point",
        "coordinates": [
          1.9733147068306027,
          41.26382827841553
        ]
      },
      "properties": {
        "date": "2025-02-05"
      }
    },
    {
      "type": "Feature",
      "geometry": {
        "type": "Point",
        "coordinates": [
          1.9824056647541,
          41.26382827841553
        ]
      },
      "properties": {
        "date": "2025-02-05"
      }
    },
    {
      "type": "Feature",
      "geometry": {
        "type": "Point",
        "coordinates": [
          1.9824287382513677,
          41.26382827841553
        ]
      },
      "properties": {
        "date": "2025-02-05"
      }
    },
    {
      "type": "Feature",
      "geometry": {
        "type": "Point",
        "coordinates": [
          1.9824518117486354,
          41.26382827841553
        ]
      },
      "properties": {
        "date": "2025-02-05"
      }
    },
    {
      "type": "Feature",
      "geometry": {
        "type": "Point",
        "coordinates": [
          1.982474885245903,
          41.26382827841553
        ]
      },
      "properties": {
        "date": "2025-02-05"
      }
    },
    {
      "type": "Feature",
      "geometry": {
        "type": "Point",
        "coordinates": [
          1.9824979587431708,
          41.26382827841553
        ]
      },
      "properties": {
        "date": "2025-02-05"
      }
    },
    {
      "type": "Feature",
      "geometry": {
        "type": "Point",
        "coordinates": [
          1.9490875346994552,
          41.26376837340643
        ]
      },
      "properties": {
        "date": "2025-02-05"
      }
    },
    {
      "type": "Feature",
      "geometry": {
        "type": "Point",
        "coordinates": [
          1.949110608196723,
          41.26376837340643
        ]
      },
      "properties": {
        "date": "2025-02-05"
      }
    },
    {
      "type": "Feature",
      "geometry": {
        "type": "Point",
        "coordinates": [
          1.9491336816939908,
          41.26376837340643
        ]
      },
      "properties": {
        "date": "2025-02-05"
      }
    },
    {
      "type": "Feature",
      "geometry": {
        "type": "Point",
        "coordinates": [
          1.9491567551912585,
          41.26376837340643
        ]
      },
      "properties": {
        "date": "2025-02-05"
      }
    },
    {
      "type": "Feature",
      "geometry": {
        "type": "Point",
        "coordinates": [
          1.9491798286885262,
          41.26376837340643
        ]
      },
      "properties": {
        "date": "2025-02-05"
      }
    },
    {
      "type": "Feature",
      "geometry": {
        "type": "Point",
        "coordinates": [
          1.949202902185794,
          41.26376837340643
        ]
      },
      "properties": {
        "date": "2025-02-05"
      }
    },
    {
      "type": "Feature",
      "geometry": {
        "type": "Point",
        "coordinates": [
          1.9492259756830619,
          41.26376837340643
        ]
      },
      "properties": {
        "date": "2025-02-05"
      }
    },
    {
      "type": "Feature",
      "geometry": {
        "type": "Point",
        "coordinates": [
          1.9492490491803296,
          41.26376837340643
        ]
      },
      "properties": {
        "date": "2025-02-05"
      }
    },
    {
      "type": "Feature",
      "geometry": {
        "type": "Point",
        "coordinates": [
          1.9492721226775973,
          41.26376837340643
        ]
      },
      "properties": {
        "date": "2025-02-05"
      }
    },
    {
      "type": "Feature",
      "geometry": {
        "type": "Point",
        "coordinates": [
          1.949295196174865,
          41.26376837340643
        ]
      },
      "properties": {
        "date": "2025-02-05"
      }
    },
    {
      "type": "Feature",
      "geometry": {
        "type": "Point",
        "coordinates": [
          1.9493182696721327,
          41.26376837340643
        ]
      },
      "properties": {
        "date": "2025-02-05"
      }
    },
    {
      "type": "Feature",
      "geometry": {
        "type": "Point",
        "coordinates": [
          1.9493413431694007,
          41.26376837340643
        ]
      },
      "properties": {
        "date": "2025-02-05"
      }
    },
    {
      "type": "Feature",
      "geometry": {
        "type": "Point",
        "coordinates": [
          1.9493644166666684,
          41.26376837340643
        ]
      },
      "properties": {
        "date": "2025-02-05"
      }
    },
    {
      "type": "Feature",
      "geometry": {
        "type": "Point",
        "coordinates": [
          1.949387490163936,
          41.26376837340643
        ]
      },
      "properties": {
        "date": "2025-02-05"
      }
    },
    {
      "type": "Feature",
      "geometry": {
        "type": "Point",
        "coordinates": [
          1.9494105636612038,
          41.26376837340643
        ]
      },
      "properties": {
        "date": "2025-02-05"
      }
    },
    {
      "type": "Feature",
      "geometry": {
        "type": "Point",
        "coordinates": [
          1.9494336371584717,
          41.26376837340643
        ]
      },
      "properties": {
        "date": "2025-02-05"
      }
    },
    {
      "type": "Feature",
      "geometry": {
        "type": "Point",
        "coordinates": [
          1.9494567106557394,
          41.26376837340643
        ]
      },
      "properties": {
        "date": "2025-02-05"
      }
    },
    {
      "type": "Feature",
      "geometry": {
        "type": "Point",
        "coordinates": [
          1.9494797841530072,
          41.26376837340643
        ]
      },
      "properties": {
        "date": "2025-02-05"
      }
    },
    {
      "type": "Feature",
      "geometry": {
        "type": "Point",
        "coordinates": [
          1.9495028576502749,
          41.26376837340643
        ]
      },
      "properties": {
        "date": "2025-02-05"
      }
    },
    {
      "type": "Feature",
      "geometry": {
        "type": "Point",
        "coordinates": [
          1.9495259311475426,
          41.26376837340643
        ]
      },
      "properties": {
        "date": "2025-02-05"
      }
    },
    {
      "type": "Feature",
      "geometry": {
        "type": "Point",
        "coordinates": [
          1.9495490046448105,
          41.26376837340643
        ]
      },
      "properties": {
        "date": "2025-02-05"
      }
    },
    {
      "type": "Feature",
      "geometry": {
        "type": "Point",
        "coordinates": [
          1.9495720781420782,
          41.26376837340643
        ]
      },
      "properties": {
        "date": "2025-02-05"
      }
    },
    {
      "type": "Feature",
      "geometry": {
        "type": "Point",
        "coordinates": [
          1.949595151639346,
          41.26376837340643
        ]
      },
      "properties": {
        "date": "2025-02-05"
      }
    },
    {
      "type": "Feature",
      "geometry": {
        "type": "Point",
        "coordinates": [
          1.9496182251366136,
          41.26376837340643
        ]
      },
      "properties": {
        "date": "2025-02-05"
      }
    },
    {
      "type": "Feature",
      "geometry": {
        "type": "Point",
        "coordinates": [
          1.9496412986338816,
          41.26376837340643
        ]
      },
      "properties": {
        "date": "2025-02-05"
      }
    },
    {
      "type": "Feature",
      "geometry": {
        "type": "Point",
        "coordinates": [
          1.9496643721311493,
          41.26376837340643
        ]
      },
      "properties": {
        "date": "2025-02-05"
      }
    },
    {
      "type": "Feature",
      "geometry": {
        "type": "Point",
        "coordinates": [
          1.9556634814207667,
          41.26376837340643
        ]
      },
      "properties": {
        "date": "2025-02-05"
      }
    },
    {
      "type": "Feature",
      "geometry": {
        "type": "Point",
        "coordinates": [
          1.9556865549180344,
          41.26376837340643
        ]
      },
      "properties": {
        "date": "2025-02-05"
      }
    },
    {
      "type": "Feature",
      "geometry": {
        "type": "Point",
        "coordinates": [
          1.9557096284153022,
          41.26376837340643
        ]
      },
      "properties": {
        "date": "2025-02-05"
      }
    },
    {
      "type": "Feature",
      "geometry": {
        "type": "Point",
        "coordinates": [
          1.9557327019125699,
          41.26376837340643
        ]
      },
      "properties": {
        "date": "2025-02-05"
      }
    },
    {
      "type": "Feature",
      "geometry": {
        "type": "Point",
        "coordinates": [
          1.9557557754098378,
          41.26376837340643
        ]
      },
      "properties": {
        "date": "2025-02-05"
      }
    },
    {
      "type": "Feature",
      "geometry": {
        "type": "Point",
        "coordinates": [
          1.9557788489071055,
          41.26376837340643
        ]
      },
      "properties": {
        "date": "2025-02-05"
      }
    },
    {
      "type": "Feature",
      "geometry": {
        "type": "Point",
        "coordinates": [
          1.9558019224043732,
          41.26376837340643
        ]
      },
      "properties": {
        "date": "2025-02-05"
      }
    },
    {
      "type": "Feature",
      "geometry": {
        "type": "Point",
        "coordinates": [
          1.955824995901641,
          41.26376837340643
        ]
      },
      "properties": {
        "date": "2025-02-05"
      }
    },
    {
      "type": "Feature",
      "geometry": {
        "type": "Point",
        "coordinates": [
          1.9558480693989089,
          41.26376837340643
        ]
      },
      "properties": {
        "date": "2025-02-05"
      }
    },
    {
      "type": "Feature",
      "geometry": {
        "type": "Point",
        "coordinates": [
          1.9558711428961766,
          41.26376837340643
        ]
      },
      "properties": {
        "date": "2025-02-05"
      }
    },
    {
      "type": "Feature",
      "geometry": {
        "type": "Point",
        "coordinates": [
          1.9558942163934443,
          41.26376837340643
        ]
      },
      "properties": {
        "date": "2025-02-05"
      }
    },
    {
      "type": "Feature",
      "geometry": {
        "type": "Point",
        "coordinates": [
          1.955917289890712,
          41.26376837340643
        ]
      },
      "properties": {
        "date": "2025-02-05"
      }
    },
    {
      "type": "Feature",
      "geometry": {
        "type": "Point",
        "coordinates": [
          1.9559403633879797,
          41.26376837340643
        ]
      },
      "properties": {
        "date": "2025-02-05"
      }
    },
    {
      "type": "Feature",
      "geometry": {
        "type": "Point",
        "coordinates": [
          1.9559634368852477,
          41.26376837340643
        ]
      },
      "properties": {
        "date": "2025-02-05"
      }
    },
    {
      "type": "Feature",
      "geometry": {
        "type": "Point",
        "coordinates": [
          1.9559865103825154,
          41.26376837340643
        ]
      },
      "properties": {
        "date": "2025-02-05"
      }
    },
    {
      "type": "Feature",
      "geometry": {
        "type": "Point",
        "coordinates": [
          1.956009583879783,
          41.26376837340643
        ]
      },
      "properties": {
        "date": "2025-02-05"
      }
    },
    {
      "type": "Feature",
      "geometry": {
        "type": "Point",
        "coordinates": [
          1.9560326573770508,
          41.26376837340643
        ]
      },
      "properties": {
        "date": "2025-02-05"
      }
    },
    {
      "type": "Feature",
      "geometry": {
        "type": "Point",
        "coordinates": [
          1.9560557308743185,
          41.26376837340643
        ]
      },
      "properties": {
        "date": "2025-02-05"
      }
    },
    {
      "type": "Feature",
      "geometry": {
        "type": "Point",
        "coordinates": [
          1.9560788043715864,
          41.26376837340643
        ]
      },
      "properties": {
        "date": "2025-02-05"
      }
    },
    {
      "type": "Feature",
      "geometry": {
        "type": "Point",
        "coordinates": [
          1.9561018778688541,
          41.26376837340643
        ]
      },
      "properties": {
        "date": "2025-02-05"
      }
    },
    {
      "type": "Feature",
      "geometry": {
        "type": "Point",
        "coordinates": [
          1.9561249513661219,
          41.26376837340643
        ]
      },
      "properties": {
        "date": "2025-02-05"
      }
    },
    {
      "type": "Feature",
      "geometry": {
        "type": "Point",
        "coordinates": [
          1.9561480248633896,
          41.26376837340643
        ]
      },
      "properties": {
        "date": "2025-02-05"
      }
    },
    {
      "type": "Feature",
      "geometry": {
        "type": "Point",
        "coordinates": [
          1.9561710983606575,
          41.26376837340643
        ]
      },
      "properties": {
        "date": "2025-02-05"
      }
    },
    {
      "type": "Feature",
      "geometry": {
        "type": "Point",
        "coordinates": [
          1.9561941718579252,
          41.26376837340643
        ]
      },
      "properties": {
        "date": "2025-02-05"
      }
    },
    {
      "type": "Feature",
      "geometry": {
        "type": "Point",
        "coordinates": [
          1.956217245355193,
          41.26376837340643
        ]
      },
      "properties": {
        "date": "2025-02-05"
      }
    },
    {
      "type": "Feature",
      "geometry": {
        "type": "Point",
        "coordinates": [
          1.9562403188524606,
          41.26376837340643
        ]
      },
      "properties": {
        "date": "2025-02-05"
      }
    },
    {
      "type": "Feature",
      "geometry": {
        "type": "Point",
        "coordinates": [
          1.9490875346994552,
          41.26370846839732
        ]
      },
      "properties": {
        "date": "2025-02-05"
      }
    },
    {
      "type": "Feature",
      "geometry": {
        "type": "Point",
        "coordinates": [
          1.949110608196723,
          41.26370846839732
        ]
      },
      "properties": {
        "date": "2025-02-05"
      }
    },
    {
      "type": "Feature",
      "geometry": {
        "type": "Point",
        "coordinates": [
          1.9491336816939908,
          41.26370846839732
        ]
      },
      "properties": {
        "date": "2025-02-05"
      }
    },
    {
      "type": "Feature",
      "geometry": {
        "type": "Point",
        "coordinates": [
          1.9491567551912585,
          41.26370846839732
        ]
      },
      "properties": {
        "date": "2025-02-05"
      }
    },
    {
      "type": "Feature",
      "geometry": {
        "type": "Point",
        "coordinates": [
          1.9491798286885262,
          41.26370846839732
        ]
      },
      "properties": {
        "date": "2025-02-05"
      }
    },
    {
      "type": "Feature",
      "geometry": {
        "type": "Point",
        "coordinates": [
          1.949202902185794,
          41.26370846839732
        ]
      },
      "properties": {
        "date": "2025-02-05"
      }
    },
    {
      "type": "Feature",
      "geometry": {
        "type": "Point",
        "coordinates": [
          1.9492259756830619,
          41.26370846839732
        ]
      },
      "properties": {
        "date": "2025-02-05"
      }
    },
    {
      "type": "Feature",
      "geometry": {
        "type": "Point",
        "coordinates": [
          1.9492490491803296,
          41.26370846839732
        ]
      },
      "properties": {
        "date": "2025-02-05"
      }
    },
    {
      "type": "Feature",
      "geometry": {
        "type": "Point",
        "coordinates": [
          1.9492721226775973,
          41.26370846839732
        ]
      },
      "properties": {
        "date": "2025-02-05"
      }
    },
    {
      "type": "Feature",
      "geometry": {
        "type": "Point",
        "coordinates": [
          1.949295196174865,
          41.26370846839732
        ]
      },
      "properties": {
        "date": "2025-02-05"
      }
    },
    {
      "type": "Feature",
      "geometry": {
        "type": "Point",
        "coordinates": [
          1.9493182696721327,
          41.26370846839732
        ]
      },
      "properties": {
        "date": "2025-02-05"
      }
    },
    {
      "type": "Feature",
      "geometry": {
        "type": "Point",
        "coordinates": [
          1.9493413431694007,
          41.26370846839732
        ]
      },
      "properties": {
        "date": "2025-02-05"
      }
    },
    {
      "type": "Feature",
      "geometry": {
        "type": "Point",
        "coordinates": [
          1.9493644166666684,
          41.26370846839732
        ]
      },
      "properties": {
        "date": "2025-02-05"
      }
    },
    {
      "type": "Feature",
      "geometry": {
        "type": "Point",
        "coordinates": [
          1.949387490163936,
          41.26370846839732
        ]
      },
      "properties": {
        "date": "2025-02-05"
      }
    },
    {
      "type": "Feature",
      "geometry": {
        "type": "Point",
        "coordinates": [
          1.9494105636612038,
          41.26370846839732
        ]
      },
      "properties": {
        "date": "2025-02-05"
      }
    },
    {
      "type": "Feature",
      "geometry": {
        "type": "Point",
        "coordinates": [
          1.9494336371584717,
          41.26370846839732
        ]
      },
      "properties": {
        "date": "2025-02-05"
      }
    },
    {
      "type": "Feature",
      "geometry": {
        "type": "Point",
        "coordinates": [
          1.9494567106557394,
          41.26370846839732
        ]
      },
      "properties": {
        "date": "2025-02-05"
      }
    },
    {
      "type": "Feature",
      "geometry": {
        "type": "Point",
        "coordinates": [
          1.9494797841530072,
          41.26370846839732
        ]
      },
      "properties": {
        "date": "2025-02-05"
      }
    },
    {
      "type": "Feature",
      "geometry": {
        "type": "Point",
        "coordinates": [
          1.9495028576502749,
          41.26370846839732
        ]
      },
      "properties": {
        "date": "2025-02-05"
      }
    },
    {
      "type": "Feature",
      "geometry": {
        "type": "Point",
        "coordinates": [
          1.9495259311475426,
          41.26370846839732
        ]
      },
      "properties": {
        "date": "2025-02-05"
      }
    },
    {
      "type": "Feature",
      "geometry": {
        "type": "Point",
        "coordinates": [
          1.9495490046448105,
          41.26370846839732
        ]
      },
      "properties": {
        "date": "2025-02-05"
      }
    },
    {
      "type": "Feature",
      "geometry": {
        "type": "Point",
        "coordinates": [
          1.9495720781420782,
          41.26370846839732
        ]
      },
      "properties": {
        "date": "2025-02-05"
      }
    },
    {
      "type": "Feature",
      "geometry": {
        "type": "Point",
        "coordinates": [
          1.949595151639346,
          41.26370846839732
        ]
      },
      "properties": {
        "date": "2025-02-05"
      }
    },
    {
      "type": "Feature",
      "geometry": {
        "type": "Point",
        "coordinates": [
          1.9496182251366136,
          41.26370846839732
        ]
      },
      "properties": {
        "date": "2025-02-05"
      }
    },
    {
      "type": "Feature",
      "geometry": {
        "type": "Point",
        "coordinates": [
          1.9496412986338816,
          41.26370846839732
        ]
      },
      "properties": {
        "date": "2025-02-05"
      }
    },
    {
      "type": "Feature",
      "geometry": {
        "type": "Point",
        "coordinates": [
          1.9496643721311493,
          41.26370846839732
        ]
      },
      "properties": {
        "date": "2025-02-05"
      }
    },
    {
      "type": "Feature",
      "geometry": {
        "type": "Point",
        "coordinates": [
          1.9468263319672148,
          41.26364856338821
        ]
      },
      "properties": {
        "date": "2025-02-05"
      }
    },
    {
      "type": "Feature",
      "geometry": {
        "type": "Point",
        "coordinates": [
          1.9468494054644825,
          41.26364856338821
        ]
      },
      "properties": {
        "date": "2025-02-05"
      }
    },
    {
      "type": "Feature",
      "geometry": {
        "type": "Point",
        "coordinates": [
          1.9468724789617504,
          41.26364856338821
        ]
      },
      "properties": {
        "date": "2025-02-05"
      }
    },
    {
      "type": "Feature",
      "geometry": {
        "type": "Point",
        "coordinates": [
          1.9468955524590181,
          41.26364856338821
        ]
      },
      "properties": {
        "date": "2025-02-05"
      }
    },
    {
      "type": "Feature",
      "geometry": {
        "type": "Point",
        "coordinates": [
          1.9469186259562858,
          41.26364856338821
        ]
      },
      "properties": {
        "date": "2025-02-05"
      }
    },
    {
      "type": "Feature",
      "geometry": {
        "type": "Point",
        "coordinates": [
          1.9469416994535536,
          41.26364856338821
        ]
      },
      "properties": {
        "date": "2025-02-05"
      }
    },
    {
      "type": "Feature",
      "geometry": {
        "type": "Point",
        "coordinates": [
          1.9469647729508215,
          41.26364856338821
        ]
      },
      "properties": {
        "date": "2025-02-05"
      }
    },
    {
      "type": "Feature",
      "geometry": {
        "type": "Point",
        "coordinates": [
          1.9469878464480892,
          41.26364856338821
        ]
      },
      "properties": {
        "date": "2025-02-05"
      }
    },
    {
      "type": "Feature",
      "geometry": {
        "type": "Point",
        "coordinates": [
          1.947010919945357,
          41.26364856338821
        ]
      },
      "properties": {
        "date": "2025-02-05"
      }
    },
    {
      "type": "Feature",
      "geometry": {
        "type": "Point",
        "coordinates": [
          1.9470339934426246,
          41.26364856338821
        ]
      },
      "properties": {
        "date": "2025-02-05"
      }
    },
    {
      "type": "Feature",
      "geometry": {
        "type": "Point",
        "coordinates": [
          1.9470570669398923,
          41.26364856338821
        ]
      },
      "properties": {
        "date": "2025-02-05"
      }
    },
    {
      "type": "Feature",
      "geometry": {
        "type": "Point",
        "coordinates": [
          1.9470801404371603,
          41.26364856338821
        ]
      },
      "properties": {
        "date": "2025-02-05"
      }
    },
    {
      "type": "Feature",
      "geometry": {
        "type": "Point",
        "coordinates": [
          1.947103213934428,
          41.26364856338821
        ]
      },
      "properties": {
        "date": "2025-02-05"
      }
    },
    {
      "type": "Feature",
      "geometry": {
        "type": "Point",
        "coordinates": [
          1.9471262874316957,
          41.26364856338821
        ]
      },
      "properties": {
        "date": "2025-02-05"
      }
    },
    {
      "type": "Feature",
      "geometry": {
        "type": "Point",
        "coordinates": [
          1.9471493609289634,
          41.26364856338821
        ]
      },
      "properties": {
        "date": "2025-02-05"
      }
    },
    {
      "type": "Feature",
      "geometry": {
        "type": "Point",
        "coordinates": [
          1.9471724344262311,
          41.26364856338821
        ]
      },
      "properties": {
        "date": "2025-02-05"
      }
    },
    {
      "type": "Feature",
      "geometry": {
        "type": "Point",
        "coordinates": [
          1.9476569778688542,
          41.26364856338821
        ]
      },
      "properties": {
        "date": "2025-02-05"
      }
    },
    {
      "type": "Feature",
      "geometry": {
        "type": "Point",
        "coordinates": [
          1.9476800513661219,
          41.26364856338821
        ]
      },
      "properties": {
        "date": "2025-02-05"
      }
    },
    {
      "type": "Feature",
      "geometry": {
        "type": "Point",
        "coordinates": [
          1.9477031248633896,
          41.26364856338821
        ]
      },
      "properties": {
        "date": "2025-02-05"
      }
    },
    {
      "type": "Feature",
      "geometry": {
        "type": "Point",
        "coordinates": [
          1.9477261983606575,
          41.26364856338821
        ]
      },
      "properties": {
        "date": "2025-02-05"
      }
    },
    {
      "type": "Feature",
      "geometry": {
        "type": "Point",
        "coordinates": [
          1.9477492718579252,
          41.26364856338821
        ]
      },
      "properties": {
        "date": "2025-02-05"
      }
    },
    {
      "type": "Feature",
      "geometry": {
        "type": "Point",
        "coordinates": [
          1.947772345355193,
          41.26364856338821
        ]
      },
      "properties": {
        "date": "2025-02-05"
      }
    },
    {
      "type": "Feature",
      "geometry": {
        "type": "Point",
        "coordinates": [
          1.948141521311477,
          41.26364856338821
        ]
      },
      "properties": {
        "date": "2025-02-05"
      }
    },
    {
      "type": "Feature",
      "geometry": {
        "type": "Point",
        "coordinates": [
          1.948164594808745,
          41.26364856338821
        ]
      },
      "properties": {
        "date": "2025-02-05"
      }
    },
    {
      "type": "Feature",
      "geometry": {
        "type": "Point",
        "coordinates": [
          1.9481876683060126,
          41.26364856338821
        ]
      },
      "properties": {
        "date": "2025-02-05"
      }
    },
    {
      "type": "Feature",
      "geometry": {
        "type": "Point",
        "coordinates": [
          1.9482107418032804,
          41.26364856338821
        ]
      },
      "properties": {
        "date": "2025-02-05"
      }
    },
    {
      "type": "Feature",
      "geometry": {
        "type": "Point",
        "coordinates": [
          1.948233815300548,
          41.26364856338821
        ]
      },
      "properties": {
        "date": "2025-02-05"
      }
    },
    {
      "type": "Feature",
      "geometry": {
        "type": "Point",
        "coordinates": [
          1.948256888797816,
          41.26364856338821
        ]
      },
      "properties": {
        "date": "2025-02-05"
      }
    },
    {
      "type": "Feature",
      "geometry": {
        "type": "Point",
        "coordinates": [
          1.9482799622950837,
          41.26364856338821
        ]
      },
      "properties": {
        "date": "2025-02-05"
      }
    },
    {
      "type": "Feature",
      "geometry": {
        "type": "Point",
        "coordinates": [
          1.9483030357923514,
          41.26364856338821
        ]
      },
      "properties": {
        "date": "2025-02-05"
      }
    },
    {
      "type": "Feature",
      "geometry": {
        "type": "Point",
        "coordinates": [
          1.9483261092896191,
          41.26364856338821
        ]
      },
      "properties": {
        "date": "2025-02-05"
      }
    },
    {
      "type": "Feature",
      "geometry": {
        "type": "Point",
        "coordinates": [
          1.9483491827868868,
          41.26364856338821
        ]
      },
      "properties": {
        "date": "2025-02-05"
      }
    },
    {
      "type": "Feature",
      "geometry": {
        "type": "Point",
        "coordinates": [
          1.9483722562841548,
          41.26364856338821
        ]
      },
      "properties": {
        "date": "2025-02-05"
      }
    },
    {
      "type": "Feature",
      "geometry": {
        "type": "Point",
        "coordinates": [
          1.9483953297814225,
          41.26364856338821
        ]
      },
      "properties": {
        "date": "2025-02-05"
      }
    },
    {
      "type": "Feature",
      "geometry": {
        "type": "Point",
        "coordinates": [
          1.9484184032786902,
          41.26364856338821
        ]
      },
      "properties": {
        "date": "2025-02-05"
      }
    },
    {
      "type": "Feature",
      "geometry": {
        "type": "Point",
        "coordinates": [
          1.948441476775958,
          41.26364856338821
        ]
      },
      "properties": {
        "date": "2025-02-05"
      }
    },
    {
      "type": "Feature",
      "geometry": {
        "type": "Point",
        "coordinates": [
          1.9484645502732258,
          41.26364856338821
        ]
      },
      "properties": {
        "date": "2025-02-05"
      }
    },
    {
      "type": "Feature",
      "geometry": {
        "type": "Point",
        "coordinates": [
          1.9484876237704936,
          41.26364856338821
        ]
      },
      "properties": {
        "date": "2025-02-05"
      }
    },
    {
      "type": "Feature",
      "geometry": {
        "type": "Point",
        "coordinates": [
          1.9485106972677613,
          41.26364856338821
        ]
      },
      "properties": {
        "date": "2025-02-05"
      }
    },
    {
      "type": "Feature",
      "geometry": {
        "type": "Point",
        "coordinates": [
          1.948533770765029,
          41.26364856338821
        ]
      },
      "properties": {
        "date": "2025-02-05"
      }
    },
    {
      "type": "Feature",
      "geometry": {
        "type": "Point",
        "coordinates": [
          1.9485568442622967,
          41.26364856338821
        ]
      },
      "properties": {
        "date": "2025-02-05"
      }
    },
    {
      "type": "Feature",
      "geometry": {
        "type": "Point",
        "coordinates": [
          1.9485799177595646,
          41.26364856338821
        ]
      },
      "properties": {
        "date": "2025-02-05"
      }
    },
    {
      "type": "Feature",
      "geometry": {
        "type": "Point",
        "coordinates": [
          1.9486029912568323,
          41.26364856338821
        ]
      },
      "properties": {
        "date": "2025-02-05"
      }
    },
    {
      "type": "Feature",
      "geometry": {
        "type": "Point",
        "coordinates": [
          1.9486260647541,
          41.26364856338821
        ]
      },
      "properties": {
        "date": "2025-02-05"
      }
    },
    {
      "type": "Feature",
      "geometry": {
        "type": "Point",
        "coordinates": [
          1.9486491382513678,
          41.26364856338821
        ]
      },
      "properties": {
        "date": "2025-02-05"
      }
    },
    {
      "type": "Feature",
      "geometry": {
        "type": "Point",
        "coordinates": [
          1.9486722117486355,
          41.26364856338821
        ]
      },
      "properties": {
        "date": "2025-02-05"
      }
    },
    {
      "type": "Feature",
      "geometry": {
        "type": "Point",
        "coordinates": [
          1.9486952852459034,
          41.26364856338821
        ]
      },
      "properties": {
        "date": "2025-02-05"
      }
    },
    {
      "type": "Feature",
      "geometry": {
        "type": "Point",
        "coordinates": [
          1.9487183587431711,
          41.26364856338821
        ]
      },
      "properties": {
        "date": "2025-02-05"
      }
    },
    {
      "type": "Feature",
      "geometry": {
        "type": "Point",
        "coordinates": [
          1.9468263319672148,
          41.263588658379106
        ]
      },
      "properties": {
        "date": "2025-02-05"
      }
    },
    {
      "type": "Feature",
      "geometry": {
        "type": "Point",
        "coordinates": [
          1.9462725680327886,
          41.26352875337
        ]
      },
      "properties": {
        "date": "2025-02-05"
      }
    },
    {
      "type": "Feature",
      "geometry": {
        "type": "Point",
        "coordinates": [
          1.9462956415300563,
          41.26352875337
        ]
      },
      "properties": {
        "date": "2025-02-05"
      }
    },
    {
      "type": "Feature",
      "geometry": {
        "type": "Point",
        "coordinates": [
          1.946318715027324,
          41.26352875337
        ]
      },
      "properties": {
        "date": "2025-02-05"
      }
    },
    {
      "type": "Feature",
      "geometry": {
        "type": "Point",
        "coordinates": [
          1.946341788524592,
          41.26352875337
        ]
      },
      "properties": {
        "date": "2025-02-05"
      }
    },
    {
      "type": "Feature",
      "geometry": {
        "type": "Polygon",
        "coordinates": [
          [
            [
              1.9462356856159317,
              41.264465013042155
            ],
            [
              1.9462356856159317,
              41.26341613943984
            ],
            [
              2.0028501773516894,
              41.26341613943984
            ],
            [
              2.0028501773516894,
              41.264465013042155
            ],
            [
              1.9462356856159317,
              41.264465013042155
            ]
          ]
        ]
      },
      "properties": {
        "name": "AOI"
      }
    }
  ]
}