{
  "type": "FeatureCollection",
  "features": [
    {
      "type": "Feature",
      "geometry": {
        "type": "Point",
        "coordinates": [
          1.9612703412568322,
          41.264247613479284
        ]
      },
      "properties": {
        "date": "2025-01-09"
      }
    },
    {
      "type": "Feature",
      "geometry": {
        "type": "Point",
        "coordinates": [
          1.9612934147541,
          41.264247613479284
        ]
      },
      "properties": {
        "date": "2025-01-09"
      }
    },
    {
      "type": "Feature",
      "geometry": {
        "type": "Point",
        "coordinates": [
          1.9613164882513678,
          41.264247613479284
        ]
      },
      "properties": {
        "date": "2025-01-09"
      }
    },
    {
      "type": "Feature",
      "geometry": {
        "type": "Point",
        "coordinates": [
          1.9613395617486356,
          41.264247613479284
        ]
      },
      "properties": {
        "date": "2025-01-09"
      }
    },
    {
      "type": "Feature",
      "geometry": {
        "type": "Point",
        "coordinates": [
          1.9613626352459033,
          41.264247613479284
        ]
      },
      "properties": {
        "date": "2025-01-09"
      }
    },
    {
      "type": "Feature",
      "geometry": {
        "type": "Point",
        "coordinates": [
          1.9612703412568322,
          41.26418770847018
        ]
      },
      "properties": {
        "date": "2025-01-09"
      }
    },
    {
      "type": "Feature",
      "geometry": {
        "type": "Point",
        "coordinates": [
          1.9613626352459033,
          41.26418770847018
        ]
      },
      "properties": {
        "date": "2025-01-09"
      }
    },
    {
      "type": "Feature",
      "geometry": {
        "type": "Point",
        "coordinates": [
          1.9572094057377065,
          41.26412780346107
        ]
      },
      "properties": {
        "date": "2025-01-09"
      }
    },
    {
      "type": "Feature",
      "geometry": {
        "type": "Point",
        "coordinates": [
          1.9572324792349742,
          41.26412780346107
        ]
      },
      "properties": {
        "date": "2025-01-09"
      }
    },
    {
      "type": "Feature",
      "geometry": {
        "type": "Point",
        "coordinates": [
          1.9572555527322422,
          41.26412780346107
        ]
      },
      "properties": {
        "date": "2025-01-09"
      }
    },
    {
      "type": "Feature",
      "geometry": {
        "type": "Point",
        "coordinates": [
          1.9572786262295099,
          41.26412780346107
        ]
      },
      "properties": {
        "date": "2025-01-09"
      }
    },
    {
      "type": "Feature",
      "geometry": {
        "type": "Point",
        "coordinates": [
          1.9573016997267776,
          41.26412780346107
        ]
      },
      "properties": {
        "date": "2025-01-09"
      }
    },
    {
      "type": "Feature",
      "geometry": {
        "type": "Point",
        "coordinates": [
          1.9573247732240453,
          41.26412780346107
        ]
      },
      "properties": {
        "date": "2025-01-09"
      }
    },
    {
      "type": "Feature",
      "geometry": {
        "type": "Point",
        "coordinates": [
          1.9573478467213132,
          41.26412780346107
        ]
      },
      "properties": {
        "date": "2025-01-09"
      }
    },
    {
      "type": "Feature",
      "geometry": {
        "type": "Point",
        "coordinates": [
          1.957370920218581,
          41.26412780346107
        ]
      },
      "properties": {
        "date": "2025-01-09"
      }
    },
    {
      "type": "Feature",
      "geometry": {
        "type": "Point",
        "coordinates": [
          1.9573939937158487,
          41.26412780346107
        ]
      },
      "properties": {
        "date": "2025-01-09"
      }
    },
    {
      "type": "Feature",
      "geometry": {
        "type": "Point",
        "coordinates": [
          1.9574170672131164,
          41.26412780346107
        ]
      },
      "properties": {
        "date": "2025-01-09"
      }
    },
    {
      "type": "Feature",
      "geometry": {
        "type": "Point",
        "coordinates": [
          1.957440140710384,
          41.26412780346107
        ]
      },
      "properties": {
        "date": "2025-01-09"
      }
    },
    {
      "type": "Feature",
      "geometry": {
        "type": "Point",
        "coordinates": [
          1.957463214207652,
          41.26412780346107
        ]
      },
      "properties": {
        "date": "2025-01-09"
      }
    },
    {
      "type": "Feature",
      "geometry": {
        "type": "Point",
        "coordinates": [
          1.9574862877049197,
          41.26412780346107
        ]
      },
      "properties": {
        "date": "2025-01-09"
      }
    },
    {
      "type": "Feature",
      "geometry": {
        "type": "Point",
        "coordinates": [
          1.9575093612021874,
          41.26412780346107
        ]
      },
      "properties": {
        "date": "2025-01-09"
      }
    },
    {
      "type": "Feature",
      "geometry": {
        "type": "Point",
        "coordinates": [
          1.9575324346994551,
          41.26412780346107
        ]
      },
      "properties": {
        "date": "2025-01-09"
      }
    },
    {
      "type": "Feature",
      "geometry": {
        "type": "Point",
        "coordinates": [
          1.9575555081967229,
          41.26412780346107
        ]
      },
      "properties": {
        "date": "2025-01-09"
      }
    },
    {
      "type": "Feature",
      "geometry": {
        "type": "Point",
        "coordinates": [
          1.9575785816939908,
          41.26412780346107
        ]
      },
      "properties": {
        "date": "2025-01-09"
      }
    },
    {
      "type": "Feature",
      "geometry": {
        "type": "Point",
        "coordinates": [
          1.9576016551912585,
          41.26412780346107
        ]
      },
      "properties": {
        "date": "2025-01-09"
      }
    },
    {
      "type": "Feature",
      "geometry": {
        "type": "Point",
        "coordinates": [
          1.9576247286885262,
          41.26412780346107
        ]
      },
      "properties": {
        "date": "2025-01-09"
      }
    },
    {
      "type": "Feature",
      "geometry": {
        "type": "Point",
        "coordinates": [
          1.957647802185794,
          41.26412780346107
        ]
      },
      "properties": {
        "date": "2025-01-09"
      }
    },
    {
      "type": "Feature",
      "geometry": {
        "type": "Point",
        "coordinates": [
          1.9576708756830619,
          41.26412780346107
        ]
      },
      "properties": {
        "date": "2025-01-09"
      }
    },
    {
      "type": "Feature",
      "geometry": {
        "type": "Point",
        "coordinates": [
          1.9576939491803296,
          41.26412780346107
        ]
      },
      "properties": {
        "date": "2025-01-09"
      }
    },
    {
      "type": "Feature",
      "geometry": {
        "type": "Point",
        "coordinates": [
          1.9577170226775973,
          41.26412780346107
        ]
      },
      "properties": {
        "date": "2025-01-09"
      }
    },
    {
      "type": "Feature",
      "geometry": {
        "type": "Point",
        "coordinates": [
          1.957740096174865,
          41.26412780346107
        ]
      },
      "properties": {
        "date": "2025-01-09"
      }
    },
    {
      "type": "Feature",
      "geometry": {
        "type": "Point",
        "coordinates": [
          1.9577631696721327,
          41.26412780346107
        ]
      },
      "properties": {
        "date": "2025-01-09"
      }
    },
    {
      "type": "Feature",
      "geometry": {
        "type": "Point",
        "coordinates": [
          1.9577862431694006,
          41.26412780346107
        ]
      },
      "properties": {
        "date": "2025-01-09"
      }
    },
    {
      "type": "Feature",
      "geometry": {
        "type": "Point",
        "coordinates": [
          1.9578093166666684,
          41.26412780346107
        ]
      },
      "properties": {
        "date": "2025-01-09"
      }
    },
    {
      "type": "Feature",
      "geometry": {
        "type": "Point",
        "coordinates": [
          1.957832390163936,
          41.26412780346107
        ]
      },
      "properties": {
        "date": "2025-01-09"
      }
    },
    {
      "type": "Feature",
      "geometry": {
        "type": "Point",
        "coordinates": [
          1.9578554636612038,
          41.26412780346107
        ]
      },
      "properties": {
        "date": "2025-01-09"
      }
    },
    {
      "type": "Feature",
      "geometry": {
        "type": "Point",
        "coordinates": [
          1.9578785371584715,
          41.26412780346107
        ]
      },
      "properties": {
        "date": "2025-01-09"
      }
    },
    {
      "type": "Feature",
      "geometry": {
        "type": "Point",
        "coordinates": [
          1.9579016106557394,
          41.26412780346107
        ]
      },
      "properties": {
        "date": "2025-01-09"
      }
    },
    {
      "type": "Feature",
      "geometry": {
        "type": "Point",
        "coordinates": [
          1.9579246841530071,
          41.26412780346107
        ]
      },
      "properties": {
        "date": "2025-01-09"
      }
    },
    {
      "type": "Feature",
      "geometry": {
        "type": "Point",
        "coordinates": [
          1.9579477576502748,
          41.26412780346107
        ]
      },
      "properties": {
        "date": "2025-01-09"
      }
    },
    {
      "type": "Feature",
      "geometry": {
        "type": "Point",
        "coordinates": [
          1.9579708311475426,
          41.26412780346107
        ]
      },
      "properties": {
        "date": "2025-01-09"
      }
    },
    {
      "type": "Feature",
      "geometry": {
        "type": "Point",
        "coordinates": [
          1.9579939046448105,
          41.26412780346107
        ]
      },
      "properties": {
        "date": "2025-01-09"
      }
    },
    {
      "type": "Feature",
      "geometry": {
        "type": "Point",
        "coordinates": [
          1.9580169781420782,
          41.26412780346107
        ]
      },
      "properties": {
        "date": "2025-01-09"
      }
    },
    {
      "type": "Feature",
      "geometry": {
        "type": "Point",
        "coordinates": [
          1.958040051639346,
          41.26412780346107
        ]
      },
      "properties": {
        "date": "2025-01-09"
      }
    },
    {
      "type": "Feature",
      "geometry": {
        "type": "Point",
        "coordinates": [
          1.9580631251366136,
          41.26412780346107
        ]
      },
      "properties": {
        "date": "2025-01-09"
      }
    },
    {
      "type": "Feature",
      "geometry": {
        "type": "Point",
        "coordinates": [
          1.9580861986338813,
          41.26412780346107
        ]
      },
      "properties": {
        "date": "2025-01-09"
      }
    },
    {
      "type": "Feature",
      "geometry": {
        "type": "Point",
        "coordinates": [
          1.9581092721311493,
          41.26412780346107
        ]
      },
      "properties": {
        "date": "2025-01-09"
      }
    },
    {
      "type": "Feature",
      "geometry": {
        "type": "Point",
        "coordinates": [
          1.958132345628417,
          41.26412780346107
        ]
      },
      "properties": {
        "date": "2025-01-09"
      }
    },
    {
      "type": "Feature",
      "geometry": {
        "type": "Point",
        "coordinates": [
          1.9581554191256847,
          41.26412780346107
        ]
      },
      "properties": {
        "date": "2025-01-09"
      }
    },
    {
      "type": "Feature",
      "geometry": {
        "type": "Point",
        "coordinates": [
          1.9581784926229524,
          41.26412780346107
        ]
      },
      "properties": {
        "date": "2025-01-09"
      }
    },
    {
      "type": "Feature",
      "geometry": {
        "type": "Point",
        "coordinates": [
          1.9582015661202201,
          41.26412780346107
        ]
      },
      "properties": {
        "date": "2025-01-09"
      }
    },
    {
      "type": "Feature",
      "geometry": {
        "type": "Point",
        "coordinates": [
          1.958224639617488,
          41.26412780346107
        ]
      },
      "properties": {
        "date": "2025-01-09"
      }
    },
    {
      "type": "Feature",
      "geometry": {
        "type": "Point",
        "coordinates": [
          1.9582477131147558,
          41.26412780346107
        ]
      },
      "properties": {
        "date": "2025-01-09"
      }
    },
    {
      "type": "Feature",
      "geometry": {
        "type": "Point",
        "coordinates": [
          1.9582707866120235,
          41.26412780346107
        ]
      },
      "properties": {
        "date": "2025-01-09"
      }
    },
    {
      "type": "Feature",
      "geometry": {
        "type": "Point",
        "coordinates": [
          1.9582938601092912,
          41.26412780346107
        ]
      },
      "properties": {
        "date": "2025-01-09"
      }
    },
    {
      "type": "Feature",
      "geometry": {
        "type": "Point",
        "coordinates": [
          1.9583169336065591,
          41.26412780346107
        ]
      },
      "properties": {
        "date": "2025-01-09"
      }
    },
    {
      "type": "Feature",
      "geometry": {
        "type": "Point",
        "coordinates": [
          1.9583400071038268,
          41.26412780346107
        ]
      },
      "properties": {
        "date": "2025-01-09"
      }
    },
    {
      "type": "Feature",
      "geometry": {
        "type": "Point",
        "coordinates": [
          1.9583630806010945,
          41.26412780346107
        ]
      },
      "properties": {
        "date": "2025-01-09"
      }
    },
    {
      "type": "Feature",
      "geometry": {
        "type": "Point",
        "coordinates": [
          1.9583861540983623,
          41.26412780346107
        ]
      },
      "properties": {
        "date": "2025-01-09"
      }
    },
    {
      "type": "Feature",
      "geometry": {
        "type": "Point",
        "coordinates": [
          1.95840922759563,
          41.26412780346107
        ]
      },
      "properties": {
        "date": "2025-01-09"
      }
    },
    {
      "type": "Feature",
      "geometry": {
        "type": "Point",
        "coordinates": [
          1.958432301092898,
          41.26412780346107
        ]
      },
      "properties": {
        "date": "2025-01-09"
      }
    },
    {
      "type": "Feature",
      "geometry": {
        "type": "Point",
        "coordinates": [
          1.9584553745901656,
          41.26412780346107
        ]
      },
      "properties": {
        "date": "2025-01-09"
      }
    },
    {
      "type": "Feature",
      "geometry": {
        "type": "Point",
        "coordinates": [
          1.9584784480874333,
          41.26412780346107
        ]
      },
      "properties": {
        "date": "2025-01-09"
      }
    },
    {
      "type": "Feature",
      "geometry": {
        "type": "Point",
        "coordinates": [
          1.958501521584701,
          41.26412780346107
        ]
      },
      "properties": {
        "date": "2025-01-09"
      }
    },
    {
      "type": "Feature",
      "geometry": {
        "type": "Point",
        "coordinates": [
          1.9585245950819687,
          41.26412780346107
        ]
      },
      "properties": {
        "date": "2025-01-09"
      }
    },
    {
      "type": "Feature",
      "geometry": {
        "type": "Point",
        "coordinates": [
          1.9585476685792367,
          41.26412780346107
        ]
      },
      "properties": {
        "date": "2025-01-09"
      }
    },
    {
      "type": "Feature",
      "geometry": {
        "type": "Point",
        "coordinates": [
          1.9585707420765044,
          41.26412780346107
        ]
      },
      "properties": {
        "date": "2025-01-09"
      }
    },
    {
      "type": "Feature",
      "geometry": {
        "type": "Point",
        "coordinates": [
          1.958593815573772,
          41.26412780346107
        ]
      },
      "properties": {
        "date": "2025-01-09"
      }
    },
    {
      "type": "Feature",
      "geometry": {
        "type": "Point",
        "coordinates": [
          1.9586168890710398,
          41.26412780346107
        ]
      },
      "properties": {
        "date": "2025-01-09"
      }
    },
    {
      "type": "Feature",
      "geometry": {
        "type": "Point",
        "coordinates": [
          1.9586399625683077,
          41.26412780346107
        ]
      },
      "properties": {
        "date": "2025-01-09"
      }
    },
    {
      "type": "Feature",
      "geometry": {
        "type": "Point",
        "coordinates": [
          1.9586630360655755,
          41.26412780346107
        ]
      },
      "properties": {
        "date": "2025-01-09"
      }
    },
    {
      "type": "Feature",
      "geometry": {
        "type": "Point",
        "coordinates": [
          1.9586861095628432,
          41.26412780346107
        ]
      },
      "properties": {
        "date": "2025-01-09"
      }
    },
    {
      "type": "Feature",
      "geometry": {
        "type": "Point",
        "coordinates": [
          1.9587091830601109,
          41.26412780346107
        ]
      },
      "properties": {
        "date": "2025-01-09"
      }
    },
    {
      "type": "Feature",
      "geometry": {
        "type": "Point",
        "coordinates": [
          1.9587322565573786,
          41.26412780346107
        ]
      },
      "properties": {
        "date": "2025-01-09"
      }
    },
    {
      "type": "Feature",
      "geometry": {
        "type": "Point",
        "coordinates": [
          1.9587553300546465,
          41.26412780346107
        ]
      },
      "properties": {
        "date": "2025-01-09"
      }
    },
    {
      "type": "Feature",
      "geometry": {
        "type": "Point",
        "coordinates": [
          1.9587784035519142,
          41.26412780346107
        ]
      },
      "properties": {
        "date": "2025-01-09"
      }
    },
    {
      "type": "Feature",
      "geometry": {
        "type": "Point",
        "coordinates": [
          1.958801477049182,
          41.26412780346107
        ]
      },
      "properties": {
        "date": "2025-01-09"
      }
    },
    {
      "type": "Feature",
      "geometry": {
        "type": "Point",
        "coordinates": [
          1.9588245505464497,
          41.26412780346107
        ]
      },
      "properties": {
        "date": "2025-01-09"
      }
    },
    {
      "type": "Feature",
      "geometry": {
        "type": "Point",
        "coordinates": [
          1.9588476240437176,
          41.26412780346107
        ]
      },
      "properties": {
        "date": "2025-01-09"
      }
    },
    {
      "type": "Feature",
      "geometry": {
        "type": "Point",
        "coordinates": [
          1.9588706975409853,
          41.26412780346107
        ]
      },
      "properties": {
        "date": "2025-01-09"
      }
    },
    {
      "type": "Feature",
      "geometry": {
        "type": "Point",
        "coordinates": [
          1.958893771038253,
          41.26412780346107
        ]
      },
      "properties": {
        "date": "2025-01-09"
      }
    },
    {
      "type": "Feature",
      "geometry": {
        "type": "Point",
        "coordinates": [
          1.9589168445355207,
          41.26412780346107
        ]
      },
      "properties": {
        "date": "2025-01-09"
      }
    },
    {
      "type": "Feature",
      "geometry": {
        "type": "Point",
        "coordinates": [
          1.9589399180327884,
          41.26412780346107
        ]
      },
      "properties": {
        "date": "2025-01-09"
      }
    },
    {
      "type": "Feature",
      "geometry": {
        "type": "Point",
        "coordinates": [
          1.9589629915300564,
          41.26412780346107
        ]
      },
      "properties": {
        "date": "2025-01-09"
      }
    },
    {
      "type": "Feature",
      "geometry": {
        "type": "Point",
        "coordinates": [
          1.958986065027324,
          41.26412780346107
        ]
      },
      "properties": {
        "date": "2025-01-09"
      }
    },
    {
      "type": "Feature",
      "geometry": {
        "type": "Point",
        "coordinates": [
          1.9592398734972694,
          41.26412780346107
        ]
      },
      "properties": {
        "date": "2025-01-09"
      }
    },
    {
      "type": "Feature",
      "geometry": {
        "type": "Point",
        "coordinates": [
          1.959262946994537,
          41.26412780346107
        ]
      },
      "properties": {
        "date": "2025-01-09"
      }
    },
    {
      "type": "Feature",
      "geometry": {
        "type": "Point",
        "coordinates": [
          1.959286020491805,
          41.26412780346107
        ]
      },
      "properties": {
        "date": "2025-01-09"
      }
    },
    {
      "type": "Feature",
      "geometry": {
        "type": "Point",
        "coordinates": [
          1.9593090939890727,
          41.26412780346107
        ]
      },
      "properties": {
        "date": "2025-01-09"
      }
    },
    {
      "type": "Feature",
      "geometry": {
        "type": "Point",
        "coordinates": [
          1.9593321674863404,
          41.26412780346107
        ]
      },
      "properties": {
        "date": "2025-01-09"
      }
    },
    {
      "type": "Feature",
      "geometry": {
        "type": "Point",
        "coordinates": [
          1.9603012543715863,
          41.26412780346107
        ]
      },
      "properties": {
        "date": "2025-01-09"
      }
    },
    {
      "type": "Feature",
      "geometry": {
        "type": "Point",
        "coordinates": [
          1.960324327868854,
          41.26412780346107
        ]
      },
      "properties": {
        "date": "2025-01-09"
      }
    },
    {
      "type": "Feature",
      "geometry": {
        "type": "Point",
        "coordinates": [
          1.960347401366122,
          41.26412780346107
        ]
      },
      "properties": {
        "date": "2025-01-09"
      }
    },
    {
      "type": "Feature",
      "geometry": {
        "type": "Point",
        "coordinates": [
          1.9603704748633897,
          41.26412780346107
        ]
      },
      "properties": {
        "date": "2025-01-09"
      }
    },
    {
      "type": "Feature",
      "geometry": {
        "type": "Point",
        "coordinates": [
          1.9603935483606574,
          41.26412780346107
        ]
      },
      "properties": {
        "date": "2025-01-09"
      }
    },
    {
      "type": "Feature",
      "geometry": {
        "type": "Point",
        "coordinates": [
          1.960416621857925,
          41.26412780346107
        ]
      },
      "properties": {
        "date": "2025-01-09"
      }
    },
    {
      "type": "Feature",
      "geometry": {
        "type": "Point",
        "coordinates": [
          1.9604396953551928,
          41.26412780346107
        ]
      },
      "properties": {
        "date": "2025-01-09"
      }
    },
    {
      "type": "Feature",
      "geometry": {
        "type": "Point",
        "coordinates": [
          1.9604627688524607,
          41.26412780346107
        ]
      },
      "properties": {
        "date": "2025-01-09"
      }
    },
    {
      "type": "Feature",
      "geometry": {
        "type": "Point",
        "coordinates": [
          1.9604858423497284,
          41.26412780346107
        ]
      },
      "properties": {
        "date": "2025-01-09"
      }
    },
    {
      "type": "Feature",
      "geometry": {
        "type": "Point",
        "coordinates": [
          1.9605089158469962,
          41.26412780346107
        ]
      },
      "properties": {
        "date": "2025-01-09"
      }
    },
    {
      "type": "Feature",
      "geometry": {
        "type": "Point",
        "coordinates": [
          1.9605319893442639,
          41.26412780346107
        ]
      },
      "properties": {
        "date": "2025-01-09"
      }
    },
    {
      "type": "Feature",
      "geometry": {
        "type": "Point",
        "coordinates": [
          1.9606704303278706,
          41.26412780346107
        ]
      },
      "properties": {
        "date": "2025-01-09"
      }
    },
    {
      "type": "Feature",
      "geometry": {
        "type": "Point",
        "coordinates": [
          1.9606935038251383,
          41.26412780346107
        ]
      },
      "properties": {
        "date": "2025-01-09"
      }
    },
    {
      "type": "Feature",
      "geometry": {
        "type": "Point",
        "coordinates": [
          1.960716577322406,
          41.26412780346107
        ]
      },
      "properties": {
        "date": "2025-01-09"
      }
    },
    {
      "type": "Feature",
      "geometry": {
        "type": "Point",
        "coordinates": [
          1.9607396508196737,
          41.26412780346107
        ]
      },
      "properties": {
        "date": "2025-01-09"
      }
    },
    {
      "type": "Feature",
      "geometry": {
        "type": "Point",
        "coordinates": [
          1.9607627243169414,
          41.26412780346107
        ]
      },
      "properties": {
        "date": "2025-01-09"
      }
    },
    {
      "type": "Feature",
      "geometry": {
        "type": "Point",
        "coordinates": [
          1.9607857978142094,
          41.26412780346107
        ]
      },
      "properties": {
        "date": "2025-01-09"
      }
    },
    {
      "type": "Feature",
      "geometry": {
        "type": "Point",
        "coordinates": [
          1.960808871311477,
          41.26412780346107
        ]
      },
      "properties": {
        "date": "2025-01-09"
      }
    },
    {
      "type": "Feature",
      "geometry": {
        "type": "Point",
        "coordinates": [
          1.9608319448087448,
          41.26412780346107
        ]
      },
      "properties": {
        "date": "2025-01-09"
      }
    },
    {
      "type": "Feature",
      "geometry": {
        "type": "Point",
        "coordinates": [
          1.9608550183060125,
          41.26412780346107
        ]
      },
      "properties": {
        "date": "2025-01-09"
      }
    },
    {
      "type": "Feature",
      "geometry": {
        "type": "Point",
        "coordinates": [
          1.9608780918032802,
          41.26412780346107
        ]
      },
      "properties": {
        "date": "2025-01-09"
      }
    },
    {
      "type": "Feature",
      "geometry": {
        "type": "Point",
        "coordinates": [
          1.9609011653005481,
          41.26412780346107
        ]
      },
      "properties": {
        "date": "2025-01-09"
      }
    },
    {
      "type": "Feature",
      "geometry": {
        "type": "Point",
        "coordinates": [
          1.9609242387978159,
          41.26412780346107
        ]
      },
      "properties": {
        "date": "2025-01-09"
      }
    },
    {
      "type": "Feature",
      "geometry": {
        "type": "Point",
        "coordinates": [
          1.9609473122950836,
          41.26412780346107
        ]
      },
      "properties": {
        "date": "2025-01-09"
      }
    },
    {
      "type": "Feature",
      "geometry": {
        "type": "Point",
        "coordinates": [
          1.9609703857923513,
          41.26412780346107
        ]
      },
      "properties": {
        "date": "2025-01-09"
      }
    },
    {
      "type": "Feature",
      "geometry": {
        "type": "Point",
        "coordinates": [
          1.9609934592896192,
          41.26412780346107
        ]
      },
      "properties": {
        "date": "2025-01-09"
      }
    },
    {
      "type": "Feature",
      "geometry": {
        "type": "Point",
        "coordinates": [
          1.961016532786887,
          41.26412780346107
        ]
      },
      "properties": {
        "date": "2025-01-09"
      }
    },
    {
      "type": "Feature",
      "geometry": {
        "type": "Point",
        "coordinates": [
          1.9610396062841546,
          41.26412780346107
        ]
      },
      "properties": {
        "date": "2025-01-09"
      }
    },
    {
      "type": "Feature",
      "geometry": {
        "type": "Point",
        "coordinates": [
          1.9610626797814223,
          41.26412780346107
        ]
      },
      "properties": {
        "date": "2025-01-09"
      }
    },
    {
      "type": "Feature",
      "geometry": {
        "type": "Point",
        "coordinates": [
          1.96108575327869,
          41.26412780346107
        ]
      },
      "properties": {
        "date": "2025-01-09"
      }
    },
    {
      "type": "Feature",
      "geometry": {
        "type": "Point",
        "coordinates": [
          1.961108826775958,
          41.26412780346107
        ]
      },
      "properties": {
        "date": "2025-01-09"
      }
    },
    {
      "type": "Feature",
      "geometry": {
        "type": "Point",
        "coordinates": [
          1.9611319002732257,
          41.26412780346107
        ]
      },
      "properties": {
        "date": "2025-01-09"
      }
    },
    {
      "type": "Feature",
      "geometry": {
        "type": "Point",
        "coordinates": [
          1.9611549737704934,
          41.26412780346107
        ]
      },
      "properties": {
        "date": "2025-01-09"
      }
    },
    {
      "type": "Feature",
      "geometry": {
        "type": "Point",
        "coordinates": [
          1.9611780472677611,
          41.26412780346107
        ]
      },
      "properties": {
        "date": "2025-01-09"
      }
    },
    {
      "type": "Feature",
      "geometry": {
        "type": "Point",
        "coordinates": [
          1.961201120765029,
          41.26412780346107
        ]
      },
      "properties": {
        "date": "2025-01-09"
      }
    },
    {
      "type": "Feature",
      "geometry": {
        "type": "Point",
        "coordinates": [
          1.9612241942622968,
          41.26412780346107
        ]
      },
      "properties": {
        "date": "2025-01-09"
      }
    },
    {
      "type": "Feature",
      "geometry": {
        "type": "Point",
        "coordinates": [
          1.9612472677595645,
          41.26412780346107
        ]
      },
      "properties": {
        "date": "2025-01-09"
      }
    },
    {
      "type": "Feature",
      "geometry": {
        "type": "Point",
        "coordinates": [
          1.9612703412568322,
          41.26412780346107
        ]
      },
      "properties": {
        "date": "2025-01-09"
      }
    },
    {
      "type": "Feature",
      "geometry": {
        "type": "Point",
        "coordinates": [
          1.9613626352459033,
          41.26412780346107
        ]
      },
      "properties": {
        "date": "2025-01-09"
      }
    },
    {
      "type": "Feature",
      "geometry": {
        "type": "Point",
        "coordinates": [
          1.961385708743171,
          41.26412780346107
        ]
      },
      "properties": {
        "date": "2025-01-09"
      }
    },
    {
      "type": "Feature",
      "geometry": {
        "type": "Point",
        "coordinates": [
          1.9614087822404387,
          41.26412780346107
        ]
      },
      "properties": {
        "date": "2025-01-09"
      }
    },
    {
      "type": "Feature",
      "geometry": {
        "type": "Point",
        "coordinates": [
          1.9614318557377066,
          41.26412780346107
        ]
      },
      "properties": {
        "date": "2025-01-09"
      }
    },
    {
      "type": "Feature",
      "geometry": {
        "type": "Point",
        "coordinates": [
          1.9614549292349743,
          41.26412780346107
        ]
      },
      "properties": {
        "date": "2025-01-09"
      }
    },
    {
      "type": "Feature",
      "geometry": {
        "type": "Point",
        "coordinates": [
          1.961478002732242,
          41.26412780346107
        ]
      },
      "properties": {
        "date": "2025-01-09"
      }
    },
    {
      "type": "Feature",
      "geometry": {
        "type": "Point",
        "coordinates": [
          1.9615010762295098,
          41.26412780346107
        ]
      },
      "properties": {
        "date": "2025-01-09"
      }
    },
    {
      "type": "Feature",
      "geometry": {
        "type": "Point",
        "coordinates": [
          1.9615241497267777,
          41.26412780346107
        ]
      },
      "properties": {
        "date": "2025-01-09"
      }
    },
    {
      "type": "Feature",
      "geometry": {
        "type": "Point",
        "coordinates": [
          1.9615472232240454,
          41.26412780346107
        ]
      },
      "properties": {
        "date": "2025-01-09"
      }
    },
    {
      "type": "Feature",
      "geometry": {
        "type": "Point",
        "coordinates": [
          1.9615702967213131,
          41.26412780346107
        ]
      },
      "properties": {
        "date": "2025-01-09"
      }
    },
    {
      "type": "Feature",
      "geometry": {
        "type": "Point",
        "coordinates": [
          1.9615933702185808,
          41.26412780346107
        ]
      },
      "properties": {
        "date": "2025-01-09"
      }
    },
    {
      "type": "Feature",
      "geometry": {
        "type": "Point",
        "coordinates": [
          1.9616164437158485,
          41.26412780346107
        ]
      },
      "properties": {
        "date": "2025-01-09"
      }
    },
    {
      "type": "Feature",
      "geometry": {
        "type": "Point",
        "coordinates": [
          1.9616395172131165,
          41.26412780346107
        ]
      },
      "properties": {
        "date": "2025-01-09"
      }
    },
    {
      "type": "Feature",
      "geometry": {
        "type": "Point",
        "coordinates": [
          1.9616625907103842,
          41.26412780346107
        ]
      },
      "properties": {
        "date": "2025-01-09"
      }
    },
    {
      "type": "Feature",
      "geometry": {
        "type": "Point",
        "coordinates": [
          1.961685664207652,
          41.26412780346107
        ]
      },
      "properties": {
        "date": "2025-01-09"
      }
    },
    {
      "type": "Feature",
      "geometry": {
        "type": "Point",
        "coordinates": [
          1.9617087377049196,
          41.26412780346107
        ]
      },
      "properties": {
        "date": "2025-01-09"
      }
    },
    {
      "type": "Feature",
      "geometry": {
        "type": "Point",
        "coordinates": [
          1.9617318112021873,
          41.26412780346107
        ]
      },
      "properties": {
        "date": "2025-01-09"
      }
    },
    {
      "type": "Feature",
      "geometry": {
        "type": "Point",
        "coordinates": [
          1.9619856196721328,
          41.26412780346107
        ]
      },
      "properties": {
        "date": "2025-01-09"
      }
    },
    {
      "type": "Feature",
      "geometry": {
        "type": "Point",
        "coordinates": [
          1.9620086931694005,
          41.26412780346107
        ]
      },
      "properties": {
        "date": "2025-01-09"
      }
    },
    {
      "type": "Feature",
      "geometry": {
        "type": "Point",
        "coordinates": [
          1.9620317666666682,
          41.26412780346107
        ]
      },
      "properties": {
        "date": "2025-01-09"
      }
    },
    {
      "type": "Feature",
      "geometry": {
        "type": "Point",
        "coordinates": [
          1.962054840163936,
          41.26412780346107
        ]
      },
      "properties": {
        "date": "2025-01-09"
      }
    },
    {
      "type": "Feature",
      "geometry": {
        "type": "Point",
        "coordinates": [
          1.9620779136612039,
          41.26412780346107
        ]
      },
      "properties": {
        "date": "2025-01-09"
      }
    },
    {
      "type": "Feature",
      "geometry": {
        "type": "Point",
        "coordinates": [
          1.9666003191256847,
          41.26412780346107
        ]
      },
      "properties": {
        "date": "2025-01-09"
      }
    },
    {
      "type": "Feature",
      "geometry": {
        "type": "Point",
        "coordinates": [
          1.9666233926229524,
          41.26412780346107
        ]
      },
      "properties": {
        "date": "2025-01-09"
      }
    },
    {
      "type": "Feature",
      "geometry": {
        "type": "Point",
        "coordinates": [
          1.954094483606559,
          41.26406789845196
        ]
      },
      "properties": {
        "date": "2025-01-09"
      }
    },
    {
      "type": "Feature",
      "geometry": {
        "type": "Point",
        "coordinates": [
          1.9541175571038267,
          41.26406789845196
        ]
      },
      "properties": {
        "date": "2025-01-09"
      }
    },
    {
      "type": "Feature",
      "geometry": {
        "type": "Point",
        "coordinates": [
          1.9541406306010947,
          41.26406789845196
        ]
      },
      "properties": {
        "date": "2025-01-09"
      }
    },
    {
      "type": "Feature",
      "geometry": {
        "type": "Point",
        "coordinates": [
          1.9541637040983624,
          41.26406789845196
        ]
      },
      "properties": {
        "date": "2025-01-09"
      }
    },
    {
      "type": "Feature",
      "geometry": {
        "type": "Point",
        "coordinates": [
          1.95418677759563,
          41.26406789845196
        ]
      },
      "properties": {
        "date": "2025-01-09"
      }
    },
    {
      "type": "Feature",
      "geometry": {
        "type": "Point",
        "coordinates": [
          1.9542098510928978,
          41.26406789845196
        ]
      },
      "properties": {
        "date": "2025-01-09"
      }
    },
    {
      "type": "Feature",
      "geometry": {
        "type": "Point",
        "coordinates": [
          1.9542329245901655,
          41.26406789845196
        ]
      },
      "properties": {
        "date": "2025-01-09"
      }
    },
    {
      "type": "Feature",
      "geometry": {
        "type": "Point",
        "coordinates": [
          1.9542559980874334,
          41.26406789845196
        ]
      },
      "properties": {
        "date": "2025-01-09"
      }
    },
    {
      "type": "Feature",
      "geometry": {
        "type": "Point",
        "coordinates": [
          1.9542790715847012,
          41.26406789845196
        ]
      },
      "properties": {
        "date": "2025-01-09"
      }
    },
    {
      "type": "Feature",
      "geometry": {
        "type": "Point",
        "coordinates": [
          1.9543021450819689,
          41.26406789845196
        ]
      },
      "properties": {
        "date": "2025-01-09"
      }
    },
    {
      "type": "Feature",
      "geometry": {
        "type": "Point",
        "coordinates": [
          1.9543252185792366,
          41.26406789845196
        ]
      },
      "properties": {
        "date": "2025-01-09"
      }
    },
    {
      "type": "Feature",
      "geometry": {
        "type": "Point",
        "coordinates": [
          1.9544636595628433,
          41.26406789845196
        ]
      },
      "properties": {
        "date": "2025-01-09"
      }
    },
    {
      "type": "Feature",
      "geometry": {
        "type": "Point",
        "coordinates": [
          1.954486733060111,
          41.26406789845196
        ]
      },
      "properties": {
        "date": "2025-01-09"
      }
    },
    {
      "type": "Feature",
      "geometry": {
        "type": "Point",
        "coordinates": [
          1.9545098065573787,
          41.26406789845196
        ]
      },
      "properties": {
        "date": "2025-01-09"
      }
    },
    {
      "type": "Feature",
      "geometry": {
        "type": "Point",
        "coordinates": [
          1.9545328800546464,
          41.26406789845196
        ]
      },
      "properties": {
        "date": "2025-01-09"
      }
    },
    {
      "type": "Feature",
      "geometry": {
        "type": "Point",
        "coordinates": [
          1.9545559535519141,
          41.26406789845196
        ]
      },
      "properties": {
        "date": "2025-01-09"
      }
    },
    {
      "type": "Feature",
      "geometry": {
        "type": "Point",
        "coordinates": [
          1.9546943945355209,
          41.26406789845196
        ]
      },
      "properties": {
        "date": "2025-01-09"
      }
    },
    {
      "type": "Feature",
      "geometry": {
        "type": "Point",
        "coordinates": [
          1.9547174680327886,
          41.26406789845196
        ]
      },
      "properties": {
        "date": "2025-01-09"
      }
    },
    {
      "type": "Feature",
      "geometry": {
        "type": "Point",
        "coordinates": [
          1.9547405415300563,
          41.26406789845196
        ]
      },
      "properties": {
        "date": "2025-01-09"
      }
    },
    {
      "type": "Feature",
      "geometry": {
        "type": "Point",
        "coordinates": [
          1.954763615027324,
          41.26406789845196
        ]
      },
      "properties": {
        "date": "2025-01-09"
      }
    },
    {
      "type": "Feature",
      "geometry": {
        "type": "Point",
        "coordinates": [
          1.954786688524592,
          41.26406789845196
        ]
      },
      "properties": {
        "date": "2025-01-09"
      }
    },
    {
      "type": "Feature",
      "geometry": {
        "type": "Point",
        "coordinates": [
          1.9548097620218596,
          41.26406789845196
        ]
      },
      "properties": {
        "date": "2025-01-09"
      }
    },
    {
      "type": "Feature",
      "geometry": {
        "type": "Point",
        "coordinates": [
          1.9572094057377065,
          41.26406789845196
        ]
      },
      "properties": {
        "date": "2025-01-09"
      }
    },
    {
      "type": "Feature",
      "geometry": {
        "type": "Point",
        "coordinates": [
          1.9574170672131164,
          41.26406789845196
        ]
      },
      "properties": {
        "date": "2025-01-09"
      }
    },
    {
      "type": "Feature",
      "geometry": {
        "type": "Point",
        "coordinates": [
          1.957440140710384,
          41.26406789845196
        ]
      },
      "properties": {
        "date": "2025-01-09"
      }
    },
    {
      "type": "Feature",
      "geometry": {
        "type": "Point",
        "coordinates": [
          1.957463214207652,
          41.26406789845196
        ]
      },
      "properties": {
        "date": "2025-01-09"
      }
    },
    {
      "type": "Feature",
      "geometry": {
        "type": "Point",
        "coordinates": [
          1.9574862877049197,
          41.26406789845196
        ]
      },
      "properties": {
        "date": "2025-01-09"
      }
    },
    {
      "type": "Feature",
      "geometry": {
        "type": "Point",
        "coordinates": [
          1.9575093612021874,
          41.26406789845196
        ]
      },
      "properties": {
        "date": "2025-01-09"
      }
    },
    {
      "type": "Feature",
      "geometry": {
        "type": "Point",
        "coordinates": [
          1.9575324346994551,
          41.26406789845196
        ]
      },
      "properties": {
        "date": "2025-01-09"
      }
    },
    {
      "type": "Feature",
      "geometry": {
        "type": "Point",
        "coordinates": [
          1.9575555081967229,
          41.26406789845196
        ]
      },
      "properties": {
        "date": "2025-01-09"
      }
    },
    {
      "type": "Feature",
      "geometry": {
        "type": "Point",
        "coordinates": [
          1.9575785816939908,
          41.26406789845196
        ]
      },
      "properties": {
        "date": "2025-01-09"
      }
    },
    {
      "type": "Feature",
      "geometry": {
        "type": "Point",
        "coordinates": [
          1.9576016551912585,
          41.26406789845196
        ]
      },
      "properties": {
        "date": "2025-01-09"
      }
    },
    {
      "type": "Feature",
      "geometry": {
        "type": "Point",
        "coordinates": [
          1.9576247286885262,
          41.26406789845196
        ]
      },
      "properties": {
        "date": "2025-01-09"
      }
    },
    {
      "type": "Feature",
      "geometry": {
        "type": "Point",
        "coordinates": [
          1.957647802185794,
          41.26406789845196
        ]
      },
      "properties": {
        "date": "2025-01-09"
      }
    },
    {
      "type": "Feature",
      "geometry": {
        "type": "Point",
        "coordinates": [
          1.9576708756830619,
          41.26406789845196
        ]
      },
      "properties": {
        "date": "2025-01-09"
      }
    },
    {
      "type": "Feature",
      "geometry": {
        "type": "Point",
        "coordinates": [
          1.9576939491803296,
          41.26406789845196
        ]
      },
      "properties": {
        "date": "2025-01-09"
      }
    },
    {
      "type": "Feature",
      "geometry": {
        "type": "Point",
        "coordinates": [
          1.9577170226775973,
          41.26406789845196
        ]
      },
      "properties": {
        "date": "2025-01-09"
      }
    },
    {
      "type": "Feature",
      "geometry": {
        "type": "Point",
        "coordinates": [
          1.957740096174865,
          41.26406789845196
        ]
      },
      "properties": {
        "date": "2025-01-09"
      }
    },
    {
      "type": "Feature",
      "geometry": {
        "type": "Point",
        "coordinates": [
          1.9577631696721327,
          41.26406789845196
        ]
      },
      "properties": {
        "date": "2025-01-09"
      }
    },
    {
      "type": "Feature",
      "geometry": {
        "type": "Point",
        "coordinates": [
          1.9577862431694006,
          41.26406789845196
        ]
      },
      "properties": {
        "date": "2025-01-09"
      }
    },
    {
      "type": "Feature",
      "geometry": {
        "type": "Point",
        "coordinates": [
          1.9578093166666684,
          41.26406789845196
        ]
      },
      "properties": {
        "date": "2025-01-09"
      }
    },
    {
      "type": "Feature",
      "geometry": {
        "type": "Point",
        "coordinates": [
          1.957832390163936,
          41.26406789845196
        ]
      },
      "properties": {
        "date": "2025-01-09"
      }
    },
    {
      "type": "Feature",
      "geometry": {
        "type": "Point",
        "coordinates": [
          1.9578554636612038,
          41.26406789845196
        ]
      },
      "properties": {
        "date": "2025-01-09"
      }
    },
    {
      "type": "Feature",
      "geometry": {
        "type": "Point",
        "coordinates": [
          1.9578785371584715,
          41.26406789845196
        ]
      },
      "properties": {
        "date": "2025-01-09"
      }
    },
    {
      "type": "Feature",
      "geometry": {
        "type": "Point",
        "coordinates": [
          1.9579016106557394,
          41.26406789845196
        ]
      },
      "properties": {
        "date": "2025-01-09"
      }
    },
    {
      "type": "Feature",
      "geometry": {
        "type": "Point",
        "coordinates": [
          1.9579246841530071,
          41.26406789845196
        ]
      },
      "properties": {
        "date": "2025-01-09"
      }
    },
    {
      "type": "Feature",
      "geometry": {
        "type": "Point",
        "coordinates": [
          1.9579477576502748,
          41.26406789845196
        ]
      },
      "properties": {
        "date": "2025-01-09"
      }
    },
    {
      "type": "Feature",
      "geometry": {
        "type": "Point",
        "coordinates": [
          1.9579708311475426,
          41.26406789845196
        ]
      },
      "properties": {
        "date": "2025-01-09"
      }
    },
    {
      "type": "Feature",
      "geometry": {
        "type": "Point",
        "coordinates": [
          1.9579939046448105,
          41.26406789845196
        ]
      },
      "properties": {
        "date": "2025-01-09"
      }
    },
    {
      "type": "Feature",
      "geometry": {
        "type": "Point",
        "coordinates": [
          1.9580169781420782,
          41.26406789845196
        ]
      },
      "properties": {
        "date": "2025-01-09"
      }
    },
    {
      "type": "Feature",
      "geometry": {
        "type": "Point",
        "coordinates": [
          1.958040051639346,
          41.26406789845196
        ]
      },
      "properties": {
        "date": "2025-01-09"
      }
    },
    {
      "type": "Feature",
      "geometry": {
        "type": "Point",
        "coordinates": [
          1.9580631251366136,
          41.26406789845196
        ]
      },
      "properties": {
        "date": "2025-01-09"
      }
    },
    {
      "type": "Feature",
      "geometry": {
        "type": "Point",
        "coordinates": [
          1.9580861986338813,
          41.26406789845196
        ]
      },
      "properties": {
        "date": "2025-01-09"
      }
    },
    {
      "type": "Feature",
      "geometry": {
        "type": "Point",
        "coordinates": [
          1.9581092721311493,
          41.26406789845196
        ]
      },
      "properties": {
        "date": "2025-01-09"
      }
    },
    {
      "type": "Feature",
      "geometry": {
        "type": "Point",
        "coordinates": [
          1.958132345628417,
          41.26406789845196
        ]
      },
      "properties": {
        "date": "2025-01-09"
      }
    },
    {
      "type": "Feature",
      "geometry": {
        "type": "Point",
        "coordinates": [
          1.9581554191256847,
          41.26406789845196
        ]
      },
      "properties": {
        "date": "2025-01-09"
      }
    },
    {
      "type": "Feature",
      "geometry": {
        "type": "Point",
        "coordinates": [
          1.9581784926229524,
          41.26406789845196
        ]
      },
      "properties": {
        "date": "2025-01-09"
      }
    },
    {
      "type": "Feature",
      "geometry": {
        "type": "Point",
        "coordinates": [
          1.9582015661202201,
          41.26406789845196
        ]
      },
      "properties": {
        "date": "2025-01-09"
      }
    },
    {
      "type": "Feature",
      "geometry": {
        "type": "Point",
        "coordinates": [
          1.958224639617488,
          41.26406789845196
        ]
      },
      "properties": {
        "date": "2025-01-09"
      }
    },
    {
      "type": "Feature",
      "geometry": {
        "type": "Point",
        "coordinates": [
          1.9582477131147558,
          41.26406789845196
        ]
      },
      "properties": {
        "date": "2025-01-09"
      }
    },
    {
      "type": "Feature",
      "geometry": {
        "type": "Point",
        "coordinates": [
          1.9582707866120235,
          41.26406789845196
        ]
      },
      "properties": {
        "date": "2025-01-09"
      }
    },
    {
      "type": "Feature",
      "geometry": {
        "type": "Point",
        "coordinates": [
          1.9582938601092912,
          41.26406789845196
        ]
      },
      "properties": {
        "date": "2025-01-09"
      }
    },
    {
      "type": "Feature",
      "geometry": {
        "type": "Point",
        "coordinates": [
          1.958986065027324,
          41.26406789845196
        ]
      },
      "properties": {
        "date": "2025-01-09"
      }
    },
    {
      "type": "Feature",
      "geometry": {
        "type": "Point",
        "coordinates": [
          1.9592398734972694,
          41.26406789845196
        ]
      },
      "properties": {
        "date": "2025-01-09"
      }
    },
    {
      "type": "Feature",
      "geometry": {
        "type": "Point",
        "coordinates": [
          1.9593321674863404,
          41.26406789845196
        ]
      },
      "properties": {
        "date": "2025-01-09"
      }
    },
    {
      "type": "Feature",
      "geometry": {
        "type": "Point",
        "coordinates": [
          1.95995515191257,
          41.26406789845196
        ]
      },
      "properties": {
        "date": "2025-01-09"
      }
    },
    {
      "type": "Feature",
      "geometry": {
        "type": "Point",
        "coordinates": [
          1.9599782254098377,
          41.26406789845196
        ]
      },
      "properties": {
        "date": "2025-01-09"
      }
    },
    {
      "type": "Feature",
      "geometry": {
        "type": "Point",
        "coordinates": [
          1.9600012989071054,
          41.26406789845196
        ]
      },
      "properties": {
        "date": "2025-01-09"
      }
    },
    {
      "type": "Feature",
      "geometry": {
        "type": "Point",
        "coordinates": [
          1.9600243724043733,
          41.26406789845196
        ]
      },
      "properties": {
        "date": "2025-01-09"
      }
    },
    {
      "type": "Feature",
      "geometry": {
        "type": "Point",
        "coordinates": [
          1.960047445901641,
          41.26406789845196
        ]
      },
      "properties": {
        "date": "2025-01-09"
      }
    },
    {
      "type": "Feature",
      "geometry": {
        "type": "Point",
        "coordinates": [
          1.9600705193989088,
          41.26406789845196
        ]
      },
      "properties": {
        "date": "2025-01-09"
      }
    },
    {
      "type": "Feature",
      "geometry": {
        "type": "Point",
        "coordinates": [
          1.9600935928961765,
          41.26406789845196
        ]
      },
      "properties": {
        "date": "2025-01-09"
      }
    },
    {
      "type": "Feature",
      "geometry": {
        "type": "Point",
        "coordinates": [
          1.9601166663934442,
          41.26406789845196
        ]
      },
      "properties": {
        "date": "2025-01-09"
      }
    },
    {
      "type": "Feature",
      "geometry": {
        "type": "Point",
        "coordinates": [
          1.960139739890712,
          41.26406789845196
        ]
      },
      "properties": {
        "date": "2025-01-09"
      }
    },
    {
      "type": "Feature",
      "geometry": {
        "type": "Point",
        "coordinates": [
          1.9601628133879798,
          41.26406789845196
        ]
      },
      "properties": {
        "date": "2025-01-09"
      }
    },
    {
      "type": "Feature",
      "geometry": {
        "type": "Point",
        "coordinates": [
          1.9601858868852475,
          41.26406789845196
        ]
      },
      "properties": {
        "date": "2025-01-09"
      }
    },
    {
      "type": "Feature",
      "geometry": {
        "type": "Point",
        "coordinates": [
          1.9602089603825152,
          41.26406789845196
        ]
      },
      "properties": {
        "date": "2025-01-09"
      }
    },
    {
      "type": "Feature",
      "geometry": {
        "type": "Point",
        "coordinates": [
          1.960232033879783,
          41.26406789845196
        ]
      },
      "properties": {
        "date": "2025-01-09"
      }
    },
    {
      "type": "Feature",
      "geometry": {
        "type": "Point",
        "coordinates": [
          1.9602551073770509,
          41.26406789845196
        ]
      },
      "properties": {
        "date": "2025-01-09"
      }
    },
    {
      "type": "Feature",
      "geometry": {
        "type": "Point",
        "coordinates": [
          1.9602781808743186,
          41.26406789845196
        ]
      },
      "properties": {
        "date": "2025-01-09"
      }
    },
    {
      "type": "Feature",
      "geometry": {
        "type": "Point",
        "coordinates": [
          1.9603012543715863,
          41.26406789845196
        ]
      },
      "properties": {
        "date": "2025-01-09"
      }
    },
    {
      "type": "Feature",
      "geometry": {
        "type": "Point",
        "coordinates": [
          1.9605319893442639,
          41.26406789845196
        ]
      },
      "properties": {
        "date": "2025-01-09"
      }
    },
    {
      "type": "Feature",
      "geometry": {
        "type": "Point",
        "coordinates": [
          1.9605550628415316,
          41.26406789845196
        ]
      },
      "properties": {
        "date": "2025-01-09"
      }
    },
    {
      "type": "Feature",
      "geometry": {
        "type": "Point",
        "coordinates": [
          1.9605781363387995,
          41.26406789845196
        ]
      },
      "properties": {
        "date": "2025-01-09"
      }
    },
    {
      "type": "Feature",
      "geometry": {
        "type": "Point",
        "coordinates": [
          1.9606012098360672,
          41.26406789845196
        ]
      },
      "properties": {
        "date": "2025-01-09"
      }
    },
    {
      "type": "Feature",
      "geometry": {
        "type": "Point",
        "coordinates": [
          1.960624283333335,
          41.26406789845196
        ]
      },
      "properties": {
        "date": "2025-01-09"
      }
    },
    {
      "type": "Feature",
      "geometry": {
        "type": "Point",
        "coordinates": [
          1.9606473568306027,
          41.26406789845196
        ]
      },
      "properties": {
        "date": "2025-01-09"
      }
    },
    {
      "type": "Feature",
      "geometry": {
        "type": "Point",
        "coordinates": [
          1.9606704303278706,
          41.26406789845196
        ]
      },
      "properties": {
        "date": "2025-01-09"
      }
    },
    {
      "type": "Feature",
      "geometry": {
        "type": "Point",
        "coordinates": [
          1.9617318112021873,
          41.26406789845196
        ]
      },
      "properties": {
        "date": "2025-01-09"
      }
    },
    {
      "type": "Feature",
      "geometry": {
        "type": "Point",
        "coordinates": [
          1.9617548846994552,
          41.26406789845196
        ]
      },
      "properties": {
        "date": "2025-01-09"
      }
    },
    {
      "type": "Feature",
      "geometry": {
        "type": "Point",
        "coordinates": [
          1.961777958196723,
          41.26406789845196
        ]
      },
      "properties": {
        "date": "2025-01-09"
      }
    },
    {
      "type": "Feature",
      "geometry": {
        "type": "Point",
        "coordinates": [
          1.9618010316939907,
          41.26406789845196
        ]
      },
      "properties": {
        "date": "2025-01-09"
      }
    },
    {
      "type": "Feature",
      "geometry": {
        "type": "Point",
        "coordinates": [
          1.9618241051912584,
          41.26406789845196
        ]
      },
      "properties": {
        "date": "2025-01-09"
      }
    },
    {
      "type": "Feature",
      "geometry": {
        "type": "Point",
        "coordinates": [
          1.9618471786885263,
          41.26406789845196
        ]
      },
      "properties": {
        "date": "2025-01-09"
      }
    },
    {
      "type": "Feature",
      "geometry": {
        "type": "Point",
        "coordinates": [
          1.961870252185794,
          41.26406789845196
        ]
      },
      "properties": {
        "date": "2025-01-09"
      }
    },
    {
      "type": "Feature",
      "geometry": {
        "type": "Point",
        "coordinates": [
          1.9618933256830617,
          41.26406789845196
        ]
      },
      "properties": {
        "date": "2025-01-09"
      }
    },
    {
      "type": "Feature",
      "geometry": {
        "type": "Point",
        "coordinates": [
          1.9619163991803295,
          41.26406789845196
        ]
      },
      "properties": {
        "date": "2025-01-09"
      }
    },
    {
      "type": "Feature",
      "geometry": {
        "type": "Point",
        "coordinates": [
          1.9619394726775972,
          41.26406789845196
        ]
      },
      "properties": {
        "date": "2025-01-09"
      }
    },
    {
      "type": "Feature",
      "geometry": {
        "type": "Point",
        "coordinates": [
          1.961962546174865,
          41.26406789845196
        ]
      },
      "properties": {
        "date": "2025-01-09"
      }
    },
    {
      "type": "Feature",
      "geometry": {
        "type": "Point",
        "coordinates": [
          1.9619856196721328,
          41.26406789845196
        ]
      },
      "properties": {
        "date": "2025-01-09"
      }
    },
    {
      "type": "Feature",
      "geometry": {
        "type": "Point",
        "coordinates": [
          1.9620779136612039,
          41.26406789845196
        ]
      },
      "properties": {
        "date": "2025-01-09"
      }
    },
    {
      "type": "Feature",
      "geometry": {
        "type": "Point",
        "coordinates": [
          1.9621009871584716,
          41.26406789845196
        ]
      },
      "properties": {
        "date": "2025-01-09"
      }
    },
    {
      "type": "Feature",
      "geometry": {
        "type": "Point",
        "coordinates": [
          1.9621240606557393,
          41.26406789845196
        ]
      },
      "properties": {
        "date": "2025-01-09"
      }
    },
    {
      "type": "Feature",
      "geometry": {
        "type": "Point",
        "coordinates": [
          1.962147134153007,
          41.26406789845196
        ]
      },
      "properties": {
        "date": "2025-01-09"
      }
    },
    {
      "type": "Feature",
      "geometry": {
        "type": "Point",
        "coordinates": [
          1.962170207650275,
          41.26406789845196
        ]
      },
      "properties": {
        "date": "2025-01-09"
      }
    },
    {
      "type": "Feature",
      "geometry": {
        "type": "Point",
        "coordinates": [
          1.9621932811475427,
          41.26406789845196
        ]
      },
      "properties": {
        "date": "2025-01-09"
      }
    },
    {
      "type": "Feature",
      "geometry": {
        "type": "Point",
        "coordinates": [
          1.9622163546448104,
          41.26406789845196
        ]
      },
      "properties": {
        "date": "2025-01-09"
      }
    },
    {
      "type": "Feature",
      "geometry": {
        "type": "Point",
        "coordinates": [
          1.962239428142078,
          41.26406789845196
        ]
      },
      "properties": {
        "date": "2025-01-09"
      }
    },
    {
      "type": "Feature",
      "geometry": {
        "type": "Point",
        "coordinates": [
          1.9622625016393458,
          41.26406789845196
        ]
      },
      "properties": {
        "date": "2025-01-09"
      }
    },
    {
      "type": "Feature",
      "geometry": {
        "type": "Point",
        "coordinates": [
          1.9622855751366137,
          41.26406789845196
        ]
      },
      "properties": {
        "date": "2025-01-09"
      }
    },
    {
      "type": "Feature",
      "geometry": {
        "type": "Point",
        "coordinates": [
          1.9623086486338814,
          41.26406789845196
        ]
      },
      "properties": {
        "date": "2025-01-09"
      }
    },
    {
      "type": "Feature",
      "geometry": {
        "type": "Point",
        "coordinates": [
          1.9623317221311491,
          41.26406789845196
        ]
      },
      "properties": {
        "date": "2025-01-09"
      }
    },
    {
      "type": "Feature",
      "geometry": {
        "type": "Point",
        "coordinates": [
          1.9623547956284169,
          41.26406789845196
        ]
      },
      "properties": {
        "date": "2025-01-09"
      }
    },
    {
      "type": "Feature",
      "geometry": {
        "type": "Point",
        "coordinates": [
          1.9623778691256848,
          41.26406789845196
        ]
      },
      "properties": {
        "date": "2025-01-09"
      }
    },
    {
      "type": "Feature",
      "geometry": {
        "type": "Point",
        "coordinates": [
          1.9624009426229525,
          41.26406789845196
        ]
      },
      "properties": {
        "date": "2025-01-09"
      }
    },
    {
      "type": "Feature",
      "geometry": {
        "type": "Point",
        "coordinates": [
          1.9624240161202202,
          41.26406789845196
        ]
      },
      "properties": {
        "date": "2025-01-09"
      }
    },
    {
      "type": "Feature",
      "geometry": {
        "type": "Point",
        "coordinates": [
          1.962447089617488,
          41.26406789845196
        ]
      },
      "properties": {
        "date": "2025-01-09"
      }
    },
    {
      "type": "Feature",
      "geometry": {
        "type": "Point",
        "coordinates": [
          1.9624701631147556,
          41.26406789845196
        ]
      },
      "properties": {
        "date": "2025-01-09"
      }
    },
    {
      "type": "Feature",
      "geometry": {
        "type": "Point",
        "coordinates": [
          1.9624932366120236,
          41.26406789845196
        ]
      },
      "properties": {
        "date": "2025-01-09"
      }
    },
    {
      "type": "Feature",
      "geometry": {
        "type": "Point",
        "coordinates": [
          1.9625163101092913,
          41.26406789845196
        ]
      },
      "properties": {
        "date": "2025-01-09"
      }
    },
    {
      "type": "Feature",
      "geometry": {
        "type": "Point",
        "coordinates": [
          1.962539383606559,
          41.26406789845196
        ]
      },
      "properties": {
        "date": "2025-01-09"
      }
    },
    {
      "type": "Feature",
      "geometry": {
        "type": "Point",
        "coordinates": [
          1.9625624571038267,
          41.26406789845196
        ]
      },
      "properties": {
        "date": "2025-01-09"
      }
    },
    {
      "type": "Feature",
      "geometry": {
        "type": "Point",
        "coordinates": [
          1.9625855306010944,
          41.26406789845196
        ]
      },
      "properties": {
        "date": "2025-01-09"
      }
    },
    {
      "type": "Feature",
      "geometry": {
        "type": "Point",
        "coordinates": [
          1.9626086040983624,
          41.26406789845196
        ]
      },
      "properties": {
        "date": "2025-01-09"
      }
    },
    {
      "type": "Feature",
      "geometry": {
        "type": "Point",
        "coordinates": [
          1.96263167759563,
          41.26406789845196
        ]
      },
      "properties": {
        "date": "2025-01-09"
      }
    },
    {
      "type": "Feature",
      "geometry": {
        "type": "Point",
        "coordinates": [
          1.9626547510928978,
          41.26406789845196
        ]
      },
      "properties": {
        "date": "2025-01-09"
      }
    },
    {
      "type": "Feature",
      "geometry": {
        "type": "Point",
        "coordinates": [
          1.9626778245901655,
          41.26406789845196
        ]
      },
      "properties": {
        "date": "2025-01-09"
      }
    },
    {
      "type": "Feature",
      "geometry": {
        "type": "Point",
        "coordinates": [
          1.9627008980874334,
          41.26406789845196
        ]
      },
      "properties": {
        "date": "2025-01-09"
      }
    },
    {
      "type": "Feature",
      "geometry": {
        "type": "Point",
        "coordinates": [
          1.9627239715847011,
          41.26406789845196
        ]
      },
      "properties": {
        "date": "2025-01-09"
      }
    },
    {
      "type": "Feature",
      "geometry": {
        "type": "Point",
        "coordinates": [
          1.9627470450819688,
          41.26406789845196
        ]
      },
      "properties": {
        "date": "2025-01-09"
      }
    },
    {
      "type": "Feature",
      "geometry": {
        "type": "Point",
        "coordinates": [
          1.9627701185792366,
          41.26406789845196
        ]
      },
      "properties": {
        "date": "2025-01-09"
      }
    },
    {
      "type": "Feature",
      "geometry": {
        "type": "Point",
        "coordinates": [
          1.9627931920765043,
          41.26406789845196
        ]
      },
      "properties": {
        "date": "2025-01-09"
      }
    },
    {
      "type": "Feature",
      "geometry": {
        "type": "Point",
        "coordinates": [
          1.9628162655737722,
          41.26406789845196
        ]
      },
      "properties": {
        "date": "2025-01-09"
      }
    },
    {
      "type": "Feature",
      "geometry": {
        "type": "Point",
        "coordinates": [
          1.96283933907104,
          41.26406789845196
        ]
      },
      "properties": {
        "date": "2025-01-09"
      }
    },
    {
      "type": "Feature",
      "geometry": {
        "type": "Point",
        "coordinates": [
          1.9628624125683076,
          41.26406789845196
        ]
      },
      "properties": {
        "date": "2025-01-09"
      }
    },
    {
      "type": "Feature",
      "geometry": {
        "type": "Point",
        "coordinates": [
          1.9628854860655753,
          41.26406789845196
        ]
      },
      "properties": {
        "date": "2025-01-09"
      }
    },
    {
      "type": "Feature",
      "geometry": {
        "type": "Point",
        "coordinates": [
          1.962908559562843,
          41.26406789845196
        ]
      },
      "properties": {
        "date": "2025-01-09"
      }
    },
    {
      "type": "Feature",
      "geometry": {
        "type": "Point",
        "coordinates": [
          1.962931633060111,
          41.26406789845196
        ]
      },
      "properties": {
        "date": "2025-01-09"
      }
    },
    {
      "type": "Feature",
      "geometry": {
        "type": "Point",
        "coordinates": [
          1.9629547065573787,
          41.26406789845196
        ]
      },
      "properties": {
        "date": "2025-01-09"
      }
    },
    {
      "type": "Feature",
      "geometry": {
        "type": "Point",
        "coordinates": [
          1.9629777800546464,
          41.26406789845196
        ]
      },
      "properties": {
        "date": "2025-01-09"
      }
    },
    {
      "type": "Feature",
      "geometry": {
        "type": "Point",
        "coordinates": [
          1.9630008535519141,
          41.26406789845196
        ]
      },
      "properties": {
        "date": "2025-01-09"
      }
    },
    {
      "type": "Feature",
      "geometry": {
        "type": "Point",
        "coordinates": [
          1.963023927049182,
          41.26406789845196
        ]
      },
      "properties": {
        "date": "2025-01-09"
      }
    },
    {
      "type": "Feature",
      "geometry": {
        "type": "Point",
        "coordinates": [
          1.9630470005464498,
          41.26406789845196
        ]
      },
      "properties": {
        "date": "2025-01-09"
      }
    },
    {
      "type": "Feature",
      "geometry": {
        "type": "Point",
        "coordinates": [
          1.9630700740437175,
          41.26406789845196
        ]
      },
      "properties": {
        "date": "2025-01-09"
      }
    },
    {
      "type": "Feature",
      "geometry": {
        "type": "Point",
        "coordinates": [
          1.9630931475409852,
          41.26406789845196
        ]
      },
      "properties": {
        "date": "2025-01-09"
      }
    },
    {
      "type": "Feature",
      "geometry": {
        "type": "Point",
        "coordinates": [
          1.963116221038253,
          41.26406789845196
        ]
      },
      "properties": {
        "date": "2025-01-09"
      }
    },
    {
      "type": "Feature",
      "geometry": {
        "type": "Point",
        "coordinates": [
          1.9631392945355208,
          41.26406789845196
        ]
      },
      "properties": {
        "date": "2025-01-09"
      }
    },
    {
      "type": "Feature",
      "geometry": {
        "type": "Point",
        "coordinates": [
          1.9631623680327885,
          41.26406789845196
        ]
      },
      "properties": {
        "date": "2025-01-09"
      }
    },
    {
      "type": "Feature",
      "geometry": {
        "type": "Point",
        "coordinates": [
          1.9631854415300563,
          41.26406789845196
        ]
      },
      "properties": {
        "date": "2025-01-09"
      }
    },
    {
      "type": "Feature",
      "geometry": {
        "type": "Point",
        "coordinates": [
          1.963208515027324,
          41.26406789845196
        ]
      },
      "properties": {
        "date": "2025-01-09"
      }
    },
    {
      "type": "Feature",
      "geometry": {
        "type": "Point",
        "coordinates": [
          1.9632315885245917,
          41.26406789845196
        ]
      },
      "properties": {
        "date": "2025-01-09"
      }
    },
    {
      "type": "Feature",
      "geometry": {
        "type": "Point",
        "coordinates": [
          1.9632546620218596,
          41.26406789845196
        ]
      },
      "properties": {
        "date": "2025-01-09"
      }
    },
    {
      "type": "Feature",
      "geometry": {
        "type": "Point",
        "coordinates": [
          1.9632777355191273,
          41.26406789845196
        ]
      },
      "properties": {
        "date": "2025-01-09"
      }
    },
    {
      "type": "Feature",
      "geometry": {
        "type": "Point",
        "coordinates": [
          1.963300809016395,
          41.26406789845196
        ]
      },
      "properties": {
        "date": "2025-01-09"
      }
    },
    {
      "type": "Feature",
      "geometry": {
        "type": "Point",
        "coordinates": [
          1.9633238825136627,
          41.26406789845196
        ]
      },
      "properties": {
        "date": "2025-01-09"
      }
    },
    {
      "type": "Feature",
      "geometry": {
        "type": "Point",
        "coordinates": [
          1.9633469560109307,
          41.26406789845196
        ]
      },
      "properties": {
        "date": "2025-01-09"
      }
    },
    {
      "type": "Feature",
      "geometry": {
        "type": "Point",
        "coordinates": [
          1.9633700295081984,
          41.26406789845196
        ]
      },
      "properties": {
        "date": "2025-01-09"
      }
    },
    {
      "type": "Feature",
      "geometry": {
        "type": "Point",
        "coordinates": [
          1.963393103005466,
          41.26406789845196
        ]
      },
      "properties": {
        "date": "2025-01-09"
      }
    },
    {
      "type": "Feature",
      "geometry": {
        "type": "Point",
        "coordinates": [
          1.9634161765027338,
          41.26406789845196
        ]
      },
      "properties": {
        "date": "2025-01-09"
      }
    },
    {
      "type": "Feature",
      "geometry": {
        "type": "Point",
        "coordinates": [
          1.9634392500000015,
          41.26406789845196
        ]
      },
      "properties": {
        "date": "2025-01-09"
      }
    },
    {
      "type": "Feature",
      "geometry": {
        "type": "Point",
        "coordinates": [
          1.9634623234972695,
          41.26406789845196
        ]
      },
      "properties": {
        "date": "2025-01-09"
      }
    },
    {
      "type": "Feature",
      "geometry": {
        "type": "Point",
        "coordinates": [
          1.9634853969945372,
          41.26406789845196
        ]
      },
      "properties": {
        "date": "2025-01-09"
      }
    },
    {
      "type": "Feature",
      "geometry": {
        "type": "Point",
        "coordinates": [
          1.9635084704918049,
          41.26406789845196
        ]
      },
      "properties": {
        "date": "2025-01-09"
      }
    },
    {
      "type": "Feature",
      "geometry": {
        "type": "Point",
        "coordinates": [
          1.9635315439890726,
          41.26406789845196
        ]
      },
      "properties": {
        "date": "2025-01-09"
      }
    },
    {
      "type": "Feature",
      "geometry": {
        "type": "Point",
        "coordinates": [
          1.9635546174863405,
          41.26406789845196
        ]
      },
      "properties": {
        "date": "2025-01-09"
      }
    },
    {
      "type": "Feature",
      "geometry": {
        "type": "Point",
        "coordinates": [
          1.9635776909836082,
          41.26406789845196
        ]
      },
      "properties": {
        "date": "2025-01-09"
      }
    },
    {
      "type": "Feature",
      "geometry": {
        "type": "Point",
        "coordinates": [
          1.963600764480876,
          41.26406789845196
        ]
      },
      "properties": {
        "date": "2025-01-09"
      }
    },
    {
      "type": "Feature",
      "geometry": {
        "type": "Point",
        "coordinates": [
          1.9636238379781437,
          41.26406789845196
        ]
      },
      "properties": {
        "date": "2025-01-09"
      }
    },
    {
      "type": "Feature",
      "geometry": {
        "type": "Point",
        "coordinates": [
          1.9636469114754114,
          41.26406789845196
        ]
      },
      "properties": {
        "date": "2025-01-09"
      }
    },
    {
      "type": "Feature",
      "geometry": {
        "type": "Point",
        "coordinates": [
          1.9636699849726793,
          41.26406789845196
        ]
      },
      "properties": {
        "date": "2025-01-09"
      }
    },
    {
      "type": "Feature",
      "geometry": {
        "type": "Point",
        "coordinates": [
          1.963693058469947,
          41.26406789845196
        ]
      },
      "properties": {
        "date": "2025-01-09"
      }
    },
    {
      "type": "Feature",
      "geometry": {
        "type": "Point",
        "coordinates": [
          1.9637161319672147,
          41.26406789845196
        ]
      },
      "properties": {
        "date": "2025-01-09"
      }
    },
    {
      "type": "Feature",
      "geometry": {
        "type": "Point",
        "coordinates": [
          1.9637392054644824,
          41.26406789845196
        ]
      },
      "properties": {
        "date": "2025-01-09"
      }
    },
    {
      "type": "Feature",
      "geometry": {
        "type": "Point",
        "coordinates": [
          1.9637622789617502,
          41.26406789845196
        ]
      },
      "properties": {
        "date": "2025-01-09"
      }
    },
    {
      "type": "Feature",
      "geometry": {
        "type": "Point",
        "coordinates": [
          1.963785352459018,
          41.26406789845196
        ]
      },
      "properties": {
        "date": "2025-01-09"
      }
    },
    {
      "type": "Feature",
      "geometry": {
        "type": "Point",
        "coordinates": [
          1.9638084259562858,
          41.26406789845196
        ]
      },
      "properties": {
        "date": "2025-01-09"
      }
    },
    {
      "type": "Feature",
      "geometry": {
        "type": "Point",
        "coordinates": [
          1.9638314994535535,
          41.26406789845196
        ]
      },
      "properties": {
        "date": "2025-01-09"
      }
    },
    {
      "type": "Feature",
      "geometry": {
        "type": "Point",
        "coordinates": [
          1.9638545729508212,
          41.26406789845196
        ]
      },
      "properties": {
        "date": "2025-01-09"
      }
    },
    {
      "type": "Feature",
      "geometry": {
        "type": "Point",
        "coordinates": [
          1.9638776464480892,
          41.26406789845196
        ]
      },
      "properties": {
        "date": "2025-01-09"
      }
    },
    {
      "type": "Feature",
      "geometry": {
        "type": "Point",
        "coordinates": [
          1.9639007199453569,
          41.26406789845196
        ]
      },
      "properties": {
        "date": "2025-01-09"
      }
    },
    {
      "type": "Feature",
      "geometry": {
        "type": "Point",
        "coordinates": [
          1.9639237934426246,
          41.26406789845196
        ]
      },
      "properties": {
        "date": "2025-01-09"
      }
    },
    {
      "type": "Feature",
      "geometry": {
        "type": "Point",
        "coordinates": [
          1.9639468669398923,
          41.26406789845196
        ]
      },
      "properties": {
        "date": "2025-01-09"
      }
    },
    {
      "type": "Feature",
      "geometry": {
        "type": "Point",
        "coordinates": [
          1.96396994043716,
          41.26406789845196
        ]
      },
      "properties": {
        "date": "2025-01-09"
      }
    },
    {
      "type": "Feature",
      "geometry": {
        "type": "Point",
        "coordinates": [
          1.963993013934428,
          41.26406789845196
        ]
      },
      "properties": {
        "date": "2025-01-09"
      }
    },
    {
      "type": "Feature",
      "geometry": {
        "type": "Point",
        "coordinates": [
          1.9640160874316956,
          41.26406789845196
        ]
      },
      "properties": {
        "date": "2025-01-09"
      }
    },
    {
      "type": "Feature",
      "geometry": {
        "type": "Point",
        "coordinates": [
          1.9640391609289634,
          41.26406789845196
        ]
      },
      "properties": {
        "date": "2025-01-09"
      }
    },
    {
      "type": "Feature",
      "geometry": {
        "type": "Point",
        "coordinates": [
          1.964062234426231,
          41.26406789845196
        ]
      },
      "properties": {
        "date": "2025-01-09"
      }
    },
    {
      "type": "Feature",
      "geometry": {
        "type": "Point",
        "coordinates": [
          1.9640853079234988,
          41.26406789845196
        ]
      },
      "properties": {
        "date": "2025-01-09"
      }
    },
    {
      "type": "Feature",
      "geometry": {
        "type": "Point",
        "coordinates": [
          1.9641083814207667,
          41.26406789845196
        ]
      },
      "properties": {
        "date": "2025-01-09"
      }
    },
    {
      "type": "Feature",
      "geometry": {
        "type": "Point",
        "coordinates": [
          1.9641314549180344,
          41.26406789845196
        ]
      },
      "properties": {
        "date": "2025-01-09"
      }
    },
    {
      "type": "Feature",
      "geometry": {
        "type": "Point",
        "coordinates": [
          1.9641545284153021,
          41.26406789845196
        ]
      },
      "properties": {
        "date": "2025-01-09"
      }
    },
    {
      "type": "Feature",
      "geometry": {
        "type": "Point",
        "coordinates": [
          1.9641776019125698,
          41.26406789845196
        ]
      },
      "properties": {
        "date": "2025-01-09"
      }
    },
    {
      "type": "Feature",
      "geometry": {
        "type": "Point",
        "coordinates": [
          1.9642006754098378,
          41.26406789845196
        ]
      },
      "properties": {
        "date": "2025-01-09"
      }
    },
    {
      "type": "Feature",
      "geometry": {
        "type": "Point",
        "coordinates": [
          1.9642237489071055,
          41.26406789845196
        ]
      },
      "properties": {
        "date": "2025-01-09"
      }
    },
    {
      "type": "Feature",
      "geometry": {
        "type": "Point",
        "coordinates": [
          1.9642468224043732,
          41.26406789845196
        ]
      },
      "properties": {
        "date": "2025-01-09"
      }
    },
    {
      "type": "Feature",
      "geometry": {
        "type": "Point",
        "coordinates": [
          1.964269895901641,
          41.26406789845196
        ]
      },
      "properties": {
        "date": "2025-01-09"
      }
    },
    {
      "type": "Feature",
      "geometry": {
        "type": "Point",
        "coordinates": [
          1.9642929693989086,
          41.26406789845196
        ]
      },
      "properties": {
        "date": "2025-01-09"
      }
    },
    {
      "type": "Feature",
      "geometry": {
        "type": "Point",
        "coordinates": [
          1.9643160428961766,
          41.26406789845196
        ]
      },
      "properties": {
        "date": "2025-01-09"
      }
    },
    {
      "type": "Feature",
      "geometry": {
        "type": "Point",
        "coordinates": [
          1.9643391163934443,
          41.26406789845196
        ]
      },
      "properties": {
        "date": "2025-01-09"
      }
    },
    {
      "type": "Feature",
      "geometry": {
        "type": "Point",
        "coordinates": [
          1.964362189890712,
          41.26406789845196
        ]
      },
      "properties": {
        "date": "2025-01-09"
      }
    },
    {
      "type": "Feature",
      "geometry": {
        "type": "Point",
        "coordinates": [
          1.9643852633879797,
          41.26406789845196
        ]
      },
      "properties": {
        "date": "2025-01-09"
      }
    },
    {
      "type": "Feature",
      "geometry": {
        "type": "Point",
        "coordinates": [
          1.9644083368852474,
          41.26406789845196
        ]
      },
      "properties": {
        "date": "2025-01-09"
      }
    },
    {
      "type": "Feature",
      "geometry": {
        "type": "Point",
        "coordinates": [
          1.9644314103825153,
          41.26406789845196
        ]
      },
      "properties": {
        "date": "2025-01-09"
      }
    },
    {
      "type": "Feature",
      "geometry": {
        "type": "Point",
        "coordinates": [
          1.964454483879783,
          41.26406789845196
        ]
      },
      "properties": {
        "date": "2025-01-09"
      }
    },
    {
      "type": "Feature",
      "geometry": {
        "type": "Point",
        "coordinates": [
          1.9644775573770508,
          41.26406789845196
        ]
      },
      "properties": {
        "date": "2025-01-09"
      }
    },
    {
      "type": "Feature",
      "geometry": {
        "type": "Point",
        "coordinates": [
          1.9645006308743185,
          41.26406789845196
        ]
      },
      "properties": {
        "date": "2025-01-09"
      }
    },
    {
      "type": "Feature",
      "geometry": {
        "type": "Point",
        "coordinates": [
          1.9645237043715864,
          41.26406789845196
        ]
      },
      "properties": {
        "date": "2025-01-09"
      }
    },
    {
      "type": "Feature",
      "geometry": {
        "type": "Point",
        "coordinates": [
          1.9645467778688541,
          41.26406789845196
        ]
      },
      "properties": {
        "date": "2025-01-09"
      }
    },
    {
      "type": "Feature",
      "geometry": {
        "type": "Point",
        "coordinates": [
          1.9645698513661218,
          41.26406789845196
        ]
      },
      "properties": {
        "date": "2025-01-09"
      }
    },
    {
      "type": "Feature",
      "geometry": {
        "type": "Point",
        "coordinates": [
          1.9645929248633895,
          41.26406789845196
        ]
      },
      "properties": {
        "date": "2025-01-09"
      }
    },
    {
      "type": "Feature",
      "geometry": {
        "type": "Point",
        "coordinates": [
          1.9646159983606573,
          41.26406789845196
        ]
      },
      "properties": {
        "date": "2025-01-09"
      }
    },
    {
      "type": "Feature",
      "geometry": {
        "type": "Point",
        "coordinates": [
          1.9646390718579252,
          41.26406789845196
        ]
      },
      "properties": {
        "date": "2025-01-09"
      }
    },
    {
      "type": "Feature",
      "geometry": {
        "type": "Point",
        "coordinates": [
          1.964662145355193,
          41.26406789845196
        ]
      },
      "properties": {
        "date": "2025-01-09"
      }
    },
    {
      "type": "Feature",
      "geometry": {
        "type": "Point",
        "coordinates": [
          1.9646852188524606,
          41.26406789845196
        ]
      },
      "properties": {
        "date": "2025-01-09"
      }
    },
    {
      "type": "Feature",
      "geometry": {
        "type": "Point",
        "coordinates": [
          1.9647082923497283,
          41.26406789845196
        ]
      },
      "properties": {
        "date": "2025-01-09"
      }
    },
    {
      "type": "Feature",
      "geometry": {
        "type": "Point",
        "coordinates": [
          1.964731365846996,
          41.26406789845196
        ]
      },
      "properties": {
        "date": "2025-01-09"
      }
    },
    {
      "type": "Feature",
      "geometry": {
        "type": "Point",
        "coordinates": [
          1.964754439344264,
          41.26406789845196
        ]
      },
      "properties": {
        "date": "2025-01-09"
      }
    },
    {
      "type": "Feature",
      "geometry": {
        "type": "Point",
        "coordinates": [
          1.9647775128415317,
          41.26406789845196
        ]
      },
      "properties": {
        "date": "2025-01-09"
      }
    },
    {
      "type": "Feature",
      "geometry": {
        "type": "Point",
        "coordinates": [
          1.9648005863387994,
          41.26406789845196
        ]
      },
      "properties": {
        "date": "2025-01-09"
      }
    },
    {
      "type": "Feature",
      "geometry": {
        "type": "Point",
        "coordinates": [
          1.964823659836067,
          41.26406789845196
        ]
      },
      "properties": {
        "date": "2025-01-09"
      }
    },
    {
      "type": "Feature",
      "geometry": {
        "type": "Point",
        "coordinates": [
          1.964846733333335,
          41.26406789845196
        ]
      },
      "properties": {
        "date": "2025-01-09"
      }
    },
    {
      "type": "Feature",
      "geometry": {
        "type": "Point",
        "coordinates": [
          1.9648698068306027,
          41.26406789845196
        ]
      },
      "properties": {
        "date": "2025-01-09"
      }
    },
    {
      "type": "Feature",
      "geometry": {
        "type": "Point",
        "coordinates": [
          1.9648928803278705,
          41.26406789845196
        ]
      },
      "properties": {
        "date": "2025-01-09"
      }
    },
    {
      "type": "Feature",
      "geometry": {
        "type": "Point",
        "coordinates": [
          1.9649159538251382,
          41.26406789845196
        ]
      },
      "properties": {
        "date": "2025-01-09"
      }
    },
    {
      "type": "Feature",
      "geometry": {
        "type": "Point",
        "coordinates": [
          1.9649390273224059,
          41.26406789845196
        ]
      },
      "properties": {
        "date": "2025-01-09"
      }
    },
    {
      "type": "Feature",
      "geometry": {
        "type": "Point",
        "coordinates": [
          1.9649621008196738,
          41.26406789845196
        ]
      },
      "properties": {
        "date": "2025-01-09"
      }
    },
    {
      "type": "Feature",
      "geometry": {
        "type": "Point",
        "coordinates": [
          1.9649851743169415,
          41.26406789845196
        ]
      },
      "properties": {
        "date": "2025-01-09"
      }
    },
    {
      "type": "Feature",
      "geometry": {
        "type": "Point",
        "coordinates": [
          1.9650082478142092,
          41.26406789845196
        ]
      },
      "properties": {
        "date": "2025-01-09"
      }
    },
    {
      "type": "Feature",
      "geometry": {
        "type": "Point",
        "coordinates": [
          1.965031321311477,
          41.26406789845196
        ]
      },
      "properties": {
        "date": "2025-01-09"
      }
    },
    {
      "type": "Feature",
      "geometry": {
        "type": "Point",
        "coordinates": [
          1.9650543948087447,
          41.26406789845196
        ]
      },
      "properties": {
        "date": "2025-01-09"
      }
    },
    {
      "type": "Feature",
      "geometry": {
        "type": "Point",
        "coordinates": [
          1.9650774683060126,
          41.26406789845196
        ]
      },
      "properties": {
        "date": "2025-01-09"
      }
    },
    {
      "type": "Feature",
      "geometry": {
        "type": "Point",
        "coordinates": [
          1.9651005418032803,
          41.26406789845196
        ]
      },
      "properties": {
        "date": "2025-01-09"
      }
    },
    {
      "type": "Feature",
      "geometry": {
        "type": "Point",
        "coordinates": [
          1.965123615300548,
          41.26406789845196
        ]
      },
      "properties": {
        "date": "2025-01-09"
      }
    },
    {
      "type": "Feature",
      "geometry": {
        "type": "Point",
        "coordinates": [
          1.9651466887978157,
          41.26406789845196
        ]
      },
      "properties": {
        "date": "2025-01-09"
      }
    },
    {
      "type": "Feature",
      "geometry": {
        "type": "Point",
        "coordinates": [
          1.9651697622950837,
          41.26406789845196
        ]
      },
      "properties": {
        "date": "2025-01-09"
      }
    },
    {
      "type": "Feature",
      "geometry": {
        "type": "Point",
        "coordinates": [
          1.9651928357923514,
          41.26406789845196
        ]
      },
      "properties": {
        "date": "2025-01-09"
      }
    },
    {
      "type": "Feature",
      "geometry": {
        "type": "Point",
        "coordinates": [
          1.965215909289619,
          41.26406789845196
        ]
      },
      "properties": {
        "date": "2025-01-09"
      }
    },
    {
      "type": "Feature",
      "geometry": {
        "type": "Point",
        "coordinates": [
          1.9652389827868868,
          41.26406789845196
        ]
      },
      "properties": {
        "date": "2025-01-09"
      }
    },
    {
      "type": "Feature",
      "geometry": {
        "type": "Point",
        "coordinates": [
          1.9652620562841545,
          41.26406789845196
        ]
      },
      "properties": {
        "date": "2025-01-09"
      }
    },
    {
      "type": "Feature",
      "geometry": {
        "type": "Point",
        "coordinates": [
          1.9652851297814224,
          41.26406789845196
        ]
      },
      "properties": {
        "date": "2025-01-09"
      }
    },
    {
      "type": "Feature",
      "geometry": {
        "type": "Point",
        "coordinates": [
          1.9653082032786902,
          41.26406789845196
        ]
      },
      "properties": {
        "date": "2025-01-09"
      }
    },
    {
      "type": "Feature",
      "geometry": {
        "type": "Point",
        "coordinates": [
          1.9653312767759579,
          41.26406789845196
        ]
      },
      "properties": {
        "date": "2025-01-09"
      }
    },
    {
      "type": "Feature",
      "geometry": {
        "type": "Point",
        "coordinates": [
          1.9653543502732256,
          41.26406789845196
        ]
      },
      "properties": {
        "date": "2025-01-09"
      }
    },
    {
      "type": "Feature",
      "geometry": {
        "type": "Point",
        "coordinates": [
          1.9653774237704935,
          41.26406789845196
        ]
      },
      "properties": {
        "date": "2025-01-09"
      }
    },
    {
      "type": "Feature",
      "geometry": {
        "type": "Point",
        "coordinates": [
          1.9654004972677612,
          41.26406789845196
        ]
      },
      "properties": {
        "date": "2025-01-09"
      }
    },
    {
      "type": "Feature",
      "geometry": {
        "type": "Point",
        "coordinates": [
          1.965423570765029,
          41.26406789845196
        ]
      },
      "properties": {
        "date": "2025-01-09"
      }
    },
    {
      "type": "Feature",
      "geometry": {
        "type": "Point",
        "coordinates": [
          1.9654466442622966,
          41.26406789845196
        ]
      },
      "properties": {
        "date": "2025-01-09"
      }
    },
    {
      "type": "Feature",
      "geometry": {
        "type": "Point",
        "coordinates": [
          1.9654697177595644,
          41.26406789845196
        ]
      },
      "properties": {
        "date": "2025-01-09"
      }
    },
    {
      "type": "Feature",
      "geometry": {
        "type": "Point",
        "coordinates": [
          1.9654927912568323,
          41.26406789845196
        ]
      },
      "properties": {
        "date": "2025-01-09"
      }
    },
    {
      "type": "Feature",
      "geometry": {
        "type": "Point",
        "coordinates": [
          1.9655158647541,
          41.26406789845196
        ]
      },
      "properties": {
        "date": "2025-01-09"
      }
    },
    {
      "type": "Feature",
      "geometry": {
        "type": "Point",
        "coordinates": [
          1.9655389382513677,
          41.26406789845196
        ]
      },
      "properties": {
        "date": "2025-01-09"
      }
    },
    {
      "type": "Feature",
      "geometry": {
        "type": "Point",
        "coordinates": [
          1.9655620117486354,
          41.26406789845196
        ]
      },
      "properties": {
        "date": "2025-01-09"
      }
    },
    {
      "type": "Feature",
      "geometry": {
        "type": "Point",
        "coordinates": [
          1.9655850852459031,
          41.26406789845196
        ]
      },
      "properties": {
        "date": "2025-01-09"
      }
    },
    {
      "type": "Feature",
      "geometry": {
        "type": "Point",
        "coordinates": [
          1.965608158743171,
          41.26406789845196
        ]
      },
      "properties": {
        "date": "2025-01-09"
      }
    },
    {
      "type": "Feature",
      "geometry": {
        "type": "Point",
        "coordinates": [
          1.9656312322404388,
          41.26406789845196
        ]
      },
      "properties": {
        "date": "2025-01-09"
      }
    },
    {
      "type": "Feature",
      "geometry": {
        "type": "Point",
        "coordinates": [
          1.9656543057377065,
          41.26406789845196
        ]
      },
      "properties": {
        "date": "2025-01-09"
      }
    },
    {
      "type": "Feature",
      "geometry": {
        "type": "Point",
        "coordinates": [
          1.9656773792349742,
          41.26406789845196
        ]
      },
      "properties": {
        "date": "2025-01-09"
      }
    },
    {
      "type": "Feature",
      "geometry": {
        "type": "Point",
        "coordinates": [
          1.9657004527322421,
          41.26406789845196
        ]
      },
      "properties": {
        "date": "2025-01-09"
      }
    },
    {
      "type": "Feature",
      "geometry": {
        "type": "Point",
        "coordinates": [
          1.9657235262295099,
          41.26406789845196
        ]
      },
      "properties": {
        "date": "2025-01-09"
      }
    },
    {
      "type": "Feature",
      "geometry": {
        "type": "Point",
        "coordinates": [
          1.9657465997267776,
          41.26406789845196
        ]
      },
      "properties": {
        "date": "2025-01-09"
      }
    },
    {
      "type": "Feature",
      "geometry": {
        "type": "Point",
        "coordinates": [
          1.9657696732240453,
          41.26406789845196
        ]
      },
      "properties": {
        "date": "2025-01-09"
      }
    },
    {
      "type": "Feature",
      "geometry": {
        "type": "Point",
        "coordinates": [
          1.965792746721313,
          41.26406789845196
        ]
      },
      "properties": {
        "date": "2025-01-09"
      }
    },
    {
      "type": "Feature",
      "geometry": {
        "type": "Point",
        "coordinates": [
          1.9659311877049197,
          41.26406789845196
        ]
      },
      "properties": {
        "date": "2025-01-09"
      }
    },
    {
      "type": "Feature",
      "geometry": {
        "type": "Point",
        "coordinates": [
          1.9659542612021874,
          41.26406789845196
        ]
      },
      "properties": {
        "date": "2025-01-09"
      }
    },
    {
      "type": "Feature",
      "geometry": {
        "type": "Point",
        "coordinates": [
          1.9659773346994551,
          41.26406789845196
        ]
      },
      "properties": {
        "date": "2025-01-09"
      }
    },
    {
      "type": "Feature",
      "geometry": {
        "type": "Point",
        "coordinates": [
          1.9660004081967228,
          41.26406789845196
        ]
      },
      "properties": {
        "date": "2025-01-09"
      }
    },
    {
      "type": "Feature",
      "geometry": {
        "type": "Point",
        "coordinates": [
          1.9660234816939908,
          41.26406789845196
        ]
      },
      "properties": {
        "date": "2025-01-09"
      }
    },
    {
      "type": "Feature",
      "geometry": {
        "type": "Point",
        "coordinates": [
          1.9660465551912585,
          41.26406789845196
        ]
      },
      "properties": {
        "date": "2025-01-09"
      }
    },
    {
      "type": "Feature",
      "geometry": {
        "type": "Point",
        "coordinates": [
          1.9660696286885262,
          41.26406789845196
        ]
      },
      "properties": {
        "date": "2025-01-09"
      }
    },
    {
      "type": "Feature",
      "geometry": {
        "type": "Point",
        "coordinates": [
          1.966092702185794,
          41.26406789845196
        ]
      },
      "properties": {
        "date": "2025-01-09"
      }
    },
    {
      "type": "Feature",
      "geometry": {
        "type": "Point",
        "coordinates": [
          1.9661157756830616,
          41.26406789845196
        ]
      },
      "properties": {
        "date": "2025-01-09"
      }
    },
    {
      "type": "Feature",
      "geometry": {
        "type": "Point",
        "coordinates": [
          1.9661388491803296,
          41.26406789845196
        ]
      },
      "properties": {
        "date": "2025-01-09"
      }
    },
    {
      "type": "Feature",
      "geometry": {
        "type": "Point",
        "coordinates": [
          1.9661619226775973,
          41.26406789845196
        ]
      },
      "properties": {
        "date": "2025-01-09"
      }
    },
    {
      "type": "Feature",
      "geometry": {
        "type": "Point",
        "coordinates": [
          1.966184996174865,
          41.26406789845196
        ]
      },
      "properties": {
        "date": "2025-01-09"
      }
    },
    {
      "type": "Feature",
      "geometry": {
        "type": "Point",
        "coordinates": [
          1.9662080696721327,
          41.26406789845196
        ]
      },
      "properties": {
        "date": "2025-01-09"
      }
    },
    {
      "type": "Feature",
      "geometry": {
        "type": "Point",
        "coordinates": [
          1.9662311431694004,
          41.26406789845196
        ]
      },
      "properties": {
        "date": "2025-01-09"
      }
    },
    {
      "type": "Feature",
      "geometry": {
        "type": "Point",
        "coordinates": [
          1.9662542166666683,
          41.26406789845196
        ]
      },
      "properties": {
        "date": "2025-01-09"
      }
    },
    {
      "type": "Feature",
      "geometry": {
        "type": "Point",
        "coordinates": [
          1.966277290163936,
          41.26406789845196
        ]
      },
      "properties": {
        "date": "2025-01-09"
      }
    },
    {
      "type": "Feature",
      "geometry": {
        "type": "Point",
        "coordinates": [
          1.9663003636612038,
          41.26406789845196
        ]
      },
      "properties": {
        "date": "2025-01-09"
      }
    },
    {
      "type": "Feature",
      "geometry": {
        "type": "Point",
        "coordinates": [
          1.9663234371584715,
          41.26406789845196
        ]
      },
      "properties": {
        "date": "2025-01-09"
      }
    },
    {
      "type": "Feature",
      "geometry": {
        "type": "Point",
        "coordinates": [
          1.9663465106557394,
          41.26406789845196
        ]
      },
      "properties": {
        "date": "2025-01-09"
      }
    },
    {
      "type": "Feature",
      "geometry": {
        "type": "Point",
        "coordinates": [
          1.966369584153007,
          41.26406789845196
        ]
      },
      "properties": {
        "date": "2025-01-09"
      }
    },
    {
      "type": "Feature",
      "geometry": {
        "type": "Point",
        "coordinates": [
          1.9663926576502748,
          41.26406789845196
        ]
      },
      "properties": {
        "date": "2025-01-09"
      }
    },
    {
      "type": "Feature",
      "geometry": {
        "type": "Point",
        "coordinates": [
          1.9664157311475425,
          41.26406789845196
        ]
      },
      "properties": {
        "date": "2025-01-09"
      }
    },
    {
      "type": "Feature",
      "geometry": {
        "type": "Point",
        "coordinates": [
          1.9664388046448102,
          41.26406789845196
        ]
      },
      "properties": {
        "date": "2025-01-09"
      }
    },
    {
      "type": "Feature",
      "geometry": {
        "type": "Point",
        "coordinates": [
          1.9664618781420782,
          41.26406789845196
        ]
      },
      "properties": {
        "date": "2025-01-09"
      }
    },
    {
      "type": "Feature",
      "geometry": {
        "type": "Point",
        "coordinates": [
          1.966484951639346,
          41.26406789845196
        ]
      },
      "properties": {
        "date": "2025-01-09"
      }
    },
    {
      "type": "Feature",
      "geometry": {
        "type": "Point",
        "coordinates": [
          1.9665080251366136,
          41.26406789845196
        ]
      },
      "properties": {
        "date": "2025-01-09"
      }
    },
    {
      "type": "Feature",
      "geometry": {
        "type": "Point",
        "coordinates": [
          1.9665310986338813,
          41.26406789845196
        ]
      },
      "properties": {
        "date": "2025-01-09"
      }
    },
    {
      "type": "Feature",
      "geometry": {
        "type": "Point",
        "coordinates": [
          1.9665541721311492,
          41.26406789845196
        ]
      },
      "properties": {
        "date": "2025-01-09"
      }
    },
    {
      "type": "Feature",
      "geometry": {
        "type": "Point",
        "coordinates": [
          1.966577245628417,
          41.26406789845196
        ]
      },
      "properties": {
        "date": "2025-01-09"
      }
    },
    {
      "type": "Feature",
      "geometry": {
        "type": "Point",
        "coordinates": [
          1.9666003191256847,
          41.26406789845196
        ]
      },
      "properties": {
        "date": "2025-01-09"
      }
    },
    {
      "type": "Feature",
      "geometry": {
        "type": "Point",
        "coordinates": [
          1.9666233926229524,
          41.26406789845196
        ]
      },
      "properties": {
        "date": "2025-01-09"
      }
    },
    {
      "type": "Feature",
      "geometry": {
        "type": "Point",
        "coordinates": [
          1.9699921232240454,
          41.26406789845196
        ]
      },
      "properties": {
        "date": "2025-01-09"
      }
    },
    {
      "type": "Feature",
      "geometry": {
        "type": "Point",
        "coordinates": [
          1.970015196721313,
          41.26406789845196
        ]
      },
      "properties": {
        "date": "2025-01-09"
      }
    },
    {
      "type": "Feature",
      "geometry": {
        "type": "Point",
        "coordinates": [
          1.9700382702185808,
          41.26406789845196
        ]
      },
      "properties": {
        "date": "2025-01-09"
      }
    },
    {
      "type": "Feature",
      "geometry": {
        "type": "Point",
        "coordinates": [
          1.9700613437158485,
          41.26406789845196
        ]
      },
      "properties": {
        "date": "2025-01-09"
      }
    },
    {
      "type": "Feature",
      "geometry": {
        "type": "Point",
        "coordinates": [
          1.9700844172131164,
          41.26406789845196
        ]
      },
      "properties": {
        "date": "2025-01-09"
      }
    },
    {
      "type": "Feature",
      "geometry": {
        "type": "Point",
        "coordinates": [
          1.9701074907103842,
          41.26406789845196
        ]
      },
      "properties": {
        "date": "2025-01-09"
      }
    },
    {
      "type": "Feature",
      "geometry": {
        "type": "Point",
        "coordinates": [
          1.9701305642076519,
          41.26406789845196
        ]
      },
      "properties": {
        "date": "2025-01-09"
      }
    },
    {
      "type": "Feature",
      "geometry": {
        "type": "Point",
        "coordinates": [
          1.9701536377049196,
          41.26406789845196
        ]
      },
      "properties": {
        "date": "2025-01-09"
      }
    },
    {
      "type": "Feature",
      "geometry": {
        "type": "Point",
        "coordinates": [
          1.9701767112021873,
          41.26406789845196
        ]
      },
      "properties": {
        "date": "2025-01-09"
      }
    },
    {
      "type": "Feature",
      "geometry": {
        "type": "Point",
        "coordinates": [
          1.9701997846994552,
          41.26406789845196
        ]
      },
      "properties": {
        "date": "2025-01-09"
      }
    },
    {
      "type": "Feature",
      "geometry": {
        "type": "Point",
        "coordinates": [
          1.970222858196723,
          41.26406789845196
        ]
      },
      "properties": {
        "date": "2025-01-09"
      }
    },
    {
      "type": "Feature",
      "geometry": {
        "type": "Point",
        "coordinates": [
          1.9702459316939906,
          41.26406789845196
        ]
      },
      "properties": {
        "date": "2025-01-09"
      }
    },
    {
      "type": "Feature",
      "geometry": {
        "type": "Point",
        "coordinates": [
          1.9702690051912584,
          41.26406789845196
        ]
      },
      "properties": {
        "date": "2025-01-09"
      }
    },
    {
      "type": "Feature",
      "geometry": {
        "type": "Point",
        "coordinates": [
          1.970292078688526,
          41.26406789845196
        ]
      },
      "properties": {
        "date": "2025-01-09"
      }
    },
    {
      "type": "Feature",
      "geometry": {
        "type": "Point",
        "coordinates": [
          1.970315152185794,
          41.26406789845196
        ]
      },
      "properties": {
        "date": "2025-01-09"
      }
    },
    {
      "type": "Feature",
      "geometry": {
        "type": "Point",
        "coordinates": [
          1.9704535931694005,
          41.26406789845196
        ]
      },
      "properties": {
        "date": "2025-01-09"
      }
    },
    {
      "type": "Feature",
      "geometry": {
        "type": "Point",
        "coordinates": [
          1.9704766666666682,
          41.26406789845196
        ]
      },
      "properties": {
        "date": "2025-01-09"
      }
    },
    {
      "type": "Feature",
      "geometry": {
        "type": "Point",
        "coordinates": [
          1.970499740163936,
          41.26406789845196
        ]
      },
      "properties": {
        "date": "2025-01-09"
      }
    },
    {
      "type": "Feature",
      "geometry": {
        "type": "Point",
        "coordinates": [
          1.9705228136612039,
          41.26406789845196
        ]
      },
      "properties": {
        "date": "2025-01-09"
      }
    },
    {
      "type": "Feature",
      "geometry": {
        "type": "Point",
        "coordinates": [
          1.9705458871584716,
          41.26406789845196
        ]
      },
      "properties": {
        "date": "2025-01-09"
      }
    },
    {
      "type": "Feature",
      "geometry": {
        "type": "Point",
        "coordinates": [
          1.9705689606557393,
          41.26406789845196
        ]
      },
      "properties": {
        "date": "2025-01-09"
      }
    },
    {
      "type": "Feature",
      "geometry": {
        "type": "Point",
        "coordinates": [
          1.970592034153007,
          41.26406789845196
        ]
      },
      "properties": {
        "date": "2025-01-09"
      }
    },
    {
      "type": "Feature",
      "geometry": {
        "type": "Point",
        "coordinates": [
          1.9706151076502747,
          41.26406789845196
        ]
      },
      "properties": {
        "date": "2025-01-09"
      }
    },
    {
      "type": "Feature",
      "geometry": {
        "type": "Point",
        "coordinates": [
          1.9706381811475426,
          41.26406789845196
        ]
      },
      "properties": {
        "date": "2025-01-09"
      }
    },
    {
      "type": "Feature",
      "geometry": {
        "type": "Point",
        "coordinates": [
          1.9706612546448103,
          41.26406789845196
        ]
      },
      "properties": {
        "date": "2025-01-09"
      }
    },
    {
      "type": "Feature",
      "geometry": {
        "type": "Point",
        "coordinates": [
          1.970684328142078,
          41.26406789845196
        ]
      },
      "properties": {
        "date": "2025-01-09"
      }
    },
    {
      "type": "Feature",
      "geometry": {
        "type": "Point",
        "coordinates": [
          1.953333058196723,
          41.26400799344286
        ]
      },
      "properties": {
        "date": "2025-01-09"
      }
    },
    {
      "type": "Feature",
      "geometry": {
        "type": "Point",
        "coordinates": [
          1.9533561316939907,
          41.26400799344286
        ]
      },
      "properties": {
        "date": "2025-01-09"
      }
    },
    {
      "type": "Feature",
      "geometry": {
        "type": "Point",
        "coordinates": [
          1.9533792051912584,
          41.26400799344286
        ]
      },
      "properties": {
        "date": "2025-01-09"
      }
    },
    {
      "type": "Feature",
      "geometry": {
        "type": "Point",
        "coordinates": [
          1.9534022786885263,
          41.26400799344286
        ]
      },
      "properties": {
        "date": "2025-01-09"
      }
    },
    {
      "type": "Feature",
      "geometry": {
        "type": "Point",
        "coordinates": [
          1.953425352185794,
          41.26400799344286
        ]
      },
      "properties": {
        "date": "2025-01-09"
      }
    },
    {
      "type": "Feature",
      "geometry": {
        "type": "Point",
        "coordinates": [
          1.9534484256830618,
          41.26400799344286
        ]
      },
      "properties": {
        "date": "2025-01-09"
      }
    },
    {
      "type": "Feature",
      "geometry": {
        "type": "Point",
        "coordinates": [
          1.9534714991803295,
          41.26400799344286
        ]
      },
      "properties": {
        "date": "2025-01-09"
      }
    },
    {
      "type": "Feature",
      "geometry": {
        "type": "Point",
        "coordinates": [
          1.9534945726775974,
          41.26400799344286
        ]
      },
      "properties": {
        "date": "2025-01-09"
      }
    },
    {
      "type": "Feature",
      "geometry": {
        "type": "Point",
        "coordinates": [
          1.9535176461748651,
          41.26400799344286
        ]
      },
      "properties": {
        "date": "2025-01-09"
      }
    },
    {
      "type": "Feature",
      "geometry": {
        "type": "Point",
        "coordinates": [
          1.9535407196721328,
          41.26400799344286
        ]
      },
      "properties": {
        "date": "2025-01-09"
      }
    },
    {
      "type": "Feature",
      "geometry": {
        "type": "Point",
        "coordinates": [
          1.9535637931694005,
          41.26400799344286
        ]
      },
      "properties": {
        "date": "2025-01-09"
      }
    },
    {
      "type": "Feature",
      "geometry": {
        "type": "Point",
        "coordinates": [
          1.9535868666666683,
          41.26400799344286
        ]
      },
      "properties": {
        "date": "2025-01-09"
      }
    },
    {
      "type": "Feature",
      "geometry": {
        "type": "Point",
        "coordinates": [
          1.9536099401639362,
          41.26400799344286
        ]
      },
      "properties": {
        "date": "2025-01-09"
      }
    },
    {
      "type": "Feature",
      "geometry": {
        "type": "Point",
        "coordinates": [
          1.953633013661204,
          41.26400799344286
        ]
      },
      "properties": {
        "date": "2025-01-09"
      }
    },
    {
      "type": "Feature",
      "geometry": {
        "type": "Point",
        "coordinates": [
          1.9536560871584716,
          41.26400799344286
        ]
      },
      "properties": {
        "date": "2025-01-09"
      }
    },
    {
      "type": "Feature",
      "geometry": {
        "type": "Point",
        "coordinates": [
          1.9536791606557393,
          41.26400799344286
        ]
      },
      "properties": {
        "date": "2025-01-09"
      }
    },
    {
      "type": "Feature",
      "geometry": {
        "type": "Point",
        "coordinates": [
          1.953702234153007,
          41.26400799344286
        ]
      },
      "properties": {
        "date": "2025-01-09"
      }
    },
    {
      "type": "Feature",
      "geometry": {
        "type": "Point",
        "coordinates": [
          1.953725307650275,
          41.26400799344286
        ]
      },
      "properties": {
        "date": "2025-01-09"
      }
    },
    {
      "type": "Feature",
      "geometry": {
        "type": "Point",
        "coordinates": [
          1.9537483811475427,
          41.26400799344286
        ]
      },
      "properties": {
        "date": "2025-01-09"
      }
    },
    {
      "type": "Feature",
      "geometry": {
        "type": "Point",
        "coordinates": [
          1.9537714546448104,
          41.26400799344286
        ]
      },
      "properties": {
        "date": "2025-01-09"
      }
    },
    {
      "type": "Feature",
      "geometry": {
        "type": "Point",
        "coordinates": [
          1.953794528142078,
          41.26400799344286
        ]
      },
      "properties": {
        "date": "2025-01-09"
      }
    },
    {
      "type": "Feature",
      "geometry": {
        "type": "Point",
        "coordinates": [
          1.953817601639346,
          41.26400799344286
        ]
      },
      "properties": {
        "date": "2025-01-09"
      }
    },
    {
      "type": "Feature",
      "geometry": {
        "type": "Point",
        "coordinates": [
          1.9538406751366137,
          41.26400799344286
        ]
      },
      "properties": {
        "date": "2025-01-09"
      }
    },
    {
      "type": "Feature",
      "geometry": {
        "type": "Point",
        "coordinates": [
          1.9538637486338815,
          41.26400799344286
        ]
      },
      "properties": {
        "date": "2025-01-09"
      }
    },
    {
      "type": "Feature",
      "geometry": {
        "type": "Point",
        "coordinates": [
          1.9538868221311492,
          41.26400799344286
        ]
      },
      "properties": {
        "date": "2025-01-09"
      }
    },
    {
      "type": "Feature",
      "geometry": {
        "type": "Point",
        "coordinates": [
          1.9539098956284169,
          41.26400799344286
        ]
      },
      "properties": {
        "date": "2025-01-09"
      }
    },
    {
      "type": "Feature",
      "geometry": {
        "type": "Point",
        "coordinates": [
          1.9539329691256848,
          41.26400799344286
        ]
      },
      "properties": {
        "date": "2025-01-09"
      }
    },
    {
      "type": "Feature",
      "geometry": {
        "type": "Point",
        "coordinates": [
          1.9539560426229525,
          41.26400799344286
        ]
      },
      "properties": {
        "date": "2025-01-09"
      }
    },
    {
      "type": "Feature",
      "geometry": {
        "type": "Point",
        "coordinates": [
          1.9539791161202202,
          41.26400799344286
        ]
      },
      "properties": {
        "date": "2025-01-09"
      }
    },
    {
      "type": "Feature",
      "geometry": {
        "type": "Point",
        "coordinates": [
          1.954002189617488,
          41.26400799344286
        ]
      },
      "properties": {
        "date": "2025-01-09"
      }
    },
    {
      "type": "Feature",
      "geometry": {
        "type": "Point",
        "coordinates": [
          1.9540252631147557,
          41.26400799344286
        ]
      },
      "properties": {
        "date": "2025-01-09"
      }
    },
    {
      "type": "Feature",
      "geometry": {
        "type": "Point",
        "coordinates": [
          1.9540483366120236,
          41.26400799344286
        ]
      },
      "properties": {
        "date": "2025-01-09"
      }
    },
    {
      "type": "Feature",
      "geometry": {
        "type": "Point",
        "coordinates": [
          1.9540714101092913,
          41.26400799344286
        ]
      },
      "properties": {
        "date": "2025-01-09"
      }
    },
    {
      "type": "Feature",
      "geometry": {
        "type": "Point",
        "coordinates": [
          1.954094483606559,
          41.26400799344286
        ]
      },
      "properties": {
        "date": "2025-01-09"
      }
    },
    {
      "type": "Feature",
      "geometry": {
        "type": "Point",
        "coordinates": [
          1.9543252185792366,
          41.26400799344286
        ]
      },
      "properties": {
        "date": "2025-01-09"
      }
    },
    {
      "type": "Feature",
      "geometry": {
        "type": "Point",
        "coordinates": [
          1.9543482920765043,
          41.26400799344286
        ]
      },
      "properties": {
        "date": "2025-01-09"
      }
    },
    {
      "type": "Feature",
      "geometry": {
        "type": "Point",
        "coordinates": [
          1.9543713655737722,
          41.26400799344286
        ]
      },
      "properties": {
        "date": "2025-01-09"
      }
    },
    {
      "type": "Feature",
      "geometry": {
        "type": "Point",
        "coordinates": [
          1.95439443907104,
          41.26400799344286
        ]
      },
      "properties": {
        "date": "2025-01-09"
      }
    },
    {
      "type": "Feature",
      "geometry": {
        "type": "Point",
        "coordinates": [
          1.9544175125683076,
          41.26400799344286
        ]
      },
      "properties": {
        "date": "2025-01-09"
      }
    },
    {
      "type": "Feature",
      "geometry": {
        "type": "Point",
        "coordinates": [
          1.9544405860655754,
          41.26400799344286
        ]
      },
      "properties": {
        "date": "2025-01-09"
      }
    },
    {
      "type": "Feature",
      "geometry": {
        "type": "Point",
        "coordinates": [
          1.9544636595628433,
          41.26400799344286
        ]
      },
      "properties": {
        "date": "2025-01-09"
      }
    },
    {
      "type": "Feature",
      "geometry": {
        "type": "Point",
        "coordinates": [
          1.9545559535519141,
          41.26400799344286
        ]
      },
      "properties": {
        "date": "2025-01-09"
      }
    },
    {
      "type": "Feature",
      "geometry": {
        "type": "Point",
        "coordinates": [
          1.954579027049182,
          41.26400799344286
        ]
      },
      "properties": {
        "date": "2025-01-09"
      }
    },
    {
      "type": "Feature",
      "geometry": {
        "type": "Point",
        "coordinates": [
          1.9546021005464498,
          41.26400799344286
        ]
      },
      "properties": {
        "date": "2025-01-09"
      }
    },
    {
      "type": "Feature",
      "geometry": {
        "type": "Point",
        "coordinates": [
          1.9546251740437175,
          41.26400799344286
        ]
      },
      "properties": {
        "date": "2025-01-09"
      }
    },
    {
      "type": "Feature",
      "geometry": {
        "type": "Point",
        "coordinates": [
          1.9546482475409852,
          41.26400799344286
        ]
      },
      "properties": {
        "date": "2025-01-09"
      }
    },
    {
      "type": "Feature",
      "geometry": {
        "type": "Point",
        "coordinates": [
          1.9546713210382531,
          41.26400799344286
        ]
      },
      "properties": {
        "date": "2025-01-09"
      }
    },
    {
      "type": "Feature",
      "geometry": {
        "type": "Point",
        "coordinates": [
          1.9546943945355209,
          41.26400799344286
        ]
      },
      "properties": {
        "date": "2025-01-09"
      }
    },
    {
      "type": "Feature",
      "geometry": {
        "type": "Point",
        "coordinates": [
          1.9548097620218596,
          41.26400799344286
        ]
      },
      "properties": {
        "date": "2025-01-09"
      }
    },
    {
      "type": "Feature",
      "geometry": {
        "type": "Point",
        "coordinates": [
          1.9548328355191273,
          41.26400799344286
        ]
      },
      "properties": {
        "date": "2025-01-09"
      }
    },
    {
      "type": "Feature",
      "geometry": {
        "type": "Point",
        "coordinates": [
          1.954855909016395,
          41.26400799344286
        ]
      },
      "properties": {
        "date": "2025-01-09"
      }
    },
    {
      "type": "Feature",
      "geometry": {
        "type": "Point",
        "coordinates": [
          1.9548789825136628,
          41.26400799344286
        ]
      },
      "properties": {
        "date": "2025-01-09"
      }
    },
    {
      "type": "Feature",
      "geometry": {
        "type": "Point",
        "coordinates": [
          1.9549020560109307,
          41.26400799344286
        ]
      },
      "properties": {
        "date": "2025-01-09"
      }
    },
    {
      "type": "Feature",
      "geometry": {
        "type": "Point",
        "coordinates": [
          1.9549251295081984,
          41.26400799344286
        ]
      },
      "properties": {
        "date": "2025-01-09"
      }
    },
    {
      "type": "Feature",
      "geometry": {
        "type": "Point",
        "coordinates": [
          1.9549482030054661,
          41.26400799344286
        ]
      },
      "properties": {
        "date": "2025-01-09"
      }
    },
    {
      "type": "Feature",
      "geometry": {
        "type": "Point",
        "coordinates": [
          1.9549712765027338,
          41.26400799344286
        ]
      },
      "properties": {
        "date": "2025-01-09"
      }
    },
    {
      "type": "Feature",
      "geometry": {
        "type": "Point",
        "coordinates": [
          1.9549943500000018,
          41.26400799344286
        ]
      },
      "properties": {
        "date": "2025-01-09"
      }
    },
    {
      "type": "Feature",
      "geometry": {
        "type": "Point",
        "coordinates": [
          1.9550174234972695,
          41.26400799344286
        ]
      },
      "properties": {
        "date": "2025-01-09"
      }
    },
    {
      "type": "Feature",
      "geometry": {
        "type": "Point",
        "coordinates": [
          1.9550404969945372,
          41.26400799344286
        ]
      },
      "properties": {
        "date": "2025-01-09"
      }
    },
    {
      "type": "Feature",
      "geometry": {
        "type": "Point",
        "coordinates": [
          1.955063570491805,
          41.26400799344286
        ]
      },
      "properties": {
        "date": "2025-01-09"
      }
    },
    {
      "type": "Feature",
      "geometry": {
        "type": "Point",
        "coordinates": [
          1.9550866439890726,
          41.26400799344286
        ]
      },
      "properties": {
        "date": "2025-01-09"
      }
    },
    {
      "type": "Feature",
      "geometry": {
        "type": "Point",
        "coordinates": [
          1.9551097174863405,
          41.26400799344286
        ]
      },
      "properties": {
        "date": "2025-01-09"
      }
    },
    {
      "type": "Feature",
      "geometry": {
        "type": "Point",
        "coordinates": [
          1.9551327909836083,
          41.26400799344286
        ]
      },
      "properties": {
        "date": "2025-01-09"
      }
    },
    {
      "type": "Feature",
      "geometry": {
        "type": "Point",
        "coordinates": [
          1.955155864480876,
          41.26400799344286
        ]
      },
      "properties": {
        "date": "2025-01-09"
      }
    },
    {
      "type": "Feature",
      "geometry": {
        "type": "Point",
        "coordinates": [
          1.9551789379781437,
          41.26400799344286
        ]
      },
      "properties": {
        "date": "2025-01-09"
      }
    },
    {
      "type": "Feature",
      "geometry": {
        "type": "Point",
        "coordinates": [
          1.9552020114754114,
          41.26400799344286
        ]
      },
      "properties": {
        "date": "2025-01-09"
      }
    },
    {
      "type": "Feature",
      "geometry": {
        "type": "Point",
        "coordinates": [
          1.9552250849726793,
          41.26400799344286
        ]
      },
      "properties": {
        "date": "2025-01-09"
      }
    },
    {
      "type": "Feature",
      "geometry": {
        "type": "Point",
        "coordinates": [
          1.955248158469947,
          41.26400799344286
        ]
      },
      "properties": {
        "date": "2025-01-09"
      }
    },
    {
      "type": "Feature",
      "geometry": {
        "type": "Point",
        "coordinates": [
          1.9552712319672148,
          41.26400799344286
        ]
      },
      "properties": {
        "date": "2025-01-09"
      }
    },
    {
      "type": "Feature",
      "geometry": {
        "type": "Point",
        "coordinates": [
          1.9552943054644825,
          41.26400799344286
        ]
      },
      "properties": {
        "date": "2025-01-09"
      }
    },
    {
      "type": "Feature",
      "geometry": {
        "type": "Point",
        "coordinates": [
          1.9553173789617504,
          41.26400799344286
        ]
      },
      "properties": {
        "date": "2025-01-09"
      }
    },
    {
      "type": "Feature",
      "geometry": {
        "type": "Point",
        "coordinates": [
          1.955340452459018,
          41.26400799344286
        ]
      },
      "properties": {
        "date": "2025-01-09"
      }
    },
    {
      "type": "Feature",
      "geometry": {
        "type": "Point",
        "coordinates": [
          1.9553635259562858,
          41.26400799344286
        ]
      },
      "properties": {
        "date": "2025-01-09"
      }
    },
    {
      "type": "Feature",
      "geometry": {
        "type": "Point",
        "coordinates": [
          1.9553865994535535,
          41.26400799344286
        ]
      },
      "properties": {
        "date": "2025-01-09"
      }
    },
    {
      "type": "Feature",
      "geometry": {
        "type": "Point",
        "coordinates": [
          1.9554096729508212,
          41.26400799344286
        ]
      },
      "properties": {
        "date": "2025-01-09"
      }
    },
    {
      "type": "Feature",
      "geometry": {
        "type": "Point",
        "coordinates": [
          1.9554327464480892,
          41.26400799344286
        ]
      },
      "properties": {
        "date": "2025-01-09"
      }
    },
    {
      "type": "Feature",
      "geometry": {
        "type": "Point",
        "coordinates": [
          1.9554558199453569,
          41.26400799344286
        ]
      },
      "properties": {
        "date": "2025-01-09"
      }
    },
    {
      "type": "Feature",
      "geometry": {
        "type": "Point",
        "coordinates": [
          1.9554788934426246,
          41.26400799344286
        ]
      },
      "properties": {
        "date": "2025-01-09"
      }
    },
    {
      "type": "Feature",
      "geometry": {
        "type": "Point",
        "coordinates": [
          1.9555019669398923,
          41.26400799344286
        ]
      },
      "properties": {
        "date": "2025-01-09"
      }
    },
    {
      "type": "Feature",
      "geometry": {
        "type": "Point",
        "coordinates": [
          1.95552504043716,
          41.26400799344286
        ]
      },
      "properties": {
        "date": "2025-01-09"
      }
    },
    {
      "type": "Feature",
      "geometry": {
        "type": "Point",
        "coordinates": [
          1.955548113934428,
          41.26400799344286
        ]
      },
      "properties": {
        "date": "2025-01-09"
      }
    },
    {
      "type": "Feature",
      "geometry": {
        "type": "Point",
        "coordinates": [
          1.9555711874316957,
          41.26400799344286
        ]
      },
      "properties": {
        "date": "2025-01-09"
      }
    },
    {
      "type": "Feature",
      "geometry": {
        "type": "Point",
        "coordinates": [
          1.9555942609289634,
          41.26400799344286
        ]
      },
      "properties": {
        "date": "2025-01-09"
      }
    },
    {
      "type": "Feature",
      "geometry": {
        "type": "Point",
        "coordinates": [
          1.955617334426231,
          41.26400799344286
        ]
      },
      "properties": {
        "date": "2025-01-09"
      }
    },
    {
      "type": "Feature",
      "geometry": {
        "type": "Point",
        "coordinates": [
          1.955640407923499,
          41.26400799344286
        ]
      },
      "properties": {
        "date": "2025-01-09"
      }
    },
    {
      "type": "Feature",
      "geometry": {
        "type": "Point",
        "coordinates": [
          1.956609494808745,
          41.26400799344286
        ]
      },
      "properties": {
        "date": "2025-01-09"
      }
    },
    {
      "type": "Feature",
      "geometry": {
        "type": "Point",
        "coordinates": [
          1.9566325683060126,
          41.26400799344286
        ]
      },
      "properties": {
        "date": "2025-01-09"
      }
    },
    {
      "type": "Feature",
      "geometry": {
        "type": "Point",
        "coordinates": [
          1.9566556418032803,
          41.26400799344286
        ]
      },
      "properties": {
        "date": "2025-01-09"
      }
    },
    {
      "type": "Feature",
      "geometry": {
        "type": "Point",
        "coordinates": [
          1.956678715300548,
          41.26400799344286
        ]
      },
      "properties": {
        "date": "2025-01-09"
      }
    },
    {
      "type": "Feature",
      "geometry": {
        "type": "Point",
        "coordinates": [
          1.9567017887978158,
          41.26400799344286
        ]
      },
      "properties": {
        "date": "2025-01-09"
      }
    },
    {
      "type": "Feature",
      "geometry": {
        "type": "Point",
        "coordinates": [
          1.9567248622950837,
          41.26400799344286
        ]
      },
      "properties": {
        "date": "2025-01-09"
      }
    },
    {
      "type": "Feature",
      "geometry": {
        "type": "Point",
        "coordinates": [
          1.9567479357923514,
          41.26400799344286
        ]
      },
      "properties": {
        "date": "2025-01-09"
      }
    },
    {
      "type": "Feature",
      "geometry": {
        "type": "Point",
        "coordinates": [
          1.9567710092896191,
          41.26400799344286
        ]
      },
      "properties": {
        "date": "2025-01-09"
      }
    },
    {
      "type": "Feature",
      "geometry": {
        "type": "Point",
        "coordinates": [
          1.9567940827868868,
          41.26400799344286
        ]
      },
      "properties": {
        "date": "2025-01-09"
      }
    },
    {
      "type": "Feature",
      "geometry": {
        "type": "Point",
        "coordinates": [
          1.9568171562841548,
          41.26400799344286
        ]
      },
      "properties": {
        "date": "2025-01-09"
      }
    },
    {
      "type": "Feature",
      "geometry": {
        "type": "Point",
        "coordinates": [
          1.9568402297814225,
          41.26400799344286
        ]
      },
      "properties": {
        "date": "2025-01-09"
      }
    },
    {
      "type": "Feature",
      "geometry": {
        "type": "Point",
        "coordinates": [
          1.9568633032786902,
          41.26400799344286
        ]
      },
      "properties": {
        "date": "2025-01-09"
      }
    },
    {
      "type": "Feature",
      "geometry": {
        "type": "Point",
        "coordinates": [
          1.956886376775958,
          41.26400799344286
        ]
      },
      "properties": {
        "date": "2025-01-09"
      }
    },
    {
      "type": "Feature",
      "geometry": {
        "type": "Point",
        "coordinates": [
          1.9569094502732256,
          41.26400799344286
        ]
      },
      "properties": {
        "date": "2025-01-09"
      }
    },
    {
      "type": "Feature",
      "geometry": {
        "type": "Point",
        "coordinates": [
          1.9569325237704935,
          41.26400799344286
        ]
      },
      "properties": {
        "date": "2025-01-09"
      }
    },
    {
      "type": "Feature",
      "geometry": {
        "type": "Point",
        "coordinates": [
          1.9569555972677612,
          41.26400799344286
        ]
      },
      "properties": {
        "date": "2025-01-09"
      }
    },
    {
      "type": "Feature",
      "geometry": {
        "type": "Point",
        "coordinates": [
          1.956978670765029,
          41.26400799344286
        ]
      },
      "properties": {
        "date": "2025-01-09"
      }
    },
    {
      "type": "Feature",
      "geometry": {
        "type": "Point",
        "coordinates": [
          1.9570017442622967,
          41.26400799344286
        ]
      },
      "properties": {
        "date": "2025-01-09"
      }
    },
    {
      "type": "Feature",
      "geometry": {
        "type": "Point",
        "coordinates": [
          1.9570248177595644,
          41.26400799344286
        ]
      },
      "properties": {
        "date": "2025-01-09"
      }
    },
    {
      "type": "Feature",
      "geometry": {
        "type": "Point",
        "coordinates": [
          1.9570478912568323,
          41.26400799344286
        ]
      },
      "properties": {
        "date": "2025-01-09"
      }
    },
    {
      "type": "Feature",
      "geometry": {
        "type": "Point",
        "coordinates": [
          1.9570709647541,
          41.26400799344286
        ]
      },
      "properties": {
        "date": "2025-01-09"
      }
    },
    {
      "type": "Feature",
      "geometry": {
        "type": "Point",
        "coordinates": [
          1.9570940382513677,
          41.26400799344286
        ]
      },
      "properties": {
        "date": "2025-01-09"
      }
    },
    {
      "type": "Feature",
      "geometry": {
        "type": "Point",
        "coordinates": [
          1.9571171117486355,
          41.26400799344286
        ]
      },
      "properties": {
        "date": "2025-01-09"
      }
    },
    {
      "type": "Feature",
      "geometry": {
        "type": "Point",
        "coordinates": [
          1.9571401852459034,
          41.26400799344286
        ]
      },
      "properties": {
        "date": "2025-01-09"
      }
    },
    {
      "type": "Feature",
      "geometry": {
        "type": "Point",
        "coordinates": [
          1.957163258743171,
          41.26400799344286
        ]
      },
      "properties": {
        "date": "2025-01-09"
      }
    },
    {
      "type": "Feature",
      "geometry": {
        "type": "Point",
        "coordinates": [
          1.9571863322404388,
          41.26400799344286
        ]
      },
      "properties": {
        "date": "2025-01-09"
      }
    },
    {
      "type": "Feature",
      "geometry": {
        "type": "Point",
        "coordinates": [
          1.9572094057377065,
          41.26400799344286
        ]
      },
      "properties": {
        "date": "2025-01-09"
      }
    },
    {
      "type": "Feature",
      "geometry": {
        "type": "Point",
        "coordinates": [
          1.9574170672131164,
          41.26400799344286
        ]
      },
      "properties": {
        "date": "2025-01-09"
      }
    },
    {
      "type": "Feature",
      "geometry": {
        "type": "Point",
        "coordinates": [
          1.9582938601092912,
          41.26400799344286
        ]
      },
      "properties": {
        "date": "2025-01-09"
      }
    },
    {
      "type": "Feature",
      "geometry": {
        "type": "Point",
        "coordinates": [
          1.9583169336065591,
          41.26400799344286
        ]
      },
      "properties": {
        "date": "2025-01-09"
      }
    },
    {
      "type": "Feature",
      "geometry": {
        "type": "Point",
        "coordinates": [
          1.9583400071038268,
          41.26400799344286
        ]
      },
      "properties": {
        "date": "2025-01-09"
      }
    },
    {
      "type": "Feature",
      "geometry": {
        "type": "Point",
        "coordinates": [
          1.9583630806010945,
          41.26400799344286
        ]
      },
      "properties": {
        "date": "2025-01-09"
      }
    },
    {
      "type": "Feature",
      "geometry": {
        "type": "Point",
        "coordinates": [
          1.9583861540983623,
          41.26400799344286
        ]
      },
      "properties": {
        "date": "2025-01-09"
      }
    },
    {
      "type": "Feature",
      "geometry": {
        "type": "Point",
        "coordinates": [
          1.95840922759563,
          41.26400799344286
        ]
      },
      "properties": {
        "date": "2025-01-09"
      }
    },
    {
      "type": "Feature",
      "geometry": {
        "type": "Point",
        "coordinates": [
          1.958432301092898,
          41.26400799344286
        ]
      },
      "properties": {
        "date": "2025-01-09"
      }
    },
    {
      "type": "Feature",
      "geometry": {
        "type": "Point",
        "coordinates": [
          1.9584553745901656,
          41.26400799344286
        ]
      },
      "properties": {
        "date": "2025-01-09"
      }
    },
    {
      "type": "Feature",
      "geometry": {
        "type": "Point",
        "coordinates": [
          1.9584784480874333,
          41.26400799344286
        ]
      },
      "properties": {
        "date": "2025-01-09"
      }
    },
    {
      "type": "Feature",
      "geometry": {
        "type": "Point",
        "coordinates": [
          1.958501521584701,
          41.26400799344286
        ]
      },
      "properties": {
        "date": "2025-01-09"
      }
    },
    {
      "type": "Feature",
      "geometry": {
        "type": "Point",
        "coordinates": [
          1.9585245950819687,
          41.26400799344286
        ]
      },
      "properties": {
        "date": "2025-01-09"
      }
    },
    {
      "type": "Feature",
      "geometry": {
        "type": "Point",
        "coordinates": [
          1.9585476685792367,
          41.26400799344286
        ]
      },
      "properties": {
        "date": "2025-01-09"
      }
    },
    {
      "type": "Feature",
      "geometry": {
        "type": "Point",
        "coordinates": [
          1.9585707420765044,
          41.26400799344286
        ]
      },
      "properties": {
        "date": "2025-01-09"
      }
    },
    {
      "type": "Feature",
      "geometry": {
        "type": "Point",
        "coordinates": [
          1.958593815573772,
          41.26400799344286
        ]
      },
      "properties": {
        "date": "2025-01-09"
      }
    },
    {
      "type": "Feature",
      "geometry": {
        "type": "Point",
        "coordinates": [
          1.9586168890710398,
          41.26400799344286
        ]
      },
      "properties": {
        "date": "2025-01-09"
      }
    },
    {
      "type": "Feature",
      "geometry": {
        "type": "Point",
        "coordinates": [
          1.9586399625683077,
          41.26400799344286
        ]
      },
      "properties": {
        "date": "2025-01-09"
      }
    },
    {
      "type": "Feature",
      "geometry": {
        "type": "Point",
        "coordinates": [
          1.958986065027324,
          41.26400799344286
        ]
      },
      "properties": {
        "date": "2025-01-09"
      }
    },
    {
      "type": "Feature",
      "geometry": {
        "type": "Point",
        "coordinates": [
          1.9590091385245918,
          41.26400799344286
        ]
      },
      "properties": {
        "date": "2025-01-09"
      }
    },
    {
      "type": "Feature",
      "geometry": {
        "type": "Point",
        "coordinates": [
          1.9590322120218595,
          41.26400799344286
        ]
      },
      "properties": {
        "date": "2025-01-09"
      }
    },
    {
      "type": "Feature",
      "geometry": {
        "type": "Point",
        "coordinates": [
          1.9590552855191272,
          41.26400799344286
        ]
      },
      "properties": {
        "date": "2025-01-09"
      }
    },
    {
      "type": "Feature",
      "geometry": {
        "type": "Point",
        "coordinates": [
          1.9590783590163952,
          41.26400799344286
        ]
      },
      "properties": {
        "date": "2025-01-09"
      }
    },
    {
      "type": "Feature",
      "geometry": {
        "type": "Point",
        "coordinates": [
          1.9591014325136629,
          41.26400799344286
        ]
      },
      "properties": {
        "date": "2025-01-09"
      }
    },
    {
      "type": "Feature",
      "geometry": {
        "type": "Point",
        "coordinates": [
          1.9591245060109306,
          41.26400799344286
        ]
      },
      "properties": {
        "date": "2025-01-09"
      }
    },
    {
      "type": "Feature",
      "geometry": {
        "type": "Point",
        "coordinates": [
          1.9591475795081983,
          41.26400799344286
        ]
      },
      "properties": {
        "date": "2025-01-09"
      }
    },
    {
      "type": "Feature",
      "geometry": {
        "type": "Point",
        "coordinates": [
          1.9591706530054662,
          41.26400799344286
        ]
      },
      "properties": {
        "date": "2025-01-09"
      }
    },
    {
      "type": "Feature",
      "geometry": {
        "type": "Point",
        "coordinates": [
          1.959193726502734,
          41.26400799344286
        ]
      },
      "properties": {
        "date": "2025-01-09"
      }
    },
    {
      "type": "Feature",
      "geometry": {
        "type": "Point",
        "coordinates": [
          1.9592168000000016,
          41.26400799344286
        ]
      },
      "properties": {
        "date": "2025-01-09"
      }
    },
    {
      "type": "Feature",
      "geometry": {
        "type": "Point",
        "coordinates": [
          1.9592398734972694,
          41.26400799344286
        ]
      },
      "properties": {
        "date": "2025-01-09"
      }
    },
    {
      "type": "Feature",
      "geometry": {
        "type": "Point",
        "coordinates": [
          1.959262946994537,
          41.26400799344286
        ]
      },
      "properties": {
        "date": "2025-01-09"
      }
    },
    {
      "type": "Feature",
      "geometry": {
        "type": "Point",
        "coordinates": [
          1.959286020491805,
          41.26400799344286
        ]
      },
      "properties": {
        "date": "2025-01-09"
      }
    },
    {
      "type": "Feature",
      "geometry": {
        "type": "Point",
        "coordinates": [
          1.9593090939890727,
          41.26400799344286
        ]
      },
      "properties": {
        "date": "2025-01-09"
      }
    },
    {
      "type": "Feature",
      "geometry": {
        "type": "Point",
        "coordinates": [
          1.9593321674863404,
          41.26400799344286
        ]
      },
      "properties": {
        "date": "2025-01-09"
      }
    },
    {
      "type": "Feature",
      "geometry": {
        "type": "Point",
        "coordinates": [
          1.9593552409836081,
          41.26400799344286
        ]
      },
      "properties": {
        "date": "2025-01-09"
      }
    },
    {
      "type": "Feature",
      "geometry": {
        "type": "Point",
        "coordinates": [
          1.9593783144808758,
          41.26400799344286
        ]
      },
      "properties": {
        "date": "2025-01-09"
      }
    },
    {
      "type": "Feature",
      "geometry": {
        "type": "Point",
        "coordinates": [
          1.9594013879781438,
          41.26400799344286
        ]
      },
      "properties": {
        "date": "2025-01-09"
      }
    },
    {
      "type": "Feature",
      "geometry": {
        "type": "Point",
        "coordinates": [
          1.9594244614754115,
          41.26400799344286
        ]
      },
      "properties": {
        "date": "2025-01-09"
      }
    },
    {
      "type": "Feature",
      "geometry": {
        "type": "Point",
        "coordinates": [
          1.9594475349726792,
          41.26400799344286
        ]
      },
      "properties": {
        "date": "2025-01-09"
      }
    },
    {
      "type": "Feature",
      "geometry": {
        "type": "Point",
        "coordinates": [
          1.959470608469947,
          41.26400799344286
        ]
      },
      "properties": {
        "date": "2025-01-09"
      }
    },
    {
      "type": "Feature",
      "geometry": {
        "type": "Point",
        "coordinates": [
          1.9594936819672149,
          41.26400799344286
        ]
      },
      "properties": {
        "date": "2025-01-09"
      }
    },
    {
      "type": "Feature",
      "geometry": {
        "type": "Point",
        "coordinates": [
          1.9595167554644826,
          41.26400799344286
        ]
      },
      "properties": {
        "date": "2025-01-09"
      }
    },
    {
      "type": "Feature",
      "geometry": {
        "type": "Point",
        "coordinates": [
          1.9595398289617503,
          41.26400799344286
        ]
      },
      "properties": {
        "date": "2025-01-09"
      }
    },
    {
      "type": "Feature",
      "geometry": {
        "type": "Point",
        "coordinates": [
          1.959562902459018,
          41.26400799344286
        ]
      },
      "properties": {
        "date": "2025-01-09"
      }
    },
    {
      "type": "Feature",
      "geometry": {
        "type": "Point",
        "coordinates": [
          1.9595859759562857,
          41.26400799344286
        ]
      },
      "properties": {
        "date": "2025-01-09"
      }
    },
    {
      "type": "Feature",
      "geometry": {
        "type": "Point",
        "coordinates": [
          1.9596090494535536,
          41.26400799344286
        ]
      },
      "properties": {
        "date": "2025-01-09"
      }
    },
    {
      "type": "Feature",
      "geometry": {
        "type": "Point",
        "coordinates": [
          1.9596321229508213,
          41.26400799344286
        ]
      },
      "properties": {
        "date": "2025-01-09"
      }
    },
    {
      "type": "Feature",
      "geometry": {
        "type": "Point",
        "coordinates": [
          1.959655196448089,
          41.26400799344286
        ]
      },
      "properties": {
        "date": "2025-01-09"
      }
    },
    {
      "type": "Feature",
      "geometry": {
        "type": "Point",
        "coordinates": [
          1.9596782699453568,
          41.26400799344286
        ]
      },
      "properties": {
        "date": "2025-01-09"
      }
    },
    {
      "type": "Feature",
      "geometry": {
        "type": "Point",
        "coordinates": [
          1.9597013434426245,
          41.26400799344286
        ]
      },
      "properties": {
        "date": "2025-01-09"
      }
    },
    {
      "type": "Feature",
      "geometry": {
        "type": "Point",
        "coordinates": [
          1.9597244169398924,
          41.26400799344286
        ]
      },
      "properties": {
        "date": "2025-01-09"
      }
    },
    {
      "type": "Feature",
      "geometry": {
        "type": "Point",
        "coordinates": [
          1.9597474904371601,
          41.26400799344286
        ]
      },
      "properties": {
        "date": "2025-01-09"
      }
    },
    {
      "type": "Feature",
      "geometry": {
        "type": "Point",
        "coordinates": [
          1.9597705639344278,
          41.26400799344286
        ]
      },
      "properties": {
        "date": "2025-01-09"
      }
    },
    {
      "type": "Feature",
      "geometry": {
        "type": "Point",
        "coordinates": [
          1.9597936374316955,
          41.26400799344286
        ]
      },
      "properties": {
        "date": "2025-01-09"
      }
    },
    {
      "type": "Feature",
      "geometry": {
        "type": "Point",
        "coordinates": [
          1.9598167109289635,
          41.26400799344286
        ]
      },
      "properties": {
        "date": "2025-01-09"
      }
    },
    {
      "type": "Feature",
      "geometry": {
        "type": "Point",
        "coordinates": [
          1.9598397844262312,
          41.26400799344286
        ]
      },
      "properties": {
        "date": "2025-01-09"
      }
    },
    {
      "type": "Feature",
      "geometry": {
        "type": "Point",
        "coordinates": [
          1.959862857923499,
          41.26400799344286
        ]
      },
      "properties": {
        "date": "2025-01-09"
      }
    },
    {
      "type": "Feature",
      "geometry": {
        "type": "Point",
        "coordinates": [
          1.9598859314207666,
          41.26400799344286
        ]
      },
      "properties": {
        "date": "2025-01-09"
      }
    },
    {
      "type": "Feature",
      "geometry": {
        "type": "Point",
        "coordinates": [
          1.9599090049180343,
          41.26400799344286
        ]
      },
      "properties": {
        "date": "2025-01-09"
      }
    },
    {
      "type": "Feature",
      "geometry": {
        "type": "Point",
        "coordinates": [
          1.9599320784153023,
          41.26400799344286
        ]
      },
      "properties": {
        "date": "2025-01-09"
      }
    },
    {
      "type": "Feature",
      "geometry": {
        "type": "Point",
        "coordinates": [
          1.95995515191257,
          41.26400799344286
        ]
      },
      "properties": {
        "date": "2025-01-09"
      }
    },
    {
      "type": "Feature",
      "geometry": {
        "type": "Point",
        "coordinates": [
          1.9599782254098377,
          41.26400799344286
        ]
      },
      "properties": {
        "date": "2025-01-09"
      }
    },
    {
      "type": "Feature",
      "geometry": {
        "type": "Point",
        "coordinates": [
          1.9600012989071054,
          41.26400799344286
        ]
      },
      "properties": {
        "date": "2025-01-09"
      }
    },
    {
      "type": "Feature",
      "geometry": {
        "type": "Point",
        "coordinates": [
          1.9600243724043733,
          41.26400799344286
        ]
      },
      "properties": {
        "date": "2025-01-09"
      }
    },
    {
      "type": "Feature",
      "geometry": {
        "type": "Point",
        "coordinates": [
          1.960047445901641,
          41.26400799344286
        ]
      },
      "properties": {
        "date": "2025-01-09"
      }
    },
    {
      "type": "Feature",
      "geometry": {
        "type": "Point",
        "coordinates": [
          1.9600705193989088,
          41.26400799344286
        ]
      },
      "properties": {
        "date": "2025-01-09"
      }
    },
    {
      "type": "Feature",
      "geometry": {
        "type": "Point",
        "coordinates": [
          1.9600935928961765,
          41.26400799344286
        ]
      },
      "properties": {
        "date": "2025-01-09"
      }
    },
    {
      "type": "Feature",
      "geometry": {
        "type": "Point",
        "coordinates": [
          1.9601166663934442,
          41.26400799344286
        ]
      },
      "properties": {
        "date": "2025-01-09"
      }
    },
    {
      "type": "Feature",
      "geometry": {
        "type": "Point",
        "coordinates": [
          1.960139739890712,
          41.26400799344286
        ]
      },
      "properties": {
        "date": "2025-01-09"
      }
    },
    {
      "type": "Feature",
      "geometry": {
        "type": "Point",
        "coordinates": [
          1.9601628133879798,
          41.26400799344286
        ]
      },
      "properties": {
        "date": "2025-01-09"
      }
    },
    {
      "type": "Feature",
      "geometry": {
        "type": "Point",
        "coordinates": [
          1.9601858868852475,
          41.26400799344286
        ]
      },
      "properties": {
        "date": "2025-01-09"
      }
    },
    {
      "type": "Feature",
      "geometry": {
        "type": "Point",
        "coordinates": [
          1.9602089603825152,
          41.26400799344286
        ]
      },
      "properties": {
        "date": "2025-01-09"
      }
    },
    {
      "type": "Feature",
      "geometry": {
        "type": "Point",
        "coordinates": [
          1.960232033879783,
          41.26400799344286
        ]
      },
      "properties": {
        "date": "2025-01-09"
      }
    },
    {
      "type": "Feature",
      "geometry": {
        "type": "Point",
        "coordinates": [
          1.9602551073770509,
          41.26400799344286
        ]
      },
      "properties": {
        "date": "2025-01-09"
      }
    },
    {
      "type": "Feature",
      "geometry": {
        "type": "Point",
        "coordinates": [
          1.9602781808743186,
          41.26400799344286
        ]
      },
      "properties": {
        "date": "2025-01-09"
      }
    },
    {
      "type": "Feature",
      "geometry": {
        "type": "Point",
        "coordinates": [
          1.9603012543715863,
          41.26400799344286
        ]
      },
      "properties": {
        "date": "2025-01-09"
      }
    },
    {
      "type": "Feature",
      "geometry": {
        "type": "Point",
        "coordinates": [
          1.960324327868854,
          41.26400799344286
        ]
      },
      "properties": {
        "date": "2025-01-09"
      }
    },
    {
      "type": "Feature",
      "geometry": {
        "type": "Point",
        "coordinates": [
          1.960347401366122,
          41.26400799344286
        ]
      },
      "properties": {
        "date": "2025-01-09"
      }
    },
    {
      "type": "Feature",
      "geometry": {
        "type": "Point",
        "coordinates": [
          1.9603704748633897,
          41.26400799344286
        ]
      },
      "properties": {
        "date": "2025-01-09"
      }
    },
    {
      "type": "Feature",
      "geometry": {
        "type": "Point",
        "coordinates": [
          1.9603935483606574,
          41.26400799344286
        ]
      },
      "properties": {
        "date": "2025-01-09"
      }
    },
    {
      "type": "Feature",
      "geometry": {
        "type": "Point",
        "coordinates": [
          1.960416621857925,
          41.26400799344286
        ]
      },
      "properties": {
        "date": "2025-01-09"
      }
    },
    {
      "type": "Feature",
      "geometry": {
        "type": "Point",
        "coordinates": [
          1.9604396953551928,
          41.26400799344286
        ]
      },
      "properties": {
        "date": "2025-01-09"
      }
    },
    {
      "type": "Feature",
      "geometry": {
        "type": "Point",
        "coordinates": [
          1.9604627688524607,
          41.26400799344286
        ]
      },
      "properties": {
        "date": "2025-01-09"
      }
    },
    {
      "type": "Feature",
      "geometry": {
        "type": "Point",
        "coordinates": [
          1.9604858423497284,
          41.26400799344286
        ]
      },
      "properties": {
        "date": "2025-01-09"
      }
    },
    {
      "type": "Feature",
      "geometry": {
        "type": "Point",
        "coordinates": [
          1.9605089158469962,
          41.26400799344286
        ]
      },
      "properties": {
        "date": "2025-01-09"
      }
    },
    {
      "type": "Feature",
      "geometry": {
        "type": "Point",
        "coordinates": [
          1.9605319893442639,
          41.26400799344286
        ]
      },
      "properties": {
        "date": "2025-01-09"
      }
    },
    {
      "type": "Feature",
      "geometry": {
        "type": "Point",
        "coordinates": [
          1.9605550628415316,
          41.26400799344286
        ]
      },
      "properties": {
        "date": "2025-01-09"
      }
    },
    {
      "type": "Feature",
      "geometry": {
        "type": "Point",
        "coordinates": [
          1.9605781363387995,
          41.26400799344286
        ]
      },
      "properties": {
        "date": "2025-01-09"
      }
    },
    {
      "type": "Feature",
      "geometry": {
        "type": "Point",
        "coordinates": [
          1.9606012098360672,
          41.26400799344286
        ]
      },
      "properties": {
        "date": "2025-01-09"
      }
    },
    {
      "type": "Feature",
      "geometry": {
        "type": "Point",
        "coordinates": [
          1.960624283333335,
          41.26400799344286
        ]
      },
      "properties": {
        "date": "2025-01-09"
      }
    },
    {
      "type": "Feature",
      "geometry": {
        "type": "Point",
        "coordinates": [
          1.9606473568306027,
          41.26400799344286
        ]
      },
      "properties": {
        "date": "2025-01-09"
      }
    },
    {
      "type": "Feature",
      "geometry": {
        "type": "Point",
        "coordinates": [
          1.9606704303278706,
          41.26400799344286
        ]
      },
      "properties": {
        "date": "2025-01-09"
      }
    },
    {
      "type": "Feature",
      "geometry": {
        "type": "Point",
        "coordinates": [
          1.9606935038251383,
          41.26400799344286
        ]
      },
      "properties": {
        "date": "2025-01-09"
      }
    },
    {
      "type": "Feature",
      "geometry": {
        "type": "Point",
        "coordinates": [
          1.960716577322406,
          41.26400799344286
        ]
      },
      "properties": {
        "date": "2025-01-09"
      }
    },
    {
      "type": "Feature",
      "geometry": {
        "type": "Point",
        "coordinates": [
          1.9607396508196737,
          41.26400799344286
        ]
      },
      "properties": {
        "date": "2025-01-09"
      }
    },
    {
      "type": "Feature",
      "geometry": {
        "type": "Point",
        "coordinates": [
          1.9607627243169414,
          41.26400799344286
        ]
      },
      "properties": {
        "date": "2025-01-09"
      }
    },
    {
      "type": "Feature",
      "geometry": {
        "type": "Point",
        "coordinates": [
          1.9607857978142094,
          41.26400799344286
        ]
      },
      "properties": {
        "date": "2025-01-09"
      }
    },
    {
      "type": "Feature",
      "geometry": {
        "type": "Point",
        "coordinates": [
          1.960808871311477,
          41.26400799344286
        ]
      },
      "properties": {
        "date": "2025-01-09"
      }
    },
    {
      "type": "Feature",
      "geometry": {
        "type": "Point",
        "coordinates": [
          1.9608319448087448,
          41.26400799344286
        ]
      },
      "properties": {
        "date": "2025-01-09"
      }
    },
    {
      "type": "Feature",
      "geometry": {
        "type": "Point",
        "coordinates": [
          1.9608550183060125,
          41.26400799344286
        ]
      },
      "properties": {
        "date": "2025-01-09"
      }
    },
    {
      "type": "Feature",
      "geometry": {
        "type": "Point",
        "coordinates": [
          1.9608780918032802,
          41.26400799344286
        ]
      },
      "properties": {
        "date": "2025-01-09"
      }
    },
    {
      "type": "Feature",
      "geometry": {
        "type": "Point",
        "coordinates": [
          1.9609011653005481,
          41.26400799344286
        ]
      },
      "properties": {
        "date": "2025-01-09"
      }
    },
    {
      "type": "Feature",
      "geometry": {
        "type": "Point",
        "coordinates": [
          1.9609242387978159,
          41.26400799344286
        ]
      },
      "properties": {
        "date": "2025-01-09"
      }
    },
    {
      "type": "Feature",
      "geometry": {
        "type": "Point",
        "coordinates": [
          1.9609473122950836,
          41.26400799344286
        ]
      },
      "properties": {
        "date": "2025-01-09"
      }
    },
    {
      "type": "Feature",
      "geometry": {
        "type": "Point",
        "coordinates": [
          1.9609703857923513,
          41.26400799344286
        ]
      },
      "properties": {
        "date": "2025-01-09"
      }
    },
    {
      "type": "Feature",
      "geometry": {
        "type": "Point",
        "coordinates": [
          1.9609934592896192,
          41.26400799344286
        ]
      },
      "properties": {
        "date": "2025-01-09"
      }
    },
    {
      "type": "Feature",
      "geometry": {
        "type": "Point",
        "coordinates": [
          1.961016532786887,
          41.26400799344286
        ]
      },
      "properties": {
        "date": "2025-01-09"
      }
    },
    {
      "type": "Feature",
      "geometry": {
        "type": "Point",
        "coordinates": [
          1.9610396062841546,
          41.26400799344286
        ]
      },
      "properties": {
        "date": "2025-01-09"
      }
    },
    {
      "type": "Feature",
      "geometry": {
        "type": "Point",
        "coordinates": [
          1.9610626797814223,
          41.26400799344286
        ]
      },
      "properties": {
        "date": "2025-01-09"
      }
    },
    {
      "type": "Feature",
      "geometry": {
        "type": "Point",
        "coordinates": [
          1.96108575327869,
          41.26400799344286
        ]
      },
      "properties": {
        "date": "2025-01-09"
      }
    },
    {
      "type": "Feature",
      "geometry": {
        "type": "Point",
        "coordinates": [
          1.961108826775958,
          41.26400799344286
        ]
      },
      "properties": {
        "date": "2025-01-09"
      }
    },
    {
      "type": "Feature",
      "geometry": {
        "type": "Point",
        "coordinates": [
          1.9611319002732257,
          41.26400799344286
        ]
      },
      "properties": {
        "date": "2025-01-09"
      }
    },
    {
      "type": "Feature",
      "geometry": {
        "type": "Point",
        "coordinates": [
          1.9611549737704934,
          41.26400799344286
        ]
      },
      "properties": {
        "date": "2025-01-09"
      }
    },
    {
      "type": "Feature",
      "geometry": {
        "type": "Point",
        "coordinates": [
          1.9611780472677611,
          41.26400799344286
        ]
      },
      "properties": {
        "date": "2025-01-09"
      }
    },
    {
      "type": "Feature",
      "geometry": {
        "type": "Point",
        "coordinates": [
          1.961201120765029,
          41.26400799344286
        ]
      },
      "properties": {
        "date": "2025-01-09"
      }
    },
    {
      "type": "Feature",
      "geometry": {
        "type": "Point",
        "coordinates": [
          1.9612241942622968,
          41.26400799344286
        ]
      },
      "properties": {
        "date": "2025-01-09"
      }
    },
    {
      "type": "Feature",
      "geometry": {
        "type": "Point",
        "coordinates": [
          1.9612472677595645,
          41.26400799344286
        ]
      },
      "properties": {
        "date": "2025-01-09"
      }
    },
    {
      "type": "Feature",
      "geometry": {
        "type": "Point",
        "coordinates": [
          1.9612703412568322,
          41.26400799344286
        ]
      },
      "properties": {
        "date": "2025-01-09"
      }
    },
    {
      "type": "Feature",
      "geometry": {
        "type": "Point",
        "coordinates": [
          1.9612934147541,
          41.26400799344286
        ]
      },
      "properties": {
        "date": "2025-01-09"
      }
    },
    {
      "type": "Feature",
      "geometry": {
        "type": "Point",
        "coordinates": [
          1.9613164882513678,
          41.26400799344286
        ]
      },
      "properties": {
        "date": "2025-01-09"
      }
    },
    {
      "type": "Feature",
      "geometry": {
        "type": "Point",
        "coordinates": [
          1.9613395617486356,
          41.26400799344286
        ]
      },
      "properties": {
        "date": "2025-01-09"
      }
    },
    {
      "type": "Feature",
      "geometry": {
        "type": "Point",
        "coordinates": [
          1.9613626352459033,
          41.26400799344286
        ]
      },
      "properties": {
        "date": "2025-01-09"
      }
    },
    {
      "type": "Feature",
      "geometry": {
        "type": "Point",
        "coordinates": [
          1.961385708743171,
          41.26400799344286
        ]
      },
      "properties": {
        "date": "2025-01-09"
      }
    },
    {
      "type": "Feature",
      "geometry": {
        "type": "Point",
        "coordinates": [
          1.9614087822404387,
          41.26400799344286
        ]
      },
      "properties": {
        "date": "2025-01-09"
      }
    },
    {
      "type": "Feature",
      "geometry": {
        "type": "Point",
        "coordinates": [
          1.9614318557377066,
          41.26400799344286
        ]
      },
      "properties": {
        "date": "2025-01-09"
      }
    },
    {
      "type": "Feature",
      "geometry": {
        "type": "Point",
        "coordinates": [
          1.9614549292349743,
          41.26400799344286
        ]
      },
      "properties": {
        "date": "2025-01-09"
      }
    },
    {
      "type": "Feature",
      "geometry": {
        "type": "Point",
        "coordinates": [
          1.961478002732242,
          41.26400799344286
        ]
      },
      "properties": {
        "date": "2025-01-09"
      }
    },
    {
      "type": "Feature",
      "geometry": {
        "type": "Point",
        "coordinates": [
          1.9615010762295098,
          41.26400799344286
        ]
      },
      "properties": {
        "date": "2025-01-09"
      }
    },
    {
      "type": "Feature",
      "geometry": {
        "type": "Point",
        "coordinates": [
          1.9615241497267777,
          41.26400799344286
        ]
      },
      "properties": {
        "date": "2025-01-09"
      }
    },
    {
      "type": "Feature",
      "geometry": {
        "type": "Point",
        "coordinates": [
          1.9615472232240454,
          41.26400799344286
        ]
      },
      "properties": {
        "date": "2025-01-09"
      }
    },
    {
      "type": "Feature",
      "geometry": {
        "type": "Point",
        "coordinates": [
          1.9615702967213131,
          41.26400799344286
        ]
      },
      "properties": {
        "date": "2025-01-09"
      }
    },
    {
      "type": "Feature",
      "geometry": {
        "type": "Point",
        "coordinates": [
          1.9615933702185808,
          41.26400799344286
        ]
      },
      "properties": {
        "date": "2025-01-09"
      }
    },
    {
      "type": "Feature",
      "geometry": {
        "type": "Point",
        "coordinates": [
          1.9616164437158485,
          41.26400799344286
        ]
      },
      "properties": {
        "date": "2025-01-09"
      }
    },
    {
      "type": "Feature",
      "geometry": {
        "type": "Point",
        "coordinates": [
          1.9616395172131165,
          41.26400799344286
        ]
      },
      "properties": {
        "date": "2025-01-09"
      }
    },
    {
      "type": "Feature",
      "geometry": {
        "type": "Point",
        "coordinates": [
          1.9616625907103842,
          41.26400799344286
        ]
      },
      "properties": {
        "date": "2025-01-09"
      }
    },
    {
      "type": "Feature",
      "geometry": {
        "type": "Point",
        "coordinates": [
          1.961685664207652,
          41.26400799344286
        ]
      },
      "properties": {
        "date": "2025-01-09"
      }
    },
    {
      "type": "Feature",
      "geometry": {
        "type": "Point",
        "coordinates": [
          1.9617087377049196,
          41.26400799344286
        ]
      },
      "properties": {
        "date": "2025-01-09"
      }
    },
    {
      "type": "Feature",
      "geometry": {
        "type": "Point",
        "coordinates": [
          1.9617318112021873,
          41.26400799344286
        ]
      },
      "properties": {
        "date": "2025-01-09"
      }
    },
    {
      "type": "Feature",
      "geometry": {
        "type": "Point",
        "coordinates": [
          1.9617548846994552,
          41.26400799344286
        ]
      },
      "properties": {
        "date": "2025-01-09"
      }
    },
    {
      "type": "Feature",
      "geometry": {
        "type": "Point",
        "coordinates": [
          1.965792746721313,
          41.26400799344286
        ]
      },
      "properties": {
        "date": "2025-01-09"
      }
    },
    {
      "type": "Feature",
      "geometry": {
        "type": "Point",
        "coordinates": [
          1.965815820218581,
          41.26400799344286
        ]
      },
      "properties": {
        "date": "2025-01-09"
      }
    },
    {
      "type": "Feature",
      "geometry": {
        "type": "Point",
        "coordinates": [
          1.9658388937158486,
          41.26400799344286
        ]
      },
      "properties": {
        "date": "2025-01-09"
      }
    },
    {
      "type": "Feature",
      "geometry": {
        "type": "Point",
        "coordinates": [
          1.9658619672131163,
          41.26400799344286
        ]
      },
      "properties": {
        "date": "2025-01-09"
      }
    },
    {
      "type": "Feature",
      "geometry": {
        "type": "Point",
        "coordinates": [
          1.965885040710384,
          41.26400799344286
        ]
      },
      "properties": {
        "date": "2025-01-09"
      }
    },
    {
      "type": "Feature",
      "geometry": {
        "type": "Point",
        "coordinates": [
          1.9659081142076518,
          41.26400799344286
        ]
      },
      "properties": {
        "date": "2025-01-09"
      }
    },
    {
      "type": "Feature",
      "geometry": {
        "type": "Point",
        "coordinates": [
          1.9659311877049197,
          41.26400799344286
        ]
      },
      "properties": {
        "date": "2025-01-09"
      }
    },
    {
      "type": "Feature",
      "geometry": {
        "type": "Point",
        "coordinates": [
          1.9666233926229524,
          41.26400799344286
        ]
      },
      "properties": {
        "date": "2025-01-09"
      }
    },
    {
      "type": "Feature",
      "geometry": {
        "type": "Point",
        "coordinates": [
          1.96664646612022,
          41.26400799344286
        ]
      },
      "properties": {
        "date": "2025-01-09"
      }
    },
    {
      "type": "Feature",
      "geometry": {
        "type": "Point",
        "coordinates": [
          1.966669539617488,
          41.26400799344286
        ]
      },
      "properties": {
        "date": "2025-01-09"
      }
    },
    {
      "type": "Feature",
      "geometry": {
        "type": "Point",
        "coordinates": [
          1.9666926131147557,
          41.26400799344286
        ]
      },
      "properties": {
        "date": "2025-01-09"
      }
    },
    {
      "type": "Feature",
      "geometry": {
        "type": "Point",
        "coordinates": [
          1.9667156866120235,
          41.26400799344286
        ]
      },
      "properties": {
        "date": "2025-01-09"
      }
    },
    {
      "type": "Feature",
      "geometry": {
        "type": "Point",
        "coordinates": [
          1.9667387601092912,
          41.26400799344286
        ]
      },
      "properties": {
        "date": "2025-01-09"
      }
    },
    {
      "type": "Feature",
      "geometry": {
        "type": "Point",
        "coordinates": [
          1.9667618336065589,
          41.26400799344286
        ]
      },
      "properties": {
        "date": "2025-01-09"
      }
    },
    {
      "type": "Feature",
      "geometry": {
        "type": "Point",
        "coordinates": [
          1.9667849071038268,
          41.26400799344286
        ]
      },
      "properties": {
        "date": "2025-01-09"
      }
    },
    {
      "type": "Feature",
      "geometry": {
        "type": "Point",
        "coordinates": [
          1.9668079806010945,
          41.26400799344286
        ]
      },
      "properties": {
        "date": "2025-01-09"
      }
    },
    {
      "type": "Feature",
      "geometry": {
        "type": "Point",
        "coordinates": [
          1.9668310540983622,
          41.26400799344286
        ]
      },
      "properties": {
        "date": "2025-01-09"
      }
    },
    {
      "type": "Feature",
      "geometry": {
        "type": "Point",
        "coordinates": [
          1.96685412759563,
          41.26400799344286
        ]
      },
      "properties": {
        "date": "2025-01-09"
      }
    },
    {
      "type": "Feature",
      "geometry": {
        "type": "Point",
        "coordinates": [
          1.9668772010928979,
          41.26400799344286
        ]
      },
      "properties": {
        "date": "2025-01-09"
      }
    },
    {
      "type": "Feature",
      "geometry": {
        "type": "Point",
        "coordinates": [
          1.9669002745901656,
          41.26400799344286
        ]
      },
      "properties": {
        "date": "2025-01-09"
      }
    },
    {
      "type": "Feature",
      "geometry": {
        "type": "Point",
        "coordinates": [
          1.9669233480874333,
          41.26400799344286
        ]
      },
      "properties": {
        "date": "2025-01-09"
      }
    },
    {
      "type": "Feature",
      "geometry": {
        "type": "Point",
        "coordinates": [
          1.966946421584701,
          41.26400799344286
        ]
      },
      "properties": {
        "date": "2025-01-09"
      }
    },
    {
      "type": "Feature",
      "geometry": {
        "type": "Point",
        "coordinates": [
          1.9669694950819687,
          41.26400799344286
        ]
      },
      "properties": {
        "date": "2025-01-09"
      }
    },
    {
      "type": "Feature",
      "geometry": {
        "type": "Point",
        "coordinates": [
          1.9669925685792367,
          41.26400799344286
        ]
      },
      "properties": {
        "date": "2025-01-09"
      }
    },
    {
      "type": "Feature",
      "geometry": {
        "type": "Point",
        "coordinates": [
          1.9670156420765044,
          41.26400799344286
        ]
      },
      "properties": {
        "date": "2025-01-09"
      }
    },
    {
      "type": "Feature",
      "geometry": {
        "type": "Point",
        "coordinates": [
          1.967038715573772,
          41.26400799344286
        ]
      },
      "properties": {
        "date": "2025-01-09"
      }
    },
    {
      "type": "Feature",
      "geometry": {
        "type": "Point",
        "coordinates": [
          1.9670617890710398,
          41.26400799344286
        ]
      },
      "properties": {
        "date": "2025-01-09"
      }
    },
    {
      "type": "Feature",
      "geometry": {
        "type": "Point",
        "coordinates": [
          1.9670848625683075,
          41.26400799344286
        ]
      },
      "properties": {
        "date": "2025-01-09"
      }
    },
    {
      "type": "Feature",
      "geometry": {
        "type": "Point",
        "coordinates": [
          1.9671079360655754,
          41.26400799344286
        ]
      },
      "properties": {
        "date": "2025-01-09"
      }
    },
    {
      "type": "Feature",
      "geometry": {
        "type": "Point",
        "coordinates": [
          1.9671310095628431,
          41.26400799344286
        ]
      },
      "properties": {
        "date": "2025-01-09"
      }
    },
    {
      "type": "Feature",
      "geometry": {
        "type": "Point",
        "coordinates": [
          1.9671540830601109,
          41.26400799344286
        ]
      },
      "properties": {
        "date": "2025-01-09"
      }
    },
    {
      "type": "Feature",
      "geometry": {
        "type": "Point",
        "coordinates": [
          1.9671771565573786,
          41.26400799344286
        ]
      },
      "properties": {
        "date": "2025-01-09"
      }
    },
    {
      "type": "Feature",
      "geometry": {
        "type": "Point",
        "coordinates": [
          1.9672002300546465,
          41.26400799344286
        ]
      },
      "properties": {
        "date": "2025-01-09"
      }
    },
    {
      "type": "Feature",
      "geometry": {
        "type": "Point",
        "coordinates": [
          1.9672233035519142,
          41.26400799344286
        ]
      },
      "properties": {
        "date": "2025-01-09"
      }
    },
    {
      "type": "Feature",
      "geometry": {
        "type": "Point",
        "coordinates": [
          1.967246377049182,
          41.26400799344286
        ]
      },
      "properties": {
        "date": "2025-01-09"
      }
    },
    {
      "type": "Feature",
      "geometry": {
        "type": "Point",
        "coordinates": [
          1.9672694505464496,
          41.26400799344286
        ]
      },
      "properties": {
        "date": "2025-01-09"
      }
    },
    {
      "type": "Feature",
      "geometry": {
        "type": "Point",
        "coordinates": [
          1.9672925240437173,
          41.26400799344286
        ]
      },
      "properties": {
        "date": "2025-01-09"
      }
    },
    {
      "type": "Feature",
      "geometry": {
        "type": "Point",
        "coordinates": [
          1.9673155975409853,
          41.26400799344286
        ]
      },
      "properties": {
        "date": "2025-01-09"
      }
    },
    {
      "type": "Feature",
      "geometry": {
        "type": "Point",
        "coordinates": [
          1.967338671038253,
          41.26400799344286
        ]
      },
      "properties": {
        "date": "2025-01-09"
      }
    },
    {
      "type": "Feature",
      "geometry": {
        "type": "Point",
        "coordinates": [
          1.9673617445355207,
          41.26400799344286
        ]
      },
      "properties": {
        "date": "2025-01-09"
      }
    },
    {
      "type": "Feature",
      "geometry": {
        "type": "Point",
        "coordinates": [
          1.9673848180327884,
          41.26400799344286
        ]
      },
      "properties": {
        "date": "2025-01-09"
      }
    },
    {
      "type": "Feature",
      "geometry": {
        "type": "Point",
        "coordinates": [
          1.9674078915300561,
          41.26400799344286
        ]
      },
      "properties": {
        "date": "2025-01-09"
      }
    },
    {
      "type": "Feature",
      "geometry": {
        "type": "Point",
        "coordinates": [
          1.967430965027324,
          41.26400799344286
        ]
      },
      "properties": {
        "date": "2025-01-09"
      }
    },
    {
      "type": "Feature",
      "geometry": {
        "type": "Point",
        "coordinates": [
          1.9674540385245918,
          41.26400799344286
        ]
      },
      "properties": {
        "date": "2025-01-09"
      }
    },
    {
      "type": "Feature",
      "geometry": {
        "type": "Point",
        "coordinates": [
          1.9674771120218595,
          41.26400799344286
        ]
      },
      "properties": {
        "date": "2025-01-09"
      }
    },
    {
      "type": "Feature",
      "geometry": {
        "type": "Point",
        "coordinates": [
          1.9675001855191272,
          41.26400799344286
        ]
      },
      "properties": {
        "date": "2025-01-09"
      }
    },
    {
      "type": "Feature",
      "geometry": {
        "type": "Point",
        "coordinates": [
          1.9675232590163951,
          41.26400799344286
        ]
      },
      "properties": {
        "date": "2025-01-09"
      }
    },
    {
      "type": "Feature",
      "geometry": {
        "type": "Point",
        "coordinates": [
          1.9675463325136628,
          41.26400799344286
        ]
      },
      "properties": {
        "date": "2025-01-09"
      }
    },
    {
      "type": "Feature",
      "geometry": {
        "type": "Point",
        "coordinates": [
          1.9675694060109306,
          41.26400799344286
        ]
      },
      "properties": {
        "date": "2025-01-09"
      }
    },
    {
      "type": "Feature",
      "geometry": {
        "type": "Point",
        "coordinates": [
          1.9675924795081983,
          41.26400799344286
        ]
      },
      "properties": {
        "date": "2025-01-09"
      }
    },
    {
      "type": "Feature",
      "geometry": {
        "type": "Point",
        "coordinates": [
          1.967615553005466,
          41.26400799344286
        ]
      },
      "properties": {
        "date": "2025-01-09"
      }
    },
    {
      "type": "Feature",
      "geometry": {
        "type": "Point",
        "coordinates": [
          1.967638626502734,
          41.26400799344286
        ]
      },
      "properties": {
        "date": "2025-01-09"
      }
    },
    {
      "type": "Feature",
      "geometry": {
        "type": "Point",
        "coordinates": [
          1.9676617000000016,
          41.26400799344286
        ]
      },
      "properties": {
        "date": "2025-01-09"
      }
    },
    {
      "type": "Feature",
      "geometry": {
        "type": "Point",
        "coordinates": [
          1.9676847734972693,
          41.26400799344286
        ]
      },
      "properties": {
        "date": "2025-01-09"
      }
    },
    {
      "type": "Feature",
      "geometry": {
        "type": "Point",
        "coordinates": [
          1.967707846994537,
          41.26400799344286
        ]
      },
      "properties": {
        "date": "2025-01-09"
      }
    },
    {
      "type": "Feature",
      "geometry": {
        "type": "Point",
        "coordinates": [
          1.967730920491805,
          41.26400799344286
        ]
      },
      "properties": {
        "date": "2025-01-09"
      }
    },
    {
      "type": "Feature",
      "geometry": {
        "type": "Point",
        "coordinates": [
          1.9677539939890727,
          41.26400799344286
        ]
      },
      "properties": {
        "date": "2025-01-09"
      }
    },
    {
      "type": "Feature",
      "geometry": {
        "type": "Point",
        "coordinates": [
          1.9677770674863404,
          41.26400799344286
        ]
      },
      "properties": {
        "date": "2025-01-09"
      }
    },
    {
      "type": "Feature",
      "geometry": {
        "type": "Point",
        "coordinates": [
          1.9678001409836081,
          41.26400799344286
        ]
      },
      "properties": {
        "date": "2025-01-09"
      }
    },
    {
      "type": "Feature",
      "geometry": {
        "type": "Point",
        "coordinates": [
          1.9678232144808758,
          41.26400799344286
        ]
      },
      "properties": {
        "date": "2025-01-09"
      }
    },
    {
      "type": "Feature",
      "geometry": {
        "type": "Point",
        "coordinates": [
          1.9678462879781438,
          41.26400799344286
        ]
      },
      "properties": {
        "date": "2025-01-09"
      }
    },
    {
      "type": "Feature",
      "geometry": {
        "type": "Point",
        "coordinates": [
          1.9678693614754115,
          41.26400799344286
        ]
      },
      "properties": {
        "date": "2025-01-09"
      }
    },
    {
      "type": "Feature",
      "geometry": {
        "type": "Point",
        "coordinates": [
          1.9678924349726792,
          41.26400799344286
        ]
      },
      "properties": {
        "date": "2025-01-09"
      }
    },
    {
      "type": "Feature",
      "geometry": {
        "type": "Point",
        "coordinates": [
          1.967915508469947,
          41.26400799344286
        ]
      },
      "properties": {
        "date": "2025-01-09"
      }
    },
    {
      "type": "Feature",
      "geometry": {
        "type": "Point",
        "coordinates": [
          1.9679385819672146,
          41.26400799344286
        ]
      },
      "properties": {
        "date": "2025-01-09"
      }
    },
    {
      "type": "Feature",
      "geometry": {
        "type": "Point",
        "coordinates": [
          1.9679616554644825,
          41.26400799344286
        ]
      },
      "properties": {
        "date": "2025-01-09"
      }
    },
    {
      "type": "Feature",
      "geometry": {
        "type": "Point",
        "coordinates": [
          1.9679847289617503,
          41.26400799344286
        ]
      },
      "properties": {
        "date": "2025-01-09"
      }
    },
    {
      "type": "Feature",
      "geometry": {
        "type": "Point",
        "coordinates": [
          1.968007802459018,
          41.26400799344286
        ]
      },
      "properties": {
        "date": "2025-01-09"
      }
    },
    {
      "type": "Feature",
      "geometry": {
        "type": "Point",
        "coordinates": [
          1.9680308759562857,
          41.26400799344286
        ]
      },
      "properties": {
        "date": "2025-01-09"
      }
    },
    {
      "type": "Feature",
      "geometry": {
        "type": "Point",
        "coordinates": [
          1.9680539494535536,
          41.26400799344286
        ]
      },
      "properties": {
        "date": "2025-01-09"
      }
    },
    {
      "type": "Feature",
      "geometry": {
        "type": "Point",
        "coordinates": [
          1.9680770229508213,
          41.26400799344286
        ]
      },
      "properties": {
        "date": "2025-01-09"
      }
    },
    {
      "type": "Feature",
      "geometry": {
        "type": "Point",
        "coordinates": [
          1.968100096448089,
          41.26400799344286
        ]
      },
      "properties": {
        "date": "2025-01-09"
      }
    },
    {
      "type": "Feature",
      "geometry": {
        "type": "Point",
        "coordinates": [
          1.9681231699453567,
          41.26400799344286
        ]
      },
      "properties": {
        "date": "2025-01-09"
      }
    },
    {
      "type": "Feature",
      "geometry": {
        "type": "Point",
        "coordinates": [
          1.9681462434426245,
          41.26400799344286
        ]
      },
      "properties": {
        "date": "2025-01-09"
      }
    },
    {
      "type": "Feature",
      "geometry": {
        "type": "Point",
        "coordinates": [
          1.9681693169398924,
          41.26400799344286
        ]
      },
      "properties": {
        "date": "2025-01-09"
      }
    },
    {
      "type": "Feature",
      "geometry": {
        "type": "Point",
        "coordinates": [
          1.96819239043716,
          41.26400799344286
        ]
      },
      "properties": {
        "date": "2025-01-09"
      }
    },
    {
      "type": "Feature",
      "geometry": {
        "type": "Point",
        "coordinates": [
          1.9682154639344278,
          41.26400799344286
        ]
      },
      "properties": {
        "date": "2025-01-09"
      }
    },
    {
      "type": "Feature",
      "geometry": {
        "type": "Point",
        "coordinates": [
          1.9682385374316955,
          41.26400799344286
        ]
      },
      "properties": {
        "date": "2025-01-09"
      }
    },
    {
      "type": "Feature",
      "geometry": {
        "type": "Point",
        "coordinates": [
          1.9682616109289632,
          41.26400799344286
        ]
      },
      "properties": {
        "date": "2025-01-09"
      }
    },
    {
      "type": "Feature",
      "geometry": {
        "type": "Point",
        "coordinates": [
          1.9682846844262312,
          41.26400799344286
        ]
      },
      "properties": {
        "date": "2025-01-09"
      }
    },
    {
      "type": "Feature",
      "geometry": {
        "type": "Point",
        "coordinates": [
          1.9683077579234989,
          41.26400799344286
        ]
      },
      "properties": {
        "date": "2025-01-09"
      }
    },
    {
      "type": "Feature",
      "geometry": {
        "type": "Point",
        "coordinates": [
          1.9683308314207666,
          41.26400799344286
        ]
      },
      "properties": {
        "date": "2025-01-09"
      }
    },
    {
      "type": "Feature",
      "geometry": {
        "type": "Point",
        "coordinates": [
          1.9683539049180343,
          41.26400799344286
        ]
      },
      "properties": {
        "date": "2025-01-09"
      }
    },
    {
      "type": "Feature",
      "geometry": {
        "type": "Point",
        "coordinates": [
          1.9683769784153022,
          41.26400799344286
        ]
      },
      "properties": {
        "date": "2025-01-09"
      }
    },
    {
      "type": "Feature",
      "geometry": {
        "type": "Point",
        "coordinates": [
          1.96840005191257,
          41.26400799344286
        ]
      },
      "properties": {
        "date": "2025-01-09"
      }
    },
    {
      "type": "Feature",
      "geometry": {
        "type": "Point",
        "coordinates": [
          1.9684231254098377,
          41.26400799344286
        ]
      },
      "properties": {
        "date": "2025-01-09"
      }
    },
    {
      "type": "Feature",
      "geometry": {
        "type": "Point",
        "coordinates": [
          1.9684461989071054,
          41.26400799344286
        ]
      },
      "properties": {
        "date": "2025-01-09"
      }
    },
    {
      "type": "Feature",
      "geometry": {
        "type": "Point",
        "coordinates": [
          1.968469272404373,
          41.26400799344286
        ]
      },
      "properties": {
        "date": "2025-01-09"
      }
    },
    {
      "type": "Feature",
      "geometry": {
        "type": "Point",
        "coordinates": [
          1.968492345901641,
          41.26400799344286
        ]
      },
      "properties": {
        "date": "2025-01-09"
      }
    },
    {
      "type": "Feature",
      "geometry": {
        "type": "Point",
        "coordinates": [
          1.9685154193989087,
          41.26400799344286
        ]
      },
      "properties": {
        "date": "2025-01-09"
      }
    },
    {
      "type": "Feature",
      "geometry": {
        "type": "Point",
        "coordinates": [
          1.9685384928961764,
          41.26400799344286
        ]
      },
      "properties": {
        "date": "2025-01-09"
      }
    },
    {
      "type": "Feature",
      "geometry": {
        "type": "Point",
        "coordinates": [
          1.9685615663934442,
          41.26400799344286
        ]
      },
      "properties": {
        "date": "2025-01-09"
      }
    },
    {
      "type": "Feature",
      "geometry": {
        "type": "Point",
        "coordinates": [
          1.9685846398907119,
          41.26400799344286
        ]
      },
      "properties": {
        "date": "2025-01-09"
      }
    },
    {
      "type": "Feature",
      "geometry": {
        "type": "Point",
        "coordinates": [
          1.9686077133879798,
          41.26400799344286
        ]
      },
      "properties": {
        "date": "2025-01-09"
      }
    },
    {
      "type": "Feature",
      "geometry": {
        "type": "Point",
        "coordinates": [
          1.9686307868852475,
          41.26400799344286
        ]
      },
      "properties": {
        "date": "2025-01-09"
      }
    },
    {
      "type": "Feature",
      "geometry": {
        "type": "Point",
        "coordinates": [
          1.9686538603825152,
          41.26400799344286
        ]
      },
      "properties": {
        "date": "2025-01-09"
      }
    },
    {
      "type": "Feature",
      "geometry": {
        "type": "Point",
        "coordinates": [
          1.968676933879783,
          41.26400799344286
        ]
      },
      "properties": {
        "date": "2025-01-09"
      }
    },
    {
      "type": "Feature",
      "geometry": {
        "type": "Point",
        "coordinates": [
          1.9687000073770509,
          41.26400799344286
        ]
      },
      "properties": {
        "date": "2025-01-09"
      }
    },
    {
      "type": "Feature",
      "geometry": {
        "type": "Point",
        "coordinates": [
          1.9687230808743186,
          41.26400799344286
        ]
      },
      "properties": {
        "date": "2025-01-09"
      }
    },
    {
      "type": "Feature",
      "geometry": {
        "type": "Point",
        "coordinates": [
          1.9687461543715863,
          41.26400799344286
        ]
      },
      "properties": {
        "date": "2025-01-09"
      }
    },
    {
      "type": "Feature",
      "geometry": {
        "type": "Point",
        "coordinates": [
          1.968769227868854,
          41.26400799344286
        ]
      },
      "properties": {
        "date": "2025-01-09"
      }
    },
    {
      "type": "Feature",
      "geometry": {
        "type": "Point",
        "coordinates": [
          1.9687923013661217,
          41.26400799344286
        ]
      },
      "properties": {
        "date": "2025-01-09"
      }
    },
    {
      "type": "Feature",
      "geometry": {
        "type": "Point",
        "coordinates": [
          1.9688153748633896,
          41.26400799344286
        ]
      },
      "properties": {
        "date": "2025-01-09"
      }
    },
    {
      "type": "Feature",
      "geometry": {
        "type": "Point",
        "coordinates": [
          1.9688384483606574,
          41.26400799344286
        ]
      },
      "properties": {
        "date": "2025-01-09"
      }
    },
    {
      "type": "Feature",
      "geometry": {
        "type": "Point",
        "coordinates": [
          1.968861521857925,
          41.26400799344286
        ]
      },
      "properties": {
        "date": "2025-01-09"
      }
    },
    {
      "type": "Feature",
      "geometry": {
        "type": "Point",
        "coordinates": [
          1.9688845953551928,
          41.26400799344286
        ]
      },
      "properties": {
        "date": "2025-01-09"
      }
    },
    {
      "type": "Feature",
      "geometry": {
        "type": "Point",
        "coordinates": [
          1.9689076688524607,
          41.26400799344286
        ]
      },
      "properties": {
        "date": "2025-01-09"
      }
    },
    {
      "type": "Feature",
      "geometry": {
        "type": "Point",
        "coordinates": [
          1.9689307423497284,
          41.26400799344286
        ]
      },
      "properties": {
        "date": "2025-01-09"
      }
    },
    {
      "type": "Feature",
      "geometry": {
        "type": "Point",
        "coordinates": [
          1.9689538158469961,
          41.26400799344286
        ]
      },
      "properties": {
        "date": "2025-01-09"
      }
    },
    {
      "type": "Feature",
      "geometry": {
        "type": "Point",
        "coordinates": [
          1.9689768893442638,
          41.26400799344286
        ]
      },
      "properties": {
        "date": "2025-01-09"
      }
    },
    {
      "type": "Feature",
      "geometry": {
        "type": "Point",
        "coordinates": [
          1.9689999628415316,
          41.26400799344286
        ]
      },
      "properties": {
        "date": "2025-01-09"
      }
    },
    {
      "type": "Feature",
      "geometry": {
        "type": "Point",
        "coordinates": [
          1.9690230363387995,
          41.26400799344286
        ]
      },
      "properties": {
        "date": "2025-01-09"
      }
    },
    {
      "type": "Feature",
      "geometry": {
        "type": "Point",
        "coordinates": [
          1.9690461098360672,
          41.26400799344286
        ]
      },
      "properties": {
        "date": "2025-01-09"
      }
    },
    {
      "type": "Feature",
      "geometry": {
        "type": "Point",
        "coordinates": [
          1.969069183333335,
          41.26400799344286
        ]
      },
      "properties": {
        "date": "2025-01-09"
      }
    },
    {
      "type": "Feature",
      "geometry": {
        "type": "Point",
        "coordinates": [
          1.9690922568306026,
          41.26400799344286
        ]
      },
      "properties": {
        "date": "2025-01-09"
      }
    },
    {
      "type": "Feature",
      "geometry": {
        "type": "Point",
        "coordinates": [
          1.9691153303278703,
          41.26400799344286
        ]
      },
      "properties": {
        "date": "2025-01-09"
      }
    },
    {
      "type": "Feature",
      "geometry": {
        "type": "Point",
        "coordinates": [
          1.9691384038251383,
          41.26400799344286
        ]
      },
      "properties": {
        "date": "2025-01-09"
      }
    },
    {
      "type": "Feature",
      "geometry": {
        "type": "Point",
        "coordinates": [
          1.969161477322406,
          41.26400799344286
        ]
      },
      "properties": {
        "date": "2025-01-09"
      }
    },
    {
      "type": "Feature",
      "geometry": {
        "type": "Point",
        "coordinates": [
          1.9691845508196737,
          41.26400799344286
        ]
      },
      "properties": {
        "date": "2025-01-09"
      }
    },
    {
      "type": "Feature",
      "geometry": {
        "type": "Point",
        "coordinates": [
          1.9692076243169414,
          41.26400799344286
        ]
      },
      "properties": {
        "date": "2025-01-09"
      }
    },
    {
      "type": "Feature",
      "geometry": {
        "type": "Point",
        "coordinates": [
          1.9692306978142093,
          41.26400799344286
        ]
      },
      "properties": {
        "date": "2025-01-09"
      }
    },
    {
      "type": "Feature",
      "geometry": {
        "type": "Point",
        "coordinates": [
          1.969253771311477,
          41.26400799344286
        ]
      },
      "properties": {
        "date": "2025-01-09"
      }
    },
    {
      "type": "Feature",
      "geometry": {
        "type": "Point",
        "coordinates": [
          1.9692768448087448,
          41.26400799344286
        ]
      },
      "properties": {
        "date": "2025-01-09"
      }
    },
    {
      "type": "Feature",
      "geometry": {
        "type": "Point",
        "coordinates": [
          1.9692999183060125,
          41.26400799344286
        ]
      },
      "properties": {
        "date": "2025-01-09"
      }
    },
    {
      "type": "Feature",
      "geometry": {
        "type": "Point",
        "coordinates": [
          1.9693229918032802,
          41.26400799344286
        ]
      },
      "properties": {
        "date": "2025-01-09"
      }
    },
    {
      "type": "Feature",
      "geometry": {
        "type": "Point",
        "coordinates": [
          1.9693460653005481,
          41.26400799344286
        ]
      },
      "properties": {
        "date": "2025-01-09"
      }
    },
    {
      "type": "Feature",
      "geometry": {
        "type": "Point",
        "coordinates": [
          1.9693691387978158,
          41.26400799344286
        ]
      },
      "properties": {
        "date": "2025-01-09"
      }
    },
    {
      "type": "Feature",
      "geometry": {
        "type": "Point",
        "coordinates": [
          1.9693922122950835,
          41.26400799344286
        ]
      },
      "properties": {
        "date": "2025-01-09"
      }
    },
    {
      "type": "Feature",
      "geometry": {
        "type": "Point",
        "coordinates": [
          1.9694152857923513,
          41.26400799344286
        ]
      },
      "properties": {
        "date": "2025-01-09"
      }
    },
    {
      "type": "Feature",
      "geometry": {
        "type": "Point",
        "coordinates": [
          1.969438359289619,
          41.26400799344286
        ]
      },
      "properties": {
        "date": "2025-01-09"
      }
    },
    {
      "type": "Feature",
      "geometry": {
        "type": "Point",
        "coordinates": [
          1.969461432786887,
          41.26400799344286
        ]
      },
      "properties": {
        "date": "2025-01-09"
      }
    },
    {
      "type": "Feature",
      "geometry": {
        "type": "Point",
        "coordinates": [
          1.9694845062841546,
          41.26400799344286
        ]
      },
      "properties": {
        "date": "2025-01-09"
      }
    },
    {
      "type": "Feature",
      "geometry": {
        "type": "Point",
        "coordinates": [
          1.9699921232240454,
          41.26400799344286
        ]
      },
      "properties": {
        "date": "2025-01-09"
      }
    },
    {
      "type": "Feature",
      "geometry": {
        "type": "Point",
        "coordinates": [
          1.970315152185794,
          41.26400799344286
        ]
      },
      "properties": {
        "date": "2025-01-09"
      }
    },
    {
      "type": "Feature",
      "geometry": {
        "type": "Point",
        "coordinates": [
          1.9704535931694005,
          41.26400799344286
        ]
      },
      "properties": {
        "date": "2025-01-09"
      }
    },
    {
      "type": "Feature",
      "geometry": {
        "type": "Point",
        "coordinates": [
          1.970684328142078,
          41.26400799344286
        ]
      },
      "properties": {
        "date": "2025-01-09"
      }
    },
    {
      "type": "Feature",
      "geometry": {
        "type": "Point",
        "coordinates": [
          1.9505180915300564,
          41.26394808843375
        ]
      },
      "properties": {
        "date": "2025-01-09"
      }
    },
    {
      "type": "Feature",
      "geometry": {
        "type": "Point",
        "coordinates": [
          1.950541165027324,
          41.26394808843375
        ]
      },
      "properties": {
        "date": "2025-01-09"
      }
    },
    {
      "type": "Feature",
      "geometry": {
        "type": "Point",
        "coordinates": [
          1.9505642385245918,
          41.26394808843375
        ]
      },
      "properties": {
        "date": "2025-01-09"
      }
    },
    {
      "type": "Feature",
      "geometry": {
        "type": "Point",
        "coordinates": [
          1.9505873120218595,
          41.26394808843375
        ]
      },
      "properties": {
        "date": "2025-01-09"
      }
    },
    {
      "type": "Feature",
      "geometry": {
        "type": "Point",
        "coordinates": [
          1.9506103855191275,
          41.26394808843375
        ]
      },
      "properties": {
        "date": "2025-01-09"
      }
    },
    {
      "type": "Feature",
      "geometry": {
        "type": "Point",
        "coordinates": [
          1.9506334590163952,
          41.26394808843375
        ]
      },
      "properties": {
        "date": "2025-01-09"
      }
    },
    {
      "type": "Feature",
      "geometry": {
        "type": "Point",
        "coordinates": [
          1.9512333699453568,
          41.26394808843375
        ]
      },
      "properties": {
        "date": "2025-01-09"
      }
    },
    {
      "type": "Feature",
      "geometry": {
        "type": "Point",
        "coordinates": [
          1.9512564434426247,
          41.26394808843375
        ]
      },
      "properties": {
        "date": "2025-01-09"
      }
    },
    {
      "type": "Feature",
      "geometry": {
        "type": "Point",
        "coordinates": [
          1.9512795169398924,
          41.26394808843375
        ]
      },
      "properties": {
        "date": "2025-01-09"
      }
    },
    {
      "type": "Feature",
      "geometry": {
        "type": "Point",
        "coordinates": [
          1.9513025904371601,
          41.26394808843375
        ]
      },
      "properties": {
        "date": "2025-01-09"
      }
    },
    {
      "type": "Feature",
      "geometry": {
        "type": "Point",
        "coordinates": [
          1.9513256639344279,
          41.26394808843375
        ]
      },
      "properties": {
        "date": "2025-01-09"
      }
    },
    {
      "type": "Feature",
      "geometry": {
        "type": "Point",
        "coordinates": [
          1.9513487374316956,
          41.26394808843375
        ]
      },
      "properties": {
        "date": "2025-01-09"
      }
    },
    {
      "type": "Feature",
      "geometry": {
        "type": "Point",
        "coordinates": [
          1.952087089344264,
          41.26394808843375
        ]
      },
      "properties": {
        "date": "2025-01-09"
      }
    },
    {
      "type": "Feature",
      "geometry": {
        "type": "Point",
        "coordinates": [
          1.9521101628415318,
          41.26394808843375
        ]
      },
      "properties": {
        "date": "2025-01-09"
      }
    },
    {
      "type": "Feature",
      "geometry": {
        "type": "Point",
        "coordinates": [
          1.9521332363387995,
          41.26394808843375
        ]
      },
      "properties": {
        "date": "2025-01-09"
      }
    },
    {
      "type": "Feature",
      "geometry": {
        "type": "Point",
        "coordinates": [
          1.9521563098360672,
          41.26394808843375
        ]
      },
      "properties": {
        "date": "2025-01-09"
      }
    },
    {
      "type": "Feature",
      "geometry": {
        "type": "Point",
        "coordinates": [
          1.952179383333335,
          41.26394808843375
        ]
      },
      "properties": {
        "date": "2025-01-09"
      }
    },
    {
      "type": "Feature",
      "geometry": {
        "type": "Point",
        "coordinates": [
          1.9522024568306027,
          41.26394808843375
        ]
      },
      "properties": {
        "date": "2025-01-09"
      }
    },
    {
      "type": "Feature",
      "geometry": {
        "type": "Point",
        "coordinates": [
          1.9522255303278706,
          41.26394808843375
        ]
      },
      "properties": {
        "date": "2025-01-09"
      }
    },
    {
      "type": "Feature",
      "geometry": {
        "type": "Point",
        "coordinates": [
          1.9522486038251383,
          41.26394808843375
        ]
      },
      "properties": {
        "date": "2025-01-09"
      }
    },
    {
      "type": "Feature",
      "geometry": {
        "type": "Point",
        "coordinates": [
          1.952271677322406,
          41.26394808843375
        ]
      },
      "properties": {
        "date": "2025-01-09"
      }
    },
    {
      "type": "Feature",
      "geometry": {
        "type": "Point",
        "coordinates": [
          1.9522947508196737,
          41.26394808843375
        ]
      },
      "properties": {
        "date": "2025-01-09"
      }
    },
    {
      "type": "Feature",
      "geometry": {
        "type": "Point",
        "coordinates": [
          1.9523178243169417,
          41.26394808843375
        ]
      },
      "properties": {
        "date": "2025-01-09"
      }
    },
    {
      "type": "Feature",
      "geometry": {
        "type": "Point",
        "coordinates": [
          1.9523408978142094,
          41.26394808843375
        ]
      },
      "properties": {
        "date": "2025-01-09"
      }
    },
    {
      "type": "Feature",
      "geometry": {
        "type": "Point",
        "coordinates": [
          1.952363971311477,
          41.26394808843375
        ]
      },
      "properties": {
        "date": "2025-01-09"
      }
    },
    {
      "type": "Feature",
      "geometry": {
        "type": "Point",
        "coordinates": [
          1.9523870448087448,
          41.26394808843375
        ]
      },
      "properties": {
        "date": "2025-01-09"
      }
    },
    {
      "type": "Feature",
      "geometry": {
        "type": "Point",
        "coordinates": [
          1.9524101183060125,
          41.26394808843375
        ]
      },
      "properties": {
        "date": "2025-01-09"
      }
    },
    {
      "type": "Feature",
      "geometry": {
        "type": "Point",
        "coordinates": [
          1.9524331918032805,
          41.26394808843375
        ]
      },
      "properties": {
        "date": "2025-01-09"
      }
    },
    {
      "type": "Feature",
      "geometry": {
        "type": "Point",
        "coordinates": [
          1.9524562653005482,
          41.26394808843375
        ]
      },
      "properties": {
        "date": "2025-01-09"
      }
    },
    {
      "type": "Feature",
      "geometry": {
        "type": "Point",
        "coordinates": [
          1.9524793387978159,
          41.26394808843375
        ]
      },
      "properties": {
        "date": "2025-01-09"
      }
    },
    {
      "type": "Feature",
      "geometry": {
        "type": "Point",
        "coordinates": [
          1.9525024122950836,
          41.26394808843375
        ]
      },
      "properties": {
        "date": "2025-01-09"
      }
    },
    {
      "type": "Feature",
      "geometry": {
        "type": "Point",
        "coordinates": [
          1.9525254857923513,
          41.26394808843375
        ]
      },
      "properties": {
        "date": "2025-01-09"
      }
    },
    {
      "type": "Feature",
      "geometry": {
        "type": "Point",
        "coordinates": [
          1.9525485592896192,
          41.26394808843375
        ]
      },
      "properties": {
        "date": "2025-01-09"
      }
    },
    {
      "type": "Feature",
      "geometry": {
        "type": "Point",
        "coordinates": [
          1.952571632786887,
          41.26394808843375
        ]
      },
      "properties": {
        "date": "2025-01-09"
      }
    },
    {
      "type": "Feature",
      "geometry": {
        "type": "Point",
        "coordinates": [
          1.9525947062841547,
          41.26394808843375
        ]
      },
      "properties": {
        "date": "2025-01-09"
      }
    },
    {
      "type": "Feature",
      "geometry": {
        "type": "Point",
        "coordinates": [
          1.9526177797814224,
          41.26394808843375
        ]
      },
      "properties": {
        "date": "2025-01-09"
      }
    },
    {
      "type": "Feature",
      "geometry": {
        "type": "Point",
        "coordinates": [
          1.9526408532786903,
          41.26394808843375
        ]
      },
      "properties": {
        "date": "2025-01-09"
      }
    },
    {
      "type": "Feature",
      "geometry": {
        "type": "Point",
        "coordinates": [
          1.952663926775958,
          41.26394808843375
        ]
      },
      "properties": {
        "date": "2025-01-09"
      }
    },
    {
      "type": "Feature",
      "geometry": {
        "type": "Point",
        "coordinates": [
          1.9526870002732257,
          41.26394808843375
        ]
      },
      "properties": {
        "date": "2025-01-09"
      }
    },
    {
      "type": "Feature",
      "geometry": {
        "type": "Point",
        "coordinates": [
          1.9527100737704934,
          41.26394808843375
        ]
      },
      "properties": {
        "date": "2025-01-09"
      }
    },
    {
      "type": "Feature",
      "geometry": {
        "type": "Point",
        "coordinates": [
          1.9527331472677611,
          41.26394808843375
        ]
      },
      "properties": {
        "date": "2025-01-09"
      }
    },
    {
      "type": "Feature",
      "geometry": {
        "type": "Point",
        "coordinates": [
          1.952756220765029,
          41.26394808843375
        ]
      },
      "properties": {
        "date": "2025-01-09"
      }
    },
    {
      "type": "Feature",
      "geometry": {
        "type": "Point",
        "coordinates": [
          1.9527792942622968,
          41.26394808843375
        ]
      },
      "properties": {
        "date": "2025-01-09"
      }
    },
    {
      "type": "Feature",
      "geometry": {
        "type": "Point",
        "coordinates": [
          1.9528023677595645,
          41.26394808843375
        ]
      },
      "properties": {
        "date": "2025-01-09"
      }
    },
    {
      "type": "Feature",
      "geometry": {
        "type": "Point",
        "coordinates": [
          1.9528254412568322,
          41.26394808843375
        ]
      },
      "properties": {
        "date": "2025-01-09"
      }
    },
    {
      "type": "Feature",
      "geometry": {
        "type": "Point",
        "coordinates": [
          1.9528485147541,
          41.26394808843375
        ]
      },
      "properties": {
        "date": "2025-01-09"
      }
    },
    {
      "type": "Feature",
      "geometry": {
        "type": "Point",
        "coordinates": [
          1.9528715882513679,
          41.26394808843375
        ]
      },
      "properties": {
        "date": "2025-01-09"
      }
    },
    {
      "type": "Feature",
      "geometry": {
        "type": "Point",
        "coordinates": [
          1.9528946617486356,
          41.26394808843375
        ]
      },
      "properties": {
        "date": "2025-01-09"
      }
    },
    {
      "type": "Feature",
      "geometry": {
        "type": "Point",
        "coordinates": [
          1.9529177352459033,
          41.26394808843375
        ]
      },
      "properties": {
        "date": "2025-01-09"
      }
    },
    {
      "type": "Feature",
      "geometry": {
        "type": "Point",
        "coordinates": [
          1.952940808743171,
          41.26394808843375
        ]
      },
      "properties": {
        "date": "2025-01-09"
      }
    },
    {
      "type": "Feature",
      "geometry": {
        "type": "Point",
        "coordinates": [
          1.952963882240439,
          41.26394808843375
        ]
      },
      "properties": {
        "date": "2025-01-09"
      }
    },
    {
      "type": "Feature",
      "geometry": {
        "type": "Point",
        "coordinates": [
          1.9529869557377066,
          41.26394808843375
        ]
      },
      "properties": {
        "date": "2025-01-09"
      }
    },
    {
      "type": "Feature",
      "geometry": {
        "type": "Point",
        "coordinates": [
          1.9530100292349744,
          41.26394808843375
        ]
      },
      "properties": {
        "date": "2025-01-09"
      }
    },
    {
      "type": "Feature",
      "geometry": {
        "type": "Point",
        "coordinates": [
          1.953033102732242,
          41.26394808843375
        ]
      },
      "properties": {
        "date": "2025-01-09"
      }
    },
    {
      "type": "Feature",
      "geometry": {
        "type": "Point",
        "coordinates": [
          1.9530561762295098,
          41.26394808843375
        ]
      },
      "properties": {
        "date": "2025-01-09"
      }
    },
    {
      "type": "Feature",
      "geometry": {
        "type": "Point",
        "coordinates": [
          1.9530792497267777,
          41.26394808843375
        ]
      },
      "properties": {
        "date": "2025-01-09"
      }
    },
    {
      "type": "Feature",
      "geometry": {
        "type": "Point",
        "coordinates": [
          1.9531023232240454,
          41.26394808843375
        ]
      },
      "properties": {
        "date": "2025-01-09"
      }
    },
    {
      "type": "Feature",
      "geometry": {
        "type": "Point",
        "coordinates": [
          1.9531253967213131,
          41.26394808843375
        ]
      },
      "properties": {
        "date": "2025-01-09"
      }
    },
    {
      "type": "Feature",
      "geometry": {
        "type": "Point",
        "coordinates": [
          1.9531484702185808,
          41.26394808843375
        ]
      },
      "properties": {
        "date": "2025-01-09"
      }
    },
    {
      "type": "Feature",
      "geometry": {
        "type": "Point",
        "coordinates": [
          1.9531715437158486,
          41.26394808843375
        ]
      },
      "properties": {
        "date": "2025-01-09"
      }
    },
    {
      "type": "Feature",
      "geometry": {
        "type": "Point",
        "coordinates": [
          1.9531946172131165,
          41.26394808843375
        ]
      },
      "properties": {
        "date": "2025-01-09"
      }
    },
    {
      "type": "Feature",
      "geometry": {
        "type": "Point",
        "coordinates": [
          1.9532176907103842,
          41.26394808843375
        ]
      },
      "properties": {
        "date": "2025-01-09"
      }
    },
    {
      "type": "Feature",
      "geometry": {
        "type": "Point",
        "coordinates": [
          1.953240764207652,
          41.26394808843375
        ]
      },
      "properties": {
        "date": "2025-01-09"
      }
    },
    {
      "type": "Feature",
      "geometry": {
        "type": "Point",
        "coordinates": [
          1.9532638377049196,
          41.26394808843375
        ]
      },
      "properties": {
        "date": "2025-01-09"
      }
    },
    {
      "type": "Feature",
      "geometry": {
        "type": "Point",
        "coordinates": [
          1.9532869112021876,
          41.26394808843375
        ]
      },
      "properties": {
        "date": "2025-01-09"
      }
    },
    {
      "type": "Feature",
      "geometry": {
        "type": "Point",
        "coordinates": [
          1.9533099846994553,
          41.26394808843375
        ]
      },
      "properties": {
        "date": "2025-01-09"
      }
    },
    {
      "type": "Feature",
      "geometry": {
        "type": "Point",
        "coordinates": [
          1.953333058196723,
          41.26394808843375
        ]
      },
      "properties": {
        "date": "2025-01-09"
      }
    },
    {
      "type": "Feature",
      "geometry": {
        "type": "Point",
        "coordinates": [
          1.955640407923499,
          41.26394808843375
        ]
      },
      "properties": {
        "date": "2025-01-09"
      }
    },
    {
      "type": "Feature",
      "geometry": {
        "type": "Point",
        "coordinates": [
          1.956609494808745,
          41.26394808843375
        ]
      },
      "properties": {
        "date": "2025-01-09"
      }
    },
    {
      "type": "Feature",
      "geometry": {
        "type": "Point",
        "coordinates": [
          1.9569555972677612,
          41.26394808843375
        ]
      },
      "properties": {
        "date": "2025-01-09"
      }
    },
    {
      "type": "Feature",
      "geometry": {
        "type": "Point",
        "coordinates": [
          1.9572094057377065,
          41.26394808843375
        ]
      },
      "properties": {
        "date": "2025-01-09"
      }
    },
    {
      "type": "Feature",
      "geometry": {
        "type": "Point",
        "coordinates": [
          1.9574170672131164,
          41.26394808843375
        ]
      },
      "properties": {
        "date": "2025-01-09"
      }
    },
    {
      "type": "Feature",
      "geometry": {
        "type": "Point",
        "coordinates": [
          1.957440140710384,
          41.26394808843375
        ]
      },
      "properties": {
        "date": "2025-01-09"
      }
    },
    {
      "type": "Feature",
      "geometry": {
        "type": "Point",
        "coordinates": [
          1.957463214207652,
          41.26394808843375
        ]
      },
      "properties": {
        "date": "2025-01-09"
      }
    },
    {
      "type": "Feature",
      "geometry": {
        "type": "Point",
        "coordinates": [
          1.9574862877049197,
          41.26394808843375
        ]
      },
      "properties": {
        "date": "2025-01-09"
      }
    },
    {
      "type": "Feature",
      "geometry": {
        "type": "Point",
        "coordinates": [
          1.9575093612021874,
          41.26394808843375
        ]
      },
      "properties": {
        "date": "2025-01-09"
      }
    },
    {
      "type": "Feature",
      "geometry": {
        "type": "Point",
        "coordinates": [
          1.9575324346994551,
          41.26394808843375
        ]
      },
      "properties": {
        "date": "2025-01-09"
      }
    },
    {
      "type": "Feature",
      "geometry": {
        "type": "Point",
        "coordinates": [
          1.9575555081967229,
          41.26394808843375
        ]
      },
      "properties": {
        "date": "2025-01-09"
      }
    },
    {
      "type": "Feature",
      "geometry": {
        "type": "Point",
        "coordinates": [
          1.9575785816939908,
          41.26394808843375
        ]
      },
      "properties": {
        "date": "2025-01-09"
      }
    },
    {
      "type": "Feature",
      "geometry": {
        "type": "Point",
        "coordinates": [
          1.9576016551912585,
          41.26394808843375
        ]
      },
      "properties": {
        "date": "2025-01-09"
      }
    },
    {
      "type": "Feature",
      "geometry": {
        "type": "Point",
        "coordinates": [
          1.9576247286885262,
          41.26394808843375
        ]
      },
      "properties": {
        "date": "2025-01-09"
      }
    },
    {
      "type": "Feature",
      "geometry": {
        "type": "Point",
        "coordinates": [
          1.957647802185794,
          41.26394808843375
        ]
      },
      "properties": {
        "date": "2025-01-09"
      }
    },
    {
      "type": "Feature",
      "geometry": {
        "type": "Point",
        "coordinates": [
          1.9576708756830619,
          41.26394808843375
        ]
      },
      "properties": {
        "date": "2025-01-09"
      }
    },
    {
      "type": "Feature",
      "geometry": {
        "type": "Point",
        "coordinates": [
          1.9586399625683077,
          41.26394808843375
        ]
      },
      "properties": {
        "date": "2025-01-09"
      }
    },
    {
      "type": "Feature",
      "geometry": {
        "type": "Point",
        "coordinates": [
          1.958986065027324,
          41.26394808843375
        ]
      },
      "properties": {
        "date": "2025-01-09"
      }
    },
    {
      "type": "Feature",
      "geometry": {
        "type": "Point",
        "coordinates": [
          1.9617548846994552,
          41.26394808843375
        ]
      },
      "properties": {
        "date": "2025-01-09"
      }
    },
    {
      "type": "Feature",
      "geometry": {
        "type": "Point",
        "coordinates": [
          1.961777958196723,
          41.26394808843375
        ]
      },
      "properties": {
        "date": "2025-01-09"
      }
    },
    {
      "type": "Feature",
      "geometry": {
        "type": "Point",
        "coordinates": [
          1.9618010316939907,
          41.26394808843375
        ]
      },
      "properties": {
        "date": "2025-01-09"
      }
    },
    {
      "type": "Feature",
      "geometry": {
        "type": "Point",
        "coordinates": [
          1.9618241051912584,
          41.26394808843375
        ]
      },
      "properties": {
        "date": "2025-01-09"
      }
    },
    {
      "type": "Feature",
      "geometry": {
        "type": "Point",
        "coordinates": [
          1.9618471786885263,
          41.26394808843375
        ]
      },
      "properties": {
        "date": "2025-01-09"
      }
    },
    {
      "type": "Feature",
      "geometry": {
        "type": "Point",
        "coordinates": [
          1.961870252185794,
          41.26394808843375
        ]
      },
      "properties": {
        "date": "2025-01-09"
      }
    },
    {
      "type": "Feature",
      "geometry": {
        "type": "Point",
        "coordinates": [
          1.9621932811475427,
          41.26394808843375
        ]
      },
      "properties": {
        "date": "2025-01-09"
      }
    },
    {
      "type": "Feature",
      "geometry": {
        "type": "Point",
        "coordinates": [
          1.9622163546448104,
          41.26394808843375
        ]
      },
      "properties": {
        "date": "2025-01-09"
      }
    },
    {
      "type": "Feature",
      "geometry": {
        "type": "Point",
        "coordinates": [
          1.962239428142078,
          41.26394808843375
        ]
      },
      "properties": {
        "date": "2025-01-09"
      }
    },
    {
      "type": "Feature",
      "geometry": {
        "type": "Point",
        "coordinates": [
          1.9622625016393458,
          41.26394808843375
        ]
      },
      "properties": {
        "date": "2025-01-09"
      }
    },
    {
      "type": "Feature",
      "geometry": {
        "type": "Point",
        "coordinates": [
          1.9622855751366137,
          41.26394808843375
        ]
      },
      "properties": {
        "date": "2025-01-09"
      }
    },
    {
      "type": "Feature",
      "geometry": {
        "type": "Point",
        "coordinates": [
          1.9623086486338814,
          41.26394808843375
        ]
      },
      "properties": {
        "date": "2025-01-09"
      }
    },
    {
      "type": "Feature",
      "geometry": {
        "type": "Point",
        "coordinates": [
          1.9623317221311491,
          41.26394808843375
        ]
      },
      "properties": {
        "date": "2025-01-09"
      }
    },
    {
      "type": "Feature",
      "geometry": {
        "type": "Point",
        "coordinates": [
          1.9623547956284169,
          41.26394808843375
        ]
      },
      "properties": {
        "date": "2025-01-09"
      }
    },
    {
      "type": "Feature",
      "geometry": {
        "type": "Point",
        "coordinates": [
          1.9623778691256848,
          41.26394808843375
        ]
      },
      "properties": {
        "date": "2025-01-09"
      }
    },
    {
      "type": "Feature",
      "geometry": {
        "type": "Point",
        "coordinates": [
          1.9624009426229525,
          41.26394808843375
        ]
      },
      "properties": {
        "date": "2025-01-09"
      }
    },
    {
      "type": "Feature",
      "geometry": {
        "type": "Point",
        "coordinates": [
          1.9624240161202202,
          41.26394808843375
        ]
      },
      "properties": {
        "date": "2025-01-09"
      }
    },
    {
      "type": "Feature",
      "geometry": {
        "type": "Point",
        "coordinates": [
          1.962447089617488,
          41.26394808843375
        ]
      },
      "properties": {
        "date": "2025-01-09"
      }
    },
    {
      "type": "Feature",
      "geometry": {
        "type": "Point",
        "coordinates": [
          1.9624701631147556,
          41.26394808843375
        ]
      },
      "properties": {
        "date": "2025-01-09"
      }
    },
    {
      "type": "Feature",
      "geometry": {
        "type": "Point",
        "coordinates": [
          1.9632777355191273,
          41.26394808843375
        ]
      },
      "properties": {
        "date": "2025-01-09"
      }
    },
    {
      "type": "Feature",
      "geometry": {
        "type": "Point",
        "coordinates": [
          1.963300809016395,
          41.26394808843375
        ]
      },
      "properties": {
        "date": "2025-01-09"
      }
    },
    {
      "type": "Feature",
      "geometry": {
        "type": "Point",
        "coordinates": [
          1.9633238825136627,
          41.26394808843375
        ]
      },
      "properties": {
        "date": "2025-01-09"
      }
    },
    {
      "type": "Feature",
      "geometry": {
        "type": "Point",
        "coordinates": [
          1.9633469560109307,
          41.26394808843375
        ]
      },
      "properties": {
        "date": "2025-01-09"
      }
    },
    {
      "type": "Feature",
      "geometry": {
        "type": "Point",
        "coordinates": [
          1.9633700295081984,
          41.26394808843375
        ]
      },
      "properties": {
        "date": "2025-01-09"
      }
    },
    {
      "type": "Feature",
      "geometry": {
        "type": "Point",
        "coordinates": [
          1.963393103005466,
          41.26394808843375
        ]
      },
      "properties": {
        "date": "2025-01-09"
      }
    },
    {
      "type": "Feature",
      "geometry": {
        "type": "Point",
        "coordinates": [
          1.9634161765027338,
          41.26394808843375
        ]
      },
      "properties": {
        "date": "2025-01-09"
      }
    },
    {
      "type": "Feature",
      "geometry": {
        "type": "Point",
        "coordinates": [
          1.9634392500000015,
          41.26394808843375
        ]
      },
      "properties": {
        "date": "2025-01-09"
      }
    },
    {
      "type": "Feature",
      "geometry": {
        "type": "Point",
        "coordinates": [
          1.9634623234972695,
          41.26394808843375
        ]
      },
      "properties": {
        "date": "2025-01-09"
      }
    },
    {
      "type": "Feature",
      "geometry": {
        "type": "Point",
        "coordinates": [
          1.9634853969945372,
          41.26394808843375
        ]
      },
      "properties": {
        "date": "2025-01-09"
      }
    },
    {
      "type": "Feature",
      "geometry": {
        "type": "Point",
        "coordinates": [
          1.9635084704918049,
          41.26394808843375
        ]
      },
      "properties": {
        "date": "2025-01-09"
      }
    },
    {
      "type": "Feature",
      "geometry": {
        "type": "Point",
        "coordinates": [
          1.9635315439890726,
          41.26394808843375
        ]
      },
      "properties": {
        "date": "2025-01-09"
      }
    },
    {
      "type": "Feature",
      "geometry": {
        "type": "Point",
        "coordinates": [
          1.9694845062841546,
          41.26394808843375
        ]
      },
      "properties": {
        "date": "2025-01-09"
      }
    },
    {
      "type": "Feature",
      "geometry": {
        "type": "Point",
        "coordinates": [
          1.9695075797814223,
          41.26394808843375
        ]
      },
      "properties": {
        "date": "2025-01-09"
      }
    },
    {
      "type": "Feature",
      "geometry": {
        "type": "Point",
        "coordinates": [
          1.96953065327869,
          41.26394808843375
        ]
      },
      "properties": {
        "date": "2025-01-09"
      }
    },
    {
      "type": "Feature",
      "geometry": {
        "type": "Point",
        "coordinates": [
          1.969553726775958,
          41.26394808843375
        ]
      },
      "properties": {
        "date": "2025-01-09"
      }
    },
    {
      "type": "Feature",
      "geometry": {
        "type": "Point",
        "coordinates": [
          1.9695768002732257,
          41.26394808843375
        ]
      },
      "properties": {
        "date": "2025-01-09"
      }
    },
    {
      "type": "Feature",
      "geometry": {
        "type": "Point",
        "coordinates": [
          1.9695998737704934,
          41.26394808843375
        ]
      },
      "properties": {
        "date": "2025-01-09"
      }
    },
    {
      "type": "Feature",
      "geometry": {
        "type": "Point",
        "coordinates": [
          1.969622947267761,
          41.26394808843375
        ]
      },
      "properties": {
        "date": "2025-01-09"
      }
    },
    {
      "type": "Feature",
      "geometry": {
        "type": "Point",
        "coordinates": [
          1.9696460207650288,
          41.26394808843375
        ]
      },
      "properties": {
        "date": "2025-01-09"
      }
    },
    {
      "type": "Feature",
      "geometry": {
        "type": "Point",
        "coordinates": [
          1.9696690942622967,
          41.26394808843375
        ]
      },
      "properties": {
        "date": "2025-01-09"
      }
    },
    {
      "type": "Feature",
      "geometry": {
        "type": "Point",
        "coordinates": [
          1.9696921677595645,
          41.26394808843375
        ]
      },
      "properties": {
        "date": "2025-01-09"
      }
    },
    {
      "type": "Feature",
      "geometry": {
        "type": "Point",
        "coordinates": [
          1.9697152412568322,
          41.26394808843375
        ]
      },
      "properties": {
        "date": "2025-01-09"
      }
    },
    {
      "type": "Feature",
      "geometry": {
        "type": "Point",
        "coordinates": [
          1.9697383147540999,
          41.26394808843375
        ]
      },
      "properties": {
        "date": "2025-01-09"
      }
    },
    {
      "type": "Feature",
      "geometry": {
        "type": "Point",
        "coordinates": [
          1.9697613882513676,
          41.26394808843375
        ]
      },
      "properties": {
        "date": "2025-01-09"
      }
    },
    {
      "type": "Feature",
      "geometry": {
        "type": "Point",
        "coordinates": [
          1.9697844617486355,
          41.26394808843375
        ]
      },
      "properties": {
        "date": "2025-01-09"
      }
    },
    {
      "type": "Feature",
      "geometry": {
        "type": "Point",
        "coordinates": [
          1.9698075352459032,
          41.26394808843375
        ]
      },
      "properties": {
        "date": "2025-01-09"
      }
    },
    {
      "type": "Feature",
      "geometry": {
        "type": "Point",
        "coordinates": [
          1.969830608743171,
          41.26394808843375
        ]
      },
      "properties": {
        "date": "2025-01-09"
      }
    },
    {
      "type": "Feature",
      "geometry": {
        "type": "Point",
        "coordinates": [
          1.9698536822404387,
          41.26394808843375
        ]
      },
      "properties": {
        "date": "2025-01-09"
      }
    },
    {
      "type": "Feature",
      "geometry": {
        "type": "Point",
        "coordinates": [
          1.9698767557377066,
          41.26394808843375
        ]
      },
      "properties": {
        "date": "2025-01-09"
      }
    },
    {
      "type": "Feature",
      "geometry": {
        "type": "Point",
        "coordinates": [
          1.9698998292349743,
          41.26394808843375
        ]
      },
      "properties": {
        "date": "2025-01-09"
      }
    },
    {
      "type": "Feature",
      "geometry": {
        "type": "Point",
        "coordinates": [
          1.969922902732242,
          41.26394808843375
        ]
      },
      "properties": {
        "date": "2025-01-09"
      }
    },
    {
      "type": "Feature",
      "geometry": {
        "type": "Point",
        "coordinates": [
          1.9699459762295097,
          41.26394808843375
        ]
      },
      "properties": {
        "date": "2025-01-09"
      }
    },
    {
      "type": "Feature",
      "geometry": {
        "type": "Point",
        "coordinates": [
          1.9699690497267774,
          41.26394808843375
        ]
      },
      "properties": {
        "date": "2025-01-09"
      }
    },
    {
      "type": "Feature",
      "geometry": {
        "type": "Point",
        "coordinates": [
          1.9699921232240454,
          41.26394808843375
        ]
      },
      "properties": {
        "date": "2025-01-09"
      }
    },
    {
      "type": "Feature",
      "geometry": {
        "type": "Point",
        "coordinates": [
          1.970315152185794,
          41.26394808843375
        ]
      },
      "properties": {
        "date": "2025-01-09"
      }
    },
    {
      "type": "Feature",
      "geometry": {
        "type": "Point",
        "coordinates": [
          1.9703382256830617,
          41.26394808843375
        ]
      },
      "properties": {
        "date": "2025-01-09"
      }
    },
    {
      "type": "Feature",
      "geometry": {
        "type": "Point",
        "coordinates": [
          1.9703612991803294,
          41.26394808843375
        ]
      },
      "properties": {
        "date": "2025-01-09"
      }
    },
    {
      "type": "Feature",
      "geometry": {
        "type": "Point",
        "coordinates": [
          1.9703843726775971,
          41.26394808843375
        ]
      },
      "properties": {
        "date": "2025-01-09"
      }
    },
    {
      "type": "Feature",
      "geometry": {
        "type": "Point",
        "coordinates": [
          1.970407446174865,
          41.26394808843375
        ]
      },
      "properties": {
        "date": "2025-01-09"
      }
    },
    {
      "type": "Feature",
      "geometry": {
        "type": "Point",
        "coordinates": [
          1.9704305196721328,
          41.26394808843375
        ]
      },
      "properties": {
        "date": "2025-01-09"
      }
    },
    {
      "type": "Feature",
      "geometry": {
        "type": "Point",
        "coordinates": [
          1.9704535931694005,
          41.26394808843375
        ]
      },
      "properties": {
        "date": "2025-01-09"
      }
    },
    {
      "type": "Feature",
      "geometry": {
        "type": "Point",
        "coordinates": [
          1.970684328142078,
          41.26394808843375
        ]
      },
      "properties": {
        "date": "2025-01-09"
      }
    },
    {
      "type": "Feature",
      "geometry": {
        "type": "Point",
        "coordinates": [
          1.950079695081969,
          41.26388818342464
        ]
      },
      "properties": {
        "date": "2025-01-09"
      }
    },
    {
      "type": "Feature",
      "geometry": {
        "type": "Point",
        "coordinates": [
          1.9501027685792367,
          41.26388818342464
        ]
      },
      "properties": {
        "date": "2025-01-09"
      }
    },
    {
      "type": "Feature",
      "geometry": {
        "type": "Point",
        "coordinates": [
          1.9501258420765044,
          41.26388818342464
        ]
      },
      "properties": {
        "date": "2025-01-09"
      }
    },
    {
      "type": "Feature",
      "geometry": {
        "type": "Point",
        "coordinates": [
          1.9501489155737721,
          41.26388818342464
        ]
      },
      "properties": {
        "date": "2025-01-09"
      }
    },
    {
      "type": "Feature",
      "geometry": {
        "type": "Point",
        "coordinates": [
          1.9501719890710398,
          41.26388818342464
        ]
      },
      "properties": {
        "date": "2025-01-09"
      }
    },
    {
      "type": "Feature",
      "geometry": {
        "type": "Point",
        "coordinates": [
          1.9501950625683078,
          41.26388818342464
        ]
      },
      "properties": {
        "date": "2025-01-09"
      }
    },
    {
      "type": "Feature",
      "geometry": {
        "type": "Point",
        "coordinates": [
          1.9502181360655755,
          41.26388818342464
        ]
      },
      "properties": {
        "date": "2025-01-09"
      }
    },
    {
      "type": "Feature",
      "geometry": {
        "type": "Point",
        "coordinates": [
          1.9502412095628432,
          41.26388818342464
        ]
      },
      "properties": {
        "date": "2025-01-09"
      }
    },
    {
      "type": "Feature",
      "geometry": {
        "type": "Point",
        "coordinates": [
          1.950264283060111,
          41.26388818342464
        ]
      },
      "properties": {
        "date": "2025-01-09"
      }
    },
    {
      "type": "Feature",
      "geometry": {
        "type": "Point",
        "coordinates": [
          1.9502873565573788,
          41.26388818342464
        ]
      },
      "properties": {
        "date": "2025-01-09"
      }
    },
    {
      "type": "Feature",
      "geometry": {
        "type": "Point",
        "coordinates": [
          1.9503104300546465,
          41.26388818342464
        ]
      },
      "properties": {
        "date": "2025-01-09"
      }
    },
    {
      "type": "Feature",
      "geometry": {
        "type": "Point",
        "coordinates": [
          1.9503335035519143,
          41.26388818342464
        ]
      },
      "properties": {
        "date": "2025-01-09"
      }
    },
    {
      "type": "Feature",
      "geometry": {
        "type": "Point",
        "coordinates": [
          1.950356577049182,
          41.26388818342464
        ]
      },
      "properties": {
        "date": "2025-01-09"
      }
    },
    {
      "type": "Feature",
      "geometry": {
        "type": "Point",
        "coordinates": [
          1.9503796505464497,
          41.26388818342464
        ]
      },
      "properties": {
        "date": "2025-01-09"
      }
    },
    {
      "type": "Feature",
      "geometry": {
        "type": "Point",
        "coordinates": [
          1.9504027240437176,
          41.26388818342464
        ]
      },
      "properties": {
        "date": "2025-01-09"
      }
    },
    {
      "type": "Feature",
      "geometry": {
        "type": "Point",
        "coordinates": [
          1.9504257975409853,
          41.26388818342464
        ]
      },
      "properties": {
        "date": "2025-01-09"
      }
    },
    {
      "type": "Feature",
      "geometry": {
        "type": "Point",
        "coordinates": [
          1.950448871038253,
          41.26388818342464
        ]
      },
      "properties": {
        "date": "2025-01-09"
      }
    },
    {
      "type": "Feature",
      "geometry": {
        "type": "Point",
        "coordinates": [
          1.9504719445355208,
          41.26388818342464
        ]
      },
      "properties": {
        "date": "2025-01-09"
      }
    },
    {
      "type": "Feature",
      "geometry": {
        "type": "Point",
        "coordinates": [
          1.9504950180327885,
          41.26388818342464
        ]
      },
      "properties": {
        "date": "2025-01-09"
      }
    },
    {
      "type": "Feature",
      "geometry": {
        "type": "Point",
        "coordinates": [
          1.9505180915300564,
          41.26388818342464
        ]
      },
      "properties": {
        "date": "2025-01-09"
      }
    },
    {
      "type": "Feature",
      "geometry": {
        "type": "Point",
        "coordinates": [
          1.9506334590163952,
          41.26388818342464
        ]
      },
      "properties": {
        "date": "2025-01-09"
      }
    },
    {
      "type": "Feature",
      "geometry": {
        "type": "Point",
        "coordinates": [
          1.9506565325136629,
          41.26388818342464
        ]
      },
      "properties": {
        "date": "2025-01-09"
      }
    },
    {
      "type": "Feature",
      "geometry": {
        "type": "Point",
        "coordinates": [
          1.9506796060109306,
          41.26388818342464
        ]
      },
      "properties": {
        "date": "2025-01-09"
      }
    },
    {
      "type": "Feature",
      "geometry": {
        "type": "Point",
        "coordinates": [
          1.9507026795081983,
          41.26388818342464
        ]
      },
      "properties": {
        "date": "2025-01-09"
      }
    },
    {
      "type": "Feature",
      "geometry": {
        "type": "Point",
        "coordinates": [
          1.9507257530054662,
          41.26388818342464
        ]
      },
      "properties": {
        "date": "2025-01-09"
      }
    },
    {
      "type": "Feature",
      "geometry": {
        "type": "Point",
        "coordinates": [
          1.950748826502734,
          41.26388818342464
        ]
      },
      "properties": {
        "date": "2025-01-09"
      }
    },
    {
      "type": "Feature",
      "geometry": {
        "type": "Point",
        "coordinates": [
          1.9507719000000017,
          41.26388818342464
        ]
      },
      "properties": {
        "date": "2025-01-09"
      }
    },
    {
      "type": "Feature",
      "geometry": {
        "type": "Point",
        "coordinates": [
          1.9507949734972694,
          41.26388818342464
        ]
      },
      "properties": {
        "date": "2025-01-09"
      }
    },
    {
      "type": "Feature",
      "geometry": {
        "type": "Point",
        "coordinates": [
          1.9508180469945373,
          41.26388818342464
        ]
      },
      "properties": {
        "date": "2025-01-09"
      }
    },
    {
      "type": "Feature",
      "geometry": {
        "type": "Point",
        "coordinates": [
          1.950841120491805,
          41.26388818342464
        ]
      },
      "properties": {
        "date": "2025-01-09"
      }
    },
    {
      "type": "Feature",
      "geometry": {
        "type": "Point",
        "coordinates": [
          1.9508641939890727,
          41.26388818342464
        ]
      },
      "properties": {
        "date": "2025-01-09"
      }
    },
    {
      "type": "Feature",
      "geometry": {
        "type": "Point",
        "coordinates": [
          1.9508872674863404,
          41.26388818342464
        ]
      },
      "properties": {
        "date": "2025-01-09"
      }
    },
    {
      "type": "Feature",
      "geometry": {
        "type": "Point",
        "coordinates": [
          1.9509103409836082,
          41.26388818342464
        ]
      },
      "properties": {
        "date": "2025-01-09"
      }
    },
    {
      "type": "Feature",
      "geometry": {
        "type": "Point",
        "coordinates": [
          1.950933414480876,
          41.26388818342464
        ]
      },
      "properties": {
        "date": "2025-01-09"
      }
    },
    {
      "type": "Feature",
      "geometry": {
        "type": "Point",
        "coordinates": [
          1.9509564879781438,
          41.26388818342464
        ]
      },
      "properties": {
        "date": "2025-01-09"
      }
    },
    {
      "type": "Feature",
      "geometry": {
        "type": "Point",
        "coordinates": [
          1.9509795614754115,
          41.26388818342464
        ]
      },
      "properties": {
        "date": "2025-01-09"
      }
    },
    {
      "type": "Feature",
      "geometry": {
        "type": "Point",
        "coordinates": [
          1.9510026349726792,
          41.26388818342464
        ]
      },
      "properties": {
        "date": "2025-01-09"
      }
    },
    {
      "type": "Feature",
      "geometry": {
        "type": "Point",
        "coordinates": [
          1.951025708469947,
          41.26388818342464
        ]
      },
      "properties": {
        "date": "2025-01-09"
      }
    },
    {
      "type": "Feature",
      "geometry": {
        "type": "Point",
        "coordinates": [
          1.9510487819672149,
          41.26388818342464
        ]
      },
      "properties": {
        "date": "2025-01-09"
      }
    },
    {
      "type": "Feature",
      "geometry": {
        "type": "Point",
        "coordinates": [
          1.9510718554644826,
          41.26388818342464
        ]
      },
      "properties": {
        "date": "2025-01-09"
      }
    },
    {
      "type": "Feature",
      "geometry": {
        "type": "Point",
        "coordinates": [
          1.9510949289617503,
          41.26388818342464
        ]
      },
      "properties": {
        "date": "2025-01-09"
      }
    },
    {
      "type": "Feature",
      "geometry": {
        "type": "Point",
        "coordinates": [
          1.951118002459018,
          41.26388818342464
        ]
      },
      "properties": {
        "date": "2025-01-09"
      }
    },
    {
      "type": "Feature",
      "geometry": {
        "type": "Point",
        "coordinates": [
          1.951141075956286,
          41.26388818342464
        ]
      },
      "properties": {
        "date": "2025-01-09"
      }
    },
    {
      "type": "Feature",
      "geometry": {
        "type": "Point",
        "coordinates": [
          1.9511641494535537,
          41.26388818342464
        ]
      },
      "properties": {
        "date": "2025-01-09"
      }
    },
    {
      "type": "Feature",
      "geometry": {
        "type": "Point",
        "coordinates": [
          1.9511872229508214,
          41.26388818342464
        ]
      },
      "properties": {
        "date": "2025-01-09"
      }
    },
    {
      "type": "Feature",
      "geometry": {
        "type": "Point",
        "coordinates": [
          1.951210296448089,
          41.26388818342464
        ]
      },
      "properties": {
        "date": "2025-01-09"
      }
    },
    {
      "type": "Feature",
      "geometry": {
        "type": "Point",
        "coordinates": [
          1.9512333699453568,
          41.26388818342464
        ]
      },
      "properties": {
        "date": "2025-01-09"
      }
    },
    {
      "type": "Feature",
      "geometry": {
        "type": "Point",
        "coordinates": [
          1.9513487374316956,
          41.26388818342464
        ]
      },
      "properties": {
        "date": "2025-01-09"
      }
    },
    {
      "type": "Feature",
      "geometry": {
        "type": "Point",
        "coordinates": [
          1.9513718109289635,
          41.26388818342464
        ]
      },
      "properties": {
        "date": "2025-01-09"
      }
    },
    {
      "type": "Feature",
      "geometry": {
        "type": "Point",
        "coordinates": [
          1.9513948844262312,
          41.26388818342464
        ]
      },
      "properties": {
        "date": "2025-01-09"
      }
    },
    {
      "type": "Feature",
      "geometry": {
        "type": "Point",
        "coordinates": [
          1.951417957923499,
          41.26388818342464
        ]
      },
      "properties": {
        "date": "2025-01-09"
      }
    },
    {
      "type": "Feature",
      "geometry": {
        "type": "Point",
        "coordinates": [
          1.9514410314207666,
          41.26388818342464
        ]
      },
      "properties": {
        "date": "2025-01-09"
      }
    },
    {
      "type": "Feature",
      "geometry": {
        "type": "Point",
        "coordinates": [
          1.9514641049180346,
          41.26388818342464
        ]
      },
      "properties": {
        "date": "2025-01-09"
      }
    },
    {
      "type": "Feature",
      "geometry": {
        "type": "Point",
        "coordinates": [
          1.9514871784153023,
          41.26388818342464
        ]
      },
      "properties": {
        "date": "2025-01-09"
      }
    },
    {
      "type": "Feature",
      "geometry": {
        "type": "Point",
        "coordinates": [
          1.95151025191257,
          41.26388818342464
        ]
      },
      "properties": {
        "date": "2025-01-09"
      }
    },
    {
      "type": "Feature",
      "geometry": {
        "type": "Point",
        "coordinates": [
          1.9515333254098377,
          41.26388818342464
        ]
      },
      "properties": {
        "date": "2025-01-09"
      }
    },
    {
      "type": "Feature",
      "geometry": {
        "type": "Point",
        "coordinates": [
          1.9515563989071054,
          41.26388818342464
        ]
      },
      "properties": {
        "date": "2025-01-09"
      }
    },
    {
      "type": "Feature",
      "geometry": {
        "type": "Point",
        "coordinates": [
          1.9515794724043733,
          41.26388818342464
        ]
      },
      "properties": {
        "date": "2025-01-09"
      }
    },
    {
      "type": "Feature",
      "geometry": {
        "type": "Point",
        "coordinates": [
          1.951602545901641,
          41.26388818342464
        ]
      },
      "properties": {
        "date": "2025-01-09"
      }
    },
    {
      "type": "Feature",
      "geometry": {
        "type": "Point",
        "coordinates": [
          1.9516256193989088,
          41.26388818342464
        ]
      },
      "properties": {
        "date": "2025-01-09"
      }
    },
    {
      "type": "Feature",
      "geometry": {
        "type": "Point",
        "coordinates": [
          1.9516486928961765,
          41.26388818342464
        ]
      },
      "properties": {
        "date": "2025-01-09"
      }
    },
    {
      "type": "Feature",
      "geometry": {
        "type": "Point",
        "coordinates": [
          1.9516717663934442,
          41.26388818342464
        ]
      },
      "properties": {
        "date": "2025-01-09"
      }
    },
    {
      "type": "Feature",
      "geometry": {
        "type": "Point",
        "coordinates": [
          1.9516948398907121,
          41.26388818342464
        ]
      },
      "properties": {
        "date": "2025-01-09"
      }
    },
    {
      "type": "Feature",
      "geometry": {
        "type": "Point",
        "coordinates": [
          1.9517179133879798,
          41.26388818342464
        ]
      },
      "properties": {
        "date": "2025-01-09"
      }
    },
    {
      "type": "Feature",
      "geometry": {
        "type": "Point",
        "coordinates": [
          1.9517409868852476,
          41.26388818342464
        ]
      },
      "properties": {
        "date": "2025-01-09"
      }
    },
    {
      "type": "Feature",
      "geometry": {
        "type": "Point",
        "coordinates": [
          1.9517640603825153,
          41.26388818342464
        ]
      },
      "properties": {
        "date": "2025-01-09"
      }
    },
    {
      "type": "Feature",
      "geometry": {
        "type": "Point",
        "coordinates": [
          1.9517871338797832,
          41.26388818342464
        ]
      },
      "properties": {
        "date": "2025-01-09"
      }
    },
    {
      "type": "Feature",
      "geometry": {
        "type": "Point",
        "coordinates": [
          1.951810207377051,
          41.26388818342464
        ]
      },
      "properties": {
        "date": "2025-01-09"
      }
    },
    {
      "type": "Feature",
      "geometry": {
        "type": "Point",
        "coordinates": [
          1.9518332808743186,
          41.26388818342464
        ]
      },
      "properties": {
        "date": "2025-01-09"
      }
    },
    {
      "type": "Feature",
      "geometry": {
        "type": "Point",
        "coordinates": [
          1.9518563543715863,
          41.26388818342464
        ]
      },
      "properties": {
        "date": "2025-01-09"
      }
    },
    {
      "type": "Feature",
      "geometry": {
        "type": "Point",
        "coordinates": [
          1.951879427868854,
          41.26388818342464
        ]
      },
      "properties": {
        "date": "2025-01-09"
      }
    },
    {
      "type": "Feature",
      "geometry": {
        "type": "Point",
        "coordinates": [
          1.951902501366122,
          41.26388818342464
        ]
      },
      "properties": {
        "date": "2025-01-09"
      }
    },
    {
      "type": "Feature",
      "geometry": {
        "type": "Point",
        "coordinates": [
          1.9519255748633897,
          41.26388818342464
        ]
      },
      "properties": {
        "date": "2025-01-09"
      }
    },
    {
      "type": "Feature",
      "geometry": {
        "type": "Point",
        "coordinates": [
          1.9519486483606574,
          41.26388818342464
        ]
      },
      "properties": {
        "date": "2025-01-09"
      }
    },
    {
      "type": "Feature",
      "geometry": {
        "type": "Point",
        "coordinates": [
          1.9519717218579251,
          41.26388818342464
        ]
      },
      "properties": {
        "date": "2025-01-09"
      }
    },
    {
      "type": "Feature",
      "geometry": {
        "type": "Point",
        "coordinates": [
          1.9519947953551928,
          41.26388818342464
        ]
      },
      "properties": {
        "date": "2025-01-09"
      }
    },
    {
      "type": "Feature",
      "geometry": {
        "type": "Point",
        "coordinates": [
          1.9520178688524608,
          41.26388818342464
        ]
      },
      "properties": {
        "date": "2025-01-09"
      }
    },
    {
      "type": "Feature",
      "geometry": {
        "type": "Point",
        "coordinates": [
          1.9520409423497285,
          41.26388818342464
        ]
      },
      "properties": {
        "date": "2025-01-09"
      }
    },
    {
      "type": "Feature",
      "geometry": {
        "type": "Point",
        "coordinates": [
          1.9520640158469962,
          41.26388818342464
        ]
      },
      "properties": {
        "date": "2025-01-09"
      }
    },
    {
      "type": "Feature",
      "geometry": {
        "type": "Point",
        "coordinates": [
          1.952087089344264,
          41.26388818342464
        ]
      },
      "properties": {
        "date": "2025-01-09"
      }
    },
    {
      "type": "Feature",
      "geometry": {
        "type": "Point",
        "coordinates": [
          1.9528946617486356,
          41.26388818342464
        ]
      },
      "properties": {
        "date": "2025-01-09"
      }
    },
    {
      "type": "Feature",
      "geometry": {
        "type": "Point",
        "coordinates": [
          1.953033102732242,
          41.26388818342464
        ]
      },
      "properties": {
        "date": "2025-01-09"
      }
    },
    {
      "type": "Feature",
      "geometry": {
        "type": "Point",
        "coordinates": [
          1.9533561316939907,
          41.26388818342464
        ]
      },
      "properties": {
        "date": "2025-01-09"
      }
    },
    {
      "type": "Feature",
      "geometry": {
        "type": "Point",
        "coordinates": [
          1.9533792051912584,
          41.26388818342464
        ]
      },
      "properties": {
        "date": "2025-01-09"
      }
    },
    {
      "type": "Feature",
      "geometry": {
        "type": "Point",
        "coordinates": [
          1.9534022786885263,
          41.26388818342464
        ]
      },
      "properties": {
        "date": "2025-01-09"
      }
    },
    {
      "type": "Feature",
      "geometry": {
        "type": "Point",
        "coordinates": [
          1.953425352185794,
          41.26388818342464
        ]
      },
      "properties": {
        "date": "2025-01-09"
      }
    },
    {
      "type": "Feature",
      "geometry": {
        "type": "Point",
        "coordinates": [
          1.9534484256830618,
          41.26388818342464
        ]
      },
      "properties": {
        "date": "2025-01-09"
      }
    },
    {
      "type": "Feature",
      "geometry": {
        "type": "Point",
        "coordinates": [
          1.9534714991803295,
          41.26388818342464
        ]
      },
      "properties": {
        "date": "2025-01-09"
      }
    },
    {
      "type": "Feature",
      "geometry": {
        "type": "Point",
        "coordinates": [
          1.9534945726775974,
          41.26388818342464
        ]
      },
      "properties": {
        "date": "2025-01-09"
      }
    },
    {
      "type": "Feature",
      "geometry": {
        "type": "Point",
        "coordinates": [
          1.9535176461748651,
          41.26388818342464
        ]
      },
      "properties": {
        "date": "2025-01-09"
      }
    },
    {
      "type": "Feature",
      "geometry": {
        "type": "Point",
        "coordinates": [
          1.9535407196721328,
          41.26388818342464
        ]
      },
      "properties": {
        "date": "2025-01-09"
      }
    },
    {
      "type": "Feature",
      "geometry": {
        "type": "Point",
        "coordinates": [
          1.9535637931694005,
          41.26388818342464
        ]
      },
      "properties": {
        "date": "2025-01-09"
      }
    },
    {
      "type": "Feature",
      "geometry": {
        "type": "Point",
        "coordinates": [
          1.9535868666666683,
          41.26388818342464
        ]
      },
      "properties": {
        "date": "2025-01-09"
      }
    },
    {
      "type": "Feature",
      "geometry": {
        "type": "Point",
        "coordinates": [
          1.9536099401639362,
          41.26388818342464
        ]
      },
      "properties": {
        "date": "2025-01-09"
      }
    },
    {
      "type": "Feature",
      "geometry": {
        "type": "Point",
        "coordinates": [
          1.953633013661204,
          41.26388818342464
        ]
      },
      "properties": {
        "date": "2025-01-09"
      }
    },
    {
      "type": "Feature",
      "geometry": {
        "type": "Point",
        "coordinates": [
          1.9536560871584716,
          41.26388818342464
        ]
      },
      "properties": {
        "date": "2025-01-09"
      }
    },
    {
      "type": "Feature",
      "geometry": {
        "type": "Point",
        "coordinates": [
          1.9536791606557393,
          41.26388818342464
        ]
      },
      "properties": {
        "date": "2025-01-09"
      }
    },
    {
      "type": "Feature",
      "geometry": {
        "type": "Point",
        "coordinates": [
          1.953702234153007,
          41.26388818342464
        ]
      },
      "properties": {
        "date": "2025-01-09"
      }
    },
    {
      "type": "Feature",
      "geometry": {
        "type": "Point",
        "coordinates": [
          1.953725307650275,
          41.26388818342464
        ]
      },
      "properties": {
        "date": "2025-01-09"
      }
    },
    {
      "type": "Feature",
      "geometry": {
        "type": "Point",
        "coordinates": [
          1.9537483811475427,
          41.26388818342464
        ]
      },
      "properties": {
        "date": "2025-01-09"
      }
    },
    {
      "type": "Feature",
      "geometry": {
        "type": "Point",
        "coordinates": [
          1.9537714546448104,
          41.26388818342464
        ]
      },
      "properties": {
        "date": "2025-01-09"
      }
    },
    {
      "type": "Feature",
      "geometry": {
        "type": "Point",
        "coordinates": [
          1.953794528142078,
          41.26388818342464
        ]
      },
      "properties": {
        "date": "2025-01-09"
      }
    },
    {
      "type": "Feature",
      "geometry": {
        "type": "Point",
        "coordinates": [
          1.953817601639346,
          41.26388818342464
        ]
      },
      "properties": {
        "date": "2025-01-09"
      }
    },
    {
      "type": "Feature",
      "geometry": {
        "type": "Point",
        "coordinates": [
          1.9538406751366137,
          41.26388818342464
        ]
      },
      "properties": {
        "date": "2025-01-09"
      }
    },
    {
      "type": "Feature",
      "geometry": {
        "type": "Point",
        "coordinates": [
          1.9538637486338815,
          41.26388818342464
        ]
      },
      "properties": {
        "date": "2025-01-09"
      }
    },
    {
      "type": "Feature",
      "geometry": {
        "type": "Point",
        "coordinates": [
          1.9538868221311492,
          41.26388818342464
        ]
      },
      "properties": {
        "date": "2025-01-09"
      }
    },
    {
      "type": "Feature",
      "geometry": {
        "type": "Point",
        "coordinates": [
          1.9539098956284169,
          41.26388818342464
        ]
      },
      "properties": {
        "date": "2025-01-09"
      }
    },
    {
      "type": "Feature",
      "geometry": {
        "type": "Point",
        "coordinates": [
          1.9539329691256848,
          41.26388818342464
        ]
      },
      "properties": {
        "date": "2025-01-09"
      }
    },
    {
      "type": "Feature",
      "geometry": {
        "type": "Point",
        "coordinates": [
          1.9539560426229525,
          41.26388818342464
        ]
      },
      "properties": {
        "date": "2025-01-09"
      }
    },
    {
      "type": "Feature",
      "geometry": {
        "type": "Point",
        "coordinates": [
          1.9539791161202202,
          41.26388818342464
        ]
      },
      "properties": {
        "date": "2025-01-09"
      }
    },
    {
      "type": "Feature",
      "geometry": {
        "type": "Point",
        "coordinates": [
          1.954002189617488,
          41.26388818342464
        ]
      },
      "properties": {
        "date": "2025-01-09"
      }
    },
    {
      "type": "Feature",
      "geometry": {
        "type": "Point",
        "coordinates": [
          1.9540252631147557,
          41.26388818342464
        ]
      },
      "properties": {
        "date": "2025-01-09"
      }
    },
    {
      "type": "Feature",
      "geometry": {
        "type": "Point",
        "coordinates": [
          1.9540483366120236,
          41.26388818342464
        ]
      },
      "properties": {
        "date": "2025-01-09"
      }
    },
    {
      "type": "Feature",
      "geometry": {
        "type": "Point",
        "coordinates": [
          1.9540714101092913,
          41.26388818342464
        ]
      },
      "properties": {
        "date": "2025-01-09"
      }
    },
    {
      "type": "Feature",
      "geometry": {
        "type": "Point",
        "coordinates": [
          1.954094483606559,
          41.26388818342464
        ]
      },
      "properties": {
        "date": "2025-01-09"
      }
    },
    {
      "type": "Feature",
      "geometry": {
        "type": "Point",
        "coordinates": [
          1.9541175571038267,
          41.26388818342464
        ]
      },
      "properties": {
        "date": "2025-01-09"
      }
    },
    {
      "type": "Feature",
      "geometry": {
        "type": "Point",
        "coordinates": [
          1.9541406306010947,
          41.26388818342464
        ]
      },
      "properties": {
        "date": "2025-01-09"
      }
    },
    {
      "type": "Feature",
      "geometry": {
        "type": "Point",
        "coordinates": [
          1.9541637040983624,
          41.26388818342464
        ]
      },
      "properties": {
        "date": "2025-01-09"
      }
    },
    {
      "type": "Feature",
      "geometry": {
        "type": "Point",
        "coordinates": [
          1.95418677759563,
          41.26388818342464
        ]
      },
      "properties": {
        "date": "2025-01-09"
      }
    },
    {
      "type": "Feature",
      "geometry": {
        "type": "Point",
        "coordinates": [
          1.9542098510928978,
          41.26388818342464
        ]
      },
      "properties": {
        "date": "2025-01-09"
      }
    },
    {
      "type": "Feature",
      "geometry": {
        "type": "Point",
        "coordinates": [
          1.9542329245901655,
          41.26388818342464
        ]
      },
      "properties": {
        "date": "2025-01-09"
      }
    },
    {
      "type": "Feature",
      "geometry": {
        "type": "Point",
        "coordinates": [
          1.9542559980874334,
          41.26388818342464
        ]
      },
      "properties": {
        "date": "2025-01-09"
      }
    },
    {
      "type": "Feature",
      "geometry": {
        "type": "Point",
        "coordinates": [
          1.9542790715847012,
          41.26388818342464
        ]
      },
      "properties": {
        "date": "2025-01-09"
      }
    },
    {
      "type": "Feature",
      "geometry": {
        "type": "Point",
        "coordinates": [
          1.9543021450819689,
          41.26388818342464
        ]
      },
      "properties": {
        "date": "2025-01-09"
      }
    },
    {
      "type": "Feature",
      "geometry": {
        "type": "Point",
        "coordinates": [
          1.9543252185792366,
          41.26388818342464
        ]
      },
      "properties": {
        "date": "2025-01-09"
      }
    },
    {
      "type": "Feature",
      "geometry": {
        "type": "Point",
        "coordinates": [
          1.9543482920765043,
          41.26388818342464
        ]
      },
      "properties": {
        "date": "2025-01-09"
      }
    },
    {
      "type": "Feature",
      "geometry": {
        "type": "Point",
        "coordinates": [
          1.9543713655737722,
          41.26388818342464
        ]
      },
      "properties": {
        "date": "2025-01-09"
      }
    },
    {
      "type": "Feature",
      "geometry": {
        "type": "Point",
        "coordinates": [
          1.95439443907104,
          41.26388818342464
        ]
      },
      "properties": {
        "date": "2025-01-09"
      }
    },
    {
      "type": "Feature",
      "geometry": {
        "type": "Point",
        "coordinates": [
          1.9544175125683076,
          41.26388818342464
        ]
      },
      "properties": {
        "date": "2025-01-09"
      }
    },
    {
      "type": "Feature",
      "geometry": {
        "type": "Point",
        "coordinates": [
          1.9544405860655754,
          41.26388818342464
        ]
      },
      "properties": {
        "date": "2025-01-09"
      }
    },
    {
      "type": "Feature",
      "geometry": {
        "type": "Point",
        "coordinates": [
          1.9544636595628433,
          41.26388818342464
        ]
      },
      "properties": {
        "date": "2025-01-09"
      }
    },
    {
      "type": "Feature",
      "geometry": {
        "type": "Point",
        "coordinates": [
          1.954486733060111,
          41.26388818342464
        ]
      },
      "properties": {
        "date": "2025-01-09"
      }
    },
    {
      "type": "Feature",
      "geometry": {
        "type": "Point",
        "coordinates": [
          1.9545098065573787,
          41.26388818342464
        ]
      },
      "properties": {
        "date": "2025-01-09"
      }
    },
    {
      "type": "Feature",
      "geometry": {
        "type": "Point",
        "coordinates": [
          1.9545328800546464,
          41.26388818342464
        ]
      },
      "properties": {
        "date": "2025-01-09"
      }
    },
    {
      "type": "Feature",
      "geometry": {
        "type": "Point",
        "coordinates": [
          1.9545559535519141,
          41.26388818342464
        ]
      },
      "properties": {
        "date": "2025-01-09"
      }
    },
    {
      "type": "Feature",
      "geometry": {
        "type": "Point",
        "coordinates": [
          1.954579027049182,
          41.26388818342464
        ]
      },
      "properties": {
        "date": "2025-01-09"
      }
    },
    {
      "type": "Feature",
      "geometry": {
        "type": "Point",
        "coordinates": [
          1.9546021005464498,
          41.26388818342464
        ]
      },
      "properties": {
        "date": "2025-01-09"
      }
    },
    {
      "type": "Feature",
      "geometry": {
        "type": "Point",
        "coordinates": [
          1.9546251740437175,
          41.26388818342464
        ]
      },
      "properties": {
        "date": "2025-01-09"
      }
    },
    {
      "type": "Feature",
      "geometry": {
        "type": "Point",
        "coordinates": [
          1.9546482475409852,
          41.26388818342464
        ]
      },
      "properties": {
        "date": "2025-01-09"
      }
    },
    {
      "type": "Feature",
      "geometry": {
        "type": "Point",
        "coordinates": [
          1.9546713210382531,
          41.26388818342464
        ]
      },
      "properties": {
        "date": "2025-01-09"
      }
    },
    {
      "type": "Feature",
      "geometry": {
        "type": "Point",
        "coordinates": [
          1.9546943945355209,
          41.26388818342464
        ]
      },
      "properties": {
        "date": "2025-01-09"
      }
    },
    {
      "type": "Feature",
      "geometry": {
        "type": "Point",
        "coordinates": [
          1.9547174680327886,
          41.26388818342464
        ]
      },
      "properties": {
        "date": "2025-01-09"
      }
    },
    {
      "type": "Feature",
      "geometry": {
        "type": "Point",
        "coordinates": [
          1.9547405415300563,
          41.26388818342464
        ]
      },
      "properties": {
        "date": "2025-01-09"
      }
    },
    {
      "type": "Feature",
      "geometry": {
        "type": "Point",
        "coordinates": [
          1.954763615027324,
          41.26388818342464
        ]
      },
      "properties": {
        "date": "2025-01-09"
      }
    },
    {
      "type": "Feature",
      "geometry": {
        "type": "Point",
        "coordinates": [
          1.954786688524592,
          41.26388818342464
        ]
      },
      "properties": {
        "date": "2025-01-09"
      }
    },
    {
      "type": "Feature",
      "geometry": {
        "type": "Point",
        "coordinates": [
          1.9548097620218596,
          41.26388818342464
        ]
      },
      "properties": {
        "date": "2025-01-09"
      }
    },
    {
      "type": "Feature",
      "geometry": {
        "type": "Point",
        "coordinates": [
          1.9548328355191273,
          41.26388818342464
        ]
      },
      "properties": {
        "date": "2025-01-09"
      }
    },
    {
      "type": "Feature",
      "geometry": {
        "type": "Point",
        "coordinates": [
          1.955640407923499,
          41.26388818342464
        ]
      },
      "properties": {
        "date": "2025-01-09"
      }
    },
    {
      "type": "Feature",
      "geometry": {
        "type": "Point",
        "coordinates": [
          1.9556634814207667,
          41.26388818342464
        ]
      },
      "properties": {
        "date": "2025-01-09"
      }
    },
    {
      "type": "Feature",
      "geometry": {
        "type": "Point",
        "coordinates": [
          1.9556865549180344,
          41.26388818342464
        ]
      },
      "properties": {
        "date": "2025-01-09"
      }
    },
    {
      "type": "Feature",
      "geometry": {
        "type": "Point",
        "coordinates": [
          1.9557096284153022,
          41.26388818342464
        ]
      },
      "properties": {
        "date": "2025-01-09"
      }
    },
    {
      "type": "Feature",
      "geometry": {
        "type": "Point",
        "coordinates": [
          1.9557327019125699,
          41.26388818342464
        ]
      },
      "properties": {
        "date": "2025-01-09"
      }
    },
    {
      "type": "Feature",
      "geometry": {
        "type": "Point",
        "coordinates": [
          1.9557557754098378,
          41.26388818342464
        ]
      },
      "properties": {
        "date": "2025-01-09"
      }
    },
    {
      "type": "Feature",
      "geometry": {
        "type": "Point",
        "coordinates": [
          1.9557788489071055,
          41.26388818342464
        ]
      },
      "properties": {
        "date": "2025-01-09"
      }
    },
    {
      "type": "Feature",
      "geometry": {
        "type": "Point",
        "coordinates": [
          1.9558019224043732,
          41.26388818342464
        ]
      },
      "properties": {
        "date": "2025-01-09"
      }
    },
    {
      "type": "Feature",
      "geometry": {
        "type": "Point",
        "coordinates": [
          1.955824995901641,
          41.26388818342464
        ]
      },
      "properties": {
        "date": "2025-01-09"
      }
    },
    {
      "type": "Feature",
      "geometry": {
        "type": "Point",
        "coordinates": [
          1.9558480693989089,
          41.26388818342464
        ]
      },
      "properties": {
        "date": "2025-01-09"
      }
    },
    {
      "type": "Feature",
      "geometry": {
        "type": "Point",
        "coordinates": [
          1.9558711428961766,
          41.26388818342464
        ]
      },
      "properties": {
        "date": "2025-01-09"
      }
    },
    {
      "type": "Feature",
      "geometry": {
        "type": "Point",
        "coordinates": [
          1.9558942163934443,
          41.26388818342464
        ]
      },
      "properties": {
        "date": "2025-01-09"
      }
    },
    {
      "type": "Feature",
      "geometry": {
        "type": "Point",
        "coordinates": [
          1.955917289890712,
          41.26388818342464
        ]
      },
      "properties": {
        "date": "2025-01-09"
      }
    },
    {
      "type": "Feature",
      "geometry": {
        "type": "Point",
        "coordinates": [
          1.9559403633879797,
          41.26388818342464
        ]
      },
      "properties": {
        "date": "2025-01-09"
      }
    },
    {
      "type": "Feature",
      "geometry": {
        "type": "Point",
        "coordinates": [
          1.9559634368852477,
          41.26388818342464
        ]
      },
      "properties": {
        "date": "2025-01-09"
      }
    },
    {
      "type": "Feature",
      "geometry": {
        "type": "Point",
        "coordinates": [
          1.9559865103825154,
          41.26388818342464
        ]
      },
      "properties": {
        "date": "2025-01-09"
      }
    },
    {
      "type": "Feature",
      "geometry": {
        "type": "Point",
        "coordinates": [
          1.956009583879783,
          41.26388818342464
        ]
      },
      "properties": {
        "date": "2025-01-09"
      }
    },
    {
      "type": "Feature",
      "geometry": {
        "type": "Point",
        "coordinates": [
          1.9560326573770508,
          41.26388818342464
        ]
      },
      "properties": {
        "date": "2025-01-09"
      }
    },
    {
      "type": "Feature",
      "geometry": {
        "type": "Point",
        "coordinates": [
          1.9560557308743185,
          41.26388818342464
        ]
      },
      "properties": {
        "date": "2025-01-09"
      }
    },
    {
      "type": "Feature",
      "geometry": {
        "type": "Point",
        "coordinates": [
          1.9560788043715864,
          41.26388818342464
        ]
      },
      "properties": {
        "date": "2025-01-09"
      }
    },
    {
      "type": "Feature",
      "geometry": {
        "type": "Point",
        "coordinates": [
          1.9561018778688541,
          41.26388818342464
        ]
      },
      "properties": {
        "date": "2025-01-09"
      }
    },
    {
      "type": "Feature",
      "geometry": {
        "type": "Point",
        "coordinates": [
          1.9561249513661219,
          41.26388818342464
        ]
      },
      "properties": {
        "date": "2025-01-09"
      }
    },
    {
      "type": "Feature",
      "geometry": {
        "type": "Point",
        "coordinates": [
          1.9561480248633896,
          41.26388818342464
        ]
      },
      "properties": {
        "date": "2025-01-09"
      }
    },
    {
      "type": "Feature",
      "geometry": {
        "type": "Point",
        "coordinates": [
          1.9561710983606575,
          41.26388818342464
        ]
      },
      "properties": {
        "date": "2025-01-09"
      }
    },
    {
      "type": "Feature",
      "geometry": {
        "type": "Point",
        "coordinates": [
          1.9561941718579252,
          41.26388818342464
        ]
      },
      "properties": {
        "date": "2025-01-09"
      }
    },
    {
      "type": "Feature",
      "geometry": {
        "type": "Point",
        "coordinates": [
          1.956217245355193,
          41.26388818342464
        ]
      },
      "properties": {
        "date": "2025-01-09"
      }
    },
    {
      "type": "Feature",
      "geometry": {
        "type": "Point",
        "coordinates": [
          1.9562403188524606,
          41.26388818342464
        ]
      },
      "properties": {
        "date": "2025-01-09"
      }
    },
    {
      "type": "Feature",
      "geometry": {
        "type": "Point",
        "coordinates": [
          1.9562633923497283,
          41.26388818342464
        ]
      },
      "properties": {
        "date": "2025-01-09"
      }
    },
    {
      "type": "Feature",
      "geometry": {
        "type": "Point",
        "coordinates": [
          1.9562864658469963,
          41.26388818342464
        ]
      },
      "properties": {
        "date": "2025-01-09"
      }
    },
    {
      "type": "Feature",
      "geometry": {
        "type": "Point",
        "coordinates": [
          1.956309539344264,
          41.26388818342464
        ]
      },
      "properties": {
        "date": "2025-01-09"
      }
    },
    {
      "type": "Feature",
      "geometry": {
        "type": "Point",
        "coordinates": [
          1.9563326128415317,
          41.26388818342464
        ]
      },
      "properties": {
        "date": "2025-01-09"
      }
    },
    {
      "type": "Feature",
      "geometry": {
        "type": "Point",
        "coordinates": [
          1.9563556863387994,
          41.26388818342464
        ]
      },
      "properties": {
        "date": "2025-01-09"
      }
    },
    {
      "type": "Feature",
      "geometry": {
        "type": "Point",
        "coordinates": [
          1.9563787598360671,
          41.26388818342464
        ]
      },
      "properties": {
        "date": "2025-01-09"
      }
    },
    {
      "type": "Feature",
      "geometry": {
        "type": "Point",
        "coordinates": [
          1.956401833333335,
          41.26388818342464
        ]
      },
      "properties": {
        "date": "2025-01-09"
      }
    },
    {
      "type": "Feature",
      "geometry": {
        "type": "Point",
        "coordinates": [
          1.9564249068306028,
          41.26388818342464
        ]
      },
      "properties": {
        "date": "2025-01-09"
      }
    },
    {
      "type": "Feature",
      "geometry": {
        "type": "Point",
        "coordinates": [
          1.9564479803278705,
          41.26388818342464
        ]
      },
      "properties": {
        "date": "2025-01-09"
      }
    },
    {
      "type": "Feature",
      "geometry": {
        "type": "Point",
        "coordinates": [
          1.9564710538251382,
          41.26388818342464
        ]
      },
      "properties": {
        "date": "2025-01-09"
      }
    },
    {
      "type": "Feature",
      "geometry": {
        "type": "Point",
        "coordinates": [
          1.9564941273224061,
          41.26388818342464
        ]
      },
      "properties": {
        "date": "2025-01-09"
      }
    },
    {
      "type": "Feature",
      "geometry": {
        "type": "Point",
        "coordinates": [
          1.9565172008196738,
          41.26388818342464
        ]
      },
      "properties": {
        "date": "2025-01-09"
      }
    },
    {
      "type": "Feature",
      "geometry": {
        "type": "Point",
        "coordinates": [
          1.9565402743169416,
          41.26388818342464
        ]
      },
      "properties": {
        "date": "2025-01-09"
      }
    },
    {
      "type": "Feature",
      "geometry": {
        "type": "Point",
        "coordinates": [
          1.9565633478142093,
          41.26388818342464
        ]
      },
      "properties": {
        "date": "2025-01-09"
      }
    },
    {
      "type": "Feature",
      "geometry": {
        "type": "Point",
        "coordinates": [
          1.956586421311477,
          41.26388818342464
        ]
      },
      "properties": {
        "date": "2025-01-09"
      }
    },
    {
      "type": "Feature",
      "geometry": {
        "type": "Point",
        "coordinates": [
          1.956609494808745,
          41.26388818342464
        ]
      },
      "properties": {
        "date": "2025-01-09"
      }
    },
    {
      "type": "Feature",
      "geometry": {
        "type": "Point",
        "coordinates": [
          1.9569555972677612,
          41.26388818342464
        ]
      },
      "properties": {
        "date": "2025-01-09"
      }
    },
    {
      "type": "Feature",
      "geometry": {
        "type": "Point",
        "coordinates": [
          1.9572094057377065,
          41.26388818342464
        ]
      },
      "properties": {
        "date": "2025-01-09"
      }
    },
    {
      "type": "Feature",
      "geometry": {
        "type": "Point",
        "coordinates": [
          1.9576708756830619,
          41.26388818342464
        ]
      },
      "properties": {
        "date": "2025-01-09"
      }
    },
    {
      "type": "Feature",
      "geometry": {
        "type": "Point",
        "coordinates": [
          1.9586399625683077,
          41.26388818342464
        ]
      },
      "properties": {
        "date": "2025-01-09"
      }
    },
    {
      "type": "Feature",
      "geometry": {
        "type": "Point",
        "coordinates": [
          1.9586630360655755,
          41.26388818342464
        ]
      },
      "properties": {
        "date": "2025-01-09"
      }
    },
    {
      "type": "Feature",
      "geometry": {
        "type": "Point",
        "coordinates": [
          1.9586861095628432,
          41.26388818342464
        ]
      },
      "properties": {
        "date": "2025-01-09"
      }
    },
    {
      "type": "Feature",
      "geometry": {
        "type": "Point",
        "coordinates": [
          1.9587091830601109,
          41.26388818342464
        ]
      },
      "properties": {
        "date": "2025-01-09"
      }
    },
    {
      "type": "Feature",
      "geometry": {
        "type": "Point",
        "coordinates": [
          1.9587322565573786,
          41.26388818342464
        ]
      },
      "properties": {
        "date": "2025-01-09"
      }
    },
    {
      "type": "Feature",
      "geometry": {
        "type": "Point",
        "coordinates": [
          1.9587553300546465,
          41.26388818342464
        ]
      },
      "properties": {
        "date": "2025-01-09"
      }
    },
    {
      "type": "Feature",
      "geometry": {
        "type": "Point",
        "coordinates": [
          1.9587784035519142,
          41.26388818342464
        ]
      },
      "properties": {
        "date": "2025-01-09"
      }
    },
    {
      "type": "Feature",
      "geometry": {
        "type": "Point",
        "coordinates": [
          1.958801477049182,
          41.26388818342464
        ]
      },
      "properties": {
        "date": "2025-01-09"
      }
    },
    {
      "type": "Feature",
      "geometry": {
        "type": "Point",
        "coordinates": [
          1.9588245505464497,
          41.26388818342464
        ]
      },
      "properties": {
        "date": "2025-01-09"
      }
    },
    {
      "type": "Feature",
      "geometry": {
        "type": "Point",
        "coordinates": [
          1.9588476240437176,
          41.26388818342464
        ]
      },
      "properties": {
        "date": "2025-01-09"
      }
    },
    {
      "type": "Feature",
      "geometry": {
        "type": "Point",
        "coordinates": [
          1.9588706975409853,
          41.26388818342464
        ]
      },
      "properties": {
        "date": "2025-01-09"
      }
    },
    {
      "type": "Feature",
      "geometry": {
        "type": "Point",
        "coordinates": [
          1.958893771038253,
          41.26388818342464
        ]
      },
      "properties": {
        "date": "2025-01-09"
      }
    },
    {
      "type": "Feature",
      "geometry": {
        "type": "Point",
        "coordinates": [
          1.9589168445355207,
          41.26388818342464
        ]
      },
      "properties": {
        "date": "2025-01-09"
      }
    },
    {
      "type": "Feature",
      "geometry": {
        "type": "Point",
        "coordinates": [
          1.9589399180327884,
          41.26388818342464
        ]
      },
      "properties": {
        "date": "2025-01-09"
      }
    },
    {
      "type": "Feature",
      "geometry": {
        "type": "Point",
        "coordinates": [
          1.9589629915300564,
          41.26388818342464
        ]
      },
      "properties": {
        "date": "2025-01-09"
      }
    },
    {
      "type": "Feature",
      "geometry": {
        "type": "Point",
        "coordinates": [
          1.958986065027324,
          41.26388818342464
        ]
      },
      "properties": {
        "date": "2025-01-09"
      }
    },
    {
      "type": "Feature",
      "geometry": {
        "type": "Point",
        "coordinates": [
          1.960324327868854,
          41.26388818342464
        ]
      },
      "properties": {
        "date": "2025-01-09"
      }
    },
    {
      "type": "Feature",
      "geometry": {
        "type": "Point",
        "coordinates": [
          1.960347401366122,
          41.26388818342464
        ]
      },
      "properties": {
        "date": "2025-01-09"
      }
    },
    {
      "type": "Feature",
      "geometry": {
        "type": "Point",
        "coordinates": [
          1.9603704748633897,
          41.26388818342464
        ]
      },
      "properties": {
        "date": "2025-01-09"
      }
    },
    {
      "type": "Feature",
      "geometry": {
        "type": "Point",
        "coordinates": [
          1.9603935483606574,
          41.26388818342464
        ]
      },
      "properties": {
        "date": "2025-01-09"
      }
    },
    {
      "type": "Feature",
      "geometry": {
        "type": "Point",
        "coordinates": [
          1.960416621857925,
          41.26388818342464
        ]
      },
      "properties": {
        "date": "2025-01-09"
      }
    },
    {
      "type": "Feature",
      "geometry": {
        "type": "Point",
        "coordinates": [
          1.9604396953551928,
          41.26388818342464
        ]
      },
      "properties": {
        "date": "2025-01-09"
      }
    },
    {
      "type": "Feature",
      "geometry": {
        "type": "Point",
        "coordinates": [
          1.9604627688524607,
          41.26388818342464
        ]
      },
      "properties": {
        "date": "2025-01-09"
      }
    },
    {
      "type": "Feature",
      "geometry": {
        "type": "Point",
        "coordinates": [
          1.9604858423497284,
          41.26388818342464
        ]
      },
      "properties": {
        "date": "2025-01-09"
      }
    },
    {
      "type": "Feature",
      "geometry": {
        "type": "Point",
        "coordinates": [
          1.9605089158469962,
          41.26388818342464
        ]
      },
      "properties": {
        "date": "2025-01-09"
      }
    },
    {
      "type": "Feature",
      "geometry": {
        "type": "Point",
        "coordinates": [
          1.9605319893442639,
          41.26388818342464
        ]
      },
      "properties": {
        "date": "2025-01-09"
      }
    },
    {
      "type": "Feature",
      "geometry": {
        "type": "Point",
        "coordinates": [
          1.9605550628415316,
          41.26388818342464
        ]
      },
      "properties": {
        "date": "2025-01-09"
      }
    },
    {
      "type": "Feature",
      "geometry": {
        "type": "Point",
        "coordinates": [
          1.9605781363387995,
          41.26388818342464
        ]
      },
      "properties": {
        "date": "2025-01-09"
      }
    },
    {
      "type": "Feature",
      "geometry": {
        "type": "Point",
        "coordinates": [
          1.9606012098360672,
          41.26388818342464
        ]
      },
      "properties": {
        "date": "2025-01-09"
      }
    },
    {
      "type": "Feature",
      "geometry": {
        "type": "Point",
        "coordinates": [
          1.960624283333335,
          41.26388818342464
        ]
      },
      "properties": {
        "date": "2025-01-09"
      }
    },
    {
      "type": "Feature",
      "geometry": {
        "type": "Point",
        "coordinates": [
          1.9606473568306027,
          41.26388818342464
        ]
      },
      "properties": {
        "date": "2025-01-09"
      }
    },
    {
      "type": "Feature",
      "geometry": {
        "type": "Point",
        "coordinates": [
          1.9606704303278706,
          41.26388818342464
        ]
      },
      "properties": {
        "date": "2025-01-09"
      }
    },
    {
      "type": "Feature",
      "geometry": {
        "type": "Point",
        "coordinates": [
          1.9606935038251383,
          41.26388818342464
        ]
      },
      "properties": {
        "date": "2025-01-09"
      }
    },
    {
      "type": "Feature",
      "geometry": {
        "type": "Point",
        "coordinates": [
          1.960716577322406,
          41.26388818342464
        ]
      },
      "properties": {
        "date": "2025-01-09"
      }
    },
    {
      "type": "Feature",
      "geometry": {
        "type": "Point",
        "coordinates": [
          1.9607396508196737,
          41.26388818342464
        ]
      },
      "properties": {
        "date": "2025-01-09"
      }
    },
    {
      "type": "Feature",
      "geometry": {
        "type": "Point",
        "coordinates": [
          1.9607627243169414,
          41.26388818342464
        ]
      },
      "properties": {
        "date": "2025-01-09"
      }
    },
    {
      "type": "Feature",
      "geometry": {
        "type": "Point",
        "coordinates": [
          1.9607857978142094,
          41.26388818342464
        ]
      },
      "properties": {
        "date": "2025-01-09"
      }
    },
    {
      "type": "Feature",
      "geometry": {
        "type": "Point",
        "coordinates": [
          1.960808871311477,
          41.26388818342464
        ]
      },
      "properties": {
        "date": "2025-01-09"
      }
    },
    {
      "type": "Feature",
      "geometry": {
        "type": "Point",
        "coordinates": [
          1.9608319448087448,
          41.26388818342464
        ]
      },
      "properties": {
        "date": "2025-01-09"
      }
    },
    {
      "type": "Feature",
      "geometry": {
        "type": "Point",
        "coordinates": [
          1.9608550183060125,
          41.26388818342464
        ]
      },
      "properties": {
        "date": "2025-01-09"
      }
    },
    {
      "type": "Feature",
      "geometry": {
        "type": "Point",
        "coordinates": [
          1.9608780918032802,
          41.26388818342464
        ]
      },
      "properties": {
        "date": "2025-01-09"
      }
    },
    {
      "type": "Feature",
      "geometry": {
        "type": "Point",
        "coordinates": [
          1.9609011653005481,
          41.26388818342464
        ]
      },
      "properties": {
        "date": "2025-01-09"
      }
    },
    {
      "type": "Feature",
      "geometry": {
        "type": "Point",
        "coordinates": [
          1.961870252185794,
          41.26388818342464
        ]
      },
      "properties": {
        "date": "2025-01-09"
      }
    },
    {
      "type": "Feature",
      "geometry": {
        "type": "Point",
        "coordinates": [
          1.9621932811475427,
          41.26388818342464
        ]
      },
      "properties": {
        "date": "2025-01-09"
      }
    },
    {
      "type": "Feature",
      "geometry": {
        "type": "Point",
        "coordinates": [
          1.9624701631147556,
          41.26388818342464
        ]
      },
      "properties": {
        "date": "2025-01-09"
      }
    },
    {
      "type": "Feature",
      "geometry": {
        "type": "Point",
        "coordinates": [
          1.9632777355191273,
          41.26388818342464
        ]
      },
      "properties": {
        "date": "2025-01-09"
      }
    },
    {
      "type": "Feature",
      "geometry": {
        "type": "Point",
        "coordinates": [
          1.9635315439890726,
          41.26388818342464
        ]
      },
      "properties": {
        "date": "2025-01-09"
      }
    },
    {
      "type": "Feature",
      "geometry": {
        "type": "Point",
        "coordinates": [
          1.9635546174863405,
          41.26388818342464
        ]
      },
      "properties": {
        "date": "2025-01-09"
      }
    },
    {
      "type": "Feature",
      "geometry": {
        "type": "Point",
        "coordinates": [
          1.9635776909836082,
          41.26388818342464
        ]
      },
      "properties": {
        "date": "2025-01-09"
      }
    },
    {
      "type": "Feature",
      "geometry": {
        "type": "Point",
        "coordinates": [
          1.963600764480876,
          41.26388818342464
        ]
      },
      "properties": {
        "date": "2025-01-09"
      }
    },
    {
      "type": "Feature",
      "geometry": {
        "type": "Point",
        "coordinates": [
          1.9636238379781437,
          41.26388818342464
        ]
      },
      "properties": {
        "date": "2025-01-09"
      }
    },
    {
      "type": "Feature",
      "geometry": {
        "type": "Point",
        "coordinates": [
          1.9636469114754114,
          41.26388818342464
        ]
      },
      "properties": {
        "date": "2025-01-09"
      }
    },
    {
      "type": "Feature",
      "geometry": {
        "type": "Point",
        "coordinates": [
          1.9636699849726793,
          41.26388818342464
        ]
      },
      "properties": {
        "date": "2025-01-09"
      }
    },
    {
      "type": "Feature",
      "geometry": {
        "type": "Point",
        "coordinates": [
          1.963693058469947,
          41.26388818342464
        ]
      },
      "properties": {
        "date": "2025-01-09"
      }
    },
    {
      "type": "Feature",
      "geometry": {
        "type": "Point",
        "coordinates": [
          1.9637161319672147,
          41.26388818342464
        ]
      },
      "properties": {
        "date": "2025-01-09"
      }
    },
    {
      "type": "Feature",
      "geometry": {
        "type": "Point",
        "coordinates": [
          1.9637392054644824,
          41.26388818342464
        ]
      },
      "properties": {
        "date": "2025-01-09"
      }
    },
    {
      "type": "Feature",
      "geometry": {
        "type": "Point",
        "coordinates": [
          1.9637622789617502,
          41.26388818342464
        ]
      },
      "properties": {
        "date": "2025-01-09"
      }
    },
    {
      "type": "Feature",
      "geometry": {
        "type": "Point",
        "coordinates": [
          1.963785352459018,
          41.26388818342464
        ]
      },
      "properties": {
        "date": "2025-01-09"
      }
    },
    {
      "type": "Feature",
      "geometry": {
        "type": "Point",
        "coordinates": [
          1.9638084259562858,
          41.26388818342464
        ]
      },
      "properties": {
        "date": "2025-01-09"
      }
    },
    {
      "type": "Feature",
      "geometry": {
        "type": "Point",
        "coordinates": [
          1.9638314994535535,
          41.26388818342464
        ]
      },
      "properties": {
        "date": "2025-01-09"
      }
    },
    {
      "type": "Feature",
      "geometry": {
        "type": "Point",
        "coordinates": [
          1.9638545729508212,
          41.26388818342464
        ]
      },
      "properties": {
        "date": "2025-01-09"
      }
    },
    {
      "type": "Feature",
      "geometry": {
        "type": "Point",
        "coordinates": [
          1.9638776464480892,
          41.26388818342464
        ]
      },
      "properties": {
        "date": "2025-01-09"
      }
    },
    {
      "type": "Feature",
      "geometry": {
        "type": "Point",
        "coordinates": [
          1.9639007199453569,
          41.26388818342464
        ]
      },
      "properties": {
        "date": "2025-01-09"
      }
    },
    {
      "type": "Feature",
      "geometry": {
        "type": "Point",
        "coordinates": [
          1.9639237934426246,
          41.26388818342464
        ]
      },
      "properties": {
        "date": "2025-01-09"
      }
    },
    {
      "type": "Feature",
      "geometry": {
        "type": "Point",
        "coordinates": [
          1.9639468669398923,
          41.26388818342464
        ]
      },
      "properties": {
        "date": "2025-01-09"
      }
    },
    {
      "type": "Feature",
      "geometry": {
        "type": "Point",
        "coordinates": [
          1.96396994043716,
          41.26388818342464
        ]
      },
      "properties": {
        "date": "2025-01-09"
      }
    },
    {
      "type": "Feature",
      "geometry": {
        "type": "Point",
        "coordinates": [
          1.963993013934428,
          41.26388818342464
        ]
      },
      "properties": {
        "date": "2025-01-09"
      }
    },
    {
      "type": "Feature",
      "geometry": {
        "type": "Point",
        "coordinates": [
          1.9640160874316956,
          41.26388818342464
        ]
      },
      "properties": {
        "date": "2025-01-09"
      }
    },
    {
      "type": "Feature",
      "geometry": {
        "type": "Point",
        "coordinates": [
          1.9640391609289634,
          41.26388818342464
        ]
      },
      "properties": {
        "date": "2025-01-09"
      }
    },
    {
      "type": "Feature",
      "geometry": {
        "type": "Point",
        "coordinates": [
          1.964062234426231,
          41.26388818342464
        ]
      },
      "properties": {
        "date": "2025-01-09"
      }
    },
    {
      "type": "Feature",
      "geometry": {
        "type": "Point",
        "coordinates": [
          1.9640853079234988,
          41.26388818342464
        ]
      },
      "properties": {
        "date": "2025-01-09"
      }
    },
    {
      "type": "Feature",
      "geometry": {
        "type": "Point",
        "coordinates": [
          1.9641083814207667,
          41.26388818342464
        ]
      },
      "properties": {
        "date": "2025-01-09"
      }
    },
    {
      "type": "Feature",
      "geometry": {
        "type": "Point",
        "coordinates": [
          1.9641314549180344,
          41.26388818342464
        ]
      },
      "properties": {
        "date": "2025-01-09"
      }
    },
    {
      "type": "Feature",
      "geometry": {
        "type": "Point",
        "coordinates": [
          1.970684328142078,
          41.26388818342464
        ]
      },
      "properties": {
        "date": "2025-01-09"
      }
    },
    {
      "type": "Feature",
      "geometry": {
        "type": "Point",
        "coordinates": [
          1.9495720781420782,
          41.26382827841553
        ]
      },
      "properties": {
        "date": "2025-01-09"
      }
    },
    {
      "type": "Feature",
      "geometry": {
        "type": "Point",
        "coordinates": [
          1.949595151639346,
          41.26382827841553
        ]
      },
      "properties": {
        "date": "2025-01-09"
      }
    },
    {
      "type": "Feature",
      "geometry": {
        "type": "Point",
        "coordinates": [
          1.9496182251366136,
          41.26382827841553
        ]
      },
      "properties": {
        "date": "2025-01-09"
      }
    },
    {
      "type": "Feature",
      "geometry": {
        "type": "Point",
        "coordinates": [
          1.9496412986338816,
          41.26382827841553
        ]
      },
      "properties": {
        "date": "2025-01-09"
      }
    },
    {
      "type": "Feature",
      "geometry": {
        "type": "Point",
        "coordinates": [
          1.9496643721311493,
          41.26382827841553
        ]
      },
      "properties": {
        "date": "2025-01-09"
      }
    },
    {
      "type": "Feature",
      "geometry": {
        "type": "Point",
        "coordinates": [
          1.949687445628417,
          41.26382827841553
        ]
      },
      "properties": {
        "date": "2025-01-09"
      }
    },
    {
      "type": "Feature",
      "geometry": {
        "type": "Point",
        "coordinates": [
          1.9497105191256847,
          41.26382827841553
        ]
      },
      "properties": {
        "date": "2025-01-09"
      }
    },
    {
      "type": "Feature",
      "geometry": {
        "type": "Point",
        "coordinates": [
          1.9497335926229524,
          41.26382827841553
        ]
      },
      "properties": {
        "date": "2025-01-09"
      }
    },
    {
      "type": "Feature",
      "geometry": {
        "type": "Point",
        "coordinates": [
          1.9497566661202204,
          41.26382827841553
        ]
      },
      "properties": {
        "date": "2025-01-09"
      }
    },
    {
      "type": "Feature",
      "geometry": {
        "type": "Point",
        "coordinates": [
          1.949779739617488,
          41.26382827841553
        ]
      },
      "properties": {
        "date": "2025-01-09"
      }
    },
    {
      "type": "Feature",
      "geometry": {
        "type": "Point",
        "coordinates": [
          1.9498028131147558,
          41.26382827841553
        ]
      },
      "properties": {
        "date": "2025-01-09"
      }
    },
    {
      "type": "Feature",
      "geometry": {
        "type": "Point",
        "coordinates": [
          1.9498258866120235,
          41.26382827841553
        ]
      },
      "properties": {
        "date": "2025-01-09"
      }
    },
    {
      "type": "Feature",
      "geometry": {
        "type": "Point",
        "coordinates": [
          1.9498489601092912,
          41.26382827841553
        ]
      },
      "properties": {
        "date": "2025-01-09"
      }
    },
    {
      "type": "Feature",
      "geometry": {
        "type": "Point",
        "coordinates": [
          1.9498720336065591,
          41.26382827841553
        ]
      },
      "properties": {
        "date": "2025-01-09"
      }
    },
    {
      "type": "Feature",
      "geometry": {
        "type": "Point",
        "coordinates": [
          1.9498951071038269,
          41.26382827841553
        ]
      },
      "properties": {
        "date": "2025-01-09"
      }
    },
    {
      "type": "Feature",
      "geometry": {
        "type": "Point",
        "coordinates": [
          1.9499181806010946,
          41.26382827841553
        ]
      },
      "properties": {
        "date": "2025-01-09"
      }
    },
    {
      "type": "Feature",
      "geometry": {
        "type": "Point",
        "coordinates": [
          1.9499412540983623,
          41.26382827841553
        ]
      },
      "properties": {
        "date": "2025-01-09"
      }
    },
    {
      "type": "Feature",
      "geometry": {
        "type": "Point",
        "coordinates": [
          1.9499643275956302,
          41.26382827841553
        ]
      },
      "properties": {
        "date": "2025-01-09"
      }
    },
    {
      "type": "Feature",
      "geometry": {
        "type": "Point",
        "coordinates": [
          1.949987401092898,
          41.26382827841553
        ]
      },
      "properties": {
        "date": "2025-01-09"
      }
    },
    {
      "type": "Feature",
      "geometry": {
        "type": "Point",
        "coordinates": [
          1.9500104745901656,
          41.26382827841553
        ]
      },
      "properties": {
        "date": "2025-01-09"
      }
    },
    {
      "type": "Feature",
      "geometry": {
        "type": "Point",
        "coordinates": [
          1.9500335480874333,
          41.26382827841553
        ]
      },
      "properties": {
        "date": "2025-01-09"
      }
    },
    {
      "type": "Feature",
      "geometry": {
        "type": "Point",
        "coordinates": [
          1.950056621584701,
          41.26382827841553
        ]
      },
      "properties": {
        "date": "2025-01-09"
      }
    },
    {
      "type": "Feature",
      "geometry": {
        "type": "Point",
        "coordinates": [
          1.950079695081969,
          41.26382827841553
        ]
      },
      "properties": {
        "date": "2025-01-09"
      }
    },
    {
      "type": "Feature",
      "geometry": {
        "type": "Point",
        "coordinates": [
          1.9519486483606574,
          41.26382827841553
        ]
      },
      "properties": {
        "date": "2025-01-09"
      }
    },
    {
      "type": "Feature",
      "geometry": {
        "type": "Point",
        "coordinates": [
          1.9519717218579251,
          41.26382827841553
        ]
      },
      "properties": {
        "date": "2025-01-09"
      }
    },
    {
      "type": "Feature",
      "geometry": {
        "type": "Point",
        "coordinates": [
          1.9519947953551928,
          41.26382827841553
        ]
      },
      "properties": {
        "date": "2025-01-09"
      }
    },
    {
      "type": "Feature",
      "geometry": {
        "type": "Point",
        "coordinates": [
          1.9520178688524608,
          41.26382827841553
        ]
      },
      "properties": {
        "date": "2025-01-09"
      }
    },
    {
      "type": "Feature",
      "geometry": {
        "type": "Point",
        "coordinates": [
          1.9520409423497285,
          41.26382827841553
        ]
      },
      "properties": {
        "date": "2025-01-09"
      }
    },
    {
      "type": "Feature",
      "geometry": {
        "type": "Point",
        "coordinates": [
          1.9520640158469962,
          41.26382827841553
        ]
      },
      "properties": {
        "date": "2025-01-09"
      }
    },
    {
      "type": "Feature",
      "geometry": {
        "type": "Point",
        "coordinates": [
          1.952087089344264,
          41.26382827841553
        ]
      },
      "properties": {
        "date": "2025-01-09"
      }
    },
    {
      "type": "Feature",
      "geometry": {
        "type": "Point",
        "coordinates": [
          1.9521101628415318,
          41.26382827841553
        ]
      },
      "properties": {
        "date": "2025-01-09"
      }
    },
    {
      "type": "Feature",
      "geometry": {
        "type": "Point",
        "coordinates": [
          1.9521332363387995,
          41.26382827841553
        ]
      },
      "properties": {
        "date": "2025-01-09"
      }
    },
    {
      "type": "Feature",
      "geometry": {
        "type": "Point",
        "coordinates": [
          1.9521563098360672,
          41.26382827841553
        ]
      },
      "properties": {
        "date": "2025-01-09"
      }
    },
    {
      "type": "Feature",
      "geometry": {
        "type": "Point",
        "coordinates": [
          1.952179383333335,
          41.26382827841553
        ]
      },
      "properties": {
        "date": "2025-01-09"
      }
    },
    {
      "type": "Feature",
      "geometry": {
        "type": "Point",
        "coordinates": [
          1.9522024568306027,
          41.26382827841553
        ]
      },
      "properties": {
        "date": "2025-01-09"
      }
    },
    {
      "type": "Feature",
      "geometry": {
        "type": "Point",
        "coordinates": [
          1.9524101183060125,
          41.26382827841553
        ]
      },
      "properties": {
        "date": "2025-01-09"
      }
    },
    {
      "type": "Feature",
      "geometry": {
        "type": "Point",
        "coordinates": [
          1.9524331918032805,
          41.26382827841553
        ]
      },
      "properties": {
        "date": "2025-01-09"
      }
    },
    {
      "type": "Feature",
      "geometry": {
        "type": "Point",
        "coordinates": [
          1.9524562653005482,
          41.26382827841553
        ]
      },
      "properties": {
        "date": "2025-01-09"
      }
    },
    {
      "type": "Feature",
      "geometry": {
        "type": "Point",
        "coordinates": [
          1.9524793387978159,
          41.26382827841553
        ]
      },
      "properties": {
        "date": "2025-01-09"
      }
    },
    {
      "type": "Feature",
      "geometry": {
        "type": "Point",
        "coordinates": [
          1.9525024122950836,
          41.26382827841553
        ]
      },
      "properties": {
        "date": "2025-01-09"
      }
    },
    {
      "type": "Feature",
      "geometry": {
        "type": "Point",
        "coordinates": [
          1.9525254857923513,
          41.26382827841553
        ]
      },
      "properties": {
        "date": "2025-01-09"
      }
    },
    {
      "type": "Feature",
      "geometry": {
        "type": "Point",
        "coordinates": [
          1.9525485592896192,
          41.26382827841553
        ]
      },
      "properties": {
        "date": "2025-01-09"
      }
    },
    {
      "type": "Feature",
      "geometry": {
        "type": "Point",
        "coordinates": [
          1.952571632786887,
          41.26382827841553
        ]
      },
      "properties": {
        "date": "2025-01-09"
      }
    },
    {
      "type": "Feature",
      "geometry": {
        "type": "Point",
        "coordinates": [
          1.9525947062841547,
          41.26382827841553
        ]
      },
      "properties": {
        "date": "2025-01-09"
      }
    },
    {
      "type": "Feature",
      "geometry": {
        "type": "Point",
        "coordinates": [
          1.9526177797814224,
          41.26382827841553
        ]
      },
      "properties": {
        "date": "2025-01-09"
      }
    },
    {
      "type": "Feature",
      "geometry": {
        "type": "Point",
        "coordinates": [
          1.9526408532786903,
          41.26382827841553
        ]
      },
      "properties": {
        "date": "2025-01-09"
      }
    },
    {
      "type": "Feature",
      "geometry": {
        "type": "Point",
        "coordinates": [
          1.952663926775958,
          41.26382827841553
        ]
      },
      "properties": {
        "date": "2025-01-09"
      }
    },
    {
      "type": "Feature",
      "geometry": {
        "type": "Point",
        "coordinates": [
          1.9526870002732257,
          41.26382827841553
        ]
      },
      "properties": {
        "date": "2025-01-09"
      }
    },
    {
      "type": "Feature",
      "geometry": {
        "type": "Point",
        "coordinates": [
          1.9527100737704934,
          41.26382827841553
        ]
      },
      "properties": {
        "date": "2025-01-09"
      }
    },
    {
      "type": "Feature",
      "geometry": {
        "type": "Point",
        "coordinates": [
          1.9527331472677611,
          41.26382827841553
        ]
      },
      "properties": {
        "date": "2025-01-09"
      }
    },
    {
      "type": "Feature",
      "geometry": {
        "type": "Point",
        "coordinates": [
          1.952756220765029,
          41.26382827841553
        ]
      },
      "properties": {
        "date": "2025-01-09"
      }
    },
    {
      "type": "Feature",
      "geometry": {
        "type": "Point",
        "coordinates": [
          1.9527792942622968,
          41.26382827841553
        ]
      },
      "properties": {
        "date": "2025-01-09"
      }
    },
    {
      "type": "Feature",
      "geometry": {
        "type": "Point",
        "coordinates": [
          1.9528023677595645,
          41.26382827841553
        ]
      },
      "properties": {
        "date": "2025-01-09"
      }
    },
    {
      "type": "Feature",
      "geometry": {
        "type": "Point",
        "coordinates": [
          1.9528254412568322,
          41.26382827841553
        ]
      },
      "properties": {
        "date": "2025-01-09"
      }
    },
    {
      "type": "Feature",
      "geometry": {
        "type": "Point",
        "coordinates": [
          1.9528485147541,
          41.26382827841553
        ]
      },
      "properties": {
        "date": "2025-01-09"
      }
    },
    {
      "type": "Feature",
      "geometry": {
        "type": "Point",
        "coordinates": [
          1.9528715882513679,
          41.26382827841553
        ]
      },
      "properties": {
        "date": "2025-01-09"
      }
    },
    {
      "type": "Feature",
      "geometry": {
        "type": "Point",
        "coordinates": [
          1.9528946617486356,
          41.26382827841553
        ]
      },
      "properties": {
        "date": "2025-01-09"
      }
    },
    {
      "type": "Feature",
      "geometry": {
        "type": "Point",
        "coordinates": [
          1.953033102732242,
          41.26382827841553
        ]
      },
      "properties": {
        "date": "2025-01-09"
      }
    },
    {
      "type": "Feature",
      "geometry": {
        "type": "Point",
        "coordinates": [
          1.9530561762295098,
          41.26382827841553
        ]
      },
      "properties": {
        "date": "2025-01-09"
      }
    },
    {
      "type": "Feature",
      "geometry": {
        "type": "Point",
        "coordinates": [
          1.9530792497267777,
          41.26382827841553
        ]
      },
      "properties": {
        "date": "2025-01-09"
      }
    },
    {
      "type": "Feature",
      "geometry": {
        "type": "Point",
        "coordinates": [
          1.9531023232240454,
          41.26382827841553
        ]
      },
      "properties": {
        "date": "2025-01-09"
      }
    },
    {
      "type": "Feature",
      "geometry": {
        "type": "Point",
        "coordinates": [
          1.9531253967213131,
          41.26382827841553
        ]
      },
      "properties": {
        "date": "2025-01-09"
      }
    },
    {
      "type": "Feature",
      "geometry": {
        "type": "Point",
        "coordinates": [
          1.9531484702185808,
          41.26382827841553
        ]
      },
      "properties": {
        "date": "2025-01-09"
      }
    },
    {
      "type": "Feature",
      "geometry": {
        "type": "Point",
        "coordinates": [
          1.9531715437158486,
          41.26382827841553
        ]
      },
      "properties": {
        "date": "2025-01-09"
      }
    },
    {
      "type": "Feature",
      "geometry": {
        "type": "Point",
        "coordinates": [
          1.9531946172131165,
          41.26382827841553
        ]
      },
      "properties": {
        "date": "2025-01-09"
      }
    },
    {
      "type": "Feature",
      "geometry": {
        "type": "Point",
        "coordinates": [
          1.9532176907103842,
          41.26382827841553
        ]
      },
      "properties": {
        "date": "2025-01-09"
      }
    },
    {
      "type": "Feature",
      "geometry": {
        "type": "Point",
        "coordinates": [
          1.953240764207652,
          41.26382827841553
        ]
      },
      "properties": {
        "date": "2025-01-09"
      }
    },
    {
      "type": "Feature",
      "geometry": {
        "type": "Point",
        "coordinates": [
          1.9532638377049196,
          41.26382827841553
        ]
      },
      "properties": {
        "date": "2025-01-09"
      }
    },
    {
      "type": "Feature",
      "geometry": {
        "type": "Point",
        "coordinates": [
          1.9532869112021876,
          41.26382827841553
        ]
      },
      "properties": {
        "date": "2025-01-09"
      }
    },
    {
      "type": "Feature",
      "geometry": {
        "type": "Point",
        "coordinates": [
          1.9533099846994553,
          41.26382827841553
        ]
      },
      "properties": {
        "date": "2025-01-09"
      }
    },
    {
      "type": "Feature",
      "geometry": {
        "type": "Point",
        "coordinates": [
          1.953333058196723,
          41.26382827841553
        ]
      },
      "properties": {
        "date": "2025-01-09"
      }
    },
    {
      "type": "Feature",
      "geometry": {
        "type": "Point",
        "coordinates": [
          1.9533561316939907,
          41.26382827841553
        ]
      },
      "properties": {
        "date": "2025-01-09"
      }
    },
    {
      "type": "Feature",
      "geometry": {
        "type": "Point",
        "coordinates": [
          1.9548328355191273,
          41.26382827841553
        ]
      },
      "properties": {
        "date": "2025-01-09"
      }
    },
    {
      "type": "Feature",
      "geometry": {
        "type": "Point",
        "coordinates": [
          1.9569555972677612,
          41.26382827841553
        ]
      },
      "properties": {
        "date": "2025-01-09"
      }
    },
    {
      "type": "Feature",
      "geometry": {
        "type": "Point",
        "coordinates": [
          1.956978670765029,
          41.26382827841553
        ]
      },
      "properties": {
        "date": "2025-01-09"
      }
    },
    {
      "type": "Feature",
      "geometry": {
        "type": "Point",
        "coordinates": [
          1.9570017442622967,
          41.26382827841553
        ]
      },
      "properties": {
        "date": "2025-01-09"
      }
    },
    {
      "type": "Feature",
      "geometry": {
        "type": "Point",
        "coordinates": [
          1.9570248177595644,
          41.26382827841553
        ]
      },
      "properties": {
        "date": "2025-01-09"
      }
    },
    {
      "type": "Feature",
      "geometry": {
        "type": "Point",
        "coordinates": [
          1.9570478912568323,
          41.26382827841553
        ]
      },
      "properties": {
        "date": "2025-01-09"
      }
    },
    {
      "type": "Feature",
      "geometry": {
        "type": "Point",
        "coordinates": [
          1.9570709647541,
          41.26382827841553
        ]
      },
      "properties": {
        "date": "2025-01-09"
      }
    },
    {
      "type": "Feature",
      "geometry": {
        "type": "Point",
        "coordinates": [
          1.9570940382513677,
          41.26382827841553
        ]
      },
      "properties": {
        "date": "2025-01-09"
      }
    },
    {
      "type": "Feature",
      "geometry": {
        "type": "Point",
        "coordinates": [
          1.9571171117486355,
          41.26382827841553
        ]
      },
      "properties": {
        "date": "2025-01-09"
      }
    },
    {
      "type": "Feature",
      "geometry": {
        "type": "Point",
        "coordinates": [
          1.9571401852459034,
          41.26382827841553
        ]
      },
      "properties": {
        "date": "2025-01-09"
      }
    },
    {
      "type": "Feature",
      "geometry": {
        "type": "Point",
        "coordinates": [
          1.957163258743171,
          41.26382827841553
        ]
      },
      "properties": {
        "date": "2025-01-09"
      }
    },
    {
      "type": "Feature",
      "geometry": {
        "type": "Point",
        "coordinates": [
          1.9571863322404388,
          41.26382827841553
        ]
      },
      "properties": {
        "date": "2025-01-09"
      }
    },
    {
      "type": "Feature",
      "geometry": {
        "type": "Point",
        "coordinates": [
          1.9572094057377065,
          41.26382827841553
        ]
      },
      "properties": {
        "date": "2025-01-09"
      }
    },
    {
      "type": "Feature",
      "geometry": {
        "type": "Point",
        "coordinates": [
          1.9576708756830619,
          41.26382827841553
        ]
      },
      "properties": {
        "date": "2025-01-09"
      }
    },
    {
      "type": "Feature",
      "geometry": {
        "type": "Point",
        "coordinates": [
          1.9576939491803296,
          41.26382827841553
        ]
      },
      "properties": {
        "date": "2025-01-09"
      }
    },
    {
      "type": "Feature",
      "geometry": {
        "type": "Point",
        "coordinates": [
          1.9577170226775973,
          41.26382827841553
        ]
      },
      "properties": {
        "date": "2025-01-09"
      }
    },
    {
      "type": "Feature",
      "geometry": {
        "type": "Point",
        "coordinates": [
          1.957740096174865,
          41.26382827841553
        ]
      },
      "properties": {
        "date": "2025-01-09"
      }
    },
    {
      "type": "Feature",
      "geometry": {
        "type": "Point",
        "coordinates": [
          1.9577631696721327,
          41.26382827841553
        ]
      },
      "properties": {
        "date": "2025-01-09"
      }
    },
    {
      "type": "Feature",
      "geometry": {
        "type": "Point",
        "coordinates": [
          1.9577862431694006,
          41.26382827841553
        ]
      },
      "properties": {
        "date": "2025-01-09"
      }
    },
    {
      "type": "Feature",
      "geometry": {
        "type": "Point",
        "coordinates": [
          1.960324327868854,
          41.26382827841553
        ]
      },
      "properties": {
        "date": "2025-01-09"
      }
    },
    {
      "type": "Feature",
      "geometry": {
        "type": "Point",
        "coordinates": [
          1.9609011653005481,
          41.26382827841553
        ]
      },
      "properties": {
        "date": "2025-01-09"
      }
    },
    {
      "type": "Feature",
      "geometry": {
        "type": "Point",
        "coordinates": [
          1.961870252185794,
          41.26382827841553
        ]
      },
      "properties": {
        "date": "2025-01-09"
      }
    },
    {
      "type": "Feature",
      "geometry": {
        "type": "Point",
        "coordinates": [
          1.9618933256830617,
          41.26382827841553
        ]
      },
      "properties": {
        "date": "2025-01-09"
      }
    },
    {
      "type": "Feature",
      "geometry": {
        "type": "Point",
        "coordinates": [
          1.9619163991803295,
          41.26382827841553
        ]
      },
      "properties": {
        "date": "2025-01-09"
      }
    },
    {
      "type": "Feature",
      "geometry": {
        "type": "Point",
        "coordinates": [
          1.9619394726775972,
          41.26382827841553
        ]
      },
      "properties": {
        "date": "2025-01-09"
      }
    },
    {
      "type": "Feature",
      "geometry": {
        "type": "Point",
        "coordinates": [
          1.961962546174865,
          41.26382827841553
        ]
      },
      "properties": {
        "date": "2025-01-09"
      }
    },
    {
      "type": "Feature",
      "geometry": {
        "type": "Point",
        "coordinates": [
          1.9619856196721328,
          41.26382827841553
        ]
      },
      "properties": {
        "date": "2025-01-09"
      }
    },
    {
      "type": "Feature",
      "geometry": {
        "type": "Point",
        "coordinates": [
          1.9620086931694005,
          41.26382827841553
        ]
      },
      "properties": {
        "date": "2025-01-09"
      }
    },
    {
      "type": "Feature",
      "geometry": {
        "type": "Point",
        "coordinates": [
          1.9620317666666682,
          41.26382827841553
        ]
      },
      "properties": {
        "date": "2025-01-09"
      }
    },
    {
      "type": "Feature",
      "geometry": {
        "type": "Point",
        "coordinates": [
          1.962054840163936,
          41.26382827841553
        ]
      },
      "properties": {
        "date": "2025-01-09"
      }
    },
    {
      "type": "Feature",
      "geometry": {
        "type": "Point",
        "coordinates": [
          1.9620779136612039,
          41.26382827841553
        ]
      },
      "properties": {
        "date": "2025-01-09"
      }
    },
    {
      "type": "Feature",
      "geometry": {
        "type": "Point",
        "coordinates": [
          1.9621009871584716,
          41.26382827841553
        ]
      },
      "properties": {
        "date": "2025-01-09"
      }
    },
    {
      "type": "Feature",
      "geometry": {
        "type": "Point",
        "coordinates": [
          1.9621240606557393,
          41.26382827841553
        ]
      },
      "properties": {
        "date": "2025-01-09"
      }
    },
    {
      "type": "Feature",
      "geometry": {
        "type": "Point",
        "coordinates": [
          1.962147134153007,
          41.26382827841553
        ]
      },
      "properties": {
        "date": "2025-01-09"
      }
    },
    {
      "type": "Feature",
      "geometry": {
        "type": "Point",
        "coordinates": [
          1.962170207650275,
          41.26382827841553
        ]
      },
      "properties": {
        "date": "2025-01-09"
      }
    },
    {
      "type": "Feature",
      "geometry": {
        "type": "Point",
        "coordinates": [
          1.9621932811475427,
          41.26382827841553
        ]
      },
      "properties": {
        "date": "2025-01-09"
      }
    },
    {
      "type": "Feature",
      "geometry": {
        "type": "Point",
        "coordinates": [
          1.9624701631147556,
          41.26382827841553
        ]
      },
      "properties": {
        "date": "2025-01-09"
      }
    },
    {
      "type": "Feature",
      "geometry": {
        "type": "Point",
        "coordinates": [
          1.9624932366120236,
          41.26382827841553
        ]
      },
      "properties": {
        "date": "2025-01-09"
      }
    },
    {
      "type": "Feature",
      "geometry": {
        "type": "Point",
        "coordinates": [
          1.9625163101092913,
          41.26382827841553
        ]
      },
      "properties": {
        "date": "2025-01-09"
      }
    },
    {
      "type": "Feature",
      "geometry": {
        "type": "Point",
        "coordinates": [
          1.962539383606559,
          41.26382827841553
        ]
      },
      "properties": {
        "date": "2025-01-09"
      }
    },
    {
      "type": "Feature",
      "geometry": {
        "type": "Point",
        "coordinates": [
          1.9625624571038267,
          41.26382827841553
        ]
      },
      "properties": {
        "date": "2025-01-09"
      }
    },
    {
      "type": "Feature",
      "geometry": {
        "type": "Point",
        "coordinates": [
          1.9625855306010944,
          41.26382827841553
        ]
      },
      "properties": {
        "date": "2025-01-09"
      }
    },
    {
      "type": "Feature",
      "geometry": {
        "type": "Point",
        "coordinates": [
          1.9626778245901655,
          41.26382827841553
        ]
      },
      "properties": {
        "date": "2025-01-09"
      }
    },
    {
      "type": "Feature",
      "geometry": {
        "type": "Point",
        "coordinates": [
          1.9627008980874334,
          41.26382827841553
        ]
      },
      "properties": {
        "date": "2025-01-09"
      }
    },
    {
      "type": "Feature",
      "geometry": {
        "type": "Point",
        "coordinates": [
          1.9627239715847011,
          41.26382827841553
        ]
      },
      "properties": {
        "date": "2025-01-09"
      }
    },
    {
      "type": "Feature",
      "geometry": {
        "type": "Point",
        "coordinates": [
          1.9627470450819688,
          41.26382827841553
        ]
      },
      "properties": {
        "date": "2025-01-09"
      }
    },
    {
      "type": "Feature",
      "geometry": {
        "type": "Point",
        "coordinates": [
          1.9627701185792366,
          41.26382827841553
        ]
      },
      "properties": {
        "date": "2025-01-09"
      }
    },
    {
      "type": "Feature",
      "geometry": {
        "type": "Point",
        "coordinates": [
          1.9627931920765043,
          41.26382827841553
        ]
      },
      "properties": {
        "date": "2025-01-09"
      }
    },
    {
      "type": "Feature",
      "geometry": {
        "type": "Point",
        "coordinates": [
          1.9628162655737722,
          41.26382827841553
        ]
      },
      "properties": {
        "date": "2025-01-09"
      }
    },
    {
      "type": "Feature",
      "geometry": {
        "type": "Point",
        "coordinates": [
          1.96283933907104,
          41.26382827841553
        ]
      },
      "properties": {
        "date": "2025-01-09"
      }
    },
    {
      "type": "Feature",
      "geometry": {
        "type": "Point",
        "coordinates": [
          1.9628624125683076,
          41.26382827841553
        ]
      },
      "properties": {
        "date": "2025-01-09"
      }
    },
    {
      "type": "Feature",
      "geometry": {
        "type": "Point",
        "coordinates": [
          1.9628854860655753,
          41.26382827841553
        ]
      },
      "properties": {
        "date": "2025-01-09"
      }
    },
    {
      "type": "Feature",
      "geometry": {
        "type": "Point",
        "coordinates": [
          1.962908559562843,
          41.26382827841553
        ]
      },
      "properties": {
        "date": "2025-01-09"
      }
    },
    {
      "type": "Feature",
      "geometry": {
        "type": "Point",
        "coordinates": [
          1.962931633060111,
          41.26382827841553
        ]
      },
      "properties": {
        "date": "2025-01-09"
      }
    },
    {
      "type": "Feature",
      "geometry": {
        "type": "Point",
        "coordinates": [
          1.9629547065573787,
          41.26382827841553
        ]
      },
      "properties": {
        "date": "2025-01-09"
      }
    },
    {
      "type": "Feature",
      "geometry": {
        "type": "Point",
        "coordinates": [
          1.9630470005464498,
          41.26382827841553
        ]
      },
      "properties": {
        "date": "2025-01-09"
      }
    },
    {
      "type": "Feature",
      "geometry": {
        "type": "Point",
        "coordinates": [
          1.9630700740437175,
          41.26382827841553
        ]
      },
      "properties": {
        "date": "2025-01-09"
      }
    },
    {
      "type": "Feature",
      "geometry": {
        "type": "Point",
        "coordinates": [
          1.9630931475409852,
          41.26382827841553
        ]
      },
      "properties": {
        "date": "2025-01-09"
      }
    },
    {
      "type": "Feature",
      "geometry": {
        "type": "Point",
        "coordinates": [
          1.963116221038253,
          41.26382827841553
        ]
      },
      "properties": {
        "date": "2025-01-09"
      }
    },
    {
      "type": "Feature",
      "geometry": {
        "type": "Point",
        "coordinates": [
          1.9631392945355208,
          41.26382827841553
        ]
      },
      "properties": {
        "date": "2025-01-09"
      }
    },
    {
      "type": "Feature",
      "geometry": {
        "type": "Point",
        "coordinates": [
          1.9631623680327885,
          41.26382827841553
        ]
      },
      "properties": {
        "date": "2025-01-09"
      }
    },
    {
      "type": "Feature",
      "geometry": {
        "type": "Point",
        "coordinates": [
          1.9631854415300563,
          41.26382827841553
        ]
      },
      "properties": {
        "date": "2025-01-09"
      }
    },
    {
      "type": "Feature",
      "geometry": {
        "type": "Point",
        "coordinates": [
          1.963208515027324,
          41.26382827841553
        ]
      },
      "properties": {
        "date": "2025-01-09"
      }
    },
    {
      "type": "Feature",
      "geometry": {
        "type": "Point",
        "coordinates": [
          1.9632315885245917,
          41.26382827841553
        ]
      },
      "properties": {
        "date": "2025-01-09"
      }
    },
    {
      "type": "Feature",
      "geometry": {
        "type": "Point",
        "coordinates": [
          1.9632546620218596,
          41.26382827841553
        ]
      },
      "properties": {
        "date": "2025-01-09"
      }
    },
    {
      "type": "Feature",
      "geometry": {
        "type": "Point",
        "coordinates": [
          1.9632777355191273,
          41.26382827841553
        ]
      },
      "properties": {
        "date": "2025-01-09"
      }
    },
    {
      "type": "Feature",
      "geometry": {
        "type": "Point",
        "coordinates": [
          1.9641314549180344,
          41.26382827841553
        ]
      },
      "properties": {
        "date": "2025-01-09"
      }
    },
    {
      "type": "Feature",
      "geometry": {
        "type": "Point",
        "coordinates": [
          1.9671079360655754,
          41.26382827841553
        ]
      },
      "properties": {
        "date": "2025-01-09"
      }
    },
    {
      "type": "Feature",
      "geometry": {
        "type": "Point",
        "coordinates": [
          1.9671310095628431,
          41.26382827841553
        ]
      },
      "properties": {
        "date": "2025-01-09"
      }
    },
    {
      "type": "Feature",
      "geometry": {
        "type": "Point",
        "coordinates": [
          1.9671540830601109,
          41.26382827841553
        ]
      },
      "properties": {
        "date": "2025-01-09"
      }
    },
    {
      "type": "Feature",
      "geometry": {
        "type": "Point",
        "coordinates": [
          1.9671771565573786,
          41.26382827841553
        ]
      },
      "properties": {
        "date": "2025-01-09"
      }
    },
    {
      "type": "Feature",
      "geometry": {
        "type": "Point",
        "coordinates": [
          1.9672002300546465,
          41.26382827841553
        ]
      },
      "properties": {
        "date": "2025-01-09"
      }
    },
    {
      "type": "Feature",
      "geometry": {
        "type": "Point",
        "coordinates": [
          1.9672233035519142,
          41.26382827841553
        ]
      },
      "properties": {
        "date": "2025-01-09"
      }
    },
    {
      "type": "Feature",
      "geometry": {
        "type": "Point",
        "coordinates": [
          1.967246377049182,
          41.26382827841553
        ]
      },
      "properties": {
        "date": "2025-01-09"
      }
    },
    {
      "type": "Feature",
      "geometry": {
        "type": "Point",
        "coordinates": [
          1.9672694505464496,
          41.26382827841553
        ]
      },
      "properties": {
        "date": "2025-01-09"
      }
    },
    {
      "type": "Feature",
      "geometry": {
        "type": "Point",
        "coordinates": [
          1.9672925240437173,
          41.26382827841553
        ]
      },
      "properties": {
        "date": "2025-01-09"
      }
    },
    {
      "type": "Feature",
      "geometry": {
        "type": "Point",
        "coordinates": [
          1.9673155975409853,
          41.26382827841553
        ]
      },
      "properties": {
        "date": "2025-01-09"
      }
    },
    {
      "type": "Feature",
      "geometry": {
        "type": "Point",
        "coordinates": [
          1.967338671038253,
          41.26382827841553
        ]
      },
      "properties": {
        "date": "2025-01-09"
      }
    },
    {
      "type": "Feature",
      "geometry": {
        "type": "Point",
        "coordinates": [
          1.9673617445355207,
          41.26382827841553
        ]
      },
      "properties": {
        "date": "2025-01-09"
      }
    },
    {
      "type": "Feature",
      "geometry": {
        "type": "Point",
        "coordinates": [
          1.970684328142078,
          41.26382827841553
        ]
      },
      "properties": {
        "date": "2025-01-09"
      }
    },
    {
      "type": "Feature",
      "geometry": {
        "type": "Point",
        "coordinates": [
          1.946803258469947,
          41.26376837340643
        ]
      },
      "properties": {
        "date": "2025-01-09"
      }
    },
    {
      "type": "Feature",
      "geometry": {
        "type": "Point",
        "coordinates": [
          1.9468263319672148,
          41.26376837340643
        ]
      },
      "properties": {
        "date": "2025-01-09"
      }
    },
    {
      "type": "Feature",
      "geometry": {
        "type": "Point",
        "coordinates": [
          1.9468494054644825,
          41.26376837340643
        ]
      },
      "properties": {
        "date": "2025-01-09"
      }
    },
    {
      "type": "Feature",
      "geometry": {
        "type": "Point",
        "coordinates": [
          1.9468724789617504,
          41.26376837340643
        ]
      },
      "properties": {
        "date": "2025-01-09"
      }
    },
    {
      "type": "Feature",
      "geometry": {
        "type": "Point",
        "coordinates": [
          1.9468955524590181,
          41.26376837340643
        ]
      },
      "properties": {
        "date": "2025-01-09"
      }
    },
    {
      "type": "Feature",
      "geometry": {
        "type": "Point",
        "coordinates": [
          1.9469186259562858,
          41.26376837340643
        ]
      },
      "properties": {
        "date": "2025-01-09"
      }
    },
    {
      "type": "Feature",
      "geometry": {
        "type": "Point",
        "coordinates": [
          1.9469416994535536,
          41.26376837340643
        ]
      },
      "properties": {
        "date": "2025-01-09"
      }
    },
    {
      "type": "Feature",
      "geometry": {
        "type": "Point",
        "coordinates": [
          1.9469647729508215,
          41.26376837340643
        ]
      },
      "properties": {
        "date": "2025-01-09"
      }
    },
    {
      "type": "Feature",
      "geometry": {
        "type": "Point",
        "coordinates": [
          1.9469878464480892,
          41.26376837340643
        ]
      },
      "properties": {
        "date": "2025-01-09"
      }
    },
    {
      "type": "Feature",
      "geometry": {
        "type": "Point",
        "coordinates": [
          1.947010919945357,
          41.26376837340643
        ]
      },
      "properties": {
        "date": "2025-01-09"
      }
    },
    {
      "type": "Feature",
      "geometry": {
        "type": "Point",
        "coordinates": [
          1.9470339934426246,
          41.26376837340643
        ]
      },
      "properties": {
        "date": "2025-01-09"
      }
    },
    {
      "type": "Feature",
      "geometry": {
        "type": "Point",
        "coordinates": [
          1.9470570669398923,
          41.26376837340643
        ]
      },
      "properties": {
        "date": "2025-01-09"
      }
    },
    {
      "type": "Feature",
      "geometry": {
        "type": "Point",
        "coordinates": [
          1.9470801404371603,
          41.26376837340643
        ]
      },
      "properties": {
        "date": "2025-01-09"
      }
    },
    {
      "type": "Feature",
      "geometry": {
        "type": "Point",
        "coordinates": [
          1.947103213934428,
          41.26376837340643
        ]
      },
      "properties": {
        "date": "2025-01-09"
      }
    },
    {
      "type": "Feature",
      "geometry": {
        "type": "Point",
        "coordinates": [
          1.9471262874316957,
          41.26376837340643
        ]
      },
      "properties": {
        "date": "2025-01-09"
      }
    },
    {
      "type": "Feature",
      "geometry": {
        "type": "Point",
        "coordinates": [
          1.9471493609289634,
          41.26376837340643
        ]
      },
      "properties": {
        "date": "2025-01-09"
      }
    },
    {
      "type": "Feature",
      "geometry": {
        "type": "Point",
        "coordinates": [
          1.9471724344262311,
          41.26376837340643
        ]
      },
      "properties": {
        "date": "2025-01-09"
      }
    },
    {
      "type": "Feature",
      "geometry": {
        "type": "Point",
        "coordinates": [
          1.947195507923499,
          41.26376837340643
        ]
      },
      "properties": {
        "date": "2025-01-09"
      }
    },
    {
      "type": "Feature",
      "geometry": {
        "type": "Point",
        "coordinates": [
          1.9472185814207668,
          41.26376837340643
        ]
      },
      "properties": {
        "date": "2025-01-09"
      }
    },
    {
      "type": "Feature",
      "geometry": {
        "type": "Point",
        "coordinates": [
          1.9472416549180345,
          41.26376837340643
        ]
      },
      "properties": {
        "date": "2025-01-09"
      }
    },
    {
      "type": "Feature",
      "geometry": {
        "type": "Point",
        "coordinates": [
          1.9472647284153022,
          41.26376837340643
        ]
      },
      "properties": {
        "date": "2025-01-09"
      }
    },
    {
      "type": "Feature",
      "geometry": {
        "type": "Point",
        "coordinates": [
          1.9472878019125701,
          41.26376837340643
        ]
      },
      "properties": {
        "date": "2025-01-09"
      }
    },
    {
      "type": "Feature",
      "geometry": {
        "type": "Point",
        "coordinates": [
          1.9473108754098378,
          41.26376837340643
        ]
      },
      "properties": {
        "date": "2025-01-09"
      }
    },
    {
      "type": "Feature",
      "geometry": {
        "type": "Point",
        "coordinates": [
          1.9473339489071055,
          41.26376837340643
        ]
      },
      "properties": {
        "date": "2025-01-09"
      }
    },
    {
      "type": "Feature",
      "geometry": {
        "type": "Point",
        "coordinates": [
          1.9473570224043733,
          41.26376837340643
        ]
      },
      "properties": {
        "date": "2025-01-09"
      }
    },
    {
      "type": "Feature",
      "geometry": {
        "type": "Point",
        "coordinates": [
          1.947380095901641,
          41.26376837340643
        ]
      },
      "properties": {
        "date": "2025-01-09"
      }
    },
    {
      "type": "Feature",
      "geometry": {
        "type": "Point",
        "coordinates": [
          1.947403169398909,
          41.26376837340643
        ]
      },
      "properties": {
        "date": "2025-01-09"
      }
    },
    {
      "type": "Feature",
      "geometry": {
        "type": "Point",
        "coordinates": [
          1.9474262428961766,
          41.26376837340643
        ]
      },
      "properties": {
        "date": "2025-01-09"
      }
    },
    {
      "type": "Feature",
      "geometry": {
        "type": "Point",
        "coordinates": [
          1.9474493163934443,
          41.26376837340643
        ]
      },
      "properties": {
        "date": "2025-01-09"
      }
    },
    {
      "type": "Feature",
      "geometry": {
        "type": "Point",
        "coordinates": [
          1.947472389890712,
          41.26376837340643
        ]
      },
      "properties": {
        "date": "2025-01-09"
      }
    },
    {
      "type": "Feature",
      "geometry": {
        "type": "Point",
        "coordinates": [
          1.9474954633879797,
          41.26376837340643
        ]
      },
      "properties": {
        "date": "2025-01-09"
      }
    },
    {
      "type": "Feature",
      "geometry": {
        "type": "Point",
        "coordinates": [
          1.9475185368852477,
          41.26376837340643
        ]
      },
      "properties": {
        "date": "2025-01-09"
      }
    },
    {
      "type": "Feature",
      "geometry": {
        "type": "Point",
        "coordinates": [
          1.9475416103825154,
          41.26376837340643
        ]
      },
      "properties": {
        "date": "2025-01-09"
      }
    },
    {
      "type": "Feature",
      "geometry": {
        "type": "Point",
        "coordinates": [
          1.947564683879783,
          41.26376837340643
        ]
      },
      "properties": {
        "date": "2025-01-09"
      }
    },
    {
      "type": "Feature",
      "geometry": {
        "type": "Point",
        "coordinates": [
          1.9475877573770508,
          41.26376837340643
        ]
      },
      "properties": {
        "date": "2025-01-09"
      }
    },
    {
      "type": "Feature",
      "geometry": {
        "type": "Point",
        "coordinates": [
          1.9476108308743187,
          41.26376837340643
        ]
      },
      "properties": {
        "date": "2025-01-09"
      }
    },
    {
      "type": "Feature",
      "geometry": {
        "type": "Point",
        "coordinates": [
          1.9476339043715865,
          41.26376837340643
        ]
      },
      "properties": {
        "date": "2025-01-09"
      }
    },
    {
      "type": "Feature",
      "geometry": {
        "type": "Point",
        "coordinates": [
          1.9476569778688542,
          41.26376837340643
        ]
      },
      "properties": {
        "date": "2025-01-09"
      }
    },
    {
      "type": "Feature",
      "geometry": {
        "type": "Point",
        "coordinates": [
          1.9476800513661219,
          41.26376837340643
        ]
      },
      "properties": {
        "date": "2025-01-09"
      }
    },
    {
      "type": "Feature",
      "geometry": {
        "type": "Point",
        "coordinates": [
          1.9477031248633896,
          41.26376837340643
        ]
      },
      "properties": {
        "date": "2025-01-09"
      }
    },
    {
      "type": "Feature",
      "geometry": {
        "type": "Point",
        "coordinates": [
          1.9477261983606575,
          41.26376837340643
        ]
      },
      "properties": {
        "date": "2025-01-09"
      }
    },
    {
      "type": "Feature",
      "geometry": {
        "type": "Point",
        "coordinates": [
          1.9477492718579252,
          41.26376837340643
        ]
      },
      "properties": {
        "date": "2025-01-09"
      }
    },
    {
      "type": "Feature",
      "geometry": {
        "type": "Point",
        "coordinates": [
          1.947772345355193,
          41.26376837340643
        ]
      },
      "properties": {
        "date": "2025-01-09"
      }
    },
    {
      "type": "Feature",
      "geometry": {
        "type": "Point",
        "coordinates": [
          1.9477954188524607,
          41.26376837340643
        ]
      },
      "properties": {
        "date": "2025-01-09"
      }
    },
    {
      "type": "Feature",
      "geometry": {
        "type": "Point",
        "coordinates": [
          1.9478184923497284,
          41.26376837340643
        ]
      },
      "properties": {
        "date": "2025-01-09"
      }
    },
    {
      "type": "Feature",
      "geometry": {
        "type": "Point",
        "coordinates": [
          1.9478415658469963,
          41.26376837340643
        ]
      },
      "properties": {
        "date": "2025-01-09"
      }
    },
    {
      "type": "Feature",
      "geometry": {
        "type": "Point",
        "coordinates": [
          1.947864639344264,
          41.26376837340643
        ]
      },
      "properties": {
        "date": "2025-01-09"
      }
    },
    {
      "type": "Feature",
      "geometry": {
        "type": "Point",
        "coordinates": [
          1.9478877128415317,
          41.26376837340643
        ]
      },
      "properties": {
        "date": "2025-01-09"
      }
    },
    {
      "type": "Feature",
      "geometry": {
        "type": "Point",
        "coordinates": [
          1.9479107863387994,
          41.26376837340643
        ]
      },
      "properties": {
        "date": "2025-01-09"
      }
    },
    {
      "type": "Feature",
      "geometry": {
        "type": "Point",
        "coordinates": [
          1.9479338598360674,
          41.26376837340643
        ]
      },
      "properties": {
        "date": "2025-01-09"
      }
    },
    {
      "type": "Feature",
      "geometry": {
        "type": "Point",
        "coordinates": [
          1.947956933333335,
          41.26376837340643
        ]
      },
      "properties": {
        "date": "2025-01-09"
      }
    },
    {
      "type": "Feature",
      "geometry": {
        "type": "Point",
        "coordinates": [
          1.9479800068306028,
          41.26376837340643
        ]
      },
      "properties": {
        "date": "2025-01-09"
      }
    },
    {
      "type": "Feature",
      "geometry": {
        "type": "Point",
        "coordinates": [
          1.9480030803278705,
          41.26376837340643
        ]
      },
      "properties": {
        "date": "2025-01-09"
      }
    },
    {
      "type": "Feature",
      "geometry": {
        "type": "Point",
        "coordinates": [
          1.9480261538251382,
          41.26376837340643
        ]
      },
      "properties": {
        "date": "2025-01-09"
      }
    },
    {
      "type": "Feature",
      "geometry": {
        "type": "Point",
        "coordinates": [
          1.9480492273224062,
          41.26376837340643
        ]
      },
      "properties": {
        "date": "2025-01-09"
      }
    },
    {
      "type": "Feature",
      "geometry": {
        "type": "Point",
        "coordinates": [
          1.9480723008196739,
          41.26376837340643
        ]
      },
      "properties": {
        "date": "2025-01-09"
      }
    },
    {
      "type": "Feature",
      "geometry": {
        "type": "Point",
        "coordinates": [
          1.9480953743169416,
          41.26376837340643
        ]
      },
      "properties": {
        "date": "2025-01-09"
      }
    },
    {
      "type": "Feature",
      "geometry": {
        "type": "Point",
        "coordinates": [
          1.9481184478142093,
          41.26376837340643
        ]
      },
      "properties": {
        "date": "2025-01-09"
      }
    },
    {
      "type": "Feature",
      "geometry": {
        "type": "Point",
        "coordinates": [
          1.948141521311477,
          41.26376837340643
        ]
      },
      "properties": {
        "date": "2025-01-09"
      }
    },
    {
      "type": "Feature",
      "geometry": {
        "type": "Point",
        "coordinates": [
          1.948164594808745,
          41.26376837340643
        ]
      },
      "properties": {
        "date": "2025-01-09"
      }
    },
    {
      "type": "Feature",
      "geometry": {
        "type": "Point",
        "coordinates": [
          1.9481876683060126,
          41.26376837340643
        ]
      },
      "properties": {
        "date": "2025-01-09"
      }
    },
    {
      "type": "Feature",
      "geometry": {
        "type": "Point",
        "coordinates": [
          1.9482107418032804,
          41.26376837340643
        ]
      },
      "properties": {
        "date": "2025-01-09"
      }
    },
    {
      "type": "Feature",
      "geometry": {
        "type": "Point",
        "coordinates": [
          1.948233815300548,
          41.26376837340643
        ]
      },
      "properties": {
        "date": "2025-01-09"
      }
    },
    {
      "type": "Feature",
      "geometry": {
        "type": "Point",
        "coordinates": [
          1.948256888797816,
          41.26376837340643
        ]
      },
      "properties": {
        "date": "2025-01-09"
      }
    },
    {
      "type": "Feature",
      "geometry": {
        "type": "Point",
        "coordinates": [
          1.9482799622950837,
          41.26376837340643
        ]
      },
      "properties": {
        "date": "2025-01-09"
      }
    },
    {
      "type": "Feature",
      "geometry": {
        "type": "Point",
        "coordinates": [
          1.9483030357923514,
          41.26376837340643
        ]
      },
      "properties": {
        "date": "2025-01-09"
      }
    },
    {
      "type": "Feature",
      "geometry": {
        "type": "Point",
        "coordinates": [
          1.9483261092896191,
          41.26376837340643
        ]
      },
      "properties": {
        "date": "2025-01-09"
      }
    },
    {
      "type": "Feature",
      "geometry": {
        "type": "Point",
        "coordinates": [
          1.9483491827868868,
          41.26376837340643
        ]
      },
      "properties": {
        "date": "2025-01-09"
      }
    },
    {
      "type": "Feature",
      "geometry": {
        "type": "Point",
        "coordinates": [
          1.9483722562841548,
          41.26376837340643
        ]
      },
      "properties": {
        "date": "2025-01-09"
      }
    },
    {
      "type": "Feature",
      "geometry": {
        "type": "Point",
        "coordinates": [
          1.9483953297814225,
          41.26376837340643
        ]
      },
      "properties": {
        "date": "2025-01-09"
      }
    },
    {
      "type": "Feature",
      "geometry": {
        "type": "Point",
        "coordinates": [
          1.9484184032786902,
          41.26376837340643
        ]
      },
      "properties": {
        "date": "2025-01-09"
      }
    },
    {
      "type": "Feature",
      "geometry": {
        "type": "Point",
        "coordinates": [
          1.948441476775958,
          41.26376837340643
        ]
      },
      "properties": {
        "date": "2025-01-09"
      }
    },
    {
      "type": "Feature",
      "geometry": {
        "type": "Point",
        "coordinates": [
          1.9484645502732258,
          41.26376837340643
        ]
      },
      "properties": {
        "date": "2025-01-09"
      }
    },
    {
      "type": "Feature",
      "geometry": {
        "type": "Point",
        "coordinates": [
          1.9484876237704936,
          41.26376837340643
        ]
      },
      "properties": {
        "date": "2025-01-09"
      }
    },
    {
      "type": "Feature",
      "geometry": {
        "type": "Point",
        "coordinates": [
          1.9485106972677613,
          41.26376837340643
        ]
      },
      "properties": {
        "date": "2025-01-09"
      }
    },
    {
      "type": "Feature",
      "geometry": {
        "type": "Point",
        "coordinates": [
          1.948533770765029,
          41.26376837340643
        ]
      },
      "properties": {
        "date": "2025-01-09"
      }
    },
    {
      "type": "Feature",
      "geometry": {
        "type": "Point",
        "coordinates": [
          1.9485568442622967,
          41.26376837340643
        ]
      },
      "properties": {
        "date": "2025-01-09"
      }
    },
    {
      "type": "Feature",
      "geometry": {
        "type": "Point",
        "coordinates": [
          1.9485799177595646,
          41.26376837340643
        ]
      },
      "properties": {
        "date": "2025-01-09"
      }
    },
    {
      "type": "Feature",
      "geometry": {
        "type": "Point",
        "coordinates": [
          1.9486029912568323,
          41.26376837340643
        ]
      },
      "properties": {
        "date": "2025-01-09"
      }
    },
    {
      "type": "Feature",
      "geometry": {
        "type": "Point",
        "coordinates": [
          1.9486260647541,
          41.26376837340643
        ]
      },
      "properties": {
        "date": "2025-01-09"
      }
    },
    {
      "type": "Feature",
      "geometry": {
        "type": "Point",
        "coordinates": [
          1.9486491382513678,
          41.26376837340643
        ]
      },
      "properties": {
        "date": "2025-01-09"
      }
    },
    {
      "type": "Feature",
      "geometry": {
        "type": "Point",
        "coordinates": [
          1.9486722117486355,
          41.26376837340643
        ]
      },
      "properties": {
        "date": "2025-01-09"
      }
    },
    {
      "type": "Feature",
      "geometry": {
        "type": "Point",
        "coordinates": [
          1.9486952852459034,
          41.26376837340643
        ]
      },
      "properties": {
        "date": "2025-01-09"
      }
    },
    {
      "type": "Feature",
      "geometry": {
        "type": "Point",
        "coordinates": [
          1.9487183587431711,
          41.26376837340643
        ]
      },
      "properties": {
        "date": "2025-01-09"
      }
    },
    {
      "type": "Feature",
      "geometry": {
        "type": "Point",
        "coordinates": [
          1.9487414322404388,
          41.26376837340643
        ]
      },
      "properties": {
        "date": "2025-01-09"
      }
    },
    {
      "type": "Feature",
      "geometry": {
        "type": "Point",
        "coordinates": [
          1.9487645057377065,
          41.26376837340643
        ]
      },
      "properties": {
        "date": "2025-01-09"
      }
    },
    {
      "type": "Feature",
      "geometry": {
        "type": "Point",
        "coordinates": [
          1.9487875792349745,
          41.26376837340643
        ]
      },
      "properties": {
        "date": "2025-01-09"
      }
    },
    {
      "type": "Feature",
      "geometry": {
        "type": "Point",
        "coordinates": [
          1.9488106527322422,
          41.26376837340643
        ]
      },
      "properties": {
        "date": "2025-01-09"
      }
    },
    {
      "type": "Feature",
      "geometry": {
        "type": "Point",
        "coordinates": [
          1.94883372622951,
          41.26376837340643
        ]
      },
      "properties": {
        "date": "2025-01-09"
      }
    },
    {
      "type": "Feature",
      "geometry": {
        "type": "Point",
        "coordinates": [
          1.9488567997267776,
          41.26376837340643
        ]
      },
      "properties": {
        "date": "2025-01-09"
      }
    },
    {
      "type": "Feature",
      "geometry": {
        "type": "Point",
        "coordinates": [
          1.9488798732240453,
          41.26376837340643
        ]
      },
      "properties": {
        "date": "2025-01-09"
      }
    },
    {
      "type": "Feature",
      "geometry": {
        "type": "Point",
        "coordinates": [
          1.9489029467213133,
          41.26376837340643
        ]
      },
      "properties": {
        "date": "2025-01-09"
      }
    },
    {
      "type": "Feature",
      "geometry": {
        "type": "Point",
        "coordinates": [
          1.948926020218581,
          41.26376837340643
        ]
      },
      "properties": {
        "date": "2025-01-09"
      }
    },
    {
      "type": "Feature",
      "geometry": {
        "type": "Point",
        "coordinates": [
          1.9489490937158487,
          41.26376837340643
        ]
      },
      "properties": {
        "date": "2025-01-09"
      }
    },
    {
      "type": "Feature",
      "geometry": {
        "type": "Point",
        "coordinates": [
          1.9489721672131164,
          41.26376837340643
        ]
      },
      "properties": {
        "date": "2025-01-09"
      }
    },
    {
      "type": "Feature",
      "geometry": {
        "type": "Point",
        "coordinates": [
          1.948995240710384,
          41.26376837340643
        ]
      },
      "properties": {
        "date": "2025-01-09"
      }
    },
    {
      "type": "Feature",
      "geometry": {
        "type": "Point",
        "coordinates": [
          1.949018314207652,
          41.26376837340643
        ]
      },
      "properties": {
        "date": "2025-01-09"
      }
    },
    {
      "type": "Feature",
      "geometry": {
        "type": "Point",
        "coordinates": [
          1.9490413877049197,
          41.26376837340643
        ]
      },
      "properties": {
        "date": "2025-01-09"
      }
    },
    {
      "type": "Feature",
      "geometry": {
        "type": "Point",
        "coordinates": [
          1.9490644612021875,
          41.26376837340643
        ]
      },
      "properties": {
        "date": "2025-01-09"
      }
    },
    {
      "type": "Feature",
      "geometry": {
        "type": "Point",
        "coordinates": [
          1.9490875346994552,
          41.26376837340643
        ]
      },
      "properties": {
        "date": "2025-01-09"
      }
    },
    {
      "type": "Feature",
      "geometry": {
        "type": "Point",
        "coordinates": [
          1.949110608196723,
          41.26376837340643
        ]
      },
      "properties": {
        "date": "2025-01-09"
      }
    },
    {
      "type": "Feature",
      "geometry": {
        "type": "Point",
        "coordinates": [
          1.9491336816939908,
          41.26376837340643
        ]
      },
      "properties": {
        "date": "2025-01-09"
      }
    },
    {
      "type": "Feature",
      "geometry": {
        "type": "Point",
        "coordinates": [
          1.9491567551912585,
          41.26376837340643
        ]
      },
      "properties": {
        "date": "2025-01-09"
      }
    },
    {
      "type": "Feature",
      "geometry": {
        "type": "Point",
        "coordinates": [
          1.9491798286885262,
          41.26376837340643
        ]
      },
      "properties": {
        "date": "2025-01-09"
      }
    },
    {
      "type": "Feature",
      "geometry": {
        "type": "Point",
        "coordinates": [
          1.949202902185794,
          41.26376837340643
        ]
      },
      "properties": {
        "date": "2025-01-09"
      }
    },
    {
      "type": "Feature",
      "geometry": {
        "type": "Point",
        "coordinates": [
          1.9492259756830619,
          41.26376837340643
        ]
      },
      "properties": {
        "date": "2025-01-09"
      }
    },
    {
      "type": "Feature",
      "geometry": {
        "type": "Point",
        "coordinates": [
          1.9492490491803296,
          41.26376837340643
        ]
      },
      "properties": {
        "date": "2025-01-09"
      }
    },
    {
      "type": "Feature",
      "geometry": {
        "type": "Point",
        "coordinates": [
          1.9492721226775973,
          41.26376837340643
        ]
      },
      "properties": {
        "date": "2025-01-09"
      }
    },
    {
      "type": "Feature",
      "geometry": {
        "type": "Point",
        "coordinates": [
          1.949295196174865,
          41.26376837340643
        ]
      },
      "properties": {
        "date": "2025-01-09"
      }
    },
    {
      "type": "Feature",
      "geometry": {
        "type": "Point",
        "coordinates": [
          1.9493182696721327,
          41.26376837340643
        ]
      },
      "properties": {
        "date": "2025-01-09"
      }
    },
    {
      "type": "Feature",
      "geometry": {
        "type": "Point",
        "coordinates": [
          1.9493413431694007,
          41.26376837340643
        ]
      },
      "properties": {
        "date": "2025-01-09"
      }
    },
    {
      "type": "Feature",
      "geometry": {
        "type": "Point",
        "coordinates": [
          1.9493644166666684,
          41.26376837340643
        ]
      },
      "properties": {
        "date": "2025-01-09"
      }
    },
    {
      "type": "Feature",
      "geometry": {
        "type": "Point",
        "coordinates": [
          1.949387490163936,
          41.26376837340643
        ]
      },
      "properties": {
        "date": "2025-01-09"
      }
    },
    {
      "type": "Feature",
      "geometry": {
        "type": "Point",
        "coordinates": [
          1.9494105636612038,
          41.26376837340643
        ]
      },
      "properties": {
        "date": "2025-01-09"
      }
    },
    {
      "type": "Feature",
      "geometry": {
        "type": "Point",
        "coordinates": [
          1.9494336371584717,
          41.26376837340643
        ]
      },
      "properties": {
        "date": "2025-01-09"
      }
    },
    {
      "type": "Feature",
      "geometry": {
        "type": "Point",
        "coordinates": [
          1.9494567106557394,
          41.26376837340643
        ]
      },
      "properties": {
        "date": "2025-01-09"
      }
    },
    {
      "type": "Feature",
      "geometry": {
        "type": "Point",
        "coordinates": [
          1.9494797841530072,
          41.26376837340643
        ]
      },
      "properties": {
        "date": "2025-01-09"
      }
    },
    {
      "type": "Feature",
      "geometry": {
        "type": "Point",
        "coordinates": [
          1.9495028576502749,
          41.26376837340643
        ]
      },
      "properties": {
        "date": "2025-01-09"
      }
    },
    {
      "type": "Feature",
      "geometry": {
        "type": "Point",
        "coordinates": [
          1.9495259311475426,
          41.26376837340643
        ]
      },
      "properties": {
        "date": "2025-01-09"
      }
    },
    {
      "type": "Feature",
      "geometry": {
        "type": "Point",
        "coordinates": [
          1.9495490046448105,
          41.26376837340643
        ]
      },
      "properties": {
        "date": "2025-01-09"
      }
    },
    {
      "type": "Feature",
      "geometry": {
        "type": "Point",
        "coordinates": [
          1.9495720781420782,
          41.26376837340643
        ]
      },
      "properties": {
        "date": "2025-01-09"
      }
    },
    {
      "type": "Feature",
      "geometry": {
        "type": "Point",
        "coordinates": [
          1.9501027685792367,
          41.26376837340643
        ]
      },
      "properties": {
        "date": "2025-01-09"
      }
    },
    {
      "type": "Feature",
      "geometry": {
        "type": "Point",
        "coordinates": [
          1.9501258420765044,
          41.26376837340643
        ]
      },
      "properties": {
        "date": "2025-01-09"
      }
    },
    {
      "type": "Feature",
      "geometry": {
        "type": "Point",
        "coordinates": [
          1.9501489155737721,
          41.26376837340643
        ]
      },
      "properties": {
        "date": "2025-01-09"
      }
    },
    {
      "type": "Feature",
      "geometry": {
        "type": "Point",
        "coordinates": [
          1.9501719890710398,
          41.26376837340643
        ]
      },
      "properties": {
        "date": "2025-01-09"
      }
    },
    {
      "type": "Feature",
      "geometry": {
        "type": "Point",
        "coordinates": [
          1.9501950625683078,
          41.26376837340643
        ]
      },
      "properties": {
        "date": "2025-01-09"
      }
    },
    {
      "type": "Feature",
      "geometry": {
        "type": "Point",
        "coordinates": [
          1.9502181360655755,
          41.26376837340643
        ]
      },
      "properties": {
        "date": "2025-01-09"
      }
    },
    {
      "type": "Feature",
      "geometry": {
        "type": "Point",
        "coordinates": [
          1.9502412095628432,
          41.26376837340643
        ]
      },
      "properties": {
        "date": "2025-01-09"
      }
    },
    {
      "type": "Feature",
      "geometry": {
        "type": "Point",
        "coordinates": [
          1.950264283060111,
          41.26376837340643
        ]
      },
      "properties": {
        "date": "2025-01-09"
      }
    },
    {
      "type": "Feature",
      "geometry": {
        "type": "Point",
        "coordinates": [
          1.9502873565573788,
          41.26376837340643
        ]
      },
      "properties": {
        "date": "2025-01-09"
      }
    },
    {
      "type": "Feature",
      "geometry": {
        "type": "Point",
        "coordinates": [
          1.9503104300546465,
          41.26376837340643
        ]
      },
      "properties": {
        "date": "2025-01-09"
      }
    },
    {
      "type": "Feature",
      "geometry": {
        "type": "Point",
        "coordinates": [
          1.9503335035519143,
          41.26376837340643
        ]
      },
      "properties": {
        "date": "2025-01-09"
      }
    },
    {
      "type": "Feature",
      "geometry": {
        "type": "Point",
        "coordinates": [
          1.950356577049182,
          41.26376837340643
        ]
      },
      "properties": {
        "date": "2025-01-09"
      }
    },
    {
      "type": "Feature",
      "geometry": {
        "type": "Point",
        "coordinates": [
          1.9503796505464497,
          41.26376837340643
        ]
      },
      "properties": {
        "date": "2025-01-09"
      }
    },
    {
      "type": "Feature",
      "geometry": {
        "type": "Point",
        "coordinates": [
          1.9504027240437176,
          41.26376837340643
        ]
      },
      "properties": {
        "date": "2025-01-09"
      }
    },
    {
      "type": "Feature",
      "geometry": {
        "type": "Point",
        "coordinates": [
          1.9504257975409853,
          41.26376837340643
        ]
      },
      "properties": {
        "date": "2025-01-09"
      }
    },
    {
      "type": "Feature",
      "geometry": {
        "type": "Point",
        "coordinates": [
          1.950448871038253,
          41.26376837340643
        ]
      },
      "properties": {
        "date": "2025-01-09"
      }
    },
    {
      "type": "Feature",
      "geometry": {
        "type": "Point",
        "coordinates": [
          1.9504719445355208,
          41.26376837340643
        ]
      },
      "properties": {
        "date": "2025-01-09"
      }
    },
    {
      "type": "Feature",
      "geometry": {
        "type": "Point",
        "coordinates": [
          1.9504950180327885,
          41.26376837340643
        ]
      },
      "properties": {
        "date": "2025-01-09"
      }
    },
    {
      "type": "Feature",
      "geometry": {
        "type": "Point",
        "coordinates": [
          1.9505180915300564,
          41.26376837340643
        ]
      },
      "properties": {
        "date": "2025-01-09"
      }
    },
    {
      "type": "Feature",
      "geometry": {
        "type": "Point",
        "coordinates": [
          1.950541165027324,
          41.26376837340643
        ]
      },
      "properties": {
        "date": "2025-01-09"
      }
    },
    {
      "type": "Feature",
      "geometry": {
        "type": "Point",
        "coordinates": [
          1.9505642385245918,
          41.26376837340643
        ]
      },
      "properties": {
        "date": "2025-01-09"
      }
    },
    {
      "type": "Feature",
      "geometry": {
        "type": "Point",
        "coordinates": [
          1.9505873120218595,
          41.26376837340643
        ]
      },
      "properties": {
        "date": "2025-01-09"
      }
    },
    {
      "type": "Feature",
      "geometry": {
        "type": "Point",
        "coordinates": [
          1.9506103855191275,
          41.26376837340643
        ]
      },
      "properties": {
        "date": "2025-01-09"
      }
    },
    {
      "type": "Feature",
      "geometry": {
        "type": "Point",
        "coordinates": [
          1.9506334590163952,
          41.26376837340643
        ]
      },
      "properties": {
        "date": "2025-01-09"
      }
    },
    {
      "type": "Feature",
      "geometry": {
        "type": "Point",
        "coordinates": [
          1.9506565325136629,
          41.26376837340643
        ]
      },
      "properties": {
        "date": "2025-01-09"
      }
    },
    {
      "type": "Feature",
      "geometry": {
        "type": "Point",
        "coordinates": [
          1.9506796060109306,
          41.26376837340643
        ]
      },
      "properties": {
        "date": "2025-01-09"
      }
    },
    {
      "type": "Feature",
      "geometry": {
        "type": "Point",
        "coordinates": [
          1.9507026795081983,
          41.26376837340643
        ]
      },
      "properties": {
        "date": "2025-01-09"
      }
    },
    {
      "type": "Feature",
      "geometry": {
        "type": "Point",
        "coordinates": [
          1.9507257530054662,
          41.26376837340643
        ]
      },
      "properties": {
        "date": "2025-01-09"
      }
    },
    {
      "type": "Feature",
      "geometry": {
        "type": "Point",
        "coordinates": [
          1.950748826502734,
          41.26376837340643
        ]
      },
      "properties": {
        "date": "2025-01-09"
      }
    },
    {
      "type": "Feature",
      "geometry": {
        "type": "Point",
        "coordinates": [
          1.9507719000000017,
          41.26376837340643
        ]
      },
      "properties": {
        "date": "2025-01-09"
      }
    },
    {
      "type": "Feature",
      "geometry": {
        "type": "Point",
        "coordinates": [
          1.9507949734972694,
          41.26376837340643
        ]
      },
      "properties": {
        "date": "2025-01-09"
      }
    },
    {
      "type": "Feature",
      "geometry": {
        "type": "Point",
        "coordinates": [
          1.9508180469945373,
          41.26376837340643
        ]
      },
      "properties": {
        "date": "2025-01-09"
      }
    },
    {
      "type": "Feature",
      "geometry": {
        "type": "Point",
        "coordinates": [
          1.950841120491805,
          41.26376837340643
        ]
      },
      "properties": {
        "date": "2025-01-09"
      }
    },
    {
      "type": "Feature",
      "geometry": {
        "type": "Point",
        "coordinates": [
          1.9508641939890727,
          41.26376837340643
        ]
      },
      "properties": {
        "date": "2025-01-09"
      }
    },
    {
      "type": "Feature",
      "geometry": {
        "type": "Point",
        "coordinates": [
          1.9508872674863404,
          41.26376837340643
        ]
      },
      "properties": {
        "date": "2025-01-09"
      }
    },
    {
      "type": "Feature",
      "geometry": {
        "type": "Point",
        "coordinates": [
          1.9509103409836082,
          41.26376837340643
        ]
      },
      "properties": {
        "date": "2025-01-09"
      }
    },
    {
      "type": "Feature",
      "geometry": {
        "type": "Point",
        "coordinates": [
          1.950933414480876,
          41.26376837340643
        ]
      },
      "properties": {
        "date": "2025-01-09"
      }
    },
    {
      "type": "Feature",
      "geometry": {
        "type": "Point",
        "coordinates": [
          1.9509564879781438,
          41.26376837340643
        ]
      },
      "properties": {
        "date": "2025-01-09"
      }
    },
    {
      "type": "Feature",
      "geometry": {
        "type": "Point",
        "coordinates": [
          1.9509795614754115,
          41.26376837340643
        ]
      },
      "properties": {
        "date": "2025-01-09"
      }
    },
    {
      "type": "Feature",
      "geometry": {
        "type": "Point",
        "coordinates": [
          1.9510026349726792,
          41.26376837340643
        ]
      },
      "properties": {
        "date": "2025-01-09"
      }
    },
    {
      "type": "Feature",
      "geometry": {
        "type": "Point",
        "coordinates": [
          1.951025708469947,
          41.26376837340643
        ]
      },
      "properties": {
        "date": "2025-01-09"
      }
    },
    {
      "type": "Feature",
      "geometry": {
        "type": "Point",
        "coordinates": [
          1.9510487819672149,
          41.26376837340643
        ]
      },
      "properties": {
        "date": "2025-01-09"
      }
    },
    {
      "type": "Feature",
      "geometry": {
        "type": "Point",
        "coordinates": [
          1.9510718554644826,
          41.26376837340643
        ]
      },
      "properties": {
        "date": "2025-01-09"
      }
    },
    {
      "type": "Feature",
      "geometry": {
        "type": "Point",
        "coordinates": [
          1.9510949289617503,
          41.26376837340643
        ]
      },
      "properties": {
        "date": "2025-01-09"
      }
    },
    {
      "type": "Feature",
      "geometry": {
        "type": "Point",
        "coordinates": [
          1.951118002459018,
          41.26376837340643
        ]
      },
      "properties": {
        "date": "2025-01-09"
      }
    },
    {
      "type": "Feature",
      "geometry": {
        "type": "Point",
        "coordinates": [
          1.951141075956286,
          41.26376837340643
        ]
      },
      "properties": {
        "date": "2025-01-09"
      }
    },
    {
      "type": "Feature",
      "geometry": {
        "type": "Point",
        "coordinates": [
          1.9511641494535537,
          41.26376837340643
        ]
      },
      "properties": {
        "date": "2025-01-09"
      }
    },
    {
      "type": "Feature",
      "geometry": {
        "type": "Point",
        "coordinates": [
          1.9511872229508214,
          41.26376837340643
        ]
      },
      "properties": {
        "date": "2025-01-09"
      }
    },
    {
      "type": "Feature",
      "geometry": {
        "type": "Point",
        "coordinates": [
          1.951210296448089,
          41.26376837340643
        ]
      },
      "properties": {
        "date": "2025-01-09"
      }
    },
    {
      "type": "Feature",
      "geometry": {
        "type": "Point",
        "coordinates": [
          1.9512333699453568,
          41.26376837340643
        ]
      },
      "properties": {
        "date": "2025-01-09"
      }
    },
    {
      "type": "Feature",
      "geometry": {
        "type": "Point",
        "coordinates": [
          1.9512564434426247,
          41.26376837340643
        ]
      },
      "properties": {
        "date": "2025-01-09"
      }
    },
    {
      "type": "Feature",
      "geometry": {
        "type": "Point",
        "coordinates": [
          1.9512795169398924,
          41.26376837340643
        ]
      },
      "properties": {
        "date": "2025-01-09"
      }
    },
    {
      "type": "Feature",
      "geometry": {
        "type": "Point",
        "coordinates": [
          1.9513025904371601,
          41.26376837340643
        ]
      },
      "properties": {
        "date": "2025-01-09"
      }
    },
    {
      "type": "Feature",
      "geometry": {
        "type": "Point",
        "coordinates": [
          1.9513256639344279,
          41.26376837340643
        ]
      },
      "properties": {
        "date": "2025-01-09"
      }
    },
    {
      "type": "Feature",
      "geometry": {
        "type": "Point",
        "coordinates": [
          1.9513487374316956,
          41.26376837340643
        ]
      },
      "properties": {
        "date": "2025-01-09"
      }
    },
    {
      "type": "Feature",
      "geometry": {
        "type": "Point",
        "coordinates": [
          1.9513718109289635,
          41.26376837340643
        ]
      },
      "properties": {
        "date": "2025-01-09"
      }
    },
    {
      "type": "Feature",
      "geometry": {
        "type": "Point",
        "coordinates": [
          1.9513948844262312,
          41.26376837340643
        ]
      },
      "properties": {
        "date": "2025-01-09"
      }
    },
    {
      "type": "Feature",
      "geometry": {
        "type": "Point",
        "coordinates": [
          1.951417957923499,
          41.26376837340643
        ]
      },
      "properties": {
        "date": "2025-01-09"
      }
    },
    {
      "type": "Feature",
      "geometry": {
        "type": "Point",
        "coordinates": [
          1.9514410314207666,
          41.26376837340643
        ]
      },
      "properties": {
        "date": "2025-01-09"
      }
    },
    {
      "type": "Feature",
      "geometry": {
        "type": "Point",
        "coordinates": [
          1.9514641049180346,
          41.26376837340643
        ]
      },
      "properties": {
        "date": "2025-01-09"
      }
    },
    {
      "type": "Feature",
      "geometry": {
        "type": "Point",
        "coordinates": [
          1.9514871784153023,
          41.26376837340643
        ]
      },
      "properties": {
        "date": "2025-01-09"
      }
    },
    {
      "type": "Feature",
      "geometry": {
        "type": "Point",
        "coordinates": [
          1.95151025191257,
          41.26376837340643
        ]
      },
      "properties": {
        "date": "2025-01-09"
      }
    },
    {
      "type": "Feature",
      "geometry": {
        "type": "Point",
        "coordinates": [
          1.9515333254098377,
          41.26376837340643
        ]
      },
      "properties": {
        "date": "2025-01-09"
      }
    },
    {
      "type": "Feature",
      "geometry": {
        "type": "Point",
        "coordinates": [
          1.9515563989071054,
          41.26376837340643
        ]
      },
      "properties": {
        "date": "2025-01-09"
      }
    },
    {
      "type": "Feature",
      "geometry": {
        "type": "Point",
        "coordinates": [
          1.9515794724043733,
          41.26376837340643
        ]
      },
      "properties": {
        "date": "2025-01-09"
      }
    },
    {
      "type": "Feature",
      "geometry": {
        "type": "Point",
        "coordinates": [
          1.951602545901641,
          41.26376837340643
        ]
      },
      "properties": {
        "date": "2025-01-09"
      }
    },
    {
      "type": "Feature",
      "geometry": {
        "type": "Point",
        "coordinates": [
          1.9516256193989088,
          41.26376837340643
        ]
      },
      "properties": {
        "date": "2025-01-09"
      }
    },
    {
      "type": "Feature",
      "geometry": {
        "type": "Point",
        "coordinates": [
          1.9516486928961765,
          41.26376837340643
        ]
      },
      "properties": {
        "date": "2025-01-09"
      }
    },
    {
      "type": "Feature",
      "geometry": {
        "type": "Point",
        "coordinates": [
          1.9516717663934442,
          41.26376837340643
        ]
      },
      "properties": {
        "date": "2025-01-09"
      }
    },
    {
      "type": "Feature",
      "geometry": {
        "type": "Point",
        "coordinates": [
          1.9516948398907121,
          41.26376837340643
        ]
      },
      "properties": {
        "date": "2025-01-09"
      }
    },
    {
      "type": "Feature",
      "geometry": {
        "type": "Point",
        "coordinates": [
          1.9517179133879798,
          41.26376837340643
        ]
      },
      "properties": {
        "date": "2025-01-09"
      }
    },
    {
      "type": "Feature",
      "geometry": {
        "type": "Point",
        "coordinates": [
          1.9517409868852476,
          41.26376837340643
        ]
      },
      "properties": {
        "date": "2025-01-09"
      }
    },
    {
      "type": "Feature",
      "geometry": {
        "type": "Point",
        "coordinates": [
          1.9517640603825153,
          41.26376837340643
        ]
      },
      "properties": {
        "date": "2025-01-09"
      }
    },
    {
      "type": "Feature",
      "geometry": {
        "type": "Point",
        "coordinates": [
          1.9517871338797832,
          41.26376837340643
        ]
      },
      "properties": {
        "date": "2025-01-09"
      }
    },
    {
      "type": "Feature",
      "geometry": {
        "type": "Point",
        "coordinates": [
          1.951810207377051,
          41.26376837340643
        ]
      },
      "properties": {
        "date": "2025-01-09"
      }
    },
    {
      "type": "Feature",
      "geometry": {
        "type": "Point",
        "coordinates": [
          1.9518332808743186,
          41.26376837340643
        ]
      },
      "properties": {
        "date": "2025-01-09"
      }
    },
    {
      "type": "Feature",
      "geometry": {
        "type": "Point",
        "coordinates": [
          1.9518563543715863,
          41.26376837340643
        ]
      },
      "properties": {
        "date": "2025-01-09"
      }
    },
    {
      "type": "Feature",
      "geometry": {
        "type": "Point",
        "coordinates": [
          1.951879427868854,
          41.26376837340643
        ]
      },
      "properties": {
        "date": "2025-01-09"
      }
    },
    {
      "type": "Feature",
      "geometry": {
        "type": "Point",
        "coordinates": [
          1.951902501366122,
          41.26376837340643
        ]
      },
      "properties": {
        "date": "2025-01-09"
      }
    },
    {
      "type": "Feature",
      "geometry": {
        "type": "Point",
        "coordinates": [
          1.9519255748633897,
          41.26376837340643
        ]
      },
      "properties": {
        "date": "2025-01-09"
      }
    },
    {
      "type": "Feature",
      "geometry": {
        "type": "Point",
        "coordinates": [
          1.9519486483606574,
          41.26376837340643
        ]
      },
      "properties": {
        "date": "2025-01-09"
      }
    },
    {
      "type": "Feature",
      "geometry": {
        "type": "Point",
        "coordinates": [
          1.9522024568306027,
          41.26376837340643
        ]
      },
      "properties": {
        "date": "2025-01-09"
      }
    },
    {
      "type": "Feature",
      "geometry": {
        "type": "Point",
        "coordinates": [
          1.9522255303278706,
          41.26376837340643
        ]
      },
      "properties": {
        "date": "2025-01-09"
      }
    },
    {
      "type": "Feature",
      "geometry": {
        "type": "Point",
        "coordinates": [
          1.9522486038251383,
          41.26376837340643
        ]
      },
      "properties": {
        "date": "2025-01-09"
      }
    },
    {
      "type": "Feature",
      "geometry": {
        "type": "Point",
        "coordinates": [
          1.952271677322406,
          41.26376837340643
        ]
      },
      "properties": {
        "date": "2025-01-09"
      }
    },
    {
      "type": "Feature",
      "geometry": {
        "type": "Point",
        "coordinates": [
          1.9522947508196737,
          41.26376837340643
        ]
      },
      "properties": {
        "date": "2025-01-09"
      }
    },
    {
      "type": "Feature",
      "geometry": {
        "type": "Point",
        "coordinates": [
          1.9523178243169417,
          41.26376837340643
        ]
      },
      "properties": {
        "date": "2025-01-09"
      }
    },
    {
      "type": "Feature",
      "geometry": {
        "type": "Point",
        "coordinates": [
          1.9523408978142094,
          41.26376837340643
        ]
      },
      "properties": {
        "date": "2025-01-09"
      }
    },
    {
      "type": "Feature",
      "geometry": {
        "type": "Point",
        "coordinates": [
          1.952363971311477,
          41.26376837340643
        ]
      },
      "properties": {
        "date": "2025-01-09"
      }
    },
    {
      "type": "Feature",
      "geometry": {
        "type": "Point",
        "coordinates": [
          1.9523870448087448,
          41.26376837340643
        ]
      },
      "properties": {
        "date": "2025-01-09"
      }
    },
    {
      "type": "Feature",
      "geometry": {
        "type": "Point",
        "coordinates": [
          1.9524101183060125,
          41.26376837340643
        ]
      },
      "properties": {
        "date": "2025-01-09"
      }
    },
    {
      "type": "Feature",
      "geometry": {
        "type": "Point",
        "coordinates": [
          1.9548328355191273,
          41.26376837340643
        ]
      },
      "properties": {
        "date": "2025-01-09"
      }
    },
    {
      "type": "Feature",
      "geometry": {
        "type": "Point",
        "coordinates": [
          1.954855909016395,
          41.26376837340643
        ]
      },
      "properties": {
        "date": "2025-01-09"
      }
    },
    {
      "type": "Feature",
      "geometry": {
        "type": "Point",
        "coordinates": [
          1.9548789825136628,
          41.26376837340643
        ]
      },
      "properties": {
        "date": "2025-01-09"
      }
    },
    {
      "type": "Feature",
      "geometry": {
        "type": "Point",
        "coordinates": [
          1.9549020560109307,
          41.26376837340643
        ]
      },
      "properties": {
        "date": "2025-01-09"
      }
    },
    {
      "type": "Feature",
      "geometry": {
        "type": "Point",
        "coordinates": [
          1.9549251295081984,
          41.26376837340643
        ]
      },
      "properties": {
        "date": "2025-01-09"
      }
    },
    {
      "type": "Feature",
      "geometry": {
        "type": "Point",
        "coordinates": [
          1.9549482030054661,
          41.26376837340643
        ]
      },
      "properties": {
        "date": "2025-01-09"
      }
    },
    {
      "type": "Feature",
      "geometry": {
        "type": "Point",
        "coordinates": [
          1.9549712765027338,
          41.26376837340643
        ]
      },
      "properties": {
        "date": "2025-01-09"
      }
    },
    {
      "type": "Feature",
      "geometry": {
        "type": "Point",
        "coordinates": [
          1.9549943500000018,
          41.26376837340643
        ]
      },
      "properties": {
        "date": "2025-01-09"
      }
    },
    {
      "type": "Feature",
      "geometry": {
        "type": "Point",
        "coordinates": [
          1.9550174234972695,
          41.26376837340643
        ]
      },
      "properties": {
        "date": "2025-01-09"
      }
    },
    {
      "type": "Feature",
      "geometry": {
        "type": "Point",
        "coordinates": [
          1.9550404969945372,
          41.26376837340643
        ]
      },
      "properties": {
        "date": "2025-01-09"
      }
    },
    {
      "type": "Feature",
      "geometry": {
        "type": "Point",
        "coordinates": [
          1.955063570491805,
          41.26376837340643
        ]
      },
      "properties": {
        "date": "2025-01-09"
      }
    },
    {
      "type": "Feature",
      "geometry": {
        "type": "Point",
        "coordinates": [
          1.9550866439890726,
          41.26376837340643
        ]
      },
      "properties": {
        "date": "2025-01-09"
      }
    },
    {
      "type": "Feature",
      "geometry": {
        "type": "Point",
        "coordinates": [
          1.9551097174863405,
          41.26376837340643
        ]
      },
      "properties": {
        "date": "2025-01-09"
      }
    },
    {
      "type": "Feature",
      "geometry": {
        "type": "Point",
        "coordinates": [
          1.9551327909836083,
          41.26376837340643
        ]
      },
      "properties": {
        "date": "2025-01-09"
      }
    },
    {
      "type": "Feature",
      "geometry": {
        "type": "Point",
        "coordinates": [
          1.955155864480876,
          41.26376837340643
        ]
      },
      "properties": {
        "date": "2025-01-09"
      }
    },
    {
      "type": "Feature",
      "geometry": {
        "type": "Point",
        "coordinates": [
          1.9551789379781437,
          41.26376837340643
        ]
      },
      "properties": {
        "date": "2025-01-09"
      }
    },
    {
      "type": "Feature",
      "geometry": {
        "type": "Point",
        "coordinates": [
          1.9552020114754114,
          41.26376837340643
        ]
      },
      "properties": {
        "date": "2025-01-09"
      }
    },
    {
      "type": "Feature",
      "geometry": {
        "type": "Point",
        "coordinates": [
          1.9552250849726793,
          41.26376837340643
        ]
      },
      "properties": {
        "date": "2025-01-09"
      }
    },
    {
      "type": "Feature",
      "geometry": {
        "type": "Point",
        "coordinates": [
          1.955248158469947,
          41.26376837340643
        ]
      },
      "properties": {
        "date": "2025-01-09"
      }
    },
    {
      "type": "Feature",
      "geometry": {
        "type": "Point",
        "coordinates": [
          1.9552712319672148,
          41.26376837340643
        ]
      },
      "properties": {
        "date": "2025-01-09"
      }
    },
    {
      "type": "Feature",
      "geometry": {
        "type": "Point",
        "coordinates": [
          1.9552943054644825,
          41.26376837340643
        ]
      },
      "properties": {
        "date": "2025-01-09"
      }
    },
    {
      "type": "Feature",
      "geometry": {
        "type": "Point",
        "coordinates": [
          1.9553173789617504,
          41.26376837340643
        ]
      },
      "properties": {
        "date": "2025-01-09"
      }
    },
    {
      "type": "Feature",
      "geometry": {
        "type": "Point",
        "coordinates": [
          1.955340452459018,
          41.26376837340643
        ]
      },
      "properties": {
        "date": "2025-01-09"
      }
    },
    {
      "type": "Feature",
      "geometry": {
        "type": "Point",
        "coordinates": [
          1.9553635259562858,
          41.26376837340643
        ]
      },
      "properties": {
        "date": "2025-01-09"
      }
    },
    {
      "type": "Feature",
      "geometry": {
        "type": "Point",
        "coordinates": [
          1.9553865994535535,
          41.26376837340643
        ]
      },
      "properties": {
        "date": "2025-01-09"
      }
    },
    {
      "type": "Feature",
      "geometry": {
        "type": "Point",
        "coordinates": [
          1.9554096729508212,
          41.26376837340643
        ]
      },
      "properties": {
        "date": "2025-01-09"
      }
    },
    {
      "type": "Feature",
      "geometry": {
        "type": "Point",
        "coordinates": [
          1.9554327464480892,
          41.26376837340643
        ]
      },
      "properties": {
        "date": "2025-01-09"
      }
    },
    {
      "type": "Feature",
      "geometry": {
        "type": "Point",
        "coordinates": [
          1.9554558199453569,
          41.26376837340643
        ]
      },
      "properties": {
        "date": "2025-01-09"
      }
    },
    {
      "type": "Feature",
      "geometry": {
        "type": "Point",
        "coordinates": [
          1.9554788934426246,
          41.26376837340643
        ]
      },
      "properties": {
        "date": "2025-01-09"
      }
    },
    {
      "type": "Feature",
      "geometry": {
        "type": "Point",
        "coordinates": [
          1.9555019669398923,
          41.26376837340643
        ]
      },
      "properties": {
        "date": "2025-01-09"
      }
    },
    {
      "type": "Feature",
      "geometry": {
        "type": "Point",
        "coordinates": [
          1.95552504043716,
          41.26376837340643
        ]
      },
      "properties": {
        "date": "2025-01-09"
      }
    },
    {
      "type": "Feature",
      "geometry": {
        "type": "Point",
        "coordinates": [
          1.955548113934428,
          41.26376837340643
        ]
      },
      "properties": {
        "date": "2025-01-09"
      }
    },
    {
      "type": "Feature",
      "geometry": {
        "type": "Point",
        "coordinates": [
          1.9555711874316957,
          41.26376837340643
        ]
      },
      "properties": {
        "date": "2025-01-09"
      }
    },
    {
      "type": "Feature",
      "geometry": {
        "type": "Point",
        "coordinates": [
          1.9555942609289634,
          41.26376837340643
        ]
      },
      "properties": {
        "date": "2025-01-09"
      }
    },
    {
      "type": "Feature",
      "geometry": {
        "type": "Point",
        "coordinates": [
          1.955617334426231,
          41.26376837340643
        ]
      },
      "properties": {
        "date": "2025-01-09"
      }
    },
    {
      "type": "Feature",
      "geometry": {
        "type": "Point",
        "coordinates": [
          1.955640407923499,
          41.26376837340643
        ]
      },
      "properties": {
        "date": "2025-01-09"
      }
    },
    {
      "type": "Feature",
      "geometry": {
        "type": "Point",
        "coordinates": [
          1.9556634814207667,
          41.26376837340643
        ]
      },
      "properties": {
        "date": "2025-01-09"
      }
    },
    {
      "type": "Feature",
      "geometry": {
        "type": "Point",
        "coordinates": [
          1.9577862431694006,
          41.26376837340643
        ]
      },
      "properties": {
        "date": "2025-01-09"
      }
    },
    {
      "type": "Feature",
      "geometry": {
        "type": "Point",
        "coordinates": [
          1.9578093166666684,
          41.26376837340643
        ]
      },
      "properties": {
        "date": "2025-01-09"
      }
    },
    {
      "type": "Feature",
      "geometry": {
        "type": "Point",
        "coordinates": [
          1.957832390163936,
          41.26376837340643
        ]
      },
      "properties": {
        "date": "2025-01-09"
      }
    },
    {
      "type": "Feature",
      "geometry": {
        "type": "Point",
        "coordinates": [
          1.9578554636612038,
          41.26376837340643
        ]
      },
      "properties": {
        "date": "2025-01-09"
      }
    },
    {
      "type": "Feature",
      "geometry": {
        "type": "Point",
        "coordinates": [
          1.9578785371584715,
          41.26376837340643
        ]
      },
      "properties": {
        "date": "2025-01-09"
      }
    },
    {
      "type": "Feature",
      "geometry": {
        "type": "Point",
        "coordinates": [
          1.9579016106557394,
          41.26376837340643
        ]
      },
      "properties": {
        "date": "2025-01-09"
      }
    },
    {
      "type": "Feature",
      "geometry": {
        "type": "Point",
        "coordinates": [
          1.958893771038253,
          41.26376837340643
        ]
      },
      "properties": {
        "date": "2025-01-09"
      }
    },
    {
      "type": "Feature",
      "geometry": {
        "type": "Point",
        "coordinates": [
          1.9589168445355207,
          41.26376837340643
        ]
      },
      "properties": {
        "date": "2025-01-09"
      }
    },
    {
      "type": "Feature",
      "geometry": {
        "type": "Point",
        "coordinates": [
          1.9589399180327884,
          41.26376837340643
        ]
      },
      "properties": {
        "date": "2025-01-09"
      }
    },
    {
      "type": "Feature",
      "geometry": {
        "type": "Point",
        "coordinates": [
          1.9589629915300564,
          41.26376837340643
        ]
      },
      "properties": {
        "date": "2025-01-09"
      }
    },
    {
      "type": "Feature",
      "geometry": {
        "type": "Point",
        "coordinates": [
          1.958986065027324,
          41.26376837340643
        ]
      },
      "properties": {
        "date": "2025-01-09"
      }
    },
    {
      "type": "Feature",
      "geometry": {
        "type": "Point",
        "coordinates": [
          1.9602089603825152,
          41.26376837340643
        ]
      },
      "properties": {
        "date": "2025-01-09"
      }
    },
    {
      "type": "Feature",
      "geometry": {
        "type": "Point",
        "coordinates": [
          1.960232033879783,
          41.26376837340643
        ]
      },
      "properties": {
        "date": "2025-01-09"
      }
    },
    {
      "type": "Feature",
      "geometry": {
        "type": "Point",
        "coordinates": [
          1.9602551073770509,
          41.26376837340643
        ]
      },
      "properties": {
        "date": "2025-01-09"
      }
    },
    {
      "type": "Feature",
      "geometry": {
        "type": "Point",
        "coordinates": [
          1.9602781808743186,
          41.26376837340643
        ]
      },
      "properties": {
        "date": "2025-01-09"
      }
    },
    {
      "type": "Feature",
      "geometry": {
        "type": "Point",
        "coordinates": [
          1.9603012543715863,
          41.26376837340643
        ]
      },
      "properties": {
        "date": "2025-01-09"
      }
    },
    {
      "type": "Feature",
      "geometry": {
        "type": "Point",
        "coordinates": [
          1.960324327868854,
          41.26376837340643
        ]
      },
      "properties": {
        "date": "2025-01-09"
      }
    },
    {
      "type": "Feature",
      "geometry": {
        "type": "Point",
        "coordinates": [
          1.9609011653005481,
          41.26376837340643
        ]
      },
      "properties": {
        "date": "2025-01-09"
      }
    },
    {
      "type": "Feature",
      "geometry": {
        "type": "Point",
        "coordinates": [
          1.9609242387978159,
          41.26376837340643
        ]
      },
      "properties": {
        "date": "2025-01-09"
      }
    },
    {
      "type": "Feature",
      "geometry": {
        "type": "Point",
        "coordinates": [
          1.9609473122950836,
          41.26376837340643
        ]
      },
      "properties": {
        "date": "2025-01-09"
      }
    },
    {
      "type": "Feature",
      "geometry": {
        "type": "Point",
        "coordinates": [
          1.9609703857923513,
          41.26376837340643
        ]
      },
      "properties": {
        "date": "2025-01-09"
      }
    },
    {
      "type": "Feature",
      "geometry": {
        "type": "Point",
        "coordinates": [
          1.9609934592896192,
          41.26376837340643
        ]
      },
      "properties": {
        "date": "2025-01-09"
      }
    },
    {
      "type": "Feature",
      "geometry": {
        "type": "Point",
        "coordinates": [
          1.961016532786887,
          41.26376837340643
        ]
      },
      "properties": {
        "date": "2025-01-09"
      }
    },
    {
      "type": "Feature",
      "geometry": {
        "type": "Point",
        "coordinates": [
          1.9610396062841546,
          41.26376837340643
        ]
      },
      "properties": {
        "date": "2025-01-09"
      }
    },
    {
      "type": "Feature",
      "geometry": {
        "type": "Point",
        "coordinates": [
          1.9610626797814223,
          41.26376837340643
        ]
      },
      "properties": {
        "date": "2025-01-09"
      }
    },
    {
      "type": "Feature",
      "geometry": {
        "type": "Point",
        "coordinates": [
          1.96108575327869,
          41.26376837340643
        ]
      },
      "properties": {
        "date": "2025-01-09"
      }
    },
    {
      "type": "Feature",
      "geometry": {
        "type": "Point",
        "coordinates": [
          1.961108826775958,
          41.26376837340643
        ]
      },
      "properties": {
        "date": "2025-01-09"
      }
    },
    {
      "type": "Feature",
      "geometry": {
        "type": "Point",
        "coordinates": [
          1.9611319002732257,
          41.26376837340643
        ]
      },
      "properties": {
        "date": "2025-01-09"
      }
    },
    {
      "type": "Feature",
      "geometry": {
        "type": "Point",
        "coordinates": [
          1.9611549737704934,
          41.26376837340643
        ]
      },
      "properties": {
        "date": "2025-01-09"
      }
    },
    {
      "type": "Feature",
      "geometry": {
        "type": "Point",
        "coordinates": [
          1.9611780472677611,
          41.26376837340643
        ]
      },
      "properties": {
        "date": "2025-01-09"
      }
    },
    {
      "type": "Feature",
      "geometry": {
        "type": "Point",
        "coordinates": [
          1.961201120765029,
          41.26376837340643
        ]
      },
      "properties": {
        "date": "2025-01-09"
      }
    },
    {
      "type": "Feature",
      "geometry": {
        "type": "Point",
        "coordinates": [
          1.9612241942622968,
          41.26376837340643
        ]
      },
      "properties": {
        "date": "2025-01-09"
      }
    },
    {
      "type": "Feature",
      "geometry": {
        "type": "Point",
        "coordinates": [
          1.9612472677595645,
          41.26376837340643
        ]
      },
      "properties": {
        "date": "2025-01-09"
      }
    },
    {
      "type": "Feature",
      "geometry": {
        "type": "Point",
        "coordinates": [
          1.9612703412568322,
          41.26376837340643
        ]
      },
      "properties": {
        "date": "2025-01-09"
      }
    },
    {
      "type": "Feature",
      "geometry": {
        "type": "Point",
        "coordinates": [
          1.9612934147541,
          41.26376837340643
        ]
      },
      "properties": {
        "date": "2025-01-09"
      }
    },
    {
      "type": "Feature",
      "geometry": {
        "type": "Point",
        "coordinates": [
          1.9613164882513678,
          41.26376837340643
        ]
      },
      "properties": {
        "date": "2025-01-09"
      }
    },
    {
      "type": "Feature",
      "geometry": {
        "type": "Point",
        "coordinates": [
          1.9613395617486356,
          41.26376837340643
        ]
      },
      "properties": {
        "date": "2025-01-09"
      }
    },
    {
      "type": "Feature",
      "geometry": {
        "type": "Point",
        "coordinates": [
          1.9613626352459033,
          41.26376837340643
        ]
      },
      "properties": {
        "date": "2025-01-09"
      }
    },
    {
      "type": "Feature",
      "geometry": {
        "type": "Point",
        "coordinates": [
          1.9625855306010944,
          41.26376837340643
        ]
      },
      "properties": {
        "date": "2025-01-09"
      }
    },
    {
      "type": "Feature",
      "geometry": {
        "type": "Point",
        "coordinates": [
          1.9626086040983624,
          41.26376837340643
        ]
      },
      "properties": {
        "date": "2025-01-09"
      }
    },
    {
      "type": "Feature",
      "geometry": {
        "type": "Point",
        "coordinates": [
          1.96263167759563,
          41.26376837340643
        ]
      },
      "properties": {
        "date": "2025-01-09"
      }
    },
    {
      "type": "Feature",
      "geometry": {
        "type": "Point",
        "coordinates": [
          1.9626547510928978,
          41.26376837340643
        ]
      },
      "properties": {
        "date": "2025-01-09"
      }
    },
    {
      "type": "Feature",
      "geometry": {
        "type": "Point",
        "coordinates": [
          1.9626778245901655,
          41.26376837340643
        ]
      },
      "properties": {
        "date": "2025-01-09"
      }
    },
    {
      "type": "Feature",
      "geometry": {
        "type": "Point",
        "coordinates": [
          1.9629547065573787,
          41.26376837340643
        ]
      },
      "properties": {
        "date": "2025-01-09"
      }
    },
    {
      "type": "Feature",
      "geometry": {
        "type": "Point",
        "coordinates": [
          1.9629777800546464,
          41.26376837340643
        ]
      },
      "properties": {
        "date": "2025-01-09"
      }
    },
    {
      "type": "Feature",
      "geometry": {
        "type": "Point",
        "coordinates": [
          1.9630008535519141,
          41.26376837340643
        ]
      },
      "properties": {
        "date": "2025-01-09"
      }
    },
    {
      "type": "Feature",
      "geometry": {
        "type": "Point",
        "coordinates": [
          1.963023927049182,
          41.26376837340643
        ]
      },
      "properties": {
        "date": "2025-01-09"
      }
    },
    {
      "type": "Feature",
      "geometry": {
        "type": "Point",
        "coordinates": [
          1.9630470005464498,
          41.26376837340643
        ]
      },
      "properties": {
        "date": "2025-01-09"
      }
    },
    {
      "type": "Feature",
      "geometry": {
        "type": "Point",
        "coordinates": [
          1.9641314549180344,
          41.26376837340643
        ]
      },
      "properties": {
        "date": "2025-01-09"
      }
    },
    {
      "type": "Feature",
      "geometry": {
        "type": "Point",
        "coordinates": [
          1.9644775573770508,
          41.26376837340643
        ]
      },
      "properties": {
        "date": "2025-01-09"
      }
    },
    {
      "type": "Feature",
      "geometry": {
        "type": "Point",
        "coordinates": [
          1.9645006308743185,
          41.26376837340643
        ]
      },
      "properties": {
        "date": "2025-01-09"
      }
    },
    {
      "type": "Feature",
      "geometry": {
        "type": "Point",
        "coordinates": [
          1.9645237043715864,
          41.26376837340643
        ]
      },
      "properties": {
        "date": "2025-01-09"
      }
    },
    {
      "type": "Feature",
      "geometry": {
        "type": "Point",
        "coordinates": [
          1.9645467778688541,
          41.26376837340643
        ]
      },
      "properties": {
        "date": "2025-01-09"
      }
    },
    {
      "type": "Feature",
      "geometry": {
        "type": "Point",
        "coordinates": [
          1.9645698513661218,
          41.26376837340643
        ]
      },
      "properties": {
        "date": "2025-01-09"
      }
    },
    {
      "type": "Feature",
      "geometry": {
        "type": "Point",
        "coordinates": [
          1.9645929248633895,
          41.26376837340643
        ]
      },
      "properties": {
        "date": "2025-01-09"
      }
    },
    {
      "type": "Feature",
      "geometry": {
        "type": "Point",
        "coordinates": [
          1.9646159983606573,
          41.26376837340643
        ]
      },
      "properties": {
        "date": "2025-01-09"
      }
    },
    {
      "type": "Feature",
      "geometry": {
        "type": "Point",
        "coordinates": [
          1.9646390718579252,
          41.26376837340643
        ]
      },
      "properties": {
        "date": "2025-01-09"
      }
    },
    {
      "type": "Feature",
      "geometry": {
        "type": "Point",
        "coordinates": [
          1.964662145355193,
          41.26376837340643
        ]
      },
      "properties": {
        "date": "2025-01-09"
      }
    },
    {
      "type": "Feature",
      "geometry": {
        "type": "Point",
        "coordinates": [
          1.9646852188524606,
          41.26376837340643
        ]
      },
      "properties": {
        "date": "2025-01-09"
      }
    },
    {
      "type": "Feature",
      "geometry": {
        "type": "Point",
        "coordinates": [
          1.9647082923497283,
          41.26376837340643
        ]
      },
      "properties": {
        "date": "2025-01-09"
      }
    },
    {
      "type": "Feature",
      "geometry": {
        "type": "Point",
        "coordinates": [
          1.964731365846996,
          41.26376837340643
        ]
      },
      "properties": {
        "date": "2025-01-09"
      }
    },
    {
      "type": "Feature",
      "geometry": {
        "type": "Point",
        "coordinates": [
          1.964754439344264,
          41.26376837340643
        ]
      },
      "properties": {
        "date": "2025-01-09"
      }
    },
    {
      "type": "Feature",
      "geometry": {
        "type": "Point",
        "coordinates": [
          1.9647775128415317,
          41.26376837340643
        ]
      },
      "properties": {
        "date": "2025-01-09"
      }
    },
    {
      "type": "Feature",
      "geometry": {
        "type": "Point",
        "coordinates": [
          1.9648005863387994,
          41.26376837340643
        ]
      },
      "properties": {
        "date": "2025-01-09"
      }
    },
    {
      "type": "Feature",
      "geometry": {
        "type": "Point",
        "coordinates": [
          1.964823659836067,
          41.26376837340643
        ]
      },
      "properties": {
        "date": "2025-01-09"
      }
    },
    {
      "type": "Feature",
      "geometry": {
        "type": "Point",
        "coordinates": [
          1.964846733333335,
          41.26376837340643
        ]
      },
      "properties": {
        "date": "2025-01-09"
      }
    },
    {
      "type": "Feature",
      "geometry": {
        "type": "Point",
        "coordinates": [
          1.9648698068306027,
          41.26376837340643
        ]
      },
      "properties": {
        "date": "2025-01-09"
      }
    },
    {
      "type": "Feature",
      "geometry": {
        "type": "Point",
        "coordinates": [
          1.9648928803278705,
          41.26376837340643
        ]
      },
      "properties": {
        "date": "2025-01-09"
      }
    },
    {
      "type": "Feature",
      "geometry": {
        "type": "Point",
        "coordinates": [
          1.9649159538251382,
          41.26376837340643
        ]
      },
      "properties": {
        "date": "2025-01-09"
      }
    },
    {
      "type": "Feature",
      "geometry": {
        "type": "Point",
        "coordinates": [
          1.9649390273224059,
          41.26376837340643
        ]
      },
      "properties": {
        "date": "2025-01-09"
      }
    },
    {
      "type": "Feature",
      "geometry": {
        "type": "Point",
        "coordinates": [
          1.9649621008196738,
          41.26376837340643
        ]
      },
      "properties": {
        "date": "2025-01-09"
      }
    },
    {
      "type": "Feature",
      "geometry": {
        "type": "Point",
        "coordinates": [
          1.9649851743169415,
          41.26376837340643
        ]
      },
      "properties": {
        "date": "2025-01-09"
      }
    },
    {
      "type": "Feature",
      "geometry": {
        "type": "Point",
        "coordinates": [
          1.9650082478142092,
          41.26376837340643
        ]
      },
      "properties": {
        "date": "2025-01-09"
      }
    },
    {
      "type": "Feature",
      "geometry": {
        "type": "Point",
        "coordinates": [
          1.965031321311477,
          41.26376837340643
        ]
      },
      "properties": {
        "date": "2025-01-09"
      }
    },
    {
      "type": "Feature",
      "geometry": {
        "type": "Point",
        "coordinates": [
          1.9650543948087447,
          41.26376837340643
        ]
      },
      "properties": {
        "date": "2025-01-09"
      }
    },
    {
      "type": "Feature",
      "geometry": {
        "type": "Point",
        "coordinates": [
          1.9650774683060126,
          41.26376837340643
        ]
      },
      "properties": {
        "date": "2025-01-09"
      }
    },
    {
      "type": "Feature",
      "geometry": {
        "type": "Point",
        "coordinates": [
          1.9651005418032803,
          41.26376837340643
        ]
      },
      "properties": {
        "date": "2025-01-09"
      }
    },
    {
      "type": "Feature",
      "geometry": {
        "type": "Point",
        "coordinates": [
          1.965123615300548,
          41.26376837340643
        ]
      },
      "properties": {
        "date": "2025-01-09"
      }
    },
    {
      "type": "Feature",
      "geometry": {
        "type": "Point",
        "coordinates": [
          1.9651466887978157,
          41.26376837340643
        ]
      },
      "properties": {
        "date": "2025-01-09"
      }
    },
    {
      "type": "Feature",
      "geometry": {
        "type": "Point",
        "coordinates": [
          1.9651697622950837,
          41.26376837340643
        ]
      },
      "properties": {
        "date": "2025-01-09"
      }
    },
    {
      "type": "Feature",
      "geometry": {
        "type": "Point",
        "coordinates": [
          1.9651928357923514,
          41.26376837340643
        ]
      },
      "properties": {
        "date": "2025-01-09"
      }
    },
    {
      "type": "Feature",
      "geometry": {
        "type": "Point",
        "coordinates": [
          1.965215909289619,
          41.26376837340643
        ]
      },
      "properties": {
        "date": "2025-01-09"
      }
    },
    {
      "type": "Feature",
      "geometry": {
        "type": "Point",
        "coordinates": [
          1.965792746721313,
          41.26376837340643
        ]
      },
      "properties": {
        "date": "2025-01-09"
      }
    },
    {
      "type": "Feature",
      "geometry": {
        "type": "Point",
        "coordinates": [
          1.965815820218581,
          41.26376837340643
        ]
      },
      "properties": {
        "date": "2025-01-09"
      }
    },
    {
      "type": "Feature",
      "geometry": {
        "type": "Point",
        "coordinates": [
          1.9658388937158486,
          41.26376837340643
        ]
      },
      "properties": {
        "date": "2025-01-09"
      }
    },
    {
      "type": "Feature",
      "geometry": {
        "type": "Point",
        "coordinates": [
          1.9658619672131163,
          41.26376837340643
        ]
      },
      "properties": {
        "date": "2025-01-09"
      }
    },
    {
      "type": "Feature",
      "geometry": {
        "type": "Point",
        "coordinates": [
          1.965885040710384,
          41.26376837340643
        ]
      },
      "properties": {
        "date": "2025-01-09"
      }
    },
    {
      "type": "Feature",
      "geometry": {
        "type": "Point",
        "coordinates": [
          1.9659081142076518,
          41.26376837340643
        ]
      },
      "properties": {
        "date": "2025-01-09"
      }
    },
    {
      "type": "Feature",
      "geometry": {
        "type": "Point",
        "coordinates": [
          1.9659311877049197,
          41.26376837340643
        ]
      },
      "properties": {
        "date": "2025-01-09"
      }
    },
    {
      "type": "Feature",
      "geometry": {
        "type": "Point",
        "coordinates": [
          1.9659542612021874,
          41.26376837340643
        ]
      },
      "properties": {
        "date": "2025-01-09"
      }
    },
    {
      "type": "Feature",
      "geometry": {
        "type": "Point",
        "coordinates": [
          1.9659773346994551,
          41.26376837340643
        ]
      },
      "properties": {
        "date": "2025-01-09"
      }
    },
    {
      "type": "Feature",
      "geometry": {
        "type": "Point",
        "coordinates": [
          1.9660004081967228,
          41.26376837340643
        ]
      },
      "properties": {
        "date": "2025-01-09"
      }
    },
    {
      "type": "Feature",
      "geometry": {
        "type": "Point",
        "coordinates": [
          1.9660234816939908,
          41.26376837340643
        ]
      },
      "properties": {
        "date": "2025-01-09"
      }
    },
    {
      "type": "Feature",
      "geometry": {
        "type": "Point",
        "coordinates": [
          1.9660465551912585,
          41.26376837340643
        ]
      },
      "properties": {
        "date": "2025-01-09"
      }
    },
    {
      "type": "Feature",
      "geometry": {
        "type": "Point",
        "coordinates": [
          1.9671079360655754,
          41.26376837340643
        ]
      },
      "properties": {
        "date": "2025-01-09"
      }
    },
    {
      "type": "Feature",
      "geometry": {
        "type": "Point",
        "coordinates": [
          1.9673617445355207,
          41.26376837340643
        ]
      },
      "properties": {
        "date": "2025-01-09"
      }
    },
    {
      "type": "Feature",
      "geometry": {
        "type": "Point",
        "coordinates": [
          1.970684328142078,
          41.26376837340643
        ]
      },
      "properties": {
        "date": "2025-01-09"
      }
    },
    {
      "type": "Feature",
      "geometry": {
        "type": "Point",
        "coordinates": [
          1.9462725680327886,
          41.26370846839732
        ]
      },
      "properties": {
        "date": "2025-01-09"
      }
    },
    {
      "type": "Feature",
      "geometry": {
        "type": "Point",
        "coordinates": [
          1.9462956415300563,
          41.26370846839732
        ]
      },
      "properties": {
        "date": "2025-01-09"
      }
    },
    {
      "type": "Feature",
      "geometry": {
        "type": "Point",
        "coordinates": [
          1.946318715027324,
          41.26370846839732
        ]
      },
      "properties": {
        "date": "2025-01-09"
      }
    },
    {
      "type": "Feature",
      "geometry": {
        "type": "Point",
        "coordinates": [
          1.946341788524592,
          41.26370846839732
        ]
      },
      "properties": {
        "date": "2025-01-09"
      }
    },
    {
      "type": "Feature",
      "geometry": {
        "type": "Point",
        "coordinates": [
          1.9463648620218597,
          41.26370846839732
        ]
      },
      "properties": {
        "date": "2025-01-09"
      }
    },
    {
      "type": "Feature",
      "geometry": {
        "type": "Point",
        "coordinates": [
          1.9463879355191274,
          41.26370846839732
        ]
      },
      "properties": {
        "date": "2025-01-09"
      }
    },
    {
      "type": "Feature",
      "geometry": {
        "type": "Point",
        "coordinates": [
          1.946411009016395,
          41.26370846839732
        ]
      },
      "properties": {
        "date": "2025-01-09"
      }
    },
    {
      "type": "Feature",
      "geometry": {
        "type": "Point",
        "coordinates": [
          1.946434082513663,
          41.26370846839732
        ]
      },
      "properties": {
        "date": "2025-01-09"
      }
    },
    {
      "type": "Feature",
      "geometry": {
        "type": "Point",
        "coordinates": [
          1.9464571560109307,
          41.26370846839732
        ]
      },
      "properties": {
        "date": "2025-01-09"
      }
    },
    {
      "type": "Feature",
      "geometry": {
        "type": "Point",
        "coordinates": [
          1.9464802295081984,
          41.26370846839732
        ]
      },
      "properties": {
        "date": "2025-01-09"
      }
    },
    {
      "type": "Feature",
      "geometry": {
        "type": "Point",
        "coordinates": [
          1.9465033030054661,
          41.26370846839732
        ]
      },
      "properties": {
        "date": "2025-01-09"
      }
    },
    {
      "type": "Feature",
      "geometry": {
        "type": "Point",
        "coordinates": [
          1.9465263765027339,
          41.26370846839732
        ]
      },
      "properties": {
        "date": "2025-01-09"
      }
    },
    {
      "type": "Feature",
      "geometry": {
        "type": "Point",
        "coordinates": [
          1.9465494500000018,
          41.26370846839732
        ]
      },
      "properties": {
        "date": "2025-01-09"
      }
    },
    {
      "type": "Feature",
      "geometry": {
        "type": "Point",
        "coordinates": [
          1.9465725234972695,
          41.26370846839732
        ]
      },
      "properties": {
        "date": "2025-01-09"
      }
    },
    {
      "type": "Feature",
      "geometry": {
        "type": "Point",
        "coordinates": [
          1.9465955969945372,
          41.26370846839732
        ]
      },
      "properties": {
        "date": "2025-01-09"
      }
    },
    {
      "type": "Feature",
      "geometry": {
        "type": "Point",
        "coordinates": [
          1.946618670491805,
          41.26370846839732
        ]
      },
      "properties": {
        "date": "2025-01-09"
      }
    },
    {
      "type": "Feature",
      "geometry": {
        "type": "Point",
        "coordinates": [
          1.9466417439890726,
          41.26370846839732
        ]
      },
      "properties": {
        "date": "2025-01-09"
      }
    },
    {
      "type": "Feature",
      "geometry": {
        "type": "Point",
        "coordinates": [
          1.9466648174863406,
          41.26370846839732
        ]
      },
      "properties": {
        "date": "2025-01-09"
      }
    },
    {
      "type": "Feature",
      "geometry": {
        "type": "Point",
        "coordinates": [
          1.9466878909836083,
          41.26370846839732
        ]
      },
      "properties": {
        "date": "2025-01-09"
      }
    },
    {
      "type": "Feature",
      "geometry": {
        "type": "Point",
        "coordinates": [
          1.946710964480876,
          41.26370846839732
        ]
      },
      "properties": {
        "date": "2025-01-09"
      }
    },
    {
      "type": "Feature",
      "geometry": {
        "type": "Point",
        "coordinates": [
          1.9467340379781437,
          41.26370846839732
        ]
      },
      "properties": {
        "date": "2025-01-09"
      }
    },
    {
      "type": "Feature",
      "geometry": {
        "type": "Point",
        "coordinates": [
          1.9467571114754116,
          41.26370846839732
        ]
      },
      "properties": {
        "date": "2025-01-09"
      }
    },
    {
      "type": "Feature",
      "geometry": {
        "type": "Point",
        "coordinates": [
          1.9467801849726794,
          41.26370846839732
        ]
      },
      "properties": {
        "date": "2025-01-09"
      }
    },
    {
      "type": "Feature",
      "geometry": {
        "type": "Point",
        "coordinates": [
          1.946803258469947,
          41.26370846839732
        ]
      },
      "properties": {
        "date": "2025-01-09"
      }
    },
    {
      "type": "Feature",
      "geometry": {
        "type": "Point",
        "coordinates": [
          1.9495490046448105,
          41.26370846839732
        ]
      },
      "properties": {
        "date": "2025-01-09"
      }
    },
    {
      "type": "Feature",
      "geometry": {
        "type": "Point",
        "coordinates": [
          1.9495720781420782,
          41.26370846839732
        ]
      },
      "properties": {
        "date": "2025-01-09"
      }
    },
    {
      "type": "Feature",
      "geometry": {
        "type": "Point",
        "coordinates": [
          1.949595151639346,
          41.26370846839732
        ]
      },
      "properties": {
        "date": "2025-01-09"
      }
    },
    {
      "type": "Feature",
      "geometry": {
        "type": "Point",
        "coordinates": [
          1.9496182251366136,
          41.26370846839732
        ]
      },
      "properties": {
        "date": "2025-01-09"
      }
    },
    {
      "type": "Feature",
      "geometry": {
        "type": "Point",
        "coordinates": [
          1.9496412986338816,
          41.26370846839732
        ]
      },
      "properties": {
        "date": "2025-01-09"
      }
    },
    {
      "type": "Feature",
      "geometry": {
        "type": "Point",
        "coordinates": [
          1.9496643721311493,
          41.26370846839732
        ]
      },
      "properties": {
        "date": "2025-01-09"
      }
    },
    {
      "type": "Feature",
      "geometry": {
        "type": "Point",
        "coordinates": [
          1.949687445628417,
          41.26370846839732
        ]
      },
      "properties": {
        "date": "2025-01-09"
      }
    },
    {
      "type": "Feature",
      "geometry": {
        "type": "Point",
        "coordinates": [
          1.9497105191256847,
          41.26370846839732
        ]
      },
      "properties": {
        "date": "2025-01-09"
      }
    },
    {
      "type": "Feature",
      "geometry": {
        "type": "Point",
        "coordinates": [
          1.9497335926229524,
          41.26370846839732
        ]
      },
      "properties": {
        "date": "2025-01-09"
      }
    },
    {
      "type": "Feature",
      "geometry": {
        "type": "Point",
        "coordinates": [
          1.9497566661202204,
          41.26370846839732
        ]
      },
      "properties": {
        "date": "2025-01-09"
      }
    },
    {
      "type": "Feature",
      "geometry": {
        "type": "Point",
        "coordinates": [
          1.949779739617488,
          41.26370846839732
        ]
      },
      "properties": {
        "date": "2025-01-09"
      }
    },
    {
      "type": "Feature",
      "geometry": {
        "type": "Point",
        "coordinates": [
          1.9498028131147558,
          41.26370846839732
        ]
      },
      "properties": {
        "date": "2025-01-09"
      }
    },
    {
      "type": "Feature",
      "geometry": {
        "type": "Point",
        "coordinates": [
          1.9498258866120235,
          41.26370846839732
        ]
      },
      "properties": {
        "date": "2025-01-09"
      }
    },
    {
      "type": "Feature",
      "geometry": {
        "type": "Point",
        "coordinates": [
          1.9498489601092912,
          41.26370846839732
        ]
      },
      "properties": {
        "date": "2025-01-09"
      }
    },
    {
      "type": "Feature",
      "geometry": {
        "type": "Point",
        "coordinates": [
          1.9498720336065591,
          41.26370846839732
        ]
      },
      "properties": {
        "date": "2025-01-09"
      }
    },
    {
      "type": "Feature",
      "geometry": {
        "type": "Point",
        "coordinates": [
          1.9498951071038269,
          41.26370846839732
        ]
      },
      "properties": {
        "date": "2025-01-09"
      }
    },
    {
      "type": "Feature",
      "geometry": {
        "type": "Point",
        "coordinates": [
          1.9499181806010946,
          41.26370846839732
        ]
      },
      "properties": {
        "date": "2025-01-09"
      }
    },
    {
      "type": "Feature",
      "geometry": {
        "type": "Point",
        "coordinates": [
          1.9499412540983623,
          41.26370846839732
        ]
      },
      "properties": {
        "date": "2025-01-09"
      }
    },
    {
      "type": "Feature",
      "geometry": {
        "type": "Point",
        "coordinates": [
          1.9499643275956302,
          41.26370846839732
        ]
      },
      "properties": {
        "date": "2025-01-09"
      }
    },
    {
      "type": "Feature",
      "geometry": {
        "type": "Point",
        "coordinates": [
          1.949987401092898,
          41.26370846839732
        ]
      },
      "properties": {
        "date": "2025-01-09"
      }
    },
    {
      "type": "Feature",
      "geometry": {
        "type": "Point",
        "coordinates": [
          1.9500104745901656,
          41.26370846839732
        ]
      },
      "properties": {
        "date": "2025-01-09"
      }
    },
    {
      "type": "Feature",
      "geometry": {
        "type": "Point",
        "coordinates": [
          1.9500335480874333,
          41.26370846839732
        ]
      },
      "properties": {
        "date": "2025-01-09"
      }
    },
    {
      "type": "Feature",
      "geometry": {
        "type": "Point",
        "coordinates": [
          1.950056621584701,
          41.26370846839732
        ]
      },
      "properties": {
        "date": "2025-01-09"
      }
    },
    {
      "type": "Feature",
      "geometry": {
        "type": "Point",
        "coordinates": [
          1.950079695081969,
          41.26370846839732
        ]
      },
      "properties": {
        "date": "2025-01-09"
      }
    },
    {
      "type": "Feature",
      "geometry": {
        "type": "Point",
        "coordinates": [
          1.9501027685792367,
          41.26370846839732
        ]
      },
      "properties": {
        "date": "2025-01-09"
      }
    },
    {
      "type": "Feature",
      "geometry": {
        "type": "Point",
        "coordinates": [
          1.9556634814207667,
          41.26370846839732
        ]
      },
      "properties": {
        "date": "2025-01-09"
      }
    },
    {
      "type": "Feature",
      "geometry": {
        "type": "Point",
        "coordinates": [
          1.9556865549180344,
          41.26370846839732
        ]
      },
      "properties": {
        "date": "2025-01-09"
      }
    },
    {
      "type": "Feature",
      "geometry": {
        "type": "Point",
        "coordinates": [
          1.9557096284153022,
          41.26370846839732
        ]
      },
      "properties": {
        "date": "2025-01-09"
      }
    },
    {
      "type": "Feature",
      "geometry": {
        "type": "Point",
        "coordinates": [
          1.9557327019125699,
          41.26370846839732
        ]
      },
      "properties": {
        "date": "2025-01-09"
      }
    },
    {
      "type": "Feature",
      "geometry": {
        "type": "Point",
        "coordinates": [
          1.9557557754098378,
          41.26370846839732
        ]
      },
      "properties": {
        "date": "2025-01-09"
      }
    },
    {
      "type": "Feature",
      "geometry": {
        "type": "Point",
        "coordinates": [
          1.9557788489071055,
          41.26370846839732
        ]
      },
      "properties": {
        "date": "2025-01-09"
      }
    },
    {
      "type": "Feature",
      "geometry": {
        "type": "Point",
        "coordinates": [
          1.9579016106557394,
          41.26370846839732
        ]
      },
      "properties": {
        "date": "2025-01-09"
      }
    },
    {
      "type": "Feature",
      "geometry": {
        "type": "Point",
        "coordinates": [
          1.958893771038253,
          41.26370846839732
        ]
      },
      "properties": {
        "date": "2025-01-09"
      }
    },
    {
      "type": "Feature",
      "geometry": {
        "type": "Point",
        "coordinates": [
          1.958986065027324,
          41.26370846839732
        ]
      },
      "properties": {
        "date": "2025-01-09"
      }
    },
    {
      "type": "Feature",
      "geometry": {
        "type": "Point",
        "coordinates": [
          1.960047445901641,
          41.26370846839732
        ]
      },
      "properties": {
        "date": "2025-01-09"
      }
    },
    {
      "type": "Feature",
      "geometry": {
        "type": "Point",
        "coordinates": [
          1.9600705193989088,
          41.26370846839732
        ]
      },
      "properties": {
        "date": "2025-01-09"
      }
    },
    {
      "type": "Feature",
      "geometry": {
        "type": "Point",
        "coordinates": [
          1.9600935928961765,
          41.26370846839732
        ]
      },
      "properties": {
        "date": "2025-01-09"
      }
    },
    {
      "type": "Feature",
      "geometry": {
        "type": "Point",
        "coordinates": [
          1.9601166663934442,
          41.26370846839732
        ]
      },
      "properties": {
        "date": "2025-01-09"
      }
    },
    {
      "type": "Feature",
      "geometry": {
        "type": "Point",
        "coordinates": [
          1.960139739890712,
          41.26370846839732
        ]
      },
      "properties": {
        "date": "2025-01-09"
      }
    },
    {
      "type": "Feature",
      "geometry": {
        "type": "Point",
        "coordinates": [
          1.9601628133879798,
          41.26370846839732
        ]
      },
      "properties": {
        "date": "2025-01-09"
      }
    },
    {
      "type": "Feature",
      "geometry": {
        "type": "Point",
        "coordinates": [
          1.9601858868852475,
          41.26370846839732
        ]
      },
      "properties": {
        "date": "2025-01-09"
      }
    },
    {
      "type": "Feature",
      "geometry": {
        "type": "Point",
        "coordinates": [
          1.9602089603825152,
          41.26370846839732
        ]
      },
      "properties": {
        "date": "2025-01-09"
      }
    },
    {
      "type": "Feature",
      "geometry": {
        "type": "Point",
        "coordinates": [
          1.9613626352459033,
          41.26370846839732
        ]
      },
      "properties": {
        "date": "2025-01-09"
      }
    },
    {
      "type": "Feature",
      "geometry": {
        "type": "Point",
        "coordinates": [
          1.961385708743171,
          41.26370846839732
        ]
      },
      "properties": {
        "date": "2025-01-09"
      }
    },
    {
      "type": "Feature",
      "geometry": {
        "type": "Point",
        "coordinates": [
          1.9614087822404387,
          41.26370846839732
        ]
      },
      "properties": {
        "date": "2025-01-09"
      }
    },
    {
      "type": "Feature",
      "geometry": {
        "type": "Point",
        "coordinates": [
          1.9614318557377066,
          41.26370846839732
        ]
      },
      "properties": {
        "date": "2025-01-09"
      }
    },
    {
      "type": "Feature",
      "geometry": {
        "type": "Point",
        "coordinates": [
          1.9614549292349743,
          41.26370846839732
        ]
      },
      "properties": {
        "date": "2025-01-09"
      }
    },
    {
      "type": "Feature",
      "geometry": {
        "type": "Point",
        "coordinates": [
          1.961478002732242,
          41.26370846839732
        ]
      },
      "properties": {
        "date": "2025-01-09"
      }
    },
    {
      "type": "Feature",
      "geometry": {
        "type": "Point",
        "coordinates": [
          1.9615010762295098,
          41.26370846839732
        ]
      },
      "properties": {
        "date": "2025-01-09"
      }
    },
    {
      "type": "Feature",
      "geometry": {
        "type": "Point",
        "coordinates": [
          1.9615241497267777,
          41.26370846839732
        ]
      },
      "properties": {
        "date": "2025-01-09"
      }
    },
    {
      "type": "Feature",
      "geometry": {
        "type": "Point",
        "coordinates": [
          1.9615472232240454,
          41.26370846839732
        ]
      },
      "properties": {
        "date": "2025-01-09"
      }
    },
    {
      "type": "Feature",
      "geometry": {
        "type": "Point",
        "coordinates": [
          1.9615702967213131,
          41.26370846839732
        ]
      },
      "properties": {
        "date": "2025-01-09"
      }
    },
    {
      "type": "Feature",
      "geometry": {
        "type": "Point",
        "coordinates": [
          1.9615933702185808,
          41.26370846839732
        ]
      },
      "properties": {
        "date": "2025-01-09"
      }
    },
    {
      "type": "Feature",
      "geometry": {
        "type": "Point",
        "coordinates": [
          1.9616164437158485,
          41.26370846839732
        ]
      },
      "properties": {
        "date": "2025-01-09"
      }
    },
    {
      "type": "Feature",
      "geometry": {
        "type": "Point",
        "coordinates": [
          1.9641314549180344,
          41.26370846839732
        ]
      },
      "properties": {
        "date": "2025-01-09"
      }
    },
    {
      "type": "Feature",
      "geometry": {
        "type": "Point",
        "coordinates": [
          1.964362189890712,
          41.26370846839732
        ]
      },
      "properties": {
        "date": "2025-01-09"
      }
    },
    {
      "type": "Feature",
      "geometry": {
        "type": "Point",
        "coordinates": [
          1.9643852633879797,
          41.26370846839732
        ]
      },
      "properties": {
        "date": "2025-01-09"
      }
    },
    {
      "type": "Feature",
      "geometry": {
        "type": "Point",
        "coordinates": [
          1.9644083368852474,
          41.26370846839732
        ]
      },
      "properties": {
        "date": "2025-01-09"
      }
    },
    {
      "type": "Feature",
      "geometry": {
        "type": "Point",
        "coordinates": [
          1.9644314103825153,
          41.26370846839732
        ]
      },
      "properties": {
        "date": "2025-01-09"
      }
    },
    {
      "type": "Feature",
      "geometry": {
        "type": "Point",
        "coordinates": [
          1.964454483879783,
          41.26370846839732
        ]
      },
      "properties": {
        "date": "2025-01-09"
      }
    },
    {
      "type": "Feature",
      "geometry": {
        "type": "Point",
        "coordinates": [
          1.9644775573770508,
          41.26370846839732
        ]
      },
      "properties": {
        "date": "2025-01-09"
      }
    },
    {
      "type": "Feature",
      "geometry": {
        "type": "Point",
        "coordinates": [
          1.965215909289619,
          41.26370846839732
        ]
      },
      "properties": {
        "date": "2025-01-09"
      }
    },
    {
      "type": "Feature",
      "geometry": {
        "type": "Point",
        "coordinates": [
          1.9652389827868868,
          41.26370846839732
        ]
      },
      "properties": {
        "date": "2025-01-09"
      }
    },
    {
      "type": "Feature",
      "geometry": {
        "type": "Point",
        "coordinates": [
          1.9652620562841545,
          41.26370846839732
        ]
      },
      "properties": {
        "date": "2025-01-09"
      }
    },
    {
      "type": "Feature",
      "geometry": {
        "type": "Point",
        "coordinates": [
          1.9652851297814224,
          41.26370846839732
        ]
      },
      "properties": {
        "date": "2025-01-09"
      }
    },
    {
      "type": "Feature",
      "geometry": {
        "type": "Point",
        "coordinates": [
          1.9653082032786902,
          41.26370846839732
        ]
      },
      "properties": {
        "date": "2025-01-09"
      }
    },
    {
      "type": "Feature",
      "geometry": {
        "type": "Point",
        "coordinates": [
          1.9653312767759579,
          41.26370846839732
        ]
      },
      "properties": {
        "date": "2025-01-09"
      }
    },
    {
      "type": "Feature",
      "geometry": {
        "type": "Point",
        "coordinates": [
          1.9653543502732256,
          41.26370846839732
        ]
      },
      "properties": {
        "date": "2025-01-09"
      }
    },
    {
      "type": "Feature",
      "geometry": {
        "type": "Point",
        "coordinates": [
          1.9653774237704935,
          41.26370846839732
        ]
      },
      "properties": {
        "date": "2025-01-09"
      }
    },
    {
      "type": "Feature",
      "geometry": {
        "type": "Point",
        "coordinates": [
          1.9654004972677612,
          41.26370846839732
        ]
      },
      "properties": {
        "date": "2025-01-09"
      }
    },
    {
      "type": "Feature",
      "geometry": {
        "type": "Point",
        "coordinates": [
          1.965423570765029,
          41.26370846839732
        ]
      },
      "properties": {
        "date": "2025-01-09"
      }
    },
    {
      "type": "Feature",
      "geometry": {
        "type": "Point",
        "coordinates": [
          1.9654466442622966,
          41.26370846839732
        ]
      },
      "properties": {
        "date": "2025-01-09"
      }
    },
    {
      "type": "Feature",
      "geometry": {
        "type": "Point",
        "coordinates": [
          1.9654697177595644,
          41.26370846839732
        ]
      },
      "properties": {
        "date": "2025-01-09"
      }
    },
    {
      "type": "Feature",
      "geometry": {
        "type": "Point",
        "coordinates": [
          1.9654927912568323,
          41.26370846839732
        ]
      },
      "properties": {
        "date": "2025-01-09"
      }
    },
    {
      "type": "Feature",
      "geometry": {
        "type": "Point",
        "coordinates": [
          1.9655158647541,
          41.26370846839732
        ]
      },
      "properties": {
        "date": "2025-01-09"
      }
    },
    {
      "type": "Feature",
      "geometry": {
        "type": "Point",
        "coordinates": [
          1.9655389382513677,
          41.26370846839732
        ]
      },
      "properties": {
        "date": "2025-01-09"
      }
    },
    {
      "type": "Feature",
      "geometry": {
        "type": "Point",
        "coordinates": [
          1.9655620117486354,
          41.26370846839732
        ]
      },
      "properties": {
        "date": "2025-01-09"
      }
    },
    {
      "type": "Feature",
      "geometry": {
        "type": "Point",
        "coordinates": [
          1.9655850852459031,
          41.26370846839732
        ]
      },
      "properties": {
        "date": "2025-01-09"
      }
    },
    {
      "type": "Feature",
      "geometry": {
        "type": "Point",
        "coordinates": [
          1.965608158743171,
          41.26370846839732
        ]
      },
      "properties": {
        "date": "2025-01-09"
      }
    },
    {
      "type": "Feature",
      "geometry": {
        "type": "Point",
        "coordinates": [
          1.9656312322404388,
          41.26370846839732
        ]
      },
      "properties": {
        "date": "2025-01-09"
      }
    },
    {
      "type": "Feature",
      "geometry": {
        "type": "Point",
        "coordinates": [
          1.9656543057377065,
          41.26370846839732
        ]
      },
      "properties": {
        "date": "2025-01-09"
      }
    },
    {
      "type": "Feature",
      "geometry": {
        "type": "Point",
        "coordinates": [
          1.9656773792349742,
          41.26370846839732
        ]
      },
      "properties": {
        "date": "2025-01-09"
      }
    },
    {
      "type": "Feature",
      "geometry": {
        "type": "Point",
        "coordinates": [
          1.9657004527322421,
          41.26370846839732
        ]
      },
      "properties": {
        "date": "2025-01-09"
      }
    },
    {
      "type": "Feature",
      "geometry": {
        "type": "Point",
        "coordinates": [
          1.9657235262295099,
          41.26370846839732
        ]
      },
      "properties": {
        "date": "2025-01-09"
      }
    },
    {
      "type": "Feature",
      "geometry": {
        "type": "Point",
        "coordinates": [
          1.9657465997267776,
          41.26370846839732
        ]
      },
      "properties": {
        "date": "2025-01-09"
      }
    },
    {
      "type": "Feature",
      "geometry": {
        "type": "Point",
        "coordinates": [
          1.9657696732240453,
          41.26370846839732
        ]
      },
      "properties": {
        "date": "2025-01-09"
      }
    },
    {
      "type": "Feature",
      "geometry": {
        "type": "Point",
        "coordinates": [
          1.965792746721313,
          41.26370846839732
        ]
      },
      "properties": {
        "date": "2025-01-09"
      }
    },
    {
      "type": "Feature",
      "geometry": {
        "type": "Point",
        "coordinates": [
          1.9660465551912585,
          41.26370846839732
        ]
      },
      "properties": {
        "date": "2025-01-09"
      }
    },
    {
      "type": "Feature",
      "geometry": {
        "type": "Point",
        "coordinates": [
          1.9660696286885262,
          41.26370846839732
        ]
      },
      "properties": {
        "date": "2025-01-09"
      }
    },
    {
      "type": "Feature",
      "geometry": {
        "type": "Point",
        "coordinates": [
          1.966092702185794,
          41.26370846839732
        ]
      },
      "properties": {
        "date": "2025-01-09"
      }
    },
    {
      "type": "Feature",
      "geometry": {
        "type": "Point",
        "coordinates": [
          1.9661157756830616,
          41.26370846839732
        ]
      },
      "properties": {
        "date": "2025-01-09"
      }
    },
    {
      "type": "Feature",
      "geometry": {
        "type": "Point",
        "coordinates": [
          1.9661388491803296,
          41.26370846839732
        ]
      },
      "properties": {
        "date": "2025-01-09"
      }
    },
    {
      "type": "Feature",
      "geometry": {
        "type": "Point",
        "coordinates": [
          1.9661619226775973,
          41.26370846839732
        ]
      },
      "properties": {
        "date": "2025-01-09"
      }
    },
    {
      "type": "Feature",
      "geometry": {
        "type": "Point",
        "coordinates": [
          1.966184996174865,
          41.26370846839732
        ]
      },
      "properties": {
        "date": "2025-01-09"
      }
    },
    {
      "type": "Feature",
      "geometry": {
        "type": "Point",
        "coordinates": [
          1.9662080696721327,
          41.26370846839732
        ]
      },
      "properties": {
        "date": "2025-01-09"
      }
    },
    {
      "type": "Feature",
      "geometry": {
        "type": "Point",
        "coordinates": [
          1.9662311431694004,
          41.26370846839732
        ]
      },
      "properties": {
        "date": "2025-01-09"
      }
    },
    {
      "type": "Feature",
      "geometry": {
        "type": "Point",
        "coordinates": [
          1.9662542166666683,
          41.26370846839732
        ]
      },
      "properties": {
        "date": "2025-01-09"
      }
    },
    {
      "type": "Feature",
      "geometry": {
        "type": "Point",
        "coordinates": [
          1.966277290163936,
          41.26370846839732
        ]
      },
      "properties": {
        "date": "2025-01-09"
      }
    },
    {
      "type": "Feature",
      "geometry": {
        "type": "Point",
        "coordinates": [
          1.9663003636612038,
          41.26370846839732
        ]
      },
      "properties": {
        "date": "2025-01-09"
      }
    },
    {
      "type": "Feature",
      "geometry": {
        "type": "Point",
        "coordinates": [
          1.9663234371584715,
          41.26370846839732
        ]
      },
      "properties": {
        "date": "2025-01-09"
      }
    },
    {
      "type": "Feature",
      "geometry": {
        "type": "Point",
        "coordinates": [
          1.9663465106557394,
          41.26370846839732
        ]
      },
      "properties": {
        "date": "2025-01-09"
      }
    },
    {
      "type": "Feature",
      "geometry": {
        "type": "Point",
        "coordinates": [
          1.966369584153007,
          41.26370846839732
        ]
      },
      "properties": {
        "date": "2025-01-09"
      }
    },
    {
      "type": "Feature",
      "geometry": {
        "type": "Point",
        "coordinates": [
          1.9663926576502748,
          41.26370846839732
        ]
      },
      "properties": {
        "date": "2025-01-09"
      }
    },
    {
      "type": "Feature",
      "geometry": {
        "type": "Point",
        "coordinates": [
          1.9664157311475425,
          41.26370846839732
        ]
      },
      "properties": {
        "date": "2025-01-09"
      }
    },
    {
      "type": "Feature",
      "geometry": {
        "type": "Point",
        "coordinates": [
          1.9664388046448102,
          41.26370846839732
        ]
      },
      "properties": {
        "date": "2025-01-09"
      }
    },
    {
      "type": "Feature",
      "geometry": {
        "type": "Point",
        "coordinates": [
          1.9664618781420782,
          41.26370846839732
        ]
      },
      "properties": {
        "date": "2025-01-09"
      }
    },
    {
      "type": "Feature",
      "geometry": {
        "type": "Point",
        "coordinates": [
          1.966484951639346,
          41.26370846839732
        ]
      },
      "properties": {
        "date": "2025-01-09"
      }
    },
    {
      "type": "Feature",
      "geometry": {
        "type": "Point",
        "coordinates": [
          1.9665080251366136,
          41.26370846839732
        ]
      },
      "properties": {
        "date": "2025-01-09"
      }
    },
    {
      "type": "Feature",
      "geometry": {
        "type": "Point",
        "coordinates": [
          1.9665310986338813,
          41.26370846839732
        ]
      },
      "properties": {
        "date": "2025-01-09"
      }
    },
    {
      "type": "Feature",
      "geometry": {
        "type": "Point",
        "coordinates": [
          1.9665541721311492,
          41.26370846839732
        ]
      },
      "properties": {
        "date": "2025-01-09"
      }
    },
    {
      "type": "Feature",
      "geometry": {
        "type": "Point",
        "coordinates": [
          1.966577245628417,
          41.26370846839732
        ]
      },
      "properties": {
        "date": "2025-01-09"
      }
    },
    {
      "type": "Feature",
      "geometry": {
        "type": "Point",
        "coordinates": [
          1.9666003191256847,
          41.26370846839732
        ]
      },
      "properties": {
        "date": "2025-01-09"
      }
    },
    {
      "type": "Feature",
      "geometry": {
        "type": "Point",
        "coordinates": [
          1.9666233926229524,
          41.26370846839732
        ]
      },
      "properties": {
        "date": "2025-01-09"
      }
    },
    {
      "type": "Feature",
      "geometry": {
        "type": "Point",
        "coordinates": [
          1.96664646612022,
          41.26370846839732
        ]
      },
      "properties": {
        "date": "2025-01-09"
      }
    },
    {
      "type": "Feature",
      "geometry": {
        "type": "Point",
        "coordinates": [
          1.966669539617488,
          41.26370846839732
        ]
      },
      "properties": {
        "date": "2025-01-09"
      }
    },
    {
      "type": "Feature",
      "geometry": {
        "type": "Point",
        "coordinates": [
          1.9666926131147557,
          41.26370846839732
        ]
      },
      "properties": {
        "date": "2025-01-09"
      }
    },
    {
      "type": "Feature",
      "geometry": {
        "type": "Point",
        "coordinates": [
          1.9667156866120235,
          41.26370846839732
        ]
      },
      "properties": {
        "date": "2025-01-09"
      }
    },
    {
      "type": "Feature",
      "geometry": {
        "type": "Point",
        "coordinates": [
          1.9667387601092912,
          41.26370846839732
        ]
      },
      "properties": {
        "date": "2025-01-09"
      }
    },
    {
      "type": "Feature",
      "geometry": {
        "type": "Point",
        "coordinates": [
          1.9667618336065589,
          41.26370846839732
        ]
      },
      "properties": {
        "date": "2025-01-09"
      }
    },
    {
      "type": "Feature",
      "geometry": {
        "type": "Point",
        "coordinates": [
          1.9667849071038268,
          41.26370846839732
        ]
      },
      "properties": {
        "date": "2025-01-09"
      }
    },
    {
      "type": "Feature",
      "geometry": {
        "type": "Point",
        "coordinates": [
          1.9668079806010945,
          41.26370846839732
        ]
      },
      "properties": {
        "date": "2025-01-09"
      }
    },
    {
      "type": "Feature",
      "geometry": {
        "type": "Point",
        "coordinates": [
          1.9668310540983622,
          41.26370846839732
        ]
      },
      "properties": {
        "date": "2025-01-09"
      }
    },
    {
      "type": "Feature",
      "geometry": {
        "type": "Point",
        "coordinates": [
          1.96685412759563,
          41.26370846839732
        ]
      },
      "properties": {
        "date": "2025-01-09"
      }
    },
    {
      "type": "Feature",
      "geometry": {
        "type": "Point",
        "coordinates": [
          1.9668772010928979,
          41.26370846839732
        ]
      },
      "properties": {
        "date": "2025-01-09"
      }
    },
    {
      "type": "Feature",
      "geometry": {
        "type": "Point",
        "coordinates": [
          1.9669002745901656,
          41.26370846839732
        ]
      },
      "properties": {
        "date": "2025-01-09"
      }
    },
    {
      "type": "Feature",
      "geometry": {
        "type": "Point",
        "coordinates": [
          1.9669233480874333,
          41.26370846839732
        ]
      },
      "properties": {
        "date": "2025-01-09"
      }
    },
    {
      "type": "Feature",
      "geometry": {
        "type": "Point",
        "coordinates": [
          1.966946421584701,
          41.26370846839732
        ]
      },
      "properties": {
        "date": "2025-01-09"
      }
    },
    {
      "type": "Feature",
      "geometry": {
        "type": "Point",
        "coordinates": [
          1.9669694950819687,
          41.26370846839732
        ]
      },
      "properties": {
        "date": "2025-01-09"
      }
    },
    {
      "type": "Feature",
      "geometry": {
        "type": "Point",
        "coordinates": [
          1.9669925685792367,
          41.26370846839732
        ]
      },
      "properties": {
        "date": "2025-01-09"
      }
    },
    {
      "type": "Feature",
      "geometry": {
        "type": "Point",
        "coordinates": [
          1.9670156420765044,
          41.26370846839732
        ]
      },
      "properties": {
        "date": "2025-01-09"
      }
    },
    {
      "type": "Feature",
      "geometry": {
        "type": "Point",
        "coordinates": [
          1.967038715573772,
          41.26370846839732
        ]
      },
      "properties": {
        "date": "2025-01-09"
      }
    },
    {
      "type": "Feature",
      "geometry": {
        "type": "Point",
        "coordinates": [
          1.9670617890710398,
          41.26370846839732
        ]
      },
      "properties": {
        "date": "2025-01-09"
      }
    },
    {
      "type": "Feature",
      "geometry": {
        "type": "Point",
        "coordinates": [
          1.9670848625683075,
          41.26370846839732
        ]
      },
      "properties": {
        "date": "2025-01-09"
      }
    },
    {
      "type": "Feature",
      "geometry": {
        "type": "Point",
        "coordinates": [
          1.9671079360655754,
          41.26370846839732
        ]
      },
      "properties": {
        "date": "2025-01-09"
      }
    },
    {
      "type": "Feature",
      "geometry": {
        "type": "Point",
        "coordinates": [
          1.9673617445355207,
          41.26370846839732
        ]
      },
      "properties": {
        "date": "2025-01-09"
      }
    },
    {
      "type": "Feature",
      "geometry": {
        "type": "Point",
        "coordinates": [
          1.9673848180327884,
          41.26370846839732
        ]
      },
      "properties": {
        "date": "2025-01-09"
      }
    },
    {
      "type": "Feature",
      "geometry": {
        "type": "Point",
        "coordinates": [
          1.9674078915300561,
          41.26370846839732
        ]
      },
      "properties": {
        "date": "2025-01-09"
      }
    },
    {
      "type": "Feature",
      "geometry": {
        "type": "Point",
        "coordinates": [
          1.967430965027324,
          41.26370846839732
        ]
      },
      "properties": {
        "date": "2025-01-09"
      }
    },
    {
      "type": "Feature",
      "geometry": {
        "type": "Point",
        "coordinates": [
          1.9674540385245918,
          41.26370846839732
        ]
      },
      "properties": {
        "date": "2025-01-09"
      }
    },
    {
      "type": "Feature",
      "geometry": {
        "type": "Point",
        "coordinates": [
          1.9674771120218595,
          41.26370846839732
        ]
      },
      "properties": {
        "date": "2025-01-09"
      }
    },
    {
      "type": "Feature",
      "geometry": {
        "type": "Point",
        "coordinates": [
          1.9675001855191272,
          41.26370846839732
        ]
      },
      "properties": {
        "date": "2025-01-09"
      }
    },
    {
      "type": "Feature",
      "geometry": {
        "type": "Point",
        "coordinates": [
          1.9675232590163951,
          41.26370846839732
        ]
      },
      "properties": {
        "date": "2025-01-09"
      }
    },
    {
      "type": "Feature",
      "geometry": {
        "type": "Point",
        "coordinates": [
          1.9675463325136628,
          41.26370846839732
        ]
      },
      "properties": {
        "date": "2025-01-09"
      }
    },
    {
      "type": "Feature",
      "geometry": {
        "type": "Point",
        "coordinates": [
          1.9675694060109306,
          41.26370846839732
        ]
      },
      "properties": {
        "date": "2025-01-09"
      }
    },
    {
      "type": "Feature",
      "geometry": {
        "type": "Point",
        "coordinates": [
          1.9675924795081983,
          41.26370846839732
        ]
      },
      "properties": {
        "date": "2025-01-09"
      }
    },
    {
      "type": "Feature",
      "geometry": {
        "type": "Point",
        "coordinates": [
          1.967615553005466,
          41.26370846839732
        ]
      },
      "properties": {
        "date": "2025-01-09"
      }
    },
    {
      "type": "Feature",
      "geometry": {
        "type": "Point",
        "coordinates": [
          1.967638626502734,
          41.26370846839732
        ]
      },
      "properties": {
        "date": "2025-01-09"
      }
    },
    {
      "type": "Feature",
      "geometry": {
        "type": "Point",
        "coordinates": [
          1.9676617000000016,
          41.26370846839732
        ]
      },
      "properties": {
        "date": "2025-01-09"
      }
    },
    {
      "type": "Feature",
      "geometry": {
        "type": "Point",
        "coordinates": [
          1.9676847734972693,
          41.26370846839732
        ]
      },
      "properties": {
        "date": "2025-01-09"
      }
    },
    {
      "type": "Feature",
      "geometry": {
        "type": "Point",
        "coordinates": [
          1.967707846994537,
          41.26370846839732
        ]
      },
      "properties": {
        "date": "2025-01-09"
      }
    },
    {
      "type": "Feature",
      "geometry": {
        "type": "Point",
        "coordinates": [
          1.967730920491805,
          41.26370846839732
        ]
      },
      "properties": {
        "date": "2025-01-09"
      }
    },
    {
      "type": "Feature",
      "geometry": {
        "type": "Point",
        "coordinates": [
          1.9677539939890727,
          41.26370846839732
        ]
      },
      "properties": {
        "date": "2025-01-09"
      }
    },
    {
      "type": "Feature",
      "geometry": {
        "type": "Point",
        "coordinates": [
          1.9677770674863404,
          41.26370846839732
        ]
      },
      "properties": {
        "date": "2025-01-09"
      }
    },
    {
      "type": "Feature",
      "geometry": {
        "type": "Point",
        "coordinates": [
          1.9678001409836081,
          41.26370846839732
        ]
      },
      "properties": {
        "date": "2025-01-09"
      }
    },
    {
      "type": "Feature",
      "geometry": {
        "type": "Point",
        "coordinates": [
          1.9678232144808758,
          41.26370846839732
        ]
      },
      "properties": {
        "date": "2025-01-09"
      }
    },
    {
      "type": "Feature",
      "geometry": {
        "type": "Point",
        "coordinates": [
          1.9678462879781438,
          41.26370846839732
        ]
      },
      "properties": {
        "date": "2025-01-09"
      }
    },
    {
      "type": "Feature",
      "geometry": {
        "type": "Point",
        "coordinates": [
          1.9678693614754115,
          41.26370846839732
        ]
      },
      "properties": {
        "date": "2025-01-09"
      }
    },
    {
      "type": "Feature",
      "geometry": {
        "type": "Point",
        "coordinates": [
          1.9678924349726792,
          41.26370846839732
        ]
      },
      "properties": {
        "date": "2025-01-09"
      }
    },
    {
      "type": "Feature",
      "geometry": {
        "type": "Point",
        "coordinates": [
          1.967915508469947,
          41.26370846839732
        ]
      },
      "properties": {
        "date": "2025-01-09"
      }
    },
    {
      "type": "Feature",
      "geometry": {
        "type": "Point",
        "coordinates": [
          1.9679385819672146,
          41.26370846839732
        ]
      },
      "properties": {
        "date": "2025-01-09"
      }
    },
    {
      "type": "Feature",
      "geometry": {
        "type": "Point",
        "coordinates": [
          1.9679616554644825,
          41.26370846839732
        ]
      },
      "properties": {
        "date": "2025-01-09"
      }
    },
    {
      "type": "Feature",
      "geometry": {
        "type": "Point",
        "coordinates": [
          1.9681693169398924,
          41.26370846839732
        ]
      },
      "properties": {
        "date": "2025-01-09"
      }
    },
    {
      "type": "Feature",
      "geometry": {
        "type": "Point",
        "coordinates": [
          1.96819239043716,
          41.26370846839732
        ]
      },
      "properties": {
        "date": "2025-01-09"
      }
    },
    {
      "type": "Feature",
      "geometry": {
        "type": "Point",
        "coordinates": [
          1.9682154639344278,
          41.26370846839732
        ]
      },
      "properties": {
        "date": "2025-01-09"
      }
    },
    {
      "type": "Feature",
      "geometry": {
        "type": "Point",
        "coordinates": [
          1.9682385374316955,
          41.26370846839732
        ]
      },
      "properties": {
        "date": "2025-01-09"
      }
    },
    {
      "type": "Feature",
      "geometry": {
        "type": "Point",
        "coordinates": [
          1.9682616109289632,
          41.26370846839732
        ]
      },
      "properties": {
        "date": "2025-01-09"
      }
    },
    {
      "type": "Feature",
      "geometry": {
        "type": "Point",
        "coordinates": [
          1.9682846844262312,
          41.26370846839732
        ]
      },
      "properties": {
        "date": "2025-01-09"
      }
    },
    {
      "type": "Feature",
      "geometry": {
        "type": "Point",
        "coordinates": [
          1.9683077579234989,
          41.26370846839732
        ]
      },
      "properties": {
        "date": "2025-01-09"
      }
    },
    {
      "type": "Feature",
      "geometry": {
        "type": "Point",
        "coordinates": [
          1.9683308314207666,
          41.26370846839732
        ]
      },
      "properties": {
        "date": "2025-01-09"
      }
    },
    {
      "type": "Feature",
      "geometry": {
        "type": "Point",
        "coordinates": [
          1.9683539049180343,
          41.26370846839732
        ]
      },
      "properties": {
        "date": "2025-01-09"
      }
    },
    {
      "type": "Feature",
      "geometry": {
        "type": "Point",
        "coordinates": [
          1.9683769784153022,
          41.26370846839732
        ]
      },
      "properties": {
        "date": "2025-01-09"
      }
    },
    {
      "type": "Feature",
      "geometry": {
        "type": "Point",
        "coordinates": [
          1.96840005191257,
          41.26370846839732
        ]
      },
      "properties": {
        "date": "2025-01-09"
      }
    },
    {
      "type": "Feature",
      "geometry": {
        "type": "Point",
        "coordinates": [
          1.9684231254098377,
          41.26370846839732
        ]
      },
      "properties": {
        "date": "2025-01-09"
      }
    },
    {
      "type": "Feature",
      "geometry": {
        "type": "Point",
        "coordinates": [
          1.9684461989071054,
          41.26370846839732
        ]
      },
      "properties": {
        "date": "2025-01-09"
      }
    },
    {
      "type": "Feature",
      "geometry": {
        "type": "Point",
        "coordinates": [
          1.968469272404373,
          41.26370846839732
        ]
      },
      "properties": {
        "date": "2025-01-09"
      }
    },
    {
      "type": "Feature",
      "geometry": {
        "type": "Point",
        "coordinates": [
          1.968492345901641,
          41.26370846839732
        ]
      },
      "properties": {
        "date": "2025-01-09"
      }
    },
    {
      "type": "Feature",
      "geometry": {
        "type": "Point",
        "coordinates": [
          1.9685154193989087,
          41.26370846839732
        ]
      },
      "properties": {
        "date": "2025-01-09"
      }
    },
    {
      "type": "Feature",
      "geometry": {
        "type": "Point",
        "coordinates": [
          1.9685384928961764,
          41.26370846839732
        ]
      },
      "properties": {
        "date": "2025-01-09"
      }
    },
    {
      "type": "Feature",
      "geometry": {
        "type": "Point",
        "coordinates": [
          1.9685615663934442,
          41.26370846839732
        ]
      },
      "properties": {
        "date": "2025-01-09"
      }
    },
    {
      "type": "Feature",
      "geometry": {
        "type": "Point",
        "coordinates": [
          1.9685846398907119,
          41.26370846839732
        ]
      },
      "properties": {
        "date": "2025-01-09"
      }
    },
    {
      "type": "Feature",
      "geometry": {
        "type": "Point",
        "coordinates": [
          1.9686077133879798,
          41.26370846839732
        ]
      },
      "properties": {
        "date": "2025-01-09"
      }
    },
    {
      "type": "Feature",
      "geometry": {
        "type": "Point",
        "coordinates": [
          1.9686307868852475,
          41.26370846839732
        ]
      },
      "properties": {
        "date": "2025-01-09"
      }
    },
    {
      "type": "Feature",
      "geometry": {
        "type": "Point",
        "coordinates": [
          1.9686538603825152,
          41.26370846839732
        ]
      },
      "properties": {
        "date": "2025-01-09"
      }
    },
    {
      "type": "Feature",
      "geometry": {
        "type": "Point",
        "coordinates": [
          1.968676933879783,
          41.26370846839732
        ]
      },
      "properties": {
        "date": "2025-01-09"
      }
    },
    {
      "type": "Feature",
      "geometry": {
        "type": "Point",
        "coordinates": [
          1.9687000073770509,
          41.26370846839732
        ]
      },
      "properties": {
        "date": "2025-01-09"
      }
    },
    {
      "type": "Feature",
      "geometry": {
        "type": "Point",
        "coordinates": [
          1.9687230808743186,
          41.26370846839732
        ]
      },
      "properties": {
        "date": "2025-01-09"
      }
    },
    {
      "type": "Feature",
      "geometry": {
        "type": "Point",
        "coordinates": [
          1.9687461543715863,
          41.26370846839732
        ]
      },
      "properties": {
        "date": "2025-01-09"
      }
    },
    {
      "type": "Feature",
      "geometry": {
        "type": "Point",
        "coordinates": [
          1.968769227868854,
          41.26370846839732
        ]
      },
      "properties": {
        "date": "2025-01-09"
      }
    },
    {
      "type": "Feature",
      "geometry": {
        "type": "Point",
        "coordinates": [
          1.9687923013661217,
          41.26370846839732
        ]
      },
      "properties": {
        "date": "2025-01-09"
      }
    },
    {
      "type": "Feature",
      "geometry": {
        "type": "Point",
        "coordinates": [
          1.9688153748633896,
          41.26370846839732
        ]
      },
      "properties": {
        "date": "2025-01-09"
      }
    },
    {
      "type": "Feature",
      "geometry": {
        "type": "Point",
        "coordinates": [
          1.9688384483606574,
          41.26370846839732
        ]
      },
      "properties": {
        "date": "2025-01-09"
      }
    },
    {
      "type": "Feature",
      "geometry": {
        "type": "Point",
        "coordinates": [
          1.968861521857925,
          41.26370846839732
        ]
      },
      "properties": {
        "date": "2025-01-09"
      }
    },
    {
      "type": "Feature",
      "geometry": {
        "type": "Point",
        "coordinates": [
          1.9688845953551928,
          41.26370846839732
        ]
      },
      "properties": {
        "date": "2025-01-09"
      }
    },
    {
      "type": "Feature",
      "geometry": {
        "type": "Point",
        "coordinates": [
          1.9689076688524607,
          41.26370846839732
        ]
      },
      "properties": {
        "date": "2025-01-09"
      }
    },
    {
      "type": "Feature",
      "geometry": {
        "type": "Point",
        "coordinates": [
          1.9690230363387995,
          41.26370846839732
        ]
      },
      "properties": {
        "date": "2025-01-09"
      }
    },
    {
      "type": "Feature",
      "geometry": {
        "type": "Point",
        "coordinates": [
          1.9690461098360672,
          41.26370846839732
        ]
      },
      "properties": {
        "date": "2025-01-09"
      }
    },
    {
      "type": "Feature",
      "geometry": {
        "type": "Point",
        "coordinates": [
          1.969069183333335,
          41.26370846839732
        ]
      },
      "properties": {
        "date": "2025-01-09"
      }
    },
    {
      "type": "Feature",
      "geometry": {
        "type": "Point",
        "coordinates": [
          1.9690922568306026,
          41.26370846839732
        ]
      },
      "properties": {
        "date": "2025-01-09"
      }
    },
    {
      "type": "Feature",
      "geometry": {
        "type": "Point",
        "coordinates": [
          1.9691153303278703,
          41.26370846839732
        ]
      },
      "properties": {
        "date": "2025-01-09"
      }
    },
    {
      "type": "Feature",
      "geometry": {
        "type": "Point",
        "coordinates": [
          1.9691384038251383,
          41.26370846839732
        ]
      },
      "properties": {
        "date": "2025-01-09"
      }
    },
    {
      "type": "Feature",
      "geometry": {
        "type": "Point",
        "coordinates": [
          1.969161477322406,
          41.26370846839732
        ]
      },
      "properties": {
        "date": "2025-01-09"
      }
    },
    {
      "type": "Feature",
      "geometry": {
        "type": "Point",
        "coordinates": [
          1.9691845508196737,
          41.26370846839732
        ]
      },
      "properties": {
        "date": "2025-01-09"
      }
    },
    {
      "type": "Feature",
      "geometry": {
        "type": "Point",
        "coordinates": [
          1.9692076243169414,
          41.26370846839732
        ]
      },
      "properties": {
        "date": "2025-01-09"
      }
    },
    {
      "type": "Feature",
      "geometry": {
        "type": "Point",
        "coordinates": [
          1.9692306978142093,
          41.26370846839732
        ]
      },
      "properties": {
        "date": "2025-01-09"
      }
    },
    {
      "type": "Feature",
      "geometry": {
        "type": "Point",
        "coordinates": [
          1.969253771311477,
          41.26370846839732
        ]
      },
      "properties": {
        "date": "2025-01-09"
      }
    },
    {
      "type": "Feature",
      "geometry": {
        "type": "Point",
        "coordinates": [
          1.9692768448087448,
          41.26370846839732
        ]
      },
      "properties": {
        "date": "2025-01-09"
      }
    },
    {
      "type": "Feature",
      "geometry": {
        "type": "Point",
        "coordinates": [
          1.9693691387978158,
          41.26370846839732
        ]
      },
      "properties": {
        "date": "2025-01-09"
      }
    },
    {
      "type": "Feature",
      "geometry": {
        "type": "Point",
        "coordinates": [
          1.9693922122950835,
          41.26370846839732
        ]
      },
      "properties": {
        "date": "2025-01-09"
      }
    },
    {
      "type": "Feature",
      "geometry": {
        "type": "Point",
        "coordinates": [
          1.9694152857923513,
          41.26370846839732
        ]
      },
      "properties": {
        "date": "2025-01-09"
      }
    },
    {
      "type": "Feature",
      "geometry": {
        "type": "Point",
        "coordinates": [
          1.969438359289619,
          41.26370846839732
        ]
      },
      "properties": {
        "date": "2025-01-09"
      }
    },
    {
      "type": "Feature",
      "geometry": {
        "type": "Point",
        "coordinates": [
          1.969461432786887,
          41.26370846839732
        ]
      },
      "properties": {
        "date": "2025-01-09"
      }
    },
    {
      "type": "Feature",
      "geometry": {
        "type": "Point",
        "coordinates": [
          1.9694845062841546,
          41.26370846839732
        ]
      },
      "properties": {
        "date": "2025-01-09"
      }
    },
    {
      "type": "Feature",
      "geometry": {
        "type": "Point",
        "coordinates": [
          1.9695075797814223,
          41.26370846839732
        ]
      },
      "properties": {
        "date": "2025-01-09"
      }
    },
    {
      "type": "Feature",
      "geometry": {
        "type": "Point",
        "coordinates": [
          1.96953065327869,
          41.26370846839732
        ]
      },
      "properties": {
        "date": "2025-01-09"
      }
    },
    {
      "type": "Feature",
      "geometry": {
        "type": "Point",
        "coordinates": [
          1.969553726775958,
          41.26370846839732
        ]
      },
      "properties": {
        "date": "2025-01-09"
      }
    },
    {
      "type": "Feature",
      "geometry": {
        "type": "Point",
        "coordinates": [
          1.9695768002732257,
          41.26370846839732
        ]
      },
      "properties": {
        "date": "2025-01-09"
      }
    },
    {
      "type": "Feature",
      "geometry": {
        "type": "Point",
        "coordinates": [
          1.9695998737704934,
          41.26370846839732
        ]
      },
      "properties": {
        "date": "2025-01-09"
      }
    },
    {
      "type": "Feature",
      "geometry": {
        "type": "Point",
        "coordinates": [
          1.969622947267761,
          41.26370846839732
        ]
      },
      "properties": {
        "date": "2025-01-09"
      }
    },
    {
      "type": "Feature",
      "geometry": {
        "type": "Point",
        "coordinates": [
          1.9696460207650288,
          41.26370846839732
        ]
      },
      "properties": {
        "date": "2025-01-09"
      }
    },
    {
      "type": "Feature",
      "geometry": {
        "type": "Point",
        "coordinates": [
          1.9696690942622967,
          41.26370846839732
        ]
      },
      "properties": {
        "date": "2025-01-09"
      }
    },
    {
      "type": "Feature",
      "geometry": {
        "type": "Point",
        "coordinates": [
          1.9696921677595645,
          41.26370846839732
        ]
      },
      "properties": {
        "date": "2025-01-09"
      }
    },
    {
      "type": "Feature",
      "geometry": {
        "type": "Point",
        "coordinates": [
          1.9697152412568322,
          41.26370846839732
        ]
      },
      "properties": {
        "date": "2025-01-09"
      }
    },
    {
      "type": "Feature",
      "geometry": {
        "type": "Point",
        "coordinates": [
          1.9697383147540999,
          41.26370846839732
        ]
      },
      "properties": {
        "date": "2025-01-09"
      }
    },
    {
      "type": "Feature",
      "geometry": {
        "type": "Point",
        "coordinates": [
          1.9697613882513676,
          41.26370846839732
        ]
      },
      "properties": {
        "date": "2025-01-09"
      }
    },
    {
      "type": "Feature",
      "geometry": {
        "type": "Point",
        "coordinates": [
          1.9697844617486355,
          41.26370846839732
        ]
      },
      "properties": {
        "date": "2025-01-09"
      }
    },
    {
      "type": "Feature",
      "geometry": {
        "type": "Point",
        "coordinates": [
          1.9698075352459032,
          41.26370846839732
        ]
      },
      "properties": {
        "date": "2025-01-09"
      }
    },
    {
      "type": "Feature",
      "geometry": {
        "type": "Point",
        "coordinates": [
          1.969830608743171,
          41.26370846839732
        ]
      },
      "properties": {
        "date": "2025-01-09"
      }
    },
    {
      "type": "Feature",
      "geometry": {
        "type": "Point",
        "coordinates": [
          1.9698536822404387,
          41.26370846839732
        ]
      },
      "properties": {
        "date": "2025-01-09"
      }
    },
    {
      "type": "Feature",
      "geometry": {
        "type": "Point",
        "coordinates": [
          1.9698767557377066,
          41.26370846839732
        ]
      },
      "properties": {
        "date": "2025-01-09"
      }
    },
    {
      "type": "Feature",
      "geometry": {
        "type": "Point",
        "coordinates": [
          1.9698998292349743,
          41.26370846839732
        ]
      },
      "properties": {
        "date": "2025-01-09"
      }
    },
    {
      "type": "Feature",
      "geometry": {
        "type": "Point",
        "coordinates": [
          1.969922902732242,
          41.26370846839732
        ]
      },
      "properties": {
        "date": "2025-01-09"
      }
    },
    {
      "type": "Feature",
      "geometry": {
        "type": "Point",
        "coordinates": [
          1.9699459762295097,
          41.26370846839732
        ]
      },
      "properties": {
        "date": "2025-01-09"
      }
    },
    {
      "type": "Feature",
      "geometry": {
        "type": "Point",
        "coordinates": [
          1.9699690497267774,
          41.26370846839732
        ]
      },
      "properties": {
        "date": "2025-01-09"
      }
    },
    {
      "type": "Feature",
      "geometry": {
        "type": "Point",
        "coordinates": [
          1.9699921232240454,
          41.26370846839732
        ]
      },
      "properties": {
        "date": "2025-01-09"
      }
    },
    {
      "type": "Feature",
      "geometry": {
        "type": "Point",
        "coordinates": [
          1.970684328142078,
          41.26370846839732
        ]
      },
      "properties": {
        "date": "2025-01-09"
      }
    },
    {
      "type": "Feature",
      "geometry": {
        "type": "Point",
        "coordinates": [
          1.9469186259562858,
          41.26364856338821
        ]
      },
      "properties": {
        "date": "2025-01-09"
      }
    },
    {
      "type": "Feature",
      "geometry": {
        "type": "Point",
        "coordinates": [
          1.9469416994535536,
          41.26364856338821
        ]
      },
      "properties": {
        "date": "2025-01-09"
      }
    },
    {
      "type": "Feature",
      "geometry": {
        "type": "Point",
        "coordinates": [
          1.9469647729508215,
          41.26364856338821
        ]
      },
      "properties": {
        "date": "2025-01-09"
      }
    },
    {
      "type": "Feature",
      "geometry": {
        "type": "Point",
        "coordinates": [
          1.9469878464480892,
          41.26364856338821
        ]
      },
      "properties": {
        "date": "2025-01-09"
      }
    },
    {
      "type": "Feature",
      "geometry": {
        "type": "Point",
        "coordinates": [
          1.947010919945357,
          41.26364856338821
        ]
      },
      "properties": {
        "date": "2025-01-09"
      }
    },
    {
      "type": "Feature",
      "geometry": {
        "type": "Point",
        "coordinates": [
          1.9470339934426246,
          41.26364856338821
        ]
      },
      "properties": {
        "date": "2025-01-09"
      }
    },
    {
      "type": "Feature",
      "geometry": {
        "type": "Point",
        "coordinates": [
          1.9470570669398923,
          41.26364856338821
        ]
      },
      "properties": {
        "date": "2025-01-09"
      }
    },
    {
      "type": "Feature",
      "geometry": {
        "type": "Point",
        "coordinates": [
          1.9470801404371603,
          41.26364856338821
        ]
      },
      "properties": {
        "date": "2025-01-09"
      }
    },
    {
      "type": "Feature",
      "geometry": {
        "type": "Point",
        "coordinates": [
          1.947103213934428,
          41.26364856338821
        ]
      },
      "properties": {
        "date": "2025-01-09"
      }
    },
    {
      "type": "Feature",
      "geometry": {
        "type": "Point",
        "coordinates": [
          1.9471262874316957,
          41.26364856338821
        ]
      },
      "properties": {
        "date": "2025-01-09"
      }
    },
    {
      "type": "Feature",
      "geometry": {
        "type": "Point",
        "coordinates": [
          1.9471493609289634,
          41.26364856338821
        ]
      },
      "properties": {
        "date": "2025-01-09"
      }
    },
    {
      "type": "Feature",
      "geometry": {
        "type": "Point",
        "coordinates": [
          1.9471724344262311,
          41.26364856338821
        ]
      },
      "properties": {
        "date": "2025-01-09"
      }
    },
    {
      "type": "Feature",
      "geometry": {
        "type": "Point",
        "coordinates": [
          1.947195507923499,
          41.26364856338821
        ]
      },
      "properties": {
        "date": "2025-01-09"
      }
    },
    {
      "type": "Feature",
      "geometry": {
        "type": "Point",
        "coordinates": [
          1.9472185814207668,
          41.26364856338821
        ]
      },
      "properties": {
        "date": "2025-01-09"
      }
    },
    {
      "type": "Feature",
      "geometry": {
        "type": "Point",
        "coordinates": [
          1.9472416549180345,
          41.26364856338821
        ]
      },
      "properties": {
        "date": "2025-01-09"
      }
    },
    {
      "type": "Feature",
      "geometry": {
        "type": "Point",
        "coordinates": [
          1.9472647284153022,
          41.26364856338821
        ]
      },
      "properties": {
        "date": "2025-01-09"
      }
    },
    {
      "type": "Feature",
      "geometry": {
        "type": "Point",
        "coordinates": [
          1.9472878019125701,
          41.26364856338821
        ]
      },
      "properties": {
        "date": "2025-01-09"
      }
    },
    {
      "type": "Feature",
      "geometry": {
        "type": "Point",
        "coordinates": [
          1.9473108754098378,
          41.26364856338821
        ]
      },
      "properties": {
        "date": "2025-01-09"
      }
    },
    {
      "type": "Feature",
      "geometry": {
        "type": "Point",
        "coordinates": [
          1.9473339489071055,
          41.26364856338821
        ]
      },
      "properties": {
        "date": "2025-01-09"
      }
    },
    {
      "type": "Feature",
      "geometry": {
        "type": "Point",
        "coordinates": [
          1.9473570224043733,
          41.26364856338821
        ]
      },
      "properties": {
        "date": "2025-01-09"
      }
    },
    {
      "type": "Feature",
      "geometry": {
        "type": "Point",
        "coordinates": [
          1.947380095901641,
          41.26364856338821
        ]
      },
      "properties": {
        "date": "2025-01-09"
      }
    },
    {
      "type": "Feature",
      "geometry": {
        "type": "Point",
        "coordinates": [
          1.947403169398909,
          41.26364856338821
        ]
      },
      "properties": {
        "date": "2025-01-09"
      }
    },
    {
      "type": "Feature",
      "geometry": {
        "type": "Point",
        "coordinates": [
          1.9474262428961766,
          41.26364856338821
        ]
      },
      "properties": {
        "date": "2025-01-09"
      }
    },
    {
      "type": "Feature",
      "geometry": {
        "type": "Point",
        "coordinates": [
          1.9474493163934443,
          41.26364856338821
        ]
      },
      "properties": {
        "date": "2025-01-09"
      }
    },
    {
      "type": "Feature",
      "geometry": {
        "type": "Point",
        "coordinates": [
          1.947472389890712,
          41.26364856338821
        ]
      },
      "properties": {
        "date": "2025-01-09"
      }
    },
    {
      "type": "Feature",
      "geometry": {
        "type": "Point",
        "coordinates": [
          1.9474954633879797,
          41.26364856338821
        ]
      },
      "properties": {
        "date": "2025-01-09"
      }
    },
    {
      "type": "Feature",
      "geometry": {
        "type": "Point",
        "coordinates": [
          1.9475185368852477,
          41.26364856338821
        ]
      },
      "properties": {
        "date": "2025-01-09"
      }
    },
    {
      "type": "Feature",
      "geometry": {
        "type": "Point",
        "coordinates": [
          1.9475416103825154,
          41.26364856338821
        ]
      },
      "properties": {
        "date": "2025-01-09"
      }
    },
    {
      "type": "Feature",
      "geometry": {
        "type": "Point",
        "coordinates": [
          1.947564683879783,
          41.26364856338821
        ]
      },
      "properties": {
        "date": "2025-01-09"
      }
    },
    {
      "type": "Feature",
      "geometry": {
        "type": "Point",
        "coordinates": [
          1.9475877573770508,
          41.26364856338821
        ]
      },
      "properties": {
        "date": "2025-01-09"
      }
    },
    {
      "type": "Feature",
      "geometry": {
        "type": "Point",
        "coordinates": [
          1.9476108308743187,
          41.26364856338821
        ]
      },
      "properties": {
        "date": "2025-01-09"
      }
    },
    {
      "type": "Feature",
      "geometry": {
        "type": "Point",
        "coordinates": [
          1.9476339043715865,
          41.26364856338821
        ]
      },
      "properties": {
        "date": "2025-01-09"
      }
    },
    {
      "type": "Feature",
      "geometry": {
        "type": "Point",
        "coordinates": [
          1.9476569778688542,
          41.26364856338821
        ]
      },
      "properties": {
        "date": "2025-01-09"
      }
    },
    {
      "type": "Feature",
      "geometry": {
        "type": "Point",
        "coordinates": [
          1.9476800513661219,
          41.26364856338821
        ]
      },
      "properties": {
        "date": "2025-01-09"
      }
    },
    {
      "type": "Feature",
      "geometry": {
        "type": "Point",
        "coordinates": [
          1.9477031248633896,
          41.26364856338821
        ]
      },
      "properties": {
        "date": "2025-01-09"
      }
    },
    {
      "type": "Feature",
      "geometry": {
        "type": "Point",
        "coordinates": [
          1.9477261983606575,
          41.26364856338821
        ]
      },
      "properties": {
        "date": "2025-01-09"
      }
    },
    {
      "type": "Feature",
      "geometry": {
        "type": "Point",
        "coordinates": [
          1.9477492718579252,
          41.26364856338821
        ]
      },
      "properties": {
        "date": "2025-01-09"
      }
    },
    {
      "type": "Feature",
      "geometry": {
        "type": "Point",
        "coordinates": [
          1.947772345355193,
          41.26364856338821
        ]
      },
      "properties": {
        "date": "2025-01-09"
      }
    },
    {
      "type": "Feature",
      "geometry": {
        "type": "Point",
        "coordinates": [
          1.9477954188524607,
          41.26364856338821
        ]
      },
      "properties": {
        "date": "2025-01-09"
      }
    },
    {
      "type": "Feature",
      "geometry": {
        "type": "Point",
        "coordinates": [
          1.9478184923497284,
          41.26364856338821
        ]
      },
      "properties": {
        "date": "2025-01-09"
      }
    },
    {
      "type": "Feature",
      "geometry": {
        "type": "Point",
        "coordinates": [
          1.9478415658469963,
          41.26364856338821
        ]
      },
      "properties": {
        "date": "2025-01-09"
      }
    },
    {
      "type": "Feature",
      "geometry": {
        "type": "Point",
        "coordinates": [
          1.947864639344264,
          41.26364856338821
        ]
      },
      "properties": {
        "date": "2025-01-09"
      }
    },
    {
      "type": "Feature",
      "geometry": {
        "type": "Point",
        "coordinates": [
          1.9478877128415317,
          41.26364856338821
        ]
      },
      "properties": {
        "date": "2025-01-09"
      }
    },
    {
      "type": "Feature",
      "geometry": {
        "type": "Point",
        "coordinates": [
          1.9479107863387994,
          41.26364856338821
        ]
      },
      "properties": {
        "date": "2025-01-09"
      }
    },
    {
      "type": "Feature",
      "geometry": {
        "type": "Point",
        "coordinates": [
          1.9481184478142093,
          41.26364856338821
        ]
      },
      "properties": {
        "date": "2025-01-09"
      }
    },
    {
      "type": "Feature",
      "geometry": {
        "type": "Point",
        "coordinates": [
          1.948141521311477,
          41.26364856338821
        ]
      },
      "properties": {
        "date": "2025-01-09"
      }
    },
    {
      "type": "Feature",
      "geometry": {
        "type": "Point",
        "coordinates": [
          1.948164594808745,
          41.26364856338821
        ]
      },
      "properties": {
        "date": "2025-01-09"
      }
    },
    {
      "type": "Feature",
      "geometry": {
        "type": "Point",
        "coordinates": [
          1.9481876683060126,
          41.26364856338821
        ]
      },
      "properties": {
        "date": "2025-01-09"
      }
    },
    {
      "type": "Feature",
      "geometry": {
        "type": "Point",
        "coordinates": [
          1.9482107418032804,
          41.26364856338821
        ]
      },
      "properties": {
        "date": "2025-01-09"
      }
    },
    {
      "type": "Feature",
      "geometry": {
        "type": "Point",
        "coordinates": [
          1.948233815300548,
          41.26364856338821
        ]
      },
      "properties": {
        "date": "2025-01-09"
      }
    },
    {
      "type": "Feature",
      "geometry": {
        "type": "Point",
        "coordinates": [
          1.948256888797816,
          41.26364856338821
        ]
      },
      "properties": {
        "date": "2025-01-09"
      }
    },
    {
      "type": "Feature",
      "geometry": {
        "type": "Point",
        "coordinates": [
          1.9482799622950837,
          41.26364856338821
        ]
      },
      "properties": {
        "date": "2025-01-09"
      }
    },
    {
      "type": "Feature",
      "geometry": {
        "type": "Point",
        "coordinates": [
          1.9483030357923514,
          41.26364856338821
        ]
      },
      "properties": {
        "date": "2025-01-09"
      }
    },
    {
      "type": "Feature",
      "geometry": {
        "type": "Point",
        "coordinates": [
          1.9483261092896191,
          41.26364856338821
        ]
      },
      "properties": {
        "date": "2025-01-09"
      }
    },
    {
      "type": "Feature",
      "geometry": {
        "type": "Point",
        "coordinates": [
          1.9483491827868868,
          41.26364856338821
        ]
      },
      "properties": {
        "date": "2025-01-09"
      }
    },
    {
      "type": "Feature",
      "geometry": {
        "type": "Point",
        "coordinates": [
          1.9483722562841548,
          41.26364856338821
        ]
      },
      "properties": {
        "date": "2025-01-09"
      }
    },
    {
      "type": "Feature",
      "geometry": {
        "type": "Point",
        "coordinates": [
          1.9487183587431711,
          41.26364856338821
        ]
      },
      "properties": {
        "date": "2025-01-09"
      }
    },
    {
      "type": "Feature",
      "geometry": {
        "type": "Point",
        "coordinates": [
          1.9487414322404388,
          41.26364856338821
        ]
      },
      "properties": {
        "date": "2025-01-09"
      }
    },
    {
      "type": "Feature",
      "geometry": {
        "type": "Point",
        "coordinates": [
          1.9487645057377065,
          41.26364856338821
        ]
      },
      "properties": {
        "date": "2025-01-09"
      }
    },
    {
      "type": "Feature",
      "geometry": {
        "type": "Point",
        "coordinates": [
          1.9487875792349745,
          41.26364856338821
        ]
      },
      "properties": {
        "date": "2025-01-09"
      }
    },
    {
      "type": "Feature",
      "geometry": {
        "type": "Point",
        "coordinates": [
          1.9488106527322422,
          41.26364856338821
        ]
      },
      "properties": {
        "date": "2025-01-09"
      }
    },
    {
      "type": "Feature",
      "geometry": {
        "type": "Point",
        "coordinates": [
          1.94883372622951,
          41.26364856338821
        ]
      },
      "properties": {
        "date": "2025-01-09"
      }
    },
    {
      "type": "Feature",
      "geometry": {
        "type": "Point",
        "coordinates": [
          1.9488567997267776,
          41.26364856338821
        ]
      },
      "properties": {
        "date": "2025-01-09"
      }
    },
    {
      "type": "Feature",
      "geometry": {
        "type": "Point",
        "coordinates": [
          1.9488798732240453,
          41.26364856338821
        ]
      },
      "properties": {
        "date": "2025-01-09"
      }
    },
    {
      "type": "Feature",
      "geometry": {
        "type": "Point",
        "coordinates": [
          1.9489029467213133,
          41.26364856338821
        ]
      },
      "properties": {
        "date": "2025-01-09"
      }
    },
    {
      "type": "Feature",
      "geometry": {
        "type": "Point",
        "coordinates": [
          1.948926020218581,
          41.26364856338821
        ]
      },
      "properties": {
        "date": "2025-01-09"
      }
    },
    {
      "type": "Feature",
      "geometry": {
        "type": "Point",
        "coordinates": [
          1.9489490937158487,
          41.26364856338821
        ]
      },
      "properties": {
        "date": "2025-01-09"
      }
    },
    {
      "type": "Feature",
      "geometry": {
        "type": "Point",
        "coordinates": [
          1.9489721672131164,
          41.26364856338821
        ]
      },
      "properties": {
        "date": "2025-01-09"
      }
    },
    {
      "type": "Feature",
      "geometry": {
        "type": "Point",
        "coordinates": [
          1.948995240710384,
          41.26364856338821
        ]
      },
      "properties": {
        "date": "2025-01-09"
      }
    },
    {
      "type": "Feature",
      "geometry": {
        "type": "Point",
        "coordinates": [
          1.949018314207652,
          41.26364856338821
        ]
      },
      "properties": {
        "date": "2025-01-09"
      }
    },
    {
      "type": "Feature",
      "geometry": {
        "type": "Point",
        "coordinates": [
          1.9490413877049197,
          41.26364856338821
        ]
      },
      "properties": {
        "date": "2025-01-09"
      }
    },
    {
      "type": "Feature",
      "geometry": {
        "type": "Point",
        "coordinates": [
          1.9490644612021875,
          41.26364856338821
        ]
      },
      "properties": {
        "date": "2025-01-09"
      }
    },
    {
      "type": "Feature",
      "geometry": {
        "type": "Point",
        "coordinates": [
          1.9490875346994552,
          41.26364856338821
        ]
      },
      "properties": {
        "date": "2025-01-09"
      }
    },
    {
      "type": "Feature",
      "geometry": {
        "type": "Point",
        "coordinates": [
          1.949110608196723,
          41.26364856338821
        ]
      },
      "properties": {
        "date": "2025-01-09"
      }
    },
    {
      "type": "Feature",
      "geometry": {
        "type": "Point",
        "coordinates": [
          1.9491336816939908,
          41.26364856338821
        ]
      },
      "properties": {
        "date": "2025-01-09"
      }
    },
    {
      "type": "Feature",
      "geometry": {
        "type": "Point",
        "coordinates": [
          1.9491567551912585,
          41.26364856338821
        ]
      },
      "properties": {
        "date": "2025-01-09"
      }
    },
    {
      "type": "Feature",
      "geometry": {
        "type": "Point",
        "coordinates": [
          1.9491798286885262,
          41.26364856338821
        ]
      },
      "properties": {
        "date": "2025-01-09"
      }
    },
    {
      "type": "Feature",
      "geometry": {
        "type": "Point",
        "coordinates": [
          1.949202902185794,
          41.26364856338821
        ]
      },
      "properties": {
        "date": "2025-01-09"
      }
    },
    {
      "type": "Feature",
      "geometry": {
        "type": "Point",
        "coordinates": [
          1.9492259756830619,
          41.26364856338821
        ]
      },
      "properties": {
        "date": "2025-01-09"
      }
    },
    {
      "type": "Feature",
      "geometry": {
        "type": "Point",
        "coordinates": [
          1.9492490491803296,
          41.26364856338821
        ]
      },
      "properties": {
        "date": "2025-01-09"
      }
    },
    {
      "type": "Feature",
      "geometry": {
        "type": "Point",
        "coordinates": [
          1.9492721226775973,
          41.26364856338821
        ]
      },
      "properties": {
        "date": "2025-01-09"
      }
    },
    {
      "type": "Feature",
      "geometry": {
        "type": "Point",
        "coordinates": [
          1.949295196174865,
          41.26364856338821
        ]
      },
      "properties": {
        "date": "2025-01-09"
      }
    },
    {
      "type": "Feature",
      "geometry": {
        "type": "Point",
        "coordinates": [
          1.9493182696721327,
          41.26364856338821
        ]
      },
      "properties": {
        "date": "2025-01-09"
      }
    },
    {
      "type": "Feature",
      "geometry": {
        "type": "Point",
        "coordinates": [
          1.9493413431694007,
          41.26364856338821
        ]
      },
      "properties": {
        "date": "2025-01-09"
      }
    },
    {
      "type": "Feature",
      "geometry": {
        "type": "Point",
        "coordinates": [
          1.9493644166666684,
          41.26364856338821
        ]
      },
      "properties": {
        "date": "2025-01-09"
      }
    },
    {
      "type": "Feature",
      "geometry": {
        "type": "Point",
        "coordinates": [
          1.949387490163936,
          41.26364856338821
        ]
      },
      "properties": {
        "date": "2025-01-09"
      }
    },
    {
      "type": "Feature",
      "geometry": {
        "type": "Point",
        "coordinates": [
          1.9494105636612038,
          41.26364856338821
        ]
      },
      "properties": {
        "date": "2025-01-09"
      }
    },
    {
      "type": "Feature",
      "geometry": {
        "type": "Point",
        "coordinates": [
          1.9494336371584717,
          41.26364856338821
        ]
      },
      "properties": {
        "date": "2025-01-09"
      }
    },
    {
      "type": "Feature",
      "geometry": {
        "type": "Point",
        "coordinates": [
          1.9494567106557394,
          41.26364856338821
        ]
      },
      "properties": {
        "date": "2025-01-09"
      }
    },
    {
      "type": "Feature",
      "geometry": {
        "type": "Point",
        "coordinates": [
          1.9494797841530072,
          41.26364856338821
        ]
      },
      "properties": {
        "date": "2025-01-09"
      }
    },
    {
      "type": "Feature",
      "geometry": {
        "type": "Point",
        "coordinates": [
          1.9495028576502749,
          41.26364856338821
        ]
      },
      "properties": {
        "date": "2025-01-09"
      }
    },
    {
      "type": "Feature",
      "geometry": {
        "type": "Point",
        "coordinates": [
          1.9495259311475426,
          41.26364856338821
        ]
      },
      "properties": {
        "date": "2025-01-09"
      }
    },
    {
      "type": "Feature",
      "geometry": {
        "type": "Point",
        "coordinates": [
          1.9495490046448105,
          41.26364856338821
        ]
      },
      "properties": {
        "date": "2025-01-09"
      }
    },
    {
      "type": "Feature",
      "geometry": {
        "type": "Point",
        "coordinates": [
          1.9557788489071055,
          41.26364856338821
        ]
      },
      "properties": {
        "date": "2025-01-09"
      }
    },
    {
      "type": "Feature",
      "geometry": {
        "type": "Point",
        "coordinates": [
          1.957440140710384,
          41.26364856338821
        ]
      },
      "properties": {
        "date": "2025-01-09"
      }
    },
    {
      "type": "Feature",
      "geometry": {
        "type": "Point",
        "coordinates": [
          1.957463214207652,
          41.26364856338821
        ]
      },
      "properties": {
        "date": "2025-01-09"
      }
    },
    {
      "type": "Feature",
      "geometry": {
        "type": "Point",
        "coordinates": [
          1.9574862877049197,
          41.26364856338821
        ]
      },
      "properties": {
        "date": "2025-01-09"
      }
    },
    {
      "type": "Feature",
      "geometry": {
        "type": "Point",
        "coordinates": [
          1.9575093612021874,
          41.26364856338821
        ]
      },
      "properties": {
        "date": "2025-01-09"
      }
    },
    {
      "type": "Feature",
      "geometry": {
        "type": "Point",
        "coordinates": [
          1.9575324346994551,
          41.26364856338821
        ]
      },
      "properties": {
        "date": "2025-01-09"
      }
    },
    {
      "type": "Feature",
      "geometry": {
        "type": "Point",
        "coordinates": [
          1.9575555081967229,
          41.26364856338821
        ]
      },
      "properties": {
        "date": "2025-01-09"
      }
    },
    {
      "type": "Feature",
      "geometry": {
        "type": "Point",
        "coordinates": [
          1.9575785816939908,
          41.26364856338821
        ]
      },
      "properties": {
        "date": "2025-01-09"
      }
    },
    {
      "type": "Feature",
      "geometry": {
        "type": "Point",
        "coordinates": [
          1.9576016551912585,
          41.26364856338821
        ]
      },
      "properties": {
        "date": "2025-01-09"
      }
    },
    {
      "type": "Feature",
      "geometry": {
        "type": "Point",
        "coordinates": [
          1.9576247286885262,
          41.26364856338821
        ]
      },
      "properties": {
        "date": "2025-01-09"
      }
    },
    {
      "type": "Feature",
      "geometry": {
        "type": "Point",
        "coordinates": [
          1.957647802185794,
          41.26364856338821
        ]
      },
      "properties": {
        "date": "2025-01-09"
      }
    },
    {
      "type": "Feature",
      "geometry": {
        "type": "Point",
        "coordinates": [
          1.9576708756830619,
          41.26364856338821
        ]
      },
      "properties": {
        "date": "2025-01-09"
      }
    },
    {
      "type": "Feature",
      "geometry": {
        "type": "Point",
        "coordinates": [
          1.9576939491803296,
          41.26364856338821
        ]
      },
      "properties": {
        "date": "2025-01-09"
      }
    },
    {
      "type": "Feature",
      "geometry": {
        "type": "Point",
        "coordinates": [
          1.9577170226775973,
          41.26364856338821
        ]
      },
      "properties": {
        "date": "2025-01-09"
      }
    },
    {
      "type": "Feature",
      "geometry": {
        "type": "Point",
        "coordinates": [
          1.957740096174865,
          41.26364856338821
        ]
      },
      "properties": {
        "date": "2025-01-09"
      }
    },
    {
      "type": "Feature",
      "geometry": {
        "type": "Point",
        "coordinates": [
          1.9577631696721327,
          41.26364856338821
        ]
      },
      "properties": {
        "date": "2025-01-09"
      }
    },
    {
      "type": "Feature",
      "geometry": {
        "type": "Point",
        "coordinates": [
          1.9577862431694006,
          41.26364856338821
        ]
      },
      "properties": {
        "date": "2025-01-09"
      }
    },
    {
      "type": "Feature",
      "geometry": {
        "type": "Point",
        "coordinates": [
          1.9578093166666684,
          41.26364856338821
        ]
      },
      "properties": {
        "date": "2025-01-09"
      }
    },
    {
      "type": "Feature",
      "geometry": {
        "type": "Point",
        "coordinates": [
          1.9579016106557394,
          41.26364856338821
        ]
      },
      "properties": {
        "date": "2025-01-09"
      }
    },
    {
      "type": "Feature",
      "geometry": {
        "type": "Point",
        "coordinates": [
          1.9579246841530071,
          41.26364856338821
        ]
      },
      "properties": {
        "date": "2025-01-09"
      }
    },
    {
      "type": "Feature",
      "geometry": {
        "type": "Point",
        "coordinates": [
          1.9579477576502748,
          41.26364856338821
        ]
      },
      "properties": {
        "date": "2025-01-09"
      }
    },
    {
      "type": "Feature",
      "geometry": {
        "type": "Point",
        "coordinates": [
          1.9579708311475426,
          41.26364856338821
        ]
      },
      "properties": {
        "date": "2025-01-09"
      }
    },
    {
      "type": "Feature",
      "geometry": {
        "type": "Point",
        "coordinates": [
          1.9579939046448105,
          41.26364856338821
        ]
      },
      "properties": {
        "date": "2025-01-09"
      }
    },
    {
      "type": "Feature",
      "geometry": {
        "type": "Point",
        "coordinates": [
          1.9580169781420782,
          41.26364856338821
        ]
      },
      "properties": {
        "date": "2025-01-09"
      }
    },
    {
      "type": "Feature",
      "geometry": {
        "type": "Point",
        "coordinates": [
          1.958040051639346,
          41.26364856338821
        ]
      },
      "properties": {
        "date": "2025-01-09"
      }
    },
    {
      "type": "Feature",
      "geometry": {
        "type": "Point",
        "coordinates": [
          1.9580631251366136,
          41.26364856338821
        ]
      },
      "properties": {
        "date": "2025-01-09"
      }
    },
    {
      "type": "Feature",
      "geometry": {
        "type": "Point",
        "coordinates": [
          1.9580861986338813,
          41.26364856338821
        ]
      },
      "properties": {
        "date": "2025-01-09"
      }
    },
    {
      "type": "Feature",
      "geometry": {
        "type": "Point",
        "coordinates": [
          1.9581092721311493,
          41.26364856338821
        ]
      },
      "properties": {
        "date": "2025-01-09"
      }
    },
    {
      "type": "Feature",
      "geometry": {
        "type": "Point",
        "coordinates": [
          1.958132345628417,
          41.26364856338821
        ]
      },
      "properties": {
        "date": "2025-01-09"
      }
    },
    {
      "type": "Feature",
      "geometry": {
        "type": "Point",
        "coordinates": [
          1.9581554191256847,
          41.26364856338821
        ]
      },
      "properties": {
        "date": "2025-01-09"
      }
    },
    {
      "type": "Feature",
      "geometry": {
        "type": "Point",
        "coordinates": [
          1.9581784926229524,
          41.26364856338821
        ]
      },
      "properties": {
        "date": "2025-01-09"
      }
    },
    {
      "type": "Feature",
      "geometry": {
        "type": "Point",
        "coordinates": [
          1.9582015661202201,
          41.26364856338821
        ]
      },
      "properties": {
        "date": "2025-01-09"
      }
    },
    {
      "type": "Feature",
      "geometry": {
        "type": "Point",
        "coordinates": [
          1.958224639617488,
          41.26364856338821
        ]
      },
      "properties": {
        "date": "2025-01-09"
      }
    },
    {
      "type": "Feature",
      "geometry": {
        "type": "Point",
        "coordinates": [
          1.9582477131147558,
          41.26364856338821
        ]
      },
      "properties": {
        "date": "2025-01-09"
      }
    },
    {
      "type": "Feature",
      "geometry": {
        "type": "Point",
        "coordinates": [
          1.9582707866120235,
          41.26364856338821
        ]
      },
      "properties": {
        "date": "2025-01-09"
      }
    },
    {
      "type": "Feature",
      "geometry": {
        "type": "Point",
        "coordinates": [
          1.9582938601092912,
          41.26364856338821
        ]
      },
      "properties": {
        "date": "2025-01-09"
      }
    },
    {
      "type": "Feature",
      "geometry": {
        "type": "Point",
        "coordinates": [
          1.9583169336065591,
          41.26364856338821
        ]
      },
      "properties": {
        "date": "2025-01-09"
      }
    },
    {
      "type": "Feature",
      "geometry": {
        "type": "Point",
        "coordinates": [
          1.9583400071038268,
          41.26364856338821
        ]
      },
      "properties": {
        "date": "2025-01-09"
      }
    },
    {
      "type": "Feature",
      "geometry": {
        "type": "Point",
        "coordinates": [
          1.9583630806010945,
          41.26364856338821
        ]
      },
      "properties": {
        "date": "2025-01-09"
      }
    },
    {
      "type": "Feature",
      "geometry": {
        "type": "Point",
        "coordinates": [
          1.9583861540983623,
          41.26364856338821
        ]
      },
      "properties": {
        "date": "2025-01-09"
      }
    },
    {
      "type": "Feature",
      "geometry": {
        "type": "Point",
        "coordinates": [
          1.9585245950819687,
          41.26364856338821
        ]
      },
      "properties": {
        "date": "2025-01-09"
      }
    },
    {
      "type": "Feature",
      "geometry": {
        "type": "Point",
        "coordinates": [
          1.9585476685792367,
          41.26364856338821
        ]
      },
      "properties": {
        "date": "2025-01-09"
      }
    },
    {
      "type": "Feature",
      "geometry": {
        "type": "Point",
        "coordinates": [
          1.9585707420765044,
          41.26364856338821
        ]
      },
      "properties": {
        "date": "2025-01-09"
      }
    },
    {
      "type": "Feature",
      "geometry": {
        "type": "Point",
        "coordinates": [
          1.958593815573772,
          41.26364856338821
        ]
      },
      "properties": {
        "date": "2025-01-09"
      }
    },
    {
      "type": "Feature",
      "geometry": {
        "type": "Point",
        "coordinates": [
          1.9586168890710398,
          41.26364856338821
        ]
      },
      "properties": {
        "date": "2025-01-09"
      }
    },
    {
      "type": "Feature",
      "geometry": {
        "type": "Point",
        "coordinates": [
          1.9586399625683077,
          41.26364856338821
        ]
      },
      "properties": {
        "date": "2025-01-09"
      }
    },
    {
      "type": "Feature",
      "geometry": {
        "type": "Point",
        "coordinates": [
          1.9586630360655755,
          41.26364856338821
        ]
      },
      "properties": {
        "date": "2025-01-09"
      }
    },
    {
      "type": "Feature",
      "geometry": {
        "type": "Point",
        "coordinates": [
          1.9586861095628432,
          41.26364856338821
        ]
      },
      "properties": {
        "date": "2025-01-09"
      }
    },
    {
      "type": "Feature",
      "geometry": {
        "type": "Point",
        "coordinates": [
          1.9587091830601109,
          41.26364856338821
        ]
      },
      "properties": {
        "date": "2025-01-09"
      }
    },
    {
      "type": "Feature",
      "geometry": {
        "type": "Point",
        "coordinates": [
          1.9587322565573786,
          41.26364856338821
        ]
      },
      "properties": {
        "date": "2025-01-09"
      }
    },
    {
      "type": "Feature",
      "geometry": {
        "type": "Point",
        "coordinates": [
          1.9587553300546465,
          41.26364856338821
        ]
      },
      "properties": {
        "date": "2025-01-09"
      }
    },
    {
      "type": "Feature",
      "geometry": {
        "type": "Point",
        "coordinates": [
          1.9587784035519142,
          41.26364856338821
        ]
      },
      "properties": {
        "date": "2025-01-09"
      }
    },
    {
      "type": "Feature",
      "geometry": {
        "type": "Point",
        "coordinates": [
          1.958801477049182,
          41.26364856338821
        ]
      },
      "properties": {
        "date": "2025-01-09"
      }
    },
    {
      "type": "Feature",
      "geometry": {
        "type": "Point",
        "coordinates": [
          1.9588245505464497,
          41.26364856338821
        ]
      },
      "properties": {
        "date": "2025-01-09"
      }
    },
    {
      "type": "Feature",
      "geometry": {
        "type": "Point",
        "coordinates": [
          1.9588476240437176,
          41.26364856338821
        ]
      },
      "properties": {
        "date": "2025-01-09"
      }
    },
    {
      "type": "Feature",
      "geometry": {
        "type": "Point",
        "coordinates": [
          1.9588706975409853,
          41.26364856338821
        ]
      },
      "properties": {
        "date": "2025-01-09"
      }
    },
    {
      "type": "Feature",
      "geometry": {
        "type": "Point",
        "coordinates": [
          1.958893771038253,
          41.26364856338821
        ]
      },
      "properties": {
        "date": "2025-01-09"
      }
    },
    {
      "type": "Feature",
      "geometry": {
        "type": "Point",
        "coordinates": [
          1.958986065027324,
          41.26364856338821
        ]
      },
      "properties": {
        "date": "2025-01-09"
      }
    },
    {
      "type": "Feature",
      "geometry": {
        "type": "Point",
        "coordinates": [
          1.9590091385245918,
          41.26364856338821
        ]
      },
      "properties": {
        "date": "2025-01-09"
      }
    },
    {
      "type": "Feature",
      "geometry": {
        "type": "Point",
        "coordinates": [
          1.9590322120218595,
          41.26364856338821
        ]
      },
      "properties": {
        "date": "2025-01-09"
      }
    },
    {
      "type": "Feature",
      "geometry": {
        "type": "Point",
        "coordinates": [
          1.9590552855191272,
          41.26364856338821
        ]
      },
      "properties": {
        "date": "2025-01-09"
      }
    },
    {
      "type": "Feature",
      "geometry": {
        "type": "Point",
        "coordinates": [
          1.9590783590163952,
          41.26364856338821
        ]
      },
      "properties": {
        "date": "2025-01-09"
      }
    },
    {
      "type": "Feature",
      "geometry": {
        "type": "Point",
        "coordinates": [
          1.9591014325136629,
          41.26364856338821
        ]
      },
      "properties": {
        "date": "2025-01-09"
      }
    },
    {
      "type": "Feature",
      "geometry": {
        "type": "Point",
        "coordinates": [
          1.9591245060109306,
          41.26364856338821
        ]
      },
      "properties": {
        "date": "2025-01-09"
      }
    },
    {
      "type": "Feature",
      "geometry": {
        "type": "Point",
        "coordinates": [
          1.9591475795081983,
          41.26364856338821
        ]
      },
      "properties": {
        "date": "2025-01-09"
      }
    },
    {
      "type": "Feature",
      "geometry": {
        "type": "Point",
        "coordinates": [
          1.9591706530054662,
          41.26364856338821
        ]
      },
      "properties": {
        "date": "2025-01-09"
      }
    },
    {
      "type": "Feature",
      "geometry": {
        "type": "Point",
        "coordinates": [
          1.959193726502734,
          41.26364856338821
        ]
      },
      "properties": {
        "date": "2025-01-09"
      }
    },
    {
      "type": "Feature",
      "geometry": {
        "type": "Point",
        "coordinates": [
          1.9592168000000016,
          41.26364856338821
        ]
      },
      "properties": {
        "date": "2025-01-09"
      }
    },
    {
      "type": "Feature",
      "geometry": {
        "type": "Point",
        "coordinates": [
          1.9592398734972694,
          41.26364856338821
        ]
      },
      "properties": {
        "date": "2025-01-09"
      }
    },
    {
      "type": "Feature",
      "geometry": {
        "type": "Point",
        "coordinates": [
          1.959262946994537,
          41.26364856338821
        ]
      },
      "properties": {
        "date": "2025-01-09"
      }
    },
    {
      "type": "Feature",
      "geometry": {
        "type": "Point",
        "coordinates": [
          1.959286020491805,
          41.26364856338821
        ]
      },
      "properties": {
        "date": "2025-01-09"
      }
    },
    {
      "type": "Feature",
      "geometry": {
        "type": "Point",
        "coordinates": [
          1.9593090939890727,
          41.26364856338821
        ]
      },
      "properties": {
        "date": "2025-01-09"
      }
    },
    {
      "type": "Feature",
      "geometry": {
        "type": "Point",
        "coordinates": [
          1.9593321674863404,
          41.26364856338821
        ]
      },
      "properties": {
        "date": "2025-01-09"
      }
    },
    {
      "type": "Feature",
      "geometry": {
        "type": "Point",
        "coordinates": [
          1.9593552409836081,
          41.26364856338821
        ]
      },
      "properties": {
        "date": "2025-01-09"
      }
    },
    {
      "type": "Feature",
      "geometry": {
        "type": "Point",
        "coordinates": [
          1.9593783144808758,
          41.26364856338821
        ]
      },
      "properties": {
        "date": "2025-01-09"
      }
    },
    {
      "type": "Feature",
      "geometry": {
        "type": "Point",
        "coordinates": [
          1.9594013879781438,
          41.26364856338821
        ]
      },
      "properties": {
        "date": "2025-01-09"
      }
    },
    {
      "type": "Feature",
      "geometry": {
        "type": "Point",
        "coordinates": [
          1.9594244614754115,
          41.26364856338821
        ]
      },
      "properties": {
        "date": "2025-01-09"
      }
    },
    {
      "type": "Feature",
      "geometry": {
        "type": "Point",
        "coordinates": [
          1.9594475349726792,
          41.26364856338821
        ]
      },
      "properties": {
        "date": "2025-01-09"
      }
    },
    {
      "type": "Feature",
      "geometry": {
        "type": "Point",
        "coordinates": [
          1.959470608469947,
          41.26364856338821
        ]
      },
      "properties": {
        "date": "2025-01-09"
      }
    },
    {
      "type": "Feature",
      "geometry": {
        "type": "Point",
        "coordinates": [
          1.9597244169398924,
          41.26364856338821
        ]
      },
      "properties": {
        "date": "2025-01-09"
      }
    },
    {
      "type": "Feature",
      "geometry": {
        "type": "Point",
        "coordinates": [
          1.9597474904371601,
          41.26364856338821
        ]
      },
      "properties": {
        "date": "2025-01-09"
      }
    },
    {
      "type": "Feature",
      "geometry": {
        "type": "Point",
        "coordinates": [
          1.9597705639344278,
          41.26364856338821
        ]
      },
      "properties": {
        "date": "2025-01-09"
      }
    },
    {
      "type": "Feature",
      "geometry": {
        "type": "Point",
        "coordinates": [
          1.9597936374316955,
          41.26364856338821
        ]
      },
      "properties": {
        "date": "2025-01-09"
      }
    },
    {
      "type": "Feature",
      "geometry": {
        "type": "Point",
        "coordinates": [
          1.9598167109289635,
          41.26364856338821
        ]
      },
      "properties": {
        "date": "2025-01-09"
      }
    },
    {
      "type": "Feature",
      "geometry": {
        "type": "Point",
        "coordinates": [
          1.9598397844262312,
          41.26364856338821
        ]
      },
      "properties": {
        "date": "2025-01-09"
      }
    },
    {
      "type": "Feature",
      "geometry": {
        "type": "Point",
        "coordinates": [
          1.959862857923499,
          41.26364856338821
        ]
      },
      "properties": {
        "date": "2025-01-09"
      }
    },
    {
      "type": "Feature",
      "geometry": {
        "type": "Point",
        "coordinates": [
          1.9598859314207666,
          41.26364856338821
        ]
      },
      "properties": {
        "date": "2025-01-09"
      }
    },
    {
      "type": "Feature",
      "geometry": {
        "type": "Point",
        "coordinates": [
          1.9599090049180343,
          41.26364856338821
        ]
      },
      "properties": {
        "date": "2025-01-09"
      }
    },
    {
      "type": "Feature",
      "geometry": {
        "type": "Point",
        "coordinates": [
          1.9599320784153023,
          41.26364856338821
        ]
      },
      "properties": {
        "date": "2025-01-09"
      }
    },
    {
      "type": "Feature",
      "geometry": {
        "type": "Point",
        "coordinates": [
          1.95995515191257,
          41.26364856338821
        ]
      },
      "properties": {
        "date": "2025-01-09"
      }
    },
    {
      "type": "Feature",
      "geometry": {
        "type": "Point",
        "coordinates": [
          1.9599782254098377,
          41.26364856338821
        ]
      },
      "properties": {
        "date": "2025-01-09"
      }
    },
    {
      "type": "Feature",
      "geometry": {
        "type": "Point",
        "coordinates": [
          1.9600012989071054,
          41.26364856338821
        ]
      },
      "properties": {
        "date": "2025-01-09"
      }
    },
    {
      "type": "Feature",
      "geometry": {
        "type": "Point",
        "coordinates": [
          1.9600243724043733,
          41.26364856338821
        ]
      },
      "properties": {
        "date": "2025-01-09"
      }
    },
    {
      "type": "Feature",
      "geometry": {
        "type": "Point",
        "coordinates": [
          1.960047445901641,
          41.26364856338821
        ]
      },
      "properties": {
        "date": "2025-01-09"
      }
    },
    {
      "type": "Feature",
      "geometry": {
        "type": "Point",
        "coordinates": [
          1.9616164437158485,
          41.26364856338821
        ]
      },
      "properties": {
        "date": "2025-01-09"
      }
    },
    {
      "type": "Feature",
      "geometry": {
        "type": "Point",
        "coordinates": [
          1.9641314549180344,
          41.26364856338821
        ]
      },
      "properties": {
        "date": "2025-01-09"
      }
    },
    {
      "type": "Feature",
      "geometry": {
        "type": "Point",
        "coordinates": [
          1.964362189890712,
          41.26364856338821
        ]
      },
      "properties": {
        "date": "2025-01-09"
      }
    },
    {
      "type": "Feature",
      "geometry": {
        "type": "Point",
        "coordinates": [
          1.9679616554644825,
          41.26364856338821
        ]
      },
      "properties": {
        "date": "2025-01-09"
      }
    },
    {
      "type": "Feature",
      "geometry": {
        "type": "Point",
        "coordinates": [
          1.9680539494535536,
          41.26364856338821
        ]
      },
      "properties": {
        "date": "2025-01-09"
      }
    },
    {
      "type": "Feature",
      "geometry": {
        "type": "Point",
        "coordinates": [
          1.9680770229508213,
          41.26364856338821
        ]
      },
      "properties": {
        "date": "2025-01-09"
      }
    },
    {
      "type": "Feature",
      "geometry": {
        "type": "Point",
        "coordinates": [
          1.968100096448089,
          41.26364856338821
        ]
      },
      "properties": {
        "date": "2025-01-09"
      }
    },
    {
      "type": "Feature",
      "geometry": {
        "type": "Point",
        "coordinates": [
          1.9681231699453567,
          41.26364856338821
        ]
      },
      "properties": {
        "date": "2025-01-09"
      }
    },
    {
      "type": "Feature",
      "geometry": {
        "type": "Point",
        "coordinates": [
          1.9681462434426245,
          41.26364856338821
        ]
      },
      "properties": {
        "date": "2025-01-09"
      }
    },
    {
      "type": "Feature",
      "geometry": {
        "type": "Point",
        "coordinates": [
          1.9681693169398924,
          41.26364856338821
        ]
      },
      "properties": {
        "date": "2025-01-09"
      }
    },
    {
      "type": "Feature",
      "geometry": {
        "type": "Point",
        "coordinates": [
          1.9689076688524607,
          41.26364856338821
        ]
      },
      "properties": {
        "date": "2025-01-09"
      }
    },
    {
      "type": "Feature",
      "geometry": {
        "type": "Point",
        "coordinates": [
          1.9689307423497284,
          41.26364856338821
        ]
      },
      "properties": {
        "date": "2025-01-09"
      }
    },
    {
      "type": "Feature",
      "geometry": {
        "type": "Point",
        "coordinates": [
          1.9689538158469961,
          41.26364856338821
        ]
      },
      "properties": {
        "date": "2025-01-09"
      }
    },
    {
      "type": "Feature",
      "geometry": {
        "type": "Point",
        "coordinates": [
          1.9689768893442638,
          41.26364856338821
        ]
      },
      "properties": {
        "date": "2025-01-09"
      }
    },
    {
      "type": "Feature",
      "geometry": {
        "type": "Point",
        "coordinates": [
          1.9689999628415316,
          41.26364856338821
        ]
      },
      "properties": {
        "date": "2025-01-09"
      }
    },
    {
      "type": "Feature",
      "geometry": {
        "type": "Point",
        "coordinates": [
          1.9690230363387995,
          41.26364856338821
        ]
      },
      "properties": {
        "date": "2025-01-09"
      }
    },
    {
      "type": "Feature",
      "geometry": {
        "type": "Point",
        "coordinates": [
          1.9692768448087448,
          41.26364856338821
        ]
      },
      "properties": {
        "date": "2025-01-09"
      }
    },
    {
      "type": "Feature",
      "geometry": {
        "type": "Point",
        "coordinates": [
          1.9692999183060125,
          41.26364856338821
        ]
      },
      "properties": {
        "date": "2025-01-09"
      }
    },
    {
      "type": "Feature",
      "geometry": {
        "type": "Point",
        "coordinates": [
          1.9693229918032802,
          41.26364856338821
        ]
      },
      "properties": {
        "date": "2025-01-09"
      }
    },
    {
      "type": "Feature",
      "geometry": {
        "type": "Point",
        "coordinates": [
          1.9693460653005481,
          41.26364856338821
        ]
      },
      "properties": {
        "date": "2025-01-09"
      }
    },
    {
      "type": "Feature",
      "geometry": {
        "type": "Point",
        "coordinates": [
          1.9693691387978158,
          41.26364856338821
        ]
      },
      "properties": {
        "date": "2025-01-09"
      }
    },
    {
      "type": "Feature",
      "geometry": {
        "type": "Point",
        "coordinates": [
          1.9699921232240454,
          41.26364856338821
        ]
      },
      "properties": {
        "date": "2025-01-09"
      }
    },
    {
      "type": "Feature",
      "geometry": {
        "type": "Point",
        "coordinates": [
          1.970015196721313,
          41.26364856338821
        ]
      },
      "properties": {
        "date": "2025-01-09"
      }
    },
    {
      "type": "Feature",
      "geometry": {
        "type": "Point",
        "coordinates": [
          1.9700382702185808,
          41.26364856338821
        ]
      },
      "properties": {
        "date": "2025-01-09"
      }
    },
    {
      "type": "Feature",
      "geometry": {
        "type": "Point",
        "coordinates": [
          1.9700613437158485,
          41.26364856338821
        ]
      },
      "properties": {
        "date": "2025-01-09"
      }
    },
    {
      "type": "Feature",
      "geometry": {
        "type": "Point",
        "coordinates": [
          1.9700844172131164,
          41.26364856338821
        ]
      },
      "properties": {
        "date": "2025-01-09"
      }
    },
    {
      "type": "Feature",
      "geometry": {
        "type": "Point",
        "coordinates": [
          1.9701074907103842,
          41.26364856338821
        ]
      },
      "properties": {
        "date": "2025-01-09"
      }
    },
    {
      "type": "Feature",
      "geometry": {
        "type": "Point",
        "coordinates": [
          1.9701305642076519,
          41.26364856338821
        ]
      },
      "properties": {
        "date": "2025-01-09"
      }
    },
    {
      "type": "Feature",
      "geometry": {
        "type": "Point",
        "coordinates": [
          1.9701536377049196,
          41.26364856338821
        ]
      },
      "properties": {
        "date": "2025-01-09"
      }
    },
    {
      "type": "Feature",
      "geometry": {
        "type": "Point",
        "coordinates": [
          1.9701767112021873,
          41.26364856338821
        ]
      },
      "properties": {
        "date": "2025-01-09"
      }
    },
    {
      "type": "Feature",
      "geometry": {
        "type": "Point",
        "coordinates": [
          1.9701997846994552,
          41.26364856338821
        ]
      },
      "properties": {
        "date": "2025-01-09"
      }
    },
    {
      "type": "Feature",
      "geometry": {
        "type": "Point",
        "coordinates": [
          1.970222858196723,
          41.26364856338821
        ]
      },
      "properties": {
        "date": "2025-01-09"
      }
    },
    {
      "type": "Feature",
      "geometry": {
        "type": "Point",
        "coordinates": [
          1.9702459316939906,
          41.26364856338821
        ]
      },
      "properties": {
        "date": "2025-01-09"
      }
    },
    {
      "type": "Feature",
      "geometry": {
        "type": "Point",
        "coordinates": [
          1.9702690051912584,
          41.26364856338821
        ]
      },
      "properties": {
        "date": "2025-01-09"
      }
    },
    {
      "type": "Feature",
      "geometry": {
        "type": "Point",
        "coordinates": [
          1.970292078688526,
          41.26364856338821
        ]
      },
      "properties": {
        "date": "2025-01-09"
      }
    },
    {
      "type": "Feature",
      "geometry": {
        "type": "Point",
        "coordinates": [
          1.970315152185794,
          41.26364856338821
        ]
      },
      "properties": {
        "date": "2025-01-09"
      }
    },
    {
      "type": "Feature",
      "geometry": {
        "type": "Point",
        "coordinates": [
          1.9703382256830617,
          41.26364856338821
        ]
      },
      "properties": {
        "date": "2025-01-09"
      }
    },
    {
      "type": "Feature",
      "geometry": {
        "type": "Point",
        "coordinates": [
          1.9703612991803294,
          41.26364856338821
        ]
      },
      "properties": {
        "date": "2025-01-09"
      }
    },
    {
      "type": "Feature",
      "geometry": {
        "type": "Point",
        "coordinates": [
          1.9703843726775971,
          41.26364856338821
        ]
      },
      "properties": {
        "date": "2025-01-09"
      }
    },
    {
      "type": "Feature",
      "geometry": {
        "type": "Point",
        "coordinates": [
          1.970407446174865,
          41.26364856338821
        ]
      },
      "properties": {
        "date": "2025-01-09"
      }
    },
    {
      "type": "Feature",
      "geometry": {
        "type": "Point",
        "coordinates": [
          1.9704305196721328,
          41.26364856338821
        ]
      },
      "properties": {
        "date": "2025-01-09"
      }
    },
    {
      "type": "Feature",
      "geometry": {
        "type": "Point",
        "coordinates": [
          1.9704535931694005,
          41.26364856338821
        ]
      },
      "properties": {
        "date": "2025-01-09"
      }
    },
    {
      "type": "Feature",
      "geometry": {
        "type": "Point",
        "coordinates": [
          1.9704766666666682,
          41.26364856338821
        ]
      },
      "properties": {
        "date": "2025-01-09"
      }
    },
    {
      "type": "Feature",
      "geometry": {
        "type": "Point",
        "coordinates": [
          1.970499740163936,
          41.26364856338821
        ]
      },
      "properties": {
        "date": "2025-01-09"
      }
    },
    {
      "type": "Feature",
      "geometry": {
        "type": "Point",
        "coordinates": [
          1.9705228136612039,
          41.26364856338821
        ]
      },
      "properties": {
        "date": "2025-01-09"
      }
    },
    {
      "type": "Feature",
      "geometry": {
        "type": "Point",
        "coordinates": [
          1.9705458871584716,
          41.26364856338821
        ]
      },
      "properties": {
        "date": "2025-01-09"
      }
    },
    {
      "type": "Feature",
      "geometry": {
        "type": "Point",
        "coordinates": [
          1.9705689606557393,
          41.26364856338821
        ]
      },
      "properties": {
        "date": "2025-01-09"
      }
    },
    {
      "type": "Feature",
      "geometry": {
        "type": "Point",
        "coordinates": [
          1.970592034153007,
          41.26364856338821
        ]
      },
      "properties": {
        "date": "2025-01-09"
      }
    },
    {
      "type": "Feature",
      "geometry": {
        "type": "Point",
        "coordinates": [
          1.9706151076502747,
          41.26364856338821
        ]
      },
      "properties": {
        "date": "2025-01-09"
      }
    },
    {
      "type": "Feature",
      "geometry": {
        "type": "Point",
        "coordinates": [
          1.9706381811475426,
          41.26364856338821
        ]
      },
      "properties": {
        "date": "2025-01-09"
      }
    },
    {
      "type": "Feature",
      "geometry": {
        "type": "Point",
        "coordinates": [
          1.9706612546448103,
          41.26364856338821
        ]
      },
      "properties": {
        "date": "2025-01-09"
      }
    },
    {
      "type": "Feature",
      "geometry": {
        "type": "Point",
        "coordinates": [
          1.970684328142078,
          41.26364856338821
        ]
      },
      "properties": {
        "date": "2025-01-09"
      }
    },
    {
      "type": "Feature",
      "geometry": {
        "type": "Point",
        "coordinates": [
          1.9462725680327886,
          41.263588658379106
        ]
      },
      "properties": {
        "date": "2025-01-09"
      }
    },
    {
      "type": "Feature",
      "geometry": {
        "type": "Point",
        "coordinates": [
          1.9462956415300563,
          41.263588658379106
        ]
      },
      "properties": {
        "date": "2025-01-09"
      }
    },
    {
      "type": "Feature",
      "geometry": {
        "type": "Point",
        "coordinates": [
          1.946318715027324,
          41.263588658379106
        ]
      },
      "properties": {
        "date": "2025-01-09"
      }
    },
    {
      "type": "Feature",
      "geometry": {
        "type": "Point",
        "coordinates": [
          1.946341788524592,
          41.263588658379106
        ]
      },
      "properties": {
        "date": "2025-01-09"
      }
    },
    {
      "type": "Feature",
      "geometry": {
        "type": "Point",
        "coordinates": [
          1.9463648620218597,
          41.263588658379106
        ]
      },
      "properties": {
        "date": "2025-01-09"
      }
    },
    {
      "type": "Feature",
      "geometry": {
        "type": "Point",
        "coordinates": [
          1.9465725234972695,
          41.263588658379106
        ]
      },
      "properties": {
        "date": "2025-01-09"
      }
    },
    {
      "type": "Feature",
      "geometry": {
        "type": "Point",
        "coordinates": [
          1.9465955969945372,
          41.263588658379106
        ]
      },
      "properties": {
        "date": "2025-01-09"
      }
    },
    {
      "type": "Feature",
      "geometry": {
        "type": "Point",
        "coordinates": [
          1.946618670491805,
          41.263588658379106
        ]
      },
      "properties": {
        "date": "2025-01-09"
      }
    },
    {
      "type": "Feature",
      "geometry": {
        "type": "Point",
        "coordinates": [
          1.9466417439890726,
          41.263588658379106
        ]
      },
      "properties": {
        "date": "2025-01-09"
      }
    },
    {
      "type": "Feature",
      "geometry": {
        "type": "Point",
        "coordinates": [
          1.9466648174863406,
          41.263588658379106
        ]
      },
      "properties": {
        "date": "2025-01-09"
      }
    },
    {
      "type": "Feature",
      "geometry": {
        "type": "Point",
        "coordinates": [
          1.9466878909836083,
          41.263588658379106
        ]
      },
      "properties": {
        "date": "2025-01-09"
      }
    },
    {
      "type": "Feature",
      "geometry": {
        "type": "Point",
        "coordinates": [
          1.946710964480876,
          41.263588658379106
        ]
      },
      "properties": {
        "date": "2025-01-09"
      }
    },
    {
      "type": "Feature",
      "geometry": {
        "type": "Point",
        "coordinates": [
          1.9469186259562858,
          41.263588658379106
        ]
      },
      "properties": {
        "date": "2025-01-09"
      }
    },
    {
      "type": "Feature",
      "geometry": {
        "type": "Point",
        "coordinates": [
          1.9479107863387994,
          41.263588658379106
        ]
      },
      "properties": {
        "date": "2025-01-09"
      }
    },
    {
      "type": "Feature",
      "geometry": {
        "type": "Point",
        "coordinates": [
          1.9481184478142093,
          41.263588658379106
        ]
      },
      "properties": {
        "date": "2025-01-09"
      }
    },
    {
      "type": "Feature",
      "geometry": {
        "type": "Point",
        "coordinates": [
          1.9483722562841548,
          41.263588658379106
        ]
      },
      "properties": {
        "date": "2025-01-09"
      }
    },
    {
      "type": "Feature",
      "geometry": {
        "type": "Point",
        "coordinates": [
          1.9483953297814225,
          41.263588658379106
        ]
      },
      "properties": {
        "date": "2025-01-09"
      }
    },
    {
      "type": "Feature",
      "geometry": {
        "type": "Point",
        "coordinates": [
          1.9487183587431711,
          41.263588658379106
        ]
      },
      "properties": {
        "date": "2025-01-09"
      }
    },
    {
      "type": "Feature",
      "geometry": {
        "type": "Point",
        "coordinates": [
          1.9557788489071055,
          41.263588658379106
        ]
      },
      "properties": {
        "date": "2025-01-09"
      }
    },
    {
      "type": "Feature",
      "geometry": {
        "type": "Point",
        "coordinates": [
          1.957440140710384,
          41.263588658379106
        ]
      },
      "properties": {
        "date": "2025-01-09"
      }
    },
    {
      "type": "Feature",
      "geometry": {
        "type": "Point",
        "coordinates": [
          1.9578093166666684,
          41.263588658379106
        ]
      },
      "properties": {
        "date": "2025-01-09"
      }
    },
    {
      "type": "Feature",
      "geometry": {
        "type": "Point",
        "coordinates": [
          1.9583861540983623,
          41.263588658379106
        ]
      },
      "properties": {
        "date": "2025-01-09"
      }
    },
    {
      "type": "Feature",
      "geometry": {
        "type": "Point",
        "coordinates": [
          1.95840922759563,
          41.263588658379106
        ]
      },
      "properties": {
        "date": "2025-01-09"
      }
    },
    {
      "type": "Feature",
      "geometry": {
        "type": "Point",
        "coordinates": [
          1.958432301092898,
          41.263588658379106
        ]
      },
      "properties": {
        "date": "2025-01-09"
      }
    },
    {
      "type": "Feature",
      "geometry": {
        "type": "Point",
        "coordinates": [
          1.9584553745901656,
          41.263588658379106
        ]
      },
      "properties": {
        "date": "2025-01-09"
      }
    },
    {
      "type": "Feature",
      "geometry": {
        "type": "Point",
        "coordinates": [
          1.9584784480874333,
          41.263588658379106
        ]
      },
      "properties": {
        "date": "2025-01-09"
      }
    },
    {
      "type": "Feature",
      "geometry": {
        "type": "Point",
        "coordinates": [
          1.958501521584701,
          41.263588658379106
        ]
      },
      "properties": {
        "date": "2025-01-09"
      }
    },
    {
      "type": "Feature",
      "geometry": {
        "type": "Point",
        "coordinates": [
          1.9585245950819687,
          41.263588658379106
        ]
      },
      "properties": {
        "date": "2025-01-09"
      }
    },
    {
      "type": "Feature",
      "geometry": {
        "type": "Point",
        "coordinates": [
          1.959470608469947,
          41.263588658379106
        ]
      },
      "properties": {
        "date": "2025-01-09"
      }
    },
    {
      "type": "Feature",
      "geometry": {
        "type": "Point",
        "coordinates": [
          1.9594936819672149,
          41.263588658379106
        ]
      },
      "properties": {
        "date": "2025-01-09"
      }
    },
    {
      "type": "Feature",
      "geometry": {
        "type": "Point",
        "coordinates": [
          1.9595167554644826,
          41.263588658379106
        ]
      },
      "properties": {
        "date": "2025-01-09"
      }
    },
    {
      "type": "Feature",
      "geometry": {
        "type": "Point",
        "coordinates": [
          1.9595398289617503,
          41.263588658379106
        ]
      },
      "properties": {
        "date": "2025-01-09"
      }
    },
    {
      "type": "Feature",
      "geometry": {
        "type": "Point",
        "coordinates": [
          1.959562902459018,
          41.263588658379106
        ]
      },
      "properties": {
        "date": "2025-01-09"
      }
    },
    {
      "type": "Feature",
      "geometry": {
        "type": "Point",
        "coordinates": [
          1.9595859759562857,
          41.263588658379106
        ]
      },
      "properties": {
        "date": "2025-01-09"
      }
    },
    {
      "type": "Feature",
      "geometry": {
        "type": "Point",
        "coordinates": [
          1.9596090494535536,
          41.263588658379106
        ]
      },
      "properties": {
        "date": "2025-01-09"
      }
    },
    {
      "type": "Feature",
      "geometry": {
        "type": "Point",
        "coordinates": [
          1.9596321229508213,
          41.263588658379106
        ]
      },
      "properties": {
        "date": "2025-01-09"
      }
    },
    {
      "type": "Feature",
      "geometry": {
        "type": "Point",
        "coordinates": [
          1.959655196448089,
          41.263588658379106
        ]
      },
      "properties": {
        "date": "2025-01-09"
      }
    },
    {
      "type": "Feature",
      "geometry": {
        "type": "Point",
        "coordinates": [
          1.9596782699453568,
          41.263588658379106
        ]
      },
      "properties": {
        "date": "2025-01-09"
      }
    },
    {
      "type": "Feature",
      "geometry": {
        "type": "Point",
        "coordinates": [
          1.9597013434426245,
          41.263588658379106
        ]
      },
      "properties": {
        "date": "2025-01-09"
      }
    },
    {
      "type": "Feature",
      "geometry": {
        "type": "Point",
        "coordinates": [
          1.9597244169398924,
          41.263588658379106
        ]
      },
      "properties": {
        "date": "2025-01-09"
      }
    },
    {
      "type": "Feature",
      "geometry": {
        "type": "Point",
        "coordinates": [
          1.9613626352459033,
          41.263588658379106
        ]
      },
      "properties": {
        "date": "2025-01-09"
      }
    },
    {
      "type": "Feature",
      "geometry": {
        "type": "Point",
        "coordinates": [
          1.961385708743171,
          41.263588658379106
        ]
      },
      "properties": {
        "date": "2025-01-09"
      }
    },
    {
      "type": "Feature",
      "geometry": {
        "type": "Point",
        "coordinates": [
          1.9614087822404387,
          41.263588658379106
        ]
      },
      "properties": {
        "date": "2025-01-09"
      }
    },
    {
      "type": "Feature",
      "geometry": {
        "type": "Point",
        "coordinates": [
          1.9614318557377066,
          41.263588658379106
        ]
      },
      "properties": {
        "date": "2025-01-09"
      }
    },
    {
      "type": "Feature",
      "geometry": {
        "type": "Point",
        "coordinates": [
          1.9614549292349743,
          41.263588658379106
        ]
      },
      "properties": {
        "date": "2025-01-09"
      }
    },
    {
      "type": "Feature",
      "geometry": {
        "type": "Point",
        "coordinates": [
          1.961478002732242,
          41.263588658379106
        ]
      },
      "properties": {
        "date": "2025-01-09"
      }
    },
    {
      "type": "Feature",
      "geometry": {
        "type": "Point",
        "coordinates": [
          1.9615010762295098,
          41.263588658379106
        ]
      },
      "properties": {
        "date": "2025-01-09"
      }
    },
    {
      "type": "Feature",
      "geometry": {
        "type": "Point",
        "coordinates": [
          1.9615241497267777,
          41.263588658379106
        ]
      },
      "properties": {
        "date": "2025-01-09"
      }
    },
    {
      "type": "Feature",
      "geometry": {
        "type": "Point",
        "coordinates": [
          1.9615472232240454,
          41.263588658379106
        ]
      },
      "properties": {
        "date": "2025-01-09"
      }
    },
    {
      "type": "Feature",
      "geometry": {
        "type": "Point",
        "coordinates": [
          1.9615702967213131,
          41.263588658379106
        ]
      },
      "properties": {
        "date": "2025-01-09"
      }
    },
    {
      "type": "Feature",
      "geometry": {
        "type": "Point",
        "coordinates": [
          1.9615933702185808,
          41.263588658379106
        ]
      },
      "properties": {
        "date": "2025-01-09"
      }
    },
    {
      "type": "Feature",
      "geometry": {
        "type": "Point",
        "coordinates": [
          1.9616164437158485,
          41.263588658379106
        ]
      },
      "properties": {
        "date": "2025-01-09"
      }
    },
    {
      "type": "Feature",
      "geometry": {
        "type": "Point",
        "coordinates": [
          1.9616395172131165,
          41.263588658379106
        ]
      },
      "properties": {
        "date": "2025-01-09"
      }
    },
    {
      "type": "Feature",
      "geometry": {
        "type": "Point",
        "coordinates": [
          1.9616625907103842,
          41.263588658379106
        ]
      },
      "properties": {
        "date": "2025-01-09"
      }
    },
    {
      "type": "Feature",
      "geometry": {
        "type": "Point",
        "coordinates": [
          1.961685664207652,
          41.263588658379106
        ]
      },
      "properties": {
        "date": "2025-01-09"
      }
    },
    {
      "type": "Feature",
      "geometry": {
        "type": "Point",
        "coordinates": [
          1.9617087377049196,
          41.263588658379106
        ]
      },
      "properties": {
        "date": "2025-01-09"
      }
    },
    {
      "type": "Feature",
      "geometry": {
        "type": "Point",
        "coordinates": [
          1.9617318112021873,
          41.263588658379106
        ]
      },
      "properties": {
        "date": "2025-01-09"
      }
    },
    {
      "type": "Feature",
      "geometry": {
        "type": "Point",
        "coordinates": [
          1.9617548846994552,
          41.263588658379106
        ]
      },
      "properties": {
        "date": "2025-01-09"
      }
    },
    {
      "type": "Feature",
      "geometry": {
        "type": "Point",
        "coordinates": [
          1.961777958196723,
          41.263588658379106
        ]
      },
      "properties": {
        "date": "2025-01-09"
      }
    },
    {
      "type": "Feature",
      "geometry": {
        "type": "Point",
        "coordinates": [
          1.9618010316939907,
          41.263588658379106
        ]
      },
      "properties": {
        "date": "2025-01-09"
      }
    },
    {
      "type": "Feature",
      "geometry": {
        "type": "Point",
        "coordinates": [
          1.9618241051912584,
          41.263588658379106
        ]
      },
      "properties": {
        "date": "2025-01-09"
      }
    },
    {
      "type": "Feature",
      "geometry": {
        "type": "Point",
        "coordinates": [
          1.9618471786885263,
          41.263588658379106
        ]
      },
      "properties": {
        "date": "2025-01-09"
      }
    },
    {
      "type": "Feature",
      "geometry": {
        "type": "Point",
        "coordinates": [
          1.961870252185794,
          41.263588658379106
        ]
      },
      "properties": {
        "date": "2025-01-09"
      }
    },
    {
      "type": "Feature",
      "geometry": {
        "type": "Point",
        "coordinates": [
          1.9618933256830617,
          41.263588658379106
        ]
      },
      "properties": {
        "date": "2025-01-09"
      }
    },
    {
      "type": "Feature",
      "geometry": {
        "type": "Point",
        "coordinates": [
          1.9619163991803295,
          41.263588658379106
        ]
      },
      "properties": {
        "date": "2025-01-09"
      }
    },
    {
      "type": "Feature",
      "geometry": {
        "type": "Point",
        "coordinates": [
          1.9619394726775972,
          41.263588658379106
        ]
      },
      "properties": {
        "date": "2025-01-09"
      }
    },
    {
      "type": "Feature",
      "geometry": {
        "type": "Point",
        "coordinates": [
          1.961962546174865,
          41.263588658379106
        ]
      },
      "properties": {
        "date": "2025-01-09"
      }
    },
    {
      "type": "Feature",
      "geometry": {
        "type": "Point",
        "coordinates": [
          1.9619856196721328,
          41.263588658379106
        ]
      },
      "properties": {
        "date": "2025-01-09"
      }
    },
    {
      "type": "Feature",
      "geometry": {
        "type": "Point",
        "coordinates": [
          1.9620086931694005,
          41.263588658379106
        ]
      },
      "properties": {
        "date": "2025-01-09"
      }
    },
    {
      "type": "Feature",
      "geometry": {
        "type": "Point",
        "coordinates": [
          1.9620317666666682,
          41.263588658379106
        ]
      },
      "properties": {
        "date": "2025-01-09"
      }
    },
    {
      "type": "Feature",
      "geometry": {
        "type": "Point",
        "coordinates": [
          1.962054840163936,
          41.263588658379106
        ]
      },
      "properties": {
        "date": "2025-01-09"
      }
    },
    {
      "type": "Feature",
      "geometry": {
        "type": "Point",
        "coordinates": [
          1.9620779136612039,
          41.263588658379106
        ]
      },
      "properties": {
        "date": "2025-01-09"
      }
    },
    {
      "type": "Feature",
      "geometry": {
        "type": "Point",
        "coordinates": [
          1.9641314549180344,
          41.263588658379106
        ]
      },
      "properties": {
        "date": "2025-01-09"
      }
    },
    {
      "type": "Feature",
      "geometry": {
        "type": "Point",
        "coordinates": [
          1.9641545284153021,
          41.263588658379106
        ]
      },
      "properties": {
        "date": "2025-01-09"
      }
    },
    {
      "type": "Feature",
      "geometry": {
        "type": "Point",
        "coordinates": [
          1.9641776019125698,
          41.263588658379106
        ]
      },
      "properties": {
        "date": "2025-01-09"
      }
    },
    {
      "type": "Feature",
      "geometry": {
        "type": "Point",
        "coordinates": [
          1.9642006754098378,
          41.263588658379106
        ]
      },
      "properties": {
        "date": "2025-01-09"
      }
    },
    {
      "type": "Feature",
      "geometry": {
        "type": "Point",
        "coordinates": [
          1.9642237489071055,
          41.263588658379106
        ]
      },
      "properties": {
        "date": "2025-01-09"
      }
    },
    {
      "type": "Feature",
      "geometry": {
        "type": "Point",
        "coordinates": [
          1.9642468224043732,
          41.263588658379106
        ]
      },
      "properties": {
        "date": "2025-01-09"
      }
    },
    {
      "type": "Feature",
      "geometry": {
        "type": "Point",
        "coordinates": [
          1.964269895901641,
          41.263588658379106
        ]
      },
      "properties": {
        "date": "2025-01-09"
      }
    },
    {
      "type": "Feature",
      "geometry": {
        "type": "Point",
        "coordinates": [
          1.9642929693989086,
          41.263588658379106
        ]
      },
      "properties": {
        "date": "2025-01-09"
      }
    },
    {
      "type": "Feature",
      "geometry": {
        "type": "Point",
        "coordinates": [
          1.9643160428961766,
          41.263588658379106
        ]
      },
      "properties": {
        "date": "2025-01-09"
      }
    },
    {
      "type": "Feature",
      "geometry": {
        "type": "Point",
        "coordinates": [
          1.9643391163934443,
          41.263588658379106
        ]
      },
      "properties": {
        "date": "2025-01-09"
      }
    },
    {
      "type": "Feature",
      "geometry": {
        "type": "Point",
        "coordinates": [
          1.964362189890712,
          41.263588658379106
        ]
      },
      "properties": {
        "date": "2025-01-09"
      }
    },
    {
      "type": "Feature",
      "geometry": {
        "type": "Point",
        "coordinates": [
          1.9679616554644825,
          41.263588658379106
        ]
      },
      "properties": {
        "date": "2025-01-09"
      }
    },
    {
      "type": "Feature",
      "geometry": {
        "type": "Point",
        "coordinates": [
          1.9680539494535536,
          41.263588658379106
        ]
      },
      "properties": {
        "date": "2025-01-09"
      }
    },
    {
      "type": "Feature",
      "geometry": {
        "type": "Point",
        "coordinates": [
          1.9463648620218597,
          41.26352875337
        ]
      },
      "properties": {
        "date": "2025-01-09"
      }
    },
    {
      "type": "Feature",
      "geometry": {
        "type": "Point",
        "coordinates": [
          1.9463879355191274,
          41.26352875337
        ]
      },
      "properties": {
        "date": "2025-01-09"
      }
    },
    {
      "type": "Feature",
      "geometry": {
        "type": "Point",
        "coordinates": [
          1.946411009016395,
          41.26352875337
        ]
      },
      "properties": {
        "date": "2025-01-09"
      }
    },
    {
      "type": "Feature",
      "geometry": {
        "type": "Point",
        "coordinates": [
          1.946434082513663,
          41.26352875337
        ]
      },
      "properties": {
        "date": "2025-01-09"
      }
    },
    {
      "type": "Feature",
      "geometry": {
        "type": "Point",
        "coordinates": [
          1.9464571560109307,
          41.26352875337
        ]
      },
      "properties": {
        "date": "2025-01-09"
      }
    },
    {
      "type": "Feature",
      "geometry": {
        "type": "Point",
        "coordinates": [
          1.9464802295081984,
          41.26352875337
        ]
      },
      "properties": {
        "date": "2025-01-09"
      }
    },
    {
      "type": "Feature",
      "geometry": {
        "type": "Point",
        "coordinates": [
          1.9465033030054661,
          41.26352875337
        ]
      },
      "properties": {
        "date": "2025-01-09"
      }
    },
    {
      "type": "Feature",
      "geometry": {
        "type": "Point",
        "coordinates": [
          1.9465263765027339,
          41.26352875337
        ]
      },
      "properties": {
        "date": "2025-01-09"
      }
    },
    {
      "type": "Feature",
      "geometry": {
        "type": "Point",
        "coordinates": [
          1.9465494500000018,
          41.26352875337
        ]
      },
      "properties": {
        "date": "2025-01-09"
      }
    },
    {
      "type": "Feature",
      "geometry": {
        "type": "Point",
        "coordinates": [
          1.9465725234972695,
          41.26352875337
        ]
      },
      "properties": {
        "date": "2025-01-09"
      }
    },
    {
      "type": "Feature",
      "geometry": {
        "type": "Point",
        "coordinates": [
          1.946710964480876,
          41.26352875337
        ]
      },
      "properties": {
        "date": "2025-01-09"
      }
    },
    {
      "type": "Feature",
      "geometry": {
        "type": "Point",
        "coordinates": [
          1.9467340379781437,
          41.26352875337
        ]
      },
      "properties": {
        "date": "2025-01-09"
      }
    },
    {
      "type": "Feature",
      "geometry": {
        "type": "Point",
        "coordinates": [
          1.9467571114754116,
          41.26352875337
        ]
      },
      "properties": {
        "date": "2025-01-09"
      }
    },
    {
      "type": "Feature",
      "geometry": {
        "type": "Point",
        "coordinates": [
          1.9467801849726794,
          41.26352875337
        ]
      },
      "properties": {
        "date": "2025-01-09"
      }
    },
    {
      "type": "Feature",
      "geometry": {
        "type": "Point",
        "coordinates": [
          1.946803258469947,
          41.26352875337
        ]
      },
      "properties": {
        "date": "2025-01-09"
      }
    },
    {
      "type": "Feature",
      "geometry": {
        "type": "Point",
        "coordinates": [
          1.9468263319672148,
          41.26352875337
        ]
      },
      "properties": {
        "date": "2025-01-09"
      }
    },
    {
      "type": "Feature",
      "geometry": {
        "type": "Point",
        "coordinates": [
          1.9468494054644825,
          41.26352875337
        ]
      },
      "properties": {
        "date": "2025-01-09"
      }
    },
    {
      "type": "Feature",
      "geometry": {
        "type": "Point",
        "coordinates": [
          1.9468724789617504,
          41.26352875337
        ]
      },
      "properties": {
        "date": "2025-01-09"
      }
    },
    {
      "type": "Feature",
      "geometry": {
        "type": "Point",
        "coordinates": [
          1.9468955524590181,
          41.26352875337
        ]
      },
      "properties": {
        "date": "2025-01-09"
      }
    },
    {
      "type": "Feature",
      "geometry": {
        "type": "Point",
        "coordinates": [
          1.9469186259562858,
          41.26352875337
        ]
      },
      "properties": {
        "date": "2025-01-09"
      }
    },
    {
      "type": "Feature",
      "geometry": {
        "type": "Point",
        "coordinates": [
          1.9479107863387994,
          41.26352875337
        ]
      },
      "properties": {
        "date": "2025-01-09"
      }
    },
    {
      "type": "Feature",
      "geometry": {
        "type": "Point",
        "coordinates": [
          1.9479338598360674,
          41.26352875337
        ]
      },
      "properties": {
        "date": "2025-01-09"
      }
    },
    {
      "type": "Feature",
      "geometry": {
        "type": "Point",
        "coordinates": [
          1.947956933333335,
          41.26352875337
        ]
      },
      "properties": {
        "date": "2025-01-09"
      }
    },
    {
      "type": "Feature",
      "geometry": {
        "type": "Point",
        "coordinates": [
          1.9479800068306028,
          41.26352875337
        ]
      },
      "properties": {
        "date": "2025-01-09"
      }
    },
    {
      "type": "Feature",
      "geometry": {
        "type": "Point",
        "coordinates": [
          1.9480030803278705,
          41.26352875337
        ]
      },
      "properties": {
        "date": "2025-01-09"
      }
    },
    {
      "type": "Feature",
      "geometry": {
        "type": "Point",
        "coordinates": [
          1.9480261538251382,
          41.26352875337
        ]
      },
      "properties": {
        "date": "2025-01-09"
      }
    },
    {
      "type": "Feature",
      "geometry": {
        "type": "Point",
        "coordinates": [
          1.9480492273224062,
          41.26352875337
        ]
      },
      "properties": {
        "date": "2025-01-09"
      }
    },
    {
      "type": "Feature",
      "geometry": {
        "type": "Point",
        "coordinates": [
          1.9480723008196739,
          41.26352875337
        ]
      },
      "properties": {
        "date": "2025-01-09"
      }
    },
    {
      "type": "Feature",
      "geometry": {
        "type": "Point",
        "coordinates": [
          1.9480953743169416,
          41.26352875337
        ]
      },
      "properties": {
        "date": "2025-01-09"
      }
    },
    {
      "type": "Feature",
      "geometry": {
        "type": "Point",
        "coordinates": [
          1.9481184478142093,
          41.26352875337
        ]
      },
      "properties": {
        "date": "2025-01-09"
      }
    },
    {
      "type": "Feature",
      "geometry": {
        "type": "Point",
        "coordinates": [
          1.9483953297814225,
          41.26352875337
        ]
      },
      "properties": {
        "date": "2025-01-09"
      }
    },
    {
      "type": "Feature",
      "geometry": {
        "type": "Point",
        "coordinates": [
          1.9484184032786902,
          41.26352875337
        ]
      },
      "properties": {
        "date": "2025-01-09"
      }
    },
    {
      "type": "Feature",
      "geometry": {
        "type": "Point",
        "coordinates": [
          1.948441476775958,
          41.26352875337
        ]
      },
      "properties": {
        "date": "2025-01-09"
      }
    },
    {
      "type": "Feature",
      "geometry": {
        "type": "Point",
        "coordinates": [
          1.9484645502732258,
          41.26352875337
        ]
      },
      "properties": {
        "date": "2025-01-09"
      }
    },
    {
      "type": "Feature",
      "geometry": {
        "type": "Point",
        "coordinates": [
          1.9484876237704936,
          41.26352875337
        ]
      },
      "properties": {
        "date": "2025-01-09"
      }
    },
    {
      "type": "Feature",
      "geometry": {
        "type": "Point",
        "coordinates": [
          1.9485106972677613,
          41.26352875337
        ]
      },
      "properties": {
        "date": "2025-01-09"
      }
    },
    {
      "type": "Feature",
      "geometry": {
        "type": "Point",
        "coordinates": [
          1.948533770765029,
          41.26352875337
        ]
      },
      "properties": {
        "date": "2025-01-09"
      }
    },
    {
      "type": "Feature",
      "geometry": {
        "type": "Point",
        "coordinates": [
          1.9485568442622967,
          41.26352875337
        ]
      },
      "properties": {
        "date": "2025-01-09"
      }
    },
    {
      "type": "Feature",
      "geometry": {
        "type": "Point",
        "coordinates": [
          1.9485799177595646,
          41.26352875337
        ]
      },
      "properties": {
        "date": "2025-01-09"
      }
    },
    {
      "type": "Feature",
      "geometry": {
        "type": "Point",
        "coordinates": [
          1.9486029912568323,
          41.26352875337
        ]
      },
      "properties": {
        "date": "2025-01-09"
      }
    },
    {
      "type": "Feature",
      "geometry": {
        "type": "Point",
        "coordinates": [
          1.9486260647541,
          41.26352875337
        ]
      },
      "properties": {
        "date": "2025-01-09"
      }
    },
    {
      "type": "Feature",
      "geometry": {
        "type": "Point",
        "coordinates": [
          1.9486491382513678,
          41.26352875337
        ]
      },
      "properties": {
        "date": "2025-01-09"
      }
    },
    {
      "type": "Feature",
      "geometry": {
        "type": "Point",
        "coordinates": [
          1.9486722117486355,
          41.26352875337
        ]
      },
      "properties": {
        "date": "2025-01-09"
      }
    },
    {
      "type": "Feature",
      "geometry": {
        "type": "Point",
        "coordinates": [
          1.9486952852459034,
          41.26352875337
        ]
      },
      "properties": {
        "date": "2025-01-09"
      }
    },
    {
      "type": "Feature",
      "geometry": {
        "type": "Point",
        "coordinates": [
          1.9487183587431711,
          41.26352875337
        ]
      },
      "properties": {
        "date": "2025-01-09"
      }
    },
    {
      "type": "Feature",
      "geometry": {
        "type": "Point",
        "coordinates": [
          1.9553173789617504,
          41.26352875337
        ]
      },
      "properties": {
        "date": "2025-01-09"
      }
    },
    {
      "type": "Feature",
      "geometry": {
        "type": "Point",
        "coordinates": [
          1.955340452459018,
          41.26352875337
        ]
      },
      "properties": {
        "date": "2025-01-09"
      }
    },
    {
      "type": "Feature",
      "geometry": {
        "type": "Point",
        "coordinates": [
          1.9553635259562858,
          41.26352875337
        ]
      },
      "properties": {
        "date": "2025-01-09"
      }
    },
    {
      "type": "Feature",
      "geometry": {
        "type": "Point",
        "coordinates": [
          1.9553865994535535,
          41.26352875337
        ]
      },
      "properties": {
        "date": "2025-01-09"
      }
    },
    {
      "type": "Feature",
      "geometry": {
        "type": "Point",
        "coordinates": [
          1.9554096729508212,
          41.26352875337
        ]
      },
      "properties": {
        "date": "2025-01-09"
      }
    },
    {
      "type": "Feature",
      "geometry": {
        "type": "Point",
        "coordinates": [
          1.9557788489071055,
          41.26352875337
        ]
      },
      "properties": {
        "date": "2025-01-09"
      }
    },
    {
      "type": "Feature",
      "geometry": {
        "type": "Point",
        "coordinates": [
          1.9570709647541,
          41.26352875337
        ]
      },
      "properties": {
        "date": "2025-01-09"
      }
    },
    {
      "type": "Feature",
      "geometry": {
        "type": "Point",
        "coordinates": [
          1.9570940382513677,
          41.26352875337
        ]
      },
      "properties": {
        "date": "2025-01-09"
      }
    },
    {
      "type": "Feature",
      "geometry": {
        "type": "Point",
        "coordinates": [
          1.9571171117486355,
          41.26352875337
        ]
      },
      "properties": {
        "date": "2025-01-09"
      }
    },
    {
      "type": "Feature",
      "geometry": {
        "type": "Point",
        "coordinates": [
          1.9571401852459034,
          41.26352875337
        ]
      },
      "properties": {
        "date": "2025-01-09"
      }
    },
    {
      "type": "Feature",
      "geometry": {
        "type": "Point",
        "coordinates": [
          1.957163258743171,
          41.26352875337
        ]
      },
      "properties": {
        "date": "2025-01-09"
      }
    },
    {
      "type": "Feature",
      "geometry": {
        "type": "Point",
        "coordinates": [
          1.9571863322404388,
          41.26352875337
        ]
      },
      "properties": {
        "date": "2025-01-09"
      }
    },
    {
      "type": "Feature",
      "geometry": {
        "type": "Point",
        "coordinates": [
          1.9572094057377065,
          41.26352875337
        ]
      },
      "properties": {
        "date": "2025-01-09"
      }
    },
    {
      "type": "Feature",
      "geometry": {
        "type": "Point",
        "coordinates": [
          1.9572324792349742,
          41.26352875337
        ]
      },
      "properties": {
        "date": "2025-01-09"
      }
    },
    {
      "type": "Feature",
      "geometry": {
        "type": "Point",
        "coordinates": [
          1.9572555527322422,
          41.26352875337
        ]
      },
      "properties": {
        "date": "2025-01-09"
      }
    },
    {
      "type": "Feature",
      "geometry": {
        "type": "Point",
        "coordinates": [
          1.9572786262295099,
          41.26352875337
        ]
      },
      "properties": {
        "date": "2025-01-09"
      }
    },
    {
      "type": "Feature",
      "geometry": {
        "type": "Point",
        "coordinates": [
          1.9573016997267776,
          41.26352875337
        ]
      },
      "properties": {
        "date": "2025-01-09"
      }
    },
    {
      "type": "Feature",
      "geometry": {
        "type": "Point",
        "coordinates": [
          1.9573247732240453,
          41.26352875337
        ]
      },
      "properties": {
        "date": "2025-01-09"
      }
    },
    {
      "type": "Feature",
      "geometry": {
        "type": "Point",
        "coordinates": [
          1.9573478467213132,
          41.26352875337
        ]
      },
      "properties": {
        "date": "2025-01-09"
      }
    },
    {
      "type": "Feature",
      "geometry": {
        "type": "Point",
        "coordinates": [
          1.957370920218581,
          41.26352875337
        ]
      },
      "properties": {
        "date": "2025-01-09"
      }
    },
    {
      "type": "Feature",
      "geometry": {
        "type": "Point",
        "coordinates": [
          1.9573939937158487,
          41.26352875337
        ]
      },
      "properties": {
        "date": "2025-01-09"
      }
    },
    {
      "type": "Feature",
      "geometry": {
        "type": "Point",
        "coordinates": [
          1.9574170672131164,
          41.26352875337
        ]
      },
      "properties": {
        "date": "2025-01-09"
      }
    },
    {
      "type": "Feature",
      "geometry": {
        "type": "Point",
        "coordinates": [
          1.957440140710384,
          41.26352875337
        ]
      },
      "properties": {
        "date": "2025-01-09"
      }
    },
    {
      "type": "Feature",
      "geometry": {
        "type": "Point",
        "coordinates": [
          1.9578093166666684,
          41.26352875337
        ]
      },
      "properties": {
        "date": "2025-01-09"
      }
    },
    {
      "type": "Feature",
      "geometry": {
        "type": "Point",
        "coordinates": [
          1.9613626352459033,
          41.26352875337
        ]
      },
      "properties": {
        "date": "2025-01-09"
      }
    },
    {
      "type": "Feature",
      "geometry": {
        "type": "Point",
        "coordinates": [
          1.9616395172131165,
          41.26352875337
        ]
      },
      "properties": {
        "date": "2025-01-09"
      }
    },
    {
      "type": "Feature",
      "geometry": {
        "type": "Point",
        "coordinates": [
          1.9620779136612039,
          41.26352875337
        ]
      },
      "properties": {
        "date": "2025-01-09"
      }
    },
    {
      "type": "Feature",
      "geometry": {
        "type": "Point",
        "coordinates": [
          1.9621009871584716,
          41.26352875337
        ]
      },
      "properties": {
        "date": "2025-01-09"
      }
    },
    {
      "type": "Feature",
      "geometry": {
        "type": "Point",
        "coordinates": [
          1.9621240606557393,
          41.26352875337
        ]
      },
      "properties": {
        "date": "2025-01-09"
      }
    },
    {
      "type": "Feature",
      "geometry": {
        "type": "Point",
        "coordinates": [
          1.962147134153007,
          41.26352875337
        ]
      },
      "properties": {
        "date": "2025-01-09"
      }
    },
    {
      "type": "Feature",
      "geometry": {
        "type": "Point",
        "coordinates": [
          1.962170207650275,
          41.26352875337
        ]
      },
      "properties": {
        "date": "2025-01-09"
      }
    },
    {
      "type": "Feature",
      "geometry": {
        "type": "Point",
        "coordinates": [
          1.9621932811475427,
          41.26352875337
        ]
      },
      "properties": {
        "date": "2025-01-09"
      }
    },
    {
      "type": "Feature",
      "geometry": {
        "type": "Point",
        "coordinates": [
          1.9622163546448104,
          41.26352875337
        ]
      },
      "properties": {
        "date": "2025-01-09"
      }
    },
    {
      "type": "Feature",
      "geometry": {
        "type": "Point",
        "coordinates": [
          1.9623547956284169,
          41.26352875337
        ]
      },
      "properties": {
        "date": "2025-01-09"
      }
    },
    {
      "type": "Feature",
      "geometry": {
        "type": "Point",
        "coordinates": [
          1.9623778691256848,
          41.26352875337
        ]
      },
      "properties": {
        "date": "2025-01-09"
      }
    },
    {
      "type": "Feature",
      "geometry": {
        "type": "Point",
        "coordinates": [
          1.9624009426229525,
          41.26352875337
        ]
      },
      "properties": {
        "date": "2025-01-09"
      }
    },
    {
      "type": "Feature",
      "geometry": {
        "type": "Point",
        "coordinates": [
          1.9624240161202202,
          41.26352875337
        ]
      },
      "properties": {
        "date": "2025-01-09"
      }
    },
    {
      "type": "Feature",
      "geometry": {
        "type": "Point",
        "coordinates": [
          1.962447089617488,
          41.26352875337
        ]
      },
      "properties": {
        "date": "2025-01-09"
      }
    },
    {
      "type": "Feature",
      "geometry": {
        "type": "Point",
        "coordinates": [
          1.9624701631147556,
          41.26352875337
        ]
      },
      "properties": {
        "date": "2025-01-09"
      }
    },
    {
      "type": "Feature",
      "geometry": {
        "type": "Point",
        "coordinates": [
          1.9624932366120236,
          41.26352875337
        ]
      },
      "properties": {
        "date": "2025-01-09"
      }
    },
    {
      "type": "Feature",
      "geometry": {
        "type": "Point",
        "coordinates": [
          1.9625163101092913,
          41.26352875337
        ]
      },
      "properties": {
        "date": "2025-01-09"
      }
    },
    {
      "type": "Feature",
      "geometry": {
        "type": "Point",
        "coordinates": [
          1.962539383606559,
          41.26352875337
        ]
      },
      "properties": {
        "date": "2025-01-09"
      }
    },
    {
      "type": "Feature",
      "geometry": {
        "type": "Point",
        "coordinates": [
          1.9625624571038267,
          41.26352875337
        ]
      },
      "properties": {
        "date": "2025-01-09"
      }
    },
    {
      "type": "Feature",
      "geometry": {
        "type": "Point",
        "coordinates": [
          1.9679616554644825,
          41.26352875337
        ]
      },
      "properties": {
        "date": "2025-01-09"
      }
    },
    {
      "type": "Feature",
      "geometry": {
        "type": "Point",
        "coordinates": [
          1.9679847289617503,
          41.26352875337
        ]
      },
      "properties": {
        "date": "2025-01-09"
      }
    },
    {
      "type": "Feature",
      "geometry": {
        "type": "Point",
        "coordinates": [
          1.968007802459018,
          41.26352875337
        ]
      },
      "properties": {
        "date": "2025-01-09"
      }
    },
    {
      "type": "Feature",
      "geometry": {
        "type": "Point",
        "coordinates": [
          1.9680308759562857,
          41.26352875337
        ]
      },
      "properties": {
        "date": "2025-01-09"
      }
    },
    {
      "type": "Feature",
      "geometry": {
        "type": "Point",
        "coordinates": [
          1.9680539494535536,
          41.26352875337
        ]
      },
      "properties": {
        "date": "2025-01-09"
      }
    },
    {
      "type": "Feature",
      "geometry": {
        "type": "Polygon",
        "coordinates": [
          [
            [
              1.9462356856159317,
              41.264465013042155
            ],
            [
              1.9462356856159317,
              41.26341613943984
            ],
            [
              2.0028501773516894,
              41.26341613943984
            ],
            [
              2.0028501773516894,
              41.264465013042155
            ],
            [
              1.9462356856159317,
              41.264465013042155
            ]
          ]
        ]
      },
      "properties": {
        "name": "AOI"
      }
    }
  ]
}