41.264367423497504,2.0016028144808757,2025-04-23
41.264367423497504,2.0016258879781437,2025-04-23
41.264367423497504,2.001648961475411,2025-04-23
41.264367423497504,2.001672034972679,2025-04-23
41.264367423497504,2.0016951084699466,2025-04-23
41.264367423497504,2.0017181819672145,2025-04-23
41.264367423497504,2.0017412554644824,2025-04-23
41.264367423497504,2.00176432896175,2025-04-23
41.264367423497504,2.001787402459018,2025-04-23
41.264367423497504,2.0018104759562854,2025-04-23
41.264367423497504,2.0018335494535533,2025-04-23
41.264367423497504,2.0018566229508212,2025-04-23
41.264367423497504,2.0018796964480887,2025-04-23
41.264367423497504,2.0019027699453567,2025-04-23
41.264367423497504,2.001925843442624,2025-04-23
41.264367423497504,2.001948916939892,2025-04-23
41.264367423497504,2.00197199043716,2025-04-23
41.264367423497504,2.0019950639344275,2025-04-23
41.264367423497504,2.0020181374316954,2025-04-23
41.264367423497504,2.0020412109289634,2025-04-23
41.264367423497504,2.002064284426231,2025-04-23
41.264367423497504,2.002087357923499,2025-04-23
41.264367423497504,2.0021104314207663,2025-04-23
41.264367423497504,2.002133504918034,2025-04-23
41.264367423497504,2.002156578415302,2025-04-23
41.264367423497504,2.0021796519125696,2025-04-23
41.264307518488394,1.9621009871584716,2025-04-23
41.264307518488394,1.9621240606557393,2025-04-23
41.264307518488394,1.962147134153007,2025-04-23
41.264307518488394,1.962170207650275,2025-04-23
41.264307518488394,1.9621932811475427,2025-04-23
41.264307518488394,1.9982802308743184,2025-04-23
41.264307518488394,1.998303304371586,2025-04-23
41.264307518488394,1.9983263778688538,2025-04-23
41.264307518488394,1.9983494513661217,2025-04-23
41.264307518488394,1.9983725248633895,2025-04-23
41.264307518488394,1.9983955983606572,2025-04-23
41.264307518488394,1.9984186718579249,2025-04-23
41.264307518488394,1.9984417453551926,2025-04-23
41.264307518488394,1.9984648188524605,2025-04-23
41.264307518488394,1.9984878923497282,2025-04-23
41.264307518488394,1.998510965846996,2025-04-23
41.264307518488394,1.9985340393442637,2025-04-23
41.264307518488394,1.9985571128415316,2025-04-23
41.264307518488394,1.9985801863387993,2025-04-23
41.264307518488394,1.998603259836067,2025-04-23
41.264307518488394,1.9986263333333347,2025-04-23
41.264307518488394,1.9986494068306024,2025-04-23
41.264307518488394,1.9986724803278704,2025-04-23
41.264307518488394,1.998695553825138,2025-04-23
41.264307518488394,1.9987186273224058,2025-04-23
41.264307518488394,1.9987417008196735,2025-04-23
41.264307518488394,1.9987647743169412,2025-04-23
41.264307518488394,1.9987878478142092,2025-04-23
41.264307518488394,1.9988109213114769,2025-04-23
41.264307518488394,1.9988339948087446,2025-04-23
41.264307518488394,1.9988570683060123,2025-04-23
41.264307518488394,1.9988801418032802,2025-04-23
41.264307518488394,1.998903215300548,2025-04-23
41.264307518488394,1.9989262887978156,2025-04-23
41.264307518488394,1.9989493622950834,2025-04-23
41.264307518488394,1.998972435792351,2025-04-23
41.264307518488394,1.998995509289619,2025-04-23
41.264307518488394,1.9990185827868867,2025-04-23
41.264307518488394,1.9990416562841544,2025-04-23
41.264307518488394,1.9990647297814221,2025-04-23
41.264307518488394,1.9990878032786898,2025-04-23
41.264307518488394,1.9992262442622966,2025-04-23
41.264307518488394,1.9992493177595643,2025-04-23
41.264307518488394,1.999272391256832,2025-04-23
41.264307518488394,1.9992954647540997,2025-04-23
41.264307518488394,1.9993185382513676,2025-04-23
41.264307518488394,1.9993416117486353,2025-04-23
41.264307518488394,1.999364685245903,2025-04-23
41.264307518488394,1.9993877587431708,2025-04-23
41.264307518488394,1.9994108322404385,2025-04-23
41.264307518488394,1.9994339057377064,2025-04-23
41.264247613479284,1.9982802308743184,2025-04-23
41.264247613479284,1.998303304371586,2025-04-23
41.264247613479284,1.9983263778688538,2025-04-23
41.264247613479284,1.9983494513661217,2025-04-23
41.264247613479284,1.9983725248633895,2025-04-23
41.264247613479284,1.9983955983606572,2025-04-23
41.264247613479284,1.9984186718579249,2025-04-23
41.264247613479284,1.9984417453551926,2025-04-23
41.264247613479284,1.9984648188524605,2025-04-23
41.264247613479284,1.9984878923497282,2025-04-23
41.264247613479284,1.998510965846996,2025-04-23
41.264247613479284,1.9985340393442637,2025-04-23
41.264247613479284,1.9985571128415316,2025-04-23
41.264247613479284,1.9985801863387993,2025-04-23
41.264247613479284,1.998603259836067,2025-04-23
41.264247613479284,1.9986263333333347,2025-04-23
41.264247613479284,1.9986494068306024,2025-04-23
41.264247613479284,1.9986724803278704,2025-04-23
41.264247613479284,1.998695553825138,2025-04-23
41.264247613479284,1.9987186273224058,2025-04-23
41.264247613479284,1.9987417008196735,2025-04-23
41.264247613479284,1.9987647743169412,2025-04-23
41.264247613479284,1.9987878478142092,2025-04-23
41.264247613479284,1.9988109213114769,2025-04-23
41.264247613479284,1.9988339948087446,2025-04-23
41.264247613479284,1.9988570683060123,2025-04-23
41.264247613479284,1.9988801418032802,2025-04-23
41.264247613479284,1.998903215300548,2025-04-23
41.264247613479284,1.9989262887978156,2025-04-23
41.264247613479284,1.9989493622950834,2025-04-23
41.264247613479284,1.998972435792351,2025-04-23
41.264247613479284,1.998995509289619,2025-04-23
41.264247613479284,1.9990185827868867,2025-04-23
41.264247613479284,1.9990416562841544,2025-04-23
41.264247613479284,1.9990647297814221,2025-04-23
41.264247613479284,1.9990878032786898,2025-04-23
41.264247613479284,1.9992262442622966,2025-04-23
41.264247613479284,1.9992493177595643,2025-04-23
41.264247613479284,1.999272391256832,2025-04-23
41.264247613479284,1.9992954647540997,2025-04-23
41.264247613479284,1.9993185382513676,2025-04-23
41.264247613479284,1.9993416117486353,2025-04-23
41.264247613479284,1.999364685245903,2025-04-23
41.264247613479284,1.9993877587431708,2025-04-23
41.264247613479284,1.9994108322404385,2025-04-23
41.264247613479284,1.9994339057377064,2025-04-23
41.26418770847018,1.9947038387978155,2025-04-23
41.26418770847018,1.9947269122950835,2025-04-23
41.26418770847018,1.9947499857923512,2025-04-23
41.26418770847018,1.994773059289619,2025-04-23
41.26418770847018,1.9947961327868866,2025-04-23
41.26418770847018,1.9948192062841545,2025-04-23
41.26418770847018,1.9948422797814223,2025-04-23
41.26418770847018,1.99486535327869,2025-04-23
41.26418770847018,1.9948884267759577,2025-04-23
41.26418770847018,1.9949115002732254,2025-04-23
41.26418770847018,1.9949345737704933,2025-04-23
41.26418770847018,1.994957647267761,2025-04-23
41.26418770847018,1.9949807207650287,2025-04-23
41.26418770847018,1.9950037942622965,2025-04-23
41.26418770847018,1.9950268677595644,2025-04-23
41.26418770847018,1.995049941256832,2025-04-23
41.26418770847018,1.9950730147540998,2025-04-23
41.26418770847018,1.9950960882513675,2025-04-23
41.26418770847018,1.9951191617486352,2025-04-23
41.26418770847018,1.9951422352459032,2025-04-23
41.26418770847018,1.9951653087431709,2025-04-23
41.26418770847018,1.9951883822404386,2025-04-23
41.26418770847018,1.9952114557377063,2025-04-23
41.26418770847018,1.995234529234974,2025-04-23
41.26418770847018,1.995257602732242,2025-04-23
41.26418770847018,1.9952806762295097,2025-04-23
41.26418770847018,1.9953037497267774,2025-04-23
41.26418770847018,1.995326823224045,2025-04-23
41.26418770847018,1.995349896721313,2025-04-23
41.26418770847018,1.9953729702185807,2025-04-23
41.26418770847018,1.9953960437158484,2025-04-23
41.26418770847018,1.9954191172131162,2025-04-23
41.26418770847018,1.9954421907103839,2025-04-23
41.26418770847018,1.9954652642076518,2025-04-23
41.26418770847018,1.9954883377049195,2025-04-23
41.26418770847018,1.9955114112021872,2025-04-23
41.26418770847018,1.995534484699455,2025-04-23
41.26418770847018,1.9955575581967226,2025-04-23
41.26418770847018,1.9955806316939906,2025-04-23
41.26418770847018,1.9956037051912583,2025-04-23
41.26418770847018,1.995626778688526,2025-04-23
41.26418770847018,1.9956498521857937,2025-04-23
41.26418770847018,1.9956729256830616,2025-04-23
41.26418770847018,1.9956959991803294,2025-04-23
41.26418770847018,1.995719072677597,2025-04-23
41.26418770847018,1.9957421461748648,2025-04-23
41.26418770847018,1.9957652196721325,2025-04-23
41.26418770847018,1.9957882931694004,2025-04-23
41.26418770847018,1.9958113666666681,2025-04-23
41.26418770847018,1.9958344401639359,2025-04-23
41.26418770847018,1.9958575136612036,2025-04-23
41.26418770847018,1.9958805871584713,2025-04-23
41.26418770847018,1.9959036606557392,2025-04-23
41.26418770847018,1.995926734153007,2025-04-23
41.26418770847018,1.9959498076502746,2025-04-23
41.26418770847018,1.9959728811475423,2025-04-23
41.26418770847018,1.9959959546448103,2025-04-23
41.26418770847018,1.996019028142078,2025-04-23
41.26418770847018,1.9960421016393457,2025-04-23
41.26418770847018,1.9960651751366134,2025-04-23
41.26418770847018,1.9960882486338811,2025-04-23
41.26418770847018,1.996111322131149,2025-04-23
41.26418770847018,1.9961343956284168,2025-04-23
41.26418770847018,1.9961574691256845,2025-04-23
41.26418770847018,1.9961805426229522,2025-04-23
41.26418770847018,1.9962036161202201,2025-04-23
41.26418770847018,1.9962266896174878,2025-04-23
41.26418770847018,1.9962497631147555,2025-04-23
41.26418770847018,1.9962728366120233,2025-04-23
41.26418770847018,1.996295910109291,2025-04-23
41.26418770847018,1.996318983606559,2025-04-23
41.26418770847018,1.9963420571038266,2025-04-23
41.26418770847018,1.9963651306010943,2025-04-23
41.26418770847018,1.996388204098362,2025-04-23
41.26418770847018,1.9964112775956298,2025-04-23
41.26418770847018,1.9964343510928977,2025-04-23
41.26418770847018,1.9964574245901654,2025-04-23
41.26418770847018,1.996480498087433,2025-04-23
41.26418770847018,1.9965035715847008,2025-04-23
41.26418770847018,1.9965266450819688,2025-04-23
41.26418770847018,1.9965497185792365,2025-04-23
41.26418770847018,1.9965727920765042,2025-04-23
41.26418770847018,1.9965958655737719,2025-04-23
41.26418770847018,1.9966189390710396,2025-04-23
41.26418770847018,1.9966420125683075,2025-04-23
41.26418770847018,1.9966650860655752,2025-04-23
41.26418770847018,1.996688159562843,2025-04-23
41.26418770847018,1.9967112330601107,2025-04-23
41.26418770847018,1.9967343065573784,2025-04-23
41.26418770847018,1.9967573800546463,2025-04-23
41.26418770847018,1.996780453551914,2025-04-23
41.26418770847018,1.9968035270491817,2025-04-23
41.26418770847018,1.9968266005464494,2025-04-23
41.26418770847018,1.9968496740437174,2025-04-23
41.26418770847018,1.996872747540985,2025-04-23
41.26418770847018,1.9968958210382528,2025-04-23
41.26418770847018,1.9969188945355205,2025-04-23
41.26418770847018,1.9969419680327882,2025-04-23
41.26418770847018,1.9969650415300562,2025-04-23
41.26418770847018,1.9969881150273239,2025-04-23
41.26418770847018,1.9970111885245916,2025-04-23
41.26418770847018,1.9970342620218593,2025-04-23
41.26418770847018,1.997057335519127,2025-04-23
41.26418770847018,1.997080409016395,2025-04-23
41.26418770847018,1.9971034825136627,2025-04-23
41.26418770847018,1.9971265560109304,2025-04-23
41.26418770847018,1.997149629508198,2025-04-23
41.26418770847018,1.997172703005466,2025-04-23
41.26418770847018,1.9971957765027337,2025-04-23
41.26418770847018,1.9972188500000014,2025-04-23
41.26418770847018,1.9972419234972691,2025-04-23
41.26418770847018,1.9972649969945369,2025-04-23
41.26418770847018,1.9972880704918048,2025-04-23
41.26418770847018,1.9973111439890725,2025-04-23
41.26418770847018,1.9973342174863402,2025-04-23
41.26418770847018,1.997357290983608,2025-04-23
41.26418770847018,1.9973803644808759,2025-04-23
41.26418770847018,1.9974034379781436,2025-04-23
41.26418770847018,1.9974265114754113,2025-04-23
41.26418770847018,1.997449584972679,2025-04-23
41.26418770847018,1.9974726584699467,2025-04-23
41.26418770847018,1.9974957319672146,2025-04-23
41.26418770847018,1.9975188054644823,2025-04-23
41.26418770847018,1.99754187896175,2025-04-23
41.26418770847018,1.9975649524590178,2025-04-23
41.26418770847018,1.9975880259562855,2025-04-23
41.26418770847018,1.9976110994535534,2025-04-23
41.26418770847018,1.9976341729508211,2025-04-23
41.26418770847018,1.9976572464480888,2025-04-23
41.26418770847018,1.9976803199453566,2025-04-23
41.26418770847018,1.9977033934426245,2025-04-23
41.26418770847018,1.9977264669398922,2025-04-23
41.26418770847018,1.99774954043716,2025-04-23
41.26418770847018,1.9977726139344276,2025-04-23
41.26418770847018,1.9977956874316953,2025-04-23
41.26418770847018,1.9978187609289633,2025-04-23
41.26418770847018,1.997841834426231,2025-04-23
41.26418770847018,1.9978649079234987,2025-04-23
41.26418770847018,1.9978879814207664,2025-04-23
41.26412780346107,1.992673371038253,2025-04-23
41.26412780346107,1.9926964445355206,2025-04-23
41.26412780346107,1.9927195180327884,2025-04-23
41.26412780346107,1.992742591530056,2025-04-23
41.26412780346107,1.9927656650273238,2025-04-23
41.26412780346107,1.9930194734972693,2025-04-23
41.26412780346107,1.993042546994537,2025-04-23
41.26412780346107,1.9930656204918047,2025-04-23
41.26412780346107,1.9930886939890724,2025-04-23
41.26412780346107,1.9931117674863403,2025-04-23
41.26412780346107,1.993134840983608,2025-04-23
41.26412780346107,1.9931579144808758,2025-04-23
41.26412780346107,1.9931809879781435,2025-04-23
41.26412780346107,1.9932040614754114,2025-04-23
41.26412780346107,1.9932271349726791,2025-04-23
41.26412780346107,1.9932502084699468,2025-04-23
41.26412780346107,1.9932732819672145,2025-04-23
41.26412780346107,1.9932963554644823,2025-04-23
41.26412780346107,1.9933194289617502,2025-04-23
41.26412780346107,1.993342502459018,2025-04-23
41.26412780346107,1.9933655759562856,2025-04-23
41.26412780346107,1.9947038387978155,2025-04-23
41.26412780346107,1.9947269122950835,2025-04-23
41.26412780346107,1.9947499857923512,2025-04-23
41.26412780346107,1.994773059289619,2025-04-23
41.26412780346107,1.9947961327868866,2025-04-23
41.26412780346107,1.9948192062841545,2025-04-23
41.26412780346107,1.9948422797814223,2025-04-23
41.26412780346107,1.99486535327869,2025-04-23
41.26412780346107,1.9948884267759577,2025-04-23
41.26412780346107,1.9949115002732254,2025-04-23
41.26412780346107,1.9949345737704933,2025-04-23
41.26412780346107,1.994957647267761,2025-04-23
41.26412780346107,1.9949807207650287,2025-04-23
41.26412780346107,1.9950037942622965,2025-04-23
41.26412780346107,1.9950268677595644,2025-04-23
41.26412780346107,1.995049941256832,2025-04-23
41.26412780346107,1.9950730147540998,2025-04-23
41.26412780346107,1.9950960882513675,2025-04-23
41.26412780346107,1.9951191617486352,2025-04-23
41.26412780346107,1.9951422352459032,2025-04-23
41.26412780346107,1.9951653087431709,2025-04-23
41.26412780346107,1.9951883822404386,2025-04-23
41.26412780346107,1.9952114557377063,2025-04-23
41.26412780346107,1.995234529234974,2025-04-23
41.26412780346107,1.995257602732242,2025-04-23
41.26412780346107,1.9952806762295097,2025-04-23
41.26412780346107,1.9953037497267774,2025-04-23
41.26412780346107,1.995326823224045,2025-04-23
41.26412780346107,1.995349896721313,2025-04-23
41.26412780346107,1.9953729702185807,2025-04-23
41.26412780346107,1.9953960437158484,2025-04-23
41.26412780346107,1.9954191172131162,2025-04-23
41.26412780346107,1.9954421907103839,2025-04-23
41.26412780346107,1.9954652642076518,2025-04-23
41.26412780346107,1.9954883377049195,2025-04-23
41.26412780346107,1.9955114112021872,2025-04-23
41.26412780346107,1.995534484699455,2025-04-23
41.26412780346107,1.9955575581967226,2025-04-23
41.26412780346107,1.9955806316939906,2025-04-23
41.26412780346107,1.9956037051912583,2025-04-23
41.26412780346107,1.995626778688526,2025-04-23
41.26412780346107,1.9956498521857937,2025-04-23
41.26412780346107,1.9956729256830616,2025-04-23
41.26412780346107,1.9956959991803294,2025-04-23
41.26412780346107,1.995719072677597,2025-04-23
41.26412780346107,1.9957421461748648,2025-04-23
41.26412780346107,1.9957652196721325,2025-04-23
41.26412780346107,1.9957882931694004,2025-04-23
41.26412780346107,1.9958113666666681,2025-04-23
41.26412780346107,1.9958344401639359,2025-04-23
41.26412780346107,1.9958575136612036,2025-04-23
41.26412780346107,1.9958805871584713,2025-04-23
41.26412780346107,1.9959036606557392,2025-04-23
41.26412780346107,1.995926734153007,2025-04-23
41.26412780346107,1.9959498076502746,2025-04-23
41.26412780346107,1.9959728811475423,2025-04-23
41.26412780346107,1.9959959546448103,2025-04-23
41.26412780346107,1.996019028142078,2025-04-23
41.26412780346107,1.9960421016393457,2025-04-23
41.26412780346107,1.9960651751366134,2025-04-23
41.26412780346107,1.9960882486338811,2025-04-23
41.26412780346107,1.996111322131149,2025-04-23
41.26412780346107,1.9961343956284168,2025-04-23
41.26412780346107,1.9961574691256845,2025-04-23
41.26412780346107,1.9961805426229522,2025-04-23
41.26412780346107,1.9962036161202201,2025-04-23
41.26412780346107,1.9962266896174878,2025-04-23
41.26412780346107,1.9962497631147555,2025-04-23
41.26412780346107,1.9962728366120233,2025-04-23
41.26412780346107,1.996295910109291,2025-04-23
41.26412780346107,1.996318983606559,2025-04-23
41.26412780346107,1.9963420571038266,2025-04-23
41.26412780346107,1.9963651306010943,2025-04-23
41.26412780346107,1.996388204098362,2025-04-23
41.26412780346107,1.9964112775956298,2025-04-23
41.26412780346107,1.9964343510928977,2025-04-23
41.26412780346107,1.9964574245901654,2025-04-23
41.26412780346107,1.996480498087433,2025-04-23
41.26412780346107,1.9965035715847008,2025-04-23
41.26412780346107,1.9965266450819688,2025-04-23
41.26412780346107,1.9965497185792365,2025-04-23
41.26412780346107,1.9965727920765042,2025-04-23
41.26412780346107,1.9965958655737719,2025-04-23
41.26412780346107,1.9966189390710396,2025-04-23
41.26412780346107,1.9966420125683075,2025-04-23
41.26412780346107,1.9966650860655752,2025-04-23
41.26412780346107,1.996688159562843,2025-04-23
41.26412780346107,1.9967112330601107,2025-04-23
41.26412780346107,1.9967343065573784,2025-04-23
41.26412780346107,1.9967573800546463,2025-04-23
41.26412780346107,1.996780453551914,2025-04-23
41.26412780346107,1.9968035270491817,2025-04-23
41.26412780346107,1.9968266005464494,2025-04-23
41.26412780346107,1.9968496740437174,2025-04-23
41.26412780346107,1.996872747540985,2025-04-23
41.26412780346107,1.9968958210382528,2025-04-23
41.26412780346107,1.9969188945355205,2025-04-23
41.26412780346107,1.9969419680327882,2025-04-23
41.26412780346107,1.9969650415300562,2025-04-23
41.26412780346107,1.9969881150273239,2025-04-23
41.26412780346107,1.9970111885245916,2025-04-23
41.26412780346107,1.9970342620218593,2025-04-23
41.26412780346107,1.997057335519127,2025-04-23
41.26412780346107,1.997080409016395,2025-04-23
41.26412780346107,1.9971034825136627,2025-04-23
41.26412780346107,1.9971265560109304,2025-04-23
41.26406789845196,1.9710535040983623,2025-04-23
41.26406789845196,1.97107657759563,2025-04-23
41.26406789845196,1.9710996510928978,2025-04-23
41.26406789845196,1.9711227245901655,2025-04-23
41.26406789845196,1.9711457980874332,2025-04-23
41.26406789845196,1.9800752415300562,2025-04-23
41.26406789845196,1.980098315027324,2025-04-23
41.26406789845196,1.9801213885245916,2025-04-23
41.26406789845196,1.9801444620218593,2025-04-23
41.26406789845196,1.9801675355191273,2025-04-23
41.26406789845196,1.980190609016395,2025-04-23
41.26406789845196,1.9802136825136627,2025-04-23
41.26406789845196,1.9802367560109304,2025-04-23
41.26406789845196,1.9802598295081983,2025-04-23
41.26406789845196,1.980282903005466,2025-04-23
41.26406789845196,1.9803059765027338,2025-04-23
41.26406789845196,1.9803290500000015,2025-04-23
41.26406789845196,1.9803521234972692,2025-04-23
41.26406789845196,1.9803751969945371,2025-04-23
41.26406789845196,1.9803982704918048,2025-04-23
41.26406789845196,1.9804213439890725,2025-04-23
41.26406789845196,1.9804444174863403,2025-04-23
41.26406789845196,1.980467490983608,2025-04-23
41.26406789845196,1.9808366669398922,2025-04-23
41.26406789845196,1.98085974043716,2025-04-23
41.26406789845196,1.9808828139344277,2025-04-23
41.26406789845196,1.9809058874316956,2025-04-23
41.26406789845196,1.9809289609289633,2025-04-23
41.26406789845196,1.980952034426231,2025-04-23
41.26406789845196,1.9902968008196735,2025-04-23
41.26406789845196,1.9903198743169415,2025-04-23
41.26406789845196,1.9903429478142092,2025-04-23
41.26406789845196,1.9903660213114769,2025-04-23
41.26406789845196,1.9903890948087446,2025-04-23
41.26406789845196,1.9904121683060123,2025-04-23
41.26406789845196,1.9904352418032802,2025-04-23
41.26406789845196,1.990458315300548,2025-04-23
41.26406789845196,1.9904813887978157,2025-04-23
41.26406789845196,1.9905044622950834,2025-04-23
41.26406789845196,1.990527535792351,2025-04-23
41.26406789845196,1.990550609289619,2025-04-23
41.26406789845196,1.9905736827868867,2025-04-23
41.26406789845196,1.9905967562841544,2025-04-23
41.26406789845196,1.9906198297814222,2025-04-23
41.26406789845196,1.99064290327869,2025-04-23
41.26406789845196,1.9906659767759578,2025-04-23
41.26406789845196,1.9906890502732255,2025-04-23
41.26406789845196,1.9907121237704932,2025-04-23
41.26406789845196,1.990735197267761,2025-04-23
41.26406789845196,1.9907582707650289,2025-04-23
41.26406789845196,1.9907813442622966,2025-04-23
41.26406789845196,1.9908044177595643,2025-04-23
41.26406789845196,1.990827491256832,2025-04-23
41.26406789845196,1.9908505647541,2025-04-23
41.26406789845196,1.9908736382513676,2025-04-23
41.26406789845196,1.9908967117486354,2025-04-23
41.26406789845196,1.990919785245903,2025-04-23
41.26406789845196,1.9909428587431708,2025-04-23
41.26406789845196,1.9909659322404387,2025-04-23
41.26406789845196,1.9909890057377064,2025-04-23
41.26406789845196,1.9910120792349741,2025-04-23
41.26406789845196,1.9910351527322419,2025-04-23
41.26406789845196,1.9910582262295096,2025-04-23
41.26406789845196,1.9910812997267775,2025-04-23
41.26406789845196,1.9911043732240452,2025-04-23
41.26406789845196,1.991127446721313,2025-04-23
41.26406789845196,1.9911505202185806,2025-04-23
41.26406789845196,1.9911735937158486,2025-04-23
41.26406789845196,1.9911966672131163,2025-04-23
41.26406789845196,1.991219740710384,2025-04-23
41.26406789845196,1.9912428142076517,2025-04-23
41.26406789845196,1.9912658877049194,2025-04-23
41.26406789845196,1.9912889612021873,2025-04-23
41.26406789845196,1.991312034699455,2025-04-23
41.26406789845196,1.9913351081967228,2025-04-23
41.26406789845196,1.9913581816939905,2025-04-23
41.26406789845196,1.9913812551912582,2025-04-23
41.26406789845196,1.9914043286885261,2025-04-23
41.26406789845196,1.9914274021857938,2025-04-23
41.26406789845196,1.9914504756830615,2025-04-23
41.26406789845196,1.9914735491803293,2025-04-23
41.26406789845196,1.9914966226775972,2025-04-23
41.26406789845196,1.991519696174865,2025-04-23
41.26406789845196,1.9915427696721326,2025-04-23
41.26406789845196,1.9915658431694003,2025-04-23
41.26406789845196,1.991588916666668,2025-04-23
41.26406789845196,1.991611990163936,2025-04-23
41.26406789845196,1.9916350636612037,2025-04-23
41.26406789845196,1.9916581371584714,2025-04-23
41.26406789845196,1.991681210655739,2025-04-23
41.26406789845196,1.9917042841530068,2025-04-23
41.26406789845196,1.9917273576502748,2025-04-23
41.26406789845196,1.9917504311475425,2025-04-23
41.26406789845196,1.9917735046448102,2025-04-23
41.26406789845196,1.991796578142078,2025-04-23
41.26406789845196,1.9918196516393458,2025-04-23
41.26406789845196,1.9918427251366135,2025-04-23
41.26406789845196,1.9918657986338812,2025-04-23
41.26406789845196,1.991888872131149,2025-04-23
41.26406789845196,1.9919119456284167,2025-04-23
41.26406789845196,1.9919350191256846,2025-04-23
41.26406789845196,1.9919580926229523,2025-04-23
41.26406789845196,1.99198116612022,2025-04-23
41.26406789845196,1.9920042396174877,2025-04-23
41.26406789845196,1.9920273131147557,2025-04-23
41.26406789845196,1.9920503866120234,2025-04-23
41.26406789845196,1.992073460109291,2025-04-23
41.26406789845196,1.9920965336065588,2025-04-23
41.26406789845196,1.9921196071038265,2025-04-23
41.26406789845196,1.9921426806010945,2025-04-23
41.26406789845196,1.9921657540983622,2025-04-23
41.26406789845196,1.9921888275956299,2025-04-23
41.26406789845196,1.9922119010928976,2025-04-23
41.26406789845196,1.9922349745901653,2025-04-23
41.26406789845196,1.9922580480874332,2025-04-23
41.26406789845196,1.992281121584701,2025-04-23
41.26406789845196,1.9923041950819687,2025-04-23
41.26406789845196,1.9923272685792364,2025-04-23
41.26406789845196,1.992350342076504,2025-04-23
41.26406789845196,1.992373415573772,2025-04-23
41.26406789845196,1.9923964890710397,2025-04-23
41.26406789845196,1.9937347519125697,2025-04-23
41.26406789845196,1.9937578254098376,2025-04-23
41.26406789845196,1.9937808989071053,2025-04-23
41.26406789845196,1.993803972404373,2025-04-23
41.26406789845196,1.9938270459016407,2025-04-23
41.26406789845196,1.9938501193989087,2025-04-23
41.26406789845196,1.9938731928961764,2025-04-23
41.26406789845196,1.993896266393444,2025-04-23
41.26406789845196,1.9939193398907118,2025-04-23
41.26406789845196,1.9939424133879795,2025-04-23
41.26406789845196,1.9939654868852474,2025-04-23
41.26406789845196,1.9939885603825152,2025-04-23
41.26406789845196,1.9940116338797829,2025-04-23
41.26406789845196,1.9940347073770506,2025-04-23
41.26406789845196,1.9940577808743183,2025-04-23
41.26406789845196,1.9940808543715862,2025-04-23
41.26406789845196,1.994103927868854,2025-04-23
41.26406789845196,1.9941270013661216,2025-04-23
41.26406789845196,1.9941500748633894,2025-04-23
41.26406789845196,1.9941731483606573,2025-04-23
41.26406789845196,1.994196221857925,2025-04-23
41.26400799344286,1.9548328355191273,2025-04-23
41.26400799344286,1.954855909016395,2025-04-23
41.26400799344286,1.9548789825136628,2025-04-23
41.26400799344286,1.9549020560109307,2025-04-23
41.26400799344286,1.9549251295081984,2025-04-23
41.26400799344286,1.9549482030054661,2025-04-23
41.26400799344286,1.9549712765027338,2025-04-23
41.26400799344286,1.9549943500000018,2025-04-23
41.26400799344286,1.9550174234972695,2025-04-23
41.26400799344286,1.9550404969945372,2025-04-23
41.26400799344286,1.9552943054644825,2025-04-23
41.26400799344286,1.9553173789617504,2025-04-23
41.26400799344286,1.955340452459018,2025-04-23
41.26400799344286,1.9553635259562858,2025-04-23
41.26400799344286,1.9553865994535535,2025-04-23
41.26400799344286,1.9554096729508212,2025-04-23
41.26400799344286,1.9554327464480892,2025-04-23
41.26400799344286,1.9554558199453569,2025-04-23
41.26400799344286,1.9554788934426246,2025-04-23
41.26400799344286,1.9555019669398923,2025-04-23
41.26400799344286,1.95552504043716,2025-04-23
41.26400799344286,1.955548113934428,2025-04-23
41.26400799344286,1.9555711874316957,2025-04-23
41.26400799344286,1.9555942609289634,2025-04-23
41.26400799344286,1.955617334426231,2025-04-23
41.26400799344286,1.955640407923499,2025-04-23
41.26400799344286,1.9556634814207667,2025-04-23
41.26400799344286,1.9556865549180344,2025-04-23
41.26400799344286,1.9557096284153022,2025-04-23
41.26400799344286,1.9557327019125699,2025-04-23
41.26400799344286,1.9557557754098378,2025-04-23
41.26400799344286,1.9557788489071055,2025-04-23
41.26400799344286,1.9558019224043732,2025-04-23
41.26400799344286,1.955824995901641,2025-04-23
41.26400799344286,1.9558480693989089,2025-04-23
41.26400799344286,1.9558711428961766,2025-04-23
41.26400799344286,1.9558942163934443,2025-04-23
41.26400799344286,1.955917289890712,2025-04-23
41.26400799344286,1.9559403633879797,2025-04-23
41.26400799344286,1.9559634368852477,2025-04-23
41.26400799344286,1.9559865103825154,2025-04-23
41.26400799344286,1.956009583879783,2025-04-23
41.26400799344286,1.9560326573770508,2025-04-23
41.26400799344286,1.9560557308743185,2025-04-23
41.26400799344286,1.9560788043715864,2025-04-23
41.26400799344286,1.9561018778688541,2025-04-23
41.26400799344286,1.9561249513661219,2025-04-23
41.26400799344286,1.9561480248633896,2025-04-23
41.26400799344286,1.9561710983606575,2025-04-23
41.26400799344286,1.9561941718579252,2025-04-23
41.26400799344286,1.956217245355193,2025-04-23
41.26400799344286,1.9562403188524606,2025-04-23
41.26400799344286,1.9562633923497283,2025-04-23
41.26400799344286,1.9562864658469963,2025-04-23
41.26400799344286,1.956309539344264,2025-04-23
41.26400799344286,1.9563326128415317,2025-04-23
41.26400799344286,1.9563556863387994,2025-04-23
41.26400799344286,1.9563787598360671,2025-04-23
41.26400799344286,1.956401833333335,2025-04-23
41.26400799344286,1.9564249068306028,2025-04-23
41.26400799344286,1.9564479803278705,2025-04-23
41.26400799344286,1.9564710538251382,2025-04-23
41.26400799344286,1.9564941273224061,2025-04-23
41.26400799344286,1.9565172008196738,2025-04-23
41.26400799344286,1.9565402743169416,2025-04-23
41.26400799344286,1.9565633478142093,2025-04-23
41.26400799344286,1.956586421311477,2025-04-23
41.26400799344286,1.956609494808745,2025-04-23
41.26400799344286,1.9566325683060126,2025-04-23
41.26400799344286,1.9566556418032803,2025-04-23
41.26400799344286,1.956678715300548,2025-04-23
41.26400799344286,1.9567017887978158,2025-04-23
41.26400799344286,1.9567248622950837,2025-04-23
41.26400799344286,1.9567479357923514,2025-04-23
41.26400799344286,1.9567710092896191,2025-04-23
41.26400799344286,1.9567940827868868,2025-04-23
41.26400799344286,1.9568171562841548,2025-04-23
41.26400799344286,1.9568402297814225,2025-04-23
41.26400799344286,1.9568633032786902,2025-04-23
41.26400799344286,1.956886376775958,2025-04-23
41.26400799344286,1.9569094502732256,2025-04-23
41.26400799344286,1.9569325237704935,2025-04-23
41.26400799344286,1.9569555972677612,2025-04-23
41.26400799344286,1.956978670765029,2025-04-23
41.26400799344286,1.9570017442622967,2025-04-23
41.26400799344286,1.9570248177595644,2025-04-23
41.26400799344286,1.9570478912568323,2025-04-23
41.26400799344286,1.9570709647541,2025-04-23
41.26400799344286,1.9570940382513677,2025-04-23
41.26400799344286,1.9571171117486355,2025-04-23
41.26400799344286,1.9571401852459034,2025-04-23
41.26400799344286,1.957163258743171,2025-04-23
41.26400799344286,1.9571863322404388,2025-04-23
41.26400799344286,1.9572094057377065,2025-04-23
41.26400799344286,1.9572324792349742,2025-04-23
41.26400799344286,1.9572555527322422,2025-04-23
41.26400799344286,1.9572786262295099,2025-04-23
41.26400799344286,1.9573016997267776,2025-04-23
41.26400799344286,1.9573247732240453,2025-04-23
41.26400799344286,1.9573478467213132,2025-04-23
41.26400799344286,1.957370920218581,2025-04-23
41.26400799344286,1.9573939937158487,2025-04-23
41.26400799344286,1.9574170672131164,2025-04-23
41.26400799344286,1.957440140710384,2025-04-23
41.26400799344286,1.957463214207652,2025-04-23
41.26400799344286,1.9574862877049197,2025-04-23
41.26400799344286,1.9575093612021874,2025-04-23
41.26400799344286,1.9575324346994551,2025-04-23
41.26400799344286,1.9575555081967229,2025-04-23
41.26400799344286,1.9575785816939908,2025-04-23
41.26400799344286,1.9576016551912585,2025-04-23
41.26400799344286,1.9576247286885262,2025-04-23
41.26400799344286,1.957647802185794,2025-04-23
41.26400799344286,1.9576708756830619,2025-04-23
41.26400799344286,1.9576939491803296,2025-04-23
41.26400799344286,1.9577170226775973,2025-04-23
41.26400799344286,1.957740096174865,2025-04-23
41.26400799344286,1.9577631696721327,2025-04-23
41.26400799344286,1.9577862431694006,2025-04-23
41.26400799344286,1.9578093166666684,2025-04-23
41.26400799344286,1.957832390163936,2025-04-23
41.26400799344286,1.9578554636612038,2025-04-23
41.26400799344286,1.9578785371584715,2025-04-23
41.26400799344286,1.9579016106557394,2025-04-23
41.26400799344286,1.9579246841530071,2025-04-23
41.26400799344286,1.9579477576502748,2025-04-23
41.26400799344286,1.9579708311475426,2025-04-23
41.26400799344286,1.9579939046448105,2025-04-23
41.26400799344286,1.9580169781420782,2025-04-23
41.26400799344286,1.958040051639346,2025-04-23
41.26400799344286,1.9580631251366136,2025-04-23
41.26400799344286,1.9580861986338813,2025-04-23
41.26400799344286,1.9581092721311493,2025-04-23
41.26400799344286,1.958132345628417,2025-04-23
41.26400799344286,1.9581554191256847,2025-04-23
41.26400799344286,1.9581784926229524,2025-04-23
41.26400799344286,1.9582015661202201,2025-04-23
41.26400799344286,1.958224639617488,2025-04-23
41.26400799344286,1.9582477131147558,2025-04-23
41.26400799344286,1.9582707866120235,2025-04-23
41.26400799344286,1.9582938601092912,2025-04-23
41.26400799344286,1.9583169336065591,2025-04-23
41.26400799344286,1.9583400071038268,2025-04-23
41.26400799344286,1.9583630806010945,2025-04-23
41.26400799344286,1.9583861540983623,2025-04-23
41.26400799344286,1.9641314549180344,2025-04-23
41.26400799344286,1.9641545284153021,2025-04-23
41.26400799344286,1.9641776019125698,2025-04-23
41.26400799344286,1.9642006754098378,2025-04-23
41.26400799344286,1.9642237489071055,2025-04-23
41.26400799344286,1.9642468224043732,2025-04-23
41.26400799344286,1.964269895901641,2025-04-23
41.26400799344286,1.9642929693989086,2025-04-23
41.26400799344286,1.9643160428961766,2025-04-23
41.26400799344286,1.9643391163934443,2025-04-23
41.26400799344286,1.9645006308743185,2025-04-23
41.26400799344286,1.9645237043715864,2025-04-23
41.26400799344286,1.9645467778688541,2025-04-23
41.26400799344286,1.9645698513661218,2025-04-23
41.26400799344286,1.9645929248633895,2025-04-23
41.26400799344286,1.9646159983606573,2025-04-23
41.26400799344286,1.9646390718579252,2025-04-23
41.26400799344286,1.964662145355193,2025-04-23
41.26400799344286,1.9646852188524606,2025-04-23
41.26400799344286,1.9647082923497283,2025-04-23
41.26400799344286,1.964731365846996,2025-04-23
41.26400799344286,1.964754439344264,2025-04-23
41.26400799344286,1.9647775128415317,2025-04-23
41.26400799344286,1.9648005863387994,2025-04-23
41.26400799344286,1.964823659836067,2025-04-23
41.26400799344286,1.964846733333335,2025-04-23
41.26400799344286,1.9648698068306027,2025-04-23
41.26400799344286,1.9648928803278705,2025-04-23
41.26400799344286,1.9649159538251382,2025-04-23
41.26400799344286,1.9649390273224059,2025-04-23
41.26400799344286,1.9649621008196738,2025-04-23
41.26400799344286,1.9649851743169415,2025-04-23
41.26400799344286,1.9650082478142092,2025-04-23
41.26400799344286,1.965031321311477,2025-04-23
41.26400799344286,1.9650543948087447,2025-04-23
41.26400799344286,1.9650774683060126,2025-04-23
41.26400799344286,1.9651005418032803,2025-04-23
41.26400799344286,1.965123615300548,2025-04-23
41.26400799344286,1.9651466887978157,2025-04-23
41.26400799344286,1.9651697622950837,2025-04-23
41.26400799344286,1.9651928357923514,2025-04-23
41.26400799344286,1.965215909289619,2025-04-23
41.26400799344286,1.9652389827868868,2025-04-23
41.26400799344286,1.9652620562841545,2025-04-23
41.26400799344286,1.9652851297814224,2025-04-23
41.26400799344286,1.9653082032786902,2025-04-23
41.26400799344286,1.9653312767759579,2025-04-23
41.26400799344286,1.9653543502732256,2025-04-23
41.26400799344286,1.9653774237704935,2025-04-23
41.26400799344286,1.9654004972677612,2025-04-23
41.26400799344286,1.965423570765029,2025-04-23
41.26400799344286,1.9654466442622966,2025-04-23
41.26400799344286,1.9654697177595644,2025-04-23
41.26400799344286,1.9654927912568323,2025-04-23
41.26400799344286,1.9655158647541,2025-04-23
41.26400799344286,1.9655389382513677,2025-04-23
41.26400799344286,1.9655620117486354,2025-04-23
41.26400799344286,1.9655850852459031,2025-04-23
41.26400799344286,1.965608158743171,2025-04-23
41.26400799344286,1.9656312322404388,2025-04-23
41.26400799344286,1.9656543057377065,2025-04-23
41.26400799344286,1.9656773792349742,2025-04-23
41.26400799344286,1.9657004527322421,2025-04-23
41.26400799344286,1.9657235262295099,2025-04-23
41.26400799344286,1.9657465997267776,2025-04-23
41.26400799344286,1.9657696732240453,2025-04-23
41.26400799344286,1.965792746721313,2025-04-23
41.26400799344286,1.965815820218581,2025-04-23
41.26400799344286,1.9658388937158486,2025-04-23
41.26400799344286,1.9658619672131163,2025-04-23
41.26400799344286,1.965885040710384,2025-04-23
41.26400799344286,1.9659081142076518,2025-04-23
41.26400799344286,1.9659311877049197,2025-04-23
41.26400799344286,1.9659542612021874,2025-04-23
41.26400799344286,1.9659773346994551,2025-04-23
41.26400799344286,1.9660004081967228,2025-04-23
41.26400799344286,1.9660234816939908,2025-04-23
41.26400799344286,1.9660465551912585,2025-04-23
41.26400799344286,1.9660696286885262,2025-04-23
41.26400799344286,1.966092702185794,2025-04-23
41.26400799344286,1.9661157756830616,2025-04-23
41.26400799344286,1.9661388491803296,2025-04-23
41.26400799344286,1.9661619226775973,2025-04-23
41.26400799344286,1.966184996174865,2025-04-23
41.26400799344286,1.9662080696721327,2025-04-23
41.26400799344286,1.9662311431694004,2025-04-23
41.26400799344286,1.9662542166666683,2025-04-23
41.26400799344286,1.966277290163936,2025-04-23
41.26400799344286,1.9663003636612038,2025-04-23
41.26400799344286,1.9663234371584715,2025-04-23
41.26400799344286,1.9663465106557394,2025-04-23
41.26400799344286,1.966369584153007,2025-04-23
41.26400799344286,1.9663926576502748,2025-04-23
41.26400799344286,1.9664157311475425,2025-04-23
41.26400799344286,1.9664388046448102,2025-04-23
41.26400799344286,1.9664618781420782,2025-04-23
41.26400799344286,1.966484951639346,2025-04-23
41.26400799344286,1.9665080251366136,2025-04-23
41.26400799344286,1.9665310986338813,2025-04-23
41.26400799344286,1.9665541721311492,2025-04-23
41.26400799344286,1.966577245628417,2025-04-23
41.26400799344286,1.9666003191256847,2025-04-23
41.26400799344286,1.9666233926229524,2025-04-23
41.26400799344286,1.96664646612022,2025-04-23
41.26400799344286,1.966669539617488,2025-04-23
41.26400799344286,1.9666926131147557,2025-04-23
41.26400799344286,1.9667156866120235,2025-04-23
41.26400799344286,1.9667387601092912,2025-04-23
41.26400799344286,1.9667618336065589,2025-04-23
41.26400799344286,1.9667849071038268,2025-04-23
41.26400799344286,1.9668079806010945,2025-04-23
41.26400799344286,1.9668310540983622,2025-04-23
41.26400799344286,1.96685412759563,2025-04-23
41.26400799344286,1.9668772010928979,2025-04-23
41.26400799344286,1.9669002745901656,2025-04-23
41.26400799344286,1.9669233480874333,2025-04-23
41.26400799344286,1.966946421584701,2025-04-23
41.26400799344286,1.9669694950819687,2025-04-23
41.26400799344286,1.9669925685792367,2025-04-23
41.26400799344286,1.9670156420765044,2025-04-23
41.26400799344286,1.967038715573772,2025-04-23
41.26400799344286,1.9670617890710398,2025-04-23
41.26400799344286,1.9670848625683075,2025-04-23
41.26400799344286,1.9671079360655754,2025-04-23
41.26400799344286,1.9671310095628431,2025-04-23
41.26400799344286,1.9671540830601109,2025-04-23
41.26400799344286,1.9671771565573786,2025-04-23
41.26400799344286,1.9672002300546465,2025-04-23
41.26400799344286,1.9672233035519142,2025-04-23
41.26400799344286,1.967246377049182,2025-04-23
41.26400799344286,1.9672694505464496,2025-04-23
41.26400799344286,1.9672925240437173,2025-04-23
41.26400799344286,1.9673155975409853,2025-04-23
41.26400799344286,1.967338671038253,2025-04-23
41.26400799344286,1.9673617445355207,2025-04-23
41.26400799344286,1.9673848180327884,2025-04-23
41.26400799344286,1.9674078915300561,2025-04-23
41.26400799344286,1.967430965027324,2025-04-23
41.26400799344286,1.9674540385245918,2025-04-23
41.26400799344286,1.9674771120218595,2025-04-23
41.26400799344286,1.9675001855191272,2025-04-23
41.26400799344286,1.9675232590163951,2025-04-23
41.26400799344286,1.9675463325136628,2025-04-23
41.26400799344286,1.9675694060109306,2025-04-23
41.26400799344286,1.9675924795081983,2025-04-23
41.26400799344286,1.967615553005466,2025-04-23
41.26400799344286,1.967638626502734,2025-04-23
41.26400799344286,1.9676617000000016,2025-04-23
41.26400799344286,1.9676847734972693,2025-04-23
41.26400799344286,1.967707846994537,2025-04-23
41.26400799344286,1.967730920491805,2025-04-23
41.26400799344286,1.9677539939890727,2025-04-23
41.26400799344286,1.9677770674863404,2025-04-23
41.26400799344286,1.9678001409836081,2025-04-23
41.26400799344286,1.9678232144808758,2025-04-23
41.26400799344286,1.9678462879781438,2025-04-23
41.26400799344286,1.9678693614754115,2025-04-23
41.26400799344286,1.9678924349726792,2025-04-23
41.26400799344286,1.967915508469947,2025-04-23
41.26400799344286,1.9679385819672146,2025-04-23
41.26400799344286,1.9679616554644825,2025-04-23
41.26400799344286,1.9679847289617503,2025-04-23
41.26400799344286,1.968007802459018,2025-04-23
41.26400799344286,1.9680308759562857,2025-04-23
41.26400799344286,1.9680539494535536,2025-04-23
41.26400799344286,1.9680770229508213,2025-04-23
41.26400799344286,1.968100096448089,2025-04-23
41.26400799344286,1.9681231699453567,2025-04-23
41.26400799344286,1.9681462434426245,2025-04-23
41.26400799344286,1.9681693169398924,2025-04-23
41.26400799344286,1.96819239043716,2025-04-23
41.26400799344286,1.9682154639344278,2025-04-23
41.26400799344286,1.9682385374316955,2025-04-23
41.26400799344286,1.9682616109289632,2025-04-23
41.26400799344286,1.9682846844262312,2025-04-23
41.26400799344286,1.9683077579234989,2025-04-23
41.26400799344286,1.9683308314207666,2025-04-23
41.26400799344286,1.9683539049180343,2025-04-23
41.26400799344286,1.9683769784153022,2025-04-23
41.26400799344286,1.96840005191257,2025-04-23
41.26400799344286,1.9684231254098377,2025-04-23
41.26400799344286,1.9684461989071054,2025-04-23
41.26400799344286,1.968469272404373,2025-04-23
41.26400799344286,1.968492345901641,2025-04-23
41.26400799344286,1.9685154193989087,2025-04-23
41.26400799344286,1.9685384928961764,2025-04-23
41.26400799344286,1.968676933879783,2025-04-23
41.26400799344286,1.9687000073770509,2025-04-23
41.26400799344286,1.9687230808743186,2025-04-23
41.26400799344286,1.9687461543715863,2025-04-23
41.26400799344286,1.968769227868854,2025-04-23
41.26400799344286,1.9687923013661217,2025-04-23
41.26400799344286,1.9688153748633896,2025-04-23
41.26400799344286,1.9688384483606574,2025-04-23
41.26400799344286,1.968861521857925,2025-04-23
41.26400799344286,1.9688845953551928,2025-04-23
41.26400799344286,1.9689076688524607,2025-04-23
41.26400799344286,1.9689307423497284,2025-04-23
41.26400799344286,1.9689538158469961,2025-04-23
41.26400799344286,1.9689768893442638,2025-04-23
41.26400799344286,1.9689999628415316,2025-04-23
41.26400799344286,1.9691384038251383,2025-04-23
41.26400799344286,1.969161477322406,2025-04-23
41.26400799344286,1.9691845508196737,2025-04-23
41.26400799344286,1.9692076243169414,2025-04-23
41.26400799344286,1.9692306978142093,2025-04-23
41.26400799344286,1.969253771311477,2025-04-23
41.26400799344286,1.9692768448087448,2025-04-23
41.26400799344286,1.9692999183060125,2025-04-23
41.26400799344286,1.9693229918032802,2025-04-23
41.26400799344286,1.9693460653005481,2025-04-23
41.26400799344286,1.9693691387978158,2025-04-23
41.26400799344286,1.9693922122950835,2025-04-23
41.26400799344286,1.9694152857923513,2025-04-23
41.26400799344286,1.969438359289619,2025-04-23
41.26400799344286,1.969461432786887,2025-04-23
41.26400799344286,1.9694845062841546,2025-04-23
41.26400799344286,1.9695075797814223,2025-04-23
41.26400799344286,1.96953065327869,2025-04-23
41.26400799344286,1.969553726775958,2025-04-23
41.26400799344286,1.9695768002732257,2025-04-23
41.26400799344286,1.9695998737704934,2025-04-23
41.26400799344286,1.9710535040983623,2025-04-23
41.26400799344286,1.97107657759563,2025-04-23
41.26400799344286,1.9710996510928978,2025-04-23
41.26400799344286,1.9711227245901655,2025-04-23
41.26400799344286,1.9711457980874332,2025-04-23
41.26400799344286,1.9734531478142092,2025-04-23
41.26400799344286,1.973476221311477,2025-04-23
41.26400799344286,1.9734992948087446,2025-04-23
41.26400799344286,1.9735223683060126,2025-04-23
41.26400799344286,1.9735454418032803,2025-04-23
41.26400799344286,1.973568515300548,2025-04-23
41.26400799344286,1.9735915887978157,2025-04-23
41.26400799344286,1.9736146622950834,2025-04-23
41.26400799344286,1.9736377357923514,2025-04-23
41.26400799344286,1.973660809289619,2025-04-23
41.26400799344286,1.9736838827868868,2025-04-23
41.26400799344286,1.9737069562841545,2025-04-23
41.26400799344286,1.9737300297814224,2025-04-23
41.26400799344286,1.9737531032786901,2025-04-23
41.26400799344286,1.9737761767759578,2025-04-23
41.26400799344286,1.974053058743171,2025-04-23
41.26400799344286,1.9740761322404388,2025-04-23
41.26400799344286,1.9740992057377065,2025-04-23
41.26400799344286,1.9741222792349742,2025-04-23
41.26400799344286,1.974145352732242,2025-04-23
41.26400799344286,1.9741684262295098,2025-04-23
41.26400799344286,1.9741914997267775,2025-04-23
41.26400799344286,1.9742145732240453,2025-04-23
41.26400799344286,1.974237646721313,2025-04-23
41.26400799344286,1.974260720218581,2025-04-23
41.26400799344286,1.9742837937158486,2025-04-23
41.26400799344286,1.9743068672131163,2025-04-23
41.26400799344286,1.974329940710384,2025-04-23
41.26400799344286,1.9743530142076517,2025-04-23
41.26400799344286,1.9743760877049197,2025-04-23
41.26400799344286,1.9743991612021874,2025-04-23
41.26400799344286,1.974422234699455,2025-04-23
41.26400799344286,1.9744453081967228,2025-04-23
41.26400799344286,1.9744683816939905,2025-04-23
41.26400799344286,1.9744914551912585,2025-04-23
41.26400799344286,1.9745145286885262,2025-04-23
41.26400799344286,1.9745376021857939,2025-04-23
41.26400799344286,1.9745606756830616,2025-04-23
41.26400799344286,1.9745837491803295,2025-04-23
41.26400799344286,1.9746068226775972,2025-04-23
41.26400799344286,1.9747683371584714,2025-04-23
41.26400799344286,1.9747914106557392,2025-04-23
41.26400799344286,1.974814484153007,2025-04-23
41.26400799344286,1.9748375576502748,2025-04-23
41.26400799344286,1.9748606311475425,2025-04-23
41.26400799344286,1.9748837046448102,2025-04-23
41.26400799344286,1.9749067781420782,2025-04-23
41.26400799344286,1.9749298516393459,2025-04-23
41.26400799344286,1.9749529251366136,2025-04-23
41.26400799344286,1.9749759986338813,2025-04-23
41.26400799344286,1.974999072131149,2025-04-23
41.26400799344286,1.975022145628417,2025-04-23
41.26400799344286,1.9750452191256846,2025-04-23
41.26400799344286,1.9750682926229524,2025-04-23
41.26400799344286,1.97509136612022,2025-04-23
41.26400799344286,1.9751144396174878,2025-04-23
41.26400799344286,1.9751375131147557,2025-04-23
41.26400799344286,1.9751605866120234,2025-04-23
41.26400799344286,1.9751836601092911,2025-04-23
41.26400799344286,1.9752067336065589,2025-04-23
41.26400799344286,1.9755989830601108,2025-04-23
41.26400799344286,1.9756220565573785,2025-04-23
41.26400799344286,1.9756451300546463,2025-04-23
41.26400799344286,1.9756682035519142,2025-04-23
41.26400799344286,1.975691277049182,2025-04-23
41.26400799344286,1.9757143505464496,2025-04-23
41.26400799344286,1.9757374240437173,2025-04-23
41.26400799344286,1.9757604975409853,2025-04-23
41.26400799344286,1.975783571038253,2025-04-23
41.26400799344286,1.9758066445355207,2025-04-23
41.26400799344286,1.9759450855191272,2025-04-23
41.26400799344286,1.9759681590163949,2025-04-23
41.26400799344286,1.9759912325136628,2025-04-23
41.26400799344286,1.9760143060109305,2025-04-23
41.26400799344286,1.9760373795081982,2025-04-23
41.26400799344286,1.976060453005466,2025-04-23
41.26400799344286,1.9761988939890727,2025-04-23
41.26400799344286,1.9762219674863404,2025-04-23
41.26400799344286,1.976245040983608,2025-04-23
41.26400799344286,1.9762681144808758,2025-04-23
41.26400799344286,1.9762911879781435,2025-04-23
41.26400799344286,1.9763142614754114,2025-04-23
41.26400799344286,1.9763373349726792,2025-04-23
41.26400799344286,1.9763604084699469,2025-04-23
41.26400799344286,1.9763834819672146,2025-04-23
41.26400799344286,1.9764065554644825,2025-04-23
41.26400799344286,1.9764296289617502,2025-04-23
41.26400799344286,1.976452702459018,2025-04-23
41.26400799344286,1.9764757759562857,2025-04-23
41.26400799344286,1.9764988494535534,2025-04-23
41.26400799344286,1.9765219229508213,2025-04-23
41.26400799344286,1.976544996448089,2025-04-23
41.26400799344286,1.9765680699453567,2025-04-23
41.26400799344286,1.9765911434426244,2025-04-23
41.26400799344286,1.9766142169398924,2025-04-23
41.26400799344286,1.97663729043716,2025-04-23
41.26400799344286,1.9766603639344278,2025-04-23
41.26400799344286,1.9766834374316955,2025-04-23
41.26400799344286,1.9767065109289632,2025-04-23
41.26400799344286,1.9767295844262311,2025-04-23
41.26400799344286,1.9767526579234989,2025-04-23
41.26400799344286,1.9767757314207666,2025-04-23
41.26400799344286,1.9767988049180343,2025-04-23
41.26400799344286,1.976821878415302,2025-04-23
41.26400799344286,1.97684495191257,2025-04-23
41.26400799344286,1.9768680254098376,2025-04-23
41.26400799344286,1.9768910989071053,2025-04-23
41.26400799344286,1.976914172404373,2025-04-23
41.26400799344286,1.976937245901641,2025-04-23
41.26400799344286,1.9769603193989087,2025-04-23
41.26400799344286,1.9769833928961764,2025-04-23
41.26400799344286,1.9770064663934441,2025-04-23
41.26400799344286,1.9770295398907118,2025-04-23
41.26400799344286,1.9770526133879798,2025-04-23
41.26400799344286,1.9770756868852475,2025-04-23
41.26400799344286,1.9770987603825152,2025-04-23
41.26400799344286,1.977121833879783,2025-04-23
41.26400799344286,1.9771449073770506,2025-04-23
41.26400799344286,1.9771679808743186,2025-04-23
41.26400799344286,1.9771910543715863,2025-04-23
41.26400799344286,1.977214127868854,2025-04-23
41.26400799344286,1.9772372013661217,2025-04-23
41.26400799344286,1.9772602748633896,2025-04-23
41.26400799344286,1.9772833483606573,2025-04-23
41.26400799344286,1.977306421857925,2025-04-23
41.26400799344286,1.9773294953551928,2025-04-23
41.26400799344286,1.9773525688524605,2025-04-23
41.26400799344286,1.9773756423497284,2025-04-23
41.26400799344286,1.9773987158469961,2025-04-23
41.26400799344286,1.9774217893442638,2025-04-23
41.26400799344286,1.9774448628415315,2025-04-23
41.26400799344286,1.9774679363387992,2025-04-23
41.26400799344286,1.9774910098360672,2025-04-23
41.26400799344286,1.977514083333335,2025-04-23
41.26400799344286,1.9775371568306026,2025-04-23
41.26400799344286,1.9775602303278703,2025-04-23
41.26400799344286,1.9775833038251383,2025-04-23
41.26400799344286,1.977606377322406,2025-04-23
41.26400799344286,1.9778601857923512,2025-04-23
41.26400799344286,1.977883259289619,2025-04-23
41.26400799344286,1.9779063327868869,2025-04-23
41.26400799344286,1.9779294062841546,2025-04-23
41.26400799344286,1.9779524797814223,2025-04-23
41.26400799344286,1.97797555327869,2025-04-23
41.26400799344286,1.9779986267759577,2025-04-23
41.26400799344286,1.9780217002732257,2025-04-23
41.26400799344286,1.9780447737704934,2025-04-23
41.26400799344286,1.978067847267761,2025-04-23
41.26400799344286,1.9780909207650288,2025-04-23
41.26400799344286,1.9781139942622965,2025-04-23
41.26400799344286,1.9781370677595644,2025-04-23
41.26400799344286,1.9781601412568321,2025-04-23
41.26400799344286,1.9781832147540999,2025-04-23
41.26400799344286,1.9782062882513676,2025-04-23
41.26400799344286,1.9782293617486355,2025-04-23
41.26400799344286,1.9782524352459032,2025-04-23
41.26400799344286,1.978275508743171,2025-04-23
41.26400799344286,1.9782985822404386,2025-04-23
41.26400799344286,1.9783216557377064,2025-04-23
41.26400799344286,1.9783447292349743,2025-04-23
41.26400799344286,1.978367802732242,2025-04-23
41.26400799344286,1.9783908762295097,2025-04-23
41.26400799344286,1.9784139497267774,2025-04-23
41.26400799344286,1.9784370232240454,2025-04-23
41.26400799344286,1.978460096721313,2025-04-23
41.26400799344286,1.9784831702185808,2025-04-23
41.26400799344286,1.9785062437158485,2025-04-23
41.26400799344286,1.9785293172131162,2025-04-23
41.26400799344286,1.9785523907103841,2025-04-23
41.26400799344286,1.9785754642076518,2025-04-23
41.26400799344286,1.9785985377049196,2025-04-23
41.26400799344286,1.9786216112021873,2025-04-23
41.26400799344286,1.978644684699455,2025-04-23
41.26400799344286,1.978667758196723,2025-04-23
41.26400799344286,1.9786908316939906,2025-04-23
41.26400799344286,1.9787139051912583,2025-04-23
41.26400799344286,1.978736978688526,2025-04-23
41.26400799344286,1.978760052185794,2025-04-23
41.26400799344286,1.9787831256830617,2025-04-23
41.26400799344286,1.9788061991803294,2025-04-23
41.26400799344286,1.9788292726775971,2025-04-23
41.26400799344286,1.9788523461748648,2025-04-23
41.26400799344286,1.9788754196721328,2025-04-23
41.26400799344286,1.9788984931694005,2025-04-23
41.26400799344286,1.9789215666666682,2025-04-23
41.26400799344286,1.978944640163936,2025-04-23
41.26400799344286,1.9789677136612038,2025-04-23
41.26400799344286,1.9789907871584715,2025-04-23
41.26400799344286,1.9790138606557393,2025-04-23
41.26400799344286,1.979036934153007,2025-04-23
41.26400799344286,1.9790600076502747,2025-04-23
41.26400799344286,1.9790830811475426,2025-04-23
41.26400799344286,1.9791061546448103,2025-04-23
41.26400799344286,1.979129228142078,2025-04-23
41.26400799344286,1.9791523016393457,2025-04-23
41.26400799344286,1.9791753751366135,2025-04-23
41.26400799344286,1.9791984486338814,2025-04-23
41.26400799344286,1.979221522131149,2025-04-23
41.26400799344286,1.9792445956284168,2025-04-23
41.26400799344286,1.9792676691256845,2025-04-23
41.26400799344286,1.9792907426229522,2025-04-23
41.26400799344286,1.9793138161202202,2025-04-23
41.26400799344286,1.9793368896174879,2025-04-23
41.26400799344286,1.9793599631147556,2025-04-23
41.26400799344286,1.9793830366120233,2025-04-23
41.26400799344286,1.9794061101092912,2025-04-23
41.26400799344286,1.979429183606559,2025-04-23
41.26400799344286,1.9794522571038267,2025-04-23
41.26400799344286,1.9794753306010944,2025-04-23
41.26400799344286,1.979498404098362,2025-04-23
41.26400799344286,1.97952147759563,2025-04-23
41.26400799344286,1.9795445510928977,2025-04-23
41.26400799344286,1.9795676245901654,2025-04-23
41.26400799344286,1.9795906980874332,2025-04-23
41.26400799344286,1.979613771584701,2025-04-23
41.26400799344286,1.9796368450819688,2025-04-23
41.26400799344286,1.9796599185792365,2025-04-23
41.26400799344286,1.9796829920765042,2025-04-23
41.26400799344286,1.979706065573772,2025-04-23
41.26400799344286,1.9797291390710399,2025-04-23
41.26400799344286,1.9797522125683076,2025-04-23
41.26400799344286,1.9797752860655753,2025-04-23
41.26400799344286,1.979798359562843,2025-04-23
41.26400799344286,1.9798214330601107,2025-04-23
41.26400799344286,1.9798445065573786,2025-04-23
41.26400799344286,1.9798675800546464,2025-04-23
41.26400799344286,1.979890653551914,2025-04-23
41.26400799344286,1.9799137270491818,2025-04-23
41.26400799344286,1.9799368005464497,2025-04-23
41.26400799344286,1.9799598740437174,2025-04-23
41.26400799344286,1.9799829475409851,2025-04-23
41.26400799344286,1.9800060210382529,2025-04-23
41.26400799344286,1.9800290945355206,2025-04-23
41.26400799344286,1.9800521680327885,2025-04-23
41.26400799344286,1.9800752415300562,2025-04-23
41.26400799344286,1.980098315027324,2025-04-23
41.26400799344286,1.9801213885245916,2025-04-23
41.26400799344286,1.9801444620218593,2025-04-23
41.26400799344286,1.9801675355191273,2025-04-23
41.26400799344286,1.980190609016395,2025-04-23
41.26400799344286,1.9802136825136627,2025-04-23
41.26400799344286,1.9802367560109304,2025-04-23
41.26400799344286,1.9802598295081983,2025-04-23
41.26400799344286,1.980282903005466,2025-04-23
41.26400799344286,1.9803059765027338,2025-04-23
41.26400799344286,1.9803290500000015,2025-04-23
41.26400799344286,1.9803521234972692,2025-04-23
41.26400799344286,1.9803751969945371,2025-04-23
41.26400799344286,1.9803982704918048,2025-04-23
41.26400799344286,1.9804213439890725,2025-04-23
41.26400799344286,1.9804444174863403,2025-04-23
41.26400799344286,1.980467490983608,2025-04-23
41.26400799344286,1.9808366669398922,2025-04-23
41.26400799344286,1.98085974043716,2025-04-23
41.26400799344286,1.9808828139344277,2025-04-23
41.26400799344286,1.9809058874316956,2025-04-23
41.26400799344286,1.9809289609289633,2025-04-23
41.26400799344286,1.980952034426231,2025-04-23
41.26400799344286,1.9837208540983622,2025-04-23
41.26400799344286,1.98374392759563,2025-04-23
41.26400799344286,1.9837670010928976,2025-04-23
41.26400799344286,1.9837900745901655,2025-04-23
41.26400799344286,1.9838131480874333,2025-04-23
41.26400799344286,1.983836221584701,2025-04-23
41.26400799344286,1.9838592950819687,2025-04-23
41.26400799344286,1.9838823685792364,2025-04-23
41.26400799344286,1.9839054420765043,2025-04-23
41.26400799344286,1.983928515573772,2025-04-23
41.26400799344286,1.9839515890710397,2025-04-23
41.26400799344286,1.9839746625683075,2025-04-23
41.26400799344286,1.9839977360655752,2025-04-23
41.26400799344286,1.984020809562843,2025-04-23
41.26400799344286,1.9840438830601108,2025-04-23
41.26400799344286,1.9840669565573785,2025-04-23
41.26400799344286,1.9840900300546462,2025-04-23
41.26400799344286,1.9841131035519142,2025-04-23
41.26400799344286,1.9841361770491819,2025-04-23
41.26400799344286,1.9841592505464496,2025-04-23
41.26400799344286,1.9841823240437173,2025-04-23
41.26400799344286,1.984205397540985,2025-04-23
41.26400799344286,1.984228471038253,2025-04-23
41.26400799344286,1.9842515445355207,2025-04-23
41.26400799344286,1.9842746180327884,2025-04-23
41.26400799344286,1.984297691530056,2025-04-23
41.26400799344286,1.984320765027324,2025-04-23
41.26400799344286,1.9843438385245917,2025-04-23
41.26400799344286,1.9843669120218594,2025-04-23
41.26400799344286,1.9843899855191272,2025-04-23
41.26400799344286,1.9844130590163949,2025-04-23
41.26400799344286,1.9851514109289632,2025-04-23
41.26400799344286,1.985174484426231,2025-04-23
41.26400799344286,1.9851975579234988,2025-04-23
41.26400799344286,1.9852206314207665,2025-04-23
41.26400799344286,1.9852437049180343,2025-04-23
41.26400799344286,1.985266778415302,2025-04-23
41.26400799344286,1.98528985191257,2025-04-23
41.26400799344286,1.9853129254098376,2025-04-23
41.26400799344286,1.9853359989071053,2025-04-23
41.26400799344286,1.985359072404373,2025-04-23
41.26400799344286,1.9854975133879798,2025-04-23
41.26400799344286,1.9855205868852475,2025-04-23
41.26400799344286,1.9855436603825152,2025-04-23
41.26400799344286,1.9855667338797829,2025-04-23
41.26400799344286,1.9855898073770506,2025-04-23
41.26400799344286,1.9856128808743185,2025-04-23
41.26400799344286,1.9856359543715862,2025-04-23
41.26400799344286,1.985659027868854,2025-04-23
41.26400799344286,1.9856821013661217,2025-04-23
41.26400799344286,1.9857051748633894,2025-04-23
41.26400799344286,1.9857282483606573,2025-04-23
41.26400799344286,1.985751321857925,2025-04-23
41.26400799344286,1.9857743953551927,2025-04-23
41.26400799344286,1.9857974688524604,2025-04-23
41.26400799344286,1.9858205423497282,2025-04-23
41.26400799344286,1.985843615846996,2025-04-23
41.26400799344286,1.9860974243169414,2025-04-23
41.26400799344286,1.986120497814209,2025-04-23
41.26400799344286,1.986143571311477,2025-04-23
41.26400799344286,1.9861666448087447,2025-04-23
41.26400799344286,1.9861897183060124,2025-04-23
41.26400799344286,1.9862127918032801,2025-04-23
41.26400799344286,1.9862358653005479,2025-04-23
41.26400799344286,1.9862589387978158,2025-04-23
41.26400799344286,1.9862820122950835,2025-04-23
41.26400799344286,1.9863050857923512,2025-04-23
41.26400799344286,1.986328159289619,2025-04-23
41.26400799344286,1.9863512327868866,2025-04-23
41.26400799344286,1.9863743062841546,2025-04-23
41.26400799344286,1.9863973797814223,2025-04-23
41.26400799344286,1.98642045327869,2025-04-23
41.26400799344286,1.9864435267759577,2025-04-23
41.26400799344286,1.9864666002732256,2025-04-23
41.26400799344286,1.9864896737704933,2025-04-23
41.26400799344286,1.986512747267761,2025-04-23
41.26400799344286,1.9865358207650288,2025-04-23
41.26400799344286,1.9865588942622965,2025-04-23
41.26400799344286,1.9865819677595644,2025-04-23
41.26400799344286,1.9866050412568321,2025-04-23
41.26400799344286,1.9866281147540998,2025-04-23
41.26400799344286,1.9866511882513676,2025-04-23
41.26400799344286,1.9866742617486355,2025-04-23
41.26400799344286,1.9869280702185808,2025-04-23
41.26400799344286,1.9869511437158485,2025-04-23
41.26400799344286,1.9869742172131162,2025-04-23
41.26400799344286,1.986997290710384,2025-04-23
41.26400799344286,1.9870203642076518,2025-04-23
41.26400799344286,1.9870434377049195,2025-04-23
41.26400799344286,1.9870665112021872,2025-04-23
41.26400799344286,1.987089584699455,2025-04-23
41.26400799344286,1.987112658196723,2025-04-23
41.26400799344286,1.9871357316939906,2025-04-23
41.26400799344286,1.9871588051912583,2025-04-23
41.26400799344286,1.987181878688526,2025-04-23
41.26400799344286,1.9872049521857937,2025-04-23
41.26400799344286,1.9872280256830617,2025-04-23
41.26400799344286,1.9872510991803294,2025-04-23
41.26400799344286,1.987274172677597,2025-04-23
41.26400799344286,1.9872972461748648,2025-04-23
41.26400799344286,1.9873203196721327,2025-04-23
41.26400799344286,1.9873433931694005,2025-04-23
41.26400799344286,1.9873664666666682,2025-04-23
41.26400799344286,1.9873895401639359,2025-04-23
41.26400799344286,1.9874126136612036,2025-04-23
41.26400799344286,1.9874356871584715,2025-04-23
41.26400799344286,1.9874587606557392,2025-04-23
41.26400799344286,1.987481834153007,2025-04-23
41.26400799344286,1.9875049076502747,2025-04-23
41.26400799344286,1.9875279811475424,2025-04-23
41.26400799344286,1.9875510546448103,2025-04-23
41.26400799344286,1.987574128142078,2025-04-23
41.26400799344286,1.9875972016393457,2025-04-23
41.26400799344286,1.9876202751366134,2025-04-23
41.26400799344286,1.9876433486338814,2025-04-23
41.26400799344286,1.987666422131149,2025-04-23
41.26400799344286,1.9876894956284168,2025-04-23
41.26400799344286,1.9877125691256845,2025-04-23
41.26400799344286,1.9877356426229522,2025-04-23
41.26400799344286,1.9877587161202201,2025-04-23
41.26400799344286,1.9881278920765042,2025-04-23
41.26400799344286,1.988150965573772,2025-04-23
41.26400799344286,1.9881740390710396,2025-04-23
41.26400799344286,1.9881971125683076,2025-04-23
41.26400799344286,1.9882201860655753,2025-04-23
41.26400799344286,1.988243259562843,2025-04-23
41.26400799344286,1.9882663330601107,2025-04-23
41.26400799344286,1.9882894065573786,2025-04-23
41.26400799344286,1.9883124800546463,2025-04-23
41.26400799344286,1.988335553551914,2025-04-23
41.26400799344286,1.9883586270491818,2025-04-23
41.26400799344286,1.9883817005464495,2025-04-23
41.26400799344286,1.9884047740437174,2025-04-23
41.26400799344286,1.9884278475409851,2025-04-23
41.26400799344286,1.9884509210382528,2025-04-23
41.26400799344286,1.9884739945355205,2025-04-23
41.26400799344286,1.9893277139344276,2025-04-23
41.26400799344286,1.9893507874316954,2025-04-23
41.26400799344286,1.9893738609289633,2025-04-23
41.26400799344286,1.989396934426231,2025-04-23
41.26400799344286,1.9894200079234987,2025-04-23
41.26400799344286,1.9894430814207664,2025-04-23
41.26400799344286,1.9894661549180344,2025-04-23
41.26400799344286,1.989489228415302,2025-04-23
41.26400799344286,1.9895123019125698,2025-04-23
41.26400799344286,1.9895353754098375,2025-04-23
41.26400799344286,1.9895584489071052,2025-04-23
41.26400799344286,1.9895815224043731,2025-04-23
41.26400799344286,1.9896045959016408,2025-04-23
41.26400799344286,1.9896276693989086,2025-04-23
41.26400799344286,1.9896507428961763,2025-04-23
41.26400799344286,1.9896738163934442,2025-04-23
41.26400799344286,1.989696889890712,2025-04-23
41.26400799344286,1.9897199633879796,2025-04-23
41.26400799344286,1.9897430368852473,2025-04-23
41.26400799344286,1.989766110382515,2025-04-23
41.26400799344286,1.989789183879783,2025-04-23
41.26400799344286,1.9900429923497283,2025-04-23
41.26400799344286,1.990066065846996,2025-04-23
41.26400799344286,1.9900891393442637,2025-04-23
41.26400799344286,1.9901122128415316,2025-04-23
41.26400799344286,1.9901352863387993,2025-04-23
41.26400799344286,1.990158359836067,2025-04-23
41.26400799344286,1.9901814333333347,2025-04-23
41.26400799344286,1.9902045068306025,2025-04-23
41.26400799344286,1.9902275803278704,2025-04-23
41.26400799344286,1.990250653825138,2025-04-23
41.26400799344286,1.9902737273224058,2025-04-23
41.26400799344286,1.9902968008196735,2025-04-23
41.26400799344286,1.9903198743169415,2025-04-23
41.26400799344286,1.9903429478142092,2025-04-23
41.26400799344286,1.9903660213114769,2025-04-23
41.26400799344286,1.9903890948087446,2025-04-23
41.26400799344286,1.9904121683060123,2025-04-23
41.26400799344286,1.9904352418032802,2025-04-23
41.26400799344286,1.990458315300548,2025-04-23
41.26400799344286,1.9904813887978157,2025-04-23
41.26400799344286,1.9905044622950834,2025-04-23
41.26400799344286,1.990527535792351,2025-04-23
41.26400799344286,1.990550609289619,2025-04-23
41.26400799344286,1.9905736827868867,2025-04-23
41.26400799344286,1.9905967562841544,2025-04-23
41.26400799344286,1.9906198297814222,2025-04-23
41.26400799344286,1.99064290327869,2025-04-23
41.26400799344286,1.9906659767759578,2025-04-23
41.26400799344286,1.9906890502732255,2025-04-23
41.26400799344286,1.9907121237704932,2025-04-23
41.26400799344286,1.990735197267761,2025-04-23
41.26400799344286,1.9907582707650289,2025-04-23
41.26400799344286,1.9907813442622966,2025-04-23
41.26400799344286,1.9908044177595643,2025-04-23
41.26400799344286,1.990827491256832,2025-04-23
41.26400799344286,1.9908505647541,2025-04-23
41.26400799344286,1.9908736382513676,2025-04-23
41.26400799344286,1.9908967117486354,2025-04-23
41.26400799344286,1.990919785245903,2025-04-23
41.26400799344286,1.9909428587431708,2025-04-23
41.26400799344286,1.9909659322404387,2025-04-23
41.26400799344286,1.9909890057377064,2025-04-23
41.26400799344286,1.9910120792349741,2025-04-23
41.26400799344286,1.9910351527322419,2025-04-23
41.26400799344286,1.9910582262295096,2025-04-23
41.26400799344286,1.9910812997267775,2025-04-23
41.26400799344286,1.9911043732240452,2025-04-23
41.26400799344286,1.991127446721313,2025-04-23
41.26400799344286,1.9911505202185806,2025-04-23
41.26400799344286,1.9911735937158486,2025-04-23
41.26400799344286,1.9911966672131163,2025-04-23
41.26400799344286,1.991219740710384,2025-04-23
41.26400799344286,1.9912428142076517,2025-04-23
41.26400799344286,1.9912658877049194,2025-04-23
41.26400799344286,1.9912889612021873,2025-04-23
41.26400799344286,1.991312034699455,2025-04-23
41.26400799344286,1.9913351081967228,2025-04-23
41.26400799344286,1.9913581816939905,2025-04-23
41.26400799344286,1.9913812551912582,2025-04-23
41.26400799344286,1.9914043286885261,2025-04-23
41.26400799344286,1.9914274021857938,2025-04-23
41.26400799344286,1.9914504756830615,2025-04-23
41.26400799344286,1.9914735491803293,2025-04-23
41.26400799344286,1.9914966226775972,2025-04-23
41.26400799344286,1.991519696174865,2025-04-23
41.26400799344286,1.9915427696721326,2025-04-23
41.26400799344286,1.9915658431694003,2025-04-23
41.26400799344286,1.991588916666668,2025-04-23
41.26400799344286,1.991611990163936,2025-04-23
41.26400799344286,1.9916350636612037,2025-04-23
41.26400799344286,1.9916581371584714,2025-04-23
41.26400799344286,1.991681210655739,2025-04-23
41.26400799344286,1.9917042841530068,2025-04-23
41.26400799344286,1.9917273576502748,2025-04-23
41.26400799344286,1.9917504311475425,2025-04-23
41.26400799344286,1.9917735046448102,2025-04-23
41.26400799344286,1.991796578142078,2025-04-23
41.26400799344286,1.9918196516393458,2025-04-23
41.26400799344286,1.9918427251366135,2025-04-23
41.26400799344286,1.9918657986338812,2025-04-23
41.26400799344286,1.991888872131149,2025-04-23
41.26400799344286,1.9919119456284167,2025-04-23
41.26400799344286,1.9919350191256846,2025-04-23
41.26400799344286,1.9919580926229523,2025-04-23
41.26400799344286,1.99198116612022,2025-04-23
41.26400799344286,1.9920042396174877,2025-04-23
41.26400799344286,1.9920273131147557,2025-04-23
41.26400799344286,1.9920503866120234,2025-04-23
41.26400799344286,1.992073460109291,2025-04-23
41.26400799344286,1.9920965336065588,2025-04-23
41.26400799344286,1.9921196071038265,2025-04-23
41.26400799344286,1.9921426806010945,2025-04-23
41.26400799344286,1.9921657540983622,2025-04-23
41.26400799344286,1.9921888275956299,2025-04-23
41.26400799344286,1.9922119010928976,2025-04-23
41.26400799344286,1.9922349745901653,2025-04-23
41.26400799344286,1.9922580480874332,2025-04-23
41.26400799344286,1.992281121584701,2025-04-23
41.26400799344286,1.9923041950819687,2025-04-23
41.26400799344286,1.9923272685792364,2025-04-23
41.26400799344286,1.992350342076504,2025-04-23
41.26400799344286,1.992373415573772,2025-04-23
41.26400799344286,1.9923964890710397,2025-04-23
41.26394808843375,1.9548328355191273,2025-04-23
41.26394808843375,1.954855909016395,2025-04-23
41.26394808843375,1.9548789825136628,2025-04-23
41.26394808843375,1.9549020560109307,2025-04-23
41.26394808843375,1.9549251295081984,2025-04-23
41.26394808843375,1.9549482030054661,2025-04-23
41.26394808843375,1.9549712765027338,2025-04-23
41.26394808843375,1.9549943500000018,2025-04-23
41.26394808843375,1.9550174234972695,2025-04-23
41.26394808843375,1.9550404969945372,2025-04-23
41.26394808843375,1.9552943054644825,2025-04-23
41.26394808843375,1.9553173789617504,2025-04-23
41.26394808843375,1.955340452459018,2025-04-23
41.26394808843375,1.9553635259562858,2025-04-23
41.26394808843375,1.9553865994535535,2025-04-23
41.26394808843375,1.9554096729508212,2025-04-23
41.26394808843375,1.9554327464480892,2025-04-23
41.26394808843375,1.9554558199453569,2025-04-23
41.26394808843375,1.9554788934426246,2025-04-23
41.26394808843375,1.9555019669398923,2025-04-23
41.26394808843375,1.95552504043716,2025-04-23
41.26394808843375,1.955548113934428,2025-04-23
41.26394808843375,1.9555711874316957,2025-04-23
41.26394808843375,1.9555942609289634,2025-04-23
41.26394808843375,1.955617334426231,2025-04-23
41.26394808843375,1.955640407923499,2025-04-23
41.26394808843375,1.9556634814207667,2025-04-23
41.26394808843375,1.9556865549180344,2025-04-23
41.26394808843375,1.9557096284153022,2025-04-23
41.26394808843375,1.9557327019125699,2025-04-23
41.26394808843375,1.9557557754098378,2025-04-23
41.26394808843375,1.9557788489071055,2025-04-23
41.26394808843375,1.9558019224043732,2025-04-23
41.26394808843375,1.955824995901641,2025-04-23
41.26394808843375,1.9558480693989089,2025-04-23
41.26394808843375,1.9558711428961766,2025-04-23
41.26394808843375,1.9558942163934443,2025-04-23
41.26394808843375,1.955917289890712,2025-04-23
41.26394808843375,1.9559403633879797,2025-04-23
41.26394808843375,1.9559634368852477,2025-04-23
41.26394808843375,1.9559865103825154,2025-04-23
41.26394808843375,1.956009583879783,2025-04-23
41.26394808843375,1.9560326573770508,2025-04-23
41.26394808843375,1.9560557308743185,2025-04-23
41.26394808843375,1.9560788043715864,2025-04-23
41.26394808843375,1.9561018778688541,2025-04-23
41.26394808843375,1.9561249513661219,2025-04-23
41.26394808843375,1.9561480248633896,2025-04-23
41.26394808843375,1.9561710983606575,2025-04-23
41.26394808843375,1.9561941718579252,2025-04-23
41.26394808843375,1.956217245355193,2025-04-23
41.26394808843375,1.9562403188524606,2025-04-23
41.26394808843375,1.9562633923497283,2025-04-23
41.26394808843375,1.9562864658469963,2025-04-23
41.26394808843375,1.956309539344264,2025-04-23
41.26394808843375,1.9563326128415317,2025-04-23
41.26394808843375,1.9563556863387994,2025-04-23
41.26394808843375,1.9563787598360671,2025-04-23
41.26394808843375,1.956401833333335,2025-04-23
41.26394808843375,1.9564249068306028,2025-04-23
41.26394808843375,1.9564479803278705,2025-04-23
41.26394808843375,1.9564710538251382,2025-04-23
41.26394808843375,1.9564941273224061,2025-04-23
41.26394808843375,1.9565172008196738,2025-04-23
41.26394808843375,1.9565402743169416,2025-04-23
41.26394808843375,1.9565633478142093,2025-04-23
41.26394808843375,1.956586421311477,2025-04-23
41.26394808843375,1.956609494808745,2025-04-23
41.26394808843375,1.9566325683060126,2025-04-23
41.26394808843375,1.9601858868852475,2025-04-23
41.26394808843375,1.9602089603825152,2025-04-23
41.26394808843375,1.960232033879783,2025-04-23
41.26394808843375,1.9602551073770509,2025-04-23
41.26394808843375,1.9602781808743186,2025-04-23
41.26394808843375,1.9603012543715863,2025-04-23
41.26394808843375,1.960324327868854,2025-04-23
41.26394808843375,1.960347401366122,2025-04-23
41.26394808843375,1.9603704748633897,2025-04-23
41.26394808843375,1.9603935483606574,2025-04-23
41.26394808843375,1.960416621857925,2025-04-23
41.26394808843375,1.9604396953551928,2025-04-23
41.26394808843375,1.9604627688524607,2025-04-23
41.26394808843375,1.9604858423497284,2025-04-23
41.26394808843375,1.9605089158469962,2025-04-23
41.26394808843375,1.9605319893442639,2025-04-23
41.26394808843375,1.9605550628415316,2025-04-23
41.26394808843375,1.9605781363387995,2025-04-23
41.26394808843375,1.9606012098360672,2025-04-23
41.26394808843375,1.960624283333335,2025-04-23
41.26394808843375,1.9606473568306027,2025-04-23
41.26394808843375,1.9606704303278706,2025-04-23
41.26394808843375,1.9606935038251383,2025-04-23
41.26394808843375,1.960716577322406,2025-04-23
41.26394808843375,1.9607396508196737,2025-04-23
41.26394808843375,1.9607627243169414,2025-04-23
41.26394808843375,1.9607857978142094,2025-04-23
41.26394808843375,1.960808871311477,2025-04-23
41.26394808843375,1.9608319448087448,2025-04-23
41.26394808843375,1.9608550183060125,2025-04-23
41.26394808843375,1.9608780918032802,2025-04-23
41.26394808843375,1.9609011653005481,2025-04-23
41.26394808843375,1.9609242387978159,2025-04-23
41.26394808843375,1.9609473122950836,2025-04-23
41.26394808843375,1.9609703857923513,2025-04-23
41.26394808843375,1.9609934592896192,2025-04-23
41.26394808843375,1.961016532786887,2025-04-23
41.26394808843375,1.9610396062841546,2025-04-23
41.26394808843375,1.9610626797814223,2025-04-23
41.26394808843375,1.96108575327869,2025-04-23
41.26394808843375,1.961108826775958,2025-04-23
41.26394808843375,1.9611319002732257,2025-04-23
41.26394808843375,1.9611549737704934,2025-04-23
41.26394808843375,1.9611780472677611,2025-04-23
41.26394808843375,1.961201120765029,2025-04-23
41.26394808843375,1.9612241942622968,2025-04-23
41.26394808843375,1.9612472677595645,2025-04-23
41.26394808843375,1.9612703412568322,2025-04-23
41.26394808843375,1.9612934147541,2025-04-23
41.26394808843375,1.9613164882513678,2025-04-23
41.26394808843375,1.9613395617486356,2025-04-23
41.26394808843375,1.9613626352459033,2025-04-23
41.26394808843375,1.961385708743171,2025-04-23
41.26394808843375,1.9614087822404387,2025-04-23
41.26394808843375,1.9614318557377066,2025-04-23
41.26394808843375,1.9614549292349743,2025-04-23
41.26394808843375,1.961478002732242,2025-04-23
41.26394808843375,1.9615010762295098,2025-04-23
41.26394808843375,1.9615241497267777,2025-04-23
41.26394808843375,1.9615472232240454,2025-04-23
41.26394808843375,1.9615702967213131,2025-04-23
41.26394808843375,1.9615933702185808,2025-04-23
41.26394808843375,1.9616164437158485,2025-04-23
41.26394808843375,1.9616395172131165,2025-04-23
41.26394808843375,1.9616625907103842,2025-04-23
41.26394808843375,1.961685664207652,2025-04-23
41.26394808843375,1.9617087377049196,2025-04-23
41.26394808843375,1.9617318112021873,2025-04-23
41.26394808843375,1.9617548846994552,2025-04-23
41.26394808843375,1.961777958196723,2025-04-23
41.26394808843375,1.9618010316939907,2025-04-23
41.26394808843375,1.9618241051912584,2025-04-23
41.26394808843375,1.9618471786885263,2025-04-23
41.26394808843375,1.961870252185794,2025-04-23
41.26394808843375,1.9618933256830617,2025-04-23
41.26394808843375,1.9619163991803295,2025-04-23
41.26394808843375,1.9619394726775972,2025-04-23
41.26394808843375,1.961962546174865,2025-04-23
41.26394808843375,1.9619856196721328,2025-04-23
41.26394808843375,1.9620086931694005,2025-04-23
41.26394808843375,1.9620317666666682,2025-04-23
41.26394808843375,1.962054840163936,2025-04-23
41.26394808843375,1.9620779136612039,2025-04-23
41.26394808843375,1.9621009871584716,2025-04-23
41.26394808843375,1.9621240606557393,2025-04-23
41.26394808843375,1.962147134153007,2025-04-23
41.26394808843375,1.962170207650275,2025-04-23
41.26394808843375,1.9621932811475427,2025-04-23
41.26394808843375,1.9622163546448104,2025-04-23
41.26394808843375,1.962239428142078,2025-04-23
41.26394808843375,1.9622625016393458,2025-04-23
41.26394808843375,1.9622855751366137,2025-04-23
41.26394808843375,1.9623086486338814,2025-04-23
41.26394808843375,1.9623317221311491,2025-04-23
41.26394808843375,1.9623547956284169,2025-04-23
41.26394808843375,1.9623778691256848,2025-04-23
41.26394808843375,1.9624009426229525,2025-04-23
41.26394808843375,1.9624240161202202,2025-04-23
41.26394808843375,1.962447089617488,2025-04-23
41.26394808843375,1.9624701631147556,2025-04-23
41.26394808843375,1.9624932366120236,2025-04-23
41.26394808843375,1.9625163101092913,2025-04-23
41.26394808843375,1.962539383606559,2025-04-23
41.26394808843375,1.9625624571038267,2025-04-23
41.26394808843375,1.9625855306010944,2025-04-23
41.26394808843375,1.9626086040983624,2025-04-23
41.26394808843375,1.96263167759563,2025-04-23
41.26394808843375,1.9626547510928978,2025-04-23
41.26394808843375,1.9626778245901655,2025-04-23
41.26394808843375,1.9641314549180344,2025-04-23
41.26394808843375,1.9641545284153021,2025-04-23
41.26394808843375,1.9641776019125698,2025-04-23
41.26394808843375,1.9642006754098378,2025-04-23
41.26394808843375,1.9642237489071055,2025-04-23
41.26394808843375,1.9642468224043732,2025-04-23
41.26394808843375,1.964269895901641,2025-04-23
41.26394808843375,1.9642929693989086,2025-04-23
41.26394808843375,1.9643160428961766,2025-04-23
41.26394808843375,1.9643391163934443,2025-04-23
41.26394808843375,1.964362189890712,2025-04-23
41.26394808843375,1.9645006308743185,2025-04-23
41.26394808843375,1.9645237043715864,2025-04-23
41.26394808843375,1.9645467778688541,2025-04-23
41.26394808843375,1.9645698513661218,2025-04-23
41.26394808843375,1.9645929248633895,2025-04-23
41.26394808843375,1.9646159983606573,2025-04-23
41.26394808843375,1.9646390718579252,2025-04-23
41.26394808843375,1.964662145355193,2025-04-23
41.26394808843375,1.9646852188524606,2025-04-23
41.26394808843375,1.9647082923497283,2025-04-23
41.26394808843375,1.964731365846996,2025-04-23
41.26394808843375,1.964754439344264,2025-04-23
41.26394808843375,1.9647775128415317,2025-04-23
41.26394808843375,1.9648005863387994,2025-04-23
41.26394808843375,1.964823659836067,2025-04-23
41.26394808843375,1.964846733333335,2025-04-23
41.26394808843375,1.9648698068306027,2025-04-23
41.26394808843375,1.9648928803278705,2025-04-23
41.26394808843375,1.9649159538251382,2025-04-23
41.26394808843375,1.9649390273224059,2025-04-23
41.26394808843375,1.9649621008196738,2025-04-23
41.26394808843375,1.9649851743169415,2025-04-23
41.26394808843375,1.9650082478142092,2025-04-23
41.26394808843375,1.965031321311477,2025-04-23
41.26394808843375,1.9650543948087447,2025-04-23
41.26394808843375,1.9650774683060126,2025-04-23
41.26394808843375,1.9651005418032803,2025-04-23
41.26394808843375,1.965123615300548,2025-04-23
41.26394808843375,1.9651466887978157,2025-04-23
41.26394808843375,1.9651697622950837,2025-04-23
41.26394808843375,1.9651928357923514,2025-04-23
41.26394808843375,1.965215909289619,2025-04-23
41.26394808843375,1.9652389827868868,2025-04-23
41.26394808843375,1.9652620562841545,2025-04-23
41.26394808843375,1.9652851297814224,2025-04-23
41.26394808843375,1.9653082032786902,2025-04-23
41.26394808843375,1.9653312767759579,2025-04-23
41.26394808843375,1.9653543502732256,2025-04-23
41.26394808843375,1.9653774237704935,2025-04-23
41.26394808843375,1.9654004972677612,2025-04-23
41.26394808843375,1.965423570765029,2025-04-23
41.26394808843375,1.9654466442622966,2025-04-23
41.26394808843375,1.9654697177595644,2025-04-23
41.26394808843375,1.9654927912568323,2025-04-23
41.26394808843375,1.9655158647541,2025-04-23
41.26394808843375,1.9655389382513677,2025-04-23
41.26394808843375,1.9655620117486354,2025-04-23
41.26394808843375,1.9655850852459031,2025-04-23
41.26394808843375,1.965608158743171,2025-04-23
41.26394808843375,1.9656312322404388,2025-04-23
41.26394808843375,1.9656543057377065,2025-04-23
41.26394808843375,1.9656773792349742,2025-04-23
41.26394808843375,1.9657004527322421,2025-04-23
41.26394808843375,1.9657235262295099,2025-04-23
41.26394808843375,1.9657465997267776,2025-04-23
41.26394808843375,1.9657696732240453,2025-04-23
41.26394808843375,1.965792746721313,2025-04-23
41.26394808843375,1.965815820218581,2025-04-23
41.26394808843375,1.9658388937158486,2025-04-23
41.26394808843375,1.9658619672131163,2025-04-23
41.26394808843375,1.965885040710384,2025-04-23
41.26394808843375,1.9659081142076518,2025-04-23
41.26394808843375,1.9659311877049197,2025-04-23
41.26394808843375,1.9659542612021874,2025-04-23
41.26394808843375,1.9659773346994551,2025-04-23
41.26394808843375,1.9660004081967228,2025-04-23
41.26394808843375,1.9660234816939908,2025-04-23
41.26394808843375,1.9660465551912585,2025-04-23
41.26394808843375,1.9660696286885262,2025-04-23
41.26394808843375,1.966092702185794,2025-04-23
41.26394808843375,1.9661157756830616,2025-04-23
41.26394808843375,1.9661388491803296,2025-04-23
41.26394808843375,1.9661619226775973,2025-04-23
41.26394808843375,1.966184996174865,2025-04-23
41.26394808843375,1.9662080696721327,2025-04-23
41.26394808843375,1.9662311431694004,2025-04-23
41.26394808843375,1.9662542166666683,2025-04-23
41.26394808843375,1.966277290163936,2025-04-23
41.26394808843375,1.9663003636612038,2025-04-23
41.26394808843375,1.9663234371584715,2025-04-23
41.26394808843375,1.9663465106557394,2025-04-23
41.26394808843375,1.966369584153007,2025-04-23
41.26394808843375,1.9663926576502748,2025-04-23
41.26394808843375,1.9664157311475425,2025-04-23
41.26394808843375,1.9664388046448102,2025-04-23
41.26394808843375,1.9664618781420782,2025-04-23
41.26394808843375,1.966484951639346,2025-04-23
41.26394808843375,1.9665080251366136,2025-04-23
41.26394808843375,1.9665310986338813,2025-04-23
41.26394808843375,1.9665541721311492,2025-04-23
41.26394808843375,1.966577245628417,2025-04-23
41.26394808843375,1.9666003191256847,2025-04-23
41.26394808843375,1.9666233926229524,2025-04-23
41.26394808843375,1.970592034153007,2025-04-23
41.26394808843375,1.9706151076502747,2025-04-23
41.26394808843375,1.9706381811475426,2025-04-23
41.26394808843375,1.9706612546448103,2025-04-23
41.26394808843375,1.970684328142078,2025-04-23
41.26394808843375,1.9707074016393458,2025-04-23
41.26394808843375,1.9707304751366137,2025-04-23
41.26394808843375,1.9707535486338814,2025-04-23
41.26394808843375,1.9707766221311491,2025-04-23
41.26394808843375,1.9707996956284168,2025-04-23
41.26394808843375,1.971168871584701,2025-04-23
41.26394808843375,1.9711919450819688,2025-04-23
41.26394808843375,1.9712150185792365,2025-04-23
41.26394808843375,1.9712380920765042,2025-04-23
41.26394808843375,1.971261165573772,2025-04-23
41.26394808843375,1.97128423907104,2025-04-23
41.26394808843375,1.9713073125683076,2025-04-23
41.26394808843375,1.9713303860655753,2025-04-23
41.26394808843375,1.971353459562843,2025-04-23
41.26394808843375,1.971376533060111,2025-04-23
41.26394808843375,1.9713996065573787,2025-04-23
41.26394808843375,1.9714226800546464,2025-04-23
41.26394808843375,1.971445753551914,2025-04-23
41.26394808843375,1.9714688270491818,2025-04-23
41.26394808843375,1.9714919005464497,2025-04-23
41.26394808843375,1.9715149740437174,2025-04-23
41.26394808843375,1.9715380475409852,2025-04-23
41.26394808843375,1.9715611210382529,2025-04-23
41.26394808843375,1.9715841945355208,2025-04-23
41.26394808843375,1.9716072680327885,2025-04-23
41.26394808843375,1.9716303415300562,2025-04-23
41.26394808843375,1.971653415027324,2025-04-23
41.26394808843375,1.9716764885245917,2025-04-23
41.26394808843375,1.9716995620218596,2025-04-23
41.26394808843375,1.9717226355191273,2025-04-23
41.26394808843375,1.971745709016395,2025-04-23
41.26394808843375,1.9717687825136627,2025-04-23
41.26394808843375,1.9717918560109304,2025-04-23
41.26394808843375,1.9718149295081984,2025-04-23
41.26394808843375,1.971838003005466,2025-04-23
41.26394808843375,1.9718610765027338,2025-04-23
41.26394808843375,1.972137958469947,2025-04-23
41.26394808843375,1.9721610319672147,2025-04-23
41.26394808843375,1.9721841054644824,2025-04-23
41.26394808843375,1.9722071789617501,2025-04-23
41.26394808843375,1.972230252459018,2025-04-23
41.26394808843375,1.9722533259562858,2025-04-23
41.26394808843375,1.9722763994535535,2025-04-23
41.26394808843375,1.9722994729508212,2025-04-23
41.26394808843375,1.972322546448089,2025-04-23
41.26394808843375,1.9723456199453568,2025-04-23
41.26394808843375,1.9723686934426246,2025-04-23
41.26394808843375,1.9723917669398923,2025-04-23
41.26394808843375,1.97241484043716,2025-04-23
41.26394808843375,1.9724379139344277,2025-04-23
41.26394808843375,1.9724609874316956,2025-04-23
41.26394808843375,1.9724840609289633,2025-04-23
41.26394808843375,1.972507134426231,2025-04-23
41.26394808843375,1.9725302079234988,2025-04-23
41.26394808843375,1.9725532814207667,2025-04-23
41.26394808843375,1.9725763549180344,2025-04-23
41.26394808843375,1.9725994284153021,2025-04-23
41.26394808843375,1.9726225019125698,2025-04-23
41.26394808843375,1.9726455754098375,2025-04-23
41.26394808843375,1.9726686489071055,2025-04-23
41.26394808843375,1.9726917224043732,2025-04-23
41.26394808843375,1.972714795901641,2025-04-23
41.26394808843375,1.9727378693989086,2025-04-23
41.26394808843375,1.9727609428961763,2025-04-23
41.26394808843375,1.9727840163934443,2025-04-23
41.26394808843375,1.972807089890712,2025-04-23
41.26394808843375,1.9728301633879797,2025-04-23
41.26394808843375,1.9728532368852474,2025-04-23
41.26394808843375,1.9728763103825153,2025-04-23
41.26394808843375,1.972899383879783,2025-04-23
41.26394808843375,1.9729224573770507,2025-04-23
41.26394808843375,1.9729455308743185,2025-04-23
41.26394808843375,1.9729686043715862,2025-04-23
41.26394808843375,1.972991677868854,2025-04-23
41.26394808843375,1.9730147513661218,2025-04-23
41.26394808843375,1.9730378248633895,2025-04-23
41.26394808843375,1.9730608983606572,2025-04-23
41.26394808843375,1.9730839718579252,2025-04-23
41.26394808843375,1.9731070453551929,2025-04-23
41.26394808843375,1.9731301188524606,2025-04-23
41.26394808843375,1.9731531923497283,2025-04-23
41.26394808843375,1.973176265846996,2025-04-23
41.26394808843375,1.9734531478142092,2025-04-23
41.26394808843375,1.973476221311477,2025-04-23
41.26394808843375,1.9734992948087446,2025-04-23
41.26394808843375,1.9735223683060126,2025-04-23
41.26394808843375,1.9735454418032803,2025-04-23
41.26394808843375,1.973568515300548,2025-04-23
41.26394808843375,1.9735915887978157,2025-04-23
41.26394808843375,1.9736146622950834,2025-04-23
41.26394808843375,1.9736377357923514,2025-04-23
41.26394808843375,1.973660809289619,2025-04-23
41.26394808843375,1.9736838827868868,2025-04-23
41.26394808843375,1.9737069562841545,2025-04-23
41.26394808843375,1.9737300297814224,2025-04-23
41.26394808843375,1.9737531032786901,2025-04-23
41.26394808843375,1.9737761767759578,2025-04-23
41.26394808843375,1.974053058743171,2025-04-23
41.26394808843375,1.9740761322404388,2025-04-23
41.26394808843375,1.9740992057377065,2025-04-23
41.26394808843375,1.9741222792349742,2025-04-23
41.26394808843375,1.974145352732242,2025-04-23
41.26394808843375,1.9741684262295098,2025-04-23
41.26394808843375,1.9741914997267775,2025-04-23
41.26394808843375,1.9742145732240453,2025-04-23
41.26394808843375,1.974237646721313,2025-04-23
41.26394808843375,1.974260720218581,2025-04-23
41.26394808843375,1.9742837937158486,2025-04-23
41.26394808843375,1.9743068672131163,2025-04-23
41.26394808843375,1.974329940710384,2025-04-23
41.26394808843375,1.9743530142076517,2025-04-23
41.26394808843375,1.9743760877049197,2025-04-23
41.26394808843375,1.9743991612021874,2025-04-23
41.26394808843375,1.974422234699455,2025-04-23
41.26394808843375,1.9744453081967228,2025-04-23
41.26394808843375,1.9744683816939905,2025-04-23
41.26394808843375,1.9744914551912585,2025-04-23
41.26394808843375,1.9745145286885262,2025-04-23
41.26394808843375,1.9745376021857939,2025-04-23
41.26394808843375,1.9745606756830616,2025-04-23
41.26394808843375,1.9745837491803295,2025-04-23
41.26394808843375,1.9746068226775972,2025-04-23
41.26394808843375,1.9747683371584714,2025-04-23
41.26394808843375,1.9747914106557392,2025-04-23
41.26394808843375,1.974814484153007,2025-04-23
41.26394808843375,1.9748375576502748,2025-04-23
41.26394808843375,1.9748606311475425,2025-04-23
41.26394808843375,1.9748837046448102,2025-04-23
41.26394808843375,1.9749067781420782,2025-04-23
41.26394808843375,1.9749298516393459,2025-04-23
41.26394808843375,1.9749529251366136,2025-04-23
41.26394808843375,1.9749759986338813,2025-04-23
41.26394808843375,1.974999072131149,2025-04-23
41.26394808843375,1.975022145628417,2025-04-23
41.26394808843375,1.9750452191256846,2025-04-23
41.26394808843375,1.9750682926229524,2025-04-23
41.26394808843375,1.97509136612022,2025-04-23
41.26394808843375,1.9751144396174878,2025-04-23
41.26394808843375,1.9751375131147557,2025-04-23
41.26394808843375,1.9751605866120234,2025-04-23
41.26394808843375,1.9751836601092911,2025-04-23
41.26394808843375,1.9752067336065589,2025-04-23
41.26394808843375,1.9755989830601108,2025-04-23
41.26394808843375,1.9756220565573785,2025-04-23
41.26394808843375,1.9756451300546463,2025-04-23
41.26394808843375,1.9756682035519142,2025-04-23
41.26394808843375,1.975691277049182,2025-04-23
41.26394808843375,1.9757143505464496,2025-04-23
41.26394808843375,1.9757374240437173,2025-04-23
41.26394808843375,1.9757604975409853,2025-04-23
41.26394808843375,1.975783571038253,2025-04-23
41.26394808843375,1.9758066445355207,2025-04-23
41.26394808843375,1.9759450855191272,2025-04-23
41.26394808843375,1.9759681590163949,2025-04-23
41.26394808843375,1.9759912325136628,2025-04-23
41.26394808843375,1.9760143060109305,2025-04-23
41.26394808843375,1.9760373795081982,2025-04-23
41.26394808843375,1.976060453005466,2025-04-23
41.26394808843375,1.9761988939890727,2025-04-23
41.26394808843375,1.9762219674863404,2025-04-23
41.26394808843375,1.976245040983608,2025-04-23
41.26394808843375,1.9762681144808758,2025-04-23
41.26394808843375,1.9762911879781435,2025-04-23
41.26394808843375,1.9763142614754114,2025-04-23
41.26394808843375,1.9763373349726792,2025-04-23
41.26394808843375,1.9763604084699469,2025-04-23
41.26394808843375,1.9763834819672146,2025-04-23
41.26394808843375,1.9764065554644825,2025-04-23
41.26394808843375,1.9764296289617502,2025-04-23
41.26394808843375,1.976452702459018,2025-04-23
41.26394808843375,1.9764757759562857,2025-04-23
41.26394808843375,1.9764988494535534,2025-04-23
41.26394808843375,1.9765219229508213,2025-04-23
41.26394808843375,1.976544996448089,2025-04-23
41.26394808843375,1.9765680699453567,2025-04-23
41.26394808843375,1.9765911434426244,2025-04-23
41.26394808843375,1.9766142169398924,2025-04-23
41.26394808843375,1.97663729043716,2025-04-23
41.26394808843375,1.9766603639344278,2025-04-23
41.26394808843375,1.9766834374316955,2025-04-23
41.26394808843375,1.9767065109289632,2025-04-23
41.26394808843375,1.981436577868854,2025-04-23
41.26394808843375,1.9814596513661218,2025-04-23
41.26394808843375,1.9814827248633895,2025-04-23
41.26394808843375,1.9815057983606572,2025-04-23
41.26394808843375,1.981528871857925,2025-04-23
41.26394808843375,1.9815519453551929,2025-04-23
41.26394808843375,1.9815750188524606,2025-04-23
41.26394808843375,1.9815980923497283,2025-04-23
41.26394808843375,1.981621165846996,2025-04-23
41.26394808843375,1.9816442393442637,2025-04-23
41.26394808843375,1.9816673128415316,2025-04-23
41.26394808843375,1.9816903863387993,2025-04-23
41.26394808843375,1.981713459836067,2025-04-23
41.26394808843375,1.9817365333333348,2025-04-23
41.26394808843375,1.9817596068306027,2025-04-23
41.26394808843375,1.9817826803278704,2025-04-23
41.26394808843375,1.9818057538251381,2025-04-23
41.26394808843375,1.9818288273224058,2025-04-23
41.26394808843375,1.9818519008196736,2025-04-23
41.26394808843375,1.9818749743169415,2025-04-23
41.26394808843375,1.9818980478142092,2025-04-23
41.26394808843375,1.981921121311477,2025-04-23
41.26394808843375,1.9819441948087446,2025-04-23
41.26394808843375,1.9819672683060126,2025-04-23
41.26394808843375,1.9819903418032803,2025-04-23
41.26394808843375,1.982013415300548,2025-04-23
41.26394808843375,1.9821518562841545,2025-04-23
41.26394808843375,1.9821749297814222,2025-04-23
41.26394808843375,1.9821980032786901,2025-04-23
41.26394808843375,1.9822210767759578,2025-04-23
41.26394808843375,1.9822441502732255,2025-04-23
41.26394808843375,1.9822672237704932,2025-04-23
41.26394808843375,1.9830055756830616,2025-04-23
41.26394808843375,1.9830286491803293,2025-04-23
41.26394808843375,1.9830517226775972,2025-04-23
41.26394808843375,1.983074796174865,2025-04-23
41.26394808843375,1.9830978696721326,2025-04-23
41.26394808843375,1.9831209431694004,2025-04-23
41.26394808843375,1.9831440166666683,2025-04-23
41.26394808843375,1.983167090163936,2025-04-23
41.26394808843375,1.9831901636612037,2025-04-23
41.26394808843375,1.9832132371584714,2025-04-23
41.26394808843375,1.9837208540983622,2025-04-23
41.26394808843375,1.98374392759563,2025-04-23
41.26394808843375,1.9837670010928976,2025-04-23
41.26394808843375,1.9837900745901655,2025-04-23
41.26394808843375,1.9838131480874333,2025-04-23
41.26394808843375,1.983836221584701,2025-04-23
41.26394808843375,1.9838592950819687,2025-04-23
41.26394808843375,1.9838823685792364,2025-04-23
41.26394808843375,1.9839054420765043,2025-04-23
41.26394808843375,1.983928515573772,2025-04-23
41.26394808843375,1.9839515890710397,2025-04-23
41.26394808843375,1.9839746625683075,2025-04-23
41.26394808843375,1.9839977360655752,2025-04-23
41.26394808843375,1.984020809562843,2025-04-23
41.26394808843375,1.9840438830601108,2025-04-23
41.26394808843375,1.9840669565573785,2025-04-23
41.26394808843375,1.9840900300546462,2025-04-23
41.26394808843375,1.9841131035519142,2025-04-23
41.26394808843375,1.9841361770491819,2025-04-23
41.26394808843375,1.9841592505464496,2025-04-23
41.26394808843375,1.9841823240437173,2025-04-23
41.26394808843375,1.984205397540985,2025-04-23
41.26394808843375,1.984228471038253,2025-04-23
41.26394808843375,1.9842515445355207,2025-04-23
41.26394808843375,1.9842746180327884,2025-04-23
41.26394808843375,1.984297691530056,2025-04-23
41.26394808843375,1.984320765027324,2025-04-23
41.26394808843375,1.9843438385245917,2025-04-23
41.26394808843375,1.9843669120218594,2025-04-23
41.26394808843375,1.9843899855191272,2025-04-23
41.26394808843375,1.9844130590163949,2025-04-23
41.26394808843375,1.9851514109289632,2025-04-23
41.26394808843375,1.985174484426231,2025-04-23
41.26394808843375,1.9851975579234988,2025-04-23
41.26394808843375,1.9852206314207665,2025-04-23
41.26394808843375,1.9852437049180343,2025-04-23
41.26394808843375,1.985266778415302,2025-04-23
41.26394808843375,1.98528985191257,2025-04-23
41.26394808843375,1.9853129254098376,2025-04-23
41.26394808843375,1.9853359989071053,2025-04-23
41.26394808843375,1.985359072404373,2025-04-23
41.26394808843375,1.9854975133879798,2025-04-23
41.26394808843375,1.9855205868852475,2025-04-23
41.26394808843375,1.9855436603825152,2025-04-23
41.26394808843375,1.9855667338797829,2025-04-23
41.26394808843375,1.9855898073770506,2025-04-23
41.26394808843375,1.9856128808743185,2025-04-23
41.26394808843375,1.9856359543715862,2025-04-23
41.26394808843375,1.985659027868854,2025-04-23
41.26394808843375,1.9856821013661217,2025-04-23
41.26394808843375,1.9857051748633894,2025-04-23
41.26394808843375,1.9857282483606573,2025-04-23
41.26394808843375,1.985751321857925,2025-04-23
41.26394808843375,1.9857743953551927,2025-04-23
41.26394808843375,1.9857974688524604,2025-04-23
41.26394808843375,1.9858205423497282,2025-04-23
41.26394808843375,1.985843615846996,2025-04-23
41.26394808843375,1.9860974243169414,2025-04-23
41.26394808843375,1.986120497814209,2025-04-23
41.26394808843375,1.986143571311477,2025-04-23
41.26394808843375,1.9861666448087447,2025-04-23
41.26394808843375,1.9861897183060124,2025-04-23
41.26394808843375,1.9862127918032801,2025-04-23
41.26394808843375,1.9862358653005479,2025-04-23
41.26394808843375,1.9862589387978158,2025-04-23
41.26394808843375,1.9862820122950835,2025-04-23
41.26394808843375,1.9863050857923512,2025-04-23
41.26394808843375,1.986328159289619,2025-04-23
41.26394808843375,1.9863512327868866,2025-04-23
41.26394808843375,1.9863743062841546,2025-04-23
41.26394808843375,1.9863973797814223,2025-04-23
41.26394808843375,1.98642045327869,2025-04-23
41.26394808843375,1.9864435267759577,2025-04-23
41.26394808843375,1.9864666002732256,2025-04-23
41.26394808843375,1.9864896737704933,2025-04-23
41.26394808843375,1.986512747267761,2025-04-23
41.26394808843375,1.9865358207650288,2025-04-23
41.26394808843375,1.9865588942622965,2025-04-23
41.26394808843375,1.9865819677595644,2025-04-23
41.26394808843375,1.9866050412568321,2025-04-23
41.26394808843375,1.9866281147540998,2025-04-23
41.26394808843375,1.9866511882513676,2025-04-23
41.26394808843375,1.9866742617486355,2025-04-23
41.26394808843375,1.9880125245901654,2025-04-23
41.26394808843375,1.9880355980874331,2025-04-23
41.26394808843375,1.9880586715847008,2025-04-23
41.26394808843375,1.9880817450819688,2025-04-23
41.26394808843375,1.9881048185792365,2025-04-23
41.26388818342464,1.9505180915300564,2025-04-23
41.26388818342464,1.950541165027324,2025-04-23
41.26388818342464,1.9505642385245918,2025-04-23
41.26388818342464,1.9505873120218595,2025-04-23
41.26388818342464,1.9506103855191275,2025-04-23
41.26388818342464,1.9506334590163952,2025-04-23
41.26388818342464,1.9506565325136629,2025-04-23
41.26388818342464,1.9506796060109306,2025-04-23
41.26388818342464,1.9507026795081983,2025-04-23
41.26388818342464,1.9507257530054662,2025-04-23
41.26388818342464,1.950748826502734,2025-04-23
41.26388818342464,1.9507719000000017,2025-04-23
41.26388818342464,1.9507949734972694,2025-04-23
41.26388818342464,1.9508180469945373,2025-04-23
41.26388818342464,1.950841120491805,2025-04-23
41.26388818342464,1.9508641939890727,2025-04-23
41.26388818342464,1.9508872674863404,2025-04-23
41.26388818342464,1.9509103409836082,2025-04-23
41.26388818342464,1.950933414480876,2025-04-23
41.26388818342464,1.9509564879781438,2025-04-23
41.26388818342464,1.9509795614754115,2025-04-23
41.26388818342464,1.9510026349726792,2025-04-23
41.26388818342464,1.951025708469947,2025-04-23
41.26388818342464,1.9510487819672149,2025-04-23
41.26388818342464,1.9510718554644826,2025-04-23
41.26388818342464,1.9510949289617503,2025-04-23
41.26388818342464,1.951118002459018,2025-04-23
41.26388818342464,1.951141075956286,2025-04-23
41.26388818342464,1.9511641494535537,2025-04-23
41.26388818342464,1.9511872229508214,2025-04-23
41.26388818342464,1.951210296448089,2025-04-23
41.26388818342464,1.9512333699453568,2025-04-23
41.26388818342464,1.9512564434426247,2025-04-23
41.26388818342464,1.9512795169398924,2025-04-23
41.26388818342464,1.9513025904371601,2025-04-23
41.26388818342464,1.9513256639344279,2025-04-23
41.26388818342464,1.9513487374316956,2025-04-23
41.26388818342464,1.9513718109289635,2025-04-23
41.26388818342464,1.9513948844262312,2025-04-23
41.26388818342464,1.951417957923499,2025-04-23
41.26388818342464,1.9514410314207666,2025-04-23
41.26388818342464,1.9514641049180346,2025-04-23
41.26388818342464,1.9514871784153023,2025-04-23
41.26388818342464,1.95151025191257,2025-04-23
41.26388818342464,1.9515333254098377,2025-04-23
41.26388818342464,1.9515563989071054,2025-04-23
41.26388818342464,1.9515794724043733,2025-04-23
41.26388818342464,1.951602545901641,2025-04-23
41.26388818342464,1.9516256193989088,2025-04-23
41.26388818342464,1.9516486928961765,2025-04-23
41.26388818342464,1.9516717663934442,2025-04-23
41.26388818342464,1.9516948398907121,2025-04-23
41.26388818342464,1.9517179133879798,2025-04-23
41.26388818342464,1.9517409868852476,2025-04-23
41.26388818342464,1.9517640603825153,2025-04-23
41.26388818342464,1.9517871338797832,2025-04-23
41.26388818342464,1.951810207377051,2025-04-23
41.26388818342464,1.9518332808743186,2025-04-23
41.26388818342464,1.9518563543715863,2025-04-23
41.26388818342464,1.951879427868854,2025-04-23
41.26388818342464,1.951902501366122,2025-04-23
41.26388818342464,1.9519255748633897,2025-04-23
41.26388818342464,1.9880125245901654,2025-04-23
41.26388818342464,1.9880355980874331,2025-04-23
41.26388818342464,1.9880586715847008,2025-04-23
41.26388818342464,1.9880817450819688,2025-04-23
41.26388818342464,1.9881048185792365,2025-04-23
41.26382827841553,1.9505180915300564,2025-04-23
41.26382827841553,1.950541165027324,2025-04-23
41.26382827841553,1.9505642385245918,2025-04-23
41.26382827841553,1.9505873120218595,2025-04-23
41.26382827841553,1.9506103855191275,2025-04-23
41.26382827841553,1.9506334590163952,2025-04-23
41.26382827841553,1.9506565325136629,2025-04-23
41.26382827841553,1.9506796060109306,2025-04-23
41.26382827841553,1.9507026795081983,2025-04-23
41.26382827841553,1.9507257530054662,2025-04-23
41.26382827841553,1.950748826502734,2025-04-23
41.26382827841553,1.9507719000000017,2025-04-23
41.26382827841553,1.9507949734972694,2025-04-23
41.26382827841553,1.9508180469945373,2025-04-23
41.26382827841553,1.950841120491805,2025-04-23
41.26382827841553,1.9508641939890727,2025-04-23
41.26382827841553,1.9508872674863404,2025-04-23
41.26382827841553,1.9509103409836082,2025-04-23
41.26382827841553,1.950933414480876,2025-04-23
41.26382827841553,1.9509564879781438,2025-04-23
41.26382827841553,1.9509795614754115,2025-04-23
41.26382827841553,1.9510026349726792,2025-04-23
41.26382827841553,1.951025708469947,2025-04-23
41.26382827841553,1.9510487819672149,2025-04-23
41.26382827841553,1.9510718554644826,2025-04-23
41.26382827841553,1.9510949289617503,2025-04-23
41.26382827841553,1.951118002459018,2025-04-23
41.26382827841553,1.951141075956286,2025-04-23
41.26382827841553,1.9511641494535537,2025-04-23
41.26382827841553,1.9511872229508214,2025-04-23
41.26382827841553,1.951210296448089,2025-04-23
41.26382827841553,1.9512333699453568,2025-04-23
41.26382827841553,1.9512564434426247,2025-04-23
41.26382827841553,1.9512795169398924,2025-04-23
41.26382827841553,1.9513025904371601,2025-04-23
41.26382827841553,1.9513256639344279,2025-04-23
41.26382827841553,1.9513487374316956,2025-04-23
41.26382827841553,1.9513718109289635,2025-04-23
41.26382827841553,1.9513948844262312,2025-04-23
41.26382827841553,1.951417957923499,2025-04-23
41.26382827841553,1.9514410314207666,2025-04-23
41.26382827841553,1.9514641049180346,2025-04-23
41.26382827841553,1.9514871784153023,2025-04-23
41.26382827841553,1.95151025191257,2025-04-23
41.26382827841553,1.9515333254098377,2025-04-23
41.26382827841553,1.9515563989071054,2025-04-23
41.26382827841553,1.9515794724043733,2025-04-23
41.26382827841553,1.951602545901641,2025-04-23
41.26382827841553,1.9516256193989088,2025-04-23
41.26382827841553,1.9516486928961765,2025-04-23
41.26382827841553,1.9516717663934442,2025-04-23
41.26382827841553,1.9516948398907121,2025-04-23
41.26382827841553,1.9517179133879798,2025-04-23
41.26382827841553,1.9517409868852476,2025-04-23
41.26382827841553,1.9517640603825153,2025-04-23
41.26382827841553,1.9517871338797832,2025-04-23
41.26382827841553,1.951810207377051,2025-04-23
41.26382827841553,1.9518332808743186,2025-04-23
41.26382827841553,1.9518563543715863,2025-04-23
41.26382827841553,1.951879427868854,2025-04-23
41.26382827841553,1.951902501366122,2025-04-23
41.26382827841553,1.9519255748633897,2025-04-23
41.26382827841553,1.9519486483606574,2025-04-23
41.26376837340643,1.9492259756830619,2025-04-23
41.26376837340643,1.9492490491803296,2025-04-23
41.26376837340643,1.9492721226775973,2025-04-23
41.26376837340643,1.949295196174865,2025-04-23
41.26376837340643,1.9493182696721327,2025-04-23
41.26376837340643,1.9493413431694007,2025-04-23
41.26376837340643,1.9493644166666684,2025-04-23
41.26376837340643,1.949387490163936,2025-04-23
41.26376837340643,1.9494105636612038,2025-04-23
41.26376837340643,1.9494336371584717,2025-04-23
41.26376837340643,1.9494567106557394,2025-04-23
41.26376837340643,1.9494797841530072,2025-04-23
41.26376837340643,1.9495028576502749,2025-04-23
41.26376837340643,1.9495259311475426,2025-04-23
41.26376837340643,1.9495490046448105,2025-04-23
41.26376837340643,1.9495720781420782,2025-04-23
41.26376837340643,1.949595151639346,2025-04-23
41.26376837340643,1.9496182251366136,2025-04-23
41.26376837340643,1.9496412986338816,2025-04-23
41.26376837340643,1.9496643721311493,2025-04-23
41.26376837340643,1.949687445628417,2025-04-23
41.26376837340643,1.9497105191256847,2025-04-23
41.26376837340643,1.9497335926229524,2025-04-23
41.26376837340643,1.9497566661202204,2025-04-23
41.26376837340643,1.949779739617488,2025-04-23
41.26376837340643,1.9498028131147558,2025-04-23
41.26376837340643,1.9498258866120235,2025-04-23
41.26376837340643,1.9498489601092912,2025-04-23
41.26376837340643,1.9498720336065591,2025-04-23
41.26376837340643,1.9498951071038269,2025-04-23
41.26376837340643,1.9499181806010946,2025-04-23
41.26376837340643,1.9499412540983623,2025-04-23
41.26376837340643,1.9499643275956302,2025-04-23
41.26376837340643,1.949987401092898,2025-04-23
41.26376837340643,1.9500104745901656,2025-04-23
41.26376837340643,1.9500335480874333,2025-04-23
41.26370846839732,1.9492259756830619,2025-04-23
41.26370846839732,1.9492490491803296,2025-04-23
41.26370846839732,1.9492721226775973,2025-04-23
41.26370846839732,1.949295196174865,2025-04-23
41.26370846839732,1.9493182696721327,2025-04-23
41.26370846839732,1.9493413431694007,2025-04-23
41.26370846839732,1.9493644166666684,2025-04-23
41.26370846839732,1.949387490163936,2025-04-23
41.26370846839732,1.9494105636612038,2025-04-23
41.26370846839732,1.9494336371584717,2025-04-23
41.26370846839732,1.9494567106557394,2025-04-23
41.26370846839732,1.9494797841530072,2025-04-23
41.26370846839732,1.9495028576502749,2025-04-23
41.26370846839732,1.9495259311475426,2025-04-23
41.26370846839732,1.9495490046448105,2025-04-23
41.26370846839732,1.9495720781420782,2025-04-23
41.26370846839732,1.949595151639346,2025-04-23
41.26370846839732,1.9496182251366136,2025-04-23
41.26370846839732,1.9496412986338816,2025-04-23
41.26370846839732,1.9496643721311493,2025-04-23
41.26370846839732,1.949687445628417,2025-04-23
41.26370846839732,1.9497105191256847,2025-04-23
41.26370846839732,1.9497335926229524,2025-04-23
41.26370846839732,1.9497566661202204,2025-04-23
41.26370846839732,1.949779739617488,2025-04-23
41.26370846839732,1.9498028131147558,2025-04-23
41.26370846839732,1.9498258866120235,2025-04-23
41.26370846839732,1.9498489601092912,2025-04-23
41.26370846839732,1.9498720336065591,2025-04-23
41.26370846839732,1.9498951071038269,2025-04-23
41.26370846839732,1.9499181806010946,2025-04-23
41.26370846839732,1.9499412540983623,2025-04-23
41.26370846839732,1.9499643275956302,2025-04-23
41.26370846839732,1.949987401092898,2025-04-23
41.26370846839732,1.9500104745901656,2025-04-23
41.26370846839732,1.9500335480874333,2025-04-23
41.26364856338821,1.948141521311477,2025-04-23
41.26364856338821,1.948164594808745,2025-04-23
41.26364856338821,1.9481876683060126,2025-04-23
41.26364856338821,1.9482107418032804,2025-04-23
41.26364856338821,1.948233815300548,2025-04-23
41.26364856338821,1.948256888797816,2025-04-23
41.26364856338821,1.9482799622950837,2025-04-23
41.26364856338821,1.9483030357923514,2025-04-23
41.26364856338821,1.9483261092896191,2025-04-23
41.26364856338821,1.9483491827868868,2025-04-23
41.26364856338821,1.9483722562841548,2025-04-23
41.26364856338821,1.9483953297814225,2025-04-23
41.26364856338821,1.9484184032786902,2025-04-23
41.26364856338821,1.948441476775958,2025-04-23
41.26364856338821,1.9484645502732258,2025-04-23
41.26364856338821,1.9484876237704936,2025-04-23
41.26364856338821,1.9485106972677613,2025-04-23
41.26364856338821,1.948533770765029,2025-04-23
41.26364856338821,1.9485568442622967,2025-04-23
41.26364856338821,1.9485799177595646,2025-04-23
41.26364856338821,1.9486029912568323,2025-04-23
41.26364856338821,1.9486260647541,2025-04-23
41.26364856338821,1.9486491382513678,2025-04-23
41.26364856338821,1.9486722117486355,2025-04-23
41.26364856338821,1.9486952852459034,2025-04-23
41.26364856338821,1.9487183587431711,2025-04-23
41.263588658379106,1.9468494054644825,2025-04-23
41.263588658379106,1.9468724789617504,2025-04-23
41.263588658379106,1.9468955524590181,2025-04-23
41.263588658379106,1.9469186259562858,2025-04-23
41.263588658379106,1.9469416994535536,2025-04-23
41.263588658379106,1.9469647729508215,2025-04-23
41.263588658379106,1.9469878464480892,2025-04-23
41.263588658379106,1.947010919945357,2025-04-23
41.263588658379106,1.9470339934426246,2025-04-23
41.263588658379106,1.9470570669398923,2025-04-23
41.263588658379106,1.9470801404371603,2025-04-23
41.263588658379106,1.947103213934428,2025-04-23
41.263588658379106,1.9471262874316957,2025-04-23
41.263588658379106,1.9471493609289634,2025-04-23
41.263588658379106,1.9471724344262311,2025-04-23
41.263588658379106,1.947195507923499,2025-04-23
41.263588658379106,1.9472185814207668,2025-04-23
41.263588658379106,1.9472416549180345,2025-04-23
41.263588658379106,1.9472647284153022,2025-04-23
41.263588658379106,1.9472878019125701,2025-04-23
41.263588658379106,1.9473108754098378,2025-04-23
41.263588658379106,1.9473339489071055,2025-04-23
41.263588658379106,1.9473570224043733,2025-04-23
41.263588658379106,1.947380095901641,2025-04-23
41.263588658379106,1.947403169398909,2025-04-23
41.26352875337,1.9463648620218597,2025-04-23
41.26352875337,1.9463879355191274,2025-04-23
41.26352875337,1.946411009016395,2025-04-23
41.26352875337,1.946434082513663,2025-04-23
41.26352875337,1.9464571560109307,2025-04-23
41.26352875337,1.9464802295081984,2025-04-23
41.26352875337,1.9465033030054661,2025-04-23
41.26352875337,1.9465263765027339,2025-04-23
41.26352875337,1.9465494500000018,2025-04-23
41.26352875337,1.9465725234972695,2025-04-23
41.26352875337,1.9465955969945372,2025-04-23
41.26352875337,1.946618670491805,2025-04-23
41.26352875337,1.9466417439890726,2025-04-23
41.26352875337,1.9466648174863406,2025-04-23
41.26352875337,1.9466878909836083,2025-04-23
41.26352875337,1.946710964480876,2025-04-23
41.26352875337,1.9467340379781437,2025-04-23
41.26352875337,1.9467571114754116,2025-04-23
41.26352875337,1.9467801849726794,2025-04-23
41.26352875337,1.946803258469947,2025-04-23
41.26352875337,1.9468263319672148,2025-04-23
41.26352875337,1.9468494054644825,2025-04-23
41.26352875337,1.9468724789617504,2025-04-23
41.26352875337,1.9468955524590181,2025-04-23
41.26352875337,1.9469186259562858,2025-04-23
41.26352875337,1.9469416994535536,2025-04-23
41.26352875337,1.9469647729508215,2025-04-23
41.26352875337,1.9469878464480892,2025-04-23
41.26352875337,1.947010919945357,2025-04-23
41.26352875337,1.9470339934426246,2025-04-23
41.26352875337,1.9470570669398923,2025-04-23
41.26352875337,1.9470801404371603,2025-04-23
41.26352875337,1.947103213934428,2025-04-23
41.26352875337,1.9471262874316957,2025-04-23
41.26352875337,1.9471493609289634,2025-04-23
41.26352875337,1.9471724344262311,2025-04-23
41.26352875337,1.947195507923499,2025-04-23
41.26352875337,1.9472185814207668,2025-04-23
41.26352875337,1.9472416549180345,2025-04-23
41.26352875337,1.9472647284153022,2025-04-23
41.26352875337,1.9472878019125701,2025-04-23
41.26352875337,1.9473108754098378,2025-04-23
41.26352875337,1.9473339489071055,2025-04-23
41.26352875337,1.9473570224043733,2025-04-23
41.26352875337,1.947380095901641,2025-04-23
41.26352875337,1.947403169398909,2025-04-23
