%x	y
427736.5125342484	4572029.1845471784
427736.1011980212	4572030.0960308639
427735.6898617941	4572031.0075145485
427735.2785255670	4572031.9189982340
427734.8671893399	4572032.8304819185
427734.4558531127	4572033.7419656040
427734.0445168856	4572034.6534492895
427733.6331806585	4572035.5649329741
427733.2218444313	4572036.4764166595
427732.8105082042	4572037.3879003450
427732.3991719770	4572038.2993840296
427731.9878357500	4572039.2108677151
427731.5764995228	4572040.1223513996
427731.1651632957	4572041.0338350851
427730.7538270685	4572041.9453187706
427730.3424908414	4572042.8568024551
427729.9311546143	4572043.7682861406
427729.5198183871	4572044.6797698252
427729.1084821600	4572045.5912535107
427728.6971459328	4572046.5027371962
427728.2858097058	4572047.4142208807
427727.8744734786	4572048.3257045662
427727.4631372515	4572049.2371882508
427727.0518010243	4572050.1486719362
427726.6404647972	4572051.0601556217
427726.2291285701	4572051.9716393063
427725.8177923429	4572052.8831229918
427725.4064561158	4572053.7946066773
427724.9951198887	4572054.7060903618
427724.5837836616	4572055.6175740473
427724.1724474344	4572056.5290577319
427723.7611112073	4572057.4405414173
427723.3497749801	4572058.3520251028
427722.9384387530	4572059.2635087874
427722.5271025259	4572060.1749924729
427722.1157662987	4572061.0864761574
427721.7044300716	4572061.9979598429
427721.2930938445	4572062.9094435284
427720.8817576174	4572063.8209272129
427720.4704213902	4572064.7324108984
427720.0590851631	4572065.6438945830
427719.6477489360	4572066.5553782685
427719.2364127088	4572067.4668619540
427718.8250764817	4572068.3783456385
427718.4137402546	4572069.2898293240
427718.0024040275	4572070.2013130095
427717.5910678003	4572071.1127966940
427717.1797315732	4572072.0242803795
427716.7683953460	4572072.9357640641
427716.3570591189	4572073.8472477496
427715.9457228918	4572074.7587314351
427715.5343866647	4572075.6702151196
427715.0779214607	4572076.5592194721
427714.5981850440	4572077.4366321284
427714.1184486273	4572078.3140447857
427713.6387122105	4572079.1914574429
427713.1589757938	4572080.0688700993
427712.6792393771	4572080.9462827565
427712.1995029604	4572081.8236954128
427711.7197665437	4572082.7011080701
427711.2400301269	4572083.5785207273
427710.7602937102	4572084.4559333837
427710.2805572935	4572085.3333460409
427709.8008208768	4572086.2107586972
427709.3210844600	4572087.0881713545
427708.8413480433	4572087.9655840117
427708.3616116266	4572088.8429966681
427707.8818752099	4572089.7204093253
427707.4021387932	4572090.5978219826
427706.9224023765	4572091.4752346389
427706.4426659597	4572092.3526472962
427705.9629295430	4572093.2300599525
427705.4831931263	4572094.1074726097
427705.0034567096	4572094.9848852670
427704.5237202929	4572095.8622979233
427704.0439838761	4572096.7397105806
427703.5642474594	4572097.6171232369
427703.0845110427	4572098.4945358941
427702.6047746259	4572099.3719485514
427702.1250382092	4572100.2493612077
427701.6453017925	4572101.1267738650
427701.1655653758	4572102.0041865213
427700.6858289591	4572102.8815991785
427700.2060925424	4572103.7590118358
427699.7263561256	4572104.6364244921
427699.2466197089	4572105.5138371494
427698.7668832922	4572106.3912498066
427698.2871468755	4572107.2686624629
427697.8074104588	4572108.1460751202
427697.3276740421	4572109.0234877765
427696.8501557738	4572109.9021075768
427696.3738726253	4572110.7813995434
427695.8975894767	4572111.6606915100
427695.4213063282	4572112.5399834765
427694.9450231796	4572113.4192754431
427694.4687400311	4572114.2985674096
427693.9924568825	4572115.1778593762
427693.5161737340	4572116.0571513427
427693.0398905854	4572116.9364433084
427692.5636074369	4572117.8157352749
427692.0873242883	4572118.6950272415
427691.6110411398	4572119.5743192080
427691.1347579913	4572120.4536111746
427690.6584748428	4572121.3329031412
427690.1821916942	4572122.2121951077
427689.7059085457	4572123.0914870743
427689.2296253971	4572123.9707790408
427688.7533422486	4572124.8500710074
427688.2770591001	4572125.7293629739
427687.8007759515	4572126.6086549405
427687.3244928030	4572127.4879469071
427686.8482096544	4572128.3672388736
427686.3719265059	4572129.2465308402
427685.8956433573	4572130.1258228067
427685.4193602088	4572131.0051147733
427684.9430770602	4572131.8844067398
427684.4667939117	4572132.7636987064
427683.9905107632	4572133.6429906730
427683.5142276146	4572134.5222826395
427683.0379444661	4572135.4015746061
427682.5616613176	4572136.2808665726
427682.0853781690	4572137.1601585392
427681.6090950205	4572138.0394505057
427681.1328118719	4572138.9187424723
427680.6565287234	4572139.7980344389
427680.1802455748	4572140.6773264054
427679.7039624263	4572141.5566183720
427679.2276792777	4572142.4359103385
427678.7513961292	4572143.3152023051
427678.2751129807	4572144.1944942717
427677.7988298321	4572145.0737862382
427677.3225466836	4572145.9530782048
427676.8462635351	4572146.8323701713
427676.3699803865	4572147.7116621379
427675.8936972380	4572148.5909541044
427675.4174140894	4572149.4702460710
427674.9411309409	4572150.3495380376
427674.4648477924	4572151.2288300041
427673.9885646438	4572152.1081219707
427673.5122814953	4572152.9874139372
427673.0359983467	4572153.8667059038
427672.5597151982	4572154.7459978703
427672.0551159295	4572155.6072993157
427671.4614669809	4572156.4120234465
427670.8678180324	4572157.2167475764
427670.2741690838	4572158.0214717072
427669.6805201352	4572158.8261958370
427669.0868711866	4572159.6309199678
427668.4932222381	4572160.4356440976
427667.8995732895	4572161.2403682284
427667.3059243409	4572162.0450923583
427666.6531760634	4572162.7390270997
427665.6541824555	4572162.7838798743
427664.6551888476	4572162.8287326479
427663.6561952397	4572162.8735854225
427662.6572016318	4572162.9184381962
427661.6582080239	4572162.9632909708
427660.6592144160	4572163.0081437454
427659.6602208081	4572163.0529965190
427658.6612272001	4572163.0978492936
427657.6622335923	4572163.1427020673
427656.6632399843	4572163.1875548419
427655.6642463765	4572163.2324076165
427654.6652527685	4572163.2772603901
427653.6662591606	4572163.3221131647
427652.6672655527	4572163.3669659393
427651.6682719448	4572163.4118187129
427650.6692783369	4572163.4566714875
427649.6702847290	4572163.5015242612
427648.6712911211	4572163.5463770358
427647.6722975131	4572163.5912298104
427646.6733039053	4572163.6360825840
427645.6743102973	4572163.6809353586
427644.6753166894	4572163.7257881323
427643.6763230815	4572163.7706409069
427642.6773294736	4572163.8154936815
427641.6783358657	4572163.8603464551
427640.6793422578	4572163.9051992297
427639.6803486499	4572163.9500520043
427638.6813550420	4572163.9949047780
427637.6823614341	4572164.0397575526
427636.6830368517	4572164.0761186928
427635.6835828150	4572164.1091584964
427634.6841287783	4572164.1421982991
427633.6846747416	4572164.1752381017
427632.6852207050	4572164.2082779044
427631.6857666683	4572164.2413177071
427630.6863126316	4572164.2743575098
427629.6868585949	4572164.3073973134
427628.6874045583	4572164.3404371161
427627.6879505216	4572164.3734769188
427626.6884964849	4572164.4065167215
427625.6890424482	4572164.4395565242
427624.6895884116	4572164.4725963278
427623.6901343749	4572164.5056361305
427622.6906803382	4572164.5386759331
427621.6912263015	4572164.5717157358
427620.6917722649	4572164.6047555385
427619.6923182282	4572164.6377953421
427618.6928641915	4572164.6708351448
427617.6934101548	4572164.7038749475
427616.6939561182	4572164.7369147502
427615.6945020815	4572164.7699545529
427614.6950480448	4572164.8029943565
427613.6955940081	4572164.8360341592
427612.6961399715	4572164.8690739619
427611.6966859348	4572164.9021137645
427610.6972318981	4572164.9351535672
427609.6977778614	4572164.9681933708
427608.6983238248	4572165.0012331735
427607.6988697881	4572165.0342729762
427606.6994157514	4572165.0673127789
427605.6999617147	4572165.1003525816
427604.7005076781	4572165.1333923843
427603.7010536414	4572165.1664321879
427602.7015996047	4572165.1994719906
427601.7021455680	4572165.2325117933
427600.7026915314	4572165.2655515959
427599.7032374947	4572165.2985913986
427598.7037834580	4572165.3316312023
427597.7043294213	4572165.3646710049
427596.7048753847	4572165.3977108076
427595.7054213480	4572165.4307506103
427594.7059673113	4572165.4637904130
427593.7065132746	4572165.4968302166
427592.7070592380	4572165.5298700193
427591.7076052013	4572165.5629098220
427590.7081511646	4572165.5959496247
427589.7086971279	4572165.6289894274
427588.7092430913	4572165.6620292310
427587.7097890546	4572165.6950690337
427586.7103350179	4572165.7281088363
427585.7108809812	4572165.7611486390
427584.7114269446	4572165.7941884417
427583.7119729079	4572165.8272282444
427582.7125188712	4572165.8602680480
427581.7130648345	4572165.8933078507
427580.7136107979	4572165.9263476534
427579.7141567612	4572165.9593874561
427578.7145919282	4572165.9887392344
427577.7149569583	4572166.0157563956
427576.7153219885	4572166.0427735569
427575.7156870186	4572166.0697907181
427574.7160520487	4572166.0968078794
427573.7164170789	4572166.1238250416
427572.7167821090	4572166.1508422028
427571.7171471391	4572166.1778593641
427570.7175121692	4572166.2048765253
427569.7178771994	4572166.2318936866
427568.7182422295	4572166.2589108478
427567.7186072596	4572166.2859280091
427566.7189722898	4572166.3129451713
427565.7193373199	4572166.3399623325
427564.7197023500	4572166.3669794938
427563.7200673801	4572166.3939966550
427562.7204324103	4572166.4210138163
427561.7207974404	4572166.4480309775
427560.7307078562	4572166.5810169214
427559.7423361585	4572166.7330741063
427558.7539644609	4572166.8851312902
427557.7655927633	4572167.0371884750
427556.7772210656	4572167.1892456589
427555.7888493680	4572167.3413028428
427554.8004776704	4572167.4933600277
427553.8121059727	4572167.6454172116
427552.8237342751	4572167.7974743964
427551.8310238326	4572167.8853286626
427550.8311804252	4572167.8676323192
427549.8313370177	4572167.8499359759
427548.8314936103	4572167.8322396316
427547.8316502028	4572167.8145432882
427546.8318067953	4572167.7968469448
427545.8319633879	4572167.7791506015
427544.8321199804	4572167.7614542581
427543.8322765730	4572167.7437579148
427542.8324331655	4572167.7260615714
427541.8325897581	4572167.7083652271
427540.8327463506	4572167.6906688837
427539.8329029432	4572167.6729725404
427538.8330595357	4572167.6552761970
427537.8332161283	4572167.6375798536
427536.8333727208	4572167.6198835103
427535.8335293134	4572167.6021871660
427534.8336859059	4572167.5844908226
427533.8338424984	4572167.5667944793
427532.8339990910	4572167.5490981359
427531.8341556835	4572167.5314017925
427530.8343122761	4572167.5137054492
427529.8344688686	4572167.4960091049
427528.8346254612	4572167.4783127615
427527.8347820537	4572167.4606164182
427526.8349386463	4572167.4429200748
427525.8350952388	4572167.4252237314
427524.8352511302	4572167.4075671788
427523.8354049882	4572167.3900260190
427522.8355588462	4572167.3724848581
427521.8357127041	4572167.3549436973
427520.8358665622	4572167.3374025375
427519.8360204202	4572167.3198613767
427518.8361742781	4572167.3023202168
427517.8363281361	4572167.2847790560
427516.8364819941	4572167.2672378961
427515.8366358521	4572167.2496967353
427514.8367897101	4572167.2321555754
427513.8369435681	4572167.2146144146
427512.8370974261	4572167.1970732547
427511.8372512841	4572167.1795320939
427510.8374051421	4572167.1619909341
427509.8375590000	4572167.1444497732
427508.8377128580	4572167.1269086134
427507.8378667160	4572167.1093674526
427506.8380205740	4572167.0918262927
427505.8381744320	4572167.0742851319
427504.8383282900	4572167.0567439711
427503.8384821480	4572167.0392028112
427502.8386360060	4572167.0216616504
427501.8387898639	4572167.0041204905
427500.8389437219	4572166.9865793297
427499.8390975799	4572166.9690381698
427498.8392514379	4572166.9514970090
427497.8394052959	4572166.9339558491
427496.8437945675	4572167.0204588855
427495.8486824509	4572167.1192104695
427494.8535703342	4572167.2179620536
427493.8584582176	4572167.3167136377
427492.8633461010	4572167.4154652217
427491.8682339844	4572167.5142168058
427490.8731218677	4572167.6129683899
427489.8780097511	4572167.7117199739
427488.8828976345	4572167.8104715580
427487.8877855179	4572167.9092231421
427486.8926734013	4572168.0079747261
427485.8975612847	4572168.1067263102
427484.9024491681	4572168.2054778943
427483.9073370514	4572168.3042294784
427482.9122249348	4572168.4029810624
427481.9171128182	4572168.5017326465
427480.9220007016	4572168.6004842306
427479.9268885849	4572168.6992358146
427478.9317764683	4572168.7979873987
427477.9366643517	4572168.8967389828
427476.9415522351	4572168.9954905668
427475.9464401184	4572169.0942421509
427474.9513280019	4572169.1929937350
427473.9562158853	4572169.2917453190
427472.9611037686	4572169.3904969031
427471.9659916520	4572169.4892484872
427470.9708795354	4572169.5880000712
427469.9757674188	4572169.6867516553
427468.9806553021	4572169.7855032394
427467.9855431855	4572169.8842548234
427466.9904310689	4572169.9830064075
427465.9938374458	4572170.0518266074
427464.9938374458	4572170.0518266074
427463.9938374458	4572170.0518266074
427462.9938374458	4572170.0518266074
427461.9938374458	4572170.0518266074
427460.9938374458	4572170.0518266074
427459.9938374458	4572170.0518266074
427458.9938374458	4572170.0518266074
427457.9938374458	4572170.0518266074
427456.9938374458	4572170.0518266074
427455.9938374458	4572170.0518266074
427454.9938374458	4572170.0518266074
427453.9938374458	4572170.0518266074
427452.9939118179	4572170.0425047148
427451.9940391136	4572170.0265492992
427450.9941664093	4572170.0105938837
427449.9942937051	4572169.9946384681
427448.9944210008	4572169.9786830535
427447.9945482966	4572169.9627276380
427446.9946755923	4572169.9467722224
427445.9948028880	4572169.9308168069
427444.9949301838	4572169.9148613913
427443.9950574796	4572169.8989059757
427442.9951847753	4572169.8829505602
427441.9953120710	4572169.8669951446
427440.9954393668	4572169.8510397291
427439.9955666625	4572169.8350843135
427438.9956939583	4572169.8191288980
427437.9958212540	4572169.8031734824
427436.9959485497	4572169.7872180678
427435.9960758455	4572169.7712626522
427434.9962031413	4572169.7553072367
427433.9963304370	4572169.7393518211
427432.9964577327	4572169.7233964056
427431.9965850284	4572169.7074409900
427430.9967123242	4572169.6914855745
427429.9968396200	4572169.6755301589
427428.9969669157	4572169.6595747434
427427.9970942114	4572169.6436193278
427426.9972215072	4572169.6276639123
427425.9973488029	4572169.6117084967
427424.9974760987	4572169.5957530821
427423.9976033944	4572169.5797976665
427422.9977306901	4572169.5638422510
427421.9978579859	4572169.5478868354
427420.9979852817	4572169.5319314199
427419.9981125774	4572169.5159760043
427418.9982398731	4572169.5000205887
427417.9983671688	4572169.4840651732
427416.9984944646	4572169.4681097576
427415.9986217604	4572169.4521543421
427414.9987490561	4572169.4361989265
427413.9988763518	4572169.4202435110
427412.9990036476	4572169.4042880964
427411.9991309433	4572169.3883326808
427410.9992582391	4572169.3723772652
427409.9993855348	4572169.3564218497
427408.9995128305	4572169.3404664341
427408.0014141069	4572169.2907537902
427407.0053764016	4572169.2018218525
427406.0093386963	4572169.1128899148
427405.0133009909	4572169.0239579761
427404.0172632856	4572168.9350260384
427403.0212255803	4572168.8460941007
427402.0251878750	4572168.7571621621
427401.0291501697	4572168.6682302244
427400.0331124644	4572168.5792982867
427399.0370747590	4572168.4903663490
427398.0410370538	4572168.4014344104
427397.0449993484	4572168.3125024727
427396.0489616432	4572168.2235705350
427395.0529239378	4572168.1346385963
427394.0568862325	4572168.0457066586
427393.0608485272	4572167.9567747209
427392.0648108219	4572167.8678427823
427391.0687731165	4572167.7789108446
427390.0727354113	4572167.6899789069
427389.0766977059	4572167.6010469692
427388.0806600006	4572167.5121150305
427387.0846222953	4572167.4231830928
427386.0885845900	4572167.3342511551
427385.0925468847	4572167.2453192165
427384.0965091794	4572167.1563872788
427383.1004714741	4572167.0674553411
427382.1044337687	4572166.9785234025
427381.1101935741	4572166.8728094101
427380.1179156974	4572166.7487746757
427379.1256378206	4572166.6247399412
427378.1333599439	4572166.5007052058
427377.1410820672	4572166.3766704714
427376.1488041905	4572166.2526357369
427375.1565263138	4572166.1286010025
427374.1642484371	4572166.0045662681
427373.1719705604	4572165.8805315336
427372.1796926837	4572165.7564967982
427371.1874148069	4572165.6324620638
427370.1951369302	4572165.5084273294
427369.2028590535	4572165.3843925949
427368.2105811768	4572165.2603578605
427367.2183033001	4572165.1363231260
427366.2260254234	4572165.0122883907
427365.2337475466	4572164.8882536562
427364.2414696699	4572164.7642189218
427363.2491917932	4572164.6401841873
427362.2569139165	4572164.5161494529
427361.2646360398	4572164.3921147184
427360.2747726540	4572164.2533529568
427359.2948359917	4572164.0540438052
427358.3148993295	4572163.8547346536
427357.3349626672	4572163.6554255020
427356.3550260049	4572163.4561163504
427355.3750893426	4572163.2568071987
427354.3951526804	4572163.0574980471
427353.4152160181	4572162.8581888955
427352.4352793558	4572162.6588797430
427351.4553426935	4572162.4595705913
427350.4754060313	4572162.2602614397
427349.4954693690	4572162.0609522881
427348.5155327067	4572161.8616431365
427347.5355960444	4572161.6623339849
427346.5556593822	4572161.4630248332
427345.5745618788	4572161.2695416585
427344.5930712868	4572161.0780312996
427343.6115806948	4572160.8865209399
427342.6300901027	4572160.6950105801
427341.6485995107	4572160.5035002213
427340.6671089186	4572160.3119898615
427339.6856183266	4572160.1204795018
427338.7041277346	4572159.9289691430
427337.7226371425	4572159.7374587832
427336.7411465505	4572159.5459484234
427335.7538790976	4572159.3883122867
427334.7643914522	4572159.2436948614
427333.7749038068	4572159.0990774361
427332.7854161614	4572158.9544600109
427331.7959285160	4572158.8098425865
427330.8064408707	4572158.6652251612
427329.8169532253	4572158.5206077360
427328.8274655799	4572158.3759903107
427327.8379779345	4572158.2313728863
427326.8484902891	4572158.0867554611
427325.8590026437	4572157.9421380358
427324.8695149983	4572157.7975206105
427323.8800273529	4572157.6529031862
427322.8905397075	4572157.5082857609
427321.9010520621	4572157.3636683356
427320.9115644167	4572157.2190509113
427319.9235791270	4572157.0645172121
427318.9356596006	4572156.9095494431
427317.9477400742	4572156.7545816749
427316.9598205478	4572156.5996139059
427315.9719010214	4572156.4446461368
427314.9839814950	4572156.2896783678
427313.9960619686	4572156.1347105997
427313.0081424422	4572155.9797428306
427312.0202229159	4572155.8247750616
427311.0323033895	4572155.6698072925
427310.0443838631	4572155.5148395235
427309.0564643367	4572155.3598717554
427308.0644912450	4572155.2364911968
427307.0694540548	4572155.1369874775
427306.0744168646	4572155.0374837583
427305.0793796744	4572154.9379800390
427304.0843424842	4572154.8384763207
427303.0893052940	4572154.7389726015
427302.0942681038	4572154.6394688822
427301.0992309136	4572154.5399651630
427300.1041937234	4572154.4404614447
427299.1091565332	4572154.3409577254
427298.1141193430	4572154.2414540062
427297.1204341221	4572154.1295258291
427296.1272835178	4572154.0126845818
427295.1341329135	4572153.8958433345
427294.1409823091	4572153.7790020863
427293.1478317048	4572153.6621608390
427292.1546811005	4572153.5453195916
427291.1615304962	4572153.4284783434
427290.1683798919	4572153.3116370961
427289.1752292876	4572153.1947958488
427288.1820786832	4572153.0779546006
427287.1889280789	4572152.9611133533
427286.1957774746	4572152.8442721060
427285.2050431678	4572152.7101899209
427284.2180358979	4572152.5495143188
427283.2310286280	4572152.3888387159
427282.2440213581	4572152.2281631138
427281.2570140881	4572152.0674875118
427280.2700068182	4572151.9068119098
427279.2829995483	4572151.7461363077
427278.2959922783	4572151.5854607057
427277.3089850084	4572151.4247851036
427276.3219777385	4572151.2641095016
427275.3349704686	4572151.1034338996
427274.3576878011	4572150.8919092119
427273.3810433344	4572150.6770474296
427272.4043988677	4572150.4621856473
427271.4277544010	4572150.2473238641
427270.4511099342	4572150.0324620819
427269.4744654675	4572149.8176002996
427268.4978210008	4572149.6027385164
427267.5211765340	4572149.3878767341
427266.5445320673	4572149.1730149509
427265.5678876006	4572148.9581531687
427264.5912431339	4572148.7432913864
427263.6145986672	4572148.5284296032
427262.6307505926	4572148.3516751155
427261.6430670446	4572148.1952103954
427260.6553834965	4572148.0387456752
427259.6676999483	4572147.8822809542
427258.6800164002	4572147.7258162340
427257.6923328521	4572147.5693515129
427256.7046493039	4572147.4128867928
427255.7169657558	4572147.2564220717
427254.7292822077	4572147.0999573516
427253.7415986596	4572146.9434926314
427252.7539151114	4572146.7870279104
427251.7662315633	4572146.6305631902
427250.7785480152	4572146.4740984691
427249.7908644671	4572146.3176337490
427248.8031809190	4572146.1611690288
427247.8154973709	4572146.0047043078
427246.8278138227	4572145.8482395876
427245.8401302746	4572145.6917748665
427244.8524467265	4572145.5353101464
427243.8647631784	4572145.3788454263
427242.8770796302	4572145.2223807052
427241.8893960821	4572145.0659159850
427240.9017125340	4572144.9094512640
427239.9140289859	4572144.7529865438
427238.9287837940	4572144.5850420762
427237.9627750471	4572144.3265326936
427236.9967663003	4572144.0680233100
427236.0307575535	4572143.8095139274
427235.0647488067	4572143.5510045448
427234.0987400598	4572143.2924951613
427233.1327313131	4572143.0339857787
427232.1667225663	4572142.7754763952
427231.2007138194	4572142.5169670125
427230.2347050726	4572142.2584576299
427229.2686963258	4572141.9999482464
427228.3026875790	4572141.7414388638
427227.3366788322	4572141.4829294812
427226.3706700853	4572141.2244200977
427225.4046613385	4572140.9659107151
427224.4386525917	4572140.7074013315
427223.4726438449	4572140.4488919489
427222.5066350981	4572140.1903825663
427221.5406263513	4572139.9318731828
427220.5746176045	4572139.6733638002
427219.6086088576	4572139.4148544176
427218.6426001108	4572139.1563450340
427217.6765913640	4572138.8978356514
427216.7105826172	4572138.6393262679
427215.7445738703	4572138.3808168853
427214.7785651235	4572138.1223075027
427213.8125563767	4572137.8637981191
427212.8461216290	4572137.6068887236
427211.8794629939	4572137.3508202108
427210.9128043588	4572137.0947516989
427209.9461457237	4572136.8386831861
427208.9794870885	4572136.5826146733
427208.0128284534	4572136.3265461605
427207.0461698183	4572136.0704776477
427206.0795111832	4572135.8144091358
427205.1128525480	4572135.5583406230
427204.1461939129	4572135.3022721102
427203.1795352778	4572135.0462035974
427202.2128766427	4572134.7901350847
427201.2462180075	4572134.5340665728
427200.2795593724	4572134.2779980600
427199.3129007373	4572134.0219295472
427198.3462421022	4572133.7658610344
427197.3795834671	4572133.5097925216
427196.4129248320	4572133.2537240097
427195.4462661969	4572132.9976554969
427194.4956066498	4572132.6879064664
427193.5464868768	4572132.3729911502
427192.5973671038	4572132.0580758341
427191.6482473308	4572131.7431605179
427190.6991275578	4572131.4282452008
427189.7500077848	4572131.1133298846
427188.8008880118	4572130.7984145684
427187.8517682388	4572130.4834992522
427186.9026484657	4572130.1685839351
427185.9535286927	4572129.8536686189
427185.0044089197	4572129.5387533028
427184.0552891467	4572129.2238379866
427183.1061693738	4572128.9089226704
427182.1570496007	4572128.5940073533
427181.2079298277	4572128.2790920371
427180.2588100547	4572127.9641767209
427179.3096902817	4572127.6492614048
427178.3605705087	4572127.3343460886
427177.4114507357	4572127.0194307715
427176.4623309627	4572126.7045154553
427175.5132111897	4572126.3896001391
427174.5640914167	4572126.0746848229
427173.6149716437	4572125.7597695068
427172.6658518706	4572125.4448541896
427171.7167320976	4572125.1299388735
427170.7676123246	4572124.8150235573
427169.8184925517	4572124.5001082411
427168.8753464818	4572124.1682583028
427167.9387047320	4572123.8179695187
427167.0020629822	4572123.4676807346
427166.0654212324	4572123.1173919495
427165.1287794826	4572122.7671031654
427164.1921377328	4572122.4168143803
427163.2554959830	4572122.0665255962
427162.3188542332	4572121.7162368121
427161.3822124834	4572121.3659480270
427160.4455707336	4572121.0156592429
427159.5089289838	4572120.6653704587
427158.5722872340	4572120.3150816737
427157.6356454842	4572119.9647928895
427156.6990037344	4572119.6145041045
427155.7623619846	4572119.2642153203
427154.8257202348	4572118.9139265362
427153.8786728436	4572118.5934312036
427152.9276135465	4572118.2844227673
427151.9765542494	4572117.9754143320
427151.0254949524	4572117.6664058957
427150.0744356553	4572117.3573974604
427149.1233763582	4572117.0483890241
427148.1723170611	4572116.7393805878
427147.2212577641	4572116.4303721525
427146.2701984670	4572116.1213637162
427145.3191391700	4572115.8123552809
427144.3680798729	4572115.5033468446
427143.4170205758	4572115.1943384083
427142.4659612787	4572114.8853299730
427141.5149019817	4572114.5763215367
427140.5638426846	4572114.2673131013
427139.6127833876	4572113.9583046651
427138.6617240905	4572113.6492962288
427137.7106647934	4572113.3402877934
427136.7596054963	4572113.0312793572
427135.8085461993	4572112.7222709218
427134.8574869022	4572112.4132624855
427133.9064276052	4572112.1042540492
427132.9553683081	4572111.7952456139
427132.0043090110	4572111.4862371776
427131.0532497139	4572111.1772287423
427130.1021904169	4572110.8682203060
427129.1511311198	4572110.5592118697
427128.2000718227	4572110.2502034344
427127.2490125256	4572109.9411949981
427126.2979532286	4572109.6321865628
427125.3468939315	4572109.3231781265
427124.3958346345	4572109.0141696902
427123.4447753374	4572108.7051612549
427122.4937160403	4572108.3961528186
427121.5426567432	4572108.0871443832
427120.5955122717	4572107.7664064802
427119.6495083533	4572107.4422512921
427118.7035044349	4572107.1180961030
427117.7575005166	4572106.7939409139
427116.8114965982	4572106.4697857257
427115.8654926798	4572106.1456305366
427114.9194887615	4572105.8214753475
427113.9734848431	4572105.4973201593
427113.0274809248	4572105.1731649702
427112.0814770064	4572104.8490097811
427111.1354730880	4572104.5248545920
427110.1894691696	4572104.2006994039
427109.2434652513	4572103.8765442148
427108.2974613329	4572103.5523890257
427107.3514574145	4572103.2282338375
427106.4054534962	4572102.9040786484
427105.4594495778	4572102.5799234593
427104.5134456594	4572102.2557682712
427103.5614129663	4572101.9501257809
427102.6059382750	4572101.6550527150
427101.6504635838	4572101.3599796481
427100.6949888927	4572101.0649065822
427099.7395142015	4572100.7698335154
427098.7840395103	4572100.4747604495
427097.8285648191	4572100.1796873827
427096.8730901279	4572099.8846143167
427095.9176154367	4572099.5895412499
427094.9621407455	4572099.2944681840
427094.0066660543	4572098.9993951172
427093.0511913632	4572098.7043220513
427092.0957166720	4572098.4092489844
427091.1402419808	4572098.1141759185
427090.1847672896	4572097.8191028517
427089.2292925984	4572097.5240297858
427088.2738179072	4572097.2289567189
427087.3149701908	4572096.9452317581
427086.3534462432	4572096.6705106301
427085.3919222955	4572096.3957895031
427084.4303983479	4572096.1210683752
427083.4688744003	4572095.8463472473
427082.5073504526	4572095.5716261193
427081.5458265050	4572095.2969049914
427080.5843025574	4572095.0221838634
427079.6227786097	4572094.7474627355
427078.6612546621	4572094.4727416076
427077.6997307144	4572094.1980204796
427076.7382067668	4572093.9232993517
427075.7766828191	4572093.6485782238
427074.8151588715	4572093.3738570958
427073.8536349238	4572093.0991359679
427072.8921109762	4572092.8244148400
427071.9305870286	4572092.5496937120
427070.9690630809	4572092.2749725841
427070.0075391333	4572092.0002514562
427069.0460151857	4572091.7255303282
427068.0891201512	4572091.4355950812
427067.1375230107	4572091.1282469360
427066.1859258701	4572090.8208987918
427065.2343287296	4572090.5135506466
427064.2827315890	4572090.2062025014
427063.3311344485	4572089.8988543572
427062.3795373079	4572089.5915062120
427061.4279401674	4572089.2841580678
427060.4763430268	4572088.9768099226
427059.5247458863	4572088.6694617784
427058.5731487457	4572088.3621136332
427057.6215516052	4572088.0547654880
427056.6699544646	4572087.7474173438
427055.7183573241	4572087.4400691986
427054.7667601836	4572087.1327210544
427053.8151630430	4572086.8253729092
427052.8635659025	4572086.5180247640
427051.9119687619	4572086.2106766198
427050.9603716214	4572085.9033284746
427050.0087744808	4572085.5959803304
427049.0593101013	4572085.2824494736
427048.1206053149	4572084.9377273768
427047.1819005285	4572084.5930052800
427046.2431957420	4572084.2482831832
427045.3044909556	4572083.9035610873
427044.3657861692	4572083.5588389905
427043.4270813827	4572083.2141168937
427042.4883765963	4572082.8693947969
427041.5496718099	4572082.5246727001
427040.6109670234	4572082.1799506033
427039.6722622370	4572081.8352285065
427038.7335574506	4572081.4905064106
427037.7948526642	4572081.1457843138
427036.8561478777	4572080.8010622170
427035.9174430913	4572080.4563401202
427034.9787383049	4572080.1116180234
427034.0400335184	4572079.7668959266
427033.1013287320	4572079.4221738297
427032.1626239456	4572079.0774517339
427031.2239191592	4572078.7327296371
427030.2852143727	4572078.3880075403
427029.3465095863	4572078.0432854434
427028.4078047999	4572077.6985633466
427027.4746288045	4572077.3394255647
427026.5461521137	4572076.9680348886
427025.6176754228	4572076.5966442125
427024.6891987319	4572076.2252535354
427023.7607220410	4572075.8538628593
427022.8322453502	4572075.4824721832
427021.9037686593	4572075.1110815061
427020.9752919685	4572074.7396908300
427020.0468152776	4572074.3683001539
427019.1183385867	4572073.9969094777
427018.1898618958	4572073.6255188007
427017.2613852050	4572073.2541281246
427016.3329085142	4572072.8827374484
427015.3908062701	4572072.5488893483
427014.4402575031	4572072.2383140083
427013.4897087361	4572071.9277386693
427012.5391599691	4572071.6171633294
427011.5886112022	4572071.3065879894
427010.6380624352	4572070.9960126504
427009.6875136682	4572070.6854373105
427008.7369649012	4572070.3748619705
427007.7864161342	4572070.0642866315
427006.8358673672	4572069.7537112916
427005.8853186003	4572069.4431359516
427004.9347698333	4572069.1325606117
427003.9842210663	4572068.8219852727
427003.0438033188	4572068.4821782196
427002.1049270029	4572068.1379235703
427001.1660506870	4572067.7936689220
427000.2271743712	4572067.4494142728
426999.2882980553	4572067.1051596235
426998.3494217394	4572066.7609049743
426997.4105454235	4572066.4166503251
426996.4716691076	4572066.0723956758
426995.5327927917	4572065.7281410266
426994.5939164759	4572065.3838863773
426993.6550401600	4572065.0396317281
426992.7120824192	4572064.7071219655
426991.7620506702	4572064.3949686764
426990.8120189212	4572064.0828153873
426989.8619871721	4572063.7706620982
426988.9119554231	4572063.4585088091
426987.9619236741	4572063.1463555200
426987.0118919250	4572062.8342022309
426986.0618601760	4572062.5220489418
426985.1118284270	4572062.2098956527
426984.1646089083	4572061.8894189652
426983.2199352441	4572061.5614072764
426982.2752615798	4572061.2333955877
426981.3305879155	4572060.9053838989
426980.3859142513	4572060.5773722101
426979.4412405870	4572060.2493605213
426978.4965669228	4572059.9213488325
426977.5518932585	4572059.5933371428
426976.6072195943	4572059.2653254541
426975.6498435386	4572058.9828809006
426974.6717132706	4572058.7748876829
426973.6935830025	4572058.5668944651
426972.7154527344	4572058.3589012474
426971.7373224664	4572058.1509080287
426970.7591921983	4572057.9429148110
426969.7810619303	4572057.7349215932
426968.8029316622	4572057.5269283755
426967.8248013942	4572057.3189351568
426966.8466711261	4572057.1109419391
426965.8685408581	4572056.9029487213
426964.8904105900	4572056.6949555036
426963.9122803220	4572056.4869622858
426962.9341500539	4572056.2789690671
426961.9560197858	4572056.0709758494
426960.9778895178	4572055.8629826317
426959.9997592497	4572055.6549894139
426959.0216289817	4572055.4469961952
426958.0434987136	4572055.2390029775
426957.0653684456	4572055.0310097598
426956.0872381775	4572054.8230165420
426955.1098676524	4572054.6120869601
426954.1536034578	4572054.3195826188
426953.1973392631	4572054.0270782765
426952.2410750684	4572053.7345739352
426951.2848108738	4572053.4420695929
426950.3285466791	4572053.1495652515
426949.3722824845	4572052.8570609093
426948.4160182898	4572052.5645565679
426947.4597540951	4572052.2720522257
426946.5034899005	4572051.9795478834
426945.5472257058	4572051.6870435420
426944.5950866421	4572051.3818745892
426943.6499956060	4572051.0550674088
426942.7049045698	4572050.7282602275
426941.7598135337	4572050.4014530471
426940.8147224976	4572050.0746458666
426939.8696314614	4572049.7478386853
426938.9245404253	4572049.4210315049
426937.9794493891	4572049.0942243244
426937.0343583530	4572048.7674171431
426936.0892673168	4572048.4406099627
426935.1441762807	4572048.1138027813
426934.1990852445	4572047.7869956009
426933.2539942084	4572047.4601884205
426932.3089031722	4572047.1333812391
426931.3502812039	4572046.8496862622
426930.3879408746	4572046.5778387114
426929.4256005454	4572046.3059911607
426928.4632602163	4572046.0341436099
426927.5009198870	4572045.7622960592
426926.5385795578	4572045.4904485093
426925.5762392286	4572045.2186009586
426924.6138988994	4572044.9467534078
426923.6515585702	4572044.6749058571
426922.6892182409	4572044.4030583063
426921.7268779117	4572044.1312107556
426920.7645375825	4572043.8593632057
426919.8021972533	4572043.5875156550
426918.8398569241	4572043.3156681042
426917.8775165949	4572043.0438205535
426916.9151762657	4572042.7719730027
426915.9528359365	4572042.5001254519
426914.9904956072	4572042.2282779021
426914.0281552780	4572041.9564303514
426913.0658149488	4572041.6845828006
426912.1034746196	4572041.4127352498
426911.1411342904	4572041.1408876991
426910.2073780033	4572040.7871842096
426909.2850023314	4572040.4008901250
426908.3626266596	4572040.0145960404
426907.4402509877	4572039.6283019558
426906.5178753158	4572039.2420078702
426905.5954996440	4572038.8557137856
426904.6731239721	4572038.4694197010
426903.7507483003	4572038.0831256164
426902.8283726284	4572037.6968315309
426901.9059969565	4572037.3105374463
426900.9836212847	4572036.9242433617
426900.0612456128	4572036.5379492771
426899.1388699409	4572036.1516551925
426898.2164942691	4572035.7653611070
426897.2941185972	4572035.3790670224
426896.3631203760	4572035.0148276435
426895.4233269525	4572034.6730845803
426894.4835335289	4572034.3313415172
426893.5437401055	4572033.9895984540
426892.6039466820	4572033.6478553908
426891.6641532585	4572033.3061123276
426890.7243598350	4572032.9643692654
426889.7845664115	4572032.6226262022
426888.8447729880	4572032.2808831390
426887.9049795645	4572031.9391400758
426886.9651861410	4572031.5973970126
426886.0303248199	4572031.2431142004
426885.1095341707	4572030.8530570501
426884.1887435215	4572030.4629998999
426883.2679528723	4572030.0729427505
426882.3471622230	4572029.6828856003
426881.4263715738	4572029.2928284500
426880.5055809246	4572028.9027712997
426879.5847902754	4572028.5127141504
426878.6639996261	4572028.1226570001
426877.7432089769	4572027.7325998498
426876.8224183277	4572027.3425426995
426875.9016276784	4572026.9524855502
426874.9808370293	4572026.5624283999
426874.0600463800	4572026.1723712496
426873.1392557308	4572025.7823140994
426872.2184650816	4572025.3922569500
426871.2976744324	4572025.0021997998
426870.3768837831	4572024.6121426495
426869.4560931339	4572024.2220854992
426868.5536893487	4572023.7933709947
426867.6700618846	4572023.3251803238
426866.7864344205	4572022.8569896519
426865.9028069564	4572022.3887989810
426865.0191794923	4572021.9206083091
426864.1355520282	4572021.4524176382
426863.2519245641	4572020.9842269672
426862.3682971000	4572020.5160362953
426861.4846696359	4572020.0478456244
426860.6010421718	4572019.5796549534
426859.7174147077	4572019.1114642816
426858.8337872436	4572018.6432736106
426857.9501597795	4572018.1750829387
426857.0665323154	4572017.7068922678
426856.1829048513	4572017.2387015969
426855.2992773872	4572016.7705109250
426854.4156499231	4572016.3023202540
426853.5320224590	4572015.8341295831
426852.6733736129	4572015.3265688922
426851.8733736129	4572014.7265688917
426851.0733736129	4572014.1265688920
426850.2733736129	4572013.5265688924
426849.4733736129	4572012.9265688919
426848.6733736129	4572012.3265688922
426847.8733736130	4572011.7265688917
426847.0733736130	4572011.1265688920
426846.2733736130	4572010.5265688924
426845.4733736130	4572009.9265688919
426844.6733736130	4572009.3265688922
426843.8733736130	4572008.7265688917
426843.0721739065	4572008.1281797150
426842.2681718525	4572007.5335531961
426841.4641697985	4572006.9389266763
426840.6601677445	4572006.3443001574
426839.8561656905	4572005.7496736385
426839.0521636365	4572005.1550471196
426838.2481615825	4572004.5604206007
426837.4441595285	4572003.9657940818
426836.6401574745	4572003.3711675620
426835.8361554205	4572002.7765410431
426835.0321533665	4572002.1819145242
426834.2281513125	4572001.5872880053
426833.4241492585	4572000.9926614864
426832.6201472045	4572000.3980349675
426831.8161451505	4571999.8034084477
426831.0293448394	4571999.1862190804
426830.2430265005	4571998.5683975285
426829.4567081617	4571997.9505759766
426828.6703898229	4571997.3327544248
426827.8840714841	4571996.7149328720
426827.0977531453	4571996.0971113201
426826.3114348065	4571995.4792897683
426825.5251164677	4571994.8614682164
426824.7387981289	4571994.2436466645
426823.9524797900	4571993.6258251127
426823.1661614513	4571993.0080035608
426822.3798431125	4571992.3901820090
426821.5935247736	4571991.7723604571
426820.8072064349	4571991.1545389052
426820.0208880960	4571990.5367173534
426819.2345697572	4571989.9188958006
426818.4482514184	4571989.3010742487
426817.6619330796	4571988.6832526969
426816.8756147408	4571988.0654311450
426816.0202996669	4571987.5525415577
426815.1414462352	4571987.0754496949
426814.2625928035	4571986.5983578321
426813.3837393719	4571986.1212659692
426812.5048859402	4571985.6441741064
426811.6260325085	4571985.1670822436
426810.7471790769	4571984.6899903798
426809.8683256452	4571984.2128985170
426808.9894722135	4571983.7358066542
426808.1314821327	4571983.2279583002
426807.3632608531	4571982.5877739005
426806.5950395735	4571981.9475895008
426805.8268182939	4571981.3074051011
426805.0585970143	4571980.6672207015
426804.2903757347	4571980.0270363018
426803.5221544550	4571979.3868519021
426802.7539331754	4571978.7466675024
426801.9857118958	4571978.1064831028
426801.2174906162	4571977.4662987031
426800.4492693366	4571976.8261143034
426799.6810480570	4571976.1859299038
426798.9128267774	4571975.5457455041
426798.1446054978	4571974.9055611053
426797.3763842182	4571974.2653767057
426796.6101678186	4571973.6228251392
426795.8522672621	4571972.9704550402
426795.0943667055	4571972.3180849412
426794.3364661490	4571971.6657148413
426793.5785655926	4571971.0133447424
426792.8206650360	4571970.3609746434
426792.0627644795	4571969.7086045435
426791.3048639230	4571969.0562344445
426790.5469633665	4571968.4038643455
426789.7890628100	4571967.7514942456
426789.0311622535	4571967.0991241466
426788.2732616969	4571966.4467540476
426787.5153611404	4571965.7943839477
426786.8458983674	4571965.0562061705
426786.2167001387	4571964.2789612990
426785.5875019100	4571963.5017164284
426784.9583036814	4571962.7244715579
426784.3291054527	4571961.9472266873
426783.6999072241	4571961.1699818168
426783.0707089954	4571960.3927369462
426782.4415107667	4571959.6154920748
426781.8123125381	4571958.8382472042
426781.1831143094	4571958.0610023336
426780.5539160807	4571957.2837574631
426779.9247178521	4571956.5065125925
426779.2955196233	4571955.7292677220
426778.6005840788	4571955.0123579064
426777.8800123198	4571954.3189775348
426777.1594405608	4571953.6255971631
426776.4388688017	4571952.9322167914
426775.7182970427	4571952.2388364188
426774.9977252837	4571951.5454560472
426774.2771535247	4571950.8520756755
426773.5565817657	4571950.1586953038
426772.8360100066	4571949.4653149322
426772.0281750335	4571948.8778043892
426771.2099833366	4571948.3028588723
426770.3917916398	4571947.7279133555
426769.5735999429	4571947.1529678386
426768.7554082460	4571946.5780223217
426767.8988724106	4571946.0682804342
426766.9987131593	4571945.6327195056
426766.0985539079	4571945.1971585779
426765.1983946566	4571944.7615976492
426764.2689466016	4571944.4191803634
426763.2815059696	4571944.2611898631
426762.2940653377	4571944.1031993618
426761.3066247058	4571943.9452088606
426760.3191840739	4571943.7872183593
426759.3317434420	4571943.6292278580
426758.3412135628	4571943.5217821207
426757.3418821362	4571943.5583430268
426756.3425507096	4571943.5949039320
426755.3432192830	4571943.6314648381
426754.3438878564	4571943.6680257441
426753.3445564299	4571943.7045866502
426752.3452250032	4571943.7411475554
426751.3458935766	4571943.7777084615
426750.3465621501	4571943.8142693676
426749.3472307235	4571943.8508302737
426748.3559098367	4571943.9546832424
426747.3759225172	4571944.1537431665
426746.3959351976	4571944.3528030906
426745.4159478780	4571944.5518630147
426744.4359605584	4571944.7509229388
426743.4559732388	4571944.9499828629
426742.4759859192	4571945.1490427880
426741.4959985996	4571945.3481027121
426740.5428288601	4571945.6392272692
426739.6092404218	4571945.9975743471
426738.6756519835	4571946.3559214240
426737.7420635452	4571946.7142685009
426736.8084751069	4571947.0726155788
426735.8748866685	4571947.4309626557
426734.9412982302	4571947.7893097335
426734.0077097919	4571948.1476568105
426733.0741213536	4571948.5060038883
426732.1405329153	4571948.8643509652
426731.2069444770	4571949.2226980431
426730.2733560386	4571949.5810451200
426729.3397676003	4571949.9393921969
426728.4496652219	4571950.3930888949
426727.5669951596	4571950.8630820448
426726.6843250973	4571951.3330751946
426725.8016550350	4571951.8030683454
426724.9189849727	4571952.2730614953
426724.0363149104	4571952.7430546451
426723.1536448481	4571953.2130477950
426722.2709747858	4571953.6830409449
426721.3883047235	4571954.1530340957
426720.5056346612	4571954.6230272455
426719.5899651072	4571954.8141965242
426718.6219682090	4571954.5632343655
426717.6539713108	4571954.3122722069
426716.7030037511	4571954.1048966860
426716.1615261712	4571954.9456118755
426715.6200485913	4571955.7863270659
426715.0785710113	4571956.6270422554
426714.5370934314	4571957.4677574458
426713.9956158515	4571958.3084726352
426713.4541382716	4571959.1491878256
426712.9126606917	4571959.9899030151
426712.3711831118	4571960.8306182045
426711.5457779218	4571961.1447363673
426710.5458241464	4571961.1351214275
426709.5458703710	4571961.1255064867
426708.5459165956	4571961.1158915469
426707.5459628202	4571961.1062766071
426706.5460090448	4571961.0966616664
426705.5460552694	4571961.0870467266
426704.5461014940	4571961.0774317859
426703.5461477186	4571961.0678168461
426702.5461939432	4571961.0582019063
426701.5462401678	4571961.0485869655
426700.5462863925	4571961.0389720257
426699.5468890692	4571961.0181670710
426698.5509146303	4571960.9285293715
426697.5549401915	4571960.8388916720
426696.5589657526	4571960.7492539724
426695.5629913138	4571960.6596162729
426694.5670168749	4571960.5699785734
426693.5710424361	4571960.4803408748
426692.5750679972	4571960.3907031752
426691.5790935584	4571960.3010654757
426690.5831191195	4571960.2114277761
426689.5871446807	4571960.1217900766
426688.5911702418	4571960.0321523771
426687.5965857689	4571959.9328383058
426686.6156507810	4571959.7385021290
426685.6347157932	4571959.5441659521
426684.6537808054	4571959.3498297753
426683.6728458175	4571959.1554935984
426682.6919108297	4571958.9611574216
426681.7109758419	4571958.7668212447
426680.7300408541	4571958.5724850679
426679.7491058663	4571958.3781488910
426678.7681708784	4571958.1838127142
426677.7872358906	4571957.9894765373
426676.8063009028	4571957.7951403605
426675.8253659149	4571957.6008041836
426674.8540498918	4571957.3772178423
426673.9492311896	4571956.9514208063
426673.0444124874	4571956.5256237695
426672.1395937852	4571956.0998267336
426671.2347750830	4571955.6740296977
426670.3299563808	4571955.2482326608
426669.4251376786	4571954.8224356249
426668.5203189763	4571954.3966385880
426667.6155002741	4571953.9708415521
426666.7106815719	4571953.5450445153
426665.8058628697	4571953.1192474794
426664.9010441675	4571952.6934504434
426663.9810500811	4571952.3018221688
426663.0584702039	4571951.9160160385
426662.1358903268	4571951.5302099083
426661.2133104496	4571951.1444037780
426660.2907305725	4571950.7585976468
426659.3681506954	4571950.3727915166
426658.4455708182	4571949.9869853863
426657.5229909411	4571949.6011792561
426656.6004110639	4571949.2153731259
426655.6778311868	4571948.8295669947
426654.7552513096	4571948.4437608644
426653.8326714325	4571948.0579547342
426652.9100915554	4571947.6721486039
426651.9875116782	4571947.2863424728
426651.0940434326	4571946.8412408400
426650.2245868752	4571946.3472314328
426649.3551303178	4571945.8532220256
426648.4856737604	4571945.3592126174
426647.6162172029	4571944.8652032102
426646.7467606456	4571944.3711938020
426645.8773040881	4571943.8771843947
426645.0078475307	4571943.3831749875
426644.1383909733	4571942.8891655793
426643.2689344159	4571942.3951561721
426642.3994778585	4571941.9011467649
426641.5300213011	4571941.4071373567
426640.6812957804	4571940.8804046167
426639.8632070782	4571940.3053125590
426639.0451183759	4571939.7302205004
426638.2270296737	4571939.1551284427
426637.4089409714	4571938.5800363850
426636.5908522691	4571938.0049443264
426635.7727635668	4571937.4298522687
426634.9546748646	4571936.8547602100
426634.1365861623	4571936.2796681523
426633.3184974601	4571935.7045760946
426632.5004087578	4571935.1294840360
426631.6823200555	4571934.5543919783
426630.8642313532	4571933.9792999206
426630.0461426510	4571933.4042078620
426629.2280539488	4571932.8291158043
426628.4186821321	4571932.2419504933
426627.6153703604	4571931.6463917661
426626.8120585888	4571931.0508330390
426626.0087468172	4571930.4552743118
426625.2054350456	4571929.8597155847
426624.4021232740	4571929.2641568575
426623.5988115023	4571928.6685981303
426622.7954997307	4571928.0730394032
426621.9921879591	4571927.4774806760
426621.1827328526	4571926.8903061990
426620.3727907311	4571926.3037963873
426619.5628486096	4571925.7172865747
426618.7529064880	4571925.1307767630
426617.9429643665	4571924.5442669503
426617.1330222450	4571923.9577571386
426616.3230801235	4571923.3712473260
426615.5131380020	4571922.7847375143
426614.6926850499	4571922.2136298241
426613.8512843859	4571921.6732180156
426613.0098837220	4571921.1328062071
426612.1684830581	4571920.5923943985
426611.3270823942	4571920.0519825900
426610.4856817302	4571919.5115707815
426609.6442810663	4571918.9711589729
426608.8028804024	4571918.4307471644
426607.9614797385	4571917.8903353559
426607.1200790746	4571917.3499235474
426606.2786784107	4571916.8095117388
426605.4372777468	4571916.2690999303
426604.5958770828	4571915.7286881218
426603.7544764189	4571915.1882763132
426602.9130757550	4571914.6478645047
426602.0716750911	4571914.1074526962
426601.2302744271	4571913.5670408877
426600.3888737632	4571913.0266290791
426599.5393334149	4571912.4991631107
426598.6876750982	4571911.9750656849
426597.8360167815	4571911.4509682590
426596.9843584649	4571910.9268708332
426596.1327001482	4571910.4027734073
426595.2810418316	4571909.8786759814
426594.4293835149	4571909.3545785565
426593.5705494727	4571908.8425438711
426592.7035355287	4571908.3442599950
426591.8365215847	4571907.8459761189
426590.9695076407	4571907.3476922438
426590.1024936967	4571906.8494083676
426589.2354797527	4571906.3511244915
426588.3684658087	4571905.8528406164
426587.5014518647	4571905.3545567403
426586.6344379207	4571904.8562728642
426585.7674239767	4571904.3579889890
426584.9004100327	4571903.8597051129
426584.0333960887	4571903.3614212368
426583.1638498697	4571902.8676054953
426582.2909063875	4571902.3797841379
426581.4179629054	4571901.8919627806
426580.5450194233	4571901.4041414224
426579.6720759411	4571900.9163200650
426578.7991324590	4571900.4284987068
426577.9261889769	4571899.9406773495
426577.0532454947	4571899.4528559921
426576.1803020126	4571898.9650346339
426575.3073585305	4571898.4772132766
426574.4344150483	4571897.9893919192
426573.5614715662	4571897.5015705610
426572.6885280840	4571897.0137492036
426571.8155846019	4571896.5259278454
426570.9426411198	4571896.0381064881
426570.0696976377	4571895.5502851307
426569.1967541555	4571895.0624637725
426568.3238106734	4571894.5746424152
426567.4508671913	4571894.0868210578
426566.5621679705	4571893.6287806509
426565.6677407796	4571893.1815670552
426564.7733135886	4571892.7343534604
426563.8788863976	4571892.2871398646
426562.9844592066	4571891.8399262689
426562.0900320156	4571891.3927126732
426561.1956048246	4571890.9454990774
426560.3011776336	4571890.4982854826
426559.4067504426	4571890.0510718869
426558.5123232517	4571889.6038582912
426557.6178960607	4571889.1566446954
426556.7234688697	4571888.7094311006
426555.8290416787	4571888.2622175049
426554.9346144877	4571887.8150039092
426554.0437901516	4571887.3606755827
426553.1539726888	4571886.9043589346
426552.2641552260	4571886.4480422875
426551.3743377632	4571885.9917256394
426550.4845203004	4571885.5354089923
426549.5947028376	4571885.0790923443
426548.7048853748	4571884.6227756971
426547.8150679120	4571884.1664590491
426546.9252504492	4571883.7101424020
426546.0354329864	4571883.2538257539
426545.1456155235	4571882.7975091068
426544.2557980608	4571882.3411924588
426543.3659805979	4571881.8848758116
426542.4761631351	4571881.4285591636
426541.5863456723	4571880.9722425165
426540.6968548747	4571880.5153861325
426539.8798870114	4571879.9387029354
426539.0629191481	4571879.3620197373
426538.2459512848	4571878.7853365401
426537.4289834215	4571878.2086533420
426536.6120155581	4571877.6319701448
426535.7950476948	4571877.0552869476
426534.9780798315	4571876.4786037495
426534.1116958017	4571875.9887669664
426533.1985960964	4571875.5810306193
426532.2854963911	4571875.1732942732
426531.3723966858	4571874.7655579271
426530.4592969805	4571874.3578215800
426529.5461972752	4571873.9500852339
426528.6330975699	4571873.5423488878
426527.7199978646	4571873.1346125407
426526.8068981593	4571872.7268761946
426525.8937984540	4571872.3191398485
426524.9806987487	4571871.9114035023
426524.0675990434	4571871.5036671553
426523.1544993381	4571871.0959308092
426522.2413996328	4571870.6881944630
426521.3282999275	4571870.2804581160
426520.4152002222	4571869.8727217698
426519.5021005169	4571869.4649854237
426518.5890008116	4571869.0572490767
426517.6759011063	4571868.6495127305
426516.7628014010	4571868.2417763844
426515.8497016957	4571867.8340400383
426514.9639972863	4571867.3722220929
426514.0950780920	4571866.8772681216
426513.2261588978	4571866.3823141502
426512.3572397036	4571865.8873601789
426511.4883205093	4571865.3924062075
426510.6194013150	4571864.8974522362
426509.7504821208	4571864.4024982648
426508.8815629265	4571863.9075442934
426508.0126437323	4571863.4125903212
426507.1437245381	4571862.9176363498
426506.2748053438	4571862.4226823784
426505.5118718714	4571861.7861190168
426504.7920275760	4571861.0919834459
426504.0721832806	4571860.3978478760
426503.3523389852	4571859.7037123051
426502.6974155184	4571859.0118030449
426503.4631203832	4571858.3686109586
426504.2288252480	4571857.7254188722
426504.9945301128	4571857.0822267858
426505.6140102165	4571856.4042379484
426505.2200909179	4571855.4850929184
426504.8261716193	4571854.5659478884
426504.2720812414	4571853.7749515157
426503.4617718492	4571853.1889492217
426502.6514624568	4571852.6029469278
426501.8411530645	4571852.0169446329
426501.0308436721	4571851.4309423389
426500.2205342798	4571850.8449400449
426499.4102248875	4571850.2589377509
426498.5999154952	4571849.6729354570
426497.7896061028	4571849.0869331630
426496.9792967105	4571848.5009308681
426496.1689873182	4571847.9149285741
426495.3586779259	4571847.3289262801
426494.5483685335	4571846.7429239862
426493.7380591412	4571846.1569216922
426492.9277497489	4571845.5709193982
426492.1174403565	4571844.9849171042
426491.3071309642	4571844.3989148093
426490.4968215719	4571843.8129125154
426489.6865121796	4571843.2269102214
426488.8762027872	4571842.6409079274
426488.0658933949	4571842.0549056334
426487.2555840026	4571841.4689033395
426486.4452746102	4571840.8829010455
426485.6349652179	4571840.2968987506
426484.8246558256	4571839.7108964566
426484.0143464332	4571839.1248941626
426483.2040370409	4571838.5388918687
426482.3937276486	4571837.9528895747
426481.5834182563	4571837.3668872807
426480.7731088639	4571836.7808849867
426479.9627994716	4571836.1948826918
426479.1524900793	4571835.6088803979
426478.3421806870	4571835.0228781039
426477.5318712946	4571834.4368758099
426476.7215619023	4571833.8508735159
426475.9112525100	4571833.2648712220
426475.1009431177	4571832.6788689271
426474.2906337253	4571832.0928666331
426473.4803243330	4571831.5068643391
426472.6700149406	4571830.9208620451
426471.8597055484	4571830.3348597512
426471.0493961560	4571829.7488574572
426470.2390867637	4571829.1628551632
426469.4189395829	4571828.5908808177
426468.5919577557	4571828.0286521651
426467.7649759285	4571827.4664235124
426466.9379941013	4571826.9041948607
426466.1110122741	4571826.3419662081
426465.2840304469	4571825.7797375554
426464.4570486197	4571825.2175089037
426463.6300667925	4571824.6552802511
426462.8030849653	4571824.0930515984
426461.9761031381	4571823.5308229467
426461.1491213109	4571822.9685942940
426460.3221394837	4571822.4063656423
426459.4951576565	4571821.8441369897
426458.6681758293	4571821.2819083370
426457.8411940020	4571820.7196796853
426457.0142121748	4571820.1574510327
426456.1872303476	4571819.5952223800
426455.3602485204	4571819.0329937283
426454.5332666932	4571818.4707650756
426453.7062848660	4571817.9085364239
426452.8793030388	4571817.3463077713
426452.0523212116	4571816.7840791186
426451.2253393844	4571816.2218504669
426450.3983575572	4571815.6596218143
426449.5713757300	4571815.0973931616
426448.7443939028	4571814.5351645099
426447.9174120756	4571813.9729358573
426447.0904302484	4571813.4107072046
426446.2634484212	4571812.8484785529
426445.4364665940	4571812.2862499002
426444.6094847668	4571811.7240212485
426443.7825029395	4571811.1617925959
426442.9555211123	4571810.5995639432
426442.1285392851	4571810.0373352915
426441.3015574580	4571809.4751066389
426440.4745756308	4571808.9128779862
426439.6475938036	4571808.3506493345
426438.8206119763	4571807.7884206818
426437.9936301491	4571807.2261920301
426437.1666483219	4571806.6639633775
426436.3540234758	4571806.0826165285
426435.5835105287	4571805.4451921806
426434.8129975816	4571804.8077678336
426434.0424846345	4571804.1703434866
426433.2719716874	4571803.5329191396
426432.5014587403	4571802.8954947926
426431.7309457932	4571802.2580704456
426430.9604328461	4571801.6206460977
426430.1899198990	4571800.9832217507
426429.4194069519	4571800.3457974037
426428.6488940048	4571799.7083730567
426427.8783810577	4571799.0709487097
426427.1078681106	4571798.4335243627
426426.3373551635	4571797.7961000148
426425.5668422164	4571797.1586756678
426424.7963292693	4571796.5212513208
426424.0258163222	4571795.8838269738
426423.2553033750	4571795.2464026269
426422.4847904280	4571794.6089782789
426421.7142774809	4571793.9715539319
426420.9437645338	4571793.3341295850
426420.1732515866	4571792.6967052380
426419.4027386395	4571792.0592808910
426418.6322256925	4571791.4218565440
426417.8617127454	4571790.7844321961
426417.0911997982	4571790.1470078491
426416.3206868511	4571789.5095835021
426415.5501739040	4571788.8721591551
426414.7796609570	4571788.2347348081
426414.0091480098	4571787.5973104602
426413.2386350627	4571786.9598861132
426412.4681221156	4571786.3224617662
426411.6976091685	4571785.6850374192
426410.9270962214	4571785.0476130722
426410.1565832743	4571784.4101887252
426409.3617676590	4571783.8033447396
426408.5668164130	4571783.1966714198
426407.7718651669	4571782.5899981009
426406.9769139209	4571781.9833247820
426406.1819626748	4571781.3766514622
426405.3870114287	4571780.7699781433
426404.5920601827	4571780.1633048235
426403.7971089367	4571779.5566315046
426403.0021576906	4571778.9499581847
426402.2072064445	4571778.3432848658
426401.4122551985	4571777.7366115460
426400.6173039524	4571777.1299382271
426399.8223527064	4571776.5232649073
426399.0274014603	4571775.9165915884
426398.2324502143	4571775.3099182686
426397.4374989682	4571774.7032449497
426396.6425477222	4571774.0965716299
426395.8475964761	4571773.4898983110
426395.0526452301	4571772.8832249912
426394.2576939840	4571772.2765516723
426393.4627427379	4571771.6698783524
426392.6677914919	4571771.0632050335
426391.8728402459	4571770.4565317137
426391.0778889998	4571769.8498583948
426390.2829377537	4571769.2431850750
426389.4879865077	4571768.6365117561
426388.6930352616	4571768.0298384372
426387.8980840156	4571767.4231651174
426387.1031327695	4571766.8164917985
426386.3081815235	4571766.2098184787
426385.5132302774	4571765.6031451598
426384.7182790314	4571764.9964718400
426383.9233277853	4571764.3897985211
426383.1283765392	4571763.7831252012
426382.3364452238	4571763.1725295316
426381.5466975901	4571762.5590976486
426380.7569499563	4571761.9456657656
426379.9672023226	4571761.3322338825
426379.1774546888	4571760.7188019995
426378.3877070551	4571760.1053701164
426377.5979594214	4571759.4919382334
426376.8082117877	4571758.8785063503
426376.0184641539	4571758.2650744673
426375.2287165202	4571757.6516425852
426374.4389688865	4571757.0382107021
426373.6492212527	4571756.4247788191
426372.8594736190	4571755.8113469360
426372.0697259853	4571755.1979150530
426371.2799783515	4571754.5844831700
426370.4902307178	4571753.9710512869
426369.7004830840	4571753.3576194039
426368.9107354503	4571752.7441875208
426368.1209878166	4571752.1307556387
426367.3312401828	4571751.5173237557
426366.5414925491	4571750.9038918726
426365.7517449153	4571750.2904599896
426364.9619972816	4571749.6770281065
426364.1722496479	4571749.0635962235
426363.3825020141	4571748.4501643404
426362.5927543804	4571747.8367324574
426361.8030067467	4571747.2233005743
426361.0132591129	4571746.6098686922
426360.2235114792	4571745.9964368092
426359.4337638454	4571745.3830049261
426358.6440162117	4571744.7695730431
426357.8542685780	4571744.1561411601
426357.0645209442	4571743.5427092770
426356.2548463463	4571742.9559182171
426355.4433120048	4571742.3716134913
426354.6317776634	4571741.7873087656
426353.8202433219	4571741.2030040389
426353.0087089805	4571740.6186993131
426352.1971746391	4571740.0343945874
426351.3856402976	4571739.4500898616
426350.5741059562	4571738.8657851359
426349.7625716147	4571738.2814804101
426348.9510372732	4571737.6971756844
426348.1395029318	4571737.1128709586
426347.3279685904	4571736.5285662329
426346.5164342489	4571735.9442615062
426345.7048999075	4571735.3599567804
426344.8933655661	4571734.7756520547
426344.0818312246	4571734.1913473289
426343.2702968832	4571733.6070426032
426342.4587625417	4571733.0227378774
426341.6472282002	4571732.4384331517
426340.8356938588	4571731.8541284259
426340.0241595173	4571731.2698237002
426339.2126251759	4571730.6855189744
426338.4010908345	4571730.1012142478
426337.5895564930	4571729.5169095220
426336.7780221516	4571728.9326047963
426335.9664878102	4571728.3483000705
426335.1549534687	4571727.7639953448
426334.3434191272	4571727.1796906190
426333.5318847858	4571726.5953858932
426332.7203504443	4571726.0110811675
426331.9088161029	4571725.4267764417
426331.0972817615	4571724.8424717151
426330.2857474200	4571724.2581669893
426329.4742130786	4571723.6738622636
426328.6626787371	4571723.0895575378
426327.8511443957	4571722.5052528121
426327.0396100543	4571721.9209480863
426326.2707069998	4571721.2817774080
426325.5040021985	4571720.6397776045
426324.7372973972	4571719.9977778010
426323.9705925959	4571719.3557779975
426323.2038877946	4571718.7137781940
426322.4371829933	4571718.0717783906
426321.6704781920	4571717.4297785871
426320.9037733907	4571716.7877787836
426320.1370685894	4571716.1457789801
426319.3703637881	4571715.5037791766
426318.6036589868	4571714.8617793731
426317.8369541855	4571714.2197795697
426317.0702493842	4571713.5777797662
426316.3035445829	4571712.9357799627
426315.5368397816	4571712.2937801592
426314.7701349803	4571711.6517803557
426314.0034301790	4571711.0097805522
426313.2367253777	4571710.3677807488
426312.4700205764	4571709.7257809453
426311.7033157751	4571709.0837811418
426310.9366109738	4571708.4417813383
426310.1699061725	4571707.7997815348
426309.4032013712	4571707.1577817313
426308.6364965699	4571706.5157819279
426307.8697917686	4571705.8737821244
426307.1030869673	4571705.2317823209
426306.2965808186	4571704.6406582994
426305.4889278664	4571704.0510001704
426304.6812749143	4571703.4613420414
426303.8736219621	4571702.8716839124
426303.0659690099	4571702.2820257843
426302.2583160578	4571701.6923676552
426301.4506631056	4571701.1027095262
426300.6430101534	4571700.5130513972
426299.8353572013	4571699.9233932691
426299.0277042490	4571699.3337351400
426298.2200512969	4571698.7440770110
426297.4123983447	4571698.1544188820
426296.6047453925	4571697.5647607539
426295.7970924404	4571696.9751026249
426294.9894394882	4571696.3854444958
426294.1817865360	4571695.7957863668
426293.3741335839	4571695.2061282387
426292.5664806317	4571694.6164701097
426291.7588276795	4571694.0268119806
426290.9511747274	4571693.4371538516
426290.1435217752	4571692.8474957235
426289.3358688231	4571692.2578375945
426288.5282158709	4571691.6681794655
426287.7205629187	4571691.0785213364
426286.9129099666	4571690.4888632083
426286.1052570144	4571689.8992050793
426285.2976040622	4571689.3095469503
426284.4899511101	4571688.7198888212
426283.6822981579	4571688.1302306931
426282.8746452057	4571687.5405725641
426282.0669922536	4571686.9509144351
426281.2593393013	4571686.3612563061
426280.4516863492	4571685.7715981780
426279.6436042095	4571685.1825290425
426278.8348681252	4571684.5943573443
426278.0261320409	4571684.0061856471
426277.2173959566	4571683.4180139489
426276.4086598723	4571682.8298422517
426275.5999237880	4571682.2416705536
426274.7911877038	4571681.6534988564
426273.9824516194	4571681.0653271582
426273.1737155351	4571680.4771554610
426272.3649794508	4571679.8889837628
426271.5562433665	4571679.3008120656
426270.7475072823	4571678.7126403674
426269.9387711979	4571678.1244686702
426269.1300351137	4571677.5362969721
426268.3212990294	4571676.9481252749
426267.5125629450	4571676.3599535767
426266.7038268608	4571675.7717818795
426265.8950907765	4571675.1836101813
426265.0863546922	4571674.5954384841
426264.2776186079	4571674.0072667859
426263.4688825236	4571673.4190950887
426262.6601464393	4571672.8309233906
426261.8514103550	4571672.2427516934
426261.0726161585	4571671.6169932494
426260.3185345626	4571670.9602125045
426259.5644529667	4571670.3034317596
426258.8103713708	4571669.6466510147
426258.0562897750	4571668.9898702698
426257.3022081791	4571668.3330895249
426256.5481265832	4571667.6763087800
426255.7940449873	4571667.0195280360
426255.0399633914	4571666.3627472911
426254.2858817955	4571665.7059665462
426253.5318001996	4571665.0491858013
426252.7777186038	4571664.3924050564
426252.0236370078	4571663.7356243115
426251.2695554120	4571663.0788435666
426250.5154738160	4571662.4220628217
426249.7613922202	4571661.7652820768
426249.0073106243	4571661.1085013328
426248.2532290284	4571660.4517205879
426247.4991474325	4571659.7949398430
426246.7450658366	4571659.1381590981
426245.9909842407	4571658.4813783532
426245.2369026448	4571657.8245976083
426244.4828210490	4571657.1678168634
426243.7287394531	4571656.5110361185
426242.9746578572	4571655.8542553736
426242.2205762613	4571655.1974746296
426241.4664946654	4571654.5406938847
426240.7124130695	4571653.8839131398
426239.9583314737	4571653.2271323949
426239.2042498777	4571652.5703516500
426238.4276543042	4571651.9404017236
426237.6499134622	4571651.3118166588
426236.8721726202	4571650.6832315950
426236.0944317783	4571650.0546465311
426235.3166909363	4571649.4260614673
426234.5389500943	4571648.7974764034
426233.7612092524	4571648.1688913386
426232.9834684104	4571647.5403062748
426232.2057275684	4571646.9117212109
426231.4279867265	4571646.2831361471
426230.6502458845	4571645.6545510832
426229.8290875085	4571645.0860245461
426228.9883513261	4571644.5445795609
426228.1476151436	4571644.0031345766
426227.3068789612	4571643.4616895914
426226.4661427788	4571642.9202446062
426225.6254065965	4571642.3787996219
426224.7846704141	4571641.8373546368
426223.9439342317	4571641.2959096525
426223.1031980493	4571640.7544646673
426222.2624618669	4571640.2130196821
426221.4217256845	4571639.6715746978
426220.5809895020	4571639.1301297126
426219.7402533196	4571638.5886847274
426218.8995171372	4571638.0472397432
426218.0587809548	4571637.5057947580
426217.2180447725	4571636.9643497737
426216.3773085901	4571636.4229047885
426215.5365724077	4571635.8814598033
426214.6958362253	4571635.3400148191
426213.8551000429	4571634.7985698339
426213.0143638604	4571634.2571248496
426212.1736276780	4571633.7156798644
426211.3499033961	4571633.1491470113
426210.5357854320	4571632.5684474837
426209.7216674679	4571631.9877479570
426208.9075495038	4571631.4070484303
426208.0934315396	4571630.8263489036
426207.2793135754	4571630.2456493769
426206.4651956113	4571629.6649498502
426205.6510776472	4571629.0842503225
426204.8369596831	4571628.5035507958
426204.0228417189	4571627.9228512691
426203.2087237548	4571627.3421517424
426202.3946057907	4571626.7614522157
426201.5804878266	4571626.1807526890
426200.7663698624	4571625.6000531623
426199.9522518983	4571625.0193536347
426199.1381339342	4571624.4386541080
426198.3240159700	4571623.8579545813
426197.5098980059	4571623.2772550546
426196.6957800418	4571622.6965555279
426195.8816620776	4571622.1158560012
426195.0675441135	4571621.5351564735
426194.2347229292	4571620.9824079946
426193.3873833897	4571620.4513564855
426192.5400438502	4571619.9203049773
426191.6927043107	4571619.3892534683
426190.8453647711	4571618.8582019601
426189.9980252316	4571618.3271504510
426189.1506856921	4571617.7960989429
426188.3033461526	4571617.2650474338
426187.4560066131	4571616.7339959256
426186.6086670736	4571616.2029444166
426185.7613275341	4571615.6718929084
426184.9139879946	4571615.1408413993
426184.0666484551	4571614.6097898912
426183.2193089156	4571614.0787383821
426182.3719693761	4571613.5476868739
426181.5246298366	4571613.0166353649
426180.6772902971	4571612.4855838567
426179.8299507576	4571611.9545323476
426178.9826112181	4571611.4234808395
426178.1352716786	4571610.8924293304
426177.2879321391	4571610.3613778222
426176.4405925996	4571609.8303263132
426175.5932530600	4571609.2992748050
426174.7459135205	4571608.7682232959
426173.8985739810	4571608.2371717878
426173.0512344415	4571607.7061202787
426172.2038949020	4571607.1750687705
426171.3565553625	4571606.6440172615
426170.5092158231	4571606.1129657533
426169.6618762836	4571605.5819142452
426168.8145367441	4571605.0508627361
426168.0046372090	4571604.4650399080
426167.2021748681	4571603.8683371413
426166.3997125271	4571603.2716343747
426165.5972501862	4571602.6749316091
426164.7947878453	4571602.0782288425
426163.9923255043	4571601.4815260759
426163.1898631634	4571600.8848233102
426162.3874008224	4571600.2881205436
426161.5849384815	4571599.6914177770
426160.7824761406	4571599.0947150104
426159.9800137996	4571598.4980122447
426159.1775514587	4571597.9013094781
426158.3750891178	4571597.3046067115
426157.5726267768	4571596.7079039449
426156.7701644359	4571596.1112011792
426155.9677020949	4571595.5144984126
426155.1652397540	4571594.9177956460
426154.3623589846	4571594.3216568101
426153.5586649157	4571593.7266140860
426152.7549708467	4571593.1315713618
426151.9512767777	4571592.5365286376
426151.1475827088	4571591.9414859135
426150.3438886398	4571591.3464431893
426149.5401945709	4571590.7514004651
426148.7365005019	4571590.1563577419
426147.9328064329	4571589.5613150178
426147.1291123639	4571588.9662722936
426146.3254182950	4571588.3712295694
426145.5217242260	4571587.7761868453
426144.7180301571	4571587.1811441211
426143.9143360881	4571586.5861013969
426143.1106420192	4571585.9910586728
426142.3069479502	4571585.3960159486
426141.4570811701	4571584.8705439270
426140.5965810867	4571584.3610936292
426139.7360810032	4571583.8516433313
426138.8755809197	4571583.3421930326
426138.0150808362	4571582.8327427348
426137.1545807527	4571582.3232924361
426136.2940806693	4571581.8138421383
426135.4335805858	4571581.3043918395
426134.5730805024	4571580.7949415417
426133.7125804189	4571580.2854912430
426132.8520803354	4571579.7760409452
426131.9915802519	4571579.2665906474
426131.1310801684	4571578.7571403487
426130.2705800850	4571578.2476900509
426129.4100800015	4571577.7382397521
426128.5495799181	4571577.2287894543
426127.6890798346	4571576.7193391556
426126.8285797511	4571576.2098888578
426125.9680796676	4571575.7004385600
426125.1075795841	4571575.1909882613
426124.2470795007	4571574.6815379634
426123.3865794172	4571574.1720876647
426122.5260793338	4571573.6626373669
426121.6655792503	4571573.1531870682
426120.8050791668	4571572.6437367704
426119.9445790833	4571572.1342864726
426119.0840789998	4571571.6248361738
426118.2235789164	4571571.1153858760
426117.3917033169	4571570.5611213753
426116.5676613928	4571569.9945925521
426115.7436194686	4571569.4280637298
426114.9195775443	4571568.8615349066
426114.0955356201	4571568.2950060843
426113.2714936959	4571567.7284772610
426112.4474517717	4571567.1619484378
426111.6234098475	4571566.5954196155
426110.7993679233	4571566.0288907923
426109.9753259991	4571565.4623619691
426109.1512840749	4571564.8958331468
426108.3272421507	4571564.3293043235
426107.5032002265	4571563.7627755012
426106.6791583023	4571563.1962466780
426105.8551163781	4571562.6297178548
426105.0310744539	4571562.0631890325
426104.2070325297	4571561.4966602093
426103.3829906055	4571560.9301313860
426102.5589486812	4571560.3636025637
426101.7349067570	4571559.7970737405
426100.9108648328	4571559.2305449182
426100.0868229086	4571558.6640160950
426099.2627809844	4571558.0974872718
426098.4387390603	4571557.5309584495
426097.6146971361	4571556.9644296262
426096.7911832155	4571556.3971376186
426095.9704898107	4571555.8257687921
426095.1497964060	4571555.2543999664
426094.3291030012	4571554.6830311399
426093.5084095965	4571554.1116623143
426092.6877161918	4571553.5402934877
426091.8670227870	4571552.9689246621
426091.0463293823	4571552.3975558355
426090.2256359775	4571551.8261870099
426089.4049425728	4571551.2548181834
426088.5842491681	4571550.6834493577
426087.7635557634	4571550.1120805312
426086.9428623586	4571549.5407117056
426086.1221689538	4571548.9693428790
426085.3014755491	4571548.3979740534
426084.4807821444	4571547.8266052268
426083.6600887397	4571547.2552364012
426082.8393953349	4571546.6838675756
426082.0187019302	4571546.1124987490
426081.1980085254	4571545.5411299234
426080.3773151207	4571544.9697610969
426079.5566217160	4571544.3983922713
426078.7359283112	4571543.8270234447
426077.9152349065	4571543.2556546191
426077.0945415017	4571542.6842857925
426076.2738480970	4571542.1129169669
426075.4531546923	4571541.5415481403
426074.6324612876	4571540.9701793147
426073.8117678828	4571540.3988104882
426072.9910744780	4571539.8274416625
426072.1703810733	4571539.2560728360
426071.3496876686	4571538.6847040104
426070.5289942639	4571538.1133351838
426069.7083008591	4571537.5419663582
426068.8876074544	4571536.9705975316
426068.0606902874	4571536.4083796060
426067.2277257802	4571535.8550531827
426066.3947612731	4571535.3017267603
426065.5617967660	4571534.7484003380
426064.7288322590	4571534.1950739156
426063.8958677519	4571533.6417474924
426063.0629032448	4571533.0884210700
426062.2299387377	4571532.5350946477
426061.3969742306	4571531.9817682253
426060.5640097235	4571531.4284418020
426059.7310452164	4571530.8751153797
426058.8980807094	4571530.3217889573
426058.0651162023	4571529.7684625350
426057.2321516951	4571529.2151361117
426056.3991871881	4571528.6618096894
426055.5662226810	4571528.1084832670
426054.7332581739	4571527.5551568447
426053.9002936668	4571527.0018304214
426053.0673291597	4571526.4485039990
426052.2343646526	4571525.8951775767
426051.4003189275	4571525.3434890285
426050.5641751440	4571524.7949787062
426049.7280313605	4571524.2464683848
426048.8918875770	4571523.6979580624
426048.0557437935	4571523.1494477401
426047.2196000100	4571522.6009374186
426046.3834562265	4571522.0524270963
426045.5473124429	4571521.5039167749
426044.7111686595	4571520.9554064525
426043.8750248759	4571520.4068961302
426043.0388810925	4571519.8583858088
426042.2027373089	4571519.3098754864
426041.3665935254	4571518.7613651650
426040.5304497420	4571518.2128548427
426039.6943059584	4571517.6643445203
426038.8581621750	4571517.1158341989
426038.0220183914	4571516.5673238765
426037.1858746079	4571516.0188135551
426036.3497308244	4571515.4703032328
426035.5135870409	4571514.9217929104
426034.6774432574	4571514.3732825890
426033.8412994739	4571513.8247722667
426033.0051556904	4571513.2762619453
426032.1690119069	4571512.7277516229
426031.3328681234	4571512.1792413006
426030.4967243399	4571511.6307309791
426029.6605805564	4571511.0822206568
426028.8244367729	4571510.5337103354
426027.9882929893	4571509.9852000130
426027.1521492059	4571509.4366896907
426026.3160054224	4571508.8881793693
426025.4798616389	4571508.3396690469
426024.6437178554	4571507.7911587255
426023.8075740718	4571507.2426484032
426022.9714302884	4571506.6941380808
426022.1352865048	4571506.1456277594
426021.2907232939	4571505.6104395166
426020.4364469348	4571505.0906204116
426019.5821705756	4571504.5708013065
426018.7278942165	4571504.0509822015
426017.8736178574	4571503.5311630955
426017.0193414983	4571503.0113439905
426016.1650651391	4571502.4915248854
426015.3107887800	4571501.9717057794
426014.4565124209	4571501.4518866744
426013.6022360618	4571500.9320675693
426012.7479597026	4571500.4122484643
426011.8936833435	4571499.8924293583
426011.0394069844	4571499.3726102533
426010.1851306253	4571498.8527911482
426009.3308542662	4571498.3329720423
426008.4765779070	4571497.8131529372
426007.6223015479	4571497.2933338322
426006.7680251888	4571496.7735147271
426005.9137488297	4571496.2536956212
426005.0594724706	4571495.7338765161
426004.2051961114	4571495.2140574111
426003.3509197523	4571494.6942383051
426002.4966433932	4571494.1744192000
426001.6423670341	4571493.6546000950
426000.7880906749	4571493.1347809900
425999.9338143158	4571492.6149618840
425999.0795379567	4571492.0951427789
425998.2252615976	4571491.5753236739
425997.3709852384	4571491.0555045689
425996.5167088793	4571490.5356854629
425995.6717403713	4571490.0010001957
425994.8310041889	4571489.4595552105
425993.9902680065	4571488.9181102253
425993.1495318241	4571488.3766652411
425992.3087956417	4571487.8352202559
425991.4680594592	4571487.2937752716
425990.6273232768	4571486.7523302864
425989.7865870944	4571486.2108853012
425988.9458509120	4571485.6694403170
425988.1051147296	4571485.1279953318
425987.2643785471	4571484.5865503475
425986.4236423647	4571484.0451053623
425985.5829061823	4571483.5036603780
425984.7421699999	4571482.9622153929
425983.9014338175	4571482.4207704077
425983.0606976350	4571481.8793254234
425982.2199614526	4571481.3378804382
425981.3792252702	4571480.7964354539
425980.5384890878	4571480.2549904687
425979.6977529053	4571479.7135454835
425978.8570167229	4571479.1721004993
425978.0162805405	4571478.6306555141
425977.1755443581	4571478.0892105298
425976.3348081757	4571477.5477655446
425975.4940719932	4571477.0063205604
425974.6533358108	4571476.4648755752
425973.8125996284	4571475.9234305900
425972.9718634460	4571475.3819856057
425972.1311272636	4571474.8405406205
425971.2903910812	4571474.2990956362
425970.4496548987	4571473.7576506510
425969.6089187163	4571473.2162056658
425968.7681825339	4571472.6747606816
425967.9274463515	4571472.1333156964
425967.0867101691	4571471.5918707121
425966.2459739867	4571471.0504257269
425965.4052378043	4571470.5089807427
425964.5645016218	4571469.9675357575
425963.7237654394	4571469.4260907723
425962.8830292570	4571468.8846457880
425962.0422930746	4571468.3432008028
425961.2015568922	4571467.8017558185
425960.3608207098	4571467.2603108333
425959.5200845273	4571466.7188658491
425958.6962716548	4571466.1525649577
425957.8843556714	4571465.5687906556
425957.0724396879	4571464.9850163534
425956.2605237045	4571464.4012420513
425955.4486077210	4571463.8174677491
425954.6366917375	4571463.2336934470
425953.8247757541	4571462.6499191448
425953.0128597706	4571462.0661448427
425952.2009437872	4571461.4823705405
425951.3890278038	4571460.8985962383
425950.5771118202	4571460.3148219371
425949.7651958368	4571459.7310476350
425948.9532798534	4571459.1472733328
425948.1413638699	4571458.5634990307
425947.3294478864	4571457.9797247285
425946.5175319030	4571457.3959504263
425945.7056159195	4571456.8121761242
425944.8936999361	4571456.2284018220
425944.0476698012	4571455.6967920735
425943.1873782676	4571455.1869896837
425942.3270867340	4571454.6771872928
425941.4667952004	4571454.1673849029
425940.6065036668	4571453.6575825121
425939.7462121332	4571453.1477801222
425938.8859205997	4571452.6379777314
425938.0396290546	4571452.1079661511
425937.2600086945	4571451.4817137308
425936.4803883343	4571450.8554613106
425935.7007679742	4571450.2292088894
425934.9211476141	4571449.6029564692
425934.1415272539	4571448.9767040489
425933.3619068938	4571448.3504516287
425932.5822865336	4571447.7241992084
425931.8026661735	4571447.0979467882
425931.0230458134	4571446.4716943670
425930.2434254532	4571445.8454419468
425929.4638050931	4571445.2191895265
425928.6841847330	4571444.5929371063
425927.9045643728	4571443.9666846860
425927.1249440127	4571443.3404322658
425926.3453236526	4571442.7141798446
425925.5657032924	4571442.0879274243
425924.7860829323	4571441.4616750041
425924.0064625721	4571440.8354225839
425923.2288506129	4571440.2066903943
425922.4542908680	4571439.5741896424
425921.6797311232	4571438.9416888896
425920.9051713784	4571438.3091881378
425920.1306116336	4571437.6766873850
425919.3560518887	4571437.0441866331
425918.5814921439	4571436.4116858803
425917.8069323991	4571435.7791851284
425917.0323726543	4571435.1466843756
425916.2578129095	4571434.5141836237
425915.4832531646	4571433.8816828709
425914.7086934198	4571433.2491821190
425913.9341336750	4571432.6166813662
425913.1595739302	4571431.9841806144
425912.3850141854	4571431.3516798625
425911.6104544405	4571430.7191791097
425910.8358946957	4571430.0866783578
425910.0613349509	4571429.4541776050
425909.2867752061	4571428.8216768531
425908.5122154612	4571428.1891761003
425907.7376557164	4571427.5566753484
425906.9630959716	4571426.9241745956
425906.1885362267	4571426.2916738437
425905.4139764819	4571425.6591730909
425904.6394167371	4571425.0266723391
425903.8648569923	4571424.3941715863
425903.0902972474	4571423.7616708344
425902.3157375026	4571423.1291700816
425901.5411777578	4571422.4966693297
425900.7666180129	4571421.8641685769
425899.9920582681	4571421.2316678250
425899.2174985233	4571420.5991670722
425898.4429387785	4571419.9666663203
425897.6683790336	4571419.3341655675
425896.8938192888	4571418.7016648157
425896.1192595440	4571418.0691640629
425895.2834344204	4571417.5210079551
425894.4424157801	4571416.9800018119
425893.6013971397	4571416.4389956696
425892.7603784994	4571415.8979895264
425891.9193598591	4571415.3569833841
425891.0783412188	4571414.8159772409
425890.2373225785	4571414.2749710977
425889.3963039381	4571413.7339649554
425888.5552852978	4571413.1929588122
425887.7142666575	4571412.6519526690
425886.8732480172	4571412.1109465268
425886.0322293769	4571411.5699403835
425885.1912107365	4571411.0289342403
425884.3501920962	4571410.4879280981
425883.5091734559	4571409.9469219549
425882.6681548156	4571409.4059158117
425881.8271361753	4571408.8649096694
425880.9861175349	4571408.3239035262
425880.1450988946	4571407.7828973830
425879.3040802543	4571407.2418912407
425878.4630616140	4571406.7008850975
425877.6220429737	4571406.1598789543
425876.7810243333	4571405.6188728120
425875.9400056930	4571405.0778666688
425875.1865426271	4571405.2086872812
425874.5122732630	4571405.9471727749
425873.8380038989	4571406.6856582686
425873.1637345348	4571407.4241437633
425872.2630993980	4571407.3641901258
425871.3015754504	4571407.0894689979
425870.3400515028	4571406.8147478700
425869.3785275551	4571406.5400267420
425868.4170036075	4571406.2653056141
425867.4815700431	4571405.9187220614
425866.5677584945	4571405.5125835948
425865.6539469459	4571405.1064451290
425864.7401353973	4571404.7003066633
425863.8263238486	4571404.2941681966
425863.0437123117	4571403.6822623126
425862.2899395817	4571403.0251271129
425861.5361668518	4571402.3679919122
425860.7823941218	4571401.7108567115
425860.0286213919	4571401.0537215117
425859.2748486620	4571400.3965863110
425858.6042228288	4571399.6604435043
425857.9864012770	4571398.8741251659
425857.3685797251	4571398.0878068274
425856.7507581731	4571397.3014884880
425856.6069543380	4571396.5699444627
425857.3878231475	4571395.9452494150
425858.1686919569	4571395.3205543673
425858.9495607664	4571394.6958593195
425859.7304295759	4571394.0711642718
425859.8115723370	4571393.1846063491
425859.6326868988	4571392.2007364389
425859.4313795110	4571391.2278182283
425858.7653637416	4571390.4818805661
425858.0993479722	4571389.7359429048
425857.4333322028	4571388.9900052436
425856.7673164335	4571388.2440675814
425856.0116325913	4571387.6012950819
425855.1801890232	4571387.0456858724
425854.3487454552	4571386.4900766639
425853.5173018871	4571385.9344674544
425852.6858583190	4571385.3788582459
425851.8544147510	4571384.8232490364
425851.0229711829	4571384.2676398279
425850.1915276149	4571383.7120306185
425849.3600840468	4571383.1564214099
425848.5286404787	4571382.6008122005
425847.6971969106	4571382.0452029919
425846.8657533426	4571381.4895937825
425846.0343097745	4571380.9339845739
425845.2028662064	4571380.3783753645
425844.3714226384	4571379.8227661559
425843.5399790703	4571379.2671569465
425842.7085355022	4571378.7115477379
425841.8770919342	4571378.1559385285
425841.0456483661	4571377.6003293199
425840.2142047981	4571377.0447201105
425839.3827612300	4571376.4891109020
425838.5513176619	4571375.9335016925
425837.7198740939	4571375.3778924840
425836.8884305258	4571374.8222832745
425836.0569869577	4571374.2666740660
425835.2255433896	4571373.7110648565
425834.3940998216	4571373.1554556480
425833.5626562535	4571372.5998464385
425832.7312126854	4571372.0442372300
425831.8997691174	4571371.4886280205
425831.0678961991	4571370.9336672481
425830.2317719563	4571370.3851271393
425829.3956477134	4571369.8365870314
425828.5595234706	4571369.2880469225
425827.7233992277	4571368.7395068146
425826.8872749848	4571368.1909667058
425826.0511507420	4571367.6424265979
425825.2150264991	4571367.0938864890
425824.3789022562	4571366.5453463811
425823.5427780134	4571365.9968062723
425822.7066537705	4571365.4482661644
425821.8705295276	4571364.8997260556
425821.0344052848	4571364.3511859477
425820.1982810419	4571363.8026458388
425819.3621567990	4571363.2541057309
425818.5260325562	4571362.7055656221
425817.6899083133	4571362.1570255142
425816.8537840704	4571361.6084854053
425816.0176598276	4571361.0599452974
425815.1815355848	4571360.5114051886
425814.3454113419	4571359.9628650807
425813.5092870990	4571359.4143249718
425812.6731628562	4571358.8657848639
425811.8220432070	4571358.3414159361
425810.9591999647	4571357.8359443350
425810.0963567224	4571357.3304727348
425809.2335134802	4571356.8250011336
425808.3706702380	4571356.3195295325
425807.5078269957	4571355.8140579322
425806.6449837534	4571355.3085863311
425805.7821405112	4571354.8031147299
425804.9192972689	4571354.2976431288
425804.0564540266	4571353.7921715286
425803.1936107844	4571353.2866999274
425802.3307675421	4571352.7812283263
425801.4679242999	4571352.2757567260
425800.6050810576	4571351.7702851249
425799.7422378154	4571351.2648135237
425798.8793945731	4571350.7593419235
425798.0165513309	4571350.2538703224
425797.1537080886	4571349.7483987212
425796.2908648463	4571349.2429271201
425795.4280216041	4571348.7374555198
425794.5651783618	4571348.2319839187
425793.7023351196	4571347.7265123175
425792.8394918773	4571347.2210407173
425791.9766486351	4571346.7155691162
425791.1138053928	4571346.2100975150
425790.2509621505	4571345.7046259148
425789.3881189083	4571345.1991543137
425788.5252756661	4571344.6936827125
425787.6624324238	4571344.1882111114
425786.7995891815	4571343.6827395111
425785.9367459393	4571343.1772679100
425785.0739026970	4571342.6717963088
425784.2110594547	4571342.1663247086
425783.3482162125	4571341.6608531075
425782.4853729703	4571341.1553815063
425781.6225297280	4571340.6499099052
425780.7596864857	4571340.1444383049
425779.8918299699	4571339.6478779782
425779.0118454641	4571339.1728755888
425778.1318609584	4571338.6978731994
425777.2518764527	4571338.2228708109
425776.3718919469	4571337.7478684215
425775.4919074412	4571337.2728660321
425774.6119229354	4571336.7978636436
425773.7319384297	4571336.3228612542
425772.8519539240	4571335.8478588648
425771.9719694182	4571335.3728564754
425771.0919849125	4571334.8978540869
425770.2120004067	4571334.4228516975
425769.3320159010	4571333.9478493081
425768.4520313952	4571333.4728469197
425767.5720468895	4571332.9978445303
425766.6920623838	4571332.5228421409
425765.8120778780	4571332.0478397524
425764.9320933722	4571331.5728373630
425764.0521088665	4571331.0978349736
425763.1721243608	4571330.6228325851
425762.2921398551	4571330.1478301957
425761.4121553493	4571329.6728278063
425760.5321708436	4571329.1978254179
425759.6521863378	4571328.7228230285
425758.7722018321	4571328.2478206391
425757.8922173264	4571327.7728182506
425757.0122328206	4571327.2978158612
425756.1322483149	4571326.8228134718
425755.2522638091	4571326.3478110833
425754.3722793033	4571325.8728086939
425753.4922947976	4571325.3978063045
425752.6123102919	4571324.9228039151
425751.7323257862	4571324.4478015266
425750.8523412804	4571323.9727991372
425749.9723567746	4571323.4977967478
425749.0923722689	4571323.0227943594
425748.2123877632	4571322.5477919700
425747.3324032575	4571322.0727895806
425746.4524187517	4571321.5977871921
425745.5724342459	4571321.1227848027
425744.6924497402	4571320.6477824133
425743.8124652345	4571320.1727800248
425742.9324807287	4571319.6977776354
425742.0524962230	4571319.2227752460
425741.1725117173	4571318.7477728575
425740.2925272115	4571318.2727704681
425739.4125427057	4571317.7977680787
425738.5325582000	4571317.3227656903
425737.6525736943	4571316.8477633009
425736.7725891886	4571316.3727609115
425735.8926046828	4571315.8977585230
425735.0126201770	4571315.4227561336
425734.1326356713	4571314.9477537442
425733.2526511656	4571314.4727513557
425732.3726666598	4571313.9977489663
425731.4926821541	4571313.5227465769
425730.6126976483	4571313.0477441875
425729.7327131426	4571312.5727417991
425728.8527286368	4571312.0977394097
425727.9727441311	4571311.6227370203
425727.0927596254	4571311.1477346318
425726.2127751196	4571310.6727322424
425725.3327906139	4571310.1977298530
425724.4528061081	4571309.7227274645
425723.5923368768	4571309.2134179389
425722.7343293701	4571308.6997807920
425721.8763218635	4571308.1861436460
425721.0183143569	4571307.6725064991
425720.1603068503	4571307.1588693522
425719.3022993437	4571306.6452322053
425718.4442918371	4571306.1315950584
425717.5862843305	4571305.6179579115
425716.7282768239	4571305.1043207645
425715.8702693173	4571304.5906836176
425715.0122618107	4571304.0770464707
425714.1542543041	4571303.5634093238
425713.2962467975	4571303.0497721769
425712.4382392909	4571302.5361350300
425711.5802317842	4571302.0224978840
425710.7222242776	4571301.5088607371
425709.8642167711	4571300.9952235902
425709.0062092644	4571300.4815864433
425708.1482017578	4571299.9679492963
425707.2901942513	4571299.4543121494
425706.4196821517	4571298.9635669123
425705.5238486496	4571298.5191770652
425704.6280151475	4571298.0747872181
425703.7321816455	4571297.6303973701
425702.8363481434	4571297.1860075230
425701.9405146413	4571296.7416176749
425701.0446811393	4571296.2972278278
425700.1488476372	4571295.8528379798
425699.2530141351	4571295.4084481327
425698.3571806330	4571294.9640582856
425697.4613471310	4571294.5196684375
425696.5655136289	4571294.0752785904
425695.6696801268	4571293.6308887424
425694.7738466247	4571293.1864988953
425693.8780131227	4571292.7421090472
425692.9821796206	4571292.2977192001
425692.0863461185	4571291.8533293530
425691.1969426605	4571291.3966534082
425690.3212012717	4571290.9138728995
425689.4454598829	4571290.4310923899
425688.5697184942	4571289.9483118812
425687.6939771055	4571289.4655313715
425686.8182357167	4571288.9827508628
425685.9424943280	4571288.4999703532
425685.0667529392	4571288.0171898445
425684.1910115505	4571287.5344093349
425683.3152701617	4571287.0516288262
425682.4395287730	4571286.5688483166
425681.5609337379	4571286.0913023520
425680.6806835532	4571285.6167924870
425679.8004333684	4571285.1422826219
425678.9201831837	4571284.6677727560
425678.0399329989	4571284.1932628909
425677.1596828141	4571283.7187530259
425676.2794326293	4571283.2442431608
425675.3991824446	4571282.7697332948
425674.5189322598	4571282.2952234298
425673.6386820750	4571281.8207135648
425672.7584318903	4571281.3462036997
425671.8781817055	4571280.8716938347
425670.9979315208	4571280.3971839687
425670.1176813360	4571279.9226741036
425669.2374311512	4571279.4481642386
425668.3571809664	4571278.9736543735
425667.4769307817	4571278.4991445076
425666.5978071609	4571278.0225761663
425665.7236498848	4571277.5369332349
425664.8494926086	4571277.0512903035
425663.9753353325	4571276.5656473730
425663.1011780564	4571276.0800044416
425662.2270207802	4571275.5943615101
425661.3528635041	4571275.1087185787
425660.4787062279	4571274.6230756482
425659.6045489518	4571274.1374327168
425658.7303916757	4571273.6517897854
425657.8562343996	4571273.1661468549
425656.9820771234	4571272.6805039234
425656.1079198473	4571272.1948609920
425655.2337625711	4571271.7092180606
425654.3596052950	4571271.2235751301
425653.4854480189	4571270.7379321987
425652.6112907428	4571270.2522892673
425651.7371334666	4571269.7666463368
425650.8629761905	4571269.2810034053
425649.9888189144	4571268.7953604739
425649.1146616382	4571268.3097175425
425648.2405043621	4571267.8240746120
425647.3663470859	4571267.3384316806
425646.4921898098	4571266.8527887492
425645.6180325337	4571266.3671458177
425644.7438752576	4571265.8815028872
425643.8697179815	4571265.3958599558
425642.9955607053	4571264.9102170244
425642.1214034292	4571264.4245740939
425641.2472461530	4571263.9389311625
425640.3730888769	4571263.4532882310
425639.5045711338	4571262.9579263134
425638.6491625528	4571262.4399724929
425637.7937539717	4571261.9220186733
425636.9383453906	4571261.4040648537
425636.0829368095	4571260.8861110341
425635.2275282284	4571260.3681572145
425634.3721196473	4571259.8502033949
425633.5167110662	4571259.3322495744
425632.6613024852	4571258.8142957548
425631.8058939041	4571258.2963419352
425630.9504853230	4571257.7783881156
425630.0950767419	4571257.2604342960
425629.2396681608	4571256.7424804755
425628.3842595797	4571256.2245266559
425627.5288509986	4571255.7065728363
425626.6731276876	4571255.1891737385
425625.7897137653	4571254.7205802668
425624.9062998430	4571254.2519867951
425624.0228859206	4571253.7833933234
425623.1394719983	4571253.3147998517
425622.2560580760	4571252.8462063791
425621.3726441536	4571252.3776129074
425620.4892302313	4571251.9090194358
425619.6058163090	4571251.4404259641
425618.7224023866	4571250.9718324924
425617.8389884644	4571250.5032390207
425616.9555745420	4571250.0346455490
425616.0721606197	4571249.5660520764
425615.1887466974	4571249.0974586047
425614.3053327750	4571248.6288651330
425613.4219188527	4571248.1602716614
425612.5361226045	4571247.6962417001
425611.6466225075	4571247.2393067181
425610.7571224103	4571246.7823717371
425609.8676223132	4571246.3254367560
425608.9781222161	4571245.8685017740
425608.0886221190	4571245.4115667930
425607.1991220219	4571244.9546318110
425606.3096219248	4571244.4976968300
425605.4201218277	4571244.0407618489
425604.5306217306	4571243.5838268669
425603.6411216335	4571243.1268918859
425602.7516215364	4571242.6699569039
425601.8621214393	4571242.2130219229
425600.9726213422	4571241.7560869418
425600.0831212451	4571241.2991519598
425599.1936211480	4571240.8422169788
425598.3041210508	4571240.3852819968
425597.4146209538	4571239.9283470158
425596.5251208567	4571239.4714120347
425595.6356207595	4571239.0144770527
425594.7383003245	4571238.5732491715
425593.8375762738	4571238.1388574308
425592.9368522230	4571237.7044656901
425592.0361281723	4571237.2700739494
425591.1354041216	4571236.8356822086
425590.2346800708	4571236.4012904679
425589.3339560201	4571235.9668987272
425588.4332319693	4571235.5325069865
425587.5325079186	4571235.0981152458
425586.6317838679	4571234.6637235042
425585.7310598172	4571234.2293317635
425584.8303357664	4571233.7949400228
425583.9296117156	4571233.3605482820
425583.0288876649	4571232.9261565413
425582.1281636142	4571232.4917648006
425581.2274395635	4571232.0573730599
425580.3267155127	4571231.6229813192
425579.4259914620	4571231.1885895785
425578.5252674112	4571230.7541978378
425577.6136650235	4571230.3432013616
425576.7010333779	4571229.9344184371
425575.7884017322	4571229.5256355125
425574.8757700866	4571229.1168525880
425573.9631384411	4571228.7080696635
425573.0505067954	4571228.2992867390
425572.1378751498	4571227.8905038144
425571.2252435042	4571227.4817208899
425570.3126118586	4571227.0729379654
425569.3999802130	4571226.6641550409
425568.4873485674	4571226.2553721163
425567.5747169218	4571225.8465891918
425566.6687674795	4571225.4238869362
425565.7790305807	4571224.9674132233
425564.8892936819	4571224.5109395096
425563.9995567831	4571224.0544657968
425563.1098198844	4571223.5979920831
425562.2200829856	4571223.1415183693
425561.3303460868	4571222.6850446565
425560.4406091881	4571222.2285709428
425559.5508722893	4571221.7720972300
425558.6611353905	4571221.3156235162
425557.7713984918	4571220.8591498034
425556.8816615930	4571220.4026760897
425555.9919246942	4571219.9462023759
425555.1021877955	4571219.4897286631
425554.2124508967	4571219.0332549494
425553.3227139979	4571218.5767812366
425552.3949153389	4571218.2070461903
425551.4565722221	4571217.8613408310
425550.5182291052	4571217.5156354718
425549.5798859885	4571217.1699301135
425548.6415428716	4571216.8242247542
425547.7031997548	4571216.4785193959
425546.7648566380	4571216.1328140367
425545.8265135212	4571215.7871086784
425544.8881704044	4571215.4414033191
425543.9498272875	4571215.0956979608
425543.0114841707	4571214.7499926016
425542.0731410539	4571214.4042872423
425541.1347979371	4571214.0585818840
425540.1964548203	4571213.7128765248
425539.2581117035	4571213.3671711665
425538.3197685866	4571213.0214658072
425537.3814254698	4571212.6757604489
425536.4421376139	4571212.3326334376
425535.5025768860	4571211.9902511388
425534.5630161582	4571211.6478688391
425533.6234554304	4571211.3054865403
425532.6838947026	4571210.9631042415
425531.7443339748	4571210.6207219418
425530.8047732470	4571210.2783396430
425529.8652125192	4571209.9359573433
425528.9256517913	4571209.5935750445
425527.9860910635	4571209.2511927458
425527.0465303357	4571208.9088104460
425526.1069696078	4571208.5664281473
425525.1674088800	4571208.2240458485
425524.2278481522	4571207.8816635488
425523.2882874244	4571207.5392812500
425522.3608659445	4571207.1658803700
425521.4384902726	4571206.7795862854
425520.5161146008	4571206.3932921998
425519.5937389289	4571206.0069981152
425518.6713632571	4571205.6207040306
425517.7489875852	4571205.2344099460
425516.8266119134	4571204.8481158605
425515.9042362415	4571204.4618217759
425514.9818605696	4571204.0755276913
425514.0594848977	4571203.6892336067
425513.1371092259	4571203.3029395221
425512.2147335540	4571202.9166454365
425511.2923578822	4571202.5303513519
425510.3699822103	4571202.1440572673
425509.4476065384	4571201.7577631827
425508.5076497327	4571201.4207322029
425507.5491133764	4571201.1357619343
425506.5905770201	4571200.8507916667
425505.6320406638	4571200.5658213980
425504.6735043075	4571200.2808511304
425503.7149679513	4571199.9958808627
425502.7564315949	4571199.7109105941
425501.7978952386	4571199.4259403264
425500.8393588824	4571199.1409700578
425499.8808225261	4571198.8559997901
425498.9222861698	4571198.5710295225
425497.9637498135	4571198.2860592538
425497.0052134572	4571198.0010889862
425496.0466771009	4571197.7161187176
425495.0881407446	4571197.4311484499
425494.1296043883	4571197.1461781822
425493.1710680321	4571196.8612079136
425492.2125316758	4571196.5762376459
425491.2539953195	4571196.2912673773
425490.3418420311	4571195.8823186681
425489.4316405534	4571195.4681529170
425488.5214390757	4571195.0539871650
425487.6112375979	4571194.6398214130
425486.7010361202	4571194.2256556610
425485.7908346424	4571193.8114899099
425484.8806331647	4571193.3973241579
425483.9704316870	4571192.9831584059
425483.0602302093	4571192.5689926539
425482.1500287315	4571192.1548269028
425481.2398272538	4571191.7406611508
425480.3296257761	4571191.3264953988
425479.4194242983	4571190.9123296477
425478.5092228206	4571190.4981638957
425477.5990213428	4571190.0839981437
425476.6888198651	4571189.6698323917
425475.7786183874	4571189.2556666406
425474.8684169097	4571188.8415008886
425473.9582154319	4571188.4273351366
425473.0480139542	4571188.0131693846
425472.1378124765	4571187.5990036335
425471.2276109988	4571187.1848378815
425470.3174095210	4571186.7706721295
425469.4072080433	4571186.3565063775
425468.4973181468	4571185.9416707437
425467.5941487050	4571185.5123865027
425466.6909792632	4571185.0831022616
425465.7878098215	4571184.6538180206
425464.8846403797	4571184.2245337805
425463.9814709380	4571183.7952495394
425463.0783014962	4571183.3659652984
425462.1751320544	4571182.9366810573
425461.2719626127	4571182.5073968163
425460.3687931709	4571182.0781125762
425459.4656237291	4571181.6488283351
425458.5624542873	4571181.2195440941
425457.6592848455	4571180.7902598530
425456.7561154038	4571180.3609756120
425455.8529459620	4571179.9316913718
425454.9497765203	4571179.5024071308
425454.0466070785	4571179.0731228897
425453.1434376367	4571178.6438386487
425452.2402681950	4571178.2145544076
425451.3370987532	4571177.7852701675
425450.4339293114	4571177.3559859265
425449.5307598696	4571176.9267016854
425448.6242355578	4571176.5046164803
425447.7146398021	4571176.0891221231
425446.8050440464	4571175.6736277658
425445.8954482907	4571175.2581334077
425444.9858525349	4571174.8426390504
425444.0762567792	4571174.4271446932
425443.1666610234	4571174.0116503350
425442.2570652677	4571173.5961559778
425441.3474695119	4571173.1806616206
425440.4378737562	4571172.7651672633
425439.5282780004	4571172.3496729052
425438.6204119314	4571171.9304165868
425437.7128828275	4571171.5104273893
425436.8053537236	4571171.0904381927
425435.8978246197	4571170.6704489961
425434.9902955158	4571170.2504597986
425434.0827664119	4571169.8304706020
425433.1752373079	4571169.4104814045
425432.2677082040	4571168.9904922079
425431.3601791002	4571168.5705030113
425430.4526499962	4571168.1505138138
425429.5451208923	4571167.7305246172
425428.6375917884	4571167.3105354197
425427.7300626845	4571166.8905462231
425426.8225335806	4571166.4705570266
425425.9150044767	4571166.0505678291
425425.0074753728	4571165.6305786325
425424.0999462689	4571165.2105894350
425423.1924171649	4571164.7906002384
425422.2848880610	4571164.3706110418
425421.3773589571	4571163.9506218443
425420.4698298532	4571163.5306326477
425419.5623007493	4571163.1106434511
425418.6547716454	4571162.6906542536
425417.7472425415	4571162.2706650570
425416.8397134376	4571161.8506758595
425415.9321843336	4571161.4306866629
425415.0246552297	4571161.0106974663
425414.1171261259	4571160.5907082688
425413.2095970219	4571160.1707190722
425412.3020679180	4571159.7507298747
425411.3945388141	4571159.3307406781
425410.4870097102	4571158.9107514815
425409.5794806063	4571158.4907622840
425408.6719515024	4571158.0707730874
425407.7644223985	4571157.6507838899
425406.8568932946	4571157.2307946933
425405.9493641907	4571156.8108054968
425405.0418350867	4571156.3908162992
425404.1343059828	4571155.9708271027
425403.2267768789	4571155.5508379051
425402.3192477750	4571155.1308487086
425401.4468521647	4571154.6421570759
425400.5750842845	4571154.1522379369
425399.7033164043	4571153.6623187969
425398.8315485241	4571153.1723996578
425397.9597806438	4571152.6824805187
425397.0880127637	4571152.1925613796
425396.2162448835	4571151.7026422396
425395.3444770032	4571151.2127231006
425394.4727091231	4571150.7228039615
425393.6009412428	4571150.2328848224
425392.7291733626	4571149.7429656824
425391.8574054825	4571149.2530465433
425390.9856376022	4571148.7631274043
425390.1138697220	4571148.2732082652
425389.2421018419	4571147.7832891252
425388.3703339616	4571147.2933699861
425387.4796492818	4571146.8431185316
425386.5502329686	4571146.4740855834
425385.6208166552	4571146.1050526360
425384.6914003420	4571145.7360196877
425383.7619840288	4571145.3669867404
425382.8325677155	4571144.9979537921
425381.9031514022	4571144.6289208438
425380.9737350890	4571144.2598878965
425380.0443187757	4571143.8908549482
425379.1149024624	4571143.5218220009
425378.1854861492	4571143.1527890526
425377.2560698359	4571142.7837561043
425376.3266535226	4571142.4147231570
425375.3972372094	4571142.0456902087
425374.4678208962	4571141.6766572604
425373.5384045829	4571141.3076243130
425372.6089882696	4571140.9385913648
425371.6795719564	4571140.5695584174
425370.7257204912	4571140.2721355390
425369.7645833358	4571139.9960642289
425368.8034461804	4571139.7199929180
425367.8423090250	4571139.4439216079
425366.8811718697	4571139.1678502969
425365.9200347142	4571138.8917789860
425364.9588975589	4571138.6157076759
425363.9977604035	4571138.3396363650
425363.0366232481	4571138.0635650549
425362.0754860927	4571137.7874937439
425361.1143489373	4571137.5114224330
425360.1574439298	4571137.2260129787
425359.3162654544	4571136.6852553869
425358.4750869791	4571136.1444977960
425357.6339085037	4571135.6037402041
425356.7927300282	4571135.0629826132
425355.9515515529	4571134.5222250223
425355.1103730775	4571133.9814674305
425354.2691946021	4571133.4407098396
425353.4280161267	4571132.8999522477
425352.5868376513	4571132.3591946568
425351.7478434685	4571131.8153075892
425350.9501841372	4571131.2121993145
425350.1525248059	4571130.6090910388
425349.3548654747	4571130.0059827641
425348.5572061435	4571129.4028744893
425347.7595468122	4571128.7997662146
425346.9618874809	4571128.1966579398
425346.1273522151	4571127.6462019524
425345.2879166740	4571127.1027426869
425344.4484811329	4571126.5592834223
425343.6090455918	4571126.0158241577
425342.7696100507	4571125.4723648932
425341.9301745096	4571124.9289056286
425341.0907389685	4571124.3854463641
425340.2513034274	4571123.8419870995
425339.4118678863	4571123.2985278349
425338.5724323452	4571122.7550685704
425337.7329968041	4571122.2116093049
425336.8935612630	4571121.6681500403
425336.0541257219	4571121.1246907758
425335.2146901808	4571120.5812315112
425334.3752546397	4571120.0377722466
425333.5358190986	4571119.4943129821
425332.6963835575	4571118.9508537175
425331.8569480164	4571118.4073944530
425331.0175124753	4571117.8639351884
425330.1780769342	4571117.3204759238
425329.3386413931	4571116.7770166583
425328.4992058520	4571116.2335573938
425327.6597703109	4571115.6900981292
425326.8203347699	4571115.1466388647
425325.9808992287	4571114.6031796001
425325.1414636877	4571114.0597203355
425324.3020281465	4571113.5162610710
425323.4625926055	4571112.9728018064
425322.6231570643	4571112.4293425418
425321.7837215233	4571111.8858832773
425320.9442859821	4571111.3424240118
425320.1048504411	4571110.7989647472
425319.2654148999	4571110.2555054827
425318.4259793589	4571109.7120462181
425317.5865438177	4571109.1685869535
425316.7471082767	4571108.6251276890
425315.9076727355	4571108.0816684244
425315.0682371945	4571107.5382091599
425314.2288016534	4571106.9947498953
425313.3893661123	4571106.4512906307
425312.5499305712	4571105.9078313652
425311.7104950301	4571105.3643721007
425310.8710594890	4571104.8209128361
425310.0316239479	4571104.2774535716
425309.1921884068	4571103.7339943070
425308.3527528657	4571103.1905350424
425307.5133173246	4571102.6470757779
425306.6738817835	4571102.1036165133
425305.8344462424	4571101.5601572488
425304.9950107013	4571101.0166979833
425304.1555751602	4571100.4732387187
425303.3161396191	4571099.9297794541
425302.4767040780	4571099.3863201896
425301.6372685369	4571098.8428609250
425300.7978329958	4571098.2994016604
425299.9583974547	4571097.7559423959
425299.1189619136	4571097.2124831313
425298.2795263725	4571096.6690238668
425297.4400908314	4571096.1255646022
425296.6006552903	4571095.5821053367
425295.7612197492	4571095.0386460721
425294.9217842081	4571094.4951868076
425294.0823486670	4571093.9517275430
425293.2429131259	4571093.4082682785
425292.4034775848	4571092.8648090139
425291.5640420437	4571092.3213497493
425290.7246065027	4571091.7778904848
425289.8851709615	4571091.2344312202
425289.0457354205	4571090.6909719557
425288.2062998793	4571090.1475126902
425287.3668643383	4571089.6040534256
425286.5274287971	4571089.0605941610
425285.6879932561	4571088.5171348965
425284.8485577149	4571087.9736756319
425284.0091221739	4571087.4302163674
425283.1696866327	4571086.8867571028
425282.3302510917	4571086.3432978382
425281.4908155505	4571085.7998385737
425280.6513800095	4571085.2563793091
425279.8119444684	4571084.7129200436
425278.9725089273	4571084.1694607791
425278.1330733862	4571083.6260015145
425277.2936378450	4571083.0825422499
425276.4542023040	4571082.5390829854
425275.6147667628	4571081.9956237208
425274.7753312218	4571081.4521644562
425273.9358956806	4571080.9087051917
425273.0964601396	4571080.3652459271
425272.2570245984	4571079.8217866616
425271.4175890574	4571079.2783273971
425270.5781535162	4571078.7348681325
425269.7387179752	4571078.1914088679
425268.8992824341	4571077.6479496034
425268.0598468930	4571077.1044903388
425267.2204113519	4571076.5610310743
425266.3809758108	4571076.0175718097
425265.5415402697	4571075.4741125451
425264.7021047286	4571074.9306532806
425263.8626691875	4571074.3871940151
425263.0232336464	4571073.8437347505
425262.1837981053	4571073.3002754860
425261.3443625642	4571072.7568162214
425260.5049270231	4571072.2133569568
425259.6654914820	4571071.6698976923
425258.8260559409	4571071.1264384277
425257.9866203998	4571070.5829791632
425257.1471848587	4571070.0395198986
425256.3077493176	4571069.4960606340
425255.4683137765	4571068.9526013685
425254.6288782354	4571068.4091421040
425253.7894426943	4571067.8656828394
425252.9500071532	4571067.3222235749
425252.1105716121	4571066.7787643103
425251.2711360710	4571066.2353050457
425250.4317005299	4571065.6918457812
425249.5922649888	4571065.1483865166
425248.7528294477	4571064.6049272520
425247.9133939066	4571064.0614679875
425247.0739583655	4571063.5180087220
425246.2345228244	4571062.9745494574
425245.3950872834	4571062.4310901929
425244.5556517422	4571061.8876309283
425243.7162162012	4571061.3441716637
425242.8767806600	4571060.8007123992
425242.0373451190	4571060.2572531346
425241.1979095778	4571059.7137938701
425240.3584740368	4571059.1703346055
425239.5190384956	4571058.6268753400
425238.6796029546	4571058.0834160754
425237.8401674134	4571057.5399568109
425237.0007318724	4571056.9964975463
425236.1612963312	4571056.4530382818
425235.3218607902	4571055.9095790172
425234.4824252490	4571055.3661197526
425233.6429897080	4571054.8226604881
425232.8035541669	4571054.2792012235
425231.9641186258	4571053.7357419590
425231.1246830847	4571053.1922826935
425230.2852475436	4571052.6488234289
425229.4458120025	4571052.1053641643
425228.6063764614	4571051.5619048998
425227.7669409203	4571051.0184456352
425226.9275053792	4571050.4749863707
425226.0880698381	4571049.9315271061
425225.2486342970	4571049.3880678415
425224.4091987559	4571048.8446085770
425223.5697632148	4571048.3011493124
425222.7303276737	4571047.7576900469
425221.8908921326	4571047.2142307824
425221.0514565915	4571046.6707715178
425220.2120210504	4571046.1273122532
425219.3725855093	4571045.5838529887
425218.5331499682	4571045.0403937241
425217.6937144271	4571044.4969344595
425216.8542788860	4571043.9534751950
425216.0148433449	4571043.4100159304
425215.1754078038	4571042.8665566659
425214.3359722627	4571042.3230974004
425213.4965367216	4571041.7796381358
425212.6571011805	4571041.2361788712
425211.8176656394	4571040.6927196067
425210.9782300983	4571040.1492603421
425210.1387945572	4571039.6058010776
425209.2993590161	4571039.0623418130
425208.4599234750	4571038.5188825484
425207.6204879339	4571037.9754232839
425206.7810523928	4571037.4319640184
425205.9416168517	4571036.8885047538
425205.1021813106	4571036.3450454893
425204.2627457695	4571035.8015862247
425203.4233102284	4571035.2581269601
425202.5838746873	4571034.7146676956
425201.7444391462	4571034.1712084310
425200.9050036051	4571033.6277491665
425200.0655680640	4571033.0842899019
425199.2261325229	4571032.5408306373
425198.3866969819	4571031.9973713718
425197.5472614407	4571031.4539121073
425196.7078258997	4571030.9104528427
425195.8683903585	4571030.3669935782
425195.0289548175	4571029.8235343136
425194.1895192763	4571029.2800750490
425193.3500837353	4571028.7366157845
425192.5106481941	4571028.1931565199
425191.6712126531	4571027.6496972553
425190.8317771119	4571027.1062379908
425189.9923415709	4571026.5627787253
425189.1529060297	4571026.0193194607
425188.3134704887	4571025.4758601962
425187.4740349476	4571024.9324009316
425186.6345994065	4571024.3889416670
425185.7951638654	4571023.8454824025
425184.9557283243	4571023.3020231379
425184.1162927832	4571022.7585638734
425183.2768572421	4571022.2151046088
425182.4374217010	4571021.6716453442
425181.5979861599	4571021.1281860787
425180.7585506188	4571020.5847268142
425179.9191150777	4571020.0412675496
425179.0796795366	4571019.4978082851
425178.2402439955	4571018.9543490205
425177.4008084544	4571018.4108897559
425176.5613729133	4571017.8674304914
425175.7219373722	4571017.3239712268
425174.8825018311	4571016.7805119622
425174.0430662900	4571016.2370526968
425173.2036307489	4571015.6935934322
425172.3641952078	4571015.1501341676
425171.5247596667	4571014.6066749031
425170.6853241256	4571014.0632156385
425169.8458885845	4571013.5197563739
425169.0064530434	4571012.9762971094
425168.1670175023	4571012.4328378448
425167.3275819612	4571011.8893785803
425166.4881464201	4571011.3459193157
425165.6346667089	4571010.8252238324
425164.7723808484	4571010.3188019777
425163.9100949879	4571009.8123801230
425163.0478091275	4571009.3059582692
425162.1855232670	4571008.7995364144
425161.3232374065	4571008.2931145597
425160.4609515460	4571007.7866927050
425159.5986656855	4571007.2802708503
425158.7363798250	4571006.7738489956
425157.8740939645	4571006.2674271408
425157.0118081041	4571005.7610052871
425156.1495222436	4571005.2545834323
425155.2872363831	4571004.7481615776
425154.4249505226	4571004.2417397229
425153.5626646621	4571003.7353178682
425152.7003788016	4571003.2288960135
425151.8380929411	4571002.7224741587
425150.9729167039	4571002.2214251701
425150.0751272938	4571001.7810001764
425149.1773378836	4571001.3405751828
425148.2795484735	4571000.9001501892
425147.3817590634	4571000.4597251955
425146.4839696532	4571000.0193002019
425145.5861802431	4570999.5788752083
425144.6883908329	4570999.1384502146
425143.7906014228	4570998.6980252210
425142.8928120127	4570998.2576002274
425141.9950226025	4570997.8171752328
425141.0972331924	4570997.3767502392
425140.1994437822	4570996.9363252455
425139.3016543721	4570996.4959002519
425138.4038649620	4570996.0554752583
425137.5045036585	4570995.6182704484
425136.6049954999	4570995.1813664855
425135.7054873414	4570994.7444625227
425134.8059791828	4570994.3075585598
425133.9064710242	4570993.8706545969
425133.0069628657	4570993.4337506341
425132.1074547071	4570992.9968466721
425131.2079465485	4570992.5599427093
425130.3084383899	4570992.1230387464
425129.4089302314	4570991.6861347836
425128.5094220728	4570991.2492308207
425127.6099139142	4570990.8123268578
425126.7104057556	4570990.3754228950
425125.8108975971	4570989.9385189330
425124.9113894385	4570989.5016149702
425124.0118812799	4570989.0647110073
425123.1123731213	4570988.6278070444
425122.2128649628	4570988.1909030816
425121.3056222063	4570987.7717087641
425120.3738017312	4570987.4087892110
425119.4419812561	4570987.0458696568
425118.5101607811	4570986.6829501037
425117.5783403061	4570986.3200305505
425116.6465198310	4570985.9571109964
425115.7146993560	4570985.5941914432
425114.7828788809	4570985.2312718900
425113.8510584058	4570984.8683523368
425112.9192379308	4570984.5054327827
425111.9874174558	4570984.1425132295
425111.0555969807	4570983.7795936763
425110.1237765057	4570983.4166741222
425109.1919560306	4570983.0537545690
425108.2601355555	4570982.6908350158
425107.3283150805	4570982.3279154627
425106.3964946055	4570981.9649959086
425105.4646741304	4570981.6020763554
425104.5328536554	4570981.2391568022
425103.6010331803	4570980.8762372481
425102.6692127052	4570980.5133176949
425101.7373922302	4570980.1503981417
425100.8055717552	4570979.7874785885
425099.8737512801	4570979.4245590344
425098.9419308051	4570979.0616394812
425098.0029942639	4570978.7177245542
425097.0619721396	4570978.3793795211
425096.1209500153	4570978.0410344880
425095.1799278911	4570977.7026894540
425094.2389057668	4570977.3643444208
425093.2978836425	4570977.0259993877
425092.3568615183	4570976.6876543537
425091.4158393940	4570976.3493093206
425090.4748172697	4570976.0109642874
425089.5337951455	4570975.6726192534
425088.5927730212	4570975.3342742203
425087.6517508970	4570974.9959291872
425086.7107287727	4570974.6575841531
425085.7697066485	4570974.3192391200
425084.8286845241	4570973.9808940869
425083.8876623999	4570973.6425490528
425082.9466402756	4570973.3042040197
425082.0056181514	4570972.9658589866
425081.0645960271	4570972.6275139526
425080.1235739028	4570972.2891689194
425079.1825517786	4570971.9508238863
425078.2415296543	4570971.6124788523
425077.3027021367	4570971.2686933661
425076.3903025997	4570970.8593926392
425075.4779030627	4570970.4500919133
425074.5655035258	4570970.0407911865
425073.6531039889	4570969.6314904597
425072.7407044519	4570969.2221897328
425071.8283049150	4570968.8128890060
425070.9159053780	4570968.4035882792
425070.0035058411	4570967.9942875523
425069.0911063042	4570967.5849868255
425068.1787067672	4570967.1756860986
425067.2663072302	4570966.7663853718
425066.3539076933	4570966.3570846450
425065.4415081564	4570965.9477839181
425064.5291086195	4570965.5384831913
425063.6167090825	4570965.1291824644
425062.7043095455	4570964.7198817376
425061.7919100086	4570964.3105810108
425060.8795104717	4570963.9012802839
425059.9671109348	4570963.4919795571
425059.0547113978	4570963.0826788303
425058.1423118608	4570962.6733781034
425057.2299123239	4570962.2640773766
425056.3175127870	4570961.8547766497
425055.4051132500	4570961.4454759229
425054.4927137131	4570961.0361751961
425053.5803141761	4570960.6268744692
425052.6679146392	4570960.2175737424
425051.7555151023	4570959.8082730155
425050.8669369540	4570959.3497792026
425049.9800516543	4570958.8877895223
425049.0931663546	4570958.4257998411
425048.2062810549	4570957.9638101608
425047.3193957552	4570957.5018204795
425046.4325104555	4570957.0398307992
425045.5456251558	4570956.5778411180
425044.6587398561	4570956.1158514367
425043.7718545564	4570955.6538617564
425042.8849692567	4570955.1918720752
425041.9980839570	4570954.7298823949
425041.1111986573	4570954.2678927137
425040.2243133576	4570953.8059030334
425039.3374280579	4570953.3439133521
425038.4505427582	4570952.8819236718
425037.5636574585	4570952.4199339906
425036.6767721589	4570951.9579443093
425035.7898868592	4570951.4959546290
425034.9030015595	4570951.0339649478
425034.0161162598	4570950.5719752675
425033.1292309601	4570950.1099855863
425032.2423456604	4570949.6479959060
425031.3554603607	4570949.1860062247
425030.4685750610	4570948.7240165444
425029.5816897613	4570948.2620268632
425028.6948044616	4570947.8000371819
425027.8079191619	4570947.3380475016
425026.9210338622	4570946.8760578204
425026.0341485625	4570946.4140681401
425025.1472632629	4570945.9520784589
425024.2603779632	4570945.4900887785
425023.3734926635	4570945.0280990973
425022.4866073638	4570944.5661094170
425021.5997220641	4570944.1041197358
425020.7128367644	4570943.6421300555
425019.8259514647	4570943.1801403742
425018.9390661650	4570942.7181506930
425018.0521808653	4570942.2561610127
425017.1652955656	4570941.7941713315
425016.2784102659	4570941.3321816511
425015.3915249662	4570940.8701919699
425014.5046396665	4570940.4082022896
425013.6177543668	4570939.9462126084
425012.7308690671	4570939.4842229281
425011.8439837674	4570939.0222332468
425010.9570984677	4570938.5602435656
425010.0702131680	4570938.0982538853
425009.1833278683	4570937.6362642040
425008.2964425686	4570937.1742745237
425007.4095572689	4570936.7122848425
425006.5226719692	4570936.2502951622
425005.6357866695	4570935.7883054810
425004.7489013698	4570935.3263158007
425003.8620160701	4570934.8643261194
425002.9751307704	4570934.4023364382
425002.0882454707	4570933.9403467579
425001.2013601710	4570933.4783570766
425000.3144748713	4570933.0163673963
424999.4275895717	4570932.5543777151
424998.5407042720	4570932.0923880348
424997.6538189723	4570931.6303983536
424996.7669336726	4570931.1684086733
424995.8800483729	4570930.7064189920
424994.9931630732	4570930.2444293108
424994.1062777735	4570929.7824396305
424993.2193924738	4570929.3204499492
424992.3325071741	4570928.8584602689
424991.4456218744	4570928.3964705877
424990.5587365747	4570927.9344809074
424989.6718512750	4570927.4724912262
424988.7849659754	4570927.0105015459
424987.8912725241	4570926.5618987037
424986.9955415201	4570926.1173022930
424986.0998105161	4570925.6727058822
424985.2040795121	4570925.2281094715
424984.3083485081	4570924.7835130608
424983.4126175040	4570924.3389166500
424982.5168865000	4570923.8943202393
424981.6211554960	4570923.4497238286
424980.7254244920	4570923.0051274179
424979.8296934880	4570922.5605310071
424978.9339624840	4570922.1159345964
424978.0382314800	4570921.6713381857
424977.1425004760	4570921.2267417740
424976.2467694720	4570920.7821453633
424975.3510384680	4570920.3375489525
424974.4553074640	4570919.8929525418
424973.5595764600	4570919.4483561311
424972.6638454559	4570919.0037597204
424971.7681144519	4570918.5591633096
424970.8723834479	4570918.1145668989
424969.9766524439	4570917.6699704882
424969.0809214399	4570917.2253740774
424968.1851904359	4570916.7807776667
424967.2894594319	4570916.3361812560
424966.3937284279	4570915.8915848453
424965.4979974239	4570915.4469884345
424964.6022664199	4570915.0023920238
424963.7065354159	4570914.5577956131
424962.8108044119	4570914.1131992023
424961.9150734078	4570913.6686027916
424961.0193424038	4570913.2240063809
424960.1236113998	4570912.7794099702
424959.2278803958	4570912.3348135594
424958.3321493918	4570911.8902171487
424957.4364183878	4570911.4456207380
424956.5406873838	4570911.0010243272
424955.6464865288	4570910.5535294954
424954.7741087852	4570910.0646971390
424953.9017310417	4570909.5758647826
424953.0293532981	4570909.0870324261
424952.1569755546	4570908.5982000697
424951.2845978110	4570908.1093677133
424950.4122200675	4570907.6205353569
424949.5398423239	4570907.1317030005
424948.6674645804	4570906.6428706450
424947.7950868368	4570906.1540382886
424946.9227090933	4570905.6652059322
424946.0503313497	4570905.1763735758
424945.1779536062	4570904.6875412194
424944.3055758627	4570904.1987088630
424943.4331981191	4570903.7098765066
424942.5608203755	4570903.2210441502
424941.6884426320	4570902.7322117947
424940.8160648885	4570902.2433794383
424939.9436871449	4570901.7545470819
424939.0713094014	4570901.2657147255
424938.1989316579	4570900.7768823691
424937.3265539143	4570900.2880500127
424936.4541761707	4570899.7992176563
424935.5817984272	4570899.3103852998
424934.7094206836	4570898.8215529434
424933.8370429401	4570898.3327205880
424932.9646651966	4570897.8438882316
424932.0922874530	4570897.3550558751
424931.2199097094	4570896.8662235187
424930.3475319659	4570896.3773911623
424929.4751542224	4570895.8885588059
424928.6027764788	4570895.3997264495
424927.7237523518	4570894.9242113167
424926.8086661657	4570894.5209529977
424925.8935799797	4570894.1176946778
424924.9784937936	4570893.7144363588
424924.0634076076	4570893.3111780398
424923.1483214215	4570892.9079197207
424922.2332352354	4570892.5046614008
424921.3181490494	4570892.1014030818
424920.4030628633	4570891.6981447628
424919.4879766773	4570891.2948864428
424918.5728904912	4570890.8916281238
424917.6578043051	4570890.4883698048
424916.7427181191	4570890.0851114849
424915.8276319330	4570889.6818531659
424914.9125457469	4570889.2785948468
424913.9974595609	4570888.8753365269
424913.0721507261	4570888.4965527579
424912.1420987361	4570888.1291248109
424911.2120467461	4570887.7616968649
424910.2819947562	4570887.3942689179
424909.3519427662	4570887.0268409718
424908.4218907763	4570886.6594130248
424907.4918387863	4570886.2919850778
424906.5617867963	4570885.9245571317
424905.6317348064	4570885.5571291847
424904.7016828164	4570885.1897012386
424903.8053626382	4570884.7636254933
424903.0200934726	4570884.1444709590
424902.2348243069	4570883.5253164247
424901.4495551414	4570882.9061618904
424900.6642859757	4570882.2870073551
424899.8790168101	4570881.6678528208
424899.0937476445	4570881.0486982865
424898.3084784789	4570880.4295437522
424897.5154343787	4570879.8207198726
424896.7031106450	4570879.2375130896
424895.8907869114	4570878.6543063065
424895.0784631779	4570878.0710995235
424894.2661394442	4570877.4878927404
424893.4538157106	4570876.9046859574
424892.6414919771	4570876.3214791743
424891.8291682434	4570875.7382723913
424891.0168445098	4570875.1550656082
424890.2045207762	4570874.5718588252
424889.3921970426	4570873.9886520421
424888.5798733090	4570873.4054452591
424887.7303237028	4570872.8792822920
424886.8693971745	4570872.3705529794
424886.0084706464	4570871.8618236678
424885.1475441181	4570871.3530943552
424884.2866175899	4570870.8443650436
424883.4256910617	4570870.3356357310
424882.5647645335	4570869.8269064184
424881.7038380053	4570869.3181771068
424880.8429114771	4570868.8094477942
424879.9819849489	4570868.3007184826
424879.1210584207	4570867.7919891700
424878.2601318925	4570867.2832598584
424877.3774934925	4570866.8154879026
424876.4732448458	4570866.3884815965
424875.5689961991	4570865.9614752913
424874.6647475524	4570865.5344689861
424873.7604989056	4570865.1074626800
424872.8562502589	4570864.6804563748
424871.9520016122	4570864.2534500696
424871.0477529655	4570863.8264437644
424870.1435043187	4570863.3994374583
424869.2392556720	4570862.9724311531
424868.3350070253	4570862.5454248479
424867.4307583786	4570862.1184185417
424866.5265097319	4570861.6914122365
424865.6222610851	4570861.2644059313
424864.7117473677	4570860.8525081016
424863.7706726514	4570860.5143093746
424862.8295979352	4570860.1761106486
424861.8885232189	4570859.8379119225
424860.9474485027	4570859.4997131964
424860.0063737864	4570859.1615144704
424859.0652990701	4570858.8233157443
424858.1242243538	4570858.4851170173
424857.1833241279	4570858.1464673812
424856.2597324644	4570857.7630897099
424855.3361408008	4570857.3797120377
424854.4125491372	4570856.9963343665
424853.4889574737	4570856.6129566953
424852.5653658101	4570856.2295790240
424851.6417741466	4570855.8462013518
424850.7154514824	4570855.4700245000
424849.7699138966	4570855.1445115600
424848.8243763108	4570854.8189986208
424847.8788387249	4570854.4934856817
424846.9333011391	4570854.1679727416
424845.9877635532	4570853.8424598025
424845.0422259674	4570853.5169468625
424844.0966883816	4570853.1914339233
424843.1434121207	4570852.8911990840
424842.1776961743	4570852.6315980228
424841.2119802278	4570852.3719969615
424840.2462642814	4570852.1123959012
424839.2805483349	4570851.8527948400
424838.3148323884	4570851.5931937797
424837.3491164420	4570851.3335927185
424836.3834004955	4570851.0739916582
424835.4176845491	4570850.8143905969
424834.4519686027	4570850.5547895366
424833.4862526562	4570850.2951884754
424832.5205367098	4570850.0355874142
424831.5523184766	4570849.7855207836
424830.5835817721	4570849.5374296764
424829.6148450678	4570849.2893385692
424828.6461083633	4570849.0412474619
424827.6773716589	4570848.7931563547
424826.7086349545	4570848.5450652465
424825.7398982501	4570848.2969741393
424824.7711615457	4570848.0488830321
424823.8024248412	4570847.8007919248
424822.8336881368	4570847.5527008176
424821.8654483767	4570847.3026811611
424820.8974514785	4570847.0517190024
424819.9294545804	4570846.8007568438
424818.9614576822	4570846.5497946851
424817.9934607841	4570846.2988325264
424817.0254638858	4570846.0478703678
424816.0574669877	4570845.7969082091
424815.0894700895	4570845.5459460504
424814.1214731913	4570845.2949838918
424813.1534762932	4570845.0440217322
424812.1854793949	4570844.7930595735
424811.2174824968	4570844.5420974148
424810.2494855986	4570844.2911352562
424809.2869826184	4570844.0216077399
424808.3382993204	4570843.7053799741
424807.3896160223	4570843.3891522083
424806.4409327243	4570843.0729244417
424805.4922494262	4570842.7566966759
424804.5435661282	4570842.4404689102
424803.5948828301	4570842.1242411435
424802.6443004653	4570841.8147384822
424801.6703355356	4570841.5880397484
424800.6963706060	4570841.3613410154
424799.7224056763	4570841.1346422816
424798.7484407467	4570840.9079435477
424797.7744758171	4570840.6812448138
424796.8005108874	4570840.4545460809
424795.8265459578	4570840.2278473470
424794.8525810282	4570840.0011486132
424793.8786160985	4570839.7744498793
424792.9046511689	4570839.5477511464
424791.9306862392	4570839.3210524125
424790.9567213095	4570839.0943536786
424789.9827563799	4570838.8676549448
424789.0087914503	4570838.6409562118
424788.0298678046	4570838.4370977553
424787.0495804920	4570838.2395204669
424786.0692931793	4570838.0419431794
424785.0890058667	4570837.8443658911
424784.1087185540	4570837.6467886036
424783.1284312414	4570837.4492113162
424782.1481439288	4570837.2516340278
424781.1678566162	4570837.0540567404
424780.1875693035	4570836.8564794520
424779.2072819909	4570836.6589021645
424778.2269946782	4570836.4613248762
424777.2467073656	4570836.2637475887
424776.2664200529	4570836.0661703004
424775.2861327403	4570835.8685930129
424774.3058454276	4570835.6710157255
424773.3255581150	4570835.4734384371
424772.3788604080	4570835.1514590019
424771.4323502198	4570834.8287850749
424770.4858400316	4570834.5061111469
424769.5393298434	4570834.1834372189
424768.5928196552	4570833.8607632918
424767.6463094670	4570833.5380893638
424766.6997992788	4570833.2154154358
424765.7532890906	4570832.8927415088
424764.8067789024	4570832.5700675808
424763.8602687142	4570832.2473936528
424762.9137585260	4570831.9247197248
424762.0123083165	4570831.4948513880
424761.1195252600	4570831.0443645250
424760.2267422035	4570830.5938776610
424759.3339591471	4570830.1433907980
424758.4411760906	4570829.6929039340
424757.5483930342	4570829.2424170710
424756.6556099777	4570828.7919302080
424755.7628269212	4570828.3414433440
424754.8700438647	4570827.8909564810
424753.9772608083	4570827.4404696180
424753.0844777518	4570826.9899827540
424752.1916946953	4570826.5394958910
424751.2989116388	4570826.0890090270
424750.4061285824	4570825.6385221640
424749.5101876896	4570825.1946052937
424748.6007132140	4570824.7788455337
424747.6912387384	4570824.3630857728
424746.7817642628	4570823.9473260129
424745.8722897872	4570823.5315662529
424744.9628153116	4570823.1158064920
424744.0533408360	4570822.7000467321
424743.1438663604	4570822.2842869721
424742.2343918848	4570821.8685272122
424741.3249174092	4570821.4527674513
424740.4154429336	4570821.0370076913
424739.5059684580	4570820.6212479314
424738.5964939824	4570820.2054881705
424737.6870195068	4570819.7897284105
424736.7775450312	4570819.3739686506
424735.8680705557	4570818.9582088897
424734.9585960801	4570818.5424491297
424734.0491216045	4570818.1266893698
424733.1396471289	4570817.7109296089
424732.2429701789	4570817.2686281996
424731.3513034097	4570816.8159358399
424730.4596366404	4570816.3632434802
424729.5679698712	4570815.9105511205
424728.6763031020	4570815.4578587608
424727.7846363327	4570815.0051664012
424726.8929695635	4570814.5524740415
424726.0013027942	4570814.0997816818
424725.1096360249	4570813.6470893221
424724.1989245626	4570813.2341143982
424723.2876600176	4570812.8222929211
424722.3763954725	4570812.4104714440
424721.4651309275	4570811.9986499669
424720.5538663825	4570811.5868284898
424719.6426018375	4570811.1750070127
424718.7313372925	4570810.7631855356
424717.8200727475	4570810.3513640584
424716.9088082024	4570809.9395425813
424715.9975436575	4570809.5277211051
424715.0862791125	4570809.1158996280
424714.1750145674	4570808.7040781509
424713.2637500224	4570808.2922566738
424712.3373089216	4570807.9229101483
424711.3714053254	4570807.6640081527
424710.4055017293	4570807.4051061580
424709.4395981332	4570807.1462041633
424708.4736945370	4570806.8873021686
424707.5077909408	4570806.6284001740
424706.5418873446	4570806.3694981793
424705.5759837485	4570806.1105961837
424704.6100801523	4570805.8516941890
424703.6441765562	4570805.5927921943
424702.6782729600	4570805.3338901997
424701.7123693638	4570805.0749882050
424700.7515500164	4570804.7996310228
424699.8079500343	4570804.4685433097
424698.8643500522	4570804.1374555966
424697.9207500700	4570803.8063678835
424696.9771500879	4570803.4752801703
424696.0335501058	4570803.1441924572
424695.0899501237	4570802.8131047441
424694.1463501416	4570802.4820170309
424693.2145293867	4570802.1191308973
424692.2829517672	4570801.7555884123
424691.3513741478	4570801.3920459263
424690.4197965283	4570801.0285034413
424689.4882189087	4570800.6649609553
424688.5566412893	4570800.3014184693
424687.6250636698	4570799.9378759842
424686.6934860503	4570799.5743334983
424685.7619084308	4570799.2107910123
424684.8303308113	4570798.8472485272
424683.8987531918	4570798.4837060412
424682.9671755723	4570798.1201635553
424682.0355979529	4570797.7566210702
424681.1040203334	4570797.3930785842
424680.1724427139	4570797.0295360992
424679.2435859927	4570796.6595163951
424678.3318520494	4570796.2487351680
424677.4201181061	4570795.8379539410
424676.5083841628	4570795.4271727139
424675.5966502195	4570795.0163914869
424674.6849162762	4570794.6056102589
424673.7731823329	4570794.1948290318
424672.8614483896	4570793.7840478048
424671.9497144463	4570793.3732665777
424671.0379805030	4570792.9624853507
424670.1262465597	4570792.5517041227
424669.2145126164	4570792.1409228956
424668.3033107702	4570791.7289731354
424667.3948813709	4570791.3109348277
424666.4864519717	4570790.8928965200
424665.5780225725	4570790.4748582123
424664.6695931732	4570790.0568199046
424663.7611637740	4570789.6387815969
424662.8527343747	4570789.2207432892
424661.9443049755	4570788.8027049825
424661.0358755762	4570788.3846666748
424660.1274461770	4570787.9666283671
424659.2190167777	4570787.5485900594
424658.3105873785	4570787.1305517517
424657.4021579793	4570786.7125134440
424656.4937285800	4570786.2944751363
424655.5852991808	4570785.8764368286
424654.6735699694	4570785.4659112124
424653.7511289811	4570785.0797731243
424652.8286879928	4570784.6936350353
424651.9062470045	4570784.3074969472
424650.9838060162	4570783.9213588592
424650.0613650279	4570783.5352207711
424649.1389240396	4570783.1490826830
424648.2164830513	4570782.7629445950
424647.2940420630	4570782.3768065069
424646.3716010747	4570781.9906684188
424645.4491600864	4570781.6045303307
424644.5250682362	4570781.2229623711
424643.5688040415	4570780.9304580288
424642.6125398469	4570780.6379536865
424641.6562756522	4570780.3454493452
424640.7000114575	4570780.0529450029
424639.7437472629	4570779.7604406616
424638.7874830682	4570779.4679363193
424637.8312188736	4570779.1754319780
424636.8749546789	4570778.8829276357
424635.9186904842	4570778.5904232934
424634.9624262896	4570778.2979189521
424634.0147186531	4570777.9805297144
424633.0807799907	4570777.6230963990
424632.1468413283	4570777.2656630836
424631.2129026659	4570776.9082297692
424630.2789640035	4570776.5507964538
424629.3450253411	4570776.1933631385
424628.4110866787	4570775.8359298231
424627.4771480163	4570775.4784965077
424626.5432093539	4570775.1210631924
424625.6092706915	4570774.7636298770
424624.6753320291	4570774.4061965616
424623.7384227916	4570774.0566262649
424622.8014425868	4570773.7072438151
424621.8644623820	4570773.3578613661
424620.9274821772	4570773.0084789163
424619.9905019724	4570772.6590964673
424619.0535217676	4570772.3097140184
424618.1165415629	4570771.9603315685
424617.1795613581	4570771.6109491196
424616.2425811533	4570771.2615666706
424615.3056009485	4570770.9121842207
424614.3686207437	4570770.5628017718
424613.4316405389	4570770.2134193229
424612.4946603342	4570769.8640368730
424611.5576801294	4570769.5146544240
424610.6206999246	4570769.1652719751
424609.6835105380	4570768.8164511072
424608.7462886870	4570768.4677173952
424607.8090668359	4570768.1189836832
424606.8718449848	4570767.7702499712
424605.9346231338	4570767.4215162592
424604.9974012827	4570767.0727825472
424604.0601794317	4570766.7240488352
424603.1229575806	4570766.3753151232
424602.1857357295	4570766.0265814112
424601.2485138785	4570765.6778476993
424600.3112920274	4570765.3291139863
424599.3740701764	4570764.9803802744
424598.4368483253	4570764.6316465624
424597.4996264742	4570764.2829128504
424596.5624046232	4570763.9341791384
424595.6251827721	4570763.5854454264
424594.7035967162	4570763.2009319160
424593.8110174683	4570762.7500413684
424592.9184382204	4570762.2991508199
424592.0258589725	4570761.8482602723
424591.1332797245	4570761.3973697238
424590.2407004767	4570760.9464791762
424589.3481212288	4570760.4955886286
424588.4555419808	4570760.0446980800
424587.5629627329	4570759.5938075325
424586.6703834850	4570759.1429169849
424585.7778042371	4570758.6920264363
424584.8852249892	4570758.2411358887
424583.9926457413	4570757.7902453411
424583.0844653462	4570757.3758683428
424582.1416509604	4570757.0425501261
424581.1988365746	4570756.7092319084
424580.2560221888	4570756.3759136917
424579.3132078030	4570756.0425954740
424578.3703934172	4570755.7092772573
424577.4275790314	4570755.3759590397
424576.4847646456	4570755.0426408229
424575.5419502598	4570754.7093226053
424574.5991358740	4570754.3760043886
424573.6563214882	4570754.0426861709
424572.7135071024	4570753.7093679542
424571.7706927166	4570753.3760497365
424570.8520869212	4570752.9830144783
424569.9433150199	4570752.5657212585
424569.0345431186	4570752.1484280387
424568.1257712173	4570751.7311348189
424567.2169993160	4570751.3138415990
424566.3082274148	4570750.8965483783
424565.3994555134	4570750.4792551585
424564.4906836121	4570750.0619619386
424563.5819117109	4570749.6446687188
424562.6731398095	4570749.2273754990
424561.7643679083	4570748.8100822791
424560.8555960070	4570748.3927890593
424559.9468241057	4570747.9754958386
424559.0167847033	4570747.6092695612
424558.0804555257	4570747.2581461193
424557.1441263482	4570746.9070226783
424556.2077971706	4570746.5558992364
424555.2714679931	4570746.2047757944
424554.3351388155	4570745.8536523534
424553.3988096380	4570745.5025289115
424552.4624804604	4570745.1514054695
424551.5261512829	4570744.8002820285
424550.5898221053	4570744.4491585866
424549.6534929277	4570744.0980351446
424548.7171637502	4570743.7469117036
424547.7878315138	4570743.3782149004
424546.8664052421	4570742.9896616535
424545.9449789704	4570742.6011084067
424545.0235526987	4570742.2125551589
424544.1021264270	4570741.8240019120
424543.1807001553	4570741.4354486652
424542.2592738836	4570741.0468954183
424541.3378476119	4570740.6583421705
424540.4164213402	4570740.2697889237
424539.4949950685	4570739.8812356768
424538.5735687968	4570739.4926824300
424537.6543665746	4570739.0989175010
424536.7363042211	4570738.7024814850
424535.8182418676	4570738.3060454689
424534.9001795140	4570737.9096094528
424533.9821171605	4570737.5131734358
424533.0640548070	4570737.1167374197
424532.1459924534	4570736.7203014037
424531.2279300999	4570736.3238653876
424530.3098677463	4570735.9274293706
424529.3918053928	4570735.5309933545
424528.4737430393	4570735.1345573384
424527.5554066694	4570734.7387596974
424526.6356285014	4570734.3463210128
424525.7158503333	4570733.9538823273
424524.7960721653	4570733.5614436418
424523.8762939972	4570733.1690049572
424522.9565158292	4570732.7765662717
424522.0367376611	4570732.3841275871
424521.1169594931	4570731.9916889016
424520.1971813250	4570731.5992502170
424519.2774031569	4570731.2068115314
424518.3656272227	4570730.7968735341
424517.4671533553	4570730.3578465311
424516.5686794879	4570729.9188195271
424515.6702056206	4570729.4797925241
424514.7717317532	4570729.0407655202
424513.8732578859	4570728.6017385172
424512.9747840186	4570728.1627115142
424512.0763101512	4570727.7236845102
424511.1778362838	4570727.2846575072
424510.2793624164	4570726.8456305042
424509.3808885491	4570726.4066035002
424508.4824146818	4570725.9675764972
424507.5754598068	4570725.5466349041
424506.6633818000	4570725.1366181858
424505.7513037932	4570724.7266014665
424504.8392257865	4570724.3165847482
424503.9271477797	4570723.9065680299
424503.0150697729	4570723.4965513106
424502.1029917661	4570723.0865345923
424501.1909137594	4570722.6765178740
424500.2788357527	4570722.2665011548
424499.3667577459	4570721.8564844364
424498.4546797391	4570721.4464677181
424497.5426017323	4570721.0364509989
424496.6305237256	4570720.6264342805
424495.7184457188	4570720.2164175622
424494.7997605619	4570719.8223834410
424493.8644040086	4570719.4686771818
424492.9290474552	4570719.1149709225
424491.9936909019	4570718.7612646623
424491.0583343485	4570718.4075584030
424490.1229777952	4570718.0538521428
424489.1876212418	4570717.7001458835
424488.2522646885	4570717.3464396242
424487.3169081352	4570716.9927333640
424486.3815515818	4570716.6390271047
424485.4461950285	4570716.2853208445
424484.5108384751	4570715.9316145852
424483.5754819218	4570715.5779083259
424482.6401253684	4570715.2242020657
424481.7047688150	4570714.8704958064
424480.7693684768	4570714.5169065380
424479.8316197161	4570714.1695921831
424478.8938709554	4570713.8222778272
424477.9561221947	4570713.4749634713
424477.0183734339	4570713.1276491154
424476.0806246732	4570712.7803347595
424475.1428759125	4570712.4330204036
424474.2051271518	4570712.0857060477
424473.2673783911	4570711.7383916918
424472.3296296303	4570711.3910773359
424471.3918808696	4570711.0437629800
424470.4633477771	4570710.6729670288
424469.5396904803	4570710.2897475120
424468.6160331835	4570709.9065279961
424467.6923758867	4570709.5233084792
424466.7687185899	4570709.1400889624
424465.8450612931	4570708.7568694456
424464.9214039963	4570708.3736499287
424463.9977466995	4570707.9904304119
424463.0740894026	4570707.6072108950
424462.1504321058	4570707.2239913782
424461.2267748090	4570706.8407718614
424460.3031175122	4570706.4575523445
424459.4039959662	4570706.0243354430
424458.5357528241	4570705.5281965053
424457.6675096819	4570705.0320575666
424456.7992665398	4570704.5359186279
424455.9310233977	4570704.0397796901
424455.0627802556	4570703.5436407514
424454.1945371134	4570703.0475018136
424453.3262939713	4570702.5513628749
424452.4580508292	4570702.0552239362
424451.5898076871	4570701.5590849984
424450.7215645450	4570701.0629460597
424449.8533214028	4570700.5668071210
424448.9850782607	4570700.0706681833
424448.1168351186	4570699.5745292446
424447.2485919764	4570699.0783903068
424446.3803488344	4570698.5822513681
424445.5121056922	4570698.0861124294
424444.6438625501	4570697.5899734916
424443.7756194080	4570697.0938345529
424442.9073762658	4570696.5976956142
424442.0391331237	4570696.1015566764
424441.1708899816	4570695.6054177377
424440.2975946724	4570695.1187188597
424439.4031674814	4570694.6715052649
424438.5087402904	4570694.2242916692
424437.6143130994	4570693.7770780735
424436.7198859083	4570693.3298644777
424435.8254587173	4570692.8826508829
424434.9310315263	4570692.4354372872
424434.0366043353	4570691.9882236915
424433.1421771443	4570691.5410100967
424432.2477499533	4570691.0937965009
424431.3533227623	4570690.6465829052
424430.4588955713	4570690.1993693095
424429.5644683803	4570689.7521557147
424428.6700411893	4570689.3049421189
424427.7756139983	4570688.8577285232
424426.8811868072	4570688.4105149275
424425.9867596162	4570687.9633013327
424425.0923324252	4570687.5160877369
424424.1979052342	4570687.0688741412
424423.3034780432	4570686.6216605464
424422.4105345911	4570686.1715151388
424421.5204912263	4570685.7156392690
424420.6304478614	4570685.2597633991
424419.7404044966	4570684.8038875293
424418.8503611317	4570684.3480116595
424417.9603177669	4570683.8921357896
424417.0702744020	4570683.4362599198
424416.1802310372	4570682.9803840499
424415.2901876723	4570682.5245081801
424414.4001443075	4570682.0686323103
424413.5101009426	4570681.6127564404
424412.6200575778	4570681.1568805706
424411.7300142129	4570680.7010047007
424410.8399708481	4570680.2451288309
424409.9499274832	4570679.7892529611
424409.0598841183	4570679.3333770912
424408.1698407535	4570678.8775012214
424407.2764810536	4570678.4281783039
424406.3820538626	4570677.9809647081
424405.4876266716	4570677.5337511133
424404.5931994806	4570677.0865375176
424403.6987722896	4570676.6393239219
424402.8043450986	4570676.1921103261
424401.9099179076	4570675.7448967313
424401.0154907166	4570675.2976831356
424400.1210635256	4570674.8504695399
424399.2266363346	4570674.4032559441
424398.3322091436	4570673.9560423493
424397.4377819526	4570673.5088287536
424396.5433547616	4570673.0616151579
424395.6489275706	4570672.6144015621
424394.7545003796	4570672.1671879673
424393.8537043873	4570671.7330346853
424392.9505703828	4570671.3036758956
424392.0474363782	4570670.8743171068
424391.1443023736	4570670.4449583180
424390.2411683690	4570670.0155995283
424389.3380343644	4570669.5862407396
424388.4349003599	4570669.1568819499
424387.5317663553	4570668.7275231611
424386.6286323507	4570668.2981643723
424385.7254983461	4570667.8688055826
424384.8223643415	4570667.4394467939
424383.9192303369	4570667.0100880051
424383.0160963324	4570666.5807292154
424382.1129623277	4570666.1513704266
424381.2098283232	4570665.7220116379
424380.3066943186	4570665.2926528482
424379.4047369153	4570664.8608356873
424378.5038538405	4570664.4267738424
424377.6029707656	4570663.9927119976
424376.7020876907	4570663.5586501518
424375.8012046159	4570663.1245883070
424374.9003215410	4570662.6905264622
424373.9994384661	4570662.2564646164
424373.0985553912	4570661.8224027716
424372.1976723164	4570661.3883409267
424371.2967892415	4570660.9542790819
424370.3959061666	4570660.5202172361
424369.4950230918	4570660.0861553913
424368.5941400168	4570659.6520935465
424367.6932569420	4570659.2180317007
424366.7923738671	4570658.7839698559
424365.8911230766	4570658.3506721444
424364.9898181890	4570657.9174868492
424364.0885133014	4570657.4843015550
424363.1872084139	4570657.0511162598
424362.2859035263	4570656.6179309655
424361.3845986387	4570656.1847456703
424360.4832937512	4570655.7515603751
424359.5819888636	4570655.3183750808
424358.6806839760	4570654.8851897856
424357.7793790884	4570654.4520044914
424356.8780742008	4570654.0188191961
424355.9767693132	4570653.5856339019
424355.0754644257	4570653.1524486067
424354.1741595381	4570652.7192633115
424353.2728546505	4570652.2860780172
424352.3715497629	4570651.8528927220
424351.4702448754	4570651.4197074277
424350.5513190168	4570651.0263163280
424349.6247765455	4570650.6501261508
424348.6982340741	4570650.2739359746
424347.7716916027	4570649.8977457983
424346.8451491314	4570649.5215556221
424345.9186066601	4570649.1453654459
424344.9920641887	4570648.7691752696
424344.0655217173	4570648.3929850934
424343.1389792460	4570648.0167949172
424342.2124367746	4570647.6406047409
424341.2858943033	4570647.2644145638
424340.3593518319	4570646.8882243875
424339.4328093605	4570646.5120342113
424338.5062668892	4570646.1358440351
424337.5797244178	4570645.7596538588
424336.6531819465	4570645.3834636826
424335.7266394751	4570645.0072735064
424334.7922936655	4570644.6516593313
424333.8493033320	4570644.3188392138
424332.9063129984	4570643.9860190954
424331.9633226648	4570643.6531989779
424331.0203323313	4570643.3203788605
424330.0773419977	4570642.9875587421
424329.1343516641	4570642.6547386246
424328.1913613305	4570642.3219185071
424327.2483709969	4570641.9890983896
424326.3053806633	4570641.6562782712
424325.3623903298	4570641.3234581538
424324.4397037982	4570640.9399175886
424323.5275351021	4570640.5301026665
424322.6153664060	4570640.1202877453
424321.7031977099	4570639.7104728241
424320.7910290138	4570639.3006579028
424319.8788603177	4570638.8908429807
424318.9666916216	4570638.4810280595
424318.0545229255	4570638.0712131383
424317.1423542294	4570637.6613982162
424316.2229012724	4570637.2685079956
424315.2982231739	4570636.8877581907
424314.3735450753	4570636.5070083858
424313.4488669769	4570636.1262585800
424312.5241888783	4570635.7455087751
424311.5995107799	4570635.3647589702
424310.6748326813	4570634.9840091644
424309.7501545829	4570634.6032593595
424308.8254764843	4570634.2225095546
424307.8862519429	4570633.8799829949
424306.9423935865	4570633.5496325707
424305.9985352301	4570633.2192821456
424305.0546768738	4570632.8889317205
424304.1108185174	4570632.5585812964
424303.1669601610	4570632.2282308713
424302.2231018046	4570631.8978804471
424301.2787285655	4570631.5690302188
424300.3309347779	4570631.2501463275
424299.3831409902	4570630.9312624363
424298.4353472026	4570630.6123785451
424297.4875534149	4570630.2934946539
424296.5397596272	4570629.9746107627
424295.5919658395	4570629.6557268715
424294.6441720519	4570629.3368429802
424293.6963782642	4570629.0179590890
424292.7485844766	4570628.6990751978
424291.8007906889	4570628.3801913066
424290.8529969012	4570628.0613074154
424289.9052031135	4570627.7424235241
424288.9574093259	4570627.4235396329
424288.0423905828	4570627.0264990665
424287.1506411750	4570626.5739695160
424286.2588917673	4570626.1214399654
424285.3671423596	4570625.6689104158
424284.4753929519	4570625.2163808653
424283.5836435442	4570624.7638513148
424282.6918941365	4570624.3113217643
424281.8001447288	4570623.8587922147
424280.9083953210	4570623.4062626641
424279.9996218658	4570622.9904588368
424279.0779864906	4570622.6024018368
424278.1563511155	4570622.2143448368
424277.2347157403	4570621.8262878368
424276.3130803652	4570621.4382308368
424275.3914449900	4570621.0501738368
424274.4698096149	4570620.6621168368
424273.5481742398	4570620.2740598368
424272.6265388646	4570619.8860028367
424271.7049034895	4570619.4979458367
424270.7828907438	4570619.1107869027
424269.8606963619	4570618.7240602262
424268.9385019801	4570618.3373335507
424268.0163075983	4570617.9506068742
424267.0941132165	4570617.5638801977
424266.1719188346	4570617.1771535212
424265.2497244528	4570616.7904268447
424264.3275300710	4570616.4037001692
424263.4053356892	4570616.0169734927
424262.4831413074	4570615.6302468162
424261.5609469256	4570615.2435201397
424260.6387525437	4570614.8567934642
424259.7148491774	4570614.4741868246
424258.7896805590	4570614.0946304686
424257.8645119407	4570613.7150741126
424256.9393433223	4570613.3355177557
424256.0141747039	4570612.9559613997
424255.0890060856	4570612.5764050437
424254.1638374672	4570612.1968486877
424253.2386688488	4570611.8172923308
424252.3135002304	4570611.4377359748
424251.3883316120	4570611.0581796188
424250.4690355028	4570610.6649456881
424249.5566767943	4570610.2555539599
424248.6443180859	4570609.8461622316
424247.7319593774	4570609.4367705034
424246.8196006689	4570609.0273787752
424245.9072419605	4570608.6179870469
424244.9948832520	4570608.2085953187
424244.0825245435	4570607.7992035914
424243.1701658351	4570607.3898118632
424242.2578071266	4570606.9804201350
424241.3516315278	4570606.5584474895
424240.4701515578	4570606.0862260778
424239.5886715878	4570605.6140046651
424238.7071916177	4570605.1417832524
424237.8257116477	4570604.6695618397
424236.9442316777	4570604.1973404279
424236.0627517076	4570603.7251190152
424235.1812717376	4570603.2528976025
424234.2997917675	4570602.7806761898
424233.4183117975	4570602.3084547771
424232.5368318275	4570601.8362333653
424231.6553518574	4570601.3640119527
424230.7375433431	4570600.9698516373
424229.8086344269	4570600.5995433535
424228.8797255107	4570600.2292350689
424227.9508165944	4570599.8589267852
424227.0219076782	4570599.4886185005
424226.0929987619	4570599.1183102168
424225.1640898457	4570598.7480019322
424224.2351809294	4570598.3776936485
424223.3062720132	4570598.0073853638
424222.3773630969	4570597.6370770801
424221.4484541807	4570597.2667687954
424220.5195452645	4570596.8964605117
424219.5906363483	4570596.5261522271
424218.6617274320	4570596.1558439434
424217.7328185158	4570595.7855356587
424216.8039095995	4570595.4152273750
424215.8750006833	4570595.0449190903
424214.9460917670	4570594.6746108066
424214.0171828508	4570594.3043025220
424213.1157201869	4570593.8741670828
424212.2291353407	4570593.4116010759
424211.3425504946	4570592.9490350690
424210.4559656484	4570592.4864690620
424209.5693808022	4570592.0239030551
424208.6827959561	4570591.5613370491
424207.7962111100	4570591.0987710422
424206.9096262638	4570590.6362050353
424206.0230414177	4570590.1736390283
424205.1197200036	4570589.7491927333
424204.1791661039	4570589.4095482696
424203.2386122042	4570589.0699038059
424202.2980583045	4570588.7302593421
424201.3575044048	4570588.3906148784
424200.4169505051	4570588.0509704147
424199.4763966054	4570587.7113259509
424198.5358427057	4570587.3716814872
424197.5952888060	4570587.0320370235
424196.6577812367	4570586.6847538883
424195.7416239018	4570586.2839350542
424194.8254665669	4570585.8831162201
424193.9093092320	4570585.4822973860
424192.9931518971	4570585.0814785520
424192.0769945622	4570584.6806597179
424191.1608372273	4570584.2798408838
424190.2446798924	4570583.8790220497
424189.3285225575	4570583.4782032156
424188.4123652225	4570583.0773843825
424187.4962078877	4570582.6765655484
424186.5800505528	4570582.2757467143
424185.6638932178	4570581.8749278802
424184.7477358830	4570581.4741090462
424183.8315785480	4570581.0732902121
424182.9154212132	4570580.6724713780
424181.9992638782	4570580.2716525439
424181.0831065433	4570579.8708337098
424180.1669492084	4570579.4700148758
424179.2507918735	4570579.0691960417
424178.3346345386	4570578.6683772076
424177.4167281331	4570578.2717051785
424176.4902615560	4570577.8953281315
424175.5637949789	4570577.5189510845
424174.6373284018	4570577.1425740374
424173.7108618247	4570576.7661969904
424172.7843952475	4570576.3898199433
424171.8579286704	4570576.0134428963
424170.9314620933	4570575.6370658493
424170.0049955162	4570575.2606888022
424169.0785289391	4570574.8843117552
424168.1520623620	4570574.5079347081
424167.2255957849	4570574.1315576611
424166.2991292078	4570573.7551806150
424165.4001546363	4570573.3189554550
424164.5110188260	4570572.8613120234
424163.6218830156	4570572.4036685918
424162.7327472052	4570571.9460251601
424161.8436113948	4570571.4883817285
424160.9544755844	4570571.0307382960
424160.0653397740	4570570.5730948644
424159.1762039636	4570570.1154514328
424158.2870681532	4570569.6578080012
424157.3979323428	4570569.2001645686
424156.5087965324	4570568.7425211370
424155.6196607221	4570568.2848777054
424154.7305249116	4570567.8272342738
424153.8413891013	4570567.3695908422
424152.9522532909	4570566.9119474096
424152.0631174805	4570566.4543039780
424151.1739816701	4570565.9966605464
424150.2848458597	4570565.5390171148
424149.3790302060	4570565.1185042728
424148.4463665888	4570564.7577570248
424147.5137029715	4570564.3970097769
424146.5810393543	4570564.0362625280
424145.6483757370	4570563.6755152801
424144.7157121198	4570563.3147680322
424143.7830485026	4570562.9540207842
424142.8503848854	4570562.5932735354
424141.9177212681	4570562.2325262874
424140.9850576509	4570561.8717790395
424140.0523940336	4570561.5110317906
424139.1197304164	4570561.1502845427
424138.1870667991	4570560.7895372948
424137.2544031819	4570560.4287900468
424136.3568375231	4570559.9907023823
424135.4712174725	4570559.5262918677
424134.5855974218	4570559.0618813531
424133.6999773711	4570558.5974708395
424132.8143573205	4570558.1330603249
424131.9287372698	4570557.6686498104
424131.0431172191	4570557.2042392958
424130.1574971684	4570556.7398287812
424129.2718771178	4570556.2754182676
424128.3862570671	4570555.8110077530
424127.5006370165	4570555.3465972384
424126.5877508346	4570554.9413675442
424125.6592741437	4570554.5699768681
424124.7307974528	4570554.1985861911
424123.8023207619	4570553.8271955149
424122.8738440710	4570553.4558048388
424121.9453673801	4570553.0844141627
424121.0168906892	4570552.7130234865
424120.0884139983	4570552.3416328095
424119.1599373074	4570551.9702421334
424118.2314606165	4570551.5988514572
424117.3029839256	4570551.2274607811
424116.3745072347	4570550.8560701041
424115.4460305439	4570550.4846794279
424114.5175538530	4570550.1132887518
424113.5890771621	4570549.7418980757
424112.6606004712	4570549.3705073986
424111.7321237803	4570548.9991167225
424110.8036470894	4570548.6277260464
424109.8886208437	4570548.2255100925
424108.9848830048	4570547.7974237474
424108.0811451660	4570547.3693374032
424107.1774073271	4570546.9412510581
424106.2736694882	4570546.5131647130
424105.3699316493	4570546.0850783689
424104.4661938104	4570545.6569920238
424103.5624559716	4570545.2289056787
424102.6587181327	4570544.8008193346
424101.7549802938	4570544.3727329895
424100.8456141093	4570543.9570039073
424099.9294567743	4570543.5561850732
424099.0132994394	4570543.1553662391
424098.0971421046	4570542.7545474051
424097.1809847696	4570542.3537285719
424096.2648274348	4570541.9529097378
424095.3486700998	4570541.5520909037
424094.4325127649	4570541.1512720697
424093.5163554300	4570540.7504532356
424092.6001980951	4570540.3496344015
424091.6840407602	4570539.9488155674
424090.7678834253	4570539.5479967333
424089.8517260904	4570539.1471778993
424088.9355687555	4570538.7463590652
424088.0194114206	4570538.3455402311
424087.1032540857	4570537.9447213970
424086.1870967508	4570537.5439025629
424085.2709394159	4570537.1430837288
424084.3547820810	4570536.7422648948
424083.4386247461	4570536.3414460616
424082.5224674112	4570535.9406272275
424081.6063100763	4570535.5398083935
424080.6901527414	4570535.1389895594
424079.7739954065	4570534.7381707253
424078.8578380716	4570534.3373518912
424077.9416807367	4570533.9365330571
424077.0255234018	4570533.5357142230
424076.1093660669	4570533.1348953890
424075.1932087320	4570532.7340765549
424074.2770513971	4570532.3332577208
424073.3608940622	4570531.9324388867
424072.4447367272	4570531.5316200526
424071.5285793924	4570531.1308012186
424070.6124220575	4570530.7299823845
424069.6962647226	4570530.3291635513
424068.7801073877	4570529.9283447172
424067.8573276134	4570529.5430933814
424066.9331850367	4570529.1610456118
424066.0090424600	4570528.7789978432
424065.0848998833	4570528.3969500735
424064.1607573066	4570528.0149023049
424063.2366147299	4570527.6328545352
424062.3124721532	4570527.2508067666
424061.3883295764	4570526.8687589969
424060.4641869997	4570526.4867112283
424059.5400444230	4570526.1046634587
424058.6159018463	4570525.7226156900
424057.6917592697	4570525.3405679204
424056.7676166929	4570524.9585201517
424055.8434741162	4570524.5764723821
424054.9193315395	4570524.1944246134
424053.9951889628	4570523.8123768438
424053.0710463861	4570523.4303290751
424052.1469038094	4570523.0482813055
424051.2227612327	4570522.6662335368
424050.2986186560	4570522.2841857672
424049.3744760793	4570521.9021379985
424048.4503335026	4570521.5200902289
424047.5261909258	4570521.1380424602
424046.6131377528	4570520.7308504572
424045.7078461517	4570520.3060597833
424044.8025545506	4570519.8812691085
424043.8972629495	4570519.4564784346
424042.9919713484	4570519.0316877598
424042.0866797473	4570518.6068970859
424041.1813881462	4570518.1821064111
424040.2760965451	4570517.7573157372
424039.3708049440	4570517.3325250624
424038.4655133430	4570516.9077343885
424037.5602217419	4570516.4829437137
424036.6549301408	4570516.0581530398
424035.7496385397	4570515.6333623659
424034.8443469386	4570515.2085716911
424033.9390553375	4570514.7837810172
424033.0337637365	4570514.3589903424
424032.1284721354	4570513.9341996685
424031.2178334452	4570513.5213690428
424030.2975977452	4570513.1300044348
424029.3773620452	4570512.7386398269
424028.4571263452	4570512.3472752180
424027.5368906452	4570511.9559106100
424026.6166549453	4570511.5645460021
424025.6964192452	4570511.1731813941
424024.7761835453	4570510.7818167862
424023.8559478453	4570510.3904521782
424022.9357121453	4570509.9990875702
424022.0154764453	4570509.6077229613
424021.0952522452	4570509.2163313925
424020.1758432238	4570508.8230286445
424019.2564342026	4570508.4297258966
424018.3370251812	4570508.0364231486
424017.4176161600	4570507.6431204006
424016.4982071387	4570507.2498176526
424015.5787981174	4570506.8565149046
424014.6593890961	4570506.4632121567
424013.7399800748	4570506.0699094087
424012.8205710535	4570505.6766066607
424011.9011620322	4570505.2833039127
424010.9817530109	4570504.8900011647
424010.0623439896	4570504.4966984168
424009.1429349683	4570504.1033956688
424008.2235259470	4570503.7100929208
424007.3041169258	4570503.3167901728
424006.3847079044	4570502.9234874249
424005.4652988832	4570502.5301846769
424004.5458898618	4570502.1368819289
424003.6264808406	4570501.7435791809
424002.7070718193	4570501.3502764329
424001.7876627980	4570500.9569736850
424000.8682537767	4570500.5636709370
423999.9488447554	4570500.1703681890
423999.0266107251	4570499.7837990513
423998.1017968489	4570499.4033791581
423997.1769829727	4570499.0229592659
423996.2521690966	4570498.6425393736
423995.3273552205	4570498.2621194813
423994.4025413443	4570497.8816995891
423993.4777274682	4570497.5012796968
423992.5529135920	4570497.1208598046
423991.6280997159	4570496.7404399123
423990.7032858397	4570496.3600200200
423989.7784719636	4570495.9796001278
423988.8536580875	4570495.5991802355
423987.9288442113	4570495.2187603423
423987.0040303351	4570494.8383404501
423986.0792164590	4570494.4579205578
423985.1544025829	4570494.0775006656
423984.2295887067	4570493.6970807733
423983.3047748306	4570493.3166608810
423982.3795655233	4570492.9372085733
423981.4530230519	4570492.5610183962
423980.5264805806	4570492.1848282199
423979.5999381093	4570491.8086380437
423978.6733956379	4570491.4324478675
423977.7468531665	4570491.0562576912
423976.8203106952	4570490.6800675150
423975.8937682238	4570490.3038773388
423974.9672257524	4570489.9276871625
423974.0406832811	4570489.5514969863
423973.1141408098	4570489.1753068091
423972.1875983384	4570488.7991166329
423971.2610558670	4570488.4229264567
423970.3345133957	4570488.0467362804
423969.4079709243	4570487.6705461042
423968.4814284530	4570487.2943559280
423967.5548859816	4570486.9181657517
423966.6282790805	4570486.5421428308
423965.6888087794	4570486.1995124854
423964.7493384783	4570485.8568821410
423963.8098681772	4570485.5142517956
423962.8703978762	4570485.1716214502
423961.9309275751	4570484.8289911048
423960.9914572740	4570484.4863607604
423960.0519869729	4570484.1437304150
423959.1125166718	4570483.8011000697
423958.1730463708	4570483.4584697252
423957.2335760697	4570483.1158393798
423956.2941057686	4570482.7732090345
423955.3546354675	4570482.4305786900
423954.4151651664	4570482.0879483446
423953.4756948653	4570481.7453179993
423952.5362245642	4570481.4026876539
423951.5967542632	4570481.0600573095
423950.6572839621	4570480.7174269641
423949.7178136610	4570480.3747966187
423948.7783433599	4570480.0321662743
423947.8388730588	4570479.6895359289
423946.8994027577	4570479.3469055835
423945.9647983554	4570478.9918245412
423945.0419590250	4570478.6066394290
423944.1191196947	4570478.2214543177
423943.1962803644	4570477.8362692054
423942.2734410340	4570477.4510840941
423941.3506017037	4570477.0658989819
423940.4277623733	4570476.6807138706
423939.5049230429	4570476.2955287583
423938.5820837125	4570475.9103436470
423937.6592443822	4570475.5251585348
423936.7364050519	4570475.1399734234
423935.8135657215	4570474.7547883112
423934.8907263911	4570474.3696031999
423933.9678870607	4570473.9844180876
423933.0450477304	4570473.5992329763
423932.1251937504	4570473.2071130443
423931.2111327503	4570472.8015363095
423930.2970717502	4570472.3959595738
423929.3830107501	4570471.9903828390
423928.4689497500	4570471.5848061033
423927.5548887499	4570471.1792293685
423926.6408277498	4570470.7736526337
423925.7267667497	4570470.3680758979
423924.8127057495	4570469.9624991631
423923.8986447494	4570469.5569224283
423922.9845837493	4570469.1513456926
423922.0705227492	4570468.7457689578
423921.1564617491	4570468.3401922230
423920.2424007490	4570467.9346154872
423919.3283397489	4570467.5290387524
423918.4142787488	4570467.1234620176
423917.5002177487	4570466.7178852819
423916.5861567486	4570466.3123085471
423915.6720957484	4570465.9067318114
423914.7580347483	4570465.5011550765
423913.8303674892	4570465.1294056056
423912.8900522238	4570464.7891010335
423911.9497369586	4570464.4487964613
423911.0094216932	4570464.1084918892
423910.0691064280	4570463.7681873171
423909.1287911627	4570463.4278827449
423908.1884758974	4570463.0875781728
423907.2481606321	4570462.7472735997
423906.3078453668	4570462.4069690276
423905.3675301015	4570462.0666644555
423904.4272148363	4570461.7263598833
423903.4868995709	4570461.3860553112
423902.5465843057	4570461.0457507391
423901.6052095690	4570460.7085020598
423900.6560431148	4570460.3937274702
423899.7068766605	4570460.0789528806
423898.7577102063	4570459.7641782919
423897.8085437520	4570459.4494037023
423896.8593772978	4570459.1346291127
423895.9102108436	4570458.8198545231
423894.9610443893	4570458.5050799334
423894.0118779351	4570458.1903053448
423893.0627114809	4570457.8755307551
423892.1135450266	4570457.5607561655
423891.1643785724	4570457.2459815759
423890.2152121181	4570456.9312069872
423889.2660456639	4570456.6164323976
423888.3168792096	4570456.3016578080
423887.3677127554	4570455.9868832184
423886.4185463012	4570455.6721086288
423885.4693798469	4570455.3573340401
423884.5202133927	4570455.0425594505
423883.5710469384	4570454.7277848609
423882.6218804842	4570454.4130102713
423881.6727140300	4570454.0982356817
423880.7235475757	4570453.7834610930
423879.7743811215	4570453.4686865034
423878.8252146672	4570453.1539119137
423877.8869406560	4570452.8106174888
423876.9695956449	4570452.4125243705
423876.0522506338	4570452.0144312531
423875.1349056227	4570451.6163381347
423874.2175606116	4570451.2182450164
423873.3002156005	4570450.8201518990
423872.3828705894	4570450.4220587807
423871.4655255783	4570450.0239656623
423870.5481805672	4570449.6258725449
423869.6308355562	4570449.2277794266
423868.7134905451	4570448.8296863083
423867.7961455339	4570448.4315931909
423866.8788005229	4570448.0335000725
423865.9614555118	4570447.6354069542
423865.0558675244	4570447.2122391658
423864.1631472186	4570446.7616279637
423863.2704269127	4570446.3110167617
423862.3777066067	4570445.8604055597
423861.4849863008	4570445.4097943576
423860.5922659950	4570444.9591831556
423859.6995456890	4570444.5085719535
423858.8068253831	4570444.0579607515
423857.9141050772	4570443.6073495494
423857.0213847713	4570443.1567383474
423856.1286644654	4570442.7061271453
423855.2359441595	4570442.2555159433
423854.3432238536	4570441.8049047412
423853.4505035477	4570441.3542935392
423852.5571609804	4570440.9049209673
423851.6627337894	4570440.4577073716
423850.7683065984	4570440.0104937768
423849.8738794075	4570439.5632801810
423848.9794522165	4570439.1160665853
423848.0850250255	4570438.6688529896
423847.1905978346	4570438.2216393938
423846.2961706436	4570437.7744257990
423845.3719857091	4570437.3936882038
423844.4426336231	4570437.0244935388
423843.5132815371	4570436.6552988747
423842.5839294510	4570436.2861042107
423841.6545773649	4570435.9169095466
423840.7252252789	4570435.5477148816
423839.7958731929	4570435.1785202175
423838.8665211068	4570434.8093255535
423837.9371690207	4570434.4401308894
423837.0103449684	4570434.0647155633
423836.0869136270	4570433.6809518887
423835.1634822856	4570433.2971882150
423834.2400509442	4570432.9134245403
423833.3166196028	4570432.5296608657
423832.3931882614	4570432.1458971919
423831.4697569200	4570431.7621335173
423830.5463255786	4570431.3783698427
423829.6228942373	4570430.9946061689
423828.6994628958	4570430.6108424943
423827.7947839154	4570430.1878070747
423826.9158184883	4570429.7109215772
423826.0368530613	4570429.2340360796
423825.1578876341	4570428.7571505820
423824.2789222070	4570428.2802650845
423823.3999567799	4570427.8033795860
423822.5209913528	4570427.3264940884
423821.6420259257	4570426.8496085908
423820.7630604986	4570426.3727230933
423819.8840950715	4570425.8958375957
423819.0051296444	4570425.4189520972
423818.1261642173	4570424.9420665996
423817.2471987902	4570424.4651811020
423816.3638233438	4570423.9965805160
423815.4773784129	4570423.5337464372
423814.5909334821	4570423.0709123584
423813.7044885513	4570422.6080782795
423812.8180436205	4570422.1452442007
423811.9315986896	4570421.6824101219
423811.0451537588	4570421.2195760431
423810.1587088279	4570420.7567419633
423809.2722638971	4570420.2939078845
423808.3858189663	4570419.8310738057
423807.4993740355	4570419.3682397269
423806.6129291046	4570418.9054056481
423805.7264841738	4570418.4425715692
423804.8400392430	4570417.9797374904
423803.9535943122	4570417.5169034116
423803.0685545224	4570417.0514113521
423802.1868900140	4570416.5795345725
423801.3052255056	4570416.1076577939
423800.4235609973	4570415.6357810143
423799.5418964889	4570415.1639042357
423798.6602319805	4570414.6920274561
423797.7785674721	4570414.2201506775
423796.8969029638	4570413.7482738979
423796.0152384554	4570413.2763971193
423795.1335739470	4570412.8045203397
423794.2652854817	4570412.3088982180
423793.4048100926	4570411.7994062109
423792.5443347036	4570411.2899142047
423791.6838593145	4570410.7804221977
423790.8233839254	4570410.2709301915
423789.9629085364	4570409.7614381844
423789.1024331473	4570409.2519461783
423788.2419577583	4570408.7424541712
423787.3814823693	4570408.2329621650
423786.5210069802	4570407.7234701579
423785.6598541384	4570407.2151780231
423784.7791163800	4570406.7415737575
423783.8983786217	4570406.2679694910
423783.0176408633	4570405.7943652244
423782.1369031050	4570405.3207609588
423781.2561653467	4570404.8471566923
423780.3754275883	4570404.3735524258
423779.4946898300	4570403.8999481592
423778.6139520717	4570403.4263438936
423777.7332143133	4570402.9527396271
423776.8524765550	4570402.4791353606
423775.9717387966	4570402.0055310940
423775.0910010383	4570401.5319268284
423774.2102632800	4570401.0583225619
423773.3295255216	4570400.5847182954
423772.4487877633	4570400.1111140298
423771.5680500050	4570399.6375097632
423770.6873122466	4570399.1639054967
423769.8065744883	4570398.6903012302
423768.9258367300	4570398.2166969646
423768.0450989716	4570397.7430926980
423767.1643612133	4570397.2694884315
423766.2836234549	4570396.7958841650
423765.4028856966	4570396.3222798994
423764.5221479383	4570395.8486756328
423763.6414101799	4570395.3750713663
423762.7606724216	4570394.9014670998
423761.8799346633	4570394.4278628342
423760.9991969049	4570393.9542585677
423760.1119167691	4570393.4944486842
423759.1878999367	4570393.1120968917
423758.2638831043	4570392.7297450993
423757.3398662719	4570392.3473933060
423756.4158494395	4570391.9650415136
423755.4918326070	4570391.5826897211
423754.5678157747	4570391.2003379278
423753.6437989422	4570390.8179861354
423752.7197821098	4570390.4356343420
423751.7957652774	4570390.0532825496
423750.8717484450	4570389.6709307572
423749.9477316126	4570389.2885789638
423749.0249821148	4570388.9031811189
423748.1024498163	4570388.5172612332
423747.1799175178	4570388.1313413475
423746.2573852194	4570387.7454214618
423745.3348529209	4570387.3595015761
423744.4123206224	4570386.9735816903
423743.4897883240	4570386.5876618046
423742.5672560255	4570386.2017419189
423741.6447237270	4570385.8158220323
423740.7221914285	4570385.4299021466
423739.7996591300	4570385.0439822609
423738.8771268316	4570384.6580623752
423737.9545945331	4570384.2721424894
423737.0320622346	4570383.8862226037
423736.1095299361	4570383.5003027180
423735.1869976376	4570383.1143828323
423734.2644653392	4570382.7284629466
423733.3419330407	4570382.3425430600
423732.4194007422	4570381.9566231743
423731.4968684438	4570381.5707032885
423730.5743361453	4570381.1847834028
423729.6518038468	4570380.7988635171
423728.7292715483	4570380.4129436314
423727.8067392498	4570380.0270237457
423726.8842069513	4570379.6411038600
423725.9616746529	4570379.2551839743
423725.0391423544	4570378.8692640876
423724.1166100559	4570378.4833442019
423723.1940777574	4570378.0974243162
423722.2715454590	4570377.7115044305
423721.3490131605	4570377.3255845448
423720.4264808620	4570376.9396646591
423719.4972570027	4570376.5721330261
423718.5424570226	4570376.2748839753
423717.5876570425	4570375.9776349254
423716.6328570624	4570375.6803858746
423715.6780570823	4570375.3831368247
423714.7232571022	4570375.0858877739
423713.7684571221	4570374.7886387231
423712.8136571419	4570374.4913896732
423711.8588571618	4570374.1941406224
423710.9040571817	4570373.8968915725
423709.9492572016	4570373.5996425217
423708.9944572215	4570373.3023934718
423708.0396572413	4570373.0051444210
423707.0848572612	4570372.7078953702
423706.1191768991	4570372.4485457651
423705.1521023619	4570372.1940524662
423704.1850278246	4570371.9395591663
423703.2179532873	4570371.6850658674
423702.2508787501	4570371.4305725684
423701.2838042128	4570371.1760792686
423700.3167296756	4570370.9215859696
423699.3496551383	4570370.6670926698
423698.3825806011	4570370.4125993708
423697.4155060638	4570370.1581060719
423696.4484315265	4570369.9036127720
423695.4821228993	4570369.6463700961
423694.5227573978	4570369.3642037716
423693.5633918962	4570369.0820374480
423692.6040263946	4570368.7998711243
423691.6446608930	4570368.5177047998
423690.6852953914	4570368.2355384761
423689.7259298898	4570367.9533721525
423688.7540392485	4570367.7200405737
423687.7772949054	4570367.5056332787
423686.8005505622	4570367.2912259838
423685.8238062191	4570367.0768186888
423684.8470618759	4570366.8624113938
423683.8703175327	4570366.6480040988
423682.8935731895	4570366.4335968038
423681.9168288464	4570366.2191895097
423680.9400845032	4570366.0047822148
423679.9633401601	4570365.7903749198
423679.0490965701	4570365.4075258356
423678.1689027098	4570364.9329114994
423677.2887088495	4570364.4582971623
423676.4085149892	4570363.9836828262
423675.5283211289	4570363.5090684900
423674.6481272686	4570363.0344541539
423673.7679334083	4570362.5598398168
423672.8877395481	4570362.0852254806
423672.0075456877	4570361.6106111445
423671.1273518275	4570361.1359968083
423670.2471579672	4570360.6613824712
423669.3669641069	4570360.1867681351
423668.4867702466	4570359.7121537989
423667.6065763863	4570359.2375394627
423666.7846353181	4570358.6715518497
423665.9828894543	4570358.0738867512
423665.1811435905	4570357.4762216527
423664.3793977268	4570356.8785565542
423663.5776518630	4570356.2808914557
423662.7759059992	4570355.6832263572
423661.9741601355	4570355.0855612587
423661.1724142717	4570354.4878961602
423660.3268265515	4570353.9601988243
423659.4393304747	4570353.4993835539
423658.5518343979	4570353.0385682825
423657.6643383211	4570352.5777530121
423656.7768422443	4570352.1169377416
423655.8893461675	4570351.6561224712
423655.0018500907	4570351.1953071998
423654.0928247338	4570350.7821197389
423653.1605591758	4570350.4203450447
423652.2282936178	4570350.0585703505
423651.2960280598	4570349.6967956563
423650.3637625018	4570349.3350209622
423649.4314969438	4570348.9732462680
423648.4992313858	4570348.6114715738
423647.5669658278	4570348.2496968796
423646.6347002698	4570347.8879221855
423645.6903571663	4570347.5592741501
423644.7440073102	4570347.2361302972
423643.7976574541	4570346.9129864434
423642.8513075980	4570346.5898425905
423641.9049577419	4570346.2666987376
423640.9586078858	4570345.9435548838
423640.0122580297	4570345.6204110309
423639.0659081736	4570345.2972671771
423638.1195583176	4570344.9741233243
423637.1732084615	4570344.6509794714
423636.2323224335	4570344.3127038544
423635.2978346985	4570343.9567085272
423634.3633469636	4570343.6007131990
423633.4288592286	4570343.2447178718
423632.4943714937	4570342.8887225445
423631.5598837588	4570342.5327272164
423630.6253960238	4570342.1767318891
423629.6909082889	4570341.8207365619
423628.7763228824	4570341.4211745802
423627.8954299591	4570340.9478589799
423627.0145370358	4570340.4745433796
423626.1336441126	4570340.0012277784
423625.2527511893	4570339.5279121781
423624.3718582660	4570339.0545965778
423623.4909653428	4570338.5812809765
423622.6100724195	4570338.1079653762
423621.7291794963	4570337.6346497759
423620.8504699325	4570337.1573593523
423619.9784861470	4570336.6678245952
423619.1065023617	4570336.1782898381
423618.2345185763	4570335.6887550820
423617.3625347908	4570335.1992203249
423616.4905510055	4570334.7096855687
423615.6185672201	4570334.2201508116
423614.7465834347	4570333.7306160554
423613.8556599111	4570333.2794800252
423612.9365148811	4570332.8855607267
423612.0173698511	4570332.4916414274
423611.0982248212	4570332.0977221290
423610.1790797911	4570331.7038028305
423609.2599347612	4570331.3098835321
423608.3485220116	4570330.8984296275
423607.4377932170	4570330.4854247095
423606.5270644224	4570330.0724197915
423605.6163356278	4570329.6594148725
423604.7056068332	4570329.2464099545
423603.7948780385	4570328.8334050355
423602.8841492439	4570328.4204001175
423601.9734204493	4570328.0073951986
423601.0626916547	4570327.5943902805
423600.1519628601	4570327.1813853616
423599.2412340655	4570326.7683804436
423598.3361294108	4570326.3433369845
423597.4349626691	4570325.9098643744
423596.5337959273	4570325.4763917644
423595.6326291855	4570325.0429191552
423594.7314624438	4570324.6094465451
423593.8302957021	4570324.1759739351
423592.9291289603	4570323.7425013250
423592.0279622186	4570323.3090287149
423591.1267954769	4570322.8755561048
423590.2256287351	4570322.4420834947
423589.3210209810	4570322.0171817755
423588.3702911416	4570321.7071611760
423587.4195613021	4570321.3971405756
423586.4688314626	4570321.0871199761
423585.5181016231	4570320.7770993765
423584.5673717836	4570320.4670787761
423583.6166419442	4570320.1570581766
423582.6659121047	4570319.8470375771
423581.7151822652	4570319.5370169766
423580.7644524257	4570319.2269963771
423579.8137225862	4570318.9169757776
423578.8629927468	4570318.6069551772
423577.9304233678	4570318.2501160083
423577.0193154449	4570317.8379481379
423576.1082075221	4570317.4257802684
423575.1970995993	4570317.0136123989
423574.2859916764	4570316.6014445284
423573.3748837536	4570316.1892766589
423572.4581374650	4570315.7898257487
423571.5409479277	4570315.3913745563
423570.6237583905	4570314.9929233640
423569.7065688532	4570314.5944721708
423568.7893793159	4570314.1960209785
423567.8721897787	4570313.7975697862
423566.9550002415	4570313.3991185939
423566.0378107042	4570313.0006674016
423565.1206211670	4570312.6022162093
423564.2034316297	4570312.2037650160
423563.2862420925	4570311.8053138237
423562.3690525552	4570311.4068626314
423561.4518630179	4570311.0084114391
423560.5346734807	4570310.6099602468
423559.6174839435	4570310.2115090545
423558.7002944062	4570309.8130578622
423557.7833862531	4570309.4139596010
423556.8664877768	4570309.0148390876
423555.9495893004	4570308.6157185752
423555.0326908240	4570308.2165980618
423554.1157923477	4570307.8174775485
423553.1988938714	4570307.4183570351
423552.2819953950	4570307.0192365218
423551.3650969186	4570306.6201160084
423550.4481984423	4570306.2209954951
423549.5312999659	4570305.8218749827
423548.6144014896	4570305.4227544693
423547.6731486704	4570305.0862975623
423546.7273703302	4570304.7614847990
423545.7815919900	4570304.4366720356
423544.8358136498	4570304.1118592722
423543.8900353096	4570303.7870465089
423542.9442569694	4570303.4622337455
423541.9984786292	4570303.1374209821
423541.0527002890	4570302.8126082188
423540.1069219488	4570302.4877954563
423539.1611436085	4570302.1629826929
423538.2153652683	4570301.8381699296
423537.2695869281	4570301.5133571662
423536.3239752358	4570301.1880605863
423535.3787850303	4570300.8615403334
423534.4335948248	4570300.5350200804
423533.4884046194	4570300.2084998274
423532.5432144139	4570299.8819795744
423531.5980242084	4570299.5554593215
423530.6528340029	4570299.2289390694
423529.6963312750	4570298.9450570876
423528.7135902226	4570298.7600705363
423527.7308491703	4570298.5750839850
423526.7481081180	4570298.3900974346
423525.7653670657	4570298.2051108833
423524.7826260134	4570298.0201243320
423523.7998849611	4570297.8351377808
423522.8171439087	4570297.6501512295
423521.8344028564	4570297.4651646791
423520.8516618041	4570297.2801781278
423519.8689207518	4570297.0951915765
423518.9504278134	4570296.7046718486
423518.0372899309	4570296.2970210081
423517.1241520485	4570295.8893701676
423516.2110141660	4570295.4817193272
423515.2978762836	4570295.0740684876
423514.3847384011	4570294.6664176472
423513.4716005186	4570294.2587668067
423512.5584626362	4570293.8511159662
423511.6453247537	4570293.4434651257
423510.7321868713	4570293.0358142853
423509.8190489888	4570292.6281634448
423508.9059111064	4570292.2205126043
423507.9927732239	4570291.8128617648
423507.0796353415	4570291.4052109243
423506.1679295369	4570290.9944230635
423505.2617463969	4570290.5715375980
423504.3555632569	4570290.1486521326
423503.4493801169	4570289.7257666672
423502.5431969769	4570289.3028812017
423501.6370138370	4570288.8799957363
423500.7308306970	4570288.4571102709
423499.8246475570	4570288.0342248064
423498.9093990540	4570287.6333249714
423497.9685116420	4570287.2946055038
423497.0276242301	4570286.9558860352
423496.0836172041	4570286.6287332941
423495.1000106467	4570286.4484054251
423494.1164040893	4570286.2680775560
423493.1327975319	4570286.0877496870
423492.1491909746	4570285.9074218180
423491.1655844172	4570285.7270939490
423490.1819778598	4570285.5467660809
423489.1983713024	4570285.3664382119
423488.2101039825	4570285.2145982347
423487.2203134760	4570285.0720684016
423486.2305229695	4570284.9295385685
423485.2407324630	4570284.7870087354
423484.2509419566	4570284.6444789032
423483.2611514501	4570284.5019490700
423482.2713609436	4570284.3594192369
423481.2815704371	4570284.2168894038
423480.2917799306	4570284.0743595706
423479.3019894241	4570283.9318297384
423478.3121989176	4570283.7892999053
423477.3224084112	4570283.6467700722
423476.3326179047	4570283.5042402390
423475.3428273982	4570283.3617104068
423474.3530368917	4570283.2191805737
423473.3891451296	4570282.9687504340
423472.4424952235	4570282.6464866363
423471.4958453175	4570282.3242228385
423470.5491954114	4570282.0019590408
423469.6025455054	4570281.6796952430
423468.6558955993	4570281.3574314453
423467.7092456933	4570281.0351676475
423466.7625957872	4570280.7129038498
423465.8159458812	4570280.3906400520
423464.8692959750	4570280.0683762543
423463.9226460690	4570279.7461124565
423462.9759961629	4570279.4238486588
423462.0544967766	4570279.0382210175
423461.1445251864	4570278.6235504197
423460.2345535961	4570278.2088798210
423459.3245820058	4570277.7942092232
423458.4146104156	4570277.3795386255
423457.5046388253	4570276.9648680268
423456.5946672351	4570276.5501974290
423455.6846956449	4570276.1355268303
423454.7747240546	4570275.7208562326
423453.8647524644	4570275.3061856348
423452.9461159142	4570274.9129229896
423452.0039012239	4570274.5779133216
423451.0616865336	4570274.2429036545
423450.1194718434	4570273.9078939864
423449.1772571531	4570273.5728843184
423448.2350424628	4570273.2378746513
423447.3126052362	4570272.8547477815
423446.4071463003	4570272.4303139057
423445.5016873643	4570272.0058800289
423444.5962284284	4570271.5814461531
423443.6627222772	4570271.2763717063
423442.6629925840	4570271.2531221788
423441.6632628908	4570271.2298726514
423440.6635331976	4570271.2066231230
423439.6638035044	4570271.1833735956
423438.6664175951	4570271.1379090147
423437.6838473495	4570270.9520173464
423436.7012771038	4570270.7661256790
423435.7187068581	4570270.5802340107
423434.7361366124	4570270.3943423424
423433.7605055865	4570270.1764396047
423432.7891595717	4570269.9387698350
423431.8178135568	4570269.7011000654
423430.8464675419	4570269.4634302966
423429.8751215270	4570269.2257605270
423428.9037755121	4570268.9880907573
423427.9324294972	4570268.7504209876
423426.9610834823	4570268.5127512179
423425.9897374675	4570268.2750814483
423425.0183914526	4570268.0374116786
423424.0470454377	4570267.7997419089
423423.0757311771	4570267.5619476745
423422.1092460502	4570267.3052250631
423421.1427609233	4570267.0485024508
423420.1762757963	4570266.7917798394
423419.2097906694	4570266.5350572271
423418.2433055425	4570266.2783346158
423417.2768204156	4570266.0216120034
423416.3103352887	4570265.7648893921
423415.3438501617	4570265.5081667798
423414.3773650349	4570265.2514441684
423413.4108799079	4570264.9947215561
423412.4443947810	4570264.7379989447
423411.4779096541	4570264.4812763324
423410.5114245272	4570264.2245537210
423409.5449394002	4570263.9678311087
423408.5784542733	4570263.7111084964
423407.6184411875	4570263.4362701541
423406.7080747099	4570263.0224672100
423405.7977082325	4570262.6086642658
423404.8873417550	4570262.1948613208
423403.9769752776	4570261.7810583767
423403.0666088001	4570261.3672554325
423402.1562423226	4570260.9534524884
423401.2458758452	4570260.5396495443
423400.3355093677	4570260.1258466002
423399.4251428902	4570259.7120436551
423398.5147764128	4570259.2982407110
423397.6044099353	4570258.8844377669
423396.6982966615	4570258.4615146127
423395.7961624399	4570258.0300591150
423394.8940282183	4570257.5986036174
423393.9918939966	4570257.1671481207
423393.0897597750	4570256.7356926231
423392.1876255534	4570256.3042371254
423391.2854913317	4570255.8727816287
423390.3833571101	4570255.4413261311
423389.4812228885	4570255.0098706335
423388.6137371572	4570254.5212373119
423387.8137371571	4570253.9212373123
423387.0137371571	4570253.3212373126
423386.2137371570	4570252.7212373121
423385.4137371570	4570252.1212373124
423384.6137371570	4570251.5212373128
423383.8137371569	4570250.9212373123
423382.9989840017	4570250.3457980976
423382.0935250658	4570249.9213642217
423381.1880661298	4570249.4969303450
423380.2826071938	4570249.0724964691
423379.3771482579	4570248.6480625924
423378.4716893219	4570248.2236287165
423377.5662303860	4570247.7991948407
423376.6607714500	4570247.3747609640
423375.7553125141	4570246.9503270881
423374.8207737934	4570246.5989995319
423373.8711725843	4570246.2855389388
423372.9215713751	4570245.9720783457
423371.9719701659	4570245.6586177526
423371.0223689567	4570245.3451571586
423370.0727677476	4570245.0316965654
423369.1231665384	4570244.7182359723
423368.1735653293	4570244.4047753792
423367.2239641201	4570244.0913147861
423366.2743629109	4570243.7778541930
423365.3247617017	4570243.4643935990
423364.3751604926	4570243.1509330058
423363.4255592834	4570242.8374724127
423362.4748213375	4570242.5274886061
423361.5234548972	4570242.2194270920
423360.5720884570	4570241.9113655780
423359.6207220168	4570241.6033040639
423358.6693555765	4570241.2952425499
423357.7179891363	4570240.9871810358
423356.7666226960	4570240.6791195227
423355.8152562558	4570240.3710580086
423354.8638898155	4570240.0629964946
423353.9125233753	4570239.7549349805
423352.9611569351	4570239.4468734665
423352.0097904948	4570239.1388119524
423351.0584240546	4570238.8307504384
423350.1143853708	4570238.5020074174
423349.1812905005	4570238.1423771027
423348.2481956303	4570237.7827467881
423347.3151007601	4570237.4231164735
423346.3820058899	4570237.0634861588
423345.4489110197	4570236.7038558442
423344.5158161495	4570236.3442255296
423343.5827212793	4570235.9845952149
423342.6496264091	4570235.6249649003
423341.7165315388	4570235.2653345857
423340.7834366687	4570234.9057042710
423339.8503417985	4570234.5460739564
423338.9174713822	4570234.1858706521
423337.9883738998	4570233.8160357317
423337.0592764174	4570233.4462008113
423336.1301789350	4570233.0763658909
423335.2010814526	4570232.7065309705
423334.2719839702	4570232.3366960511
423333.3428864878	4570231.9668611307
423332.4137890054	4570231.5970262103
423331.4846915230	4570231.2271912899
423330.5555940406	4570230.8573563704
423329.6264965582	4570230.4875214500
423328.6973990758	4570230.1176865296
423327.7683015933	4570229.7478516093
423326.8392041110	4570229.3780166889
423325.8911825634	4570229.0614521066
423324.9369908008	4570228.7622563848
423323.9827990382	4570228.4630606622
423323.0286072756	4570228.1638649404
423322.0744155130	4570227.8646692187
423321.1202237504	4570227.5654734960
423320.1660319877	4570227.2662777742
423319.2118402251	4570226.9670820516
423318.2576484625	4570226.6678863298
423317.3034566999	4570226.3686906071
423316.3492649373	4570226.0694948854
423315.3950731746	4570225.7702991627
423314.4408814120	4570225.4711034410
423313.4866896494	4570225.1719077192
423312.5324978868	4570224.8727119965
423311.5715922312	4570224.5959270298
423310.6100682836	4570224.3212059019
423309.6485443359	4570224.0464847740
423308.6870203883	4570223.7717636460
423307.7254964406	4570223.4970425181
423306.7639724930	4570223.2223213911
423305.8024485454	4570222.9476002632
423304.8409245977	4570222.6728791352
423303.8794006501	4570222.3981580073
423302.9178767024	4570222.1234368794
423301.9563527548	4570221.8487157514
423300.9948288071	4570221.5739946235
423300.0333048594	4570221.2992734956
423299.0717809118	4570221.0245523676
423298.1112712945	4570220.7465994470
423297.1652118078	4570220.4226064729
423296.2191523212	4570220.0986134978
423295.2730928347	4570219.7746205227
423294.3270333480	4570219.4506275477
423293.3809738614	4570219.1266345726
423292.4349143748	4570218.8026415976
423291.4888548882	4570218.4786486235
423290.5427954016	4570218.1546556484
423289.5967359149	4570217.8306626733
423288.6221130722	4570217.6134334328
423287.6406576491	4570217.4217429208
423286.6592022261	4570217.2300524078
423285.6777468029	4570217.0383618958
423284.6962913799	4570216.8466713838
423283.7148359568	4570216.6549808709
423282.7333805337	4570216.4632903589
423281.7519251107	4570216.2715998460
423280.7704696876	4570216.0799093340
423279.7890142645	4570215.8882188220
423278.8075588414	4570215.6965283090
423277.8261034184	4570215.5048377970
423276.8446479953	4570215.3131472850
423275.8631925722	4570215.1214567721
423274.8817371492	4570214.9297662601
423273.8983526431	4570214.7506017322
423272.9046996748	4570214.6381127164
423271.9110467065	4570214.5256237015
423270.9173937381	4570214.4131346857
423269.9237407698	4570214.3006456709
423268.9300878015	4570214.1881566551
423267.9364348332	4570214.0756676402
423266.9427818649	4570213.9631786253
423265.9491288966	4570213.8506896095
423264.9554759283	4570213.7382005947
423263.9618229600	4570213.6257115789
423262.9681699917	4570213.5132225640
423261.9745170233	4570213.4007335482
423260.9894669638	4570213.2409443799
423260.0198404865	4570212.9963539168
423259.0502140092	4570212.7517634546
423258.0805875318	4570212.5071729915
423257.1109610545	4570212.2625825293
423256.1413345771	4570212.0179920662
423255.1717080998	4570211.7734016031
423254.2020816225	4570211.5288111409
423253.2324551451	4570211.2842206778
423252.2628286678	4570211.0396302156
423251.2932021905	4570210.7950397525
423250.3235757132	4570210.5504492903
423249.3539492358	4570210.3058588272
423248.3843227585	4570210.0612683641
423247.4210791320	4570209.7933037970
423246.4617136305	4570209.5111374734
423245.5023481289	4570209.2289711488
423244.5429826274	4570208.9468048252
423243.5836171258	4570208.6646385007
423242.6242516242	4570208.3824721770
423241.6648861227	4570208.1003058534
423240.7055206211	4570207.8181395289
423239.7521303780	4570207.5200370215
423238.8437494419	4570207.1018934157
423237.9353685057	4570206.6837498099
423237.0269875696	4570206.2656062050
423236.1186066335	4570205.8474625992
423235.2102256973	4570205.4293189934
423234.3018447612	4570205.0111753885
423233.3934638250	4570204.5930317827
423232.4850828889	4570204.1748881768
423231.5767019528	4570203.7567445710
423230.6683210166	4570203.3386009661
423229.7599400805	4570202.9204573603
423228.8515591444	4570202.5023137545
423227.9431782082	4570202.0841701496
423227.0347972721	4570201.6660265438
423226.1264163360	4570201.2478829380
423225.2180353998	4570200.8297393322
423224.3168415974	4570200.3966746926
423223.4236329585	4570199.9470322486
423222.5304243196	4570199.4973898046
423221.6372156808	4570199.0477473605
423220.7440070419	4570198.5981049165
423219.8507984031	4570198.1484624725
423218.9575897642	4570197.6988200285
423218.0643811253	4570197.2491775844
423217.1711724865	4570196.7995351404
423216.2779638476	4570196.3498926964
423215.3847552088	4570195.9002502523
423214.4915465699	4570195.4506078083
423213.5983379311	4570195.0009653643
423212.7051292922	4570194.5513229202
423211.8119206534	4570194.1016804762
423210.9187120145	4570193.6520380322
423210.0255033756	4570193.2023955882
423209.1322947368	4570192.7527531451
423208.2390860979	4570192.3031107010
423207.3458774591	4570191.8534682570
423206.4774462265	4570191.3586671371
423205.6183446826	4570190.8468619613
423204.7592431387	4570190.3350567864
423203.9001415947	4570189.8232516116
423203.0410400508	4570189.3114464367
423202.1819385069	4570188.7996412609
423201.3228369630	4570188.2878360860
423200.4637354191	4570187.7760309111
423199.6046338752	4570187.2642257363
423198.7455323313	4570186.7524205614
423197.8864307873	4570186.2406153856
423197.0273292434	4570185.7288102107
423196.1682276995	4570185.2170050358
423195.2880138402	4570184.7438029125
423194.3935866492	4570184.2965893168
423193.4991594583	4570183.8493757220
423192.6047322674	4570183.4021621263
423191.7103050764	4570182.9549485305
423190.7374326845	4570182.7874807417
423189.7408869263	4570182.7044352619
423188.7443411680	4570182.6213897821
423187.7477954098	4570182.5383443022
423186.7512496515	4570182.4552988224
423185.7547038933	4570182.3722533425
423184.7581581350	4570182.2892078627
423183.7616123768	4570182.2061623828
423182.7667242543	4570182.1115409154
423181.7869201955	4570181.9115809035
423180.8071161367	4570181.7116208915
423179.8273120779	4570181.5116608795
423178.8475080192	4570181.3117008675
423177.8677039604	4570181.1117408555
423176.8878999016	4570180.9117808435
423175.9080958428	4570180.7118208315
423174.9282917840	4570180.5118608195
423173.9484877252	4570180.3119008075
423172.9686836664	4570180.1119407956
423171.9888796076	4570179.9119807836
423171.0142721377	4570179.6948206611
423170.0876592943	4570179.3188038552
423169.1610464509	4570178.9427870493
423168.2344336075	4570178.5667702435
423167.3078207640	4570178.1907534366
423166.3812079207	4570177.8147366308
423165.4545950773	4570177.4387198249
423164.5279822339	4570177.0627030190
423163.6013693905	4570176.6866862131
423162.6717666271	4570176.3186280373
423161.7267805537	4570175.9915174730
423160.7817944802	4570175.6644069096
423159.8368084068	4570175.3372963453
423158.8918223333	4570175.0101857819
423157.9468362598	4570174.6830752185
423157.0018501864	4570174.3559646541
423156.0568641129	4570174.0288540907
423155.1118780395	4570173.7017435264
423154.1668919660	4570173.3746329630
423153.2219058926	4570173.0475223986
423152.2769198191	4570172.7204118352
423151.3319337457	4570172.3933012709
423150.3869476722	4570172.0661907075
423149.4172924455	4570171.8224027054
423148.4465390420	4570171.5823239069
423147.4757856385	4570171.3422451075
423146.5050322350	4570171.1021663090
423145.5342788315	4570170.8620875105
423144.5635254280	4570170.6220087111
423143.5927720245	4570170.3819299126
423142.6220186210	4570170.1418511141
423141.6512652176	4570169.9017723156
423140.6805118141	4570169.6616935162
423139.7097584106	4570169.4216147177
423138.7413795938	4570169.1723407274
423137.7757638353	4570168.9123672545
423136.8101480767	4570168.6523937806
423135.8445323181	4570168.3924203077
423134.8789165596	4570168.1324468339
423133.9133008011	4570167.8724733610
423132.9476850426	4570167.6124998871
423131.9820692840	4570167.3525264133
423131.0164535255	4570167.0925529404
423130.0508377670	4570166.8325794665
423129.0852220084	4570166.5726059936
423128.1196062499	4570166.3126325198
423127.1539904914	4570166.0526590468
423126.2032916611	4570165.7458886290
423125.2653528879	4570165.3990877382
423124.3274141149	4570165.0522868466
423123.3894753418	4570164.7054859558
423122.4515365687	4570164.3586850651
423121.5135977956	4570164.0118841743
423120.5756590225	4570163.6650832836
423119.6377202494	4570163.3182823928
423118.6997814763	4570162.9714815011
423117.7618427032	4570162.6246806104
423116.8239039302	4570162.2778797196
423115.8859651571	4570161.9310788289
423114.9480263840	4570161.5842779381
423114.0100876109	4570161.2374770474
423113.0721488378	4570160.8906761557
423112.1347178364	4570160.5425116504
423111.1983886588	4570160.1913882084
423110.2620594812	4570159.8402647665
423109.3257303037	4570159.4891413255
423108.3894011261	4570159.1380178835
423107.4530719485	4570158.7868944425
423106.5167427709	4570158.4357710006
423105.5804135934	4570158.0846475586
423104.6440844158	4570157.7335241176
423103.7077552382	4570157.3824006757
423102.7714260606	4570157.0312772347
423101.8350968830	4570156.6801537927
423100.8987677054	4570156.3290303508
423099.9624385279	4570155.9779069098
423099.0261093503	4570155.6267834678
423098.0897801728	4570155.2756600268
423097.1654833178	4570154.8940790938
423096.2419866016	4570154.5104727661
423095.3184898853	4570154.1268664375
423094.3949931691	4570153.7432601089
423093.4714964528	4570153.3596537812
423092.5479997366	4570152.9760474525
423091.6245030203	4570152.5924411248
423090.7010063041	4570152.2088347962
423089.7862161172	4570151.8054996468
423088.8804065740	4570151.3818145376
423087.9745970309	4570150.9581294283
423087.0687874878	4570150.5344443200
423086.1629779446	4570150.1107592108
423085.2571684015	4570149.6870741015
423084.3513588584	4570149.2633889923
423083.4455493152	4570148.8397038840
423082.5423328883	4570148.4106261320
423081.6458061729	4570147.9676364614
423080.7492794576	4570147.5246467898
423079.8527527423	4570147.0816571191
423078.9562260270	4570146.6386674475
423078.0596993117	4570146.1956777768
423077.1631725964	4570145.7526881052
423076.2666458811	4570145.3096984345
423075.3701191658	4570144.8667087629
423074.4735924505	4570144.4237190923
423073.5770657351	4570143.9807294207
423072.6805390198	4570143.5377397500
423071.7536413128	4570143.1632284056
423070.8234860914	4570142.7960618716
423069.8933308701	4570142.4288953366
423068.9631756487	4570142.0617288025
423068.0329958323	4570141.6946307514
423067.0817730134	4570141.3861260535
423066.1305501944	4570141.0776213557
423065.1793273755	4570140.7691166569
423064.2281045565	4570140.4606119590
423063.2768817375	4570140.1521072611
423062.3256589186	4570139.8436025633
423061.3744360996	4570139.5350978654
423060.4232132807	4570139.2265931675
423059.4719904617	4570138.9180884687
423058.4933979520	4570138.7325621843
423057.5011200753	4570138.6085274499
423056.5088421986	4570138.4844927145
423055.5165643219	4570138.3604579801
423054.5242864452	4570138.2364232456
423053.5320085685	4570138.1123885112
423052.5397306917	4570137.9883537767
423051.5474528150	4570137.8643190423
423050.5591318899	4570137.7121392479
423049.5711198562	4570137.5577623677
423048.5831078224	4570137.4033854874
423047.5950957887	4570137.2490086071
423046.6070837549	4570137.0946317269
423045.6190717212	4570136.9402548466
423044.6310596875	4570136.7858779663
423043.6430476537	4570136.6315010861
423042.6550356200	4570136.4771242058
423041.6670235863	4570136.3227473255
423040.6790115525	4570136.1683704453
423039.6982871368	4570135.9810590008
423038.7373801823	4570135.7041875059
423037.7764732279	4570135.4273160109
423036.8155662734	4570135.1504445150
423035.8546593190	4570134.8735730201
423034.8937523646	4570134.5967015242
423033.9328454101	4570134.3198300293
423032.9719384557	4570134.0429585343
423032.0110315013	4570133.7660870384
423031.0501245468	4570133.4892155435
423030.0892175924	4570133.2123440476
423029.1283106380	4570132.9354725527
423028.1674036835	4570132.6586010577
423027.2064967291	4570132.3817295618
423026.2455897747	4570132.1048580669
423025.3201908451	4570131.7370038237
423024.4257636541	4570131.2897902280
423023.5313364631	4570130.8425766332
423022.6369092721	4570130.3953630375
423021.7424820811	4570129.9481494417
423020.8480548901	4570129.5009358460
423019.9536276991	4570129.0537222512
423019.0592005081	4570128.6065086555
423018.1647733171	4570128.1592950597
423017.2703461261	4570127.7120814640
423016.3759189351	4570127.2648678692
423015.5070761211	4570126.7704981733
423014.6445512154	4570126.2644835617
423013.7820263097	4570125.7584689502
423012.9195014039	4570125.2524543386
423012.0569764981	4570124.7464397270
423011.1944515924	4570124.2404251164
423010.3319266866	4570123.7344105048
423009.4694017809	4570123.2283958932
423008.6068768751	4570122.7223812817
423007.7443519694	4570122.2163666701
423006.8958313373	4570121.6883101789
423006.0713179846	4570121.1224676827
423005.2468046320	4570120.5566251855
423004.4222912794	4570119.9907826884
423003.5977779267	4570119.4249401912
423002.7732645741	4570118.8590976950
423001.9487512214	4570118.2932551978
423001.1242378688	4570117.7274127007
423000.3451119954	4570117.1008044332
422999.5685500090	4570116.4707635762
422998.7919880227	4570115.8407227192
422998.0154260362	4570115.2106818631
422997.2388640499	4570114.5806410061
422996.4623020635	4570113.9506001491
422995.6857400771	4570113.3205592921
422994.9091780907	4570112.6905184351
422994.1039446748	4570112.0981667135
422993.2895239180	4570111.5178919239
422992.4751031613	4570110.9376171352
422991.6606824046	4570110.3573423456
422990.8462616478	4570109.7770675560
422990.0318408911	4570109.1967927674
422989.2174201343	4570108.6165179778
422988.4029993775	4570108.0362431891
422987.5885786208	4570107.4559683995
422986.7741578641	4570106.8756936109
422985.9597371073	4570106.2954188213
422985.1453163505	4570105.7151440317
422984.3086059444	4570105.1675412897
422983.4712267939	4570104.6209187889
422982.6338476435	4570104.0742962882
422981.7964684931	4570103.5276737874
422980.9590893428	4570102.9810512858
422980.1217101924	4570102.4344287850
422979.2843310420	4570101.8878062842
422978.4469518916	4570101.3411837835
422977.6095727412	4570100.7945612827
422976.7721935908	4570100.2479387820
422976.0032026210	4570099.6138062486
422975.2704091294	4570098.9333551489
422974.5376156378	4570098.2529040501
422973.8048221462	4570097.5724529503
422973.0720286547	4570096.8920018505
422972.3392351630	4570096.2115507517
422971.6064416714	4570095.5310996519
422970.7598588547	4570095.0092313187
422969.8805668881	4570094.5329481699
422969.0012749215	4570094.0566650219
422968.0683956241	4570093.7359974366
422967.0822836805	4570093.5699154250
422966.0961717369	4570093.4038334135
422965.1100597932	4570093.2377514020
422964.1239478495	4570093.0716693904
422963.1378359059	4570092.9055873789
422962.1517239622	4570092.7395053674
422961.1656120185	4570092.5734233558
422960.1795000748	4570092.4073413443
422959.1933881312	4570092.2412593327
422958.2072761875	4570092.0751773212
422957.2211642438	4570091.9090953097
422956.2314367508	4570091.7662473451
422955.2414872572	4570091.6248259889
422954.2515377635	4570091.4834046327
422953.2615882699	4570091.3419832764
422952.2716387762	4570091.2005619202
422951.2816892825	4570091.0591405639
422950.2917397889	4570090.9177192077
422949.3017902952	4570090.7762978515
422948.3118408016	4570090.6348764952
422947.3214052391	4570090.4969290299
422946.3306578438	4570090.3612102084
422945.3399104483	4570090.2254913868
422944.3491630529	4570090.0897725662
422943.3584156575	4570089.9540537447
422942.3676682621	4570089.8183349231
422941.3769208666	4570089.6826161016
422940.3861734713	4570089.5468972800
422939.3954260758	4570089.4111784594
422938.4250155083	4570089.1762184091
422937.4607424186	4570088.9113082197
422936.4964693288	4570088.6463980302
422935.5321962392	4570088.3814878408
422934.5679231495	4570088.1165776514
422933.6036500598	4570087.8516674619
422932.6393769700	4570087.5867572725
422931.6751038803	4570087.3218470830
422930.7108307906	4570087.0569368936
422929.7465577009	4570086.7920267042
422928.7822846112	4570086.5271165147
422927.8163213525	4570086.2685410213
422926.8482467314	4570086.0178788425
422925.8801721102	4570085.7672166638
422924.9120974890	4570085.5165544851
422923.9440228679	4570085.2658923063
422922.9759482467	4570085.0152301276
422922.0078736255	4570084.7645679489
422921.0397990044	4570084.5139057701
422920.0717243832	4570084.2632435914
422919.1036497620	4570084.0125814127
422918.1355751409	4570083.7619192339
422917.1675005197	4570083.5112570552
422916.1994258985	4570083.2605948765
422915.2313512774	4570083.0099326978
422914.2526992639	4570082.8094421243
422913.2658246811	4570082.6479535559
422912.2789500982	4570082.4864649884
422911.2920755152	4570082.3249764200
422910.3052009323	4570082.1634878516
422909.3183263495	4570082.0019992841
422908.3314517666	4570081.8405107157
422907.3445771836	4570081.6790221473
422906.3577026007	4570081.5175335798
422905.3708280179	4570081.3560450114
422904.3839534350	4570081.1945564430
422903.3970788520	4570081.0330678755
422902.4102042691	4570080.8715793071
422901.4214130516	4570080.7260550782
422900.4243585661	4570080.6493585790
422899.4273040806	4570080.5726620806
422898.4304734831	4570080.4936497333
422897.4371918572	4570080.3779276023
422896.4439102313	4570080.2622054713
422895.4506286053	4570080.1464833403
422894.4573469794	4570080.0307612093
422893.4640653535	4570079.9150390783
422892.4707837276	4570079.7993169464
422891.4775021017	4570079.6835948154
422890.4842204758	4570079.5678726844
422889.4909388499	4570079.4521505535
422888.4976572240	4570079.3364284225
422887.5043755981	4570079.2207062915
422886.5110939722	4570079.1049841596
422885.5150808231	4570079.0189213660
422884.5173711210	4570078.9512800304
422883.5196614189	4570078.8836386940
422882.5219517168	4570078.8159973584
422881.5242420146	4570078.7483560229
422880.5265323126	4570078.6807146873
422879.5288226105	4570078.6130733509
422878.5327831320	4570078.5261230161
422877.5382776791	4570078.4214382321
422876.5437722262	4570078.3167534471
422875.5492667732	4570078.2120686630
422874.5547613203	4570078.1073838789
422873.5602558673	4570078.0026990939
422872.5657504144	4570077.8980143098
422871.5945721765	4570077.6766729187
422870.6362844158	4570077.3908677977
422869.6779966550	4570077.1050626757
422868.7197088942	4570076.8192575546
422867.7614211334	4570076.5334524326
422866.8031333726	4570076.2476473106
422865.8448456119	4570075.9618421895
422864.9009977127	4570075.6343399314
422863.9711910996	4570075.2662914805
422863.0413844866	4570074.8982430296
422862.1115778735	4570074.5301945787
422861.1817712604	4570074.1621461278
422860.2519646473	4570073.7940976769
422859.3218625513	4570073.4267985271
422858.3911110579	4570073.0611461550
422857.4603595644	4570072.6954937819
422856.5296080710	4570072.3298414098
422855.5988565776	4570071.9641890377
422854.6681050841	4570071.5985366646
422853.7373535907	4570071.2328842925
422852.8066020973	4570070.8672319204
422851.8758506038	4570070.5015795473
422850.9450991104	4570070.1359271752
422850.0143476170	4570069.7702748030
422849.0907702256	4570069.3873499054
422848.1748492423	4570068.9859912721
422847.2589282590	4570068.5846326388
422846.3430072757	4570068.1832740055
422845.4270862924	4570067.7819153732
422844.5111653091	4570067.3805567399
422843.5952443258	4570066.9791981066
422842.6793233425	4570066.5778394733
422841.7634023592	4570066.1764808400
422840.8474813759	4570065.7751222076
422839.9315603926	4570065.3737635743
422839.0156394093	4570064.9724049410
422838.1091902540	4570064.5502219852
422837.2047586615	4570064.1236033095
422836.3003270690	4570063.6969846338
422835.3958954765	4570063.2703659581
422834.4914638840	4570062.8437472824
422833.5870322915	4570062.4171286067
422832.6826006990	4570061.9905099310
422831.8203355739	4570061.4860755978
422830.9690778857	4570060.9613277074
422830.1178201974	4570060.4365798179
422829.2665625091	4570059.9118319275
422828.4153048208	4570059.3870840371
422827.5640471326	4570058.8623361476
422826.7127894443	4570058.3375882572
422825.8615317560	4570057.8128403677
422825.0102740678	4570057.2880924772
422824.1590163795	4570056.7633445868
422823.3383786590	4570056.1943980670
422822.5479636067	4570055.5818264019
422821.7575485545	4570054.9692547359
422820.9671335023	4570054.3566830708
422820.1767184501	4570053.7441114057
422819.3863033979	4570053.1315397397
422818.6125078001	4570052.4988156492
422817.8606480953	4570051.8394925231
422817.1087883904	4570051.1801693970
422816.3569286856	4570050.5208462719
422815.6050689807	4570049.8615231458
422814.8532092759	4570049.2022000197
422814.1013495710	4570048.5428768946
422813.3494898662	4570047.8835537685
422812.5976301613	4570047.2242306424
422811.8457704564	4570046.5649075164
422811.0903995597	4570045.9100074247
422810.2777034548	4570045.3273196509
422809.4650073499	4570044.7446318781
422808.6523112451	4570044.1619441044
422807.8396151403	4570043.5792563315
422807.0269190354	4570042.9965685578
422806.2142229305	4570042.4138807850
422805.4015268256	4570041.8311930113
422804.5885894103	4570041.2488424368
422803.7748559391	4570040.6676042434
422802.9611224678	4570040.0863660499
422802.1473889967	4570039.5051278556
422801.3336555255	4570038.9238896621
422800.5205441482	4570038.3417940028
422799.7154883108	4570037.7485949649
422798.9104324734	4570037.1553959269
422798.1053766361	4570036.5621968890
422797.3003207987	4570035.9689978510
422796.4952649613	4570035.3757988131
422795.6902091239	4570034.7825997751
422794.8851532865	4570034.1894007372
422794.0800974492	4570033.5962016992
422793.2770476173	4570033.0002968237
422792.4754735130	4570032.4024013849
422791.6738994087	4570031.8045059461
422790.8723253045	4570031.2066105083
422790.0707512002	4570030.6087150695
422789.2691770959	4570030.0108196307
422788.4676029916	4570029.4129241928
422787.6660288873	4570028.8150287541
422786.8644547830	4570028.2171333153
422786.0628806787	4570027.6192378774
422785.2613065745	4570027.0213424386
422784.4597324702	4570026.4234469999
422783.6581583659	4570025.8255515620
422782.8565842616	4570025.2276561232
422782.0550101573	4570024.6297606844
422781.2534360530	4570024.0318652466
422780.4518619488	4570023.4339698078
422779.6502878445	4570022.8360743690
422778.8527741845	4570022.2328547630
422778.0641422519	4570021.6179891881
422777.2755103192	4570021.0031236140
422776.4868783866	4570020.3882580390
422775.6982464540	4570019.7733924650
422774.9096145213	4570019.1585268900
422774.1209825887	4570018.5436613150
422773.3323506561	4570017.9287957409
422772.5437187234	4570017.3139301660
422771.7254508874	4570016.7440868700
422770.8488723366	4570016.2628280576
422769.9722937857	4570015.7815692453
422769.0957152350	4570015.3003104338
422768.2191366841	4570014.8190516215
422767.3425581333	4570014.3377928091
422766.4659795825	4570013.8565339968
422765.5677846067	4570013.4225303754
422764.6304714484	4570013.0740421498
422763.6931582902	4570012.7255539242
422762.7558451319	4570012.3770656986
422761.8185319737	4570012.0285774730
422760.8812188154	4570011.6800892474
422759.9439056572	4570011.3316010218
422759.0065924989	4570010.9831127962
422758.0692793406	4570010.6346245706
422757.1319661824	4570010.2861363450
422756.1897834269	4570009.9515893999
422755.2393385670	4570009.6406962220
422754.2888937072	4570009.3298030430
422753.3384488474	4570009.0189098651
422752.3880039875	4570008.7080166861
422751.4375591277	4570008.3971235082
422750.4871142679	4570008.0862303292
422749.5366694080	4570007.7753371513
422748.5862245481	4570007.4644439723
422747.6357796883	4570007.1535507943
422746.6853348285	4570006.8426576154
422745.7348899686	4570006.5317644374
422744.7844451088	4570006.2208712585
422743.8340002490	4570005.9099780805
422742.8725561989	4570005.6353946971
422741.9093598976	4570005.3665957293
422740.9461635963	4570005.0977967614
422739.9829672950	4570004.8289977936
422739.0197709936	4570004.5601988258
422738.0565746923	4570004.2913998580
422737.0933783909	4570004.0226008901
422736.1301820896	4570003.7538019223
422735.1669857882	4570003.4850029545
422734.2037894869	4570003.2162039867
422733.2427588832	4570002.9403274739
422732.2940755852	4570002.6240997072
422731.3453922872	4570002.3078719415
422730.3967089891	4570001.9916441757
422729.4480256911	4570001.6754164100
422728.4993423930	4570001.3591886433
422727.5506590950	4570001.0429608775
422726.6019757969	4570000.7267331118
422725.6271257207	4570000.5052625323
422724.6506019472	4570000.2898528762
422723.6740781737	4570000.0744432202
422722.6975544003	4569999.8590335641
422721.7210306268	4569999.6436239090
422720.7445068533	4569999.4282142529
422719.7679830799	4569999.2128045969
422718.7914593064	4569998.9973949408
422717.8098014416	4569998.8080658596
422716.8244934212	4569998.6372791361
422715.8391854008	4569998.4664924126
422714.8538773804	4569998.2957056891
422713.8685693600	4569998.1249189656
422712.8832613396	4569997.9541322421
422711.8979533192	4569997.7833455186
422710.9126452988	4569997.6125587951
422709.9273372784	4569997.4417720716
422708.9428235635	4569997.2665354265
422707.9592763973	4569997.0858839061
422706.9757292310	4569996.9052323857
422705.9921820648	4569996.7245808654
422705.0086348986	4569996.5439293450
422704.0250877324	4569996.3632778246
422703.0415405662	4569996.1826263042
422702.0579933999	4569996.0019747838
422701.0744462337	4569995.8213232635
422700.0908990675	4569995.6406717431
422699.1073519013	4569995.4600202227
422698.1238047350	4569995.2793687023
422697.1523827176	4569995.0479318649
422696.1933086188	4569994.7647766555
422695.2342345200	4569994.4816214452
422694.2751604212	4569994.1984662348
422693.3160863224	4569993.9153110245
422692.3570122236	4569993.6321558151
422691.3979381247	4569993.3490006048
422690.4388640260	4569993.0658453945
422689.4797899272	4569992.7826901842
422688.5207158284	4569992.4995349748
422687.5616417295	4569992.2163797645
422686.6025676307	4569991.9332245542
422685.6434935319	4569991.6500693439
422684.7008141858	4569991.3224369893
422683.7874125151	4569990.9153775489
422682.8740108443	4569990.5083181085
422681.9606091736	4569990.1012586681
422681.0472075028	4569989.6941992277
422680.1338058321	4569989.2871397883
422679.2204041613	4569988.8800803479
422678.3070024906	4569988.4730209075
422677.3936008198	4569988.0659614671
422676.4801991491	4569987.6589020267
422675.5667974784	4569987.2518425863
422674.6533958076	4569986.8447831469
422673.7534762972	4569986.4114010977
422672.8893932839	4569985.9080517702
422672.0253102706	4569985.4047024418
422671.1612272573	4569984.9013531134
422670.2971442440	4569984.3980037849
422669.4330612307	4569983.8946544575
422668.5689782175	4569983.3913051290
422667.7048952041	4569982.8879558006
422666.8408121909	4569982.3846064731
422665.9767291775	4569981.8812571447
422665.1126461643	4569981.3779078163
422664.2485631510	4569980.8745584888
422663.3844801377	4569980.3712091604
422662.5203971244	4569979.8678598320
422661.6563141111	4569979.3645105036
422660.7781943960	4569978.8860955583
422659.8996476943	4569978.4084390998
422659.0211009926	4569977.9307826404
422658.1425542909	4569977.4531261809
422657.2640075892	4569976.9754697224
422656.3854608875	4569976.4978132630
422655.5069141859	4569976.0201568035
422654.6283674842	4569975.5425003441
422653.7498207825	4569975.0648438856
422652.8712740808	4569974.5871874262
422651.9927273791	4569974.1095309667
422651.1141806774	4569973.6318745082
422650.2356339757	4569973.1542180488
422649.3570872741	4569972.6765615894
422648.4988434079	4569972.1634937478
422647.6427789627	4569971.6466246489
422646.7867145175	4569971.1297555501
422645.9306500723	4569970.6128864512
422645.0745856270	4569970.0960173514
422644.2185211818	4569969.5791482525
422643.3624567365	4569969.0622791536
422642.4871612902	4569968.5805308493
422641.5905579553	4569968.1376962755
422640.6939546205	4569967.6948617017
422639.7973512855	4569967.2520271279
422638.9007479507	4569966.8091925541
422638.0041446158	4569966.3663579794
422637.1075412809	4569965.9235234056
422636.2109379460	4569965.4806888318
422635.3143346111	4569965.0378542580
422634.4177312763	4569964.5950196842
422633.5211279414	4569964.1521851104
422632.6245246065	4569963.7093505356
422631.7279212716	4569963.2665159618
422630.8313179367	4569962.8236813881
422629.9347146018	4569962.3808468143
422629.0381112669	4569961.9380122405
422628.1415079321	4569961.4951776667
422627.2449045972	4569961.0523430929
422626.3483012623	4569960.6095085181
422625.4516979274	4569960.1666739443
422624.5550945925	4569959.7238393705
422623.6584912577	4569959.2810047967
422622.7672588234	4569958.8275971962
422621.8808496546	4569958.3646946298
422620.9944404858	4569957.9017920643
422620.1080313170	4569957.4388894988
422619.2216221482	4569956.9759869324
422618.3352129794	4569956.5130843669
422617.4488038107	4569956.0501818005
422616.5623946419	4569955.5872792350
422615.6759854731	4569955.1243766695
422614.7895763043	4569954.6614741031
422613.9031671355	4569954.1985715376
422613.0167579667	4569953.7356689712
422612.1268852193	4569953.2795823468
422611.2304066551	4569952.8364952402
422610.3339280908	4569952.3934081336
422609.4374495266	4569951.9503210271
422608.5409709624	4569951.5072339205
422607.6444923982	4569951.0641468139
422606.7480138340	4569950.6210597074
422605.8515352698	4569950.1779726008
422604.9550567055	4569949.7348854952
422604.0585781413	4569949.2917983886
422603.1620995771	4569948.8487112820
422602.2656210129	4569948.4056241754
422601.3694911814	4569947.9618324907
422600.4735111936	4569947.5177380620
422599.5775312059	4569947.0736436332
422598.6815512182	4569946.6295492044
422597.7855712304	4569946.1854547756
422596.8895912427	4569945.7413603468
422595.9936112550	4569945.2972659189
422595.0976312673	4569944.8531714901
422594.2016512795	4569944.4090770613
422593.3056712919	4569943.9649826325
422592.4096913041	4569943.5208882038
422591.5137113164	4569943.0767937750
422590.6177313287	4569942.6326993462
422589.7217513410	4569942.1886049174
422588.8257713532	4569941.7445104886
422587.9274739581	4569941.3051979579
422587.0237361192	4569940.8771116138
422586.1199982803	4569940.4490252687
422585.2162604414	4569940.0209389236
422584.3125226025	4569939.5928525794
422583.4087847636	4569939.1647662343
422582.5050469247	4569938.7366798902
422581.6013090858	4569938.3085935451
422580.6677831937	4569937.9532732647
422579.7232863969	4569937.6247526398
422578.7787896002	4569937.2962320149
422577.8342928035	4569936.9677113900
422576.8897960068	4569936.6391907651
422575.9452992101	4569936.3106701402
422575.2301610557	4569935.6280999444
422574.5442479498	4569934.9004164888
422573.8583348439	4569934.1727330340
422573.1724217379	4569933.4450495783
422572.4865086320	4569932.7173661236
422571.8005955261	4569931.9896826679
422571.1146824202	4569931.2619992122
422570.4287693143	4569930.5343157575
422569.7428562084	4569929.8066323018
422569.0569431025	4569929.0789488461
422568.3710299966	4569928.3512653913
422567.6851168907	4569927.6235819357
422566.9992037847	4569926.8958984809
422566.3132906788	4569926.1682150252
422565.6273775729	4569925.4405315695
422564.9414644670	4569924.7128481148
422564.2555513611	4569923.9851646591
422563.5696382551	4569923.2574812043
422562.8837251492	4569922.5297977487
422562.1978120433	4569921.8021142930
422561.5118989374	4569921.0744308382
422560.8259858315	4569920.3467473825
422560.1400727256	4569919.6190639278
422559.4541596197	4569918.8913804721
422558.7682465138	4569918.1636970164
422558.0823334079	4569917.4360135617
422557.3964203019	4569916.7083301060
422556.7105071960	4569915.9806466512
422556.0245940901	4569915.2529631956
422555.3386809842	4569914.5252797399
422554.6527678783	4569913.7975962851
422553.9668547723	4569913.0699128294
422553.2809416664	4569912.3422293747
422552.5950285605	4569911.6145459190
422551.9091154546	4569910.8868624633
422551.2232023487	4569910.1591790086
422550.5372892428	4569909.4314955529
422549.8513761368	4569908.7038120981
422549.1654630309	4569907.9761286424
422548.4795499250	4569907.2484451868
422547.7936368191	4569906.5207617320
422547.1077237132	4569905.7930782763
422546.4218106073	4569905.0653948216
422545.7358975014	4569904.3377113659
422545.0499843955	4569903.6100279102
422544.3640712896	4569902.8823444555
422543.6781581836	4569902.1546609998
422542.9922450777	4569901.4269775450
422542.3063319718	4569900.6992940893
422541.6204188659	4569899.9716106337
422540.9345057599	4569899.2439271789
422540.2485926540	4569898.5162437232
422539.5626795481	4569897.7885602685
422538.8767664422	4569897.0608768128
422538.1908533363	4569896.3331933571
422537.5049402304	4569895.6055099024
422536.8190271245	4569894.8778264467
422536.1331140186	4569894.1501429919
422535.4472009127	4569893.4224595362
422534.7612878068	4569892.6947760805
422534.0753747008	4569891.9670926258
422533.3894615949	4569891.2394091701
422532.7035484890	4569890.5117257154
422532.0176353831	4569889.7840422597
422531.3317222772	4569889.0563588040
422530.6458091712	4569888.3286753492
422529.9598960653	4569887.6009918936
422529.2739829594	4569886.8733084388
422528.5880698535	4569886.1456249831
422527.9021567476	4569885.4179415274
422527.2162436417	4569884.6902580727
422526.5303305357	4569883.9625746170
422525.8444174298	4569883.2348911623
422525.1585043239	4569882.5072077066
422524.4725912180	4569881.7795242509
422523.7866781121	4569881.0518407961
422523.1007650062	4569880.3241573405
422522.4148519003	4569879.5964738857
422521.7289387944	4569878.8687904300
422521.0430256885	4569878.1411069743
422520.3571125825	4569877.4134235196
422519.6711994766	4569876.6857400639
422518.9852863707	4569875.9580566091
422518.2993732648	4569875.2303731535
422517.6134601588	4569874.5026896978
422516.9275470529	4569873.7750062430
422516.2416339470	4569873.0473227873
422515.5557208411	4569872.3196393326
422514.8698077352	4569871.5919558769
422514.1838946293	4569870.8642724212
422513.4979815234	4569870.1365889665
422512.8120684175	4569869.4089055108
422512.1261553116	4569868.6812220560
422511.4402422057	4569867.9535386004
422510.7543290997	4569867.2258551447
422510.0684159938	4569866.4981716899
422509.3825028879	4569865.7704882342
422508.6965897820	4569865.0428047795
422508.0106766761	4569864.3151213238
422507.3247635701	4569863.5874378681
422506.6388504642	4569862.8597544134
422505.9529373583	4569862.1320709577
422505.2670242524	4569861.4043875029
422504.5811111465	4569860.6767040472
422503.8951980406	4569859.9490205916
422503.2092849346	4569859.2213371368
422502.5233718287	4569858.4936536811
422501.8374587228	4569857.7659702264
422501.1515456169	4569857.0382867707
422500.2979017868	4569856.5487210732
422499.3817444519	4569856.1479022400
422498.4655871170	4569855.7470834060
422497.5494297821	4569855.3462645719
422496.6332724471	4569854.9454457378
422495.7171151123	4569854.5446269037
422494.8009577773	4569854.1438080696
422493.8848004424	4569853.7429892356
422492.9686431075	4569853.3421704015
422492.0524857725	4569852.9413515674
422491.1363284376	4569852.5405327333
422490.2201711028	4569852.1397138992
422489.2917584875	4569851.8166283863
422488.2967212973	4569851.9161321055
422487.3016841071	4569852.0156358248
422486.3066469169	4569852.1151395431
422485.3116097267	4569852.2146432623
422484.4150403255	4569852.5186661147
422483.7167164734	4569853.2344480623
422483.0183926213	4569853.9502300108
422482.3200687693	4569854.6660119593
422481.6217449172	4569855.3817939078
422480.9234210652	4569856.0975758564
422480.2250972131	4569856.8133578049
422479.9211609779	4569857.6535656704
422480.0822928769	4569858.6404985506
422480.2434247757	4569859.6274314318
422480.4045566746	4569860.6143643120
422480.5656885735	4569861.6012971932
422480.7268204724	4569862.5882300744
422481.2455821198	4569863.3237326350
422482.1197393959	4569863.8093755664
422482.9938966720	4569864.2950184969
422483.8680539482	4569864.7806614283
422484.7422112243	4569865.2663043598
422485.6163685004	4569865.7519472912
422486.4905257765	4569866.2375902217
422487.3646830527	4569866.7232331531
422488.2388403288	4569867.2088760845
422489.1129976050	4569867.6945190160
422489.9511907857	4569868.2373097595
422490.7672152668	4569868.8153271005
422491.5832397478	4569869.3933444405
422492.3992642289	4569869.9713617815
422493.2152887100	4569870.5493791224
422494.0313131910	4569871.1273964634
422494.8473376721	4569871.7054138044
422495.5090255841	4569872.4309802623
422496.0497831755	4569873.2721587382
422495.8635553075	4569874.0126645835
422495.1145587450	4569874.6752384659
422494.3655621825	4569875.3378123483
422493.6165656200	4569876.0003862297
422492.8675690575	4569876.6629601121
422492.1185724950	4569877.3255339945
422491.3695759326	4569877.9881078769
422490.6205793701	4569878.6506817592
422489.8303291252	4569879.2468496589
422488.9044814816	4569879.6247466560
422487.9786338379	4569880.0026436541
422487.0527861942	4569880.3805406513
422486.1269385505	4569880.7584376484
422485.2010909068	4569881.1363346465
422484.2752432632	4569881.5142316436
422483.3359114594	4569881.8569672266
422482.3947913131	4569882.1950395126
422481.4536711668	4569882.5331117976
422480.5125510205	4569882.8711840836
422479.5714308743	4569883.2092563687
422478.6303107279	4569883.5473286547
422477.6891905816	4569883.8854009397
422476.7480704354	4569884.2234732257
422475.8069502891	4569884.5615455108
422474.8658301428	4569884.8996177968
422473.9247099965	4569885.2376900818
422472.9835898502	4569885.5757623678
422472.0424697039	4569885.9138346529
422471.0588972654	4569886.0493855579
422470.0612347002	4569886.1177186100
422469.0635721350	4569886.1860516621
422468.0659095698	4569886.2543847151
422467.0682470047	4569886.3227177672
422466.0705844395	4569886.3910508193
422465.0729218743	4569886.4593838723
422464.0752593091	4569886.5277169244
422463.0775967440	4569886.5960499765
422462.0885412655	4569886.4530913346
422461.0997421789	4569886.3038386423
422460.1109430922	4569886.1545859501
422459.1221440055	4569886.0053332578
422458.1333449188	4569885.8560805656
422457.1445458322	4569885.7068278734
422456.1726862021	4569885.4823055724
422455.2152791959	4569885.1935637761
422454.2578721897	4569884.9048219807
422453.3004651835	4569884.6160801854
422452.3430581773	4569884.3273383901
422451.3856511711	4569884.0385965947
422450.4282441649	4569883.7498547984
422449.4708371587	4569883.4611130031
422449.2972284116	4569882.7364180293
422449.5569108498	4569881.7707239622
422449.8165932880	4569880.8050298952
422450.0762757262	4569879.8393358281
422450.3359581644	4569878.8736417610
422450.5956406027	4569877.9079476930
422450.8553230409	4569876.9422536260
422451.1150054791	4569875.9765595589
422451.3746879173	4569875.0108654918
422451.6343703555	4569874.0451714247
422451.8940527937	4569873.0794773577
422452.1537352319	4569872.1137832906
422452.4134176701	4569871.1480892235
422452.6731001084	4569870.1823951565
422452.9327825466	4569869.2167010894
422452.8895579485	4569868.2253172481
422452.7962172398	4569867.2296830220
422452.7028765311	4569866.2340487959
422452.6084805985	4569865.2389777964
422451.8332456130	4569864.6073048450
422451.0580106275	4569863.9756318936
422450.2827756420	4569863.3439589432
422449.5075406565	4569862.7122859918
422448.5495162400	4569862.5415896373
422447.5520575402	4569862.4703425867
422446.5545988404	4569862.3990955371
422445.5571401406	4569862.3278484875
422444.5596814407	4569862.2566014370
422443.5605466596	4569862.2610337855
422442.5609116897	4569862.2880509468
422441.5612767199	4569862.3150681080
422440.5616417500	4569862.3420852693
422439.8045703989	4569862.6776462710
422439.5423406513	4569863.6426517423
422439.2801109037	4569864.6076572128
422439.0178811561	4569865.5726626841
422438.7556514085	4569866.5376681555
422438.4934216609	4569867.5026736269
422438.2311919133	4569868.4676790982
422437.9689621657	4569869.4326845687
422437.7067324181	4569870.3976900401
422437.4445026704	4569871.3626955114
422437.1822729228	4569872.3277009828
422436.9200431752	4569873.2927064542
422436.7589622049	4569874.2789759245
422436.6104306189	4569875.2678835876
422436.4618990331	4569876.2567912517
422436.3133674472	4569877.2456989158
422436.1648358613	4569878.2346065799
422436.0163042754	4569879.2235142440
422435.8677726895	4569880.2124219080
422435.7192411036	4569881.2013295721
422435.5707095177	4569882.1902372362
422435.4221779318	4569883.1791449003
422435.2736463459	4569884.1680525644
422435.1251147600	4569885.1569602285
422434.9765831740	4569886.1458678925
422434.8280515882	4569887.1347755566
422434.6795200023	4569888.1236832207
422434.5309884164	4569889.1125908848
422434.3824568305	4569890.1014985489
422434.2339252446	4569891.0904062130
422434.0853936587	4569892.0793138770
422433.9368620728	4569893.0682215411
422433.7883304869	4569894.0571292052
422433.6397989010	4569895.0460368684
422433.4912673151	4569896.0349445324
422433.3427357291	4569897.0238521965
422433.1942041433	4569898.0127598606
422433.0456725574	4569899.0016675247
422432.8971409715	4569899.9905751888
422432.7486093856	4569900.9794828529
422432.6000777997	4569901.9683905169
422432.4515462138	4569902.9572981810
422432.3780435288	4569903.9426056212
422432.6205791540	4569904.9127481207
422432.1185396323	4569905.6117281495
422431.3089291888	4569906.1986957211
422430.4993187454	4569906.7856632918
422429.6897083020	4569907.3726308635
422428.8800978586	4569907.9595984351
422428.0704874152	4569908.5465660067
422427.1473330345	4569908.9064979656
422426.1920471438	4569909.2021816932
422425.2367612532	4569909.4978654217
422424.2814753626	4569909.7935491502
422423.3261894719	4569910.0892328778
422422.3677596023	4569910.3743514614
422421.4062356546	4569910.6490725894
422420.4447117070	4569910.9237937173
422419.4831877593	4569911.1985148452
422418.5216638117	4569911.4732359732
422417.5601398641	4569911.7479571011
422416.5986159164	4569912.0226782290
422415.6193668730	4569912.2024102984
422414.6234736666	4569912.2929460444
422413.6275804601	4569912.3834817903
422412.6316872536	4569912.4740175363
422411.6357940472	4569912.5645532822
422410.6399008407	4569912.6550890282
422409.6440076342	4569912.7456247751
422408.6481144277	4569912.8361605210
422407.6522212213	4569912.9266962670
422406.6563280148	4569913.0172320129
422405.6604348083	4569913.1077677589
422404.6607915403	4569913.1156320432
422403.6607915403	4569913.1156320432
422402.6607915403	4569913.1156320432
422401.6607915403	4569913.1156320432
422400.6607915403	4569913.1156320432
422399.6607915403	4569913.1156320432
422398.6607915403	4569913.1156320432
422397.6627228204	4569913.0589153972
422396.6650391277	4569912.9908915097
422395.6673554350	4569912.9228676213
422394.6696717423	4569912.8548437329
422393.6719880496	4569912.7868198454
422392.6743043569	4569912.7187959570
422391.6766206643	4569912.6507720686
422390.6789369716	4569912.5827481812
422389.6812532789	4569912.5147242928
422388.6835695862	4569912.4467004044
422387.6906240878	4569912.3443854349
422386.7118769523	4569912.1393146059
422385.7331298168	4569911.9342437778
422384.7543826812	4569911.7291729497
422383.7756355457	4569911.5241021207
422382.7968884101	4569911.3190312926
422381.8181412746	4569911.1139604645
422380.8393941390	4569910.9088896355
422379.8606470035	4569910.7038188074
422378.8818998680	4569910.4987479793
422377.9031527324	4569910.2936771503
422376.9244055969	4569910.0886063222
422375.9456584613	4569909.8835354932
422374.9731419987	4569909.6531227790
422374.0108879138	4569909.3809701083
422373.0486338289	4569909.1088174377
422372.0863797440	4569908.8366647670
422371.1241256590	4569908.5645120963
422370.1618715741	4569908.2923594266
422369.1996174892	4569908.0202067560
422368.2373634043	4569907.7480540853
422367.2751093194	4569907.4759014146
422366.3128552345	4569907.2037487440
422365.3506011496	4569906.9315960733
422364.3883470646	4569906.6594434036
422363.4260929797	4569906.3872907329
422362.4638388948	4569906.1151380623
422361.5015848099	4569905.8429853916
422360.5393307250	4569905.5708327210
422359.5770766401	4569905.2986800503
422358.6148225551	4569905.0265273806
422357.6525684702	4569904.7543747099
422356.6903143853	4569904.4822220393
422355.7280603004	4569904.2100693686
422354.7658062155	4569903.9379166979
422353.8035521306	4569903.6657640273
422352.8412980457	4569903.3936113575
422351.8790439607	4569903.1214586869
422350.9183866069	4569902.8437496834
422349.9584534121	4569902.5635207379
422348.9985202174	4569902.2832917934
422348.0385870227	4569902.0030628480
422347.0786538279	4569901.7228339035
422346.1187206332	4569901.4426049581
422345.1587874384	4569901.1623760127
422344.1988542437	4569900.8821470682
422343.2389210490	4569900.6019181227
422342.2789878542	4569900.3216891782
422341.3190546595	4569900.0414602328
422340.3591214647	4569899.7612312883
422339.3991882699	4569899.4810023429
422338.4392550752	4569899.2007733975
422337.4793218805	4569898.9205444530
422336.5193886857	4569898.6403155075
422335.5594554910	4569898.3600865630
422334.5995222962	4569898.0798576176
422333.6395891015	4569897.7996286731
422332.6796559068	4569897.5193997277
422331.7189851885	4569897.2417194881
422330.7577429329	4569896.9660143442
422329.7965006773	4569896.6903092014
422328.8352584216	4569896.4146040585
422327.8740161659	4569896.1388989156
422326.9127739103	4569895.8631937718
422325.9515316547	4569895.5874886289
422324.9902893990	4569895.3117834860
422324.0290471433	4569895.0360783422
422323.0678048877	4569894.7603731994
422322.1065626320	4569894.4846680565
422321.1453203763	4569894.2089629136
422320.1840781207	4569893.9332577698
422319.2228358651	4569893.6575526269
422318.2615936094	4569893.3818474840
422317.3003513538	4569893.1061423412
422316.3383158951	4569892.8332360024
422315.3753518754	4569892.5636060769
422314.4123878557	4569892.2939761514
422313.4494238359	4569892.0243462259
422312.4864598162	4569891.7547163004
422311.5234957965	4569891.4850863749
422310.5605317768	4569891.2154564494
422309.5975677570	4569890.9458265239
422308.6346037373	4569890.6761965984
422307.6716397176	4569890.4065666730
422306.7086756978	4569890.1369367475
422305.7457116781	4569889.8673068220
422304.7827478801	4569889.5976761086
422303.8205418343	4569889.3253536429
422302.8583357884	4569889.0530311773
422301.8961297426	4569888.7807087116
422300.9339236968	4569888.5083862459
422299.9717176510	4569888.2360637803
422299.0095116051	4569887.9637413137
422298.0473055593	4569887.6914188480
422297.0850995135	4569887.4190963823
422296.1228934676	4569887.1467739167
422295.1606874218	4569886.8744514510
422294.1984813760	4569886.6021289853
422293.2362753302	4569886.3298065197
422292.2740692843	4569886.0574840531
422291.3146460341	4569885.7755635595
422290.3559991677	4569885.4909652714
422289.3973523015	4569885.2063669832
422288.4387054352	4569884.9217686942
422287.4800585690	4569884.6371704061
422286.5214117026	4569884.3525721179
422285.5627648364	4569884.0679738289
422284.6041179701	4569883.7833755407
422283.6925915146	4569883.3782194285
422282.7950371882	4569882.9373155488
422281.8974828617	4569882.4964116691
422280.9999285353	4569882.0555077894
422280.1023742088	4569881.6146039097
422279.2048198823	4569881.1737000300
422278.3072655559	4569880.7327961503
422277.4111692097	4569880.2890027650
422276.5232528207	4569879.8289978895
422275.6353364316	4569879.3689930132
422274.7474200427	4569878.9089881368
422273.8595036537	4569878.4489832604
422272.9715872646	4569877.9889783841
422272.0836708757	4569877.5289735077
422271.1957544867	4569877.0689686313
422270.3078380976	4569876.6089637559
422269.4199217087	4569876.1489588795
422268.5320053197	4569875.6889540032
422267.6440889307	4569875.2289491268
422266.7558908643	4569874.7694883896
422265.8676732212	4569874.3100654706
422264.9794555780	4569873.8506425517
422264.0912379349	4569873.3912196336
422263.2030202917	4569872.9317967147
422262.3148026486	4569872.4723737957
422261.4265850054	4569872.0129508767
422260.5383673623	4569871.5535279578
422259.6501497191	4569871.0941050388
422258.7619320760	4569870.6346821198
422257.8737144328	4569870.1752592009
422256.9854967896	4569869.7158362819
422256.0972791465	4569869.2564133629
422255.2090615034	4569868.7969904440
422254.3208438602	4569868.3375675259
422253.4279473499	4569867.8876522714
422252.5220466489	4569867.4641621057
422251.6161459479	4569867.0406719409
422250.7102452469	4569866.6171817761
422249.8043445460	4569866.1936916104
422248.8984438450	4569865.7702014456
422247.9925431439	4569865.3467112808
422247.0866424429	4569864.9232211150
422246.1807417420	4569864.4997309502
422245.2748410410	4569864.0762407854
422244.3689403400	4569863.6527506197
422243.4630396390	4569863.2292604549
422242.5571389380	4569862.8057702901
422241.6512382370	4569862.3822801244
422240.7453375361	4569861.9587899595
422239.8394368351	4569861.5352997947
422238.9335361340	4569861.1118096290
422238.0276354330	4569860.6883194642
422237.1217347321	4569860.2648292994
422236.2158340311	4569859.8413391337
422235.3099333301	4569859.4178489689
422234.4040326291	4569858.9943588041
422233.4981319281	4569858.5708686383
422232.5922312271	4569858.1473784735
422231.6863305262	4569857.7238883087
422230.7804298252	4569857.3003981430
422229.8745291241	4569856.8769079782
422228.9686284232	4569856.4534178134
422228.0627277222	4569856.0299276477
422227.1568270212	4569855.6064374829
422226.2509263202	4569855.1829473181
422225.3450256192	4569854.7594571523
422224.4391249182	4569854.3359669875
422223.5250797362	4569853.9305820595
422222.6072227003	4569853.5336709088
422221.6893656643	4569853.1367597580
422220.7715086284	4569852.7398486072
422219.8536515924	4569852.3429374564
422218.9357945564	4569851.9460263057
422218.0179375204	4569851.5491151558
422217.1000804845	4569851.1522040050
422216.1822234485	4569850.7552928543
422215.2643664126	4569850.3583817035
422214.3465093766	4569849.9614705527
422213.4286523406	4569849.5645594019
422212.5107953046	4569849.1676482512
422211.5929382686	4569848.7707371004
422210.6750812327	4569848.3738259496
422209.7572241967	4569847.9769147998
422208.8393671608	4569847.5800036490
422207.9215101248	4569847.1830924982
422207.0036530888	4569846.7861813474
422206.0903346405	4569846.3792330427
422205.1860859937	4569845.9522267375
422204.2818373470	4569845.5252204323
422203.3775887002	4569845.0982141262
422202.4733400535	4569844.6712078210
422201.5690914067	4569844.2442015158
422200.6648427600	4569843.8171952106
422199.7605941132	4569843.3901889054
422198.8563454665	4569842.9631825993
422197.9520968197	4569842.5361762941
422197.0478481730	4569842.1091699889
422196.1435995262	4569841.6821636837
422195.2393508795	4569841.2551573776
422194.3351022327	4569840.8281510724
422193.4307841427	4569840.4013065333
422192.4983868045	4569840.0398716098
422191.5659894663	4569839.6784366863
422190.6335921281	4569839.3170017628
422189.7011947899	4569838.9555668402
422188.7687974518	4569838.5941319168
422187.8364001136	4569838.2326969933
422186.9040027754	4569837.8712620698
422185.9716054372	4569837.5098271472
422185.0392080990	4569837.1483922238
422184.1068107608	4569836.7869573003
422183.1744134227	4569836.4255223768
422182.2420160845	4569836.0640874542
422181.3096187463	4569835.7026525307
422180.3772214081	4569835.3412176073
422179.4448240699	4569834.9797826838
422178.5124267317	4569834.6183477612
422177.5800293935	4569834.2569128377
422176.6476320554	4569833.8954779143
422175.7152347171	4569833.5340429908
422174.7828373790	4569833.1726080682
422173.8504400408	4569832.8111731447
422172.9180427026	4569832.4497382212
422171.9871502974	4569832.0846466795
422171.0704543327	4569831.6850612583
422170.1537583680	4569831.2854758380
422169.2370624033	4569830.8858904177
422168.3203664386	4569830.4863049975
422167.4036704739	4569830.0867195763
422166.4869745091	4569829.6871341560
422165.5702785444	4569829.2875487357
422164.6535825797	4569828.8879633155
422163.7368866150	4569828.4883778943
422162.8201906503	4569828.0887924740
422161.9034946856	4569827.6892070537
422160.9867987209	4569827.2896216335
422160.0701027562	4569826.8900362123
422159.1534067914	4569826.4904507920
422158.2367108267	4569826.0908653717
422157.3266607463	4569825.6764561515
422156.4184703592	4569825.2578988429
422155.5102799721	4569824.8393415343
422154.6020895850	4569824.4207842257
422153.6938991979	4569824.0022269161
422152.7857088108	4569823.5836696075
422151.8775184237	4569823.1651122989
422150.9693280366	4569822.7465549903
422150.0611376495	4569822.3279976817
422149.1529472624	4569821.9094403721
422148.2447568752	4569821.4908830635
422147.3365664881	4569821.0723257549
422146.4283761010	4569820.6537684463
422145.5201857139	4569820.2352111368
422144.6119953268	4569819.8166538281
422143.6918831615	4569819.4258152274
422142.7634064706	4569819.0544245513
422141.8349297797	4569818.6830338752
422140.9064530888	4569818.3116431991
422139.9779763979	4569817.9402525220
422139.0494997070	4569817.5688618459
422138.1210230161	4569817.1974711698
422137.1925463252	4569816.8260804936
422136.2640696343	4569816.4546898166
422135.3355929434	4569816.0832991404
422134.4071162526	4569815.7119084643
422133.4786395617	4569815.3405177882
422132.5501628708	4569814.9691271111
422131.6216861799	4569814.5977364350
422130.6932094890	4569814.2263457589
422129.7616932429	4569813.8626818219
422128.8290296257	4569813.5019345731
422127.8963660084	4569813.1411873251
422126.9637023912	4569812.7804400772
422126.0310387739	4569812.4196928293
422125.0983751567	4569812.0589455804
422124.1657115395	4569811.6981983325
422123.2330479222	4569811.3374510845
422122.3003843050	4569810.9767038357
422121.3677206877	4569810.6159565877
422120.4350570705	4569810.2552093398
422119.5023934532	4569809.8944620918
422118.5697298360	4569809.5337148430
422117.6388227584	4569809.1687517324
422116.7259317155	4569808.7605484203
422115.8130406727	4569808.3523451090
422114.9001496298	4569807.9441417968
422113.9872585869	4569807.5359384846
422113.0743675440	4569807.1277351733
422112.1614765011	4569806.7195318611
422111.2485854582	4569806.3113285489
422110.3356944153	4569805.9031252377
422109.4228033725	4569805.4949219255
422108.5099123296	4569805.0867186142
422107.5970212867	4569804.6785153020
422106.6841302439	4569804.2703119898
422105.7712392010	4569803.8621086786
422104.8583481581	4569803.4539053664
422103.9454571152	4569803.0457020542
422103.0325660723	4569802.6374987429
422102.0975780992	4569802.2832253063
422101.1607177241	4569801.9335216638
422100.2238573489	4569801.5838180222
422099.2869969738	4569801.2341143796
422098.3501365986	4569800.8844107371
422097.4132762234	4569800.5347070945
422096.4764158483	4569800.1850034529
422095.5395554732	4569799.8352998104
422094.6026950980	4569799.4855961679
422093.6658347228	4569799.1358925253
422092.7289743477	4569798.7861888828
422091.7921139725	4569798.4364852412
422090.8552535973	4569798.0867815986
422089.9183932222	4569797.7370779561
422088.9815328471	4569797.3873743135
422088.0446724719	4569797.0376706710
422087.1078120967	4569796.6879670294
422086.1709517216	4569796.3382633869
422085.2340913464	4569795.9885597443
422084.2972309712	4569795.6388561018
422083.3603705961	4569795.2891524602
422082.4235102210	4569794.9394488176
422081.4866498458	4569794.5897451751
422080.5497894706	4569794.2400415326
422079.6129290955	4569793.8903378900
422078.6760687203	4569793.5406342484
422077.7392083452	4569793.1909306059
422076.8026868818	4569792.8403291870
422075.8684450104	4569792.4836891368
422074.9342031389	4569792.1270490857
422073.9999612675	4569791.7704090355
422073.0657193960	4569791.4137689853
422072.1314775246	4569791.0571289342
422071.1972356531	4569790.7004888840
422070.2629937817	4569790.3438488338
422069.3287519102	4569789.9872087827
422068.3945100387	4569789.6305687325
422067.4602681673	4569789.2739286823
422066.5260262959	4569788.9172886312
422065.5917844244	4569788.5606485810
422064.6575425530	4569788.2040085308
422063.7233006815	4569787.8473684797
422062.7890588101	4569787.4907284295
422061.8548169386	4569787.1340883793
422060.9205750672	4569786.7774483282
422059.9863331957	4569786.4208082780
422059.0520913243	4569786.0641682278
422058.1178494528	4569785.7075281767
422057.1836075814	4569785.3508881265
422056.2493657099	4569784.9942480754
422055.3151238385	4569784.6376080252
422054.3808819670	4569784.2809679750
422053.4466400956	4569783.9243279239
422052.5123982241	4569783.5676878737
422051.5781563527	4569783.2110478235
422050.6439144812	4569782.8544077724
422049.7096726098	4569782.4977677222
422048.7754307383	4569782.1411276720
422047.8414384910	4569781.7838375634
422046.9086097710	4569781.4235174563
422045.9757810509	4569781.0631973501
422045.0429523309	4569780.7028772440
422044.1101236109	4569780.3425571369
422043.1772948909	4569779.9822370308
422042.2444661709	4569779.6219169246
422041.3116374509	4569779.2615968175
422040.3788087309	4569778.9012767114
422039.4459800109	4569778.5409566052
422038.5131512909	4569778.1806364981
422037.5803225708	4569777.8203163920
422036.6474938508	4569777.4599962858
422035.7146651308	4569777.0996761788
422034.7818364108	4569776.7393560726
422033.8490076908	4569776.3790359665
422032.9161789707	4569776.0187158594
422031.9833502507	4569775.6583957532
422031.0505215307	4569775.2980756471
422030.1176928107	4569774.9377555400
422029.1848640907	4569774.5774354339
422028.2520353706	4569774.2171153277
422027.3192066506	4569773.8567952206
422026.3863779306	4569773.4964751145
422025.4535492106	4569773.1361550083
422024.5207204906	4569772.7758349013
422023.5878917706	4569772.4155147951
422022.6550630506	4569772.0551946890
422021.7222343306	4569771.6948745819
422020.7894056106	4569771.3345544757
422019.8542343488	4569770.9806097038
422018.9100341673	4569770.6512375474
422017.9658339859	4569770.3218653910
422017.0216338045	4569769.9924932346
422016.0774336230	4569769.6631210782
422015.1332334415	4569769.3337489218
422014.1890332601	4569769.0043767653
422013.2448330786	4569768.6750046089
422012.3006328971	4569768.3456324534
422011.3564327157	4569768.0162602970
422010.4122325342	4569767.6868881406
422009.4680323528	4569767.3575159842
422008.5238321714	4569767.0281438278
422007.5796319899	4569766.6987716714
422006.6354318084	4569766.3693995150
422005.6912316270	4569766.0400273586
422004.7470314455	4569765.7106552031
422003.8030501563	4569765.3806563783
422002.8591193297	4569765.0505130840
422001.9151885031	4569764.7203697907
422000.9712576765	4569764.3902264964
422000.0273268500	4569764.0600832021
421999.0833960233	4569763.7299399078
421998.1394651967	4569763.3997966144
421997.1955343701	4569763.0696533201
421996.2516035436	4569762.7395100258
421995.3076727169	4569762.4093667325
421994.3637418903	4569762.0792234382
421993.4198110638	4569761.7490801439
421992.4758802371	4569761.4189368496
421991.5319494105	4569761.0887935562
421990.5880185840	4569760.7586502619
421989.6440877574	4569760.4285069676
421988.7001569307	4569760.0983636742
421987.7562261042	4569759.7682203799
421986.8122952776	4569759.4380770857
421985.8683644510	4569759.1079337914
421984.9244336244	4569758.7777904980
421983.9805027978	4569758.4476472037
421983.0365719712	4569758.1175039094
421982.0926411446	4569757.7873606151
421981.1487103180	4569757.4572173217
421980.2045876739	4569757.1277046259
421979.2367039710	4569756.8763062619
421978.2688202680	4569756.6249078978
421977.3009365651	4569756.3735095328
421976.3330528622	4569756.1221111687
421975.3651691593	4569755.8707128046
421974.3972854563	4569755.6193144396
421973.4294017534	4569755.3679160755
421972.4615180505	4569755.1165177114
421971.4936343476	4569754.8651193464
421970.5257506446	4569754.6137209823
421969.5578669418	4569754.3623226183
421968.5899832388	4569754.1109242532
421967.6220995359	4569753.8595258892
421966.6542158330	4569753.6081275251
421965.6863321301	4569753.3567291601
421964.7184484271	4569753.1053307960
421963.7505647242	4569752.8539324319
421962.7826810213	4569752.6025340669
421961.8147973184	4569752.3511357028
421960.8469136155	4569752.0997373387
421959.8790299125	4569751.8483389737
421958.9111462097	4569751.5969406096
421957.9432625067	4569751.3455422455
421956.9753788038	4569751.0941438805
421956.0074951009	4569750.8427455164
421955.0396113980	4569750.5913471524
421954.0717276950	4569750.3399487874
421953.1038439921	4569750.0885504233
421952.1375460751	4569749.8312472906
421951.1739391526	4569749.5639240798
421950.2103322302	4569749.2966008689
421949.2467253077	4569749.0292776581
421948.2831183853	4569748.7619544473
421947.3195114628	4569748.4946312374
421946.3559045404	4569748.2273080265
421945.3922976179	4569747.9599848157
421944.4286906955	4569747.6926616048
421943.4650837730	4569747.4253383940
421942.5014768506	4569747.1580151832
421941.5378699281	4569746.8906919723
421940.5742630057	4569746.6233687615
421939.6106560832	4569746.3560455507
421938.6470491608	4569746.0887223398
421937.6834422383	4569745.8213991299
421936.7198353159	4569745.5540759191
421935.7562283934	4569745.2867527083
421934.7926214710	4569745.0194294974
421933.8288656590	4569744.7526515098
421932.8631334436	4569744.4931109771
421931.8974012282	4569744.2335704444
421930.9316690128	4569743.9740299117
421929.9659367975	4569743.7144893780
421929.0002045821	4569743.4549488453
421928.0344723668	4569743.1954083126
421927.0687401514	4569742.9358677799
421926.1030079361	4569742.6763272472
421925.1372757207	4569742.4167867145
421924.1715435053	4569742.1572461808
421923.2058112899	4569741.8977056481
421922.2400790745	4569741.6381651154
421921.2743468592	4569741.3786245827
421920.3086146438	4569741.1190840499
421919.3428824285	4569740.8595435172
421918.3771502131	4569740.6000029836
421917.4114179978	4569740.3404624509
421916.4456857824	4569740.0809219182
421915.4799535670	4569739.8213813854
421914.5138621286	4569739.5631974041
421913.5462448562	4569739.3107755072
421912.5786275838	4569739.0583536103
421911.6110103114	4569738.8059317125
421910.6433930390	4569738.5535098156
421909.6757757666	4569738.3010879187
421908.7081584942	4569738.0486660218
421907.7405412219	4569737.7962441240
421906.7729239495	4569737.5438222270
421905.8053066771	4569737.2914003301
421904.8376894047	4569737.0389784332
421903.8700721323	4569736.7865565354
421902.9024548599	4569736.5341346385
421901.9348375875	4569736.2817127416
421900.9672203151	4569736.0292908438
421899.9996030427	4569735.7768689469
421899.0319857704	4569735.5244470499
421898.0663678727	4569735.2655338952
421897.1244151449	4569734.9297883688
421896.1824624172	4569734.5940428423
421895.2405096895	4569734.2582973158
421894.2985569617	4569733.9225517884
421893.3566042339	4569733.5868062619
421892.4146515062	4569733.2510607354
421891.4726987784	4569732.9153152090
421890.5307460507	4569732.5795696825
421889.5887933229	4569732.2438241551
421888.6468405952	4569731.9080786286
421887.7048878674	4569731.5723331021
421886.7629351397	4569731.2365875756
421885.8238417335	4569730.8932789238
421884.8953650426	4569730.5218882477
421883.9668883517	4569730.1504975716
421883.0384116608	4569729.7791068954
421882.1099349699	4569729.4077162184
421881.1814582790	4569729.0363255423
421880.2529815881	4569728.6649348661
421879.3245048972	4569728.2935441900
421878.3960282063	4569727.9221535139
421877.4675515155	4569727.5507628368
421876.5390748246	4569727.1793721607
421875.6105981337	4569726.8079814846
421874.6821214428	4569726.4365908084
421873.7503747856	4569726.0737667996
421872.8105813622	4569725.7320237365
421871.8707879387	4569725.3902806742
421870.9309945152	4569725.0485376110
421869.9912010917	4569724.7067945478
421869.0514076682	4569724.3650514847
421868.1116142447	4569724.0233084215
421867.1718208212	4569723.6815653583
421866.2320273977	4569723.3398222951
421865.2922339742	4569722.9980792319
421864.3524405507	4569722.6563361697
421863.4126471273	4569722.3145931065
421862.4728537037	4569721.9728500433
421861.5330602802	4569721.6311069801
421860.5932668568	4569721.2893639170
421859.6534734332	4569720.9476208538
421858.7136800098	4569720.6058777906
421857.7847971707	4569720.2370023876
421856.8700450421	4569719.8329868643
421855.9552929135	4569719.4289713399
421855.0405407849	4569719.0249558166
421854.1257886563	4569718.6209402932
421853.2110365277	4569718.2169247698
421852.2962843991	4569717.8129092464
421851.3815322705	4569717.4088937230
421850.4667801419	4569717.0048781997
421849.5520280133	4569716.6008626763
421848.6372758847	4569716.1968471520
421847.7225237561	4569715.7928316286
421846.8077716275	4569715.3888161052
421845.8930194989	4569714.9848005818
421844.9782673703	4569714.5807850584
421844.0635152417	4569714.1767695351
421843.1359416552	4569713.8037913693
421842.2027455177	4569713.4444239130
421841.2695493801	4569713.0850564558
421840.3363532427	4569712.7256889995
421839.4031571051	4569712.3663215432
421838.4699609676	4569712.0069540860
421837.5367648301	4569711.6475866297
421836.6035686925	4569711.2882191725
421835.6703725551	4569710.9288517162
421834.7371764175	4569710.5694842599
421833.8039802800	4569710.2101168027
421832.8707841425	4569709.8507493464
421831.9375880049	4569709.4913818892
421831.0043918675	4569709.1320144329
421830.0711957299	4569708.7726469757
421829.1379995924	4569708.4132795194
421828.2048034549	4569708.0539120631
421827.2716073173	4569707.6945446059
421826.3384111799	4569707.3351771496
421825.4052150423	4569706.9758096924
421824.4720189048	4569706.6164422361
421823.5350145013	4569706.2671256913
421822.5979870402	4569705.9178700009
421821.6609595790	4569705.5686143115
421820.7239321179	4569705.2193586212
421819.7869046568	4569704.8701029308
421818.8498771956	4569704.5208472405
421817.9128497344	4569704.1715915510
421816.9758222733	4569703.8223358607
421816.0387948121	4569703.4730801703
421815.1017673510	4569703.1238244809
421814.1647398898	4569702.7745687906
421813.2277124287	4569702.4253131002
421812.2906849675	4569702.0760574108
421811.3536575064	4569701.7268017204
421810.4714466239	4569701.2578132497
421809.5947796537	4569700.7767155226
421808.7181126836	4569700.2956177946
421807.8414457134	4569699.8145200675
421806.9647787432	4569699.3334223395
421806.0881117730	4569698.8523246124
421805.2114448029	4569698.3712268844
421804.3347778327	4569697.8901291573
421803.4581108626	4569697.4090314293
421802.5814438924	4569696.9279337022
421801.7047769222	4569696.4468359742
421800.7926287868	4569696.0408695927
421799.8641520959	4569695.6694789156
421798.9356754049	4569695.2980882395
421798.0071987140	4569694.9266975634
421797.0787220231	4569694.5553068873
421796.1502453322	4569694.1839162111
421795.2060906214	4569693.8548790580
421794.2595804333	4569693.5322051300
421793.3130702452	4569693.2095312020
421792.3665600570	4569692.8868572749
421791.4200498688	4569692.5641833469
421790.4794914787	4569692.2255868232
421789.5533991189	4569691.8482899358
421788.6273067591	4569691.4709930485
421787.7012143994	4569691.0936961612
421787.0045370952	4569690.4041266637
421786.3676556481	4569689.6331649115
421785.7307742011	4569688.8622031603
421785.2549059531	4569688.0437765541
421785.3717472006	4569687.0506259501
421785.4885884482	4569686.0574753461
421785.6054296958	4569685.0643247413
421785.6468937634	4569684.0912438501
421785.0516662128	4569683.2876866572
421784.4564386622	4569682.4841294633
421783.8612111115	4569681.6805722704
421783.2394118016	4569680.9142695703
421782.2858291365	4569680.6131382016
421781.3322464714	4569680.3120068340
421780.3786638063	4569680.0108754663
421779.4250811411	4569679.7097440977
421778.5023940331	4569679.6518138405
421777.6543957292	4569680.1818127800
421776.8063974252	4569680.7118117204
421775.9583991212	4569681.2418106608
421775.1104008173	4569681.7718096003
421774.6117674311	4569682.6003004136
421774.2206267907	4569683.5206313320
421773.8294861504	4569684.4409622503
421773.4383455100	4569685.3612931687
421773.0472048696	4569686.2816240871
421772.6832165189	4569687.2126529301
421772.2471909031	4569687.9964451445
421771.2562588150	4569687.8620814718
421770.2653267268	4569687.7277177982
421769.2743946386	4569687.5933541255
421768.2834625504	4569687.4589904528
421767.2925304622	4569687.3246267801
421766.3015983741	4569687.1902631065
421765.3107033016	4569687.0557296798
421764.3537899749	4569686.7653559800
421763.3968766482	4569686.4749822812
421762.4399633215	4569686.1846085824
421761.4830499948	4569685.8942348827
421760.5261366681	4569685.6038611839
421759.5692233413	4569685.3134874851
421758.6123100146	4569685.0231137853
421757.6553966879	4569684.7327400865
421756.6984833612	4569684.4423663877
421755.7415700345	4569684.1519926880
421754.7846567078	4569683.8616189891
421753.8277433811	4569683.5712452894
421752.8708300544	4569683.2808715906
421751.9139167277	4569682.9904978918
421750.9570034009	4569682.7001241921
421750.0000900742	4569682.4097504932
421749.0431767475	4569682.1193767944
421748.0862634208	4569681.8290030947
421747.1360926680	4569681.5174480658
421746.1874093699	4569681.2012202991
421745.2387260719	4569680.8849925334
421744.2900427738	4569680.5687647676
421743.3413594757	4569680.2525370009
421742.3926761777	4569679.9363092352
421741.4439928796	4569679.6200814694
421740.4953095815	4569679.3038537037
421739.5466262835	4569678.9876259370
421738.5979429854	4569678.6713981712
421737.6492596874	4569678.3551704055
421736.7005763893	4569678.0389426397
421735.7518930913	4569677.7227148730
421734.8032097933	4569677.4064871073
421733.8545264952	4569677.0902593415
421732.9058431971	4569676.7740315758
421731.9571598991	4569676.4578038091
421730.9905169099	4569676.2045667628
421730.0177106952	4569675.9729462359
421729.0449044805	4569675.7413257081
421728.0720982658	4569675.5097051803
421727.0992920512	4569675.2780846534
421726.1264858365	4569675.0464641256
421725.1536796218	4569674.8148435988
421724.1808734072	4569674.5832230709
421724.1004239770	4569673.6048516855
421724.0439106650	4569672.6064498397
421723.9873973530	4569671.6080479939
421723.9308840409	4569670.6096461480
421723.8743707289	4569669.6112443022
421723.8178574169	4569668.6128424564
421723.3871721211	4569667.7723052520
421722.7114474926	4569667.0351511119
421722.0357228640	4569666.2979969718
421721.3599982355	4569665.5608428316
421720.4604342336	4569665.2800653419
421719.4873546633	4569665.3262579218
421718.5836168244	4569665.7543442668
421717.6798789856	4569666.1824306119
421717.0310150999	4569666.9054991482
421716.4763149037	4569667.7375494419
421715.9216147074	4569668.5695997365
421715.3669145112	4569669.4016500311
421714.8122143150	4569670.2337003257
421714.5569738067	4569671.1989364633
421714.3105750276	4569672.1681049941
421714.0641762485	4569673.1372735258
421713.8177774694	4569674.1064420566
421713.5713786903	4569675.0756105874
421713.3249799112	4569676.0447791191
421713.0785811321	4569677.0139476499
421712.3324571185	4569677.2765586013
421711.3365639121	4569677.1860228553
421710.3406707056	4569677.0954871094
421709.3447774991	4569677.0049513634
421708.3488842926	4569676.9144156175
421707.3529910862	4569676.8238798715
421706.3570978797	4569676.7333441256
421705.3612046732	4569676.6428083796
421704.3653114668	4569676.5522726336
421703.3694182603	4569676.4617368868
421702.3744830594	4569676.3645499414
421701.3935212154	4569676.1703493735
421700.4125593714	4569675.9761488056
421699.4315975274	4569675.7819482377
421698.4506356834	4569675.5877476688
421697.4696738394	4569675.3935471009
421696.4887119954	4569675.1993465330
421695.5077501515	4569675.0051459651
421694.5267883074	4569674.8109453972
421693.5458264635	4569674.6167448293
421692.5648646195	4569674.4225442605
421691.5839027755	4569674.2283436926
421690.6029409315	4569674.0341431247
421689.6219790875	4569673.8399425568
421688.6410172435	4569673.6457419889
421687.6600553995	4569673.4515414201
421686.6790935556	4569673.2573408522
421685.6981317116	4569673.0631402843
421684.7171698676	4569672.8689397164
421683.7362080236	4569672.6747391485
421682.7552461796	4569672.4805385796
421681.7742843356	4569672.2863380117
421680.7933224917	4569672.0921374438
421679.8123606476	4569671.8979368759
421678.8313988036	4569671.7037363080
421677.8694677820	4569671.4308465431
421676.9081752266	4569671.1553168297
421675.9468826712	4569670.8797871163
421674.9855901158	4569670.6042574029
421674.0242975604	4569670.3287276896
421673.0630050050	4569670.0531979762
421672.1017124497	4569669.7776682628
421671.1404198943	4569669.5021385495
421670.1791273388	4569669.2266088361
421669.2178347835	4569668.9510791227
421668.2565422281	4569668.6755494094
421667.2952496727	4569668.4000196960
421666.3339571173	4569668.1244899826
421665.3726645619	4569667.8489602692
421664.4113720065	4569667.5734305559
421663.4500794511	4569667.2979008425
421662.4887868957	4569667.0223711291
421661.5274943403	4569666.7468414158
421660.5662017849	4569666.4713117024
421659.6018786595	4569666.2070183344
421658.6324107832	4569665.9617999885
421657.6629429069	4569665.7165816436
421656.6934750306	4569665.4713632986
421655.7240071543	4569665.2261449536
421654.7545392780	4569664.9809266077
421653.7850714017	4569664.7357082628
421652.8156035253	4569664.4904899178
421651.8461356490	4569664.2452715728
421650.8766677727	4569664.0000532279
421649.9071998964	4569663.7548348820
421648.9377320201	4569663.5096165370
421647.9682641438	4569663.2643981921
421646.9987962675	4569663.0191798471
421646.0293283912	4569662.7739615012
421645.0598605149	4569662.5287431562
421644.0903926386	4569662.2835248113
421643.1209247623	4569662.0383064663
421642.1514568860	4569661.7930881204
421641.1819890097	4569661.5478697754
421640.2125211334	4569661.3026514305
421639.2557407704	4569661.0179136442
421638.3247052254	4569660.6529851388
421637.3936696803	4569660.2880566344
421636.4626341352	4569659.9231281290
421635.5315985902	4569659.5581996236
421634.6005630451	4569659.1932711191
421633.6695275000	4569658.8283426138
421632.7384919550	4569658.4634141084
421631.8074564099	4569658.0984856039
421630.8764208649	4569657.7335570985
421629.9453853198	4569657.3686285932
421629.0143497747	4569657.0037000878
421628.0833142296	4569656.6387715833
421627.1522786846	4569656.2738430779
421626.2212431396	4569655.9089145726
421625.2902075945	4569655.5439860681
421624.3591720494	4569655.1790575627
421623.4281365043	4569654.8141290573
421622.4971009593	4569654.4492005529
421621.5660654143	4569654.0842720475
421620.6350298692	4569653.7193435421
421619.7039943241	4569653.3544150377
421618.7729587790	4569652.9894865323
421617.8419232340	4569652.6245580269
421616.9108876889	4569652.2596295225
421615.9798521439	4569651.8947010171
421615.0470817073	4569651.5342448326
421614.1135082215	4569651.1758588022
421613.1799347357	4569650.8174727717
421612.2463612498	4569650.4590867423
421611.3127877640	4569650.1007007118
421610.3792142782	4569649.7423146814
421609.4456407923	4569649.3839286519
421608.5120673065	4569649.0255426215
421607.5784938207	4569648.6671565911
421606.6449203349	4569648.3087705616
421605.7113468491	4569647.9503845312
421604.7777733632	4569647.5919985007
421603.8441998774	4569647.2336124713
421602.9106263916	4569646.8752264408
421601.9770529058	4569646.5168404104
421601.0434794200	4569646.1584543809
421600.1099059342	4569645.8000683505
421599.1763324483	4569645.4416823201
421598.2427589625	4569645.0832962906
421597.3091854767	4569644.7249102602
421596.3756119909	4569644.3665242298
421595.4420385050	4569644.0081382003
421594.5084650192	4569643.6497521698
421593.5748915334	4569643.2913661404
421592.6413180476	4569642.9329801099
421591.7077445617	4569642.5745940795
421590.7741710759	4569642.2162080500
421589.8372395292	4569641.8667965112
421588.8977166590	4569641.5243103420
421587.9581937887	4569641.1818241719
421587.0186709184	4569640.8393380027
421586.0791480482	4569640.4968518335
421585.1396251779	4569640.1543656634
421584.2001023077	4569639.8118794942
421583.2605794374	4569639.4693933250
421582.3210565672	4569639.1269071558
421581.3815336969	4569638.7844209857
421580.4420108267	4569638.4419348165
421579.5024879565	4569638.0994486474
421578.5629650862	4569637.7569624772
421577.6234422159	4569637.4144763080
421576.6839193457	4569637.0719901389
421575.7443964754	4569636.7295039687
421574.8048736052	4569636.3870177995
421573.8653507349	4569636.0445316304
421572.9258278647	4569635.7020454612
421571.9863049944	4569635.3595592910
421571.0467821242	4569635.0170731219
421570.1072592539	4569634.6745869527
421569.1677363836	4569634.3321007825
421568.2282135134	4569633.9896146134
421567.2886906432	4569633.6471284442
421566.3491677729	4569633.3046422740
421565.4183796147	4569632.9395383168
421564.4925319710	4569632.5616413187
421563.5666843273	4569632.1837443216
421562.6408366836	4569631.8058473244
421561.7149890399	4569631.4279503264
421560.7891413961	4569631.0500533292
421559.8632937524	4569630.6721563321
421558.9374461088	4569630.2942593349
421558.0115984651	4569629.9163623368
421557.0857508214	4569629.5384653397
421556.1599031777	4569629.1605683425
421555.2340555340	4569628.7826713445
421554.3082078903	4569628.4047743473
421553.3823602466	4569628.0268773502
421552.4565126029	4569627.6489803530
421551.5306649592	4569627.2710833549
421550.6048173154	4569626.8931863578
421549.6789696717	4569626.5152893607
421548.7531220280	4569626.1373923626
421547.8272743844	4569625.7594953654
421546.9014267407	4569625.3815983683
421545.9755790970	4569625.0037013702
421545.0497314533	4569624.6258043731
421544.1238838096	4569624.2479073759
421543.1980361659	4569623.8700103788
421542.2717690596	4569623.4931480149
421541.3441535550	4569623.1196115697
421540.4165380504	4569622.7460751254
421539.4889225458	4569622.3725386802
421538.5613070411	4569621.9990022359
421537.6336915365	4569621.6254657907
421536.7060760319	4569621.2519293455
421535.7784605273	4569620.8783929013
421534.8508450227	4569620.5048564561
421533.9232295181	4569620.1313200118
421532.9956140135	4569619.7577835666
421532.0679985089	4569619.3842471214
421531.1403830042	4569619.0107106771
421530.2127674996	4569618.6371742319
421529.2851519950	4569618.2636377877
421528.3575364904	4569617.8901013425
421527.4299209858	4569617.5165648982
421526.5023054812	4569617.1430284530
421525.5746899766	4569616.7694920078
421524.6470744720	4569616.3959555635
421523.7177554225	4569616.0266788192
421522.7883723592	4569615.6575621422
421521.8589892959	4569615.2884454643
421520.9296062326	4569614.9193287864
421520.0002231694	4569614.5502121095
421519.0708401061	4569614.1810954316
421518.1414570428	4569613.8119787537
421517.2120739795	4569613.4428620767
421516.2826909162	4569613.0737453988
421515.3533078530	4569612.7046287209
421514.4239247897	4569612.3355120439
421513.4945417264	4569611.9663953660
421512.5651586631	4569611.5972786881
421511.6357755998	4569611.2281620111
421510.7063925365	4569610.8590453332
421509.7770094733	4569610.4899286553
421508.8476264100	4569610.1208119784
421507.9182433467	4569609.7516953005
421506.9698637071	4569609.4361736504
421506.0154786485	4569609.1375950845
421505.0610935900	4569608.8390165186
421504.1067085314	4569608.5404379526
421503.1523234728	4569608.2418593867
421502.1979384143	4569607.9432808207
421501.2435533557	4569607.6447022548
421500.2891682971	4569607.3461236898
421499.3347832386	4569607.0475451238
421498.3803981800	4569606.7489665579
421497.4260131214	4569606.4503879920
421496.4716280628	4569606.1518094260
421495.5172430043	4569605.8532308601
421494.5628579457	4569605.5546522941
421493.6084728871	4569605.2560737282
421492.6540878286	4569604.9574951623
421491.6997027700	4569604.6589165973
421490.7453177114	4569604.3603380313
421489.7909326529	4569604.0617594654
421488.8365475943	4569603.7631808994
421487.8821625357	4569603.4646023335
421486.9277774771	4569603.1660237676
421485.9759158595	4569602.8598041199
421485.0314190627	4569602.5312834950
421484.0869222660	4569602.2027628701
421483.1424254693	4569601.8742422452
421482.1979286726	4569601.5457216203
421481.2534318759	4569601.2172009954
421480.3089350792	4569600.8886803705
421479.3644382825	4569600.5601597456
421478.4199414858	4569600.2316391207
421477.4754446891	4569599.9031184958
421476.5309478924	4569599.5745978709
421475.5864510956	4569599.2460772460
421474.6419542989	4569598.9175566211
421473.6974575022	4569598.5890359962
421472.7529607055	4569598.2605153713
421471.8084639088	4569597.9319947464
421470.8639671121	4569597.6034741215
421469.9194703154	4569597.2749534966
421468.9622982256	4569596.9866067600
421468.0002852383	4569596.7136030737
421467.0382722510	4569596.4405993884
421466.0762592638	4569596.1675957032
421465.1142462765	4569595.8945920169
421464.1522332892	4569595.6215883316
421463.1902203019	4569595.3485846464
421462.2282073146	4569595.0755809611
421461.2661943274	4569594.8025772749
421460.3041813401	4569594.5295735896
421459.3421683529	4569594.2565699043
421458.3801553656	4569593.9835662181
421457.4181423783	4569593.7105625328
421456.4561293911	4569593.4375588475
421455.4941164038	4569593.1645551622
421454.5321034165	4569592.8915514760
421453.5700904292	4569592.6185477907
421452.6080774419	4569592.3455441054
421451.6451132846	4569592.0759805348
421450.6794975261	4569591.8160070609
421449.7138817676	4569591.5560335880
421448.7482660091	4569591.2960601142
421447.7826502506	4569591.0360866413
421446.8170344920	4569590.7761131674
421445.8514187335	4569590.5161396936
421444.8858029750	4569590.2561662206
421443.9201872165	4569589.9961927468
421442.9545714580	4569589.7362192739
421441.9889556995	4569589.4762458000
421441.0233399410	4569589.2162723262
421440.0577241824	4569588.9562988533
421439.0921084239	4569588.6963253794
421438.1264926654	4569588.4363519065
421437.1608769069	4569588.1763784327
421436.1952611484	4569587.9164049588
421435.2296453899	4569587.6564314859
421434.2640296314	4569587.3964580121
421433.2984138728	4569587.1364845391
421432.3273170766	4569586.8979394175
421431.3554669709	4569586.6623393921
421430.3836168652	4569586.4267393658
421429.4117667596	4569586.1911393404
421428.4399166539	4569585.9555393150
421427.4680665481	4569585.7199392896
421426.4962164425	4569585.4843392642
421425.5243663368	4569585.2487392379
421424.5525162311	4569585.0131392125
421423.5806661254	4569584.7775391871
421422.6088160197	4569584.5419391617
421421.6369659140	4569584.3063391354
421420.6657167934	4569584.0682807611
421419.6947825941	4569583.8289341917
421418.7238483947	4569583.5895876214
421417.7529141954	4569583.3502410511
421416.7819799961	4569583.1108944817
421415.8110457968	4569582.8715479113
421414.8401115975	4569582.6322013410
421413.8691773982	4569582.3928547706
421412.8982431988	4569582.1535082012
421411.9273089996	4569581.9141616309
421410.9563748002	4569581.6748150606
421409.9854406009	4569581.4354684912
421409.0145064016	4569581.1961219208
421408.0435722022	4569580.9567753505
421407.0726380029	4569580.7174287811
421406.1017038036	4569580.4780822108
421405.1307696043	4569580.2387356404
421404.1598354050	4569579.9993890710
421403.1889012057	4569579.7600425007
421402.2179670063	4569579.5206959303
421401.2470328070	4569579.2813493600
421400.2760986077	4569579.0420027906
421399.3051644084	4569578.8026562203
421398.3342302091	4569578.5633096499
421397.3632960097	4569578.3239630805
421396.3923618105	4569578.0846165102
421395.4212061550	4569577.8461899990
421394.4477033686	4569577.6175148478
421393.4742005821	4569577.3888396965
421392.5006977957	4569577.1601645453
421391.5271950092	4569576.9314893940
421390.5536922228	4569576.7028142428
421389.5801894363	4569576.4741390916
421388.6066866499	4569576.2454639403
421387.6331838634	4569576.0167887891
421386.6596810770	4569575.7881136378
421385.6861782905	4569575.5594384866
421384.7126755041	4569575.3307633353
421383.7391727176	4569575.1020881850
421382.7656699311	4569574.8734130338
421381.7921671447	4569574.6447378825
421380.8186643582	4569574.4160627313
421379.8451615718	4569574.1873875801
421378.8716587853	4569573.9587124288
421377.8981559989	4569573.7300372776
421376.9378567064	4569573.4528240589
421375.9826613389	4569573.1568480292
421375.0274659714	4569572.8608719995
421374.0722706040	4569572.5648959707
421373.1170752365	4569572.2689199410
421372.1618798690	4569571.9729439123
421371.2066845016	4569571.6769678826
421370.2514891341	4569571.3809918528
421369.2962937666	4569571.0850158241
421368.3410983992	4569570.7890397944
421367.3859030317	4569570.4930637646
421366.4307076642	4569570.1970877359
421365.4755122967	4569569.9011117062
421364.5203169293	4569569.6051356765
421363.5651215618	4569569.3091596477
421362.6099261943	4569569.0131836180
421361.6547308269	4569568.7172075892
421360.6995354594	4569568.4212315595
421359.7279121226	4569568.1857970953
421358.7541233683	4569567.9583427878
421357.7803346141	4569567.7308884803
421356.8065458598	4569567.5034341728
421355.8327571055	4569567.2759798653
421354.8589683512	4569567.0485255579
421353.8851795969	4569566.8210712504
421352.9113908426	4569566.5936169429
421351.9376020883	4569566.3661626345
421350.9638133340	4569566.1387083270
421349.9900245798	4569565.9112540195
421349.0162358255	4569565.6837997120
421348.0424470712	4569565.4563454045
421347.0686583169	4569565.2288910970
421346.0948695626	4569565.0014367895
421345.1210808083	4569564.7739824820
421344.1473180867	4569564.5464262571
421343.1837341542	4569564.2790201893
421342.2201502216	4569564.0116141215
421341.2565662890	4569563.7442080546
421340.2929823565	4569563.4768019868
421339.3293984239	4569563.2093959199
421338.3658144913	4569562.9419898521
421337.4022305588	4569562.6745837843
421336.4386466262	4569562.4071777174
421335.4750626936	4569562.1397716496
421334.5114787611	4569561.8723655827
421333.5478948285	4569561.6049595149
421332.5843108959	4569561.3375534480
421331.6207269634	4569561.0701473802
421330.6571430308	4569560.8027413124
421329.6935590982	4569560.5353352455
421328.7299751656	4569560.2679291777
421327.7663912331	4569560.0005231109
421326.8028073005	4569559.7331170430
421325.8392233679	4569559.4657109752
421324.8756394354	4569559.1983049084
421323.9120555028	4569558.9308988405
421322.9484715702	4569558.6634927737
421321.9848876377	4569558.3960867058
421321.0213037051	4569558.1286806380
421320.0577197725	4569557.8612745712
421319.0941358400	4569557.5938685033
421318.1606317844	4569557.2356015677
421317.2278336500	4569556.8752022879
421316.2950355155	4569556.5148030091
421315.3622373811	4569556.1544037294
421314.4294392467	4569555.7940044506
421313.4966411123	4569555.4336051717
421312.5638429779	4569555.0732058920
421311.6310448435	4569554.7128066132
421310.6982467090	4569554.3524073344
421309.7654485746	4569553.9920080546
421308.8326504402	4569553.6316087758
421307.8820059428	4569553.3239411982
421306.9220574013	4569553.0437648296
421305.9621088597	4569552.7635884611
421305.0021603181	4569552.4834120926
421304.0422117766	4569552.2032357240
421303.0822632350	4569551.9230593555
421302.1223146934	4569551.6428829869
421301.1623661518	4569551.3627066184
421300.2024176102	4569551.0825302498
421299.2424690687	4569550.8023538813
421298.2825205271	4569550.5221775118
421297.3225719855	4569550.2420011433
421296.3626234440	4569549.9618247747
421295.4026749024	4569549.6816484062
421294.4427263608	4569549.4014720377
421293.4827778192	4569549.1212956691
421292.5228292776	4569548.8411193006
421291.5628807361	4569548.5609429320
421290.6029321945	4569548.2807665635
421289.6429836529	4569548.0005901949
421288.6830351114	4569547.7204138264
421287.7230865698	4569547.4402374579
421286.7631380282	4569547.1600610893
421285.8031894866	4569546.8798847198
421284.8432409450	4569546.5997083513
421283.8832924035	4569546.3195319828
421282.9296986567	4569546.0190918986
421281.9816666956	4569545.7009167876
421281.0336347346	4569545.3827416776
421280.0856027735	4569545.0645665675
421279.1375708124	4569544.7463914575
421278.1895388513	4569544.4282163465
421277.2415068902	4569544.1100412365
421276.2934749292	4569543.7918661265
421275.3454429681	4569543.4736910164
421274.3974110070	4569543.1555159064
421273.4493790459	4569542.8373407954
421272.5013470848	4569542.5191656854
421271.5533151238	4569542.2009905754
421270.6052831627	4569541.8828154653
421269.6572512016	4569541.5646403553
421268.7092192406	4569541.2464652443
421267.7611872794	4569540.9282901343
421266.8131553183	4569540.6101150243
421265.8646327979	4569540.2934765304
421264.9076083934	4569540.0034691356
421263.9505839890	4569539.7134617399
421262.9935595846	4569539.4234543452
421262.0365351801	4569539.1334469495
421261.0795107757	4569538.8434395539
421260.1224863712	4569538.5534321591
421259.1654619668	4569538.2634247635
421258.2084375624	4569537.9734173687
421257.2514131579	4569537.6834099730
421256.2943887535	4569537.3934025783
421255.3373643491	4569537.1033951826
421254.3803399446	4569536.8133877870
421253.4233155402	4569536.5233803922
421252.4662911357	4569536.2333729966
421251.5092667313	4569535.9433656018
421250.5522423269	4569535.6533582062
421249.5952179224	4569535.3633508114
421248.6381935180	4569535.0733434157
421247.6811691136	4569534.7833360201
421246.7241447091	4569534.4933286253
421245.7671203047	4569534.2033212297
421244.8100959002	4569533.9133138349
421243.8530714958	4569533.6233064393
421242.8960470914	4569533.3332990445
421241.9390226869	4569533.0432916488
421240.9819982825	4569532.7532842532
421240.0249738781	4569532.4632768584
421239.0679494737	4569532.1732694628
421238.1109250692	4569531.8832620680
421237.1539006647	4569531.5932546724
421236.1968762603	4569531.3032472776
421235.2398518559	4569531.0132398820
421234.2828274514	4569530.7232324863
421233.3530643217	4569530.3555091657
421232.4245876308	4569529.9841184895
421231.4961109400	4569529.6127278134
421230.5676342491	4569529.2413371364
421229.6391575582	4569528.8699464602
421228.7106808673	4569528.4985557841
421227.7822041765	4569528.1271651071
421226.8537274856	4569527.7557744309
421225.9252507948	4569527.3843837548
421224.9967741039	4569527.0129930787
421224.0682974130	4569526.6416024016
421223.1338725903	4569526.2854535198
421222.1992650244	4569525.9297729069
421221.2646574585	4569525.5740922950
421220.3300498927	4569525.2184116831
421219.3954423268	4569524.8627310712
421218.4608347610	4569524.5070504593
421217.5262271951	4569524.1513698464
421216.5916196293	4569523.7956892345
421215.6570120634	4569523.4400086226
421214.7224044975	4569523.0843280107
421213.7877969317	4569522.7286473988
421212.8531893658	4569522.3729667859
421211.9185817999	4569522.0172861740
421210.9839742341	4569521.6616055621
421210.0493666682	4569521.3059249502
421209.1147591023	4569520.9502443383
421208.1801515364	4569520.5945637254
421207.2455439706	4569520.2388831135
421206.3109364047	4569519.8832025016
421205.3763288388	4569519.5275218897
421204.4417212730	4569519.1718412777
421203.5071137071	4569518.8161606649
421202.5725061412	4569518.4604800530
421201.6378985754	4569518.1047994411
421200.7032910095	4569517.7491188291
421199.7686834437	4569517.3934382172
421198.8340758778	4569517.0377576044
421197.8994683119	4569516.6820769925
421196.9648607461	4569516.3263963806
421196.0302531802	4569515.9707157686
421195.0956456143	4569515.6150351567
421194.1588281713	4569515.2653850606
421193.2156952057	4569514.9329693429
421192.2725622400	4569514.6005536253
421191.3294292744	4569514.2681379085
421190.3862963088	4569513.9357221909
421189.4431633432	4569513.6033064732
421188.5000303776	4569513.2708907556
421187.5568974120	4569512.9384750389
421186.6137644464	4569512.6060593212
421185.6706314807	4569512.2736436035
421184.7274985151	4569511.9412278868
421183.7843655495	4569511.6088121692
421182.8412325839	4569511.2763964515
421181.8980996182	4569510.9439807339
421180.9549666526	4569510.6115650171
421180.0118336870	4569510.2791492995
421179.0687007214	4569509.9467335818
421178.1255677558	4569509.6143178651
421177.1824347902	4569509.2819021475
421176.2393018246	4569508.9494864298
421175.2961688589	4569508.6170707131
421174.3530358933	4569508.2846549954
421173.4099029277	4569507.9522392778
421172.4667699621	4569507.6198235601
421171.5236369964	4569507.2874078434
421170.5805040308	4569506.9549921257
421169.6373710652	4569506.6225764081
421168.6942380996	4569506.2901606914
421167.7511051340	4569505.9577449737
421166.8079721683	4569505.6253292561
421165.8648392027	4569505.2929135384
421164.9244871511	4569504.9530470930
421163.9941960437	4569504.5862249900
421163.0639049363	4569504.2194028860
421162.1336138289	4569503.8525807830
421161.2033227215	4569503.4857586799
421160.2730316140	4569503.1189365759
421159.3427405067	4569502.7521144729
421158.4124493993	4569502.3852923699
421157.4821582919	4569502.0184702659
421156.5518671844	4569501.6516481629
421155.6215760770	4569501.2848260598
421154.6912849696	4569500.9180039568
421153.7609938623	4569500.5511818528
421152.8307027549	4569500.1843597498
421151.9004116474	4569499.8175376467
421150.9701205400	4569499.4507155428
421150.0398294326	4569499.0838934397
421149.1095383253	4569498.7170713367
421148.1792472178	4569498.3502492327
421147.2489561104	4569497.9834271297
421146.3186650030	4569497.6166050266
421145.3883738956	4569497.2497829227
421144.4580827882	4569496.8829608196
421143.5277916808	4569496.5161387166
421142.5975005734	4569496.1493166136
421141.6672094660	4569495.7824945096
421140.7369183586	4569495.4156724066
421139.8066272512	4569495.0488503035
421138.8763361438	4569494.6820281995
421137.9460450364	4569494.3152060965
421137.0157539290	4569493.9483839935
421136.0854628216	4569493.5815618895
421135.1477153801	4569493.2349470537
421134.2021265037	4569492.9095831392
421133.2565376273	4569492.5842192248
421132.3109487508	4569492.2588553103
421131.3653598745	4569491.9334913958
421130.4197709980	4569491.6081274813
421129.4741821217	4569491.2827635668
421128.5285932453	4569490.9573996523
421127.5830043688	4569490.6320357388
421126.6374154925	4569490.3066718243
421125.6918266160	4569489.9813079098
421124.7462377397	4569489.6559439953
421123.7898868470	4569489.3647274598
421122.8286169759	4569489.0891186157
421121.8673471048	4569488.8135097716
421120.9060772338	4569488.5379009275
421119.9448073627	4569488.2622920834
421118.9835374917	4569487.9866832392
421118.0222676206	4569487.7110743951
421117.0609977495	4569487.4354655510
421116.0997278785	4569487.1598567069
421115.1384580074	4569486.8842478627
421114.1771881363	4569486.6086390186
421113.2159182652	4569486.3330301745
421112.2546483942	4569486.0574213304
421111.2933785231	4569485.7818124862
421110.3321086521	4569485.5062036421
421109.3708387810	4569485.2305947980
421108.4095689099	4569484.9549859529
421107.4482990389	4569484.6793771088
421106.4983239181	4569484.3675031764
421105.5505558749	4569484.0485427771
421104.6027878316	4569483.7295823777
421103.6550197884	4569483.4106219783
421102.7072517452	4569483.0916615790
421101.7594837019	4569482.7727011805
421100.8117156587	4569482.4537407812
421099.8639476155	4569482.1347803818
421098.9161795723	4569481.8158199824
421097.9684115290	4569481.4968595840
421097.0206434858	4569481.1778991846
421096.0728754425	4569480.8589387853
421095.1251073993	4569480.5399783859
421094.1760733363	4569480.2248174027
421093.2264155561	4569479.9115282381
421092.2767577760	4569479.5982390735
421091.3270999959	4569479.2849499090
421090.3774422158	4569478.9716607444
421089.4277844356	4569478.6583715798
421088.4781266555	4569478.3450824153
421087.5284688754	4569478.0317932507
421086.5788110952	4569477.7185040861
421085.6291533151	4569477.4052149216
421084.6794955349	4569477.0919257570
421083.7298377548	4569476.7786365924
421082.7801799747	4569476.4653474279
421081.8305221946	4569476.1520582633
421080.8808644144	4569475.8387690987
421079.9312066343	4569475.5254799342
421078.9815488542	4569475.2121907696
421078.0318910741	4569474.8989016050
421077.0822332939	4569474.5856124405
421076.1325755138	4569474.2723232759
421075.1829177336	4569473.9590341114
421074.2332599535	4569473.6457449468
421073.2836021733	4569473.3324557822
421072.3339443932	4569473.0191666177
421071.3842866131	4569472.7058774531
421070.4346288330	4569472.3925882885
421069.4849710529	4569472.0792991240
421068.5353132727	4569471.7660099594
421067.5856554926	4569471.4527207948
421066.6359977125	4569471.1394316303
421065.6863399323	4569470.8261424657
421064.7366821522	4569470.5128533011
421063.7870243720	4569470.1995641366
421062.8373665919	4569469.8862749720
421061.8877088118	4569469.5729858074
421060.9380510316	4569469.2596966429
421059.9883932515	4569468.9464074783
421059.0588901563	4569468.5780985160
421058.1315737359	4569468.2038202016
421057.2042573156	4569467.8295418872
421056.2769408952	4569467.4552635727
421055.3496244748	4569467.0809852583
421054.4223080545	4569466.7067069439
421053.4949916342	4569466.3324286304
421052.5676752138	4569465.9581503160
421051.6403587935	4569465.5838720016
421050.7130423731	4569465.2095936872
421049.7857259527	4569464.8353153728
421048.8584095324	4569464.4610370584
421047.9310931120	4569464.0867587440
421047.0037766916	4569463.7124804305
421046.0764602713	4569463.3382021161
421045.1491438509	4569462.9639238017
421044.2218274306	4569462.5896454873
421043.2945110103	4569462.2153671728
421042.3671945899	4569461.8410888584
421041.4398781695	4569461.4668105440
421040.5125617492	4569461.0925322305
421039.5817680970	4569460.7271579048
421038.6462258887	4569460.3739429889
421037.7106836803	4569460.0207280740
421036.7751414720	4569459.6675131582
421035.8395992636	4569459.3142982433
421034.9040570553	4569458.9610833274
421033.9685148470	4569458.6078684125
421033.0329726387	4569458.2546534967
421032.0974304304	4569457.9014385818
421031.1618882220	4569457.5482236659
421030.2263460137	4569457.1950087510
421029.2908038054	4569456.8417938352
421028.3552615971	4569456.4885789203
421027.4073510056	4569456.1704145242
421026.4573192566	4569455.8582612351
421025.5072875075	4569455.5461079460
421024.5572557585	4569455.2339546569
421023.6072240094	4569454.9218013678
421022.6571922603	4569454.6096480796
421021.7071605113	4569454.2974947905
421020.7571287622	4569453.9853415014
421019.8070754572	4569453.6732544340
421018.8553324107	4569453.3663584040
421017.9035893643	4569453.0594623731
421016.9518463178	4569452.7525663432
421016.0001032713	4569452.4456703132
421015.0483602248	4569452.1387742823
421014.0966171783	4569451.8318782523
421013.1448741318	4569451.5249822214
421012.1931310853	4569451.2180861915
421011.2413880388	4569450.9111901606
421010.2896449924	4569450.6042941306
421009.3379019458	4569450.2973980997
421008.3861588994	4569449.9905020697
421007.4344158529	4569449.6836060397
421006.4826728064	4569449.3767100088
421005.5309297599	4569449.0698139789
421004.5791867134	4569448.7629179480
421003.6274436669	4569448.4560219180
421002.6757006204	4569448.1491258871
421001.7239575740	4569447.8422298571
421000.7722145274	4569447.5353338271
420999.8204714810	4569447.2284377962
420998.8687284345	4569446.9215417663
420997.9169853880	4569446.6146457354
420996.9652423415	4569446.3077497054
420996.0134992950	4569446.0008536745
420995.0617562486	4569445.6939576445
420994.1100132020	4569445.3870616145
420993.1582701556	4569445.0801655836
420992.2065271091	4569444.7732695537
420991.2547840626	4569444.4663735228
420990.3030410161	4569444.1594774928
420989.3512979696	4569443.8525814619
420988.3992750090	4569443.5465615802
420987.4458908372	4569443.2448023697
420986.4925066654	4569442.9430431593
420985.5391224937	4569442.6412839489
420984.5857383219	4569442.3395247385
420983.6323541501	4569442.0377655281
420982.6789699784	4569441.7360063177
420981.7255858066	4569441.4342471072
420980.7722016349	4569441.1324878968
420979.8188174631	4569440.8307286864
420978.8654332913	4569440.5289694760
420977.9120491196	4569440.2272102656
420976.9586649478	4569439.9254510561
420976.0052807760	4569439.6236918457
420975.0518966043	4569439.3219326353
420974.0985124325	4569439.0201734249
420973.1451282607	4569438.7184142144
420972.1917440890	4569438.4166550040
420971.2383599172	4569438.1148957936
420970.2849757454	4569437.8131365832
420969.3315915737	4569437.5113773728
420968.3782074019	4569437.2096181624
420967.4248232302	4569436.9078589519
420966.4714390584	4569436.6060997415
420965.5180548866	4569436.3043405311
420964.5646707148	4569436.0025813216
420963.6112865430	4569435.7008221112
420962.6579023713	4569435.3990629008
420961.7094607716	4569435.0822544768
420960.7628108655	4569434.7599906791
420959.8161609594	4569434.4377268814
420958.8695110534	4569434.1154630836
420957.9228611473	4569433.7931992859
420956.9762112413	4569433.4709354881
420956.0295613352	4569433.1486716904
420955.0829114291	4569432.8264078926
420954.1362615231	4569432.5041440949
420953.1896116170	4569432.1818802971
420952.2429617110	4569431.8596164994
420951.2963118049	4569431.5373527016
420950.3496618989	4569431.2150889039
420949.4030119928	4569430.8928251062
420948.4563620868	4569430.5705613084
420947.5097121807	4569430.2482975097
420946.5630622747	4569429.9260337120
420945.6164123686	4569429.6037699142
420944.6697624626	4569429.2815061165
420943.7231125565	4569428.9592423188
420942.7764626505	4569428.6369785210
420941.8298127444	4569428.3147147233
420940.8831628384	4569427.9924509255
420939.9365129323	4569427.6701871278
420938.9898630262	4569427.3479233300
420938.0432131202	4569427.0256595323
420937.0965632141	4569426.7033957345
420936.1499133081	4569426.3811319368
420935.2032634020	4569426.0588681391
420934.2566134960	4569425.7366043413
420933.3099635899	4569425.4143405436
420932.3633136839	4569425.0920767458
420931.4166637778	4569424.7698129481
420930.4700138718	4569424.4475491503
420929.5233639657	4569424.1252853526
420928.5767140597	4569423.8030215539
420927.6376194783	4569423.4593702750
420926.6986007534	4569423.1155042630
420925.7595820284	4569422.7716382509
420924.8205633034	4569422.4277722398
420923.8815445785	4569422.0839062277
420922.9425258535	4569421.7400402157
420922.0035071286	4569421.3961742036
420921.0644884036	4569421.0523081915
420920.1254696787	4569420.7084421795
420919.1864509537	4569420.3645761674
420918.2474322288	4569420.0207101554
420917.3084135038	4569419.6768441433
420916.3693947789	4569419.3329781312
420915.4303760539	4569418.9891121201
420914.4913573290	4569418.6452461081
420913.5523386040	4569418.3013800960
420912.6133198791	4569417.9575140839
420911.6743011541	4569417.6136480719
420910.7215701599	4569417.3103875164
420909.7663257257	4569417.0145698851
420908.8110812915	4569416.7187522538
420907.8558368573	4569416.4229346225
420906.9005924231	4569416.1271169921
420905.9453479889	4569415.8312993608
420904.9901035547	4569415.5354817295
420904.0348591205	4569415.2396640982
420903.0796146863	4569414.9438464670
420902.1243702521	4569414.6480288357
420901.1691258179	4569414.3522112044
420900.2138813837	4569414.0563935731
420899.2586369496	4569413.7605759418
420898.3033925154	4569413.4647583105
420897.3481480811	4569413.1689406792
420896.3929036469	4569412.8731230479
420895.4376592128	4569412.5773054175
420894.4824147786	4569412.2814877862
420893.5271703444	4569411.9856701549
420892.5757248269	4569411.6782556940
420891.6306001147	4569411.3515459169
420890.6854754025	4569411.0248361398
420889.7403506903	4569410.6981263626
420888.7952259782	4569410.3714165855
420887.8501012660	4569410.0447068084
420886.9049765538	4569409.7179970313
420885.9598518416	4569409.3912872542
420885.0147271295	4569409.0645774780
420884.0696024173	4569408.7378677009
420883.1244777051	4569408.4111579238
420882.1793529929	4569408.0844481466
420881.2342282808	4569407.7577383695
420880.2891035686	4569407.4310285924
420879.3439788564	4569407.1043188153
420878.3988541442	4569406.7776090382
420877.4537294321	4569406.4508992610
420876.5086047199	4569406.1241894839
420875.5634800077	4569405.7974797068
420874.6183552956	4569405.4707699297
420873.6732305834	4569405.1440601526
420872.7129625275	4569404.8660880663
420871.7491085808	4569404.5996568939
420870.7852546342	4569404.3332257215
420869.8214006875	4569404.0667945491
420868.8575467409	4569403.8003633767
420867.8936927943	4569403.5339322053
420866.9298388476	4569403.2675010329
420865.9659849010	4569403.0010698605
420865.0021309543	4569402.7346386882
420864.0382770077	4569402.4682075158
420863.0744230610	4569402.2017763434
420862.1105691144	4569401.9353451720
420861.1467151677	4569401.6689139996
420860.1828612210	4569401.4024828272
420859.2190072744	4569401.1360516548
420858.2479156521	4569400.8993413365
420857.2694813679	4569400.6927829869
420856.2910470837	4569400.4862246383
420855.3126127995	4569400.2796662897
420854.3341785153	4569400.0731079401
420853.3557442311	4569399.8665495915
420852.3773099469	4569399.6599912429
420851.3988756627	4569399.4534328943
420850.4204413785	4569399.2468745448
420849.4420070943	4569399.0403161962
420848.4635728101	4569398.8337578475
420847.4851385259	4569398.6271994980
420846.5067042417	4569398.4206411494
420845.5282699575	4569398.2140828008
420844.5498356733	4569398.0075244512
420843.5714013890	4569397.8009661026
420842.5929671049	4569397.5944077540
420841.6145328207	4569397.3878494054
420840.6360985365	4569397.1812910559
420839.6576642522	4569396.9747327073
420838.6792299681	4569396.7681743586
420837.7007956839	4569396.5616160091
420836.7225866089	4569396.3539976114
420835.7446856085	4569396.1449291222
420834.7667846080	4569395.9358606320
420833.7888836076	4569395.7267921427
420832.8109826072	4569395.5177236535
420831.8330816068	4569395.3086551633
420830.8551806064	4569395.0995866740
420829.8772796060	4569394.8905181838
420828.8993786056	4569394.6814496946
420827.9214776051	4569394.4723812044
420826.9435766047	4569394.2633127151
420825.9656756043	4569394.0542442249
420824.9877746039	4569393.8451757357
420824.0098736035	4569393.6361072455
420823.0319726031	4569393.4270387562
420822.0540716027	4569393.2179702660
420821.0761706023	4569393.0089017767
420820.0982696018	4569392.7998332866
420819.1246350268	4569392.5721867168
420818.1534986045	4569392.3336619819
420817.1823621823	4569392.0951372469
420816.2112257600	4569391.8566125110
420815.2400893377	4569391.6180877760
420814.2689529155	4569391.3795630401
420813.2978164932	4569391.1410383051
420812.3266800710	4569390.9025135702
420811.3555436487	4569390.6639888342
420810.3844072264	4569390.4254640993
420809.4132708042	4569390.1869393643
420808.4421343819	4569389.9484146284
420807.4709979596	4569389.7098898934
420806.4998615374	4569389.4713651575
420805.5287251151	4569389.2328404225
420804.5575886929	4569388.9943156876
420803.5864522706	4569388.7557909517
420802.6153158483	4569388.5172662167
420801.6441794261	4569388.2787414817
420800.6730430038	4569388.0402167458
420799.7019065816	4569387.8016920108
420798.7292347595	4569387.5696009705
420797.7550441812	4569387.3438738855
420796.7808536028	4569387.1181468004
420795.8066630244	4569386.8924197145
420794.8324724461	4569386.6666926295
420793.8582818677	4569386.4409655444
420792.8840912893	4569386.2152384594
420791.9099007109	4569385.9895113735
420790.9357101326	4569385.7637842884
420789.9615195542	4569385.5380572034
420788.9840171890	4569385.3280401183
420788.0016076291	4569385.1413011113
420787.0191980694	4569384.9545621043
420786.0367885095	4569384.7678230973
420785.0543789498	4569384.5810840903
420784.0719693899	4569384.3943450823
420783.0895598302	4569384.2076060753
420782.1071502703	4569384.0208670683
420781.1247407106	4569383.8341280613
420780.1423311507	4569383.6473890543
420779.1599215910	4569383.4606500464
420778.1775120311	4569383.2739110393
420777.1951024714	4569383.0871720323
420776.2126929115	4569382.9004330253
420775.2302833518	4569382.7136940183
420774.2742785340	4569382.4307385031
420773.3341644891	4569382.0898784399
420772.3940504443	4569381.7490183767
420771.4539363993	4569381.4081583135
420770.5138223545	4569381.0672982512
420769.5737083096	4569380.7264381880
420768.6335942647	4569380.3855781248
420767.6934802198	4569380.0447180616
420766.7533661748	4569379.7038579984
420765.8132521300	4569379.3629979352
420764.8731380851	4569379.0221378729
420763.9330240402	4569378.6812778097
420762.9929099953	4569378.3404177465
420762.0527959504	4569377.9995576832
420761.1126819055	4569377.6586976200
420760.1725678606	4569377.3178375568
420759.2324538157	4569376.9769774945
420758.2923397708	4569376.6361174313
420757.3522257259	4569376.2952573681
420756.4121116810	4569375.9543973049
420755.4719976361	4569375.6135372417
420754.5318835912	4569375.2726771785
420753.5658495745	4569375.0182536440
420752.5933000299	4569374.7855577404
420751.6207504854	4569374.5528618377
420750.6482009408	4569374.3201659340
420749.6756513963	4569374.0874700304
420748.7031018518	4569373.8547741277
420747.7305523072	4569373.6220782241
420746.7580027627	4569373.3893823205
420745.7854532182	4569373.1566864178
420744.8129036736	4569372.9239905141
420743.8403541291	4569372.6912946105
420742.8678045845	4569372.4585987078
420741.8952550400	4569372.2259028042
420740.9227054955	4569371.9932069005
420739.9501559509	4569371.7605109978
420738.9776064064	4569371.5278150942
420738.0050568619	4569371.2951191906
420737.0325073173	4569371.0624232879
420736.0599577728	4569370.8297273843
420735.0874082282	4569370.5970314806
420734.1172368618	4569370.3547030771
420733.1481396878	4569370.1080237972
420732.1790425139	4569369.8613445163
420731.2099453400	4569369.6146652354
420730.2408481661	4569369.3679859545
420729.2717509921	4569369.1213066736
420728.3026538182	4569368.8746273937
420727.3335566443	4569368.6279481128
420726.3644594704	4569368.3812688319
420725.3953622965	4569368.1345895510
420724.4262651226	4569367.8879102711
420723.4571679487	4569367.6412309902
420722.4880707747	4569367.3945517093
420721.5204892808	4569367.1427533329
420720.5733081605	4569366.8220542129
420719.6261270401	4569366.5013550939
420718.6789459198	4569366.1806559740
420717.7317647994	4569365.8599568550
420716.7845836790	4569365.5392577350
420715.8374025587	4569365.2185586160
420714.8902214383	4569364.8978594961
420713.9430403179	4569364.5771603761
420712.9958591976	4569364.2564612571
420712.0486780773	4569363.9357621372
420711.1014969569	4569363.6150630182
420710.1543158365	4569363.2943638982
420709.2071347162	4569362.9736647792
420708.2599535958	4569362.6529656593
420707.3127724754	4569362.3322665403
420706.3655913551	4569362.0115674203
420705.4174327850	4569361.6937700920
420704.4692550433	4569361.3760296786
420703.5210773017	4569361.0582892653
420702.5728995601	4569360.7405488519
420701.6247218185	4569360.4228084385
420700.6765440769	4569360.1050680252
420699.7283663353	4569359.7873276118
420698.7801885936	4569359.4695871985
420697.8320108520	4569359.1518467851
420696.8838331104	4569358.8341063717
420695.9356553688	4569358.5163659584
420694.9874776272	4569358.1986255450
420694.0392998855	4569357.8808851317
420693.0911221439	4569357.5631447183
420692.1429444023	4569357.2454043049
420691.1947666607	4569356.9276638916
420690.2465889191	4569356.6099234782
420689.2984111774	4569356.2921830649
420688.3502334358	4569355.9744426515
420687.4020556942	4569355.6567022381
420686.4538779526	4569355.3389618248
420685.5057002110	4569355.0212214114
420684.5575224694	4569354.7034809981
420683.6064489304	4569354.3951916555
420682.6430224853	4569354.1272187373
420681.6795960404	4569353.8592458181
420680.7161695953	4569353.5912728999
420679.7527431503	4569353.3232999817
420678.7893167053	4569353.0553270634
420677.8258902603	4569352.7873541443
420676.8624638153	4569352.5193812260
420675.8990373703	4569352.2514083078
420674.9356109253	4569351.9834353887
420673.9721844803	4569351.7154624704
420673.0087580352	4569351.4474895522
420672.0453315903	4569351.1795166330
420671.0819051452	4569350.9115437148
420670.1184787002	4569350.6435707966
420669.1550522552	4569350.3755978784
420668.1916258102	4569350.1076249592
420667.2281993652	4569349.8396520410
420666.2647729201	4569349.5716791227
420665.3097781096	4569349.2771637291
420664.3683243787	4569348.9400215149
420663.4268706479	4569348.6028792998
420662.4854169171	4569348.2657370856
420661.5439631863	4569347.9285948714
420660.6025094554	4569347.5914526572
420659.6610557246	4569347.2543104431
420658.7196019938	4569346.9171682280
420657.7781482630	4569346.5800260138
420656.8366945322	4569346.2428837996
420655.8952408014	4569345.9057415854
420654.9537870705	4569345.5685993703
420654.0123333397	4569345.2314571561
420653.0708796089	4569344.8943149420
420652.1294258781	4569344.5571727278
420651.1879721473	4569344.2200305127
420650.2465184165	4569343.8828882985
420649.3050646856	4569343.5457460843
420648.3636109548	4569343.2086038701
420647.4118331609	4569342.9035200886
420646.4505632898	4569342.6279112436
420645.4892934187	4569342.3523023995
420644.5280235477	4569342.0766935553
420643.5667536766	4569341.8010847112
420642.6054838056	4569341.5254758671
420641.6442139345	4569341.2498670230
420640.6829440634	4569340.9742581788
420639.7216741923	4569340.6986493347
420638.7604043213	4569340.4230404906
420637.7991344502	4569340.1474316465
420636.8378645791	4569339.8718228023
420635.8765947081	4569339.5962139582
420634.9153248370	4569339.3206051141
420633.9540549660	4569339.0449962700
420632.9927850949	4569338.7693874259
420632.0315152238	4569338.4937785817
420631.0702453527	4569338.2181697376
420630.1192611761	4569337.9098621858
420629.1733152301	4569337.5855378620
420628.2273692842	4569337.2612135373
420627.2814233382	4569336.9368892135
420626.3354773923	4569336.6125648888
420625.3895314464	4569336.2882405641
420624.4435855004	4569335.9639162403
420623.4976395545	4569335.6395919155
420622.5516936085	4569335.3152675917
420621.6057476626	4569334.9909432670
420620.6598017167	4569334.6666189423
420619.7138557707	4569334.3422946185
420618.7679098248	4569334.0179702938
420617.8197544228	4569333.7003055830
420616.8675391063	4569333.3948780289
420615.9153237897	4569333.0894504739
420614.9631084732	4569332.7840229198
420614.0108931567	4569332.4785953658
420613.0586778401	4569332.1731678108
420612.1064625236	4569331.8677402567
420611.1542472071	4569331.5623127026
420610.2020318905	4569331.2568851477
420609.2498165740	4569330.9514575936
420608.2976012575	4569330.6460300395
420607.3453859409	4569330.3406024845
420606.3931706244	4569330.0351749305
420605.4409553079	4569329.7297473764
420604.4887399913	4569329.4243198214
420603.5365246748	4569329.1188922673
420602.5843093582	4569328.8134647133
420601.6320940417	4569328.5080371592
420600.6798787252	4569328.2026096042
420599.7276634086	4569327.8971820502
420598.7781769571	4569327.5836267667
420597.8345769749	4569327.2525390536
420596.8909769928	4569326.9214513404
420595.9473770106	4569326.5903636273
420595.0037770285	4569326.2592759142
420594.0601770464	4569325.9281882010
420593.1165770642	4569325.5971004879
420592.1729770821	4569325.2660127748
420591.2293771000	4569324.9349250617
420590.2857771178	4569324.6038373495
420589.3421771357	4569324.2727496363
420588.3985771535	4569323.9416619232
420587.4549771714	4569323.6105742101
420586.5113771893	4569323.2794864969
420585.5677772071	4569322.9483987838
420584.6155483467	4569322.6432820475
420583.6614302854	4569322.3438513791
420582.7073122241	4569322.0444207108
420581.7531941628	4569321.7449900424
420580.7990761014	4569321.4455593750
420579.8449580401	4569321.1461287066
420578.8908399787	4569320.8466980383
420577.9367219174	4569320.5472673699
420576.9826038561	4569320.2478367016
420576.0284857948	4569319.9484060341
420575.0743677334	4569319.6489753658
420574.1202496721	4569319.3495446974
420573.1661316108	4569319.0501140291
420572.2120135494	4569318.7506833607
420571.2578954881	4569318.4512526933
420570.3037774268	4569318.1518220250
420569.3496593655	4569317.8523913566
420568.3955413041	4569317.5529606882
420567.4414232428	4569317.2535300199
420566.4873051815	4569316.9540993525
420565.5331871201	4569316.6546686841
420564.5790690588	4569316.3552380158
420563.6249509975	4569316.0558073474
420562.6730623205	4569315.7497343197
420561.7314937245	4569315.4129130337
420560.7899251284	4569315.0760917468
420559.8483565324	4569314.7392704608
420558.9067879364	4569314.4024491739
420557.9652193404	4569314.0656278878
420557.0236507443	4569313.7288066018
420556.0820821483	4569313.3919853149
420555.1405135523	4569313.0551640289
420554.1989449562	4569312.7183427420
420553.2573763602	4569312.3815214559
420552.3158077642	4569312.0447001699
420551.3742391682	4569311.7078788830
420550.4326705721	4569311.3710575970
420549.4911019761	4569311.0342363100
420548.5495333800	4569310.6974150240
420547.5976221053	4569310.3929018080
420546.6354953790	4569310.1202992359
420545.6733686527	4569309.8476966629
420544.7112419263	4569309.5750940908
420543.7491152000	4569309.3024915187
420542.7869884737	4569309.0298889456
420541.8248617474	4569308.7572863735
420540.8627350211	4569308.4846838014
420539.9006082947	4569308.2120812284
420538.9384815684	4569307.9394786563
420537.9763548421	4569307.6668760842
420537.0142281158	4569307.3942735111
420536.0521013895	4569307.1216709390
420535.0899746631	4569306.8490683669
420534.1278479368	4569306.5764657939
420533.1804485363	4569306.2593765222
420532.2457162679	4569305.9040237591
420531.3109839994	4569305.5486709950
420530.3762517310	4569305.1933182320
420529.4415194625	4569304.8379654689
420528.5067871941	4569304.4826127058
420527.5720549256	4569304.1272599427
420526.6373226572	4569303.7719071796
420525.7025903887	4569303.4165544165
420524.7678581203	4569303.0612016534
420523.8331258518	4569302.7058488894
420522.8983935834	4569302.3504961263
420521.9636613149	4569301.9951433633
420521.0289290465	4569301.6397906002
420520.0941967780	4569301.2844378371
420519.1594384689	4569300.9291550983
420518.2196450454	4569300.5874120351
420517.2798516220	4569300.2456689719
420516.3400581985	4569299.9039259087
420515.4002647750	4569299.5621828455
420514.4604713515	4569299.2204397833
420513.5206779281	4569298.8786967201
420512.5808845046	4569298.5369536569
420511.6410910811	4569298.1952105938
420510.7012976576	4569297.8534675306
420509.7615042341	4569297.5117244674
420508.8217108107	4569297.1699814042
420507.8819173872	4569296.8282383410
420506.9421239637	4569296.4864952778
420506.0023305402	4569296.1447522147
420505.0625371167	4569295.8030091515
420504.1227436933	4569295.4612660883
420503.1829502698	4569295.1195230251
420502.2431568463	4569294.7777799629
420501.3033634228	4569294.4360368997
420500.3635699994	4569294.0942938365
420499.4237765759	4569293.7525507733
420498.4839831524	4569293.4108077101
420497.5487018930	4569293.0571038201
420496.6173558337	4569292.6929685194
420495.6860097743	4569292.3288332177
420494.7546637149	4569291.9646979161
420493.8233176556	4569291.6005626153
420492.8919715962	4569291.2364273136
420491.9606255368	4569290.8722920120
420491.0292794775	4569290.5081567112
420490.0979334181	4569290.1440214096
420489.1665873587	4569289.7798861079
420488.2352412993	4569289.4157508072
420487.3038952400	4569289.0516155055
420486.3725491806	4569288.6874802038
420485.4412031212	4569288.3233449031
420484.5098570619	4569287.9592096014
420483.5785110025	4569287.5950742997
420482.6471649431	4569287.2309389990
420481.7166899335	4569286.8645952065
420480.7875258053	4569286.4949277574
420479.8583616771	4569286.1252603084
420478.9291975488	4569285.7555928594
420478.0000334206	4569285.3859254103
420477.0708692923	4569285.0162579613
420476.1417051641	4569284.6465905122
420475.2125410359	4569284.2769230641
420474.2833769076	4569283.9072556151
420473.3542127794	4569283.5375881661
420472.4250486511	4569283.1679207170
420471.4958845229	4569282.7982532680
420470.5659107603	4569282.4306377433
420469.6346679806	4569282.0662383949
420468.7034252008	4569281.7018390466
420467.7721824211	4569281.3374396972
420466.8409396414	4569280.9730403489
420465.9096968617	4569280.6086410005
420464.9784540819	4569280.2442416521
420464.0472113022	4569279.8798423037
420463.1159685225	4569279.5154429553
420462.1847257428	4569279.1510436069
420461.2534829630	4569278.7866442576
420460.3222401833	4569278.4222449092
420459.3909974036	4569278.0578455608
420458.4597546238	4569277.6934462124
420457.5285118441	4569277.3290468641
420456.5972690644	4569276.9646475157
420455.6660262847	4569276.6002481664
420454.7347835049	4569276.2358488180
420453.8036269347	4569275.8712292826
420452.8725258496	4569275.5064680325
420451.9414247645	4569275.1417067833
420451.0103236795	4569274.7769455332
420450.0792225944	4569274.4121842831
420449.1481215093	4569274.0474230340
420448.2170204243	4569273.6826617839
420447.2859193392	4569273.3179005338
420446.3548182542	4569272.9531392837
420445.4237171691	4569272.5883780345
420444.4926160840	4569272.2236167844
420443.5615149989	4569271.8588555343
420442.6304139138	4569271.4940942852
420441.6993128287	4569271.1293330351
420440.7682117437	4569270.7645717850
420439.8371106586	4569270.3998105349
420438.9060095735	4569270.0350492857
420437.9749084885	4569269.6702880356
420437.0438074034	4569269.3055267856
420436.1127063183	4569268.9407655364
420435.1816052333	4569268.5760042863
420434.2505041482	4569268.2112430362
420433.3194030631	4569267.8464817861
420432.3883019780	4569267.4817205369
420431.4572008929	4569267.1169592869
420430.5116179831	4569266.7934796084
420429.5566988516	4569266.4966135565
420428.6017797201	4569266.1997475056
420427.6468605887	4569265.9028814547
420426.6919414572	4569265.6060154028
420425.7370223258	4569265.3091493519
420424.7821031943	4569265.0122833010
420423.8271840629	4569264.7154172491
420422.8722649314	4569264.4185511982
420421.9173457999	4569264.1216851473
420420.9624266685	4569263.8248190954
420420.0075075371	4569263.5279530445
420419.0525884056	4569263.2310869927
420418.0976692741	4569262.9342209417
420417.1427501427	4569262.6373548908
420416.1878310112	4569262.3404888390
420415.2329118797	4569262.0436227880
420414.2779927483	4569261.7467567371
420413.3230736169	4569261.4498906853
420412.3681544854	4569261.1530246343
420411.4132353539	4569260.8561585834
420410.4583162224	4569260.5592925316
420409.5033970910	4569260.2624264807
420408.5484779596	4569259.9655604297
420407.6062077537	4569259.6343344375
420406.6867350496	4569259.2411805913
420405.7672623456	4569258.8480267460
420404.8477896415	4569258.4548728997
420403.9283169375	4569258.0617190544
420403.0088442334	4569257.6685652081
420402.0893715294	4569257.2754113628
420401.1698988253	4569256.8822575165
420400.2504261213	4569256.4891036702
420399.3309534173	4569256.0959498249
420398.4114807132	4569255.7027959786
420397.4920080091	4569255.3096421333
420396.5725353051	4569254.9164882870
420395.6530626011	4569254.5233344417
420394.7335898970	4569254.1301805954
420393.8141171930	4569253.7370267492
420392.8946444890	4569253.3438729038
420391.9751717849	4569252.9507190576
420391.0556990808	4569252.5575652122
420390.1410789099	4569252.1534811463
420389.2327700437	4569251.7351810103
420388.3244611775	4569251.3168808743
420387.4161523113	4569250.8985807383
420386.5078434451	4569250.4802806033
420385.5995345789	4569250.0619804673
420384.6912257127	4569249.6436803313
420383.7829168465	4569249.2253801962
420382.8746079803	4569248.8070800602
420381.9662991141	4569248.3887799243
420381.0579902478	4569247.9704797883
420380.1496813816	4569247.5521796532
420379.2413725154	4569247.1338795172
420378.3330636492	4569246.7155793812
420377.4247547830	4569246.2972792452
420376.5164459168	4569245.8789791102
420375.6081370506	4569245.4606789742
420374.6998281844	4569245.0423788382
420373.7915193182	4569244.6240787022
420372.8832104519	4569244.2057785671
420371.9715249727	4569243.7950413525
420371.0537099742	4569243.3980330043
420370.1358949756	4569243.0010246560
420369.2180799772	4569242.6040163077
420368.3002649786	4569242.2070079595
420367.3824499802	4569241.8099996112
420366.4646349816	4569241.4129912630
420365.5468199831	4569241.0159829147
420364.6290049847	4569240.6189745665
420363.7111899861	4569240.2219662182
420362.7933749876	4569239.8249578709
420361.8755599891	4569239.4279495226
420360.9577449906	4569239.0309411744
420360.0399299921	4569238.6339328261
420359.1221149936	4569238.2369244779
420358.2042999951	4569237.8399161296
420357.2864849966	4569237.4429077813
420356.3686699980	4569237.0458994331
420355.4508549996	4569236.6488910848
420354.5330400011	4569236.2518827366
420353.6152250025	4569235.8548743883
420352.6974100041	4569235.4578660410
420351.7795950055	4569235.0608576927
420350.8617800070	4569234.6638493445
420349.9439650085	4569234.2668409962
420349.0261500100	4569233.8698326480
420348.1083350115	4569233.4728242997
420347.1905200130	4569233.0758159515
420346.2676490589	4569232.6914379271
420345.3294060988	4569232.3454608358
420344.3911631387	4569231.9994837437
420343.4529201786	4569231.6535066525
420342.5146772185	4569231.3075295612
420341.5764342585	4569230.9615524700
420340.6381912984	4569230.6155753778
420339.6999483383	4569230.2695982866
420338.7617053782	4569229.9236211954
420337.8234624181	4569229.5776441032
420336.8852194580	4569229.2316670120
420335.9469764980	4569228.8856899207
420335.0087335379	4569228.5397128286
420334.0704905778	4569228.1937357374
420333.1322476177	4569227.8477586461
420332.1940046576	4569227.5017815540
420331.2557616976	4569227.1558044627
420330.3175187375	4569226.8098273715
420329.3792757774	4569226.4638502793
420328.4410328173	4569226.1178731881
420327.5027898572	4569225.7718960969
420326.5839422479	4569225.3782022158
420325.6703889131	4569224.9714832650
420324.7568355784	4569224.5647643153
420323.8432822437	4569224.1580453645
420322.9297289090	4569223.7513264138
420322.0161755742	4569223.3446074640
420321.1026222395	4569222.9378885133
420320.1890689048	4569222.5311695626
420319.2755155700	4569222.1244506128
420318.3619622353	4569221.7177316621
420317.4484089006	4569221.3110127123
420316.5348555658	4569220.9042937616
420315.6213022311	4569220.4975748109
420314.7077488964	4569220.0908558611
420313.7941955617	4569219.6841369104
420312.8806422269	4569219.2774179596
420311.9670888922	4569218.8706990099
420311.0535355575	4569218.4639800591
420310.1399822228	4569218.0572611084
420309.1859724832	4569217.7769452045
420308.2060358209	4569217.5776360519
420307.2260991587	4569217.3783269003
420306.2461624964	4569217.1790177487
420305.2662258341	4569216.9797085971
420304.2862891719	4569216.7803994454
420303.3063525096	4569216.5810902938
420302.3225595870	4569216.4040755760
420301.3326100934	4569216.2626542198
420301.1157903507	4569215.5364866164
420301.2492023628	4569214.5454259552
420301.3826143750	4569213.5543652931
420301.5160263871	4569212.5633046320
420301.6494383993	4569211.5722439699
420301.7828504114	4569210.5811833087
420301.6619503934	4569209.6425496805
420301.1474546380	4569208.7850567540
420300.6329588826	4569207.9275638284
420300.1184631271	4569207.0700709028
420299.6039673717	4569206.2125779772
420298.8904004624	4569205.5817288309
420297.9737044978	4569205.1821434097
420297.0570085331	4569204.7825579895
420296.1403125684	4569204.3829725692
420295.2236166037	4569203.9833871489
420294.3210528634	4569203.9246481610
420293.4405817635	4569204.3987479834
420292.5601106636	4569204.8728478067
420291.6796395637	4569205.3469476299
420291.2423731242	4569206.2105750162
420290.8852356579	4569207.1446268512
420290.5280981916	4569208.0786786862
420290.1709607254	4569209.0127305211
420289.8138232591	4569209.9467823561
420289.4566857929	4569210.8808341911
420289.0995483266	4569211.8148860252
420288.7424108603	4569212.7489378601
420288.3852733941	4569213.6829896951
420288.0281359278	4569214.6170415301
420287.6709984615	4569215.5510933651
420287.3138609953	4569216.4851452000
420286.9567235290	4569217.4191970350
420286.5995860627	4569218.3532488700
420286.2424485965	4569219.2873007040
420285.8853111302	4569220.2213525390
420285.5281736640	4569221.1554043740
420285.3304163151	4569222.1134327678
420285.3969353257	4569223.1112179263
420284.9214269091	4569223.8092620289
420284.0409558092	4569224.2833618522
420283.1604847093	4569224.7574616745
420282.2800136094	4569225.2315614978
420281.3995425094	4569225.7056613211
420280.5190714095	4569226.1797611443
420279.6386003096	4569226.6538609667
420278.7581292097	4569227.1279607899
420277.8776581097	4569227.6020606132
420276.9140596531	4569227.7941613300
420275.9172084576	4569227.8734563114
420274.9203572622	4569227.9527512928
420273.9235060667	4569228.0320462743
420272.9266548712	4569228.1113412557
420271.9298036758	4569228.1906362381
420270.9329524803	4569228.2699312195
420269.9361012848	4569228.3492262010
420268.9392500894	4569228.4285211824
420267.9423988939	4569228.5078161638
420266.9463550812	4569228.5944447834
420265.9561285761	4569228.7339133052
420264.9659020709	4569228.8733818270
420263.9756755659	4569229.0128503488
420262.9854490608	4569229.1523188706
420261.9952225556	4569229.2917873925
420261.0049960505	4569229.4312559143
420260.0147695454	4569229.5707244361
420259.0245430403	4569229.7101929579
420258.0295636184	4569229.7954170266
420257.0301715007	4569229.8302795421
420256.0307793829	4569229.8651420576
420255.0313872652	4569229.9000045741
420254.0319951475	4569229.9348670896
420253.0326030297	4569229.9697296051
420252.0332109120	4569230.0045921206
420251.0338187943	4569230.0394546371
420250.0344266765	4569230.0743171526
420249.0350345588	4569230.1091796681
420248.0355302897	4569230.1358750453
420247.0355577235	4569230.1284678411
420246.0355851572	4569230.1210606368
420245.0356125909	4569230.1136534326
420244.0356400246	4569230.1062462283
420243.0356674583	4569230.0988390241
420242.0356948920	4569230.0914318198
420241.0357223258	4569230.0840246156
420240.0357497594	4569230.0766174113
420239.0357771932	4569230.0692102071
420238.0358046269	4569230.0618030028
420237.0358320606	4569230.0543957986
420236.0358594943	4569230.0469885943
420235.0358869280	4569230.0395813901
420234.0359143617	4569230.0321741858
420233.0359417955	4569230.0247669816
420232.0359692291	4569230.0173597783
420231.0396507310	4569229.9318379648
420230.0433534272	4569229.8458630703
420229.0470561233	4569229.7598881768
420228.0507588196	4569229.6739132823
420227.0544615158	4569229.5879383879
420226.0581642119	4569229.5019634943
420225.0618669082	4569229.4159885999
420224.0655696044	4569229.3300137054
420223.0692723005	4569229.2440388110
420222.0729749967	4569229.1580639174
420221.0766776930	4569229.0720890230
420220.0803803891	4569228.9861141285
420219.0840830853	4569228.9001392340
420218.0877857816	4569228.8141643405
420217.0914884777	4569228.7281894460
420216.0951911739	4569228.6422145516
420215.0988938702	4569228.5562396580
420214.1025965663	4569228.4702647636
420213.1062992625	4569228.3842898691
420212.1100019587	4569228.2983149746
420211.1137046549	4569228.2123400811
420210.1174073511	4569228.1263651866
420209.1211100473	4569228.0403902922
420208.1252005364	4569227.9502929021
420207.1303474261	4569227.8489652704
420206.1354943158	4569227.7476376388
420205.1406412055	4569227.6463100072
420204.1457880952	4569227.5449823756
420203.1509349849	4569227.4436547440
420202.1560818746	4569227.3423271123
420201.1612287643	4569227.2409994807
420200.1663756540	4569227.1396718491
420199.1715225437	4569227.0383442175
420198.1766694334	4569226.9370165858
420197.1818163231	4569226.8356889542
420196.1869632128	4569226.7343613226
420195.1938108006	4569226.6199016999
420194.2059666543	4569226.4644541442
420193.2181225081	4569226.3090065876
420192.2302783618	4569226.1535590319
420191.2424342155	4569225.9981114762
420190.2545900692	4569225.8426639196
420189.2667459229	4569225.6872163638
420188.2789017767	4569225.5317688081
420187.2910576304	4569225.3763212515
420186.3032134841	4569225.2208736958
420185.3153693378	4569225.0654261401
420184.3275251916	4569224.9099785844
420183.3396810452	4569224.7545310277
420182.3518368990	4569224.5990834720
420181.3639927527	4569224.4436359163
420180.3761486064	4569224.2881883597
420179.3883044602	4569224.1327408040
420178.4004603139	4569223.9772932483
420177.4126161676	4569223.8218456917
420176.4247720213	4569223.6663981359
420175.4369278751	4569223.5109505802
420174.4490837287	4569223.3555030236
420173.4612395825	4569223.2000554679
420172.4733954362	4569223.0446079122
420171.4868636135	4569222.8814478954
420170.5032000877	4569222.7014310407
420169.5195365618	4569222.5214141868
420168.5358730359	4569222.3413973320
420167.5522095101	4569222.1613804782
420166.5685459842	4569221.9813636234
420165.5848824583	4569221.8013467686
420164.6012189324	4569221.6213299148
420163.6175554066	4569221.4413130600
420162.6338918807	4569221.2612962052
420161.6502283549	4569221.0812793514
420160.6665648290	4569220.9012624966
420159.6829013031	4569220.7212456428
420158.6992377772	4569220.5412287880
420157.7155742514	4569220.3612119332
420156.7319107255	4569220.1811950793
420155.7482471997	4569220.0011782246
420154.7645836738	4569219.8211613698
420153.7809201479	4569219.6411445159
420152.7902972377	4569219.5092461323
420151.7959380371	4569219.4031811506
420150.8015788365	4569219.2971161697
420149.8072196360	4569219.1910511879
420148.8128604354	4569219.0849862071
420147.8185012349	4569218.9789212253
420146.8241420343	4569218.8728562444
420145.8297828338	4569218.7667912627
420144.8354236332	4569218.6607262809
420143.8410644327	4569218.5546613000
420142.8467052321	4569218.4485963183
420141.8523460315	4569218.3425313374
420140.8579868310	4569218.2364663556
420139.8636276304	4569218.1304013738
420138.8692684299	4569218.0243363930
420137.8749092294	4569217.9182714112
420136.8805500288	4569217.8122064304
420135.8861908283	4569217.7061414486
420134.8898695659	4569217.6230101623
420133.8919442569	4569217.5586278839
420132.8940189479	4569217.4942456065
420131.8960936389	4569217.4298633281
420130.8981683300	4569217.3654810498
420129.9002430210	4569217.3010987723
420128.9023177121	4569217.2367164940
420127.9043924031	4569217.1723342165
420126.9064670941	4569217.1079519382
420125.9085417851	4569217.0435696598
420124.9106164762	4569216.9791873824
420123.9126911672	4569216.9148051040
420122.9147658582	4569216.8504228266
420121.9168405492	4569216.7860405482
420120.9189152403	4569216.7216582699
420119.9199657715	4569216.6787573425
420118.9204417308	4569216.6479078354
420117.9209176901	4569216.6170583284
420116.9213936494	4569216.5862088203
420115.9218696088	4569216.5553593133
420114.9223455681	4569216.5245098053
420113.9228215274	4569216.4936602982
420112.9232974868	4569216.4628107911
420111.9237734461	4569216.4319612831
420110.9242494054	4569216.4011117760
420109.9247253647	4569216.3702622680
420108.9252013241	4569216.3394127609
420107.9256772834	4569216.3085632529
420106.9261532427	4569216.2777137458
420105.9266292020	4569216.2468642388
420104.9271051613	4569216.2160147307
420103.9275811207	4569216.1851652237
420102.9280570800	4569216.1543157157
420101.9285330393	4569216.1234662086
420100.9308149368	4569216.1255808612
420099.9406429147	4569216.2654356668
420098.9504708926	4569216.4052904723
420097.9602988705	4569216.5451452779
420096.9701268483	4569216.6850000834
420095.9799548262	4569216.8248548880
420094.9897828041	4569216.9647096936
420093.9996107819	4569217.1045644991
420093.0094387598	4569217.2444193047
420092.0192667377	4569217.3842741102
420091.0290947156	4569217.5241289157
420090.0389226934	4569217.6639837213
420089.0487506713	4569217.8038385259
420088.0585786492	4569217.9436933314
420087.0684066270	4569218.0835481370
420086.0782346049	4569218.2234029425
420085.0880625828	4569218.3632577481
420084.0978905607	4569218.5031125536
420083.1077185385	4569218.6429673582
420082.1175465164	4569218.7828221638
420081.1273744942	4569218.9226769693
420080.1372024722	4569219.0625317749
420079.1416075187	4569219.0452791983
420078.1441488189	4569218.9740321487
420077.1466901191	4569218.9027850991
420076.1492314192	4569218.8315380486
420075.1517727194	4569218.7602909990
420074.1543140196	4569218.6890439484
420073.1568553198	4569218.6177968988
420072.1593966199	4569218.5465498483
420071.1619379201	4569218.4753027987
420070.1644792203	4569218.4040557491
420069.1670205205	4569218.3328086985
420068.1695618206	4569218.2615616489
420067.1721031208	4569218.1903145984
420066.1746444209	4569218.1190675488
420065.1771857211	4569218.0478204982
420064.1797270213	4569217.9765734486
420063.1822683215	4569217.9053263990
420062.1848096216	4569217.8340793485
420061.1873509218	4569217.7628322989
420060.1898922220	4569217.6915852483
420059.1946273039	4569217.5968991909
420058.2012715289	4569217.4818152906
420057.2079157539	4569217.3667313894
420056.2145599789	4569217.2516474891
420055.2212042038	4569217.1365635879
420054.2278484288	4569217.0214796867
420053.2344926538	4569216.9063957864
420052.2411368788	4569216.7913118852
420051.2477811037	4569216.6762279849
420050.2544253287	4569216.5611440837
420049.2610695536	4569216.4460601835
420048.2677137786	4569216.3309762822
420047.2743580036	4569216.2158923820
420046.2810022286	4569216.1008084808
420045.2876464536	4569215.9857245805
420044.2942906785	4569215.8706406793
420043.3009349035	4569215.7555567790
420042.3075791284	4569215.6404728778
420041.3142233534	4569215.5253889775
420040.3208675784	4569215.4103050763
420039.3365369815	4569215.2376644220
420038.3556324207	4569215.0431747250
420037.3747278598	4569214.8486850271
420036.3938232988	4569214.6541953301
420035.4129187379	4569214.4597056322
420034.4320141770	4569214.2652159352
420033.4511096161	4569214.0707262373
420032.4702050552	4569213.8762365403
420031.4893004943	4569213.6817468433
420030.5083959334	4569213.4872571453
420029.5274913725	4569213.2927674484
420028.5465868116	4569213.0982777504
420027.5656822507	4569212.9037880534
420026.5847776897	4569212.7092983555
420025.6051332672	4569212.5086434092
420024.6265834822	4569212.3026329279
420023.6480336972	4569212.0966224466
420022.6694839123	4569211.8906119661
420021.6909341273	4569211.6846014848
420020.7123843423	4569211.4785910035
420019.7338345573	4569211.2725805221
420018.7552847723	4569211.0665700417
420017.7767349873	4569210.8605595604
420016.8009973688	4569210.6428243006
420015.8354627216	4569210.3825497432
420014.8699280744	4569210.1222751858
420013.9043934272	4569209.8620006293
420012.9388587800	4569209.6017260719
420011.9733241329	4569209.3414515145
420011.0077894857	4569209.0811769571
420010.0422548385	4569208.8209024007
420009.0767201914	4569208.5606278433
420008.1111855442	4569208.3003532859
420007.1456508970	4569208.0400787294
420006.1801162499	4569207.7798041720
420005.2145816027	4569207.5195296146
420004.2490469555	4569207.2592550572
420003.2835123083	4569206.9989805007
420002.3137165033	4569206.7551101968
420001.3435740031	4569206.5125745721
420000.3734315029	4569206.2700389475
419999.4032890028	4569206.0275033219
419998.4331465026	4569205.7849676972
419997.4630040024	4569205.5424320726
419996.4661287266	4569205.4656331912
419995.4689294167	4569205.3908432433
419994.4717301068	4569205.3160532946
419993.4745307970	4569205.2412633467
419992.4772467310	4569205.1914626062
419991.4795630383	4569205.2594864937
419990.4818793456	4569205.3275103820
419989.4841956529	4569205.3955342704
419988.4865119602	4569205.4635581588
419987.4888282676	4569205.5315820463
419986.4904097416	4569205.4914245820
419985.4918940337	4569205.4369600881
419984.4933783257	4569205.3824955951
419983.4948626178	4569205.3280311022
419982.4963469099	4569205.2735666092
419981.4978312020	4569205.2191021154
419980.5176883302	4569205.0798711730
419979.5862309808	4569204.7160206465
419978.6547736313	4569204.3521701191
419977.7233162818	4569203.9883195916
419976.7918589324	4569203.6244690651
419975.8604015829	4569203.2606185377
419974.9289442334	4569202.8967680102
419973.9974868839	4569202.5329174837
419973.0669554339	4569202.1669455292
419972.1667961825	4569201.7313846014
419971.2666369311	4569201.2958236728
419970.3664776797	4569200.8602627451
419969.4663184283	4569200.4247018173
419968.5661591768	4569199.9891408887
419967.6659999254	4569199.5535799609
419966.7658406740	4569199.1180190323
419965.8656814226	4569198.6824581046
419964.9220131997	4569198.3582638772
419963.9649887953	4569198.0682564825
419963.0079643909	4569197.7782490868
419962.0509399864	4569197.4882416921
419961.0866605150	4569197.2241679747
419960.1180774464	4569196.9754777271
419959.1494943777	4569196.7267874796
419958.1809113091	4569196.4780972321
419957.2123282404	4569196.2294069855
419956.2437451718	4569195.9807167379
419955.2751621031	4569195.7320264904
419954.3065790345	4569195.4833362428
419953.3379959658	4569195.2346459953
419952.3655170908	4569195.0023718085
419951.3884735200	4569194.7893322334
419950.4114299492	4569194.5762926573
419949.4343863784	4569194.3632530821
419948.4573428076	4569194.1502135070
419947.4802992368	4569193.9371739309
419946.5032556660	4569193.7241343558
419945.5262120952	4569193.5110947797
419944.5491685244	4569193.2980552046
419943.5721249536	4569193.0850156285
419942.5950813828	4569192.8719760533
419941.6180378120	4569192.6589364773
419940.6409942412	4569192.4458969021
419939.6639506704	4569192.2328573260
419938.6869070996	4569192.0198177509
419937.7098635288	4569191.8067781758
419936.7333231036	4569191.5915262364
419935.7602428161	4569191.3610598529
419934.7871625286	4569191.1305934684
419933.8140822412	4569190.9001270849
419932.8410019537	4569190.6696607005
419931.8679216662	4569190.4391943170
419930.8948413788	4569190.2087279325
419929.9217610913	4569189.9782615490
419928.9486808038	4569189.7477951646
419927.9756005163	4569189.5173287811
419926.9822347084	4569189.4520917712
419925.9823039053	4569189.4403278800
419924.9823731023	4569189.4285639878
419923.9824422993	4569189.4168000957
419922.9825114963	4569189.4050362045
419921.9825806932	4569189.3932723124
419920.9826498902	4569189.3815084212
419919.9827190872	4569189.3697445290
419918.9827882841	4569189.3579806378
419917.9828574811	4569189.3462167457
419916.9909682352	4569189.2465706300
419916.0055081195	4569189.0766637139
419915.0200480038	4569188.9067567969
419914.0345878880	4569188.7368498808
419913.0491277723	4569188.5669429637
419912.0636676565	4569188.3970360477
419911.0782075408	4569188.2271291316
419910.0927474251	4569188.0572222145
419909.1072873093	4569187.8873152984
419908.1218271936	4569187.7174083814
419907.1363670778	4569187.5475014653
419906.2157094071	4569187.1597081386
419905.2975671295	4569186.7634572601
419904.3794248519	4569186.3672063826
419903.4612825744	4569185.9709555050
419902.5431402967	4569185.5747046275
419901.6249980192	4569185.1784537500
419900.7068557415	4569184.7822028715
419899.7887134640	4569184.3859519940
419898.8705711863	4569183.9897011165
419897.9524289088	4569183.5934502389
419897.0342866312	4569183.1971993614
419896.1161443535	4569182.8009484829
419895.1714983829	4569182.4812300336
419894.2049368250	4569182.2247953350
419893.2383752672	4569181.9683606355
419892.2718137093	4569181.7119259369
419891.3052521514	4569181.4554912373
419890.3386905936	4569181.1990565388
419889.3678988269	4569180.9598938171
419888.3922304126	4569180.7406424880
419887.4165619983	4569180.5213911589
419886.4408935840	4569180.3021398298
419885.4652251697	4569180.0828885008
419884.4895567554	4569179.8636371717
419883.5138883411	4569179.6443858426
419882.5382199267	4569179.4251345135
419881.5625515124	4569179.2058831844
419880.5868830981	4569178.9866318554
419879.6112146838	4569178.7673805263
419878.6263800471	4569178.6020680778
419877.6330555791	4569178.4867142681
419876.6397311111	4569178.3713604594
419875.6464066432	4569178.2560066497
419874.6530821751	4569178.1406528410
419873.6597577072	4569178.0252990313
419872.6664332392	4569177.9099452225
419871.6731087712	4569177.7945914129
419870.6797843032	4569177.6792376041
419869.6864598352	4569177.5638837945
419868.6931353672	4569177.4485299857
419867.6998108992	4569177.3331761761
419866.7064864312	4569177.2178223673
419865.7131619632	4569177.1024685577
419864.7198374953	4569176.9871147489
419863.7265130272	4569176.8717609402
419862.7331885593	4569176.7564071305
419861.7398640913	4569176.6410533218
419860.7465396233	4569176.5256995121
419859.7579352505	4569176.3761795117
419858.7705416973	4569176.2178950487
419857.7831481442	4569176.0596105857
419856.7957545910	4569175.9013261236
419855.8083610378	4569175.7430416606
419854.8209674846	4569175.5847571976
419853.8335739314	4569175.4264727356
419852.8461803783	4569175.2681882726
419851.8587868251	4569175.1099038096
419850.8713932719	4569174.9516193466
419849.8839997187	4569174.7933348846
419848.8966061655	4569174.6350504216
419847.9092126123	4569174.4767659586
419846.9218190591	4569174.3184814965
419845.9344255060	4569174.1601970335
419844.9470319528	4569174.0019125706
419843.9613332124	4569173.8334400961
419842.9758730966	4569173.6635331800
419841.9904129809	4569173.4936262630
419841.0049528652	4569173.3237193469
419840.0194927494	4569173.1538124308
419839.0340326336	4569172.9839055138
419838.0485725179	4569172.8139985977
419837.0631124021	4569172.6440916806
419836.0776522864	4569172.4741847645
419835.0921921706	4569172.3042778485
419834.1035026767	4569172.1600594716
419833.1066514813	4569172.0807644892
419832.1098002858	4569172.0014695078
419831.1129490903	4569171.9221745264
419830.1160978949	4569171.8428795449
419829.1192466994	4569171.7635845635
419828.1223955039	4569171.6842895821
419827.1255443085	4569171.6049946006
419826.1286931130	4569171.5256996192
419825.1318419175	4569171.4464046378
419824.1349907220	4569171.3671096563
419823.1682399040	4569171.1338791121
419822.2149429641	4569170.8318444379
419821.2616460242	4569170.5298097646
419820.3083490843	4569170.2277750904
419819.3550521443	4569169.9257404162
419818.4017552043	4569169.6237057419
419817.4484582644	4569169.3216710677
419816.4951613245	4569169.0196363945
419815.5418643846	4569168.7176017202
419814.5885674446	4569168.4155670460
419813.6352705047	4569168.1135323718
419812.6819735648	4569167.8114976976
419811.7286766249	4569167.5094630243
419810.8062011919	4569167.1236343952
419809.8844037339	4569166.7359625679
419808.9626062758	4569166.3482907396
419808.0408088177	4569165.9606189113
419807.1190113597	4569165.5729470830
419806.1972139016	4569165.1852752548
419805.2754164436	4569164.7976034265
419804.3536189855	4569164.4099315992
419803.4318215275	4569164.0222597709
419802.5100240694	4569163.6345879426
419801.5882266114	4569163.2469161144
419800.6664291533	4569162.8592442861
419799.7446316952	4569162.4715724578
419798.8218919412	4569162.0863127187
419797.8814081926	4569161.7464740537
419796.9409244439	4569161.4066353878
419796.0004406953	4569161.0667967228
419795.0599569467	4569160.7269580569
419794.1194731980	4569160.3871193919
419793.1789894494	4569160.0472807260
419792.2385057007	4569159.7074420610
419791.2980219521	4569159.3676033951
419790.3575382034	4569159.0277647302
419789.4170544548	4569158.6879260642
419788.4765707062	4569158.3480873993
419787.5360869576	4569158.0082487334
419786.5956032089	4569157.6684100684
419785.6551194603	4569157.3285714025
419784.7146357117	4569156.9887327366
419783.7520702891	4569156.7192097455
419782.7861504189	4569156.4603684731
419781.8202305486	4569156.2015272006
419780.8543106784	4569155.9426859282
419779.8883908082	4569155.6838446558
419778.9224709380	4569155.4250033833
419777.9565510677	4569155.1661621109
419776.9906311975	4569154.9073208384
419776.0247113273	4569154.6484795660
419775.0587914571	4569154.3896382935
419774.0928715869	4569154.1307970211
419773.1269517166	4569153.8719557486
419772.1610318464	4569153.6131144762
419771.1951119762	4569153.3542732038
419770.2291921060	4569153.0954319313
419769.2632722357	4569152.8365906589
419768.2973523655	4569152.5777493864
419767.3314324953	4569152.3189081140
419766.3655126250	4569152.0600668415
419765.4112267575	4569151.7616277225
419764.4588026103	4569151.4568519956
419763.5063784631	4569151.1520762686
419762.5539543159	4569150.8473005416
419761.6015301687	4569150.5425248146
419760.6491060215	4569150.2377490867
419759.6966818743	4569149.9329733597
419758.7442577271	4569149.6281976327
419757.7918335799	4569149.3234219057
419756.8394094327	4569149.0186461788
419755.8869852856	4569148.7138704518
419754.9345611384	4569148.4090947248
419753.9821369912	4569148.1043189969
419753.0297128440	4569147.7995432699
419752.0772886968	4569147.4947675429
419751.1248645496	4569147.1899918159
419750.1724404024	4569146.8852160890
419749.2200162552	4569146.5804403620
419748.2675921080	4569146.2756646341
419747.3151679609	4569145.9708889071
419746.3627438136	4569145.6661131801
419745.4103196665	4569145.3613374531
419744.4626568152	4569145.0421465691
419743.5160744480	4569144.7196844444
419742.5694920808	4569144.3972223187
419741.6229097136	4569144.0747601939
419740.6763273464	4569143.7522980692
419739.7297449792	4569143.4298359435
419738.7831626120	4569143.1073738188
419737.8365802448	4569142.7849116940
419736.8899978776	4569142.4624495683
419735.9434155104	4569142.1399874436
419734.9968331431	4569141.8175253188
419734.0541981386	4569141.4842142593
419733.1217212993	4569141.1229844932
419732.1892444600	4569140.7617547261
419731.2567676208	4569140.4005249599
419730.3242907815	4569140.0392951937
419729.3918139423	4569139.6780654266
419728.4593371030	4569139.3168356605
419727.5268602637	4569138.9556058934
419726.5943834245	4569138.5943761272
419725.6619065852	4569138.2331463611
419724.7294297460	4569137.8719165940
419723.7969529067	4569137.5106868278
419722.8644760674	4569137.1494570607
419721.9319992282	4569136.7882272946
419720.9995223889	4569136.4269975275
419720.0771923471	4569136.0405977610
419719.1548969446	4569135.6541120689
419718.2326015421	4569135.2676263759
419717.3103061395	4569134.8811406838
419716.3880107370	4569134.4946549917
419715.4657153345	4569134.1081692986
419714.5434199320	4569133.7216836065
419713.6211245295	4569133.3351979135
419712.6988291270	4569132.9487122213
419711.7765337244	4569132.5622265292
419710.8542383219	4569132.1757408362
419709.9319429194	4569131.7892551441
419709.0096475169	4569131.4027694510
419708.0808129376	4569131.0331472028
419707.1390710260	4569130.6968108052
419706.1973291144	4569130.3604744086
419705.2555872028	4569130.0241380110
419704.3138452912	4569129.6878016144
419703.3721033797	4569129.3514652178
419702.4303614681	4569129.0151288202
419701.4886195564	4569128.6787924236
419700.5468776449	4569128.3424560260
419699.6051357333	4569128.0061196294
419698.6633938217	4569127.6697832327
419697.7216519101	4569127.3334468352
419696.7799099985	4569126.9971104385
419695.8381680869	4569126.6607740410
419694.8964261753	4569126.3244376443
419693.9546842637	4569125.9881012477
419693.0129423521	4569125.6517648501
419692.0712004405	4569125.3154284535
419691.1294585290	4569124.9790920559
419690.1877166173	4569124.6427556593
419689.2459747058	4569124.3064192627
419688.3042327942	4569123.9700828651
419687.3524169968	4569123.6635319209
419686.3998552676	4569123.3591864714
419685.4472935385	4569123.0548410229
419684.4947318093	4569122.7504955744
419683.5421700801	4569122.4461501259
419682.5896083510	4569122.1418046774
419681.6370466218	4569121.8374592280
419680.6844848927	4569121.5331137795
419679.7319231635	4569121.2287683310
419678.7793614344	4569120.9244228825
419677.8267997052	4569120.6200774331
419676.8742379761	4569120.3157319846
419675.9216762469	4569120.0113865361
419674.9691145178	4569119.7070410876
419674.0165527886	4569119.4026956381
419673.0639910595	4569119.0983501896
419672.1114293303	4569118.7940047411
419671.1588676012	4569118.4896592926
419670.2063058720	4569118.1853138441
419669.2537441429	4569117.8809683947
419668.3011824137	4569117.5766229462
419667.3486206846	4569117.2722774977
419666.3960589554	4569116.9679320492
419665.4434972263	4569116.6635865998
419664.4909354971	4569116.3592411513
419663.5383737680	4569116.0548957027
419662.5858120388	4569115.7505502542
419661.6332503097	4569115.4462048048
419660.6806885805	4569115.1418593563
419659.7281268514	4569114.8375139078
419658.7678020395	4569114.5596466875
419657.8017054700	4569114.3014657078
419656.8356089004	4569114.0432847273
419655.8695123309	4569113.7851037476
419654.9034157614	4569113.5269227680
419653.9373191918	4569113.2687417883
419652.9712226223	4569113.0105608087
419652.0051260528	4569112.7523798281
419651.0390294832	4569112.4941988485
419650.0729329137	4569112.2360178689
419649.1068363442	4569111.9778368892
419648.1407397746	4569111.7196559096
419647.1746432051	4569111.4614749290
419646.2085466356	4569111.2032939494
419645.2407713471	4569110.9519756725
419644.2645842869	4569110.7350452142
419643.2883972267	4569110.5181147568
419642.3122101665	4569110.3011842985
419641.3360231063	4569110.0842538411
419640.3598360461	4569109.8673233828
419639.3836489860	4569109.6503929254
419638.4074619257	4569109.4334624680
419637.4312748655	4569109.2165320097
419636.4550878054	4569108.9996015523
419635.4789007452	4569108.7826710939
419634.5027136849	4569108.5657406365
419633.5265266248	4569108.3488101792
419632.5503395646	4569108.1318797208
419631.5741525044	4569107.9149492634
419630.5979654442	4569107.6980188051
419629.6179259963	4569107.4996432830
419628.6360647341	4569107.3100424875
419627.6542034718	4569107.1204416919
419626.6723422095	4569106.9308408964
419625.6904809473	4569106.7412401009
419624.7086196850	4569106.5516393054
419623.7267584227	4569106.3620385099
419622.7448971605	4569106.1724377144
419621.7630358982	4569105.9828369189
419620.7811746359	4569105.7932361234
419619.7993133737	4569105.6036353279
419618.8174521114	4569105.4140345324
419617.8355908491	4569105.2244337369
419616.8537295868	4569105.0348329414
419615.8718683245	4569104.8452321459
419614.8900070623	4569104.6556313504
419613.9081458000	4569104.4660305548
419612.9262845377	4569104.2764297593
419611.9418325493	4569104.1008004090
419610.9572700415	4569103.9257670743
419609.9727075337	4569103.7507337397
419608.9881450259	4569103.5757004051
419608.0035825181	4569103.4006670704
419607.0190200103	4569103.2256337358
419606.0344575026	4569103.0506004002
419605.0498949948	4569102.8755670656
419604.0653324870	4569102.7005337309
419603.0807699792	4569102.5255003963
419602.0962074714	4569102.3504670616
419601.1226870656	4569102.1219279766
419600.1492698973	4569101.8928886428
419599.1758527289	4569101.6638493091
419598.2024355606	4569101.4348099753
419597.2290183922	4569101.2057706416
419596.2556012239	4569100.9767313078
419595.2821840556	4569100.7476919750
419594.3087668873	4569100.5186526412
419593.3353497189	4569100.2896133075
419592.3619325506	4569100.0605739737
419591.3885153823	4569099.8315346399
419590.4150982139	4569099.6024953062
419589.4416810456	4569099.3734559724
419588.4682638772	4569099.1444166387
419587.4948467089	4569098.9153773049
419586.5214295406	4569098.6863379711
419585.5442867725	4569098.4770096038
419584.5544262507	4569098.3349668384
419583.5645657288	4569098.1929240730
419582.5747052069	4569098.0508813076
419581.5848446850	4569097.9088385422
419580.5949841631	4569097.7667957768
419579.6051236412	4569097.6247530114
419578.6152631194	4569097.4827102451
419577.6254025975	4569097.3406674797
419576.6355420756	4569097.1986247143
419575.6456815537	4569097.0565819489
419574.6558210319	4569096.9145391835
419573.6659605099	4569096.7724964181
419572.6760999881	4569096.6304536527
419571.6862394662	4569096.4884108873
419570.6963789443	4569096.3463681219
419569.7065184224	4569096.2043253565
419568.7166579006	4569096.0622825911
419567.7267973786	4569095.9202398257
419566.7369368568	4569095.7781970603
419565.7470763349	4569095.6361542940
419564.7572158131	4569095.4941115286
419563.7673552911	4569095.3520687632
419562.7774947693	4569095.2100259978
419561.7876342474	4569095.0679832324
419560.7977737255	4569094.9259404670
419559.8079132036	4569094.7838977017
419558.8216644294	4569094.6232038504
419557.8503350990	4569094.3854659023
419556.8790057686	4569094.1477279542
419555.9076764382	4569093.9099900061
419554.9363471078	4569093.6722520581
419553.9650177774	4569093.4345141100
419552.9936884470	4569093.1967761619
419552.0223591166	4569092.9590382138
419551.0510297862	4569092.7213002658
419550.0797004559	4569092.4835623177
419549.1083711254	4569092.2458243705
419548.1370417950	4569092.0080864225
419547.1657124646	4569091.7703484744
419546.1943831343	4569091.5326105263
419545.2230538039	4569091.2948725782
419544.2517244735	4569091.0571346302
419543.2803951431	4569090.8193966821
419542.3090658127	4569090.5816587340
419541.3329776609	4569090.3652610406
419540.3526691762	4569090.1677888287
419539.3723606915	4569089.9703166159
419538.3920522068	4569089.7728444031
419537.4117437221	4569089.5753721902
419536.4314352373	4569089.3778999774
419535.4511267526	4569089.1804277645
419534.4708182679	4569088.9829555517
419533.4905097832	4569088.7854833389
419532.5102012985	4569088.5880111270
419531.5298928137	4569088.3905389141
419530.5495843290	4569088.1930667013
419529.5692758443	4569087.9955944885
419528.5889673596	4569087.7981222756
419527.6086588749	4569087.6006500628
419526.6283503901	4569087.4031778499
419525.6480419055	4569087.2057056380
419524.6788100198	4569086.9636097616
419523.7199482913	4569086.6797362231
419522.7610865628	4569086.3958626846
419521.8022248343	4569086.1119891470
419520.8433631058	4569085.8281156085
419519.8845013773	4569085.5442420710
419518.9256396488	4569085.2603685325
419517.9667779203	4569084.9764949949
419517.0079161918	4569084.6926214565
419516.0490544633	4569084.4087479180
419515.0901927348	4569084.1248743804
419514.1313310063	4569083.8410008419
419513.1724692778	4569083.5571273044
419512.2136075493	4569083.2732537659
419511.2547458208	4569082.9893802283
419510.2958840923	4569082.7055066898
419509.3370223638	4569082.4216331523
419508.3781606353	4569082.1377596138
419507.4192989068	4569081.8538860753
419506.4480423170	4569081.6220480260
419505.4641724068	4569081.4431625875
419504.4803024967	4569081.2642771499
419503.4964325867	4569081.0853917114
419502.5125626765	4569080.9065062730
419501.5286927664	4569080.7276208354
419500.5448228563	4569080.5487353969
419499.5609529462	4569080.3698499594
419498.5941324335	4569080.1256866502
419497.6484458342	4569079.8006068813
419496.7027592349	4569079.4755271124
419495.7570726356	4569079.1504473444
419494.8113860363	4569078.8253675755
419493.8656994370	4569078.5002878075
419492.9200128377	4569078.1752080387
419491.9743262384	4569077.8501282698
419491.0354918556	4569077.5068909405
419490.1108137571	4569077.1261411346
419489.1861356587	4569076.7453913298
419488.2614575602	4569076.3646415239
419487.3367794617	4569075.9838917190
419486.4121013633	4569075.6031419141
419485.4874232648	4569075.2223921083
419484.5627451663	4569074.8416423034
419483.6380670679	4569074.4608924976
419482.7010505580	4569074.1133966558
419481.7518070739	4569073.7988544367
419480.8025635897	4569073.4843122168
419479.8533201056	4569073.1697699977
419478.9040766215	4569072.8552277777
419477.9548331374	4569072.5406855587
419477.0055896533	4569072.2261433387
419476.0563461692	4569071.9116011197
419475.1071026851	4569071.5970588997
419474.1578592009	4569071.2825166807
419473.2086157168	4569070.9679744607
419472.2410041667	4569070.7174530309
419471.2693890285	4569070.4808858670
419470.2977738903	4569070.2443187023
419469.3261587520	4569070.0077515384
419468.3545436138	4569069.7711843746
419467.3829284755	4569069.5346172098
419466.4113133373	4569069.2980500460
419465.4396981991	4569069.0614828821
419464.4680830608	4569068.8249157174
419463.4964679226	4569068.5883485535
419462.5248527843	4569068.3517813897
419461.5532376461	4569068.1152142258
419460.5816225079	4569067.8786470611
419459.6100073696	4569067.6420798972
419458.6629631569	4569067.3274556929
419457.7310316815	4569066.9648212697
419456.7991002061	4569066.6021868465
419455.8671687306	4569066.2395524224
419454.9352372552	4569065.8769179992
419454.0033057797	4569065.5142835760
419453.0713743043	4569065.1516491529
419452.1394428289	4569064.7890147287
419451.2075113534	4569064.4263803056
419450.2755798780	4569064.0637458824
419449.3436484026	4569063.7011114582
419448.4117169271	4569063.3384770351
419447.4797854517	4569062.9758426119
419446.5478539762	4569062.6132081877
419445.6159225008	4569062.2505737646
419444.6780275142	4569061.9052465511
419443.7205193250	4569061.6168404697
419442.7630111358	4569061.3284343891
419441.8055029466	4569061.0400283076
419440.8479947574	4569060.7516222261
419439.8904865682	4569060.4632161455
419438.9329783790	4569060.1748100640
419437.9754701898	4569059.8864039835
419437.0179620006	4569059.5979979020
419436.0604538114	4569059.3095918214
419435.1029456222	4569059.0211857399
419434.1253045902	4569058.8143168185
419433.1436012148	4569058.6239002151
419432.1618978394	4569058.4334836118
419431.1801944640	4569058.2430670094
419430.1984910885	4569058.0526504060
419429.2167877131	4569057.8622338036
419428.2350843377	4569057.6718172003
419427.2533809623	4569057.4814005969
419426.2716775869	4569057.2909839945
419425.2899742114	4569057.1005673911
419424.3082708360	4569056.9101507887
419423.3265674606	4569056.7197341854
419422.3448640852	4569056.5293175820
419421.3631607098	4569056.3389009796
419420.3790723092	4569056.1614816571
419419.3937218033	4569055.9909402234
419418.4083712975	4569055.8203987898
419417.4230207917	4569055.6498573562
419416.4376702858	4569055.4793159226
419415.4523197800	4569055.3087744890
419414.4669692741	4569055.1382330544
419413.4816187683	4569054.9676916208
419412.4962682624	4569054.7971501872
419411.5109177566	4569054.6266087536
419410.5255672508	4569054.4560673200
419409.5402167449	4569054.2855258863
419408.5548662390	4569054.1149844527
419407.5695157332	4569053.9444430182
419406.5841652273	4569053.7739015846
419405.5988147215	4569053.6033601509
419404.6323726227	4569053.3495375356
419403.6699846671	4569053.0778586389
419402.7075967114	4569052.8061797423
419401.7452087558	4569052.5345008457
419400.7828208002	4569052.2628219491
419399.8204328445	4569051.9911430525
419398.8580448889	4569051.7194641558
419397.8956569333	4569051.4477852592
419396.9332689776	4569051.1761063626
419395.9708810220	4569050.9044274660
419395.0084930664	4569050.6327485694
419394.0461051108	4569050.3610696727
419393.0837171551	4569050.0893907761
419392.1316994347	4569049.7838774184
419391.1823634554	4569049.4696144732
419390.2330274761	4569049.1553515289
419389.2836914969	4569048.8410885837
419388.3343555177	4569048.5268256385
419387.3850195384	4569048.2125626942
419386.4356835592	4569047.8982997490
419385.4863475799	4569047.5840368047
419384.5370116006	4569047.2697738595
419383.5703850844	4569047.0184994470
419382.5936499469	4569046.8040502202
419381.6169148094	4569046.5896009924
419380.6401796720	4569046.3751517646
419379.6634445345	4569046.1607025368
419378.6867093970	4569045.9462533090
419377.7099742596	4569045.7318040812
419376.7332391221	4569045.5173548544
419375.7565039846	4569045.3029056266
419374.7797688471	4569045.0884563988
419373.8030337097	4569044.8740071710
419372.8262985722	4569044.6595579432
419371.8495634347	4569044.4451087164
419370.8728282972	4569044.2306594886
419369.8960931598	4569044.0162102608
419368.9193580223	4569043.8017610330
419367.9426228848	4569043.5873118052
419366.9658877473	4569043.3728625784
419365.9891526099	4569043.1584133506
419365.0124174724	4569042.9439641228
419364.0356823349	4569042.7295148950
419363.0589471974	4569042.5150656672
419362.0822120600	4569042.3006164394
419361.1054769225	4569042.0861672126
419360.1287417850	4569041.8717179848
419359.1520066476	4569041.6572687570
419358.1752715101	4569041.4428195292
419357.1985363726	4569041.2283703014
419356.2218012351	4569041.0139210746
419355.2450660977	4569040.7994718468
419354.2683309602	4569040.5850226190
419353.2915958227	4569040.3705733912
419352.3148606852	4569040.1561241634
419351.3466047396	4569039.9103070889
419350.3948471155	4569039.6034562699
419349.4430894914	4569039.2966054520
419348.4913318673	4569038.9897546330
419347.5395742432	4569038.6829038141
419346.5878166190	4569038.3760529952
419345.6360589949	4569038.0692021772
419344.6843013708	4569037.7623513583
419343.7325437467	4569037.4555005394
419342.7807861226	4569037.1486497205
419341.8290284985	4569036.8417989016
419340.8772708744	4569036.5349480836
419339.9255132503	4569036.2280972647
419338.9737556261	4569035.9212464457
419338.0219980020	4569035.6143956268
419337.0702403779	4569035.3075448088
419336.1184827538	4569035.0006939899
419335.1667251297	4569034.6938431710
419334.2149675055	4569034.3869923521
419333.2632098814	4569034.0801415341
419332.3114522573	4569033.7732907152
419331.3596946332	4569033.4664398963
419330.4079370091	4569033.1595890773
419329.4464260082	4569032.8938033301
419328.4583368903	4569032.7399205985
419327.4702477724	4569032.5860378668
419326.4821586545	4569032.4321551360
419325.4940695365	4569032.2782724043
419324.5059804186	4569032.1243896727
419323.5178913007	4569031.9705069410
419322.5298021828	4569031.8166242093
419321.5417130649	4569031.6627414785
419320.5536239469	4569031.5088587468
419319.5655348290	4569031.3549760152
419318.5774457111	4569031.2010932835
419317.5893565932	4569031.0472105527
419316.6012674753	4569030.8933278210
419315.6131783573	4569030.7394450894
419314.6243647263	4569030.5903849602
419313.6346773554	4569030.4471407346
419312.6449899845	4569030.3038965100
419311.6553026137	4569030.1606522854
419310.6656152428	4569030.0174080608
419309.6759278719	4569029.8741638362
419308.6862405010	4569029.7309196116
419307.6965531301	4569029.5876753861
419306.7068657593	4569029.4444311615
419305.7215964314	4569029.2784762941
419304.7503855873	4569029.0402547661
419303.7791747432	4569028.8020332381
419302.8079638991	4569028.5638117101
419301.8367530550	4569028.3255901830
419300.8655422109	4569028.0873686550
419299.8943313668	4569027.8491471270
419298.9231205227	4569027.6109255990
419297.9519096785	4569027.3727040719
419296.9806988345	4569027.1344825439
419296.0094879904	4569026.8962610159
419295.0382771463	4569026.6580394879
419294.0670663021	4569026.4198179608
419293.0963370095	4569026.1796898451
419292.1284878745	4569025.9281584313
419291.1606387396	4569025.6766270176
419290.1927896047	4569025.4250956038
419289.2249404698	4569025.1735641900
419288.2570913349	4569024.9220327763
419287.2892421999	4569024.6705013635
419286.3213930650	4569024.4189699497
419285.3535439301	4569024.1674385360
419284.3856947951	4569023.9159071222
419283.4178456602	4569023.6643757084
419282.4499965253	4569023.4128442947
419281.4821473904	4569023.1613128819
419280.5142982555	4569022.9097814681
419279.5464491205	4569022.6582500543
419278.5785999856	4569022.4067186406
419277.6107508507	4569022.1551872268
419276.6429017157	4569021.9036558140
419275.6750525809	4569021.6521244003
419274.7072034459	4569021.4005929865
419273.7393543110	4569021.1490615727
419272.7715051761	4569020.8975301590
419271.8025078046	4569020.6506450176
419270.8289076676	4569020.4223846989
419269.8553075306	4569020.1941243792
419268.8817073937	4569019.9658640604
419267.9081072567	4569019.7376037408
419266.9345071198	4569019.5093434220
419265.9609069828	4569019.2810831033
419264.9873068459	4569019.0528227836
419264.0137067089	4569018.8245624648
419263.0401065719	4569018.5963021452
419262.0665064350	4569018.3680418264
419261.0929062980	4569018.1397815067
419260.1193061611	4569017.9115211880
419259.1457060241	4569017.6832608683
419258.1721058872	4569017.4550005496
419257.1985057502	4569017.2267402299
419256.2249056133	4569016.9984799111
419255.2513054763	4569016.7702195914
419254.2777053393	4569016.5419592727
419253.3041052024	4569016.3136989530
419252.3305050654	4569016.0854386343
419251.3569049285	4569015.8571783146
419250.3833047915	4569015.6289179958
419249.4097046546	4569015.4006576762
419248.4361045176	4569015.1723973574
419247.4625043806	4569014.9441370377
419246.4873238289	4569014.7228726484
419245.5101474650	4569014.5104430038
419244.5329711011	4569014.2980133602
419243.5557947372	4569014.0855837157
419242.5786183733	4569013.8731540712
419241.6014420094	4569013.6607244266
419240.6242656454	4569013.4482947821
419239.6470892815	4569013.2358651385
419238.6699129176	4569013.0234354939
419237.6927365536	4569012.8110058494
419236.7155601898	4569012.5985762049
419235.7383838258	4569012.3861465603
419234.7612074619	4569012.1737169167
419233.7840310980	4569011.9612872722
419232.8061058689	4569011.7523984890
419231.8265956812	4569011.5510038715
419230.8470854935	4569011.3496092530
419229.8675753057	4569011.1482146354
419228.8880651180	4569010.9468200170
419227.9085549303	4569010.7454253994
419226.9290447426	4569010.5440307809
419225.9495345549	4569010.3426361633
419224.9700243672	4569010.1412415449
419223.9905141795	4569009.9398469273
419223.0110039918	4569009.7384523088
419222.0314938041	4569009.5370576913
419221.0519836163	4569009.3356630728
419220.0762533848	4569009.1188243721
419219.1144507457	4569008.8450805442
419218.1526481066	4569008.5713367164
419217.1908454675	4569008.2975928886
419216.2290428283	4569008.0238490598
419215.2672401892	4569007.7501052320
419214.3054375501	4569007.4763614042
419213.3436349110	4569007.2026175763
419212.3818322719	4569006.9288737476
419211.4200296328	4569006.6551299198
419210.4582269936	4569006.3813860919
419209.4964243545	4569006.1076422641
419208.5346217154	4569005.8338984363
419207.5728190763	4569005.5601546075
419206.6110164371	4569005.2864107797
419205.6492137981	4569005.0126669519
419204.6874111590	4569004.7389231240
419203.7132503648	4569004.5130926585
419202.7390322928	4569004.2874842631
419201.7648142207	4569004.0618758667
419200.7905961487	4569003.8362674713
419199.8163780768	4569003.6106590759
419198.8421600047	4569003.3850506805
419197.8679419327	4569003.1594422841
419196.8937238608	4569002.9338338887
419195.9195057887	4569002.7082254933
419194.9452877167	4569002.4826170979
419193.9710696447	4569002.2570087016
419193.0043779720	4569002.0046901591
419192.0556946739	4569001.6884623934
419191.1070113759	4569001.3722346276
419190.1583280778	4569001.0560068609
419189.2096447798	4569000.7397790952
419188.2609614817	4569000.4235513294
419187.3122781837	4569000.1073235637
419186.3635948856	4568999.7910957970
419185.4149115876	4568999.4748680312
419184.4702638649	4568999.1476795906
419183.5430220278	4568998.7732165409
419182.6157801907	4568998.3987534912
419181.6885383536	4568998.0242904415
419180.7612965165	4568997.6498273918
419179.8340546793	4568997.2753643431
419178.9068128422	4568996.9009012934
419177.9554352037	4568996.6065674797
419176.9756311449	4568996.4066074677
419175.9958270861	4568996.2066474557
419175.0160230273	4568996.0066874437
419174.0362189686	4568995.8067274317
419173.0564149098	4568995.6067674197
419172.0766108510	4568995.4068074077
419171.0968067923	4568995.2068473957
419170.1170027335	4568995.0068873838
419169.1371986747	4568994.8069273708
419168.1573946160	4568994.6069673588
419167.1775905572	4568994.4070073469
419166.2034545062	4568994.1826896388
419165.2360295426	4568993.9295317046
419164.2686045790	4568993.6763737695
419163.3011796153	4568993.4232158354
419162.3337546517	4568993.1700579012
419161.3663296881	4568992.9168999670
419160.3989047245	4568992.6637420319
419159.4314797609	4568992.4105840977
419158.4640547973	4568992.1574261636
419157.4966298336	4568991.9042682294
419156.5292048700	4568991.6511102943
419155.5617799064	4568991.3979523601
419154.5943549428	4568991.1447944259
419153.6261879438	4568990.8945689080
419152.6547889373	4568990.6571158180
419151.6833899307	4568990.4196627270
419150.7119909242	4568990.1822096370
419149.7405919177	4568989.9447565461
419148.7691929112	4568989.7073034560
419147.7977939047	4568989.4698503660
419146.8263948981	4568989.2323972750
419145.8549958917	4568988.9949441850
419144.8835968852	4568988.7574910941
419143.9121978786	4568988.5200380040
419142.9408864996	4568988.2822304629
419141.9707439994	4568988.0396948373
419141.0006014993	4568987.7971592126
419140.0304589992	4568987.5546235880
419139.0603164991	4568987.3120879624
419138.0901739989	4568987.0695523378
419137.1200314988	4568986.8270167122
419136.1498889986	4568986.5844810875
419135.1797464985	4568986.3419454619
419134.2096039984	4568986.0994098373
419133.2394614982	4568985.8568742117
419132.2693189981	4568985.6143385870
419131.2991764980	4568985.3718029615
419130.3299106497	4568985.1258825921
419129.3640070536	4568984.8669805974
419128.3981034574	4568984.6080786018
419127.4321998612	4568984.3491766071
419126.4662962651	4568984.0902746124
419125.5003926689	4568983.8313726177
419124.5344890728	4568983.5724706231
419123.5685854766	4568983.3135686284
419122.6026818804	4568983.0546666328
419121.6367782842	4568982.7957646381
419120.6708746881	4568982.5368626434
419119.7049710920	4568982.2779606488
419118.7352010784	4568982.0381508479
419117.7446717209	4568981.9008497484
419116.7541423633	4568981.7635486498
419115.7636130057	4568981.6262475504
419114.7730836482	4568981.4889464518
419113.7825542906	4568981.3516453523
419112.7920249331	4568981.2143442538
419111.8014955755	4568981.0770431543
419110.8109662179	4568980.9397420557
419109.8204368604	4568980.8024409562
419108.8299075028	4568980.6651398567
419107.8393781453	4568980.5278387582
419106.8488487877	4568980.3905376587
419105.8726304916	4568980.1749821808
419104.8976190186	4568979.9528276678
419103.9226075456	4568979.7306731548
419102.9475960727	4568979.5085186427
419101.9725845997	4568979.2863641297
419100.9975731267	4568979.0642096167
419100.0225616537	4568978.8420551037
419099.0475501808	4568978.6199005917
419098.0725387078	4568978.3977460787
419097.0997943655	4568978.1666069366
419096.1361103003	4568977.8995619547
419095.1724262350	4568977.6325169727
419094.2087421698	4568977.3654719898
419093.2450581045	4568977.0984270079
419092.2813740393	4568976.8313820260
419091.3176899741	4568976.5643370440
419090.3540059088	4568976.2972920621
419089.3903218436	4568976.0302470801
419088.4266377783	4568975.7632020982
419087.4629537131	4568975.4961571163
419086.4997371714	4568975.2274315655
419085.5365931330	4568974.9584453925
419084.5734490945	4568974.6894592196
419083.6103050561	4568974.4204730466
419082.6471610176	4568974.1514868736
419081.6840169791	4568973.8825007007
419080.7208729407	4568973.6135145277
419079.7577289023	4568973.3445283547
419078.7945848638	4568973.0755421817
419077.8314408254	4568972.8065560088
419076.8682967869	4568972.5375698358
419075.9051527485	4568972.2685836637
419074.9420087100	4568971.9995974908
419073.9788646716	4568971.7306113178
419073.0157206332	4568971.4616251448
419072.0525765947	4568971.1926389718
419071.0894325563	4568970.9236527989
419070.1262885178	4568970.6546666259
419069.1631444794	4568970.3856804529
419068.2000004410	4568970.1166942799
419067.2368564025	4568969.8477081070
419066.2737123641	4568969.5787219340
419065.3105683256	4568969.3097357610
419064.3474242871	4568969.0407495890
419063.3842802487	4568968.7717634160
419062.4211362103	4568968.5027772430
419061.4579921718	4568968.2337910701
419060.4925608446	4568967.9737543780
419059.5184636443	4568967.7476246711
419058.5443664441	4568967.5214949641
419057.5702692438	4568967.2953652563
419056.5961720436	4568967.0692355493
419055.6220748434	4568966.8431058424
419054.6479776431	4568966.6169761354
419053.6738804428	4568966.3908464275
419052.6997832426	4568966.1647167206
419051.7256860424	4568965.9385870136
419050.7515888421	4568965.7124573067
419049.7774916418	4568965.4863275988
419048.8033944416	4568965.2601978919
419047.8292972413	4568965.0340681849
419046.8558544280	4568964.8051631441
419045.8833429311	4568964.5723082786
419044.9108314342	4568964.3394534132
419043.9383199373	4568964.1065985477
419042.9658084404	4568963.8737436822
419041.9932969435	4568963.6408888167
419041.0207854465	4568963.4080339512
419040.0482739497	4568963.1751790857
419039.0757624528	4568962.9423242202
419038.0939207040	4568962.7557791760
419037.1071132230	4568962.5938810743
419036.1203057421	4568962.4319829717
419035.1334982611	4568962.2700848691
419034.1466907802	4568962.1081867674
419033.1598832992	4568961.9462886648
419032.1730758182	4568961.7843905622
419031.1862683373	4568961.6224924596
419030.1994608564	4568961.4605943579
419029.2126533754	4568961.2986962553
419028.2258458945	4568961.1367981527
419027.2390384135	4568960.9749000510
419026.2522309326	4568960.8130019484
419025.2654234516	4568960.6511038458
419024.2786159707	4568960.4892057441
419023.2911628470	4568960.3320358098
419022.2970770561	4568960.2234382024
419021.3029912652	4568960.1148405951
419020.3089054743	4568960.0062429877
419019.3148196835	4568959.8976453803
419018.3207338925	4568959.7890477730
419017.3266481016	4568959.6804501647
419016.3325623108	4568959.5718525574
419015.3384765199	4568959.4632549500
419014.3443907290	4568959.3546573427
419013.3503049381	4568959.2460597353
419012.3562191472	4568959.1374621280
419011.3621333563	4568959.0288645206
419010.3680475654	4568958.9202669133
419009.3739617745	4568958.8116693059
419008.3880754201	4568958.6478244858
419007.4052984561	4568958.4630288174
419006.4225214921	4568958.2782331491
419005.4397445281	4568958.0934374807
419004.4569675642	4568957.9086418124
419003.4741906001	4568957.7238461440
419002.4914136362	4568957.5390504757
419001.5086366722	4568957.3542548073
419000.5258597082	4568957.1694591390
418999.5430827442	4568956.9846634706
418998.5603057802	4568956.7998678023
418997.5775288162	4568956.6150721340
418996.5947518522	4568956.4302764656
418995.6119748882	4568956.2454807973
418994.6380798535	4568956.0227688979
418993.6754758752	4568955.7518564006
418992.7128718969	4568955.4809439043
418991.7502679186	4568955.2100314070
418990.7876639403	4568954.9391189106
418989.8250599620	4568954.6682064133
418988.8624559837	4568954.3972939169
418987.8998520054	4568954.1263814196
418986.9372480272	4568953.8554689223
418985.9746440489	4568953.5845564259
418985.0120400706	4568953.3136439286
418984.0494360923	4568953.0427314322
418983.0868321140	4568952.7718189349
418982.1242281357	4568952.5009064386
418981.1616241574	4568952.2299939413
418980.1990201791	4568951.9590814440
418979.2364162008	4568951.6881689476
418978.2738122225	4568951.4172564503
418977.3112082442	4568951.1463439539
418976.3486042659	4568950.8754314566
418975.3860002876	4568950.6045189602
418974.4248043287	4568950.3286811598
418973.4644581019	4568950.0498709651
418972.5041118752	4568949.7710607694
418971.5437656484	4568949.4922505748
418970.5834194217	4568949.2134403801
418969.6230731949	4568948.9346301854
418968.6627269681	4568948.6558199907
418967.7023807414	4568948.3770097960
418966.7420345146	4568948.0981996004
418965.7816882879	4568947.8193894057
418964.8213420611	4568947.5405792110
418963.8609989944	4568947.2617581906
418962.9014675812	4568946.9801565800
418961.9419361679	4568946.6985549694
418960.9824047546	4568946.4169533588
418960.0228733414	4568946.1353517491
418959.0633419281	4568945.8537501385
418958.1038105149	4568945.5721485280
418957.1442791017	4568945.2905469174
418956.1847476884	4568945.0089453068
418955.2252162752	4568944.7273436971
418954.2656848619	4568944.4457420865
418953.3061534487	4568944.1641404759
418952.3340936461	4568943.9359193370
418951.3494703801	4568943.7612281125
418950.3648471140	4568943.5865368880
418949.3802238480	4568943.4118456626
418948.3956005819	4568943.2371544382
418947.4109773159	4568943.0624632137
418946.4263540498	4568942.8877719892
418945.4417307838	4568942.7130807647
418944.4699984716	4568942.4774846919
418943.4990338598	4568942.2382615265
418942.5280692481	4568941.9990383610
418941.5571046364	4568941.7598151965
418940.5861400246	4568941.5205920311
418939.6151754129	4568941.2813688656
418938.6442108011	4568941.0421457011
418937.6732461894	4568940.8029225357
418936.7031701968	4568940.5601593964
418935.7343367627	4568940.3124463027
418934.7655033286	4568940.0647332082
418933.7966698944	4568939.8170201145
418932.8278364603	4568939.5693070209
418931.8590030262	4568939.3215939263
418930.8901695921	4568939.0738808326
418929.9213361580	4568938.8261677390
418928.9525027239	4568938.5784546444
418927.9836692898	4568938.3307415508
418927.0148358556	4568938.0830284562
418926.0460024215	4568937.8353153626
418925.0771689874	4568937.5876022689
418924.1083355532	4568937.3398891743
418923.1395021191	4568937.0921760807
418922.1706686850	4568936.8444629870
418921.2018352509	4568936.5967498925
418920.2330018168	4568936.3490367988
418919.2641683826	4568936.1013237052
418918.2953349485	4568935.8536106106
418917.3265015144	4568935.6058975169
418916.3576680803	4568935.3581844233
418915.3855392677	4568935.1239908105
418914.4113865640	4568934.8981003286
418913.4372338603	4568934.6722098459
418912.4630811566	4568934.4463193640
418911.4889284529	4568934.2204288822
418910.5147757491	4568933.9945384003
418909.5406230454	4568933.7686479185
418908.5664703417	4568933.5427574357
418907.5913497419	4568933.3214424755
418906.6091707301	4568933.1334946398
418905.6269917184	4568932.9455468040
418904.6448127067	4568932.7575989682
418903.6626336949	4568932.5696511334
418902.6804546832	4568932.3817032976
418901.6982756714	4568932.1937554618
418900.7160966597	4568932.0058076261
418899.7339176479	4568931.8178597912
418898.7517386361	4568931.6299119554
418897.7695596244	4568931.4419641197
418896.7873806127	4568931.2540162839
418895.8052016009	4568931.0660684491
418894.8230225892	4568930.8781206133
418893.8408435774	4568930.6901727775
418892.8586645657	4568930.5022249417
418891.8764855539	4568930.3142771060
418890.8943065422	4568930.1263292711
418889.9121275305	4568929.9383814353
418888.9299485187	4568929.7504335996
418887.9511461501	4568929.5468939627
418886.9792102020	4568929.3116483185
418886.0072742539	4568929.0764026754
418885.0353383058	4568928.8411570322
418884.0634023577	4568928.6059113881
418883.0914664096	4568928.3706657449
418882.1195304615	4568928.1354201017
418881.1475945134	4568927.9001744576
418880.1756585653	4568927.6649288144
418879.2037226172	4568927.4296831712
418878.2317866691	4568927.1944375271
418877.2598507210	4568926.9591918839
418876.2879147729	4568926.7239462407
418875.3159788248	4568926.4887005966
418874.3440428766	4568926.2534549534
418873.3721069286	4568926.0182093102
418872.4001709805	4568925.7829636661
418871.4282350323	4568925.5477180229
418870.4562990843	4568925.3124723798
418869.4843631361	4568925.0772267357
418868.5187051319	4568924.8174785813
418867.5533956218	4568924.5563702714
418866.5880861116	4568924.2952619614
418865.6227766015	4568924.0341536505
418864.6574670913	4568923.7730453406
418863.6921575812	4568923.5119370306
418862.7268480711	4568923.2508287206
418861.7615385609	4568922.9897204107
418860.7962290508	4568922.7286121007
418859.8309195406	4568922.4675037898
418858.8656100304	4568922.2063954799
418857.9003005203	4568921.9452871699
418856.9349910101	4568921.6841788599
418855.9696815000	4568921.4230705500
418855.0043719899	4568921.1619622391
418854.0197778043	4568920.9945278578
418853.0298283107	4568920.8531065015
418852.0398788170	4568920.7116851453
418851.0499293233	4568920.5702637890
418850.0599798297	4568920.4288424328
418849.0700303361	4568920.2874210766
418848.0800808424	4568920.1459997203
418847.0901313487	4568920.0045783641
418846.1001818551	4568919.8631570078
418845.1102323614	4568919.7217356516
418844.1202828677	4568919.5803142954
418843.1303333740	4568919.4388929391
418842.1403838804	4568919.2974715829
418841.1489402954	4568919.1697421800
418840.1517880520	4568919.0943273045
418839.1546358085	4568919.0189124290
418838.1574835651	4568918.9434975535
418837.1603313217	4568918.8680826779
418836.1631790783	4568918.7926678024
418835.1660268349	4568918.7172529269
418834.1688745914	4568918.6418380514
418833.1717223480	4568918.5664231759
418832.1745701047	4568918.4910083003
418831.1774178612	4568918.4155934248
418830.1802656178	4568918.3401785493
418829.1831133744	4568918.2647636738
418828.1859611310	4568918.1893487973
418827.1888088876	4568918.1139339218
418826.2047566434	4568917.9396204036
418825.2223575744	4568917.7528262148
418824.2399585053	4568917.5660320250
418823.2575594362	4568917.3792378362
418822.2751603672	4568917.1924436465
418821.2927612981	4568917.0056494577
418820.3103622290	4568916.8188552689
418819.3279631600	4568916.6320610791
418818.3455640909	4568916.4452668903
418817.3631650219	4568916.2584727006
418816.3807659528	4568916.0716785118
418815.3983668838	4568915.8848843230
418814.4159678147	4568915.6980901333
418813.4335687456	4568915.5112959445
418812.4511696766	4568915.3245017547
418811.4687706075	4568915.1377075659
418810.4863715385	4568914.9509133771
418809.5070884077	4568914.7489162311
418808.5304148792	4568914.5341865905
418807.5537413507	4568914.3194569489
418806.5770678222	4568914.1047273083
418805.6003942936	4568913.8899976676
418804.6237207651	4568913.6752680261
418803.6470472366	4568913.4605383854
418802.6703737082	4568913.2458087439
418801.6937001797	4568913.0310791032
418800.7170266511	4568912.8163494626
418799.7403531226	4568912.6016198210
418798.7636795941	4568912.3868901804
418797.7870060656	4568912.1721605388
418796.8103325371	4568911.9574308982
418795.8336590086	4568911.7427012576
418794.8569854801	4568911.5279716160
418793.8803119516	4568911.3132419754
418792.9038879682	4568911.0973911649
418791.9283401842	4568910.8776037190
418790.9527924003	4568910.6578162741
418789.9772446163	4568910.4380288282
418789.0016968323	4568910.2182413833
418788.0261490483	4568909.9984539375
418787.0506012644	4568909.7786664926
418786.0750534804	4568909.5588790467
418785.0995056964	4568909.3390916009
418784.1239579124	4568909.1193041559
418783.1484101285	4568908.8995167101
418782.1728623444	4568908.6797292652
418781.1973145605	4568908.4599418193
418780.2217667765	4568908.2401543744
418779.2462189925	4568908.0203669285
418778.2706712085	4568907.8005794836
418777.2951234245	4568907.5807920378
418776.3195756406	4568907.3610045929
418775.3440278566	4568907.1412171470
418774.3684800726	4568906.9214297011
418773.3929322886	4568906.7016422562
418772.4173845047	4568906.4818548104
418771.4418367206	4568906.2620673655
418770.4662889367	4568906.0422799196
418769.4907411527	4568905.8224924747
418768.5151933687	4568905.6027050288
418767.5396455847	4568905.3829175839
418766.5640978008	4568905.1631301381
418765.5885500168	4568904.9433426922
418764.6130022328	4568904.7235552473
418763.6374544488	4568904.5037678014
418762.6609624693	4568904.2886753334
418761.6762924087	4568904.1142480653
418760.6916223481	4568903.9398207972
418759.7069522875	4568903.7653935300
418758.7222822269	4568903.5909662619
418757.7376121664	4568903.4165389938
418756.7529421057	4568903.2421117257
418755.7682720452	4568903.0676844586
418754.7836019845	4568902.8932571905
418753.7989319240	4568902.7188299224
418752.8142618634	4568902.5444026543
418751.8295918028	4568902.3699753871
418750.8449217422	4568902.1955481190
418749.8602516816	4568902.0211208509
418748.8755816210	4568901.8466935828
418747.8909115604	4568901.6722663157
418746.9062414998	4568901.4978390476
418745.9215714392	4568901.3234117795
418744.9369013786	4568901.1489845114
418743.9522313180	4568900.9745572442
418742.9675612574	4568900.8001299761
418741.9828911968	4568900.6257027080
418740.9922985324	4568900.4905054914
418740.0000206557	4568900.3664707560
418739.0077427789	4568900.2424360216
418738.0154649022	4568900.1184012871
418737.0231870255	4568899.9943665527
418736.0309091488	4568899.8703318182
418735.0386312721	4568899.7462970838
418734.0463533954	4568899.6222623484
418733.0540755187	4568899.4982276140
418732.0617976420	4568899.3741928795
418731.0695197652	4568899.2501581451
418730.0772418885	4568899.1261234106
418729.0849640118	4568899.0020886762
418728.0926861351	4568898.8780539408
418727.1004082584	4568898.7540192064
418726.1081303817	4568898.6299844719
418725.1158525050	4568898.5059497375
418724.1235746283	4568898.3819150031
418723.1312967516	4568898.2578802686
418722.1390188749	4568898.1338455332
418721.1467409981	4568898.0098107988
418720.1544631214	4568897.8857760644
418719.1621852447	4568897.7617413299
418718.1699073680	4568897.6377065955
418717.1776294913	4568897.5136718610
418716.1853516146	4568897.3896371257
418715.1930737379	4568897.2656023912
418714.2154854941	4568897.0621046713
418713.2444431039	4568896.8231974170
418712.2734007136	4568896.5842901617
418711.3023583234	4568896.3453829074
418710.3313159331	4568896.1064756522
418709.3602735429	4568895.8675683979
418708.3892311526	4568895.6286611427
418707.4181887624	4568895.3897538884
418706.4471463721	4568895.1508466341
418705.4761039819	4568894.9119393788
418704.5050615917	4568894.6730321245
418703.5340192014	4568894.4341248693
418702.5629768112	4568894.1952176150
418701.5919344210	4568893.9563103598
418700.6208920307	4568893.7174031055
418699.6497318040	4568893.4789790334
418698.6777255900	4568893.2440238884
418697.7057193759	4568893.0090687443
418696.7337131619	4568892.7741135992
418695.7617069479	4568892.5391584551
418694.7897007339	4568892.3042033110
418693.8176945199	4568892.0692481659
418692.8456883059	4568891.8342930218
418691.8736820919	4568891.5993378777
418690.9016758778	4568891.3643827327
418689.9296696638	4568891.1294275885
418688.9576634498	4568890.8944724444
418687.9856572357	4568890.6595172994
418687.0136510217	4568890.4245621553
418686.0416448077	4568890.1896070112
418685.0696385937	4568889.9546518661
418684.0976323796	4568889.7196967220
418683.1256261656	4568889.4847415769
418682.1536199516	4568889.2497864328
418681.1816137376	4568889.0148312887
418680.2096075236	4568888.7798761437
418679.2376013096	4568888.5449209996
418678.2655950955	4568888.3099658554
418677.2935888815	4568888.0750107104
418676.3215826675	4568887.8400555663
418675.3495764535	4568887.6051004222
418674.3775702394	4568887.3701452771
418673.4055640254	4568887.1351901330
418672.4335578114	4568886.9002349880
418671.4615515974	4568886.6652798438
418670.4895453833	4568886.4303246997
418669.5175391693	4568886.1953695547
418668.5455329553	4568885.9604144106
418667.5735267413	4568885.7254592665
418666.6015205272	4568885.4905041214
418665.6295143133	4568885.2555489773
418664.6575080992	4568885.0205938332
418663.6855018852	4568884.7856386881
418662.7249629803	4568884.5081488574
418661.7665772967	4568884.2226722706
418660.8081916131	4568883.9371956838
418659.8498059295	4568883.6517190970
418658.8914202460	4568883.3662425112
418657.9330345624	4568883.0807659244
418656.9746488788	4568882.7952893376
418656.0162631952	4568882.5098127509
418655.0578775117	4568882.2243361641
418654.0994918281	4568881.9388595773
418653.1411061445	4568881.6533829914
418652.1827204610	4568881.3679064047
418651.2243347774	4568881.0824298179
418650.2659490938	4568880.7969532311
418649.3075634102	4568880.5114766443
418648.3491777266	4568880.2260000575
418647.3907920430	4568879.9405234717
418646.4296475667	4568879.6653670762
418645.4566511723	4568879.4345467640
418644.4836547780	4568879.2037264518
418643.5106583837	4568878.9729061387
418642.5376619894	4568878.7420858266
418641.5646655951	4568878.5112655135
418640.5916692008	4568878.2804452013
418639.6186728065	4568878.0496248892
418638.6456764122	4568877.8188045761
418637.6726800179	4568877.5879842639
418636.6996836236	4568877.3571639508
418635.7266872293	4568877.1263436386
418634.7536908350	4568876.8955233265
418633.7806944407	4568876.6647030134
418632.8076980463	4568876.4338827012
418631.8347016521	4568876.2030623890
418630.8617052578	4568875.9722420759
418629.8887088635	4568875.7414217638
418628.9157124692	4568875.5106014507
418627.9427160748	4568875.2797811385
418626.9697196806	4568875.0489608264
418625.9967232863	4568874.8181405133
418625.0237268919	4568874.5873202011
418624.0507304977	4568874.3564998889
418623.0777341033	4568874.1256795758
418622.1047377090	4568873.8948592637
418621.1317413147	4568873.6640389506
418620.1587449204	4568873.4332186384
418619.1857485261	4568873.2023983262
418618.2127521318	4568872.9715780132
418617.2397557375	4568872.7407577010
418616.2667593432	4568872.5099373879
418615.2937629489	4568872.2791170757
418614.3207665546	4568872.0482967636
418613.3403769160	4568871.8577255774
418612.3488673854	4568871.7276915405
418611.3573578548	4568871.5976575036
418610.3658483242	4568871.4676234666
418609.3743387936	4568871.3375894297
418608.3828292630	4568871.2075553928
418607.3913197324	4568871.0775213558
418606.3998102017	4568870.9474873198
418605.4083006712	4568870.8174532829
418604.4167911406	4568870.6874192460
418603.4252816100	4568870.5573852090
418602.4337720794	4568870.4273511721
418601.4422625487	4568870.2973171351
418600.4507530182	4568870.1672830982
418599.4592434875	4568870.0372490622
418598.4742764547	4568869.8672529003
418597.4930648872	4568869.6743180417
418596.5118533197	4568869.4813831821
418595.5306417521	4568869.2884483235
418594.5494301846	4568869.0955134649
418593.5682186170	4568868.9025786063
418592.5870070495	4568868.7096437477
418591.6057954820	4568868.5167088881
418590.6245839144	4568868.3237740295
418589.6433723469	4568868.1308391709
418588.6621607794	4568867.9379043123
418587.6809492118	4568867.7449694537
418586.6997376443	4568867.5520345950
418585.7185260768	4568867.3590997355
418584.7373145093	4568867.1661648769
418583.7561029417	4568866.9732300183
418582.7748913741	4568866.7802951597
418581.7936798066	4568866.5873603011
418580.8124682391	4568866.3944254415
418579.8312566715	4568866.2014905829
418578.8500451040	4568866.0085557243
418577.8688335365	4568865.8156208657
418576.8837227428	4568865.6439056657
418575.8980204262	4568865.4754095431
418574.9123181098	4568865.3069134206
418573.9266157933	4568865.1384172980
418572.9409134768	4568864.9699211754
418571.9552111604	4568864.8014250528
418570.9695088439	4568864.6329289312
418569.9838065274	4568864.4644328086
418568.9981042110	4568864.2959366860
418568.0124018945	4568864.1274405634
418567.0266995780	4568863.9589444408
418566.0409972615	4568863.7904483182
418565.0552949450	4568863.6219521957
418564.0695926286	4568863.4534560731
418563.1175004525	4568863.1635637255
418562.1854957809	4568862.8011174649
418561.2534911093	4568862.4386712033
418560.3214864378	4568862.0762249427
418559.3894817662	4568861.7137786811
418558.4574770946	4568861.3513324205
418557.5254724231	4568860.9888861589
418556.5934677515	4568860.6264398983
418555.6614630799	4568860.2639936367
418554.7097003746	4568859.9744178336
418553.7222597426	4568859.8164273323
418552.7348191107	4568859.6584368320
418551.7473784788	4568859.5004463308
418550.7599378469	4568859.3424558295
418549.7724972150	4568859.1844653282
418548.7850565831	4568859.0264748270
418547.7976159512	4568858.8684843257
418546.8101753193	4568858.7104938244
418545.8227346873	4568858.5525033241
418544.8352940554	4568858.3945128229
418543.8478534235	4568858.2365223216
418542.8604127916	4568858.0785318203
418541.8729721597	4568857.9205413191
418540.8855315278	4568857.7625508178
418539.8983829266	4568857.6027957480
418538.9126910153	4568857.4342387673
418537.9269991039	4568857.2656817865
418536.9413071926	4568857.0971248047
418535.9556152812	4568856.9285678240
418534.9699233699	4568856.7600108422
418533.9842314585	4568856.5914538614
418532.9985395472	4568856.4228968807
418532.0128476358	4568856.2543398989
418531.0271557245	4568856.0857829181
418530.0414638131	4568855.9172259374
418529.0557719018	4568855.7486689556
418528.0700799904	4568855.5801119749
418527.0843880790	4568855.4115549931
418526.0986961677	4568855.2429980123
418525.1130042564	4568855.0744410316
418524.1273123450	4568854.9058840498
418523.1416204336	4568854.7373270690
418522.1559285223	4568854.5687700873
418521.1702366109	4568854.4002131065
418520.1845446996	4568854.2316561257
418519.1988527882	4568854.0630991440
418518.2131608769	4568853.8945421632
418517.2274689655	4568853.7259851815
418516.2417770542	4568853.5574282007
418515.2560851428	4568853.3888712199
418514.2703932315	4568853.2203142382
418513.2847013201	4568853.0517572574
418512.2990094088	4568852.8832002766
418511.3133174974	4568852.7146432949
418510.3276255861	4568852.5460863141
418509.3419336747	4568852.3775293324
418508.3562417634	4568852.2089723516
418507.3688391762	4568852.0512689687
418506.3790876081	4568851.9084689915
418505.3893360401	4568851.7656690143
418504.3995844720	4568851.6228690371
418503.4098329040	4568851.4800690589
418502.4200813360	4568851.3372690817
418501.4303297680	4568851.1944691045
418500.4405781999	4568851.0516691264
418499.4508266318	4568850.9088691492
418498.4610750638	4568850.7660691720
418497.4713234958	4568850.6232691947
418496.4815719277	4568850.4804692166
418495.4918203597	4568850.3376692394
418494.5020687917	4568850.1948692622
418493.5123172236	4568850.0520692850
418492.5225656556	4568849.9092693068
418491.5328140875	4568849.7664693296
418490.5430625195	4568849.6236693524
418489.5533109515	4568849.4808693742
418488.5635593834	4568849.3380693970
418487.5738078154	4568849.1952694198
418486.5840562473	4568849.0524694426
418485.5943046793	4568848.9096694645
418484.6045531113	4568848.7668694872
418483.6149728201	4568848.6229638103
418482.6284028822	4568848.4596244162
418481.6418329442	4568848.2962850230
418480.6552630062	4568848.1329456288
418479.6686930683	4568847.9696062356
418478.6821231304	4568847.8062668415
418477.6955531924	4568847.6429274483
418476.7089832545	4568847.4795880541
418475.7224133165	4568847.3162486609
418474.7358433786	4568847.1529092668
418473.7492734407	4568846.9895698735
418472.7627035027	4568846.8262304794
418471.7761335647	4568846.6628910862
418470.7895636268	4568846.4995516920
418469.8029936888	4568846.3362122979
418468.8164237509	4568846.1728729047
418467.8298538130	4568846.0095335105
418466.8432838750	4568845.8461941173
418465.8567139370	4568845.6828547232
418464.8755533415	4568845.4906704305
418463.8968363918	4568845.2854555864
418462.9181194420	4568845.0802407423
418461.9394024923	4568844.8750258982
418460.9606855426	4568844.6698110541
418459.9819685929	4568844.4645962091
418459.0032516431	4568844.2593813650
418458.0245346934	4568844.0541665209
418457.0458177437	4568843.8489516769
418456.0671007940	4568843.6437368328
418455.0883838442	4568843.4385219878
418454.1096668945	4568843.2333071437
418453.1309499447	4568843.0280922996
418452.1522329950	4568842.8228774555
418451.1735160453	4568842.6176626114
418450.1978187946	4568842.3989975723
418449.2253072977	4568842.1661427068
418448.2527958008	4568841.9332878422
418447.2802843038	4568841.7004329767
418446.3077728069	4568841.4675781112
418445.3352613100	4568841.2347232457
418444.3627498131	4568841.0018683802
418443.3902383162	4568840.7690135147
418442.4177268193	4568840.5361586493
418441.4452153223	4568840.3033037838
418440.4727038254	4568840.0704489183
418439.5001923285	4568839.8375940528
418438.5276808316	4568839.6047391873
418437.5551693347	4568839.3718843218
418436.5826578377	4568839.1390294563
418435.6101463408	4568838.9061745908
418434.6376348439	4568838.6733197253
418433.6651233470	4568838.4404648598
418432.6926118501	4568838.2076099943
418431.7201003531	4568837.9747551288
418430.7475888562	4568837.7419002634
418429.7750773593	4568837.5090453979
418428.8025658624	4568837.2761905324
418427.8300543655	4568837.0433356669
418426.8575428686	4568836.8104808014
418425.8850313717	4568836.5776259359
418424.9131700207	4568836.3421325330
418423.9438065072	4568836.0965019586
418422.9744429937	4568835.8508713851
418422.0050794802	4568835.6052408116
418421.0357159667	4568835.3596102381
418420.0663524532	4568835.1139796646
418419.0969889396	4568834.8683490911
418418.1276254261	4568834.6227185177
418417.1582619127	4568834.3770879442
418416.1888983991	4568834.1314573707
418415.2195348856	4568833.8858267963
418414.2501713721	4568833.6401962228
418413.2808078586	4568833.3945656493
418412.3114443451	4568833.1489350758
418411.3420808316	4568832.9033045024
418410.3727173181	4568832.6576739289
418409.4033538046	4568832.4120433554
418408.4339902911	4568832.1664127819
418407.4646267775	4568831.9207822084
418406.4952632641	4568831.6751516340
418405.5258997506	4568831.4295210605
418404.5565362370	4568831.1838904871
418403.5871727235	4568830.9382599136
418402.6178092100	4568830.6926293401
418401.6484456965	4568830.4469987666
418400.6790821830	4568830.2013681931
418399.7097186695	4568829.9557376197
418398.7403551560	4568829.7101070462
418397.7609108419	4568829.5093121044
418396.7796992744	4568829.3163772458
418395.7984877068	4568829.1234423872
418394.8172761393	4568828.9305075277
418393.8360645718	4568828.7375726691
418392.8548530042	4568828.5446378104
418391.8736414367	4568828.3517029518
418390.8924298692	4568828.1587680932
418389.9112183016	4568827.9658332337
418388.9300067341	4568827.7728983751
418387.9487951665	4568827.5799635164
418386.9675835990	4568827.3870286578
418385.9863720315	4568827.1940937992
418385.0051604639	4568827.0011589406
418384.0239488964	4568826.8082240811
418383.0427373289	4568826.6152892224
418382.0615257613	4568826.4223543638
418381.0803141938	4568826.2294195052
418380.0991026262	4568826.0364846466
418379.1178910587	4568825.8435497871
418378.1366794912	4568825.6506149285
418377.1570740199	4568825.4509799723
418376.1950282089	4568825.1780919787
418375.2329823979	4568824.9052039841
418374.2709365869	4568824.6323159896
418373.3088907759	4568824.3594279950
418372.3468449649	4568824.0865400005
418371.3847991539	4568823.8136520060
418370.4227533429	4568823.5407640114
418369.4607075319	4568823.2678760169
418368.4986617208	4568822.9949880224
418367.5366159098	4568822.7221000278
418366.5745700988	4568822.4492120333
418365.6125242878	4568822.1763240388
418364.6504784768	4568821.9034360442
418363.6884326658	4568821.6305480506
418362.7263868548	4568821.3576600561
418361.7643410438	4568821.0847720616
418360.8022952327	4568820.8118840670
418359.8402494217	4568820.5389960725
418358.8782036107	4568820.2661080780
418357.9161577997	4568819.9932200834
418356.9541119887	4568819.7203320889
418355.9920661777	4568819.4474440943
418355.0300203667	4568819.1745560998
418354.0679745557	4568818.9016681053
418353.1059287447	4568818.6287801107
418352.1416762330	4568818.3647515969
418351.1640279217	4568818.1545046484
418350.1863796104	4568817.9442576990
418349.2087312991	4568817.7340107504
418348.2310829878	4568817.5237638019
418347.2534346765	4568817.3135168534
418346.2757863653	4568817.1032699049
418345.2981380540	4568816.8930229554
418344.3204897427	4568816.6827760069
418343.3428414314	4568816.4725290583
418342.3651931201	4568816.2622821098
418341.3875448088	4568816.0520351613
418340.4041587466	4568815.8714539921
418339.4186214906	4568815.7019950971
418338.4330842346	4568815.5325362021
418337.4475469786	4568815.3630773081
418336.4620097226	4568815.1936184131
418335.4764724665	4568815.0241595181
418334.4909352105	4568814.8547006231
418333.5053979545	4568814.6852417290
418332.5198606985	4568814.5157828340
418331.5343234424	4568814.3463239390
418330.5487861864	4568814.1768650450
418329.5632489304	4568814.0074061500
418328.5777116744	4568813.8379472550
418327.5921744184	4568813.6684883609
418326.6066371623	4568813.4990294660
418325.6210999063	4568813.3295705710
418324.6355626503	4568813.1601116769
418323.6500253942	4568812.9906527819
418322.6644881382	4568812.8211938869
418321.6789508822	4568812.6517349919
418320.6934136262	4568812.4822760979
418319.7078763702	4568812.3128172029
418318.7223391141	4568812.1433583079
418317.7368018581	4568811.9738994138
418316.7512646021	4568811.8044405188
418315.7657273461	4568811.6349816239
418314.7801900901	4568811.4655227298
418313.7857830295	4568811.3650386455
418312.7894363805	4568811.2796375044
418311.7930897314	4568811.1942363633
418310.7967430824	4568811.1088352213
418309.8003964334	4568811.0234340802
418308.8040497843	4568810.9380329391
418307.8077031353	4568810.8526317980
418306.8113564863	4568810.7672306569
418305.8150098372	4568810.6818295149
418304.8186631882	4568810.5964283738
418303.8223165391	4568810.5110272327
418302.8259698901	4568810.4256260917
418301.8290287717	4568810.3592623565
418300.8292949376	4568810.3823331380
418299.8295611036	4568810.4054039186
418298.8298272694	4568810.4284746991
418297.8300934353	4568810.4515454797
418296.8303596012	4568810.4746162612
418295.8306257671	4568810.4976870418
418294.8308919330	4568810.5207578223
418293.8311580988	4568810.5438286029
418292.8314242647	4568810.5668993844
418291.8316904306	4568810.5899701649
418290.8319565965	4568810.6130409455
418289.8322227624	4568810.6361117261
418288.8324889283	4568810.6591825075
418287.8327550942	4568810.6822532881
418286.8330212601	4568810.7053240687
418285.8350229297	4568810.6687143901
418284.8383191614	4568810.5875873389
418283.8416153932	4568810.5064602876
418282.8449116250	4568810.4253332373
418281.8482078567	4568810.3442061860
418280.8515040885	4568810.2630791347
418279.8548003203	4568810.1819520844
418278.8580965520	4568810.1008250332
418277.8613927838	4568810.0196979819
418276.8646890156	4568809.9385709316
418275.8708427344	4568809.8357622279
418274.8871531964	4568809.6558875702
418273.9034636583	4568809.4760129116
418272.9197741203	4568809.2961382531
418271.9360845822	4568809.1162635945
418270.9523950442	4568808.9363889359
418269.9687055061	4568808.7565142782
418268.9850159681	4568808.5766396197
418268.0013264300	4568808.3967649611
418267.0176368919	4568808.2168903025
418266.0339473539	4568808.0370156448
418265.0502578158	4568807.8571409862
418264.0665682778	4568807.6772663277
418263.0828787398	4568807.4973916691
418262.0991892017	4568807.3175170105
418261.1154996637	4568807.1376423528
418260.1318101256	4568806.9577676943
418259.1481205875	4568806.7778930357
418258.1644310495	4568806.5980183771
418257.1807415114	4568806.4181437194
418256.1970519734	4568806.2382690609
418255.2133624353	4568806.0583944023
418254.2372514079	4568805.8415969592
418253.2622399350	4568805.6194424462
418252.2872284620	4568805.3972879341
418251.3122169890	4568805.1751334211
418250.3372055160	4568804.9529789081
418249.3621940430	4568804.7308243951
418248.3871825701	4568804.5086698821
418247.4121710971	4568804.2865153700
418246.4371596242	4568804.0643608570
418245.4621481512	4568803.8422063440
418244.4871366782	4568803.6200518310
418243.5121252052	4568803.3978973180
418242.5371137323	4568803.1757428050
418241.5621022593	4568802.9535882929
418240.5870907863	4568802.7314337799
418239.6120793133	4568802.5092792669
418238.6370678404	4568802.2871247539
418237.6620563674	4568802.0649702409
418236.6870448945	4568801.8428157279
418235.7164831982	4568801.6028915904
418234.7518411248	4568801.3393281819
418233.7871990513	4568801.0757647743
418232.8225569778	4568800.8122013658
418231.8579149043	4568800.5486379582
418230.8932728308	4568800.2850745507
418229.9286307573	4568800.0215111421
418228.9639886839	4568799.7579477346
418227.9993466104	4568799.4943843260
418227.0347045369	4568799.2308209185
418226.0700624634	4568798.9672575099
418225.1054203899	4568798.7036941024
418224.1407783164	4568798.4401306938
418223.1761362429	4568798.1765672863
418222.2114941694	4568797.9130038777
418221.2468520959	4568797.6494404702
418220.2822100225	4568797.3858770616
418219.3175679490	4568797.1223136541
418218.3529258755	4568796.8587502455
418217.3882838020	4568796.5951868379
418216.4236417285	4568796.3316234294
418215.4589996550	4568796.0680600218
418214.4943575815	4568795.8044966133
418213.5294048871	4568795.5420740591
418212.5642965985	4568795.2802229729
418211.5991883099	4568795.0183718866
418210.6340800213	4568794.7565208003
418209.6689717327	4568794.4946697149
418208.7038634441	4568794.2328186287
418207.7387551555	4568793.9709675424
418206.7736468669	4568793.7091164561
418205.8085385782	4568793.4472653707
418204.8434302897	4568793.1854142845
418203.8783220010	4568792.9235631982
418202.9132137124	4568792.6617121119
418201.9481054239	4568792.3998610266
418200.9829971352	4568792.1380099403
418200.0178888467	4568791.8761588540
418199.0527805580	4568791.6143077677
418198.0766477318	4568791.4004674889
418197.0939860781	4568791.2150596296
418196.1113244244	4568791.0296517704
418195.1286627706	4568790.8442439111
418194.1460011169	4568790.6588360528
418193.1633394631	4568790.4734281935
418192.1806778093	4568790.2880203342
418191.1980161556	4568790.1026124749
418190.2153545018	4568789.9172046157
418189.2326928480	4568789.7317967564
418188.2500311943	4568789.5463888971
418187.2673695405	4568789.3609810378
418186.2847078868	4568789.1755731795
418185.3064799832	4568788.9685788946
418184.3302929231	4568788.7516484372
418183.3541058629	4568788.5347179789
418182.3779188027	4568788.3177875215
418181.4017317425	4568788.1008570632
418180.4255446823	4568787.8839266058
418179.4493576222	4568787.6669961484
418178.4731705620	4568787.4500656901
418177.4969835018	4568787.2331352327
418176.5207964416	4568787.0162047744
418175.5446093814	4568786.7992743170
418174.5684223212	4568786.5823438587
418173.5922352610	4568786.3654134013
418172.6160482008	4568786.1484829430
418171.6398611407	4568785.9315524856
418170.6636740805	4568785.7146220282
418169.6874870203	4568785.4976915698
418168.7112999601	4568785.2807611125
418167.7447871244	4568785.0241926899
418166.7784229578	4568784.7670151303
418165.8120587913	4568784.5098375697
418164.8456946247	4568784.2526600091
418163.8793304581	4568783.9954824485
418162.9129662916	4568783.7383048879
418161.9466021250	4568783.4811273273
418160.9802379585	4568783.2239497667
418160.0138737919	4568782.9667722071
418159.0475096254	4568782.7095946465
418158.0811454588	4568782.4524170859
418157.1147812923	4568782.1952395253
418156.1484171257	4568781.9380619647
418155.1820529592	4568781.6808844041
418154.2156887927	4568781.4237068435
418153.2441002479	4568781.1877367171
418152.2688561200	4568780.9666057816
418151.2936119920	4568780.7454748452
418150.3183678640	4568780.5243439097
418149.3431237361	4568780.3032129733
418148.3678796081	4568780.0820820378
418147.3926354801	4568779.8609511014
418146.4173913521	4568779.6398201650
418145.4421472242	4568779.4186892295
418144.4669030962	4568779.1975582931
418143.4916589682	4568778.9764273576
418142.5164148403	4568778.7552964212
418141.5411707123	4568778.5341654858
418140.5659265843	4568778.3130345494
418139.5906824564	4568778.0919036129
418138.6154383284	4568777.8707726775
418137.6401942005	4568777.6496417411
418136.6649500725	4568777.4285108056
418135.6897059445	4568777.2073798692
418134.7144618166	4568776.9862489328
418133.7392176886	4568776.7651179973
418132.7588590888	4568776.5703751836
418131.7716179681	4568776.4111427451
418130.7843768474	4568776.2519103065
418129.7971357267	4568776.0926778670
418128.8098946060	4568775.9334454285
418127.8226534853	4568775.7742129900
418126.8354123646	4568775.6149805505
418125.8481712439	4568775.4557481119
418124.8609301232	4568775.2965156734
418123.8736890024	4568775.1372832349
418122.8864478817	4568774.9780507954
418121.8992067610	4568774.8188183568
418120.9119656403	4568774.6595859183
418119.9247245196	4568774.5003534788
418118.9374833989	4568774.3411210403
418117.9502422781	4568774.1818886017
418116.9630011574	4568774.0226561623
418115.9757600367	4568773.8634237237
418114.9885189160	4568773.7041912852
418114.0012777953	4568773.5449588466
418113.0140366746	4568773.3857264072
418112.0267955539	4568773.2264939686
418111.0395544332	4568773.0672615301
418110.0523133124	4568772.9080290906
418109.0650721917	4568772.7487966521
418108.0778310710	4568772.5895642135
418107.0905899503	4568772.4303317741
418106.1033488296	4568772.2710993355
418105.1161077089	4568772.1118668970
418104.1288665881	4568771.9526344584
418103.1401338071	4568771.8038890436
418102.1476481768	4568771.6815278018
418101.1551625464	4568771.5591665599
418100.1626769161	4568771.4368053172
418099.1701912857	4568771.3144440753
418098.1777056554	4568771.1920828335
418097.1852200250	4568771.0697215917
418096.1927343947	4568770.9473603489
418095.2002487644	4568770.8249991070
418094.2077631340	4568770.7026378652
418093.2152775037	4568770.5802766234
418092.2227918734	4568770.4579153806
418091.2303062430	4568770.3355541388
418090.2378206126	4568770.2131928969
418089.2453349823	4568770.0908316551
418088.2528493520	4568769.9684704123
418087.2603637216	4568769.8461091705
418086.2678780913	4568769.7237479286
418085.2728209034	4568769.6262880564
418084.2762751451	4568769.5432425765
418083.2797293869	4568769.4601970967
418082.2831836286	4568769.3771516168
418081.2866378704	4568769.2941061370
418080.2900921122	4568769.2110606572
418079.2935463539	4568769.1280151764
418078.2970005957	4568769.0449696966
418077.3004548374	4568768.9619242167
418076.3039090792	4568768.8788787369
418075.3073633210	4568768.7958332570
418074.3108175627	4568768.7127877772
418073.3142718045	4568768.6297422973
418072.3177260462	4568768.5466968175
418071.3211802880	4568768.4636513377
418070.3246345297	4568768.3806058578
418069.3280887715	4568768.2975603780
418068.3308282003	4568768.2524134694
418067.3318596601	4568768.2978211306
418066.3328911198	4568768.3432287909
418065.3339225797	4568768.3886364521
418064.3349540395	4568768.4340441134
418063.3359854992	4568768.4794517737
418062.3370169590	4568768.5248594349
418061.3380484188	4568768.5702670962
418060.3390798786	4568768.6156747565
418059.3401113384	4568768.6610824177
418058.3411427982	4568768.7064900789
418057.3421742580	4568768.7518977392
418056.3432057178	4568768.7973054005
418055.3442371775	4568768.8427130617
418054.3452686374	4568768.8881207230
418053.3463000971	4568768.9335283833
418052.3473315569	4568768.9789360445
418051.3483630167	4568769.0243437057
418050.3493944765	4568769.0697513660
418049.3539858170	4568769.1624400849
418048.3594803641	4568769.2671248699
418047.3649749112	4568769.3718096539
418046.3704694583	4568769.4764944389
418045.3759640053	4568769.5811792230
418044.3814585524	4568769.6858640080
418043.3869530995	4568769.7905487921
418042.3924476466	4568769.8952335762
418041.3979421936	4568769.9999183612
418040.4034367407	4568770.1046031453
418039.4089312878	4568770.2092879303
418038.4144258349	4568770.3139727144
418037.4199203819	4568770.4186574994
418036.4254149290	4568770.5233422834
418035.4309094761	4568770.6280270685
418034.4364040232	4568770.7327118525
418033.4418985702	4568770.8373966375
418032.4473931173	4568770.9420814216
418031.4528876644	4568771.0467662057
418030.4583822115	4568771.1514509907
418029.4638767586	4568771.2561357748
418028.4693713056	4568771.3608205598
418027.4748658527	4568771.4655053439
418026.4756851238	4568771.4935307782
418025.4758287297	4568771.5104774963
418024.4759723357	4568771.5274242153
418023.4761159416	4568771.5443709334
418022.4762595475	4568771.5613176525
418021.4764031535	4568771.5782643706
418020.4765467595	4568771.5952110896
418019.4766903654	4568771.6121578077
418018.4768339714	4568771.6291045258
418017.4769775773	4568771.6460512448
418016.4771211833	4568771.6629979629
418015.4772647892	4568771.6799446819
418014.4774083951	4568771.6968914000
418013.4775520011	4568771.7138381191
418012.4789532827	4568771.6746848598
418011.4808608724	4568771.6129471846
418010.4827684621	4568771.5512095103
418009.4846760518	4568771.4894718351
418008.4865836415	4568771.4277341608
418007.4884912312	4568771.3659964856
418006.4903988209	4568771.3042588113
418005.4923064106	4568771.2425211361
418004.4942140003	4568771.1807834608
418003.4961215900	4568771.1190457866
418002.4980291797	4568771.0573081113
418001.5010433988	4568770.9876595680
418000.5243223742	4568770.7731460724
417999.5476013495	4568770.5586325759
417998.5708803248	4568770.3441190794
417997.5941593002	4568770.1296055838
417996.6174382756	4568769.9150920874
417995.6407172509	4568769.7005785918
417994.6639962262	4568769.4860650953
417993.6872752016	4568769.2715515997
417992.7105541770	4568769.0570381032
417991.7338331523	4568768.8425246077
417990.7571121276	4568768.6280111112
417989.7803911030	4568768.4134976147
417988.8036700784	4568768.1989841191
417987.8269490537	4568767.9844706226
417986.8502280290	4568767.7699571270
417985.8735070044	4568767.5554436306
417984.8967859797	4568767.3409301350
417983.9200649551	4568767.1264166385
417982.9433439304	4568766.9119031429
417981.9666229058	4568766.6973896464
417980.9899018811	4568766.4828761499
417980.0131808564	4568766.2683626544
417979.0364598318	4568766.0538491579
417978.0597388072	4568765.8393356623
417977.0830177825	4568765.6248221658
417976.1062967578	4568765.4103086703
417975.1433952513	4568765.1422313256
417974.1848076293	4568764.8574335538
417973.2262200072	4568764.5726357820
417972.2676323851	4568764.2878380101
417971.3090447631	4568764.0030402383
417970.3504571410	4568763.7182424664
417969.3918695189	4568763.4334446946
417968.4332818968	4568763.1486469237
417967.4746942748	4568762.8638491519
417966.5161066527	4568762.5790513800
417965.5575190306	4568762.2942536082
417964.5989314086	4568762.0094558364
417963.6403437865	4568761.7246580645
417962.6817561644	4568761.4398602927
417961.7231685423	4568761.1550625209
417960.7645809202	4568760.8702647490
417959.8059932982	4568760.5854669772
417958.8393275208	4568760.3315150030
417957.8641946651	4568760.1098938994
417956.8890618093	4568759.8882727958
417955.9139289535	4568759.6666516922
417954.9387960977	4568759.4450305887
417953.9636632419	4568759.2234094851
417952.9885303861	4568759.0017883815
417952.0133975303	4568758.7801672779
417951.0382646745	4568758.5585461743
417950.0631318187	4568758.3369250707
417949.0879989629	4568758.1153039671
417948.1128661071	4568757.8936828636
417947.1377332513	4568757.6720617609
417946.1626003955	4568757.4504406573
417945.1874675397	4568757.2288195537
417944.2123346839	4568757.0071984502
417943.2372018281	4568756.7855773466
417942.2620689724	4568756.5639562430
417941.2869361165	4568756.3423351394
417940.3118032607	4568756.1207140358
417939.3366704050	4568755.8990929322
417938.3615375491	4568755.6774718286
417937.3864046934	4568755.4558507251
417936.4112718376	4568755.2342296215
417935.4348920647	4568755.0188226867
417934.4497467179	4568754.8471001033
417933.4646013711	4568754.6753775198
417932.4794560243	4568754.5036549363
417931.4943106775	4568754.3319323538
417930.5091653306	4568754.1602097703
417929.5240199839	4568753.9884871868
417928.5388746370	4568753.8167646034
417927.5537292902	4568753.6450420199
417926.5685839434	4568753.4733194364
417925.5834385966	4568753.3015968530
417924.5982932498	4568753.1298742695
417923.6131479030	4568752.9581516860
417922.6280025561	4568752.7864291025
417921.6424525499	4568752.6170473518
417920.6568302951	4568752.4480835367
417919.6712080402	4568752.2791197216
417918.6855857854	4568752.1101559065
417917.6999635306	4568751.9411920914
417916.7143412758	4568751.7722282764
417915.7287190210	4568751.6032644613
417914.7430967662	4568751.4343006462
417913.7574745114	4568751.2653368302
417912.7718522566	4568751.0963730151
417911.7862300018	4568750.9274092000
417910.8006077470	4568750.7584453849
417909.8150536524	4568750.5890910309
417908.8304663482	4568750.4141972335
417907.8458790439	4568750.2393034361
417906.8612917398	4568750.0644096388
417905.8767044355	4568749.8895158404
417904.8921171314	4568749.7146220431
417903.9075298271	4568749.5397282457
417902.9229425229	4568749.3648344483
417901.9383552187	4568749.1899406509
417900.9537679145	4568749.0150468536
417899.9691806103	4568748.8401530562
417898.9845933061	4568748.6652592588
417898.0000060019	4568748.4903654614
417897.0154186976	4568748.3154716641
417896.0308313935	4568748.1405778667
417895.0462440892	4568747.9656840693
417894.0616567850	4568747.7907902710
417893.0770694808	4568747.6158964736
417892.0924821766	4568747.4410026763
417891.1021364789	4568747.3079242893
417890.1069248877	4568747.2101802938
417889.1117132964	4568747.1124362983
417888.1165017052	4568747.0146923028
417887.1212901140	4568746.9169483064
417886.1260785227	4568746.8192043109
417885.1308669315	4568746.7214603154
417884.1356553402	4568746.6237163199
417883.1404437490	4568746.5259723244
417882.1452321577	4568746.4282283289
417881.1500205666	4568746.3304843334
417880.1548089753	4568746.2327403380
417879.1595973841	4568746.1349963425
417878.1652658140	4568746.0320229903
417877.1928785120	4568745.7986500375
417876.2204912100	4568745.5652770847
417875.2481039080	4568745.3319041329
417874.2757166060	4568745.0985311801
417873.3033293041	4568744.8651582282
417872.3309420020	4568744.6317852754
417871.3585547001	4568744.3984123226
417870.3861673981	4568744.1650393708
417869.4137800961	4568743.9316664180
417868.4413927941	4568743.6982934652
417867.4690054921	4568743.4649205133
417866.4966181901	4568743.2315475605
417865.5242308881	4568742.9981746078
417864.5518435861	4568742.7648016559
417863.5794562841	4568742.5314287031
417862.6070689822	4568742.2980557512
417861.6346816801	4568742.0646827985
417860.6622943782	4568741.8313098457
417859.6887942314	4568741.6026694579
417858.7143035918	4568741.3782413099
417857.7398129522	4568741.1538131628
417856.7653223126	4568740.9293850157
417855.7908316729	4568740.7049568687
417854.8163410333	4568740.4805287207
417853.8418503937	4568740.2561005736
417852.8673597541	4568740.0316724265
417851.8928691145	4568739.8072442794
417850.9183784749	4568739.5828161314
417849.9438878353	4568739.3583879843
417848.9693971956	4568739.1339598373
417847.9949065560	4568738.9095316902
417847.0204159164	4568738.6851035422
417846.0459252768	4568738.4606753951
417845.0714346372	4568738.2362472480
417844.0969439976	4568738.0118191009
417843.1224533579	4568737.7873909529
417842.1479627184	4568737.5629628059
417841.1734720787	4568737.3385346588
417840.2053393061	4568737.0920303660
417839.2607521680	4568736.7637695875
417838.3161650300	4568736.4355088091
417837.3715778920	4568736.1072480306
417836.4269907539	4568735.7789872522
417835.4824036159	4568735.4507264737
417834.5378164779	4568735.1224656953
417833.5932293399	4568734.7942049168
417832.6486422019	4568734.4659441384
417831.7040550639	4568734.1376833599
417830.7594679258	4568733.8094225815
417829.8148807878	4568733.4811618030
417828.8702936498	4568733.1529010246
417827.9257065117	4568732.8246402461
417826.9811193737	4568732.4963794677
417826.0365322357	4568732.1681186892
417825.0919450977	4568731.8398579108
417824.1473579596	4568731.5115971323
417823.1956641942	4568731.2068276498
417822.2275172826	4568730.9564448278
417821.2593703710	4568730.7060620058
417820.2912234594	4568730.4556791838
417819.3230765477	4568730.2052963618
417818.3549296361	4568729.9549135398
417817.3867827245	4568729.7045307178
417816.4186358128	4568729.4541478958
417815.4504889012	4568729.2037650747
417814.4823419896	4568728.9533822527
417813.5141950780	4568728.7029994307
417812.5460481664	4568728.4526166087
417811.5779012547	4568728.2022337867
417810.6097543431	4568727.9518509647
417809.6416074315	4568727.7014681427
417808.6679567558	4568727.4735184209
417807.6938595555	4568727.2473887140
417806.7197623553	4568727.0212590070
417805.7456651550	4568726.7951293001
417804.7715679548	4568726.5689995922
417803.7974707546	4568726.3428698853
417802.8233735543	4568726.1167401783
417801.8492763541	4568725.8906104704
417800.8751791538	4568725.6644807635
417799.9010819536	4568725.4383510565
417798.9269847534	4568725.2122213496
417797.9528875531	4568724.9860916417
417796.9787903528	4568724.7599619348
417796.0046931526	4568724.5338322278
417795.0305959524	4568724.3077025199
417794.0564987522	4568724.0815728130
417793.0824015519	4568723.8554431060
417792.1083043517	4568723.6293133991
417791.1342071514	4568723.4031836912
417790.1601099512	4568723.1770539843
417789.1857737841	4568722.9519645907
417788.2106409284	4568722.7303434871
417787.2355080726	4568722.5087223835
417786.2603752168	4568722.2871012799
417785.2852423610	4568722.0654801764
417784.3101095052	4568721.8438590728
417783.3349766494	4568721.6222379692
417782.3598437936	4568721.4006168656
417781.3847109378	4568721.1789957620
417780.4095780821	4568720.9573746584
417779.4344452262	4568720.7357535549
417778.4593123705	4568720.5141324513
417777.4841795147	4568720.2925113477
417776.5090466589	4568720.0708902441
417775.5339138031	4568719.8492691405
417774.5587809473	4568719.6276480369
417773.5836480915	4568719.4060269333
417772.6256187303	4568719.1194502879
417771.6677924451	4568718.8321024030
417770.7099661599	4568718.5447545173
417769.7521398746	4568718.2574066315
417768.7943135894	4568717.9700587457
417767.8364873042	4568717.6827108599
417766.8786610190	4568717.3953629751
417765.9208347338	4568717.1080150893
417764.9630084486	4568716.8206672035
417764.0051821633	4568716.5333193177
417763.0473558781	4568716.2459714329
417762.0895295929	4568715.9586235471
417761.1317033076	4568715.6712756613
417760.1702719648	4568715.3976190407
417759.1951391089	4568715.1759979371
417758.2200062532	4568714.9543768335
417757.2448733974	4568714.7327557299
417756.2697405415	4568714.5111346263
417755.2946076858	4568714.2895135228
417754.3194748300	4568714.0678924192
417753.3443419741	4568713.8462713156
417752.3692091183	4568713.6246502120
417751.3940762626	4568713.4030291084
417750.4189434067	4568713.1814080048
417749.4371557790	4568712.9980012458
417748.4445099014	4568712.8769468702
417747.4518640239	4568712.7558924947
417746.4592181464	4568712.6348381201
417745.4665722688	4568712.5137837445
417744.4739263913	4568712.3927293690
417743.4812805137	4568712.2716749934
417742.4886346362	4568712.1506206179
417741.4959887587	4568712.0295662433
417740.5033428811	4568711.9085118677
417739.5113605945	4568711.7822584929
417738.5201326938	4568711.6500947727
417737.5289047931	4568711.5179310525
417736.5376768924	4568711.3857673332
417735.5464489918	4568711.2536036130
417734.5552210911	4568711.1214398928
417733.5639931904	4568710.9892761726
417732.5727652897	4568710.8571124524
417731.5815373890	4568710.7249487322
417730.5903094883	4568710.5927850120
417729.5990815877	4568710.4606212918
417728.6078536870	4568710.3284575725
417727.6166257863	4568710.1962938523
417726.6253978856	4568710.0641301321
417725.6341699849	4568709.9319664119
417724.6463255958	4568709.7766293352
417723.6586900673	4568709.6198617909
417722.6710545388	4568709.4630942475
417721.6834190103	4568709.3063267032
417720.6957834818	4568709.1495591588
417719.7081479534	4568708.9927916145
417718.7205124249	4568708.8360240702
417717.7328768964	4568708.6792565258
417716.7452413680	4568708.5224889824
417715.7576058395	4568708.3657214381
417714.7699703111	4568708.2089538937
417713.7823347826	4568708.0521863494
417712.7946992541	4568707.8954188051
417711.8070637256	4568707.7386512617
417710.8194281971	4568707.5818837173
417709.8304919012	4568707.4336892944
417708.8408045303	4568707.2904450698
417707.8511171594	4568707.1472008452
417706.8614297885	4568707.0039566206
417705.8717424177	4568706.8607123960
417704.8820550468	4568706.7174681704
417703.8923676759	4568706.5742239458
417702.9026803050	4568706.4309797212
417701.9129929341	4568706.2877354966
417700.9233055632	4568706.1444912720
417699.9336181924	4568706.0012470474
417698.9439308215	4568705.8580028219
417697.9542434506	4568705.7147585973
417696.9645560797	4568705.5715143727
417695.9748687088	4568705.4282701481
417694.9851813380	4568705.2850259235
417693.9954939671	4568705.1417816989
417693.0058065962	4568704.9985374743
417692.0161192253	4568704.8552932488
417691.0264318545	4568704.7120490242
417690.0367444836	4568704.5688047996
417689.0470571127	4568704.4255605750
417688.0573697418	4568704.2823163504
417687.0676823709	4568704.1390721258
417686.0779950001	4568703.9958279012
417685.0883076292	4568703.8525836756
417684.0986202583	4568703.7093394510
417683.1089328874	4568703.5660952264
417682.1184163665	4568703.4287026608
417681.1278926140	4568703.2913611317
417680.1373688613	4568703.1540196026
417679.1468451087	4568703.0166780744
417678.1563213561	4568702.8793365452
417677.1657976035	4568702.7419950170
417676.1752738509	4568702.6046534879
417675.1847500983	4568702.4673119588
417674.1942263457	4568702.3299704306
417673.2037025931	4568702.1926289015
417672.2131788405	4568702.0552873733
417671.2226550879	4568701.9179458441
417670.2321313353	4568701.7806043150
417669.2416075827	4568701.6432627868
417668.2510838300	4568701.5059212577
417667.2605600775	4568701.3685797295
417666.2700363248	4568701.2312382003
417665.2795125722	4568701.0938966712
417664.2889888196	4568700.9565551430
417663.2984650670	4568700.8192136139
417662.3079413144	4568700.6818720857
417661.3174175618	4568700.5445305565
417660.3268938092	4568700.4071890274
417659.3363700566	4568700.2698474992
417658.3458463040	4568700.1325059701
417657.3553225514	4568699.9951644419
417656.3647987988	4568699.8578229127
417655.3742750462	4568699.7204813836
417654.3833358675	4568699.5863772659
417653.3902274326	4568699.4691781336
417652.3971189977	4568699.3519790014
417651.4040105628	4568699.2347798692
417650.4109021279	4568699.1175807379
417649.4177936930	4568699.0003816057
417648.4246852581	4568698.8831824735
417647.4315768233	4568698.7659833413
417646.4384683884	4568698.6487842090
417645.4453599535	4568698.5315850768
417644.4522515186	4568698.4143859455
417643.4591430837	4568698.2971868133
417642.4660346488	4568698.1799876811
417641.4729262139	4568698.0627885489
417640.4798177790	4568697.9455894167
417639.4867093442	4568697.8283902844
417638.4936009093	4568697.7111911522
417637.5004924744	4568697.5939920209
417636.5073840395	4568697.4767928887
417635.5142756046	4568697.3595937565
417634.5262832421	4568697.2068212247
417633.5403966775	4568697.0394065250
417632.5545101129	4568696.8719918253
417631.5686235482	4568696.7045771256
417630.5827369836	4568696.5371624259
417629.5968504189	4568696.3697477262
417628.6109638543	4568696.2023330266
417627.6250772897	4568696.0349183269
417626.6391907250	4568695.8675036272
417625.6533041604	4568695.7000889275
417624.6674175957	4568695.5326742278
417623.6815310311	4568695.3652595282
417622.6956444665	4568695.1978448285
417621.7097579018	4568695.0304301288
417620.7238713372	4568694.8630154291
417619.7379847725	4568694.6956007294
417618.7520982079	4568694.5281860298
417617.7662116433	4568694.3607713301
417616.7803250786	4568694.1933566304
417615.7926208106	4568694.0378625393
417614.8016429535	4568693.9038368454
417613.8106650964	4568693.7698111515
417612.8196872392	4568693.6357854577
417611.8287093820	4568693.5017597638
417610.8377315248	4568693.3677340699
417609.8467536677	4568693.2337083761
417608.8557758105	4568693.0996826831
417607.8647979533	4568692.9656569893
417606.8738200962	4568692.8316312954
417605.8828422390	4568692.6976056015
417604.8918643818	4568692.5635799076
417603.9008865247	4568692.4295542138
417602.9099086675	4568692.2955285199
417601.9189308103	4568692.1615028260
417600.9279529531	4568692.0274771322
417599.9369750960	4568691.8934514383
417598.9459972388	4568691.7594257444
417597.9550193816	4568691.6254000505
417596.9640415245	4568691.4913743567
417595.9730636673	4568691.3573486637
417594.9820858101	4568691.2233229699
417593.9911079529	4568691.0892972760
417593.0001300958	4568690.9552715821
417592.0091522386	4568690.8212458882
417591.0181743814	4568690.6872201944
417590.0271965243	4568690.5531945005
417589.0362186671	4568690.4191688066
417588.0452408099	4568690.2851431128
417587.0542629527	4568690.1511174189
417586.0609702324	4568690.0358459931
417585.0671454729	4568689.9248849759
417584.0733207133	4568689.8139239596
417583.0794959537	4568689.7029629424
417582.0856711942	4568689.5920019262
417581.0918464346	4568689.4810409090
417580.0980216750	4568689.3700798918
417579.1041969154	4568689.2591188755
417578.1103721559	4568689.1481578583
417577.1165473963	4568689.0371968420
417576.1227226367	4568688.9262358248
417575.1288978771	4568688.8152748076
417574.1350731176	4568688.7043137914
417573.1412483580	4568688.5933527742
417572.1474235984	4568688.4823917579
417571.1535988389	4568688.3714307407
417570.1597740792	4568688.2604697235
417569.1659493197	4568688.1495087072
417568.1721245601	4568688.0385476900
417567.1782998005	4568687.9275866738
417566.1844750410	4568687.8166256566
417565.1906502814	4568687.7056646394
417564.1968255218	4568687.5947036231
417563.2030007622	4568687.4837426059
417562.2091760027	4568687.3727815896
417561.2194888954	4568687.2297612671
417560.2300576585	4568687.0847584140
417559.2406264217	4568686.9397555599
417558.2511951849	4568686.7947527068
417557.2617639480	4568686.6497498527
417556.2723327112	4568686.5047469987
417555.2829014744	4568686.3597441455
417554.2934702375	4568686.2147412915
417553.3040390007	4568686.0697384384
417552.3146077639	4568685.9247355843
417551.3251765271	4568685.7797327302
417550.3357452902	4568685.6347298771
417549.3463140534	4568685.4897270231
417548.3568828166	4568685.3447241699
417547.3634857235	4568685.2306063930
417546.3695186767	4568685.1209272705
417545.3755516298	4568685.0112481480
417544.3815845830	4568684.9015690256
417543.3876175363	4568684.7918899041
417542.3936504895	4568684.6822107816
417541.3996834427	4568684.5725316592
417540.4057163959	4568684.4628525367
417539.4117493491	4568684.3531734142
417538.4177823023	4568684.2434942918
417537.4238152555	4568684.1338151693
417536.4298482088	4568684.0241360469
417535.4358811619	4568683.9144569244
417534.4419141151	4568683.8047778020
417533.4479470683	4568683.6950986795
417532.4539800216	4568683.5854195571
417531.4600129748	4568683.4757404346
417530.4660459280	4568683.3660613121
417529.4720788812	4568683.2563821897
417528.4781118344	4568683.1467030672
417527.4841447876	4568683.0370239448
417526.4901777408	4568682.9273448233
417525.4962106940	4568682.8176657008
417524.5022436472	4568682.7079865783
417523.5082766004	4568682.5983074559
417522.5143095536	4568682.4886283334
417521.5203425068	4568682.3789492110
417520.5263754601	4568682.2692700885
417519.5324084133	4568682.1595909661
417518.5384413665	4568682.0499118436
417517.5444743197	4568681.9402327212
417516.5505072729	4568681.8305535987
417515.5565402261	4568681.7208744762
417514.5625731793	4568681.6111953538
417513.5686061325	4568681.5015162313
417512.5743567189	4568681.3944319105
417511.5800637202	4568681.2877481123
417510.5857707215	4568681.1810643142
417509.5914777228	4568681.0743805161
417508.5971847242	4568680.9676967179
417507.6028917255	4568680.8610129198
417506.6085987268	4568680.7543291217
417505.6143057281	4568680.6476453226
417504.6200127295	4568680.5409615245
417503.6257197308	4568680.4342777263
417502.6314267321	4568680.3275939282
417501.6371337335	4568680.2209101301
417500.6428407348	4568680.1142263319
417499.6485477361	4568680.0075425338
417498.6542547375	4568679.9008587357
417497.6599617388	4568679.7941749375
417496.6656687401	4568679.6874911394
417495.6713757414	4568679.5808073413
417494.6770827428	4568679.4741235431
417493.6827897441	4568679.3674397450
417492.6884967454	4568679.2607559469
417491.6942037467	4568679.1540721487
417490.6999107480	4568679.0473883506
417489.7056177494	4568678.9407045525
417488.7113247507	4568678.8340207543
417487.7170317520	4568678.7273369562
417486.7227387533	4568678.6206531581
417485.7284457546	4568678.5139693599
417484.7323552820	4568678.4263296537
417483.7356603327	4568678.3450943287
417482.7389653834	4568678.2638590038
417481.7422704341	4568678.1826236788
417480.7455754848	4568678.1013883539
417479.7488805355	4568678.0201530289
417478.7521855862	4568677.9389177039
417477.7554906369	4568677.8576823780
417476.7587956876	4568677.7764470531
417475.7621007383	4568677.6952117281
417474.7654057890	4568677.6139764031
417473.7687108397	4568677.5327410782
417472.7720158904	4568677.4515057532
417471.7753209411	4568677.3702704282
417470.7786259918	4568677.2890351033
417469.7819310425	4568677.2077997783
417468.7852360932	4568677.1265644534
417467.7885411438	4568677.0453291284
417466.7918461946	4568676.9640938034
417465.7951512453	4568676.8828584785
417464.7984562959	4568676.8016231526
417463.8017613467	4568676.7203878276
417462.8050663974	4568676.6391525026
417461.8083714480	4568676.5579171777
417460.8116764988	4568676.4766818527
417459.8149815494	4568676.3954465277
417458.8182866001	4568676.3142112028
417457.8215916509	4568676.2329758778
417456.8248967015	4568676.1517405529
417455.8282017522	4568676.0705052279
417454.8315068029	4568675.9892699029
417453.8348118536	4568675.9080345780
417452.8381169043	4568675.8267992521
417451.8414219550	4568675.7455639271
417450.8447270057	4568675.6643286021
417449.8480320564	4568675.5830932772
417448.8513371071	4568675.5018579522
417447.8546421578	4568675.4206226273
417446.8578121920	4568675.3410963025
417445.8607257431	4568675.2648164649
417444.8636392944	4568675.1885366272
417443.8665528455	4568675.1122567896
417442.8694663968	4568675.0359769529
417441.8723799479	4568674.9596971152
417440.8752934992	4568674.8834172776
417439.8782070503	4568674.8071374400
417438.8811206016	4568674.7308576023
417437.8840341527	4568674.6545777647
417436.8869477040	4568674.5782979270
417435.8898612552	4568674.5020180894
417434.8927748064	4568674.4257382518
417433.8956883576	4568674.3494584141
417432.8986019088	4568674.2731785765
417431.9015154600	4568674.1968987389
417430.9044290112	4568674.1206189012
417429.9073425624	4568674.0443390636
417428.9102561136	4568673.9680592259
417427.9131696648	4568673.8917793892
417426.9160832160	4568673.8154995516
417425.9189967672	4568673.7392197140
417424.9227196856	4568673.6539978283
417423.9281414220	4568673.5500070713
417422.9335631583	4568673.4460163144
417421.9389848947	4568673.3420255585
417420.9444066311	4568673.2380348016
417419.9498283675	4568673.1340440447
417418.9552501038	4568673.0300532877
417417.9606718402	4568672.9260625308
417416.9660935765	4568672.8220717739
417415.9715153129	4568672.7180810170
417414.9769370493	4568672.6140902601
417413.9823587856	4568672.5100995041
417412.9877805220	4568672.4061087472
417411.9932022583	4568672.3021179903
417410.9986239947	4568672.1981272334
417410.0040457311	4568672.0941364765
417409.0094674675	4568671.9901457196
417408.0148892038	4568671.8861549627
417407.0203109402	4568671.7821642058
417406.0257326765	4568671.6781734489
417405.0311544129	4568671.5741826929
417404.0365761493	4568671.4701919360
417403.0419978856	4568671.3662011791
417402.0474196220	4568671.2622104222
417401.0528413583	4568671.1582196653
417400.0582630947	4568671.0542289084
417399.0636848310	4568670.9502381515
417398.0691065674	4568670.8462473946
417397.0745283038	4568670.7422566386
417396.0799500402	4568670.6382658817
417395.0853717765	4568670.5342751248
417394.0907935128	4568670.4302843679
417393.0962152492	4568670.3262936110
417392.1016369856	4568670.2223028541
417391.1070587220	4568670.1183120972
417390.1124804583	4568670.0143213402
417389.1179021947	4568669.9103305833
417388.1233239310	4568669.8063398274
417387.1287456674	4568669.7023490705
417386.1341674038	4568669.5983583136
417385.1395891401	4568669.4943675566
417384.1450108765	4568669.3903767997
417383.1504326128	4568669.2863860428
417382.1558543492	4568669.1823952859
417381.1612760856	4568669.0784045290
417380.1686753591	4568668.9590672003
417379.1802241651	4568668.8075276446
417378.1917729710	4568668.6559880888
417377.2033217770	4568668.5044485321
417376.2148705829	4568668.3529089764
417375.2264193889	4568668.2013694206
417374.2379681948	4568668.0498298649
417373.2495170008	4568667.8982903091
417372.2610658068	4568667.7467507534
417371.2726146127	4568667.5952111967
417370.2841634187	4568667.4436716409
417369.2957122247	4568667.2921320852
417368.3072610306	4568667.1405925294
417367.3188098366	4568666.9890529737
417366.3303586426	4568666.8375134179
417365.3419074485	4568666.6859738613
417364.3534562545	4568666.5344343055
417363.3650050605	4568666.3828947498
417362.3765538664	4568666.2313551940
417361.3881026724	4568666.0798156383
417360.3996514784	4568665.9282760816
417359.4112002843	4568665.7767365258
417358.4227490903	4568665.6251969701
417357.4342978962	4568665.4736574143
417356.4458467022	4568665.3221178586
417355.4573955082	4568665.1705783028
417354.4689443141	4568665.0190387461
417353.4804931201	4568664.8674991904
417352.4920419260	4568664.7159596346
417351.5035907320	4568664.5644200789
417350.5151395380	4568664.4128805231
417349.5266883439	4568664.2613409674
417348.5382371499	4568664.1098014107
417347.5497859559	4568663.9582618549
417346.5613347618	4568663.8067222992
417345.5699257083	4568663.6781286821
417344.5753570691	4568663.5740459170
417343.5807884299	4568663.4699631529
417342.5862197906	4568663.3658803878
417341.5916511514	4568663.2617976237
417340.5970825122	4568663.1577148587
417339.6025138730	4568663.0536320945
417338.6079452337	4568662.9495493304
417337.6133765945	4568662.8454665653
417336.6188079553	4568662.7413838012
417335.6242393161	4568662.6373010362
417334.6296706769	4568662.5332182720
417333.6351020377	4568662.4291355070
417332.6405333984	4568662.3250527428
417331.6459647592	4568662.2209699778
417330.6513961200	4568662.1168872137
417329.6568274807	4568662.0128044486
417328.6622588415	4568661.9087216845
417327.6676902023	4568661.8046389204
417326.6731215631	4568661.7005561553
417325.6785529239	4568661.5964733912
417324.6882410127	4568661.4591003815
417323.6994822534	4568661.3095807638
417322.7107234941	4568661.1600611471
417321.7219647349	4568661.0105415294
417320.7332059756	4568660.8610219117
417319.7444472163	4568660.7115022950
417318.7556884570	4568660.5619826773
417317.7669296977	4568660.4124630606
417316.7781709385	4568660.2629434429
417315.7894121792	4568660.1134238262
417314.8006534199	4568659.9639042085
417313.8118946607	4568659.8143845908
417312.8231359014	4568659.6648649741
417311.8343771421	4568659.5153453564
417310.8456183828	4568659.3658257397
417309.8568596235	4568659.2163061220
417308.8681008643	4568659.0667865053
417307.8793421050	4568658.9172668876
417306.8905833457	4568658.7677472699
417305.9018245864	4568658.6182276532
417304.9130658271	4568658.4687080355
417303.9243070678	4568658.3191884188
417302.9355483086	4568658.1696688011
417301.9467895493	4568658.0201491844
417300.9580307900	4568657.8706295667
417299.9650863143	4568657.7527799495
417298.9714333460	4568657.6402909346
417297.9777803776	4568657.5278019188
417296.9841274093	4568657.4153129039
417295.9904744410	4568657.3028238881
417294.9968214727	4568657.1903348733
417294.0031685044	4568657.0778458575
417293.0095155360	4568656.9653568426
417292.0158625677	4568656.8528678278
417291.0222095994	4568656.7403788120
417290.0285566311	4568656.6278897971
417289.0349036628	4568656.5154007813
417288.0412506945	4568656.4029117664
417287.0475977261	4568656.2904227506
417286.0539447578	4568656.1779337358
417285.0602917895	4568656.0654447209
417284.0666388212	4568655.9529557051
417283.0729858529	4568655.8404666902
417282.0793328845	4568655.7279776745
417281.0886418687	4568655.5928589338
417280.0995102922	4568655.4458258618
417279.1103787156	4568655.2987927897
417278.1212471391	4568655.1517597176
417277.1321155626	4568655.0047266455
417276.1429839861	4568654.8576935735
417275.1538524095	4568654.7106605014
417274.1647208330	4568654.5636274293
417273.1755892565	4568654.4165943563
417272.1873150314	4568654.2639549030
417271.1994473586	4568654.1086569279
417270.2115796858	4568653.9533589538
417269.2237120130	4568653.7980609788
417268.2358443401	4568653.6427630037
417267.2479766673	4568653.4874650287
417266.2601089945	4568653.3321670545
417265.2722413216	4568653.1768690795
417264.2843736488	4568653.0215711044
417263.2965059760	4568652.8662731294
417262.3086383032	4568652.7109751552
417261.3207706303	4568652.5556771802
417260.3329029575	4568652.4003792051
417259.3450352847	4568652.2450812301
417258.3571676118	4568652.0897832559
417257.3692999390	4568651.9344852809
417256.3814322662	4568651.7791873058
417255.3935645933	4568651.6238893317
417254.4056969205	4568651.4685913566
417253.4178292477	4568651.3132933816
417252.4299615749	4568651.1579954065
417251.4420939020	4568651.0026974324
417250.4542262292	4568650.8473994574
417249.4663585564	4568650.6921014823
417248.4784908835	4568650.5368035072
417247.4906232107	4568650.3815055331
417246.5027555379	4568650.2262075581
417245.5148878651	4568650.0709095830
417244.5210664667	4568649.9614526015
417243.5263027749	4568649.8592508519
417242.5315390831	4568649.7570491033
417241.5367753913	4568649.6548473537
417240.5420116995	4568649.5526456051
417239.5472480078	4568649.4504438555
417238.5524843160	4568649.3482421068
417237.5577206242	4568649.2460403573
417236.5629569325	4568649.1438386086
417235.5681932407	4568649.0416368591
417234.5734295489	4568648.9394351095
417233.5786658571	4568648.8372333609
417232.5839021654	4568648.7350316113
417231.5891384736	4568648.6328298626
417230.5943747818	4568648.5306281131
417229.5996110901	4568648.4284263644
417228.6048473983	4568648.3262246149
417227.6095442777	4568648.2299616970
417226.6126461291	4568648.1512592118
417225.6157479804	4568648.0725567266
417224.6188498317	4568647.9938542414
417223.6219516831	4568647.9151517553
417222.6250535344	4568647.8364492701
417221.6281553858	4568647.7577467849
417220.6312572371	4568647.6790442988
417219.6343590885	4568647.6003418136
417218.6374609398	4568647.5216393284
417217.6405627912	4568647.4429368433
417216.6436646426	4568647.3642343571
417215.6467664939	4568647.2855318720
417214.6498683452	4568647.2068293868
417213.6529701966	4568647.1281269016
417212.6560720479	4568647.0494244155
417211.6591738993	4568646.9707219303
417210.6622757506	4568646.8920194451
417209.6653776019	4568646.8133169590
417208.6710896888	4568646.7067482928
417207.6769172862	4568646.5989464652
417206.6827448835	4568646.4911446385
417205.6885724810	4568646.3833428118
417204.6944000783	4568646.2755409852
417203.7002276757	4568646.1677391585
417202.7060552730	4568646.0599373318
417201.7118828704	4568645.9521355052
417200.7177104678	4568645.8443336785
417199.7235380652	4568645.7365318518
417198.7293656625	4568645.6287300242
417197.7351932599	4568645.5209281975
417196.7410208573	4568645.4131263709
417195.7468484547	4568645.3053245442
417194.7526760521	4568645.1975227175
417193.7585036494	4568645.0897208909
417192.7643312468	4568644.9819190642
417191.7701588442	4568644.8741172375
417190.7759864416	4568644.7663154108
417189.7818140389	4568644.6585135832
417188.7876416363	4568644.5507117566
417187.7934692336	4568644.4429099299
417186.7992968310	4568644.3351081032
417185.8051244284	4568644.2273062766
417184.8109520258	4568644.1195044499
417183.8167796231	4568644.0117026232
417182.8226072205	4568643.9039007965
417181.8284348179	4568643.7960989699
417180.8342624153	4568643.6882971423
417179.8400900127	4568643.5804953156
417178.8459176100	4568643.4726934889
417177.8517452074	4568643.3648916623
417176.8575728048	4568643.2570898356
417175.8634004022	4568643.1492880089
417174.8692279995	4568643.0414861823
417173.8750555969	4568642.9336843556
417172.8808831942	4568642.8258825289
417171.8867107916	4568642.7180807013
417170.8925383890	4568642.6102788746
417169.8983659864	4568642.5024770480
417168.9036529374	4568642.3997999271
417167.9088714988	4568642.2977710618
417166.9140900602	4568642.1957421964
417165.9193086216	4568642.0937133310
417164.9245271830	4568641.9916844657
417163.9297457444	4568641.8896556003
417162.9349643057	4568641.7876267349
417161.9401828671	4568641.6855978686
417160.9454014285	4568641.5835690033
417159.9506199899	4568641.4815401379
417158.9558385513	4568641.3795112725
417157.9610571127	4568641.2774824072
417156.9662756741	4568641.1754535418
417155.9714942355	4568641.0734246755
417154.9767127969	4568640.9713958101
417153.9819313583	4568640.8693669448
417152.9871499196	4568640.7673380794
417151.9923684810	4568640.6653092140
417150.9975870424	4568640.5632803487
417150.0028056038	4568640.4612514824
417149.0080241652	4568640.3592226170
417148.0132427266	4568640.2571937516
417147.0184612880	4568640.1551648863
417146.0231018384	4568640.0592800463
417145.0267457704	4568639.9739888655
417144.0303897023	4568639.8886976847
417143.0340336341	4568639.8034065040
417142.0376775660	4568639.7181153232
417141.0413214979	4568639.6328241425
417140.0449654298	4568639.5475329608
417139.0486093617	4568639.4622417800
417138.0522532936	4568639.3769505993
417137.0558972255	4568639.2916594185
417136.0595411574	4568639.2063682377
417135.0631850892	4568639.1210770570
417134.0668290212	4568639.0357858762
417133.0704729531	4568638.9504946945
417132.0741168849	4568638.8652035138
417131.0777608168	4568638.7799123330
417130.0814047487	4568638.6946211522
417129.0850486806	4568638.6093299715
417128.0886926125	4568638.5240387907
417127.0923365444	4568638.4387476090
417126.0959804763	4568638.3534564283
417125.0996244081	4568638.2681652475
417124.1032683400	4568638.1828740668
417123.1069122720	4568638.0975828860
417122.1105562038	4568638.0122917052
417121.1142001357	4568637.9270005245
417120.1178440676	4568637.8417093428
417119.1214879995	4568637.7564181620
417118.1251319314	4568637.6711269813
417117.1287758633	4568637.5858358005
417116.1324197952	4568637.5005446197
417115.1349375670	4568637.4327099863
417114.1358814086	4568637.3892727625
417113.1368252503	4568637.3458355386
417112.1377690919	4568637.3023983138
417111.1387129335	4568637.2589610899
417110.1396567752	4568637.2155238651
417109.1406006168	4568637.1720866412
417108.1415444585	4568637.1286494173
417107.1424883001	4568637.0852121925
417106.1434321418	4568637.0417749686
417105.1443759834	4568636.9983377438
417104.1453198251	4568636.9549005199
417103.1462636667	4568636.9114632960
417102.1472075084	4568636.8680260712
417101.1481513500	4568636.8245888473
417100.1490951916	4568636.7811516225
417099.1500390333	4568636.7377143987
417098.1509828749	4568636.6942771748
417097.1519267166	4568636.6508399500
417096.1534969217	4568636.6002865909
417095.1622143120	4568636.4685338391
417094.1709317022	4568636.3367810873
417093.1796490925	4568636.2050283346
417092.1883664828	4568636.0732755829
417091.1970838731	4568635.9415228311
417090.2058012633	4568635.8097700793
417089.2145186536	4568635.6780173276
417088.2232360438	4568635.5462645749
417087.2319534341	4568635.4145118231
417086.2406708244	4568635.2827590713
417085.2493882147	4568635.1510063196
417084.2581056049	4568635.0192535669
417083.2668229952	4568634.8875008151
417082.2755403855	4568634.7557480633
417081.2842577758	4568634.6239953116
417080.2929751660	4568634.4922425598
417079.3016925563	4568634.3604898071
417078.3104099466	4568634.2287370553
417077.3191273369	4568634.0969843036
417076.3267735991	4568633.9735712903
417075.3343700561	4568633.8505460583
417074.3419665131	4568633.7275208253
417073.3495629701	4568633.6044955924
417072.3571594271	4568633.4814703604
417071.3647558841	4568633.3584451275
417070.3723523412	4568633.2354198946
417069.3799487981	4568633.1123946626
417068.3875452552	4568632.9893694296
417067.3951417122	4568632.8663441967
417066.4027381692	4568632.7433189647
417065.4103346262	4568632.6202937318
417064.4179310832	4568632.4972684989
417063.4255275402	4568632.3742432669
417062.4331239972	4568632.2512180340
417061.4407204542	4568632.1281928010
417060.4483169112	4568632.0051675690
417059.4559133682	4568631.8821423361
417058.4635098253	4568631.7591171032
417057.4711062822	4568631.6360918712
417056.4787027393	4568631.5130666383
417055.4862991963	4568631.3900414053
417054.4938956533	4568631.2670161733
417053.5014921103	4568631.1439909404
417052.5090885673	4568631.0209657075
417051.5166850243	4568630.8979404755
417050.5242814813	4568630.7749152426
417049.5318779383	4568630.6518900096
417048.5394743953	4568630.5288647776
417047.5459891614	4568630.4150695484
417046.5520312875	4568630.3053073296
417045.5580734135	4568630.1955451099
417044.5641155395	4568630.0857828911
417043.5701576656	4568629.9760206714
417042.5761997916	4568629.8662584526
417041.5822419176	4568629.7564962329
417040.5882840436	4568629.6467340142
417039.5943261697	4568629.5369717944
417038.6003682957	4568629.4272095757
417037.6064104217	4568629.3174473559
417036.6124525477	4568629.2076851372
417035.6184946738	4568629.0979229184
417034.6245367998	4568628.9881606987
417033.6305789258	4568628.8783984799
417032.6366210518	4568628.7686362602
417031.6426631779	4568628.6588740414
417030.6487053039	4568628.5491118217
417029.6547474299	4568628.4393496029
417028.6608539949	4568628.3290697904
417027.6703246374	4568628.1917686909
417026.6797952798	4568628.0544675915
417025.6892659223	4568627.9171664929
417024.6987365647	4568627.7798653934
417023.7082072071	4568627.6425642949
417022.7176778496	4568627.5052631954
417021.7271484920	4568627.3679620968
417020.7366191345	4568627.2306609973
417019.7460897769	4568627.0933598978
417018.7555604193	4568626.9560587993
417017.7650310617	4568626.8187576998
417016.7745017042	4568626.6814566012
417015.7839723467	4568626.5441555018
417014.7934429891	4568626.4068544032
417013.8029136315	4568626.2695533037
417012.8123842739	4568626.1322522052
417011.8218549164	4568625.9949511057
417010.8313255589	4568625.8576500062
417009.8407962013	4568625.7203489076
417008.8502668437	4568625.5830478081
417007.8597374861	4568625.4457467096
417006.8692081286	4568625.3084456101
417005.8786787711	4568625.1711445116
417004.8881494135	4568625.0338434121
417003.8950908506	4568624.9178380221
417002.8999565860	4568624.8193098772
417001.9048223213	4568624.7207817324
417000.9096880567	4568624.6222535875
416999.9145537921	4568624.5237254417
416998.9194195274	4568624.4251972968
416997.9242852628	4568624.3266691519
416996.9291509982	4568624.2281410070
416995.9340167336	4568624.1296128621
416994.9388824689	4568624.0310847173
416993.9437482043	4568623.9325565714
416992.9486139397	4568623.8340284266
416991.9534796750	4568623.7355002817
416990.9583454104	4568623.6369721368
416989.9632111458	4568623.5384439919
416988.9680768812	4568623.4399158470
416987.9729426165	4568623.3413877022
416986.9778083519	4568623.2428595563
416985.9826740873	4568623.1443314115
416984.9875398227	4568623.0458032666
416983.9924055580	4568622.9472751217
416982.9972712934	4568622.8487469768
416982.0021370288	4568622.7502188319
416981.0070027641	4568622.6516906861
416980.0116580645	4568622.5554235773
416979.0154330035	4568622.4686155841
416978.0192079423	4568622.3818075918
416977.0229828812	4568622.2949995985
416976.0267578201	4568622.2081916062
416975.0305327590	4568622.1213836130
416974.0343076979	4568622.0345756197
416973.0380826368	4568621.9477676274
416972.0418575757	4568621.8609596342
416971.0456325146	4568621.7741516419
416970.0494074535	4568621.6873436486
416969.0531823924	4568621.6005356554
416968.0569573313	4568621.5137276631
416967.0607322702	4568621.4269196698
416966.0645072091	4568621.3401116775
416965.0682821480	4568621.2533036843
416964.0720570869	4568621.1664956911
416963.0758320258	4568621.0796876987
416962.0796069646	4568620.9928797055
416961.0833819036	4568620.9060717132
416960.0871568424	4568620.8192637200
416959.0909317813	4568620.7324557267
416958.0947067202	4568620.6456477344
416957.0984816591	4568620.5588397412
416956.1022565980	4568620.4720317489
416955.1060315369	4568620.3852237556
416954.1098064758	4568620.2984157624
416953.1135814147	4568620.2116077701
416952.1173563536	4568620.1247997768
416951.1214642866	4568620.0345784882
416950.1272457592	4568619.9272028878
416949.1330272317	4568619.8198272865
416948.1388087043	4568619.7124516852
416947.1445901768	4568619.6050760848
416946.1503716494	4568619.4977004835
416945.1561531219	4568619.3903248822
416944.1619345945	4568619.2829492819
416943.1677160670	4568619.1755736805
416942.1734975396	4568619.0681980802
416941.1792790122	4568618.9608224789
416940.1850604847	4568618.8534468776
416939.1908419573	4568618.7460712772
416938.1966234298	4568618.6386956759
416937.2024049023	4568618.5313200746
416936.2081863749	4568618.4239444742
416935.2139678475	4568618.3165688729
416934.2197493200	4568618.2091932725
416933.2255307926	4568618.1018176712
416932.2313122651	4568617.9944420699
416931.2370937377	4568617.8870664695
416930.2428752102	4568617.7796908682
416929.2486566828	4568617.6723152669
416928.2544381554	4568617.5649396665
416927.2602196279	4568617.4575640652
416926.2660011004	4568617.3501884639
416925.2717825730	4568617.2428128636
416924.2775640455	4568617.1354372622
416923.2833455181	4568617.0280616619
416922.2891269907	4568616.9206860606
416921.2949084632	4568616.8133104593
416920.2965611042	4568616.7559701232
416919.2981897698	4568616.6989203328
416918.2998184353	4568616.6418705424
416917.3014471009	4568616.5848207520
416916.3030757664	4568616.5277709607
416915.3047044321	4568616.4707211703
416914.3063330976	4568616.4136713799
416913.3079617632	4568616.3566215895
416912.3095904288	4568616.2995717991
416911.3112190943	4568616.2425220087
416910.3128477599	4568616.1854722183
416909.3144764255	4568616.1284224270
416908.3161050911	4568616.0713726366
416907.3177337566	4568616.0143228462
416906.3193624222	4568615.9572730558
416905.3209910878	4568615.9002232654
416904.3236455254	4568615.8318972364
416903.3313676487	4568615.7078625020
416902.3390897720	4568615.5838277666
416901.3468118953	4568615.4597930321
416900.3545340186	4568615.3357582977
416899.3622561419	4568615.2117235633
416898.3699782652	4568615.0876888288
416897.3777003885	4568614.9636540944
416896.3854225117	4568614.8396193590
416895.3931446350	4568614.7155846246
416894.4008667583	4568614.5915498901
416893.4085888816	4568614.4675151557
416892.4163110049	4568614.3434804212
416891.4240331282	4568614.2194456868
416890.4342817438	4568614.0773452967
416889.4460464497	4568613.9244041201
416888.4578111556	4568613.7714629434
416887.4695758614	4568613.6185217667
416886.4813405673	4568613.4655805910
416885.4931052732	4568613.3126394143
416884.5048699791	4568613.1596982377
416883.5166346850	4568613.0067570610
416882.5283993908	4568612.8538158853
416881.5401640967	4568612.7008747086
416880.5489383311	4568612.5716387965
416879.5536813521	4568612.4743580390
416878.5584243731	4568612.3770772815
416877.5631673941	4568612.2797965240
416876.5679104151	4568612.1825157665
416875.5726534361	4568612.0852350090
416874.5773964571	4568611.9879542524
416873.5821394781	4568611.8906734949
416872.5868824991	4568611.7933927374
416871.5916255201	4568611.6961119799
416870.5963685411	4568611.5988312224
416869.6011115621	4568611.5015504658
416868.6058545831	4568611.4042697083
416867.6105976041	4568611.3069889508
416866.6153406251	4568611.2097081933
416865.6200836461	4568611.1124274358
416864.6246599349	4568611.0168928970
416863.6289768355	4568610.9240749804
416862.6332937361	4568610.8312570648
416861.6376106367	4568610.7384391483
416860.6419275372	4568610.6456212327
416859.6462444379	4568610.5528033162
416858.6505613384	4568610.4599854006
416857.6548782390	4568610.3671674840
416856.6591951396	4568610.2743495684
416855.6635120402	4568610.1815316528
416854.6678289408	4568610.0887137363
416853.6721458414	4568609.9958958207
416852.6764627419	4568609.9030779041
416851.6807796425	4568609.8102599885
416850.6863399369	4568609.7073547691
416849.6979208732	4568609.5556057841
416848.7095018095	4568609.4038567990
416847.7210827457	4568609.2521078149
416846.7326636820	4568609.1003588298
416845.7442446182	4568608.9486098448
416844.7558255545	4568608.7968608597
416843.7674064907	4568608.6451118747
416842.7789874270	4568608.4933628896
416841.7905683632	4568608.3416139046
416840.8021492995	4568608.1898649205
416839.8137302358	4568608.0381159354
416838.8253111720	4568607.8863669503
416837.8368921082	4568607.7346179653
416836.8484730445	4568607.5828689802
416835.8600539807	4568607.4311199952
416834.8716349170	4568607.2793710111
416833.8832158533	4568607.1276220260
416832.8947967895	4568606.9758730410
416831.9063777257	4568606.8241240559
416830.9179586620	4568606.6723750709
416829.9295395983	4568606.5206260858
416828.9411205345	4568606.3688771008
416827.9527014708	4568606.2171281166
416826.9642824070	4568606.0653791316
416825.9758633433	4568605.9136301465
416824.9874442795	4568605.7618811615
416823.9990252158	4568605.6101321764
416823.0106061520	4568605.4583831914
416822.0221870883	4568605.3066342073
416821.0334496289	4568605.1569751911
416820.0446825797	4568605.0075104041
416819.0559155304	4568604.8580456180
416818.0671484813	4568604.7085808320
416817.0783814321	4568604.5591160450
416816.0896143829	4568604.4096512590
416815.1008473336	4568604.2601864720
416814.1120802844	4568604.1107216859
416813.1233132352	4568603.9612568989
416812.1345461860	4568603.8117921129
416811.1457791368	4568603.6623273259
416810.1570120876	4568603.5128625399
416809.1682450384	4568603.3633977529
416808.1794779892	4568603.2139329668
416807.1907109400	4568603.0644681798
416806.2019438907	4568602.9150033938
416805.2131768416	4568602.7655386068
416804.2244097924	4568602.6160738207
416803.2356427431	4568602.4666090338
416802.2468756939	4568602.3171442477
416801.2579598871	4568602.1687569600
416800.2656820104	4568602.0447222255
416799.2734041337	4568601.9206874911
416798.2811262570	4568601.7966527566
416797.2888483803	4568601.6726180222
416796.2965705035	4568601.5485832877
416795.3042926268	4568601.4245485524
416794.3120147501	4568601.3005138179
416793.3197368734	4568601.1764790835
416792.3274589967	4568601.0524443490
416791.3351811200	4568600.9284096146
416790.3429032433	4568600.8043748802
416789.3506253666	4568600.6803401457
416788.3583474898	4568600.5563054103
416787.3660696131	4568600.4322706759
416786.3737917364	4568600.3082359415
416785.3815138597	4568600.1842012070
416784.3892359830	4568600.0601664726
416783.3969581063	4568599.9361317381
416782.4046802296	4568599.8120970028
416781.4124023529	4568599.6880622683
416780.4201244761	4568599.5640275339
416779.4278465994	4568599.4399927994
416778.4355687227	4568599.3159580650
416777.4433971257	4568599.1910766503
416776.4512480471	4568599.0660158414
416775.4590989684	4568598.9409550335
416774.4669498898	4568598.8158942247
416773.4748008112	4568598.6908334168
416772.4826517325	4568598.5657726089
416771.4905026539	4568598.4407118000
416770.4983535753	4568598.3156509921
416769.5062044966	4568598.1905901842
416768.5140554180	4568598.0655293753
416767.5219063394	4568597.9404685674
416766.5297572607	4568597.8154077586
416765.5376081821	4568597.6903469507
416764.5454591034	4568597.5652861428
416763.5533100248	4568597.4402253339
416762.5611609462	4568597.3151645260
416761.5690118675	4568597.1901037171
416760.5768627889	4568597.0650429092
416759.5847137103	4568596.9399821013
416758.5925646316	4568596.8149212925
416757.6004155530	4568596.6898604846
416756.6082664744	4568596.5647996766
416755.6161173957	4568596.4397388678
416754.6239683171	4568596.3146780599
416753.6318192384	4568596.1896172510
416752.6396701598	4568596.0645564431
416751.6475210812	4568595.9394956352
416750.6553720025	4568595.8144348264
416749.6631129757	4568595.6903360151
416748.6683315371	4568595.5883071497
416747.6735500985	4568595.4862782843
416746.6787686599	4568595.3842494190
416745.6839872212	4568595.2822205527
416744.6892057826	4568595.1801916873
416743.6944243440	4568595.0781628219
416742.6996429054	4568594.9761339566
416741.7048614668	4568594.8741050912
416740.7100800282	4568594.7720762258
416739.7152985896	4568594.6700473605
416738.7205171510	4568594.5680184942
416737.7257357124	4568594.4659896288
416736.7309542737	4568594.3639607634
416735.7361728351	4568594.2619318981
416734.7413913965	4568594.1599030327
416733.7466099579	4568594.0578741673
416732.7518285193	4568593.9558453020
416731.7570470807	4568593.8538164357
416730.7622656421	4568593.7517875703
416729.7674842035	4568593.6497587049
416728.7727027649	4568593.5477298396
416727.7779213263	4568593.4457009742
416726.7831398876	4568593.3436721088
416725.7883584490	4568593.2416432435
416724.7935770104	4568593.1396143781
416723.7987955718	4568593.0375855118
416722.8040141332	4568592.9355566464
416721.8092326946	4568592.8335277811
416720.8123735912	4568592.7551322179
416719.8150491448	4568592.6820299029
416718.8177246983	4568592.6089275870
416717.8204002519	4568592.5358252721
416716.8230758055	4568592.4627229562
416715.8257513590	4568592.3896206403
416714.8284269126	4568592.3165183254
416713.8311024661	4568592.2434160095
416712.8337780197	4568592.1703136945
416711.8364535732	4568592.0972113786
416710.8391291268	4568592.0241090637
416709.8418046803	4568591.9510067478
416708.8444802339	4568591.8779044328
416707.8471557874	4568591.8048021169
416706.8498313410	4568591.7316998020
416705.8525068945	4568591.6585974861
416704.8551824481	4568591.5854951711
416703.8578580017	4568591.5123928552
416702.8605335552	4568591.4392905403
416701.8632091088	4568591.3661882244
416700.8658846623	4568591.2930859085
416699.8685602159	4568591.2199835936
416698.8712357694	4568591.1468812777
416697.8748352374	4568591.0622638762
416696.8786138436	4568590.9754138058
416695.8823924499	4568590.8885637354
416694.8861710562	4568590.8017136650
416693.8899496625	4568590.7148635946
416692.8937282688	4568590.6280135252
416691.8975068750	4568590.5411634548
416690.9012854813	4568590.4543133844
416689.9050640876	4568590.3674633140
416688.9088426939	4568590.2806132445
416687.9126213001	4568590.1937631741
416686.9163999064	4568590.1069131037
416685.9201785127	4568590.0200630333
416684.9239571190	4568589.9332129629
416683.9277357253	4568589.8463628935
416682.9315143315	4568589.7595128231
416681.9352929378	4568589.6726627527
416680.9390715441	4568589.5858126823
416679.9428501504	4568589.4989626119
416678.9466287567	4568589.4121125424
416677.9504073629	4568589.3252624720
416676.9541859692	4568589.2384124016
416675.9579645755	4568589.1515623312
416674.9625019520	4568589.0569950761
416673.9684425203	4568588.9481564518
416672.9743830885	4568588.8393178275
416671.9803236567	4568588.7304792041
416670.9862642249	4568588.6216405798
416669.9922047931	4568588.5128019564
416668.9981453613	4568588.4039633321
416668.0040859295	4568588.2951247077
416667.0100264977	4568588.1862860844
416666.0159670659	4568588.0774474600
416665.0219076341	4568587.9686088366
416664.0278482024	4568587.8597702123
416663.0337887705	4568587.7509315880
416662.0397293387	4568587.6420929646
416661.0456699070	4568587.5332543403
416660.0516104751	4568587.4244157169
416659.0575510434	4568587.3155770926
416658.0646219614	4568587.1969611859
416657.0719508068	4568587.0761142625
416656.0792796522	4568586.9552673390
416655.0866084976	4568586.8344204165
416654.0939373430	4568586.7135734931
416653.1012661885	4568586.5927265696
416652.1085950338	4568586.4718796471
416651.1159238792	4568586.3510327237
416650.1232527247	4568586.2301858002
416649.1305815701	4568586.1093388777
416648.1379104154	4568585.9884919543
416647.1452392609	4568585.8676450308
416646.1525681063	4568585.7467981074
416645.1598969517	4568585.6259511849
416644.1672257971	4568585.5051042615
416643.1745546425	4568585.3842573380
416642.1818834879	4568585.2634104155
416641.1892123333	4568585.1425634921
416640.1965411787	4568585.0217165686
416639.2038700241	4568584.9008696461
416638.2111988695	4568584.7800227227
416637.2185277149	4568584.6591757992
416636.2258565604	4568584.5383288758
416635.2331854058	4568584.4174819533
416634.2405142511	4568584.2966350298
416633.2478430966	4568584.1757881064
416632.2551719420	4568584.0549411839
416631.2625007874	4568583.9340942604
416630.2698296328	4568583.8132473370
416629.2771584782	4568583.6924004145
416628.2844873236	4568583.5715534911
416627.2918161690	4568583.4507065676
416626.2991450144	4568583.3298596451
416625.3064738598	4568583.2090127217
416624.3138027052	4568583.0881657982
416623.3211315506	4568582.9673188748
416622.3284603960	4568582.8464719523
416621.3357892414	4568582.7256250288
416620.3431180868	4568582.6047781054
416619.3504469322	4568582.4839311829
416618.3577757777	4568582.3630842594
416617.3645416050	4568582.2481705220
416616.3668579124	4568582.1801466336
416615.3691742197	4568582.1121227453
416614.3714905270	4568582.0440988578
416613.3738068343	4568581.9760749694
416612.3761231416	4568581.9080510810
416611.3784394490	4568581.8400271926
416610.3807557563	4568581.7720033051
416609.3830720636	4568581.7039794168
416608.3853883709	4568581.6359555284
416607.3877046783	4568581.5679316409
416606.3900209856	4568581.4999077525
416605.3923372929	4568581.4318838641
416604.3946536002	4568581.3638599757
416603.3969699075	4568581.2958360882
416602.3992862149	4568581.2278121999
416601.4016025221	4568581.1597883115
416600.4039188295	4568581.0917644231
416599.4062351368	4568581.0237405356
416598.4085514441	4568580.9557166472
416597.4108677514	4568580.8876927588
416596.4131840588	4568580.8196688704
416595.4155003661	4568580.7516449830
416594.4178166734	4568580.6836210946
416593.4201329807	4568580.6155972062
416592.4224492880	4568580.5475733178
416591.4247655954	4568580.4795494303
416590.4269535626	4568580.4134496972
416589.4290734566	4568580.3483705595
416588.4311933506	4568580.2832914228
416587.4333132447	4568580.2182122851
416586.4354331387	4568580.1531331474
416585.4375530327	4568580.0880540106
416584.4396729268	4568580.0229748730
416583.4417928208	4568579.9578957353
416582.4439127149	4568579.8928165985
416581.4460326089	4568579.8277374608
416580.4481525029	4568579.7626583232
416579.4513568208	4568579.6835319893
416578.4553117221	4568579.5946828965
416577.4592666234	4568579.5058338027
416576.4632215248	4568579.4169847099
416575.4671764261	4568579.3281356161
416574.4711313274	4568579.2392865233
416573.4750862287	4568579.1504374295
416572.4790411300	4568579.0615883367
416571.4829960313	4568578.9727392429
416570.4869509326	4568578.8838901501
416569.4909058339	4568578.7950410563
416568.4948607352	4568578.7061919635
416567.4988156366	4568578.6173428707
416566.5027705379	4568578.5284937769
416565.5067254392	4568578.4396446841
416564.5106803405	4568578.3507955903
416563.5146352418	4568578.2619464975
416562.5185901431	4568578.1730974037
416561.5225450444	4568578.0842483109
416560.5264999458	4568577.9953992171
416559.5304548471	4568577.9065501243
416558.5344097484	4568577.8177010305
416557.5383646497	4568577.7288519377
416556.5423195510	4568577.6400028439
416555.5462744523	4568577.5511537511
416554.5502293536	4568577.4623046573
416553.5564228474	4568577.3513430897
416552.5627802062	4568577.2387628891
416551.5691375650	4568577.1261826884
416550.5754949238	4568577.0136024877
416549.5818522827	4568576.9010222871
416548.5882096414	4568576.7884420864
416547.5945670003	4568576.6758618858
416546.6009243591	4568576.5632816851
416545.6072817178	4568576.4507014845
416544.6136390767	4568576.3381212838
416543.6199964354	4568576.2255410822
416542.6263537943	4568576.1129608816
416541.6327111531	4568576.0003806809
416540.6390685119	4568575.8878004802
416539.6454258707	4568575.7752202796
416538.6517832295	4568575.6626400789
416537.6581405883	4568575.5500598783
416536.6644979471	4568575.4374796776
416535.6708553059	4568575.3248994770
416534.6772126647	4568575.2123192763
416533.6835700235	4568575.0997390747
416532.6899273823	4568574.9871588740
416531.6962847411	4568574.8745786734
416530.7026421000	4568574.7619984727
416529.7103077294	4568574.6390347071
416528.7197937974	4568574.5016223695
416527.7292798654	4568574.3642100319
416526.7387659333	4568574.2267976943
416525.7482520013	4568574.0893853577
416524.7577380693	4568573.9519730201
416523.7672241373	4568573.8145606825
416522.7767102053	4568573.6771483449
416521.7861962733	4568573.5397360073
416520.7956823412	4568573.4023236707
416519.8051684092	4568573.2649113331
416518.8146544771	4568573.1274989955
416517.8241405451	4568572.9900866579
416516.8336266131	4568572.8526743203
416515.8431126811	4568572.7152619837
416514.8525987491	4568572.5778496461
416513.8620848170	4568572.4404373085
416512.8715708850	4568572.3030249709
416511.8810569530	4568572.1656126343
416510.8905430209	4568572.0282002967
416509.9000290889	4568571.8907879591
416508.9066485839	4568571.7794793835
416507.9099195358	4568571.6986635150
416506.9131904876	4568571.6178476466
416505.9164614395	4568571.5370317772
416504.9197323914	4568571.4562159088
416503.9230033432	4568571.3754000403
416502.9262742952	4568571.2945841709
416501.9295452470	4568571.2137683025
416500.9328161989	4568571.1329524340
416499.9360871508	4568571.0521365646
416498.9393581027	4568570.9713206962
416497.9426290546	4568570.8905048277
416496.9459000065	4568570.8096889583
416495.9491709583	4568570.7288730899
416494.9524419102	4568570.6480572214
416493.9557128621	4568570.5672413521
416492.9589838140	4568570.4864254836
416491.9622547659	4568570.4056096151
416490.9655257178	4568570.3247937458
416489.9687966696	4568570.2439778773
416488.9720676216	4568570.1631620089
416487.9753385734	4568570.0823461395
416486.9786095253	4568570.0015302710
416485.9818804772	4568569.9207144026
416484.9851514291	4568569.8398985332
416483.9884223810	4568569.7590826647
416482.9916933329	4568569.6782667963
416481.9949642847	4568569.5974509269
416480.9982352366	4568569.5166350584
416480.0015061885	4568569.4358191900
416479.0047771404	4568569.3550033206
416478.0080480923	4568569.2741874522
416477.0113190442	4568569.1933715837
416476.0145899960	4568569.1125557143
416475.0178609480	4568569.0317398459
416474.0211318998	4568568.9509239774
416473.0244028517	4568568.8701081080
416472.0276738036	4568568.7892922396
416471.0309447555	4568568.7084763711
416470.0342157074	4568568.6276605017
416469.0374866593	4568568.5468446333
416468.0407576111	4568568.4660287648
416467.0440285630	4568568.3852128955
416466.0472995149	4568568.3043970270
416465.0505704668	4568568.2235811586
416464.0538414187	4568568.1427652892
416463.0571123706	4568568.0619494207
416462.0603833224	4568567.9811335523
416461.0636542744	4568567.9003176829
416460.0669252262	4568567.8195018144
416459.0701961781	4568567.7386859460
416458.0734671300	4568567.6578700766
416457.0767380819	4568567.5770542081
416456.0800090338	4568567.4962383397
416455.0832799857	4568567.4154224703
416454.0865509375	4568567.3346066019
416453.0898218894	4568567.2537907334
416452.0930928413	4568567.1729748640
416451.0963637932	4568567.0921589956
416450.0996347451	4568567.0113431271
416449.1029056969	4568566.9305272577
416448.1061766488	4568566.8497113893
416447.1094476007	4568566.7688955208
416446.1127185526	4568566.6880796514
416445.1159895045	4568566.6072637830
416444.1192604564	4568566.5264479145
416443.1225314082	4568566.4456320452
416442.1258023602	4568566.3648161767
416441.1290733120	4568566.2840003083
416440.1323442639	4568566.2031844389
416439.1356152158	4568566.1223685704
416438.1388861677	4568566.0415527020
416437.1421571195	4568565.9607368326
416436.1454280715	4568565.8799209641
416435.1486990233	4568565.7991050957
416434.1519699752	4568565.7182892263
416433.1552409271	4568565.6374733578
416432.1585118790	4568565.5566574894
416431.1617828309	4568565.4758416200
416430.1650537828	4568565.3950257516
416429.1683247346	4568565.3142098831
416428.1715956865	4568565.2333940137
416427.1748666384	4568565.1525781453
416426.1781375903	4568565.0717622768
416425.1814085422	4568564.9909464074
416424.1846794941	4568564.9101305390
416423.1879504459	4568564.8293146705
416422.1912213979	4568564.7484988021
416421.1944923497	4568564.6676829327
416420.1977633016	4568564.5868670642
416419.2010342535	4568564.5060511958
416418.2043052054	4568564.4252353264
416417.2075761573	4568564.3444194579
416416.2108471092	4568564.2636035895
416415.2141180610	4568564.1827877201
416414.2173890129	4568564.1019718517
416413.2206599648	4568564.0211559832
416412.2239309167	4568563.9403401138
416411.2272018686	4568563.8595242454
416410.2304728205	4568563.7787083769
416409.2337437723	4568563.6978925075
416408.2370147243	4568563.6170766391
416407.2402806803	4568563.5363240074
416406.2432261947	4568563.4596275091
416405.2461717092	4568563.3829310099
416404.2491172237	4568563.3062345106
416403.2520627383	4568563.2295380123
416402.2550082528	4568563.1528415130
416401.2579537672	4568563.0761450138
416400.2608992817	4568562.9994485155
416399.2638447962	4568562.9227520162
416398.2667903108	4568562.8460555179
416397.2697358253	4568562.7693590187
416396.2726813397	4568562.6926625194
416395.2756268542	4568562.6159660211
416394.2785723688	4568562.5392695218
416393.2815178833	4568562.4625730226
416392.2857915470	4568562.3703117659
416391.2901573209	4568562.2769710571
416390.2945230949	4568562.1836303482
416389.2988888689	4568562.0902896402
416388.3032546428	4568561.9969489314
416387.3076204167	4568561.9036082225
416386.3119861906	4568561.8102675136
416385.3163519646	4568561.7169268047
416384.3207177385	4568561.6235860968
416383.3250835125	4568561.5302453879
416382.3294492864	4568561.4369046791
416381.3338150603	4568561.3435639702
416380.3381808343	4568561.2502232613
416379.3425466082	4568561.1568825534
416378.3469123821	4568561.0635418445
416377.3512781561	4568560.9702011356
416376.3556439301	4568560.8768604267
416375.3600097040	4568560.7835197179
416374.3643754779	4568560.6901790099
416373.3687412518	4568560.5968383010
416372.3731070258	4568560.5034975922
416371.3774727998	4568560.4101568833
416370.3818385737	4568560.3168161744
416369.3857934108	4568560.2279975042
416368.3896430664	4568560.1403362732
416367.3934927220	4568560.0526750432
416366.3973423775	4568559.9650138132
416365.4011920331	4568559.8773525823
416364.4050416887	4568559.7896913523
416363.4088913442	4568559.7020301223
416362.4127409998	4568559.6143688913
416361.4165906554	4568559.5267076613
416360.4204403110	4568559.4390464313
416359.4242899666	4568559.3513852004
416358.4281396221	4568559.2637239704
416357.4319892777	4568559.1760627404
416356.4358389332	4568559.0884015094
416355.4396885889	4568559.0007402794
416354.4430093961	4568558.9193988629
416353.4461440036	4568558.8402825622
416352.4492786110	4568558.7611662615
416351.4524132184	4568558.6820499599
416350.4555478258	4568558.6029336592
416349.4586824333	4568558.5238173576
416348.4618170407	4568558.4447010569
416347.4649516481	4568558.3655847562
416346.4680862555	4568558.2864684546
416345.4712208630	4568558.2073521540
416344.4743554704	4568558.1282358533
416343.4774900778	4568558.0491195517
416342.4806246852	4568557.9700032510
416341.4837592927	4568557.8908869503
416340.4868939001	4568557.8117706487
416339.4900285075	4568557.7326543480
416338.4931631149	4568557.6535380464
416337.4962977224	4568557.5744217457
416336.4994323298	4568557.4953054450
416335.5025669372	4568557.4161891434
416334.5057015447	4568557.3370728428
416333.5088361521	4568557.2579565421
416332.5119707595	4568557.1788402405
416331.5135471698	4568557.1227587443
416330.5151083749	4568557.0669020284
416329.5166695799	4568557.0110453134
416328.5182307849	4568556.9551885976
416327.5197919900	4568556.8993318817
416326.5213531950	4568556.8434751658
416325.5229144001	4568556.7876184499
416324.5244756051	4568556.7317617340
416323.5260368101	4568556.6759050181
416322.5275980151	4568556.6200483022
416321.5291592201	4568556.5641915863
416320.5307204252	4568556.5083348705
416319.5322816302	4568556.4524781546
416318.5338428353	4568556.3966214396
416317.5354040403	4568556.3407647237
416316.5369652453	4568556.2849080078
416315.5385264504	4568556.2290512919
416314.5395980279	4568556.1830235273
416313.5405510422	4568556.1393758431
416312.5415040565	4568556.0957281590
416311.5424570708	4568556.0520804757
416310.5434100850	4568556.0084327916
416309.5443630993	4568555.9647851074
416308.5453161135	4568555.9211374242
416307.5462691278	4568555.8774897400
416306.5472221421	4568555.8338420559
416305.5481751564	4568555.7901943726
416304.5491281706	4568555.7465466885
416303.5500811849	4568555.7028990053
416302.5510341992	4568555.6592513211
416301.5519872135	4568555.6156036370
416300.5529402277	4568555.5719559537
416299.5538932420	4568555.5283082696
416298.5548462562	4568555.4846605854
416297.5557992705	4568555.4410129022
416296.5567522848	4568555.3973652180
416295.5577052990	4568555.3537175339
416294.5586583133	4568555.3100698506
416293.5596113276	4568555.2664221665
416292.5605643419	4568555.2227744833
416291.5615173561	4568555.1791267991
416290.5626098842	4568555.1332128141
416289.5657527616	4568555.0539923804
416288.5688956389	4568554.9747719467
416287.5720385164	4568554.8955515129
416286.5751813937	4568554.8163310802
416285.5783242712	4568554.7371106464
416284.5814671485	4568554.6578902127
416283.5846100259	4568554.5786697790
416282.5877529033	4568554.4994493453
416281.5908957807	4568554.4202289116
416280.5940386581	4568554.3410084778
416279.5971815355	4568554.2617880441
416278.6003244129	4568554.1825676104
416277.6034672903	4568554.1033471776
416276.6066101676	4568554.0241267439
416275.6097530450	4568553.9449063102
416274.6128959224	4568553.8656858765
416273.6160387998	4568553.7864654427
416272.6191816772	4568553.7072450090
416271.6195866079	4568553.6886297949
416270.6196469816	4568553.6776414476
416269.6197073554	4568553.6666531004
416268.6197677290	4568553.6556647522
416267.6198281028	4568553.6446764050
416266.6198884765	4568553.6336880578
416265.6199488502	4568553.6226997096
416264.6200092239	4568553.6117113624
416263.6200695976	4568553.6007230151
416262.6201299713	4568553.5897346670
416261.6201903451	4568553.5787463197
416260.6233321075	4568553.5004753619
416259.6265739314	4568553.4200195456
416258.6298157553	4568553.3395637283
416257.6330575793	4568553.2591079120
416256.6362994032	4568553.1786520947
416255.6395412272	4568553.0981962783
416254.6427830511	4568553.0177404610
416253.6460248751	4568552.9372846447
416252.6492666990	4568552.8568288274
416251.6525085229	4568552.7763730111
416250.6557503469	4568552.6959171938
416249.6589921708	4568552.6154613765
416248.6622339948	4568552.5350055601
416247.6654758188	4568552.4545497429
416246.6687176427	4568552.3740939265
416245.6719594666	4568552.2936381092
416244.6752012905	4568552.2131822929
416243.6784431145	4568552.1327264756
416242.6816849385	4568552.0522706592
416241.6849267624	4568551.9718148420
416240.6881685863	4568551.8913590256
416239.6914104103	4568551.8109032083
416238.6946522342	4568551.7304473920
416237.6978940582	4568551.6499915747
416236.7011358821	4568551.5695357574
416235.7043777061	4568551.4890799411
416234.7072201021	4568551.4193607969
416233.7072391535	4568551.4255335191
416232.7072582050	4568551.4317062404
416231.7072772564	4568551.4378789626
416230.7072963079	4568551.4440516848
416229.7073153593	4568551.4502244061
416228.7073344107	4568551.4563971283
416227.7073534621	4568551.4625698505
416226.7073725136	4568551.4687425718
416225.7073915650	4568551.4749152940
416224.7074106164	4568551.4810880162
416223.7074296678	4568551.4872607384
416222.7074487193	4568551.4934334597
416221.7074677707	4568551.4996061819
416220.7074868221	4568551.5057789041
416219.7075058735	4568551.5119516253
416218.7075249250	4568551.5181243476
416217.7075439765	4568551.5242970698
416216.7075630279	4568551.5304697910
416215.7075820793	4568551.5366425132
416214.7078523212	4568551.5195554765
416213.7082379005	4568551.4917884097
416212.7086234798	4568551.4640213428
416211.7090090592	4568551.4362542750
416210.7093946386	4568551.4084872082
416209.7097802179	4568551.3807201404
416208.7101657972	4568551.3529530736
416207.7105513766	4568551.3251860058
416206.7109369560	4568551.2974189389
416205.7113225353	4568551.2696518721
416204.7117081146	4568551.2418848043
416203.7120936940	4568551.2141177375
416202.7124792733	4568551.1863506697
416201.7140365388	4568551.2243346274
416200.7160460862	4568551.2876991006
416199.7180556336	4568551.3510635737
416198.7200651809	4568551.4144280469
416197.7220747283	4568551.4777925201
416196.7240842757	4568551.5411569932
416195.7260938230	4568551.6045214664
416194.7281033704	4568551.6678859396
416193.7301129177	4568551.7312504128
416192.7321224651	4568551.7946148859
416191.7341320125	4568551.8579793591
416190.7361415599	4568551.9213438323
416189.7381511072	4568551.9847083054
416188.7401606546	4568552.0480727786
416187.7421702020	4568552.1114372518
416186.7438762881	4568552.1074055666
416185.7453556964	4568552.0530306837
416184.7468351047	4568551.9986557998
416183.7483145130	4568551.9442809159
416182.7497939213	4568551.8899060320
416181.7512733297	4568551.8355311481
416180.7527527380	4568551.7811562652
416179.7542321463	4568551.7267813813
416178.7557115546	4568551.6724064974
416177.7571909629	4568551.6180316135
416176.7586703712	4568551.5636567296
416175.7601497795	4568551.5092818467
416174.7616291879	4568551.4549069628
416173.7631085962	4568551.4005320789
416172.7645880045	4568551.3461571950
416171.7660674128	4568551.2917823112
416170.7675468211	4568551.2374074273
416169.7690262294	4568551.1830325443
416168.7705056377	4568551.1286576604
416167.7719850461	4568551.0742827766
416166.7734644544	4568551.0199078927
416165.7749438627	4568550.9655330088
416164.7764232710	4568550.9111581258
416163.7779026793	4568550.8567832420
416162.7793820876	4568550.8024083581
416161.7808614959	4568550.7480334742
416160.7823409043	4568550.6936585903
416159.7838203126	4568550.6392837074
416158.7852997208	4568550.5849088235
416157.7867791292	4568550.5305339396
416156.7882585375	4568550.4761590557
416155.7897379458	4568550.4217841718
416154.7912173542	4568550.3674092880
416153.7926967624	4568550.3130344050
416152.7941761707	4568550.2586595211
416151.7956555790	4568550.2042846372
416150.7971349874	4568550.1499097534
416149.7986143957	4568550.0955348695
416148.8000938040	4568550.0411599865
416147.8015732123	4568549.9867851026
416146.8030526206	4568549.9324102188
416145.8045320289	4568549.8780353349
416144.8060114373	4568549.8236604510
416143.8074908456	4568549.7692855680
416142.8089702539	4568549.7149106842
416141.8104496622	4568549.6605358003
416140.8119290705	4568549.6061609164
416139.8134084788	4568549.5517860325
416138.8149074998	4568549.4970892770
416137.8171722234	4568549.4298262252
416136.8194369470	4568549.3625631724
416135.8217016706	4568549.2953001205
416134.8239663941	4568549.2280370677
416133.8262311177	4568549.1607740158
416132.8284958413	4568549.0935109630
416131.8307605649	4568549.0262479112
416130.8330252885	4568548.9589848584
416129.8352900121	4568548.8917218065
416128.8375547357	4568548.8244587537
416127.8398194593	4568548.7571957018
416126.8420841829	4568548.6899326490
416125.8443489064	4568548.6226695962
416124.8466136301	4568548.5554065444
416123.8488783537	4568548.4881434916
416122.8511430773	4568548.4208804397
416121.8534078009	4568548.3536173869
416120.8556725245	4568548.2863543350
416119.8579372480	4568548.2190912822
416118.8602019716	4568548.1518282304
416117.8624666952	4568548.0845651776
416116.8640443337	4568548.0292015700
416115.8651980293	4568547.9811801128
416114.8663517250	4568547.9331586557
416113.8675054207	4568547.8851371985
416112.8686591163	4568547.8371157423
416111.8698128120	4568547.7890942851
416110.8709665077	4568547.7410728280
416109.8721202033	4568547.6930513708
416108.8732738990	4568547.6450299146
416107.8744275947	4568547.5970084574
416106.8755812904	4568547.5489870002
416105.8767349860	4568547.5009655431
416104.8778886817	4568547.4529440869
416103.8790423774	4568547.4049226297
416102.8801960730	4568547.3569011725
416101.8813497687	4568547.3088797154
416100.8825034644	4568547.2608582592
416099.8836571600	4568547.2128368020
416098.8848108557	4568547.1648153448
416097.8859645514	4568547.1167938877
416096.8871182470	4568547.0687724315
416095.8882719427	4568547.0207509743
416094.8894256384	4568546.9727295171
416093.8905793340	4568546.9247080600
416092.8917330297	4568546.8766866038
416091.8928867254	4568546.8286651466
416090.8940404210	4568546.7806436894
416089.8951941167	4568546.7326222323
416088.8963478124	4568546.6846007761
416087.8975015080	4568546.6365793189
416086.8986552037	4568546.5885578617
416085.8998088994	4568546.5405364046
416084.9009625950	4568546.4925149484
416083.9021162907	4568546.4444934912
416082.9032699864	4568546.3964720340
416081.9044236821	4568546.3484505769
416080.9055773777	4568546.3004291207
416079.9066735877	4568546.2537362538
416078.9074124130	4568546.2153031314
416077.9081512384	4568546.1768700099
416076.9088900638	4568546.1384368874
416075.9096288891	4568546.1000037650
416074.9103677145	4568546.0615706434
416073.9111065399	4568546.0231375210
416072.9118453652	4568545.9847043995
416071.9125841906	4568545.9462712770
416070.9133230160	4568545.9078381546
416069.9140618413	4568545.8694050331
416068.9148006667	4568545.8309719106
416067.9155394921	4568545.7925387891
416066.9162783174	4568545.7541056667
416065.9170171428	4568545.7156725442
416064.9177559682	4568545.6772394227
416063.9184947936	4568545.6388063002
416062.9192336189	4568545.6003731787
416061.9199724443	4568545.5619400563
416060.9207112696	4568545.5235069338
416059.9214500950	4568545.4850738123
416058.9221889204	4568545.4466406899
416057.9231409287	4568545.4036267968
416056.9246293721	4568545.3490862492
416055.9261178155	4568545.2945457026
416054.9276062589	4568545.2400051551
416053.9290947022	4568545.1854646076
416052.9305831456	4568545.1309240609
416051.9320715890	4568545.0763835134
416050.9335600324	4568545.0218429659
416049.9350484758	4568544.9673024183
416048.9365369191	4568544.9127618717
416047.9380253625	4568544.8582213242
416046.9395138059	4568544.8036807766
416045.9410022493	4568544.7491402300
416044.9424906926	4568544.6945996825
416043.9439791360	4568544.6400591349
416042.9454675794	4568544.5855185883
416041.9469560228	4568544.5309780408
416040.9484444661	4568544.4764374932
416039.9499329095	4568544.4218969466
416038.9514213529	4568544.3673563991
416037.9529097963	4568544.3128158515
416036.9543982396	4568544.2582753049
416035.9558866830	4568544.2037347574
416034.9573751264	4568544.1491942098
416033.9588635698	4568544.0946536632
416032.9603520131	4568544.0401131157
416031.9618404566	4568543.9855725681
416030.9633289000	4568543.9310320215
416029.9648173433	4568543.8764914740
416028.9681297940	4568543.7969647367
416027.9722833636	4568543.7059159195
416026.9764369331	4568543.6148671033
416025.9805905027	4568543.5238182871
416024.9847440723	4568543.4327694699
416023.9888976419	4568543.3417206537
416022.9930512114	4568543.2506718375
416021.9972047810	4568543.1596230213
416021.0013583505	4568543.0685742041
416020.0055119201	4568542.9775253879
416019.0096654896	4568542.8864765717
416018.0138190592	4568542.7954277545
416017.0179726288	4568542.7043789383
416016.0221261983	4568542.6133301221
416015.0262797679	4568542.5222813049
416014.0304333375	4568542.4312324887
416013.0345869070	4568542.3401836725
416012.0387404766	4568542.2491348563
416011.0428940461	4568542.1580860391
416010.0470476157	4568542.0670372229
416009.0512011852	4568541.9759884067
416008.0531168966	4568541.9221883398
416007.0535326874	4568541.8933541803
416006.0539484782	4568541.8645200199
416005.0543642690	4568541.8356858604
416004.0547800599	4568541.8068516999
416003.0551958507	4568541.7780175405
416002.0556116415	4568541.7491833800
416001.0560274323	4568541.7203492206
416000.0564432232	4568541.6915150611
415999.0568590140	4568541.6626809007
415998.0572748048	4568541.6338467412
415997.0576905957	4568541.6050125808
415996.0580945275	4568541.5766189015
415995.0584068810	4568541.5516267102
415994.0587192346	4568541.5266345190
415993.0590315882	4568541.5016423278
415992.0593439418	4568541.4766501365
415991.0596562954	4568541.4516579453
415990.0599686490	4568541.4266657541
415989.0602810026	4568541.4016735628
415988.0605933562	4568541.3766813716
415987.0609057098	4568541.3516891804
415986.0612180634	4568541.3266969891
415985.0615304170	4568541.3017047979
415984.0618427706	4568541.2767126067
415983.0621551242	4568541.2517204154
415982.0624674777	4568541.2267282242
415981.0648435576	4568541.2765032155
415980.0680566404	4568541.3566021649
415979.0712697231	4568541.4367011134
415978.0744828058	4568541.5168000618
415977.0776958886	4568541.5968990112
415976.0809089713	4568541.6769979596
415975.0841220541	4568541.7570969081
415974.0873351368	4568541.8371958565
415973.0905482195	4568541.9172948059
415972.0937613023	4568541.9973937543
415971.0969743851	4568542.0774927028
415970.1001874678	4568542.1575916521
415969.1034005505	4568542.2376906006
415968.1068535842	4568542.3205644581
415967.1111129102	4568542.4127626689
415966.1153722361	4568542.5049608788
415965.1196315621	4568542.5971590895
415964.1238908880	4568542.6893573003
415963.1281502139	4568542.7815555111
415962.1324095399	4568542.8737537209
415961.1366688658	4568542.9659519317
415960.1409281917	4568543.0581501424
415959.1451875177	4568543.1503483532
415958.1494468436	4568543.2425465630
415957.1537061696	4568543.3347447738
415956.1579654955	4568543.4269429846
415955.1616398633	4568543.4873801935
415954.1631795101	4568543.4319101740
415953.1647191569	4568543.3764401544
415952.1662588037	4568543.3209701339
415951.1677984505	4568543.2655001143
415950.1693380973	4568543.2100300947
415949.1708777441	4568543.1545600751
415948.1724173909	4568543.0990900556
415947.1739570377	4568543.0436200360
415946.1754966845	4568542.9881500164
415945.1770363313	4568542.9326799968
415944.1785759781	4568542.8772099772
415943.1801156249	4568542.8217399577
415942.1816552717	4568542.7662699381
415941.1831949185	4568542.7107999185
415940.1847345653	4568542.6553298989
415939.1862742121	4568542.5998598784
415938.1878138589	4568542.5443898588
415937.1893535056	4568542.4889198393
415936.1908931525	4568542.4334498197
415935.1924327992	4568542.3779798001
415934.1939724460	4568542.3225097805
415933.1954829329	4568542.2675689785
415932.1969726250	4568542.2130055735
415931.1984623172	4568542.1584421685
415930.1999520093	4568542.1038787644
415929.2014417015	4568542.0493153594
415928.2029313937	4568541.9947519545
415927.2044210859	4568541.9401885495
415926.2059107780	4568541.8856251454
415925.2074004702	4568541.8310617404
415924.2088901623	4568541.7764983354
415923.2103798545	4568541.7219349304
415922.2118695466	4568541.6673715254
415921.2133592388	4568541.6128081214
415920.2148489310	4568541.5582447164
415919.2163386232	4568541.5036813114
415918.2178283153	4568541.4491179064
415917.2193180074	4568541.3945545023
415916.2208076996	4568541.3399910973
415915.2222973918	4568541.2854276923
415914.2237870840	4568541.2308642874
415913.2252767761	4568541.1763008824
415912.2267664683	4568541.1217374783
415911.2274333397	4568541.0910576973
415910.2275353649	4568541.0767734405
415909.2276373902	4568541.0624891836
415908.2277394153	4568541.0482049277
415907.2278414406	4568541.0339206709
415906.2279434657	4568541.0196364140
415905.2280454909	4568541.0053521572
415904.2281475162	4568540.9910679003
415903.2282495413	4568540.9767836435
415902.2283515666	4568540.9624993866
415901.2284535917	4568540.9482151298
415900.2285556169	4568540.9339308729
415899.2286576422	4568540.9196466161
415898.2287596673	4568540.9053623592
415897.2288616926	4568540.8910781024
415896.2289637177	4568540.8767938465
415895.2290657430	4568540.8625095896
415894.2294642065	4568540.8350931397
415893.2299401658	4568540.8042436326
415892.2304161251	4568540.7733941246
415891.2308920844	4568540.7425446175
415890.2313680438	4568540.7116951095
415889.2318440031	4568540.6808456024
415888.2323199624	4568540.6499960953
415887.2327959217	4568540.6191465873
415886.2332718810	4568540.5882970802
415885.2337478404	4568540.5574475732
415884.2342237997	4568540.5265980652
415883.2346997590	4568540.4957485581
415882.2351757183	4568540.4648990510
415881.2356516777	4568540.4340495430
415880.2361276370	4568540.4032000359
415879.2366035963	4568540.3723505279
415878.2370795556	4568540.3415010208
415877.2375555149	4568540.3106515137
415876.2380314743	4568540.2798020057
415875.2383531653	4568540.2622388853
415874.2383822999	4568540.2698722510
415873.2384114344	4568540.2775056167
415872.2384405690	4568540.2851389814
415871.2384697036	4568540.2927723471
415870.2384988381	4568540.3004057119
415869.2385279727	4568540.3080390776
415868.2385571072	4568540.3156724432
415867.2385862418	4568540.3233058080
415866.2386153763	4568540.3309391737
415865.2386445109	4568540.3385725394
415864.2386736454	4568540.3462059041
415863.2387027800	4568540.3538392698
415862.2387319146	4568540.3614726355
415861.2387610491	4568540.3691060003
415860.2387901837	4568540.3767393660
415859.2389293383	4568540.3669187548
415858.2391341632	4568540.3466799865
415857.2393389880	4568540.3264412172
415856.2395438129	4568540.3062024489
415855.2397486377	4568540.2859636797
415854.2399534626	4568540.2657249114
415853.2401582874	4568540.2454861421
415852.2403631123	4568540.2252473738
415851.2405679372	4568540.2050086055
415850.2407727620	4568540.1847698363
415849.2409775869	4568540.1645310679
415848.2411824118	4568540.1442922987
415847.2413872366	4568540.1240535304
415846.2415920614	4568540.1038147612
415845.2417968863	4568540.0835759928
415844.2420017112	4568540.0633372236
415843.2422065360	4568540.0430984553
415842.2424113609	4568540.0228596870
415841.2426161857	4568540.0026209177
415840.2428210106	4568539.9823821494
415839.2430258355	4568539.9621433802
415838.2432306603	4568539.9419046119
415837.2434354851	4568539.9216658426
415836.2436403100	4568539.9014270743
415835.2438451349	4568539.8811883051
415834.2440499597	4568539.8609495368
415833.2442547846	4568539.8407107685
415832.2444596094	4568539.8204719992
415831.2446644343	4568539.8002332309
415830.2448692592	4568539.7799944617
415829.2449441027	4568539.7678064192
415828.2450166743	4568539.7557591004
415827.2450892459	4568539.7437117826
415826.2451618175	4568539.7316644639
415825.2452343891	4568539.7196171461
415824.2453069606	4568539.7075698273
415823.2453795322	4568539.6955225086
415822.2454521038	4568539.6834751908
415821.2455246753	4568539.6714278720
415820.2455972469	4568539.6593805533
415819.2456698185	4568539.6473332355
415818.2457423901	4568539.6352859167
415817.2458149616	4568539.6232385980
415816.2458875332	4568539.6111912802
415815.2459601048	4568539.5991439614
415814.2460326763	4568539.5870966436
415813.2461052479	4568539.5750493249
415812.2461778195	4568539.5630020062
415811.2462503911	4568539.5509546883
415810.2463192813	4568539.5400062650
415809.2463335794	4568539.5453537824
415808.2463478775	4568539.5507012988
415807.2463621755	4568539.5560488161
415806.2463764736	4568539.5613963334
415805.2463907717	4568539.5667438507
415804.2464050697	4568539.5720913671
415803.2464193678	4568539.5774388844
415802.2464336659	4568539.5827864017
415801.2464479640	4568539.5881339191
415800.2464622620	4568539.5934814354
415799.2464765601	4568539.5988289528
415798.2464908582	4568539.6041764701
415797.2465051562	4568539.6095239874
415796.2465194543	4568539.6148715038
415795.2465337524	4568539.6202190211
415794.2465480505	4568539.6255665384
415793.2465623485	4568539.6309140557
415792.2465766466	4568539.6362615721
415791.2465909447	4568539.6416090894
415790.2466052427	4568539.6469566068
415789.2466195408	4568539.6523041241
415788.2466338389	4568539.6576516414
415787.2467370538	4568539.6707156803
415786.2468936463	4568539.6884120237
415785.2470502389	4568539.7061083680
415784.2472068314	4568539.7238047114
415783.2473634240	4568539.7415010547
415782.2475200165	4568539.7591973981
415781.2476766091	4568539.7768937415
415780.2478332016	4568539.7945900857
415779.2479897941	4568539.8122864291
415778.2481463867	4568539.8299827725
415777.2483029792	4568539.8476791158
415776.2484595718	4568539.8653754592
415775.2486161643	4568539.8830718035
415774.2488176315	4568539.9022856764
415773.2496756095	4568539.9437008901
415772.2505335875	4568539.9851161037
415771.2513915655	4568540.0265313163
415770.2522495435	4568540.0679465299
415769.2531075215	4568540.1093617436
415768.2539654995	4568540.1507769562
415767.2548234775	4568540.1921921698
415766.2556814555	4568540.2336073834
415765.2565394335	4568540.2750225961
415764.2573974115	4568540.3164378097
415763.2582553895	4568540.3578530233
415762.2591133676	4568540.3992682360
415761.2599713456	4568540.4406834496
415760.2608293236	4568540.4820986632
415759.2616873016	4568540.5235138759
415758.2625452796	4568540.5649290895
415757.2634032576	4568540.6063443031
415756.2642612356	4568540.6477595158
415755.2651192136	4568540.6891747294
415754.2659771916	4568540.7305899430
415753.2668351697	4568540.7720051557
415752.2676931477	4568540.8134203693
415751.2685511257	4568540.8548355829
415750.2693136912	4568540.8252267689
415749.2700640027	4568540.7864961615
415748.2708143142	4568540.7477655532
415747.2715646257	4568540.7090349449
415746.2723149372	4568540.6703043366
415745.2730652486	4568540.6315737292
415744.2738155601	4568540.5928431209
415743.2745658716	4568540.5541125126
415742.2753161831	4568540.5153819043
415741.2760664946	4568540.4766512970
415740.2768168061	4568540.4379206887
415739.2775671176	4568540.3991900804
415738.2783174290	4568540.3604594721
415737.2790677405	4568540.3217288647
415736.2798180520	4568540.2829982564
415735.2802986692	4568540.2549453964
415734.2803678662	4568540.2431815052
415733.2804370632	4568540.2314176131
415732.2805062601	4568540.2196537210
415731.2805754571	4568540.2078898298
415730.2806446540	4568540.1961259376
415729.2807138510	4568540.1843620455
415728.2807830480	4568540.1725981543
415727.2808522450	4568540.1608342621
415726.2809214419	4568540.1490703709
415725.2809906389	4568540.1373064788
415724.2810598359	4568540.1255425867
415723.2811290328	4568540.1137786955
415722.2811982298	4568540.1020148033
415721.2812674268	4568540.0902509112
415720.2813366237	4568540.0784870200
415719.2814058207	4568540.0667231278
415718.2814750177	4568540.0549592366
415717.2815442147	4568540.0431953445
415716.2816134116	4568540.0314314524
415715.2816826086	4568540.0196675612
415714.2819993347	4568539.9945139866
415713.2823169575	4568539.9693119098
415712.2826345802	4568539.9441098338
415711.2829522030	4568539.9189077569
415710.2832698258	4568539.8937056800
415709.2835874486	4568539.8685036032
415708.2839050714	4568539.8433015263
415707.2842226941	4568539.8180994494
415706.2845403169	4568539.7928973725
415705.2848579397	4568539.7676952966
415704.2851755625	4568539.7424932197
415703.2854931852	4568539.7172911428
415702.2858108080	4568539.6920890659
415701.2861284308	4568539.6668869890
415700.2862381309	4568539.6545086913
415699.2862641957	4568539.6472886633
415698.2862902604	4568539.6400686344
415697.2863163252	4568539.6328486064
415696.2863423899	4568539.6256285775
415695.2863684547	4568539.6184085496
415694.2863945194	4568539.6111885207
415693.2864205842	4568539.6039684927
415692.2864466489	4568539.5967484638
415691.2864727136	4568539.5895284358
415690.2864987784	4568539.5823084069
415689.2865248431	4568539.5750883790
415688.2865509079	4568539.5678683501
415687.2865769726	4568539.5606483221
415686.2866030374	4568539.5534282932
415685.2866291021	4568539.5462082652
415684.2866551669	4568539.5389882373
415683.2866812316	4568539.5317682084
415682.2867072964	4568539.5245481804
415681.2867333610	4568539.5173281515
415680.2867594258	4568539.5101081235
415679.2867854905	4568539.5028880946
415678.2868115553	4568539.4956680667
415677.2868376200	4568539.4884480378
415676.2868636848	4568539.4812280098
415675.2868897495	4568539.4740079809
415674.2869158143	4568539.4667879529
415673.2869418790	4568539.4595679240
415672.2869679438	4568539.4523478961
415671.2869940085	4568539.4451278672
415670.2870200732	4568539.4379078392
415669.2870461380	4568539.4306878103
415668.2870722027	4568539.4234677823
415667.2872486472	4568539.4072416956
415666.2875911153	4568539.3810726497
415665.2879335834	4568539.3549036048
415664.2882760515	4568539.3287345590
415663.2886185196	4568539.3025655141
415662.2889609877	4568539.2763964683
415661.2893034558	4568539.2502274234
415660.2896459240	4568539.2240583776
415659.2899883921	4568539.1978893327
415658.2903308601	4568539.1717202868
415657.2906733283	4568539.1455512419
415656.2910157964	4568539.1193821970
415655.2913582645	4568539.0932131512
415654.2917007326	4568539.0670441063
415653.2920432007	4568539.0408750605
415652.2923856688	4568539.0147060156
415651.2927281370	4568538.9885369698
415650.2930706050	4568538.9623679249
415649.2934130731	4568538.9361988790
415648.2937555412	4568538.9100298341
415647.2940980094	4568538.8838607883
415646.2944404775	4568538.8576917434
415645.2947829456	4568538.8315226976
415644.2951414730	4568538.8047527531
415643.2955131664	4568538.7774901632
415642.2958848599	4568538.7502275733
415641.2962565534	4568538.7229649825
415640.2966282469	4568538.6957023926
415639.2969999404	4568538.6684398027
415638.2973716339	4568538.6411772119
415637.2977433274	4568538.6139146220
415636.2981150209	4568538.5866520321
415635.2984867143	4568538.5593894422
415634.2988584079	4568538.5321268514
415633.2992301013	4568538.5048642615
415632.2996017948	4568538.4776016716
415631.3003975748	4568538.4793071738
415630.3019957291	4568538.5358204860
415629.3035938834	4568538.5923337983
415628.3051920376	4568538.6488471106
415627.3067901919	4568538.7053604219
415626.3083883461	4568538.7618737342
415625.3099865004	4568538.8183870465
415624.3115846547	4568538.8749003578
415623.3131828089	4568538.9314136701
415622.3147809632	4568538.9879269823
415621.3163791175	4568539.0444402937
415620.3179772717	4568539.1009536060
415619.3195754260	4568539.1574669182
415618.3211735803	4568539.2139802296
415617.3227717345	4568539.2704935418
415616.3243698888	4568539.3270068541
415615.3259680430	4568539.3835201664
415614.3275661973	4568539.4400334777
415613.3291643516	4568539.4965467900
415612.3306154323	4568539.5501433564
415611.3315929305	4568539.5943478914
415610.3325704288	4568539.6385524273
415609.3335479269	4568539.6827569632
415608.3345254252	4568539.7269614981
415607.3355029234	4568539.7711660340
415606.3364804216	4568539.8153705690
415605.3374579199	4568539.8595751049
415604.3384354181	4568539.9037796399
415603.3394129164	4568539.9479841758
415602.3403904145	4568539.9921887107
415601.3413679128	4568540.0363932466
415600.3423454110	4568540.0805977816
415599.3433229092	4568540.1248023175
415598.3449453312	4568540.1810909873
415597.3468927528	4568540.2434692737
415596.3488401743	4568540.3058475601
415595.3507875958	4568540.3682258464
415594.3527350173	4568540.4306041319
415593.3546824389	4568540.4929824183
415592.3566298604	4568540.5553607047
415591.3585772819	4568540.6177389910
415590.3605247034	4568540.6801172774
415589.3624721249	4568540.7424955629
415588.3644195464	4568540.8048738493
415587.3663669679	4568540.8672521356
415586.3683143895	4568540.9296304220
415585.3712863223	4568541.0032721283
415584.3783585055	4568541.1219917582
415583.3854306886	4568541.2407113882
415582.3925028718	4568541.3594310191
415581.3995750550	4568541.4781506490
415580.4066472382	4568541.5968702789
415579.4137194214	4568541.7155899098
415578.4207916046	4568541.8343095398
415577.4278637878	4568541.9530291697
415576.4349359710	4568542.0717487996
415575.4420081541	4568542.1904684305
415574.4490803374	4568542.3091880605
415573.4561525206	4568542.4279076904
415572.4632247038	4568542.5466273213
415571.4702968869	4568542.6653469512
415570.4773690701	4568542.7840665812
415569.4844412533	4568542.9027862120
415568.4915134365	4568543.0215058420
415567.4985856197	4568543.1402254719
415566.5056578029	4568543.2589451028
415565.5127299861	4568543.3776647327
415564.5198021693	4568543.4963843627
415563.5268743524	4568543.6151039936
415562.5284345917	4568543.6695615491
415561.5297928779	4568543.7216645945
415560.5311511641	4568543.7737676408
415559.5325094502	4568543.8258706871
415558.5338677364	4568543.8779737325
415557.5352260226	4568543.9300767789
415556.5365843087	4568543.9821798243
415555.5379425949	4568544.0342828706
415554.5393008811	4568544.0863859160
415553.5406591672	4568544.1384889623
415552.5420174534	4568544.1905920086
415551.5433757396	4568544.2426950540
415550.5447340257	4568544.2947981004
415549.5467167535	4568544.3547876077
415548.5523190816	4568544.4604912968
415547.5579214096	4568544.5661949869
415546.5635237376	4568544.6718986761
415545.5691260657	4568544.7776023652
415544.5747283937	4568544.8833060553
415543.5803307217	4568544.9890097445
415542.5859330498	4568545.0947134346
415541.5915353777	4568545.2004171237
415540.5971377058	4568545.3061208138
415539.6027400338	4568545.4118245030
415538.6083423618	4568545.5175281921
415537.6139446899	4568545.6232318822
415536.6195470179	4568545.7289355714
415535.6251493460	4568545.8346392615
415534.6307516740	4568545.9403429506
415533.6363540020	4568546.0460466398
415532.6419563301	4568546.1517503299
415531.6475586581	4568546.2574540190
415530.6531609861	4568546.3631577091
415529.6587633142	4568546.4688613983
415528.6643656421	4568546.5745650874
415527.6699679702	4568546.6802687775
415526.6755702982	4568546.7859724667
415525.6811726262	4568546.8916761568
415524.6867749543	4568546.9973798459
415523.6923772823	4568547.1030835360
415522.6979796104	4568547.2087872252
415521.7035819384	4568547.3144909143
415520.7091842664	4568547.4201946044
415519.7147865945	4568547.5258982936
415518.7179598157	4568547.5979270842
415517.7186861852	4568547.6360349767
415516.7194125548	4568547.6741428701
415515.7201389243	4568547.7122507626
415514.7208652939	4568547.7503586551
415513.7215916635	4568547.7884665476
415512.7223180330	4568547.8265744410
415511.7230444025	4568547.8646823335
415510.7237707721	4568547.9027902260
415509.7244971416	4568547.9408981185
415508.7252235112	4568547.9790060110
415507.7259498808	4568548.0171139045
415506.7266762503	4568548.0552217970
415505.7274026198	4568548.0933296895
415504.7281289894	4568548.1314375820
415503.7288553589	4568548.1695454745
415502.7295817285	4568548.2076533679
415501.7303080980	4568548.2457612604
415500.7310344676	4568548.2838691529
415499.7317608371	4568548.3219770454
415498.7324872067	4568548.3600849388
415497.7332135762	4568548.3981928313
415496.7339399458	4568548.4363007238
415495.7346663153	4568548.4744086163
415494.7353926849	4568548.5125165088
415493.7361190545	4568548.5506244022
415492.7368454240	4568548.5887322947
415491.7375717935	4568548.6268401872
415490.7382123110	4568548.6557206102
415489.7384026195	4568548.6362121282
415488.7385929281	4568548.6167036463
415487.7387832366	4568548.5971951643
415486.7389735451	4568548.5776866823
415485.7391638537	4568548.5581782013
415484.7393541622	4568548.5386697194
415483.7395444708	4568548.5191612374
415482.7397347793	4568548.4996527554
415481.7399250879	4568548.4801442735
415480.7401153964	4568548.4606357915
415479.7403057049	4568548.4411273105
415478.7404960135	4568548.4216188285
415477.7406863220	4568548.4021103466
415476.7408766306	4568548.3826018646
415475.7410669390	4568548.3630933827
415474.7412572476	4568548.3435849007
415473.7414475561	4568548.3240764197
415472.7416378647	4568548.3045679377
415471.7418281732	4568548.2850594558
415470.7420184818	4568548.2655509738
415469.7422087903	4568548.2460424919
415468.7423990988	4568548.2265340099
415467.7425894074	4568548.2070255289
415466.7427797159	4568548.1875170469
415465.7428638908	4568548.1788883042
415464.7428638908	4568548.1788883042
415463.7428638908	4568548.1788883042
415462.7428638908	4568548.1788883042
415461.7428638908	4568548.1788883042
415460.7428638908	4568548.1788883042
415459.7428638908	4568548.1788883042
415458.7428638908	4568548.1788883042
415457.7428638908	4568548.1788883042
415456.7428638908	4568548.1788883042
415455.7428638908	4568548.1788883042
415454.7428638908	4568548.1788883042
415453.7428638908	4568548.1788883042
415452.7428638908	4568548.1788883042
415451.7428638908	4568548.1788883042
415450.7428638908	4568548.1788883042
415449.7428638908	4568548.1788883042
415448.7428638908	4568548.1788883042
415447.7428638908	4568548.1788883042
415446.7428638908	4568548.1788883042
415445.7428638908	4568548.1788883042
415444.7428638908	4568548.1788883042
415443.7428638908	4568548.1788883042
415442.7428638908	4568548.1788883042
415441.7428638908	4568548.1788883042
415440.7428638908	4568548.1788883042
415439.7428638908	4568548.1788883042
415438.7428638908	4568548.1788883042
415437.7428638908	4568548.1788883042
415436.7428638908	4568548.1788883042
415435.7432343515	4568548.1634846944
415434.7443905120	4568548.1154119959
415433.7455466725	4568548.0673392974
415432.7467028330	4568548.0192665998
415431.7478589935	4568547.9711939013
415430.7490151540	4568547.9231212037
415429.7501713145	4568547.8750485051
415428.7513274750	4568547.8269758075
415427.7524836355	4568547.7789031090
415426.7536397960	4568547.7308304105
415425.7547959566	4568547.6827577129
415424.7559521171	4568547.6346850144
415423.7571082775	4568547.5866123168
415422.7582644380	4568547.5385396183
415421.7594205986	4568547.4904669207
415420.7605767591	4568547.4423942221
415419.7617329196	4568547.3943215236
415418.7628890801	4568547.3462488260
415417.7640452406	4568547.2981761275
415416.7652014011	4568547.2501034299
415415.7663575616	4568547.2020307314
415414.7675137221	4568547.1539580338
415413.7686698826	4568547.1058853352
415412.7690808069	4568547.0785017898
415411.7693668498	4568547.0545851886
415410.7696528926	4568547.0306685865
415409.7699389354	4568547.0067519844
415408.7702249782	4568546.9828353832
415407.7705110210	4568546.9589187810
415406.7707970639	4568546.9350021789
415405.7710831067	4568546.9110855768
415404.7713691496	4568546.8871689755
415403.7716551924	4568546.8632523734
415402.7719412353	4568546.8393357713
415401.7722272781	4568546.8154191701
415400.7725133209	4568546.7915025679
415399.7727993637	4568546.7675859658
415398.7730854065	4568546.7436693637
415397.7733714494	4568546.7197527625
415396.7736574922	4568546.6958361603
415395.7739435351	4568546.6719195582
415394.7742295779	4568546.6480029561
415393.7745156207	4568546.6240863549
415392.7748016636	4568546.6001697527
415391.7750877064	4568546.5762531506
415390.7753737492	4568546.5523365494
415389.7756597920	4568546.5284199473
415388.7759458349	4568546.5045033451
415387.7760290289	4568546.4937913660
415386.7760521666	4568546.4869888024
415385.7760753043	4568546.4801862380
415384.7760984420	4568546.4733836744
415383.7761215797	4568546.4665811108
415382.7761447174	4568546.4597785473
415381.7761678551	4568546.4529759837
415380.7761909928	4568546.4461734202
415379.7762141305	4568546.4393708566
415378.7762372682	4568546.4325682931
415377.7762604059	4568546.4257657295
415376.7762835436	4568546.4189631650
415375.7763066813	4568546.4121606015
415374.7763298190	4568546.4053580379
415373.7763529567	4568546.3985554744
415372.7763760945	4568546.3917529108
415371.7763992321	4568546.3849503472
415370.7764340821	4568546.3770696903
415369.7765454469	4568546.3621459790
415368.7766568117	4568546.3472222677
415367.7767681764	4568546.3322985573
415366.7768795412	4568546.3173748460
415365.7769909060	4568546.3024511347
415364.7771022708	4568546.2875274243
415363.7772136355	4568546.2726037130
415362.7774533636	4568546.2641270524
415361.7789512113	4568546.3188394997
415360.7804490590	4568546.3735519461
415359.7819469067	4568546.4282643935
415358.7834447543	4568546.4829768399
415357.7849426021	4568546.5376892863
415356.7864404497	4568546.5924017336
415355.7879382974	4568546.6471141800
415354.7894361451	4568546.7018266264
415353.7941163281	4568546.7873088615
415352.8055517291	4568546.9381068517
415351.8169871301	4568547.0889048409
415350.8284225312	4568547.2397028310
415349.8398579322	4568547.3905008202
415348.8512933332	4568547.5412988095
415347.8627287342	4568547.6920967996
415346.8733274776	4568547.8365579536
415345.8795002438	4568547.9474968072
415344.8856730100	4568548.0584356617
415343.8918457761	4568548.1693745153
415342.8980185424	4568548.2803133698
415341.9041913085	4568548.3912522234
415340.9103640747	4568548.5021910770
415339.9165368409	4568548.6131299315
415338.9227096071	4568548.7240687851
415337.9288823733	4568548.8350076396
415336.9350551395	4568548.9459464932
415335.9412279057	4568549.0568853477
415334.9474006719	4568549.1678242013
415333.9535734380	4568549.2787630558
415332.9597462042	4568549.3897019094
415331.9659189704	4568549.5006407639
415330.9720917366	4568549.6115796175
415329.9782645028	4568549.7225184720
415328.9844372690	4568549.8334573256
415327.9906100352	4568549.9443961801
415326.9967828014	4568550.0553350337
415326.0029555675	4568550.1662738882
415325.0091283337	4568550.2772127418
415324.0153010999	4568550.3881515963
415323.0214738661	4568550.4990904499
415322.0276466323	4568550.6100293044
415321.0326192089	4568550.7027221238
415320.0328232073	4568550.7229200229
415319.0330272057	4568550.7431179220
415318.0332312041	4568550.7633158201
415317.0334352025	4568550.7835137192
415316.0336392008	4568550.8037116183
415315.0338431992	4568550.8239095174
415314.0340471976	4568550.8441074165
415313.0342511959	4568550.8643053155
415312.0344551943	4568550.8845032146
415311.0346591926	4568550.9047011137
415310.0348631910	4568550.9248990128
415309.0350671894	4568550.9450969119
415308.0352711877	4568550.9652948109
415307.0354751862	4568550.9854927091
415306.0356791845	4568551.0056906082
415305.0358831829	4568551.0258885073
415304.0360871813	4568551.0460864063
415303.0362911796	4568551.0662843054
415302.0364951780	4568551.0864822045
415301.0366991764	4568551.1066801036
415300.0369031747	4568551.1268780027
415299.0371071731	4568551.1470759017
415298.0373111714	4568551.1672738008
415297.0375947706	4568551.1907898420
415296.0379803499	4568551.2185569089
415295.0383659293	4568551.2463239767
415294.0387515087	4568551.2740910435
415293.0391370880	4568551.3018581113
415292.0395226673	4568551.3296251781
415291.0399082467	4568551.3573922459
415290.0402938260	4568551.3851593127
415289.0406794054	4568551.4129263805
415288.0410649847	4568551.4406934474
415287.0414505641	4568551.4684605151
415286.0418361434	4568551.4962275820
415285.0422217227	4568551.5239946488
415284.0426073021	4568551.5517617166
415283.0429928815	4568551.5795287834
415282.0433784608	4568551.6072958512
415281.0437640402	4568551.6350629181
415280.0444870527	4568551.6475560600
415279.0470741700	4568551.5756704472
415278.0496612873	4568551.5037848344
415277.0522484046	4568551.4318992207
415276.0548355219	4568551.3600136079
415275.0574226391	4568551.2881279942
415274.0600097564	4568551.2162423814
415273.0625968737	4568551.1443567686
415272.0651839910	4568551.0724711549
415271.0677711083	4568551.0005855421
415270.0703582255	4568550.9286999283
415269.0729453428	4568550.8568143155
415268.0755324601	4568550.7849287027
415267.0781195773	4568550.7130430890
415266.0786865617	4568550.7075483007
415265.0787482844	4568550.7186587267
415264.0788100070	4568550.7297691517
415263.0788717298	4568550.7408795767
415262.0789334524	4568550.7519900016
415261.0789951751	4568550.7631004276
415260.0790568977	4568550.7742108526
415259.0791186205	4568550.7853212776
415258.0791803431	4568550.7964317035
415257.0792420658	4568550.8075421285
415256.0793043367	4568550.8186662244
415255.0816865845	4568550.8876504311
415254.0840688325	4568550.9566346370
415253.0864510804	4568551.0256188437
415252.0888333283	4568551.0946030496
415251.0912155762	4568551.1635872563
415250.0935978241	4568551.2325714622
415249.0959800720	4568551.3015556689
415248.0983623200	4568551.3705398748
415247.1007445678	4568551.4395240815
415246.1031268158	4568551.5085082874
415245.1055090637	4568551.5774924941
415244.1078913116	4568551.6464767000
415243.1102735595	4568551.7154609067
415242.1126558074	4568551.7844451126
415241.1150380553	4568551.8534293193
415240.1174203033	4568551.9224135252
415239.1198025511	4568551.9913977319
415238.1221847991	4568552.0603819378
415237.1245670470	4568552.1293661445
415236.1269492949	4568552.1983503504
415235.1293315428	4568552.2673345571
415234.1317137907	4568552.3363187630
415233.1334811112	4568552.3940329086
415232.1342801525	4568552.4340009466
415231.1350791938	4568552.4739689846
415230.1358782351	4568552.5139370235
415229.1366772764	4568552.5539050614
415228.1374763176	4568552.5938731004
415227.1382753589	4568552.6338411383
415226.1390744002	4568552.6738091763
415225.1398734415	4568552.7137772152
415224.1406724827	4568552.7537452532
415223.1414715240	4568552.7937132921
415222.1422705653	4568552.8336813301
415221.1430696066	4568552.8736493681
415220.1438686479	4568552.9136174070
415219.1446676891	4568552.9535854449
415218.1454667304	4568552.9935534839
415217.1462657717	4568553.0335215218
415216.1470648130	4568553.0734895607
415215.1478638543	4568553.1134575987
415214.1486628955	4568553.1534256367
415213.1494619368	4568553.1933936756
415212.1502609781	4568553.2333617136
415211.1510600194	4568553.2733297525
415210.1518590607	4568553.3132977905
415209.1526581020	4568553.3532658285
415208.1534571432	4568553.3932338674
415207.1542561845	4568553.4332019053
415206.1547782736	4568553.4620673638
415205.1548272848	4568553.4719678685
415204.1548762960	4568553.4818683732
415203.1549253072	4568553.4917688780
415202.1549743184	4568553.5016693827
415201.1550233296	4568553.5115698874
415200.1550723408	4568553.5214703931
415199.1551213520	4568553.5313708978
415198.1551703632	4568553.5412714025
415197.1552193744	4568553.5511719072
415196.1552683856	4568553.5610724119
415195.1553173968	4568553.5709729167
415194.1582583955	4568553.6163777839
415193.1698866979	4568553.7684349678
415192.1815150002	4568553.9204921527
415191.1931433025	4568554.0725493366
415190.2047716049	4568554.2246065205
415189.2163999073	4568554.3766637053
415188.2280282096	4568554.5287208892
415187.2315215132	4568554.6101718247
415186.2344670277	4568554.6868683239
415185.2374125422	4568554.7635648223
415184.2403580567	4568554.8402613215
415183.2433035712	4568554.9169578208
415182.2462490857	4568554.9936543191
415181.2491946002	4568555.0703508183
415180.2522593098	4568555.1484793592
415179.2562451539	4568555.2376746573
415178.2602309979	4568555.3268699544
415177.2642168419	4568555.4160652515
415176.2682026860	4568555.5052605495
415175.2721885299	4568555.5944558466
415174.2761743739	4568555.6836511437
415173.2801602180	4568555.7728464417
415172.2840173268	4568555.8562656408
415171.2850182724	4568555.8115343396
415170.2860192179	4568555.7668030383
415169.2870201636	4568555.7220717380
415168.2880211092	4568555.6773404367
415167.2890220547	4568555.6326091364
415166.2900230003	4568555.5878778351
415165.2910239459	4568555.5431465348
415164.2920248915	4568555.4984152336
415163.3046115737	4568555.3404270355
415162.3172471229	4568555.1819611359
415161.3298826721	4568555.0234952364
415160.3425182213	4568554.8650293369
415159.3551537706	4568554.7065634374
415158.3677893197	4568554.5480975378
415157.3804248689	4568554.3896316383
415156.3930604182	4568554.2311657388
415155.4056959673	4568554.0726998392
415154.4184793273	4568553.9133303333
415153.4320854035	4568553.7489313465
415152.4456914797	4568553.5845323587
415151.4592975558	4568553.4201333718
415150.4729036320	4568553.2557343841
415149.4762098115	4568553.2368352935
415148.4764931377	4568553.2606380722
415147.4767764640	4568553.2844408499
415146.4770597902	4568553.3082436277
415145.4773431165	4568553.3320464063
415144.4775173690	4568553.3504229542
415143.4776517144	4568553.3668141942
415142.4777860598	4568553.3832054343
415141.4779204052	4568553.3995966753
415140.4780547506	4568553.4159879154
415139.4781890960	4568553.4323791554
415138.4783234414	4568553.4487703955
415137.4856463855	4568553.5353125921
415136.5032368258	4568553.7220515991
415135.5208272659	4568553.9087906061
415134.5384177062	4568554.0955296131
415133.5560081464	4568554.2822686210
415132.5735985866	4568554.4690076280
415131.5911890268	4568554.6557466350
415130.6087794670	4568554.8424856421
415129.6263699073	4568555.0292246500
415128.6439603474	4568555.2159636570
415127.6615507877	4568555.4027026640
415126.6791412279	4568555.5894416720
415125.6967316680	4568555.7761806790
415124.7143221083	4568555.9629196860
415123.7319125485	4568556.1496586930
415122.7391333665	4568556.2493365202
415121.7403461932	4568556.2985725068
415120.7415590199	4568556.3478084942
415119.7427718466	4568556.3970444817
415118.7439846733	4568556.4462804692
415117.7451975000	4568556.4955164567
415116.7464103267	4568556.5447524441
415115.7476231534	4568556.5939884316
415114.7488359801	4568556.6432244191
415113.7500488068	4568556.6924604066
415112.7512616335	4568556.7416963940
415111.7524744602	4568556.7909323815
415110.7536872869	4568556.8401683681
415109.7549001136	4568556.8894043555
415108.7561129403	4568556.9386403430
415107.7573257670	4568556.9878763305
415106.7585385937	4568557.0371123180
415105.7590870476	4568557.0641283430
415104.7591424446	4568557.0746540762
415103.7591978417	4568557.0851798085
415102.7592532387	4568557.0957055418
415101.7593086357	4568557.1062312741
415100.7593640329	4568557.1167570064
415099.7594194299	4568557.1272827396
415098.7594748269	4568557.1378084719
415097.7595302240	4568557.1483342052
415096.7595856211	4568557.1588599375
415095.7596410181	4568557.1693856707
415094.7612507606	4568557.1547712628
415093.7702184345	4568557.0211489266
415092.7791861085	4568556.8875265904
415091.7881537825	4568556.7539042542
415090.7971214564	4568556.6202819180
415089.8060891304	4568556.4866595818
415088.8150568043	4568556.3530372456
415087.8240244783	4568556.2194149094
415086.8329921522	4568556.0857925732
415085.8419598262	4568555.9521702370
415084.8509275001	4568555.8185479008
415083.8564731786	4568555.7492774315
415082.8568587580	4568555.7770444984
415081.8572443374	4568555.8048115661
415080.8576299167	4568555.8325786330
415079.8585657297	4568555.8676570524
415078.8660547188	4568555.9898122540
415077.8735437079	4568556.1119674556
415076.8810326970	4568556.2341226563
415075.8885216860	4568556.3562778579
415074.8960106751	4568556.4784330595
415073.9034996642	4568556.6005882602
415072.9109886533	4568556.7227434618
415071.9170882161	4568556.8286400046
415070.9182419118	4568556.8766614608
415069.9193956075	4568556.9246829180
415068.9205493031	4568556.9727043752
415067.9217029988	4568557.0207258323
415066.9228566945	4568557.0687472885
415065.9240103901	4568557.1167687457
415064.9251640858	4568557.1647902029
415063.9263177815	4568557.2128116600
415062.9274714771	4568557.2608331162
415061.9286251728	4568557.3088545734
415060.9297788685	4568557.3568760306
415059.9309325641	4568557.4048974877
415058.9312977212	4568557.4264956145
415057.9313653185	4568557.4381227354
415056.9314329158	4568557.4497498563
415055.9315005130	4568557.4613769772
415054.9315681103	4568557.4730040981
415053.9316357075	4568557.4846312189
415052.9317033048	4568557.4962583398
415051.9317709020	4568557.5078854607
415050.9318384993	4568557.5195125816
415049.9319060965	4568557.5311397025
415048.9320263877	4568557.5461130114
415047.9322236891	4568557.5659766411
415046.9324209905	4568557.5858402709
415045.9326182918	4568557.6057039006
415044.9328155932	4568557.6255675303
415043.9330128946	4568557.6454311600
415042.9332101959	4568557.6652947897
415041.9334074973	4568557.6851584194
415040.9336047986	4568557.7050220501
415039.9338021000	4568557.7248856798
415038.9339994013	4568557.7447493095
415037.9341967027	4568557.7646129392
415036.9343940040	4568557.7844765689
415035.9345913054	4568557.8043401986
415034.9347886067	4568557.8242038283
415033.9349859081	4568557.8440674581
415032.9351832095	4568557.8639310878
415031.9353805108	4568557.8837947175
415030.9359594726	4568557.8822392188
415029.9374991193	4568557.8267691992
415028.9390387662	4568557.7712991796
415027.9405784129	4568557.7158291601
415026.9421180598	4568557.6603591405
415025.9436577065	4568557.6048891209
415024.9451973533	4568557.5494191013
415023.9467370001	4568557.4939490817
415022.9482766469	4568557.4384790622
415021.9500739184	4568557.3786445251
415020.9520213399	4568557.3162662387
415019.9539687614	4568557.2538879523
415018.9559161829	4568557.1915096659
415017.9747558910	4568557.3470939426
415016.9982321176	4568557.5625035986
415016.0217083441	4568557.7779132547
415015.0451845707	4568557.9933229107
415014.0686607972	4568558.2087325668
415013.0921370238	4568558.4241422229
415012.1156132503	4568558.6395518789
415011.1390894769	4568558.8549615350
415010.1526861805	4568558.9649124444
415009.1531450014	4568558.9346233178
415008.1536038223	4568558.9043341912
415007.1540626431	4568558.8740450647
415006.1545214639	4568558.8437559381
415005.1549802848	4568558.8134668116
415004.1554391057	4568558.7831776850
415003.1558979265	4568558.7528885575
415002.1563567473	4568558.7225994309
415001.1568155682	4568558.6923103044
415000.1572743891	4568558.6620211778
414999.1577332099	4568558.6317320513
414998.1579420470	4568558.6179456385
414997.1579420470	4568558.6179456385
414996.1579420470	4568558.6179456385
414995.1579420470	4568558.6179456385
414994.1579420470	4568558.6179456385
414993.1579420470	4568558.6179456385
414992.1579420470	4568558.6179456385
414991.1579420470	4568558.6179456385
414990.1579420470	4568558.6179456385
414989.1579420470	4568558.6179456385
414988.1579420470	4568558.6179456385
414987.1579426541	4568558.6181228925
414986.1579661098	4568558.6249720473
414985.1579895655	4568558.6318212012
414984.1580130212	4568558.6386703560
414983.1580364770	4568558.6455195108
414982.1580599327	4568558.6523686647
414981.1580833885	4568558.6592178196
414980.1581068442	4568558.6660669735
414979.1581303000	4568558.6729161283
414978.1581537557	4568558.6797652822
414977.1581772114	4568558.6866144370
414976.1582006671	4568558.6934635919
414975.1582241229	4568558.7003127458
414974.1582475786	4568558.7071619006
414973.1582710343	4568558.7140110545
414972.1582944901	4568558.7208602093
414971.1583179458	4568558.7277093632
414970.1583414015	4568558.7345585180
414969.1630025342	4568558.8064440554
414968.1721723661	4568558.9415572602
414967.1813421981	4568559.0766704651
414966.1905120300	4568559.2117836690
414965.1996818619	4568559.3468968738
414964.2072505416	4568559.4615153000
414963.2074587232	4568559.4819192151
414962.2076669047	4568559.5023231292
414961.2078750863	4568559.5227270443
414960.2080832678	4568559.5431309594
414959.2082914493	4568559.5635348735
414958.2084996308	4568559.5839387886
414957.2087078124	4568559.6043427028
414956.2089159939	4568559.6247466179
414955.2091241754	4568559.6451505329
414954.2093323570	4568559.6655544471
414953.2095405385	4568559.6859583622
414952.2097487201	4568559.7063622763
414951.2099569016	4568559.7267661914
414950.2101650831	4568559.7471701065
414949.2103732647	4568559.7675740207
414948.2105814462	4568559.7879779357
414947.2107896278	4568559.8083818499
414946.2110418148	4568559.8049112279
414945.2113320063	4568559.7808218347
414944.2116221979	4568559.7567324424
414943.2119123894	4568559.7326430492
414942.2122025810	4568559.7085536560
414941.2124927725	4568559.6844642628
414940.2127829640	4568559.6603748696
414939.2130731556	4568559.6362854764
414938.2133633471	4568559.6121960841
414937.2136535386	4568559.5881066909
414936.2152724671	4568559.6192878801
414935.2178751321	4568559.6913888920
414934.2204777969	4568559.7634899039
414933.2230804619	4568559.8355909167
414932.2256831268	4568559.9076919286
414931.2282857917	4568559.9797929404
414930.2308884566	4568560.0518939532
414929.2334911215	4568560.1239949651
414928.2360937865	4568560.1960959770
414927.2386964513	4568560.2681969898
414926.2441488042	4568560.3695543241
414925.2515854875	4568560.4912837874
414924.2590221708	4568560.6130132508
414923.2664588540	4568560.7347427141
414922.2738955373	4568560.8564721774
414921.2813322205	4568560.9782016408
414920.2887689038	4568561.0999311050
414919.2962055870	4568561.2216605684
414918.3036422703	4568561.3433900317
414917.3110789535	4568561.4651194951
414916.3185156368	4568561.5868489584
414915.3259523200	4568561.7085784217
414914.3333890033	4568561.8303078851
414913.3384446237	4568561.7852803553
414912.3428103976	4568561.6919396464
414911.3471761715	4568561.5985989375
414910.3515419454	4568561.5052582296
414909.3559077194	4568561.4119175207
414908.3602734934	4568561.3185768118
414907.3646392673	4568561.2252361029
414906.3690050412	4568561.1318953950
414905.3733708152	4568561.0385546861
414904.3777365891	4568560.9452139772
414903.3821023630	4568560.8518732684
414902.3862659461	4568560.7608273337
414901.3896496927	4568560.6786321783
414900.3930334393	4568560.5964370230
414899.3964171859	4568560.5142418686
414898.3998009325	4568560.4320467133
414897.4031846791	4568560.3498515589
414896.4065684257	4568560.2676564036
414895.4099521723	4568560.1854612492
414894.4133359189	4568560.1032660939
414893.4167196656	4568560.0210709386
414892.4201034122	4568559.9388757842
414891.4234871588	4568559.8566806288
414890.4328127468	4568559.7278894028
414889.4474622410	4568559.5573479692
414888.4621117352	4568559.3868065355
414887.4767612293	4568559.2162651019
414886.4914107234	4568559.0457236674
414885.5060602176	4568558.8751822338
414884.5207097117	4568558.7046408001
414883.5353592059	4568558.5340993665
414882.5500087001	4568558.3635579329
414881.5646581942	4568558.1930164993
414880.5793076884	4568558.0224750647
414879.5939571825	4568557.8519336311
414878.6086066767	4568557.6813921975
414877.6231213559	4568557.5116318287
414876.6376146380	4568557.3419954265
414875.6521079201	4568557.1723590242
414874.6666012022	4568557.0027226219
414873.6810944843	4568556.8330862196
414872.6955877664	4568556.6634498173
414871.7100810485	4568556.4938134151
414870.7245743305	4568556.3241770128
414869.7390676126	4568556.1545406114
414868.7535608947	4568555.9849042092
414867.7680541768	4568555.8152678069
414866.7825474589	4568555.6456314046
414865.7970407410	4568555.4759950023
414864.8115340231	4568555.3063586000
414863.8258963424	4568555.1381735364
414862.8259416909	4568555.1286501586
414861.8259870392	4568555.1191267809
414860.8260323876	4568555.1096034031
414859.8260777360	4568555.1000800254
414858.8261230844	4568555.0905566476
414857.8261684328	4568555.0810332708
414856.8262137812	4568555.0715098931
414855.8262591295	4568555.0619865153
414854.8263044780	4568555.0524631375
414853.8263498263	4568555.0429397598
414852.8263951747	4568555.0334163820
414851.8264405231	4568555.0238930043
414850.8264672954	4568555.0182706956
414849.8264672954	4568555.0182706956
414848.8264672954	4568555.0182706956
414847.8264672954	4568555.0182706956
414846.8264672954	4568555.0182706956
414845.8264672954	4568555.0182706956
414844.8264672954	4568555.0182706956
414843.8264672954	4568555.0182706956
414842.8264672954	4568555.0182706956
414841.8264672954	4568555.0182706956
414840.8264672954	4568555.0182706956
414839.8264672954	4568555.0182706956
414838.8265011715	4568555.0227087308
414837.8266176945	4568555.0379741266
414836.8267342175	4568555.0532395234
414835.8268507404	4568555.0685049202
414834.8269672634	4568555.0837703170
414833.8270837863	4568555.0990357129
414832.8272003093	4568555.1143011097
414831.8273168322	4568555.1295665065
414830.8274333552	4568555.1448319033
414829.8275498781	4568555.1600973001
414828.8276664011	4568555.1753626959
414827.8277829241	4568555.1906280927
414826.8278994470	4568555.2058934895
414825.8280159700	4568555.2211588863
414824.8281324929	4568555.2364242822
414823.8282490159	4568555.2516896790
414822.8283525871	4568555.2504372541
414821.8284464001	4568555.2367399093
414820.8285402131	4568555.2230425635
414819.8286340262	4568555.2093452187
414818.8287278392	4568555.1956478739
414817.8288216522	4568555.1819505291
414816.8289154652	4568555.1682531834
414815.8290092783	4568555.1545558386
414814.8291030913	4568555.1408584937
414813.8291969043	4568555.1271611489
414812.8292907174	4568555.1134638041
414811.8293845304	4568555.0997664584
414810.8294783434	4568555.0860691136
414809.8295721564	4568555.0723717688
414808.8296659695	4568555.0586744240
414807.8297597826	4568555.0449770782
414806.8298535956	4568555.0312797334
414805.8299628078	4568555.0168490633
414804.8303630658	4568554.9885585047
414803.8307633237	4568554.9602679461
414802.8311635817	4568554.9319773866
414801.8315638397	4568554.9036868280
414800.8319640976	4568554.8753962694
414799.8323643556	4568554.8471057108
414798.8327646135	4568554.8188151522
414797.8331648715	4568554.7905245936
414796.8335651295	4568554.7622340349
414795.8339653874	4568554.7339434754
414794.8343656453	4568554.7056529168
414793.8347659033	4568554.6773623582
414792.8352392843	4568554.6467743050
414791.8358636354	4568554.6114428425
414790.8364879864	4568554.5761113800
414789.8371123374	4568554.5407799175
414788.8377366885	4568554.5054484559
414787.8383610395	4568554.4701169934
414786.8389853905	4568554.4347855309
414785.8396097415	4568554.3994540684
414784.8402340925	4568554.3641226059
414783.8408584435	4568554.3287911443
414782.8414827946	4568554.2934596818
414781.8421071456	4568554.2581282193
414780.8427314966	4568554.2227967568
414779.8433558477	4568554.1874652943
414778.8439801987	4568554.1521338327
414777.8446045497	4568554.1168023702
414776.8452289008	4568554.0814709077
414775.8458532517	4568554.0461394452
414774.8464776027	4568554.0108079826
414773.8471019538	4568553.9754765211
414772.8477263048	4568553.9401450586
414771.8483506558	4568553.9048135960
414770.8489750069	4568553.8694821335
414769.8495993579	4568553.8341506710
414768.8498966587	4568553.8229166800
414767.8499302501	4568553.8311131261
414766.8499638415	4568553.8393095722
414765.8499974330	4568553.8475060174
414764.8500310244	4568553.8557024635
414763.8500646158	4568553.8638989097
414762.8500982072	4568553.8720953558
414761.8501317987	4568553.8802918019
414760.8501653901	4568553.8884882471
414759.8501989815	4568553.8966846932
414758.8502325730	4568553.9048811393
414757.8502661644	4568553.9130775854
414756.8502997558	4568553.9212740315
414755.8503333472	4568553.9294704767
414754.8503669387	4568553.9376669228
414753.8506023533	4568553.9177469956
414752.8508566516	4568553.8951963410
414751.8511109500	4568553.8726456854
414750.8513652483	4568553.8500950309
414749.8516195467	4568553.8275443763
414748.8518738451	4568553.8049937217
414747.8521281434	4568553.7824430661
414746.8523824418	4568553.7598924115
414745.8526367401	4568553.7373417569
414744.8528910384	4568553.7147911014
414743.8531453368	4568553.6922404468
414742.8533996351	4568553.6696897922
414741.8536539335	4568553.6471391367
414740.8539082319	4568553.6245884821
414739.8541625302	4568553.6020378275
414738.8544168286	4568553.5794871720
414737.8546711269	4568553.5569365174
414736.8549254253	4568553.5343858628
414735.8551797236	4568553.5118352072
414734.8554340220	4568553.4892845526
414733.8556883203	4568553.4667338980
414732.8559426187	4568553.4441832425
414731.8561969170	4568553.4216325879
414730.8564512154	4568553.3990819333
414729.8567055137	4568553.3765312778
414728.8569598121	4568553.3539806232
414727.8572141105	4568553.3314299686
414726.8574684088	4568553.3088793131
414725.8577227071	4568553.2863286585
414724.8579770055	4568553.2637780039
414723.8582313038	4568553.2412273483
414722.8584856022	4568553.2186766937
414721.8601096821	4568553.2750462126
414720.8617487123	4568553.3322770959
414719.8633877426	4568553.3895079792
414718.8650267728	4568553.4467388634
414717.8666658030	4568553.5039697466
414716.8683048333	4568553.5612006299
414715.8699438634	4568553.6184315141
414714.8715828937	4568553.6756623974
414713.8732219239	4568553.7328932807
414712.8748609541	4568553.7901241649
414711.8764999844	4568553.8473550482
414710.8781390146	4568553.9045859315
414709.8797780448	4568553.9618168157
414708.8814170751	4568554.0190476989
414707.8830561053	4568554.0762785822
414706.8846951355	4568554.1335094664
414705.8863341658	4568554.1907403497
414704.8879731960	4568554.2479712330
414703.8894377587	4568554.2960288767
414702.8896226187	4568554.2768016625
414701.8898074787	4568554.2575744484
414700.8899923386	4568554.2383472342
414699.8901771986	4568554.2191200191
414698.8903620586	4568554.1998928050
414697.8905469185	4568554.1806655908
414696.8907317785	4568554.1614383766
414695.8909166385	4568554.1422111625
414694.8911014984	4568554.1229839483
414693.8912863584	4568554.1037567342
414692.8914712184	4568554.0845295200
414691.8916560784	4568554.0653023059
414690.8918409383	4568554.0460750917
414689.8920257983	4568554.0268478775
414688.8922106583	4568554.0076206634
414687.8923955182	4568553.9883934483
414686.8925803782	4568553.9691662341
414685.8927652381	4568553.9499390200
414684.8928839793	4568553.9359252723
414683.8929027976	4568553.9297904186
414682.8929216161	4568553.9236555649
414681.8929404344	4568553.9175207103
414680.8929592528	4568553.9113858566
414679.8929780713	4568553.9052510029
414678.8929968896	4568553.8991161492
414677.8930157080	4568553.8929812945
414676.8930345264	4568553.8868464408
414675.8930533448	4568553.8807115871
414674.8930721632	4568553.8745767334
414673.8930909816	4568553.8684418797
414672.8931098000	4568553.8623070251
414671.8931286184	4568553.8561721714
414670.8931474368	4568553.8500373177
414669.8931662552	4568553.8439024640
414668.8931850735	4568553.8377676103
414667.8932038920	4568553.8316327557
414666.8932227103	4568553.8254979020
414665.8932415287	4568553.8193630483
414664.8935870333	4568553.8423579717
414663.8939949468	4568553.8709177449
414662.8944028604	4568553.8994775191
414661.8948107739	4568553.9280372933
414660.8952186874	4568553.9565970674
414659.8956266010	4568553.9851568406
414658.8960345146	4568554.0137166148
414657.8964424281	4568554.0422763890
414656.8968503416	4568554.0708361631
414655.8972582551	4568554.0993959364
414654.8976661687	4568554.1279557105
414653.8980740822	4568554.1565154847
414652.8984819958	4568554.1850752588
414651.8988899093	4568554.2136350321
414650.8992978229	4568554.2421948062
414649.8997057364	4568554.2707545804
414648.9001254826	4568554.2996654473
414647.9008787074	4568554.3384711472
414646.9016319323	4568554.3772768481
414645.9023851572	4568554.4160825480
414644.9031383820	4568554.4548882479
414643.9038916069	4568554.4936939478
414642.9046448317	4568554.5324996477
414641.9053980565	4568554.5713053476
414640.9061512814	4568554.6101110475
414639.9069045062	4568554.6489167474
414638.9076577311	4568554.6877224473
414637.9084109559	4568554.7265281472
414636.9091641808	4568554.7653338471
414635.9099479224	4568554.8049137425
414634.9107469637	4568554.8448817804
414633.9115460050	4568554.8848498184
414632.9123450463	4568554.9248178573
414631.9131440876	4568554.9647858953
414630.9139431288	4568555.0047539342
414629.9147421701	4568555.0447219722
414628.9155412114	4568555.0846900102
414627.9163402526	4568555.1246580491
414626.9171392939	4568555.1646260871
414625.9179383352	4568555.2045941260
414624.9187373765	4568555.2445621639
414623.9195364178	4568555.2845302019
414622.9203354590	4568555.3244982408
414621.9211345003	4568555.3644662788
414620.9219335416	4568555.4044343177
414619.9227325829	4568555.4444023557
414618.9235316242	4568555.4843703946
414617.9246237483	4568555.5308515476
414616.9258714094	4568555.5807891646
414615.9271190706	4568555.6307267817
414614.9283667317	4568555.6806643987
414613.9296143928	4568555.7306020157
414612.9308620539	4568555.7805396328
414611.9321097150	4568555.8304772498
414610.9333573762	4568555.8804148668
414609.9346050373	4568555.9303524829
414608.9358526984	4568555.9802901000
414607.9371003596	4568556.0302277170
414606.9383480206	4568556.0801653340
414605.9395956818	4568556.1301029511
414604.9408433429	4568556.1800405681
414603.9420910040	4568556.2299781851
414602.9433386651	4568556.2799158022
414601.9445863263	4568556.3298534183
414600.9448188967	4568556.3446402671
414599.9448491758	4568556.3524221331
414598.9448794551	4568556.3602039982
414597.9449097342	4568556.3679858642
414596.9449400134	4568556.3757677292
414595.9449702925	4568556.3835495953
414594.9450005717	4568556.3913314603
414593.9450308509	4568556.3991133263
414592.9450611301	4568556.4068951914
414591.9450914092	4568556.4146770574
414590.9451216884	4568556.4224589225
414589.9451519676	4568556.4302407885
414588.9451822468	4568556.4380226536
414587.9452125259	4568556.4458045196
414586.9452428051	4568556.4535863847
414585.9452730843	4568556.4613682507
414584.9453033635	4568556.4691501157
414583.9453336426	4568556.4769319817
414582.9453639218	4568556.4847138468
414581.9453942010	4568556.4924957128
414580.9454244802	4568556.5002775779
414579.9454547593	4568556.5080594439
414578.9454850385	4568556.5158413090
414577.9455153177	4568556.5236231750
414576.9455455969	4568556.5314050401
414575.9455758760	4568556.5391869061
414574.9456061552	4568556.5469687711
414573.9456364344	4568556.5547506372
414572.9456667135	4568556.5625325022
414571.9456969927	4568556.5703143682
414570.9457272719	4568556.5780962333
414569.9458996771	4568556.5966509450
414568.9460726987	4568556.6152523775
414567.9462457203	4568556.6338538090
414566.9464187419	4568556.6524552414
414565.9465917635	4568556.6710566739
414564.9467647852	4568556.6896581054
414563.9469378068	4568556.7082595378
414562.9471108284	4568556.7268609703
414561.9472838500	4568556.7454624018
414560.9474568716	4568556.7640638342
414559.9476298932	4568556.7826652667
414558.9478029148	4568556.8012666982
414557.9479759364	4568556.8198681306
414556.9481489580	4568556.8384695631
414555.9483219796	4568556.8570709946
414554.9484950012	4568556.8756724270
414553.9486680228	4568556.8942738594
414552.9488410444	4568556.9128752910
414551.9490140660	4568556.9314767234
414550.9491870877	4568556.9500781558
414549.9493601093	4568556.9686795874
414548.9495331309	4568556.9872810198
414547.9497061525	4568557.0058824522
414546.9498791741	4568557.0244838838
414545.9500521957	4568557.0430853162
414544.9502241040	4568557.0616263989
414543.9503913731	4568557.0799160218
414542.9505586422	4568557.0982056446
414541.9507259114	4568557.1164952684
414540.9508931805	4568557.1347848913
414539.9510604497	4568557.1530745141
414538.9512277188	4568557.1713641379
414537.9513949880	4568557.1896537608
414536.9515622571	4568557.2079433836
414535.9517295262	4568557.2262330065
414534.9518967954	4568557.2445226302
414533.9520640645	4568557.2628122531
414532.9522313337	4568557.2811018759
414531.9523986028	4568557.2993914997
414530.9525658720	4568557.3176811226
414529.9527331411	4568557.3359707454
414528.9529004102	4568557.3542603692
414527.9530676794	4568557.3725499921
414526.9532349486	4568557.3908396149
414525.9534022177	4568557.4091292378
414524.9535450505	4568557.4259710629
414523.9536645955	4568557.4414331317
414522.9537841404	4568557.4568952015
414521.9539036853	4568557.4723572703
414520.9540232303	4568557.4878193391
414519.9541427752	4568557.5032814080
414518.9542623202	4568557.5187434768
414517.9543818651	4568557.5342055457
414516.9545014100	4568557.5496676145
414515.9546209550	4568557.5651296834
414514.9547404999	4568557.5805917522
414513.9548600448	4568557.5960538210
414512.9549795898	4568557.6115158899
414511.9550991347	4568557.6269779587
414510.9552186796	4568557.6424400276
414509.9553382245	4568557.6579020964
414508.9554577695	4568557.6733641652
414507.9555773144	4568557.6888262341
414506.9556968593	4568557.7042883029
414505.9558164043	4568557.7197503727
414504.9559359492	4568557.7352124415
414503.9560554941	4568557.7506745104
414502.9561750391	4568557.7661365792
414501.9563248848	4568557.7831996847
414500.9565754032	4568557.8055821359
414499.9568259217	4568557.8279645862
414498.9570764401	4568557.8503470374
414497.9573269586	4568557.8727294886
414496.9575774770	4568557.8951119399
414495.9578279954	4568557.9174943911
414494.9580785139	4568557.9398768423
414493.9583290323	4568557.9622592935
414492.9585795508	4568557.9846417438
414491.9588300692	4568558.0070241950
414490.9590805876	4568558.0294066463
414489.9593311061	4568558.0517890975
414488.9595816245	4568558.0741715487
414487.9598321429	4568558.0965539999
414486.9600826614	4568558.1189364502
414485.9603003107	4568558.1391333593
414484.9603298951	4568558.1468254393
414483.9603594796	4568558.1545175193
414482.9603890641	4568558.1622095993
414481.9604186486	4568558.1699016793
414480.9604482331	4568558.1775937602
414479.9604778175	4568558.1852858402
414478.9605074020	4568558.1929779202
414477.9605369866	4568558.2006700002
414476.9605665710	4568558.2083620802
414475.9605961555	4568558.2160541601
414474.9606257400	4568558.2237462411
414473.9606553245	4568558.2314383211
414472.9606849090	4568558.2391304011
414471.9607144934	4568558.2468224810
414470.9607440779	4568558.2545145610
414469.9607632362	4568558.2605113937
414468.9607738542	4568558.2651196392
414467.9607844722	4568558.2697278848
414466.9607950902	4568558.2743361313
414465.9608057083	4568558.2789443769
414464.9608163263	4568558.2835526234
414463.9608269443	4568558.2881608689
414462.9608375623	4568558.2927691154
414461.9608481803	4568558.2973773610
414460.9608587984	4568558.3019856075
414459.9608694164	4568558.3065938530
414458.9608800344	4568558.3112020986
414457.9608906524	4568558.3158103451
414456.9609012705	4568558.3204185907
414455.9609118885	4568558.3250268372
414454.9609225065	4568558.3296350827
414453.9609331245	4568558.3342433292
414452.9609437425	4568558.3388515748
414451.9609543606	4568558.3434598213
414450.9609649786	4568558.3480680669
414449.9609755966	4568558.3526763124
414448.9609862146	4568558.3572845589
414447.9609968327	4568558.3618928045
414446.9610074507	4568558.3665010510
414445.9610180687	4568558.3711092966
414444.9610286867	4568558.3757175431
414443.9610787570	4568558.3847454647
414442.9611664608	4568558.3979893364
414441.9612541648	4568558.4112332072
414440.9613418687	4568558.4244770790
414439.9614295726	4568558.4377209507
414438.9615172765	4568558.4509648224
414437.9616049804	4568558.4642086932
414436.9616926844	4568558.4774525650
414435.9617803882	4568558.4906964367
414434.9618680922	4568558.5039403085
414433.9619557961	4568558.5171841793
414432.9620435000	4568558.5304280510
414431.9621312039	4568558.5436719228
414430.9622189078	4568558.5569157945
414429.9623066117	4568558.5701596653
414428.9623943157	4568558.5834035370
414427.9624820195	4568558.5966474088
414426.9625697235	4568558.6098912805
414425.9627046357	4568558.6259407615
414424.9629128172	4568558.6463446766
414423.9631209987	4568558.6667485908
414422.9633291802	4568558.6871525059
414421.9635373618	4568558.7075564200
414420.9637455434	4568558.7279603351
414419.9639537249	4568558.7483642492
414418.9641619064	4568558.7687681643
414417.9643700879	4568558.7891720785
414416.9645782695	4568558.8095759936
414415.9647864510	4568558.8299799087
414414.9649946325	4568558.8503838228
414413.9651485107	4568558.8677736400
414412.9652705586	4568558.8833967326
414411.9653926066	4568558.8990198262
414410.9655146546	4568558.9146429189
414409.9656367025	4568558.9302660124
414408.9657587505	4568558.9458891051
414407.9658807984	4568558.9615121987
414406.9660028464	4568558.9771352913
414405.9660588973	4568558.9876583852
414404.9661114901	4568558.9979142556
414403.9661640829	4568559.0081701269
414402.9662166757	4568559.0184259973
414401.9662692686	4568559.0286818687
414400.9663218614	4568559.0389377391
414399.9663744542	4568559.0491936104
414398.9664270471	4568559.0594494808
414397.9664796399	4568559.0697053522
414396.9665322327	4568559.0799612226
414395.9665848255	4568559.0902170930
414394.9666374183	4568559.1004729643
414393.9666900112	4568559.1107288348
414392.9667426040	4568559.1209847061
414391.9667951968	4568559.1312405765
414390.9668477897	4568559.1414964478
414389.9669003825	4568559.1517523183
414388.9669529753	4568559.1620081896
414387.9670055681	4568559.1722640600
414386.9670581609	4568559.1825199313
414385.9671107538	4568559.1927758018
414384.9671633466	4568559.2030316722
414383.9672159394	4568559.2132875435
414382.9679004761	4568559.2448734911
414381.9690997761	4568559.2938343091
414380.9702990762	4568559.3427951280
414379.9714983762	4568559.3917559469
414378.9726976762	4568559.4407167649
414377.9738969763	4568559.4896775838
414376.9750962763	4568559.5386384027
414375.9762955764	4568559.5875992207
414374.9774948764	4568559.6365600396
414373.9786941764	4568559.6855208585
414372.9798934765	4568559.7344816765
414371.9810927765	4568559.7834424954
414370.9819352803	4568559.8178372858
414369.9819352803	4568559.8178372858
414368.9819352803	4568559.8178372858
414367.9819352803	4568559.8178372858
414366.9819352803	4568559.8178372858
414365.9819352803	4568559.8178372858
414364.9819352803	4568559.8178372858
414363.9819352803	4568559.8178372858
414362.9819352803	4568559.8178372858
414361.9819352803	4568559.8178372858
414360.9819352803	4568559.8178372858
414359.9819352803	4568559.8178372858
414358.9819352803	4568559.8178372849
414357.9819352803	4568559.8178372849
414356.9819352803	4568559.8178372849
414355.9819352803	4568559.8178372849
414354.9819352803	4568559.8178372849
414353.9819352803	4568559.8178372849
414352.9819352803	4568559.8178372849
414351.9819352803	4568559.8178372849
414350.9819352803	4568559.8178372849
414349.9819352803	4568559.8178372849
414348.9819352803	4568559.8178372849
414347.9831190793	4568559.8522082279
414346.9854887509	4568559.9210103191
414345.9878584224	4568559.9898124114
414344.9902280940	4568560.0586145027
414343.9925977656	4568560.1274165940
414342.9949674371	4568560.1962186862
414341.9973371087	4568560.2650207775
414340.9997067803	4568560.3338228688
414340.0020764519	4568560.4026249610
414339.0044461235	4568560.4714270523
414338.0068157951	4568560.5402291445
414337.0091854666	4568560.6090312358
414336.0115551382	4568560.6778333271
414335.0139248098	4568560.7466354193
414334.0162944814	4568560.8154375106
414333.0186641530	4568560.8842396028
414332.0210338246	4568560.9530416941
414331.0232628848	4568561.0180936037
414330.0232814744	4568561.0241910517
414329.0233000640	4568561.0302884988
414328.0233186536	4568561.0363859469
414327.0233372432	4568561.0424833940
414326.0233558328	4568561.0485808421
414325.0233744224	4568561.0546782892
414324.0233930120	4568561.0607757373
414323.0234116016	4568561.0668731844
414322.0234301912	4568561.0729706325
414321.0234487808	4568561.0790680805
414320.0234673705	4568561.0851655276
414319.0234859601	4568561.0912629757
414318.0235045497	4568561.0973604228
414317.0235231393	4568561.1034578709
414316.0235417289	4568561.1095553180
414315.0235603185	4568561.1156527661
414314.0235789081	4568561.1217502132
414313.0235974977	4568561.1278476613
414312.0236160873	4568561.1339451093
414311.0240035452	4568561.1546444222
414310.0249897387	4568561.1990450360
414309.0259759322	4568561.2434456497
414308.0269621258	4568561.2878462635
414307.0279483193	4568561.3322468763
414306.0289345128	4568561.3766474901
414305.0299207064	4568561.4210481038
414304.0309068999	4568561.4654487176
414303.0318930934	4568561.5098493313
414302.0328792869	4568561.5542499442
414301.0338654805	4568561.5986505579
414300.0348516740	4568561.6430511717
414299.0358378676	4568561.6874517854
414298.0368240611	4568561.7318523992
414297.0378102546	4568561.7762530120
414296.0387964482	4568561.8206536258
414295.0397229591	4568561.8635603786
414294.0403511077	4568561.8989990959
414293.0409792564	4568561.9344378142
414292.0416074050	4568561.9698765324
414291.0422355537	4568562.0053152507
414290.0428637023	4568562.0407539690
414289.0434918510	4568562.0761926873
414288.0441199997	4568562.1116314046
414287.0447481483	4568562.1470701229
414286.0453762969	4568562.1825088412
414285.0460044456	4568562.2179475594
414284.0466325943	4568562.2533862777
414283.0472607430	4568562.2888249960
414282.0478888916	4568562.3242637133
414281.0485170402	4568562.3597024316
414280.0491451889	4568562.3951411499
414279.0497733376	4568562.4305798681
414278.0502522481	4568562.4575989097
414277.0502522481	4568562.4575989097
414276.0502522481	4568562.4575989097
414275.0502522481	4568562.4575989097
414274.0502522481	4568562.4575989097
414273.0502522481	4568562.4575989097
414272.0502522481	4568562.4575989097
414271.0502522481	4568562.4575989097
414270.0502522481	4568562.4575989097
414269.0502522481	4568562.4575989097
414268.0502522481	4568562.4575989097
414267.0502522481	4568562.4575989097
414266.0502522481	4568562.4575989097
414265.0508584895	4568562.4272747198
414264.0516575307	4568562.3873066818
414263.0524565720	4568562.3473386439
414262.0532556133	4568562.3073706049
414261.0540546546	4568562.2674025670
414260.0548536959	4568562.2274345281
414259.0556527371	4568562.1874664901
414258.0564517784	4568562.1474984512
414257.0572508197	4568562.1075304132
414256.0580498610	4568562.0675623752
414255.0588489023	4568562.0275943363
414254.0596479436	4568561.9876262983
414253.0604469848	4568561.9476582594
414252.0612460261	4568561.9076902214
414251.0620450673	4568561.8677221835
414250.0628441086	4568561.8277541446
414249.0636431499	4568561.7877861066
414248.0644421912	4568561.7478180677
414247.0647804747	4568561.7234580535
414246.0649618312	4568561.7044138890
414245.0651431878	4568561.6853697244
414244.0653245443	4568561.6663255598
414243.0655059009	4568561.6472813953
414242.0656872574	4568561.6282372307
414241.0658686140	4568561.6091930652
414240.0660499705	4568561.5901489006
414239.0662313271	4568561.5711047361
414238.0664126836	4568561.5520605715
414237.0665940402	4568561.5330164069
414236.0667753967	4568561.5139722424
414235.0669567533	4568561.4949280778
414234.0671381098	4568561.4758839132
414233.0673194663	4568561.4568397487
414232.0675008229	4568561.4377955841
414231.0676821795	4568561.4187514186
414230.0678635360	4568561.3997072540
414229.0680448925	4568561.3806630895
414228.0682262491	4568561.3616189249
414227.0684076057	4568561.3425747603
414226.0685889622	4568561.3235305957
414225.0687703188	4568561.3044864312
414224.0689516753	4568561.2854422666
414223.0691330318	4568561.2663981020
414222.0692712601	4568561.2499416517
414221.0693732852	4568561.2356573958
414220.0694753105	4568561.2213731389
414219.0695773356	4568561.2070888821
414218.0696793609	4568561.1928046253
414217.0697813861	4568561.1785203684
414216.0698834113	4568561.1642361116
414215.0699854365	4568561.1499518547
414214.0700874616	4568561.1356675979
414213.0701894869	4568561.1213833410
414212.0702915121	4568561.1070990842
414211.0703935373	4568561.0928148273
414210.0704955625	4568561.0785305705
414209.0705975876	4568561.0642463146
414208.0706996129	4568561.0499620577
414207.0708016381	4568561.0356778009
414206.0709036633	4568561.0213935440
414205.0709418379	4568561.0219530175
414204.0709579790	4568561.0276347436
414203.0709741201	4568561.0333164707
414202.0709902613	4568561.0389981968
414201.0710064025	4568561.0446799239
414200.0710225436	4568561.0503616501
414199.0710386847	4568561.0560433762
414198.0710548258	4568561.0617251033
414197.0710709670	4568561.0674068294
414196.0710871081	4568561.0730885556
414195.0711032492	4568561.0787702827
414194.0711193904	4568561.0844520088
414193.0711355316	4568561.0901337350
414192.0711516727	4568561.0958154621
414191.0711678138	4568561.1014971882
414190.0711839550	4568561.1071789144
414189.0712000961	4568561.1128606414
414188.0712162372	4568561.1185423676
414187.0712323784	4568561.1242240947
414186.0712485195	4568561.1299058208
414185.0712646607	4568561.1355875470
414184.0712794617	4568561.1410250198
414183.0712934588	4568561.1463159509
414182.0713074559	4568561.1516068820
414181.0713214529	4568561.1568978140
414180.0713354500	4568561.1621887451
414179.0713494471	4568561.1674796762
414178.0713634442	4568561.1727706073
414177.0713774412	4568561.1780615384
414176.0713914383	4568561.1833524695
414175.0714054354	4568561.1886434006
414174.0714194324	4568561.1939343316
414173.0714334295	4568561.1992252637
414172.0714474266	4568561.2045161948
414171.0714614237	4568561.2098071259
414170.0714754208	4568561.2150980569
414169.0714894178	4568561.2203889880
414168.0715034149	4568561.2256799191
414167.0715174120	4568561.2309708502
414166.0715314090	4568561.2362617813
414165.0715454061	4568561.2415527133
414164.0715594032	4568561.2468436444
414163.0715734003	4568561.2521345755
414162.0715873973	4568561.2574255066
414161.0715881427	4568561.2577072615
414160.0715881427	4568561.2577072615
414159.0715881427	4568561.2577072615
414158.0715881427	4568561.2577072615
414157.0715881427	4568561.2577072615
414156.0715881427	4568561.2577072615
414155.0715881427	4568561.2577072615
414154.0715881427	4568561.2577072615
414153.0715881427	4568561.2577072615
414152.0715881427	4568561.2577072615
414151.0715881427	4568561.2577072615
414150.0715881427	4568561.2577072615
414149.0715881427	4568561.2577072615
414148.0717470759	4568561.2422891064
414147.0719595705	4568561.2216749312
414146.0721720652	4568561.2010607561
414145.0723845599	4568561.1804465810
414144.0725970546	4568561.1598324049
414143.0728095493	4568561.1392182298
414142.0730220440	4568561.1186040547
414141.0732345387	4568561.0979898795
414140.0734470334	4568561.0773757035
414139.0736595281	4568561.0567615284
414138.0738720228	4568561.0361473532
414137.0740845175	4568561.0155331781
414136.0742970121	4568560.9949190021
414135.0745095068	4568560.9743048269
414134.0747220015	4568560.9536906518
414133.0749344962	4568560.9330764767
414132.0751469909	4568560.9124623006
414131.0753594856	4568560.8918481255
414130.0755719803	4568560.8712339504
414129.0757844750	4568560.8506197752
414128.0759969697	4568560.8300056001
414127.0762094644	4568560.8093914241
414126.0764219591	4568560.7887772489
414125.0765393445	4568560.7758902414
414124.0765473444	4568560.7718902742
414123.0765553442	4568560.7678903062
414122.0765633441	4568560.7638903381
414121.0765713441	4568560.7598903701
414120.0765793440	4568560.7558904020
414119.0765873438	4568560.7518904340
414118.0765953438	4568560.7478904659
414117.0766033437	4568560.7438904978
414116.0766113436	4568560.7398905298
414115.0766193435	4568560.7358905617
414114.0766273434	4568560.7318905937
414113.0766353433	4568560.7278906256
414112.0766433432	4568560.7238906585
414111.0766513431	4568560.7198906904
414110.0766593430	4568560.7158907223
414109.0766673429	4568560.7118907543
414108.0766753428	4568560.7078907862
414107.0766833427	4568560.7038908182
414106.0766913426	4568560.6998908501
414105.0766993425	4568560.6958908821
414104.0767073424	4568560.6918909140
414103.0767153423	4568560.6878909459
414102.0767233423	4568560.6838909779
414101.0767313421	4568560.6798910098
414100.0767393420	4568560.6758910427
414099.0767473419	4568560.6718910746
414098.0767553419	4568560.6678911066
414097.0767633418	4568560.6638911385
414096.0767713416	4568560.6598911704
414095.0767756011	4568560.6577614387
414094.0767756011	4568560.6577614387
414093.0767756011	4568560.6577614387
414092.0767756011	4568560.6577614387
414091.0767756011	4568560.6577614387
414090.0767756011	4568560.6577614387
414089.0767756011	4568560.6577614387
414088.0767756011	4568560.6577614387
414087.0767756011	4568560.6577614387
414086.0767756011	4568560.6577614387
414085.0767756011	4568560.6577614387
414084.0767756011	4568560.6577614387
414083.0767756011	4568560.6577614387
414082.0767756011	4568560.6577614387
414081.0767756011	4568560.6577614387
414080.0767756011	4568560.6577614387
414079.0767756011	4568560.6577614387
414078.0767756011	4568560.6577614387
414077.0767756011	4568560.6577614387
414076.0767756011	4568560.6577614387
414075.0767756011	4568560.6577614387
414074.0767756011	4568560.6577614387
414073.0767756011	4568560.6577614387
414072.0767756011	4568560.6577614387
414071.0767756011	4568560.6577614387
414070.0767756011	4568560.6577614387
414069.0767756011	4568560.6577614387
414068.0767756011	4568560.6577614387
414067.0767756011	4568560.6577614387
414066.0767756011	4568560.6577614387
414065.0767756011	4568560.6577614387
414064.0767756011	4568560.6577614387
414063.0767756011	4568560.6577614387
414062.0767756011	4568560.6577614387
414061.0779583753	4568560.6924964227
414060.0802746826	4568560.7605203111
414059.0825909899	4568560.8285441995
414058.0849072972	4568560.8965680869
414057.0872236045	4568560.9645919753
414056.0895399119	4568561.0326158637
414055.0918562192	4568561.1006397521
414054.0941725265	4568561.1686636396
414053.0964888338	4568561.2366875280
414052.0988051411	4568561.3047114164
414051.1011214485	4568561.3727353038
414050.1034377558	4568561.4407591922
414049.1057540631	4568561.5087830806
414048.1080703704	4568561.5768069690
414047.1103866778	4568561.6448308565
414046.1127029851	4568561.7128547449
414045.1150192924	4568561.7808786333
414044.1173355997	4568561.8489025217
414043.1196519070	4568561.9169264091
414042.1219682144	4568561.9849502975
414041.1242845216	4568562.0529741859
414040.1258219977	4568562.1010323055
414039.1258710089	4568562.1109328102
414038.1259200201	4568562.1208333150
414037.1259690313	4568562.1307338197
414036.1260180425	4568562.1406343244
414035.1260670537	4568562.1505348301
414034.1261160649	4568562.1604353348
414033.1261650761	4568562.1703358395
414032.1262140873	4568562.1802363442
414031.1262630985	4568562.1901368489
414030.1263121097	4568562.2000373537
414029.1263611209	4568562.2099378584
414028.1264101321	4568562.2198383631
414027.1264591433	4568562.2297388678
414026.1265081545	4568562.2396393735
414025.1265571657	4568562.2495398782
414024.1266061769	4568562.2594403829
414023.1266551881	4568562.2693408877
414022.1267041993	4568562.2792413924
414021.1267532105	4568562.2891418971
414020.1268022217	4568562.2990424018
414019.1268512329	4568562.3089429066
414018.1269002441	4568562.3188434122
414017.1269492553	4568562.3287439169
414016.1270002917	4568562.3388319705
414015.1270686818	4568562.3505270770
414014.1271370719	4568562.3622221835
414013.1272054620	4568562.3739172900
414012.1272738521	4568562.3856123965
414011.1273422422	4568562.3973075030
414010.1274106323	4568562.4090026096
414009.1274790224	4568562.4206977161
414008.1275474125	4568562.4323928226
414007.1276158026	4568562.4440879291
414006.1276841927	4568562.4557830356
414005.1277525828	4568562.4674781421
414004.1278209729	4568562.4791732486
414003.1278893629	4568562.4908683551
414002.1279577530	4568562.5025634617
414001.1280261431	4568562.5142585682
414000.1280945333	4568562.5259536747
413999.1281629234	4568562.5376487812
413998.1282313135	4568562.5493438886
413997.1282997036	4568562.5610389952
413996.1283680937	4568562.5727341017
413995.1284351163	4568562.5843112729
413994.1285011687	4568562.5958047668
413993.1285672210	4568562.6072982606
413992.1286332734	4568562.6187917544
413991.1286993258	4568562.6302852482
413990.1287653782	4568562.6417787410
413989.1288314305	4568562.6532722348
413988.1288974830	4568562.6647657286
413987.1289635353	4568562.6762592224
413986.1290295877	4568562.6877527162
413985.1290860486	4568562.6975772399
413984.1290860486	4568562.6975772399
413983.1290860486	4568562.6975772399
413982.1290860486	4568562.6975772399
413981.1290860486	4568562.6975772399
413980.1290860486	4568562.6975772399
413979.1290860486	4568562.6975772399
413978.1290860486	4568562.6975772399
413977.1290860486	4568562.6975772399
413976.1290860486	4568562.6975772399
413975.1290860486	4568562.6975772399
413974.1290860486	4568562.6975772399
413973.1290860486	4568562.6975772399
413972.1290860486	4568562.6975772399
413971.1290860486	4568562.6975772399
413970.1290860486	4568562.6975772399
413969.1290860486	4568562.6975772399
413968.1290860486	4568562.6975772399
413967.1290860486	4568562.6975772409
413966.1290860486	4568562.6975772409
413965.1290860486	4568562.6975772409
413964.1290860486	4568562.6975772409
413963.1290860486	4568562.6975772409
413962.1290860486	4568562.6975772409
413961.1290860486	4568562.6975772409
413960.1290860486	4568562.6975772409
413959.1290860486	4568562.6975772409
413958.1290860486	4568562.6975772409
413957.1290860486	4568562.6975772409
413956.1290860486	4568562.6975772409
413955.1290860486	4568562.6975772409
413954.1290860486	4568562.6975772409
413953.1290860486	4568562.6975772409
413952.1290860486	4568562.6975772409
413951.1290860486	4568562.6975772409
413950.1293643964	4568562.7115001949
413949.1301634377	4568562.7514682328
413948.1309624790	4568562.7914362708
413947.1317615203	4568562.8314043097
413946.1325605615	4568562.8713723477
413945.1333596028	4568562.9113403866
413944.1341586441	4568562.9513084246
413943.1349576853	4568562.9912764626
413942.1357567266	4568563.0312445015
413941.1365557679	4568563.0712125394
413940.1373548092	4568563.1111805774
413939.1381538505	4568563.1511486163
413938.1389528917	4568563.1911166543
413937.1397519330	4568563.2310846932
413936.1405509743	4568563.2710527312
413935.1413500156	4568563.3110207692
413934.1421490569	4568563.3509888081
413933.1429480981	4568563.3909568461
413932.1437471394	4568563.4309248840
413931.1445461807	4568563.4708929230
413930.1453452219	4568563.5108609609
413929.1459589167	4568563.5448552649
413928.1462021237	4568563.5669087237
413927.1464453308	4568563.5889621824
413926.1466885379	4568563.6110156411
413925.1469317450	4568563.6330690999
413924.1471749521	4568563.6551225586
413923.1474181592	4568563.6771760173
413922.1476613663	4568563.6992294760
413921.1479045734	4568563.7212829338
413920.1481477805	4568563.7433363926
413919.1483909876	4568563.7653898513
413918.1486341947	4568563.7874433100
413917.1488774018	4568563.8094967688
413916.1491206089	4568563.8315502275
413915.1493638160	4568563.8536036862
413914.1496070231	4568563.8756571449
413913.1498478790	4568563.8975519193
413912.1498765738	4568563.9051274592
413911.1499052687	4568563.9127030000
413910.1499339635	4568563.9202785399
413909.1499626583	4568563.9278540807
413908.1499913531	4568563.9354296206
413907.1500200479	4568563.9430051604
413906.1500487427	4568563.9505807012
413905.1500774375	4568563.9581562411
413904.1501061323	4568563.9657317810
413903.1501348272	4568563.9733073218
413902.1501635220	4568563.9808828617
413901.1501922168	4568563.9884584015
413900.1502209116	4568563.9960339423
413899.1502496064	4568564.0036094822
413898.1502783013	4568564.0111850230
413897.1518103037	4568563.9947343273
413896.1605824030	4568563.8625706071
413895.1693545024	4568563.7304068869
413894.1781266017	4568563.5982431667
413893.1868987010	4568563.4660794465
413892.1956708004	4568563.3339157263
413891.2044428997	4568563.2017520061
413890.2132149990	4568563.0695882859
413889.2219870983	4568562.9374245657
413888.2299471906	4568562.8166259639
413887.2299982020	4568562.8065254688
413886.2300492132	4568562.7964249738
413885.2301002246	4568562.7863244796
413884.2301512358	4568562.7762239845
413883.2302022472	4568562.7661234895
413882.2302532585	4568562.7560229953
413881.2303042697	4568562.7459225003
413880.2303552811	4568562.7358220052
413879.2304062923	4568562.7257215101
413878.2304573037	4568562.7156210160
413877.2305083149	4568562.7055205209
413876.2305935049	4568562.7019648449
413875.2308045471	4568562.7225084538
413874.2310155893	4568562.7430520626
413873.2312266315	4568562.7635956714
413872.2314376736	4568562.7841392802
413871.2316487159	4568562.8046828881
413870.2318597581	4568562.8252264969
413869.2320708002	4568562.8457701057
413868.2322818425	4568562.8663137145
413867.2324928846	4568562.8868573233
413866.2327039268	4568562.9074009322
413865.2329149691	4568562.9279445410
413864.2331260112	4568562.9484881489
413863.2333370534	4568562.9690317577
413862.2335480956	4568562.9895753665
413861.2337591378	4568563.0101189753
413860.2339701801	4568563.0306625841
413859.2341812222	4568563.0512061929
413858.2344441243	4568563.0740820887
413857.2347301672	4568563.0979986908
413856.2350162100	4568563.1219152920
413855.2353022528	4568563.1458318941
413854.2355882956	4568563.1697484963
413853.2358743384	4568563.1936650975
413852.2361603813	4568563.2175816996
413851.2364464241	4568563.2414983017
413850.2367324670	4568563.2654149039
413849.2370185098	4568563.2893315051
413848.2373045527	4568563.3132481072
413847.2375905955	4568563.3371647093
413846.2378766383	4568563.3610813105
413845.2381626811	4568563.3849979127
413844.2384487239	4568563.4089145148
413843.2387347668	4568563.4328311170
413842.2390208096	4568563.4567477182
413841.2393068525	4568563.4806643203
413840.2395928953	4568563.5045809224
413839.2398789382	4568563.5284975246
413838.2401649810	4568563.5524141258
413837.2404510238	4568563.5763307279
413836.2407370666	4568563.6002473300
413835.2410231095	4568563.6241639312
413834.2413091523	4568563.6480805334
413833.2418875554	4568563.6812585015
413832.2426556046	4568563.7204440683
413831.2434236539	4568563.7596296351
413830.2441917032	4568563.7988152020
413829.2449597524	4568563.8380007679
413828.2457278017	4568563.8771863347
413827.2464958510	4568563.9163719015
413826.2472639003	4568563.9555574683
413825.2480319495	4568563.9947430352
413824.2487999988	4568564.0339286020
413823.2495680481	4568564.0731141688
413822.2503360973	4568564.1122997347
413821.2511041466	4568564.1514853016
413820.2518721958	4568564.1906708684
413819.2526402451	4568564.2298564352
413818.2534082944	4568564.2690420020
413817.2541763436	4568564.3082275689
413816.2549443929	4568564.3474131357
413815.2557124422	4568564.3865987016
413814.2564804915	4568564.4257842684
413813.2572485407	4568564.4649698352
413812.2580165900	4568564.5041554021
413811.2587846393	4568564.5433409689
413810.2595526885	4568564.5825265357
413809.2605639869	4568564.6258861059
413808.2635445143	4568564.7030364219
413807.2665250417	4568564.7801867379
413806.2695055692	4568564.8573370548
413805.2724860966	4568564.9344873708
413804.2754666240	4568565.0116376868
413803.2784471514	4568565.0887880037
413802.2814276789	4568565.1659383196
413801.2844082063	4568565.2430886365
413800.2873887337	4568565.3202389525
413799.2903692612	4568565.3973892685
413798.2933497886	4568565.4745395854
413797.2963303160	4568565.5516899014
413796.2993108434	4568565.6288402174
413795.3022913709	4568565.7059905343
413794.3052718983	4568565.7831408503
413793.3082524257	4568565.8602911672
413792.3112329531	4568565.9374414831
413791.3142134806	4568566.0145917991
413790.3171940080	4568566.0917421160
413789.3201745354	4568566.1688924320
413788.3205391234	4568566.1858347654
413787.3205853480	4568566.1954497062
413786.3206315727	4568566.2050646460
413785.3206777972	4568566.2146795858
413784.3207240218	4568566.2242945265
413783.3207702465	4568566.2339094663
413782.3208164710	4568566.2435244070
413781.3208626957	4568566.2531393468
413780.3209089203	4568566.2627542866
413779.3209551448	4568566.2723692274
413778.3210013695	4568566.2819841672
413777.3210475941	4568566.2915991079
413776.3210747717	4568566.2972521838
413775.3210747717	4568566.2972521838
413774.3210747717	4568566.2972521838
413773.3210747717	4568566.2972521838
413772.3210747717	4568566.2972521838
413771.3210747717	4568566.2972521838
413770.3210747717	4568566.2972521838
413769.3210747717	4568566.2972521838
413768.3210747717	4568566.2972521838
413767.3210787029	4568566.2987696575
413766.3210921259	4568566.3039509347
413765.3211055488	4568566.3091322128
413764.3211189717	4568566.3143134899
413763.3211323946	4568566.3194947680
413762.3211458175	4568566.3246760452
413761.3211592404	4568566.3298573233
413760.3211726633	4568566.3350386005
413759.3211860862	4568566.3402198786
413758.3211995092	4568566.3454011558
413757.3212129320	4568566.3505824329
413756.3212263549	4568566.3557637110
413755.3212397779	4568566.3609449882
413754.3212532008	4568566.3661262663
413753.3212666237	4568566.3713075435
413752.3212800466	4568566.3764888216
413751.3212934695	4568566.3816700988
413750.3213068924	4568566.3868513759
413749.3213203153	4568566.3920326540
413748.3213337382	4568566.3972139312
413747.3213471612	4568566.4023952093
413746.3213605840	4568566.4075764865
413745.3213740069	4568566.4127577646
413744.3213888692	4568566.4163062545
413743.3214129810	4568566.4093619771
413742.3214370928	4568566.4024177007
413741.3214612045	4568566.3954734234
413740.3214853163	4568566.3885291461
413739.3215094281	4568566.3815848697
413738.3215335399	4568566.3746405924
413737.3215576516	4568566.3676963160
413736.3215817635	4568566.3607520387
413735.3216058752	4568566.3538077613
413734.3216299870	4568566.3468634849
413733.3216540988	4568566.3399192076
413732.3216782106	4568566.3329749312
413731.3217023224	4568566.3260306539
413730.3217264341	4568566.3190863766
413729.3217505459	4568566.3121421002
413728.3217746577	4568566.3051978229
413727.3217987695	4568566.2982535455
413726.3222648863	4568566.2691160738
413725.3228054794	4568566.2362391204
413724.3233460726	4568566.2033621660
413723.3238866658	4568566.1704852115
413722.3244272589	4568566.1376082571
413721.3249678521	4568566.1047313027
413720.3255084453	4568566.0718543492
413719.3260490385	4568566.0389773948
413718.3265896317	4568566.0061004404
413717.3271302249	4568565.9732234860
413716.3276708180	4568565.9403465316
413715.3282114112	4568565.9074695781
413714.3287520044	4568565.8745926237
413713.3292925976	4568565.8417156693
413712.3298331907	4568565.8088387148
413711.3303737839	4568565.7759617614
413710.3309143771	4568565.7430848069
413709.3314549703	4568565.7102078525
413708.3319149497	4568565.6799539411
413707.3323228632	4568565.6513941670
413706.3327307767	4568565.6228343938
413705.3331386903	4568565.5942746196
413704.3335466038	4568565.5657148454
413703.3339545173	4568565.5371550722
413702.3343624309	4568565.5085952980
413701.3347703445	4568565.4800355239
413700.3351782580	4568565.4514757497
413699.3355861715	4568565.4229159765
413698.3359940850	4568565.3943562023
413697.3364019986	4568565.3657964282
413696.3368204500	4568565.3370460654
413695.3401728636	4568565.2552317120
413694.3435252772	4568565.1734173577
413693.3468776908	4568565.0916030034
413692.3502301044	4568565.0097886492
413691.3535825180	4568564.9279742949
413690.3569349316	4568564.8461599415
413689.3602873452	4568564.7643455872
413688.3636397588	4568564.6825312329
413687.3669921725	4568564.6007168787
413686.3703445861	4568564.5189025244
413685.3736969996	4568564.4370881701
413684.3770494132	4568564.3552738167
413683.3804018269	4568564.2734594624
413682.3837542405	4568564.1916451082
413681.3871066541	4568564.1098307539
413680.3904590677	4568564.0280163996
413679.3909466770	4568564.0272433618
413678.3910097943	4568564.0384786073
413677.3910729117	4568564.0497138537
413676.3911360291	4568564.0609490993
413675.3911991465	4568564.0721843457
413674.3912622638	4568564.0834195912
413673.3913253812	4568564.0946548367
413672.3913884986	4568564.1058900831
413671.3914516159	4568564.1171253286
413670.3915147333	4568564.1283605751
413669.3915778506	4568564.1352986144
413668.3916409680	4568564.1240633680
413667.3917040854	4568564.1128281225
413666.3917672028	4568564.1015928769
413665.3918303201	4568564.0903576305
413664.3918934375	4568564.0791223850
413663.3919565549	4568564.0678871386
413662.3920196722	4568564.0566518931
413661.3920827896	4568564.0454166466
413660.3921459069	4568564.0341814011
413659.3922090243	4568564.0229461556
413658.3923581004	4568564.0284561124
413657.3925892608	4568564.0499565173
413656.3928204213	4568564.0714569222
413655.3930515817	4568564.0929573271
413654.3932827421	4568564.1144577321
413653.3935139026	4568564.1359581379
413652.3937450630	4568564.1574585428
413651.3939762234	4568564.1789589478
413650.3942073839	4568564.2004593527
413649.3944385443	4568564.2219597585
413648.3946697047	4568564.2434601635
413647.3949500455	4568564.2669770774
413646.3953217390	4568564.2942396672
413645.3956934324	4568564.3215022571
413644.3960651260	4568564.3487648480
413643.3964368194	4568564.3760274379
413642.3968085129	4568564.4032900278
413641.3971802064	4568564.4305526186
413640.3975518999	4568564.4578152085
413639.3979235934	4568564.4850777984
413638.3982952869	4568564.5123403892
413637.3986669804	4568564.5396029791
413636.3990386739	4568564.5668655690
413635.3994103673	4568564.5941281598
413634.3998961266	4568564.6244204016
413633.4010478114	4568564.6724000145
413632.4021994962	4568564.7203796282
413631.4033511811	4568564.7683592411
413630.4045028659	4568564.8163388548
413629.4056545507	4568564.8643184686
413628.4068062356	4568564.9122980814
413627.4079579204	4568564.9602776952
413626.4091096053	4568565.0082573080
413625.4102612901	4568565.0562369218
413624.4114129750	4568565.1042165356
413623.4125646598	4568565.1521961484
413622.4137163447	4568565.2001757622
413621.4148680295	4568565.2481553750
413620.4160197143	4568565.2961349888
413619.4171713991	4568565.3441146025
413618.4183230840	4568565.3920942154
413617.4194747688	4568565.4400738291
413616.4206264537	4568565.4880534420
413615.4217781385	4568565.5360330557
413614.4229298234	4568565.5840126695
413613.4240815082	4568565.6319922823
413612.4252331931	4568565.6799718961
413611.4263848778	4568565.7279515089
413610.4275365627	4568565.7759311227
413609.4286882475	4568565.8239107365
413608.4298399324	4568565.8718903493
413607.4309916172	4568565.9198699631
413606.4314662520	4568565.9287915891
413605.4315551290	4568565.9154594410
413604.4316440061	4568565.9021272929
413603.4317328831	4568565.8887951439
413602.4318217602	4568565.8754629958
413601.4319106372	4568565.8621308478
413600.4319995142	4568565.8487986997
413599.4320883912	4568565.8354665507
413598.4321772683	4568565.8221344026
413597.4322661453	4568565.8088022545
413596.4323550224	4568565.7954701064
413595.4324438994	4568565.7821379574
413594.4325327765	4568565.7688058093
413593.4326216535	4568565.7554736612
413592.4327105306	4568565.7421415132
413591.4327994076	4568565.7288093641
413590.4328882846	4568565.7154772161
413589.4329771616	4568565.7021450680
413588.4330660387	4568565.6888129199
413587.4331549157	4568565.6754807718
413586.4332437928	4568565.6621486228
413585.4333326698	4568565.6488164747
413584.4334215469	4568565.6354843266
413583.4335104239	4568565.6221521785
413582.4335993009	4568565.6088200295
413581.4336881780	4568565.5954878815
413580.4337770550	4568565.5821557334
413579.4338446027	4568565.5706114890
413578.4338999997	4568565.5600857558
413577.4339553968	4568565.5495600235
413576.4340107939	4568565.5390342912
413575.4340661909	4568565.5285085579
413574.4341215880	4568565.5179828256
413573.4341769850	4568565.5074570933
413572.4342323821	4568565.4969313601
413571.4342877792	4568565.4864056278
413570.4343431762	4568565.4758798955
413569.4343985733	4568565.4653541623
413568.4344714997	4568565.4611454653
413567.4346007123	4568565.4772205586
413566.4347299250	4568565.4932956509
413565.4348591377	4568565.5093707442
413564.4349883503	4568565.5254458375
413563.4351175630	4568565.5415209299
413562.4352467757	4568565.5575960232
413561.4353759883	4568565.5736711165
413560.4355052010	4568565.5897462098
413559.4356344136	4568565.6058213022
413558.4357636263	4568565.6218963955
413557.4358928390	4568565.6379714888
413556.4360220516	4568565.6540465821
413555.4361512643	4568565.6701216744
413554.4362804769	4568565.6861967677
413553.4364096896	4568565.7022718610
413552.4365389022	4568565.7183469534
413551.4366681149	4568565.7344220467
413550.4367973275	4568565.7504971400
413549.4369265402	4568565.7665722333
413548.4370557528	4568565.7826473257
413547.4371849655	4568565.7987224190
413546.4373141781	4568565.8147975123
413545.4374433908	4568565.8308726046
413544.4375726034	4568565.8469476979
413543.4377018161	4568565.8630227912
413542.4378310287	4568565.8790978845
413541.4379602414	4568565.8951729769
413540.4380894541	4568565.9112480702
413539.4382186667	4568565.9273231635
413538.4383478794	4568565.9433982568
413537.4384770920	4568565.9594733492
413536.4386063047	4568565.9755484425
413535.4387355173	4568565.9916235358
413534.4388647300	4568566.0076986281
413533.4389939427	4568566.0237737214
413532.4391231553	4568566.0398488147
413531.4392523680	4568566.0559239080
413530.4400573435	4568566.0954083698
413529.4409242704	4568566.1370389145
413528.4417911973	4568566.1786694592
413527.4426581242	4568566.2203000039
413526.4435250511	4568566.2619305486
413525.4443919781	4568566.3035610933
413524.4452589050	4568566.3451916380
413523.4461258319	4568566.3868221827
413522.4469927587	4568566.4284527274
413521.4478596857	4568566.4700832721
413520.4487266126	4568566.5117138168
413519.4495935395	4568566.5533443615
413518.4504604664	4568566.5949749062
413517.4513273933	4568566.6366054509
413516.4521943202	4568566.6782359956
413515.4530612471	4568566.7198665403
413514.4539281740	4568566.7614970850
413513.4547951009	4568566.8031276297
413512.4556620278	4568566.8447581744
413511.4565289548	4568566.8863887191
413510.4573958817	4568566.9280192638
413509.4582628086	4568566.9696498085
413508.4591297355	4568567.0112803532
413507.4599966624	4568567.0529108979
413506.4608635893	4568567.0945414426
413505.4617305162	4568567.1361719882
413504.4618769877	4568567.1528300662
413503.4620056483	4568567.1688707834
413502.4621343088	4568567.1849114997
413501.4622629694	4568567.2009522161
413500.4623916300	4568567.2169929333
413499.4625202905	4568567.2330336496
413498.4626489511	4568567.2490743669
413497.4627776116	4568567.2651150832
413496.4629062722	4568567.2811557995
413495.4630349328	4568567.2971965168
413494.4631635934	4568567.3132372331
413493.4632922540	4568567.3292779503
413492.4634209145	4568567.3453186667
413491.4635495751	4568567.3613593830
413490.4636782357	4568567.3774001002
413489.4638068963	4568567.3934408166
413488.4639355568	4568567.4094815329
413487.4640642174	4568567.4255222501
413486.4641928780	4568567.4415629664
413485.4643215385	4568567.4576036837
413484.4644501991	4568567.4736444000
413483.4645788597	4568567.4896851163
413482.4647920885	4568567.5099548548
413481.4650788166	4568567.5339000830
413480.4653655447	4568567.5578453112
413479.4656522728	4568567.5817905394
413478.4659390009	4568567.6057357676
413477.4662257289	4568567.6296809949
413476.4665124570	4568567.6536262231
413475.4667991851	4568567.6775714513
413474.4670859132	4568567.7015166795
413473.4673726413	4568567.7254619077
413472.4676593694	4568567.7494071359
413471.4679460974	4568567.7733523641
413470.4682328255	4568567.7972975923
413469.4685195536	4568567.8212428205
413468.4688062817	4568567.8451880477
413467.4690930097	4568567.8691332759
413466.4693797378	4568567.8930785041
413465.4696664659	4568567.9170237323
413464.4699531940	4568567.9409689605
413463.4702399221	4568567.9649141887
413462.8875833660	4568568.4625874460
413462.7371413690	4568569.4512062836
413462.5866993720	4568570.4398251204
413462.4362573750	4568571.4284439581
413462.2858153780	4568572.4170627957
413462.1353733810	4568573.4056816325
413461.9849313841	4568574.3943004701
413461.8344893871	4568575.3829193069
413461.6840473901	4568576.3715381445
413461.5336053931	4568577.3601569822
413461.3831633961	4568578.3487758189
413460.9813174917	4568579.1403640695
413460.0573006593	4568579.5227158619
413459.1332838268	4568579.9050676553
413458.2092669944	4568580.2874194477
413457.2852501620	4568580.6697712401
413456.3612333295	4568581.0521230334
413455.4372164971	4568581.4344748259
413454.5131996647	4568581.8168266183
413454.2354263427	4568581.1072684759
413454.1259957621	4568580.1132740350
413454.0165651815	4568579.1192795951
413453.9071346008	4568578.1252851542
413453.7977040202	4568577.1312907133
413453.6882734396	4568576.1372962724
413453.5788428590	4568575.1433018325
413453.4694122784	4568574.1493073916
413453.3599816977	4568573.1553129507
413453.2505511171	4568572.1613185108
413453.1411205365	4568571.1673240699
413453.0316899559	4568570.1733296290
413452.9222593752	4568569.1793351881
413452.2471409322	4568568.7985227685
413451.2475648306	4568568.7694089012
413450.2479887291	4568568.7402950348
413449.2484126276	4568568.7111811675
413448.2488365260	4568568.6820673002
413447.2492604245	4568568.6529534329
413446.2496843230	4568568.6238395665
413445.2501082215	4568568.5947256992
413444.2505321199	4568568.5656118318
413443.2509560184	4568568.5364979655
413442.2513799169	4568568.5073840981
413441.2518038153	4568568.4782702308
413440.2530361027	4568568.4794253521
413439.2564388600	4568568.5618506875
413438.2598416174	4568568.6442760229
413437.2632443747	4568568.7267013593
413436.2666471321	4568568.8091266947
413435.2700498895	4568568.8915520310
413434.2734526469	4568568.9739773665
413433.2768554043	4568569.0564027028
413432.2802581616	4568569.1388280382
413431.2836609190	4568569.2212533746
413430.2870636764	4568569.3036787100
413429.2904664338	4568569.3861040464
413428.2938691911	4568569.4685293818
413427.2972719485	4568569.5509547181
413426.3006747058	4568569.6333800536
413425.3040774632	4568569.7158053899
413424.3070159909	4568569.7915713293
413423.3086216921	4568569.8482178142
413422.3102273934	4568569.9048642991
413421.3118330947	4568569.9615107840
413420.3134387960	4568570.0181572689
413419.3150444973	4568570.0748037538
413418.3166501985	4568570.1314502396
413417.3182558998	4568570.1880967245
413416.3198616011	4568570.2447432093
413415.3214673024	4568570.3013896942
413414.3230730036	4568570.3580361791
413413.3246787049	4568570.4146826640
413412.3262844061	4568570.4713291498
413411.3278901074	4568570.5279756347
413410.3294958087	4568570.5846221196
413409.3311015100	4568570.6412686044
413408.3327072112	4568570.6979150893
413407.3343835086	4568570.7557648160
413406.3362150120	4568570.8162598768
413405.3380465154	4568570.8767549368
413404.3398780187	4568570.9372499976
413403.3417095221	4568570.9977450576
413402.3435410254	4568571.0582401184
413401.3453725289	4568571.1187351784
413400.3472040322	4568571.1792302392
413399.3490355356	4568571.2397252992
413398.3508670389	4568571.3002203591
413397.3526985423	4568571.3607154200
413396.3545300457	4568571.4212104799
413395.3563615490	4568571.4817055408
413394.3581930524	4568571.5422006007
413393.3600245558	4568571.6026956616
413392.3618560591	4568571.6631907215
413391.3636875625	4568571.7236857824
413390.3655190659	4568571.7841808423
413389.3673505693	4568571.8446759032
413388.3691820726	4568571.9051709631
413387.3710135760	4568571.9656660240
413386.3728450794	4568572.0261610840
413385.3746765827	4568572.0866561448
413384.3765080861	4568572.1471512048
413383.3780900755	4568572.2032100949
413382.3794334831	4568572.2550271824
413381.3807768908	4568572.3068442699
413380.3821202984	4568572.3586613573
413379.3834637060	4568572.4104784438
413378.3848071136	4568572.4622955313
413377.3861505213	4568572.5141126188
413376.3874939289	4568572.5659297062
413375.3888373366	4568572.6177467937
413374.3901807443	4568572.6695638811
413373.3915241519	4568572.7213809686
413372.3928675595	4568572.7731980560
413371.3942109671	4568572.8250151426
413370.3955543748	4568572.8768322300
413369.3968977824	4568572.9286493175
413368.3982411901	4568572.9804664049
413367.3995845977	4568573.0322834924
413366.4009280054	4568573.0841005798
413365.4022714130	4568573.1359176673
413364.4036148206	4568573.1877347548
413363.4049582283	4568573.2395518413
413362.4063016359	4568573.2913689287
413361.4076450436	4568573.3431860162
413360.4089884512	4568573.3950031037
413359.4103318589	4568573.4468201911
413358.4116502275	4568573.4980775984
413357.4123561331	4568573.5356450453
413356.4130620389	4568573.5732124923
413355.4137679445	4568573.6107799392
413354.4144738502	4568573.6483473871
413353.4151797559	4568573.6859148340
413352.4158856616	4568573.7234822810
413351.4165915673	4568573.7610497279
413350.4172974730	4568573.7986171748
413349.4180033787	4568573.8361846227
413348.4187092844	4568573.8737520697
413347.4194151901	4568573.9113195166
413346.4201210958	4568573.9488869635
413345.4208270015	4568573.9864544105
413344.4215329072	4568574.0240218583
413343.4222388129	4568574.0615893053
413342.4229441709	4568574.0991421435
413341.4236421904	4568574.1364992270
413340.4243402098	4568574.1738563105
413339.4250382293	4568574.2112133941
413338.4257362488	4568574.2485704776
413337.4264342682	4568574.2859275611
413336.4271322877	4568574.3232846446
413335.4278303071	4568574.3606417272
413334.4285283266	4568574.3979988107
413333.4292263460	4568574.4353558943
413332.4299243654	4568574.4727129778
413331.4306223849	4568574.5100700613
413330.4313204044	4568574.5474271448
413329.4318683300	4568574.5750746718
413328.4318891411	4568574.5686231926
413327.4319099520	4568574.5621717144
413326.4319307630	4568574.5557202352
413325.4319515741	4568574.5492687570
413324.4319723851	4568574.5428172778
413323.4319931960	4568574.5363657996
413322.4320140071	4568574.5299143214
413321.4320348181	4568574.5234628422
413320.4320556291	4568574.5170113640
413319.4320764401	4568574.5105598848
413318.4320972511	4568574.5041084066
413317.4321180621	4568574.4976569274
413316.4321388731	4568574.4912054492
413315.4321596841	4568574.4847539701
413314.4321804951	4568574.4783024918
413313.4322013061	4568574.4718510127
413312.4322221171	4568574.4653995344
413311.4322429281	4568574.4589480553
413310.4328490664	4568574.4838105692
413309.4338095153	4568574.5276280930
413308.4347699642	4568574.5714456178
413307.4357304132	4568574.6152631417
413306.4366908621	4568574.6590806656
413305.4376513111	4568574.7028981904
413304.4386117600	4568574.7467157142
413303.4395722089	4568574.7905332381
413302.4405326579	4568574.8343507629
413301.4414931068	4568574.8781682868
413300.4424535558	4568574.9219858106
413299.4434140047	4568574.9658033354
413298.4443744537	4568575.0096208593
413297.4453349026	4568575.0534383832
413296.4483195220	4568574.9828028828
413295.4514541294	4568574.9036865821
413294.4545887368	4568574.8245702814
413293.4577233442	4568574.7454539798
413292.4608579516	4568574.6663376791
413291.4639925591	4568574.5872213785
413290.4671271665	4568574.5081050768
413289.4702617739	4568574.4289887762
413288.4733963813	4568574.3498724755
413287.4765309888	4568574.2707561739
413286.4796655962	4568574.1916398732
413285.4828002036	4568574.1125235725
413284.4859348110	4568574.0334072709
413283.4890694185	4568573.9542909702
413282.4922040259	4568573.8751746695
413281.4929916842	4568573.8653602302
413280.4930577366	4568573.8768537231
413279.4931237889	4568573.8883472169
413278.4931898414	4568573.8998407107
413277.4932558937	4568573.9113342045
413276.4933219461	4568573.9228276983
413275.4933879985	4568573.9343211921
413274.4934540509	4568573.9458146859
413273.4935201032	4568573.9573081788
413272.4935861556	4568573.9688016726
413271.4936716811	4568573.9713991936
413270.4937976335	4568573.9555281773
413269.4939235861	4568573.9396571601
413268.4940495386	4568573.9237861438
413267.4941754911	4568573.9079151265
413266.4943014436	4568573.8920441102
413265.4944273961	4568573.8761730939
413264.4945533487	4568573.8603020767
413263.4946793012	4568573.8444310604
413262.4948052537	4568573.8285600441
413261.4949312062	4568573.8126890268
413260.4950571587	4568573.7968180105
413259.4951831113	4568573.7809469933
413258.4953090637	4568573.7650759770
413257.4954350163	4568573.7492049607
413256.4968498330	4568573.7597340671
413255.5032766857	4568573.8729259446
413254.5097035386	4568573.9861178221
413253.5161303914	4568574.0993096996
413252.5225572441	4568574.2125015771
413251.5289840969	4568574.3256934546
413250.5354109498	4568574.4388853321
413249.5418378025	4568574.5520772096
413248.5482646553	4568574.6652690871
413247.5546915081	4568574.7784609646
413246.5568758798	4568574.8223080365
413245.5569143510	4568574.8310796283
413244.5569528221	4568574.8398512211
413243.5569912933	4568574.8486228138
413242.5570297644	4568574.8573944056
413241.5570682356	4568574.8661659984
413240.5571067067	4568574.8749375902
413239.5571451779	4568574.8837091830
413238.5571836491	4568574.8924807757
413237.5572221202	4568574.9012523675
413236.5572605914	4568574.9100239603
413235.5572990625	4568574.9187955521
413234.5573375337	4568574.9275671449
413233.5573760048	4568574.9363387376
413232.5614209688	4568575.0256318487
413231.5655277624	4568575.1161675947
413230.5696345559	4568575.2067033406
413229.5737413494	4568575.2972390866
413228.5778481430	4568575.3877748325
413227.5819549365	4568575.4783105785
413226.5860617300	4568575.5688463245
413225.5901685236	4568575.6593820704
413224.5942753171	4568575.7499178164
413223.5983821106	4568575.8404535633
413222.6024889042	4568575.9309893092
413221.6065956977	4568576.0215250552
413220.6107024912	4568576.1120608011
413219.6148092848	4568576.2025965471
413218.6176592436	4568576.2746335166
413217.6186722304	4568576.3196329316
413216.6196852171	4568576.3646323467
413215.6206982039	4568576.4096317617
413214.6217111906	4568576.4546311768
413213.6227241773	4568576.4996305918
413212.6237371641	4568576.5446300069
413211.6247501509	4568576.5896294219
413210.6257631376	4568576.6346288370
413209.6267761244	4568576.6796282521
413208.6277891111	4568576.7246276671
413207.6288020978	4568576.7696270822
413206.6298150846	4568576.8146264972
413205.6307770561	4568576.8544194745
413204.6311000825	4568576.8290039580
413203.6314231089	4568576.8035884416
413202.6317461353	4568576.7781729251
413201.6320691617	4568576.7527574096
413200.6323921881	4568576.7273418931
413199.6327152145	4568576.7019263767
413198.6330382409	4568576.6765108602
413197.6333612674	4568576.6510953438
413196.6336842937	4568576.6256798273
413195.6340073202	4568576.6002643118
413194.6343303466	4568576.5748487953
413193.6346533729	4568576.5494332789
413192.6349763994	4568576.5240177624
413191.6352994258	4568576.4986022459
413190.6390681126	4568576.4138854593
413189.6431749062	4568576.3233497133
413188.6472816997	4568576.2328139674
413187.6513884932	4568576.1422782214
413186.6554952867	4568576.0517424755
413185.6596020803	4568575.9612067295
413184.6635007003	4568575.8730740165
413183.6668745523	4568575.7909989217
413182.6702484043	4568575.7089238279
413181.6736222564	4568575.6268487331
413180.6769961084	4568575.5447736382
413179.6803699604	4568575.4626985444
413178.6837438124	4568575.3806234496
413177.6871176644	4568575.2985483548
413176.6904915164	4568575.2164732609
413175.6938653684	4568575.1343981661
413174.6971614568	4568575.0595113086
413173.6989929602	4568575.1200063685
413172.7008244636	4568575.1805014294
413171.7026559669	4568575.2409964893
413170.7044874703	4568575.3014915502
413169.7063189737	4568575.3619866101
413168.7081504771	4568575.4224816710
413167.7099819804	4568575.4829767309
413166.7118134838	4568575.5434717918
413165.7136449872	4568575.6039668517
413164.7154764905	4568575.6644619126
413163.7173079939	4568575.7249569725
413162.7191394973	4568575.7854520334
413161.7209710006	4568575.8459470933
413160.7228025040	4568575.9064421542
413159.7246340073	4568575.9669372141
413158.7277341655	4568576.0405324157
413157.7365062648	4568576.1726961359
413156.7452783641	4568576.3048598561
413155.7540504634	4568576.4370235754
413154.7628225627	4568576.5691872956
413153.7715946621	4568576.7013510158
413152.7803667613	4568576.8335147360
413151.7891388607	4568576.9656784562
413150.7979109600	4568577.0978421764
413149.8066830593	4568577.2300058967
413148.8154551586	4568577.3621696169
413147.8242272579	4568577.4943333361
413146.8329993573	4568577.6264970563
413145.8417714566	4568577.7586607765
413144.8505435559	4568577.8908244967
413143.8538391801	4568577.9555064403
413142.8542714257	4568577.9849054925
413141.8547036712	4568578.0143045438
413140.8551359168	4568578.0437035952
413139.8555681622	4568578.0731026465
413138.8560004078	4568578.1025016988
413137.8564326533	4568578.1319007501
413136.8568648988	4568578.1612998014
413135.8572971444	4568578.1906988528
413134.8577293899	4568578.2200979041
413133.8581616355	4568578.2494969564
413132.8585938810	4568578.2788960077
413131.8588478357	4568578.2961686589
413130.8588478357	4568578.2961686589
413129.8588478357	4568578.2961686589
413128.8588478357	4568578.2961686589
413127.8588478357	4568578.2961686589
413126.8588478357	4568578.2961686589
413125.8588478357	4568578.2961686589
413124.8588478357	4568578.2961686589
413123.8588478357	4568578.2961686589
413122.8588478357	4568578.2961686589
413121.8588478357	4568578.2961686589
413120.8588478357	4568578.2961686589
413119.8588478357	4568578.2961686589
413118.8588478357	4568578.2961686589
413117.8588478357	4568578.2961686589
413116.8588478357	4568578.2961686589
413115.8588478357	4568578.2961686589
413114.8588478357	4568578.2961686589
413113.8588478357	4568578.2961686589
413112.8588567383	4568578.2937293174
413111.8588833768	4568578.2864302415
413110.8589100155	4568578.2791311657
413109.8589366541	4568578.2718320908
413108.8589632927	4568578.2645330150
413107.8589899313	4568578.2572339391
413106.8590165699	4568578.2499348633
413105.8590432085	4568578.2426357884
413104.8590698471	4568578.2353367126
413103.8590964857	4568578.2280376367
413102.8591231243	4568578.2207385609
413101.8591497629	4568578.2134394860
413100.8591764015	4568578.2061404102
413099.8592030402	4568578.1988413343
413098.8592296788	4568578.1915422594
413097.8592563173	4568578.1842431836
413096.8592829560	4568578.1769441077
413095.8593073325	4568578.1823963253
413094.8593314442	4568578.1893406026
413093.8593555560	4568578.1962848790
413092.8593796678	4568578.2032291563
413091.8594037796	4568578.2101734336
413090.8594278913	4568578.2171177100
413089.8594520031	4568578.2240619874
413088.8594761149	4568578.2310062647
413087.8595002267	4568578.2379505411
413086.8595243385	4568578.2448948184
413085.8595484503	4568578.2518390948
413084.8595725621	4568578.2587833721
413083.8595966738	4568578.2657276494
413082.8596207856	4568578.2726719258
413081.8596448974	4568578.2796162032
413080.8596690092	4568578.2865604796
413079.8596931210	4568578.2935047569
413078.8598715971	4568578.3106113067
413077.8601461422	4568578.3340423722
413076.8604206873	4568578.3574734377
413075.8606952324	4568578.3809045032
413074.8609697775	4568578.4043355687
413073.8612443225	4568578.4277666332
413072.8615188676	4568578.4511976987
413071.8617934127	4568578.4746287642
413070.8620679578	4568578.4980598297
413069.8623425029	4568578.5214908952
413068.8626170481	4568578.5449219607
413067.8628915932	4568578.5683530252
413066.8631661383	4568578.5917840907
413065.8634406834	4568578.6152151562
413064.8637152284	4568578.6386462217
413063.8639897735	4568578.6620772872
413062.8642643186	4568578.6855083527
413061.8645388637	4568578.7089394182
413060.8648134088	4568578.7323704828
413059.8650879539	4568578.7558015483
413058.8653624991	4568578.7792326137
413057.8656370442	4568578.8026636792
413056.8659115893	4568578.8260947447
413055.8661861344	4568578.8495258102
413054.8664606794	4568578.8729568757
413053.8667352245	4568578.8963879403
413052.8670097696	4568578.9198190058
413051.8672843147	4568578.9432500713
413050.8675588598	4568578.9666811367
413049.8678334049	4568578.9901122022
413048.8681079500	4568579.0135432677
413047.8681379504	4568579.0161036476
413046.8681379504	4568579.0161036476
413045.8681379504	4568579.0161036476
413044.8681379504	4568579.0161036476
413043.8681379504	4568579.0161036476
413042.8681379504	4568579.0161036476
413041.8684949443	4568579.0050491076
413040.8705785596	4568578.9405286517
413039.8726621749	4568578.8760081958
413038.8747457903	4568578.8114877399
413037.8768294056	4568578.7469672840
413036.8789130210	4568578.6824468281
413035.8809966363	4568578.6179263713
413034.8830802517	4568578.5534059154
413033.8851638670	4568578.4888854595
413032.8872474823	4568578.4243650036
413031.8893310977	4568578.3598445477
413030.8914147131	4568578.2953240918
413029.8934983284	4568578.2308036359
413028.8955819438	4568578.1662831800
413027.8976655591	4568578.1017627241
413026.8997491744	4568578.0372422682
413025.9018327898	4568577.9727218123
413024.9039164051	4568577.9082013564
413023.9060000205	4568577.8436809005
413022.9080836358	4568577.7791604446
413021.9101672512	4568577.7146399887
413020.9122508665	4568577.6501195328
413019.9143344818	4568577.5855990769
413018.9164180972	4568577.5210786210
413017.9185017125	4568577.4565581651
413016.9205853279	4568577.3920377092
413015.9226689432	4568577.3275172533
413014.9247525585	4568577.2629967974
413013.9271397752	4568577.1942785084
413012.9303244967	4568577.1145332865
413011.9335092181	4568577.0347880647
413010.9366939396	4568576.9550428418
413009.9398786610	4568576.8752976200
413008.9430633825	4568576.7955523981
413007.9462481039	4568576.7158071753
413006.9494328254	4568576.6360619534
413005.9526175469	4568576.5563167306
413004.9558022684	4568576.4765715087
413003.9589869898	4568576.3968262868
413002.9621717113	4568576.3170810640
413001.9653564327	4568576.2373358421
413000.9685411542	4568576.1575906193
412999.9717258757	4568576.0778453974
412998.9749105971	4568575.9981001755
412997.9780953186	4568575.9183549527
412996.9812800400	4568575.8386097308
412995.9858791594	4568575.7459777948
412994.9954974575	4568575.6076156450
412994.0051157555	4568575.4692534953
412993.0147340535	4568575.3308913456
412992.0243523516	4568575.1925291969
412991.0339706496	4568575.0541670471
412990.0435889476	4568574.9158048974
412989.0532072457	4568574.7774427477
412988.0628255437	4568574.6390805980
412987.0724438418	4568574.5007184492
412986.0820621398	4568574.3623562995
412985.0916804379	4568574.2239941498
412984.1012987359	4568574.0856320001
412983.1109170339	4568573.9472698504
412982.1205353320	4568573.8089077007
412981.1301536300	4568573.6705455519
412980.1397719280	4568573.5321834022
412979.1451202769	4568573.4313111091
412978.1489904269	4568573.3434172980
412977.1528605769	4568573.2555234879
412976.1567307269	4568573.1676296778
412975.1606008768	4568573.0797358677
412974.1644710268	4568572.9918420576
412973.1683411768	4568572.9039482465
412972.1722113267	4568572.8160544364
412971.1741097130	4568572.7632106999
412970.1744070223	4568572.7388277072
412969.1747043317	4568572.7144447155
412968.1750016411	4568572.6900617229
412967.1752989504	4568572.6656787302
412966.1755962598	4568572.6412957376
412965.1758935691	4568572.6169127459
412964.1761908785	4568572.5925297532
412963.1764881878	4568572.5681467606
412962.1767854972	4568572.5437637679
412961.1787909377	4568572.5888511911
412960.1814946147	4568572.6623361837
412959.1841982917	4568572.7358211754
412958.1869019687	4568572.8093061680
412957.1896056456	4568572.8827911597
412956.1923093226	4568572.9562761523
412955.1950129996	4568573.0297611440
412954.1977166765	4568573.1032461366
412953.2004203535	4568573.1767311292
412952.2031240305	4568573.2502161209
412951.2058277075	4568573.3237011135
412950.2078128980	4568573.3812525645
412949.2079502282	4568573.3978248741
412948.2080875583	4568573.4143971838
412947.2082248885	4568573.4309694935
412946.2083622186	4568573.4475418022
412945.2084995487	4568573.4641141118
412944.2086368789	4568573.4806864215
412943.2087742090	4568573.4972587312
412942.2089115392	4568573.5138310399
412941.2090488693	4568573.5304033495
412940.2091861995	4568573.5469756592
412939.2093235296	4568573.5635479689
412938.2094608598	4568573.5801202785
412937.2095981899	4568573.5966925872
412936.2097355201	4568573.6132648969
412935.2098728502	4568573.6298372066
412934.2100101804	4568573.6464095162
412933.2101475105	4568573.6629818249
412932.2102848407	4568573.6795541346
412931.2104221708	4568573.6961264443
412930.2105595010	4568573.7126987539
412929.2106968311	4568573.7292710636
412928.2122297595	4568573.7771237101
412927.2148639426	4568573.8496594056
412926.2174981256	4568573.9221951021
412925.2201323086	4568573.9947307976
412924.2227664917	4568574.0672664931
412923.2254006747	4568574.1398021886
412922.2280348577	4568574.2123378851
412921.2306690408	4568574.2848735806
412920.2333032238	4568574.3574092761
412919.2359374069	4568574.4299449725
412918.2385715900	4568574.5024806680
412917.2412057730	4568574.5750163635
412916.2438399560	4568574.6475520600
412915.2464741391	4568574.7200877555
412914.2491083221	4568574.7926234510
412913.2517425051	4568574.8651591474
412912.2543766882	4568574.9376948429
412911.2570108712	4568575.0102305384
412910.2596450543	4568575.0827662349
412909.2622792373	4568575.1553019304
412908.2645847474	4568575.2230988210
412907.2667549919	4568575.2889454551
412906.2689252365	4568575.3547920883
412905.2710954810	4568575.4206387214
412904.2732657256	4568575.4864853555
412903.2754359702	4568575.5523319887
412902.2776062147	4568575.6181786228
412901.2797764593	4568575.6840252560
412900.2819467039	4568575.7498718901
412899.2841169484	4568575.8157185232
412898.2862871930	4568575.8815651573
412897.2884574375	4568575.9474117905
412896.2906276821	4568576.0132584246
412895.2927979267	4568576.0791050578
412894.2949681712	4568576.1449516919
412893.2971384158	4568576.2107983250
412892.2993086603	4568576.2766449591
412891.3014789049	4568576.3424915923
412890.3036491495	4568576.4083382254
412889.3058193940	4568576.4741848595
412888.3079896386	4568576.5400314927
412887.3101598831	4568576.6058781268
412886.3123301277	4568576.6717247600
412885.3145278101	4568576.7379346108
412884.3181298029	4568576.8227344407
412883.3217317956	4568576.9075342715
412882.3253337884	4568576.9923341013
412881.3289357812	4568577.0771339322
412880.3325377740	4568577.1619337630
412879.3361397668	4568577.2467335928
412878.3397417596	4568577.3315334236
412877.3433437524	4568577.4163332535
412876.3469457452	4568577.5011330843
412875.3505477380	4568577.5859329142
412874.3541497308	4568577.6707327450
412873.3577517236	4568577.7555325758
412872.3613537164	4568577.8403324056
412871.3649557092	4568577.9251322364
412870.3685577020	4568578.0099320663
412869.3721596948	4568578.0947318971
412868.3757616875	4568578.1795317270
412867.3793636803	4568578.2643315578
412866.3829656731	4568578.3491313886
412865.3865676659	4568578.4339312185
412864.3901696587	4568578.5187310493
412863.3937716515	4568578.6035308791
412862.3969214466	4568578.6824831609
412861.3993323595	4568578.7518806625
412860.4017432723	4568578.8212781642
412859.4041541852	4568578.8906756658
412858.4065650981	4568578.9600731675
412857.4089760110	4568579.0294706691
412856.4113869238	4568579.0988681717
412855.4137978367	4568579.1682656733
412854.4162087496	4568579.2376631750
412853.4186196625	4568579.3070606766
412852.4210305753	4568579.3764581783
412851.4234414882	4568579.4458556799
412850.4258524011	4568579.5152531816
412849.4282633140	4568579.5846506832
412848.4297916439	4568579.6379340347
412847.4305906852	4568579.6779020736
412846.4313897265	4568579.7178701116
412845.4321887678	4568579.7578381496
412844.4329878090	4568579.7978061885
412843.4337868503	4568579.8377742264
412842.4345858916	4568579.8777422644
412841.4353849329	4568579.9177103033
412840.4361839742	4568579.9576783413
412839.4369830154	4568579.9976463793
412838.4377820567	4568580.0376144182
412837.4385810980	4568580.0775824562
412836.4393801393	4568580.1175504951
412835.4401791806	4568580.1575185331
412834.4409782218	4568580.1974865710
412833.4417772631	4568580.2374546099
412832.4425763044	4568580.2774226479
412831.4433753456	4568580.3173906859
412830.4438333411	4568580.3455898063
412829.4439946560	4568580.3635509806
412828.4441559709	4568580.3815121548
412827.4443172858	4568580.3994733291
412826.4444786007	4568580.4174345024
412825.4446399156	4568580.4353956766
412824.4448012305	4568580.4533568509
412823.4449625454	4568580.4713180242
412822.4451238603	4568580.4892791985
412821.4452851751	4568580.5072403727
412820.4454464900	4568580.5252015470
412819.4456078050	4568580.5431627203
412818.4457691199	4568580.5611238945
412817.4459304348	4568580.5790850688
412816.4460917497	4568580.5970462421
412815.4462530645	4568580.6150074163
412814.4464143794	4568580.6329685906
412813.4465756943	4568580.6509297648
412812.4467370092	4568580.6688909382
412811.4468983241	4568580.6868521124
412810.4473390221	4568580.7147688037
412809.4480666230	4568580.7529089721
412808.4487942240	4568580.7910491396
412807.4495218249	4568580.8291893080
412806.4502494257	4568580.8673294755
412805.4509770267	4568580.9054696439
412804.4517046276	4568580.9436098114
412803.4524322285	4568580.9817499798
412802.4531598294	4568581.0198901473
412801.4538874303	4568581.0580303147
412800.4546150312	4568581.0961704832
412799.4553426321	4568581.1343106506
412798.4560702330	4568581.1724508191
412797.4567978339	4568581.2105909865
412796.4575254348	4568581.2487311549
412795.4582530358	4568581.2868713224
412794.4585020124	4568581.3067241302
412793.4586025958	4568581.3209071010
412792.4587031792	4568581.3350900719
412791.4588037626	4568581.3492730418
412790.4589043460	4568581.3634560127
412789.4590049293	4568581.3776389826
412788.4591055127	4568581.3918219535
412787.4592060961	4568581.4060049243
412786.4593066795	4568581.4201878943
412785.4594072629	4568581.4343708651
412784.4595078462	4568581.4485538350
412783.4596084297	4568581.4627368059
412782.4597090130	4568581.4769197768
412781.4598095964	4568581.4911027467
412780.4599101798	4568581.5052857175
412779.4600107632	4568581.5194686875
412778.4601113466	4568581.5336516583
412777.4708849059	4568581.4016175931
412776.4836437853	4568581.2423851546
412775.4964026645	4568581.0831527160
412774.5091615438	4568580.9239202766
412773.5219204232	4568580.7646878380
412772.5346793024	4568580.6054553986
412771.5474381817	4568580.4462229600
412770.5564847466	4568580.3474431448
412769.5571784418	4568580.3846843736
412768.5578721369	4568580.4219256025
412767.5585658321	4568580.4591668313
412766.5592595273	4568580.4964080602
412765.5599532224	4568580.5336492881
412764.5606469176	4568580.5708905170
412763.5613406128	4568580.6081317458
412762.5620343079	4568580.6453729747
412761.5627280031	4568580.6826142035
412760.5634216983	4568580.7198554324
412759.5641153934	4568580.7570966613
412758.5648090886	4568580.7943378901
412757.5655027838	4568580.8315791190
412756.5661964789	4568580.8688203478
412755.5668901741	4568580.9060615757
412754.5675838692	4568580.9433028046
412753.5682775644	4568580.9805440335
412752.5689712596	4568581.0177852623
412751.5696649548	4568581.0550264912
412750.5697765898	4568581.0423018569
412749.5698739254	4568581.0283497265
412748.5699712612	4568581.0143975969
412747.5700685969	4568581.0004454665
412746.5701659326	4568580.9864933360
412745.5702632683	4568580.9725412056
412744.5703606040	4568580.9585890761
412743.5704579397	4568580.9446369456
412742.5705552754	4568580.9306848152
412741.5706526111	4568580.9167326856
412740.5707499468	4568580.9027805552
412739.5708472825	4568580.8888284247
412738.5709446182	4568580.8748762952
412737.5710419539	4568580.8609241648
412736.5711392896	4568580.8469720343
412735.5712366253	4568580.8330199048
412734.5713339611	4568580.8190677743
412733.5714312967	4568580.8051156439
412732.5715286325	4568580.7911635134
412731.5716259682	4568580.7772113839
412730.5717233038	4568580.7632592535
412729.5718206396	4568580.7493071230
412728.5719179753	4568580.7353549935
412727.5720153110	4568580.7214028630
412726.5721126467	4568580.7074507326
412725.5723086273	4568580.6895725029
412724.5729669534	4568580.6532927724
412723.5736252796	4568580.6170130409
412722.5742836057	4568580.5807333104
412721.5749419318	4568580.5444535799
412720.5756002579	4568580.5081738494
412719.5762585841	4568580.4718941180
412718.5769169102	4568580.4356143875
412717.5775752364	4568580.3993346570
412716.5782335624	4568580.3630549265
412715.5788918886	4568580.3267751951
412714.5795502147	4568580.2904954646
412713.5802085409	4568580.2542157341
412712.5808668669	4568580.2179360026
412711.5815251931	4568580.1816562722
412710.5821835192	4568580.1453765417
412709.5828418454	4568580.1090968112
412708.5835001715	4568580.0728170797
412707.5841584976	4568580.0365373492
412706.5848168237	4568580.0002576187
412705.5854751499	4568579.9639778882
412704.5861334760	4568579.9276981568
412703.5867918021	4568579.8914184263
412702.5874501282	4568579.8551386958
412701.5881084544	4568579.8188589653
412700.5887667805	4568579.7825792339
412699.5894251066	4568579.7462995034
412698.5900834328	4568579.7100197729
412697.5907417589	4568579.6737400424
412696.5914000850	4568579.6374603109
412695.5920584111	4568579.6011805804
412694.5927167373	4568579.5649008499
412693.5933750634	4568579.5286211194
412692.5940333896	4568579.4923413880
412691.5946917156	4568579.4560616575
412690.5953500418	4568579.4197819270
412689.5960083679	4568579.3835021965
412688.5977161582	4568579.3260805625
412687.5996942772	4568579.2632130431
412686.6016723963	4568579.2003455227
412685.6036505153	4568579.1374780023
412684.6056286343	4568579.0746104829
412683.6076067533	4568579.0117429625
412682.6095848723	4568578.9488754421
412681.6115629914	4568578.8860079227
412680.6135411104	4568578.8231404023
412679.6155192294	4568578.7602728819
412678.6174973484	4568578.6974053625
412677.6194754674	4568578.6345378421
412676.6214535864	4568578.5716703217
412675.6234317054	4568578.5088028023
412674.6254098244	4568578.4459352819
412673.6275659475	4568578.3803537283
412672.6298822548	4568578.3123298408
412671.6321985622	4568578.2443059525
412670.6345148694	4568578.1762820641
412669.6368311768	4568578.1082581757
412668.6391474841	4568578.0402342882
412667.6414637915	4568577.9722103998
412666.6437800987	4568577.9041865114
412665.6460964061	4568577.8361626230
412664.6484127134	4568577.7681387356
412663.6507290207	4568577.7001148472
412662.6530453280	4568577.6320909588
412661.6553616353	4568577.5640670704
412660.6576779427	4568577.4960431829
412659.6599942500	4568577.4280192945
412658.6623105573	4568577.3599954061
412657.6649339749	4568577.2876765756
412656.6677220309	4568577.2130552735
412655.6705100868	4568577.1384339714
412654.6732981428	4568577.0638126694
412653.6760861988	4568576.9891913673
412652.6788742548	4568576.9145700661
412651.6816623108	4568576.8399487641
412650.6844503667	4568576.7653274620
412649.6872384227	4568576.6907061599
412648.6900264787	4568576.6160848578
412647.6928145347	4568576.5414635558
412646.6956025907	4568576.4668422537
412645.6983906466	4568576.3922209525
412644.7011787026	4568576.3175996505
412643.7039667586	4568576.2429783484
412642.7067548146	4568576.1683570463
412641.7095428705	4568576.0937357442
412640.7123309265	4568576.0191144422
412639.7126658618	4568576.0375404591
412638.7129072910	4568576.0595131749
412637.7131487203	4568576.0814858908
412636.7133901496	4568576.1034586066
412635.7136315789	4568576.1254313225
412634.7138730081	4568576.1474040383
412633.7141144374	4568576.1693767542
412632.7143558666	4568576.1913494701
412631.7145972959	4568576.2133221859
412630.7148387252	4568576.2352949018
412629.7153156392	4568576.2608677028
412628.7212134627	4568576.3693152126
412627.7271112860	4568576.4777627233
412626.7330091094	4568576.5862102332
412625.7389069328	4568576.6946577430
412624.7448047562	4568576.8031052537
412623.7507025796	4568576.9115527635
412622.7566004030	4568577.0200002743
412621.7624982264	4568577.1284477841
412620.7683960498	4568577.2368952949
412619.7742938732	4568577.3453428047
412618.7801916966	4568577.4537903145
412617.7860895200	4568577.5622378252
412616.7919873434	4568577.6706853351
412615.7971391428	4568577.7719826149
412614.8020611558	4568577.8710775180
412613.8069831688	4568577.9701724211
412612.8119051819	4568578.0692673242
412611.8168271949	4568578.1683622273
412610.8217492079	4568578.2674571313
412609.8266712210	4568578.3665520344
412608.8315932340	4568578.4656469375
412607.8365152470	4568578.5647418406
412606.8414372601	4568578.6638367437
412605.8463592731	4568578.7629316468
412604.8512812861	4568578.8620265508
412603.8562032992	4568578.9611214539
412602.8611253122	4568579.0602163570
412601.8660473252	4568579.1593112601
412600.8709693383	4568579.2584061632
412599.8758913513	4568579.3575010672
412598.8808133643	4568579.4565959703
412597.8857353773	4568579.5556908734
412596.8906573904	4568579.6547857765
412595.8955794034	4568579.7538806796
412594.9005014164	4568579.8529755827
412593.9054234295	4568579.9520704867
412592.9103454425	4568580.0511653898
412591.9152674555	4568580.1502602929
412590.9201894686	4568580.2493551960
412589.9251114816	4568580.3484500991
412588.9300334946	4568580.4475450031
412587.9349555077	4568580.5466399062
412586.9364274057	4568580.5713000242
412585.9364493338	4568580.5646776529
412584.9364712619	4568580.5580552816
412583.9364931900	4568580.5514329104
412582.9365151182	4568580.5448105391
412581.9365370464	4568580.5381881678
412580.9365589745	4568580.5315657966
412579.9365809026	4568580.5249434253
412578.9366028307	4568580.5183210541
412577.9366247589	4568580.5116986828
412576.9366466871	4568580.5050763106
412575.9366686152	4568580.4984539393
412574.9366905433	4568580.4918315681
412573.9367124714	4568580.4852091968
412572.9367343996	4568580.4785868255
412571.9367563278	4568580.4719644543
412570.9367782559	4568580.4653420830
412569.9368001840	4568580.4587197118
412568.9372816878	4568580.4324616920
412567.9380887701	4568580.3922931319
412566.9388958523	4568580.3521245727
412565.9397029346	4568580.3119560136
412564.9405100169	4568580.2717874544
412563.9413170992	4568580.2316188943
412562.9421241815	4568580.1914503351
412561.9429312637	4568580.1512817759
412560.9437383460	4568580.1111132158
412559.9445454283	4568580.0709446566
412558.9453525106	4568580.0307760974
412557.9461595929	4568579.9906075373
412556.9469666751	4568579.9504389782
412555.9477737574	4568579.9102704190
412554.9485808396	4568579.8701018589
412553.9493879219	4568579.8299332997
412552.9501950042	4568579.7897647405
412551.9510020865	4568579.7495961813
412550.9518091688	4568579.7094276212
412549.9526162510	4568579.6692590620
412548.9534233333	4568579.6290905029
412547.9542304156	4568579.5889219427
412546.9550374979	4568579.5487533836
412545.9558445802	4568579.5085848244
412544.9568647031	4568579.4635466067
412543.9579813472	4568579.4163021240
412542.9590979912	4568579.3690576404
412541.9602146353	4568579.3218131578
412540.9613312793	4568579.2745686751
412539.9624479233	4568579.2273241915
412538.9635645674	4568579.1800797088
412537.9646812114	4568579.1328352252
412536.9657978554	4568579.0855907425
412535.9669144995	4568579.0383462589
412534.9680311435	4568578.9911017762
412533.9691477876	4568578.9438572926
412532.9702644316	4568578.8966128100
412531.9713810756	4568578.8493683273
412530.9724977197	4568578.8021238437
412529.9736143637	4568578.7548793610
412528.9747310077	4568578.7076348774
412527.9758476518	4568578.6603903947
412526.9763708114	4568578.6284065796
412525.9768352408	4568578.5979329338
412524.9772996701	4568578.5674592881
412523.9777640995	4568578.5369856432
412522.9782285289	4568578.5065119974
412521.9786929583	4568578.4760383526
412520.9791573877	4568578.4455647068
412519.9796218170	4568578.4150910610
412518.9800862464	4568578.3846174162
412517.9805506758	4568578.3541437704
412516.9810151052	4568578.3236701246
412515.9814795346	4568578.2931964798
412514.9819439639	4568578.2627228340
412513.9824083933	4568578.2322491882
412512.9828728227	4568578.2017755434
412511.9833372521	4568578.1713018976
412510.9838016815	4568578.1408282528
412509.9842661108	4568578.1103546070
412508.9847305402	4568578.0798809612
412507.9853547819	4568578.0453692973
412506.9865371909	4568577.9967542812
412505.9877195998	4568577.9481392661
412504.9889020087	4568577.8995242501
412503.9900844176	4568577.8509092350
412502.9912668265	4568577.8022942198
412501.9924492354	4568577.7536792038
412500.9936316443	4568577.7050641887
412499.9948140533	4568577.6564491726
412498.9959964621	4568577.6078341575
412497.9971788710	4568577.5592191424
412496.9983612800	4568577.5106041264
412495.9995436889	4568577.4619891113
412495.0007260978	4568577.4133740952
412494.0019085067	4568577.3647590801
412493.0030909156	4568577.3161440650
412492.0042733245	4568577.2675290490
412491.0054557334	4568577.2189140338
412490.0066381424	4568577.1702990178
412489.0078205513	4568577.1216840027
412488.0090029602	4568577.0730689866
412487.0101853691	4568577.0244539715
412486.0113677780	4568576.9758389564
412485.0125501869	4568576.9272239404
412484.0137325958	4568576.8786089253
412483.0149150047	4568576.8299939092
412482.0160974136	4568576.7813788941
412481.0172049396	4568576.7350226650
412480.0173606126	4568576.7173783528
412479.0175162856	4568576.6997340415
412478.0176719586	4568576.6820897302
412477.0178276316	4568576.6644454179
412476.0179833045	4568576.6468011066
412475.0181389775	4568576.6291567944
412474.0182946505	4568576.6115124831
412473.0184503235	4568576.5938681718
412472.0186059965	4568576.5762238596
412471.0187616695	4568576.5585795483
412470.0189173424	4568576.5409352360
412469.0190730155	4568576.5232909247
412468.0192286884	4568576.5056466134
412467.0193843614	4568576.4880023012
412466.0195400344	4568576.4703579899
412465.0196957074	4568576.4527136786
412464.0198513803	4568576.4350693664
412463.0200070534	4568576.4174250551
412462.0201627263	4568576.3997807428
412461.0203183993	4568576.3821364315
412460.0285275727	4568576.2719805175
412459.0406747761	4568576.1165879425
412458.0528219795	4568575.9611953683
412457.0649691830	4568575.8058027932
412456.0771163863	4568575.6504102191
412455.0892635898	4568575.4950176440
412454.1014107932	4568575.3396250689
412453.1135579966	4568575.1842324948
412452.1257052000	4568575.0288399197
412451.1378524034	4568574.8734473456
412450.1499996069	4568574.7180547705
412449.1621468102	4568574.5626621954
412448.1742940137	4568574.4072696213
412447.1864412171	4568574.2518770462
412446.1985884205	4568574.0964844720
412445.2107356239	4568573.9410918970
412444.2228828273	4568573.7856993219
412443.2350300307	4568573.6303067477
412442.2471772342	4568573.4749141727
412441.2593244376	4568573.3195215976
412440.2714716410	4568573.1641290234
412439.2838820740	4568573.0072139781
412438.3012011223	4568572.8219084274
412437.3185201706	4568572.6366028767
412436.3358392189	4568572.4512973260
412435.3531582672	4568572.2659917744
412434.3704773155	4568572.0806862237
412433.3877963639	4568571.8953806730
412432.4051154122	4568571.7100751223
412431.4224344605	4568571.5247695707
412430.4397535088	4568571.3394640200
412429.4570725571	4568571.1541584693
412428.4743916054	4568570.9688529186
412427.4917106537	4568570.7835473679
412426.5090297021	4568570.5982418163
412425.5263487504	4568570.4129362656
412424.5436677987	4568570.2276307149
412423.5609868470	4568570.0423251642
412422.5783058953	4568569.8570196135
412421.5956249436	4568569.6717140619
412420.6129439919	4568569.4864085112
412419.6302630403	4568569.3011029605
412418.6475820886	4568569.1157974098
412417.6633579078	4568568.9389690813
412416.6784165308	4568568.7660804354
412415.6934751538	4568568.5931917895
412414.7085337768	4568568.4203031436
412413.7235923998	4568568.2474144977
412412.7386510229	4568568.0745258518
412411.7537096459	4568567.9016372059
412410.7687682689	4568567.7287485600
412409.7838268919	4568567.5558599140
412408.7988855149	4568567.3829712681
412407.8139441379	4568567.2100826222
412406.8290027610	4568567.0371939763
412405.8440613839	4568566.8643053295
412404.8591200070	4568566.6914166836
412403.8741786300	4568566.5185280377
412402.8892372530	4568566.3456393918
412401.9042958760	4568566.1727507459
412400.9193544991	4568565.9998621000
412399.9344131220	4568565.8269734541
412398.9494717451	4568565.6540848082
412397.9645303681	4568565.4811961623
412396.9795889911	4568565.3083075164
412395.9946476141	4568565.1354188705
412395.0073836739	4568564.9765061419
412394.0194641475	4568564.8215383729
412393.0315446211	4568564.6665706038
412392.0436250947	4568564.5116028348
412391.0557055684	4568564.3566350667
412390.0677860420	4568564.2016672976
412389.0798665156	4568564.0466995286
412388.0919469892	4568563.8917317595
412387.1040274628	4568563.7367639914
412386.1161079364	4568563.5817962224
412385.1281884100	4568563.4268284533
412384.1402688836	4568563.2718606843
412383.1523493572	4568563.1168929152
412382.1644298308	4568562.9619251471
412381.1765103045	4568562.8069573781
412380.1885907781	4568562.6519896090
412379.2006712517	4568562.4970218400
412378.2127517253	4568562.3420540718
412377.2248321989	4568562.1870863028
412376.2369126725	4568562.0321185337
412375.2489931461	4568561.8771507647
412374.2610736197	4568561.7221829956
412373.2731540933	4568561.5672152275
412372.2852345670	4568561.4122474585
412371.2973142835	4568561.2572845444
412370.3091203759	4568561.1040761862
412369.3209264682	4568560.9508678280
412368.3327325606	4568560.7976594707
412367.3445386529	4568560.6444511125
412366.3563447453	4568560.4912427552
412365.3681508377	4568560.3380343970
412364.3799569300	4568560.1848260397
412363.3917630224	4568560.0316176815
412362.4035691147	4568559.8784093242
412361.4153752071	4568559.7252009660
412360.4271812995	4568559.5719926078
412359.4389873918	4568559.4187842505
412358.4507934842	4568559.2655758923
412357.4625995765	4568559.1123675350
412356.4744056689	4568558.9591591768
412355.4846424010	4568558.8173461165
412354.4918222756	4568558.6977292337
412353.4990021502	4568558.5781123508
412352.5061820248	4568558.4584954688
412351.5133618994	4568558.3388785860
412350.5205417740	4568558.2192617031
412349.5277216486	4568558.0996448211
412348.5349015232	4568557.9800279383
412347.5420813978	4568557.8604110554
412346.5492612724	4568557.7407941734
412345.5564411470	4568557.6211772906
412344.5636210215	4568557.5015604077
412343.5708008962	4568557.3819435257
412342.5779807708	4568557.2623266429
412341.5851606453	4568557.1427097609
412340.5923405200	4568557.0230928781
412339.5995203945	4568556.9034759952
412338.6067002691	4568556.7838591132
412337.6138801437	4568556.6642422304
412336.6210600183	4568556.5446253475
412335.6277609319	4568556.4292600947
412334.6332116184	4568556.3249928281
412333.6386623048	4568556.2207255615
412332.6441129913	4568556.1164582949
412331.6495636777	4568556.0121910274
412330.6550143641	4568555.9079237608
412329.6604650506	4568555.8036564942
412328.6659157371	4568555.6993892277
412327.6713664235	4568555.5951219611
412326.6768171099	4568555.4908546945
412325.6822677964	4568555.3865874270
412324.6877184828	4568555.2823201604
412323.6931691693	4568555.1780528938
412322.6986198557	4568555.0737856273
412321.7040705422	4568554.9695183607
412320.7080826981	4568554.8847724665
412319.7089923714	4568554.8421283672
412318.7099020448	4568554.7994842678
412317.7108117182	4568554.7568401685
412316.7117213915	4568554.7141960692
412315.7126310648	4568554.6715519698
412314.7135407382	4568554.6289078705
412313.7144504116	4568554.5862637712
412312.7153600849	4568554.5436196718
412311.7162697583	4568554.5009755725
412310.7171794316	4568554.4583314732
412309.7180891050	4568554.4156873738
412308.7189987783	4568554.3730432745
412307.7199084517	4568554.3303991752
412306.7208181251	4568554.2877550758
412305.7217277984	4568554.2451109765
412304.7226374718	4568554.2024668772
412303.7235471451	4568554.1598227778
412302.7244568185	4568554.1171786785
412301.7253664918	4568554.0745345792
412300.7258192988	4568554.0699202064
412299.7259928580	4568554.0885505127
412298.7261664172	4568554.1071808189
412297.7263399764	4568554.1258111252
412296.7265135356	4568554.1444414314
412295.7266870949	4568554.1630717376
412294.7268606541	4568554.1817020439
412293.7270342133	4568554.2003323510
412292.7272077725	4568554.2189626573
412291.7273813318	4568554.2375929635
412290.7275548909	4568554.2562232697
412289.7277284502	4568554.2748535760
412288.7279020094	4568554.2934838822
412287.7280755686	4568554.3121141884
412286.7282491278	4568554.3307444947
412285.7284226871	4568554.3493748019
412284.7285962462	4568554.3680051081
412283.7287698055	4568554.3866354143
412282.7289433647	4568554.4052657206
412281.7292386410	4568554.4285134040
412280.7298192300	4568554.4625845198
412279.7303998191	4568554.4966556365
412278.7309804081	4568554.5307267522
412277.7315609971	4568554.5647978690
412276.7321415861	4568554.5988689857
412275.7327221752	4568554.6329401014
412274.7333027642	4568554.6670112181
412273.7338833532	4568554.7010823339
412272.7344639422	4568554.7351534506
412271.7350445313	4568554.7692245664
412270.7357933206	4568554.8078197120
412269.7366031102	4568554.8480555592
412268.7374128998	4568554.8882914074
412267.7382226894	4568554.9285272546
412266.7390324790	4568554.9687631018
412265.7398422685	4568555.0089989491
412264.7406520582	4568555.0492347972
412263.7414618478	4568555.0894706445
412262.7422716373	4568555.1297064917
412261.7430814269	4568555.1699423390
412260.7438912165	4568555.2101781871
412259.7447010061	4568555.2504140344
412258.7455107957	4568555.2906498816
412257.7463205853	4568555.3308857288
412256.7471303749	4568555.3711215770
412255.7479401645	4568555.4113574242
412254.7487499541	4568555.4515932715
412253.7495597436	4568555.4918291187
412252.7656243107	4568555.6611674521
412251.7845733511	4568555.8549173279
412250.8035223913	4568556.0486672036
412249.8224714317	4568556.2424170803
412248.8414204719	4568556.4361669561
412247.8603695123	4568556.6299168319
412246.8793185525	4568556.8236667085
412245.8982675928	4568557.0174165843
412244.9172166331	4568557.2111664601
412243.9361656734	4568557.4049163358
412242.9551147137	4568557.5986662125
412241.9740637540	4568557.7924160883
412240.9930127943	4568557.9861659640
412240.0119618346	4568558.1799158407
412239.0309108749	4568558.3736657165
412238.0498599152	4568558.5674155923
412237.0688089555	4568558.7611654680
412236.0877579958	4568558.9549153447
412235.1067070361	4568559.1486652205
412234.1256560764	4568559.3424150962
412233.1446051167	4568559.5361649729
412232.1635541570	4568559.7299148487
412231.1825031973	4568559.9236647245
412230.2014522376	4568560.1174146011
412229.2204012778	4568560.3111644769
412228.2393503182	4568560.5049143527
412227.2582993584	4568560.6986642284
412226.2772483987	4568560.8924141051
412225.2961974390	4568561.0861639809
412224.3151464793	4568561.2799138566
412223.3340955196	4568561.4736637333
412222.3530445599	4568561.6674136091
412221.3719936002	4568561.8611634849
412220.3909426405	4568562.0549133616
412219.4098916808	4568562.2486632373
412218.4288407211	4568562.4424131131
412217.4477897614	4568562.6361629888
412216.4667388017	4568562.8299128655
412215.4856878420	4568563.0236627413
412214.5157846599	4568563.2660668930
412213.5482441095	4568563.5187827079
412212.5807035591	4568563.7714985237
412211.6131630087	4568564.0242143394
412210.6456224583	4568564.2769301543
412209.6780819079	4568564.5296459701
412208.7105413575	4568564.7823617849
412207.7430008071	4568565.0350776007
412206.7754602568	4568565.2877934156
412205.8079197064	4568565.5405092314
412204.8403791560	4568565.7932250472
412203.8728386056	4568566.0459408620
412202.9052980552	4568566.2986566778
412201.9377575048	4568566.5513724927
412200.9702169544	4568566.8040883085
412200.0026764040	4568567.0568041233
412199.0290981581	4568567.2740210444
412198.0324135423	4568567.3553830544
412197.0357289265	4568567.4367450634
412196.0390443107	4568567.5181070734
412195.0423596949	4568567.5994690824
412194.0456750790	4568567.6808310924
412193.0489904632	4568567.7621931015
412192.0523058474	4568567.8435551114
412191.0556212316	4568567.9249171205
412190.0589366158	4568568.0062791305
412189.0622519999	4568568.0876411395
412188.0655673841	4568568.1690031495
412187.0676202951	4568568.2083141040
412186.0678498079	4568568.1868904503
412185.0680793207	4568568.1654667975
412184.0683088335	4568568.1440431438
412183.0685383463	4568568.1226194911
412182.0687678591	4568568.1011958374
412181.0689973719	4568568.0797721846
412180.0692268847	4568568.0583485309
412179.0694563975	4568568.0369248772
412178.0696859103	4568568.0155012244
412177.0699154231	4568567.9940775707
412176.0701449359	4568567.9726539180
412175.0703744487	4568567.9512302643
412174.0706039615	4568567.9298066115
412173.0708334743	4568567.9083829578
412172.0710629871	4568567.8869593041
412171.0712924999	4568567.8655356513
412170.0715220127	4568567.8441119976
412169.0717515255	4568567.8226883449
412168.0719810383	4568567.8012646912
412167.0722105511	4568567.7798410384
412166.0724400639	4568567.7584173847
412165.0726695766	4568567.7369937310
412164.0728990895	4568567.7155700782
412163.0731286023	4568567.6941464245
412162.0733581151	4568567.6727227718
412161.0735876279	4568567.6512991181
412160.0738171407	4568567.6298754653
412159.0740466535	4568567.6084518116
412158.0742761662	4568567.5870281579
412157.0745056790	4568567.5656045051
412156.0747351919	4568567.5441808514
412155.0749647047	4568567.5227571987
412154.0751942175	4568567.5013335450
412153.0752967843	4568567.4875105685
412152.0753684894	4568567.4755353797
412151.0754401945	4568567.4635601901
412150.0755118997	4568567.4515850013
412149.0755836048	4568567.4396098116
412148.0756553100	4568567.4276346229
412147.0757270151	4568567.4156594332
412146.0757987203	4568567.4036842445
412145.0758704254	4568567.3917090548
412144.0759421306	4568567.3797338661
412143.0760138357	4568567.3677586764
412142.0760855408	4568567.3557834877
412141.0761572460	4568567.3438082980
412140.0762289512	4568567.3318331093
412139.0763006563	4568567.3198579196
412138.0763723615	4568567.3078827308
412137.0764440666	4568567.2959075412
412136.0765157718	4568567.2839323524
412135.0765874769	4568567.2719571628
412134.0766591821	4568567.2599819740
412133.0768396865	4568567.2413452799
412132.0770536487	4568567.2206600513
412131.0772676110	4568567.1999748228
412130.0774815732	4568567.1792895943
412129.0776955354	4568567.1586043658
412128.0779094976	4568567.1379191373
412127.0781234599	4568567.1172339097
412126.0783374221	4568567.0965486811
412125.0785513844	4568567.0758634526
412124.0787653466	4568567.0551782241
412123.0789793088	4568567.0344929956
412122.0791932710	4568567.0138077671
412121.0794072332	4568566.9931225395
412120.0796211955	4568566.9724373110
412119.0798351577	4568566.9517520824
412118.0800491199	4568566.9310668539
412117.0802630821	4568566.9103816254
412116.0839329543	4568566.8466964876
412115.0936763755	4568566.7074416569
412114.1034197966	4568566.5681868251
412113.1131632178	4568566.4289319934
412112.1229066390	4568566.2896771627
412111.1326500601	4568566.1504223309
412110.1423934812	4568566.0111674992
412109.1521369024	4568565.8719126685
412108.1618803236	4568565.7326578368
412107.1716237447	4568565.5934030050
412106.1813671659	4568565.4541481743
412105.1911105871	4568565.3148933426
412104.2008540082	4568565.1756385108
412103.2105974294	4568565.0363836801
412102.2203408506	4568564.8971288484
412101.2300842717	4568564.7578740176
412100.2375194985	4568564.6363839628
412099.2445567078	4568564.5179572077
412098.2515939171	4568564.3995304527
412097.2586311263	4568564.2811036976
412096.2656683356	4568564.1626769425
412095.2727055449	4568564.0442501884
412094.2797427542	4568563.9258234333
412093.2867799635	4568563.8073966783
412092.2938171728	4568563.6889699232
412091.3008543821	4568563.5705431690
412090.3078915914	4568563.4521164140
412089.3149288006	4568563.3336896589
412088.3219660099	4568563.2152629038
412087.3262150776	4568563.1252717664
412086.3291605921	4568563.0485752672
412085.3321061066	4568562.9718787679
412084.3350516210	4568562.8951822696
412083.3379971356	4568562.8184857704
412082.3409426501	4568562.7417892721
412081.3438881646	4568562.6650927728
412080.3468336791	4568562.5883962736
412079.3497791935	4568562.5116997752
412078.3527247081	4568562.4350032760
412077.3556702226	4568562.3583067777
412076.3586157371	4568562.2816102784
412075.3615029747	4568562.2056955621
412074.3640967382	4568562.1337177921
412073.3666905017	4568562.0617400222
412072.3692842651	4568561.9897622531
412071.3718780286	4568561.9177844832
412070.3744717920	4568561.8458067132
412069.3770655555	4568561.7738289433
412068.3796593190	4568561.7018511742
412067.3822530824	4568561.6298734043
412066.3848468459	4568561.5578956343
412065.3874406094	4568561.4859178644
412064.3900343729	4568561.4139400953
412063.3934636949	4568561.3318301076
412062.3977404906	4568561.2394434186
412061.4020172862	4568561.1470567295
412060.4062940819	4568561.0546700405
412059.4105708775	4568560.9622833515
412058.4148476732	4568560.8698966624
412057.4191244688	4568560.7775099734
412056.4234012644	4568560.6851232843
412055.4276780601	4568560.5927365953
412054.4319548558	4568560.5003499063
412053.4362316514	4568560.4079632182
412052.4405084470	4568560.3155765291
412051.4426721747	4568560.3443043046
412050.4443322331	4568560.4019008400
412049.4459922914	4568560.4594973754
412048.4476523497	4568560.5170939099
412047.4493124080	4568560.5746904453
412046.4509724663	4568560.6322869807
412045.4547421739	4568560.7158700386
412044.4601849420	4568560.8200617488
412043.4656277101	4568560.9242534591
412042.4710704782	4568561.0284451693
412041.4765132463	4568561.1326368786
412040.4819560143	4568561.2368285889
412039.4873987824	4568561.3410202991
412038.4928415505	4568561.4452120094
412037.4982843186	4568561.5494037187
412036.5037270867	4568561.6535954289
412035.5091698547	4568561.7577871392
412034.5146126228	4568561.8619788494
412033.5200553909	4568561.9661705587
412032.5254981590	4568562.0703622689
412031.5309409271	4568562.1745539792
412030.5363836951	4568562.2787456894
412029.5418264632	4568562.3829373987
412028.5472692313	4568562.4871291090
412027.5527119994	4568562.5913208192
412026.5581547675	4568562.6955125295
412025.5635975355	4568562.7997042388
412024.5690403036	4568562.9038959490
412023.5744830717	4568563.0080876593
412022.5799258398	4568563.1122793695
412021.5853686079	4568563.2164710788
412020.5939154007	4568563.3410780970
412019.6133347250	4568563.5371942315
412018.6327540493	4568563.7333103670
412017.6521733736	4568563.9294265024
412016.6715926979	4568564.1255426370
412015.6910120222	4568564.3216587724
412014.7104313465	4568564.5177749069
412013.7298506708	4568564.7138910424
412012.7492699951	4568564.9100071779
412011.7686893194	4568565.1061233124
412010.7881086437	4568565.3022394478
412009.8075279680	4568565.4983555824
412008.8269472923	4568565.6944717178
412007.8463666166	4568565.8905878533
412006.8566388852	4568566.0298859403
412005.8640524965	4568566.1514271311
412004.8714661078	4568566.2729683211
412003.8788797191	4568566.3945095120
412002.8862933304	4568566.5160507020
412001.8937069417	4568566.6375918929
412000.9011205531	4568566.7591330828
411999.9085341643	4568566.8806742737
411998.9159477756	4568567.0022154646
411997.9233613870	4568567.1237566546
411996.9307749982	4568567.2452978455
411995.9381886096	4568567.3668390354
411994.9456022209	4568567.4883802263
411993.9530158322	4568567.6099214163
411992.9604294435	4568567.7314626072
411991.9678430548	4568567.8530037971
411990.9752566661	4568567.9745449880
411989.9826702774	4568568.0960861789
411988.9900838887	4568568.2176273689
411987.9974975001	4568568.3391685598
411987.0049111113	4568568.4607097497
411986.0123247227	4568568.5822509406
411985.0197383340	4568568.7037921306
411984.0273221409	4568568.8266216293
411983.0372254121	4568568.9670084789
411982.0471286832	4568569.1073953286
411981.0570319544	4568569.2477821782
411980.0669352255	4568569.3881690279
411979.0768384967	4568569.5285558775
411978.0867417678	4568569.6689427271
411977.0966450391	4568569.8093295768
411976.1065483102	4568569.9497164264
411975.1164515814	4568570.0901032761
411974.1263548525	4568570.2304901257
411973.1362581237	4568570.3708769754
411972.1461613949	4568570.5112638250
411971.1560646660	4568570.6516506746
411970.1659679372	4568570.7920375243
411969.1758712083	4568570.9324243739
411968.1857744795	4568571.0728112236
411967.1876757149	4568571.1153736040
411966.1879262334	4568571.1377560543
411965.1881767518	4568571.1601385055
411964.1884272702	4568571.1825209567
411963.1886777887	4568571.2049034080
411962.1889283071	4568571.2272858592
411961.1891788256	4568571.2496683104
411960.1894293440	4568571.2720507616
411959.1896798624	4568571.2944332119
411958.1899303809	4568571.3168156631
411957.1901808993	4568571.3391981144
411956.1904314177	4568571.3615805656
411955.1906819362	4568571.3839630168
411954.1909324546	4568571.4063454680
411953.1911829731	4568571.4287279192
411952.1914334915	4568571.4511103695
411951.1923652821	4568571.4207944563
411950.1935285286	4568571.3725747503
411949.1946917752	4568571.3243550453
411948.1958550217	4568571.2761353403
411947.1970182683	4568571.2279156344
411946.1981815149	4568571.1796959294
411945.1993447614	4568571.1314762244
411944.2005080080	4568571.0832565185
411943.2016712546	4568571.0350368135
411942.2028345011	4568570.9868171085
411941.2039977476	4568570.9385974025
411940.2051609942	4568570.8903776975
411939.2063242408	4568570.8421579925
411938.2074874874	4568570.7939382866
411937.2086507339	4568570.7457185816
411936.2098139805	4568570.6974988766
411935.2109772270	4568570.6492791707
411934.2150071580	4568570.5708374446
411933.2249177143	4568570.4303992251
411932.2348282705	4568570.2899610065
411931.2447388268	4568570.1495227879
411930.2546493830	4568570.0090845684
411929.2645599392	4568569.8686463498
411928.2744704955	4568569.7282081302
411927.2843810517	4568569.5877699116
411926.2942916079	4568569.4473316930
411925.3042021642	4568569.3068934735
411924.3141127205	4568569.1664552549
411923.3240232767	4568569.0260170354
411922.3339338329	4568568.8855788168
411921.3438443892	4568568.7451405972
411920.3537549454	4568568.6047023786
411919.3636655016	4568568.4642641600
411918.3735760579	4568568.3238259405
411917.3833212940	4568568.1845745379
411916.3925427286	4568568.0490834517
411915.4017641632	4568567.9135923665
411914.4109855978	4568567.7781012803
411913.4202070324	4568567.6426101942
411912.4294284670	4568567.5071191089
411911.4386499016	4568567.3716280228
411910.4478713362	4568567.2361369366
411909.4570927708	4568567.1006458513
411908.4663142054	4568566.9651547652
411907.4755356400	4568566.8296636790
411906.4847570746	4568566.6941725938
411905.4939785092	4568566.5586815076
411904.5031999438	4568566.4231904214
411903.5147446911	4568566.2769926162
411902.5569184058	4568565.9896447305
411901.5990921206	4568565.7022968447
411900.6412658353	4568565.4149489598
411899.6834395501	4568565.1276010741
411898.7256132649	4568564.8402531883
411897.7677869796	4568564.5529053034
411896.8099606944	4568564.2655574176
411895.8555245967	4568563.9673175085
411894.9038159790	4568563.6603147285
411893.9521073613	4568563.3533119485
411893.0003987435	4568563.0463091685
411892.0486901258	4568562.7393063884
411891.0969815080	4568562.4323036084
411890.1452728902	4568562.1253008284
411889.1935642725	4568561.8182980483
411888.2313562011	4568561.5468847407
411887.2654081496	4568561.2881486556
411886.2994600981	4568561.0294125704
411885.3335120466	4568560.7706764853
411884.3675639950	4568560.5119403992
411883.4016159436	4568560.2532043140
411882.4356678920	4568559.9944682289
411881.4697198405	4568559.7357321437
411880.5037717890	4568559.4769960586
411879.5378237375	4568559.2182599735
411878.5718756860	4568558.9595238883
411877.6059276345	4568558.7007878032
411876.6399795830	4568558.4420517180
411875.6740315315	4568558.1833156329
411874.7080834800	4568557.9245795477
411873.7421354285	4568557.6658434626
411872.7761873770	4568557.4071073774
411871.8102393255	4568557.1483712923
411870.8442912739	4568556.8896352071
411869.8783432225	4568556.6308991211
411868.9123951709	4568556.3721630359
411867.9363954266	4568556.1550288200
411866.9588743825	4568555.9441909483
411865.9813533384	4568555.7333530756
411865.0038322943	4568555.5225152038
411864.0263112503	4568555.3116773311
411863.0487902062	4568555.1008394593
411862.0733521532	4568555.1558430232
411861.0992549530	4568555.3819727311
411860.1251577528	4568555.6081024380
411859.1510605525	4568555.8342321450
411858.1769633523	4568556.0603618529
411857.2028661521	4568556.2864915598
411856.2287689519	4568556.5126212668
411855.2562304709	4568556.7453234252
411854.2843277061	4568556.9807061255
411853.3124249413	4568557.2160888268
411852.3405221766	4568557.4514715271
411851.3686194118	4568557.6868542284
411850.3967166470	4568557.9222369287
411849.4248138822	4568558.1576196300
411848.4529111175	4568558.3930023303
411847.4810083527	4568558.6283850316
411846.5091055880	4568558.8637677319
411845.5372028232	4568559.0991504332
411844.5653000584	4568559.3345331335
411843.5933972937	4568559.5699158348
411842.6214945289	4568559.8052985352
411841.6495917641	4568560.0406812364
411840.6776889994	4568560.2760639368
411839.6876517425	4568560.4132187348
411838.6957700778	4568560.5403830511
411837.7038884132	4568560.6675473666
411836.7120067484	4568560.7947116829
411835.7201250838	4568560.9218759993
411834.7282434191	4568561.0490403147
411833.7363617544	4568561.1762046311
411832.7444800897	4568561.3033689465
411831.7525984250	4568561.4305332629
411830.7607167604	4568561.5576975793
411829.7688350957	4568561.6848618947
411828.7769534310	4568561.8120262111
411827.7850717663	4568561.9391905274
411826.7931901017	4568562.0663548429
411825.8013084369	4568562.1935191592
411824.8094267723	4568562.3206834747
411823.8175451076	4568562.4478477910
411822.8256634429	4568562.5750121074
411821.8335516312	4568562.6954354951
411820.8353065526	4568562.6362175662
411819.8370614740	4568562.5769996382
411818.8388163954	4568562.5177817093
411817.8405713168	4568562.4585637813
411816.8423262382	4568562.3993458524
411815.8440811596	4568562.3401279245
411814.8458360810	4568562.2809099955
411813.8475910024	4568562.2216920676
411812.8493459238	4568562.1624741387
411811.8511008452	4568562.1032562107
411810.8528557666	4568562.0440382818
411809.8546106880	4568561.9848203538
411808.8563656094	4568561.9256024249
411807.8581205308	4568561.8663844969
411806.8796833708	4568561.6682542246
411805.9046718978	4568561.4460997116
411804.9296604248	4568561.2239451986
411803.9546489519	4568561.0017906865
411802.9796374789	4568560.7796361735
411802.0046260059	4568560.5574816605
411801.0296145330	4568560.3353271475
411800.0546030600	4568560.1131726345
411799.0795915870	4568559.8910181224
411798.1045801140	4568559.6688636094
411797.1295686410	4568559.4467090964
411796.1545571680	4568559.2245545834
411795.1795456950	4568559.0024000704
411794.2045342221	4568558.7802455584
411793.2295227491	4568558.5580910454
411792.2545112761	4568558.3359365324
411791.2794998032	4568558.1137820194
411790.3044883302	4568557.8916275073
411789.3294768572	4568557.6694729943
411788.3637250151	4568557.4134669341
411787.4113872939	4568557.1084212577
411786.4590495726	4568556.8033755813
411785.5067118514	4568556.4983299049
411784.5543741301	4568556.1932842284
411783.6020364088	4568555.8882385520
411782.6496986876	4568555.5831928756
411781.6973609663	4568555.2781471992
411780.7450232450	4568554.9731015228
411779.7926855238	4568554.6680558464
411778.8403478025	4568554.3630101699
411777.8880100812	4568554.0579644945
411776.9356723600	4568553.7529188180
411775.9833346387	4568553.4478731416
411775.0309969175	4568553.1428274652
411774.0786591962	4568552.8377817888
411773.1147207720	4568552.5867473977
411772.1211155172	4568552.4738377091
411771.1275102624	4568552.3609280214
411770.1339050076	4568552.2480183328
411769.1402997529	4568552.1351086451
411768.1466944981	4568552.0221989574
411767.1530892433	4568551.9092892688
411766.1594839885	4568551.7963795811
411765.1658787337	4568551.6834698934
411764.1722734789	4568551.5705602048
411763.1786682241	4568551.4576505171
411762.1811125740	4568551.4011591226
411761.1814679400	4568551.3745019324
411760.1818233060	4568551.3478447422
411759.1821786721	4568551.3211875511
411758.1825340382	4568551.2945303610
411757.1828894042	4568551.2678731708
411756.1832447702	4568551.2412159806
411755.1836001363	4568551.2145587904
411754.1839555023	4568551.1879016003
411753.1847125877	4568551.1498930268
411752.1856843528	4568551.1058182521
411751.1866561179	4568551.0617434774
411750.1876278829	4568551.0176687017
411749.1885996480	4568550.9735939270
411748.1895714131	4568550.9295191513
411747.1905431781	4568550.8854443766
411746.1915149432	4568550.8413696019
411745.1936895176	4568550.7784127444
411744.1971437593	4568550.6953672646
411743.2005980011	4568550.6123217847
411742.2040522429	4568550.5292763049
411741.2075064846	4568550.4462308250
411740.2109607264	4568550.3631853452
411739.2144149682	4568550.2801398654
411738.2174566967	4568550.2028023209
411737.2193256631	4568550.1416922575
411736.2211946295	4568550.0805821950
411735.2230635960	4568550.0194721315
411734.2249325624	4568549.9583620680
411733.2268015288	4568549.8972520055
411732.2330101429	4568549.9195210570
411731.2466162191	4568550.0839200439
411730.2602222952	4568550.2483190317
411729.2738283714	4568550.4127180185
411728.2874344476	4568550.5771170063
411727.3010405237	4568550.7415159931
411726.3146465999	4568550.9059149809
411725.3282526761	4568551.0703139678
411724.3418587523	4568551.2347129555
411723.3554648284	4568551.3991119424
411722.3690709046	4568551.5635109302
411721.3826769808	4568551.7279099170
411720.3962830569	4568551.8923089048
411719.4098891331	4568552.0567078916
411718.4208800374	4568552.2034966545
411717.4292796262	4568552.3328358391
411716.4376792150	4568552.4621750228
411715.4460788038	4568552.5915142074
411714.4544783926	4568552.7208533911
411713.4628779814	4568552.8501925748
411712.4712775703	4568552.9795317594
411711.4796771591	4568553.1088709431
411710.4880767479	4568553.2382101277
411709.4964763367	4568553.3675493114
411708.5048759255	4568553.4968884960
411707.5132755143	4568553.6262276797
411706.5216751031	4568553.7555668633
411705.5300746919	4568553.8849060480
411704.5384742808	4568554.0142452316
411703.5468738696	4568554.1435844162
411702.5552734584	4568554.2729235999
411701.5636730472	4568554.4022627836
411700.5720726360	4568554.5316019682
411699.5804851704	4568554.6610385710
411698.5895194845	4568554.7951542279
411697.5985537987	4568554.9292698847
411696.6075881127	4568555.0633855416
411695.6166224269	4568555.1975011975
411694.6256567409	4568555.3316168543
411693.6346910551	4568555.4657325111
411692.6437253692	4568555.5998481680
411691.6527596833	4568555.7339638248
411690.6617939974	4568555.8680794816
411689.6708283115	4568556.0021951385
411688.6798626256	4568556.1363107953
411687.6888969397	4568556.2704264512
411686.6979312538	4568556.4045421081
411685.7069655679	4568556.5386577649
411684.7159998820	4568556.6727734217
411683.7250341961	4568556.8068890786
411682.7258652365	4568556.8298552511
411681.7259474091	4568556.8426747099
411680.7260295818	4568556.8554941695
411679.7261117545	4568556.8683136292
411678.7261939271	4568556.8811330879
411677.7262760997	4568556.8939525476
411676.7263582723	4568556.9067720072
411675.7264404450	4568556.9195914660
411674.7265226176	4568556.9324109256
411673.7272339129	4568556.9107012665
411672.7284467397	4568556.8614652790
411671.7296595664	4568556.8122292915
411670.7308723931	4568556.7629933041
411669.7320852198	4568556.7137573166
411668.7332980465	4568556.6645213291
411667.7345108732	4568556.6152853416
411666.7357236999	4568556.5660493542
411665.7369365266	4568556.5168133667
411664.7381493533	4568556.4675773792
411663.7393621800	4568556.4183413917
411662.7405750067	4568556.3691054052
411661.7417878334	4568556.3198694177
411660.7430006601	4568556.2706334302
411659.7442134868	4568556.2213974427
411658.7454263135	4568556.1721614553
411657.7466391402	4568556.1229254678
411656.7509058642	4568556.0379761728
411655.7582599867	4568555.9169217981
411654.7656141091	4568555.7958674226
411653.7729682316	4568555.6748130471
411652.7803223540	4568555.5537586715
411651.7876764765	4568555.4327042969
411650.7950305989	4568555.3116499214
411649.8023847214	4568555.1905955458
411648.8097388438	4568555.0695411703
411647.8170929663	4568554.9484867947
411646.8244470887	4568554.8274324201
411645.8318012112	4568554.7063780446
411644.8391553337	4568554.5853236690
411643.8465094561	4568554.4642692935
411642.8538635785	4568554.3432149179
411641.8719379198	4568554.1602045763
411640.8963281637	4568553.9406923810
411639.9207184076	4568553.7211801866
411638.9451086515	4568553.5016679913
411637.9694988954	4568553.2821557960
411636.9938891393	4568553.0626436006
411636.0182793832	4568552.8431314053
411635.0426696271	4568552.6236192109
411634.0670598710	4568552.4041070156
411633.0914501149	4568552.1845948203
411632.1158403588	4568551.9650826249
411631.1402306027	4568551.7455704305
411630.1646208467	4568551.5260582352
411629.1890110905	4568551.3065460399
411628.2134013344	4568551.0870338446
411627.2952950086	4568550.6968304832
411626.3857358413	4568550.2812560359
411625.4761766739	4568549.8656815886
411624.5666175065	4568549.4501071423
411623.6570583392	4568549.0345326951
411622.7474991718	4568548.6189582478
411621.8379400045	4568548.2033838006
411620.9283808372	4568547.7878093533
411620.0188216698	4568547.3722349061
411619.1092625025	4568546.9566604588
411618.1997033351	4568546.5410860125
411617.2901441678	4568546.1255115652
411616.3805850005	4568545.7099371180
411615.4710258331	4568545.2943626707
411614.5614666658	4568544.8787882235
411613.6034558915	4568544.6418242576
411612.6085738028	4568544.5407815455
411611.6136917142	4568544.4397388333
411610.6188096255	4568544.3386961212
411609.6239275369	4568544.2376534091
411608.6290454482	4568544.1366106961
411607.6341633596	4568544.0355679840
411606.6392812709	4568543.9345252719
411605.6443991823	4568543.8334825598
411604.6495170936	4568543.7324398477
411603.6546350050	4568543.6313971356
411602.6597529163	4568543.5303544234
411601.6648708277	4568543.4293117113
411600.6699887390	4568543.3282689992
411599.6751066504	4568543.2272262871
411598.6802245617	4568543.1261835750
411597.6853424730	4568543.0251408629
411596.6904603844	4568542.9240981508
411595.6955782957	4568542.8230554387
411594.7006962071	4568542.7220127266
411593.7058141184	4568542.6209700145
411592.7109320298	4568542.5199273024
411591.7160499411	4568542.4188845903
411590.7211678525	4568542.3178418782
411589.7262857638	4568542.2167991661
411588.7314036751	4568542.1157564539
411587.7365215865	4568542.0147137418
411586.7416394978	4568541.9136710297
411585.7467574092	4568541.8126283176
411584.7518753205	4568541.7115856046
411583.7569932319	4568541.6105428925
411582.7662553233	4568541.4765673494
411581.7773565852	4568541.3279763479
411580.7884578472	4568541.1793853454
411579.7995591092	4568541.0307943430
411578.8106603711	4568540.8822033415
411577.8217616331	4568540.7336123390
411576.8328628951	4568540.5850213375
411575.8439641570	4568540.4364303350
411574.8550654190	4568540.2878393326
411573.8661666809	4568540.1392483311
411572.8772679428	4568539.9906573286
411571.8883692049	4568539.8420663271
411570.8994704668	4568539.6934753247
411569.9105717287	4568539.5448843222
411568.9216729907	4568539.3962933207
411567.9327742526	4568539.2477023182
411566.9438755146	4568539.0991113167
411565.9549767766	4568538.9505203143
411564.9660780385	4568538.8019293118
411563.9771793005	4568538.6533383103
411562.9882805625	4568538.5047473079
411561.9993818244	4568538.3561563063
411561.0104830864	4568538.2075653039
411560.0234370826	4568538.0481271455
411559.0412818907	4568537.8600548748
411558.0591266988	4568537.6719826041
411557.0769715070	4568537.4839103334
411556.0948163151	4568537.2958380617
411555.1126611232	4568537.1077657910
411554.1305059313	4568536.9196935203
411553.1483507394	4568536.7316212496
411552.1661955475	4568536.5435489789
411551.1840403556	4568536.3554767082
411550.2018851638	4568536.1674044374
411549.2197299719	4568535.9793321667
411548.2440719908	4568535.7606265638
411547.2701324620	4568535.5338187292
411546.2961929331	4568535.3070108937
411545.3222534043	4568535.0802030582
411544.3483138755	4568534.8533952227
411543.3743743467	4568534.6265873872
411542.4004348179	4568534.3997795517
411541.4264952890	4568534.1729717162
411540.4525557602	4568533.9461638806
411539.4644547672	4568533.7976885065
411538.4727522605	4568533.6691344781
411537.4810497539	4568533.5405804487
411536.4893472473	4568533.4120264202
411535.4976447406	4568533.2834723918
411534.5059422340	4568533.1549183624
411533.5142397273	4568533.0263643339
411532.5225372207	4568532.8978103045
411531.5308347140	4568532.7692562761
411530.5391322074	4568532.6407022476
411529.5474297008	4568532.5121482182
411528.5557271941	4568532.3835941898
411527.5640246875	4568532.2550401613
411526.5667746347	4568532.1930590644
411525.5674726542	4568532.1557019809
411524.5681706736	4568532.1183448974
411523.5688686931	4568532.0809878148
411522.5695667125	4568532.0436307313
411521.5702647320	4568532.0062736478
411520.5709627514	4568531.9689165642
411519.5716607709	4568531.9315594817
411518.5723587903	4568531.8942023981
411517.5730568098	4568531.8568453146
411516.5737548293	4568531.8194882311
411515.5744528487	4568531.7821311485
411514.5751508681	4568531.7447740650
411513.5767780014	4568531.7925586458
411512.5785292204	4568531.8517141296
411511.5802804394	4568531.9108696133
411510.5820316584	4568531.9700250961
411509.5837828774	4568532.0291805798
411508.5855340964	4568532.0883360626
411507.5872853154	4568532.1474915463
411506.5890365343	4568532.2066470291
411505.5907877533	4568532.2658025129
411504.5925389723	4568532.3249579957
411503.5942901913	4568532.3841134794
411502.5960414103	4568532.4432689631
411501.5977926293	4568532.5024244459
411500.5995438483	4568532.5615799297
411499.6012950673	4568532.6207354125
411498.6030462862	4568532.6798908962
411497.6042867852	4568532.7291650772
411496.6052585503	4568532.7732398519
411495.6062303153	4568532.8173146276
411494.6072020804	4568532.8613894023
411493.6081738454	4568532.9054641770
411492.6091456105	4568532.9495389527
411491.6101173756	4568532.9936137274
411490.6110891406	4568533.0376885021
411489.6120609057	4568533.0817632768
411488.6130326707	4568533.1258380525
411487.6140044358	4568533.1699128272
411486.6149762008	4568533.2139876019
411485.6159479659	4568533.2580623766
411484.6169197310	4568533.3021371523
411483.6178914960	4568533.3462119270
411482.6188632611	4568533.3902867017
411481.6202663934	4568533.3983970461
411480.6225827008	4568533.3303731587
411479.6248990080	4568533.2623492703
411478.6272153154	4568533.1943253819
411477.6295316227	4568533.1263014935
411476.6318479300	4568533.0582776060
411475.6341642373	4568532.9902537176
411474.6364805447	4568532.9222298292
411473.6387968520	4568532.8542059409
411472.6411131593	4568532.7861820534
411471.6434294666	4568532.7181581650
411470.6478113043	4568532.6257905848
411469.6529292157	4568532.5247478727
411468.6580471270	4568532.4237051606
411467.6631650384	4568532.3226624485
411466.6682829497	4568532.2216197364
411465.6734008611	4568532.1205770243
411464.6785187724	4568532.0195343122
411463.6836366837	4568531.9184916001
411462.6887545951	4568531.8174488880
411461.6938725064	4568531.7164061768
411460.6989904177	4568531.6153634647
411459.7041083291	4568531.5143207526
411458.7092262404	4568531.4132780405
411457.7143441518	4568531.3122353284
411456.7194620631	4568531.2111926163
411455.7245799745	4568531.1101499042
411454.7296978858	4568531.0091071920
411453.7348157971	4568530.9080644799
411452.7399337085	4568530.8070217678
411451.7450516198	4568530.7059790557
411450.7501695311	4568530.6049363436
411449.7552874424	4568530.5038936315
411448.7604053538	4568530.4028509194
411447.7655232651	4568530.3018082073
411446.7706411765	4568530.2007654952
411445.7757590878	4568530.0997227831
411444.7808769992	4568529.9986800710
411443.7859949105	4568529.8976373598
411442.7911128218	4568529.7965946477
411441.7962307332	4568529.6955519356
411440.8013486445	4568529.5945092235
411439.8286937750	4568529.3679242721
411438.8595966011	4568529.1212449921
411437.8904994271	4568528.8745657112
411436.9214022532	4568528.6278864304
411435.9523050793	4568528.3812071495
411434.9832079053	4568528.1345278695
411434.0141107315	4568527.8878485886
411433.0450135575	4568527.6411693078
411432.0759163836	4568527.3944900278
411431.1068192097	4568527.1478107469
411430.1377220357	4568526.9011314660
411429.1686248618	4568526.6544521851
411428.1995276879	4568526.4077729052
411427.2304305139	4568526.1610936243
411426.2613333400	4568525.9144143434
411425.2922361661	4568525.6677350625
411424.3231389922	4568525.4210557826
411423.3540418183	4568525.1743765017
411422.3849446443	4568524.9276972208
411421.4158474704	4568524.6810179409
411420.4467502965	4568524.4343386600
411419.4776531225	4568524.1876593791
411418.5085559486	4568523.9409800982
411417.5394587747	4568523.6943008183
411416.5703616007	4568523.4476215374
411415.6012644269	4568523.2009422565
411414.6321672529	4568522.9542629765
411413.6521190541	4568522.7599091073
411412.6654336515	4568522.5972686568
411411.6787482489	4568522.4346282054
411410.6920628463	4568522.2719877549
411409.7053774437	4568522.1093473034
411408.7186920411	4568521.9467068529
411407.7320066385	4568521.7840664014
411406.7453212359	4568521.6214259509
411405.7586358333	4568521.4587854994
411404.7719504307	4568521.2961450489
411403.7852650281	4568521.1335045975
411402.7985796255	4568520.9708641469
411401.8118942229	4568520.8082236955
411400.8252088203	4568520.6455832450
411399.8385234177	4568520.4829427935
411398.8518380151	4568520.3203023430
411397.8651526125	4568520.1576618915
411396.8784672099	4568519.9950214410
411395.8917818073	4568519.8323809896
411394.9050964047	4568519.6697405390
411393.9184110021	4568519.5071000876
411392.9317255995	4568519.3444596371
411391.9666634064	4568519.0978338225
411391.0241144281	4568518.7637658305
411390.0815654498	4568518.4296978377
411389.1390164715	4568518.0956298457
411388.1964674932	4568517.7615618529
411387.2539185149	4568517.4274938609
411386.3113695366	4568517.0934258681
411385.3688205583	4568516.7593578761
411384.4262715800	4568516.4252898842
411383.4837226017	4568516.0912218913
411382.5167878242	4568515.8812076114
411381.5179196865	4568515.8336424623
411380.5190515488	4568515.7860773122
411379.5201834110	4568515.7385121631
411378.5213152733	4568515.6909470139
411377.5224471356	4568515.6433818638
411376.5235789978	4568515.5958167147
411375.5247108601	4568515.5482515655
411374.5258427224	4568515.5006864155
411373.5269745847	4568515.4531212663
411372.5279331740	4568515.4097306561
411371.5285591031	4568515.3743545832
411370.5291850323	4568515.3389785103
411369.5298109615	4568515.3036024366
411368.5304368906	4568515.2682263637
411367.5310628198	4568515.2328502899
411366.5316887490	4568515.1974742170
411365.5323146782	4568515.1620981432
411364.5329406074	4568515.1267220704
411363.5335665365	4568515.0913459975
411362.5341924657	4568515.0559699237
411361.5348183949	4568515.0205938509
411360.5354443240	4568514.9852177771
411359.5360702532	4568514.9498417042
411358.5375049364	4568514.8971174192
411357.5391741308	4568514.8393627442
411356.5408433251	4568514.7816080702
411355.5425125194	4568514.7238533953
411354.5441817137	4568514.6660987204
411353.5458509081	4568514.6083440455
411352.5475201024	4568514.5505893705
411351.5491892968	4568514.4928346965
411350.5508584911	4568514.4350800216
411349.5525276854	4568514.3773253467
411348.5541968798	4568514.3195706718
411347.5558660741	4568514.2618159968
411346.5575352684	4568514.2040613228
411345.5592044628	4568514.1463066479
411344.5658509643	4568514.0523343477
411343.5889509469	4568513.8386374693
411342.6120509295	4568513.6249405900
411341.6351509121	4568513.4112437116
411340.6582508947	4568513.1975468323
411339.6813508774	4568512.9838499539
411338.7044508599	4568512.7701530745
411337.7275508425	4568512.5564561961
411336.7422719187	4568512.4099480975
411335.7428089756	4568512.3771788208
411334.7433460326	4568512.3444095440
411333.7438830895	4568512.3116402673
411332.7444201465	4568512.2788709905
411331.7449572035	4568512.2461017137
411330.7454942604	4568512.2133324370
411329.7466872849	4568512.1902075447
411328.7608661151	4568512.3580068927
411327.7750449453	4568512.5258062407
411326.7892237755	4568512.6936055887
411325.8034026058	4568512.8614049368
411324.8175814360	4568513.0292042848
411323.8371933406	4568513.2226633998
411322.8679625714	4568513.4688172461
411321.8987318021	4568513.7149710925
411320.9295010329	4568513.9611249389
411319.9602702637	4568514.2072787844
411318.9910394944	4568514.4534326307
411318.0218087252	4568514.6995864771
411317.0525779560	4568514.9457403235
411316.0689977965	4568515.0170886377
411315.0725997893	4568514.9322888078
411314.0762017821	4568514.8474889770
411313.0798037749	4568514.7626891471
411312.0834057676	4568514.6778893163
411311.0870077604	4568514.5930894865
411310.1131219200	4568514.3724724259
411309.1426503376	4568514.1312569464
411308.1721787552	4568513.8900414659
411307.2017071729	4568513.6488259863
411306.2312355905	4568513.4076105058
411305.2607640081	4568513.1663950263
411304.2902924257	4568512.9251795458
411303.3198208434	4568512.6839640662
411302.3493492610	4568512.4427485866
411301.3788776786	4568512.2015331062
411300.4084060962	4568511.9603176266
411299.4379345139	4568511.7191021461
411298.4674629315	4568511.4778866665
411297.4969913491	4568511.2366711861
411296.5265197667	4568510.9954557065
411295.5560481844	4568510.7542402260
411294.5855766020	4568510.5130247464
411293.6151050196	4568510.2718092659
411292.6446334372	4568510.0305937864
411291.6741618548	4568509.7893783059
411290.7036902724	4568509.5481628263
411289.7364573946	4568509.2946207486
411288.7727531427	4568509.0276486250
411287.8090488908	4568508.7606765013
411286.8453446389	4568508.4937043777
411285.8816403870	4568508.2267322531
411284.9179361352	4568507.9597601295
411283.9542318833	4568507.6927880058
411282.9905276314	4568507.4258158822
411282.0268233795	4568507.1588437576
411281.0631191276	4568506.8918716339
411280.0994148758	4568506.6248995103
411279.1357106239	4568506.3579273866
411278.1720063720	4568506.0909552630
411277.2083021201	4568505.8239831384
411276.2445978683	4568505.5570110148
411275.2808936163	4568505.2900388911
411274.3171893645	4568505.0230667675
411273.3534851126	4568504.7560946438
411272.3895762012	4568504.4898839639
411271.4218865999	4568504.2377394903
411270.4541969986	4568503.9855950167
411269.4865073973	4568503.7334505431
411268.5188177960	4568503.4813060695
411267.5511281948	4568503.2291615959
411266.5834385935	4568502.9770171223
411265.6157489922	4568502.7248726487
411264.6480593909	4568502.4727281751
411263.6803697896	4568502.2205837015
411262.7126801883	4568501.9684392279
411261.7449905870	4568501.7162947543
411260.7773009858	4568501.4641502807
411259.8096113845	4568501.2120058071
411258.8419217832	4568500.9598613335
411257.8742321820	4568500.7077168599
411256.9065425807	4568500.4555723863
411255.9388529794	4568500.2034279127
411255.0017637293	4568499.8685772270
411254.1029952837	4568499.4301535953
411253.2042268380	4568498.9917299636
411252.3054583924	4568498.5533063309
411251.4066899467	4568498.1148826992
411250.5079215011	4568497.6764590675
411249.6091530554	4568497.2380354349
411248.7103846098	4568496.7996118031
411247.8116161641	4568496.3611881714
411246.9128477185	4568495.9227645388
411246.0140792728	4568495.4843409071
411245.0677055712	4568495.2122092023
411244.0730871622	4568495.1086031180
411243.0784687533	4568495.0049970336
411242.0838503444	4568494.9013909493
411241.0892319356	4568494.7977848649
411240.0946135267	4568494.6941787805
411239.1087543695	4568494.7962945858
411238.1265424544	4568494.9840703933
411237.1443305393	4568495.1718462007
411236.1621186242	4568495.3596220082
411235.1799067090	4568495.5473978147
411234.1976947940	4568495.7351736221
411233.2154828788	4568495.9229494296
411232.2332709637	4568496.1107252371
411231.2450085431	4568496.2524630977
411230.2476321568	4568496.3248533187
411229.2502557707	4568496.3972435407
411228.2528793844	4568496.4696337618
411227.2555029982	4568496.5420239838
411226.2581266120	4568496.6144142048
411225.2607502257	4568496.6868044268
411224.2633738395	4568496.7591946488
411223.2659974532	4568496.8315848699
411222.2686210670	4568496.9039750919
411221.2712446808	4568496.9763653129
411220.2738682945	4568497.0487555349
411219.2764919083	4568497.1211457569
411218.2791155221	4568497.1935359780
411217.2817391358	4568497.2659262000
411216.2846421819	4568497.3419733066
411215.2878464980	4568497.4219630836
411214.2910508140	4568497.5019528605
411213.2942551301	4568497.5819426375
411212.2974594461	4568497.6619324144
411211.3006637621	4568497.7419221913
411210.3038680782	4568497.8219119692
411209.3070723942	4568497.9019017462
411208.3102767103	4568497.9818915231
411207.3134810263	4568498.0618813001
411206.3166853423	4568498.1418710770
411205.3198896584	4568498.2218608540
411204.3230939744	4568498.3018506318
411203.3262982905	4568498.3818404088
411202.3295026065	4568498.4618301857
411201.3327069225	4568498.5418199627
411200.3359112386	4568498.6218097396
411199.3391155546	4568498.7017995166
411198.3423198707	4568498.7817892944
411197.3455241867	4568498.8617790714
411196.3463457602	4568498.8247704459
411195.3471198620	4568498.7854308439
411194.3478939638	4568498.7460912410
411193.3486680655	4568498.7067516390
411192.3494421673	4568498.6674120370
411191.3502162691	4568498.6280724341
411190.3509903708	4568498.5887328321
411189.3517644726	4568498.5493932301
411188.3525385744	4568498.5100536281
411187.3533126762	4568498.4707140252
411186.3540867779	4568498.4313744232
411185.3548608797	4568498.3920348212
411184.3556349814	4568498.3526952183
411183.3564090833	4568498.3133556163
411182.3571831850	4568498.2740160143
411181.3779041774	4568498.0915577514
411180.4060014126	4568497.8561750511
411179.4340986479	4568497.6207923498
411178.4621958831	4568497.3854096495
411177.4902931184	4568497.1500269482
411176.5183903536	4568496.9146442479
411175.5464875888	4568496.6792615466
411174.5745848241	4568496.4438788462
411173.6026820593	4568496.2084961450
411172.6307792945	4568495.9731134446
411171.6588765297	4568495.7377307434
411170.6869737650	4568495.5023480430
411169.7150710002	4568495.2669653418
411168.7431682354	4568495.0315826414
411167.7712654707	4568494.7961999401
411166.7993627059	4568494.5608172398
411165.8234866273	4568494.3425473999
411164.8472995671	4568494.1256169425
411163.8711125070	4568493.9086864842
411162.8949254468	4568493.6917560268
411161.9187383866	4568493.4748255685
411160.9425513264	4568493.2578951111
411159.9663642663	4568493.0409646528
411158.9901772061	4568492.8240341945
411158.0139901460	4568492.6071037371
411157.0378030858	4568492.3901732787
411156.0828969502	4568492.0936048990
411155.1286217748	4568491.7946753260
411154.1743465993	4568491.4957457529
411153.2200714239	4568491.1968161799
411152.2657962485	4568490.8978866069
411151.3115210731	4568490.5989570338
411150.3572458977	4568490.3000274608
411149.4029707223	4568490.0010978878
411148.4486955469	4568489.7021683147
411147.4944203715	4568489.4032387417
411146.5576044231	4568489.0566343684
411145.6359690479	4568488.6685773684
411144.7143336727	4568488.2805203684
411143.7926982976	4568487.8924633684
411142.8710629224	4568487.5044063684
411142.0379672947	4568486.9701336389
411141.2670055431	4568486.3332521925
411140.4960437914	4568485.6963707451
411139.7254014980	4568485.0591255687
411138.9943462298	4568484.3768073181
411138.2632909616	4568483.6944890684
411137.4155476334	4568483.2057645097
411136.4707910215	4568482.8779918076
411135.5260344096	4568482.5502191056
411134.5812777977	4568482.2224464035
411133.6365211858	4568481.8946737014
411132.6917645739	4568481.5669009993
411131.7291770465	4568481.3449235344
411130.7291770465	4568481.3449235344
411129.7291770465	4568481.3449235344
411128.7291770465	4568481.3449235344
411127.7291770465	4568481.3449235344
411126.7291770465	4568481.3449235344
411125.7291770465	4568481.3449235344
411124.7296061908	4568481.3676762804
411123.7303174285	4568481.4053852903
411122.7310286661	4568481.4430943001
411121.7317399038	4568481.4808033099
411120.7324511414	4568481.5185123198
411119.7331623790	4568481.5562213296
411118.7338736167	4568481.5939303394
411117.7345848544	4568481.6316393493
411116.7352960920	4568481.6693483591
411115.7360073296	4568481.7070573699
411114.7367185673	4568481.7447663797
411113.7374298050	4568481.7824753895
411112.7381410426	4568481.8201843994
411111.7419270676	4568481.7445037374
411110.7461504499	4568481.6526945457
411109.7503738323	4568481.5608853539
411108.7545972145	4568481.4690761622
411107.7588205969	4568481.3772669705
411106.7630439792	4568481.2854577787
411105.7672673615	4568481.1936485870
411104.7714907438	4568481.1018393952
411103.7757141261	4568481.0100302035
411102.7799375085	4568480.9182210118
411101.7841608908	4568480.8264118200
411100.7883842731	4568480.7346026283
411099.7926076554	4568480.6427934365
411098.7968310378	4568480.5509842448
411097.8010544201	4568480.4591750531
411096.8052778024	4568480.3673658613
411095.8095011847	4568480.2755566705
411094.8100267615	4568480.2565094801
411093.8100729861	4568480.2468945403
411092.8101192107	4568480.2372795995
411091.8101654353	4568480.2276646597
411090.8102116599	4568480.2180497190
411089.8102578845	4568480.2084347792
411088.8103041091	4568480.1988198394
411087.8103503338	4568480.1892048987
411086.8103965583	4568480.1795899589
411085.8104427830	4568480.1699750181
411084.8104890076	4568480.1603600783
411083.8105352322	4568480.1507451385
411082.8110050205	4568480.1639735736
411081.8120950341	4568480.2106516110
411080.8131850478	4568480.2573296474
411079.8142750614	4568480.3040076839
411078.8153650750	4568480.3506857213
411077.8164550886	4568480.3973637577
411076.8175451022	4568480.4440417942
411075.8186351159	4568480.4907198306
411074.8197251295	4568480.5373978680
411073.8208151431	4568480.5840759045
411072.8219051567	4568480.6307539409
411071.8229951704	4568480.6774319783
411070.8240851840	4568480.7241100147
411069.8354939196	4568480.6356222806
411068.8552453564	4568480.4378528334
411067.8749967931	4568480.2400833862
411066.8947482298	4568480.0423139399
411065.9144996665	4568479.8445444927
411064.9342511032	4568479.6467750454
411063.9540025399	4568479.4490055982
411062.9737539765	4568479.2512361519
411061.9935054133	4568479.0534667047
411061.0132568500	4568478.8556972574
411060.0330082866	4568478.6579278111
411059.0527597234	4568478.4601583639
411058.0725111601	4568478.2623889167
411057.0922625967	4568478.0646194704
411056.1218113504	4568477.8258091919
411055.1579309295	4568477.5594738126
411054.1940505087	4568477.2931384332
411053.2301700879	4568477.0268030539
411052.2662896671	4568476.7604676746
411051.3024092462	4568476.4941322943
411050.3385288254	4568476.2277969150
411049.3746484046	4568475.9614615357
411048.4107679838	4568475.6951261563
411047.4468875629	4568475.4287907770
411046.4830071421	4568475.1624553977
411045.5191267213	4568474.8961200183
411044.5552463005	4568474.6297846381
411043.5913658797	4568474.3634492587
411042.6274854588	4568474.0971138794
411041.6636050380	4568473.8307785001
411040.6997246172	4568473.5644431207
411039.7358441964	4568473.2981077414
411038.7719637755	4568473.0317723621
411037.8053425032	4568472.7756674262
411036.8374121191	4568472.5244488530
411035.8694817349	4568472.2732302798
411034.9015513507	4568472.0220117066
411033.9336209665	4568471.7707931343
411032.9656905824	4568471.5195745612
411031.9977601982	4568471.2683559880
411031.0298298141	4568471.0171374148
411030.0618994299	4568470.7659188416
411029.0939690457	4568470.5147002693
411028.1260386615	4568470.2634816961
411027.1581082774	4568470.0122631229
411026.1901778932	4568469.7610445498
411025.2222475090	4568469.5098259775
411024.2543171249	4568469.2586074043
411023.2863867407	4568469.0073888311
411022.3080081758	4568468.8102134820
411021.3161901534	4568468.6825537365
411020.3243721311	4568468.5548939910
411019.3325541088	4568468.4272342455
411018.3407360865	4568468.2995744999
411017.3489180642	4568468.1719147544
411016.3571000418	4568468.0442550089
411015.3652820196	4568467.9165952634
411014.3734639972	4568467.7889355179
411013.3816459749	4568467.6612757724
411012.3898279526	4568467.5336160278
411011.3980099302	4568467.4059562823
411010.4164752196	4568467.2345701829
411009.4717186077	4568466.9067974808
411008.5269619957	4568466.5790247787
411007.5822053838	4568466.2512520766
411006.6374487719	4568465.9234793736
411005.6926921600	4568465.5957066715
411004.7479355482	4568465.2679339694
411003.8273755943	4568464.8773603765
411002.9069312418	4568464.4864867469
411001.9864868893	4568464.0956131183
411001.0660425368	4568463.7047394887
411000.1455981844	4568463.3138658600
410999.2251538319	4568462.9229922304
410998.3047094794	4568462.5321186017
410997.3842651269	4568462.1412449721
410996.4638207745	4568461.7503713435
410995.5091118769	4568461.4861861952
410994.5171283596	4568461.3598188674
410993.5251448422	4568461.2334515406
410992.5331613249	4568461.1070842138
410991.5411778075	4568460.9807168869
410990.5491942902	4568460.8543495601
410989.5572107728	4568460.7279822323
410988.5652272555	4568460.6016149055
410987.5732437382	4568460.4752475787
410986.5812602209	4568460.3488802519
410985.5892767036	4568460.2225129250
410984.5972931862	4568460.0961455973
410983.6053096689	4568459.9697782705
410982.6133261515	4568459.8434109436
410981.6213426342	4568459.7170436168
410980.6293591169	4568459.5906762900
410979.6373755996	4568459.4643089622
410978.6453920822	4568459.3379416354
410977.6534085649	4568459.2115743086
410976.6596909185	4568459.1008186573
410975.6641569567	4568459.0064145746
410974.6686229949	4568458.9120104918
410973.6730890330	4568458.8176064091
410972.6775550712	4568458.7232023273
410971.6820211093	4568458.6287982445
410970.6864871475	4568458.5343941618
410969.6909531856	4568458.4399900790
410968.6954192238	4568458.3455859963
410967.6998852619	4568458.2511819135
410966.7043513001	4568458.1567778317
410965.7088173382	4568458.0623737490
410964.7132833764	4568457.9679696662
410963.7177494145	4568457.8735655835
410962.7227862880	4568457.7734819958
410961.7283776963	4568457.6678810827
410960.7339691046	4568457.5622801706
410959.7395605128	4568457.4566792585
410958.7451519211	4568457.3510783454
410957.7507433294	4568457.2454774333
410956.7563347377	4568457.1398765212
410955.7619261459	4568457.0342756081
410954.7675175542	4568456.9286746960
410953.7731089625	4568456.8230737839
410952.7787003708	4568456.7174728718
410951.7842917790	4568456.6118719587
410950.7898831873	4568456.5062710466
410949.7954745956	4568456.4006701345
410948.8079143653	4568456.2446400616
410947.8213573488	4568456.0812226413
410946.8348003323	4568455.9178052219
410945.8482433157	4568455.7543878015
410944.8616862992	4568455.5909703821
410943.8751292827	4568455.4275529617
410942.8885722661	4568455.2641355423
410941.9020152496	4568455.1007181220
410940.9154582330	4568454.9373007026
410939.9289012165	4568454.7738832822
410938.9423441999	4568454.6104658628
410937.9557871834	4568454.4470484424
410936.9692301669	4568454.2836310230
410935.9826731503	4568454.1202136027
410934.9961161338	4568453.9567961833
410934.0095591173	4568453.7933787629
410933.0230021007	4568453.6299613435
410932.0364450842	4568453.4665439231
410931.0498880676	4568453.3031265037
410930.0647857007	4568453.1335263960
410929.1088591790	4568452.8399203932
410928.1529326573	4568452.5463143904
410927.1970061356	4568452.2527083866
410926.2410796139	4568451.9591023838
410925.2851530921	4568451.6654963810
410924.3292265705	4568451.3718903773
410923.3733000487	4568451.0782843744
410922.4173735270	4568450.7846783716
410921.4614470053	4568450.4910723679
410920.5055204836	4568450.1974663651
410919.5495939619	4568449.9038603622
410918.5936674401	4568449.6102543585
410917.6377409185	4568449.3166483557
410916.6818143967	4568449.0230423519
410915.7258878750	4568448.7294363491
410914.7699613533	4568448.4358303463
410913.8140348316	4568448.1422243426
410912.8640532336	4568447.8305599792
410911.9206554083	4568447.4988966817
410910.9772575830	4568447.1672333833
410910.0338597577	4568446.8355700858
410909.0904619324	4568446.5039067874
410908.1470641071	4568446.1722434899
410907.2036662817	4568445.8405801915
410906.2602684564	4568445.5089168940
410905.3168706312	4568445.1772535956
410904.3734728058	4568444.8455902981
410903.4300749805	4568444.5139269996
410902.4866771552	4568444.1822637022
410901.5432793299	4568443.8506004037
410900.5998815046	4568443.5189371062
410899.6564836793	4568443.1872738078
410898.7130858540	4568442.8556105103
410897.7725887314	4568442.5162241189
410896.8441120405	4568442.1448334428
410895.9156353496	4568441.7734427666
410894.9871586587	4568441.4020520896
410894.0586819679	4568441.0306614134
410893.1302052770	4568440.6592707373
410892.2017285861	4568440.2878800612
410891.2732518952	4568439.9164893841
410890.3447752043	4568439.5450987080
410889.4162985134	4568439.1737080319
410888.5105921630	4568438.7532414207
410887.6274764435	4568438.2840861948
410886.7443607240	4568437.8149309689
410885.8612450045	4568437.3457757430
410884.9781292851	4568436.8766205171
410884.0950135656	4568436.4074652912
410883.2118978461	4568435.9383100653
410882.3287821266	4568435.4691548394
410881.4456664071	4568434.9999996135
410880.4960322203	4568434.6995043019
410879.5304164618	4568434.4395308290
410878.5648007033	4568434.1795573551
410877.5991849448	4568433.9195838822
410876.6335691862	4568433.6596104084
410875.6679534277	4568433.3996369345
410874.7023376692	4568433.1396634616
410873.7367219107	4568432.8796899877
410872.7711061522	4568432.6197165148
410871.8054903937	4568432.3597430410
410870.8398746352	4568432.0997695671
410869.8742588766	4568431.8397960942
410868.9086431181	4568431.5798226204
410867.9553081371	4568431.2783196578
410867.0035995193	4568430.9713168787
410866.0518909016	4568430.6643140987
410865.1001822838	4568430.3573113186
410864.1484736661	4568430.0503085386
410863.1967650483	4568429.7433057586
410862.2450564305	4568429.4363029785
410861.2933478128	4568429.1293001985
410860.3416391950	4568428.8222974185
410859.3899305773	4568428.5152946385
410858.4382219595	4568428.2082918594
410857.4839699875	4568427.9100282975
410856.5161474807	4568427.6583944457
410855.5483249739	4568427.4067605939
410854.5805024671	4568427.1551267421
410853.6126799603	4568426.9034928903
410852.6448574536	4568426.6518590385
410851.6770349468	4568426.4002251867
410850.7092124400	4568426.1485913359
410849.7413899332	4568425.8969574841
410848.7735674263	4568425.6453236323
410847.8057449195	4568425.3936897805
410846.8379224128	4568425.1420559287
410845.8700999060	4568424.8904220769
410844.8893872032	4568424.6979521643
410843.9046036444	4568424.5241668308
410842.9198200855	4568424.3503814964
410841.9350365267	4568424.1765961628
410840.9502529679	4568424.0028108284
410839.9654694091	4568423.8290254949
410838.9806858503	4568423.6552401604
410837.9959022915	4568423.4814548269
410837.0111187327	4568423.3076694924
410836.0263351739	4568423.1338841589
410835.0415516151	4568422.9600988245
410834.0567680563	4568422.7863134909
410833.0719844974	4568422.6125281565
410832.0872009386	4568422.4387428230
410831.1200668403	4568422.2063268879
410830.2029967841	4568421.8076007767
410829.2859267278	4568421.4088746645
410828.3688566716	4568421.0101485532
410827.4517866153	4568420.6114224419
410826.5347165590	4568420.2126963306
410825.6176465028	4568419.8139702193
410824.7005764465	4568419.4152441081
410823.7835063903	4568419.0165179968
410822.8664363340	4568418.6177918855
410821.9493662777	4568418.2190657742
410821.0322962214	4568417.8203396620
410820.1152261652	4568417.4216135507
410819.1981561089	4568417.0228874395
410818.2810860527	4568416.6241613282
410817.3577029081	4568416.2417473625
410816.4111440620	4568415.9192161998
410815.4645852158	4568415.5966850379
410814.5180263696	4568415.2741538752
410813.5714675234	4568414.9516227134
410812.6249086773	4568414.6290915506
410811.6783498311	4568414.3065603878
410810.7317909849	4568413.9840292260
410809.7852321387	4568413.6614980632
410808.8386732926	4568413.3389669005
410807.8921144463	4568413.0164357387
410806.9455556002	4568412.6939045759
410805.9989967540	4568412.3713734141
410805.0524379078	4568412.0488422513
410804.1058790616	4568411.7263110885
410803.1593202155	4568411.4037799267
410802.2127613693	4568411.0812487639
410801.2667443282	4568410.7571688425
410800.3255496575	4568410.4193040887
410799.3843549867	4568410.0814393349
410798.4431603159	4568409.7435745811
410797.5019656452	4568409.4057098273
410796.5607709744	4568409.0678450745
410795.6195763037	4568408.7299803207
410794.6783816329	4568408.3921155669
410793.7371869621	4568408.0542508131
410792.7959922914	4568407.7163860593
410791.8547976206	4568407.3785213055
410790.9136029498	4568407.0406565527
410789.9724082791	4568406.7027917989
410789.0312136084	4568406.3649270451
410788.0900189376	4568406.0270622913
410787.1488242668	4568405.6891975375
410786.2076295961	4568405.3513327846
410785.2664349253	4568405.0134680308
410784.3252402545	4568404.6756032770
410783.3840455838	4568404.3377385233
410782.4428509130	4568403.9998737695
410781.5016562423	4568403.6620090166
410780.5604615715	4568403.3241442628
410779.6192669007	4568402.9862795090
410778.6780722300	4568402.6484147552
410777.7368775592	4568402.3105500014
410776.7956828884	4568401.9726852486
410775.8544882177	4568401.6348204948
410774.9132935470	4568401.2969557410
410773.9720988762	4568400.9590909872
410773.0309042054	4568400.6212262334
410772.0897095347	4568400.2833614796
410771.1485148639	4568399.9454967268
410770.2073201931	4568399.6076319730
410769.2661255224	4568399.2697672192
410768.3234246839	4568398.9362015007
410767.3771642043	4568398.6127960207
410766.4309037248	4568398.2893905398
410765.4846432452	4568397.9659850597
410764.5383827656	4568397.6425795788
410763.5921222861	4568397.3191740988
410762.6458618064	4568396.9957686178
410761.6996013269	4568396.6723631378
410760.7533408473	4568396.3489576569
410759.8070803677	4568396.0255521769
410758.8553754358	4568395.7200018382
410757.8896594894	4568395.4604007779
410756.9239435429	4568395.2007997166
410755.9582275964	4568394.9411986554
410754.9925116500	4568394.6815975951
410754.0267957035	4568394.4219965339
410753.0610797571	4568394.1623954736
410752.0953638106	4568393.9027944123
410751.1296478642	4568393.6431933520
410750.1639319178	4568393.3835922908
410749.1982159713	4568393.1239912305
410748.2325000249	4568392.8643901693
410747.3068954002	4568392.4930402245
410746.3965289228	4568392.0792372804
410745.4861624454	4568391.6654343363
410744.5757959679	4568391.2516313922
410743.6654294905	4568390.8378284471
410742.7550630130	4568390.4240255030
410741.8446965356	4568390.0102225589
410740.9343300581	4568389.5964196147
410740.0239635807	4568389.1826166697
410739.1135971032	4568388.7688137256
410738.2032306258	4568388.3550107814
410737.2928641484	4568387.9412078373
410736.3824976709	4568387.5274048923
410735.4618664462	4568387.1373832915
410734.5363194900	4568386.7587504461
410733.6107725338	4568386.3801175999
410732.6852255775	4568386.0014847545
410731.7596786213	4568385.6228519082
410730.8341316651	4568385.2442190628
410729.9085847089	4568384.8655862175
410728.9830377526	4568384.4869533712
410728.0574907965	4568384.1083205258
410727.1319438402	4568383.7296876805
410726.2063968840	4568383.3510548342
410725.2808499278	4568382.9724219888
410724.3553029716	4568382.5937891435
410723.4297560153	4568382.2151562972
410722.5042090591	4568381.8365234518
410721.5786621030	4568381.4578906065
410720.6531151467	4568381.0792577602
410719.7275681905	4568380.7006249148
410718.8020212343	4568380.3219920686
410717.8764742781	4568379.9433592232
410716.9335085581	4568379.6120207002
410715.9834768091	4568379.2998674111
410715.0334450600	4568378.9877141220
410714.0834133110	4568378.6755608330
410713.1333815620	4568378.3634075439
410712.1833498130	4568378.0512542548
410711.2333180639	4568377.7391009666
410710.2832863149	4568377.4269476775
410709.3332545659	4568377.1147943884
410708.4714319181	4568376.6139909290
410707.6227433329	4568376.0850980422
410706.7740547477	4568375.5562051563
410705.9253661625	4568375.0273122694
410705.0766775772	4568374.4984193835
410704.2279889920	4568373.9695264967
410703.3793004068	4568373.4406336108
410702.5306118216	4568372.9117407240
410701.6819232364	4568372.3828478372
410700.8200662926	4568371.8838578053
410699.8569222542	4568371.6148716323
410698.8937782158	4568371.3458854603
410697.9306341773	4568371.0768992873
410696.9674901389	4568370.8079131143
410696.0043461005	4568370.5389269413
410695.0412020620	4568370.2699407684
410694.0780580236	4568370.0009545954
410693.1149139852	4568369.7319684224
410692.1517699467	4568369.4629822494
410691.1886259083	4568369.1939960765
410690.2254818699	4568368.9250099035
410689.2623378314	4568368.6560237305
410688.2991937930	4568368.3870375575
410687.3317617689	4568368.1354987957
410686.3536558399	4568367.9273911519
410685.3755499109	4568367.7192835072
410684.3974439819	4568367.5111758625
410683.4193380529	4568367.3030682178
410682.4412321239	4568367.0949605741
410681.4553744593	4568366.9336762195
410680.4623861851	4568366.8154633297
410679.4693979109	4568366.6972504407
410678.4764096367	4568366.5790375508
410677.4834213625	4568366.4608246610
410676.4912177529	4568366.3363933619
410675.4999898522	4568366.2042296417
410674.5087619516	4568366.0720659224
410673.5175340508	4568365.9399022022
410672.5263061502	4568365.8077384820
410671.5350782495	4568365.6755747618
410670.5438503488	4568365.5434110416
410669.5526224481	4568365.4112473214
410668.5613945474	4568365.2790836012
410667.5701666468	4568365.1469198810
410666.5789387461	4568365.0147561608
410665.5877108454	4568364.8825924406
410664.5964829447	4568364.7504287213
410663.6052550440	4568364.6182650011
410662.6140271434	4568364.4861012809
410661.6227992427	4568364.3539375607
410660.6315713420	4568364.2217738405
410659.6403434413	4568364.0896101203
410658.6559471103	4568363.9226881489
410657.6884331800	4568363.6698704390
410656.7209192497	4568363.4170527281
410655.7534053194	4568363.1642350182
410654.7858913892	4568362.9114173073
410653.8183774589	4568362.6585995974
410652.8508635286	4568362.4057818865
410651.8833495983	4568362.1529641766
410650.9158356680	4568361.9001464657
410649.9483217377	4568361.6473287549
410648.9808078074	4568361.3945110450
410648.0132938772	4568361.1416933341
410647.0457799469	4568360.8888756242
410646.0782660166	4568360.6360579133
410645.1107520863	4568360.3832402034
410644.1432381560	4568360.1304224925
410643.1757242257	4568359.8776047826
410642.2082102954	4568359.6247870717
410641.2406963652	4568359.3719693618
410640.2731824349	4568359.1191516509
410639.3056685046	4568358.8663339401
410638.3381545744	4568358.6135162301
410637.3706406441	4568358.3606985193
410636.4031267138	4568358.1078808093
410635.4356127835	4568357.8550630985
410634.4762954382	4568357.5737374611
410633.5222517551	4568357.2740698941
410632.5682080720	4568356.9744023262
410631.6141643889	4568356.6747347591
410630.6601207059	4568356.3750671921
410629.7060770228	4568356.0753996251
410628.7520333397	4568355.7757320581
410627.7979896566	4568355.4760644911
410626.8439459736	4568355.1763969241
410625.8899022905	4568354.8767293571
410624.9358586074	4568354.5770617900
410623.9818149244	4568354.2773942221
410623.0277712413	4568353.9777266551
410622.0737275582	4568353.6780590881
410621.1196838751	4568353.3783915211
410620.1656401921	4568353.0787239540
410619.2115965090	4568352.7790563870
410618.2575528259	4568352.4793888200
410617.3035091429	4568352.1797212530
410616.3494654598	4568351.8800536850
410615.4458845544	4568351.4518944640
410614.5428894732	4568351.0222435789
410613.6398943920	4568350.5925926929
410612.7368993108	4568350.1629418079
410611.8339042296	4568349.7332909228
410610.9309091484	4568349.3036400368
410610.0279140672	4568348.8739891518
410609.1249189860	4568348.4443382667
410608.2219239048	4568348.0146873808
410607.3189288236	4568347.5850364957
410606.4159337424	4568347.1553856097
410605.5129386612	4568346.7257347247
410604.6099435800	4568346.2960838396
410603.7069484988	4568345.8664329536
410602.8039534176	4568345.4367820686
410601.9009583364	4568345.0071311835
410601.0085220610	4568344.5565401465
410600.1261691198	4568344.0859519113
410599.2438161787	4568343.6153636761
410598.3614632375	4568343.1447754409
410597.4791102963	4568342.6741872057
410596.5967573551	4568342.2035989705
410595.7144044139	4568341.7330107354
410594.8320514727	4568341.2624225002
410593.9263334105	4568340.8462083284
410592.9776501125	4568340.5299805617
410592.0289668144	4568340.2137527959
410591.0802835164	4568339.8975250302
410590.1316002183	4568339.5812972644
410589.1829169203	4568339.2650694977
410588.2342336222	4568338.9488417320
410587.2855503242	4568338.6326139662
410586.3368670261	4568338.3163861996
410585.3881837281	4568338.0001584338
410584.4395004301	4568337.6839306680
410583.4908171320	4568337.3677029014
410582.5421338340	4568337.0514751356
410581.5934505359	4568336.7352473699
410580.6447672379	4568336.4190196041
410579.6960839398	4568336.1027918374
410578.7474006418	4568335.7865640717
410577.8330124805	4568335.3869979158
410576.9365339164	4568334.9439108102
410576.0400553521	4568334.5008237036
410575.1435767879	4568334.0577365970
410574.2470982237	4568333.6146494905
410573.3506196595	4568333.1715623839
410572.4541410952	4568332.7284752773
410571.5576625311	4568332.2853881707
410570.6611839668	4568331.8423010651
410569.7647054026	4568331.3992139585
410568.8682268384	4568330.9561268520
410567.9717737547	4568330.5129884891
410567.0773465637	4568330.0657748934
410566.1829193728	4568329.6185612986
410565.2884921818	4568329.1713477029
410564.3940649908	4568328.7241341071
410563.4996377998	4568328.2769205114
410562.6052106088	4568327.8297069166
410561.7107834178	4568327.3824933209
410560.8163562268	4568326.9352797251
410559.9219290358	4568326.4880661294
410559.0550773510	4568325.9948113952
410558.2386617116	4568325.4173466740
410557.4222460721	4568324.8398819538
410556.6058304327	4568324.2624172326
410555.7894147932	4568323.6849525124
410554.9729991537	4568323.1074877912
410554.1108076242	4568322.6232363088
410553.1546957993	4568322.3302342976
410552.1985839745	4568322.0372322863
410551.2424721496	4568321.7442302760
410550.2863603247	4568321.4512282647
410549.3302484999	4568321.1582262544
410548.3741366750	4568320.8652242431
410547.4180248502	4568320.5722222328
410546.4587591445	4568320.2898986954
410545.4968801474	4568320.0164232943
410544.5350011504	4568319.7429478932
410543.5731221533	4568319.4694724921
410542.6112431562	4568319.1959970910
410541.6493641592	4568318.9225216899
410540.6874851621	4568318.6490462888
410539.7256061650	4568318.3755708877
410538.7637271680	4568318.1020954866
410537.8018481709	4568317.8286200855
410536.8399691739	4568317.5551446844
410535.8780901768	4568317.2816692833
410534.9162111797	4568317.0081938822
410533.9761075820	4568316.6688283160
410533.0406896106	4568316.3152845157
410532.1052716391	4568315.9617407154
410531.1698536676	4568315.6081969151
410530.2344356962	4568315.2546531148
410529.2990177247	4568314.9011093145
410528.3635997533	4568314.5475655142
410527.4281817818	4568314.1940217139
410526.4927638104	4568313.8404779136
410525.5573458389	4568313.4869341133
410524.6219278674	4568313.1333903130
410523.6865098960	4568312.7798465136
410522.7510919245	4568312.4263027133
410521.8156739531	4568312.0727589130
410520.8802559816	4568311.7192151127
410519.9448380101	4568311.3656713124
410518.9844784444	4568311.1005464802
410518.0021964864	4568310.9131374229
410517.0199145284	4568310.7257283647
410516.0376325704	4568310.5383193064
410515.0553506124	4568310.3509102492
410514.0730686544	4568310.1635011910
410513.0907866963	4568309.9760921337
410512.1085047383	4568309.7886830755
410511.1262227803	4568309.6012740182
410510.1439408222	4568309.4138649600
410509.1616588643	4568309.2264559017
410508.1793769062	4568309.0390468445
410507.1970949482	4568308.8516377863
410506.2148129902	4568308.6642287290
410505.2325310322	4568308.4768196708
410504.2502490742	4568308.2894106135
410503.2679671162	4568308.1020015553
410502.2856851581	4568307.9145924971
410501.3034032001	4568307.7271834398
410500.3419316134	4568307.4528089371
410499.3812174306	4568307.1752692843
410498.4205032477	4568306.8977296315
410497.4597890649	4568306.6201899787
410496.4990748820	4568306.3426503260
410495.5383606992	4568306.0651106732
410494.5776465163	4568305.7875710204
410493.6169323335	4568305.5100313677
410492.6562181507	4568305.2324917149
410491.6955039678	4568304.9549520621
410490.7347897850	4568304.6774124093
410489.8220846702	4568304.2769845752
410488.9276574791	4568303.8297709804
410488.0332302881	4568303.3825573847
410487.1388030971	4568302.9353437889
410486.2443759061	4568302.4881301941
410485.3499487151	4568302.0409165984
410484.4555215241	4568301.5937030027
410483.5610943331	4568301.1464894069
410482.6666671421	4568300.6992758121
410481.7722399511	4568300.2520622164
410480.8778127600	4568299.8048486207
410479.9833855690	4568299.3576350249
410479.0889583780	4568298.9104214301
410478.2483978141	4568298.3706393754
410477.4176674409	4568297.8139643837
410476.5869370678	4568297.2572893910
410475.7562066945	4568296.7006143983
410474.9254763214	4568296.1439394066
410474.0947459482	4568295.5872644139
410473.2640155751	4568295.0305894222
410472.4332852019	4568294.4739144295
410471.6025548287	4568293.9172394369
410470.7718244556	4568293.3605644451
410469.9410940823	4568292.8038894525
410469.1103637092	4568292.2472144598
410468.2796333360	4568291.6905394681
410467.4489029629	4568291.1338644754
410466.6181725897	4568290.5771894827
410465.7874422165	4568290.0205144910
410464.9567118433	4568289.4638394983
410464.1259814702	4568288.9071645057
410463.2952510970	4568288.3504895139
410462.4645207238	4568287.7938145213
410461.6337903507	4568287.2371395295
410460.8030599774	4568286.6804645369
410459.9723296043	4568286.1237895442
410459.1415992311	4568285.5671145525
410458.3108688580	4568285.0104395598
410457.4801384848	4568284.4537645672
410456.6494081116	4568283.8970895754
410455.8186777385	4568283.3404145828
410455.0341859057	4568282.7213108698
410454.2595247057	4568282.0889343796
410453.4848635056	4568281.4565578895
410452.7102023055	4568280.8241813993
410451.9355411054	4568280.1918049091
410451.1608799053	4568279.5594284199
410450.3862187052	4568278.9270519298
410449.6331196619	4568278.2716159811
410448.9502357838	4568277.5410890412
410448.2673519058	4568276.8105621021
410447.5844680277	4568276.0800351631
410446.9015841497	4568275.3495082231
410446.2187002716	4568274.6189812841
410445.5358163935	4568273.8884543451
410444.8529325155	4568273.1579274051
410443.9769602159	4568272.7508332785
410443.0098856786	4568272.4963399796
410442.0428111413	4568272.2418466797
410441.0757366040	4568271.9873533808
410440.1086620667	4568271.7328600818
410439.1864347477	4568271.3471257398
410438.2658529658	4568270.9565758929
410437.3452711840	4568270.5660260459
410436.4246894021	4568270.1754761990
410435.5152813429	4568269.7600258635
410434.6115435040	4568269.3319395185
410433.7078056652	4568268.9038531743
410432.8040678263	4568268.4757668292
410431.9003299874	4568268.0476804841
410430.9965921485	4568267.6195941400
410430.0928543097	4568267.1915077949
410429.1891164708	4568266.7634214498
410428.2853786319	4568266.3353351057
410427.3816407930	4568265.9072487606
410426.4779029542	4568265.4791624155
410425.5741651153	4568265.0510760713
410424.6723069548	4568264.6194028463
410423.8059914650	4568264.1199056264
410422.9396759752	4568263.6204084074
410422.0733604853	4568263.1209111884
410421.2070449955	4568262.6214139685
410420.3407295057	4568262.1219167495
410419.4744140159	4568261.6224195305
410418.6080985261	4568261.1229223106
410417.7417830363	4568260.6234250916
410416.8754675465	4568260.1239278726
410416.0091520567	4568259.6244306527
410415.1428365669	4568259.1249334337
410414.2765210771	4568258.6254362138
410413.4102055872	4568258.1259389948
410412.5438900974	4568257.6264417758
410411.6775746076	4568257.1269445559
410410.8219504556	4568256.6095480761
410409.9714469030	4568256.0835787738
410409.1209433504	4568255.5576094715
410408.2704397977	4568255.0316401692
410407.4199362452	4568254.5056708669
410406.5694326925	4568253.9797015646
410405.7189291399	4568253.4537322624
410404.8684255873	4568252.9277629601
410404.0179220346	4568252.4017936578
410403.1674184820	4568251.8758243555
410402.3169149294	4568251.3498550532
410401.5495269177	4568250.7094237618
410400.7861406323	4568250.0634815199
410400.0227543469	4568249.4175392790
410399.2593680615	4568248.7715970371
410398.4959817761	4568248.1256547961
410397.7325954907	4568247.4797125543
410396.9692092053	4568246.8337703124
410396.2058229200	4568246.1878280714
410395.4424366346	4568245.5418858295
410394.6790503492	4568244.8959435886
410393.9156640638	4568244.2500013467
410393.1522777784	4568243.6040591057
410392.4128614960	4568242.9312354680
410391.6840134239	4568242.2465600064
410390.9551653519	4568241.5618845439
410390.2263172798	4568240.8772090822
410389.4974692078	4568240.1925336206
410388.7287920958	4568239.5632741749
410387.8475020729	4568239.0906983651
410386.9662120500	4568238.6181225562
410386.0849220271	4568238.1455467464
410385.2036320042	4568237.6729709376
410384.3223419814	4568237.2003951278
410383.4410519585	4568236.7278193189
410382.5597619356	4568236.2552435091
410381.6784719127	4568235.7826677002
410380.7971818898	4568235.3100918904
410379.9229063218	4568234.8246957492
410379.0497086197	4568234.3373295898
410378.1765109177	4568233.8499634312
410377.3033132157	4568233.3625972718
410376.4301155136	4568232.8752311124
410375.5569178117	4568232.3878649529
410374.6972245496	4568231.8770856606
410373.8381230057	4568231.3652804857
410372.9790214618	4568230.8534753108
410372.1199199179	4568230.3416701360
410371.2608183740	4568229.8298649602
410370.4017168301	4568229.3180597853
410369.5189811244	4568228.8526565442
410368.5998360944	4568228.4587372458
410367.6806910644	4568228.0648179473
410366.7615460343	4568227.6708986489
410365.8424010043	4568227.2769793505
410364.9232559743	4568226.8830600511
410364.0041109443	4568226.4891407527
410363.0843101415	4568226.0967960088
410362.1572771016	4568225.7218163526
410361.2302440617	4568225.3468366954
410360.3032110217	4568224.9718570393
410359.3761779818	4568224.5968773821
410358.4491449419	4568224.2218977259
410357.5221119020	4568223.8469180688
410356.5950788620	4568223.4719384126
410355.6680458221	4568223.0969587555
410354.7410127822	4568222.7219790993
410353.8139797423	4568222.3469994422
410352.8869467023	4568221.9720197860
410352.0532386158	4568221.4430409400
410351.2918072925	4568220.7947953539
410350.5303759692	4568220.1465497678
410349.7689446458	4568219.4983041817
410349.0075133225	4568218.8500585956
410348.2460819992	4568218.2018130096
410347.4846506759	4568217.5535674235
410346.7232193526	4568216.9053218374
410345.9617880293	4568216.2570762513
410345.2003567060	4568215.6088306652
410344.4389253826	4568214.9605850792
410343.6774940593	4568214.3123394931
410343.0599593672	4568213.5284896977
410342.4579955822	4568212.7299663089
410341.8560317972	4568211.9314429210
410341.2540680123	4568211.1329195322
410340.6521042272	4568210.3343961444
410340.0501404423	4568209.5358727565
410339.4481766573	4568208.7373493677
410338.8462128723	4568207.9388259798
410338.2442490874	4568207.1403025910
410337.6392118222	4568206.3441662677
410337.0145167746	4568205.5632974589
410336.3898217270	4568204.7824286493
410335.7651266794	4568204.0015598396
410335.1404316318	4568203.2206910299
410334.5157365842	4568202.4398222212
410333.8910415366	4568201.6589534115
410333.2663464890	4568200.8780846018
410332.6416514414	4568200.0972157931
410332.0169563938	4568199.3163469834
410331.3071249195	4568198.6128425272
410330.5894397855	4568197.9164747735
410329.8717546516	4568197.2201070199
410329.1540695176	4568196.5237392662
410328.4363843837	4568195.8273715125
410327.7186992497	4568195.1310037589
410327.0010141157	4568194.4346360052
410326.2833289817	4568193.7382682515
410325.5656438478	4568193.0419004979
410324.8479587138	4568192.3455327433
410324.1302735798	4568191.6491649896
410323.4125884459	4568190.9527972359
410322.6949033119	4568190.2564294823
410321.9772181780	4568189.5600617286
410321.2595330440	4568188.8636939749
410320.5418479100	4568188.1673262212
410319.8246441191	4568187.4704737701
410319.1233093516	4568186.7576417113
410318.4219745841	4568186.0448096525
410317.7206398167	4568185.3319775937
410317.0193050492	4568184.6191455349
410316.3179702817	4568183.9063134762
410315.6166355143	4568183.1934814174
410314.9153007468	4568182.4806493586
410314.2139659794	4568181.7678172998
410313.5126312119	4568181.0549852420
410312.8112964444	4568180.3421531832
410312.2077837098	4568179.5515462616
410311.6713710857	4568178.7075904002
410311.1349584617	4568177.8636345379
410310.5985458375	4568177.0196786765
410310.0621332135	4568176.1757228142
410309.5257205894	4568175.3317669528
410308.9893079654	4568174.4878110904
410308.4528953413	4568173.6438552290
410307.9164827172	4568172.7998993676
410307.3800700932	4568171.9559435053
410306.8436574691	4568171.1119876439
410306.3072448451	4568170.2680317815
410305.7708322210	4568169.4240759201
410305.2344195969	4568168.5801200578
410304.6980069728	4568167.7361641964
410304.1615943488	4568166.8922083341
410303.6251817247	4568166.0482524727
410303.2194424738	4568165.1369243823
410302.8430654269	4568164.2104578046
410302.4666883800	4568163.2839912279
410302.0903113330	4568162.3575246502
410301.7139342861	4568161.4310580734
410301.3375572392	4568160.5045914967
410300.9611801922	4568159.5781249190
410300.5848031453	4568158.6516583422
410300.2068554925	4568157.7258327669
410299.8275022113	4568156.8005808610
410299.4481489302	4568155.8753289562
410299.0687956491	4568154.9500770513
410298.6894423680	4568154.0248251455
410298.3100890868	4568153.0995732406
410297.9307358057	4568152.1743213348
410297.5513825246	4568151.2490694299
410297.1720292434	4568150.3238175251
410296.7926759623	4568149.3985656193
410296.4133226811	4568148.4733137144
410296.0339694000	4568147.5480618095
410295.6546161188	4568146.6228099037
410295.1247085838	4568145.7893119743
410294.4762421281	4568145.0280687436
410293.8277756726	4568144.2668255139
410293.1793092169	4568143.5055822833
410292.8706265889	4568142.7075659428
410293.3412148242	4568141.8252130011
410293.8118030595	4568140.9428600604
410294.2823912948	4568140.0605071196
410294.7529795301	4568139.1781541780
410295.2235677654	4568138.2958012372
410295.6941560007	4568137.4134482956
410296.1647442360	4568136.5310953548
410296.6353324713	4568135.6487424131
410297.1059207066	4568134.7663894724
410297.5765089419	4568133.8840365307
410298.0470971772	4568133.0016835900
410298.5176854125	4568132.1193306483
410298.9882736478	4568131.2369777076
410299.4519186151	4568130.3521562917
410299.6439302215	4568129.3707636371
410299.8359418278	4568128.3893709825
410300.0279534342	4568127.4079783270
410300.2199650406	4568126.4265856724
410300.4119766470	4568125.4451930178
410300.6039882534	4568124.4638003623
410300.7959998598	4568123.4824077077
410300.9880114662	4568122.5010150531
410301.1800230726	4568121.5196223985
410301.3720346790	4568120.5382297430
410301.5640462854	4568119.5568370884
410301.7560578917	4568118.5754444338
410301.9480694981	4568117.5940517783
410302.1400811046	4568116.6126591237
410302.3320927109	4568115.6312664691
410302.5241043173	4568114.6498738145
410302.7161159237	4568113.6684811590
410302.9081275301	4568112.6870885044
410303.1001391365	4568111.7056958498
410303.2921507429	4568110.7243031943
410303.4841623493	4568109.7429105397
410303.6761739557	4568108.7615178851
410303.8681855620	4568107.7801252306
410304.0601971685	4568106.7987325750
410304.2522087749	4568105.8173399204
410304.4442203812	4568104.8359472658
410304.6362319876	4568103.8545546103
410304.8282435940	4568102.8731619557
410305.5763773143	4568102.2452521455
410306.3834570109	4568101.6548096305
410307.1905367074	4568101.0643671164
410307.9976164040	4568100.4739246015
410308.8046961006	4568099.8834820865
410309.6117757972	4568099.2930395715
410310.4188554937	4568098.7025970565
410311.2259351903	4568098.1121545415
410312.0330148869	4568097.5217120266
410312.8400945835	4568096.9312695116
410313.6471742800	4568096.3408269966
410314.4542539766	4568095.7503844826
410315.2613336732	4568095.1599419676
410316.0684133698	4568094.5694994526
410316.8754930664	4568093.9790569376
410317.6825727629	4568093.3886144226
410318.4896524595	4568092.7981719077
410319.2967321561	4568092.2077293927
410320.1038118527	4568091.6172868777
410320.9108915492	4568091.0268443627
410321.7179712458	4568090.4364018487
410322.5250509424	4568089.8459593337
410323.3321306390	4568089.2555168187
410324.1392103355	4568088.6650743037
410324.9462900321	4568088.0746317888
410325.7533697287	4568087.4841892738
410326.5604494253	4568086.8937467588
410327.3675291218	4568086.3033042438
410328.1746088185	4568085.7128617289
410328.9816885150	4568085.1224192139
410329.7887682116	4568084.5319766998
410330.5958479081	4568083.9415341849
410331.4029276048	4568083.3510916699
410332.2100073013	4568082.7606491549
410333.0170869979	4568082.1702066399
410333.8241666944	4568081.5797641249
410334.6312463911	4568080.9893216100
410335.4383260876	4568080.3988790950
410336.2454057842	4568079.8084365800
410337.0524854808	4568079.2179940660
410337.8595651774	4568078.6275515510
410338.6666448739	4568078.0371090360
410339.4737245705	4568077.4466665210
410340.2808042671	4568076.8562240060
410341.0878839637	4568076.2657814911
410341.8949636602	4568075.6753389761
410342.7020433568	4568075.0848964611
410343.5091230534	4568074.4944539461
410344.3162027500	4568073.9040114321
410345.1232824466	4568073.3135689171
410345.9303621431	4568072.7231264021
410346.7374418397	4568072.1326838871
410347.5445215363	4568071.5422413722
410348.3516012329	4568070.9517988572
410349.1586809294	4568070.3613563422
410349.9657606260	4568069.7709138272
410350.6281137474	4568069.0573487747
410351.0815709911	4568068.1660707435
410351.5350282348	4568067.2747927131
410351.9884854786	4568066.3835146828
410352.4419427223	4568065.4922366515
410352.8953999661	4568064.6009586211
410353.3488572098	4568063.7096805898
410353.8023144536	4568062.8184025595
410354.2557716973	4568061.9271245282
410354.7092289410	4568061.0358464979
410355.1626861848	4568060.1445684675
410355.6161434285	4568059.2532904362
410356.0696006723	4568058.3620124059
410356.5230579160	4568057.4707343746
410356.9765151597	4568056.5794563442
410357.3762070728	4568055.6870304644
410356.9612018929	4568054.7772114156
410356.5461967130	4568053.8673923677
410356.1311915330	4568052.9575733189
410355.7161863531	4568052.0477542710
410355.3011811732	4568051.1379352231
410354.8861759933	4568050.2281161742
410354.4711708133	4568049.3182971263
410354.0561656334	4568048.4084780775
410353.6411604535	4568047.4986590296
410353.2261552736	4568046.5888399808
410352.8111500936	4568045.6790209329
410352.3961449137	4568044.7692018850
410351.9811397338	4568043.8593828361
410351.5661345539	4568042.9495637883
410351.1361895322	4568042.0571406847
410350.1741255996	4568041.7843165835
410349.2120616671	4568041.5114924833
410348.2499977346	4568041.2386683831
410347.2879338020	4568040.9658442829
410346.3258698695	4568040.6930201827
410345.3638059369	4568040.4201960824
410344.4017420044	4568040.1473719822
410343.4396780718	4568039.8745478820
410342.4776141393	4568039.6017237818
410341.5155502067	4568039.3288996816
410340.5534862742	4568039.0560755813
410339.5914223417	4568038.7832514811
410338.6293584091	4568038.5104273809
410337.6672944766	4568038.2376032807
410336.7052305440	4568037.9647791805
410335.7431666114	4568037.6919550793
410334.8914601240	4568037.7540621217
410334.2800126229	4568038.5453471225
410333.6685651219	4568039.3366321241
410333.0571176207	4568040.1279171258
410332.4456701197	4568040.9192021266
410331.8342226186	4568041.7104871282
410331.2227751175	4568042.5017721299
410330.6113276165	4568043.2930571316
410329.9998801154	4568044.0843421323
410329.3884326143	4568044.8756271340
410328.7769851132	4568045.6669121357
410328.1655376122	4568046.4581971364
410327.5540901111	4568047.2494821381
410326.9426426100	4568048.0407671398
410326.3311951090	4568048.8320521405
410325.7197476079	4568049.6233371422
410325.1083001068	4568050.4146221438
410324.4968526057	4568051.2059071455
410323.8854051046	4568051.9971921463
410323.2739576036	4568052.7884771479
410322.6625101025	4568053.5797621496
410322.0510626014	4568054.3710471503
410321.4396151004	4568055.1623321520
410320.8281675992	4568055.9536171537
410320.2167200982	4568056.7449021544
410319.6052725971	4568057.5361871561
410318.9938250960	4568058.3274721578
410318.3051074081	4568059.0479708686
410317.5703039635	4568059.7262509717
410316.8355005189	4568060.4045310738
410316.1006970742	4568061.0828111768
410315.3658936296	4568061.7610912798
410314.6310901850	4568062.4393713819
410313.8962867403	4568063.1176514849
410313.1614832958	4568063.7959315879
410312.4266798511	4568064.4742116909
410311.6918764065	4568065.1524917930
410310.9570729619	4568065.8307718961
410310.2222695172	4568066.5090519991
410309.4874660726	4568067.1873321012
410308.7526626280	4568067.8656122042
410308.0178591834	4568068.5438923072
410307.2830557387	4568069.2221724093
410306.5482522941	4568069.9004525123
410305.8134488495	4568070.5787326153
410305.0786454049	4568071.2570127184
410304.3438419602	4568071.9352928204
410303.6090385156	4568072.6135729235
410302.8742350710	4568073.2918530265
410302.1394316264	4568073.9701331286
410301.4046281817	4568074.6484132316
410300.6698247371	4568075.3266933346
410299.9350212925	4568076.0049734367
410299.2002178479	4568076.6832535397
410298.4654144032	4568077.3615336427
410297.7306109586	4568078.0398137448
410296.9958075140	4568078.7180938479
