%x	y
427796.4299257123	4571664.1757434094
427796.4299257123	4571665.1757434094
427796.4299257123	4571666.1757434094
427796.4299257123	4571667.1757434094
427796.4299257123	4571668.1757434094
427796.4299257123	4571669.1757434094
427796.4299257123	4571670.1757434094
427796.4299257123	4571671.1757434094
427796.4299257123	4571672.1757434094
427796.4299257123	4571673.1757434094
427796.4299257123	4571674.1757434094
427796.4299257123	4571675.1757434094
427796.4299257123	4571676.1757434094
427796.4299257123	4571677.1757434094
427796.4299257123	4571678.1757434094
427796.4299257123	4571679.1757434094
427796.4299257123	4571680.1757434094
427796.4299257123	4571681.1757434094
427796.4299257123	4571682.1757434094
427796.4299257123	4571683.1757434094
427796.4299257123	4571684.1757434094
427796.4299257123	4571685.1757434094
427796.4299257123	4571686.1757434094
427796.4299257123	4571687.1757434094
427796.4299257123	4571688.1757434094
427796.4299257123	4571689.1757434094
427796.4299257123	4571690.1757434094
427796.4299257123	4571691.1757434094
427796.4299257123	4571692.1757434094
427796.4299257123	4571693.1757434094
427796.4299257123	4571694.1757434094
427796.4299257123	4571695.1757434094
427796.4299257123	4571696.1757434094
427796.4299257123	4571697.1757434094
427796.4299257123	4571698.1757434094
427796.4299257123	4571699.1757434094
427796.4299257123	4571700.1757434094
427796.4299257123	4571701.1757434094
427796.4299257123	4571702.1757434094
427796.4299257123	4571703.1757434094
427796.4299257123	4571704.1757434094
427796.4299257123	4571705.1757434094
427796.4299257123	4571706.1757434094
427796.4299257123	4571707.1757434094
427796.4299257123	4571708.1757434094
427796.4299257123	4571709.1757434094
427796.4299257123	4571710.1757434094
427796.4299257123	4571711.1757434094
427796.4299257123	4571712.1757434094
427796.4299257123	4571713.1757434094
427796.4299257123	4571714.1757434094
427796.4299257123	4571715.1757434094
427796.4299257123	4571716.1757434094
427796.4299257123	4571717.1757434094
427796.4299257123	4571718.1757434094
427796.4299257123	4571719.1757434094
427796.4299257123	4571720.1757434094
427796.4299257123	4571721.1757434094
427796.4299257123	4571722.1757434094
427796.4299257123	4571723.1757434094
427796.4299257123	4571724.1757434094
427796.4299257123	4571725.1757434094
427796.4299257123	4571726.1757434094
427796.4299257123	4571727.1757434094
427796.4299257123	4571728.1757434094
427796.4299257123	4571729.1757434094
427796.4299257123	4571730.1757434094
427796.4299257123	4571731.1757434094
427796.4299257123	4571732.1757434094
427796.4299257123	4571733.1757434094
427796.4299257123	4571734.1757434094
427796.4299257123	4571735.1757434094
427796.4299257123	4571736.1757434094
427796.4299257123	4571737.1757434094
427796.4299257123	4571738.1757434094
427796.4299257123	4571739.1757434094
427796.4299257123	4571740.1757434094
427796.4299257123	4571741.1757434094
427796.4299257123	4571742.1757434094
427796.4299257123	4571743.1757434094
427796.4299257123	4571744.1757434094
427796.4299257123	4571745.1757434094
427796.4299257123	4571746.1757434094
427796.4299257123	4571747.1757434094
427796.4299257123	4571748.1757434094
427796.4299257123	4571749.1757434094
427796.4299257123	4571750.1757434094
427796.4299257123	4571751.1757434094
427796.4299257123	4571752.1757434094
427796.4299257123	4571753.1757434094
427796.4299257123	4571754.1757434094
427796.4299257123	4571755.1757434094
427796.4299257123	4571756.1757434094
427796.4299257123	4571757.1757434094
427796.4299257123	4571758.1757434094
427796.4299257123	4571759.1757434094
427796.4299257123	4571760.1757434094
427796.4299257123	4571761.1757434094
427796.4299257123	4571762.1757434094
427796.4299257123	4571763.1757434094
427796.4299257123	4571764.1757434094
427796.4299257123	4571765.1757434094
427796.4299257123	4571766.1757434094
427796.4299257123	4571767.1757434094
427796.4299257123	4571768.1757434094
427796.4299257123	4571769.1757434094
427796.4299257123	4571770.1757434094
427796.4299257123	4571771.1757434094
427796.4299257123	4571772.1757434094
427796.4299257123	4571773.1757434094
427796.4299257123	4571774.1757434094
427796.4299257123	4571775.1757434094
427796.3562825205	4571776.1711585503
427796.2322477860	4571777.1634364268
427796.1082130514	4571778.1557143033
427795.9841783168	4571779.1479921807
427795.8601435822	4571780.1402700571
427795.7361088476	4571781.1325479336
427795.6120741130	4571782.1248258101
427795.4880393784	4571783.1171036875
427795.3640046438	4571784.1093815640
427795.2399699092	4571785.1016594404
427795.1159351747	4571786.0939373169
427794.9919004400	4571787.0862151943
427794.8678657055	4571788.0784930708
427794.7438309709	4571789.0707709473
427794.6197962363	4571790.0630488237
427794.4957615017	4571791.0553267011
427794.3717267671	4571792.0476045776
427794.2476920325	4571793.0398824541
427794.1236572979	4571794.0321603306
427793.9996225633	4571795.0244382080
427793.8755878287	4571796.0167160844
427793.7515530942	4571797.0089939609
427793.6275183595	4571798.0012718374
427793.5034836250	4571798.9935497148
427793.3794488904	4571799.9858275913
427793.2554141558	4571800.9781054677
427793.1313794212	4571801.9703833451
427793.0073446866	4571802.9626612216
427792.8833099520	4571803.9549390981
427792.7592752174	4571804.9472169746
427792.6352404828	4571805.9394948520
427792.5112057482	4571806.9317727285
427792.3871710137	4571807.9240506049
427792.2631362790	4571808.9163284814
427792.1391015445	4571809.9086063588
427792.0150668099	4571810.9008842353
427791.8910320752	4571811.8931621118
427791.7669973407	4571812.8854399882
427791.6429626061	4571813.8777178656
427791.5189278715	4571814.8699957421
427791.3948931369	4571815.8622736186
427791.2708584023	4571816.8545514951
427791.1468236677	4571817.8468293725
427791.0227889332	4571818.8391072489
427790.8987541985	4571819.8313851254
427790.7747194640	4571820.8236630019
427790.6506847294	4571821.8159408793
427790.5266499947	4571822.8082187558
427790.4026152602	4571823.8004966322
427790.2785805256	4571824.7927745087
427790.1545457910	4571825.7850523861
427790.0305110564	4571826.7773302626
427789.9064763218	4571827.7696081391
427789.7824415872	4571828.7618860155
427789.6584068527	4571829.7541638929
427789.5343721180	4571830.7464417694
427789.4103373834	4571831.7387196459
427789.2863026489	4571832.7309975224
427789.1622679142	4571833.7232753998
427789.0382331797	4571834.7155532762
427788.9141984451	4571835.7078311527
427788.7901637105	4571836.7001090301
427788.6661289759	4571837.6923869066
427788.5420942413	4571838.6846647831
427788.4180595067	4571839.6769426595
427788.2940247722	4571840.6692205369
427788.1699900375	4571841.6614984134
427788.0459553029	4571842.6537762899
427787.9219205684	4571843.6460541664
427787.7978858337	4571844.6383320438
427787.6738510992	4571845.6306099202
427787.5498163646	4571846.6228877967
427787.4257816300	4571847.6151656732
427787.3017468954	4571848.6074435506
427787.1777121608	4571849.5997214271
427787.0536774262	4571850.5919993035
427786.9296426916	4571851.5842771800
427786.8056079570	4571852.5765550574
427786.6815732224	4571853.5688329339
427786.5575384879	4571854.5611108104
427786.4335037532	4571855.5533886869
427786.3094690187	4571856.5456665643
427786.1854342841	4571857.5379444407
427786.0613995495	4571858.5302223172
427785.9373648149	4571859.5225001937
427785.8133300803	4571860.5147780711
427785.6892953457	4571861.5070559476
427785.5652606111	4571862.4993338240
427785.4412258765	4571863.4916117005
427785.3171911419	4571864.4838895779
427785.1931564074	4571865.4761674544
427785.0691216727	4571866.4684453309
427784.9450869382	4571867.4607232073
427784.8210522036	4571868.4530010847
427784.6970174690	4571869.4452789612
427784.5729827344	4571870.4375568377
427784.4489479998	4571871.4298347151
427784.3249132652	4571872.4221125916
427784.2008785306	4571873.4143904680
427784.0768437960	4571874.4066683445
427783.9528090614	4571875.3989462219
427783.8287743269	4571876.3912240984
427783.7047395922	4571877.3835019749
427783.5807048577	4571878.3757798513
427783.4566701231	4571879.3680577287
427783.3326353884	4571880.3603356052
427783.2086006539	4571881.3526134817
427783.0845659193	4571882.3448913582
427782.9281910023	4571883.3302558875
427782.6356866603	4571884.2865200816
427782.3431823185	4571885.2427842766
427782.0506779765	4571886.1990484707
427781.7581736347	4571887.1553126657
427781.4656692927	4571888.1115768598
427781.1731649509	4571889.0678410549
427780.8806606090	4571890.0241052499
427780.5881562671	4571890.9803694440
427780.2956519252	4571891.9366336390
427780.0031475833	4571892.8928978331
427779.7106432414	4571893.8491620282
427779.4181388995	4571894.8054262232
427779.1256345577	4571895.7616904173
427778.8331302157	4571896.7179546123
427778.5406258739	4571897.6742188064
427778.2481215319	4571898.6304830015
427777.9556171901	4571899.5867471965
427777.6631128481	4571900.5430113906
427777.3706085063	4571901.4992755856
427777.0781041644	4571902.4555397797
427776.7855998225	4571903.4118039748
427776.4930954806	4571904.3680681698
427776.2005911387	4571905.3243323639
427775.9080867968	4571906.2805965589
427775.6155824549	4571907.2368607530
427775.3230781131	4571908.1931249481
427775.0305737711	4571909.1493891431
427774.7380694293	4571910.1056533372
427774.4455650873	4571911.0619175322
427774.1530607455	4571912.0181817263
427773.8605564035	4571912.9744459214
427773.5680520617	4571913.9307101155
427773.2755477198	4571914.8869743105
427772.9830433779	4571915.8432385055
427772.6905390360	4571916.7995026996
427772.3980346941	4571917.7557668947
427772.1055303522	4571918.7120310888
427771.8130260103	4571919.6682952838
427771.5205216685	4571920.6245594788
427771.2280173265	4571921.5808236729
427770.9355129847	4571922.5370878680
427770.6430086427	4571923.4933520621
427770.3505043009	4571924.4496162571
427770.0579999589	4571925.4058804521
427769.7654956171	4571926.3621446462
427769.4729912752	4571927.3184088413
427769.1804869333	4571928.2746730354
427768.8879825914	4571929.2309372304
427768.5954782495	4571930.1872014254
427768.3029739076	4571931.1434656195
427768.0104695657	4571932.0997298146
427767.7179652238	4571933.0559940087
427767.4254608819	4571934.0122582037
427767.1329565400	4571934.9685223978
427766.8404521981	4571935.9247865928
427766.5479478563	4571936.8810507879
427766.2554435143	4571937.8373149820
427765.9629391725	4571938.7935791770
427765.6704348306	4571939.7498433711
427765.3779304887	4571940.7061075661
427765.0854261468	4571941.6623717612
427764.7929218049	4571942.6186359553
427764.5004174630	4571943.5749001503
427764.2079131211	4571944.5311643444
427763.9154087792	4571945.4874285394
427763.6229044373	4571946.4436927345
427763.3304000954	4571947.3999569286
427763.0378957535	4571948.3562211236
427762.7453914116	4571949.3124853177
427762.4528870697	4571950.2687495127
427762.1603827279	4571951.2250137078
427761.8678783860	4571952.1812779019
427761.5753740441	4571953.1375420969
427761.2828697022	4571954.0938062910
427760.9903653603	4571955.0500704860
427760.6978610184	4571956.0063346811
427760.4053566765	4571956.9625988752
427760.1128523346	4571957.9188630702
427759.8203479927	4571958.8751272643
427759.5278436508	4571959.8313914593
427759.2353393089	4571960.7876556534
427758.9428349670	4571961.7439198485
427758.6503306252	4571962.7001840435
427758.3578262832	4571963.6564482376
427758.0653219414	4571964.6127124326
427757.7728175994	4571965.5689766267
427757.4803132576	4571966.5252408218
427757.1878089157	4571967.4815050168
427756.8953045738	4571968.4377692109
427756.6028002319	4571969.3940334059
427756.3102958900	4571970.3502976000
427756.0177915481	4571971.3065617951
427755.7252872062	4571972.2628259901
427755.4327828643	4571973.2190901842
427755.1402785224	4571974.1753543792
427754.8477741806	4571975.1316185733
427754.5552698386	4571976.0878827684
427754.2627654968	4571977.0441469634
427753.9702611548	4571978.0004111575
427753.6777568130	4571978.9566753525
427753.3852524710	4571979.9129395466
427753.0927481292	4571980.8692037417
427752.8002437873	4571981.8254679358
427752.5077394454	4571982.7817321308
427752.2152351035	4571983.7379963258
427751.9227307616	4571984.6942605199
427751.6302264197	4571985.6505247150
427751.3377220778	4571986.6067889091
427751.0452177360	4571987.5630531041
427750.7527133940	4571988.5193172991
427750.4602090522	4571989.4755814932
427750.1677047102	4571990.4318456883
427749.8752003684	4571991.3881098824
427749.5826960264	4571992.3443740774
427749.2901916846	4571993.3006382724
427748.9976873427	4571994.2569024665
427748.7051830008	4571995.2131666616
427748.4126786589	4571996.1694308557
427748.1201743170	4571997.1256950507
427747.8276699751	4571998.0819592457
427747.5351656332	4571999.0382234398
427747.2426612914	4571999.9944876349
427746.9501569494	4572000.9507518290
427746.6576526076	4572001.9070160240
427746.3651482656	4572002.8632802190
427746.0726439238	4572003.8195444131
427745.7801395818	4572004.7758086082
427745.4876352400	4572005.7320728023
427745.1951308981	4572006.6883369973
427744.9026265562	4572007.6446011914
427744.6101222143	4572008.6008653864
427744.3176178724	4572009.5571295815
427744.0251135305	4572010.5133937756
427743.7326091886	4572011.4696579706
427743.4401048467	4572012.4259221647
427743.1476005048	4572013.3821863597
427742.8550961630	4572014.3384505548
427742.5625918210	4572015.2947147489
427742.2700874792	4572016.2509789439
427741.9775831372	4572017.2072431380
427741.6850787954	4572018.1635073330
427741.3925744535	4572019.1197715281
427741.1000701116	4572020.0760357222
427740.8075657697	4572021.0322999172
427740.5150614278	4572021.9885641113
427740.2225570859	4572022.9448283063
427739.9300527440	4572023.9010925014
427739.6375484021	4572024.8573566955
427739.3450440602	4572025.8136208905
427739.0525397183	4572026.7698850846
427738.7600353764	4572027.7261492796
427738.4675310345	4572028.6824134737
427738.1750266926	4572029.6386776688
427737.8825223508	4572030.5949418638
427737.5900180089	4572031.5512060579
427737.2975136670	4572032.5074702529
427737.0050093251	4572033.4637344470
427736.7125049832	4572034.4199986421
427736.4200006413	4572035.3762628371
427736.1274962994	4572036.3325270312
427735.8349919575	4572037.2887912262
427735.5424876156	4572038.2450554203
427735.2499832737	4572039.2013196154
427734.9574789318	4572040.1575838104
427734.6649745899	4572041.1138480045
427734.3724702480	4572042.0701121995
427734.0799659061	4572043.0263763936
427733.7874615643	4572043.9826405887
427733.4949572224	4572044.9389047837
427733.2024528805	4572045.8951689778
427732.8336799431	4572046.8203412769
427732.3742570242	4572047.7085589208
427731.9148341054	4572048.5967765637
427731.4554111865	4572049.4849942066
427730.9959882676	4572050.3732118504
427730.5365653488	4572051.2614294933
427730.0771424299	4572052.1496471362
427729.6177195110	4572053.0378647791
427729.1582965922	4572053.9260824230
427728.6988736733	4572054.8143000659
427728.2394507544	4572055.7025177088
427727.7800278355	4572056.5907353517
427727.3206049167	4572057.4789529955
427726.8611819978	4572058.3671706384
427726.4017590789	4572059.2553882813
427725.9423361601	4572060.1436059251
427725.4829132412	4572061.0318235680
427725.0234903223	4572061.9200412109
427724.5640674035	4572062.8082588539
427724.1046444846	4572063.6964764977
427723.6452215657	4572064.5846941406
427723.1857986468	4572065.4729117835
427722.7263757280	4572066.3611294264
427722.2669528091	4572067.2493470702
427721.8075298902	4572068.1375647131
427721.3481069714	4572069.0257823560
427720.8886840525	4572069.9139999999
427720.4292611336	4572070.8022176428
427719.9698382148	4572071.6904352857
427719.5104152959	4572072.5786529286
427719.0509923770	4572073.4668705724
427718.5915694582	4572074.3550882153
427718.1321465393	4572075.2433058582
427717.6727236204	4572076.1315235011
427717.2133007015	4572077.0197411450
427716.7538777827	4572077.9079587879
427716.2944548638	4572078.7961764308
427715.8350319449	4572079.6843940746
427715.3756090261	4572080.5726117175
427714.9161861072	4572081.4608293604
427714.4567631883	4572082.3490470033
427713.9973402695	4572083.2372646471
427713.5379173506	4572084.1254822901
427713.0784944317	4572085.0136999330
427712.6190715129	4572085.9019175759
427712.1596485940	4572086.7901352197
427711.7002256751	4572087.6783528626
427711.2408027562	4572088.5665705055
427710.7813798374	4572089.4547881493
427710.3219569185	4572090.3430057922
427709.8625339996	4572091.2312234351
427709.4031110808	4572092.1194410780
427708.9436881619	4572093.0076587219
427708.4842652430	4572093.8958763648
427708.0248423242	4572094.7840940077
427707.5654194053	4572095.6723116506
427707.1059964864	4572096.5605292944
427706.6465735676	4572097.4487469373
427706.1871506487	4572098.3369645802
427705.7277277298	4572099.2251822241
427705.2683048109	4572100.1133998670
427704.8088818921	4572101.0016175099
427704.3494589732	4572101.8898351528
427703.8900360543	4572102.7780527966
427703.4306131355	4572103.6662704395
427702.9711902166	4572104.5544880824
427702.5117672977	4572105.4427057253
427702.0523443789	4572106.3309233692
427701.5929214600	4572107.2191410121
427701.1334985411	4572108.1073586550
427700.6740756223	4572108.9955762988
427700.2146527034	4572109.8837939417
427699.7552297845	4572110.7720115846
427699.2958068656	4572111.6602292275
427698.8363839468	4572112.5484468713
427698.3769610279	4572113.4366645142
427697.9175381090	4572114.3248821571
427697.4581151902	4572115.2130998001
427696.9986922713	4572116.1013174439
427696.5392693524	4572116.9895350868
427696.0798464336	4572117.8777527297
427695.6204235147	4572118.7659703735
427695.1610005959	4572119.6541880164
427694.7015776770	4572120.5424056593
427694.2421547581	4572121.4306233022
427693.7827318392	4572122.3188409461
427693.3233089203	4572123.2070585890
427692.8638860015	4572124.0952762319
427692.4044630826	4572124.9834938757
427691.9450401637	4572125.8717115186
427691.4856172449	4572126.7599291615
427691.0261943260	4572127.6481468044
427690.5667714071	4572128.5363644483
427690.1073484883	4572129.4245820912
427689.6479255694	4572130.3127997341
427689.1885026506	4572131.2010173770
427688.7290797316	4572132.0892350208
427688.2696568128	4572132.9774526637
427687.8102338939	4572133.8656703066
427687.3508109750	4572134.7538879504
427686.8913880562	4572135.6421055933
427686.4319651373	4572136.5303232362
427685.9725422184	4572137.4185408792
427685.5131192996	4572138.3067585230
427685.0536963807	4572139.1949761659
427684.5942734619	4572140.0831938088
427684.1348505430	4572140.9714114517
427683.6754276241	4572141.8596290955
427683.2160047053	4572142.7478467384
427682.7565817863	4572143.6360643813
427682.2971588675	4572144.5242820252
427681.8377359486	4572145.4124996681
427681.3783130297	4572146.3007173110
427680.9188901109	4572147.1889349539
427680.4594671920	4572148.0771525977
427680.0000442732	4572148.9653702406
427679.5406213543	4572149.8535878835
427679.0811984354	4572150.7418055264
427678.6217755166	4572151.6300231703
427678.1623525977	4572152.5182408132
427677.7029296788	4572153.4064584561
427677.2435067600	4572154.2946760999
427676.7840838410	4572155.1828937428
427676.3246609222	4572156.0711113857
427675.8652380033	4572156.9593290286
427675.3964580365	4572157.8400123771
427674.6267000761	4572158.4783482468
427673.8569421158	4572159.1166841164
427673.0871841555	4572159.7550199861
427672.3174261952	4572160.3933558557
427671.5476682349	4572161.0316917254
427670.7779102746	4572161.6700275950
427670.0081523143	4572162.3083634647
427669.2383943540	4572162.9466993343
427668.4686363936	4572163.5850352040
427667.6988784333	4572164.2233710736
427666.9291204731	4572164.8617069442
427666.1593625127	4572165.5000428138
427665.3365352061	4572166.0192158166
427664.3471202918	4572166.1643300038
427663.3577053775	4572166.3094441919
427662.3682904633	4572166.4545583790
427661.3788755490	4572166.5996725662
427660.3894606347	4572166.7447867543
427659.4000457204	4572166.8899009414
427658.4106308061	4572167.0350151286
427657.4212158918	4572167.1801293157
427656.4318009775	4572167.3252435038
427655.4423860632	4572167.4703576909
427654.4529711490	4572167.6154718781
427653.4635562347	4572167.7605860662
427652.4741413204	4572167.9057002533
427651.4847264061	4572168.0508144405
427650.4953114919	4572168.1959286276
427649.5058965775	4572168.3410428157
427648.5164816632	4572168.4861570029
427647.5266738232	4572168.6272070501
427646.5277844657	4572168.6743244734
427645.5288951082	4572168.7214418957
427644.5300057507	4572168.7685593180
427643.5311163932	4572168.8156767404
427642.5322270357	4572168.8627941627
427641.5333376782	4572168.9099115860
427640.5344483208	4572168.9570290083
427639.5355589633	4572169.0041464306
427638.5366696058	4572169.0512638530
427637.5377802483	4572169.0983812753
427636.5388908908	4572169.1454986986
427635.5400015333	4572169.1926161209
427634.5411121758	4572169.2397335432
427633.5422228184	4572169.2868509656
427632.5433334609	4572169.3339683888
427631.5444441034	4572169.3810858112
427630.5455547459	4572169.4282032335
427629.5466653884	4572169.4753206559
427628.5477760309	4572169.5224380782
427627.5488866734	4572169.5695555015
427626.5499973160	4572169.6166729238
427625.5511079585	4572169.6637903461
427624.5522186010	4572169.7109077685
427623.5533292435	4572169.7580251908
427622.5544398860	4572169.8051426141
427621.5550929440	4572169.8394695539
427620.5553902534	4572169.8638525456
427619.5556875627	4572169.8882355383
427618.5559848721	4572169.9126185309
427617.5562821814	4572169.9370015236
427616.5565794908	4572169.9613845153
427615.5568768002	4572169.9857675079
427614.5571741095	4572170.0101505006
427613.5574714189	4572170.0345334932
427612.5577687282	4572170.0589164859
427611.5580660376	4572170.0832994776
427610.5583633469	4572170.1076824702
427609.5586606563	4572170.1320654629
427608.5589579657	4572170.1564484555
427607.5592552750	4572170.1808314472
427606.5595525844	4572170.2052144399
427605.5598498937	4572170.2295974325
427604.5601472031	4572170.2539804252
427603.5604445124	4572170.2783634178
427602.5607418218	4572170.3027464096
427601.5610391312	4572170.3271294022
427600.5613364405	4572170.3515123948
427599.5616337498	4572170.3758953875
427598.5619310592	4572170.4002783792
427597.5622283686	4572170.4246613719
427596.5625256779	4572170.4490443645
427595.5628229873	4572170.4734273572
427594.5631202967	4572170.4978103489
427593.5634176060	4572170.5221933415
427592.5637436138	4572170.5448209858
427591.5653722793	4572170.4877711954
427590.5670009449	4572170.4307214050
427589.5686296105	4572170.3736716146
427588.5702582761	4572170.3166218242
427587.5718869416	4572170.2595720338
427586.5735156072	4572170.2025222434
427585.5751442728	4572170.1454724530
427584.5767729383	4572170.0884226626
427583.5784016039	4572170.0313728722
427582.5800302695	4572169.9743230818
427581.5816589351	4572169.9172732914
427580.5832876006	4572169.8602235010
427579.5849162662	4572169.8031737106
427578.5865449318	4572169.7461239202
427577.5881735973	4572169.6890741298
427576.5898022629	4572169.6320243394
427575.5911944292	4572169.5805953909
427574.5915594593	4572169.5535782296
427573.5919244894	4572169.5265610684
427572.5922895196	4572169.4995439062
427571.5926545497	4572169.4725267449
427570.5930195799	4572169.4455095837
427569.5933846100	4572169.4184924215
427568.5937496401	4572169.3914752603
427567.5941146703	4572169.3644580990
427566.5948684992	4572169.3282602672
427565.5965285576	4572169.2706637327
427564.5981886159	4572169.2130671972
427563.5998486742	4572169.1554706618
427562.6015087326	4572169.0978741273
427561.6031687909	4572169.0402775919
427560.6048288492	4572168.9826810565
427559.6064889076	4572168.9250845220
427558.6081489658	4572168.8674879866
427557.6098090242	4572168.8098914512
427556.6114690825	4572168.7522949167
427555.6131291408	4572168.6946983812
427554.6147891992	4572168.6371018458
427553.6152833523	4572168.6096818969
427552.6154755306	4572168.5900778221
427551.6156677090	4572168.5704737473
427550.6158598874	4572168.5508696716
427549.6160520657	4572168.5312655969
427548.6162442440	4572168.5116615221
427547.6164364224	4572168.4920574473
427546.6166286007	4572168.4724533726
427545.6168207791	4572168.4528492978
427544.6170129574	4572168.4332452230
427543.6172051357	4572168.4136411482
427542.6173973141	4572168.3940370735
427541.6196511387	4572168.3365218248
427540.6236134334	4572168.2475898871
427539.6275757281	4572168.1586579494
427538.6315380228	4572168.0697260108
427537.6355003175	4572167.9807940731
427536.6394626122	4572167.8918621354
427535.6434249069	4572167.8029301967
427534.6473872016	4572167.7139982590
427533.6513494963	4572167.6250663213
427532.6553117910	4572167.5361343827
427531.6592740856	4572167.4472024450
427530.6632363803	4572167.3582705064
427529.6671986750	4572167.2693385687
427528.6710930926	4572167.1812513908
427527.6736343928	4572167.1100043412
427526.6761756929	4572167.0387572907
427525.6787169931	4572166.9675102411
427524.6812582933	4572166.8962631905
427523.6837995934	4572166.8250161409
427522.6863408936	4572166.7537690904
427521.6888821938	4572166.6825220408
427520.6914234940	4572166.6112749903
427519.6939647941	4572166.5400279406
427518.6965060943	4572166.4687808910
427517.6967288413	4572166.4533223165
427516.6967980382	4572166.4415584244
427515.6968672352	4572166.4297945322
427514.6969364321	4572166.4180306401
427513.6970056291	4572166.4062667489
427512.6970748261	4572166.3945028568
427511.6971440231	4572166.3827389646
427510.6972132200	4572166.3709750734
427509.6972824170	4572166.3592111813
427508.6973516140	4572166.3474472892
427507.6974208110	4572166.3356833979
427506.6974900079	4572166.3239195058
427505.6975592049	4572166.3121556137
427504.6976284018	4572166.3003917225
427503.6976975988	4572166.2886278303
427502.6977667958	4572166.2768639382
427501.6978359928	4572166.2651000470
427500.6979051897	4572166.2533361549
427499.6979743867	4572166.2415722627
427498.6980435837	4572166.2298083715
427497.6981043007	4572166.2188128019
427496.6981574371	4572166.2085040715
427495.6982105734	4572166.1981953410
427494.6982637098	4572166.1878866106
427493.6983168462	4572166.1775778802
427492.6983699826	4572166.1672691498
427491.6984231189	4572166.1569604194
427490.6984762553	4572166.1466516890
427489.6985293916	4572166.1363429585
427488.6985825280	4572166.1260342281
427487.6986356644	4572166.1157254977
427486.6986888008	4572166.1054167664
427485.6987419371	4572166.0951080360
427484.6987950735	4572166.0847993055
427483.6988482099	4572166.0744905751
427482.6989013463	4572166.0641818447
427481.6989544826	4572166.0538731143
427480.6990076190	4572166.0435643839
427479.6990607554	4572166.0332556535
427478.6991138918	4572166.0229469230
427477.6991670282	4572166.0126381926
427476.6992201645	4572166.0023294613
427475.6992733009	4572165.9920207309
427474.6993937746	4572165.9780000206
427473.6997309290	4572165.9520347519
427472.7000680834	4572165.9260694832
427471.7004052379	4572165.9001042144
427470.7007423923	4572165.8741389457
427469.7010795467	4572165.8481736770
427468.7014167012	4572165.8222084083
427467.7017538556	4572165.7962431395
427466.7020910100	4572165.7702778708
427465.7024281645	4572165.7443126021
427464.7027653189	4572165.7183473334
427463.7031024733	4572165.6923820646
427462.7034396277	4572165.6664167959
427461.7037767821	4572165.6404515272
427460.7041139365	4572165.6144862585
427459.7044510910	4572165.5885209898
427458.7047882454	4572165.5625557210
427457.7051253998	4572165.5365904523
427456.7054625543	4572165.5106251836
427455.7126150442	4572165.4017193355
427454.7221227710	4572165.2641509641
427453.7316304978	4572165.1265825927
427452.7411382246	4572164.9890142214
427451.7506459515	4572164.8514458509
427450.7601536783	4572164.7138774795
427449.7696614051	4572164.5763091082
427448.7791691320	4572164.4387407368
427447.7885526326	4572164.3023996754
427446.7905835497	4572164.2386995219
427445.7926144669	4572164.1749993674
427444.7946453840	4572164.1112992130
427443.7966763011	4572164.0475990586
427442.7987072183	4572163.9838989042
427441.8007381354	4572163.9201987507
427440.8027690525	4572163.8564985963
427439.8047999697	4572163.7927984418
427438.8068308868	4572163.7290982874
427437.8088618040	4572163.6653981330
427436.8108927211	4572163.6016979786
427435.8114837928	4572163.5831588879
427434.8114837928	4572163.5831588879
427433.8114837928	4572163.5831588879
427432.8114837928	4572163.5831588879
427431.8114837928	4572163.5831588879
427430.8114837928	4572163.5831588879
427429.8114837928	4572163.5831588879
427428.8114837928	4572163.5831588879
427427.8114837928	4572163.5831588879
427426.8114837928	4572163.5831588879
427425.8114837928	4572163.5831588879
427424.8114837928	4572163.5831588879
427423.8114837928	4572163.5831588879
427422.8114837928	4572163.5831588879
427421.8114837928	4572163.5831588879
427420.8114837928	4572163.5831588879
427419.8114837928	4572163.5831588879
427418.8114837928	4572163.5831588879
427417.8114837928	4572163.5831588879
427416.8114837928	4572163.5831588879
427415.8117687669	4572163.6042508213
427414.8121337970	4572163.6312679825
427413.8124988271	4572163.6582851438
427412.8128638573	4572163.6853023050
427411.8132288874	4572163.7123194663
427410.8135939176	4572163.7393366285
427409.8139589477	4572163.7663537897
427408.8143239778	4572163.7933709510
427407.8146890079	4572163.8203881122
427406.8147277913	4572163.8232586076
427405.8147277913	4572163.8232586076
427404.8147277913	4572163.8232586076
427403.8147277913	4572163.8232586076
427402.8147277913	4572163.8232586076
427401.8147277913	4572163.8232586076
427400.8147277913	4572163.8232586076
427399.8153809230	4572163.8066868642
427398.8184827743	4572163.7279843781
427397.8215846257	4572163.6492818929
427396.8246864770	4572163.5705794077
427395.8277883284	4572163.4918769216
427394.8308901798	4572163.4131744364
427393.8339920311	4572163.3344719512
427392.8370938825	4572163.2557694660
427391.8401957338	4572163.1770669799
427390.8432975851	4572163.0983644947
427389.8463994365	4572163.0196620096
427388.8495012878	4572162.9409595234
427387.8526031392	4572162.8622570382
427386.8557049905	4572162.7835545531
427385.8588068419	4572162.7048520679
427384.8619086932	4572162.6261495817
427383.8650105446	4572162.5474470966
427382.8681123959	4572162.4687446114
427381.8712142473	4572162.3900421252
427380.8741169629	4572162.3139085704
427379.8769990675	4572162.2380409045
427378.8798811721	4572162.1621732386
427377.8827632768	4572162.0863055727
427376.8856453814	4572162.0104379067
427375.8885274860	4572161.9345702408
427374.8914095906	4572161.8587025749
427373.8942916953	4572161.7828349089
427372.8971737999	4572161.7069672430
427371.9000559045	4572161.6310995771
427370.9029380091	4572161.5552319111
427369.9058201137	4572161.4793642452
427368.9087022184	4572161.4034965793
427367.9115843230	4572161.3276289133
427366.9144664277	4572161.2517612474
427365.9173485323	4572161.1758935815
427364.9202306369	4572161.1000259155
427363.9231127415	4572161.0241582496
427362.9259948462	4572160.9482905846
427361.9288769508	4572160.8724229187
427360.9317590554	4572160.7965552527
427359.9346411600	4572160.7206875868
427358.9423484017	4572160.5995442336
427357.9516368220	4572160.4635642134
427356.9609252425	4572160.3275841922
427355.9702136629	4572160.1916041709
427354.9795020833	4572160.0556241507
427353.9887905037	4572159.9196441295
427352.9980789241	4572159.7836641083
427352.0073673445	4572159.6476840880
427351.0166557650	4572159.5117040668
427350.0259441854	4572159.3757240465
427349.0352326058	4572159.2397440253
427348.0445210262	4572159.1037640041
427347.0559179294	4572158.9541911576
427346.0705674235	4572158.7836497240
427345.0852169176	4572158.6131082904
427344.0998664117	4572158.4425668567
427343.1145159059	4572158.2720254231
427342.1291654000	4572158.1014839895
427341.1438148942	4572157.9309425559
427340.1584643883	4572157.7604011223
427339.1731138825	4572157.5898596887
427338.1877633765	4572157.4193182550
427337.2024128707	4572157.2487768214
427336.2170623648	4572157.0782353878
427335.2317118590	4572156.9076939542
427334.2387443724	4572156.7949557146
427333.2428511660	4572156.7044199686
427332.2469579595	4572156.6138842227
427331.2510647531	4572156.5233484767
427330.2551715466	4572156.4328127299
427329.2592783401	4572156.3422769839
427328.2633851337	4572156.2517412379
427327.2674919272	4572156.1612054920
427326.2696815726	4572156.0966466889
427325.2712872739	4572156.0400002040
427324.2728929752	4572155.9833537191
427323.2744986764	4572155.9267072342
427322.2761043777	4572155.8700607494
427321.2777100790	4572155.8134142645
427320.2793157802	4572155.7567677796
427319.2809214815	4572155.7001212947
427318.2825271828	4572155.6434748098
427317.2841328841	4572155.5868283249
427316.2857385853	4572155.5301818401
427315.2873442866	4572155.4735353552
427314.2889499879	4572155.4168888703
427313.2905556891	4572155.3602423845
427312.2921613904	4572155.3035958996
427311.2937670917	4572155.2469494147
427310.2953727929	4572155.1903029298
427309.3004821725	4572155.0914214300
427308.3064013106	4572154.9827787131
427307.3123204487	4572154.8741359953
427306.3182395867	4572154.7654932784
427305.3241587249	4572154.6568505615
427304.3300778630	4572154.5482078437
427303.3359970011	4572154.4395651268
427302.3419161391	4572154.3309224099
427301.3478352772	4572154.2222796930
427300.3537544153	4572154.1136369752
427299.3596735534	4572154.0049942583
427298.3655926915	4572153.8963515414
427297.3715118296	4572153.7877088245
427296.3774309677	4572153.6790661067
427295.3833501058	4572153.5704233898
427294.3892692439	4572153.4617806729
427293.3951883820	4572153.3531379551
427292.4011075201	4572153.2444952382
427291.4070266582	4572153.1358525213
427290.4129457962	4572153.0272098044
427289.4188649343	4572152.9185670866
427288.4247840724	4572152.8099243697
427287.4328278367	4572152.6838366818
427286.4417296018	4572152.5507040825
427285.4506313670	4572152.4175714841
427284.4595331321	4572152.2844388848
427283.4684348973	4572152.1513062865
427282.4773366624	4572152.0181736872
427281.4862384275	4572151.8850410888
427280.4951401927	4572151.7519084895
427279.5040419579	4572151.6187758911
427278.5129437230	4572151.4856432918
427277.5218454881	4572151.3525106935
427276.5307472533	4572151.2193780942
427275.5396490185	4572151.0862454958
427274.5485507836	4572150.9531128965
427273.5574525487	4572150.8199802982
427272.5663543139	4572150.6868476989
427271.5799260801	4572150.5253844876
427270.5985334252	4572150.3333728807
427269.6171407703	4572150.1413612748
427268.6357481155	4572149.9493496688
427267.6543554606	4572149.7573380619
427266.6729628057	4572149.5653264560
427265.6915701509	4572149.3733148491
427264.7101774960	4572149.1813032432
427263.7287848412	4572148.9892916363
427262.7473921863	4572148.7972800303
427261.7659995314	4572148.6052684244
427260.7846068766	4572148.4132568175
427259.8032142217	4572148.2212452115
427258.8218215668	4572148.0292336047
427257.8404289119	4572147.8372219987
427256.8590362570	4572147.6452103918
427255.8776436022	4572147.4531987859
427254.9149542873	4572147.1894427538
427253.9647247463	4572146.8778920844
427253.0144952054	4572146.5663414150
427252.0642656645	4572146.2547907457
427251.1140361235	4572145.9432400763
427250.1638065825	4572145.6316894069
427249.2135770416	4572145.3201387376
427248.2633475007	4572145.0085880682
427247.2889441574	4572144.7860461017
427246.3116616478	4572144.5741053168
427245.3343791382	4572144.3621645318
427244.3570966286	4572144.1502237460
427243.3798141190	4572143.9382829610
427242.4025316094	4572143.7263421761
427241.4252490998	4572143.5144013911
427240.4479665902	4572143.3024606053
427239.4706840806	4572143.0905198203
427238.4934015710	4572142.8785790354
427237.5189004698	4572142.6543495590
427236.5456038562	4572142.4247984709
427235.5723072426	4572142.1952473829
427234.5990106290	4572141.9656962957
427233.6257140154	4572141.7361452077
427232.6524174018	4572141.5065941196
427231.6791207883	4572141.2770430315
427230.7058241747	4572141.0474919435
427229.7325275610	4572140.8179408554
427228.7592309475	4572140.5883897673
427227.7859343339	4572140.3588386802
427226.8126377203	4572140.1292875921
427225.8393411067	4572139.8997365041
427224.8580273497	4572139.7099188697
427223.8718703074	4572139.5441048536
427222.8857132651	4572139.3782908376
427221.8995562228	4572139.2124768216
427220.9133991805	4572139.0466628056
427219.9272421382	4572138.8808487887
427218.9410850959	4572138.7150347726
427217.9549280536	4572138.5492207566
427216.9687710113	4572138.3834067406
427215.9826139690	4572138.2175927246
427214.9964569267	4572138.0517787086
427214.0102998844	4572137.8859646926
427213.0241428421	4572137.7201506766
427212.0379857998	4572137.5543366605
427211.0536234362	4572137.3782286355
427210.0695355750	4572137.2005461054
427209.0854477139	4572137.0228635753
427208.1013598528	4572136.8451810451
427207.1172719916	4572136.6674985141
427206.1331841305	4572136.4898159839
427205.1490962694	4572136.3121334538
427204.1650084083	4572136.1344509237
427203.1822042836	4572135.9508767277
427202.2134015791	4572135.7030434776
427201.2445988746	4572135.4552102275
427200.2757961701	4572135.2073769774
427199.3069934657	4572134.9595437273
427198.3381907611	4572134.7117104772
427197.3517719893	4572134.5564496117
427196.3596556118	4572134.4311296484
427195.3675392341	4572134.3058096841
427194.3754228565	4572134.1804897208
427193.3833064789	4572134.0551697575
427192.3911901013	4572133.9298497932
427191.3990737237	4572133.8045298299
427190.4069573461	4572133.6792098666
427189.4148409685	4572133.5538899023
427188.4227245909	4572133.4285699390
427187.4306082133	4572133.3032499757
427186.4446959312	4572133.1455138735
427185.4764186074	4572132.8956358545
427184.5081412836	4572132.6457578354
427183.5398639598	4572132.3958798172
427182.5715866360	4572132.1460017981
427181.6033093123	4572131.8961237799
427180.6350319885	4572131.6462457608
427179.6667546647	4572131.3963677417
427178.6974080212	4572131.1506991731
427177.7272655210	4572130.9081635484
427176.7571230209	4572130.6656279229
427175.7869805208	4572130.4230922982
427174.8168380206	4572130.1805566726
427173.8466955205	4572129.9380210480
427172.8765530203	4572129.6954854224
427171.9064105202	4572129.4529497977
427170.9362680201	4572129.2104141722
427169.9661255200	4572128.9678785475
427168.9959830198	4572128.7253429219
427168.0258405197	4572128.4828072973
427167.0556980196	4572128.2402716717
427166.0855555195	4572127.9977360470
427165.1154130193	4572127.7552004224
427164.1452705192	4572127.5126647968
427163.1751280191	4572127.2701291721
427162.2049855190	4572127.0275935465
427161.2294825897	4572126.8128923913
427160.2386524217	4572126.6777791865
427159.2478222536	4572126.5426659817
427158.2569920856	4572126.4075527769
427157.2661619176	4572126.2724395720
427156.2753317495	4572126.1373263672
427155.2845015815	4572126.0022131624
427154.2936714135	4572125.8670999575
427153.3086406454	4572125.7023307402
427152.3399039410	4572125.4542396329
427151.3711672366	4572125.2061485257
427150.4024305321	4572124.9580574185
427149.4336938277	4572124.7099663112
427148.4649571232	4572124.4618752040
427147.4962204188	4572124.2137840968
427146.5274837144	4572123.9656929895
427145.5587470099	4572123.7176018823
427144.5900103055	4572123.4695107751
427143.6202684433	4572123.2257379396
427142.6415514935	4572123.0205230955
427141.6628345437	4572122.8153082514
427140.6841175939	4572122.6100934073
427139.7054006441	4572122.4048785632
427138.7266836944	4572122.1996637192
427137.7479667446	4572121.9944488751
427136.7692497948	4572121.7892340310
427135.7824418089	4572121.6364272712
427134.7874046187	4572121.5369235519
427133.7923674285	4572121.4374198327
427132.7973302382	4572121.3379161144
427131.8022930480	4572121.2384123951
427130.8072558578	4572121.1389086759
427129.8122186676	4572121.0394049576
427128.8171814774	4572120.9399012383
427127.8221442872	4572120.8403975191
427126.8271070970	4572120.7408937998
427125.8711869235	4572120.4585014870
427124.9225036255	4572120.1422737213
427123.9738203275	4572119.8260459546
427123.0251370296	4572119.5098181888
427122.0764537315	4572119.1935904222
427121.1277704336	4572118.8773626564
427120.1790871356	4572118.5611348897
427119.2304038377	4572118.2449071240
427118.2817205396	4572117.9286793573
427117.3354018565	4572117.6055933982
427116.3934152301	4572117.2699429914
427115.4514286037	4572116.9342925847
427114.5094419773	4572116.5986421769
427113.5674553510	4572116.2629917702
427112.6254687246	4572115.9273413634
427111.6834820982	4572115.5916909566
427110.7414954718	4572115.2560405489
427109.7995088455	4572114.9203901421
427108.8575222191	4572114.5847397354
427107.9155355927	4572114.2490893286
427106.9732299455	4572113.9143393571
427106.0300419069	4572113.5820799349
427105.0868538684	4572113.2498205118
427104.1436658298	4572112.9175610896
427103.2004777912	4572112.5853016665
427102.2572897527	4572112.2530422444
427101.3141017141	4572111.9207828213
427100.3709136755	4572111.5885233991
427099.4277256369	4572111.2562639769
427098.4845375984	4572110.9240045538
427097.5413495598	4572110.5917451316
427096.5979512056	4572110.2600923041
427095.6515183317	4572109.9371916763
427094.7050854580	4572109.6142910486
427093.7586525841	4572109.2913904209
427092.8122197103	4572108.9684897931
427091.8657868365	4572108.6455891654
427090.9193539627	4572108.3226885376
427089.9729210889	4572107.9997879099
427089.0264882151	4572107.6768872822
427088.0800553413	4572107.3539866544
427087.1336224675	4572107.0310860267
427086.1896036039	4572106.7013940709
427085.2516999548	4572106.3544982010
427084.3137963055	4572106.0076023303
427083.3758926564	4572105.6607064605
427082.4379890072	4572105.3138105897
427081.5000853580	4572104.9669147199
427080.5621817088	4572104.6200188491
427079.6242780596	4572104.2731229784
427078.6863744104	4572103.9262271086
427077.7484707613	4572103.5793312378
427076.8105671121	4572103.2324353680
427075.8726634629	4572102.8855394972
427074.9347598137	4572102.5386436274
427073.9968561645	4572102.1917477567
427073.0589525153	4572101.8448518869
427072.1210488662	4572101.4979560161
427071.1831452170	4572101.1510601463
427070.2452415678	4572100.8041642755
427069.3073379186	4572100.4572684057
427068.3679986115	4572100.1142963972
427067.4276833461	4572099.7739918251
427066.4873680808	4572099.4336872529
427065.5470528155	4572099.0933826808
427064.6067375501	4572098.7530781087
427063.6664222848	4572098.4127735365
427062.7261070195	4572098.0724689644
427061.7857917542	4572097.7321643922
427060.8454764888	4572097.3918598201
427059.9051612235	4572097.0515552489
427058.9648459582	4572096.7112506768
427058.0245306929	4572096.3709461046
427057.0842154275	4572096.0306415325
427056.1399444040	4572095.7025400428
427055.1788072486	4572095.4264687328
427054.2176700932	4572095.1503974218
427053.2565329378	4572094.8743261117
427052.2953957824	4572094.5982548008
427051.3342586269	4572094.3221834907
427050.3731214716	4572094.0461121798
427049.4119843162	4572093.7700408688
427048.4508471607	4572093.4939695587
427047.4897100054	4572093.2178982478
427046.5285728500	4572092.9418269377
427045.5674356945	4572092.6657556267
427044.6075041556	4572092.3855614131
427043.6490520772	4572092.1003078185
427042.6905999987	4572091.8150542239
427041.7321479203	4572091.5298006283
427040.7736958419	4572091.2445470337
427039.8152437634	4572090.9592934391
427038.8567916850	4572090.6740398444
427037.8983396066	4572090.3887862498
427036.9398875282	4572090.1035326542
427035.9814354497	4572089.8182790596
427035.0229833713	4572089.5330254650
427034.0607386048	4572089.2608664669
427033.0981981630	4572088.9897283139
427032.1356577212	4572088.7185901608
427031.1731172793	4572088.4474520087
427030.2105768376	4572088.1763138557
427029.2480363957	4572087.9051757026
427028.2854959539	4572087.6340375505
427027.3229555121	4572087.3628993975
427026.3596880368	4572087.0945543060
427025.3871091451	4572086.8619810930
427024.4145302534	4572086.6294078799
427023.4419513617	4572086.3968346668
427022.4693724701	4572086.1642614529
427021.4967935784	4572085.9316882398
427020.5242146867	4572085.6991150267
427019.5516357950	4572085.4665418137
427018.5790569033	4572085.2339686006
427017.6064780117	4572085.0013953876
427016.6338991200	4572084.7688221745
427015.6613202283	4572084.5362489615
427014.7217782383	4572084.2006483218
427013.7953116611	4572083.8242712747
427012.8688450839	4572083.4478942277
427011.9423785067	4572083.0715171807
427011.0159119295	4572082.6951401345
427010.0894453523	4572082.3187630875
427009.1629787752	4572081.9423860405
427008.2365121980	4572081.5660089934
427007.2983248325	4572081.2222525021
427006.3441783450	4572080.9229124272
427005.3900318574	4572080.6235723523
427004.4358853699	4572080.3242322775
427003.4817388824	4572080.0248922035
427002.5275923949	4572079.7255521286
427001.5734459074	4572079.4262120537
427000.6192994198	4572079.1268719789
426999.6651529323	4572078.8275319040
426998.7110064447	4572078.5281918291
426997.7568599572	4572078.2288517551
426996.8027134697	4572077.9295116803
426995.8485669822	4572077.6301716054
426994.9514355887	4572077.2039130693
426994.0939426630	4572076.6894173138
426993.2364497372	4572076.1749215582
426992.3789568114	4572075.6604258027
426991.4760043618	4572075.2583528841
426990.5019071616	4572075.0322231762
426989.5278099614	4572074.8060934693
426988.5537127612	4572074.5799637614
426987.5796155609	4572074.3538340544
426986.6055183607	4572074.1277043475
426985.6314211605	4572073.9015746396
426984.6681421430	4572073.6363089802
426983.7161997464	4572073.3300318616
426982.7642573497	4572073.0237547420
426981.8123149531	4572072.7174776234
426980.8603725565	4572072.4112005048
426979.9084301598	4572072.1049233861
426978.9564877632	4572071.7986462675
426978.0045453665	4572071.4923691489
426977.0526029699	4572071.1860920303
426976.1006605733	4572070.8798149107
426975.1487181766	4572070.5735377921
426974.1967757799	4572070.2672606735
426973.2448333833	4572069.9609835548
426972.2928909866	4572069.6547064362
426971.3409485900	4572069.3484293176
426970.4160725714	4572068.9682794511
426969.4915919792	4572068.5870503411
426968.5671113869	4572068.2058212310
426967.6426307947	4572067.8245921200
426966.7181502024	4572067.4433630100
426965.7936696102	4572067.0621338999
426964.8691890180	4572066.6809047889
426963.9447084258	4572066.2996756788
426963.0202278335	4572065.9184465688
426962.0957472413	4572065.5372174578
426961.1712666491	4572065.1559883477
426960.2467860568	4572064.7747592377
426959.3152157692	4572064.4120462965
426958.3725338634	4572064.0783535866
426957.4298519577	4572063.7446608767
426956.4871700519	4572063.4109681668
426955.5444881462	4572063.0772754569
426954.6018062405	4572062.7435827469
426953.6591243347	4572062.4098900370
426952.7164424290	4572062.0761973271
426951.7737605232	4572061.7425046181
426950.8310786175	4572061.4088119082
426949.8883967118	4572061.0751191983
426948.9457148060	4572060.7414264884
426948.0030329002	4572060.4077337785
426947.0603509945	4572060.0740410686
426946.1176690887	4572059.7403483586
426945.2287563297	4572059.2822909392
426944.3398948481	4572058.8241149178
426943.4510333667	4572058.3659388963
426942.5621718852	4572057.9077628748
426941.6733104037	4572057.4495868534
426940.7844489222	4572056.9914108319
426939.8955874407	4572056.5332348095
426939.0067259592	4572056.0750587881
426938.1178644777	4572055.6168827666
426937.2290029962	4572055.1587067451
426936.3401415147	4572054.7005307237
426935.4512800332	4572054.2423547022
426934.5624185517	4572053.7841786807
426933.6674200231	4572053.3381330678
426932.7717259534	4572052.8934622537
426931.8760318837	4572052.4487914387
426930.9803378139	4572052.0041206237
426930.0846437442	4572051.5594498096
426929.1889496745	4572051.1147789946
426928.2932556048	4572050.6701081796
426927.3975615350	4572050.2254373655
426926.5018674653	4572049.7807665505
426925.6061733956	4572049.3360957354
426924.7104793259	4572048.8914249213
426923.8147852561	4572048.4467541063
426922.9190911864	4572048.0020832913
426922.0233971167	4572047.5574124772
426921.1277030469	4572047.1127416622
426920.2320089772	4572046.6680708472
426919.3363149075	4572046.2234000331
426918.4406208378	4572045.7787292181
426917.5449267680	4572045.3340584030
426916.7550125815	4572044.7208418120
426915.9651010382	4572044.1076210085
426915.1751894949	4572043.4944002051
426914.3852779516	4572042.8811794017
426913.5953664083	4572042.2679585982
426912.8054548651	4572041.6547377948
426912.0155433218	4572041.0415169913
426911.2256317784	4572040.4282961879
426910.4357202351	4572039.8150753845
426909.6458086919	4572039.2018545810
426908.8558971486	4572038.5886337776
426908.0182868823	4572038.0514739156
426907.1222794610	4572037.6074348390
426906.2262720398	4572037.1633957634
426905.3302646185	4572036.7193566868
426904.4342571972	4572036.2753176112
426903.5382497760	4572035.8312785346
426902.6422423547	4572035.3872394590
426901.7462349335	4572034.9432003833
426900.8502275122	4572034.4991613068
426899.9542200910	4572034.0551222311
426899.0582126697	4572033.6110831546
426898.1622052485	4572033.1670440789
426897.2661978272	4572032.7230050024
426896.3701904060	4572032.2789659267
426895.4741829847	4572031.8349268502
426894.5854146538	4572031.3771569440
426893.7127976141	4572030.8887518849
426892.8401805744	4572030.4003468249
426891.9675635348	4572029.9119417658
426891.0949464951	4572029.4235367067
426890.2223294555	4572028.9351316467
426889.3497124158	4572028.4467265876
426888.4770953761	4572027.9583215285
426887.6044783364	4572027.4699164685
426886.7318612968	4572026.9815114094
426885.8592442571	4572026.4931063494
426884.9866272175	4572026.0047012903
426884.1140101778	4572025.5162962312
426883.2413931382	4572025.0278911712
426882.3687760984	4572024.5394861121
426881.4961590588	4572024.0510810530
426880.6235420191	4572023.5626759930
426879.7509249795	4572023.0742709339
426878.8783079398	4572022.5858658738
426877.9889595286	4572022.1288341647
426877.0972101208	4572021.6763046142
426876.2054607130	4572021.2237750646
426875.3137113053	4572020.7712455140
426874.4219618975	4572020.3187159644
426873.5302124897	4572019.8661864139
426872.6384630819	4572019.4136568643
426871.7467136741	4572018.9611273138
426870.8549642663	4572018.5085977642
426869.9563213621	4572018.0699634589
426869.0565072549	4572017.6336899530
426868.1566931477	4572017.1974164462
426867.2568790405	4572016.7611429393
426866.3570649333	4572016.3248694334
426865.4572508261	4572015.8885959266
426864.5574367189	4572015.4523224197
426863.6576226118	4572015.0160489138
426862.7578085045	4572014.5797754070
426861.8579943974	4572014.1435019001
426860.9581802901	4572013.7072283942
426860.0583661830	4572013.2709548874
426859.1585520758	4572012.8346813805
426858.2855391433	4572012.3487709649
426857.4271768952	4572011.8357268628
426856.5688146470	4572011.3226827607
426855.7104523988	4572010.8096386585
426854.8520901507	4572010.2965945564
426853.9937279026	4572009.7835504534
426853.1353656544	4572009.2705063513
426852.2770034062	4572008.7574622491
426851.4186411581	4572008.2444181470
426850.5602789099	4572007.7313740440
426849.7019166617	4572007.2183299419
426848.8435544136	4572006.7052858397
426847.9901545343	4572006.1841235776
426847.1421562303	4572005.6541246371
426846.2941579263	4572005.1241256977
426845.4461596222	4572004.5941267572
426844.5981613182	4572004.0641278177
426843.7501630142	4572003.5341288773
426842.9021647102	4572003.0041299369
426842.0541664061	4572002.4741309974
426841.2061681021	4572001.9441320570
426840.3581697981	4572001.4141331175
426839.5101714941	4572000.8841341771
426838.6621731901	4572000.3541352376
426837.8159777991	4571999.8216743479
426837.0547345688	4571999.1732078921
426836.2934913383	4571998.5247414364
426835.5322481079	4571997.8762749806
426834.7710048775	4571997.2278085249
426834.0097616471	4571996.5793420691
426833.2485184167	4571995.9308756134
426832.4872751863	4571995.2824091576
426831.7260319559	4571994.6339427019
426830.9260387446	4571994.0373718282
426830.0880406599	4571993.4916986562
426829.2500425752	4571992.9460254852
426828.4120444905	4571992.4003523132
426827.5740464058	4571991.8546791421
426826.7360483211	4571991.3090059711
426825.9185929799	4571990.7350348672
426825.1401799404	4571990.1072824160
426824.3617669010	4571989.4795299647
426823.5833538615	4571988.8517775135
426822.8049408220	4571988.2240250623
426822.0265277825	4571987.5962726111
426821.2481147431	4571986.9685201598
426820.4697017036	4571986.3407677086
426819.6912886641	4571985.7130152574
426818.9128756246	4571985.0852628062
426818.1297632806	4571984.4633951932
426817.3453476891	4571983.8431596085
426816.5609320976	4571983.2229240248
426815.7765165061	4571982.6026884411
426814.9921009146	4571981.9824528564
426814.2076853230	4571981.3622172726
426813.4207899756	4571980.7451832956
426812.6240987048	4571980.1407968141
426811.8274074340	4571979.5364103327
426811.0307161631	4571978.9320238512
426810.2340248924	4571978.3276373697
426809.3767838259	4571977.8150983835
426808.5073272685	4571977.3210889753
426807.6378707111	4571976.8270795681
426806.7684141538	4571976.3330701599
426805.8989575964	4571975.8390607527
426805.0295010390	4571975.3450513445
426804.2568603881	4571974.7171535008
426803.5153246087	4571974.0462401770
426802.7737888293	4571973.3753268532
426802.0135627344	4571972.7268510517
426801.2196845885	4571972.1187741738
426800.4258064425	4571971.5106972959
426799.6319282966	4571970.9026204180
426798.8380501507	4571970.2945435401
426798.0441720048	4571969.6864666622
426797.2502938589	4571969.0783897843
426796.4320372360	4571968.5090326844
426795.5405520509	4571968.0559828356
426794.6490668659	4571967.6029329877
426793.7575816808	4571967.1498831399
426792.8660964957	4571966.6968332920
426791.9746113107	4571966.2437834442
426791.0831261256	4571965.7907335954
426790.1916409405	4571965.3376837475
426789.3038921073	4571964.8787859716
426788.5181542290	4571964.2602263652
426787.7324163507	4571963.6416667588
426786.9466784724	4571963.0231071524
426786.1609405941	4571962.4045475461
426785.3752027158	4571961.7859879397
426784.5894648375	4571961.1674283333
426783.8037269592	4571960.5488687269
426783.1423476635	4571959.8024405614
426782.5021632639	4571959.0342192817
426781.8619788644	4571958.2659980021
426781.2217944648	4571957.4977767225
426780.5816100653	4571956.7295554429
426779.9287092585	4571955.9727632254
426779.2329140425	4571955.2545230025
426778.5371188263	4571954.5362827796
426777.8413236102	4571953.8180425577
426777.1455283941	4571953.0998023348
426776.4497331780	4571952.3815621128
426775.8382421406	4571951.5913695404
426775.2382421407	4571950.7913695406
426774.6382421408	4571949.9913695399
426774.0382421409	4571949.1913695401
426773.4152616775	4571948.4189050235
426772.5208344866	4571947.9716914278
426771.6264072957	4571947.5244778320
426770.7319801047	4571947.0772642363
426769.8375529138	4571946.6300506406
426768.9431257229	4571946.1828370458
426768.0311671944	4571945.7734228829
426767.1120221644	4571945.3795035845
426766.1928771344	4571944.9855842860
426765.2695140190	4571944.6122151799
426764.2695140190	4571944.6122151799
426763.2695140190	4571944.6122151799
426762.2695140190	4571944.6122151799
426761.2695140190	4571944.6122151799
426760.2695140190	4571944.6122151799
426759.2695140190	4571944.6122151799
426758.6432259574	4571945.1469856333
426758.2994640747	4571946.0860424843
426757.9557021921	4571947.0250993343
426757.6119403094	4571947.9641561843
426757.2681784267	4571948.9032130344
426756.9244165440	4571949.8422698854
426756.5806546613	4571950.7813267354
426756.2368927786	4571951.7203835854
426755.8931308959	4571952.6594404355
426755.5493690133	4571953.5984972864
426755.2056071306	4571954.5375541365
426754.8618452479	4571955.4766109865
426754.5180833652	4571956.4156678366
426754.1743214825	4571957.3547246866
426753.6938559225	4571957.9421231570
426752.8061013910	4571957.4818059923
426751.9183468595	4571957.0214888277
426751.0305923281	4571956.5611716630
426750.1428377967	4571956.1008544993
426749.2550832653	4571955.6405373346
426748.3673287338	4571955.1802201699
426747.4795742024	4571954.7199030053
426747.7840605168	4571953.8142813090
426748.1526862371	4571952.8847034052
426748.5213119574	4571951.9551255023
426748.8899376777	4571951.0255475994
426749.2585633980	4571950.0959696956
426749.6271891183	4571949.1663917927
426749.9958148386	4571948.2368138889
426750.1556746079	4571947.2766665500
426750.0690449916	4571946.2804259621
426749.9824153752	4571945.2841853732
426749.2858911579	4571945.1268438464
426748.3114999622	4571945.3517033532
426747.3371087665	4571945.5765628591
426746.3627175708	4571945.8014223659
426745.3883263751	4571946.0262818728
426744.3979247411	4571946.1603225982
426743.4053812858	4571946.2822138993
426742.4128378305	4571946.4041052004
426741.4202943751	4571946.5259965016
426740.4277509199	4571946.6478878027
426739.4352074645	4571946.7697791038
426738.4426640093	4571946.8916704059
426737.4701404282	4571947.1241384381
426736.4978649529	4571947.3579768436
426735.5255894775	4571947.5918152491
426734.5533140021	4571947.8256536545
426733.5810385268	4571948.0594920609
426732.6087630514	4571948.2933304664
426731.6364875760	4571948.5271688718
426730.6642121006	4571948.7610072773
426729.6919366252	4571948.9948456828
426728.7183712482	4571949.2230106723
426727.7405688342	4571949.4325397611
426726.7627664202	4571949.6420688499
426725.7849640061	4571949.8515979387
426726.2273166598	4571949.4245522199
426727.0343469854	4571948.8340422250
426727.8413773110	4571948.2435322311
426728.6484076366	4571947.6530222362
426729.4554379623	4571947.0625122422
426730.2624682879	4571946.4720022473
426731.0694986135	4571945.8814922534
426731.8765289391	4571945.2909822585
426732.6835592648	4571944.7004722646
426733.4905895904	4571944.1099622697
426734.2976199160	4571943.5194522757
426735.1046502416	4571942.9289422808
426735.9842767347	4571942.4694137499
426736.9127534256	4571942.0980230737
426737.8412301166	4571941.7266323976
426738.7697068075	4571941.3552417215
426739.6981834985	4571940.9838510454
426740.6266601894	4571940.6124603692
426741.5551368804	4571940.2410696931
426742.4836135714	4571939.8696790170
426743.4120902623	4571939.4982883409
426744.3405669533	4571939.1268976647
426745.2690436442	4571938.7555069886
426746.1854926713	4571938.3561065244
426747.0941695152	4571937.9386063525
426748.0028463590	4571937.5211061807
426748.9115232029	4571937.1036060089
426749.8202000468	4571936.6861058371
426750.3143136080	4571935.8905274197
426750.6465730307	4571934.9473393811
426750.9788324534	4571934.0041513424
426751.3110918760	4571933.0609633038
426751.6433512987	4571932.1177752651
426751.9756107214	4571931.1745872265
426752.3078701441	4571930.2313991887
426752.6401295667	4571929.2882111501
426752.9723889894	4571928.3450231114
426753.3046484121	4571927.4018350728
426753.6369078348	4571926.4586470341
426753.9691672575	4571925.5154589955
426754.3014266801	4571924.5722709568
426754.6336861028	4571923.6290829182
426754.9659455255	4571922.6858948804
426755.2982049482	4571921.7427068418
426755.6304643709	4571920.7995188031
426755.9627237935	4571919.8563307645
426756.2949832162	4571918.9131427258
426756.6272426389	4571917.9699546872
426756.9595020616	4571917.0267666485
426757.2917614843	4571916.0835786099
426757.4883150168	4571915.1237692880
426757.3935059242	4571914.1282738158
426757.2986968315	4571913.1327783428
426757.2038877389	4571912.1372828707
426757.1090786463	4571911.1417873977
426756.7865657272	4571910.3736494342
426755.7912157137	4571910.2773252400
426754.7958657001	4571910.1810010448
426753.8005156865	4571910.0846768506
426752.8051656729	4571909.9883526554
426751.8098156594	4571909.8920284612
426750.8144656458	4571909.7957042661
426749.8191156322	4571909.6993800718
426749.0335593552	4571910.2117686765
426748.3089147689	4571910.9008914689
426747.5842701826	4571911.5900142621
426746.8596255962	4571912.2791370545
426746.1349810098	4571912.9682598468
426745.4103364235	4571913.6573826401
426744.6856918371	4571914.3465054324
426743.9610472508	4571915.0356282257
426743.2364026645	4571915.7247510180
426742.5117580781	4571916.4138738113
426741.7871134918	4571917.1029966036
426741.0624689054	4571917.7921193969
426740.3378243191	4571918.4812421892
426739.6131797327	4571919.1703649815
426738.8885351464	4571919.8594877748
426738.1638905601	4571920.5486105671
426737.4392459737	4571921.2377333604
426736.8233987002	4571922.0237069987
426736.2228199863	4571922.8232726362
426735.6222412723	4571923.6228382736
426735.0216625583	4571924.4224039111
426734.4210838443	4571925.2219695477
426733.8205051304	4571926.0215351852
426733.2199264164	4571926.8211008226
426732.6193477024	4571927.6206664601
426732.0187689884	4571928.4202320976
426731.4181902745	4571929.2197977342
426730.8176115605	4571930.0193633717
426730.2170328465	4571930.8189290091
426729.6164541325	4571931.6184946466
426729.0158754186	4571932.4180602832
426728.4152967046	4571933.2176259207
426727.8147179906	4571934.0171915581
426727.2141392767	4571934.8167571956
426726.6135605627	4571935.6163228331
426726.0129818487	4571936.4158884697
426725.4124031347	4571937.2154541072
426724.8118244208	4571938.0150197446
426724.2112457068	4571938.8145853821
426723.6106669928	4571939.6141510196
426723.0100882788	4571940.4137166562
426722.4095095649	4571941.2132822936
426721.8089308509	4571942.0128479311
426721.2083521369	4571942.8124135686
426720.6077734229	4571943.6119792052
426720.0071947090	4571944.4115448426
426719.4066159950	4571945.2111104801
426718.8060372810	4571946.0106761176
426718.2054585670	4571946.8102417551
426717.6048798531	4571947.6098073917
426717.2233418568	4571948.5197755108
426716.9378652701	4571949.4781611944
426716.6523886834	4571950.4365468780
426716.3669120967	4571951.3949325616
426716.0814355100	4571952.3533182452
426715.7959589233	4571953.3117039287
426714.9432777014	4571953.6225417471
426713.9556421729	4571953.7793092905
426712.9680066445	4571953.9360768348
426711.9803711160	4571954.0928443791
426710.9927355876	4571954.2496119235
426710.0051000591	4571954.4063794678
426709.0174645307	4571954.5631470121
426708.0279746432	4571954.6964033768
426707.0279746432	4571954.6964033768
426706.0279746432	4571954.6964033768
426705.0279746432	4571954.6964033768
426704.0279746432	4571954.6964033768
426703.0279746432	4571954.6964033768
426702.0279746432	4571954.6964033768
426701.0330265466	4571954.6309003280
426700.0448526432	4571954.4775629984
426699.0566787399	4571954.3242256688
426698.0685048365	4571954.1708883392
426697.0803309331	4571954.0175510095
426696.0921570297	4571953.8642136799
426695.1039831264	4571953.7108763494
426694.1181587865	4571953.5440110518
426693.1361523395	4571953.3551636580
426692.1541458926	4571953.1663162652
426691.1721394456	4571952.9774688715
426690.1901329986	4571952.7886214778
426689.2081265516	4571952.5997740841
426688.2261201046	4571952.4109266903
426687.2441136576	4571952.2220792966
426686.2621072107	4571952.0332319029
426685.2801007637	4571951.8443845091
426684.2980943167	4571951.6555371154
426683.3160878697	4571951.4666897217
426682.3340814227	4571951.2778423280
426681.3650803936	4571951.0340302717
426680.4025721220	4571950.7627779404
426679.4400638505	4571950.4915256090
426678.4775555788	4571950.2202732787
426677.5150473073	4571949.9490209473
426676.5525390356	4571949.6777686160
426675.5900307641	4571949.4065162847
426674.6275224925	4571949.1352639543
426673.6650142209	4571948.8640116230
426672.7025059493	4571948.5927592916
426671.7399976777	4571948.3215069603
426670.7774894061	4571948.0502546299
426669.8149811345	4571947.7790022986
426668.8524728629	4571947.5077499673
426667.9072069674	4571947.1817309475
426666.9629033541	4571946.8526554462
426666.0185997407	4571946.5235799439
426665.0742961273	4571946.1945044426
426664.1299925140	4571945.8654289404
426663.1856889007	4571945.5363534391
426662.2413852873	4571945.2072779378
426661.2970816740	4571944.8782024356
426660.3720424455	4571944.5011452697
426659.4623544417	4571944.0858529201
426658.5526664378	4571943.6705605704
426657.6429784340	4571943.2552682208
426656.7332904301	4571942.8399758721
426655.8236024262	4571942.4246835224
426654.9139144223	4571942.0093911728
426654.0042264185	4571941.5940988231
426653.0945384146	4571941.1788064735
426652.1848504107	4571940.7635141239
426651.2751624068	4571940.3482217742
426650.3654744030	4571939.9329294246
426649.4551213036	4571939.5191014474
426648.5438324022	4571939.1073338697
426647.6325435008	4571938.6955662919
426646.7212545993	4571938.2837987142
426645.8099656978	4571937.8720311364
426644.8986767964	4571937.4602635587
426643.9873878949	4571937.0484959809
426643.0760989934	4571936.6367284032
426642.1648100920	4571936.2249608254
426641.2535211906	4571935.8131932477
426640.3422322891	4571935.4014256699
426639.4309433876	4571934.9896580921
426638.5196544862	4571934.5778905144
426637.6083655847	4571934.1661229366
426636.6970766832	4571933.7543553589
426635.7857877818	4571933.3425877811
426634.8744988804	4571932.9308202034
426633.9632099789	4571932.5190526256
426633.0729938185	4571932.0649515791
426632.1950982455	4571931.5860994486
426631.3172026726	4571931.1072473181
426630.4393070996	4571930.6283951877
426629.5614115267	4571930.1495430572
426628.6835159538	4571929.6706909267
426627.8056203808	4571929.1918387953
426626.9277248079	4571928.7129866648
426626.0498292350	4571928.2341345344
426625.1719336620	4571927.7552824039
426624.2940380891	4571927.2764302734
426623.4161425162	4571926.7975781430
426622.5382469432	4571926.3187260116
426621.6603513703	4571925.8398738811
426620.7824557973	4571925.3610217506
426619.9045602244	4571924.8821696201
426619.0266646514	4571924.4033174897
426618.1487690785	4571923.9244653583
426617.2746969742	4571923.4387154328
426616.4033890306	4571922.9479787750
426615.5320810870	4571922.4572421173
426614.6607731434	4571921.9665054595
426613.7894651998	4571921.4757688018
426612.9181572562	4571920.9850321431
426612.0468493126	4571920.4942954853
426611.1755413690	4571920.0035588276
426610.3042334254	4571919.5128221698
426609.4329254818	4571919.0220855121
426608.5616175382	4571918.5313488543
426607.6903095946	4571918.0406121956
426606.8113090209	4571917.5639768858
426605.9270382214	4571917.0970024187
426605.0427674218	4571916.6300279517
426604.1584966222	4571916.1630534846
426603.2742258226	4571915.6960790176
426602.3899550230	4571915.2291045496
426601.5056842235	4571914.7621300826
426600.6214134239	4571914.2951556155
426599.7371426244	4571913.8281811485
426598.8528718248	4571913.3612066815
426597.9686010252	4571912.8942322135
426597.0843302256	4571912.4272577465
426596.1989982290	4571911.9623037009
426595.3126493808	4571911.4992856458
426594.4263005326	4571911.0362675907
426593.5399516843	4571910.5732495356
426592.6536028361	4571910.1102314806
426591.7672539879	4571909.6472134255
426590.8809051397	4571909.1841953704
426589.9945562915	4571908.7211773153
426589.1082074432	4571908.2581592603
426588.2329422302	4571907.7752119899
426587.3720157020	4571907.2664826773
426586.5110891739	4571906.7577533657
426585.6501626458	4571906.2490240531
426584.7892361176	4571905.7402947405
426583.9283095895	4571905.2315654289
426583.0780868200	4571904.7060214924
426582.2527795586	4571904.1413375773
426581.4274722971	4571903.5766536621
426580.5517976671	4571903.1036275569
426579.6326526373	4571902.7097082576
426578.6578143193	4571902.5476552984
426577.6600291614	4571902.4811362876
426576.7769479666	4571902.0305789812
426575.9061236574	4571901.5389846126
426575.0352993482	4571901.0473902449
426574.1644750391	4571900.5557958772
426573.2936507299	4571900.0642015096
426572.4228264207	4571899.5726071410
426571.5520021116	4571899.0810127733
426570.6811778024	4571898.5894184057
426569.8393803931	4571898.0542344823
426569.0500281757	4571897.4402938690
426568.2606759583	4571896.8263532557
426567.4713237409	4571896.2124126423
426566.6492342755	4571895.6541593876
426565.7289033571	4571895.2630187469
426564.8085724387	4571894.8718781071
426563.8882415204	4571894.4807374664
426562.9679106020	4571894.0895968257
426562.0530371408	4571893.6897788281
426561.3018722423	4571893.0296642203
426560.5507073438	4571892.3695496125
426559.7995424453	4571891.7094350057
426559.0483775467	4571891.0493203979
426558.2972126482	4571890.3892057901
426557.4406624416	4571889.8841122454
426556.5505142290	4571889.4284411361
426555.6603660162	4571888.9727700278
426554.7702178036	4571888.5170989186
426553.8800695909	4571888.0614278102
426552.9899213782	4571887.6057567010
426552.0997731655	4571887.1500855926
426551.2096249528	4571886.6944144834
426550.3194767401	4571886.2387433741
426549.4293285274	4571885.7830722658
426548.5391803147	4571885.3274011565
426547.6966893149	4571884.7982313996
426546.9174758647	4571884.1714727543
426546.1382624145	4571883.5447141100
426545.3590489642	4571882.9179554647
426544.5798355140	4571882.2911968194
426543.8006220638	4571881.6644381750
426543.0214086136	4571881.0376795297
426542.2099974072	4571880.4586748984
426541.3367997052	4571879.9713087399
426540.4636020032	4571879.4839425804
426539.5904043013	4571878.9965764210
426538.7172065993	4571878.5092102615
426537.8440088973	4571878.0218441021
426536.9519102506	4571877.5726655591
426536.0348401942	4571877.1739394478
426535.1177701379	4571876.7752133375
426534.2007000816	4571876.3764872262
426533.2836300252	4571875.9777611149
426532.3665599688	4571875.5790350037
426531.4500733660	4571875.1789734587
426530.5344293358	4571874.7769833962
426529.6187853056	4571874.3749933345
426528.7031412754	4571873.9730032720
426527.7874972453	4571873.5710132103
426526.8732491071	4571873.1662085056
426525.9990918310	4571872.6805655751
426525.1249345549	4571872.1949226437
426524.2507772789	4571871.7092797123
426523.3766200028	4571871.2236367809
426522.5024627268	4571870.7379938494
426521.6283054506	4571870.2523509180
426520.7541481746	4571869.7667079875
426519.9432653057	4571869.1882136827
426519.1715413751	4571868.5522559993
426518.3998174446	4571867.9162983159
426517.6280935142	4571867.2803406324
426516.8563695837	4571866.6443829490
426516.0846456532	4571866.0084252656
426515.3129217227	4571865.3724675821
426514.5411977922	4571864.7365098987
426513.7694738616	4571864.1005522152
426512.9977499311	4571863.4645945318
426512.2260260007	4571862.8286368484
426511.4543020702	4571862.1926791649
426510.6825781397	4571861.5567214815
426509.9108542092	4571860.9207637981
426509.1391302787	4571860.2848061146
426508.3674063481	4571859.6488484312
426507.5956824176	4571859.0128907477
426506.8227512523	4571858.3784015002
426506.0495499768	4571857.7442408046
426505.2763487012	4571857.1100801099
426504.5031474257	4571856.4759194143
426503.7299461502	4571855.8417587187
426502.9567448747	4571855.2075980231
426502.1835435991	4571854.5734373285
426501.4103423236	4571853.9392766329
426500.6371410481	4571853.3051159373
426499.8639397726	4571852.6709552426
426499.0907384970	4571852.0367945470
426498.3175372215	4571851.4026338514
426497.5443359459	4571850.7684731558
426496.7711346704	4571850.1343124611
426495.9979333949	4571849.5001517655
426495.2247321194	4571848.8659910699
426494.4515308438	4571848.2318303743
426493.6783295683	4571847.5976696797
426492.9051282928	4571846.9635089841
426492.1319270173	4571846.3293482885
426491.3587257417	4571845.6951875938
426490.5855244662	4571845.0610268982
426489.8123231906	4571844.4268662026
426489.0391219151	4571843.7927055070
426488.2659206396	4571843.1585448124
426487.4927193641	4571842.5243841168
426486.7195180885	4571841.8902234212
426485.9463168130	4571841.2560627256
426485.1731155375	4571840.6219020309
426484.3999142620	4571839.9877413353
426483.6267129864	4571839.3535806397
426482.8535117109	4571838.7194199450
426482.0803104354	4571838.0852592494
426481.3071091598	4571837.4510985538
426480.5339078843	4571836.8169378582
426479.7564633931	4571836.1880370397
426478.9730892180	4571835.5664866380
426478.1897150430	4571834.9449362364
426477.4063408679	4571834.3233858347
426476.6229666929	4571833.7018354330
426475.8395925179	4571833.0802850313
426475.0562183428	4571832.4587346297
426474.2728441678	4571831.8371842280
426473.4894699927	4571831.2156338263
426472.7060958177	4571830.5940834247
426471.9227216427	4571829.9725330230
426471.1393474676	4571829.3509826213
426470.3559732926	4571828.7294322196
426469.5725991175	4571828.1078818170
426468.7892249425	4571827.4863314154
426468.0058507675	4571826.8647810137
426467.2224765924	4571826.2432306120
426466.4391024173	4571825.6216802103
426465.6557282423	4571825.0001298087
426464.8723540672	4571824.3785794070
426464.0889798922	4571823.7570290053
426463.3056057171	4571823.1354786037
426462.5222315421	4571822.5139282020
426461.7388573670	4571821.8923778003
426460.9554831920	4571821.2708273986
426460.1721090169	4571820.6492769970
426459.3887348419	4571820.0277265953
426458.6053606669	4571819.4061761936
426457.8219864918	4571818.7846257919
426457.0386123168	4571818.1630753903
426456.2552381417	4571817.5415249886
426455.4718639667	4571816.9199745869
426454.6884897917	4571816.2984241853
426453.8827357572	4571815.7065111119
426453.0705017298	4571815.1231794013
426452.2582677023	4571814.5398476906
426451.4460336748	4571813.9565159800
426450.6337996474	4571813.3731842693
426449.8215656199	4571812.7898525586
426449.0093315924	4571812.2065208480
426448.1970975650	4571811.6231891373
426447.3848635375	4571811.0398574267
426446.5726295100	4571810.4565257160
426445.7603954826	4571809.8731940053
426444.9481614551	4571809.2898622947
426444.1359274276	4571808.7065305840
426443.3236934002	4571808.1231988734
426442.5114593727	4571807.5398671627
426441.6992253453	4571806.9565354520
426440.8869913178	4571806.3732037414
426440.0747572903	4571805.7898720307
426439.2625232629	4571805.2065403201
426438.4502892354	4571804.6232086094
426437.6380552079	4571804.0398768997
426436.8258211805	4571803.4565451890
426436.0135871530	4571802.8732134784
426435.2013531255	4571802.2898817677
426434.3891190981	4571801.7065500570
426433.5768850706	4571801.1232183464
426432.7646510431	4571800.5398866357
426431.9524170157	4571799.9565549251
426431.1401829882	4571799.3732232144
426430.3279489608	4571798.7898915038
426429.5157149333	4571798.2065597931
426428.7034809058	4571797.6232280824
426427.8912468784	4571797.0398963718
426427.0790128509	4571796.4565646611
426426.2667788234	4571795.8732329505
426425.4545447960	4571795.2899012398
426424.6423107685	4571794.7065695291
426423.8300767410	4571794.1232378185
426423.0178427136	4571793.5399061078
426422.2056086861	4571792.9565743972
426421.3933746586	4571792.3732426865
426420.5811406312	4571791.7899109758
426419.7689066037	4571791.2065792652
426418.9566725763	4571790.6232475545
426418.1444385488	4571790.0399158439
426417.3322045213	4571789.4565841332
426416.5199704939	4571788.8732524225
426415.7077364664	4571788.2899207119
426414.8955024389	4571787.7065890012
426414.0832684115	4571787.1232572906
426413.2710343840	4571786.5399255799
426412.4588003565	4571785.9565938693
426411.6465663291	4571785.3732621586
426410.8343323016	4571784.7899304479
426410.0220982741	4571784.2065987382
426409.2098642467	4571783.6232670275
426408.3976302192	4571783.0399353169
426407.5853961918	4571782.4566036062
426406.7731621643	4571781.8732718956
426405.9609281368	4571781.2899401849
426405.1486941094	4571780.7066084743
426404.3364600819	4571780.1232767636
426403.5242260544	4571779.5399450529
426402.7119920270	4571778.9566133423
426401.8997579995	4571778.3732816316
426401.0875239720	4571777.7899499210
426400.2752899446	4571777.2066182103
426399.4630559171	4571776.6232864996
426398.6508218897	4571776.0399547890
426397.8385878622	4571775.4566230783
426397.0263538347	4571774.8732913677
426396.2141198073	4571774.2899596570
426395.4018857798	4571773.7066279463
426394.5896517523	4571773.1232962357
426393.7774177249	4571772.5399645250
426392.9651836974	4571771.9566328144
426392.1529496699	4571771.3733011037
426391.3407156425	4571770.7899693931
426390.5284816150	4571770.2066376824
426389.7162475875	4571769.6233059717
426388.9040135601	4571769.0399742611
426388.0934737119	4571768.4542983714
426387.2847376276	4571767.8661266733
426386.4760015433	4571767.2779549761
426385.6672654589	4571766.6897832789
426384.8585293746	4571766.1016115807
426384.0497932903	4571765.5134398835
426383.2410572060	4571764.9252681853
426382.4323211216	4571764.3370964881
426381.6235850373	4571763.7489247900
426380.8148489530	4571763.1607530927
426380.0061128686	4571762.5725813946
426379.1973767843	4571761.9844096974
426378.3886406999	4571761.3962380001
426377.5799046156	4571760.8080663020
426376.7711685313	4571760.2198946048
426375.9624324469	4571759.6317229066
426375.1536963626	4571759.0435512094
426374.3449602783	4571758.4553795112
426373.5362241940	4571757.8672078140
426372.7274881096	4571757.2790361168
426371.9187520253	4571756.6908644186
426371.1100159409	4571756.1026927214
426370.3012798566	4571755.5145210233
426369.4925437722	4571754.9263493260
426368.6838076879	4571754.3381776279
426367.8750716036	4571753.7500059307
426367.0663355193	4571753.1618342325
426366.2575994349	4571752.5736625353
426365.4488633506	4571751.9854908381
426364.6401272663	4571751.3973191399
426363.8313911819	4571750.8091474427
426363.0226550976	4571750.2209757445
426362.2139190132	4571749.6328040473
426361.4051829289	4571749.0446323492
426360.5964468446	4571748.4564606519
426359.7877107602	4571747.8682889538
426358.9833568475	4571747.2741743103
426358.1824246902	4571746.6754192021
426357.3814925328	4571746.0766640939
426356.5805603755	4571745.4779089866
426355.7796282181	4571744.8791538784
426354.9786960608	4571744.2803987702
426354.1777639034	4571743.6816436620
426353.3768317461	4571743.0828885539
426352.5758995887	4571742.4841334466
426351.7749674314	4571741.8853783384
426350.9740352740	4571741.2866232302
426350.1731031167	4571740.6878681220
426349.3721709593	4571740.0891130148
426348.5712388020	4571739.4903579066
426347.7703066446	4571738.8916027984
426346.9693744873	4571738.2928476902
426346.1684423299	4571737.6940925829
426345.3675101726	4571737.0953374747
426344.5665780152	4571736.4965823665
426343.7656458579	4571735.8978272583
426342.9647137005	4571735.2990721511
426342.1637815432	4571734.7003170429
426341.3628493859	4571734.1015619347
426340.5619172285	4571733.5028068265
426339.7609850712	4571732.9040517192
426338.9600529138	4571732.3052966110
426338.1591207565	4571731.7065415028
426337.3581885991	4571731.1077863947
426336.5572564418	4571730.5090312865
426335.7563242844	4571729.9102761792
426334.9553921271	4571729.3115210710
426334.1558535756	4571728.7109083664
426333.3569568513	4571728.1094401423
426332.5580601270	4571727.5079719191
426331.7591634027	4571726.9065036960
426330.9602666783	4571726.3050354719
426330.1613699540	4571725.7035672488
426329.3624732297	4571725.1020990256
426328.5635765054	4571724.5006308015
426327.7646797811	4571723.8991625784
426326.9657830567	4571723.2976943543
426326.1668863324	4571722.6962261312
426325.3679896081	4571722.0947579080
426324.5690928838	4571721.4932896839
426323.7701961594	4571720.8918214608
426322.9712994351	4571720.2903532377
426322.1724027108	4571719.6888850136
426321.3735059864	4571719.0874167904
426320.5746092621	4571718.4859485673
426319.7757125378	4571717.8844803432
426318.9768158135	4571717.2830121201
426318.1779190891	4571716.6815438960
426317.3790223648	4571716.0800756728
426316.5801256405	4571715.4786074497
426315.7812289162	4571714.8771392256
426314.9823321919	4571714.2756710025
426314.1834354675	4571713.6742027793
426313.3845387432	4571713.0727345552
426312.5856420188	4571712.4712663321
426311.7867452945	4571711.8697981089
426310.9878485702	4571711.2683298849
426310.1889518459	4571710.6668616617
426309.3900551216	4571710.0653934376
426308.5911583972	4571709.4639252145
426307.7922616729	4571708.8624569913
426306.9933649486	4571708.2609887673
426306.1944682243	4571707.6595205441
426305.3955714999	4571707.0580523210
426304.5966747756	4571706.4565840969
426303.7977780513	4571705.8551158737
426302.9988813270	4571705.2536476506
426302.1999846027	4571704.6521794265
426301.4010878783	4571704.0507112034
426300.6021911540	4571703.4492429802
426299.8032944296	4571702.8477747561
426299.0043977053	4571702.2463065330
426298.2055009810	4571701.6448383089
426297.4066042567	4571701.0433700858
426296.6077075324	4571700.4419018626
426295.8088108080	4571699.8404336385
426295.0099140837	4571699.2389654154
426294.2110173594	4571698.6374971922
426293.4121206351	4571698.0360289682
426292.6102126877	4571697.4386146218
426291.8036119851	4571696.8475179235
426290.9970112825	4571696.2564212251
426290.1904105799	4571695.6653245268
426289.3838098772	4571695.0742278285
426288.5772091746	4571694.4831311312
426287.7706084720	4571693.8920344329
426286.9640077694	4571693.3009377345
426286.1574070668	4571692.7098410362
426285.3508063641	4571692.1187443379
426284.5442056615	4571691.5276476396
426283.7376049589	4571690.9365509422
426282.9310042563	4571690.3454542439
426282.1244035537	4571689.7543575456
426281.3178028511	4571689.1632608473
426280.5112021484	4571688.5721641490
426279.7046014458	4571687.9810674516
426278.8980007432	4571687.3899707533
426278.0914000406	4571686.7988740550
426277.2847993379	4571686.2077773567
426276.4781986354	4571685.6166806584
426275.6715979327	4571685.0255839610
426274.8649972301	4571684.4344872627
426274.0583965275	4571683.8433905644
426273.2517958249	4571683.2522938661
426272.4451951222	4571682.6611971678
426271.6385944196	4571682.0701004704
426270.8319937170	4571681.4790037721
426270.0253930144	4571680.8879070738
426269.2187923118	4571680.2968103755
426268.4121916091	4571679.7057136772
426267.6055909065	4571679.1146169798
426266.7989902039	4571678.5235202815
426265.9923895013	4571677.9324235832
426265.1857887987	4571677.3413268849
426264.3791880961	4571676.7502301866
426263.5725873934	4571676.1591334892
426262.7659866908	4571675.5680367909
426261.9593859882	4571674.9769400926
426261.1741937361	4571674.3591312170
426260.4216170414	4571673.7006266089
426259.6690403467	4571673.0421220008
426258.9164636520	4571672.3836173927
426258.1638869572	4571671.7251127856
426257.4113102625	4571671.0666081775
426256.6587335678	4571670.4081035694
426255.9061568731	4571669.7495989613
426255.1535801784	4571669.0910943542
426254.4010034836	4571668.4325897461
426253.6484267889	4571667.7740851380
426252.8958500942	4571667.1155805299
426252.1432733995	4571666.4570759227
426251.3906967048	4571665.7985713147
426250.6381200100	4571665.1400667066
426249.8855433153	4571664.4815620985
426249.1329666206	4571663.8230574913
426248.3803899259	4571663.1645528832
426247.6278132312	4571662.5060482752
426246.8752365364	4571661.8475436671
426246.1226598417	4571661.1890390599
426245.3700831470	4571660.5305344518
426244.6175064523	4571659.8720298437
426243.8649297576	4571659.2135252357
426243.1123530628	4571658.5550206285
426242.3597763681	4571657.8965160204
426241.6071996734	4571657.2380114123
426240.8546229787	4571656.5795068042
426240.1020462840	4571655.9210021971
426239.3494695892	4571655.2624975890
426238.5968928945	4571654.6039929809
426237.8101510647	4571653.9874241799
426237.0131311281	4571653.3834711844
426236.2161111916	4571652.7795181889
426235.4190912550	4571652.1755651934
426234.6220713184	4571651.5716121988
426233.8250513817	4571650.9676592033
426233.0280314451	4571650.3637062078
426232.2310115086	4571649.7597532123
426231.4339915720	4571649.1558002168
426230.6369716354	4571648.5518472213
426229.8399516988	4571647.9478942258
426229.0429317621	4571647.3439412303
426228.2459118256	4571646.7399882348
426227.4488918890	4571646.1360352393
426226.6518719524	4571645.5320822448
426225.8548520158	4571644.9281292493
426225.0578320791	4571644.3241762538
426224.2608121426	4571643.7202232582
426223.4637922060	4571643.1162702627
426222.6667722694	4571642.5123172672
426221.8697523328	4571641.9083642717
426221.0727323962	4571641.3044112762
426220.2757124596	4571640.7004582807
426219.4786925230	4571640.0965052852
426218.6816725864	4571639.4925522907
426217.8846526498	4571638.8885992952
426217.0876327132	4571638.2846462997
426216.2906127766	4571637.6806933042
426215.4935928400	4571637.0767403087
426214.6965729034	4571636.4727873132
426213.8995529668	4571635.8688343177
426213.1025330302	4571635.2648813222
426212.3055130936	4571634.6609283267
426211.5084931570	4571634.0569753312
426210.7114732204	4571633.4530223366
426209.9144532838	4571632.8490693411
426209.1174333472	4571632.2451163456
426208.3204134106	4571631.6411633501
426207.5233934740	4571631.0372103546
426206.7263735374	4571630.4332573591
426205.9293536008	4571629.8293043636
426205.1323336642	4571629.2253513681
426204.3353137276	4571628.6213983726
426203.5382937910	4571628.0174453771
426202.7412738544	4571627.4134923816
426201.9442539178	4571626.8095393870
426201.1472339812	4571626.2055863915
426200.3502140446	4571625.6016333960
426199.5406277327	4571625.0157616371
426198.6967181264	4571624.4792762445
426197.8528085201	4571623.9427908519
426197.0088989138	4571623.4063054593
426196.1649893075	4571622.8698200667
426195.3210797013	4571622.3333346741
426194.4771700950	4571621.7968492815
426193.6332604887	4571621.2603638889
426192.7893508824	4571620.7238784973
426191.9454412761	4571620.1873931047
426191.1015316698	4571619.6509077121
426190.2576220635	4571619.1144223195
426189.4137124573	4571618.5779369269
426188.5698028510	4571618.0414515343
426187.7258932447	4571617.5049661417
426186.8819836384	4571616.9684807491
426186.0380740321	4571616.4319953565
426185.1941644258	4571615.8955099639
426184.3502548195	4571615.3590245713
426183.5063452132	4571614.8225391787
426182.6624356070	4571614.2860537861
426181.8185260007	4571613.7495683935
426180.9746163944	4571613.2130830009
426180.1307067881	4571612.6765976083
426179.2867971818	4571612.1401122157
426178.4428875756	4571611.6036268231
426177.5989779693	4571611.0671414305
426176.7550683629	4571610.5306560388
426175.9111587567	4571609.9941706462
426175.0672491504	4571609.4576852536
426174.2233395441	4571608.9211998610
426173.3794299378	4571608.3847144684
426172.5355203316	4571607.8482290758
426171.6916107253	4571607.3117436832
426170.8477011190	4571606.7752582906
426170.0037915127	4571606.2387728980
426169.1598819064	4571605.7022875054
426168.3159723001	4571605.1658021128
426167.4720626938	4571604.6293167202
426166.6281530875	4571604.0928313276
426165.7881949927	4571603.5502428738
426164.9533326073	4571602.9997841585
426164.1184702220	4571602.4493254423
426163.2836078367	4571601.8988667270
426162.4487454514	4571601.3484080117
426161.6138830661	4571600.7979492955
426160.7790206807	4571600.2474905802
426159.9441582954	4571599.6970318649
426159.1092959101	4571599.1465731487
426158.2744335248	4571598.5961144334
426157.4395711394	4571598.0456557181
426156.6047087541	4571597.4951970018
426155.7698463688	4571596.9447382865
426154.9349839835	4571596.3942795713
426154.1001215982	4571595.8438208550
426153.2652592128	4571595.2933621397
426152.4303968275	4571594.7429034244
426151.5955344422	4571594.1924447082
426150.7606720569	4571593.6419859929
426149.9258096715	4571593.0915272776
426149.0909472863	4571592.5410685614
426148.2560849010	4571591.9906098461
426147.4212225156	4571591.4401511308
426146.5863601303	4571590.8896924155
426145.7514977450	4571590.3392336993
426144.9166353597	4571589.7887749840
426144.0876863987	4571589.2297194982
426143.2750636405	4571588.6469294392
426142.4624408823	4571588.0641393801
426141.6498181240	4571587.4813493220
426140.8371953658	4571586.8985592630
426140.0245726076	4571586.3157692039
426139.2119498494	4571585.7329791449
426138.3993270912	4571585.1501890859
426137.5867043329	4571584.5673990268
426136.7740815747	4571583.9846089678
426135.9614588165	4571583.4018189088
426135.1488360583	4571582.8190288497
426134.3362133000	4571582.2362387907
426133.5235905418	4571581.6534487316
426132.7109677836	4571581.0706586726
426131.8983450254	4571580.4878686145
426131.0857222671	4571579.9050785555
426130.2730995089	4571579.3222884964
426129.4604767507	4571578.7394984374
426128.6478539925	4571578.1567083783
426127.8352312343	4571577.5739183193
426127.0226084760	4571576.9911282603
426126.2099857178	4571576.4083382012
426125.3973629596	4571575.8255481422
426124.5847402014	4571575.2427580832
426123.7721174431	4571574.6599680241
426122.9594946849	4571574.0771779660
426122.1468719267	4571573.4943879070
426121.3342491685	4571572.9115978479
426120.5212430646	4571572.3293685494
426119.6832129244	4571571.7837446099
426118.8451827842	4571571.2381206695
426118.0071526440	4571570.6924967291
426117.1691225037	4571570.1468727887
426116.3310923636	4571569.6012488492
426115.4930622234	4571569.0556249088
426114.6550320832	4571568.5100009684
426113.8170019430	4571567.9643770279
426112.9789718028	4571567.4187530885
426112.1409416626	4571566.8731291480
426111.3029115224	4571566.3275052076
426110.4648813822	4571565.7818812672
426109.6268512420	4571565.2362573268
426108.7888211018	4571564.6906333873
426107.9507909616	4571564.1450094469
426107.1127608214	4571563.5993855065
426106.2747306812	4571563.0537615661
426105.4367005410	4571562.5081376266
426104.5986704008	4571561.9625136862
426103.7606402606	4571561.4168897457
426102.9226101204	4571560.8712658053
426102.0845799802	4571560.3256418658
426101.2465498400	4571559.7800179254
426100.4085196998	4571559.2343939850
426099.5704895596	4571558.6887700446
426098.7324594194	4571558.1431461042
426097.8944292792	4571557.5975221647
426097.0563991390	4571557.0518982243
426096.2183689988	4571556.5062742839
426095.3803388586	4571555.9606503434
426094.5423087184	4571555.4150264040
426093.7042785783	4571554.8694024635
426092.8662484380	4571554.3237785231
426092.0282182978	4571553.7781545827
426091.1901881576	4571553.2325306432
426090.3521580174	4571552.6869067028
426089.5141278772	4571552.1412827624
426088.6760977371	4571551.5956588220
426087.8380675969	4571551.0500348816
426087.0000374567	4571550.5044109421
426086.1620073164	4571549.9587870017
426085.3239771762	4571549.4131630613
426084.4859470360	4571548.8675391208
426083.6479168958	4571548.3219151814
426082.8098867557	4571547.7762912409
426081.9718566155	4571547.2306673005
426081.1338264753	4571546.6850433601
426080.2957963351	4571546.1394194206
426079.4577661949	4571545.5937954802
426078.6197360546	4571545.0481715398
426077.7817059144	4571544.5025475994
426076.9436757743	4571543.9569236590
426076.1056456341	4571543.4112997195
426075.2676154939	4571542.8656757791
426074.4295853537	4571542.3200518386
426073.5915552135	4571541.7744278982
426072.7535250733	4571541.2288039587
426071.9154949331	4571540.6831800183
426071.0774647929	4571540.1375560779
426070.2394346527	4571539.5919321375
426069.4014045125	4571539.0463081980
426068.5633743723	4571538.5006842576
426067.7253442321	4571537.9550603172
426066.8873140919	4571537.4094363768
426066.0492839517	4571536.8638124363
426065.2112538115	4571536.3181884969
426064.3732236713	4571535.7725645564
426063.5351935311	4571535.2269406160
426062.6971633909	4571534.6813166756
426061.8591332507	4571534.1356927361
426061.0211031105	4571533.5900687957
426060.1830729703	4571533.0444448553
426059.3450428301	4571532.4988209149
426058.5070126899	4571531.9531969754
426057.6689825497	4571531.4075730350
426056.8309524095	4571530.8619490946
426055.9929222693	4571530.3163251542
426055.1548921291	4571529.7707012137
426054.3168619889	4571529.2250772743
426053.4788318487	4571528.6794533338
426052.6408017085	4571528.1338293934
426051.8027715683	4571527.5882054530
426050.9647414281	4571527.0425815135
426050.1267112879	4571526.4969575731
426049.2886811478	4571525.9513336327
426048.4506510076	4571525.4057096923
426047.6126208673	4571524.8600857528
426046.7745907271	4571524.3144618124
426045.9365605869	4571523.7688378720
426045.0985304467	4571523.2232139315
426044.2605003065	4571522.6775899911
426043.4224701664	4571522.1319660516
426042.5844400262	4571521.5863421112
426041.7464098860	4571521.0407181708
426040.9083797458	4571520.4950942304
426040.0703496055	4571519.9494702909
426039.2323194653	4571519.4038463505
426038.3942893251	4571518.8582224101
426037.5562591850	4571518.3125984697
426036.7182290448	4571517.7669745302
426035.8801989046	4571517.2213505898
426035.0421687644	4571516.6757266494
426034.2041386242	4571516.1301027089
426033.3661084840	4571515.5844787695
426032.5280783437	4571515.0388548290
426031.6900482036	4571514.4932308886
426030.8520180634	4571513.9476069482
426030.0139879232	4571513.4019830078
426029.1759577830	4571512.8563590683
426028.3379276428	4571512.3107351279
426027.4998975026	4571511.7651111875
426026.6618673624	4571511.2194872471
426025.8238372222	4571510.6738633076
426024.9858070820	4571510.1282393672
426024.1477769418	4571509.5826154267
426023.3097468016	4571509.0369914863
426022.4717166614	4571508.4913675468
426021.6336865212	4571507.9457436064
426020.7956563810	4571507.4001196660
426019.9576262408	4571506.8544957256
426019.1195961006	4571506.3088717852
426018.2815659604	4571505.7632478457
426017.4435358202	4571505.2176239053
426016.6055056800	4571504.6719999649
426015.7674755398	4571504.1263760244
426014.9294453996	4571503.5807520850
426014.0914152594	4571503.0351281445
426013.2533851192	4571502.4895042041
426012.4153549790	4571501.9438802637
426011.5773248388	4571501.3982563242
426010.7392946986	4571500.8526323838
426009.9012645584	4571500.3070084434
426009.0632344182	4571499.7613845030
426008.2252042780	4571499.2157605626
426007.3871741378	4571498.6701366231
426006.5491439976	4571498.1245126827
426005.7111138574	4571497.5788887423
426004.8730837172	4571497.0332648018
426004.0350535771	4571496.4876408624
426003.1970234369	4571495.9420169219
426002.3589932967	4571495.3963929815
426001.5209631564	4571494.8507690411
426000.6829330162	4571494.3051451016
425999.8449028760	4571493.7595211612
425999.0068727358	4571493.2138972208
425998.1688425957	4571492.6682732804
425997.3308124555	4571492.1226493400
425996.4927823153	4571491.5770254005
425995.6547521751	4571491.0314014601
425994.8167220349	4571490.4857775196
425993.9786918946	4571489.9401535792
425993.1406617544	4571489.3945296397
425992.3026316143	4571488.8489056993
425991.4646014741	4571488.3032817589
425990.6265713339	4571487.7576578185
425989.7885411937	4571487.2120338790
425988.9505110535	4571486.6664099386
425988.1124809133	4571486.1207859982
425987.2744507730	4571485.5751620578
425986.4364857786	4571485.0294380775
425985.5985463229	4571484.4836748801
425984.7606068671	4571483.9379116818
425983.9226674114	4571483.3921484835
425983.0847279556	4571482.8463852853
425982.2467884998	4571482.3006220870
425981.4088490440	4571481.7548588887
425980.5709095883	4571481.2090956904
425979.7329701325	4571480.6633324921
425978.8950306768	4571480.1175692948
425978.0570912210	4571479.5718060965
425977.2191517652	4571479.0260428982
425976.3812123095	4571478.4802796999
425975.5432728537	4571477.9345165016
425974.7053333979	4571477.3887533033
425973.8673939422	4571476.8429901050
425973.0294544864	4571476.2972269068
425972.1915150307	4571475.7514637094
425971.3535755749	4571475.2057005111
425970.5156361191	4571474.6599373128
425969.6776966634	4571474.1141741145
425968.8397572076	4571473.5684109163
425968.0018177518	4571473.0226477180
425967.1638782961	4571472.4768845197
425966.3259388403	4571471.9311213214
425965.4879993845	4571471.3853581240
425964.6500599288	4571470.8395949258
425963.8121204730	4571470.2938317275
425962.9741810172	4571469.7480685292
425962.1362415615	4571469.2023053309
425961.2983021057	4571468.6565421326
425960.4603626500	4571468.1107789343
425959.6224231942	4571467.5650157360
425958.7844837384	4571467.0192525387
425957.9465442827	4571466.4734893404
425957.1086048269	4571465.9277261421
425956.2706653711	4571465.3819629438
425955.4327259154	4571464.8361997455
425954.5947864596	4571464.2904365472
425953.7568470038	4571463.7446733490
425952.9189075481	4571463.1989101507
425952.0809680923	4571462.6531469533
425951.2430286366	4571462.1073837550
425950.4118460990	4571461.5520126969
425949.6148763295	4571460.9479935030
425948.8179065599	4571460.3439743090
425948.0209367904	4571459.7399551161
425947.2239670208	4571459.1359359222
425946.4269972513	4571458.5319167282
425945.6300274817	4571457.9278975343
425944.8330577121	4571457.3238783404
425944.0360879426	4571456.7198591465
425943.2391181730	4571456.1158399535
425942.4421484035	4571455.5118207596
425941.6451786339	4571454.9078015657
425940.8482088644	4571454.3037823718
425940.0512390948	4571453.6997631779
425939.2542693253	4571453.0957439840
425938.4572995557	4571452.4917247910
425937.6603297862	4571451.8877055971
425936.8633600166	4571451.2836864032
425936.0663902471	4571450.6796672093
425935.2694204775	4571450.0756480154
425934.4724507079	4571449.4716288215
425933.6754809384	4571448.8676096285
425932.8785111688	4571448.2635904346
425932.0815413993	4571447.6595712407
425931.2845716298	4571447.0555520467
425930.4876018602	4571446.4515328528
425929.6906320907	4571445.8475136589
425928.8936623211	4571445.2434944659
425928.0966925516	4571444.6394752720
425927.2961347720	4571444.0402446734
425926.4925775787	4571443.4450171227
425925.6890203853	4571442.8497895719
425924.8854631920	4571442.2545620212
425924.0819059987	4571441.6593344705
425923.2783488053	4571441.0641069198
425922.4747916120	4571440.4688793691
425921.6712344187	4571439.8736518184
425920.8676772253	4571439.2784242677
425920.0641200320	4571438.6831967169
425919.2605628386	4571438.0879691662
425918.4570056453	4571437.4927416155
425917.6534484520	4571436.8975140657
425916.8498912586	4571436.3022865150
425916.0463340653	4571435.7070589643
425915.2427768719	4571435.1118314136
425914.4392196786	4571434.5166038629
425913.6356624853	4571433.9213763122
425912.8321052919	4571433.3261487614
425912.0285480986	4571432.7309212107
425911.2249909052	4571432.1356936600
425910.4214337119	4571431.5404661093
425909.6178765186	4571430.9452385586
425908.8143193252	4571430.3500110079
425908.0107621319	4571429.7547834581
425907.2072049386	4571429.1595559074
425906.4036477452	4571428.5643283566
425905.6000905519	4571427.9691008059
425904.7965333585	4571427.3738732552
425903.9929761652	4571426.7786457045
425903.1894189719	4571426.1834181538
425902.3858617785	4571425.5881906031
425901.5823045852	4571424.9929630524
425900.7787473919	4571424.3977355016
425899.9751901985	4571423.8025079509
425899.1716330052	4571423.2072804002
425898.3680758119	4571422.6120528504
425897.5645186185	4571422.0168252997
425896.7609614252	4571421.4215977490
425895.9574042319	4571420.8263701983
425895.1538470385	4571420.2311426476
425894.3502898452	4571419.6359150968
425893.5467326519	4571419.0406875461
425892.7431754585	4571418.4454599954
425891.9396182652	4571417.8502324447
425891.1360610719	4571417.2550048940
425890.3325038785	4571416.6597773433
425889.5289466852	4571416.0645497935
425888.7253894918	4571415.4693222428
425887.9218322985	4571414.8740946921
425887.1182751052	4571414.2788671413
425886.3147179118	4571413.6836395906
425885.5111607185	4571413.0884120399
425884.7076035252	4571412.4931844892
425883.9040463318	4571411.8979569385
425883.1004891385	4571411.3027293878
425882.2969319451	4571410.7075018371
425881.4933747518	4571410.1122742863
425880.6898175585	4571409.5170467356
425879.8862603651	4571408.9218191858
425879.0827031718	4571408.3265916351
425878.2791459785	4571407.7313640844
425877.4755887851	4571407.1361365337
425876.6720315918	4571406.5409089830
425875.8683133949	4571405.9510783888
425875.0307027982	4571406.4973461693
425874.1930922014	4571407.0436139498
425873.3554816046	4571407.5898817303
425872.5178710079	4571408.1361495117
425871.6802604111	4571408.6824172921
425870.8426498143	4571409.2286850726
425870.0079964768	4571409.3205594141
425869.1775669136	4571408.7634357829
425868.3471373503	4571408.2063121516
425867.5167077870	4571407.6491885204
425866.6862782237	4571407.0920648891
425865.8558486604	4571406.5349412579
425865.0254190972	4571405.9778176267
425864.1949895339	4571405.4206939954
425863.3645599706	4571404.8635703642
425862.5341304073	4571404.3064467339
425861.7037008440	4571403.7493231026
425860.8732712808	4571403.1921994714
425860.0848777069	4571402.5770649360
425859.2968533332	4571401.9614208946
425858.5088289596	4571401.3457768522
425857.7208045859	4571400.7301328098
425857.0366229125	4571400.0704184324
425857.1413076971	4571399.0759129794
425857.2459924816	4571398.0814075265
425857.9070237375	4571397.3911723709
425858.6878925471	4571396.7664773241
425859.0652932648	4571395.9478654861
425859.0652932648	4571394.9478654861
425858.8232779879	4571393.9992246255
425858.4171395222	4571393.0854130760
425857.9218901689	4571392.2415951099
425857.1302998479	4571391.6305429330
425856.3387095270	4571391.0194907552
425855.5471192060	4571390.4084385773
425854.7555288850	4571389.7973864004
425853.9639385640	4571389.1863342226
425853.1723482429	4571388.5752820447
425852.3807579219	4571387.9642298678
425851.5891676009	4571387.3531776899
425850.8119608414	4571386.7242274974
425850.0448839712	4571386.0826722970
425849.2778071011	4571385.4411170967
425848.5107302310	4571384.7995618964
425847.7436533608	4571384.1580066951
425846.9765764907	4571383.5164514948
425846.2094996206	4571382.8748962944
425845.4424227504	4571382.2333410941
425844.6753458803	4571381.5917858938
425843.9082690102	4571380.9502306925
425843.1411921401	4571380.3086754922
425842.3741152699	4571379.6671202919
425841.6070383998	4571379.0255650915
425840.8399615297	4571378.3840098912
425840.0728846595	4571377.7424546899
425839.3058077894	4571377.1008994896
425838.5387309193	4571376.4593442893
425837.7390193471	4571375.8634107541
425836.8840796756	4571375.3446833128
425836.0291400040	4571374.8259558724
425835.1742003324	4571374.3072284311
425834.3192606609	4571373.7885009907
425833.4643209893	4571373.2697735494
425832.6093813177	4571372.7510461090
425831.7544416461	4571372.2323186677
425830.8995019745	4571371.7135912264
425830.0445623030	4571371.1948637860
425829.1896226314	4571370.6761363447
425828.3346829599	4571370.1574089043
425827.4797432883	4571369.6386814630
425826.6795034260	4571369.0401267810
425825.8871401809	4571368.4300772026
425825.0947769358	4571367.8200276243
425824.3024136907	4571367.2099780468
425823.5100504456	4571366.5999284685
425822.7176872004	4571365.9898788901
425821.9253239553	4571365.3798293117
425821.1329607102	4571364.7697797334
425820.3405974651	4571364.1597301560
425819.5482342200	4571363.5496805776
425818.7558709749	4571362.9396309992
425817.9635077298	4571362.3295814209
425817.1711444847	4571361.7195318434
425816.3787812396	4571361.1094822651
425815.5864179945	4571360.4994326867
425814.7940547494	4571359.8893831084
425814.0016915043	4571359.2793335300
425813.1359599246	4571358.7849924909
425812.2462465638	4571358.3284729011
425811.3565332030	4571357.8719533114
425810.4668198423	4571357.4154337216
425809.5771064814	4571356.9589141319
425808.6873931207	4571356.5023945430
425807.7976797599	4571356.0458749533
425806.9079663991	4571355.5893553635
425806.0182530383	4571355.1328357738
425805.1285396775	4571354.6763161849
425804.2388263167	4571354.2197965952
425803.3491129559	4571353.7632770054
425802.4593995952	4571353.3067574156
425801.5696862344	4571352.8502378268
425800.6799728736	4571352.3937182371
425799.7902595128	4571351.9371986473
425798.9005461521	4571351.4806790575
425798.0108327912	4571351.0241594678
425797.1211194304	4571350.5676398790
425796.2314060697	4571350.1111202892
425795.3416927089	4571349.6546006994
425794.4519793481	4571349.1980811097
425793.5622659873	4571348.7415615208
425792.6725526265	4571348.2850419311
425791.7828392657	4571347.8285223413
425790.8931259050	4571347.3720027516
425790.0034125442	4571346.9154831618
425789.1136991834	4571346.4589635730
425788.2239858226	4571346.0024439832
425787.3342724618	4571345.5459243935
425786.4445591010	4571345.0894048037
425785.5548457402	4571344.6328852149
425784.6651323795	4571344.1763656251
425783.7754190187	4571343.7198460354
425782.8857056579	4571343.2633264456
425781.9959922971	4571342.8068068568
425781.1327680635	4571342.3030767795
425780.2794862298	4571341.7816267703
425779.4262043962	4571341.2601767601
425778.5729225626	4571340.7387267509
425777.7196407289	4571340.2172767418
425776.8663588952	4571339.6958267326
425776.0130770616	4571339.1743767224
425775.1597952280	4571338.6529267132
425774.3065133943	4571338.1314767040
425773.4532315606	4571337.6100266939
425772.5999497270	4571337.0885766847
425771.7466678933	4571336.5671266755
425770.8933860597	4571336.0456766663
425770.0401042260	4571335.5242266562
425769.1868223924	4571335.0027766470
425768.3335405587	4571334.4813266378
425767.4802587251	4571333.9598766286
425766.6269768914	4571333.4384266185
425765.7736950577	4571332.9169766093
425764.9204132241	4571332.3955266001
425764.0671313905	4571331.8740765899
425763.2138495568	4571331.3526265807
425762.3605677231	4571330.8311765715
425761.5072858895	4571330.3097265624
425760.6540040559	4571329.7882765522
425759.8007222222	4571329.2668265430
425758.9474403885	4571328.7453765338
425758.0941585549	4571328.2239265246
425757.2408767212	4571327.7024765145
425756.3875948875	4571327.1810265053
425755.5015529091	4571326.7305285465
425754.5512438813	4571326.4192204168
425753.6009348536	4571326.1079122871
425752.6506258258	4571325.7966041565
425751.7003167980	4571325.4852960268
425750.7500077703	4571325.1739878971
425749.7996987425	4571324.8626797674
425748.8493897147	4571324.5513716368
425747.8990806870	4571324.2400635071
425746.9487716593	4571323.9287553774
425745.9984626315	4571323.6174472477
425745.0481536037	4571323.3061391171
425744.0978445760	4571322.9948309874
425743.1475355482	4571322.6835228577
425742.1972265204	4571322.3722147280
425741.3266330337	4571321.8962128609
425740.4929207322	4571321.3440138036
425739.6592084307	4571320.7918147473
425738.8254961292	4571320.2396156909
425737.9917838277	4571319.6874166336
425737.1580715262	4571319.1352175772
425736.3243592247	4571318.5830185199
425735.4906469232	4571318.0308194635
425734.6569346217	4571317.4786204062
425733.8232223202	4571316.9264213499
425732.9895100187	4571316.3742222926
425732.1557977172	4571315.8220232362
425731.3220854157	4571315.2698241789
425730.4883731142	4571314.7176251225
425729.6546608127	4571314.1654260661
425728.8209485112	4571313.6132270088
425727.9872362096	4571313.0610279525
425727.1535239081	4571312.5088288952
425726.3198116066	4571311.9566298388
425725.4860993051	4571311.4044307815
425724.6523870036	4571310.8522317251
425723.8186747021	4571310.3000326678
425722.9847046271	4571309.7482231874
425722.1504854524	4571309.1967901736
425721.3162662778	4571308.6453571599
425720.4820471031	4571308.0939241461
425719.6478279284	4571307.5424911324
425718.8136087538	4571306.9910581186
425717.9793895791	4571306.4396251049
425717.1451704044	4571305.8881920911
425716.3109512298	4571305.3367590774
425715.4767320551	4571304.7853260636
425714.6425128805	4571304.2338930499
425713.8082937058	4571303.6824600361
425712.9740745311	4571303.1310270224
425712.1398553564	4571302.5795940086
425711.3056361818	4571302.0281609949
425710.4714170071	4571301.4767279821
425709.6371978325	4571300.9252949683
425708.7798378779	4571300.4123341478
425707.9017538486	4571299.9338276824
425707.0236698193	4571299.4553212179
425706.1455857900	4571298.9768147524
425705.2675017606	4571298.4983082870
425704.3894177313	4571298.0198018216
425703.5113337020	4571297.5412953561
425702.6332496726	4571297.0627888907
425701.7551656433	4571296.5842824252
425700.8770816140	4571296.1057759598
425699.9989975847	4571295.6272694943
425699.1209135553	4571295.1487630289
425698.2428295260	4571294.6702565635
425697.3647454967	4571294.1917500980
425696.4866614674	4571293.7132436326
425695.6085774380	4571293.2347371671
425694.7304934087	4571292.7562307017
425693.8524093793	4571292.2777242362
425692.9743253500	4571291.7992177708
425692.0962413207	4571291.3207113054
425691.2181572914	4571290.8422048399
425690.3400732621	4571290.3636983745
425689.4619892327	4571289.8851919090
425688.5839052034	4571289.4066854436
425687.7058211741	4571288.9281789782
425686.8277371447	4571288.4496725127
425685.9496531154	4571287.9711660473
425685.0715690861	4571287.4926595818
425684.1934850568	4571287.0141531164
425683.3154010275	4571286.5356466509
425682.4373169981	4571286.0571401855
425681.5592329688	4571285.5786337201
425680.6811489395	4571285.1001272546
425679.8030649101	4571284.6216207901
425678.9249808808	4571284.1431143247
425678.0468968515	4571283.6646078592
425677.1688128222	4571283.1861013938
425676.2907287929	4571282.7075949283
425675.4126447635	4571282.2290884629
425674.5345607342	4571281.7505819974
425673.6564767048	4571281.2720755320
425672.7783926755	4571280.7935690666
425671.9003086462	4571280.3150626011
425671.0222246169	4571279.8365561357
425670.1441405876	4571279.3580496702
425669.2660565582	4571278.8795432048
425668.3879725289	4571278.4010367393
425667.5098884996	4571277.9225302739
425666.6318044702	4571277.4440238085
425665.7611051469	4571276.9522475610
425664.8916485895	4571276.4582381537
425664.0221920322	4571275.9642287455
425663.1527354748	4571275.4702193383
425662.2832789175	4571274.9762099311
425661.4138223601	4571274.4822005229
425660.5443658027	4571273.9881911157
425659.6749092453	4571273.4941817075
425658.8054526879	4571273.0001723003
425657.9359961305	4571272.5061628921
425657.0665395732	4571272.0121534849
425656.1970830158	4571271.5181440776
425655.3276264585	4571271.0241346695
425654.4581699011	4571270.5301252622
425653.5887133437	4571270.0361158540
425652.7192567863	4571269.5421064468
425651.8498002289	4571269.0480970386
425650.9803436715	4571268.5540876314
425650.1108871142	4571268.0600782232
425649.2414305568	4571267.5660688160
425648.3719739994	4571267.0720594088
425647.5025174421	4571266.5780500006
425646.6330608847	4571266.0840405934
425645.7636043273	4571265.5900311852
425644.9098371362	4571265.0700847507
425644.0686586608	4571264.5293271597
425643.2274801854	4571263.9885695679
425642.3863017100	4571263.4478119770
425641.5451232346	4571262.9070543861
425640.7039447592	4571262.3662967943
425639.8627662838	4571261.8255392034
425639.0215878084	4571261.2847816115
425638.1804093331	4571260.7440240206
425637.3392308576	4571260.2032664297
425636.4980523822	4571259.6625088379
425635.6568739068	4571259.1217512470
425634.8156954315	4571258.5809936551
425633.9745169560	4571258.0402360642
425633.1333384806	4571257.4994784733
425632.2921600053	4571256.9587208815
425631.4509815299	4571256.4179632906
425630.6098030544	4571255.8772056988
425629.7686245790	4571255.3364481078
425628.9274461037	4571254.7956905169
425628.0455465501	4571254.3300185204
425627.1334928020	4571253.9199478431
425626.2214390539	4571253.5098771658
425625.3093853057	4571253.0998064876
425624.3973315576	4571252.6897358103
425623.4852778094	4571252.2796651330
425622.5732240613	4571251.8695944557
425621.6611703131	4571251.4595237784
425620.7491165650	4571251.0494531011
425619.8370628169	4571250.6393824229
425618.9250090687	4571250.2293117456
425618.0129553206	4571249.8192410683
425617.1009015724	4571249.4091703910
425616.1888478243	4571248.9990997138
425615.2767940761	4571248.5890290365
425614.3647403280	4571248.1789583582
425613.4526865799	4571247.7688876810
425612.5406328317	4571247.3588170037
425611.6285790836	4571246.9487463264
425610.7165253354	4571246.5386756491
425609.8044715873	4571246.1286049718
425608.8924178391	4571245.7185342936
425607.9803640910	4571245.3084636163
425607.0683103429	4571244.8983929390
425606.1562565947	4571244.4883222617
425605.2442028466	4571244.0782515844
425604.3321490984	4571243.6681809071
425603.4200953503	4571243.2581102289
425602.5080416021	4571242.8480395516
425601.5959878540	4571242.4379688744
425600.6839341059	4571242.0278981971
425599.7718803577	4571241.6178275198
425598.8598266096	4571241.2077568425
425597.9477728614	4571240.7976861643
425597.0242781105	4571240.4147846522
425596.0936233319	4571240.0488861920
425595.1629685533	4571239.6829877319
425594.2323137747	4571239.3170892717
425593.3016589961	4571238.9511908116
425592.3710042175	4571238.5852923514
425591.4403494389	4571238.2193938913
425590.5096946603	4571237.8534954311
425589.5790398817	4571237.4875969719
425588.6483851031	4571237.1216985118
425587.7177303245	4571236.7558000516
425586.7870755459	4571236.3899015915
425585.8564207673	4571236.0240031313
425584.9257659887	4571235.6581046712
425583.9951112101	4571235.2922062110
425583.0644564315	4571234.9263077509
425582.1338016529	4571234.5604092907
425581.2031468743	4571234.1945108315
425580.2724920957	4571233.8286123713
425579.3418373171	4571233.4627139112
425578.4111825385	4571233.0968154510
425577.4805277599	4571232.7309169909
425576.5498729813	4571232.3650185307
425575.6192182027	4571231.9991200706
425574.6885634241	4571231.6332216104
425573.7579086455	4571231.2673231503
425572.8272538669	4571230.9014246901
425571.8965990883	4571230.5355262309
425570.9659443097	4571230.1696277708
425570.0352895311	4571229.8037293106
425569.1098458177	4571229.4251718549
425568.1913032616	4571229.0298497425
425567.2727607056	4571228.6345276292
425566.3542181496	4571228.2392055169
425565.4356755936	4571227.8438834045
425564.5171330376	4571227.4485612912
425563.5985904815	4571227.0532391788
425562.6800479255	4571226.6579170665
425561.7615053695	4571226.2625949532
425560.8429628135	4571225.8672728408
425559.9244202575	4571225.4719507284
425559.0058777014	4571225.0766286151
425558.0873351454	4571224.6813065028
425557.1687925894	4571224.2859843904
425556.2502500334	4571223.8906622771
425555.3317074774	4571223.4953401648
425554.4131649213	4571223.1000180524
425553.4946223653	4571222.7046959391
425552.5760798092	4571222.3093738267
425551.6575372532	4571221.9140517134
425550.7389946973	4571221.5187296011
425549.8204521412	4571221.1234074887
425548.9019095852	4571220.7280853754
425547.9833670291	4571220.3327632630
425547.0648244731	4571219.9374411507
425546.1462819171	4571219.5421190374
425545.2277393611	4571219.1467969250
425544.3091968051	4571218.7514748126
425543.3906542490	4571218.3561526993
425542.4721116930	4571217.9608305870
425541.5535691370	4571217.5655084746
425540.6350265810	4571217.1701863613
425539.7164840250	4571216.7748642489
425538.7979414689	4571216.3795421366
425537.8793989129	4571215.9842200233
425536.9608563569	4571215.5888979109
425536.0423138009	4571215.1935757985
425535.1237712449	4571214.7982536852
425534.2052286888	4571214.4029315729
425533.2866861328	4571214.0076094605
425532.3681435768	4571213.6122873472
425531.4493680176	4571213.2175100325
425530.5290370992	4571212.8263693927
425529.6087061807	4571212.4352287520
425528.6883752622	4571212.0440881122
425527.7680443437	4571211.6529474715
425526.8477134252	4571211.2618068317
425525.9273825067	4571210.8706661910
425525.0070515882	4571210.4795255512
425524.0867206697	4571210.0883849105
425523.1663897513	4571209.6972442707
425522.2460588328	4571209.3061036300
425521.3257279143	4571208.9149629893
425520.4053969958	4571208.5238223495
425519.4850660773	4571208.1326817088
425518.5647351588	4571207.7415410690
425517.6444042403	4571207.3504004283
425516.7240733219	4571206.9592597885
425515.8037424034	4571206.5681191478
425514.8834114849	4571206.1769785080
425513.9630805664	4571205.7858378673
425513.0427496479	4571205.3946972275
425512.1216720713	4571205.0053316941
425511.1984645133	4571204.6210299833
425510.2752569553	4571204.2367282724
425509.3520493973	4571203.8524265615
425508.4288418393	4571203.4681248507
425507.5056342813	4571203.0838231398
425506.5824267234	4571202.6995214289
425505.6592191654	4571202.3152197190
425504.7360116074	4571201.9309180081
425503.8128040494	4571201.5466162972
425502.8895964914	4571201.1623145863
425501.9663889334	4571200.7780128755
425501.0431813755	4571200.3937111646
425500.1199738175	4571200.0094094537
425499.1967662595	4571199.6251077428
425498.2735587015	4571199.2408060329
425497.3503511435	4571198.8565043220
425496.4271435856	4571198.4722026112
425495.5039360276	4571198.0879009003
425494.5807284696	4571197.7035991894
425493.6575209116	4571197.3192974785
425492.7343133536	4571196.9349957677
425491.8111057957	4571196.5506940577
425490.8878982377	4571196.1663923468
425489.9646906797	4571195.7820906360
425489.0414831217	4571195.3977889251
425488.1182755637	4571195.0134872142
425487.1950680057	4571194.6291855033
425486.2718604478	4571194.2448837925
425485.3486528898	4571193.8605820816
425484.4254453318	4571193.4762803717
425483.5022377738	4571193.0919786608
425482.5790302158	4571192.7076769499
425481.6558226579	4571192.3233752390
425480.7326150999	4571191.9390735282
425479.8094075419	4571191.5547718173
425478.8861999839	4571191.1704701064
425477.9629924259	4571190.7861683965
425477.0397848680	4571190.4018666856
425476.1165773100	4571190.0175649747
425475.1933697520	4571189.6332632639
425474.2701621940	4571189.2489615530
425473.3469546360	4571188.8646598421
425472.4237470781	4571188.4803581312
425471.5005395201	4571188.0960564204
425470.5773319621	4571187.7117547104
425469.6541244041	4571187.3274529995
425468.7309168461	4571186.9431512887
425467.8077092882	4571186.5588495778
425466.8845017302	4571186.1745478669
425465.9612941722	4571185.7902461560
425465.0380866142	4571185.4059444452
425464.1148790562	4571185.0216427352
425463.1916714983	4571184.6373410244
425462.2684639403	4571184.2530393135
425461.3587809950	4571183.8378799092
425460.4505231540	4571183.4194689933
425459.5422653130	4571183.0010580774
425458.6340074720	4571182.5826471625
425457.7257496310	4571182.1642362466
425456.8174917901	4571181.7458253307
425455.9092339491	4571181.3274144158
425455.0009761081	4571180.9090034999
425454.0927182671	4571180.4905925840
425453.1844604261	4571180.0721816691
425452.2762025851	4571179.6537707532
425451.3679447441	4571179.2353598373
425450.4596869031	4571178.8169489224
425449.5514290621	4571178.3985380065
425448.6431712212	4571177.9801270906
425447.7349133801	4571177.5617161747
425446.8266555392	4571177.1433052598
425445.9183976982	4571176.7248943439
425445.0101398572	4571176.3064834280
425444.1018820162	4571175.8880725130
425443.1936241752	4571175.4696615972
425442.2853663342	4571175.0512506813
425441.3771084932	4571174.6328397663
425440.4756466251	4571174.2004423719
425439.5853984622	4571173.7449665675
425438.6951502991	4571173.2894907631
425437.8049021362	4571172.8340149587
425436.9146539732	4571172.3785391543
425436.0244058102	4571171.9230633499
425435.1341576472	4571171.4675875464
425434.2439094842	4571171.0121117420
425433.3536613212	4571170.5566359377
425432.4634131582	4571170.1011601333
425431.5731649952	4571169.6456843289
425430.6829168322	4571169.1902085245
425429.7926686692	4571168.7347327201
425428.9024205063	4571168.2792569157
425428.0121723433	4571167.8237811113
425427.1219241803	4571167.3683053078
425426.2316760173	4571166.9128295034
425425.3414278543	4571166.4573536990
425424.4511796913	4571166.0018778946
425423.5609315283	4571165.5464020902
425422.6706833653	4571165.0909262858
425421.7804352023	4571164.6354504814
425420.8901870394	4571164.1799746770
425420.0115376001	4571163.7049298892
425419.1846110981	4571163.1426198678
425418.3576845960	4571162.5803098464
425417.5307580940	4571162.0179998251
425416.7038315918	4571161.4556898037
425415.8769050898	4571160.8933797823
425415.0499785877	4571160.3310697610
425414.2230520857	4571159.7687597387
425413.3961255836	4571159.2064497173
425412.5691990815	4571158.6441396959
425411.7422725795	4571158.0818296745
425410.9153460774	4571157.5195196532
425410.0884195754	4571156.9572096318
425409.2614930733	4571156.3948996104
425408.4345665712	4571155.8325895891
425407.5418373798	4571155.3929302944
425406.6160448329	4571155.0148983384
425405.6902522861	4571154.6368663814
425404.7644597392	4571154.2588344244
425403.8386671924	4571153.8808024684
425402.9128746456	4571153.5027705114
425401.9870820988	4571153.1247385554
425401.0612895519	4571152.7467065984
425400.1354970051	4571152.3686746415
425399.2097044583	4571151.9906426854
425398.2839119114	4571151.6126107285
425397.3581193646	4571151.2345787715
425396.4323268178	4571150.8565468155
425395.5065342710	4571150.4785148585
425394.5807417241	4571150.1004829016
425393.6549491773	4571149.7224509455
425392.7291566304	4571149.3444189886
425391.8033640836	4571148.9663870325
425390.8775715368	4571148.5883550756
425389.9517789900	4571148.2103231186
425389.0259864431	4571147.8322911626
425388.1001938963	4571147.4542592056
425387.1744013495	4571147.0762272486
425386.2486088026	4571146.6981952926
425385.3228162558	4571146.3201633357
425384.3970237090	4571145.9421313787
425383.4712311622	4571145.5640994227
425382.5454386153	4571145.1860674657
425381.6196460685	4571144.8080355087
425380.6938535216	4571144.4300035527
425379.7680609748	4571144.0519715957
425378.8498165995	4571143.6563452203
425377.9378950944	4571143.2459805431
425377.0259735892	4571142.8356158650
425376.1140520840	4571142.4252511878
425375.2021305788	4571142.0148865106
425374.2902090736	4571141.6045218334
425373.3782875684	4571141.1941571562
425372.4663660632	4571140.7837924790
425371.5544445581	4571140.3734278018
425370.6425230529	4571139.9630631246
425369.7306015477	4571139.5526984474
425368.8186800425	4571139.1423337692
425367.9067585374	4571138.7319690920
425366.9948370321	4571138.3216044148
425366.0829155270	4571137.9112397376
425365.1709940218	4571137.5008750604
425364.2304057205	4571137.1644832175
425363.2800966927	4571136.8531750878
425362.3297876649	4571136.5418669572
425361.3794786372	4571136.2305588275
425360.4291696094	4571135.9192506978
425359.4788605816	4571135.6079425681
425358.5285515538	4571135.2966344384
425357.5782425260	4571134.9853263088
425356.6279334983	4571134.6740181781
425355.6776244705	4571134.3627100484
425354.7273154427	4571134.0514019188
425353.7770064149	4571133.7400937891
425352.8266973871	4571133.4287856594
425351.8763883594	4571133.1174775288
425350.9347792573	4571132.7871685354
425350.0781982853	4571132.2711559022
425349.2216173133	4571131.7551432680
425348.3650363413	4571131.2391306339
425347.5084553694	4571130.7231179997
425346.6518743973	4571130.2071053656
425345.7952934254	4571129.6910927324
425344.9387124534	4571129.1750800982
425344.0821314813	4571128.6590674641
425343.2255505094	4571128.1430548299
425342.3689695374	4571127.6270421958
425341.5123885654	4571127.1110295625
425340.6585635380	4571126.5905009713
425339.8079689683	4571126.0646788739
425338.9573743985	4571125.5388567764
425338.1067798288	4571125.0130346790
425337.2561852591	4571124.4872125816
425336.4055906894	4571123.9613904851
425335.5549961196	4571123.4355683876
425334.7044015499	4571122.9097462902
425333.8813155623	4571122.3427644698
425333.0701391836	4571121.7579628946
425332.2589628049	4571121.1731613195
425331.4477864263	4571120.5883597434
425330.6366100476	4571120.0035581682
425329.8254336689	4571119.4187565930
425329.0142572902	4571118.8339550169
425328.2030809115	4571118.2491534417
425327.3919045328	4571117.6643518666
425326.5807281541	4571117.0795502905
425325.7695517754	4571116.4947487153
425324.9583753968	4571115.9099471401
425324.1471990181	4571115.3251455640
425323.3293732832	4571114.7496831017
425322.5113441247	4571114.1745063495
425321.6933149662	4571113.5993295973
425320.8752858077	4571113.0241528461
425320.0572566492	4571112.4489760939
425319.2392274907	4571111.8737993417
425318.4211983322	4571111.2986225905
425317.6031691737	4571110.7234458383
425316.7851400152	4571110.1482690871
425315.9753110347	4571109.5617253203
425315.1714691354	4571108.9668823155
425314.3676272361	4571108.3720393097
425313.5637853369	4571107.7771963049
425312.7599434377	4571107.1823532991
425311.9561015384	4571106.5875102943
425311.1522596391	4571105.9926672885
425310.3591302115	4571105.3853921639
425309.6520234304	4571104.6782853827
425308.9449166493	4571103.9711786015
425308.2378098682	4571103.2640718203
425307.5307030871	4571102.5569650391
425306.8235963061	4571101.8498582579
425306.1164895250	4571101.1427514767
425305.4093827439	4571100.4356446955
425304.6874369281	4571099.7438798249
425303.9571655146	4571099.0607226957
425303.2268941010	4571098.3775655674
425302.4966226873	4571097.6944084382
425301.7663512738	4571097.0112513099
425300.9728174237	4571096.4101501545
425300.1263566709	4571095.8776990362
425299.2798959182	4571095.3452479169
425298.4334351654	4571094.8127967985
425297.5869744126	4571094.2803456793
425296.7405136599	4571093.7478945600
425295.8940529071	4571093.2154434416
425295.0475921543	4571092.6829923224
425294.2011314016	4571092.1505412040
425293.4691104048	4571091.4773042407
425292.7749748342	4571090.7574599450
425292.0808392636	4571090.0376156494
425291.3867036930	4571089.3177713538
425290.6818149580	4571088.6106580542
425289.8560139761	4571088.0466964077
425289.0302129942	4571087.4827347621
425288.2044120122	4571086.9187731156
425287.3786110303	4571086.3548114700
425286.5528100484	4571085.7908498235
425285.7194623320	4571085.2395208776
425284.8314679226	4571084.7796666296
425283.9434735133	4571084.3198123826
425283.0554791040	4571083.8599581346
425282.1674846947	4571083.4001038875
425281.2794902853	4571082.9402496396
425280.3914958760	4571082.4803953916
425279.5035014667	4571082.0205411445
425278.6399160297	4571081.5182802752
425277.7962545420	4571080.9814047832
425276.9525930544	4571080.4445292903
425276.1089315667	4571079.9076537983
425275.2652700790	4571079.3707783064
425274.5829372105	4571078.6468593292
425273.9280066720	4571077.8911702465
425273.1765257812	4571077.2509108828
425272.3169898931	4571076.7398354895
425271.4574540050	4571076.2287600972
425270.5979181169	4571075.7176847039
425269.7383822288	4571075.2066093115
425268.9042200349	4571074.6591814244
425268.1281060349	4571074.0285887988
425267.3519920349	4571073.3979961742
425266.5758780349	4571072.7674035486
425265.7997640349	4571072.1368109239
425265.0645758392	4571071.4636500245
425264.4039479443	4571070.7129365075
425263.7433200493	4571069.9622229915
425263.0826921544	4571069.2115094746
425262.5192412359	4571068.3998588957
425262.1311842359	4571067.4782235203
425261.7431272359	4571066.5565881450
425262.2396329178	4571065.7524911547
425262.8549037731	4571064.9641753715
425263.4701746286	4571064.1758595882
425264.0854454840	4571063.3875438049
425264.7007163394	4571062.5992280208
425265.3159871948	4571061.8109122375
425265.6998032903	4571060.9082232909
425265.9522251875	4571059.9406060185
425266.2046470847	4571058.9729887461
425266.4570689819	4571058.0053714737
425266.7094908791	4571057.0377542013
425266.9619127762	4571056.0701369289
425266.9793862609	4571055.0723785693
425266.9793862609	4571054.0723785693
425266.9793862608	4571053.0723785693
425266.9793862608	4571052.0723785693
425266.9793862608	4571051.0723785693
425266.8473659505	4571050.1362459017
425266.0633201257	4571049.5155429579
425265.2792743009	4571048.8948400142
425264.4952284760	4571048.2741370695
425263.6045871297	4571047.9598146528
425262.6045871297	4571047.9598146519
425261.6045871297	4571047.9598146509
425260.6454066722	4571048.1796555482
425259.7120610661	4571048.5386346281
425258.7787154600	4571048.8976137079
425257.9735363334	4571049.3990811547
425257.5180605291	4571050.2893293183
425257.0625847248	4571051.1795774810
425256.6071089204	4571052.0698256437
425256.1516331161	4571052.9600738073
425255.6961573118	4571053.8503219699
425255.2335838205	4571054.7368620718
425254.7629955852	4571055.6192150135
425254.2924073498	4571056.5015679542
425253.8218191145	4571057.3839208959
425253.3512308792	4571058.2662738366
425252.8806426439	4571059.1486267773
425252.3190387645	4571059.9608963560
425251.5862452730	4571060.6413474558
425250.8534517814	4571061.3217985546
425250.1206582898	4571062.0022496544
425249.3878647982	4571062.6827007532
425248.6439630246	4571063.3509252565
425247.8965537057	4571064.0152890943
425247.1491443867	4571064.6796529330
425246.2582905940	4571064.4113933621
425245.3457812695	4571064.0023374576
425244.4332719450	4571063.5932815531
425243.5207626205	4571063.1842256496
425242.6082532960	4571062.7751697451
425241.6957439715	4571062.3661138406
425240.7832346470	4571061.9570579370
425240.1536962561	4571061.4163238080
425240.4284173843	4571060.4547998607
425240.1055555690	4571059.8027990395
425239.1616972127	4571059.4724486144
425238.2178388564	4571059.1420981893
425237.2739805001	4571058.8117477642
425236.3301221439	4571058.4813973401
425235.3862637875	4571058.1510469150
425234.4424054313	4571057.8206964899
425233.4985470750	4571057.4903460648
425233.5517602613	4571056.6052475907
425233.7686907192	4571055.6290605301
425233.3892934703	4571054.8265245082
425232.6821866892	4571054.1194177270
425231.8976520594	4571053.5767032895
425230.9021565868	4571053.4818941969
425229.9066611142	4571053.3870851044
425228.9420147163	4571053.5836999835
425227.9884320513	4571053.8848313522
425227.0711760320	4571054.2647053590
425226.2231777279	4571054.7947042994
425225.3751794239	4571055.3247032389
425224.5271811199	4571055.8547021793
425223.6791828158	4571056.3847011188
425222.8311845118	4571056.9147000592
425221.9008022764	4571056.9150586175
425220.9318845658	4571056.6676753722
425219.9629668551	4571056.4202921269
425218.9940491445	4571056.1729088817
425218.0251314339	4571055.9255256364
425217.0562137232	4571055.6781423911
425216.0872960126	4571055.4307591459
425215.1183783019	4571055.1833759006
425214.1494605913	4571054.9359926563
425213.1805428807	4571054.6886094110
425212.2116251700	4571054.4412261657
425211.2444957896	4571054.1886187000
425210.3272339599	4571053.7903339574
425209.4099721301	4571053.3920492157
425208.4927103004	4571052.9937644741
425207.5754484707	4571052.5954797314
425206.6581866410	4571052.1971949898
425205.7409248112	4571051.7989102481
425204.8236629815	4571051.4006255055
425203.9064011518	4571051.0023407638
425202.9891393220	4571050.6040560221
425202.0669886531	4571050.2204514500
425201.0940791794	4571049.9892650405
425200.1211697057	4571049.7580786310
425199.1482602320	4571049.5268922206
425198.1753507583	4571049.2957058111
425197.2024412846	4571049.0645194016
425196.2295318109	4571048.8333329922
425195.2566223372	4571048.6021465827
425194.2837128634	4571048.3709601732
425193.3108033897	4571048.1397737637
425192.3378939160	4571047.9085873542
425191.3649844423	4571047.6774009448
425190.3920749686	4571047.4462145353
425189.4597721458	4571047.0975711150
425188.5518127613	4571046.6785129383
425187.6438533767	4571046.2594547607
425186.7358939922	4571045.8403965831
425185.8279346076	4571045.4213384055
425184.9199752230	4571045.0022802288
425184.0120158385	4571044.5832220512
425183.1040564539	4571044.1641638735
425182.1960970694	4571043.7451056959
425181.2881376848	4571043.3260475192
425180.3801783003	4571042.9069893416
425179.4722189157	4571042.4879311640
425178.5642595312	4571042.0688729873
425177.6563001466	4571041.6498148097
425176.7483407621	4571041.2307566321
425175.8403813776	4571040.8116984544
425174.9324219930	4571040.3926402777
425174.0244626085	4571039.9735821001
425173.1165032239	4571039.5545239225
425172.2256742457	4571039.1008314788
425171.3415793054	4571038.6335241534
425170.4574843652	4571038.1662168279
425169.5733894250	4571037.6989095025
425168.6892944847	4571037.2316021761
425167.8051995445	4571036.7642948506
425166.9211046042	4571036.2969875252
425166.0370096640	4571035.8296801997
425165.1529147238	4571035.3623728734
425164.3876840431	4571034.7933470244
425164.0626042747	4571033.8476604251
425163.7375245064	4571032.9019738249
425163.4124447380	4571031.9562872257
425163.0031638275	4571031.0827848613
425162.1182456050	4571030.6170384288
425161.2333273824	4571030.1512919962
425160.2828279539	4571029.9325949512
425159.2834219545	4571029.8981326753
425158.2840159551	4571029.8636704003
425157.2886221927	4571029.8056476330
425156.3341422146	4571029.5073726401
425155.3842806134	4571029.1976434812
425154.4898534225	4571028.7504298855
425153.5954262316	4571028.3032162897
425152.7009990408	4571027.8560026940
425151.8065718499	4571027.4087890983
425150.9121446590	4571026.9615755025
425150.0177174681	4571026.5143619068
425149.1232902772	4571026.0671483111
425148.2288630863	4571025.6199347153
425147.3344358954	4571025.1727211196
425146.4127926820	4571024.7849731520
425145.4897157589	4571024.4003577679
425144.5666388357	4571024.0157423830
425143.6435619126	4571023.6311269989
425142.7204849894	4571023.2465116149
425141.7974080663	4571022.8618962299
425140.8743311431	4571022.4772808459
425139.9512542200	4571022.0926654609
425139.0281772969	4571021.7080500768
425138.1161350290	4571021.2985907188
425137.2118863823	4571020.8715844136
425136.3076377356	4571020.4445781074
425135.4033890889	4571020.0175718023
425134.4991404421	4571019.5905654971
425133.5948917954	4571019.1635591909
425132.6906431487	4571018.7365528857
425131.7863945020	4571018.3095465805
425130.8821458553	4571017.8825402753
425129.9756507112	4571017.4627493778
425128.9888230461	4571017.3009743514
425128.0019953809	4571017.1391993240
425127.0151677158	4571016.9774242975
425126.0283400507	4571016.8156492701
425125.0415123856	4571016.6538742436
425124.0546847204	4571016.4920992162
425123.0678570553	4571016.3303241897
425122.2398056031	4571015.8489846736
425121.5148061695	4571015.1602352113
425120.7898067360	4571014.4714857498
425120.0365447550	4571013.8174169660
425119.2156395532	4571013.2463524779
425118.3947343515	4571012.6752879899
425117.5738291498	4571012.1042235019
425116.8019806700	4571011.4687978923
425116.0214363204	4571010.8559964187
425115.0328174830	4571010.7055544220
425114.0441986456	4571010.5551124252
425113.0555798083	4571010.4046704276
425112.0669609709	4571010.2542284308
425111.0783421336	4571010.1037864340
425110.1268243964	4571009.8288526637
425109.2171363926	4571009.4135603141
425108.3074483887	4571008.9982679645
425107.3977603849	4571008.5829756148
425106.4880723811	4571008.1676832652
425105.5783843773	4571007.7523909155
425104.7335283277	4571007.2375920201
425103.9861190091	4571006.5732281813
425103.2387096906	4571005.9088643417
425102.4913003721	4571005.2445005029
425101.7438910536	4571004.5801366642
425100.9964817350	4571003.9157728245
425100.2426791332	4571003.2587163933
425099.4849103306	4571002.6061932584
425098.7271415281	4571001.9536701236
425097.9693727256	4571001.3011469878
425097.2116039231	4571000.6486238530
425096.4538351206	4570999.9961007182
425095.5874139596	4570999.5002307529
425094.7107469894	4570999.0191330248
425093.8340800193	4570998.5380352978
425092.9574130491	4570998.0569375698
425092.0807460789	4570997.5758398427
425091.2040791087	4570997.0947421147
425090.3274121386	4570996.6136443876
425089.4507451684	4570996.1325466596
425088.5740781982	4570995.6514489325
425087.6974112281	4570995.1703512045
425086.8207442579	4570994.6892534774
425085.9186394678	4570994.2594902990
425085.0048279192	4570993.8533518333
425084.0910163706	4570993.4472133666
425083.1772048220	4570993.0410749009
425082.2633932734	4570992.6349364351
425081.3495817248	4570992.2287979685
425080.4357701761	4570991.8226595027
425079.5219586275	4570991.4165210370
425078.5952588201	4570991.0431112926
425077.6498858385	4570990.7171206092
425076.7045128569	4570990.3911299258
425075.7591398753	4570990.0651392424
425074.8137668937	4570989.7391485590
425073.8683939121	4570989.4131578756
425072.9230209305	4570989.0871671923
425071.9776479489	4570988.7611765089
425071.0322749673	4570988.4351858255
425070.0869019857	4570988.1091951421
425069.1415290041	4570987.7832044587
425068.2083021474	4570987.4266040027
425067.2966210589	4570987.0157054840
425066.3849399703	4570986.6048069652
425065.4732588817	4570986.1939084465
425064.5615777931	4570985.7830099277
425063.6498967046	4570985.3721114090
425062.7382156160	4570984.9612128902
425061.8265345274	4570984.5503143715
425060.9148534388	4570984.1394158527
425060.0034608827	4570983.7279242100
425059.1174277765	4570983.2643022360
425058.2313946703	4570982.8006802620
425057.3453615642	4570982.3370582880
425056.4593284580	4570981.8734363141
425055.5732953518	4570981.4098143401
425054.6872622456	4570980.9461923661
425053.8012291394	4570980.4825703921
425052.9151960332	4570980.0189484181
425052.0291629270	4570979.5553264441
425051.1431298208	4570979.0917044701
425050.2570967147	4570978.6280824961
425049.3718696091	4570978.1629291624
425048.4880816928	4570977.6950414423
425047.6042937765	4570977.2271537213
425046.7205058603	4570976.7592660012
425045.8367179440	4570976.2913782801
425044.9529300277	4570975.8234905601
425044.0691421114	4570975.3556028390
425043.1853541952	4570974.8877151189
425042.3015662789	4570974.4198273979
425041.4177783626	4570973.9519396778
425040.5339904463	4570973.4840519568
425039.6502025301	4570973.0161642367
425038.7664146138	4570972.5482765157
425037.8826266975	4570972.0803887956
425036.9985381193	4570971.6130698696
425036.1141533663	4570971.1463112505
425035.2297686131	4570970.6795526315
425034.3453838601	4570970.2127940124
425033.4609991070	4570969.7460353933
425032.5255966059	4570969.4102397300
425031.5585220687	4570969.1557464311
425030.5914475316	4570968.9012531312
425029.6243729945	4570968.6467598313
425028.6572984574	4570968.3922665315
425027.7347793843	4570968.0090039065
425026.8172237588	4570967.6113964692
425025.8996681333	4570967.2137890328
425024.9821125078	4570966.8161815954
425024.1137289937	4570966.3206033725
425023.2466234513	4570965.8224789118
425022.3795179089	4570965.3243544511
425021.5124123664	4570964.8262299905
425020.6453068240	4570964.3281055298
425019.7782012816	4570963.8299810691
425018.9326975183	4570963.2977522202
425018.1117923166	4570962.7266877322
425017.2908871148	4570962.1556232432
425016.4699819131	4570961.5845587552
425015.6490767114	4570961.0134942671
425014.8281715096	4570960.4424297782
425014.0072663079	4570959.8713652901
425013.1863611062	4570959.3003008021
425012.3654559044	4570958.7292363141
425011.5445507027	4570958.1581718251
425010.7058014579	4570957.6153505333
425009.8375583156	4570957.1192115955
425008.9693151734	4570956.6230726568
425008.1010720312	4570956.1269337190
425007.2328288890	4570955.6307947803
425006.3645857468	4570955.1346558426
425005.4963426046	4570954.6385169048
425004.6280994624	4570954.1423779661
425003.7598563202	4570953.6462390283
425002.8916131779	4570953.1501000896
425002.0233700357	4570952.6539611518
425001.1773625791	4570952.1214204486
425000.3395647611	4570951.5754398480
424999.5017669432	4570951.0294592474
424998.6639691252	4570950.4834786467
424997.8261713072	4570949.9374980461
424996.9883734893	4570949.3915174454
424996.1505756713	4570948.8455368448
424995.3127778533	4570948.2995562442
424994.4749800353	4570947.7535756435
424993.6371822173	4570947.2075950429
424992.7993843993	4570946.6616144432
424991.9615865814	4570946.1156338425
424991.1237887634	4570945.5696532419
424990.2449532704	4570945.0926849572
424989.3651665538	4570944.6173163280
424988.4853798374	4570944.1419476997
424987.6055931209	4570943.6665790705
424986.7258064044	4570943.1912104413
424985.8460196879	4570942.7158418121
424984.9662329714	4570942.2404731829
424984.0864462549	4570941.7651045537
424983.2066595384	4570941.2897359254
424982.3268728219	4570940.8143672962
424981.4470861054	4570940.3389986670
424980.5672993889	4570939.8636300378
424979.6875126724	4570939.3882614085
424978.8077259559	4570938.9128927803
424977.9279392394	4570938.4375241511
424977.0481525229	4570937.9621555218
424976.1662880127	4570937.4910458000
424975.2501306778	4570937.0902269660
424974.3339733429	4570936.6894081319
424973.4178160081	4570936.2885892978
424972.5016586732	4570935.8877704637
424971.5855013383	4570935.4869516296
424970.6693440035	4570935.0861327955
424969.7531866686	4570934.6853139615
424968.8370293337	4570934.2844951274
424967.9208719988	4570933.8836762933
424967.0047146639	4570933.4828574592
424966.0885573291	4570933.0820386251
424965.1723999942	4570932.6812197911
424964.2562426593	4570932.2804009570
424963.3400853244	4570931.8795821229
424962.4282487311	4570931.4692450026
424961.5234300289	4570931.0434479658
424960.6186113266	4570930.6176509298
424959.7137926244	4570930.1918538930
424958.8089739222	4570929.7660568571
424957.9041552199	4570929.3402598212
424956.9993365177	4570928.9144627843
424956.0945178155	4570928.4886657484
424955.1896991133	4570928.0628687125
424954.2848804110	4570927.6370716756
424953.3800617088	4570927.2112746397
424952.4773444227	4570926.7812638767
424951.5928482437	4570926.3147164416
424950.7083520648	4570925.8481690064
424949.8238558858	4570925.3816215713
424948.9393597068	4570924.9150741361
424948.0548635278	4570924.4485267010
424947.1703673488	4570923.9819792658
424946.2858711698	4570923.5154318307
424945.4013749908	4570923.0488843955
424944.5168788118	4570922.5823369594
424943.6323826328	4570922.1157895243
424942.7478864538	4570921.6492420891
424941.8633902748	4570921.1826946540
424941.0166282080	4570920.6524232244
424940.1822928873	4570920.1011659596
424939.3479575665	4570919.5499086939
424938.5136222458	4570918.9986514291
424937.6792869250	4570918.4473941633
424936.8449516043	4570917.8961368985
424936.0106162835	4570917.3448796328
424935.1762809628	4570916.7936223680
424934.3218290041	4570916.2747061467
424933.4585322099	4570915.7700095596
424932.5952354158	4570915.2653129725
424931.7319386216	4570914.7606163854
424930.8686418275	4570914.2559197973
424930.0053450333	4570913.7512232102
424929.1420482392	4570913.2465266231
424928.2787514450	4570912.7418300360
424927.4154546508	4570912.2371334489
424926.5238642222	4570911.7864514058
424925.6174181057	4570911.3641299196
424924.7109719891	4570910.9418084333
424923.8045258725	4570910.5194869470
424922.8980797560	4570910.0971654607
424921.9916336394	4570909.6748439744
424921.0851875228	4570909.2525224881
424920.1787414063	4570908.8302010018
424919.2722952898	4570908.4078795156
424918.3658491732	4570907.9855580293
424917.4594030566	4570907.5632365430
424916.5530334827	4570907.1407798845
424915.7245908336	4570906.5807059808
424914.8961481845	4570906.0206320779
424914.0677055355	4570905.4605581742
424913.2392628864	4570904.9004842713
424912.4108202373	4570904.3404103676
424911.5823775882	4570903.7803364648
424910.7539349392	4570903.2202625610
424909.9254922901	4570902.6601886582
424909.0970496410	4570902.1001147544
424908.2686069919	4570901.5400408506
424907.4358745925	4570900.9863869185
424906.6014099829	4570900.4353253832
424905.7669453732	4570899.8842638489
424904.9324807636	4570899.3332023136
424904.0980161539	4570898.7821407793
424903.2635515442	4570898.2310792441
424902.4290869346	4570897.6800177088
424901.5862104799	4570897.1451439112
424900.6556445281	4570896.7790196026
424899.7250785764	4570896.4128952939
424898.7945126247	4570896.0467709852
424897.8639466730	4570895.6806466766
424896.9333807213	4570895.3145223679
424896.0028147696	4570894.9483980583
424895.0722488179	4570894.5822737496
424894.1515532670	4570894.1945844535
424893.2662473914	4570893.7295753062
424892.3809415158	4570893.2645661598
424891.4956356402	4570892.7995570125
424890.6103297646	4570892.3345478661
424889.7250238890	4570891.8695387188
424888.8397180134	4570891.4045295725
424887.9544121378	4570890.9395204252
424887.0691062623	4570890.4745112788
424886.1838003866	4570890.0095021315
424885.2984945110	4570889.5444929851
424884.4131886355	4570889.0794838378
424883.5278827598	4570888.6144746915
424882.6425768843	4570888.1494655441
424881.8148807182	4570887.5910883639
424881.0021846134	4570887.0084005911
424880.1894885085	4570886.4257128173
424879.3767924037	4570885.8430250445
424878.5640962989	4570885.2603372708
424877.7514001940	4570884.6776494980
424876.9387040892	4570884.0949617242
424876.1260079843	4570883.5122739514
424875.2328220916	4570883.0635915659
424874.3366615539	4570882.6198615907
424873.4405010161	4570882.1761316163
424872.5443404784	4570881.7324016411
424871.6481799407	4570881.2886716658
424870.7520194029	4570880.8449416915
424869.8558588653	4570880.4012117162
424868.9596983276	4570879.9574817419
424868.0635377898	4570879.5137517666
424867.1673772521	4570879.0700217914
424866.2712167144	4570878.6262918171
424865.3750561766	4570878.1825618418
424864.4788956389	4570877.7388318665
424863.5810229838	4570877.2986655077
424862.6745768672	4570876.8763440214
424861.7681307506	4570876.4540225351
424860.8616846340	4570876.0317010488
424859.9552385173	4570875.6093795625
424859.0487924007	4570875.1870580763
424858.1423462841	4570874.7647365900
424857.2359001675	4570874.3424151046
424856.3294540509	4570873.9200936183
424855.4230079343	4570873.4977721320
424854.5165618176	4570873.0754506458
424853.6101157010	4570872.6531291595
424852.7192763606	4570872.2000609320
424851.8433286178	4570871.7176549295
424850.9673808750	4570871.2352489261
424850.0914331322	4570870.7528429227
424849.2154853894	4570870.2704369193
424848.3395376466	4570869.7880309159
424847.4635899039	4570869.3056249134
424846.5876421611	4570868.8232189100
424845.7116944183	4570868.3408129066
424844.8342304727	4570867.8613678757
424843.9308046625	4570867.4326234236
424843.0273788523	4570867.0038789716
424842.1239530420	4570866.5751345186
424841.2205272318	4570866.1463900665
424840.3171014216	4570865.7176456144
424839.4136756113	4570865.2889011614
424838.5102498011	4570864.8601567093
424837.6101946696	4570864.4246213967
424836.7224401383	4570863.9643042320
424835.8346856068	4570863.5039870674
424834.9469310754	4570863.0436699027
424834.0591765441	4570862.5833527381
424833.1714220127	4570862.1230355734
424832.2836674813	4570861.6627184087
424831.3959129499	4570861.2024012441
424830.5828868021	4570860.6218223199
424829.7770049892	4570860.0297458861
424828.9711231762	4570859.4376694523
424828.1652413633	4570858.8455930185
424827.3593595504	4570858.2535165846
424826.5534777374	4570857.6614401499
424825.7475959246	4570857.0693637161
424824.8529476250	4570856.6500528967
424823.9023421686	4570856.3396511152
424822.9517367122	4570856.0292493338
424822.0011312557	4570855.7188475514
424821.0505257993	4570855.4084457699
424820.0999203429	4570855.0980439875
424819.1489580751	4570854.7887399876
424818.1975135564	4570854.4809197029
424817.2460690378	4570854.1730994172
424816.2946245191	4570853.8652791325
424815.3654138783	4570853.5156576959
424814.5783579634	4570852.8987760320
424813.7913020484	4570852.2818943691
424813.0042461334	4570851.6650127051
424812.2171902184	4570851.0481310422
424811.4301343034	4570850.4312493782
424810.5728976396	4570849.9367019767
424809.6430910265	4570849.5686535258
424808.7132844134	4570849.2006050739
424807.7834778004	4570848.8325566230
424806.8536711873	4570848.4645081721
424805.9238645743	4570848.0964597212
424804.9940579612	4570847.7284112703
424804.0642513481	4570847.3603628194
424803.1344447350	4570846.9923143685
424802.2046381220	4570846.6242659176
424801.2748315089	4570846.2562174657
424800.3450248958	4570845.8881690148
424799.4189106235	4570845.5119261378
424798.5272438543	4570845.0592337782
424797.6355770850	4570844.6065414175
424796.7439103158	4570844.1538490579
424795.8522435465	4570843.7011566982
424794.9605767773	4570843.2484643385
424794.0689100081	4570842.7957719788
424793.1772432389	4570842.3430796191
424792.2855764696	4570841.8903872585
424791.4008514908	4570841.4247143464
424790.5292759536	4570840.9344531074
424789.6577004164	4570840.4441918675
424788.7861248792	4570839.9539306285
424787.9145493420	4570839.4636693886
424787.0429738048	4570838.9734081496
424786.1713982676	4570838.4831469096
424785.2998227303	4570837.9928856706
424784.4282471931	4570837.5026244307
424783.5566716559	4570837.0123631917
424782.6850961187	4570836.5221019518
424781.8060617769	4570836.0458915103
424780.9116345860	4570835.5986779146
424780.0172073950	4570835.1514643189
424779.1227802040	4570834.7042507231
424778.2283530130	4570834.2570371283
424777.3339258220	4570833.8098235326
424776.4394986310	4570833.3626099369
424775.5450714400	4570832.9153963411
424774.6506442490	4570832.4681827463
424773.7562170580	4570832.0209691506
424772.8617898670	4570831.5737555549
424771.9673626761	4570831.1265419591
424771.0729354851	4570830.6793283634
424770.1878097517	4570830.2139863670
424769.3028915294	4570829.7482399335
424768.4179733070	4570829.2824935010
424767.5330550846	4570828.8167470684
424766.6481368622	4570828.3510006350
424765.7632186399	4570827.8852542024
424764.8783004175	4570827.4195077699
424763.9933821951	4570826.9537613373
424763.1084639727	4570826.4880149039
424762.2235457503	4570826.0222684713
424761.3232392997	4570825.5877031712
424760.4152799153	4570825.1686449936
424759.5073205309	4570824.7495868159
424758.5993611464	4570824.3305286383
424757.6914017620	4570823.9114704607
424756.7834423775	4570823.4924122831
424755.8754829931	4570823.0733541055
424754.9675236086	4570822.6542959278
424754.0595642242	4570822.2352377502
424753.1516048397	4570821.8161795726
424752.2436454553	4570821.3971213950
424751.3356860709	4570820.9780632174
424750.4277266864	4570820.5590050397
424749.5197673020	4570820.1399468621
424748.6067555875	4570819.7320301179
424747.6932868074	4570819.3251212975
424746.7798180274	4570818.9182124780
424745.8663492474	4570818.5113036577
424744.9528804674	4570818.1043948373
424744.0394116874	4570817.6974860169
424743.1259429074	4570817.2905771965
424742.2124741274	4570816.8836683771
424741.2990053474	4570816.4767595567
424740.3855365674	4570816.0698507363
424739.4720677874	4570815.6629419159
424738.5585990073	4570815.2560330955
424737.6451302273	4570814.8491242761
424736.7316614473	4570814.4422154557
424735.8153910280	4570814.0417269291
424734.8958399661	4570813.6487563904
424733.9762889042	4570813.2557858508
424733.0567378423	4570812.8628153121
424732.1371867804	4570812.4698447734
424731.2176357185	4570812.0768742338
424730.2980846566	4570811.6839036951
424729.3785335947	4570811.2909331555
424728.4589825328	4570810.8979626168
424727.5394314709	4570810.5049920781
424726.6198804089	4570810.1120215384
424725.7003293470	4570809.7190509997
424724.7807782851	4570809.3260804610
424723.8612272232	4570808.9331099214
424722.9416761613	4570808.5401393827
424722.0242377192	4570808.1424107533
424721.1160473321	4570807.7238534447
424720.2078569451	4570807.3052961351
424719.2996665581	4570806.8867388265
424718.3914761710	4570806.4681815179
424717.4832857840	4570806.0496242084
424716.5750953970	4570805.6310668997
424715.6669050099	4570805.2125095902
424714.7587146229	4570804.7939522816
424713.8505242358	4570804.3753949730
424712.9423338488	4570803.9568376634
424712.0341434618	4570803.5382803548
424711.1259530747	4570803.1197230462
424710.2177626877	4570802.7011657367
424709.3095723007	4570802.2826084280
424708.4013819137	4570801.8640511185
424707.4400080495	4570801.5894757146
424706.4778020036	4570801.3171532489
424705.5155959578	4570801.0448307833
424704.5533899119	4570800.7725083176
424703.5911838660	4570800.5001858519
424702.6289778201	4570800.2278633863
424701.6708944010	4570799.9419674352
424700.7197695992	4570799.6331606815
424699.7686447973	4570799.3243539277
424698.8175199955	4570799.0155471731
424697.8663951936	4570798.7067404194
424696.9152703918	4570798.3979336657
424695.9641455899	4570798.0891269119
424695.0130207881	4570797.7803201573
424694.0618959862	4570797.4715134036
424693.1107711844	4570797.1627066499
424692.1693106855	4570796.8262592042
424691.2329815079	4570796.4751357622
424690.2966523303	4570796.1240123203
424689.3603231528	4570795.7728888793
424688.4239939752	4570795.4217654373
424687.4876647977	4570795.0706419954
424686.5384953190	4570794.7585858433
424685.5764313864	4570794.4857617430
424684.6143674538	4570794.2129376438
424683.6523035213	4570793.9401135435
424682.6902395886	4570793.6672894433
424681.7281756561	4570793.3944653431
424680.7661117235	4570793.1216412429
424679.8040477909	4570792.8488171427
424678.8419838583	4570792.5759930424
424677.8799199257	4570792.3031689422
424676.9178559931	4570792.0303448420
424675.9557920606	4570791.7575207418
424674.9937281279	4570791.4846966425
424674.0316641954	4570791.2118725423
424673.0696002628	4570790.9390484421
424672.1075363302	4570790.6662243418
424671.1454723976	4570790.3934002416
424670.1737057108	4570790.1583796153
424669.1991693667	4570789.9341500141
424668.2246330226	4570789.7099204129
424667.2500966786	4570789.4856908107
424666.2755603345	4570789.2614612095
424665.3010239905	4570789.0372316083
424664.3264876464	4570788.8130020071
424663.3519513023	4570788.5887724059
424662.3774149583	4570788.3645428047
424661.4028786142	4570788.1403132034
424660.4283422702	4570787.9160836022
424659.4538059261	4570787.6918540010
424658.4792695820	4570787.4676243989
424657.5047332380	4570787.2433947977
424656.5399249132	4570786.9809315084
424655.5767286119	4570786.7121325405
424654.6135323106	4570786.4433335727
424653.6503360092	4570786.1745346049
424652.6871397078	4570785.9057356371
424651.7239434065	4570785.6369366692
424650.7607471051	4570785.3681377023
424649.7975508038	4570785.0993387345
424648.8343545025	4570784.8305397667
424647.8711582012	4570784.5617407989
424646.9079618998	4570784.2929418311
424645.9447655984	4570784.0241428632
424644.9815692971	4570783.7553438954
424644.0183729957	4570783.4865449276
424643.0551766944	4570783.2177459598
424642.0919803931	4570782.9489469919
424641.1368641069	4570782.6530962856
424640.1840310659	4570782.3496013163
424639.2311980249	4570782.0461063478
424638.2783649839	4570781.7426113794
424637.3255319429	4570781.4391164109
424636.3726989019	4570781.1356214425
424635.4198658609	4570780.8321264731
424634.4670328200	4570780.5286315046
424633.5141997789	4570780.2251365362
424632.5613667380	4570779.9216415677
424631.6085336970	4570779.6181465983
424630.6557006560	4570779.3146516299
424629.7028676150	4570779.0111566614
424628.7500345740	4570778.7076616930
424627.7972015330	4570778.4041667245
424626.8443684920	4570778.1006717551
424625.8915354510	4570777.7971767867
424624.9454971891	4570777.4733332051
424624.0014806894	4570777.1434349660
424623.0574641896	4570776.8135367269
424622.1134476898	4570776.4836384878
424621.1694311900	4570776.1537402486
424620.2254146902	4570775.8238420095
424619.2813981905	4570775.4939437704
424618.3373816907	4570775.1640455313
424617.3933651910	4570774.8341472922
424616.4493486912	4570774.5042490531
424615.5053321914	4570774.1743508140
424614.5613156916	4570773.8444525748
424613.6172991919	4570773.5145543357
424612.6732826921	4570773.1846560966
424611.7292661924	4570772.8547578575
424610.7852496926	4570772.5248596184
424609.8412331928	4570772.1949613793
424608.8972166931	4570771.8650631402
424607.9532001933	4570771.5351649011
424607.0091836935	4570771.2052666619
424606.0651671937	4570770.8753684228
424605.1211506940	4570770.5454701837
424604.1771341942	4570770.2155719446
424603.2354806497	4570769.8794802446
424602.3116246861	4570769.4967399165
424601.3877687225	4570769.1139995884
424600.4639127589	4570768.7312592613
424599.5400567953	4570768.3485189332
424598.6162008317	4570767.9657786051
424597.6923448682	4570767.5830382779
424596.7684889045	4570767.2002979498
424595.8446329410	4570766.8175576217
424594.9207769774	4570766.4348172937
424593.9969210138	4570766.0520769665
424593.0730650503	4570765.6693366384
424592.1492090866	4570765.2865963103
424591.2253531231	4570764.9038559832
424590.3014971595	4570764.5211156551
424589.3776411959	4570764.1383753270
424588.4537852323	4570763.7556349989
424587.5299292687	4570763.3728946717
424586.6060733052	4570762.9901543437
424585.7030442832	4570762.5608206866
424584.8017039700	4570762.1277091075
424583.9003636569	4570761.6945975283
424582.9990233437	4570761.2614859501
424582.0976830306	4570760.8283743709
424581.1963427174	4570760.3952627918
424580.2950024042	4570759.9621512126
424579.3936620910	4570759.5290396335
424578.4923217779	4570759.0959280543
424577.5909814647	4570758.6628164761
424576.7139442689	4570758.1837838748
424575.8489130796	4570757.6820657849
424574.9838818904	4570757.1803476950
424574.1188507011	4570756.6786296051
424573.2538195119	4570756.1769115152
424572.3887883226	4570755.6751934253
424571.5237571334	4570755.1734753363
424570.6213889753	4570754.7454430740
424569.7052316405	4570754.3446242400
424568.7890743056	4570753.9438054059
424567.8729169708	4570753.5429865718
424566.9567596359	4570753.1421677377
424566.0406023011	4570752.7413489027
424565.1244449662	4570752.3405300686
424564.2082876314	4570751.9397112345
424563.2922572643	4570751.5386025524
424562.3764690555	4570751.1369410567
424561.4606808467	4570750.7352795620
424560.5448926380	4570750.3336180663
424559.6291044292	4570749.9319565715
424558.7133162205	4570749.5302950758
424557.7975280117	4570749.1286335811
424556.8817398030	4570748.7269720854
424555.9659515943	4570748.3253105907
424555.0501633855	4570747.9236490950
424554.1343751768	4570747.5219876003
424553.2185869681	4570747.1203261046
424552.3027987593	4570746.7186646098
424551.3870105506	4570746.3170031141
424550.4712223418	4570745.9153416194
424549.6027643841	4570745.4330059681
424548.8053579983	4570744.8295632983
424548.0079516126	4570744.2261206284
424547.2105452268	4570743.6226779576
424546.4131388411	4570743.0192352878
424545.6157324554	4570742.4157926179
424544.7330208365	4570741.9517585915
424543.8327682779	4570741.5163905509
424542.9325157193	4570741.0810225103
424542.0322631608	4570740.6456544697
424541.1320106022	4570740.2102864292
424540.2317580437	4570739.7749183886
424539.3315054852	4570739.3395503480
424538.4312529267	4570738.9041823065
424537.5310003681	4570738.4688142659
424536.6307478096	4570738.0334462253
424535.7304952510	4570737.5980781848
424534.8302426925	4570737.1627101442
424533.9299901339	4570736.7273421036
424533.0297375754	4570736.2919740630
424532.1294850168	4570735.8566060225
424531.2292324583	4570735.4212379819
424530.3322455127	4570734.9792295024
424529.4378183217	4570734.5320159066
424528.5433911307	4570734.0848023109
424527.6489639397	4570733.6375887152
424526.7545367486	4570733.1903751204
424525.8601095576	4570732.7431615246
424524.9656823666	4570732.2959479289
424524.0712551755	4570731.8487343341
424523.1768279845	4570731.4015207384
424522.2824007935	4570730.9543071426
424521.3879736025	4570730.5070935478
424520.4935464115	4570730.0598799521
424519.5991192204	4570729.6126663564
424518.6964734810	4570729.1823062962
424517.7933394764	4570728.7529475074
424516.8902054718	4570728.3235887187
424515.9870714672	4570727.8942299290
424515.0839374626	4570727.4648711402
424514.1808034581	4570727.0355123514
424513.2776694534	4570726.6061535617
424512.3745354489	4570726.1767947730
424511.4648113296	4570725.7616396993
424510.5537891698	4570725.3492823001
424509.6427670100	4570724.9369249018
424508.7317448502	4570724.5245675026
424507.8207226904	4570724.1122101042
424506.9097005307	4570723.6998527050
424505.9986783709	4570723.2874953067
424505.0876562111	4570722.8751379075
424504.1766340513	4570722.4627805082
424503.2656118915	4570722.0504231099
424502.3545897317	4570721.6380657107
424501.4435675720	4570721.2257083124
424500.5394314712	4570720.7990966141
424499.6501436687	4570720.3417486027
424498.7608558661	4570719.8844005903
424497.8715680635	4570719.4270525780
424496.9822802610	4570718.9697045656
424496.0516027498	4570718.6157379877
424495.0923981824	4570718.3330250625
424494.1331936151	4570718.0503121372
424493.1739890478	4570717.7675992120
424492.2147844805	4570717.4848862868
424491.2555799131	4570717.2021733616
424490.2963753458	4570716.9194604363
424489.3371707785	4570716.6367475111
424488.3779662111	4570716.3540345868
424487.4187616438	4570716.0713216616
424486.4595570765	4570715.7886087364
424485.5003525092	4570715.5058958111
424484.5730229137	4570715.1365134874
424483.6592113651	4570714.7303750217
424482.7453998165	4570714.3242365550
424481.8315882678	4570713.9180980893
424480.9177767192	4570713.5119596226
424480.0039651706	4570713.1058211569
424479.0901536220	4570712.6996826911
424478.1763420734	4570712.2935442245
424477.2579043965	4570711.8982142676
424476.3332262981	4570711.5174644627
424475.4085481997	4570711.1367146568
424474.4838701012	4570710.7559648519
424473.5591920028	4570710.3752150461
424472.6345139044	4570709.9944652412
424471.7098358060	4570709.6137154354
424470.8030141876	4570709.1927592726
424469.9005331497	4570708.7620296860
424468.9980521119	4570708.3313001003
424468.0955710740	4570707.9005705146
424467.1930900362	4570707.4698409280
424466.2906089983	4570707.0391113423
424465.3881279605	4570706.6083817557
424464.4856469226	4570706.1776521700
424463.5831658847	4570705.7469225843
424462.6806848469	4570705.3161929976
424461.7782038091	4570704.8854634119
424460.8748164388	4570704.4566874607
424459.9631353502	4570704.0457889419
424459.0514542616	4570703.6348904232
424458.1397731729	4570703.2239919044
424457.2280920843	4570702.8130933857
424456.3164109956	4570702.4021948669
424455.4047299069	4570701.9912963491
424454.4930488183	4570701.5803978303
424453.5813677296	4570701.1694993116
424452.6696866410	4570700.7586007928
424451.7631472482	4570700.3365394454
424450.8583285460	4570699.9107424086
424449.9535098439	4570699.4849453727
424449.0486911417	4570699.0591483358
424448.1438724395	4570698.6333512999
424447.2390537373	4570698.2075542631
424446.3342350352	4570697.7817572271
424445.4266110165	4570697.3619741118
424444.5189374995	4570696.9422971094
424443.6112639825	4570696.5226201061
424442.7035904654	4570696.1029431038
424441.7959169484	4570695.6832661014
424440.8882434313	4570695.2635890990
424439.9805699143	4570694.8439120967
424439.0728963972	4570694.4242350934
424438.1652228802	4570694.0045580911
424437.2575493632	4570693.5848810887
424436.3498758461	4570693.1652040863
424435.4422023291	4570692.7455270840
424434.5158065986	4570692.3704230133
424433.5806965666	4570692.0160655277
424432.6455865345	4570691.6617080411
424431.7104765024	4570691.3073505554
424430.7753664703	4570690.9529930688
424429.8402564383	4570690.5986355832
424428.9051464062	4570690.2442780975
424427.9700363741	4570689.8899206109
424427.0349263420	4570689.5355631253
424426.0998163099	4570689.1812056387
424425.1647062779	4570688.8268481530
424424.2295962458	4570688.4724906674
424423.3027754603	4570688.0976729579
424422.3847131066	4570687.7012369419
424421.4666507530	4570687.3048009258
424420.5485883994	4570686.9083649097
424419.6305260458	4570686.5119288936
424418.7124636921	4570686.1154928766
424417.7944013385	4570685.7190568605
424416.8763389849	4570685.3226208445
424415.9582766313	4570684.9261848284
424415.0402142777	4570684.5297488123
424414.1221519240	4570684.1333127962
424413.2040895704	4570683.7368767802
424412.3051121385	4570683.2989330068
424411.4065446226	4570682.8600977082
424410.5079771066	4570682.4212624105
424409.6094095907	4570681.9824271118
424408.7108420747	4570681.5435918132
424407.8122745587	4570681.1047565145
424406.9137070428	4570680.6659212159
424406.0151395268	4570680.2270859173
424405.1165720109	4570679.7882506186
424404.2180044949	4570679.3494153200
424403.3194369789	4570678.9105800213
424402.4449809960	4570678.4281527242
424401.5956956708	4570677.9002186032
424400.7464103457	4570677.3722844813
424399.8971250205	4570676.8443503603
424399.0478396954	4570676.3164162384
424398.1848581935	4570675.8134852564
424397.2827239718	4570675.3820297588
424396.3805897501	4570674.9505742621
424395.4784555284	4570674.5191187644
424394.5763213067	4570674.0876632677
424393.6741870849	4570673.6562077701
424392.7720528632	4570673.2247522734
424391.8699186415	4570672.7932967758
424390.9677844197	4570672.3618412791
424390.0631890741	4570671.9361163443
424389.1291372392	4570671.5789788784
424388.1950854044	4570671.2218414117
424387.2610335695	4570670.8647039458
424386.3269817347	4570670.5075664790
424385.3929298999	4570670.1504290132
424384.4588780650	4570669.7932915473
424383.5248262302	4570669.4361540806
424382.5907743954	4570669.0790166147
424381.6898994039	4570668.6570948968
424380.8541939243	4570668.1079170108
424380.0184884446	4570667.5587391239
424379.1827829649	4570667.0095612369
424378.3470774853	4570666.4603833500
424377.5012994901	4570665.9276244557
424376.6330563479	4570665.4314855179
424375.7648132058	4570664.9353465792
424374.8965700636	4570664.4392076405
424374.0283269214	4570663.9430687027
424373.1600837793	4570663.4469297640
424372.2918406371	4570662.9507908262
424371.4235974949	4570662.4546518875
424370.5553543527	4570661.9585129498
424369.6871112106	4570661.4623740111
424368.8188680684	4570660.9662350733
424367.9174231228	4570660.5365976626
424366.9990990364	4570660.1407683147
424366.0807749501	4570659.7449389677
424365.1624508638	4570659.3491096199
424364.2441267774	4570658.9532802720
424363.3258026911	4570658.5574509250
424362.4074786047	4570658.1616215771
424361.4851849033	4570657.7773291813
424360.5177258806	4570657.5243014367
424359.5502668580	4570657.2712736921
424358.5828078353	4570657.0182459475
424357.6153488127	4570656.7652182030
424356.6478897900	4570656.5121904584
424355.6804307674	4570656.2591627138
424354.7129717447	4570656.0061349692
424353.7458458508	4570655.7520067086
424352.8004728691	4570655.4260160252
424351.8550998874	4570655.1000253428
424350.9097269058	4570654.7740346594
424349.9643539241	4570654.4480439760
424349.0189809425	4570654.1220532926
424348.0736079608	4570653.7960626092
424347.1282349791	4570653.4700719267
424346.2081235476	4570653.0815559542
424345.3016234192	4570652.6593504148
424344.3951232908	4570652.2371448753
424343.4886231624	4570651.8149393369
424342.5821230341	4570651.3927337974
424341.6756229057	4570650.9705282580
424340.7691227773	4570650.5483227195
424339.8626226489	4570650.1261171801
424338.9561225205	4570649.7039116407
424338.0496223922	4570649.2817061022
424337.1009179928	4570648.9659154089
424336.1514529336	4570648.6520426618
424335.2019878744	4570648.3381699156
424334.2525228151	4570648.0242971685
424333.3030577558	4570647.7104244214
424332.3535926966	4570647.3965516742
424331.4041276374	4570647.0826789271
424330.4546625781	4570646.7688061809
424329.5051975188	4570646.4549334338
424328.5557324596	4570646.1410606867
424327.6062674003	4570645.8271879395
424326.6568023411	4570645.5133151924
424325.7073372818	4570645.1994424462
424324.7578722226	4570644.8855696991
424323.8084071633	4570644.5716969520
424322.8916922370	4570644.1766297277
424321.9901691795	4570643.7438986599
424321.0886461220	4570643.3111675922
424320.1871230646	4570642.8784365244
424319.2856000071	4570642.4457054567
424318.3840769496	4570642.0129743898
424317.4825538922	4570641.5802433221
424316.5810308347	4570641.1475122543
424315.6795077772	4570640.7147811865
424314.7779847198	4570640.2820501188
424313.8764616623	4570639.8493190510
424312.9749386048	4570639.4165879842
424312.0734155474	4570638.9838569164
424311.1718924899	4570638.5511258487
424310.2703694324	4570638.1183947809
424309.3688463750	4570637.6856637131
424308.4670992518	4570637.2534079114
424307.5596323447	4570636.8332843436
424306.6521654376	4570636.4131607758
424305.7446985305	4570635.9930372071
424304.8372316234	4570635.5729136392
424303.9297647163	4570635.1527900705
424303.0222978092	4570634.7326665027
424302.1148309022	4570634.3125429349
424301.2073639950	4570633.8924193662
424300.2998970879	4570633.4722957984
424299.3924301809	4570633.0521722296
424298.4849632738	4570632.6320486618
424297.5774963667	4570632.2119250940
424296.6700294596	4570631.7918015253
424295.7625625525	4570631.3716779575
424294.9116770070	4570630.8505881885
424294.0796267127	4570630.2958879927
424293.2475764183	4570629.7411877960
424292.4155261240	4570629.1864876002
424291.5834758296	4570628.6317874035
424290.6641208118	4570628.2388386894
424289.7437898934	4570627.8476980496
424288.8234589750	4570627.4565574089
424287.9031280565	4570627.0654167682
424286.9827971381	4570626.6742761284
424286.0417307709	4570626.3375438340
424285.0945148013	4570626.0169476597
424284.1472988316	4570625.6963514853
424283.2000828620	4570625.3757553110
424282.2528668924	4570625.0551591367
424281.3056509228	4570624.7345629623
424280.3584349532	4570624.4139667880
424279.4112189836	4570624.0933706146
424278.4743875698	4570623.7447117614
424277.5466481250	4570623.3714832487
424276.6189086801	4570622.9982547369
424275.6911692352	4570622.6250262242
424274.7634297904	4570622.2517977115
424273.8356903455	4570621.8785691997
424272.9079509006	4570621.5053406870
424271.9802114557	4570621.1321121752
424271.0524720109	4570620.7588836625
424270.1247325660	4570620.3856551498
424269.1969931211	4570620.0124266380
424268.2734472595	4570619.6293331245
424267.3609379349	4570619.2202772209
424266.4484286104	4570618.8112213165
424265.5359192858	4570618.4021654129
424264.6234099611	4570617.9931095084
424263.7109006366	4570617.5840536049
424262.7983913120	4570617.1749977013
424261.8858819874	4570616.7659417968
424260.9749780049	4570616.3533335496
424260.0649581247	4570615.9387689373
424259.1549382446	4570615.5242043249
424258.2449183645	4570615.1096397126
424257.3348984844	4570614.6950751003
424256.4248786042	4570614.2805104880
424255.5148587241	4570613.8659458756
424254.6048388439	4570613.4513812643
424253.6948189638	4570613.0368166519
424252.7847990837	4570612.6222520396
424251.8747792035	4570612.2076874273
424250.9647593234	4570611.7931228150
424250.0352951154	4570611.4252350526
424249.1000901063	4570611.0711283013
424248.1648850973	4570610.7170215501
424247.2296800883	4570610.3629147997
424246.2944750792	4570610.0088080484
424245.3592700702	4570609.6547012972
424244.4240650611	4570609.3005945468
424243.4888600521	4570608.9464877956
424242.5536550430	4570608.5923810443
424241.6184500340	4570608.2382742940
424240.6832450250	4570607.8841675427
424239.7480400159	4570607.5300607914
424238.8128350069	4570607.1759540411
424237.8739173283	4570606.8319498394
424236.9319646005	4570606.4962043120
424235.9900118728	4570606.1604587855
424235.0480591451	4570605.8247132590
424234.1061064173	4570605.4889677316
424233.1641536897	4570605.1532222051
424232.2222009619	4570604.8174766786
424231.2802482342	4570604.4817311512
424230.3382955065	4570604.1459856248
424229.3963427787	4570603.8102400983
424228.4543900510	4570603.4744945718
424227.5124373233	4570603.1387490444
424226.5704845956	4570602.8030035179
424225.6461807971	4570602.4227738008
424224.7302598139	4570602.0214151675
424223.8143388306	4570601.6200565342
424222.8984178473	4570601.2186979018
424221.9824968640	4570600.8173392685
424221.0665758807	4570600.4159806352
424220.1506548975	4570600.0146220019
424219.2347339142	4570599.6132633686
424218.3188129309	4570599.2119047362
424217.4028919476	4570598.8105461029
424216.4869709643	4570598.4091874696
424215.5708728851	4570598.0082536992
424214.6410487826	4570597.6402494358
424213.7112246802	4570597.2722451715
424212.7814005777	4570596.9042409072
424211.8515764752	4570596.5362366429
424210.9217523727	4570596.1682323785
424209.9919282702	4570595.8002281142
424209.0452037284	4570595.4786227308
424208.0965204303	4570595.1623949651
424207.1478371321	4570594.8461671993
424206.1991538340	4570594.5299394336
424205.2504705359	4570594.2137116678
424204.3017872377	4570593.8974839021
424203.3539674274	4570593.5788324028
424202.4190383005	4570593.2239978956
424201.4841091735	4570592.8691633884
424200.5491800466	4570592.5143288812
424199.6142509196	4570592.1594943739
424198.6793217926	4570591.8046598658
424197.7443926657	4570591.4498253586
424196.8094635387	4570591.0949908514
424195.8983397885	4570590.6865064753
424195.0079051064	4570590.2313954160
424194.1174704242	4570589.7762843557
424193.2270357420	4570589.3211732963
424192.3366010599	4570588.8660622360
424191.4461663778	4570588.4109511767
424190.5298712837	4570588.0167006785
424189.5841846845	4570587.6916209105
424188.6384980852	4570587.3665411416
424187.6928114860	4570587.0414613727
424186.7824789963	4570586.6402424285
424185.9239108514	4570586.1275429651
424185.0653427064	4570585.6148435008
424184.2067745614	4570585.1021440364
424183.3224626803	4570584.6364578400
424182.4280354893	4570584.1892442442
424181.5336082982	4570583.7420306494
424180.6391811071	4570583.2948170537
424179.6450855814	4570583.2204619935
424178.6468112082	4570583.1617399715
424177.6485368351	4570583.1030179495
424176.6502624619	4570583.0442959275
424175.6519880888	4570582.9855739055
424174.6537137156	4570582.9268518835
424173.6554393424	4570582.8681298615
424172.6571649692	4570582.8094078396
424171.6588905960	4570582.7506858176
424170.6606162229	4570582.6919637956
424169.6623418497	4570582.6332417736
424168.6640674765	4570582.5745197516
424167.6844313583	4570582.3918464817
424166.7130323518	4570582.1543933917
424165.7416333453	4570581.9169403007
424164.7702343388	4570581.6794872107
424163.7988353322	4570581.4420341207
424162.8274363257	4570581.2045810297
424161.8560373192	4570580.9671279397
424160.8846383127	4570580.7296748487
424159.9132393062	4570580.4922217587
424158.9418402997	4570580.2547686687
424157.9704412931	4570580.0173155777
424157.0041867145	4570579.7603229033
424156.0417987589	4570579.4886440057
424155.0794108034	4570579.2169651091
424154.1170228478	4570578.9452862125
424153.1546348923	4570578.6736073149
424152.1922469368	4570578.4019284183
424151.2362860957	4570578.1159715196
424150.3948199494	4570577.5756616779
424149.5533538031	4570577.0353518371
424148.7118876567	4570576.4950419953
424147.9085944374	4570575.9012869634
424147.1245486128	4570575.2805840196
424146.3405027883	4570574.6598810749
424145.5564569637	4570574.0391781311
424144.6703532210	4570573.5760748126
424143.7832203916	4570573.1145606274
424142.8977555427	4570572.6500412906
424142.0368290145	4570572.1413119780
424141.1759024862	4570571.6325826664
424140.3149759579	4570571.1238533538
424139.4540494297	4570570.6151240421
424138.5931229014	4570570.1063947296
424137.7321963732	4570569.5976654179
424136.8346790407	4570569.1572130686
424135.9343300879	4570568.7220444074
424135.0339811351	4570568.2868757471
424134.1336321823	4570567.8517070860
424133.2332832295	4570567.4165384257
424132.3329342767	4570566.9813697655
424131.4325853240	4570566.5462011043
424130.5322363712	4570566.1110324441
424129.6002083263	4570565.7493326990
424128.6657205913	4570565.3933373718
424127.7312328564	4570565.0373420436
424126.7967451214	4570564.6813467164
424125.8622573864	4570564.3253513891
424124.9020107297	4570564.0607693493
424123.9191385427	4570563.8764808141
424122.9362663558	4570563.6921922797
424121.9533941688	4570563.5079037445
424120.9705219818	4570563.3236152092
424119.9876497949	4570563.1393266749
424119.0024195594	4570562.9683555793
424118.0160256356	4570562.8039565925
424117.0296317117	4570562.6395576047
424116.0432377879	4570562.4751586169
424115.0568438642	4570562.3107596301
424114.0704499404	4570562.1463606423
424113.0864818671	4570561.9681310598
424112.1030188066	4570561.7870222293
424111.1195557460	4570561.6059133988
424110.1360926855	4570561.4248045683
424109.1526296249	4570561.2436957369
424108.1691665644	4570561.0625869064
424107.1857035038	4570560.8814780759
424106.2091018517	4570560.6675354214
424105.2354136729	4570560.4396509537
424104.2617254941	4570560.2117664861
424103.2880373153	4570559.9838820193
424102.3143491365	4570559.7559975516
424101.3406609577	4570559.5281130848
424100.4449255373	4570559.0893825693
424099.5571710059	4570558.6290654056
424098.6694164745	4570558.1687482409
424097.7816619431	4570557.7084310763
424096.8939074117	4570557.2481139116
424096.0061528803	4570556.7877967469
424095.1183983489	4570556.3274795823
424094.2366063129	4570555.8559528515
424093.3587107401	4570555.3771007201
424092.4808151672	4570554.8982485896
424091.6029195944	4570554.4193964591
424090.7250240215	4570553.9405443287
424089.8471284486	4570553.4616921972
424089.0578761348	4570552.8607554538
424088.3307606299	4570552.1742403097
424087.6036451249	4570551.4877251666
424086.8765296199	4570550.8012100225
424086.1097356164	4570550.1620423300
424085.3066375880	4570549.5661954060
424084.5035395597	4570548.9703484820
424083.7004415313	4570548.3745015580
424082.8973435029	4570547.7786546340
424082.0398417976	4570547.2653706204
424081.1754934601	4570546.7624770422
424080.3111451225	4570546.2595834639
424079.4467967849	4570545.7566898847
424078.5824484474	4570545.2537963064
424077.7181001098	4570544.7509027282
424076.8537517723	4570544.2480091490
424075.9683841436	4570543.7916393727
424075.0197008456	4570543.4754116070
424074.0710175475	4570543.1591838412
424073.1223342495	4570542.8429560754
424072.1736509514	4570542.5267283088
424071.2321402640	4570542.1900530001
424070.2937971470	4570541.8443476418
424069.3554540301	4570541.4986422835
424068.4171109131	4570541.1529369252
424067.4787677962	4570540.8072315669
424066.5930987890	4570540.3464118969
424065.7180647467	4570539.8623505114
424064.8430307043	4570539.3782891259
424063.9679966619	4570538.8942277413
424063.0929626195	4570538.4101663558
424062.2179285771	4570537.9261049703
424061.3182379965	4570537.4961192543
424060.3789730728	4570537.1529263016
424059.4397081490	4570536.8097333480
424058.5004432253	4570536.4665403953
424057.5611783015	4570536.1233474417
424056.6219133778	4570535.7801544890
424055.6826484541	4570535.4369615363
424054.8879355298	4570534.8534727460
424054.1446413836	4570534.1845080145
424053.4013472374	4570533.5155432830
424052.5831534596	4570532.9555584397
424051.6922473125	4570532.5013709925
424050.8013411656	4570532.0471835453
424049.9104350186	4570531.5929960981
424049.0195288716	4570531.1388086509
424048.1286227246	4570530.6846212037
424047.2377165776	4570530.2304337565
424046.4388863174	4570529.6417047875
424045.6929486561	4570528.9756890181
424044.9470109947	4570528.3096732488
424044.2010733333	4570527.6436574785
424043.4246397073	4570527.0395175815
424042.4420694615	4570526.8536259141
424041.4594992158	4570526.6677342467
424040.4769289700	4570526.4818425784
424039.4943587243	4570526.2959509110
424038.5163121693	4570526.0883273017
424037.5411793135	4570525.8667061981
424036.5660464577	4570525.6450850945
424035.5909136019	4570525.4234639909
424034.6157807461	4570525.2018428873
424033.6360161971	4570525.0156734996
424032.6366766992	4570524.9793338822
424031.6373372012	4570524.9429942640
424030.6379977033	4570524.9066546457
424029.6386582054	4570524.8703150274
424028.6393187074	4570524.8339754092
424027.6399792094	4570524.7976357918
424026.7096839749	4570524.5062910598
424025.8285237070	4570524.0334733548
424024.9473634390	4570523.5606556498
424024.0662031711	4570523.0878379438
424023.1850429031	4570522.6150202388
424022.3038826352	4570522.1422025338
424021.3694820222	4570521.7860163525
424020.4349942872	4570521.4300210243
424019.5005065523	4570521.0740256971
424018.5660188173	4570520.7180303698
424017.6315310823	4570520.3620350417
424016.6746314654	4570520.0781605076
424015.7029638622	4570519.8418089282
424014.7312962590	4570519.6054573487
424013.7596286559	4570519.3691057703
424012.7905145048	4570519.1258777687
424011.9000798226	4570518.6707667094
424011.0096451403	4570518.2156556491
424010.1192104582	4570517.7605445897
424009.2287757760	4570517.3054335294
424008.3383410937	4570516.8503224701
424007.4479064115	4570516.3952114098
424006.5048590865	4570516.0635517277
424005.5598730131	4570515.7364411633
424004.6148869397	4570515.4093305999
424003.6699008663	4570515.0822200356
424002.7249147928	4570514.7551094722
424001.7799287194	4570514.4279989079
424000.8486585148	4570514.0669722492
423999.9419374028	4570513.6452414999
423999.0352162909	4570513.2235107496
423998.1284951791	4570512.8017800003
423997.2217740672	4570512.3800492510
423996.3150529553	4570511.9583185008
423995.4211212084	4570511.5105869556
423994.5336251316	4570511.0497716852
423993.6461290546	4570510.5889564147
423992.7586329778	4570510.1281411443
423991.8711369009	4570509.6673258739
423990.9836408239	4570509.2065106034
423990.0961447471	4570508.7456953330
423989.1663612651	4570508.3874928756
423988.2118812870	4570508.0892178826
423987.2574013090	4570507.7909428896
423986.3029213310	4570507.4926678967
423985.3817818872	4570507.1103141159
423984.4822737286	4570506.6734101530
423983.5827655700	4570506.2365061911
423982.6832574114	4570505.7996022282
423981.7837492528	4570505.3626982654
423980.8952347776	4570504.9038949069
423980.0074802463	4570504.4435777422
423979.1197257149	4570503.9832605785
423978.2319711835	4570503.5229434138
423977.3442166521	4570503.0626262492
423976.4564621207	4570502.6023090845
423975.5687075893	4570502.1419919198
423974.7417031274	4570501.5864175316
423973.9499208718	4570500.9756140774
423973.1581386163	4570500.3648106232
423972.3663563607	4570499.7540071681
423971.5745741052	4570499.1432037139
423970.7521032527	4570498.5803004391
423969.8662717173	4570498.1162934452
423968.9804401820	4570497.6522864504
423968.0946086466	4570497.1882794555
423967.2087771113	4570496.7242724616
423966.3229455759	4570496.2602654668
423965.5504916584	4570495.6420432664
423964.8433848771	4570494.9349364853
423964.1362780959	4570494.2278297041
423963.4291713147	4570493.5207229229
423962.7220645335	4570492.8136161417
423962.0149577522	4570492.1065093614
423961.1435911123	4570491.6290633343
423960.2459235018	4570491.1883901441
423959.3482558913	4570490.7477169530
423958.4505882808	4570490.3070437629
423957.5529206703	4570489.8663705718
423956.6552530598	4570489.4256973807
423955.7575854493	4570488.9850241905
423954.8638942446	4570488.5364269791
423953.9740767818	4570488.0801103311
423953.0842593190	4570487.6237936830
423952.1944418562	4570487.1674770359
423951.3046243934	4570486.7111603878
423950.3927561437	4570486.3176992005
423949.4128795950	4570486.1180947181
423948.4330030462	4570485.9184902366
423947.4531264975	4570485.7188857542
423946.4732499487	4570485.5192812728
423945.4933734000	4570485.3196767904
423944.5134968513	4570485.1200723080
423943.5601196224	4570484.8275550157
423942.6223708617	4570484.4802406598
423941.6846221011	4570484.1329263039
423940.7607177574	4570483.7567725619
423939.9032248319	4570483.2422768055
423939.0457319065	4570482.7277810499
423938.1578331613	4570482.2769480627
423937.2187103090	4570481.9333665315
423936.2795874567	4570481.5897850003
423935.3404646045	4570481.2462034700
423934.4013417522	4570480.9026219388
423933.4674233117	4570480.5467801001
423932.5679151531	4570480.1098761372
423931.6684069946	4570479.6729721744
423930.7688988360	4570479.2360682115
423929.8693906775	4570478.7991642486
423928.9698825189	4570478.3622602858
423928.0703743603	4570477.9253563229
423927.1708662018	4570477.4884523600
423926.2713580433	4570477.0515483972
423925.3718498847	4570476.6146444343
423924.4483128580	4570476.2323789205
423923.5183521379	4570475.8647200316
423922.5883914177	4570475.4970611418
423921.6584306976	4570475.1294022528
423920.7284699774	4570474.7617433630
423919.7985092572	4570474.3940844741
423918.8685485371	4570474.0264255842
423917.9385878169	4570473.6587666953
423917.0086270968	4570473.2911078054
423916.0786663766	4570472.9234489165
423915.1487056565	4570472.5557900267
423914.2412784268	4570472.1372606754
423913.3441077507	4570471.6955766501
423912.4469370746	4570471.2538926257
423911.5497663985	4570470.8122086003
423910.6525957224	4570470.3705245750
423909.7554250463	4570469.9288405506
423908.8582543702	4570469.4871565253
423907.9610836942	4570469.0454724999
423907.0639130181	4570468.6037884755
423906.1511855456	4570468.1952367965
423905.2382945027	4570467.7870334843
423904.3254034599	4570467.3788301731
423903.4125124170	4570466.9706268609
423902.4996213742	4570466.5624235487
423901.5867303313	4570466.1542202374
423900.6738392884	4570465.7460169252
423899.7609482456	4570465.3378136130
423898.8480572027	4570464.9296103008
423897.9351661598	4570464.5214069895
423897.0222751170	4570464.1132036773
423896.1093840741	4570463.7050003652
423895.1964930313	4570463.2967970539
423894.2836019884	4570462.8885937417
423893.3707109456	4570462.4803904295
423892.4578199027	4570462.0721871173
423891.5449881454	4570461.6638512537
423890.6321698935	4570461.2554851938
423889.7193516416	4570460.8471191330
423888.8065333897	4570460.4387530731
423887.8937151378	4570460.0303870132
423886.9808968859	4570459.6220209533
423886.0680786339	4570459.2136548935
423885.1552603820	4570458.8052888336
423884.2424421301	4570458.3969227737
423883.3296238782	4570457.9885567129
423882.4168056263	4570457.5801906530
423881.5039873743	4570457.1718245931
423880.5911691225	4570456.7634585332
423879.6783508705	4570456.3550924733
423878.7655326186	4570455.9467264134
423877.8527143667	4570455.5383603536
423876.9398961148	4570455.1299942927
423876.0270778628	4570454.7216282329
423875.1142596110	4570454.3132621730
423874.2014413590	4570453.9048961131
423873.2886231071	4570453.4965300532
423872.3758048552	4570453.0881639933
423871.4629866033	4570452.6797979334
423870.5501683514	4570452.2714318736
423869.6373500995	4570451.8630658127
423868.7120855017	4570451.4840244176
423867.7842080666	4570451.1111390935
423866.8563306313	4570450.7382537685
423865.9284531962	4570450.3653684445
423865.0005757610	4570449.9924831195
423864.0726983258	4570449.6195977954
423863.1448208906	4570449.2467124704
423862.2169434554	4570448.8738271464
423861.2890660202	4570448.5009418214
423860.3611885850	4570448.1280564973
423859.4333111498	4570447.7551711723
423858.5054337146	4570447.3822858483
423857.5775562794	4570447.0094005233
423856.6496788442	4570446.6365151992
423855.7227159416	4570446.2613623338
423854.7957691283	4570445.8861695761
423853.8688223150	4570445.5109768193
423852.9418755017	4570445.1357840616
423852.0149286884	4570444.7605913039
423851.0879818751	4570444.3853985462
423850.1610350618	4570444.0102057885
423849.2340882485	4570443.6350130308
423848.3071414352	4570443.2598202731
423847.3801946219	4570442.8846275164
423846.4489962195	4570442.5222942159
423845.4810831130	4570442.2710090829
423844.5131700065	4570442.0197239490
423843.5452569000	4570441.7684388161
423842.5773437936	4570441.5171536822
423841.6094306871	4570441.2658685483
423840.6415175806	4570441.0145834154
423839.6736044741	4570440.7632982815
423838.7056913677	4570440.5120131485
423837.7377782612	4570440.2607280146
423836.7698651547	4570440.0094428807
423835.8019520483	4570439.7581577478
423834.8340389418	4570439.5068726139
423833.8687107013	4570439.2464988250
423832.9134248107	4570438.9508150965
423831.9581389199	4570438.6551313689
423831.0028530293	4570438.3594476404
423830.0475671386	4570438.0637639128
423829.0922812479	4570437.7680801842
423828.1369953572	4570437.4723964566
423827.1817094665	4570437.1767127281
423826.2264235759	4570436.8810290005
423825.2711376852	4570436.5853452720
423824.3158517945	4570436.2896615444
423823.3733312208	4570435.9567707013
423822.4377295018	4570435.6037134491
423821.5021277828	4570435.2506561968
423820.5665260638	4570434.8975989446
423819.6309243448	4570434.5445416924
423818.6953226258	4570434.1914844401
423817.7597209068	4570433.8384271879
423816.8434376976	4570433.4384726072
423815.9306194457	4570433.0301065473
423815.0178011938	4570432.6217404865
423814.1049829418	4570432.2133744266
423813.1921646900	4570431.8050083667
423812.2793464380	4570431.3966423068
423811.3665281861	4570430.9882762469
423810.4537099342	4570430.5799101871
423809.5408916823	4570430.1715441272
423808.6280734304	4570429.7631780664
423807.7550202840	4570429.2769096056
423806.8888346980	4570428.7771871528
423806.0226491120	4570428.2774646990
423805.1564635260	4570427.7777422452
423804.2902779400	4570427.2780197915
423803.4240923540	4570426.7782973377
423802.5579067680	4570426.2785748849
423801.6986803098	4570425.7670797342
423800.8432717287	4570425.2491259146
423799.9878631477	4570424.7311720951
423799.1324545666	4570424.2132182755
423798.2770459855	4570423.6952644559
423797.4216374044	4570423.1773106353
423796.5662288233	4570422.6593568157
423795.7108202422	4570422.1414029961
423794.8554116611	4570421.6234491765
423794.0000030800	4570421.1054953570
423793.1445944990	4570420.5875415364
423792.2891859179	4570420.0695877168
423791.4337773368	4570419.5516338972
423790.5783687557	4570419.0336800776
423789.7229601746	4570418.5157262580
423788.8743399381	4570417.9870099472
423788.0384130836	4570417.4381690836
423787.2024862292	4570416.8893282190
423786.3665593748	4570416.3404873554
423785.5306325204	4570415.7916464917
423784.6947056660	4570415.2428056272
423783.8587788115	4570414.6939647635
423783.0228519571	4570414.1451238990
423782.1869251026	4570413.5962830354
423781.3509982482	4570413.0474421708
423780.5150713938	4570412.4986013072
423779.6791445394	4570411.9497604426
423778.8432176850	4570411.4009195790
423778.0072908305	4570410.8520787153
423777.1739931979	4570410.2993849181
423776.3581717226	4570409.7210810874
423775.5423502473	4570409.1427772567
423774.7265287720	4570408.5644734260
423773.9107072967	4570407.9861695962
423773.0948858214	4570407.4078657655
423772.2790643461	4570406.8295619348
423771.4632428708	4570406.2512581041
423770.6474213955	4570405.6729542734
423769.8315999201	4570405.0946504427
423769.0157784448	4570404.5163466129
423768.1999569696	4570403.9380427822
423767.3427987295	4570403.4292296078
423766.4452444031	4570402.9883257281
423765.5476900766	4570402.5474218484
423764.6501357502	4570402.1065179687
423763.7525814238	4570401.6656140890
423762.8550270974	4570401.2247102093
423761.9574727709	4570400.7838063296
423761.0599184445	4570400.3429024499
423760.2231832595	4570399.7970958780
423759.3945942908	4570399.2372384667
423758.5660053221	4570398.6773810564
423757.7374163533	4570398.1175236451
423756.9088273846	4570397.5576662337
423756.0802384159	4570396.9978088224
423755.2516494472	4570396.4379514111
423754.4230604784	4570395.8780939998
423753.5944715097	4570395.3182365885
423752.7658825409	4570394.7583791772
423751.9357842352	4570394.2007970912
423751.0977861507	4570393.6551239192
423750.2597880662	4570393.1094507482
423749.4217899817	4570392.5637775762
423748.5837918972	4570392.0181044042
423747.7457938128	4570391.4724312322
423746.9077976423	4570390.9267551554
423746.0757473478	4570390.3720549596
423745.2436970532	4570389.8173547639
423744.4116467587	4570389.2626545681
423743.5795964641	4570388.7079543723
423742.7475461696	4570388.1532541765
423741.9154958751	4570387.5985539798
423741.0173742330	4570387.1871980233
423740.0551681873	4570386.9148755576
423739.0929621415	4570386.6425530910
423738.1307560957	4570386.3702306254
423737.1685500500	4570386.0979081597
423736.2063440042	4570385.8255856931
423735.2441379584	4570385.5532632275
423734.2854390743	4570385.2688727640
423733.3271513134	4570384.9830676429
423732.3688635527	4570384.6972625209
423731.4105757918	4570384.4114573998
423730.4522880310	4570384.1256522778
423729.4940002701	4570383.8398471568
423728.5357125093	4570383.5540420357
423727.5630648529	4570383.3241000380
423726.5857417129	4570383.1123466911
423725.6084185729	4570382.9005933441
423724.6310954329	4570382.6888399962
423723.6537722929	4570382.4770866493
423722.6764491530	4570382.2653333023
423721.6991260129	4570382.0535799544
423720.7249363342	4570381.8285138765
423719.7557678031	4570381.5821150970
423718.7865992720	4570381.3357163183
423717.8174307409	4570381.0893175388
423716.8482622099	4570380.8429187601
423715.8790936788	4570380.5965199806
423714.9099251477	4570380.3501212010
423713.9411091648	4570380.1023866963
423712.9765800245	4570379.8384103002
423712.0120508843	4570379.5744339041
423711.0475217442	4570379.3104575081
423710.0829926040	4570379.0464811120
423709.1184634638	4570378.7825047150
423708.1539343236	4570378.5185283190
423707.1894051834	4570378.2545519229
423706.2248760432	4570377.9905755268
423705.2603469030	4570377.7265991308
423704.2958177628	4570377.4626227347
423703.3312886226	4570377.1986463387
423702.3662476368	4570376.9365692493
423701.3996860790	4570376.6801345497
423700.4331245211	4570376.4236998511
423699.4665629633	4570376.1672651516
423698.5000014054	4570375.9108304530
423697.5334398476	4570375.6543957535
423696.5698441688	4570375.3880418008
423695.6211608707	4570375.0718140341
423694.6724775726	4570374.7555862684
423693.7237942745	4570374.4393585026
423692.7751109764	4570374.1231307369
423691.8264276783	4570373.8069029711
423690.8777443802	4570373.4906752054
423689.9290610822	4570373.1744474396
423688.9803777840	4570372.8582196729
423688.0316944859	4570372.5419919072
423687.0823100885	4570372.2278790670
423686.1325883067	4570371.9147839732
423685.1828665249	4570371.6016888805
423684.2331447431	4570371.2885937877
423683.2834229613	4570370.9754986949
423682.3337011796	4570370.6624036022
423681.3839793977	4570370.3493085094
423680.4342576160	4570370.0362134166
423679.4845358342	4570369.7231183229
423678.5348140524	4570369.4100232301
423677.5850922706	4570369.0969281374
423676.6453420547	4570368.7598437332
423675.7535148123	4570368.3074675957
423674.8616875700	4570367.8550914582
423673.9698603276	4570367.4027153207
423673.0780330852	4570366.9503391832
423672.1862058428	4570366.4979630457
423671.2943786005	4570366.0455869082
423670.4025513581	4570365.5932107707
423669.5107241157	4570365.1408346333
423668.6188968733	4570364.6884584967
423667.7686281312	4570364.1629910544
423666.9238090558	4570363.6279389728
423666.0789899803	4570363.0928868921
423665.2341709049	4570362.5578348106
423664.3893518294	4570362.0227827290
423663.5445327540	4570361.4877306474
423662.6997136785	4570360.9526785659
423661.8548946031	4570360.4176264852
423660.9976444155	4570359.9037796324
423660.1181009693	4570359.4279610468
423659.2385575230	4570358.9521424621
423658.3590140767	4570358.4763238765
423657.4794706304	4570358.0005052909
423656.5999271842	4570357.5246867063
423655.7203837380	4570357.0488681206
423654.8408402917	4570356.5730495350
423653.9609009655	4570356.0979865985
423653.0690002853	4570355.6457552668
423652.1770996051	4570355.1935239360
423651.2851989249	4570354.7412926052
423650.3932982447	4570354.2890612744
423649.5013975645	4570353.8368299436
423648.6094968844	4570353.3845986128
423647.7175962042	4570352.9323672820
423646.8256955240	4570352.4801359503
423645.9337948438	4570352.0279046195
423645.0394640158	4570351.5805347748
423644.1424519060	4570351.1385288080
423643.2454397961	4570350.6965228412
423642.3484276863	4570350.2545168744
423641.4514155764	4570349.8125109076
423640.5544034666	4570349.3705049409
423639.6573913567	4570348.9284989731
423638.7603792469	4570348.4864930063
423637.8633671371	4570348.0444870396
423636.9699541093	4570347.5954687186
423636.0878787909	4570347.1243603099
423635.2058034726	4570346.6532519013
423634.3237281543	4570346.1821434917
423633.4416528360	4570345.7110350830
423632.5595775176	4570345.2399266744
423631.6775021993	4570344.7688182658
423630.7954268810	4570344.2977098571
423629.9133515627	4570343.8266014485
423629.0312762443	4570343.3554930398
423628.1492009260	4570342.8843846312
423627.2671256077	4570342.4132762225
423626.3806928338	4570341.9506947938
423625.4821253178	4570341.5118594952
423624.5835578018	4570341.0730241966
423623.6849902858	4570340.6341888979
423622.7864227699	4570340.1953535993
423621.8878552538	4570339.7565183016
423620.9892877378	4570339.3176830029
423620.0907202218	4570338.8788477043
423619.1921527059	4570338.4400124056
423618.2935851899	4570338.0011771070
423617.3950176739	4570337.5623418083
423616.4964501579	4570337.1235065097
423615.5571013974	4570336.7856115494
423614.6058785785	4570336.4771068515
423613.6546557597	4570336.1686021527
423612.7034329408	4570335.8600974549
423611.7522101219	4570335.5515927570
423610.8009873030	4570335.2430880582
423609.8497644842	4570334.9345833603
423608.8985416653	4570334.6260786615
423607.9473188464	4570334.3175739637
423606.9916123214	4570334.0237740232
423606.0300883736	4570333.7490528952
423605.0685644259	4570333.4743317682
423604.1070404782	4570333.1996106403
423603.1455165305	4570332.9248895124
423602.1839925827	4570332.6501683854
423601.2224686350	4570332.3754472574
423600.2609446873	4570332.1007261295
423599.3531899491	4570331.6987817073
423598.4860844067	4570331.2006572466
423597.6189788642	4570330.7025327859
423596.7518733218	4570330.2044083253
423595.8847677793	4570329.7062838646
423595.0176622369	4570329.2081594039
423594.1477871863	4570328.7154514864
423593.2362821299	4570328.3041626196
423592.3247770735	4570327.8928737529
423591.4132720171	4570327.4815848852
423590.5017669607	4570327.0702960184
423589.5902619043	4570326.6590071516
423588.6787568479	4570326.2477182848
423587.7672517915	4570325.8364294171
423586.8557467351	4570325.4251405504
423585.9442416787	4570325.0138516836
423585.0327366223	4570324.6025628159
423584.1163858606	4570324.2027294040
423583.1864251404	4570323.8350705141
423582.2564644201	4570323.4674116252
423581.3265037000	4570323.0997527353
423580.3965429797	4570322.7320938464
423579.4665822595	4570322.3644349575
423578.5366215393	4570321.9967760677
423577.6066608191	4570321.6291171787
423576.6767000989	4570321.2614582898
423575.7467393787	4570320.8937994000
423574.8167786584	4570320.5261405110
423573.8932215532	4570320.1443267800
423573.0031077281	4570319.6885885019
423572.1129939031	4570319.2328502228
423571.2228800780	4570318.7771119447
423570.3327662529	4570318.3213736666
423569.4426524278	4570317.8656353876
423568.5525386028	4570317.4098971095
423567.6624247777	4570316.9541588314
423566.7723109526	4570316.4984205524
423565.8821971275	4570316.0426822742
423564.9920833025	4570315.5869439961
423564.1019694774	4570315.1312057171
423563.2118556523	4570314.6754674390
423562.3217418273	4570314.2197291609
423561.4316280022	4570313.7639908819
423560.5415141771	4570313.3082526037
423559.6514003520	4570312.8525143256
423558.7594285619	4570312.4004669292
423557.8631610329	4570311.9569531009
423556.9668935038	4570311.5134392716
423556.0706259748	4570311.0699254433
423555.1743584458	4570310.6264116140
423554.2780909168	4570310.1828977847
423553.3818233877	4570309.7393839564
423552.4855558587	4570309.2958701272
423551.5892883297	4570308.8523562988
423550.6930208007	4570308.4088424696
423549.7967532716	4570307.9653286403
423548.9004857426	4570307.5218148120
423548.0042182136	4570307.0783009827
423547.1209641528	4570306.6111436021
423546.2667655972	4570306.0911966553
423545.4125670416	4570305.5712497085
423544.5583684860	4570305.0513027618
423543.7041699304	4570304.5313558141
423542.8499713749	4570304.0114088673
423541.9957728193	4570303.4914619206
423541.1415742637	4570302.9715149738
423540.2873757081	4570302.4515680270
423539.4331771526	4570301.9316210793
423538.5663132150	4570301.4334807824
423537.6914200070	4570300.9491648991
423536.8165267990	4570300.4648490166
423535.9416335909	4570299.9805331333
423535.0667403829	4570299.4962172499
423534.1918471749	4570299.0119013675
423533.3169539668	4570298.5275854841
423532.4420607588	4570298.0432696017
423531.5804516178	4570297.5357519817
423530.7198749351	4570297.0264310883
423529.8592982523	4570296.5171101941
423528.9987215696	4570296.0077892998
423528.1381448868	4570295.4984684056
423527.2775682041	4570294.9891475122
423526.4115142863	4570294.4906426147
423525.4916710282	4570294.0983565198
423524.5718277700	4570293.7060704241
423523.6519845119	4570293.3137843292
423522.7321412537	4570292.9214982344
423521.8122979956	4570292.5292121386
423520.8924547375	4570292.1369260438
423519.9726114794	4570291.7446399480
423519.0527682213	4570291.3523538532
423518.1291589336	4570290.9695028029
423517.1920128834	4570290.6205654442
423516.2548668332	4570290.2716280846
423515.3177207830	4570289.9226907259
423514.3805747329	4570289.5737533662
423513.4434286827	4570289.2248160075
423512.5062826324	4570288.8758786479
423511.5691365823	4570288.5269412892
423510.6319905321	4570288.1780039296
423509.6948444819	4570287.8290665708
423508.7576984317	4570287.4801292112
423507.8205523815	4570287.1311918525
423506.8822242341	4570286.7855278188
423505.9383658777	4570286.4551773937
423504.9945075214	4570286.1248269696
423504.0506491650	4570285.7944765445
423503.1067908087	4570285.4641261194
423502.1629324523	4570285.1337756952
423501.2190740960	4570284.8034252701
423500.2752157396	4570284.4730748450
423499.3313573833	4570284.1427244209
423498.3874990269	4570283.8123739958
423497.4436140877	4570283.4821155593
423496.4690344366	4570283.2580742603
423495.4944547856	4570283.0340329614
423494.5198751345	4570282.8099916615
423493.5452954835	4570282.5859503625
423492.5707158324	4570282.3619090635
423491.5961361813	4570282.1378677646
423490.6215565303	4570281.9138264647
423489.6469768792	4570281.6897851657
423488.6723972282	4570281.4657438667
423487.6978175771	4570281.2417025678
423486.7255158960	4570281.0084581841
423485.7589543381	4570280.7520234846
423484.7923927802	4570280.4955887860
423483.8258312222	4570280.2391540874
423482.8592696643	4570279.9827193888
423481.8927081064	4570279.7262846893
423480.9198624649	4570279.5090279374
423479.9215880917	4570279.4503059164
423478.9233137185	4570279.3915838944
423477.9250393453	4570279.3328618724
423476.9267649721	4570279.2741398504
423475.9284905989	4570279.2154178293
423474.9322691561	4570279.1438738769
423473.9655639284	4570278.8879813161
423472.9988587008	4570278.6320887543
423472.0321534731	4570278.3761961935
423471.0654482453	4570278.1203036327
423470.0870494181	4570277.9147879379
423469.1064687424	4570277.7186718034
423468.1258880667	4570277.5225556679
423467.1453073910	4570277.3264395325
423466.1647267153	4570277.1303233979
423465.1841460396	4570276.9342072625
423464.2035653639	4570276.7380911270
423463.2229846882	4570276.5419749925
423462.2424040125	4570276.3458588570
423461.2618233369	4570276.1497427225
423460.2812426611	4570275.9536265871
423459.3006619854	4570275.7575104516
423458.3200813097	4570275.5613943171
423457.3395006340	4570275.3652781816
423456.3589199584	4570275.1691620462
423455.3783392827	4570274.9730459116
423454.3977586070	4570274.7769297762
423453.4171779313	4570274.5808136407
423452.4365972556	4570274.3846975062
423451.4560165799	4570274.1885813707
423450.5203244913	4570273.8531107539
423449.6096367635	4570273.4400152899
423448.6989490356	4570273.0269198259
423447.7882613078	4570272.6138243619
423446.8775735800	4570272.2007288979
423445.9668858521	4570271.7876334339
423445.0561981243	4570271.3745379699
423444.1455103965	4570270.9614425059
423443.2348226687	4570270.5483470419
423442.3241349408	4570270.1352515779
423441.4134472130	4570269.7221561139
423440.5027594852	4570269.3090606499
423439.5920717573	4570268.8959651859
423438.6463752131	4570268.5733723855
423437.6947600669	4570268.2660799939
423436.7431449208	4570267.9587876033
423435.7915297746	4570267.6514952127
423434.8399146284	4570267.3442028211
423433.8882994823	4570267.0369104305
423432.9366843361	4570266.7296180390
423431.9850691899	4570266.4223256484
423431.0334540438	4570266.1150332568
423430.0818388976	4570265.8077408662
423429.1302237514	4570265.5004484756
423428.1786086053	4570265.1931560840
423427.2551429172	4570264.8122605542
423426.3413313686	4570264.4061220875
423425.4275198200	4570263.9999836218
423424.5137082715	4570263.5938451560
423423.5998967229	4570263.1877066894
423422.6860851743	4570262.7815682236
423421.7722736257	4570262.3754297569
423420.8584620771	4570261.9692912912
423419.9446505286	4570261.5631528245
423419.0308389800	4570261.1570143588
423418.1170274314	4570260.7508758921
423417.2032158828	4570260.3447374264
423416.2894043342	4570259.9385989606
423415.3755927857	4570259.5324604940
423414.4617812371	4570259.1263220282
423413.5733884709	4570258.6725776885
423412.7275376104	4570258.1391582265
423411.8816867500	4570257.6057387656
423411.0358358895	4570257.0723193036
423410.1899850290	4570256.5388998426
423409.3441341685	4570256.0054803807
423408.4982833081	4570255.4720609197
423407.6524324476	4570254.9386414587
423406.8065815871	4570254.4052219968
423405.9607307267	4570253.8718025358
423405.1148798662	4570253.3383830739
423404.2690290057	4570252.8049636129
423403.4231781452	4570252.2715441510
423402.5773272848	4570251.7381246900
423401.7314764243	4570251.2047052281
423400.8856255638	4570250.6712857671
423399.9790079083	4570250.2637735577
423399.0351495519	4570249.9334231336
423398.0912911956	4570249.6030727085
423397.1474328392	4570249.2727222834
423396.2035744828	4570248.9423718592
423395.2597161265	4570248.6120214341
423394.3158577701	4570248.2816710090
423393.3719994137	4570247.9513205849
423392.4281410574	4570247.6209701598
423391.4842827010	4570247.2906197356
423390.5645147822	4570246.9041365730
423389.6748192307	4570246.4475822765
423388.7851236791	4570245.9910279801
423387.8954281276	4570245.5344736837
423387.0057325760	4570245.0779193882
423386.1160370244	4570244.6213650918
423385.2263414729	4570244.1648107953
423384.3366459214	4570243.7082564989
423383.4469503698	4570243.2517022025
423382.5572548182	4570242.7951479061
423381.6698732326	4570242.3342253258
423380.7923678953	4570241.8546584556
423379.9148625580	4570241.3750915853
423379.0373572207	4570240.8955247151
423378.1598518834	4570240.4159578448
423377.2823465462	4570239.9363909746
423376.4048412089	4570239.4568241043
423375.5273358716	4570238.9772572340
423374.6498305343	4570238.4976903638
423373.7723251970	4570238.0181234935
423372.8948198597	4570237.5385566233
423372.0173145224	4570237.0589897530
423371.1302721098	4570236.5979396617
423370.2302907860	4570236.1620112080
423369.3303094622	4570235.7260827543
423368.4303281384	4570235.2901543006
423367.5303468145	4570234.8542258469
423366.6303654907	4570234.4182973932
423365.7303841668	4570233.9823689396
423364.8304028430	4570233.5464404859
423363.9304215192	4570233.1105120322
423362.9886636312	4570232.7765209293
423362.0415977518	4570232.4554816484
423361.0945318723	4570232.1344423676
423360.1474659929	4570231.8134030858
423359.2004001135	4570231.4923638050
423358.2533342341	4570231.1713245241
423357.3062683547	4570230.8502852423
423356.3542812328	4570230.5447755903
423355.3951664783	4570230.2617581217
423354.4360517237	4570229.9787406530
423353.4769369692	4570229.6957231844
423352.5178222147	4570229.4127057148
423351.5587074601	4570229.1296882462
423350.5995927056	4570228.8466707775
423349.6404779511	4570228.5636533089
423348.6830907325	4570228.2748643383
423347.7262101558	4570227.9843827346
423346.7693295791	4570227.6939011319
423345.8124490024	4570227.4034195282
423344.8555684257	4570227.1129379245
423343.8986878490	4570226.8224563207
423342.9418072723	4570226.5319747180
423341.9824489648	4570226.2498292066
423341.0222536681	4570225.9704996655
423340.0620583715	4570225.6911701243
423339.1018630750	4570225.4118405841
423338.1416677783	4570225.1325110430
423337.1814724817	4570224.8531815019
423336.2212771851	4570224.5738519616
423335.2610818885	4570224.2945224205
423334.3008865919	4570224.0151928794
423333.3406912953	4570223.7358633392
423332.3804959987	4570223.4565337980
423331.4203007021	4570223.1772042569
423330.4601054054	4570222.8978747167
423329.4999101089	4570222.6185451755
423328.5043621609	4570222.5253323438
423327.5086214869	4570222.4331341330
423326.5128808128	4570222.3409359232
423325.5171401387	4570222.2487377124
423324.5213994647	4570222.1565395016
423323.5256587906	4570222.0643412909
423322.5460361397	4570221.8853524011
423321.5835864638	4570221.6138922367
423320.6211367878	4570221.3424320715
423319.6586871118	4570221.0709719062
423318.6962374358	4570220.7995117409
423317.7337877598	4570220.5280515766
423316.7713380838	4570220.2565914113
423315.8088884078	4570219.9851312460
423314.8464387318	4570219.7136710817
423313.8839890558	4570219.4422109164
423312.9215393798	4570219.1707507512
423311.9590897039	4570218.8992905859
423310.9966400279	4570218.6278304216
423310.0341903519	4570218.3563702563
423309.0717406759	4570218.0849100910
423308.1092909999	4570217.8134499267
423307.1468413239	4570217.5419897614
423306.1843916479	4570217.2705295961
423305.2219419719	4570216.9990694309
423304.2594585077	4570216.7277301904
423303.2956944444	4570216.4609740656
423302.3319303810	4570216.1942179408
423301.3681663176	4570215.9274618160
423300.4044022542	4570215.6607056912
423299.4406381909	4570215.3939495664
423298.4768741275	4570215.1271934416
423297.5131100641	4570214.8604373159
423296.5493460007	4570214.5936811911
423295.5855819374	4570214.3269250663
423294.6218178740	4570214.0601689415
423293.6580538106	4570213.7934128167
423292.6942897473	4570213.5266566919
423291.7305256839	4570213.2599005671
423290.7677020150	4570212.9900151789
423289.8165453922	4570212.6813064506
423288.8653887694	4570212.3725977223
423287.9142321467	4570212.0638889940
423286.9630755239	4570211.7551802658
423286.0119189011	4570211.4464715375
423285.0607622784	4570211.1377628092
423284.1096056556	4570210.8290540809
423283.1584490328	4570210.5203453526
423282.2072924100	4570210.2116366243
423281.2561357872	4570209.9029278960
423280.3049791645	4570209.5942191677
423279.3538225417	4570209.2855104394
423278.4026659189	4570208.9768017111
423277.4515092961	4570208.6680929828
423276.5004367607	4570208.3591253487
423275.5494026920	4570208.0500392765
423274.5983686233	4570207.7409532042
423273.6473345545	4570207.4318671320
423272.6963004858	4570207.1227810597
423271.7452664170	4570206.8136949874
423270.7942323483	4570206.5046089152
423269.8431982795	4570206.1955228429
423268.8921642108	4570205.8864367707
423267.9411301420	4570205.5773506984
423266.9900960733	4570205.2682646262
423266.0390620046	4570204.9591785539
423265.0880279358	4570204.6500924816
423264.1369938670	4570204.3410064094
423263.1859597983	4570204.0319203371
423262.2334692246	4570203.7273843959
423261.2797300125	4570203.4267492089
423260.3259908005	4570203.1261140229
423259.3722515884	4570202.8254788360
423258.4185123763	4570202.5248436499
423257.4647731643	4570202.2242084630
423256.5110339522	4570201.9235732770
423255.5572947401	4570201.6229380900
423254.6035555281	4570201.3223029040
423253.6498163160	4570201.0216677170
423252.6960771039	4570200.7210325310
423251.7423378919	4570200.4203973440
423250.7996405511	4570200.0868272902
423249.8574258609	4570199.7518176232
423248.9152111706	4570199.4168079551
423247.9729964803	4570199.0817982871
423247.0307817901	4570198.7467886200
423246.0885670997	4570198.4117789520
423245.1463524095	4570198.0767692840
423244.2041377192	4570197.7417596169
423243.2619230289	4570197.4067499489
423242.3197083387	4570197.0717402818
423241.3774936483	4570196.7367306137
423240.4352789581	4570196.4017209457
423239.4930642678	4570196.0667112786
423238.5508495776	4570195.7317016106
423237.6086348873	4570195.3966919435
423236.6664201970	4570195.0616822755
423235.7242055067	4570194.7266726075
423234.7754892520	4570194.4107497232
423233.8246909834	4570194.1009390512
423232.8738927147	4570193.7911283793
423231.9230944460	4570193.4813177073
423230.9722961773	4570193.1715070363
423230.0214979087	4570192.8616963644
423229.0706996399	4570192.5518856924
423228.1199013713	4570192.2420750214
423227.1691031026	4570191.9322643494
423226.2183048339	4570191.6224536775
423225.2675065652	4570191.3126430064
423224.3165384639	4570191.0033544805
423223.3654136620	4570190.6945477268
423222.4142888601	4570190.3857409731
423221.4631640582	4570190.0769342184
423220.5120392564	4570189.7681274647
423219.5609144545	4570189.4593207110
423218.6097896527	4570189.1505139573
423217.6586648508	4570188.8417072035
423216.7075400489	4570188.5329004489
423215.7564152470	4570188.2240936952
423214.8410463452	4570187.8244251981
423213.9345462169	4570187.4022196587
423213.0280460886	4570186.9800141193
423212.1215459604	4570186.5578085799
423211.2150458321	4570186.1356030405
423210.3085457039	4570185.7133975020
423209.4020455756	4570185.2911919625
423208.4955454473	4570184.8689864231
423207.5890453190	4570184.4467808837
423206.6826534776	4570184.0243434263
423205.7769632509	4570183.6004033210
423204.8712730242	4570183.1764632147
423203.9655827975	4570182.7525231093
423203.0598925709	4570182.3285830030
423202.1542023442	4570181.9046428977
423201.2485121174	4570181.4807027914
423200.3488778180	4570181.0440826872
423199.4498879491	4570180.6061132643
423198.5508980802	4570180.1681438414
423197.6519082113	4570179.7301744185
423196.7529183424	4570179.2922049947
423195.8107630495	4570178.9666167516
423194.8497374564	4570178.6901573343
423193.8887118633	4570178.4136979170
423192.9276862702	4570178.1372384997
423191.9666606772	4570177.8607790824
423191.0056350841	4570177.5843196651
423190.0446094910	4570177.3078602478
423189.0835838979	4570177.0314008305
423188.1225583049	4570176.7549414132
423187.1673440686	4570176.4595146254
423186.2163942319	4570176.1501694983
423185.2654443951	4570175.8408243703
423184.3144945583	4570175.5314792432
423183.3635447216	4570175.2221341152
423182.4125948849	4570174.9127889872
423181.4616450481	4570174.6034438601
423180.5106952114	4570174.2940987321
423179.5597453746	4570173.9847536050
423178.6087955379	4570173.6754084770
423177.6584824609	4570173.3641711893
423176.7139856641	4570173.0356505644
423175.7694888673	4570172.7071299395
423174.8249920705	4570172.3786093155
423173.8804952737	4570172.0500886906
423172.9359984770	4570171.7215680657
423171.9915016801	4570171.3930474408
423171.0470048834	4570171.0645268159
423170.1025080866	4570170.7360061919
423169.2089701682	4570170.3137363521
423168.4196179510	4570169.6997957388
423167.6302657338	4570169.0858551245
423166.8409135166	4570168.4719145112
423166.0515612994	4570167.8579738969
423165.2622090822	4570167.2440332836
423164.3368925484	4570166.8841443192
423163.3882092504	4570166.5679165535
423162.4395259522	4570166.2516887868
423161.4908426542	4570165.9354610210
423160.5421593561	4570165.6192332553
423159.5934760580	4570165.3030054895
423158.6447927599	4570164.9867777238
423157.6996354659	4570164.6606425978
423156.7644760207	4570164.3064155355
423155.8293165755	4570163.9521884723
423154.8941571302	4570163.5979614099
423153.9589976850	4570163.2437343467
423153.0238382397	4570162.8895072844
423152.0886787945	4570162.5352802211
423151.1535193493	4570162.1810531588
423150.2183599040	4570161.8268260956
423149.2827187837	4570161.4738739822
423148.3469481237	4570161.1212647483
423147.4111774638	4570160.7686555143
423146.4754068038	4570160.4160462804
423145.5396361438	4570160.0634370465
423144.6038654839	4570159.7108278126
423143.6680948239	4570159.3582185777
423142.7323241639	4570159.0056093438
423141.7965535039	4570158.6530001098
423140.8668895876	4570158.2846178869
423139.9376427829	4570157.9151583137
423139.0083959783	4570157.5456987405
423138.0791491737	4570157.1762391673
423137.1499023690	4570156.8067795951
423136.2206555644	4570156.4373200219
423135.2914087597	4570156.0678604487
423134.3621619551	4570155.6984008756
423133.4329151504	4570155.3289413024
423132.5036683458	4570154.9594817301
423131.5722985099	4570154.5955870319
423130.6330962053	4570154.2522227485
423129.6938939008	4570153.9088584650
423128.7546915962	4570153.5654941825
423127.8154892916	4570153.2221298991
423126.8762869871	4570152.8787656156
423125.9370846825	4570152.5354013322
423124.9978823779	4570152.1920370487
423124.0586800733	4570151.8486727653
423123.1194777688	4570151.5053084819
423122.1802754642	4570151.1619441984
423121.2410731596	4570150.8185799150
423120.3011590732	4570150.4771821070
423119.3597726583	4570150.1398519753
423118.4183862435	4570149.8025218435
423117.4769998287	4570149.4651917117
423116.5356134139	4570149.1278615789
423115.5942269991	4570148.7905314472
423114.6528405843	4570148.4532013154
423113.7114541695	4570148.1158711826
423112.7700677547	4570147.7785410509
423111.8286813399	4570147.4412109191
423110.8872949251	4570147.1038807863
423109.9459085103	4570146.7665506545
423109.0045220955	4570146.4292205228
423108.0631356807	4570146.0918903900
423107.1217492658	4570145.7545602582
423106.1804969608	4570145.4168656105
423105.2449547524	4570145.0636506956
423104.3094125440	4570144.7104357798
423103.3738703356	4570144.3572208649
423102.4383281272	4570144.0040059499
423101.5027859188	4570143.6507910350
423100.5672437104	4570143.2975761192
423099.6317015020	4570142.9443612043
423098.6961592936	4570142.5911462894
423097.7606170852	4570142.2379313745
423096.8250748767	4570141.8847164586
423095.8895326683	4570141.5315015437
423094.9539904599	4570141.1782866288
423094.0039256214	4570140.8708271645
423093.0359287233	4570140.6198650049
423092.0679318252	4570140.3689028462
423091.0999349270	4570140.1179406876
423090.1319380289	4570139.8669785289
423089.1639411308	4570139.6160163693
423088.1959442327	4570139.3650542106
423087.2279473346	4570139.1140920520
423086.2599504364	4570138.8631298924
423085.2919535383	4570138.6121677337
423084.3239566402	4570138.3612055751
423083.3559597420	4570138.1102434164
423082.3879628439	4570137.8592812568
423081.4211882011	4570137.6042712592
423080.4760634889	4570137.2775614820
423079.5309387768	4570136.9508517049
423078.5858140646	4570136.6241419278
423077.6406893525	4570136.2974321507
423076.6955646403	4570135.9707223736
423075.7504399282	4570135.6440125965
423074.8053152160	4570135.3173028193
423073.8601905039	4570134.9905930422
423072.9150657917	4570134.6638832651
423071.9699410796	4570134.3371734871
423071.0029707899	4570134.0860461313
423070.0292826111	4570133.8581616646
423069.0555944323	4570133.6302771969
423068.0819062534	4570133.4023927301
423067.1082180746	4570133.1745082624
423066.1345298958	4570132.9466237957
423065.1608417169	4570132.7187393280
423064.1871535381	4570132.4908548603
423063.2134653593	4570132.2629703935
423062.2397771805	4570132.0350859258
423061.2660890017	4570131.8072014591
423060.2924008228	4570131.5793169914
423059.3187126440	4570131.3514325246
423058.3450244652	4570131.1235480569
423057.3713362864	4570130.8956635902
423056.3976481076	4570130.6677791225
423055.4239599287	4570130.4398946557
423054.4489782194	4570130.2177358512
423053.4718892498	4570130.0049045905
423052.4948002803	4570129.7920733299
423051.5177113107	4570129.5792420693
423050.5406223412	4570129.3664108077
423049.5635333716	4570129.1535795471
423048.5864444021	4570128.9407482864
423047.6093554325	4570128.7279170258
423046.6322664630	4570128.5150857642
423045.6551774934	4570128.3022545036
423044.6780885239	4570128.0894232430
423043.7009995543	4570127.8765919823
423042.7239105848	4570127.6637607217
423041.7577417781	4570127.4059740836
423040.7918989409	4570127.1468455177
423039.8260561037	4570126.8877169518
423038.8602132664	4570126.6285883859
423037.8943704292	4570126.3694598190
423036.9285275920	4570126.1103312531
423035.9626847548	4570125.8512026872
423034.9968419176	4570125.5920741204
423034.0309990804	4570125.3329455545
423033.0651562431	4570125.0738169886
423032.0974174547	4570124.8218926471
423031.1291401309	4570124.5720146280
423030.1608628071	4570124.3221366089
423029.1925854833	4570124.0722585907
423028.2243081595	4570123.8223805716
423027.2560308358	4570123.5725025525
423026.2877535120	4570123.3226245344
423025.3194761882	4570123.0727465153
423024.3511988644	4570122.8228684962
423023.3829215407	4570122.5729904780
423022.4146442169	4570122.3231124589
423021.4438391373	4570122.0840177443
423020.4653846998	4570121.8775548814
423019.4869302624	4570121.6710920185
423018.5084758250	4570121.4646291547
423017.5300213876	4570121.2581662918
423016.5515669501	4570121.0517034288
423015.5731125127	4570120.8452405650
423014.5946580753	4570120.6387777021
423013.6162036379	4570120.4323148392
423012.6377492005	4570120.2258519754
423011.6592947630	4570120.0193891125
423010.6808403256	4570119.8129262496
423009.7023858882	4570119.6064633857
423008.7239314508	4570119.4000005228
423007.7465950727	4570119.1883179164
423006.7694187087	4570118.9758882727
423005.7922423447	4570118.7634586282
423004.8150659807	4570118.5510289846
423003.8378896167	4570118.3385993401
423002.8607132527	4570118.1261696965
423001.8835368887	4570117.9137400528
423000.9063605247	4570117.7013104083
422999.9332035390	4570117.4721442126
422998.9661290018	4570117.2176509136
422997.9990544645	4570116.9631576138
422997.0319799274	4570116.7086643148
422996.0649053901	4570116.4541710149
422995.0978308529	4570116.1996777160
422994.1307563156	4570115.9451844161
422993.1636817784	4570115.6906911172
422992.1966072412	4570115.4361978173
422991.2295327040	4570115.1817045184
422990.2624581667	4570114.9272112185
422989.2953836295	4570114.6727179196
422988.3283090923	4570114.4182246197
422987.3612345550	4570114.1637313208
422986.3941600178	4570113.9092380209
422985.4270854806	4570113.6547447219
422984.4600109434	4570113.4002514221
422983.4749261105	4570113.2309966264
422982.4875616597	4570113.0725307269
422981.5001972089	4570112.9140648274
422980.5128327581	4570112.7555989278
422979.5254683073	4570112.5971330283
422978.5381038565	4570112.4386671288
422977.5507394057	4570112.2802012293
422976.5633749549	4570112.1217353297
422975.5760105041	4570111.9632694302
422974.5900146007	4570111.7990728440
422973.6375904535	4570111.4942971170
422972.6851663064	4570111.1895213900
422971.7327421591	4570110.8847456630
422970.7803180120	4570110.5799699351
422969.8278938648	4570110.2751942081
422968.8754697176	4570109.9704184812
422967.9230455704	4570109.6656427542
422966.9706214232	4570109.3608670272
422966.0181972761	4570109.0560913002
422965.0601819208	4570108.7698365329
422964.0982110948	4570108.4966843231
422963.1362402687	4570108.2235321132
422962.1742694427	4570107.9503799034
422961.2122986167	4570107.6772276927
422960.2503277906	4570107.4040754829
422959.2883569646	4570107.1309232730
422958.3263861385	4570106.8577710632
422957.3644153125	4570106.5846188534
422956.4024444865	4570106.3114666427
422955.4454574862	4570106.0218924098
422954.4939302101	4570105.7143280376
422953.5424029340	4570105.4067636663
422952.5908756579	4570105.0991992941
422951.6393483819	4570104.7916349219
422950.6878211058	4570104.4840705507
422949.7362938297	4570104.1765061785
422948.7847665536	4570103.8689418063
422947.8332392775	4570103.5613774341
422946.8817120014	4570103.2538130628
422945.9301847253	4570102.9462486906
422944.9786574493	4570102.6386843184
422944.0271301732	4570102.3311199471
422943.0813666925	4570102.0062707346
422942.1356800933	4570101.6811909666
422941.1899934940	4570101.3561111977
422940.2443068947	4570101.0310314288
422939.2986202955	4570100.7059516609
422938.3529336963	4570100.3808718920
422937.4072470970	4570100.0557921231
422936.4615604977	4570099.7307123542
422935.5158738985	4570099.4056325862
422934.5701872992	4570099.0805528173
422933.6245006999	4570098.7554730484
422932.6788141007	4570098.4303932795
422931.7331275014	4570098.1053135116
422930.7874409022	4570097.7802337427
422929.8417543029	4570097.4551539738
422928.8960677036	4570097.1300742049
422927.9655217536	4570096.7647950184
422927.0403531352	4570096.3852386614
422926.1151845168	4570096.0056823054
422925.1900158983	4570095.6261259494
422924.2648472800	4570095.2465695934
422923.3396786615	4570094.8670132374
422922.4145100431	4570094.4874568814
422921.4893414247	4570094.1079005245
422920.5641728063	4570093.7283441685
422919.6390041879	4570093.3487878125
422918.7153769571	4570092.9655090012
422917.7927079833	4570092.5799159976
422916.8700390094	4570092.1943229940
422915.9473700355	4570091.8087299895
422915.0247010617	4570091.4231369859
422914.1020320878	4570091.0375439823
422913.1793631140	4570090.6519509777
422912.2566941401	4570090.2663579741
422911.3340251662	4570089.8807649706
422910.4113561923	4570089.4951719660
422909.4886872185	4570089.1095789624
422908.5660182446	4570088.7239859579
422907.6433492708	4570088.3383929543
422906.7206802969	4570087.9527999507
422905.7980113231	4570087.5672069462
422904.8753423492	4570087.1816139426
422903.9526733753	4570086.7960209390
422903.0237069258	4570086.4279780025
422902.0663792150	4570086.1389734102
422901.1090515043	4570085.8499688180
422900.1517237935	4570085.5609642267
422899.1943960827	4570085.2719596345
422898.2370683719	4570084.9829550423
422897.2797406612	4570084.6939504500
422896.3863798342	4570084.2674026638
422895.5485167759	4570083.7215221869
422894.7106537175	4570083.1756417099
422893.8727906591	4570082.6297612321
422893.0349276007	4570082.0838807551
422892.1970645424	4570081.5380002782
422891.3592014839	4570080.9921198003
422890.5213384255	4570080.4462393234
422889.6834753672	4570079.9003588464
422888.8376311361	4570079.3704172913
422887.8986124112	4570079.0265512792
422886.9595936864	4570078.6826852672
422886.0205749615	4570078.3388192551
422885.0815562366	4570077.9949532431
422884.1425375117	4570077.6510872310
422883.2035187868	4570077.3072212189
422882.2645000619	4570076.9633552069
422881.3254813371	4570076.6194891939
422880.3866960193	4570076.2751831207
422879.5753271890	4570075.6906485874
422878.7639583586	4570075.1061140532
422877.9525895283	4570074.5215795198
422877.1412206980	4570073.9370449856
422876.3298518677	4570073.3525104523
422875.5184830373	4570072.7679759180
422874.7071142070	4570072.1834413847
422873.8957453767	4570071.5989068514
422873.0843765463	4570071.0143723171
422872.2730077160	4570070.4298377838
422871.4616388857	4570069.8453032495
422870.6502700554	4570069.2607687162
422869.8389012250	4570068.6762341820
422869.0006807781	4570068.1396732135
422868.0781618324	4570067.7537214095
422867.1556428868	4570067.3677696064
422866.2331239411	4570066.9818178024
422865.3106049954	4570066.5958659984
422864.3880860497	4570066.2099141944
422863.4655671040	4570065.8239623904
422862.5430481584	4570065.4380105874
422861.6205292127	4570065.0520587834
422860.6980102670	4570064.6661069794
422859.7754913213	4570064.2801551754
422858.8529723756	4570063.8942033714
422857.9304534300	4570063.5082515683
422857.0206572275	4570063.0943847438
422856.1241786633	4570062.6512976373
422855.2277000990	4570062.2082105307
422854.3312215348	4570061.7651234241
422853.4347429706	4570061.3220363175
422852.5382644063	4570060.8789492119
422851.6417858422	4570060.4358621053
422850.7453072779	4570059.9927749988
422849.8488287137	4570059.5496878922
422848.9523501495	4570059.1066007856
422848.0558715852	4570058.6635136791
422847.1593930210	4570058.2204265725
422846.2420039598	4570057.8230482796
422845.3205776881	4570057.4344950328
422844.3991514165	4570057.0459417850
422843.4777251448	4570056.6573885381
422842.5562988732	4570056.2688352913
422841.6348726016	4570055.8802820435
422840.7134463299	4570055.4917287966
422839.7920200583	4570055.1031755488
422838.8705937866	4570054.7146223020
422837.9491675149	4570054.3260690551
422837.0267720166	4570053.9402625728
422836.0655459492	4570053.6645009965
422835.1043198817	4570053.3887394192
422834.1430938143	4570053.1129778428
422833.1818677468	4570052.8372162655
422832.2206416794	4570052.5614546891
422831.2594156119	4570052.2856931118
422830.2981895444	4570052.0099315355
422829.3369634770	4570051.7341699582
422828.3757374095	4570051.4584083818
422827.4145113421	4570051.1826468045
422826.4532852746	4570050.9068852281
422825.4920592072	4570050.6311236508
422824.5308331397	4570050.3553620744
422823.5696070723	4570050.0796004971
422822.6083810049	4570049.8038389208
422821.7036915929	4570049.3853021907
422820.8142602849	4570048.9282333246
422819.9248289769	4570048.4711644584
422819.0353976689	4570048.0140955923
422818.1459663610	4570047.5570267262
422817.2565350530	4570047.0999578601
422816.3671037450	4570046.6428889940
422815.4776724371	4570046.1858201278
422814.5882411291	4570045.7287512617
422813.7001186826	4570045.2692553326
422812.8295558439	4570044.7771980762
422811.9589930052	4570044.2851408198
422811.0884301666	4570043.7930835625
422810.2178673279	4570043.3010263061
422809.3473044893	4570042.8089690497
422808.4767416506	4570042.3169117924
422807.6061788119	4570041.8248545360
422806.7356159732	4570041.3327972787
422805.8650531345	4570040.8407400222
422804.9661130742	4570040.4064905215
422804.0443580831	4570040.0187177313
422803.1226030918	4570039.6309449421
422802.2008481007	4570039.2431721529
422801.2790931095	4570038.8553993637
422800.3573381183	4570038.4676265744
422799.4355831271	4570038.0798537843
422798.5138281359	4570037.6920809951
422797.5920731448	4570037.3043082058
422796.6703181536	4570036.9165354166
422795.7485631624	4570036.5287626265
422794.8268081712	4570036.1409898372
422793.9050531800	4570035.7532170480
422792.9832981889	4570035.3654442588
422792.0615431977	4570034.9776714686
422791.1397882065	4570034.5898986794
422790.2180332153	4570034.2021258902
422789.2962782241	4570033.8143531010
422788.3745232329	4570033.4265803117
422787.4272759289	4570033.1105765048
422786.4674414831	4570032.8300095135
422785.5076070375	4570032.5494425222
422784.5477725917	4570032.2688755300
422783.5879381461	4570031.9883085387
422782.6281037003	4570031.7077415464
422781.6682692546	4570031.4271745551
422780.7084348089	4570031.1466075629
422779.7779453402	4570030.7883995445
422778.8724864042	4570030.3639656687
422777.9670274683	4570029.9395317920
422777.0615685324	4570029.5150979161
422776.1821395270	4570029.0458043003
422775.3643331078	4570028.4703108938
422774.5465266886	4570027.8948174873
422773.7287202694	4570027.3193240808
422772.8822554290	4570026.7929914324
422771.9785175900	4570026.3649050873
422771.0747797511	4570025.9368187422
422770.1710419122	4570025.5087323980
422769.2673040733	4570025.0806460530
422768.3635662344	4570024.6525597088
422767.4598283954	4570024.2244733637
422766.5560905565	4570023.7963870196
422765.6523527176	4570023.3683006745
422764.7486148787	4570022.9402143294
422763.8372742590	4570022.5300368043
422762.9015769726	4570022.1772329090
422761.9658796862	4570021.8244290147
422761.0301823998	4570021.4716251194
422760.0944851133	4570021.1188212251
422759.1587878269	4570020.7660173308
422758.2230905404	4570020.4132134356
422757.2873932540	4570020.0604095412
422756.3514358843	4570019.7082973123
422755.4151067068	4570019.3571738703
422754.4787775292	4570019.0060504293
422753.5424483517	4570018.6549269874
422752.6061191742	4570018.3038035454
422751.6697899967	4570017.9526801035
422750.7334608191	4570017.6015566625
422749.7971316416	4570017.2504332205
422748.8608024640	4570016.8993097786
422747.9210446514	4570016.5582171958
422746.9656925473	4570016.2627474731
422746.0103404432	4570015.9672777504
422745.0549883391	4570015.6718080267
422744.0996362350	4570015.3763383040
422743.1442841309	4570015.0808685813
422742.1889320268	4570014.7853988577
422741.2335799227	4570014.4899291350
422740.2782278187	4570014.1944594122
422739.3228757146	4570013.8989896895
422738.3675236105	4570013.6035199659
422737.4121715064	4570013.3080502432
422736.4568194023	4570013.0125805205
422735.5161350579	4570012.6733254520
422734.5755811582	4570012.3336809883
422733.6350272585	4570011.9940365246
422732.6944733588	4570011.6543920608
422731.7539194590	4570011.3147475971
422730.8133655593	4570010.9751031334
422729.8728116596	4570010.6354586706
422728.9322577598	4570010.2958142068
422727.9917038601	4570009.9561697431
422727.0511499603	4570009.6165252794
422726.1105960606	4570009.2768808156
422725.1700421609	4570008.9372363519
422724.2294882612	4570008.5975918882
422723.2860607805	4570008.2664838210
422722.3315808025	4570007.9682088271
422721.3771008245	4570007.6699338341
422720.4226208464	4570007.3716588411
422719.4681408684	4570007.0733838482
422718.5136608904	4570006.7751088543
422717.5591809124	4570006.4768338613
422716.6047009344	4570006.1785588684
422715.6502209564	4570005.8802838754
422714.6957409784	4570005.5820088815
422713.7412610004	4570005.2837338885
422712.7867810224	4570004.9854588956
422711.8323010444	4570004.6871839017
422710.8778210664	4570004.3889089087
422709.9314299078	4570004.0710474271
422709.0446224557	4570003.6089083329
422708.1578150035	4570003.1467692377
422707.2710075514	4570002.6846301435
422706.3842000992	4570002.2224910492
422705.4973926470	4570001.7603519540
422704.6105851949	4570001.2982128598
422703.7237777427	4570000.8360737646
422702.8369702905	4570000.3739346704
422701.9501628384	4569999.9117955761
422701.0618881164	4569999.4524937812
422700.1721925648	4569998.9959394848
422699.2824970131	4569998.5393851893
422698.3928014615	4569998.0828308929
422697.5031059099	4569997.6262765964
422696.6134103583	4569997.1697223000
422695.7237148066	4569996.7131680036
422694.8340192550	4569996.2566137081
422693.9443237034	4569995.8000594117
422693.0546281518	4569995.3435051152
422692.1472061798	4569994.9314062949
422691.1874687728	4569994.6505075414
422690.2277313658	4569994.3696087878
422689.2679939588	4569994.0887100343
422688.3082565518	4569993.8078112816
422687.3485191448	4569993.5269125281
422686.3887817378	4569993.2460137745
422685.4290443308	4569992.9651150210
422684.4693069238	4569992.6842162684
422683.5095695168	4569992.4033175148
422682.5498321099	4569992.1224187613
422681.6801818983	4569991.6289661480
422680.8108917793	4569991.1346639236
422679.9416016604	4569990.6403616993
422679.0723115414	4569990.1460594749
422678.2030214225	4569989.6517572505
422677.3337313035	4569989.1574550262
422676.4644411845	4569988.6631528018
422675.5312718054	4569988.3052808149
422674.5949426279	4569987.9541573729
422673.6586134503	4569987.6030339319
422672.7222842727	4569987.2519104900
422671.7859550952	4569986.9007870480
422670.8496259176	4569986.5496636070
422669.9132967401	4569986.1985401651
422668.9769675625	4569985.8474167231
422668.0406383850	4569985.4962932821
422667.1043092074	4569985.1451698402
422666.1679800299	4569984.7940463983
422665.2316508523	4569984.4429229572
422664.2987730083	4569984.0828012126
422663.3677998099	4569983.7177136829
422662.4368266114	4569983.3526261542
422661.5058534130	4569982.9875386255
422660.5748802145	4569982.6224510968
422659.6439070161	4569982.2573635681
422658.7129338177	4569981.8922760384
422657.7819606192	4569981.5271885097
422656.8509874208	4569981.1621009810
422655.9200142224	4569980.7970134523
422654.9890410239	4569980.4319259226
422654.0580678255	4569980.0668383939
422653.1270946270	4569979.7017508652
422652.2107260410	4569979.3031468662
422651.3094736164	4569978.8698524311
422650.4082211918	4569978.4365579970
422649.5069687672	4569978.0032635620
422648.6057163427	4569977.5699691270
422647.7044639180	4569977.1366746929
422646.8032114934	4569976.7033802578
422645.9019590688	4569976.2700858228
422645.0007066442	4569975.8367913887
422644.0994542196	4569975.4034969537
422643.1982017950	4569974.9702025186
422642.2969493704	4569974.5369080845
422641.3956969458	4569974.1036136495
422640.4944445212	4569973.6703192154
422639.6034910168	4569973.2165525556
422638.7183749372	4569972.7511822451
422637.8332588575	4569972.2858119356
422636.9481427778	4569971.8204416251
422636.0630266981	4569971.3550713155
422635.1779106184	4569970.8897010051
422634.2927945387	4569970.4243306946
422633.4076784590	4569969.9589603851
422632.5225623794	4569969.4935900746
422631.6374462997	4569969.0282197651
422630.7523302200	4569968.5628494546
422629.8672141403	4569968.0974791450
422628.9820980607	4569967.6321088346
422628.0931743050	4569967.1741348477
422627.2001578615	4569966.7241108129
422626.3071414180	4569966.2740867790
422625.4141249745	4569965.8240627442
422624.5211085310	4569965.3740387103
422623.6280920875	4569964.9240146754
422622.7350756440	4569964.4739906406
422621.8420592004	4569964.0239666067
422620.9490427570	4569963.5739425719
422620.0560263134	4569963.1239185371
422619.1630098699	4569962.6738945032
422618.2699934264	4569962.2238704683
422617.3769769829	4569961.7738464335
422616.4839605394	4569961.3238223996
422615.5909440959	4569960.8737983648
422614.6979276524	4569960.4237743299
422613.8049112089	4569959.9737502960
422612.9139684200	4569959.5196677623
422612.0260205970	4569959.0597235663
422611.1380727740	4569958.5997793702
422610.2501249509	4569958.1398351742
422609.3621771279	4569957.6798909782
422608.4742293048	4569957.2199467821
422607.5862814818	4569956.7600025861
422606.6983336588	4569956.3000583900
422605.8103858357	4569955.8401141940
422604.9224380127	4569955.3801699970
422604.0344901897	4569954.9202258009
422603.1465423666	4569954.4602816049
422602.2585945436	4569954.0003374089
422601.3706467205	4569953.5403932128
422600.4826988975	4569953.0804490168
422599.5947510745	4569952.6205048207
422598.7068032514	4569952.1605606247
422597.8188554284	4569951.7006164286
422596.9309076054	4569951.2406722317
422596.0311490376	4569950.8047969826
422595.1240411030	4569950.3838989008
422594.2169331684	4569949.9630008191
422593.3098252339	4569949.5421027374
422592.4027172993	4569949.1212046556
422591.4956093647	4569948.7003065748
422590.5885014302	4569948.2794084931
422589.6813934956	4569947.8585104113
422588.7742855610	4569947.4376123296
422587.8671776265	4569947.0167142479
422586.9600696919	4569946.5958161671
422586.0529617573	4569946.1749180853
422585.1458538228	4569945.7540200036
422584.2387458882	4569945.3331219219
422583.3316379537	4569944.9122238401
422582.4245300191	4569944.4913257593
422581.5185546862	4569944.0680953991
422580.6268598099	4569943.6154584056
422579.7351649336	4569943.1628214130
422578.8434700573	4569942.7101844195
422577.9517751810	4569942.2575474260
422577.0600803047	4569941.8049104335
422576.1683854283	4569941.3522734400
422575.2766905520	4569940.8996364465
422574.3849956757	4569940.4469994539
422573.4933007994	4569939.9943624604
422572.6016059231	4569939.5417254679
422571.7099110467	4569939.0890884744
422570.8182161704	4569938.6364514809
422569.9265212941	4569938.1838144884
422569.0348264178	4569937.7311774949
422568.1431315415	4569937.2785405023
422567.2514366652	4569936.8259035088
422566.3597417888	4569936.3732665153
422565.4680469125	4569935.9206295228
422564.5763520362	4569935.4679925293
422563.6846571599	4569935.0153555367
422562.7929622836	4569934.5627185432
422561.9012674073	4569934.1100815497
422561.0095725309	4569933.6574445572
422560.1178776546	4569933.2048075637
422559.2261827783	4569932.7521705702
422558.3344879020	4569932.2995335776
422557.4246140876	4569931.8865177203
422556.4999359891	4569931.5057679154
422555.5752578906	4569931.1250181105
422554.6505797921	4569930.7442683047
422553.7259016935	4569930.3635184998
422552.8012235950	4569929.9827686949
422551.8765454965	4569929.6020188900
422550.9518673980	4569929.2212690841
422550.0271892995	4569928.8405192792
422549.1025112010	4569928.4597694743
422548.1778331024	4569928.0790196694
422547.2531550039	4569927.6982698636
422546.3284769054	4569927.3175200587
422545.4037988069	4569926.9367702538
422544.4791207083	4569926.5560204489
422543.5544426098	4569926.1752706431
422542.6297645113	4569925.7945208382
422541.7050864127	4569925.4137710333
422540.7623781310	4569925.0806112569
422539.8175419325	4569924.7530680411
422538.8727057340	4569924.4255248262
422537.9278695355	4569924.0979816103
422536.9830333371	4569923.7704383945
422536.0381971385	4569923.4428951796
422535.0933609401	4569923.1153519638
422534.1485247416	4569922.7878087480
422533.2036885431	4569922.4602655331
422532.2644809145	4569922.1175777260
422531.3350646012	4569921.7485447777
422530.4056482880	4569921.3795118304
422529.4762319747	4569921.0104788821
422528.5468156615	4569920.6414459338
422527.6173993483	4569920.2724129865
422526.6879830350	4569919.9033800382
422525.7585667218	4569919.5343470909
422524.8291504085	4569919.1653141426
422523.9362592986	4569918.7207041457
422523.0696368417	4569918.2217397010
422522.2030143849	4569917.7227752563
422521.3363919280	4569917.2238108115
422520.4696918176	4569916.7249836577
422519.5955345414	4569916.2393407263
422518.7213772652	4569915.7536977949
422517.8472199890	4569915.2680548644
422516.9730627128	4569914.7824119329
422516.0989054367	4569914.2967690015
422515.2247481605	4569913.8111260710
422514.3505908844	4569913.3254831396
422513.5648129452	4569912.7194099873
422512.8393492467	4569912.0311495559
422512.1138855482	4569911.3428891236
422511.3884218497	4569910.6546286922
422510.6629581513	4569909.9663682599
422509.9374944528	4569909.2781078285
422509.3524042297	4569908.5513293492
422509.6250068021	4569907.5892026229
422509.8976093746	4569906.6270758966
422510.1702119471	4569905.6649491703
422510.4428145195	4569904.7028224440
422510.7154170920	4569903.7406957177
422510.9880196644	4569902.7785689915
422511.2606222370	4569901.8164422652
422511.4729617684	4569900.8402827270
422511.6534351392	4569899.8567028558
422511.8339085100	4569898.8731229855
422512.0143818808	4569897.8895431142
422512.1948552517	4569896.9059632439
422512.3753286224	4569895.9223833727
422512.5558019933	4569894.9388035014
422512.7362753641	4569893.9552236311
422512.9167487349	4569892.9716437599
422513.0972221057	4569891.9880638886
422513.2776954765	4569891.0044840183
422513.4581688473	4569890.0209041471
422513.6386422181	4569889.0373242768
422513.7792055555	4569888.0487693129
422513.8457245660	4569887.0509841554
422513.9122435765	4569886.0531989969
422513.9787625870	4569885.0554138394
422514.0452815974	4569884.0576286819
422514.1118006079	4569883.0598435234
422514.1783196184	4569882.0620583659
422514.2220550417	4569881.0647370396
422514.1149818419	4569880.0704858992
422514.0079086422	4569879.0762347598
422513.9008354424	4569878.0819836194
422513.7937622427	4569877.0877324790
422513.6866890429	4569876.0934813386
422513.5796158432	4569875.0992301982
422513.4725426435	4569874.1049790578
422513.2852773684	4569873.1315680780
422512.8947275216	4569872.2109862957
422512.5041776749	4569871.2904045144
422512.1136278281	4569870.3698227322
422511.7230779814	4569869.4492409499
422511.3325281346	4569868.5286591686
422510.9419782878	4569867.6080773864
422510.5514284411	4569866.6874956042
422510.1608785943	4569865.7669138229
422509.6085804553	4569864.9435667740
422508.9787784968	4569864.1668110257
422508.3489765383	4569863.3900552765
422507.7191745797	4569862.6132995281
422507.0893726211	4569861.8365437798
422506.4595706626	4569861.0597880306
422505.7114907092	4569860.3970806664
422504.9581737659	4569859.7394230179
422504.2048568227	4569859.0817653686
422503.4515398795	4569858.4241077201
422502.6982229362	4569857.7664500717
422501.9449059930	4569857.1087924223
422501.1915890497	4569856.4511347739
422500.4382721065	4569855.7934771245
422499.6849551633	4569855.1358194761
422498.9316382201	4569854.4781618277
422498.0451763641	4569854.0209983764
422497.1467920031	4569853.5817882447
422496.2484076421	4569853.1425781129
422495.3500232811	4569852.7033679811
422494.4516389201	4569852.2641578494
422493.5532545591	4569851.8249477176
422492.5836007604	4569851.9751628907
422491.6064243964	4569852.1875925353
422490.6292480324	4569852.4000221789
422489.6520716684	4569852.6124518234
422488.6748953045	4569852.8248814670
422487.6977189405	4569853.0373111116
422486.7205425765	4569853.2497407552
422485.7433662126	4569853.4621703997
422484.8733955685	4569853.8776174700
422484.1469271517	4569854.5648173243
422483.4204587349	4569855.2520171776
422482.6939903181	4569855.9392170319
422481.9675219012	4569856.6264168862
422481.2410534844	4569857.3136167396
422480.7705634236	4569858.0975343594
422480.8610991697	4569859.0934275659
422480.9516349157	4569860.0893207723
422481.0421706618	4569861.0852139788
422481.1327064078	4569862.0811071852
422481.2298447454	4569863.0733328592
422482.0275040767	4569863.6764411340
422482.8251634080	4569864.2795494087
422483.6228227393	4569864.8826576844
422484.4204820706	4569865.4857659591
422485.2181414019	4569866.0888742339
422486.0158007332	4569866.6919825086
422486.8880443627	4569867.1772140814
422487.7746292089	4569867.6397800874
422488.6612140551	4569868.1023460943
422489.5477989012	4569868.5649121013
422490.4343837474	4569869.0274781082
422491.3209685936	4569869.4900441142
422492.1875522728	4569869.9880155241
422493.0413484486	4569870.5086229481
422493.8951446244	4569871.0292303730
422494.7489408001	4569871.5498377969
422495.6027369758	4569872.0704452209
422496.4565331516	4569872.5910526458
422497.0235836149	4569873.3963649133
422497.5380793702	4569874.2538578389
422498.0525751256	4569875.1113507655
422498.5670708809	4569875.9688436911
422499.0815666363	4569876.8263366167
422499.4744305045	4569877.7187131085
422499.4926093181	4569878.7185478602
422499.5107881318	4569879.7183826119
422499.5289669455	4569880.7182173636
422499.5471457592	4569881.7180521153
422499.5653245729	4569882.7178868670
422499.5835033866	4569883.7177216187
422499.4026444199	4569884.6896734145
422499.1104258843	4569885.6460249852
422498.8182073488	4569886.6023765560
422498.5259888132	4569887.5587281277
422498.1568610030	4569888.3508046400
422497.2352256279	4569887.9627476400
422496.3135902527	4569887.5746906400
422495.3919548776	4569887.1866336400
422494.4703195024	4569886.7985766400
422493.5486841273	4569886.4105196400
422492.6270487522	4569886.0224626400
422491.7054133771	4569885.6344056400
422490.7837780019	4569885.2463486400
422489.8621426267	4569884.8582916399
422488.9609427443	4569884.6808512723
422488.1311001750	4569885.2388488622
422487.3012576057	4569885.7968464522
422486.4714150364	4569886.3548440421
422485.6415724671	4569886.9128416320
422484.8117298977	4569887.4708392210
422483.9818873284	4569888.0288368110
422483.1520447591	4569888.5868344009
422482.3222021898	4569889.1448319908
422481.3934831264	4569889.5016750367
422480.4447998284	4569889.8179028025
422479.4961165303	4569890.1341305682
422478.5474332322	4569890.4503583349
422477.5987499341	4569890.7665861007
422476.6500666361	4569891.0828138664
422475.7013833380	4569891.3990416322
422474.7527000399	4569891.7152693989
422473.8040167418	4569892.0314971646
422472.8553334438	4569892.3477249304
422471.9184098209	4569892.6960559534
422470.9899331301	4569893.0674466304
422470.0614564392	4569893.4388373066
422469.1329797483	4569893.8102279827
422468.2045030574	4569894.1816186588
422467.2760263666	4569894.5530093359
422466.2963397874	4569894.5687980847
422465.3007973393	4569894.4744835366
422464.3052548911	4569894.3801689893
422463.3097124430	4569894.2858544411
422462.3141699949	4569894.1915398929
422461.3186275467	4569894.0972253447
422460.3230850986	4569894.0029107975
422459.3275426504	4569893.9085962493
422458.3320002023	4569893.8142817011
422457.3364577542	4569893.7199671529
422456.3409153060	4569893.6256526057
422455.3921181413	4569893.3951285109
422454.5484566534	4569892.8582530189
422453.7047951655	4569892.3213775270
422452.8611336776	4569891.7845020350
422452.0174721896	4569891.2476265430
422451.1738107017	4569890.7107510511
422450.3301492138	4569890.1738755591
422449.4864877259	4569889.6370000672
422448.8337089487	4569888.9279696997
422448.3864953534	4569888.0335425083
422448.6413502880	4569887.1052234266
422449.0003293673	4569886.1718778200
422449.3593084467	4569885.2385322135
422449.7182875260	4569884.3051866079
422450.0772666053	4569883.3718410013
422450.4362456847	4569882.4384953957
422450.7734660775	4569881.4983086698
422451.0131805080	4569880.5274652261
422451.2528949384	4569879.5566217825
422451.4926093690	4569878.5857783398
422451.7323237994	4569877.6149348961
422451.9720382300	4569876.6440914525
422452.2117526604	4569875.6732480088
422452.4514670909	4569874.7024045652
422452.6911815214	4569873.7315611215
422452.9308959519	4569872.7607176779
422453.1072017526	4569871.7866956079
422452.9657803964	4569870.7967461143
422452.8243590402	4569869.8067966206
422452.6829376840	4569868.8168471269
422452.5415163278	4569867.8268976333
422452.4000949717	4569866.8369481396
422452.1527335342	4569865.8919730913
422451.5387929205	4569865.1026208745
422450.9248523068	4569864.3132686568
422450.3109116931	4569863.5239164401
422449.6645170935	4569862.7736961273
422448.7752292911	4569862.3163481141
422447.8859414889	4569861.8590001017
422446.9966536865	4569861.4016520893
422446.1073658843	4569860.9443040760
422445.2111132586	4569860.8322106702
422444.3041042908	4569861.2533219773
422443.3970953231	4569861.6744332835
422442.4900863554	4569862.0955445897
422441.5830773877	4569862.5166558968
422440.6760684199	4569862.9377672030
422439.7690594522	4569863.3588785091
422438.8620504845	4569863.7799898162
422438.6972162689	4569864.7578129238
422438.5467742720	4569865.7464317614
422438.3963322750	4569866.7350505982
422438.2458902780	4569867.7236694358
422438.0954482810	4569868.7122882735
422437.9450062840	4569869.7009071102
422437.7945642870	4569870.6895259479
422437.6441222900	4569871.6781447846
422437.4936802931	4569872.6667636223
422437.3432382961	4569873.6553824600
422437.1927962991	4569874.6440012967
422437.0340728335	4569875.6313159857
422436.8733972314	4569876.6183232553
422436.7127216293	4569877.6053305250
422436.5520460272	4569878.5923377955
422436.3913704251	4569879.5793450652
422436.2306948231	4569880.5663523348
422436.0700192210	4569881.5533596054
422435.9093436189	4569882.5403668750
422435.7486680168	4569883.5273741446
422435.5879924147	4569884.5143814152
422435.4273168126	4569885.5013886848
422435.2666412105	4569886.4883959545
422435.1059656084	4569887.4754032250
422434.9452900063	4569888.4624104947
422434.7846144042	4569889.4494177643
422434.6239388021	4569890.4364250349
422434.4632632000	4569891.4234323045
422434.3025875979	4569892.4104395742
422434.1419119959	4569893.3974468447
422433.9812363938	4569894.3844541144
422433.8205607917	4569895.3714613840
422433.6598851896	4569896.3584686536
422433.4992095875	4569897.3454759242
422433.3385339854	4569898.3324831938
422433.1778583833	4569899.3194904635
422433.0171827812	4569900.3064977340
422433.0279020102	4569901.2987947660
422433.1274057292	4569902.2938319566
422433.2269094482	4569903.2888691463
422433.3264131671	4569904.2839063369
422433.4259168862	4569905.2789435275
422432.6210721036	4569905.5822153203
422431.6346781798	4569905.7466143072
422430.6482842560	4569905.9110132940
422429.6618903321	4569906.0754122818
422428.6754964082	4569906.2398112686
422427.6891024844	4569906.4042102564
422426.6895353639	4569906.3809351567
422425.6898477174	4569906.3559429655
422424.6901600710	4569906.3309507743
422423.6904724246	4569906.3059585830
422422.6907847782	4569906.2809663918
422421.6910971318	4569906.2559742006
422420.6914094854	4569906.2309820093
422419.6917218390	4569906.2059898181
422418.6920341926	4569906.1809976278
422417.6923436047	4569906.1561238281
422416.6926482969	4569906.1314399932
422415.6929529892	4569906.1067561582
422414.6932576815	4569906.0820723241
422413.6935623737	4569906.0573884891
422412.6938670660	4569906.0327046551
422411.6941717583	4569906.0080208201
422410.6944764505	4569905.9833369851
422409.6947811428	4569905.9586531511
422408.6950858350	4569905.9339693161
422407.7003910594	4569905.8430024581
422406.7083075867	4569905.7174222711
422405.7162241140	4569905.5918420851
422404.7241406414	4569905.4662618982
422403.7320571687	4569905.3406817121
422402.7399736960	4569905.2151015252
422401.7478902233	4569905.0895213392
422400.7558067506	4569904.9639411522
422399.7637232780	4569904.8383609662
422398.7718730031	4569904.7110616472
422397.7821856323	4569904.5678174226
422396.7924982614	4569904.4245731970
422395.8028108906	4569904.2813289724
422394.8131235197	4569904.1380847478
422393.8234361488	4569903.9948405232
422392.8337487779	4569903.8515962977
422391.8440614071	4569903.7083520731
422390.8543740362	4569903.5651078485
422389.8646866653	4569903.4218636239
422388.8745655414	4569903.2816535663
422387.8843844073	4569903.1418632884
422386.8942032733	4569903.0020730114
422385.9040221392	4569902.8622827334
422384.9138410051	4569902.7224924555
422383.9236598711	4569902.5827021776
422382.9334787370	4569902.4429118996
422381.9432976030	4569902.3031216227
422380.9531164689	4569902.1633313447
422379.9629353348	4569902.0235410668
422378.9974097062	4569901.7800392443
422378.0502545093	4569901.4592635697
422377.1030993125	4569901.1384878960
422376.1559441157	4569900.8177122213
422375.2087889189	4569900.4969365476
422374.2616337221	4569900.1761608729
422373.3144785253	4569899.8553851992
422372.4214710925	4569899.4157003826
422371.5576921916	4569898.9118293570
422370.6939132907	4569898.4079583306
422369.8301343898	4569897.9040873051
422368.9663554890	4569897.4002162796
422368.1025765881	4569896.8963452540
422367.2387976872	4569896.3924742285
422366.3750187863	4569895.8886032030
422365.5287487759	4569895.3579832390
422364.7213576536	4569894.7679666495
422363.9139665314	4569894.1779500600
422363.1065754092	4569893.5879334705
422362.2991842869	4569892.9979168819
422361.4917931647	4569892.4079002924
422360.6844020424	4569891.8178837029
422359.8770109202	4569891.2278671134
422359.0049476824	4569890.7513322523
422358.0858026523	4569890.3574129539
422357.1666576222	4569889.9634936554
422356.2475125921	4569889.5695743570
422355.3283675621	4569889.1756550586
422354.4092225320	4569888.7817357602
422353.4900775019	4569888.3878164617
422352.5684640495	4569887.9998564627
422351.6399873587	4569887.6284657856
422350.7115106679	4569887.2570751095
422349.7830339771	4569886.8856844325
422348.8712940942	4569886.4780230606
422347.9862229392	4569886.0125673153
422347.1011517842	4569885.5471115708
422346.2160806291	4569885.0816558255
422345.3179106479	4569884.6549241990
422344.3320240833	4569884.4875094993
422343.3461375187	4569884.3200947996
422342.3602509540	4569884.1526800999
422341.3743643894	4569883.9852654003
422340.3884778247	4569883.8178507006
422339.4025912601	4569883.6504360009
422338.4167046955	4569883.4830213012
422337.4308181308	4569883.3156066015
422336.4449315662	4569883.1481919019
422335.4590450016	4569882.9807772022
422334.4731584369	4569882.8133625025
422333.4872718723	4569882.6459478028
422332.5024291853	4569882.4728361452
422331.5212347288	4569882.2798142852
422330.5400402723	4569882.0867924243
422329.5588458158	4569881.8937705643
422328.5776513593	4569881.7007487044
422327.5964569028	4569881.5077268435
422326.6152624463	4569881.3147049835
422325.6340679898	4569881.1216831235
422324.6528735333	4569880.9286612626
422323.6716790768	4569880.7356394026
422322.6904846203	4569880.5426175427
422321.7092901638	4569880.3495956818
422320.7280957073	4569880.1565738218
422319.7469012508	4569879.9635519618
422318.7657067944	4569879.7705301009
422317.7892767794	4569879.5571269719
422316.8241955047	4569879.2951763403
422315.8591142302	4569879.0332257086
422314.8940329556	4569878.7712750770
422313.9289516810	4569878.5093244445
422312.9638704065	4569878.2473738128
422311.9987891319	4569877.9854231812
422311.0337078573	4569877.7234725496
422310.0686265828	4569877.4615219180
422309.1035453082	4569877.1995712863
422308.1384640336	4569876.9376206547
422307.1733827590	4569876.6756700231
422306.2083014844	4569876.4137193915
422305.2432202099	4569876.1517687589
422304.2781389353	4569875.8898181273
422303.3130576607	4569875.6278674956
422302.3479763862	4569875.3659168640
422301.3828951116	4569875.1039662324
422300.4962175105	4569874.6480416078
422299.6201713458	4569874.1658143606
422298.7441251811	4569873.6835871143
422297.8680790165	4569873.2013598680
422296.9920328518	4569872.7191326208
422296.1159866872	4569872.2369053746
422295.2399405224	4569871.7546781283
422294.3330565507	4569871.3436016599
422293.3821851192	4569871.0340156127
422292.4313136877	4569870.7244295655
422291.4804422562	4569870.4148435183
422290.5295708246	4569870.1052574711
422289.5786993930	4569869.7956714230
422288.6278279615	4569869.4860853758
422287.6769565300	4569869.1764993286
422286.7260850985	4569868.8669132814
422285.7752136669	4569868.5573272342
422284.8243422354	4569868.2477411870
422283.8642932082	4569867.9694399675
422282.8968682445	4569867.7162820334
422281.9294432809	4569867.4631240983
422280.9620183173	4569867.2099661641
422279.9945933537	4569866.9568082299
422279.0271683901	4569866.7036502957
422278.0597434265	4569866.4504923606
422277.0923184629	4569866.1973344265
422276.1248934992	4569865.9441764923
422275.1574685356	4569865.6910185572
422274.1900435720	4569865.4378606230
422273.2226186084	4569865.1847026888
422272.2551936448	4569864.9315447547
422271.2877686812	4569864.6783868195
422270.3203437176	4569864.4252288854
422269.3529187539	4569864.1720709512
422268.3854937903	4569863.9189130161
422267.4180688267	4569863.6657550819
422266.4506438631	4569863.4125971477
422265.4832188994	4569863.1594392136
422264.5060786186	4569862.9494805215
422263.5234169648	4569862.7640726622
422262.5407553111	4569862.5786648029
422261.5580936573	4569862.3932569437
422260.5754320035	4569862.2078490853
422259.5927703497	4569862.0224412261
422258.6101086959	4569861.8370333668
422257.6274470422	4569861.6516255075
422256.6447853884	4569861.4662176492
422255.6621237346	4569861.2808097899
422254.6794620808	4569861.0954019306
422253.6968004271	4569860.9099940713
422252.7141387733	4569860.7245862130
422251.7516035997	4569860.4591849875
422250.7982035028	4569860.1574760964
422249.8448034059	4569859.8557672044
422248.8914033090	4569859.5540583134
422247.9380032121	4569859.2523494214
422246.9846031151	4569858.9506405303
422246.0312030182	4569858.6489316383
422245.0778029214	4569858.3472227473
422244.1244028245	4569858.0455138553
422243.1710027276	4569857.7438049642
422242.2176026306	4569857.4420960722
422241.2642025337	4569857.1403871812
422240.3108024368	4569856.8386782892
422239.3574023400	4569856.5369693981
422238.4040022430	4569856.2352605062
422237.4506021461	4569855.9335516151
422236.4972020492	4569855.6318427231
422235.5438019523	4569855.3301338321
422234.5904018554	4569855.0284249401
422233.6370017585	4569854.7267160490
422232.6863561999	4569854.4164709859
422231.7364304099	4569854.1039953968
422230.7865046200	4569853.7915198086
422229.8365788301	4569853.4790442195
422228.8866530402	4569853.1665686304
422227.9367272502	4569852.8540930422
422226.9868014603	4569852.5416174531
422226.0368756703	4569852.2291418640
422225.0869498804	4569851.9166662749
422224.1370240905	4569851.6041906867
422223.1870983005	4569851.2917150976
422222.2371725106	4569850.9792395085
422221.2872467207	4569850.6667639203
422220.3373209308	4569850.3542883312
422219.3873951408	4569850.0418127421
422218.4374693509	4569849.7293371530
422217.4875435609	4569849.4168615649
422216.5376177710	4569849.1043859757
422215.5876919811	4569848.7919103866
422214.6114503244	4569848.6036725584
422213.6164131342	4569848.5041688392
422212.6213759440	4569848.4046651199
422211.6263387539	4569848.3051613998
422210.6313015637	4569848.2056576805
422209.6681599046	4569847.9518699395
422208.7152341246	4569847.6486662822
422207.7623083446	4569847.3454626258
422206.8093825645	4569847.0422589686
422205.8564567844	4569846.7390553113
422204.9035310044	4569846.4358516540
422203.9506052243	4569846.1326479968
422202.9976794442	4569845.8294443395
422202.0447536642	4569845.5262406822
422201.0918278841	4569845.2230370259
422200.1389021041	4569844.9198333686
422199.1841911321	4569844.6223279256
422198.2286054258	4569844.3276145766
422197.2730197194	4569844.0329012284
422196.3174340131	4569843.7381878793
422195.3618483068	4569843.4434745312
422194.4062626005	4569843.1487611821
422193.4506768941	4569842.8540478339
422192.4950911878	4569842.5593344849
422191.5395054815	4569842.2646211367
422190.5839197752	4569841.9699077876
422189.6283340688	4569841.6751944395
422188.6727483625	4569841.3804810904
422187.7171626562	4569841.0857677422
422186.7615769498	4569840.7910543932
422185.8059912435	4569840.4963410450
422184.8504055371	4569840.2016276959
422183.8948198309	4569839.9069143478
422182.9392341245	4569839.6122009987
422181.9836484182	4569839.3174876506
422181.0280627118	4569839.0227743015
422180.0724770055	4569838.7280609533
422179.1168912992	4569838.4333476042
422178.1613055929	4569838.1386342561
422177.2057198865	4569837.8439209070
422176.2501341802	4569837.5492075589
422175.2945484739	4569837.2544942098
422174.3389627675	4569836.9597808616
422173.3787071874	4569836.6807895321
422172.4171832398	4569836.4060684042
422171.4556592921	4569836.1313472763
422170.4941353445	4569835.8566261483
422169.5326113969	4569835.5819050204
422168.5710874492	4569835.3071838934
422167.6095635016	4569835.0324627655
422166.6480395539	4569834.7577416375
422165.6865156063	4569834.4830205096
422164.7249916587	4569834.2082993817
422163.7634677110	4569833.9335782537
422162.8019437634	4569833.6588571258
422161.8404198157	4569833.3841359979
422160.8788958680	4569833.1094148699
422159.9173719204	4569832.8346937420
422158.9558479728	4569832.5599726140
422157.9943240251	4569832.2852514861
422157.0328000775	4569832.0105303582
422156.0712761298	4569831.7358092302
422155.1255019348	4569831.4139937097
422154.1921563286	4569831.0550146298
422153.2588107224	4569830.6960355509
422152.3254651162	4569830.3370564710
422151.3921195101	4569829.9780773921
422150.4587739039	4569829.6190983132
422149.5254282977	4569829.2601192333
422148.5920826915	4569828.9011401543
422147.6587370853	4569828.5421610745
422146.7253914791	4569828.1831819955
422145.7920458729	4569827.8242029157
422144.8587002667	4569827.4652238367
422143.9253546605	4569827.1062447578
422142.9920090543	4569826.7472656779
422142.0586634481	4569826.3882865990
422141.1253178420	4569826.0293075191
422140.1919722358	4569825.6703284401
422139.2586266296	4569825.3113493603
422138.3252810234	4569824.9523702813
422137.3919354172	4569824.5933912024
422136.4585898110	4569824.2344121225
422135.5252442048	4569823.8754330436
422134.5918985986	4569823.5164539637
422133.6585529924	4569823.1574748848
422132.7252073862	4569822.7984958049
422131.7918617800	4569822.4395167259
422130.8585161739	4569822.0805376470
422129.9275359474	4569821.7154821176
422128.9971275546	4569821.3489575991
422128.0667191618	4569820.9824330807
422127.1363107690	4569820.6159085622
422126.2059023762	4569820.2493840437
422125.2754939833	4569819.8828595262
422124.3450855905	4569819.5163350077
422123.4146771977	4569819.1498104893
422122.4842688049	4569818.7832859708
422121.5538604121	4569818.4167614523
422120.6234520193	4569818.0502369339
422119.6930436264	4569817.6837124154
422118.7626352336	4569817.3171878969
422117.8322268408	4569816.9506633785
422116.9018184479	4569816.5841388600
422115.9714100551	4569816.2176143425
422115.0410016623	4569815.8510898240
422114.0964583870	4569815.5234677605
422113.1477750890	4569815.2072399948
422112.1990917909	4569814.8910122281
422111.2504084929	4569814.5747844623
422110.3017251948	4569814.2585566966
422109.3530418968	4569813.9423289308
422108.4043585987	4569813.6261011641
422107.4556753007	4569813.3098733984
422106.5069920026	4569812.9936456326
422105.5583087046	4569812.6774178660
422104.6096254065	4569812.3611901002
422103.6609421085	4569812.0449623344
422102.7122588104	4569811.7287345687
422101.7635755124	4569811.4125068020
422100.8148922143	4569811.0962790363
422099.8662089163	4569810.7800512705
422098.9175256182	4569810.4638235038
422097.9688423202	4569810.1475957381
422097.0095139233	4569809.8673404902
422096.0415170252	4569809.6163783316
422095.0735201271	4569809.3654161729
422094.1055232289	4569809.1144540142
422093.1375263307	4569808.8634918556
422092.1695294326	4569808.6125296969
422091.2015325344	4569808.3615675373
422090.2335356363	4569808.1106053786
422089.2655387381	4569807.8596432200
422088.2975418400	4569807.6086810613
422087.3295449418	4569807.3577189026
422086.3615480436	4569807.1067567440
422085.3935511455	4569806.8557945844
422084.4255542474	4569806.6048324257
422083.4575573492	4569806.3538702670
422082.4895604510	4569806.1029081084
422081.5215635529	4569805.8519459497
422080.5535666548	4569805.6009837901
422079.5855697566	4569805.3500216315
422078.6175728584	4569805.0990594728
422077.6495759603	4569804.8480973141
422076.6815790621	4569804.5971351555
422075.7135821640	4569804.3461729968
422074.7455852658	4569804.0952108372
422073.7775883677	4569803.8442486785
422072.8095914695	4569803.5932865199
422071.8415945713	4569803.3423243612
422070.8733836804	4569803.0921895094
422069.9051063567	4569802.8423114903
422068.9368290330	4569802.5924334712
422067.9685517093	4569802.3425554521
422067.0002743856	4569802.0926774330
422066.0319970619	4569801.8427994149
422065.0637197381	4569801.5929213958
422064.0954424144	4569801.3430433767
422063.1271650907	4569801.0931653576
422062.1588877670	4569800.8432873385
422061.1906104433	4569800.5934093194
422060.2223331196	4569800.3435313003
422059.2540557959	4569800.0936532812
422058.2857784722	4569799.8437752621
422057.3175011485	4569799.5938972430
422056.3599610157	4569799.3092281185
422055.4192703493	4569798.9699626323
422054.4785796828	4569798.6306971461
422053.5378890165	4569798.2914316598
422052.5971983501	4569797.9521661736
422051.6565076837	4569797.6129006874
422050.7158170173	4569797.2736352012
422049.7751263508	4569796.9343697149
422048.8344356845	4569796.5951042287
422047.8937450181	4569796.2558387425
422046.9530543516	4569795.9165732563
422046.0123636853	4569795.5773077700
422045.0716730188	4569795.2380422838
422044.1309823524	4569794.8987767976
422043.1902916860	4569794.5595113114
422042.2496010196	4569794.2202458251
422041.2968506929	4569793.9170144694
422040.3414480519	4569793.6217081985
422039.3860454109	4569793.3264019275
422038.4306427699	4569793.0310956575
422037.4752401289	4569792.7357893866
422036.5198374879	4569792.4404831156
422035.5644348469	4569792.1451768447
422034.6090322059	4569791.8498705737
422033.6536295649	4569791.5545643028
422032.6982269240	4569791.2592580318
422031.7428242829	4569790.9639517609
422030.7874216420	4569790.6686454909
422029.8320190010	4569790.3733392200
422028.8766163600	4569790.0780329490
422027.9300146968	4569789.7556302324
422026.9834323296	4569789.4331681067
422026.0368499624	4569789.1107059820
422025.0902675952	4569788.7882438572
422024.1436852280	4569788.4657817315
422023.1971028607	4569788.1433196068
422022.2505204936	4569787.8208574820
422021.3039381263	4569787.4983953573
422020.3573557592	4569787.1759332316
422019.4107733919	4569786.8534711068
422018.4641910247	4569786.5310089821
422017.5176086575	4569786.2085468564
422016.5710262903	4569785.8860847317
422015.6244439231	4569785.5636226069
422014.6778615559	4569785.2411604812
422013.7312791887	4569784.9186983565
422012.7846968214	4569784.5962362317
422011.8381144543	4569784.2737741061
422010.8915320870	4569783.9513119813
422009.9449497198	4569783.6288498566
422008.9983673526	4569783.3063877309
422008.0517849854	4569782.9839256061
422007.1052026182	4569782.6614634814
422006.1613513662	4569782.3311024848
422005.2177513841	4569782.0000147726
422004.2741514020	4569781.6689270595
422003.3305514198	4569781.3378393464
422002.3869514377	4569781.0067516332
422001.4433514556	4569780.6756639201
422000.4997514735	4569780.3445762070
421999.5561514913	4569780.0134884939
421998.6125515091	4569779.6824007807
421997.6689515270	4569779.3513130676
421996.7253515449	4569779.0202253545
421995.7817515627	4569778.6891376423
421994.8381515806	4569778.3580499291
421993.8945515985	4569778.0269622160
421992.9566623085	4569777.6805762853
421992.0269213394	4569777.3123620404
421991.0971803703	4569776.9441477945
421990.1674394012	4569776.5759335496
421989.2376984321	4569776.2077193046
421988.3079574630	4569775.8395050596
421987.3782164938	4569775.4712908138
421986.4484755247	4569775.1030765688
421985.5187345557	4569774.7348623239
421984.5889935865	4569774.3666480789
421983.6592526174	4569773.9984338330
421982.7295116483	4569773.6302195881
421981.7997706792	4569773.2620053431
421980.8700297101	4569772.8937910981
421979.9402887410	4569772.5255768523
421979.0105477719	4569772.1573626073
421978.0808068028	4569771.7891483624
421977.1510658337	4569771.4209341174
421976.2213248646	4569771.0527198715
421975.2915838955	4569770.6845056266
421974.3618429263	4569770.3162913816
421973.4321019572	4569769.9480771367
421972.5023609881	4569769.5798628908
421971.5726200190	4569769.2116486458
421970.6428790499	4569768.8434344009
421969.7131380808	4569768.4752201559
421968.7741445269	4569768.1336469799
421967.8163182417	4569767.8462990941
421966.8584919565	4569767.5589512084
421965.9006656712	4569767.2716033226
421964.9428393860	4569766.9842554368
421963.9850131008	4569766.6969075520
421963.0271868156	4569766.4095596662
421962.0693605304	4569766.1222117804
421961.1115342451	4569765.8348638946
421960.1537079599	4569765.5475160098
421959.1958816747	4569765.2601681240
421958.2380553895	4569764.9728202382
421957.2802291042	4569764.6854723524
421956.3224028190	4569764.3981244676
421955.3645765338	4569764.1107765818
421954.4067502485	4569763.8234286960
421953.4489239633	4569763.5360808102
421952.4910976781	4569763.2487329254
421951.5365917838	4569762.9506002497
421950.5830091187	4569762.6494688820
421949.6294264535	4569762.3483375143
421948.6758437884	4569762.0472061457
421947.7222611233	4569761.7460747780
421946.7686784581	4569761.4449434103
421945.8150957930	4569761.1438120427
421944.8615131279	4569760.8426806740
421943.9079304627	4569760.5415493064
421942.9543477976	4569760.2404179387
421942.0007651325	4569759.9392865701
421941.0471824673	4569759.6381552024
421940.0935998022	4569759.3370238347
421939.1400171371	4569759.0358924670
421938.1864344719	4569758.7347610984
421937.2328518068	4569758.4336297307
421936.2792691416	4569758.1324983630
421935.3256864765	4569757.8313669953
421934.3721038114	4569757.5302356267
421933.4185211463	4569757.2291042591
421932.4649384811	4569756.9279728914
421931.5113558159	4569756.6268415237
421930.5577731508	4569756.3257101551
421929.6041904857	4569756.0245787874
421928.6506078206	4569755.7234474197
421927.6970251554	4569755.4223160511
421926.7434424903	4569755.1211846834
421925.7898598251	4569754.8200533157
421924.8360222663	4569754.5197447604
421923.8792018264	4569754.2290651333
421922.9223813865	4569753.9383855062
421921.9655609466	4569753.6477058781
421921.0087405067	4569753.3570262510
421920.0519200667	4569753.0663466239
421919.0950996268	4569752.7756669968
421918.1382791869	4569752.4849873688
421917.1814587470	4569752.1943077417
421916.2246383071	4569751.9036281146
421915.2678178672	4569751.6129484866
421914.3109974273	4569751.3222688595
421913.3541769874	4569751.0315892324
421912.3973565474	4569750.7409096044
421911.4405361075	4569750.4502299773
421910.4837156676	4569750.1595503502
421909.5268952278	4569749.8688707231
421908.5700747878	4569749.5781910950
421907.6132543479	4569749.2875114679
421906.6564339080	4569748.9968318408
421905.7086499071	4569748.6811704691
421904.7872857462	4569748.2924699634
421903.8659215851	4569747.9037694586
421902.9445574242	4569747.5150689529
421902.0231932632	4569747.1263684481
421901.1018291022	4569746.7376679424
421900.1804649412	4569746.3489674367
421899.2591007802	4569745.9602669319
421898.3377366193	4569745.5715664262
421897.4163724582	4569745.1828659214
421896.4950082973	4569744.7941654157
421895.5736441363	4569744.4054649100
421894.6522799753	4569744.0167644052
421893.7309158143	4569743.6280638995
421892.8095516534	4569743.2393633947
421891.8881874923	4569742.8506628890
421890.9668233313	4569742.4619623832
421890.0247081312	4569742.1307866173
421889.0673804204	4569741.8417820251
421888.1100527097	4569741.5527774328
421887.1527249989	4569741.2637728406
421886.1953972882	4569740.9747682493
421885.2380695773	4569740.6857636571
421884.2807418666	4569740.3967590649
421883.3234141558	4569740.1077544726
421882.3660864451	4569739.8187498813
421881.4087587343	4569739.5297452891
421880.4514310235	4569739.2407406969
421879.4941033128	4569738.9517361047
421878.5367756020	4569738.6627315134
421877.5925654553	4569738.3387577562
421876.6813459579	4569737.9268366136
421875.7701264606	4569737.5149154710
421874.8589069633	4569737.1029943284
421873.9476874660	4569736.6910731858
421873.0364679686	4569736.2791520432
421872.1252484713	4569735.8672309006
421871.2140289740	4569735.4553097580
421870.3028094766	4569735.0433886154
421869.3915899793	4569734.6314674728
421868.4803704820	4569734.2195463302
421867.5691509847	4569733.8076251876
421866.6579314873	4569733.3957040450
421865.7467119900	4569732.9837829024
421864.8354924927	4569732.5718617598
421863.9242729953	4569732.1599406181
421863.0130534980	4569731.7480194755
421862.1018340006	4569731.3360983329
421861.1906145033	4569730.9241771903
421860.2776880089	4569730.5165569009
421859.3320014097	4569730.1914771330
421858.3863148105	4569729.8663973641
421857.4406282112	4569729.5413175952
421856.4949416120	4569729.2162378263
421855.5492550127	4569728.8911580574
421854.6035684135	4569728.5660782894
421853.6578818143	4569728.2409985205
421852.7121952150	4569727.9159187516
421851.7665086158	4569727.5908389827
421850.8208220165	4569727.2657592148
421849.8751354173	4569726.9406794459
421848.9294488181	4569726.6155996770
421847.9837622188	4569726.2905199081
421847.0380756196	4569725.9654401392
421846.0923890203	4569725.6403603712
421845.1467024211	4569725.3152806023
421844.2286998388	4569724.9204772720
421843.3175919160	4569724.5083094025
421842.4064839931	4569724.0961415321
421841.4953760702	4569723.6839736626
421840.5842681474	4569723.2718057930
421839.6731602245	4569722.8596379226
421838.7620523017	4569722.4474700531
421837.8509443788	4569722.0353021836
421836.9398364559	4569721.6231343132
421836.0287285331	4569721.2109664436
421835.1176206102	4569720.7987985741
421834.2065126873	4569720.3866307037
421833.2954047645	4569719.9744628342
421832.3842968417	4569719.5622949647
421831.4731889187	4569719.1501270942
421830.5620809959	4569718.7379592247
421829.6509730731	4569718.3257913552
421828.7398651502	4569717.9136234857
421827.8287572273	4569717.5014556153
421826.9176493045	4569717.0892877458
421826.0065413816	4569716.6771198763
421825.0954334587	4569716.2649520058
421824.1586662724	4569715.9186189054
421823.2089444906	4569715.6055238126
421822.2592227088	4569715.2924287198
421821.3095009271	4569714.9793336261
421820.3597791453	4569714.6662385333
421819.4100573635	4569714.3531434406
421818.4603355818	4569714.0400483478
421817.5106138000	4569713.7269532550
421816.5608920182	4569713.4138581622
421815.6111702365	4569713.1007630685
421814.6614484546	4569712.7876679758
421813.7117266729	4569712.4745728830
421812.7620048911	4569712.1614777902
421811.8122831093	4569711.8483826974
421810.8625613275	4569711.5352876037
421809.9128395458	4569711.2221925110
421808.9631177640	4569710.9090974182
421808.0133959822	4569710.5960023254
421807.0636742004	4569710.2829072326
421806.1139524186	4569709.9698121399
421805.1642306369	4569709.6567170462
421804.2145088551	4569709.3436219534
421803.2647870733	4569709.0305268606
421802.3267363663	4569708.6849218849
421801.3947316948	4569708.3224756243
421800.4627270233	4569707.9600293627
421799.5307223517	4569707.5975831021
421798.5987176801	4569707.2351368405
421797.6667130085	4569706.8726905799
421796.7347083370	4569706.5102443183
421795.8027036654	4569706.1477980576
421794.8706989938	4569705.7853517961
421793.9386943223	4569705.4229055354
421793.0066896507	4569705.0604592739
421792.0746849791	4569704.6980130132
421791.1426803076	4569704.3355667517
421790.2106756360	4569703.9731204910
421789.4752824253	4569703.3260062095
421788.8063176936	4569702.5827120626
421788.1373529619	4569701.8394179167
421787.4683882302	4569701.0961237708
421786.7994234985	4569700.3528296240
421786.1304587668	4569699.6095354781
421785.7634499678	4569698.8144462910
421786.1464649904	4569697.8907041773
421786.5294800131	4569696.9669620637
421786.9124950357	4569696.0432199501
421787.2955100584	4569695.1194778364
421787.6785250810	4569694.1957357228
421787.7183175655	4569693.1991875870
421787.7433097567	4569692.1994999405
421787.7683019479	4569691.1998122940
421787.7932941391	4569690.2001246475
421787.7800202659	4569689.2042470761
421787.5583991623	4569688.2291142205
421787.3367780587	4569687.2539813649
421787.1151569552	4569686.2788485084
421786.8935358516	4569685.3037156528
421786.6719147480	4569684.3285827972
421786.0593475053	4569683.5860183695
421785.3081826068	4569682.9259037618
421784.5570177084	4569682.2657891540
421783.8058528099	4569681.6056745462
421783.0546879115	4569680.9455599384
421782.1959488605	4569680.5063558891
421781.2130766735	4569680.3220673548
421780.2302044865	4569680.1377788195
421779.2473322996	4569679.9534902843
421778.3686258788	4569680.2084106021
421777.5731941586	4569680.8144538170
421776.7777624384	4569681.4204970319
421775.9823307183	4569682.0265402468
421775.1868989981	4569682.6325834626
421774.3914672779	4569683.2386266775
421773.7434388257	4569683.9286628235
421773.6275581263	4569684.9219259629
421773.5116774267	4569685.9151891023
421773.3957967272	4569686.9084522408
421773.2799160277	4569687.9017153801
421773.1640353282	4569688.8949785195
421773.0481546287	4569689.8882416580
421772.9322739291	4569690.8815047974
421772.7695698564	4569691.8681386868
421772.6051708691	4569692.8545326106
421772.4407718818	4569693.8409265345
421772.2763728945	4569694.8273204584
421772.1119739072	4569695.8137143822
421771.9475749199	4569696.8001083061
421771.7831759326	4569697.7865022300
421771.6187769452	4569698.7728961539
421771.4543779579	4569699.7592900777
421771.2899789706	4569700.7456840016
421771.1255799833	4569701.7320779255
421770.9611809960	4569702.7184718493
421770.7967820087	4569703.7048657732
421770.6323830213	4569704.6912596971
421770.4679840340	4569705.6776536210
421770.3035850467	4569706.6640475448
421770.1391860594	4569707.6504414687
421769.9747870721	4569708.6368353926
421769.8103880848	4569709.6232293164
421769.6459890974	4569710.6096232403
421769.4815901101	4569711.5960171642
421769.3171911228	4569712.5824110871
421769.1527921355	4569713.5688050110
421768.9883931482	4569714.5551989349
421768.8239941609	4569715.5415928587
421768.6595951736	4569716.5279867826
421768.4951961863	4569717.5143807065
421768.3307971990	4569718.5007746303
421768.1663982116	4569719.4871685542
421768.0019992243	4569720.4735624781
421767.8376002370	4569721.4599564020
421767.6732012497	4569722.4463503258
421767.5088022624	4569723.4327442497
421767.3444032751	4569724.4191381736
421767.1800042878	4569725.4055320974
421766.2734883487	4569725.2937218724
421765.2969645752	4569725.0783122163
421764.3204408018	4569724.8629025603
421763.3439170283	4569724.6474929051
421762.3673932549	4569724.4320832491
421761.3908694814	4569724.2166735930
421760.4143457079	4569724.0012639370
421759.4378219345	4569723.7858542809
421758.4612981610	4569723.5704446249
421757.4847743876	4569723.3550349688
421756.5082506141	4569723.1396253128
421755.5317268407	4569722.9242156567
421754.5552030672	4569722.7088060006
421753.5786792938	4569722.4933963455
421752.6021555203	4569722.2779866895
421751.6256317469	4569722.0625770334
421750.8647588343	4569721.6962629305
421750.9969225544	4569720.7050350299
421751.1290862745	4569719.7138071293
421751.2612499946	4569718.7225792287
421751.3934137147	4569717.7313513281
421751.5255774348	4569716.7401234275
421751.6577411549	4569715.7488955269
421751.7899048751	4569714.7576676263
421751.9220685952	4569713.7664397256
421752.0542323152	4569712.7752118250
421752.1863960354	4569711.7839839244
421752.3339056087	4569710.7952159951
421752.5181941437	4569709.8123438079
421752.7024826787	4569708.8294716207
421752.8867712137	4569707.8465994345
421752.8864715059	4569706.8741815742
421752.5923856571	4569705.9184025656
421752.2982998083	4569704.9626235561
421752.0042139594	4569704.0068445476
421751.7101281106	4569703.0510655390
421751.4160422617	4569702.0952865304
421751.1219564129	4569701.1395075219
421750.8278705640	4569700.1837285133
421750.5337847152	4569699.2279495038
421750.2396988663	4569698.2721704952
421749.7509708490	4569697.4193677520
421749.1262758014	4569696.6384989424
421748.5015807539	4569695.8576301327
421747.8768857064	4569695.0767613240
421747.2521906588	4569694.2958925143
421746.6274956112	4569693.5150237046
421746.0028005637	4569692.7341548949
421745.3781055161	4569691.9532860853
421744.7534104685	4569691.1724172765
421744.0063220151	4569690.5747766849
421743.0457577506	4569690.2967186086
421742.0851934861	4569690.0186605323
421741.1246292216	4569689.7406024560
421740.1640649571	4569689.4625443798
421739.2035006926	4569689.1844863035
421738.2429364281	4569688.9064282272
421737.2823721636	4569688.6283701509
421736.3218078991	4569688.3503120746
421735.3612436346	4569688.0722539984
421734.4249252714	4569687.7223697053
421733.4923571733	4569687.3613756029
421732.5597890750	4569687.0003815005
421731.6272209768	4569686.6393873971
421730.6946528786	4569686.2783932947
421729.7620847804	4569685.9173991922
421728.8295166822	4569685.5564050889
421727.8969485840	4569685.1954109864
421726.9121511069	4569685.0393756917
421725.9205506958	4569684.9100365080
421724.9289502846	4569684.7806973234
421723.9373498734	4569684.6513581397
421722.9457494623	4569684.5220189551
421722.3337440266	4569684.1249191910
421722.5445818989	4569683.1473981468
421722.7554197712	4569682.1698771026
421722.9662576434	4569681.1923560584
421723.1770955157	4569680.2148350142
421723.3879333879	4569679.2373139700
421723.5987712601	4569678.2597929267
421723.8096091324	4569677.2822718825
421724.0204470047	4569676.3047508383
421724.2312848769	4569675.3272297941
421724.4421227492	4569674.3497087499
421724.6529606214	4569673.3721877057
421724.8637984937	4569672.3946666615
421724.7334195221	4569671.4190299353
421724.5117984185	4569670.4438970797
421724.2901773149	4569669.4687642241
421724.0685562112	4569668.4936313685
421723.8469351075	4569667.5184985120
421723.3622796404	4569666.7680295659
421722.4338029498	4569666.3966388889
421721.5053262591	4569666.0252482118
421720.5206203857	4569665.9458321994
421719.5206203857	4569665.9458322003
421718.5206203857	4569665.9458322003
421717.7554273431	4569666.3257578379
421717.3082137475	4569667.2201850293
421716.8610001519	4569668.1146122199
421716.4137865563	4569669.0090394113
421715.9665729607	4569669.9034666019
421715.5193593651	4569670.7978937933
421715.0721457695	4569671.6923209839
421714.6249321739	4569672.5867481744
421714.1777185783	4569673.4811753659
421713.2736798728	4569673.7164037097
421712.2791744199	4569673.8210884938
421711.2846689670	4569673.9257732788
421710.2901635141	4569674.0304580629
421709.2966198290	4569674.0753908968
421708.3059986998	4569673.9387534996
421707.3153775705	4569673.8021161025
421706.3247564413	4569673.6654787054
421705.3341353120	4569673.5288413083
421704.3435141828	4569673.3922039112
421703.3528930536	4569673.2555665141
421702.3622719243	4569673.1189291170
421701.3716507951	4569672.9822917199
421700.3810296658	4569672.8456543228
421699.3904085366	4569672.7090169257
421698.3997874073	4569672.5723795285
421697.4091662781	4569672.4357421314
421696.4185451488	4569672.2991047343
421695.4319597691	4569672.1417719061
421694.4625823317	4569671.8961962881
421693.4932048943	4569671.6506206710
421692.5238274570	4569671.4050450530
421691.5544500196	4569671.1594694359
421690.5850725822	4569670.9138938179
421689.6156951448	4569670.6683182009
421688.6463177075	4569670.4227425829
421687.6769402701	4569670.1771669658
421686.7075628327	4569669.9315913487
421685.7381853953	4569669.6860157307
421684.7688079579	4569669.4404401137
421683.7994305205	4569669.1948644957
421682.8300530832	4569668.9492888786
421681.8606756458	4569668.7037132606
421680.8912982084	4569668.4581376435
421679.9219207710	4569668.2125620255
421678.9525433337	4569667.9669864085
421677.9831658963	4569667.7214107914
421677.0058349897	4569667.5117107304
421676.0234964233	4569667.3245986225
421675.0411578568	4569667.1374865146
421674.0588192905	4569666.9503744068
421673.0764807240	4569666.7632622989
421672.0941421576	4569666.5761501910
421671.1118035911	4569666.3890380831
421670.1294650247	4569666.2019259753
421669.1471264582	4569666.0148138674
421668.1647878918	4569665.8277017605
421667.1824493254	4569665.6405896526
421666.2001107589	4569665.4534775447
421665.2177721925	4569665.2663654368
421664.2354336260	4569665.0792533290
421663.2530950596	4569664.8921412211
421662.2738236742	4569664.6913607717
421661.3057243813	4569664.4407938961
421660.3376250885	4569664.1902270196
421659.3695257957	4569663.9396601440
421658.4014265029	4569663.6890932685
421657.4333272101	4569663.4385263920
421656.4652279173	4569663.1879595164
421655.4971286245	4569662.9373926409
421654.5290293317	4569662.6868257644
421653.5609300389	4569662.4362588888
421652.5928307461	4569662.1856920132
421651.6247314533	4569661.9351251367
421650.6566321605	4569661.6845582612
421649.6885328677	4569661.4339913856
421648.7204335749	4569661.1834245091
421647.7523342821	4569660.9328576336
421646.7842349893	4569660.6822907580
421645.8161356965	4569660.4317238824
421644.8480364037	4569660.1811570060
421643.8799371109	4569659.9305901304
421642.9118378181	4569659.6800232548
421641.9434638593	4569659.4305360103
421640.9733213592	4569659.1880003847
421640.0031788592	4569658.9454647601
421639.0330363590	4569658.7029291345
421638.0628938589	4569658.4603935089
421637.0927513588	4569658.2178578842
421636.1226088587	4569657.9753222587
421635.1524663586	4569657.7327866340
421634.1842819586	4569657.4829649655
421633.2232563654	4569657.2065055482
421632.2622307723	4569656.9300461309
421631.3012051791	4569656.6535867136
421630.3401795859	4569656.3771272972
421629.3791539928	4569656.1006678799
421628.4181283997	4569655.8242084626
421627.4571028065	4569655.5477490453
421626.4960772133	4569655.2712896280
421625.5350516202	4569654.9948302116
421624.5740260270	4569654.7183707943
421623.6130004339	4569654.4419113770
421622.6519748407	4569654.1654519597
421621.6909492475	4569653.8889925433
421620.7299236544	4569653.6125331260
421619.7688980613	4569653.3360737087
421618.8078724681	4569653.0596142914
421617.8468468749	4569652.7831548741
421616.8858212818	4569652.5066954577
421615.9384298373	4569652.1866958570
421614.9913639578	4569651.8656565761
421614.0442980784	4569651.5446172953
421613.0972321990	4569651.2235780135
421612.1501663196	4569650.9025387326
421611.2031004402	4569650.5814994518
421610.2560345608	4569650.2604601700
421609.3089686813	4569649.9394208891
421608.3619028019	4569649.6183816083
421607.4148369225	4569649.2973423265
421606.4677710431	4569648.9763030456
421605.5207051637	4569648.6552637648
421604.5736392843	4569648.3342244830
421603.6265734048	4569648.0131852021
421602.6790537143	4569647.6936989808
421601.7081338928	4569647.4542940930
421600.7372140712	4569647.2148892060
421599.7662942497	4569646.9754843181
421598.7953744282	4569646.7360794302
421597.8244546067	4569646.4966745432
421596.8535347852	4569646.2572696554
421595.8826149637	4569646.0178647684
421594.9116951421	4569645.7784598805
421593.9407753206	4569645.5390549926
421592.9698554991	4569645.2996501056
421591.9989356775	4569645.0602452178
421591.0280158560	4569644.8208403308
421590.0570960345	4569644.5814354429
421589.0861762130	4569644.3420305550
421588.1152563914	4569644.1026256680
421587.1443365699	4569643.8632207802
421586.1734167484	4569643.6238158932
421585.2024969268	4569643.3844110053
421584.2285914817	4569643.1574692931
421583.2545834547	4569642.9309557984
421582.2805754277	4569642.7044423036
421581.3065674006	4569642.4779288089
421580.3325593736	4569642.2514153142
421579.3585513465	4569642.0249018194
421578.3845433195	4569641.7983883247
421577.4105352925	4569641.5718748309
421576.4365272654	4569641.3453613361
421575.4625192384	4569641.1188478414
421574.4937882675	4569640.8722393652
421573.5341597236	4569640.5909689292
421572.5745311797	4569640.3096984942
421571.6149026358	4569640.0284280591
421570.6552740920	4569639.7471576240
421569.6956455481	4569639.4658871880
421568.7360170042	4569639.1846167529
421567.7763884603	4569638.9033463178
421566.8167599165	4569638.6220758827
421565.8571313725	4569638.3408054477
421564.8975028286	4569638.0595350116
421563.9378742848	4569637.7782645766
421562.9782457409	4569637.4969941415
421562.0186171970	4569637.2157237064
421561.0589886531	4569636.9344532704
421560.0993601093	4569636.6531828353
421559.1397315653	4569636.3719124002
421558.1801030215	4569636.0906419652
421557.2204744776	4569635.8093715301
421556.2608459337	4569635.5281010941
421555.3012173898	4569635.2468306590
421554.3415888460	4569634.9655602239
421553.3819603020	4569634.6842897888
421552.4223317582	4569634.4030193537
421551.4627032143	4569634.1217489177
421550.5030746704	4569633.8404784827
421549.5434461265	4569633.5592080476
421548.5838175827	4569633.2779376125
421547.6241890388	4569632.9966671765
421546.6612601558	4569632.7274665115
421545.6920293866	4569632.4813126652
421544.7227986173	4569632.2351588197
421543.7535678481	4569631.9890049733
421542.7843370789	4569631.7428511269
421541.8151063097	4569631.4966972806
421540.8458755404	4569631.2505434342
421539.8766447712	4569631.0043895887
421538.9074140020	4569630.7582357423
421537.9381832328	4569630.5120818960
421536.9689524636	4569630.2659280496
421535.9997216944	4569630.0197742032
421535.0304909252	4569629.7736203577
421534.0612601559	4569629.5274665114
421533.0920293867	4569629.2813126650
421532.1227986175	4569629.0351588186
421531.1819356907	4569628.7009078013
421530.2511841972	4569628.3352554282
421529.3204327037	4569627.9696030561
421528.3896812103	4569627.6039506840
421527.4589297168	4569627.2382983118
421526.5281782234	4569626.8726459388
421525.5974267299	4569626.5069935666
421524.6666752365	4569626.1413411945
421523.7359237430	4569625.7756888224
421522.8051722495	4569625.4100364493
421521.8744207560	4569625.0443840772
421520.9436692625	4569624.6787317051
421520.0129177691	4569624.3130793329
421519.0821662756	4569623.9474269599
421518.1514147822	4569623.5817745877
421517.2206632887	4569623.2161222156
421516.2899117953	4569622.8504698435
421515.3591603018	4569622.4848174704
421514.4284088083	4569622.1191650983
421513.4976573148	4569621.7535127262
421512.5669058214	4569621.3878603540
421511.6347228009	4569621.0262141833
421510.6830141832	4569620.7192114033
421509.7313055654	4569620.4122086233
421508.7795969476	4569620.1052058442
421507.8278883299	4569619.7982030641
421506.8761797121	4569619.4912002841
421505.9244710944	4569619.1841975041
421504.9727624766	4569618.8771947240
421504.0210538588	4569618.5701919440
421503.0693452411	4569618.2631891640
421502.1176366233	4569617.9561863840
421501.1659280056	4569617.6491836039
421500.2142193878	4569617.3421808248
421499.2625107700	4569617.0351780448
421498.3108021523	4569616.7281752648
421497.3590935345	4569616.4211724848
421496.4136706138	4569616.0960831828
421495.4766904090	4569615.7467007339
421494.5397102043	4569615.3973182840
421493.6027299995	4569615.0479358351
421492.6657497947	4569614.6985533861
421491.7287695899	4569614.3491709363
421490.7917893852	4569613.9997884873
421489.8548091804	4569613.6504060375
421488.9178289756	4569613.3010235885
421487.9808487708	4569612.9516411396
421487.0438685661	4569612.6022586897
421486.1068883613	4569612.2528762408
421485.1699081565	4569611.9034937918
421484.2329279518	4569611.5541113419
421483.2959477470	4569611.2047288930
421482.3484634300	4569610.8894222584
421481.3773917370	4569610.6506341370
421480.4063200439	4569610.4118460156
421479.4352483507	4569610.1730578942
421478.4641766577	4569609.9342697728
421477.4931049646	4569609.6954816515
421476.5220332715	4569609.4566935301
421475.5509615784	4569609.2179054087
421474.5798898853	4569608.9791172873
421473.6088181922	4569608.7403291669
421472.6377464991	4569608.5015410455
421471.6666748060	4569608.2627529241
421470.6956031129	4569608.0239648027
421469.7245314198	4569607.7851766814
421468.7534597267	4569607.5463885600
421467.7823880336	4569607.3076004386
421466.8113163405	4569607.0688123172
421465.8402446474	4569606.8300241958
421464.8691729543	4569606.5912360745
421463.8981012612	4569606.3524479540
421462.9270295681	4569606.1136598326
421461.9559578750	4569605.8748717112
421460.9848861819	4569605.6360835899
421460.0138144889	4569605.3972954685
421459.0427427957	4569605.1585073471
421458.0716711026	4569604.9197192257
421457.1005994096	4569604.6809311043
421456.1295277165	4569604.4421429830
421455.1584560233	4569604.2033548616
421454.1873843303	4569603.9645667411
421453.2186070580	4569603.7175210137
421452.2635429211	4569603.4211217985
421451.3084787843	4569603.1247225842
421450.3534146475	4569602.8283233689
421449.3983505107	4569602.5319241537
421448.4432863739	4569602.2355249394
421447.4882222371	4569601.9391257241
421446.5331581003	4569601.6427265098
421445.5780939635	4569601.3463272946
421444.6230298266	4569601.0499280794
421443.6679656898	4569600.7535288651
421442.7129015530	4569600.4571296498
421441.7578374162	4569600.1607304355
421440.8027732794	4569599.8643312203
421439.8477091426	4569599.5679320050
421438.8926450057	4569599.2715327907
421437.9375808690	4569598.9751335755
421436.9825167322	4569598.6787343612
421436.0274525953	4569598.3823351460
421435.0723884585	4569598.0859359307
421434.1173243217	4569597.7895367164
421433.1622601849	4569597.4931375012
421432.2071960481	4569597.1967382869
421431.2521319113	4569596.9003390716
421430.2970677744	4569596.6039398564
421429.3420036377	4569596.3075406421
421428.3869395008	4569596.0111414269
421427.4318753640	4569595.7147422126
421426.4768112272	4569595.4183429973
421425.5217470904	4569595.1219437821
421424.5420379563	4569594.9219896179
421423.5618603856	4569594.7238686197
421422.5816828149	4569594.5257476205
421421.6015052442	4569594.3276266223
421420.6213276736	4569594.1295056241
421419.6411501029	4569593.9313846258
421418.6609725323	4569593.7332636276
421417.6807949616	4569593.5351426294
421416.7006173909	4569593.3370216312
421415.7204398203	4569593.1389006330
421414.7402622496	4569592.9407796348
421413.7600846789	4569592.7426586365
421412.7799071083	4569592.5445376383
421411.7997295376	4569592.3464166401
421410.8195519669	4569592.1482956419
421409.8393743963	4569591.9501746427
421408.8591968256	4569591.7520536445
421407.8790192550	4569591.5539326463
421406.8988416843	4569591.3558116481
421405.9186641136	4569591.1576906499
421404.9384865429	4569590.9595696516
421403.9583089723	4569590.7614486534
421402.9781314016	4569590.5633276552
421402.0239941781	4569590.2647953127
421401.0710683980	4569589.9615916563
421400.1181426181	4569589.6583879991
421399.1652168380	4569589.3551843418
421398.2122910580	4569589.0519806845
421397.2593652780	4569588.7487770272
421396.3064394979	4569588.4455733700
421395.3535137179	4569588.1423697127
421394.4005879379	4569587.8391660554
421393.4476621579	4569587.5359623982
421392.4947363779	4569587.2327587409
421391.5418105978	4569586.9295550836
421390.5888848178	4569586.6263514264
421389.6359590378	4569586.3231477691
421388.6830332578	4569586.0199441118
421387.7301074778	4569585.7167404545
421386.7771816977	4569585.4135367973
421385.8242559177	4569585.1103331400
421384.8713301377	4569584.8071294827
421383.9184043577	4569584.5039258255
421382.9654785777	4569584.2007221682
421382.0125527976	4569583.8975185109
421381.0494303647	4569583.6291336939
421380.0834823132	4569583.3703976087
421379.1175342618	4569583.1116615236
421378.1515862103	4569582.8529254384
421377.1856381588	4569582.5941893533
421376.2196901074	4569582.3354532672
421375.2537420559	4569582.0767171821
421374.2877940045	4569581.8179810969
421373.3218459530	4569581.5592450118
421372.3558979015	4569581.3005089266
421371.3899498500	4569581.0417728405
421370.4240017986	4569580.7830367554
421369.4580537471	4569580.5243006703
421368.4921056956	4569580.2655645851
421367.5494095993	4569579.9333236078
421366.6103908743	4569579.5894575957
421365.6713721493	4569579.2455915837
421364.7323534243	4569578.9017255716
421363.7933346993	4569578.5578595595
421362.8543159744	4569578.2139935484
421361.9152972494	4569577.8701275364
421360.9762785243	4569577.5262615243
421360.0372597993	4569577.1823955122
421359.0982410744	4569576.8385295011
421358.1592223494	4569576.4946634891
421357.2202036244	4569576.1507974770
421356.2811848994	4569575.8069314649
421355.3421661744	4569575.4630654529
421354.4031474494	4569575.1191994417
421353.4641287244	4569574.7753334297
421352.5251099994	4569574.4314674176
421351.5860912744	4569574.0876014056
421350.6132625370	4569573.8722788291
421349.6265771344	4569573.7096383777
421348.6398917318	4569573.5469979271
421347.6532063292	4569573.3843574757
421346.6665209265	4569573.2217170252
421345.6798355240	4569573.0590765737
421344.6931501213	4569572.8964361232
421343.7064647188	4569572.7337956717
421342.7197793161	4569572.5711552212
421341.7330939136	4569572.4085147707
421340.7464085109	4569572.2458743192
421339.7597231083	4569572.0832338687
421338.7730377057	4569571.9205934172
421337.7863523031	4569571.7579529667
421336.7996669005	4569571.5953125153
421335.8129814979	4569571.4326720648
421334.8262960953	4569571.2700316133
421333.8396106927	4569571.1073911628
421332.8529252901	4569570.9447507113
421331.8662398875	4569570.7821102608
421330.8795544849	4569570.6194698093
421329.8928690823	4569570.4568293588
421328.9061836797	4569570.2941889074
421327.9194982771	4569570.1315484568
421326.9328128745	4569569.9689080063
421325.9461274719	4569569.8062675549
421324.9594420693	4569569.6436271043
421323.9727566667	4569569.4809866529
421322.9860712640	4569569.3183462024
421321.9993858615	4569569.1557057509
421321.0127004588	4569568.9930653004
421320.0260150563	4569568.8304248489
421319.0393296536	4569568.6677843984
421318.0526442511	4569568.5051439470
421317.0659588484	4569568.3425034964
421316.0792734458	4569568.1798630450
421315.0925880432	4569568.0172225945
421314.1059026406	4569567.8545821430
421313.1192172380	4569567.6919416925
421312.1325318354	4569567.5293012410
421311.1458464328	4569567.3666607905
421310.1591610302	4569567.2040203400
421309.1724756276	4569567.0413798885
421308.1857902250	4569566.8787394380
421307.2093787554	4569566.6700245291
421306.2470693523	4569566.3980675237
421305.2847599492	4569566.1261105184
421304.3224505461	4569565.8541535130
421303.3601411430	4569565.5821965076
421302.3978317399	4569565.3102395032
421301.4355223368	4569565.0382824978
421300.4732129337	4569564.7663254924
421299.5109035306	4569564.4943684870
421298.5485941276	4569564.2224114817
421297.5862847244	4569563.9504544763
421296.6239753213	4569563.6784974709
421295.6616659182	4569563.4065404655
421294.6993565152	4569563.1345834611
421293.7370471120	4569562.8626264557
421292.7747377089	4569562.5906694504
421291.8124283058	4569562.3187124450
421290.8501189027	4569562.0467554396
421289.8878094997	4569561.7747984342
421288.9255000965	4569561.5028414289
421287.9631906934	4569561.2308844235
421287.0008812903	4569560.9589274190
421286.0385718873	4569560.6869704137
421285.0783567305	4569560.4078237033
421284.1205304453	4569560.1204758175
421283.1627041601	4569559.8331279317
421282.2048778748	4569559.5457800468
421281.2470515896	4569559.2584321611
421280.2892253044	4569558.9710842753
421279.3313990191	4569558.6837363895
421278.3735727339	4569558.3963885047
421277.4157464487	4569558.1090406189
421276.4579201634	4569557.8216927331
421275.5000938782	4569557.5343448473
421274.5422675930	4569557.2469969625
421273.5844413078	4569556.9596490767
421272.6266150225	4569556.6723011909
421271.6687887373	4569556.3849533051
421270.7109624521	4569556.0976054203
421269.7531361669	4569555.8102575345
421268.7953098816	4569555.5229096487
421267.8374835964	4569555.2355617639
421266.8796573112	4569554.9482138781
421265.9186878521	4569554.6718969671
421264.9532587696	4569554.4112311155
421263.9878296870	4569554.1505652629
421263.0224006044	4569553.8898994103
421262.0569715218	4569553.6292335587
421261.0915424393	4569553.3685677061
421260.1261133568	4569553.1079018535
421259.1606842742	4569552.8472360019
421258.1952551916	4569552.5865701493
421257.2298261090	4569552.3259042967
421256.2643970265	4569552.0652384451
421255.2989679439	4569551.8045725925
421254.3335388613	4569551.5439067399
421253.3681097788	4569551.2832408883
421252.4026806962	4569551.0225750357
421251.4372516137	4569550.7619091831
421250.4718225311	4569550.5012433315
421249.5063934485	4569550.2405774789
421248.5409643660	4569549.9799116263
421247.5755352834	4569549.7192457747
421246.6101062009	4569549.4585799221
421245.6446771183	4569549.1979140695
421244.6792480357	4569548.9372482169
421243.7138189532	4569548.6765823653
421242.7483898706	4569548.4159165127
421241.7834500702	4569548.1534507787
421240.8189209301	4569547.8894743826
421239.8543917899	4569547.6254979856
421238.8898626497	4569547.3615215896
421237.9253335095	4569547.0975451935
421236.9608043694	4569546.8335687974
421235.9962752292	4569546.5695924014
421235.0317460891	4569546.3056160044
421234.0672169489	4569546.0416396083
421233.1026878088	4569545.7776632123
421232.1381586686	4569545.5136868162
421231.1736295284	4569545.2497104201
421230.2091003882	4569544.9857340232
421229.2445712481	4569544.7217576271
421228.2800421079	4569544.4577812310
421227.3155129678	4569544.1938048350
421226.3509838276	4569543.9298284389
421225.3864546874	4569543.6658520419
421224.4219255473	4569543.4018756459
421223.4573964071	4569543.1378992498
421222.4928672670	4569542.8739228537
421221.5283381268	4569542.6099464577
421220.5638089867	4569542.3459700607
421219.5992798464	4569542.0819936646
421218.6455081780	4569541.7817399129
421217.6929934197	4569541.4772474905
421216.7404786616	4569541.1727550682
421215.7879639034	4569540.8682626449
421214.8354491453	4569540.5637702225
421213.8829343870	4569540.2592778001
421212.9304196289	4569539.9547853768
421211.9779048707	4569539.6502929544
421211.0253901126	4569539.3458005320
421210.0728753544	4569539.0413081096
421209.1203605962	4569538.7368156863
421208.1678458380	4569538.4323232640
421207.2153310799	4569538.1278308416
421206.2628163217	4569537.8233384183
421205.3103015635	4569537.5188459959
421204.3577868053	4569537.2143535735
421203.4052720472	4569536.9098611502
421202.4527572890	4569536.6053687278
421201.5002425308	4569536.3008763054
421200.5477277726	4569535.9963838821
421199.5952130145	4569535.6918914597
421198.6426982563	4569535.3873990374
421197.6901834982	4569535.0829066141
421196.7376687399	4569534.7784141917
421195.7851539818	4569534.4739217693
421194.8326392236	4569534.1694293469
421193.8801244655	4569533.8649369236
421192.9276097073	4569533.5604445012
421191.9750949491	4569533.2559520788
421191.0225801909	4569532.9514596555
421190.0699783160	4569532.6472406983
421189.1168540488	4569532.3446615664
421188.1637297817	4569532.0420824336
421187.2106055146	4569531.7395033017
421186.2574812474	4569531.4369241688
421185.3043569803	4569531.1343450369
421184.3512327131	4569530.8317659041
421183.3981084459	4569530.5291867713
421182.4449841788	4569530.2266076393
421181.4918599117	4569529.9240285065
421180.5387356445	4569529.6214493746
421179.5856113774	4569529.3188702418
421178.6324871102	4569529.0162911098
421177.6793628431	4569528.7137119770
421176.7262385760	4569528.4111328451
421175.7731143088	4569528.1085537123
421174.8199900417	4569527.8059745794
421173.8668657745	4569527.5033954475
421172.9137415074	4569527.2008163147
421171.9606172403	4569526.8982371828
421171.0074929731	4569526.5956580499
421170.0543687060	4569526.2930789180
421169.1012444388	4569525.9904997852
421168.1481201716	4569525.6879206533
421167.1949959045	4569525.3853415204
421166.2418716374	4569525.0827623876
421165.2887473702	4569524.7801832557
421164.3356231031	4569524.4776041228
421163.3824988359	4569524.1750249909
421162.4293745688	4569523.8724458581
421161.4762503017	4569523.5698667262
421160.5231260345	4569523.2672875933
421159.5799226488	4569522.9370111674
421158.6514459579	4569522.5656204903
421157.7229692670	4569522.1942298142
421156.7944925762	4569521.8228391381
421155.8660158853	4569521.4514484610
421154.9375391944	4569521.0800577849
421154.0090625036	4569520.7086671088
421153.0805858127	4569520.3372764317
421152.1521091219	4569519.9658857556
421151.2236324310	4569519.5944950795
421150.2951557401	4569519.2231044024
421149.3666790493	4569518.8517137263
421148.4382023584	4569518.4803230502
421147.5097256676	4569518.1089323740
421146.5812489767	4569517.7375416970
421145.6527722858	4569517.3661510209
421144.7242955950	4569516.9947603447
421143.7958189041	4569516.6233696677
421142.8673422133	4569516.2519789916
421141.9388655224	4569515.8805883154
421141.0103888315	4569515.5091976384
421140.0819121407	4569515.1378069622
421139.1534354498	4569514.7664162861
421138.2249587589	4569514.3950256091
421137.2964820681	4569514.0236349329
421136.3680053772	4569513.6522442568
421135.4484137254	4569513.2599229487
421134.5363005607	4569512.8499844484
421133.6241873959	4569512.4400459472
421132.7120742311	4569512.0301074460
421131.7999610662	4569511.6201689448
421130.8878479015	4569511.2102304436
421129.9757347367	4569510.8002919434
421129.0636215719	4569510.3903534422
421128.1515084071	4569509.9804149410
421127.2393952423	4569509.5704764398
421126.3272820775	4569509.1605379395
421125.4151689126	4569508.7505994383
421124.5030557479	4569508.3406609371
421123.5909425831	4569507.9307224359
421122.6788294183	4569507.5207839347
421121.7667162534	4569507.1108454345
421120.8546030887	4569506.7009069333
421119.9424899239	4569506.2909684321
421119.0303767591	4569505.8810299309
421118.1182635942	4569505.4710914297
421117.2061504295	4569505.0611529294
421116.2940372647	4569504.6512144282
421115.3819240998	4569504.2412759271
421114.4632303201	4569503.8502140865
421113.4939447888	4569503.6042759670
421112.5246592575	4569503.3583378466
421111.5553737263	4569503.1123997271
421110.5860881949	4569502.8664616067
421109.6168026636	4569502.6205234872
421108.6475171324	4569502.3745853677
421107.6782316010	4569502.1286472473
421106.7089460698	4569501.8827091279
421105.7396605385	4569501.6367710074
421104.7703750072	4569501.3908328880
421103.8010894759	4569501.1448947676
421102.8318039446	4569500.8989566481
421101.8625184133	4569500.6530185277
421100.8932328820	4569500.4070804082
421099.9239473507	4569500.1611422878
421098.9546618194	4569499.9152041683
421098.0686484002	4569499.4917599065
421097.2599123159	4569498.9035882093
421096.4511762316	4569498.3154165111
421095.6424401473	4569497.7272448139
421094.8337040629	4569497.1390731158
421094.0249679786	4569496.5509014186
421093.2162318943	4569495.9627297213
421092.3565976373	4569495.4519282058
421091.4963061037	4569494.9421258159
421090.6360145700	4569494.4323234251
421089.7757230364	4569493.9225210352
421088.9154315028	4569493.4127186453
421088.0551399691	4569492.9029162545
421087.1948484355	4569492.3931138646
421086.3439186354	4569491.8681995636
421085.5043484784	4569491.3249482857
421084.6647783212	4569490.7816970078
421083.8252081642	4569490.2384457290
421082.9856380071	4569489.6951944511
421082.1460678500	4569489.1519431723
421081.3064976929	4569488.6086918944
421080.4669275359	4569488.0654406156
421079.6273573788	4569487.5221893378
421078.7877872217	4569486.9789380599
421077.8661557911	4569486.6089398330
421076.9139404745	4569486.3035122789
421075.9617251580	4569485.9980847249
421075.0095098414	4569485.6926571699
421074.0572945249	4569485.3872296158
421073.1050792083	4569485.0818020618
421072.1528638918	4569484.7763745077
421071.2006485752	4569484.4709469536
421070.2484332586	4569484.1655193986
421069.2962179421	4569483.8600918446
421068.3440026255	4569483.5546642905
421067.3917873089	4569483.2492367364
421066.4395719924	4569482.9438091815
421065.4848410028	4569482.6465527928
421064.5257262482	4569482.3635353241
421063.5666114936	4569482.0805178555
421062.6074967390	4569481.7975003868
421061.6483819844	4569481.5144829182
421060.6892672298	4569481.2314654505
421059.7301524752	4569480.9484479818
421058.7710377206	4569480.6654305132
421057.8119229660	4569480.3824130446
421056.8528082114	4569480.0993955759
421055.8936934567	4569479.8163781073
421054.9345787022	4569479.5333606387
421053.9754639475	4569479.2503431700
421053.0163491930	4569478.9673257014
421052.0572344383	4569478.6843082337
421051.0995568724	4569478.3968318887
421050.1556985161	4569478.0664814636
421049.2118401598	4569477.7361310394
421048.2679818034	4569477.4057806144
421047.3241234470	4569477.0754301893
421046.3802650907	4569476.7450797651
421045.4364067343	4569476.4147293400
421044.4925483780	4569476.0843789149
421043.5486900216	4569475.7540284907
421042.6048316653	4569475.4236780657
421041.6609733089	4569475.0933276406
421040.7171149526	4569474.7629772164
421039.7732565962	4569474.4326267913
421038.8293982399	4569474.1022763662
421037.8855398835	4569473.7719259420
421036.9416815272	4569473.4415755169
421036.0088736369	4569473.0814849436
421035.0783076852	4569472.7153606350
421034.1477417336	4569472.3492363254
421033.2171757819	4569471.9831120167
421032.2866098302	4569471.6169877080
421031.3560438786	4569471.2508633984
421030.4254779269	4569470.8847390898
421029.4949119753	4569470.5186147811
421028.5643460236	4569470.1524904715
421027.6337800720	4569469.7863661628
421026.7032141203	4569469.4202418542
421025.7726481687	4569469.0541175446
421024.8420822170	4569468.6879932359
421023.9115162654	4569468.3218689272
421022.9809503137	4569467.9557446176
421022.0499912848	4569467.5906369314
421021.1151730262	4569467.2355104424
421020.1803547676	4569466.8803839535
421019.2455365089	4569466.5252574645
421018.3107182503	4569466.1701309755
421017.3758999916	4569465.8150044857
421016.4410817330	4569465.4598779967
421015.5062634743	4569465.1047515078
421014.5714452157	4569464.7496250188
421013.6366269571	4569464.3944985289
421012.7018086984	4569464.0393720400
421011.7669904398	4569463.6842455510
421010.8321721811	4569463.3291190621
421009.8973539224	4569462.9739925731
421008.9625356638	4569462.6188660832
421008.0277174052	4569462.2637395943
421007.0928991465	4569461.9086131053
421006.1580808879	4569461.5534866164
421005.2232626293	4569461.1983601265
421004.2884443706	4569460.8432336375
421003.3536261120	4569460.4881071486
421002.4188078533	4569460.1329806596
421001.4839895946	4569459.7778541697
421000.5488971744	4569459.4234575089
420999.6114719026	4569459.0752709787
420998.6740466307	4569458.7270844486
420997.7366213588	4569458.3788979184
420996.7991960869	4569458.0307113891
420995.8464540357	4569457.7293595895
420994.8844410485	4569457.4563559042
420993.9224280613	4569457.1833522180
420992.9604150741	4569456.9103485327
420991.9984020869	4569456.6373448465
420991.0363890996	4569456.3643411612
420990.0743761125	4569456.0913374750
420989.1123631252	4569455.8183337897
420988.1503501380	4569455.5453301035
420987.2363394622	4569455.1666700365
420986.3978958458	4569454.6216816865
420985.5594522293	4569454.0766933355
420984.7210086129	4569453.5317049855
420983.8825649965	4569452.9867166355
420983.0441213801	4569452.4417282846
420982.1486601450	4569452.0053332774
420981.2239820466	4569451.6245834725
420980.2993039481	4569451.2438336676
420979.3746258497	4569450.8630838618
420978.4499477512	4569450.4823340569
420977.5252696527	4569450.1015842510
420976.6005915543	4569449.7208344461
420975.6759134559	4569449.3400846403
420974.7512353574	4569448.9593348354
420973.8265572589	4569448.5785850305
420972.9018791605	4569448.1978352247
420971.9772010620	4569447.8170854198
420971.0525229636	4569447.4363356140
420970.1505004309	4569447.0089865075
420969.2799375921	4569446.5169292511
420968.4093747533	4569446.0248719947
420967.5388119146	4569445.5328147383
420966.6682490758	4569445.0407574810
420965.7976862371	4569444.5487002246
420964.9271233983	4569444.0566429682
420964.0565605596	4569443.5645857118
420963.1859977208	4569443.0725284545
420962.3154348820	4569442.5804711981
420961.4448720433	4569442.0884139417
420960.5743092046	4569441.5963566853
420959.7037463658	4569441.1042994289
420958.8223252420	4569440.6321678683
420957.9369273391	4569440.1673339689
420957.0515294363	4569439.7025000695
420956.1661315335	4569439.2376661710
420955.2807336306	4569438.7728322716
420954.3953357277	4569438.3079983732
420953.5099378249	4569437.8431644738
420952.6245399221	4569437.3783305753
420951.7391420192	4569436.9134966759
420950.8537441164	4569436.4486627774
420949.9683462135	4569435.9838288780
420949.0829483107	4569435.5189949796
420948.1975504079	4569435.0541610802
420947.3121525050	4569434.5893271808
420946.4267546021	4569434.1244932823
420945.5413566993	4569433.6596593829
420944.6410475666	4569433.2260145359
420943.7233254498	4569432.8287915299
420942.8056033330	4569432.4315685239
420941.8878812162	4569432.0343455179
420940.9701590994	4569431.6371225128
420940.0524369826	4569431.2398995068
420939.1347148658	4569430.8426765008
420938.2169927490	4569430.4454534948
420937.2992706322	4569430.0482304888
420936.3815485155	4569429.6510074837
420935.4638263987	4569429.2537844777
420934.5461042819	4569428.8565614717
420933.6283821651	4569428.4593384657
420932.7106600483	4569428.0621154597
420931.7929379315	4569427.6648924537
420930.8752158147	4569427.2676694486
420929.9574936980	4569426.8704464426
420929.0397715812	4569426.4732234366
420928.1220494643	4569426.0760004306
420927.2043273476	4569425.6787774246
420926.2866052308	4569425.2815544195
420925.3688831140	4569424.8843314135
420924.4511609972	4569424.4871084075
420923.5334388804	4569424.0898854015
420922.6157167636	4569423.6926623955
420921.6979946468	4569423.2954393905
420920.7860253441	4569422.8862473750
420919.9025632419	4569422.4177447455
420919.0191011398	4569421.9492421160
420918.1356390377	4569421.4807394864
420917.2521769356	4569421.0122368559
420916.3687148334	4569420.5437342264
420915.4852527313	4569420.0752315968
420914.6017906292	4569419.6067289673
420913.7183285270	4569419.1382263368
420912.8226571316	4569418.6977461111
420911.8779834674	4569418.3697344223
420910.9333098032	4569418.0417227335
420909.9886361389	4569417.7137110438
420909.0439624747	4569417.3856993550
420908.0992888105	4569417.0576876663
420907.1546151463	4569416.7296759766
420906.2099414821	4569416.4016642878
420905.2652678179	4569416.0736525990
420904.3270228356	4569415.7331703333
420903.5118424273	4569415.1539632007
420902.6966620191	4569414.5747560682
420901.8814816108	4569413.9955489365
420901.0663012026	4569413.4163418040
420900.2511207944	4569412.8371346723
420899.3759624657	4569412.3755071657
420898.4285167982	4569412.0555904470
420897.4810711306	4569411.7356737284
420896.5336254630	4569411.4157570098
420895.5861797955	4569411.0958402902
420894.6387341279	4569410.7759235715
420893.6912884604	4569410.4560068529
420892.7438427928	4569410.1360901343
420891.7963971252	4569409.8161734147
420890.8489514577	4569409.4962566961
420889.9015057901	4569409.1763399774
420888.9540601225	4569408.8564232588
420888.0066144549	4569408.5365065392
420887.0591687874	4569408.2165898206
420886.1117231198	4569407.8966731019
420885.1642774522	4569407.5767563833
420884.2168317847	4569407.2568396637
420883.2693861171	4569406.9369229451
420882.3219404496	4569406.6170062264
420881.3744947820	4569406.2970895078
420880.4448853848	4569405.9287725277
420879.5164086939	4569405.5573818516
420878.5879320029	4569405.1859911755
420877.6594553119	4569404.8146004993
420876.7309786209	4569404.4432098232
420875.8025019299	4569404.0718191471
420874.8740252389	4569403.7004284710
420873.9455485480	4569403.3290377948
420873.0170718570	4569402.9576471187
420872.0604357718	4569402.6679590596
420871.1002997647	4569402.3884257916
420870.1401637576	4569402.1088925228
420869.1800277505	4569401.8293592548
420868.2198917435	4569401.5498259868
420867.2597557364	4569401.2702927189
420866.2996197292	4569400.9907594509
420865.3394837222	4569400.7112261830
420864.3793477151	4569400.4316929150
420863.4190728273	4569400.1526809968
420862.4471140534	4569399.9175296808
420861.4751552795	4569399.6823783638
420860.5031965055	4569399.4472270468
420859.5312377316	4569399.2120757299
420858.5592789576	4569398.9769244138
420857.5873201837	4569398.7417730968
420856.6153614098	4569398.5066217799
420855.6382937365	4569398.2965111816
420854.6518998127	4569398.1321121948
420853.6655058888	4569397.9677132070
420852.6791119650	4569397.8033142202
420851.6927180412	4569397.6389152333
420850.7063241173	4569397.4745162455
420849.7199301934	4569397.3101172587
420848.7335362695	4569397.1457182718
420847.7471423457	4569396.9813192841
420846.7607484219	4569396.8169202972
420845.7743544980	4569396.6525213104
420844.7879605742	4569396.4881223226
420843.8015666503	4569396.3237233358
420842.8151727264	4569396.1593243489
420841.8287788026	4569395.9949253611
420840.8332264229	4569395.9143198160
420839.8346085936	4569395.8617609823
420838.8359907642	4569395.8092021495
420837.8373729349	4569395.7566433167
420836.8387551056	4569395.7040844839
420835.8401372762	4569395.6515256502
420834.8415194469	4569395.5989668174
420833.8429016175	4569395.5464079846
420832.8442837883	4569395.4938491508
420831.8449040486	4569395.4632867295
420830.8450429086	4569395.4466223773
420829.8451817686	4569395.4299580250
420828.8453206285	4569395.4132936727
420827.8454594885	4569395.3966293205
420826.8455983484	4569395.3799649682
420825.8457372084	4569395.3633006159
420824.8491103567	4569395.3016798096
420823.8571605771	4569395.1750479229
420822.8652107975	4569395.0484160352
420821.8732610180	4569394.9217841486
420820.8813112384	4569394.7951522619
420819.8893614588	4569394.6685203742
420818.9225817533	4569394.4241467705
420817.9655573488	4569394.1341393748
420817.0085329444	4569393.8441319801
420816.0515085400	4569393.5541245844
420815.1328303936	4569393.1688581826
420814.2417908967	4569392.7149324017
420813.3507513998	4569392.2610066198
420812.4597119029	4569391.8070808388
420811.5686724060	4569391.3531550579
420810.6776329091	4569390.8992292760
420809.7865934122	4569390.4453034950
420808.8568211825	4569390.1014752658
420807.8778407628	4569389.8975210115
420806.8988603431	4569389.6935667582
420805.9198799234	4569389.4896125039
420804.9408995036	4569389.2856582496
420803.9619190839	4569389.0817039954
420802.9829386642	4569388.8777497411
420802.0039582444	4569388.6737954868
420801.0249778247	4569388.4698412325
420800.0469281294	4569388.2615001565
420799.0694703301	4569388.0503692711
420798.0920125307	4569387.8392383866
420797.1145547313	4569387.6281075021
420796.1370969320	4569387.4169766176
420795.1596391326	4569387.2058457322
420794.1821813332	4569386.9947148478
420793.2047235339	4569386.7835839633
420792.2272657345	4569386.5724530788
420791.2498079352	4569386.3613221943
420790.2723501358	4569386.1501913089
420789.2948923364	4569385.9390604245
420788.3174345371	4569385.7279295400
420787.3399767377	4569385.5167986555
420786.3625189383	4569385.3056677701
420785.3900502209	4569385.0751161380
420784.4318584326	4569384.7889894238
420783.4736666443	4569384.5028627086
420782.5154748559	4569384.2167359944
420781.5572830676	4569383.9306092802
420780.5990912793	4569383.6444825651
420779.6408994909	4569383.3583558509
420778.6827077026	4569383.0722291358
420777.7245159143	4569382.7861024216
420776.7663241260	4569382.4999757074
420775.8081323377	4569382.2138489923
420774.8499405493	4569381.9277222781
420773.8917487610	4569381.6415955639
420772.9335569727	4569381.3554688487
420771.9753651843	4569381.0693421345
420771.0171733960	4569380.7832154194
420770.0589816077	4569380.4970887052
420769.1007898193	4569380.2109619910
420768.1364641592	4569379.9513106570
420767.1500702354	4569379.7869116692
420766.1636763116	4569379.6225126823
420765.1772823878	4569379.4581136946
420764.1908884640	4569379.2937147068
420763.2044945402	4569379.1293157199
420762.2181006164	4569378.9649167322
420761.2317066926	4569378.8005177444
420760.2453127688	4569378.6361187575
420759.2589188449	4569378.4717197698
420758.2626680743	4569378.4264187217
420757.2626680743	4569378.4264187226
420756.2626680743	4569378.4264187226
420755.2626680743	4569378.4264187235
420754.2626680743	4569378.4264187235
420753.2645266799	4569378.3718363391
420752.2668429872	4569378.3038124498
420751.2691592946	4569378.2357885614
420750.2714756020	4569378.1677646730
420749.2737919093	4569378.0997407846
420748.2817365346	4569377.9834038094
420747.2951334550	4569377.8202647176
420746.3085303754	4569377.6571256267
420745.3219272957	4569377.4939865349
420744.3353242161	4569377.3308474431
420743.3487211364	4569377.1677083513
420742.3621180568	4569377.0045692595
420741.3755149772	4569376.8414301677
420740.3889118975	4569376.6782910759
420739.4023088179	4569376.5151519841
420738.4157057383	4569376.3520128923
420737.4291026586	4569376.1888738004
420736.4424995790	4569376.0257347086
420735.4558964994	4569375.8625956178
420734.4692934197	4569375.6994565260
420733.4829054759	4569375.5351019325
420732.5002438221	4569375.3496940732
420731.5175821684	4569375.1642862139
420730.5349205146	4569374.9788783547
420729.5522588609	4569374.7934704954
420728.5695972072	4569374.6080626361
420727.5869355534	4569374.4226547768
420726.5981284675	4569374.2775501804
420725.6048653284	4569374.1616694806
420724.6116021893	4569374.0457887808
420723.6183390502	4569373.9299080810
420722.6250759111	4569373.8140273821
420721.6318127721	4569373.6981466822
420720.6385496330	4569373.5822659824
420719.6452864939	4569373.4663852826
420718.6520233548	4569373.3505045827
420717.6587602158	4569373.2346238839
420716.6654970767	4569373.1187431840
420715.6722339376	4569373.0028624842
420714.6789707985	4569372.8869817844
420713.6857076594	4569372.7711010855
420712.6926140265	4569372.6538723046
420711.7015817004	4569372.5202499684
420710.7105493744	4569372.3866276322
420709.7195170484	4569372.2530052960
420708.7284847223	4569372.1193829598
420707.7374523963	4569371.9857606236
420706.7464200703	4569371.8521382874
420705.7553877442	4569371.7185159512
420704.7643554182	4569371.5848936150
420703.7733230921	4569371.4512712788
420702.7822907661	4569371.3176489417
420701.7899424145	4569371.1954712719
420700.7944469418	4569371.1006621793
420699.7989514693	4569371.0058530867
420698.8034559966	4569370.9110439941
420697.8079605240	4569370.8162349025
420696.8124650514	4569370.7214258099
420695.8169695788	4569370.6266167173
420694.8214741062	4569370.5318076247
420693.8259786336	4569370.4369985322
420692.8304831610	4569370.3421894396
420691.8342849681	4569370.2593614785
420690.8345317902	4569370.2371447412
420689.8347786124	4569370.2149280040
420688.8350254345	4569370.1927112667
420687.8352722567	4569370.1704945294
420686.8355190789	4569370.1482777921
420685.8357659010	4569370.1260610549
420684.8360127232	4569370.1038443176
420683.8362595454	4569370.0816275803
420682.8365063676	4569370.0594108440
420681.8367531897	4569370.0371941067
420680.8442638347	4569369.9507586071
420679.8648067914	4569369.7491056863
420678.8853497482	4569369.5474527655
420677.9058927049	4569369.3457998447
420676.9264356617	4569369.1441469239
420675.9469786185	4569368.9424940031
420674.9675215752	4569368.7408410823
420673.9880645320	4569368.5391881615
420673.0086074887	4569368.3375352407
420672.0291504455	4569368.1358823199
420671.0496934023	4569367.9342293991
420670.0702363590	4569367.7325764792
420669.0907793158	4569367.5309235584
420668.1113222725	4569367.3292706376
420667.1318652293	4569367.1276177168
420666.1524081860	4569366.9259647960
420665.1729511428	4569366.7243118752
420664.2058441931	4569366.4723386290
420663.2443202455	4569366.1976175020
420662.2827962979	4569365.9228963740
420661.3212723502	4569365.6481752461
420660.3597484026	4569365.3734541181
420659.3982244549	4569365.0987329902
420658.4367005073	4569364.8240118623
420657.4751765596	4569364.5492907343
420656.5136526120	4569364.2745696064
420655.5521286643	4569363.9998484785
420654.5906047166	4569363.7251273505
420653.6296102062	4569363.4485734496
420652.6697054027	4569363.1682472676
420651.7098005991	4569362.8879210865
420650.7498957956	4569362.6075949045
420649.7899909920	4569362.3272687234
420648.8300861885	4569362.0469425414
420647.8701813849	4569361.7666163594
420646.9102765814	4569361.4862901783
420645.9503717778	4569361.2059639962
420644.9904669743	4569360.9256378142
420644.0305621707	4569360.6453116331
420643.0706573672	4569360.3649854511
420642.1107525637	4569360.0846592691
420641.1508477601	4569359.8043330880
420640.1970624999	4569359.5062752301
420639.2685858090	4569359.1348845540
420638.3401091181	4569358.7634938769
420637.4116324272	4569358.3921032008
420636.4831557363	4569358.0207125247
420635.5546790454	4569357.6493218485
420634.6262023544	4569357.2779311724
420633.6977256635	4569356.9065404963
420632.7692489726	4569356.5351498192
420631.8407722817	4569356.1637591431
420630.9122955908	4569355.7923684670
420629.9838188999	4569355.4209777908
420629.0553422090	4569355.0495871147
420628.1268655180	4569354.6781964386
420627.1994080492	4569354.3042739220
420626.2725793536	4569353.9287894759
420625.3457506581	4569353.5533050299
420624.4189219625	4569353.1778205847
420623.4920932670	4569352.8023361387
420622.5652645714	4569352.4268516926
420621.6384358759	4569352.0513672465
420620.7116071803	4569351.6758828005
420619.7847784848	4569351.3003983553
420618.8579497892	4569350.9249139093
420617.9311210937	4569350.5494294632
420617.0042923981	4569350.1739450172
420616.0774637026	4569349.7984605711
420615.1506350070	4569349.4229761250
420614.2238063115	4569349.0474916799
420613.2969776160	4569348.6720072338
420612.3701489204	4569348.2965227878
420611.4433202249	4569347.9210383417
420610.5164915293	4569347.5455538956
420609.5896628338	4569347.1700694505
420608.6628341382	4569346.7945850044
420607.7360054427	4569346.4191005584
420606.8091767471	4569346.0436161123
420605.8823480516	4569345.6681316663
420604.9555193560	4569345.2926472202
420604.0263407437	4569344.9231144041
420603.0929951375	4569344.5641353251
420602.1596495313	4569344.2051562453
420601.2263039251	4569343.8461771663
420600.2929583189	4569343.4871980874
420599.3596127126	4569343.1282190075
420598.4262671064	4569342.7692399286
420597.4929215001	4569342.4102608496
420596.5595758939	4569342.0512817698
420595.6262302877	4569341.6923026908
420594.6928846815	4569341.3333236119
420593.7595390753	4569340.9743445320
420592.8261934690	4569340.6153654531
420591.8928478628	4569340.2563863741
420590.9372727801	4569339.9617682938
420589.9813311696	4569339.6682114210
420589.0253895592	4569339.3746545482
420588.0694479487	4569339.0810976764
420587.1135063383	4569338.7875408037
420586.1575647278	4569338.4939839309
420585.2016231173	4569338.2004270582
420584.2456815069	4569337.9068701863
420583.2897398965	4569337.6133133136
420582.3337982860	4569337.3197564408
420581.3778566756	4569337.0261995690
420580.4219150651	4569336.7326426962
420579.4659734546	4569336.4390858235
420578.5100318442	4569336.1455289507
420577.5540902337	4569335.8519720789
420576.5979813413	4569335.5589767685
420575.6372270790	4569335.2815758903
420574.6764728166	4569335.0041750120
420573.7157185544	4569334.7267741328
420572.7549642920	4569334.4493732546
420571.7942100297	4569334.1719723763
420570.8334557674	4569333.8945714971
420569.8727015050	4569333.6171706188
420568.9119472427	4569333.3397697406
420567.9511929804	4569333.0623688614
420566.9904387181	4569332.7849679831
420566.0296844557	4569332.5075671049
420565.0689301934	4569332.2301662257
420564.1081759311	4569331.9527653474
420563.1474216688	4569331.6753644692
420562.1866674064	4569331.3979635900
420561.2259131441	4569331.1205627117
420560.2651588818	4569330.8431618335
420559.2989560398	4569330.5878281966
420558.3194989966	4569330.3861752758
420557.3400419533	4569330.1845223550
420556.3605849101	4569329.9828694342
420555.3811278668	4569329.7812165134
420554.4016708236	4569329.5795635926
420553.4222137803	4569329.3779106718
420552.4427567371	4569329.1762577510
420551.4632996939	4569328.9746048301
420550.4838426506	4569328.7729519093
420549.5043856073	4569328.5712989885
420548.5249285641	4569328.3696460677
420547.5454715209	4569328.1679931469
420546.6080312578	4569327.8279547403
420545.6817995829	4569327.4509999892
420544.7555679081	4569327.0740452381
420543.8293362333	4569326.6970904870
420542.9031045584	4569326.3201357350
420541.9768728836	4569325.9431809839
420541.0506412087	4569325.5662262328
420540.1244095339	4569325.1892714817
420539.1981778591	4569324.8123167306
420538.2719461842	4569324.4353619786
420537.3457145094	4569324.0584072275
420536.4194828346	4569323.6814524764
420535.4932511598	4569323.3044977253
420534.5670194849	4569322.9275429733
420533.6407878101	4569322.5505882222
420532.7145561353	4569322.1736334711
420531.7883244604	4569321.7966787200
420530.8620927856	4569321.4197239680
420529.9358611107	4569321.0427692169
420529.0096294359	4569320.6658144658
420528.0833977611	4569320.2888597148
420527.1571660862	4569319.9119049637
420526.2206528887	4569319.5625285432
420525.2737053745	4569319.2411402958
420524.3267578605	4569318.9197520483
420523.3798103463	4569318.5983638009
420522.4328628322	4569318.2769755535
420521.4859153180	4569317.9555873070
420520.5389678039	4569317.6341990596
420519.5920202898	4569317.3128108121
420518.6450727757	4569316.9914225647
420517.6981252615	4569316.6700343173
420516.7511777474	4569316.3486460699
420515.8042302333	4569316.0272578225
420514.8572827192	4569315.7058695760
420513.9103352051	4569315.3844813285
420512.9633876909	4569315.0630930811
420512.0164401768	4569314.7417048337
420511.0694926626	4569314.4203165863
420510.1225451486	4569314.0989283388
420509.1755976344	4569313.7775400924
420508.2286501203	4569313.4561518449
420507.2817026061	4569313.1347635975
420506.3407717933	4569312.7965101013
420505.4042277739	4569312.4459601045
420504.4676837545	4569312.0954101086
420503.5311397351	4569311.7448601127
420502.5945957157	4569311.3943101168
420501.6580516963	4569311.0437601209
420500.7215076769	4569310.6932101250
420499.7849636575	4569310.3426601281
420498.8484196381	4569309.9921101322
420497.9118756187	4569309.6415601363
420496.9753315993	4569309.2910101404
420496.0387875799	4569308.9404601445
420495.1022435605	4569308.5899101486
420494.1656995411	4569308.2393601518
420493.2291555217	4569307.8888101559
420492.2926115024	4569307.5382601600
420491.3560674829	4569307.1877101641
420490.4195234636	4569306.8371601682
420489.4829794442	4569306.4866101723
420488.5464354248	4569306.1360601755
420487.6098914054	4569305.7855101796
420486.6733473860	4569305.4349601837
420485.7368033666	4569305.0844101878
420484.8214661893	4569304.6838480458
420483.9184022047	4569304.2543420037
420483.0153382200	4569303.8248359626
420482.1122742354	4569303.3953299215
420481.2092102508	4569302.9658238795
420480.3061462661	4569302.5363178384
420479.4030822816	4569302.1068117963
420478.5000182969	4569301.6773057552
420477.5969543123	4569301.2477997141
420476.6938903277	4569300.8182936721
420475.7908263430	4569300.3887876309
420474.8476406306	4569300.0634340951
420473.8898143454	4569299.7760862093
420472.9319880603	4569299.4887383236
420471.9741617751	4569299.2013904378
420471.0163354898	4569298.9140425529
420470.0585092046	4569298.6266946672
420469.1006829195	4569298.3393467814
420468.1428566342	4569298.0519988956
420467.1850303490	4569297.7646510098
420466.2272040638	4569297.4773031240
420465.2693777787	4569297.1899552392
420464.3115514934	4569296.9026073534
420463.3613450032	4569296.5942322100
420462.4417939414	4569296.2012616713
420461.5222428795	4569295.8082911316
420460.6026918176	4569295.4153205929
420459.6831407558	4569295.0223500533
420458.7635896939	4569294.6293795146
420457.8440386321	4569294.2364089750
420456.9244875702	4569293.8434384363
420456.0049365083	4569293.4504678976
420455.0853854465	4569293.0574973579
420454.1658343846	4569292.6645268193
420453.2462833228	4569292.2715562796
420452.3267322609	4569291.8785857409
420451.4071811990	4569291.4856152013
420450.4876301372	4569291.0926446626
420449.5680790753	4569290.6996741230
420448.6176759239	4569290.3896854343
420447.6647501440	4569290.0864817770
420446.7118243639	4569289.7832781198
420445.7588985840	4569289.4800744625
420444.8059728039	4569289.1768708052
420443.8530470240	4569288.8736671479
420442.9001212439	4569288.5704634907
420441.9471954640	4569288.2672598334
420440.9942696839	4569287.9640561761
420440.0413439040	4569287.6608525189
420439.0884181239	4569287.3576488616
420438.1354923439	4569287.0544452043
420437.1825665639	4569286.7512415471
420436.2287546089	4569286.4510701848
420435.2625196693	4569286.1934075346
420434.2962847297	4569285.9357448835
420433.3300497901	4569285.6780822333
420432.3638148505	4569285.4204195831
420431.3975799109	4569285.1627569320
420430.4313449713	4569284.9050942818
420429.4651100317	4569284.6474316306
420428.4988750921	4569284.3897689804
420427.5326401525	4569284.1321063302
420426.5664052129	4569283.8744436791
420425.6001702733	4569283.6167810289
420424.6339353337	4569283.3591183778
420423.6692155967	4569283.0974672399
420422.7756212013	4569282.6485919151
420421.8820268060	4569282.1997165913
420420.9884324107	4569281.7508412674
420420.0948380153	4569281.3019659426
420419.2012436199	4569280.8530906187
420418.3076492246	4569280.4042152949
420417.4140548292	4569279.9553399710
420416.5204604339	4569279.5064646462
420415.6268660386	4569279.0575893223
420414.7332716432	4569278.6087139985
420413.8396772479	4569278.1598386746
420412.9460828525	4569277.7109633498
420412.0524884571	4569277.2620880259
420411.1588940618	4569276.8132127021
420410.2652996665	4569276.3643373782
420409.3717052711	4569275.9154620534
420408.4781108758	4569275.4665867295
420407.5845164804	4569275.0177114056
420406.6909220851	4569274.5688360808
420405.7973276897	4569274.1199607570
420404.9037332944	4569273.6710854331
420404.0101388991	4569273.2222101092
420403.1165445037	4569272.7733347844
420402.2229501083	4569272.3244594606
420401.3293557130	4569271.8755841367
420400.4357613176	4569271.4267088128
420399.5421669223	4569270.9778334880
420398.6485725270	4569270.5289581642
420397.7517209408	4569270.0870489152
420396.8342997857	4569269.6891313056
420395.9168786305	4569269.2912136959
420394.9994574753	4569268.8932960862
420394.0820363202	4569268.4953784766
420393.1646151650	4569268.0974608669
420392.2471940099	4569267.6995432572
420391.3297728547	4569267.3016256476
420390.4123516995	4569266.9037080379
420389.4949305444	4569266.5057904283
420388.5775093892	4569266.1078728186
420387.6600882340	4569265.7099552089
420386.7426670789	4569265.3120375993
420385.8252459237	4569264.9141199896
420384.9078247685	4569264.5162023799
420383.9904036134	4569264.1182847703
420383.0729824582	4569263.7203671606
420382.1555613030	4569263.3224495510
420381.2381401479	4569262.9245319413
420380.3207189927	4569262.5266143316
420379.4032978376	4569262.1286967220
420378.4858766824	4569261.7307791132
420377.5631754254	4569261.3456122465
420376.6330202041	4569260.9784457115
420375.7028649826	4569260.6112791775
420374.7727097612	4569260.2441126425
420373.8425545399	4569259.8769461075
420372.9123993185	4569259.5097795734
420371.9822440971	4569259.1426130384
420371.0520888757	4569258.7754465044
420370.1219336543	4569258.4082799694
420369.1917784330	4569258.0411134353
420368.2616232116	4569257.6739469003
420367.3314679901	4569257.3067803653
420366.4013127688	4569256.9396138312
420365.4711575474	4569256.5724472962
420364.5410023260	4569256.2052807622
420363.6046484519	4569255.8544075768
420362.6656545573	4569255.5104737664
420361.7266606627	4569255.1665399559
420360.7876667681	4569254.8226061454
420359.8486728735	4569254.4786723349
420358.9096789789	4569254.1347385244
420357.9706850843	4569253.7908047149
420357.0316911896	4569253.4468709044
420356.0926972950	4569253.1029370939
420355.1537034004	4569252.7590032835
420354.2147095058	4569252.4150694730
420353.2757156111	4569252.0711356634
420352.3367217165	4569251.7272018529
420351.3977278219	4569251.3832680425
420350.4587339273	4569251.0393342320
420349.5197400327	4569250.6954004215
420348.5807461381	4569250.3514666120
420347.6417522435	4569250.0075328015
420346.7027583489	4569249.6635989910
420345.7637644543	4569249.3196651805
420344.8247705596	4569248.9757313700
420343.8857766650	4569248.6317975596
420342.9555882201	4569248.2650462035
420342.0289753766	4569247.8890293976
420341.1023625332	4569247.5130125917
420340.1757496897	4569247.1369957859
420339.2491368462	4569246.7609789800
420338.3225240028	4569246.3849621741
420337.3959111594	4569246.0089453682
420336.4692983159	4569245.6329285624
420335.5426854725	4569245.2569117565
420334.6160726290	4569244.8808949506
420333.6894597856	4569244.5048781438
420332.7628469421	4569244.1288613379
420331.8362340987	4569243.7528445320
420330.9096212553	4569243.3768277261
420329.9830084118	4569243.0008109203
420329.0563955683	4569242.6247941144
420328.1297827249	4569242.2487773085
420327.2031698814	4569241.8727605026
420326.2316430356	4569241.6464636102
420325.2510623599	4569241.4503474748
420324.2704816842	4569241.2542313393
420323.2899010085	4569241.0581152048
420322.3093203329	4569240.8619990693
420321.3473176876	4569240.5897402251
420320.3866035047	4569240.3122005723
420319.4258893220	4569240.0346609186
420318.4651751392	4569239.7571212659
420317.5044609563	4569239.4795816131
420316.5664108553	4569239.1452075187
420315.6783402730	4569238.6855003936
420314.7902696906	4569238.2257932685
420313.9021991083	4569237.7660861434
420313.0141285260	4569237.3063790184
420312.1260579436	4569236.8466718933
420311.2379873613	4569236.3869647682
420310.3499167790	4569235.9272576431
420309.4618461966	4569235.4675505180
420308.5737756143	4569235.0078433929
420307.6857050320	4569234.5481362678
420306.7976344496	4569234.0884291427
420305.9013538942	4569233.6450231746
420305.0032911863	4569233.2051557256
420304.1052284783	4569232.7652882775
420303.2071657704	4569232.3254208285
420302.3091030625	4569231.8855533795
420301.4110403545	4569231.4456859306
420300.5349946452	4569230.9686734304
420299.7180267819	4569230.3919902332
420298.9010589186	4569229.8153070351
420298.9337479120	4569228.9425209342
420299.2153495224	4569227.9829895208
420299.4969511328	4569227.0234581074
420299.7785527432	4569226.0639266940
420300.0601543535	4569225.1043952806
420300.3417559639	4569224.1448638672
420300.6233575743	4569223.1853324538
420300.9049591847	4569222.2258010413
420301.1865607951	4569221.2662696280
420301.4681624055	4569220.3067382146
420301.7497640159	4569219.3472068012
420301.9753941208	4569218.3776544360
420302.0441962125	4569217.3800241081
420302.1129983041	4569216.3823937792
420302.1818003957	4569215.3847634513
420302.2506024873	4569214.3871331224
420302.3194045790	4569213.3895027945
420302.3882066706	4569212.3918724656
420302.3921017325	4569211.3972269194
420302.2320305739	4569210.4101214418
420302.0719594153	4569209.4230159642
420301.9118882568	4569208.4359104866
420301.7518170981	4569207.4488050090
420301.0985624375	4569206.7541582854
420300.3092102201	4569206.1402176721
420299.5198580028	4569205.5262770578
420298.7305057854	4569204.9123364445
420297.9411535681	4569204.2983958311
420297.0867934773	4569203.8739230260
420296.0867934773	4569203.8739230260
420295.0867934773	4569203.8739230260
420294.2067596027	4569204.2159201838
420293.4258907932	4569204.8406152315
420292.6450219839	4569205.4653102793
420291.8641531744	4569206.0900053270
420291.0832843650	4569206.7147003748
420290.3774734583	4569207.3925691200
420290.0471230336	4569208.3364274763
420289.7167726088	4569209.2802858325
420289.3864221841	4569210.2241441896
420289.0560717594	4569211.1680025458
420288.7257213347	4569212.1118609020
420288.3953709099	4569213.0557192583
420288.0650204852	4569213.9995776145
420287.7346700605	4569214.9434359707
420287.4043196357	4569215.8872943278
420287.0739692110	4569216.8311526841
420286.7436187862	4569217.7750110403
420286.4132683615	4569218.7188693965
420286.1410787830	4569219.6787753217
420285.9406825469	4569220.6584902545
420285.7402863108	4569221.6382051865
420285.5398900746	4569222.6179201184
420285.3394938385	4569223.5976350512
420285.0944077124	4569224.5254414603
420284.0957898830	4569224.5780002931
420283.0971720537	4569224.6305591259
420282.0985542243	4569224.6831179596
420281.0999363950	4569224.7356767925
420280.1013185657	4569224.7882356253
420279.1027007363	4569224.8407944590
420278.1040829070	4569224.8933532918
420277.1054650776	4569224.9459121246
420276.1068472484	4569224.9984709583
420275.1082294190	4569225.0510297911
420274.1096115897	4569225.1035886239
420273.1101284948	4569225.1186747449
420272.1101490399	4569225.1122646201
420271.1101695849	4569225.1058544954
420270.1101901300	4569225.0994443707
420269.1102106751	4569225.0930342460
420268.1102312202	4569225.0866241213
420267.1102517652	4569225.0802139966
420266.1102723102	4569225.0738038719
420265.1102928553	4569225.0673937472
420264.1103134004	4569225.0609836224
420263.1103339455	4569225.0545734977
420262.1103544905	4569225.0481633730
420261.1103750356	4569225.0417532483
420260.1103955806	4569225.0353431236
420259.1104161257	4569225.0289329989
420258.1104366707	4569225.0225228742
420257.1104572158	4569225.0161127495
420256.1104777609	4569225.0097026248
420255.1104983059	4569225.0032925000
420254.1108142102	4569224.9788301848
420253.1111602908	4569224.9525235025
420252.1115063714	4569224.9262168212
420251.1118524521	4569224.8999101389
420250.1121985327	4569224.8736034567
420249.1125446134	4569224.8472967744
420248.1128906940	4569224.8209900931
420247.1132367747	4569224.7946834108
420246.1135828553	4569224.7683767285
420245.1139289360	4569224.7420700463
420244.1142750166	4569224.7157633640
420243.1146210972	4569224.6894566827
420242.1149671779	4569224.6631500004
420241.1153132586	4569224.6368433181
420240.1156593392	4569224.6105366359
420239.1160054198	4569224.5842299536
420238.1163515005	4569224.5579232723
420237.1166975812	4569224.5316165900
420236.1184317586	4569224.5683997050
420235.1209022402	4569224.6386482622
420234.1233727218	4569224.7088968204
420233.1258432034	4569224.7791453786
420232.1283136850	4569224.8493939359
420231.1307841665	4569224.9196424941
420230.1332546481	4569224.9898910522
420229.1357251297	4569225.0601396104
420228.1382472744	4569225.1310894256
420227.1411927888	4569225.2077859240
420226.1441383033	4569225.2844824223
420225.1470838178	4569225.3611789206
420224.1500293322	4569225.4378754189
420223.1780532346	4569225.6279049832
420222.2417240570	4569225.9790284252
420221.3053948795	4569226.3301518662
420220.3484250054	4569226.5410052966
420219.3506398476	4569226.4744862858
420218.3528546897	4569226.4079672759
420217.3550695319	4569226.3414482651
420216.3648784303	4569226.2079875451
420215.3775480591	4569226.0493094502
420214.3902176878	4569225.8906313544
420213.4028873166	4569225.7319532586
420212.4155569453	4569225.5732751628
420211.4282265741	4569225.4145970680
420210.4408962028	4569225.2559189722
420209.4875259114	4569224.9572316911
420208.5372168835	4569224.6459235614
420207.5869078557	4569224.3346154317
420206.6365988279	4569224.0233073020
420205.6862898000	4569223.7119991723
420204.7359807722	4569223.4006910427
420203.7856717443	4569223.0893829130
420202.8353627165	4569222.7780747833
420201.8850536887	4569222.4667666536
420200.9347446608	4569222.1554585239
420199.9844356330	4569221.8441503942
420199.0341266052	4569221.5328422645
420198.0838175774	4569221.2215341348
420197.1335085495	4569220.9102260051
420196.1761058015	4569220.6250411449
420195.1988611170	4569220.4129260192
420194.2216164324	4569220.2008108934
420193.2443717478	4569219.9886957677
420192.2671270632	4569219.7765806429
420191.2898823787	4569219.5644655172
420190.3126376941	4569219.3523503914
420189.3353930095	4569219.1402352657
420188.3581483250	4569218.9281201400
420187.3809036404	4569218.7160050152
420186.4036589558	4569218.5038898895
420185.4264142713	4569218.2917747637
420184.4491695867	4569218.0796596380
420183.4719249021	4569217.8675445132
420182.4946802175	4569217.6554293875
420181.5174355330	4569217.4433142617
420180.5329577882	4569217.2763738157
420179.5383393793	4569217.1727677314
420178.5437209704	4569217.0691616470
420177.5491025616	4569216.9655555626
420176.5544841527	4569216.8619494783
420175.5598657438	4569216.7583433939
420174.5618959496	4569216.7192579890
420173.5618959496	4569216.7192579880
420172.5618959496	4569216.7192579880
420171.5618959496	4569216.7192579871
420170.5631249785	4569216.7314266032
420169.5833209197	4569216.9313866151
420168.6035168610	4569217.1313466271
420167.6237128022	4569217.3313066391
420166.6439087434	4569217.5312666511
420165.6641046846	4569217.7312266631
420164.6847095522	4569217.9330338426
420163.7120593212	4569218.1653085258
420162.7394090902	4569218.3975832080
420161.7667588591	4569218.6298578903
420160.7941086281	4569218.8621325726
420159.8214583971	4569219.0944072548
420158.8488081661	4569219.3266819371
420157.8761579350	4569219.5589566203
420156.9035077041	4569219.7912313025
420155.9116354101	4569219.9009644976
420154.9145809246	4569219.9776609959
420153.9175264390	4569220.0543574952
420152.9204719535	4569220.1310539935
420151.9234174681	4569220.2077504927
420150.9263629825	4569220.2844469920
420149.9293084970	4569220.3611434903
420148.9322540115	4569220.4378399896
420147.9351995260	4569220.5145364879
420146.9381450405	4569220.5912329871
420145.9410905550	4569220.6679294854
420144.9416902164	4569220.6679230388
420143.9418122644	4569220.6522999462
420142.9419343124	4569220.6366768535
420141.9420563603	4569220.6210537599
420140.9421784083	4569220.6054306673
420139.9423004563	4569220.5898075746
420138.9424225042	4569220.5741844811
420137.9430334271	4569220.5730373142
420136.9464876688	4569220.6560827941
420135.9499419106	4569220.7391282739
420134.9533961523	4569220.8221737538
420133.9568503941	4569220.9052192336
420132.9603046358	4569220.9882647134
420131.9626489611	4569221.0514585609
420130.9630568746	4569221.0800183350
420129.9634647881	4569221.1085781092
420128.9638727017	4569221.1371378833
420127.9660858182	4569221.1366389263
420126.9777141205	4569220.9845817424
420125.9893424229	4569220.8325245585
420125.0009707252	4569220.6804673737
420124.0125990276	4569220.5284101898
420123.0307087139	4569220.3431186518
420122.0576284265	4569220.1126522673
420121.0845481390	4569219.8821858838
420120.1114678515	4569219.6517194994
420119.1383875640	4569219.4212531159
420118.2067926597	4569219.0663555479
420117.2900966950	4569218.6667701276
420116.3734007303	4569218.2671847073
420115.4567047656	4569217.8675992861
420114.5400088009	4569217.4680138659
420113.5951452469	4569217.1468867185
420112.6336212993	4569216.8721655905
420111.6720973517	4569216.5974444626
420110.7105734041	4569216.3227233347
420109.7490494564	4569216.0480022067
420108.7875255088	4569215.7732810788
420107.8260015612	4569215.4985599509
420106.8407065801	4569215.3684324622
420105.8418384424	4569215.3208673121
420104.8429703047	4569215.2733021630
420103.8441021670	4569215.2257370129
420102.8452340293	4569215.1781718638
420101.8502457856	4569215.0855866624
420100.8579679089	4569214.9615519280
420099.8656900321	4569214.8375171935
420098.8734121554	4569214.7134824591
420097.8811342786	4569214.5894477246
420096.8888564019	4569214.4654129902
420095.8965785252	4569214.3413782567
420094.9001609928	4569214.3772773733
420093.9027951759	4569214.4498130688
420092.9054293589	4569214.5223487644
420091.9080635419	4569214.5948844599
420090.9106977249	4569214.6674201554
420089.9133319080	4569214.7399558509
420088.9155714380	4569214.7917938521
420087.9161654386	4569214.7573315762
420086.9167594393	4569214.7228693003
420085.9173534399	4569214.6884070244
420084.9721353550	4569214.9514584290
420084.0490584320	4569215.3360738140
420083.1259815090	4569215.7206891980
420082.2029045859	4569216.1053045830
420081.2888674887	4569216.5015426008
420080.6888674887	4569217.3015426006
420080.0888674887	4569218.1015426014
420079.4888674888	4569218.9015426012
420078.8888674889	4569219.7015426010
420078.5327922137	4569220.6274808170
420078.2280164865	4569221.5799049642
420077.9232407594	4569222.5323291114
420077.1598177265	4569222.7222102480
420076.1756344025	4569222.5450572493
420075.1914510785	4569222.3679042505
420074.2072677546	4569222.1907512527
420073.2230844306	4569222.0135982540
420072.2389011067	4569221.8364452561
420071.8600391854	4569221.1865168633
420071.9265581959	4569220.1887317058
420071.9930772065	4569219.1909465482
420072.0595962169	4569218.1931613898
420072.1261152274	4569217.1953762323
420072.0939271451	4569216.2232022649
420071.5506758669	4569215.3836321076
420071.0074245887	4569214.5440619504
420070.4641733105	4569213.7044917932
420069.9209220323	4569212.8649216359
420069.2941342332	4569212.1062192917
420068.4726385112	4569211.5360046141
420067.6511427892	4569210.9657899365
420066.8296470671	4569210.3955752589
420066.0081513452	4569209.8253605813
420065.1866556231	4569209.2551459027
420064.3651599011	4569208.6849312251
420063.5436641791	4569208.1147165475
420062.7221684570	4569207.5445018699
420061.9006727350	4569206.9742871923
420061.0791770130	4569206.4040725147
420060.2576812910	4569205.8338578371
420059.4361855689	4569205.2636431586
420058.5058399074	4569204.9080261169
420057.5604669258	4569204.5820354335
420056.6150939441	4569204.2560447501
420055.6697209625	4569203.9300540667
420054.7243479809	4569203.6040633833
420053.7789749992	4569203.2780727008
420052.8336020176	4569202.9520820174
420051.8624931761	4569202.8421548987
420050.8669977035	4569202.9369639913
420049.8715022310	4569203.0317730848
420048.8760067584	4569203.1265821774
420047.8805112858	4569203.2213912699
420046.8850158133	4569203.3162003625
420045.8895203407	4569203.4110094560
420044.8940248681	4569203.5058185486
420043.8985293955	4569203.6006276412
420042.9030339229	4569203.6954367338
420041.9060547638	4569203.7675659014
420040.9066919095	4569203.8032574318
420039.9073290552	4569203.8389489623
420038.9079662008	4569203.8746404927
420037.9086033464	4569203.9103320222
420036.9092404921	4569203.9460235527
420035.9098776377	4569203.9817150831
420034.9132292302	4569203.9299111133
420033.9180007050	4569203.8323396891
420032.9227721798	4569203.7347682659
420031.9275436547	4569203.6371968426
420030.9323151295	4569203.5396254184
420029.9370866044	4569203.4420539951
420028.9445222289	4569203.3223529849
420027.9545727352	4569203.1809316287
420026.9646232416	4569203.0395102724
420025.9746737479	4569202.8980889162
420024.9847242543	4569202.7566675600
420023.9947747606	4569202.6152462037
420023.0048252670	4569202.4738248466
420022.0791982584	4569202.1219908688
420021.1793841511	4569201.6857173620
420020.2795700439	4569201.2494438561
420019.3797559366	4569200.8131703492
420018.5458706673	4569200.2868404454
420017.8581260197	4569199.5608877614
420017.1703813721	4569198.8349350765
420016.4967140614	4569198.0970362211
420015.8923275799	4569197.3003449505
420015.2879410983	4569196.5036536800
420014.6835546167	4569195.7069624094
420014.0791681351	4569194.9102711389
420013.3133694923	4569194.2776359841
420012.5069644967	4569193.6862723194
420011.5909962659	4569193.4295852473
420010.5909962659	4569193.4295852482
420009.5909962659	4569193.4295852482
420008.5919104091	4569193.4649557471
420007.5932454242	4569193.5166108320
420006.5945804393	4569193.5682659177
420005.5959154543	4569193.6199210035
420004.5972504694	4569193.6715760892
420003.5985854845	4569193.7232311750
420002.5999204996	4569193.7748862607
420001.6009916269	4569193.7584444294
420000.6019562962	4569193.7145307884
419999.6029209654	4569193.6706171473
419998.6038856347	4569193.6267035063
419997.6048503039	4569193.5827898653
419996.6058149731	4569193.5388762243
419995.6067796423	4569193.4949625833
419994.6077443115	4569193.4510489423
419993.6087089808	4569193.4071353013
419992.6096736500	4569193.3632216603
419991.6106383192	4569193.3193080192
419990.6119275783	4569193.3503976734
419989.6133097490	4569193.4029565062
419988.6146919196	4569193.4555153390
419987.6160740903	4569193.5080741718
419986.6174562609	4569193.5606330056
419985.6188384316	4569193.6131918384
419984.6202206023	4569193.6657506712
419983.6204041397	4569193.6818568725
419982.6204906935	4569193.6950136283
419981.6205772474	4569193.7081703842
419980.6206638012	4569193.7213271400
419979.6207503550	4569193.7344838958
419978.6208369089	4569193.7476406517
419977.6209234628	4569193.7607974075
419976.6210100166	4569193.7739541633
419975.6210965705	4569193.7871109191
419974.6255640491	4569193.7054402307
419973.6311228884	4569193.6001464613
419972.6366817278	4569193.4948526910
419971.6422405672	4569193.3895589216
419970.6477994065	4569193.2842651512
419969.6533582458	4569193.1789713809
419968.6589170851	4569193.0736776115
419967.6644759245	4569192.9683838412
419966.6700347638	4569192.8630900718
419965.6755936031	4569192.7577963015
419964.6825327453	4569192.6407080311
419963.6906510807	4569192.5135437148
419962.6987694160	4569192.3863793984
419961.7068877514	4569192.2592150820
419960.7150060868	4569192.1320507657
419959.7231244221	4569192.0048864502
419958.7312427574	4569191.8777221339
419957.7393610928	4569191.7505578175
419956.7474794282	4569191.6233935012
419955.7565402069	4569191.4903089479
419954.7742016404	4569191.3031968409
419953.7918630739	4569191.1160847330
419952.8095245073	4569190.9289726261
419951.8271859408	4569190.7418605182
419950.8448473743	4569190.5547484113
419949.9264405922	4569190.1611932982
419949.0102832573	4569189.7603744641
419948.0941259224	4569189.3595556300
419947.1779685875	4569188.9587367959
419946.2618112526	4569188.5579179619
419945.3456539177	4569188.1570991278
419944.4644259673	4569187.6874350309
419943.5999187808	4569187.1848145733
419942.7354115943	4569186.6821941156
419941.8709044078	4569186.1795736579
419941.0063972213	4569185.6769532003
419940.1418900347	4569185.1743327426
419939.1951101105	4569184.8900010856
419938.2139156540	4569184.6969792247
419937.2327211974	4569184.5039573647
419936.2515267409	4569184.3109355047
419935.2703322844	4569184.1179136448
419934.2891378278	4569183.9248917848
419933.3079433713	4569183.7318699248
419932.3249862384	4569183.5489314236
419931.3364982232	4569183.3976322375
419930.3480102080	4569183.2463330515
419929.3595221927	4569183.0950338654
419928.3710341775	4569182.9437346794
419927.3825461622	4569182.7924354933
419926.3940581469	4569182.6411363073
419925.4055701317	4569182.4898371212
419924.4170821165	4569182.3385379352
419923.4285941012	4569182.1872387491
419922.4401060860	4569182.0359395621
419921.4516180707	4569181.8846403761
419920.4630400997	4569181.7339323796
419919.4742873332	4569181.5843731379
419918.4855345668	4569181.4348138962
419917.4967818003	4569181.2852546545
419916.5080290339	4569181.1356954128
419915.5192762674	4569180.9861361701
419914.5305235010	4569180.8365769284
419913.5417707345	4569180.6870176867
419912.5530179680	4569180.5374584449
419911.5642652016	4569180.3878992032
419910.5755124351	4569180.2383399615
419909.5867596687	4569180.0887807198
419908.5980069022	4569179.9392214771
419907.6092541358	4569179.7896622354
419906.6205013693	4569179.6401029937
419905.6412385208	4569179.4383574063
419904.6631325918	4569179.2302497616
419903.6850266629	4569179.0221421178
419902.7069207339	4569178.8140344732
419901.7288148049	4569178.6059268285
419900.7507088760	4569178.3978191838
419899.7726029470	4569178.1897115391
419898.7944970180	4569177.9816038944
419897.8163910890	4569177.7734962506
419896.8382851600	4569177.5653886059
419895.8601792311	4569177.3572809612
419894.8822353225	4569177.1484158924
419893.9045870112	4569176.9381689429
419892.9269386999	4569176.7279219944
419891.9492903886	4569176.5176750459
419890.9716420773	4569176.3074280974
419889.9939937660	4569176.0971811488
419889.0163454548	4569175.8869342003
419888.0386971435	4569175.6766872518
419887.0610488322	4569175.4664403023
419886.0834005209	4569175.2561933538
419885.1057522096	4569175.0459464053
419884.1281038983	4569174.8356994567
419883.1534982577	4569174.6118020248
419882.1791070620	4569174.3869425179
419881.2047158664	4569174.1620830111
419880.2303246707	4569173.9372235043
419879.2559334751	4569173.7123639975
419878.2815422794	4569173.4875044907
419877.3071510837	4569173.2626449838
419876.3327598881	4569173.0377854770
419875.3434084032	4569172.8941278104
419874.3528585364	4569172.7569747521
419873.3623086697	4569172.6198216937
419872.3717588029	4569172.4826686354
419871.3812089361	4569172.3455155771
419870.3906590693	4569172.2083625188
419869.4001092025	4569172.0712094605
419868.4107489930	4569171.9281832138
419867.4449061556	4569171.6690546479
419866.4790633183	4569171.4099260820
419865.5132204810	4569171.1507975161
419864.5473776436	4569170.8916689502
419863.5815348063	4569170.6325403843
419862.6552790337	4569170.2566619413
419861.7310176072	4569169.8749017864
419860.8067561807	4569169.4931416325
419859.8824947542	4569169.1113814777
419858.9582333277	4569168.7296213238
419858.0339719013	4569168.3478611689
419857.1283015766	4569167.9239369268
419856.2230646326	4569167.4990297891
419855.3178276886	4569167.0741226524
419854.4125907445	4569166.6492155157
419853.5073538005	4569166.2243083781
419852.6021168565	4569165.7994012414
419851.6786423807	4569165.4190400643
419850.7353299898	4569165.0871338528
419849.7920175990	4569164.7552276412
419848.8487052082	4569164.4233214296
419847.9053928173	4569164.0914152181
419846.9620804265	4569163.7595090056
419846.0187680357	4569163.4276027940
419845.0572982258	4569163.1576508395
419844.0840586240	4569162.9278581562
419843.1108190223	4569162.6980654718
419842.1375794205	4569162.4682727885
419841.1643398187	4569162.2384801041
419840.1911002169	4569162.0086874207
419839.2178606151	4569161.7788947364
419838.2446210133	4569161.5491020530
419837.2713814116	4569161.3193093697
419836.2844712681	4569161.1651190547
419835.2923877954	4569161.0395388687
419834.3003043227	4569160.9139586817
419833.3082208500	4569160.7883784957
419832.3161373773	4569160.6627983097
419831.3240539046	4569160.5372181237
419830.3319704319	4569160.4116379367
419829.3398869592	4569160.2860577507
419828.3478034865	4569160.1604775647
419827.3578290458	4569160.0222083023
419826.3784624065	4569159.8201167732
419825.3990957673	4569159.6180252451
419824.4197291280	4569159.4159337161
419823.4403624888	4569159.2138421880
419822.4609958495	4569159.0117506590
419821.4816292103	4569158.8096591309
419820.5022625710	4569158.6075676018
419819.5258572247	4569158.3921631547
419818.5531697348	4569158.1600445490
419817.5804822450	4569157.9279259434
419816.6077947551	4569157.6958073387
419815.6351072652	4569157.4636887331
419814.6624197754	4569157.2315701274
419813.6897322855	4569156.9994515218
419812.7170447957	4569156.7673329161
419811.7443573058	4569156.5352143105
419810.7716698160	4569156.3030957049
419809.7989823261	4569156.0709770992
419808.8371808589	4569155.7994298171
419807.8831871420	4569155.4996032203
419806.9291934251	4569155.1997766234
419805.9751997083	4569154.8999500265
419805.0212059914	4569154.6001234297
419804.0672122745	4569154.3002968328
419803.1132185576	4569154.0004702359
419802.1592248407	4569153.7006436391
419801.2052311239	4569153.4008170422
419800.3043021855	4569152.9733430659
419799.4189042828	4569152.5085091665
419798.5335063800	4569152.0436752671
419797.6481084772	4569151.5788413677
419796.7627105744	4569151.1140074693
419795.8511511688	4569150.7140366416
419794.8910151616	4569150.4345033737
419793.9308791545	4569150.1549701057
419792.9707431473	4569149.8754368378
419792.0106071402	4569149.5959035698
419791.0504711331	4569149.3163703028
419790.0903351259	4569149.0368370349
419789.1301991188	4569148.7573037669
419788.1700631117	4569148.4777704990
419787.2099271045	4569148.1982372310
419786.2632187462	4569147.8791810479
419785.3315107444	4569147.5159728443
419784.3998027426	4569147.1527646398
419783.4680947408	4569146.7895564362
419782.5363867390	4569146.4263482327
419781.6046787373	4569146.0631400282
419780.6729707354	4569145.6999318246
419779.7412627337	4569145.3367236201
419778.7588709976	4569145.1665219022
419777.7689215039	4569145.0251005450
419776.7789720103	4569144.8836791888
419775.7890225167	4569144.7422578325
419774.7990730230	4569144.6008364763
419773.8091235294	4569144.4594151201
419772.8195605883	4569144.3153157858
419771.8300276072	4569144.1710088924
419770.8404946262	4569144.0267019989
419769.8509616452	4569143.8823951064
419768.8614286641	4569143.7380882129
419767.8804383084	4569143.5650085621
419766.9724789239	4569143.1459503854
419766.0645195393	4569142.7268922077
419765.1565601548	4569142.3078340301
419764.2486007702	4569141.8887758534
419763.3406413857	4569141.4697176758
419762.4252589785	4569141.0671544354
419761.5094707698	4569140.6654929407
419760.5936825611	4569140.2638314450
419759.6778943524	4569139.8621699503
419758.7621061436	4569139.4605084546
419757.8463179349	4569139.0588469598
419756.9305297262	4569138.6571854642
419756.0286448453	4569138.2265281510
419755.1420599991	4569137.7639621440
419754.2554751529	4569137.3013961380
419753.3688903067	4569136.8388301311
419752.4823054605	4569136.3762641242
419751.5957206143	4569135.9136981172
419750.6893380705	4569135.5021759169
419749.7227176283	4569135.2459632689
419748.7560971860	4569134.9897506218
419747.7894767438	4569134.7335379748
419746.8228563015	4569134.4773253277
419745.8562358592	4569134.2211126806
419744.8896154170	4569133.9649000335
419743.9229949747	4569133.7086873855
419742.9563745325	4569133.4524747385
419741.9897540902	4569133.1962620914
419741.0231336479	4569132.9400494443
419740.0269493118	4569132.8665946601
419739.0288490817	4569132.8049835349
419738.0307488517	4569132.7433724096
419737.0326486216	4569132.6817612844
419736.0345483916	4569132.6201501591
419735.0364481616	4569132.5585390339
419734.0383479315	4569132.4969279086
419733.0402477014	4569132.4353167834
419732.0421474714	4569132.3737056581
419731.0440051825	4569132.3127962872
419730.0456910126	4569132.2547547659
419729.0473768427	4569132.1967132436
419728.0490626729	4569132.1386717223
419727.0507485030	4569132.0806302009
419726.0524343331	4569132.0225886796
419725.0541201632	4569131.9645471573
419724.0558059933	4569131.9065056359
419723.0574918235	4569131.8484641146
419722.0591776536	4569131.7904225932
419721.0608634837	4569131.7323810719
419720.0708375569	4569131.5953492112
419719.0822187196	4569131.4449072136
419718.0935998823	4569131.2944652168
419717.1049810450	4569131.1440232201
419716.1163622077	4569130.9935812233
419715.1277433703	4569130.8431392256
419714.1391245330	4569130.6926972289
419713.1505056956	4569130.5422552321
419712.1618868583	4569130.3918132344
419711.1732680210	4569130.2413712377
419710.1846491836	4569130.0909292409
419709.1942480038	4569129.9529737746
419708.2030201031	4569129.8208100544
419707.2117922025	4569129.6886463342
419706.2205643018	4569129.5564826140
419705.2293364011	4569129.4243188938
419704.2381085005	4569129.2921551736
419703.2468805998	4569129.1599914534
419702.2556526991	4569129.0278277332
419701.2644247985	4569128.8956640130
419700.2731968978	4569128.7635002928
419699.2819689971	4569128.6313365726
419698.2935540346	4569128.4799072994
419697.3059185061	4569128.3231397560
419696.3182829776	4569128.1663722117
419695.3306474492	4569128.0096046673
419694.3430119207	4569127.8528371239
419693.3553763922	4569127.6960695796
419692.3677408636	4569127.5393020362
419691.3803325014	4569127.3811532576
419690.3945113316	4569127.2133539096
419689.4086901618	4569127.0455545615
419688.4228689920	4569126.8777552135
419687.4370478222	4569126.7099558664
419686.4512266524	4569126.5421565184
419685.4795019808	4569126.3172256332
419684.5287721415	4569126.0072050327
419683.5780423022	4569125.6971844332
419682.6273124629	4569125.3871638328
419681.6765826235	4569125.0771432323
419680.7258527843	4569124.7671226319
419679.7809617745	4569124.4400769835
419678.8400743624	4569124.1013575159
419677.8991869503	4569123.7626380483
419676.9856073681	4569123.3639505506
419676.1124096661	4569122.8765843911
419675.2392119641	4569122.3892182317
419674.3660142620	4569121.9018520731
419673.4928165600	4569121.4144859137
419672.6196188579	4569120.9271197543
419671.6983286924	4569120.5618550992
419670.7273138135	4569120.3228360517
419669.7562989346	4569120.0838170052
419668.7852840557	4569119.8447979577
419667.8142691768	4569119.6057789102
419666.8432542979	4569119.3667598628
419665.8722394190	4569119.1277408153
419664.9012245401	4569118.8887217687
419663.9177352704	4569118.7328316011
419662.9193334246	4569118.6763182888
419661.9209315789	4569118.6198049765
419660.9225297332	4569118.5632916652
419659.9241278874	4569118.5067783529
419658.9257260417	4569118.4502650406
419657.9277927129	4569118.3884765869
419656.9350589309	4569118.2681452194
419655.9423251489	4569118.1478138519
419654.9495913668	4569118.0274824845
419653.9568575848	4569117.9071511170
419652.9641238028	4569117.7868197495
419651.9713900207	4569117.6664883820
419650.9786562387	4569117.5461570146
419649.9884149409	4569117.4126417320
419649.0202680293	4569117.1622589100
419648.0521211177	4569116.9118760880
419647.0839742061	4569116.6614932660
419646.1158272945	4569116.4111104440
419645.1476803829	4569116.1607276220
419644.1795334713	4569115.9103448000
419643.2113865597	4569115.6599619780
419642.2439441464	4569115.4068722753
419641.2765719230	4569115.1535128839
419640.3091996995	4569114.9001534926
419639.3418274760	4569114.6467941012
419638.3744552525	4569114.3934347099
419637.5059012947	4569113.9233511556
419636.6802566533	4569113.3591606505
419635.8546120119	4569112.7949701445
419635.0289673705	4569112.2307796394
419634.2033227291	4569111.6665891344
419633.3776780876	4569111.1023986293
419632.5520334462	4569110.5382081242
419631.7263888049	4569109.9740176192
419630.9007441635	4569109.4098271141
419629.9522187401	4569109.0965434061
419629.0003040874	4569108.7901800694
419628.0483894347	4569108.4838167327
419627.0964747820	4569108.1774533959
419626.1445601293	4569107.8710900592
419625.1926454766	4569107.5647267234
419624.2407308239	4569107.2583633866
419623.2888161712	4569106.9520000499
419622.3369015185	4569106.6456367131
419621.3849868658	4569106.3392733773
419620.4330358905	4569106.0330509441
419619.4516432357	4569105.8410393372
419618.4702505808	4569105.6490277313
419617.4888579259	4569105.4570161244
419616.5074652711	4569105.2650045184
419615.5260726162	4569105.0729929116
419614.5446799614	4569104.8809813056
419613.5632873065	4569104.6889696987
419612.5818946516	4569104.4969580928
419611.6005019968	4569104.3049464859
419610.6191093419	4569104.1129348800
419609.6377166871	4569103.9209232731
419608.6454886666	4569103.8047383036
419607.6495954601	4569103.7142025577
419606.6537022536	4569103.6236668117
419605.6578090471	4569103.5331310658
419604.6728991376	4569103.3654128499
419603.6912837480	4569103.1745431907
419602.7096683583	4569102.9836735316
419601.7280529687	4569102.7928038724
419600.7464375791	4569102.6019342132
419599.7648221894	4569102.4110645540
419598.7832067998	4569102.2201948939
419597.8015914102	4569102.0293252347
419596.8199760205	4569101.8384555755
419595.8450643057	4569101.6159519739
419594.8704045161	4569101.3922595633
419593.8957447266	4569101.1685671527
419592.9210849371	4569100.9448747421
419591.9464251476	4569100.7211823314
419590.9717653580	4569100.4974899199
419589.9971055684	4569100.2737975093
419589.0498486338	4569099.9679409685
419588.1360370851	4569099.5618025027
419587.2222255363	4569099.1556640370
419586.3084139876	4569098.7495255712
419585.3946024389	4569098.3433871055
419584.4795596073	4569097.9400348719
419583.5640401533	4569097.5377611723
419582.6485206992	4569097.1354874726
419581.7330012451	4569096.7332137730
419580.8174817910	4569096.3309400743
419579.9019623370	4569095.9286663746
419578.9864428829	4569095.5263926750
419578.0709234289	4569095.1241189754
419577.1599421516	4569094.7132746186
419576.3126550633	4569094.1821394293
419575.4653679749	4569093.6510042390
419574.6180808866	4569093.1198690496
419573.7707937982	4569092.5887338594
419572.9235067099	4569092.0575986700
419572.0762196215	4569091.5264634797
419571.2289325332	4569090.9953282895
419570.3816454449	4569090.4641931001
419569.5343583565	4569089.9330579098
419568.6910799947	4569089.3956194492
419567.8507833465	4569088.8534925794
419567.0104866982	4569088.3113657096
419566.1701900500	4569087.7692388399
419565.3209008574	4569087.2432212383
419564.4184198195	4569086.8124916526
419563.5159387816	4569086.3817620659
419562.6134577438	4569085.9510324802
419561.7109767060	4569085.5203028936
419560.8084956681	4569085.0895733079
419559.8845188841	4569084.7211964531
419558.9083318240	4569084.5042659948
419557.9321447638	4569084.2873355364
419556.9559577037	4569084.0704050791
419555.9797706436	4569083.8534746207
419555.0059779376	4569083.6260769889
419554.0325607692	4569083.3970376560
419553.0591436008	4569083.1679983223
419552.0857264324	4569082.9389589895
419551.0946467117	4569082.8480581744
419550.0949170185	4569082.8248086469
419549.0951873253	4569082.8015591186
419548.0954576321	4569082.7783095911
419547.0957279390	4569082.7550600627
419546.0959982457	4569082.7318105353
419545.0962685526	4569082.7085610069
419544.0965388593	4569082.6853114795
419543.0968091662	4569082.6620619511
419542.0970794729	4569082.6388124237
419541.1020818563	4569082.5661355024
419540.1161009709	4569082.3992771991
419539.1301200855	4569082.2324188948
419538.1441392000	4569082.0655605914
419537.1581583146	4569081.8987022871
419536.1721774291	4569081.7318439838
419535.1861965437	4569081.5649856795
419534.2002156583	4569081.3981273761
419533.2138872521	4569081.2333537303
419532.2270981604	4569081.0713435812
419531.2403090687	4569080.9093334321
419530.2535199769	4569080.7473232830
419529.2667308852	4569080.5853131339
419528.2799417934	4569080.4233029848
419527.2931527017	4569080.2612928357
419526.3063636099	4569080.0992826866
419525.3210526250	4569079.9290429512
419524.3395620330	4569079.7375325914
419523.3580714410	4569079.5460222317
419522.3765808490	4569079.3545118719
419521.3950902570	4569079.1630015131
419520.4135996650	4569078.9714911534
419519.4321090729	4569078.7799807936
419518.4506184809	4569078.5884704348
419517.4691278889	4569078.3969600750
419516.4876372969	4569078.2054497153
419515.5025570815	4569078.0391056780
419514.5066638750	4569077.9485699320
419513.5107706685	4569077.8580341861
419512.5148774621	4569077.7674984401
419511.5189842556	4569077.6769626942
419510.5230910492	4569077.5864269473
419509.5357671181	4569077.4285517018
419508.5489394530	4569077.2667766754
419507.5621117878	4569077.1050016480
419506.5752841226	4569076.9432266215
419505.5884564575	4569076.7814515950
419504.6016287923	4569076.6196765685
419503.6148011271	4569076.4579015411
419502.6408866995	4569076.2381479833
419501.6786806537	4569075.9658255177
419500.7164746078	4569075.6935030511
419499.7542685620	4569075.4211805854
419498.7920625162	4569075.1488581197
419497.8298564704	4569074.8765356541
419496.8676504246	4569074.6042131884
419495.8952208419	4569074.3713610517
419494.9218036736	4569074.1423217179
419493.9483865052	4569073.9132823842
419492.9749693369	4569073.6842430504
419492.0015521685	4569073.4552037166
419491.0281350002	4569073.2261643829
419490.0555484014	4569072.9936401611
419489.0834661929	4569072.7589996280
419488.1113839844	4569072.5243590949
419487.1393017758	4569072.2897185609
419486.1672195673	4569072.0550780278
419485.1951373588	4569071.8204374947
419484.2230551502	4569071.5857969616
419483.2509729417	4569071.3511564285
419482.2788907331	4569071.1165158954
419481.3068085246	4569070.8818753613
419480.3347263161	4569070.6472348282
419479.3435051265	4569070.5216340851
419478.3496213918	4569070.4112025592
419477.3557376571	4569070.3007710334
419476.3618539225	4569070.1903395075
419475.3679701878	4569070.0799079807
419474.3729968970	4569069.9805495190
419473.3766502479	4569069.8951483779
419472.3803035988	4569069.8097472368
419471.3839569498	4569069.7243460957
419470.3877556736	4569069.6373182703
419469.3920544576	4569069.5446949014
419468.3963532416	4569069.4520715326
419467.4006520256	4569069.3594481638
419466.4049508096	4569069.2668247949
419465.4103424239	4569069.1678868579
419464.4414247133	4569068.9205036126
419463.4725070027	4569068.6731203673
419462.5035892921	4569068.4257371211
419461.5346715815	4569068.1783538759
419460.5657538709	4569067.9309706306
419459.6012362553	4569067.6686167298
419458.6525529571	4569067.3523889640
419457.7038696589	4569067.0361611983
419456.7551863608	4569066.7199334325
419455.8065030626	4569066.4037056668
419454.8538385575	4569066.1004534680
419453.8910501678	4569065.8301970772
419452.9282617780	4569065.5599406874
419451.9654733882	4569065.2896842966
419451.0026849985	4569065.0194279058
419450.0398966088	4569064.7491715159
419449.0771082190	4569064.4789151251
419448.1288538807	4569064.1727511594
419447.2491473671	4569063.6972341249
419446.3694408536	4569063.2217170903
419445.4897343400	4569062.7462000558
419444.6100278264	4569062.2706830222
419443.7245590950	4569061.8073444869
419442.7990121388	4569061.4287116406
419441.8734651826	4569061.0500787953
419440.9479182264	4569060.6714459499
419440.0223712702	4569060.2928131036
419439.0968243140	4569059.9141802583
419438.1569247364	4569059.5765974307
419437.1970902907	4569059.2960304385
419436.2372558450	4569059.0154634472
419435.2774213993	4569058.7348964559
419434.3175869536	4569058.4543294637
419433.3577525079	4569058.1737624723
419432.3979180622	4569057.8931954801
419431.4380836165	4569057.6126284888
419430.5151556038	4569057.2528867433
419429.6831053095	4569056.6981865466
419428.8510550152	4569056.1434863508
419428.0190047209	4569055.5887861541
419427.1869544266	4569055.0340859583
419426.3549041323	4569054.4793857615
419425.4889032361	4569053.9815918859
419424.6055542155	4569053.5128760785
419423.7222051948	4569053.0441602720
419422.8388561741	4569052.5754444646
419421.9555071534	4569052.1067286581
419421.0721581328	4569051.6380128507
419420.1889266706	4569051.1690977179
419419.3513160737	4569050.6228299374
419418.5137054768	4569050.0765621569
419417.6760948799	4569049.5302943764
419416.8384842830	4569048.9840265960
419416.0008736861	4569048.4377588155
419415.1632630892	4569047.8914910350
419414.3143748641	4569047.3635502448
419413.4492348625	4569046.8620198099
419412.5840948610	4569046.3604893740
419411.7189548594	4569045.8589589382
419410.8538148579	4569045.3574285032
419409.9886748563	4569044.8558980674
419409.1235348548	4569044.3543676324
419408.2583948532	4569043.8528371966
419407.3932548517	4569043.3513067607
419406.5281148501	4569042.8497763257
419405.5977028070	4569042.4898779867
419404.6543904162	4569042.1579717752
419403.7110780255	4569041.8260655627
419402.7677656347	4569041.4941593511
419401.8244532440	4569041.1622531395
419400.8811408532	4569040.8303469280
419399.9378284625	4569040.4984407155
419398.9404949346	4569040.4534487231
419397.9410689874	4569040.4195698770
419396.9416430403	4569040.3856910318
419395.9422170932	4569040.3518121857
419394.9427911460	4569040.3179333406
419393.9433651989	4569040.2840544945
419392.9439392517	4569040.2501756493
419391.9465899958	4569040.1788013438
419390.9495355104	4569040.1021048445
419389.9524810249	4569040.0254083453
419388.9554265394	4569039.9487118460
419387.9583720539	4569039.8720153468
419386.9613175684	4569039.7953188485
419385.9642630829	4569039.7186223492
419384.9672085974	4569039.6419258500
419383.9701541119	4569039.5652293507
419382.9730996265	4569039.4885328515
419381.9760451410	4569039.4118363531
419380.9775675612	4569039.3570648991
419379.9789643660	4569039.3042287510
419378.9803611708	4569039.2513926020
419377.9817579756	4569039.1985564539
419376.9831547804	4569039.1457203059
419375.9845515852	4569039.0928841578
419374.9859483900	4569039.0400480097
419373.9873451948	4569038.9872118616
419372.9887419996	4569038.9343757136
419371.9901388044	4569038.8815395655
419370.9915356092	4569038.8287034174
419369.9935318586	4569038.7661457462
419368.9960023401	4569038.6958971890
419367.9984728216	4569038.6256486308
419367.0009433032	4569038.5554000735
419366.0034137848	4569038.4851515163
419365.0058842663	4569038.4149029590
419364.0083547479	4569038.3446544018
419363.0108252294	4569038.2744058436
419362.0133992590	4569038.2031850200
419361.0234497653	4569038.0617636638
419360.0335002716	4569037.9203423075
419359.0435507780	4569037.7789209513
419358.0536012843	4569037.6374995951
419357.0636517907	4569037.4960782388
419356.0737022970	4569037.3546568826
419355.0837528034	4569037.2132355263
419354.0938033097	4569037.0718141701
419353.1096748598	4569036.8972660014
419352.1308161600	4569036.6927283630
419351.1519574601	4569036.4881907245
419350.1730987602	4569036.2836530851
419349.1942400604	4569036.0791154467
419348.2153813605	4569035.8745778073
419347.2365226607	4569035.6700401688
419346.2576639608	4569035.4655025294
419345.2786816142	4569035.2615595590
419344.2994211947	4569035.0589539548
419343.3201607752	4569034.8563483506
419342.3409003557	4569034.6537427465
419341.3616399362	4569034.4511371423
419340.3823795167	4569034.2485315381
419339.4031190973	4569034.0459259348
419338.4238586778	4569033.8433203306
419337.4445982583	4569033.6407147264
419336.4653378388	4569033.4381091222
419335.4860774193	4569033.2355035180
419334.5405490885	4569032.9217235064
419333.6138098201	4569032.5460183984
419332.6870705517	4569032.1703132903
419331.7603312833	4569031.7946081813
419330.8335920149	4569031.4189030733
419329.9981560541	4569030.8752476797
419329.1789241340	4569030.3017853349
419328.3596922138	4569029.7283229902
419327.4558323476	4569029.3035408901
419326.5444617477	4569028.8919541687
419325.6330911479	4569028.4803674463
419324.7217205480	4569028.0687807249
419323.7390444312	4569027.9337561270
419322.7422804762	4569027.8533719378
419321.7455165212	4569027.7729877476
419320.7487525662	4569027.6926035574
419319.7519886112	4569027.6122193672
419318.7552246562	4569027.5318351770
419317.7584607012	4569027.4514509868
419316.7609037890	4569027.3835425312
419315.7619837030	4569027.3370811325
419314.7630636169	4569027.2906197328
419313.7641435308	4569027.2441583341
419312.7652234447	4569027.1976969354
419311.7664464381	4569027.1485487679
419310.7682415926	4569027.0886564776
419309.7700367472	4569027.0287641874
419308.7718319017	4569026.9688718962
419307.7736270562	4569026.9089796059
419306.7754222108	4569026.8490873147
419305.7837713603	4569026.7501233583
419304.8206603863	4569026.4810188217
419303.8575494124	4569026.2119142842
419302.8944384384	4569025.9428097475
419301.9313274644	4569025.6737052109
419300.9682164904	4569025.4046006734
419300.0051055165	4569025.1354961367
419299.0419945425	4569024.8663916001
419298.0788835685	4569024.5972870626
419297.1004839825	4569024.3952813037
419296.1158607165	4569024.2205900792
419295.1312374504	4569024.0458988538
419294.1466141844	4569023.8712076293
419293.1619909184	4569023.6965164049
419292.1773676523	4569023.5218251804
419291.1927443862	4569023.3471339559
419290.2115142542	4569023.1576649901
419289.2493082084	4569022.8853425244
419288.2871021626	4569022.6130200578
419287.3248961168	4569022.3406975921
419286.3626900710	4569022.0683751265
419285.4004840252	4569021.7960526608
419284.4382779793	4569021.5237301942
419283.5462005806	4569021.0992610278
419282.7141502862	4569020.5445608320
419281.8820999917	4569019.9898606353
419281.0500496972	4569019.4351604395
419280.2179994028	4569018.8804602437
419279.3859491083	4569018.3257600479
419278.5218372572	4569017.8269695332
419277.6228473885	4569017.3890001094
419276.7238575196	4569016.9510306865
419275.8248676508	4569016.5130612627
419274.9258777821	4569016.0750918398
419274.0268879133	4569015.6371224159
419273.1278980445	4569015.1991529930
419272.2289081757	4569014.7611835692
419271.3299183069	4569014.3232141463
419270.4309284381	4569013.8852447225
419269.5377275059	4569013.4376727324
419268.7306971802	4569012.8471627375
419267.9236668544	4569012.2566527436
419267.1166365287	4569011.6661427496
419266.3096062030	4569011.0756327547
419265.5025758772	4569010.4851227608
419264.6955455515	4569009.8946127668
419263.7616157743	4569009.5409485754
419262.8229460148	4569009.1961311130
419261.8842762552	4569008.8513136506
419260.9456064957	4569008.5064961882
419260.0069367361	4569008.1616787249
419259.0682669765	4569007.8168612625
419258.0897006843	4569007.6493305489
419257.0938074778	4569007.5587948030
419256.0979142713	4569007.4682590570
419255.1020210648	4569007.3777233111
419254.1061278584	4569007.2871875651
419253.1112688729	4569007.1866854252
419252.1180057339	4569007.0708047263
419251.1247425948	4569006.9549240265
419250.1314794557	4569006.8390433267
419249.1382163167	4569006.7231626268
419248.1449531776	4569006.6072819280
419247.1516900385	4569006.4914012281
419246.1575260268	4569006.3880843790
419245.1578910569	4569006.3610672168
419244.1582560870	4569006.3340500556
419243.1586211171	4569006.3070328943
419242.1589861473	4569006.2800157331
419241.1593511774	4569006.2529985709
419240.1597162076	4569006.2259814097
419239.1600812377	4569006.1989642484
419238.1604462678	4569006.1719470872
419237.1608112980	4569006.1449299250
419236.1611763281	4569006.1179127637
419235.1615413582	4569006.0908956025
419234.1619063883	4569006.0638784412
419233.1622714185	4569006.0368612800
419232.1650845771	4569005.9650956905
419231.1684683237	4569005.8829005361
419230.1718520703	4569005.8007053807
419229.1752358169	4569005.7185102263
419228.1786195635	4569005.6363150710
419227.1820033101	4569005.5541199166
419226.1853870567	4569005.4719247622
419225.1887708033	4569005.3897296069
419224.1921545499	4569005.3075344525
419223.1955382965	4569005.2253392972
419222.1989220431	4569005.1431441428
419221.2018841015	4569005.0700505218
419220.2019372378	4569005.0597417904
419219.2019903742	4569005.0494330600
419218.2020435106	4569005.0391243296
419217.2020966470	4569005.0288155992
419216.2021497833	4569005.0185068687
419215.2022029197	4569005.0081981374
419214.2022560561	4569004.9978894070
419213.2023091925	4569004.9875806766
419212.2023623289	4569004.9772719461
419211.2024154652	4569004.9669632148
419210.2024686016	4569004.9566544844
419209.2043050300	4569004.9096235977
419208.2080644418	4569004.8229939817
419207.2118238536	4569004.7363643656
419206.2155832653	4569004.6497347495
419205.2193426771	4569004.5631051324
419204.2231020889	4569004.4764755163
419203.2383251442	4569004.3040815312
419202.2543056339	4569004.1260208581
419201.2702861236	4569003.9479601849
419200.2862666134	4569003.7698995108
419199.3022471031	4569003.5918388376
419198.3182275928	4569003.4137781644
419197.3342080825	4569003.2357174912
419196.3501885723	4569003.0576568171
419195.3661690620	4569002.8795961440
419194.3821495517	4569002.7015354708
419193.3981300415	4569002.5234747976
419192.4141105312	4569002.3454141244
419191.4361990963	4569002.1451879432
419190.4998699185	4569001.7940645022
419189.5635407407	4569001.4429410612
419188.6272115629	4569001.0918176202
419187.6901526714	4569000.7429594900
419186.7249262996	4569000.4815440141
419185.7596999278	4569000.2201285381
419184.7944735559	4568999.9587130621
419183.8292471841	4568999.6972975861
419182.8640208122	4568999.4358821101
419181.8979459533	4568999.1780751105
419180.9173652776	4568998.9819589760
419179.9367846019	4568998.7858428406
419178.9562039262	4568998.5897267051
419177.9756232505	4568998.3936105706
419176.9950425748	4568998.1974944351
419176.0144618991	4568998.0013782997
419175.0437989803	4568997.7676576469
419174.0940419381	4568997.4546695305
419173.1442848959	4568997.1416814141
419172.1945278538	4568996.8286932977
419171.2447708116	4568996.5157051822
419170.2950137694	4568996.2027170658
419169.3452567273	4568995.8897289494
419168.3954996852	4568995.5767408330
419167.4457426430	4568995.2637527175
419166.4959856008	4568994.9507646011
419165.5462285587	4568994.6377764847
419164.5932005641	4568994.3357707746
419163.6269656245	4568994.0781081244
419162.6607306849	4568993.8204454742
419161.6944957453	4568993.5627828231
419160.7282608057	4568993.3051201729
419159.7620258660	4568993.0474575218
419158.8276371129	4568992.6995987128
419157.9138255644	4568992.2934602462
419157.0000140159	4568991.8873217804
419156.0862024674	4568991.4811833138
419155.1723909189	4568991.0750448471
419154.2585793704	4568990.6689063814
419153.3447678219	4568990.2627679147
419152.4885466967	4568989.7582264952
419151.6869192214	4568989.1604026165
419150.8852917461	4568988.5625787368
419150.0836642709	4568987.9647548571
419149.2820367956	4568987.3669309774
419148.4804093204	4568986.7691070978
419147.6787818451	4568986.1712832190
419146.8771543698	4568985.5734593393
419146.0755268946	4568984.9756354596
419145.3379517668	4568984.3037555600
419144.6308449859	4568983.5966487788
419143.9237382049	4568982.8895419976
419143.0683748403	4568982.3881302373
419142.1739476495	4568981.9409166416
419141.2795204586	4568981.4937030459
419140.3850932678	4568981.0464894501
419139.4103416855	4568980.9158525970
419138.4108967785	4568980.8825377673
419137.4114518715	4568980.8492229367
419136.4120069646	4568980.8159081070
419135.4125620576	4568980.7825932764
419134.4131171506	4568980.7492784467
419133.4136722436	4568980.7159636170
419132.4141009650	4568980.7155339681
419131.4144295341	4568980.7411665693
419130.4147581032	4568980.7667991696
419129.4150866723	4568980.7924317708
419128.4154152414	4568980.8180643711
419127.4157438105	4568980.8436969714
419126.4160723796	4568980.8693295727
419125.4164009486	4568980.8949621730
419124.4167295177	4568980.9205947742
419123.4170269079	4568980.9378634999
419122.4171921562	4568980.9196846858
419121.4173574045	4568980.9015058726
419120.4175226527	4568980.8833270594
419119.4176879010	4568980.8651482454
419118.4178531493	4568980.8469694322
419117.4180183976	4568980.8287906181
419116.4182166890	4568980.8336407794
419115.4184382221	4568980.8546887469
419114.4186597551	4568980.8757367153
419113.4188812881	4568980.8967846828
419112.4191028211	4568980.9178326502
419111.4193243541	4568980.9388806177
419110.4195458871	4568980.9599285852
419109.4197674201	4568980.9809765536
419108.4199889532	4568981.0020245211
419107.4202104862	4568981.0230724886
419106.4204320192	4568981.0441204561
419105.4206482740	4568981.0578588201
419104.4208404523	4568981.0382547453
419103.4210326306	4568981.0186506705
419102.4212248090	4568980.9990465958
419101.4214169873	4568980.9794425210
419100.4216091657	4568980.9598384462
419099.4224001675	4568980.9330869634
419098.4332685910	4568980.7860538913
419097.4441370144	4568980.6390208192
419096.4550054379	4568980.4919877471
419095.4658738613	4568980.3449546751
419094.4767422848	4568980.1979216030
419093.4876107082	4568980.0508885309
419092.4984791317	4568979.9038554588
419091.5093475551	4568979.7568223868
419090.5197102957	4568979.6140145883
419089.5238170892	4568979.5234788414
419088.5279238828	4568979.4329430955
419087.5320306763	4568979.3424073495
419086.5361374699	4568979.2518716026
419085.5402442634	4568979.1613358567
419084.5443510569	4568979.0708001107
419083.5757720448	4568978.8621834442
419082.6412843099	4568978.5061881160
419081.7067965750	4568978.1501927888
419080.7723088401	4568977.7941974606
419079.8378211052	4568977.4382021334
419078.9011187745	4568977.0898076799
419077.9216617313	4568976.8881547591
419076.9422046881	4568976.6865018383
419075.9627476448	4568976.4848489175
419074.9832906015	4568976.2831959967
419074.0038335583	4568976.0815430759
419073.0243765151	4568975.8798901550
419072.0449194718	4568975.6782372342
419071.0654624286	4568975.4765843134
419070.0817153563	4568975.2976183221
419069.0962552406	4568975.1277114050
419068.1107951249	4568974.9578044889
419067.1253350091	4568974.7878975719
419066.1398748934	4568974.6179906558
419065.1544147777	4568974.4480837388
419064.1689546620	4568974.2781768227
419063.2084695107	4568974.0100160977
419062.2614908104	4568973.6887197532
419061.3145121100	4568973.3674234087
419060.3675334097	4568973.0461270642
419059.4205547094	4568972.7248307187
419058.4735760090	4568972.4035343742
419057.5265973087	4568972.0822380297
419056.5786813989	4568971.7637284538
419055.6299981009	4568971.4475006880
419054.6813148029	4568971.1312729213
419053.7326315048	4568970.8150451556
419052.7839482068	4568970.4988173898
419051.8352649088	4568970.1825896231
419050.8801863453	4568969.8871150976
419049.9180596189	4568969.6145125255
419048.9559328925	4568969.3419099525
419047.9938061662	4568969.0693073804
419047.0316794398	4568968.7967048083
419046.0695527134	4568968.5241022361
419045.1074259871	4568968.2514996640
419044.1452992607	4568967.9788970919
419043.1603371509	4568967.8064608602
419042.1751253961	4568967.6351196859
419041.1877038628	4568967.4814386079
419040.1906493773	4568967.4047421087
419039.1935948918	4568967.3280456094
419038.1965404063	4568967.2513491102
419037.1994859209	4568967.1746526118
419036.2082440567	4568967.0515028341
419035.2230323019	4568966.8801616589
419034.2378205471	4568966.7088204846
419033.2526087922	4568966.5374793094
419032.2673970374	4568966.3661381351
419031.2821852826	4568966.1947969608
419030.2969735278	4568966.0234557856
419029.3117617730	4568965.8521146113
419028.3255972992	4568965.6882454045
419027.3289126834	4568965.6068833955
419026.3322280675	4568965.5255213855
419025.3355434517	4568965.4441593764
419024.3388588359	4568965.3627973674
419023.3421742200	4568965.2814353574
419022.3468922765	4568965.1879482036
419021.3579559237	4568965.0396077512
419020.3690195708	4568964.8912672978
419019.3800832180	4568964.7429268444
419018.3911468651	4568964.5945863919
419017.4022105123	4568964.4462459385
419016.4132741594	4568964.2979054851
419015.4243378066	4568964.1495650327
419014.4318022597	4568964.0279505001
419013.4388554665	4568963.9093896886
419012.4459086734	4568963.7908288781
419011.4529618802	4568963.6722680666
419010.4600150870	4568963.5537072551
419009.4670682939	4568963.4351464445
419008.4741215007	4568963.3165856330
419007.4811747075	4568963.1980248224
419006.4895978393	4568963.0686227484
419005.4983699386	4568962.9364590291
419004.5071420379	4568962.8042953089
419003.5179884432	4568962.6600492895
419002.5394386582	4568962.4540388091
419001.5608888732	4568962.2480283277
419000.5823390882	4568962.0420178473
418999.6037893032	4568961.8360073660
418998.6291374064	4568961.6129595879
418997.6583566746	4568961.3729913179
418996.6875759429	4568961.1330230469
418995.7167952112	4568960.8930547768
418994.7460144794	4568960.6530865058
418993.7752337477	4568960.4131182358
418992.7853090375	4568960.2715694671
418991.7953595439	4568960.1301481100
418990.8054100503	4568959.9887267537
418989.8154605567	4568959.8473053966
418988.8255110631	4568959.7058840403
418987.8358240086	4568959.5628023008
418986.8505159882	4568959.3920155773
418985.8652079677	4568959.2212288547
418984.8798999473	4568959.0504421312
418983.8945919269	4568958.8796554077
418982.9236806244	4568958.6487548295
418981.9679016156	4568958.3546689805
418981.0121226068	4568958.0605831314
418980.0563435981	4568957.7664972832
418979.1005645893	4568957.4724114342
418978.1476760502	4568957.1691962639
418977.1968046187	4568956.8596102158
418976.2459331872	4568956.5500241686
418975.2950617557	4568956.2404381214
418974.3441903242	4568955.9308520742
418973.4142109398	4568955.5792801613
418972.5938127733	4568955.0074874992
418971.7734146068	4568954.4356948370
418970.8578167495	4568954.0530988928
418969.9097468842	4568953.7350367447
418968.9616770188	4568953.4169745957
418968.0136071533	4568953.0989124477
418967.0655372879	4568952.7808502987
418966.1174674225	4568952.4627881506
418965.1693975571	4568952.1447260017
418964.2213276918	4568951.8266638536
418963.2732578264	4568951.5086017046
418962.3251879610	4568951.1905395566
418961.3790979722	4568950.8666399289
418960.4331520262	4568950.5423156042
418959.4872060803	4568950.2179912794
418958.5412601343	4568949.8936669556
418957.5747330362	4568949.6523842262
418956.5868135098	4568949.4974164572
418955.5988939834	4568949.3424486881
418954.6109744570	4568949.1874809191
418953.6230549306	4568949.0325131500
418952.6351354043	4568948.8775453810
418951.6653983080	4568948.6572759822
418950.7395506644	4568948.2793789851
418949.8137030208	4568947.9014819870
418948.8878553771	4568947.5235849898
418947.9620077334	4568947.1456879918
418947.0361600898	4568946.7677909946
418946.1103124462	4568946.3898939975
418945.1410343798	4568946.1465649102
418944.1689521713	4568945.9119243771
418943.1968699628	4568945.6772838430
418942.2283226114	4568945.4291562652
418941.2661165655	4568945.1568337996
418940.3039105197	4568944.8845113339
418939.3417044738	4568944.6121888682
418938.3794984279	4568944.3398664026
418937.4172923820	4568944.0675439369
418936.4550863361	4568943.7952214712
418935.5538023179	4568943.3725020662
418934.6733312181	4568942.8984022429
418933.7928601182	4568942.4243024196
418932.9095931811	4568941.9555887412
418932.0151659900	4568941.5083751455
418931.1207387988	4568941.0611615507
418930.2263116077	4568940.6139479550
418929.2854325439	4568940.3502251180
418928.2859524295	4568940.3179838238
418927.2864723152	4568940.2857425297
418926.2869922008	4568940.2535012355
418925.2872943635	4568940.2294620285
418924.2875113067	4568940.2086332152
418923.2877282500	4568940.1878044009
418922.2879451933	4568940.1669755876
418921.2881621365	4568940.1461467743
418920.2883790798	4568940.1253179600
418919.2883888312	4568940.1243817229
418918.2883888312	4568940.1243817229
418917.2883888312	4568940.1243817229
418916.2883888312	4568940.1243817229
418915.2935485205	4568940.0363645367
418914.3003979162	4568939.9195232894
418913.3072473119	4568939.8026820421
418912.3140967075	4568939.6858407939
418911.3209461032	4568939.5689995466
418910.3277954989	4568939.4521582993
418909.3323181815	4568939.3593240716
418908.3352141993	4568939.2832737677
418907.3381102172	4568939.2072234638
418906.3410062350	4568939.1311731599
418905.3439022528	4568939.0551228561
418904.3467982706	4568938.9790725522
418903.3496942884	4568938.9030222483
418902.3525903062	4568938.8269719444
418901.3554863240	4568938.7509216405
418900.3583823419	4568938.6748713367
418899.3612783597	4568938.5988210328
418898.3641743775	4568938.5227707289
418897.3670703953	4568938.4467204250
418896.3699664132	4568938.3706701221
418895.3784685114	4568938.2523908848
418894.3960589516	4568938.0656518778
418893.4136493918	4568937.8789128708
418892.4312398320	4568937.6921738638
418891.4488302722	4568937.5054348568
418890.4664207123	4568937.3186958488
418889.4840111525	4568937.1319568418
418888.5016015927	4568936.9452178348
418887.5191920329	4568936.7584788278
418886.5367824731	4568936.5717398208
418885.5543729132	4568936.3850008138
418884.5719633534	4568936.1982618067
418883.5895537936	4568936.0115227997
418882.6071442337	4568935.8247837927
418881.6247346739	4568935.6380447857
418880.6520898840	4568935.4085748959
418879.6860811371	4568935.1500655133
418878.7200723902	4568934.8915561307
418877.7540636434	4568934.6330467481
418876.7872957201	4568934.3774709944
418875.8171532200	4568934.1349353697
418874.8470107198	4568933.8923997451
418873.8768682196	4568933.6498641195
418872.9067257194	4568933.4073284948
418871.9365832193	4568933.1647928702
418870.9479028124	4568933.0151696103
418869.9589664596	4568932.8668291569
418868.9700301067	4568932.7184887035
418867.9810937539	4568932.5701482510
418866.9939610362	4568932.4122325750
418866.0188281804	4568932.1906114714
418865.0436953246	4568931.9689903678
418864.0685624688	4568931.7473692643
418863.0934296130	4568931.5257481616
418862.1182967571	4568931.3041270580
418861.1627155140	4568931.0129703805
418860.2149747499	4568930.6939289356
418859.2672339857	4568930.3748874897
418858.3194932215	4568930.0558460448
418857.3717524573	4568929.7368045989
418856.4240116931	4568929.4177631540
418855.4666684674	4568929.1337796468
418854.4886320316	4568928.9253456518
418853.5105955958	4568928.7169116568
418852.5325591601	4568928.5084776618
418851.5422981766	4568928.3990616277
418850.5429353223	4568928.3633700972
418849.5435724680	4568928.3276785668
418848.5442096135	4568928.2919870373
418847.5448467592	4568928.2562955068
418846.5613132895	4568928.1098055858
418845.5919358522	4568927.8642299678
418844.6225584149	4568927.6186543508
418843.6531809776	4568927.3730787328
418842.6838035403	4568927.1275031148
418841.7848504914	4568926.6954604695
418840.8951549397	4568926.2389061730
418840.0054593880	4568925.7823518766
418839.1157638364	4568925.3257975811
418838.2260682847	4568924.8692432847
418837.2805378592	4568924.5555696879
418836.3170199495	4568924.2879258245
418835.3535020399	4568924.0202819603
418834.3899841302	4568923.7526380969
418833.4174810926	4568923.5354594886
418832.4207964767	4568923.4540974796
418831.4241118609	4568923.3727354705
418830.4274272450	4568923.2913734615
418829.4307426292	4568923.2100114524
418828.4340580133	4568923.1286494434
418827.4404021179	4568923.0214550300
418826.4519276968	4568922.8700670553
418825.4634532758	4568922.7186790807
418824.4749788547	4568922.5672911061
418823.4865044336	4568922.4159031315
418822.4980300125	4568922.2645151569
418821.5095555914	4568922.1131271822
418820.5232454979	4568921.9485467151
418819.5382150307	4568921.7761663832
418818.5531845636	4568921.6037860513
418817.5681540963	4568921.4314057203
418816.5831236292	4568921.2590253884
418815.5998181726	4568921.0771466196
418814.6170771203	4568920.8921600683
418813.6343360680	4568920.7071735170
418812.6515950157	4568920.5221869666
418811.6688539634	4568920.3372004153
418810.6814182675	4568920.1813427983
418809.6903200326	4568920.0482101999
418808.6992217978	4568919.9150776016
418807.7081235629	4568919.7819450023
418806.7881819173	4568919.4503502762
418805.9382792257	4568918.9234106066
418805.0883765341	4568918.3964709379
418804.2384738425	4568917.8695312692
418803.4161120407	4568917.3006285606
418802.5945239270	4568916.7305470128
418801.7729358134	4568916.1604654649
418800.9052114967	4568915.6792716524
418799.9661546464	4568915.3355097696
418799.0270977961	4568914.9917478869
418798.0880409458	4568914.6479860051
418797.1489840955	4568914.3042241223
418796.2099272452	4568913.9604622396
418795.2708703950	4568913.6167003568
418794.3375433256	4568913.2587447912
418793.4230079878	4568912.8542387765
418792.5084726501	4568912.4497327618
418791.5939373124	4568912.0452267472
418790.6794019747	4568911.6407207325
418789.7648666370	4568911.2362147169
418788.8503312992	4568910.8317087023
418787.9256030867	4568910.4525032081
418786.9860662990	4568910.1100552203
418786.0465295112	4568909.7676072326
418785.1069927234	4568909.4251592439
418784.1674559356	4568909.0827112561
418783.2279191478	4568908.7402632684
418782.2883823600	4568908.3978152806
418781.3163208213	4568908.2028681142
418780.3198925164	4568908.1184250368
418779.3234642115	4568908.0339819603
418778.3289294563	4568907.9429716207
418777.4405035494	4568907.4839515686
418776.5520776426	4568907.0249315165
418775.6636517357	4568906.5659114644
418774.7752258288	4568906.1068914132
418773.7854345578	4568905.9814311685
418772.7918293030	4568905.8685214808
418771.7964391963	4568905.8003043719
418770.7969942893	4568905.8336192016
418769.7975493823	4568905.8669340312
418768.7981044753	4568905.9002488619
418767.7986595683	4568905.9335636916
418766.7992146614	4568905.9668785213
418765.7997697544	4568906.0001933509
418764.8101008034	4568906.0731516303
418763.9097518508	4568906.5083202906
418763.0094028981	4568906.9434889518
418762.1090539455	4568907.3786576129
418761.2017222354	4568907.7944190297
418760.2305113912	4568908.0326405568
418759.2593005470	4568908.2708620839
418758.2880897027	4568908.5090836110
418757.3185082950	4568908.3487045756
418756.3492775256	4568908.1025507301
418755.3800467561	4568907.8563968856
418754.4108159867	4568907.6102430401
418753.4370506578	4568907.3827577541
418752.4628979542	4568907.1568672722
418751.4887452505	4568906.9309767904
418750.5145925469	4568906.7050863076
418749.5357816266	4568906.5009153029
418748.5546730737	4568906.3074572785
418747.5735645208	4568906.1139992531
418746.5924559678	4568905.9205412287
418745.6186666027	4568905.6973849572
418744.6600197362	4568905.4127866691
418743.7013728698	4568905.1281883819
418742.7427260034	4568904.8435900938
418741.7757355812	4568904.5943920463
418740.7908957418	4568904.4209259376
418739.8060559024	4568904.2474598298
418738.8212160630	4568904.0739937210
418737.8363762235	4568903.9005276132
418736.8515363841	4568903.7270615054
418735.8666965447	4568903.5535953967
418734.8818567053	4568903.3801292889
418733.8970168658	4568903.2066631801
418732.9121770264	4568903.0331970723
418731.9273371870	4568902.8597309645
418730.9404081442	4568902.6989288963
418729.9520364466	4568902.5468717124
418728.9636647489	4568902.3948145276
418727.9752930513	4568902.2427573437
418726.9869213536	4568902.0907001588
418726.0235030519	4568901.8268955117
418725.0643335941	4568901.5440634917
418724.1051641364	4568901.2612314718
418723.1459946787	4568900.9783994528
418722.1868252209	4568900.6955674328
418721.1988999477	4568900.5422041565
418720.2101844435	4568900.3923987774
418719.2214689393	4568900.2425933974
418718.2327534351	4568900.0927880183
418717.2440379309	4568899.9429826383
418716.2553224267	4568899.7931772592
418715.2666069225	4568899.6433718791
418714.2778914183	4568899.4935664991
418713.3087870172	4568899.2477381472
418712.3405096935	4568898.9978601281
418711.3722323698	4568898.7479821090
418710.4015636573	4568898.5098465364
418709.4126819082	4568898.3611425143
418708.4238001591	4568898.2124384912
418707.4349184100	4568898.0637344690
418706.4460366609	4568897.9150304468
418705.4571549118	4568897.7663264247
418704.4682731627	4568897.6176224016
418703.4793914136	4568897.4689183794
418702.4907988242	4568897.3185220035
418701.5086436323	4568897.1304497328
418700.5264884404	4568896.9423774621
418699.5443332485	4568896.7543051913
418698.5621780565	4568896.5662329206
418697.5800228647	4568896.3781606499
418696.6021224100	4568896.1712090680
418695.6342387072	4568895.9198107030
418694.6663550044	4568895.6684123380
418693.6984713016	4568895.4170139730
418692.7305875988	4568895.1656156080
418691.7596241666	4568894.9267033255
418690.7858501276	4568894.6991860271
418689.8120760886	4568894.4716687286
418688.8383020498	4568894.2441514302
418687.8645280108	4568894.0166341318
418686.8907539718	4568893.7891168334
418685.9169799329	4568893.5615995349
418684.9432855035	4568893.3337417981
418683.9695973248	4568893.1058573304
418682.9959091460	4568892.8779728627
418682.0222209672	4568892.6500883950
418681.0485327885	4568892.4222039273
418680.0748446097	4568892.1943194596
418679.1011564310	4568891.9664349919
418678.1274682522	4568891.7385505252
418677.1833142429	4568891.4396762503
418676.3353159391	4568890.9096773099
418675.4873176354	4568890.3796783686
418674.6393193317	4568889.8496794282
418673.7648418207	4568889.3752254965
418672.8191552214	4568889.0501457285
418671.8734686219	4568888.7250659605
418670.9277820226	4568888.3999861917
418670.0058259976	4568888.0269549824
418669.1737757033	4568887.4722547857
418668.3417254089	4568886.9175545899
418667.5096751146	4568886.3628543932
418666.6730561742	4568885.8152105277
418665.8264196250	4568885.2830389822
418664.9797830759	4568884.7508674366
418664.1331465267	4568884.2186958911
418663.2865099776	4568883.6865243465
418662.4273602524	4568883.1759284064
418661.5450073112	4568882.7053401712
418660.6626543701	4568882.2347519360
418659.7803014289	4568881.7641637009
418658.8979484877	4568881.2935754657
418658.0155955465	4568880.8229872305
418657.1332426053	4568880.3523989953
418656.2508896641	4568879.8818107601
418655.3548091454	4568879.4442210263
418654.3990301367	4568879.1501351772
418653.4432511280	4568878.8560493281
418652.4874721192	4568878.5619634800
418651.5316931105	4568878.2678776309
418650.5742572961	4568877.9793764502
418649.6127333485	4568877.7046553222
418648.6512094008	4568877.4299341943
418647.6896854531	4568877.1552130673
418646.7281615054	4568876.8804919394
418645.7666375578	4568876.6057708114
418644.8051136101	4568876.3310496835
418643.8435896624	4568876.0563285556
418642.8820657148	4568875.7816074276
418641.9205417671	4568875.5068863006
418640.9532032606	4568875.2538793171
418639.9830607606	4568875.0113436915
418639.0129182606	4568874.7688080668
418638.0427757605	4568874.5262724413
418637.0605778158	4568874.5719643291
418636.0735705459	4568874.7326399321
418635.0865632760	4568874.8933155341
418634.0995560062	4568875.0539911371
418633.1125487363	4568875.2146667391
418632.1207470323	4568875.3356072772
418631.1238488836	4568875.4143097624
418630.1269507350	4568875.4930122476
418629.1300525863	4568875.5717147328
418628.1331544376	4568875.6504172180
418627.1343339095	4568875.6172628272
418626.1353201030	4568875.5728622135
418625.1363062965	4568875.5284615997
418624.1372924901	4568875.4840609860
418623.1382786836	4568875.4396603731
418622.1398805127	4568875.3841769546
418621.1420953549	4568875.3176579438
418620.1443101971	4568875.2511389330
418619.1465250392	4568875.1846199222
418618.1500597621	4568875.1008316604
418617.1537549931	4568875.0149433184
418616.1574502241	4568874.9290549764
418615.1611454551	4568874.8431666344
418614.1648406861	4568874.7572782924
418613.1685359171	4568874.6713899504
418612.1722311481	4568874.5855016084
418611.1788549380	4568874.4709826633
418610.1857938149	4568874.3533833195
418609.1927326917	4568874.2357839756
418608.1996715685	4568874.1181846317
418607.2066104454	4568874.0005852887
418606.2135493222	4568873.8829859449
418605.2204881990	4568873.7653866010
418604.2274270758	4568873.6477872571
418603.2343659526	4568873.5301879141
418602.2604941280	4568873.3123985231
418601.2942591883	4568873.0547358729
418600.3280242486	4568872.7970732218
418599.3617893090	4568872.5394105716
418598.4089667784	4568872.2359283306
418597.4563075672	4568871.9318881566
418596.5036483560	4568871.6278479835
418595.5509891449	4568871.3238078095
418594.5983299336	4568871.0197676355
418593.6460547534	4568870.7145621143
418592.6992820085	4568870.3926593820
418591.7525092635	4568870.0707566487
418590.8057365185	4568869.7488539163
418589.8257520151	4568869.5549894264
418588.8418821050	4568869.3761039879
418587.8580121948	4568869.1972185504
418586.8741422847	4568869.0183331119
418585.8902723746	4568868.8394476743
418584.9025844367	4568868.6847430784
418583.9114624143	4568868.5517876847
418582.9203403919	4568868.4188322909
418581.9292183696	4568868.2858768972
418580.9380963472	4568868.1529215034
418579.9455828761	4568868.0311984736
418578.9519776213	4568867.9182887860
418577.9583723664	4568867.8053790983
418576.9647671115	4568867.6924694115
418575.9711618567	4568867.5795597238
418574.9812323673	4568867.4439196475
418574.0026825824	4568867.2379091661
418573.0241327975	4568867.0318986848
418572.0455830125	4568866.8258882035
418571.0818021102	4568866.5614967123
418570.1230039975	4568866.2774083829
418569.1642058848	4568865.9933200525
418568.2054077721	4568865.7092317231
418567.2466096594	4568865.4251433937
418566.3289158174	4568865.0356274778
418565.4308531092	4568864.5957600297
418564.5327904012	4568864.1558925807
418563.6333376623	4568863.7188918339
418562.7318146049	4568863.2861607661
418561.8302915475	4568862.8534296984
418560.9287684900	4568862.4206986306
418560.0272454326	4568861.9879675629
418559.1714965551	4568861.4812893067
418558.3821443378	4568860.8673486924
418557.5927921205	4568860.2534080790
418556.8034399032	4568859.6394674657
418555.8547317352	4568859.3258970147
418554.9037818985	4568859.0165518867
418553.9528320618	4568858.7072067587
418553.0018822251	4568858.3978616307
418552.0509323884	4568858.0885165036
418551.0667032692	4568857.9394475771
418550.0712077966	4568857.8446384845
418549.0757123240	4568857.7498293919
418548.0802168514	4568857.6550202994
418547.0847213788	4568857.5602112068
418546.0877695636	4568857.4831434088
418545.0901392351	4568857.4143413175
418544.0925089066	4568857.3455392262
418543.0956259934	4568857.2684893589
418542.1018791813	4568857.1568324147
418541.1081323692	4568857.0451754695
418540.1143855570	4568856.9335185243
418539.1206387449	4568856.8218615791
418538.1268919328	4568856.7102046339
418537.1298880470	4568856.6348007852
418536.1321527706	4568856.5675377324
418535.1344174942	4568856.5002746796
418534.1366822178	4568856.4330116278
418533.1389469414	4568856.3657485750
418532.1413607007	4568856.2963486109
418531.1439478180	4568856.2244629981
418530.1465349352	4568856.1525773853
418529.1491220526	4568856.0806917716
418528.1517091698	4568856.0088061588
418527.1542962871	4568855.9369205460
418526.1568834043	4568855.8650349332
418525.1594705216	4568855.7931493195
418524.1620576389	4568855.7212637067
418523.1646447561	4568855.6493780939
418522.1672318734	4568855.5774924811
418521.1698189907	4568855.5056068674
418520.1724061080	4568855.4337212546
418519.1750746249	4568855.3607822116
418518.1784583716	4568855.2785870563
418517.1818421182	4568855.1963919010
418516.1852258648	4568855.1141967457
418515.1886096114	4568855.0320015904
418514.1919933581	4568854.9498064360
418513.1954061642	4568854.8672618121
418512.1989016806	4568854.7837225143
418511.2023971971	4568854.7001832165
418510.2058927136	4568854.6166439177
418509.2093882300	4568854.5331046199
418508.2128837465	4568854.4495653221
418507.2163792630	4568854.3660260243
418506.2198747794	4568854.2824867265
418505.2233702959	4568854.1989474287
418504.2268658124	4568854.1154081300
418503.2299102570	4568854.0386116020
418502.2311579181	4568853.9886739859
418501.2324055793	4568853.9387363689
418500.2336532404	4568853.8887987519
418499.2349009015	4568853.8388611348
418498.2361485626	4568853.7889235178
418497.2373962237	4568853.7389859008
418496.2386438849	4568853.6890482837
418495.2388373142	4568853.7073114337
418494.2390186707	4568853.7263555983
418493.2392000273	4568853.7453997629
418492.2393813838	4568853.7644439274
418491.2395627403	4568853.7834880920
418490.2397440969	4568853.8025322566
418489.2500541283	4568853.6904665101
418488.2650236611	4568853.5180861792
418487.2799931939	4568853.3457058473
418486.2949627268	4568853.1733255154
418485.3099322596	4568853.0009451834
418484.3249017924	4568852.8285648525
418483.3398713253	4568852.6561845206
418482.3562251923	4568852.4763422469
418481.3749114427	4568852.2839277852
418480.3935976932	4568852.0915133245
418479.4104990090	4568851.9093051013
418478.4221273112	4568851.7572479183
418477.4337556134	4568851.6051907344
418476.4507319270	4568851.4331721794
418475.5187272556	4568851.0707259178
418474.5867225842	4568850.7082796562
418473.6547179127	4568850.3458333947
418472.7386465855	4568849.9460927285
418471.8324634452	4568849.5232072640
418470.9035300723	4568849.1558268871
418469.9612284435	4568848.8210618347
418469.0189268147	4568848.4862967823
418468.0766251859	4568848.1515317298
418467.1343235570	4568847.8167666774
418466.1566872710	4568847.6197743611
418465.1695817933	4568847.4597032024
418464.1824763156	4568847.2996320436
418463.1953708378	4568847.1395608848
418462.2047634310	4568847.0143995285
418461.2055314802	4568846.9752139626
418460.2062995295	4568846.9360283958
418459.2071577674	4568846.8947837502
418458.2083263713	4568846.8464531982
418457.2094949752	4568846.7981226472
418456.2106635791	4568846.7497920953
418455.2118138395	4568846.7018436780
418454.2129457018	4568846.6542785279
418453.2140775640	4568846.6067133788
418452.2152094263	4568846.5591482287
418451.2163412886	4568846.5115830796
418450.2174731509	4568846.4640179295
418449.2186050132	4568846.4164527804
418448.2197368755	4568846.3688876303
418447.2208687378	4568846.3213224811
418446.2220945044	4568846.2718433347
418445.2233674497	4568846.2214025753
418444.2246403951	4568846.1709618149
418443.2259133404	4568846.1205210546
418442.2271862857	4568846.0700802952
418441.2284592311	4568846.0196395349
418440.2365468244	4568845.9004283482
418439.2473433620	4568845.7538796868
418438.2581398996	4568845.6073310263
418437.2689364372	4568845.4607823649
418436.2797329749	4568845.3142337035
418435.3170644676	4568845.0503032105
418434.3610102596	4568844.7571132528
418433.4049560515	4568844.4639232950
418432.4489018434	4568844.1707333373
418431.4927908316	4568843.8777293125
418430.5361169511	4568843.5865676971
418429.5794430705	4568843.2954060817
418428.6227691900	4568843.0042444663
418427.6660953095	4568842.7130828509
418426.6863526984	4568842.5210527489
418425.6994198176	4568842.3599208500
418424.7124869368	4568842.1987889512
418423.7255540560	4568842.0376570532
418422.7386211751	4568841.8765251543
418421.7516882943	4568841.7153932555
418420.7705721762	4568841.5226344932
418419.7908916789	4568841.3220699811
418418.8112111817	4568841.1215054700
418417.8315306844	4568840.9209409580
418416.8518501871	4568840.7203764468
418415.8721696898	4568840.5198119357
418414.8924891926	4568840.3192474237
418413.9128557684	4568840.1184592489
418412.9354416030	4568839.9071264556
418411.9580274375	4568839.6957936632
418410.9806132721	4568839.4844608707
418410.0031991067	4568839.2731280783
418409.0257849412	4568839.0617952859
418408.0483707758	4568838.8504624935
418407.0709566104	4568838.6391297001
418406.0935424450	4568838.4277969077
418405.1161282796	4568838.2164641153
418404.1387141141	4568838.0051313229
418403.1612999487	4568837.7937985305
418402.1838857833	4568837.5824657381
418401.2064716178	4568837.3711329447
418400.2268051419	4568837.1710165888
418399.2435757593	4568836.9886433966
418398.2603463766	4568836.8062702054
418397.2771169940	4568836.6238970133
418396.2938876113	4568836.4415238211
418395.3106582287	4568836.2591506289
418394.3274288461	4568836.0767774377
418393.3441994634	4568835.8944042455
418392.3624528284	4568835.7042477103
418391.3810377202	4568835.5123509010
418390.3996226120	4568835.3204540918
418389.4182075038	4568835.1285572825
418388.4367923955	4568834.9366604732
418387.4553772873	4568834.7447636649
418386.4739621791	4568834.5528668556
418385.4925470709	4568834.3609700464
418384.5111319626	4568834.1690732371
418383.5297168544	4568833.9771764278
418382.5483017462	4568833.7852796186
418381.5682241679	4568833.5866822284
418380.5883476191	4568833.3870777460
418379.6084710704	4568833.1874732645
418378.6285945217	4568832.9878687821
418377.6487179730	4568832.7882642997
418376.6688414242	4568832.5886598183
418375.6889648756	4568832.3890553359
418374.7090883268	4568832.1894508544
418373.7292117781	4568831.9898463720
418372.7493352294	4568831.7902418897
418371.7694586806	4568831.5906374082
418370.7895821319	4568831.3910329258
418369.8097055832	4568831.1914284434
418368.8318900937	4568830.9820945673
418367.8552456270	4568830.7672327841
418366.8786011603	4568830.5523710018
418365.9019566937	4568830.3375092186
418364.9253122270	4568830.1226474363
418363.9486677603	4568829.9077856531
418362.9720232936	4568829.6929238709
418361.9953788269	4568829.4780620877
418361.0187343603	4568829.2632003045
418360.0420898936	4568829.0483385222
418359.0654454269	4568828.8334767390
418358.0888009602	4568828.6186149567
418357.1072537180	4568828.4313153904
418356.1164235500	4568828.2962021856
418355.1255933819	4568828.1610889817
418354.1347632138	4568828.0259757768
418353.1439330458	4568827.8908625729
418352.1531028776	4568827.7557493681
418351.1622727096	4568827.6206361633
418350.1714425415	4568827.4855229594
418349.1806123734	4568827.3504097546
418348.1897822054	4568827.2152965507
418347.1989520372	4568827.0801833458
418346.2208386155	4568826.8774485653
418345.2486149782	4568826.6433947273
418344.2763913409	4568826.4093408892
418343.2995414906	4568826.1977067096
418342.3140813750	4568826.0277997917
418341.3286212594	4568825.8578928746
418340.3431611439	4568825.6879859567
418339.4320469085	4568825.2916048365
418338.5376197176	4568824.8443912407
418337.6778226357	4568824.3340929048
418336.7940396116	4568823.9032103028
418335.7964092831	4568823.8344082115
418334.7980569064	4568823.8130839309
418333.7987957318	4568823.8515170533
418332.7995345572	4568823.8899501758
418331.8070470551	4568823.9826374520
418330.8290106192	4568824.1910714470
418329.8509741833	4568824.3995054411
418328.8729377474	4568824.6079394361
418327.9059709218	4568824.8599044587
418326.9471728091	4568825.1439927891
418325.9883746965	4568825.4280811194
418325.0295765839	4568825.7121694488
418324.0707784713	4568825.9962577792
418323.0950917728	4568826.1996084163
418322.1028138960	4568826.3236431507
418321.1105360193	4568826.4476778852
418320.1182581425	4568826.5717126196
418319.1259802658	4568826.6957473541
418318.1337023890	4568826.8197820876
418317.1410820346	4568826.8938127439
418316.1471983001	4568826.7833812172
418315.1533145656	4568826.6729496904
418314.1594308310	4568826.5625181627
418313.1692604189	4568826.4228091203
418312.1792773376	4568826.2816230776
418311.1892942562	4568826.1404370358
418310.1993111748	4568825.9992509931
418309.2093280934	4568825.8580649514
418308.2193450119	4568825.7168789087
418307.2293619306	4568825.5756928660
418306.2393788492	4568825.4345068242
418305.2491589504	4568825.2963595958
418304.2492553870	4568825.2824720461
418303.2493518237	4568825.2685844963
418302.2494482604	4568825.2546969475
418301.2495446970	4568825.2408093978
418300.2496411337	4568825.2269218480
418299.2497375704	4568825.2130342992
418298.2498340070	4568825.1991467495
418297.2499304437	4568825.1852591997
418296.2548830888	4568825.1159025664
418295.2677776111	4568824.9558314076
418294.2806721334	4568824.7957602488
418293.2935666556	4568824.6356890900
418292.3064611779	4568824.4756179322
418291.3319330401	4568824.6600707844
418290.3591268256	4568824.8916913122
418289.3802490356	4568825.0247805687
418288.3863653009	4568824.9143490419
418287.3981776490	4568824.7788767004
418286.4543192926	4568824.4485262763
418285.5104609361	4568824.1181758512
418284.5437938756	4568823.8741684891
418283.5599239655	4568823.6952830506
418282.5760540554	4568823.5163976131
418281.5965053066	4568823.3186324900
418280.6327752848	4568823.0517534073
418279.6690452629	4568822.7848743238
418278.7053152410	4568822.5179952411
418277.7452374322	4568822.2395793358
418276.8034955206	4568821.9032429392
418275.8617536091	4568821.5669065425
418274.9200116975	4568821.2305701450
418273.9782697860	4568820.8942337483
418273.0365278744	4568820.5578973508
418272.0947859629	4568820.2215609541
418271.1628310187	4568819.8590806182
418270.2317299336	4568819.4943193691
418269.3006288485	4568819.1295581190
418268.3695277634	4568818.7647968698
418267.4384266783	4568818.4000356197
418266.5073255931	4568818.0352743696
418265.5783926617	4568817.6650496805
418264.6505446435	4568817.2920911638
418263.7226966254	4568816.9191326471
418262.7948486072	4568816.5461741304
418261.8670005891	4568816.1732156137
418260.9391525709	4568815.8002570970
418260.0153485555	4568815.4189411774
418259.1471054135	4568814.9228022387
418258.2788622715	4568814.4266633000
418257.4106191295	4568813.9305243613
418256.5423759875	4568813.4343854235
418255.6741328456	4568812.9382464848
418254.7372252858	4568812.6042271089
418253.7767589197	4568812.3258310612
418252.8162925536	4568812.0474350126
418251.8558261875	4568811.7690389650
418250.9314568994	4568811.4032485196
418250.0544811596	4568810.9227138674
418249.1775054197	4568810.4421792151
418248.3005296799	4568809.9616445638
418247.4235539401	4568809.4811099116
418246.5110565785	4568809.0857236870
418245.5525787217	4568808.8005567212
418244.5941008650	4568808.5153897563
418243.6356230082	4568808.2302227905
418242.6771451514	4568807.9450558256
418241.7186672946	4568807.6598888608
418240.7919066715	4568807.2879870320
418239.8755726978	4568806.8875721861
418238.9592387240	4568806.4871573402
418238.0429047503	4568806.0867424952
418237.1265707765	4568805.6863276493
418236.2102368028	4568805.2859128034
418235.2939028291	4568804.8854979584
418234.3775688553	4568804.4850831125
418233.4018586901	4568804.2698905608
418232.4783908111	4568803.9341631858
418231.6515423837	4568803.3717383659
418230.8246939564	4568802.8093135459
418229.9978455290	4568802.2468887260
418229.0538444777	4568801.9546944071
418228.0781282255	4568801.7356560649
418227.1024119734	4568801.5166177228
418226.1575101709	4568801.1945104487
418225.2216814044	4568800.8420554586
418224.2858526379	4568800.4896004684
418223.3500238714	4568800.1371454792
418222.4141951049	4568799.7846904891
418221.4505715612	4568799.5206527030
418220.4814030301	4568799.2742539234
418219.5122344991	4568799.0278551448
418218.5430659680	4568798.7814563653
418217.5738974369	4568798.5350575857
418216.6047289059	4568798.2886588071
418215.6355603748	4568798.0422600275
418214.6757043265	4568797.7635893961
418213.7242598079	4568797.4557691105
418212.7728152894	4568797.1479488248
418211.8213707708	4568796.8401285401
418210.8785722933	4568796.5096440706
418209.9638541093	4568796.1055517001
418209.0491359252	4568795.7014593296
418208.1344177411	4568795.2973669600
418207.2196995570	4568794.8932745894
418206.3049813729	4568794.4891822189
418205.3902631888	4568794.0850898493
418204.4755450046	4568793.6809974788
418203.5608268205	4568793.2769051082
418202.6461086364	4568792.8728127386
418201.7313904523	4568792.4687203681
418200.8166722682	4568792.0646279976
418199.9019540841	4568791.6605356280
418198.9905187215	4568791.2490938921
418198.0791481217	4568790.8375071697
418197.1677775220	4568790.4259204483
418196.2564069222	4568790.0143337259
418195.3450363224	4568789.6027470035
418194.4336657226	4568789.1911602812
418193.5255892966	4568788.7723684479
418192.6180694444	4568788.3523592604
418191.7105495922	4568787.9323500721
418190.8030297400	4568787.5123408847
418189.8955098878	4568787.0923316963
418188.9879900356	4568786.6723225089
418188.0804701834	4568786.2523133205
418187.1729503311	4568785.8323041331
418186.2358973749	4568785.4846349508
418185.2937270474	4568785.1495005395
418184.3515567199	4568784.8143661274
418183.4093863924	4568784.4792317161
418182.4672160649	4568784.1440973040
418181.5250457374	4568783.8089628918
418180.5828754099	4568783.4738284806
418179.6407050824	4568783.1386940684
418178.6985347549	4568782.8035596572
418177.7432570849	4568782.5149765974
418176.7646412154	4568782.3092802679
418175.7860253458	4568782.1035839394
418174.8074094763	4568781.8978876099
418173.8287936067	4568781.6921912804
418172.8501777372	4568781.4864949510
418171.8715618676	4568781.2807986224
418170.8929459981	4568781.0751022929
418169.9143301285	4568780.8694059635
418168.9357142590	4568780.6637096340
418167.9556644697	4568780.4650049508
418166.9750837941	4568780.2688888162
418165.9945031184	4568780.0727726808
418165.0139224428	4568779.8766565453
418164.0333417671	4568779.6805404099
418163.0552583473	4568779.4734118320
418162.0859993494	4568779.2273691632
418161.1167403515	4568778.9813264944
418160.1474813535	4568778.7352838255
418159.1782223555	4568778.4892411567
418158.2089633576	4568778.2431984879
418157.2397043596	4568777.9971558191
418156.2704453616	4568777.7511131503
418155.3046810358	4568777.4931499194
418154.3559977377	4568777.1769221537
418153.4073144396	4568776.8606943879
418152.4586311415	4568776.5444666222
418151.4920695516	4568776.3153405413
418150.4955237933	4568776.2322950615
418149.4989780351	4568776.1492495816
418148.5007661189	4568776.1062611947
418147.5007661189	4568776.1062611938
418146.5007661189	4568776.1062611938
418145.5007661189	4568776.1062611928
418144.5058788056	4568776.0529398704
418143.5240989549	4568775.8629179643
418142.5423191042	4568775.6728960583
418141.5605392535	4568775.4828741513
418140.5848577649	4568775.2655473873
418139.6155236771	4568775.0198007170
418138.6461895891	4568774.7740540467
418137.6768555012	4568774.5283073764
418136.7092590392	4568774.2765575582
418135.7585291997	4568773.9665369587
418134.8077993601	4568773.6565163592
418133.8570695205	4568773.3464957597
418132.9063396810	4568773.0364751602
418131.9556098415	4568772.7264545606
418131.0120099869	4568772.3969953153
418130.0863045554	4568772.0187500855
418129.1605991239	4568771.6405048547
418128.2348936924	4568771.2622596249
418127.3091882610	4568770.8840143951
418126.3834828294	4568770.5057691643
418125.4527704083	4568770.1408269629
418124.5073974266	4568769.8148362795
418123.5620244449	4568769.4888455961
418122.6166514632	4568769.1628549136
418121.6958111716	4568768.7769572455
418120.7933301342	4568768.3462276580
418119.8908490967	4568767.9154980714
418118.9499084726	4568767.5866933698
418117.9878445400	4568767.3138692696
418117.0257806073	4568767.0410451693
418116.0637166747	4568766.7682210701
418115.0865600486	4568766.5736200344
418114.0920545957	4568766.4689352503
418113.0967912459	4568766.3901989916
418112.0978711598	4568766.4366603913
418111.0989510737	4568766.4831217909
418110.1073940664	4568766.4056360777
418109.1210001425	4568766.2412370909
418108.1346062186	4568766.0768381041
418107.1526867122	4568765.8906010138
418106.1811205499	4568765.6538327895
418105.2095543875	4568765.4170645652
418104.2379882252	4568765.1802963400
418103.2664220628	4568764.9435281157
418102.2948559005	4568764.7067598915
418101.3232897381	4568764.4699916663
418100.3517235758	4568764.2332234420
418099.3715959073	4568764.0350644132
418098.3910152316	4568763.8389482787
418097.4104345559	4568763.6428321432
418096.4298538802	4568763.4467160087
418095.4492732044	4568763.2505998733
418094.4686925287	4568763.0544837387
418093.4881118530	4568762.8583676033
418092.5075311773	4568762.6622514687
418091.5269505016	4568762.4661353333
418090.5463698259	4568762.2700191978
418089.5648617767	4568762.0788075365
418088.5803740155	4568761.9033542722
418087.5958862543	4568761.7279010080
418086.6113984931	4568761.5524477428
418085.6269107319	4568761.3769944785
418084.6424229706	4568761.2015412143
418083.6579352094	4568761.0260879500
418082.6734474482	4568760.8506346857
418081.6889596870	4568760.6751814205
418080.7044719258	4568760.4997281563
418079.7199841645	4568760.3242748920
418078.7354964033	4568760.1488216277
418077.7510086421	4568759.9733683635
418076.7665208809	4568759.7979150983
418075.7820331197	4568759.6224618340
418074.7975453584	4568759.4470085697
418073.8130575972	4568759.2715553055
418072.8285698360	4568759.0961020412
418071.8440820748	4568758.9206487769
418070.8628542640	4568758.7280419124
418069.8826377695	4568758.5301135816
418068.9024212751	4568758.3321852507
418067.9222047807	4568758.1342569208
418066.9419882862	4568757.9363285899
418065.9617717918	4568757.7384002591
418064.9846785442	4568757.5263444418
418064.0123761695	4568757.2926179087
418063.0400737948	4568757.0588913765
418062.0677714201	4568756.8251648434
418061.0954690454	4568756.5914383112
418060.1231666706	4568756.3577117780
418059.1508642959	4568756.1239852458
418058.1538869424	4568756.0509312693
418057.1562566140	4568755.9821291780
418056.1586262855	4568755.9133270867
418055.1609959571	4568755.8445249954
418054.1633656287	4568755.7757229041
418053.1646960957	4568755.7253294578
418052.1656607649	4568755.6814158177
418051.1666254341	4568755.6375021776
418050.1675901033	4568755.5935885366
418049.1685547725	4568755.5496748965
418048.1695508001	4568755.5050680032
418047.1706307141	4568755.4586066036
418046.1717106281	4568755.4121452039
418045.1727905420	4568755.3656838043
418044.1738704559	4568755.3192224046
418043.1748376501	4568755.2776105739
418042.1748376501	4568755.2776105739
418041.1748376501	4568755.2776105739
418040.1748376501	4568755.2776105748
418039.1748376501	4568755.2776105748
418038.1753149015	4568755.2513530720
418037.1759754036	4568755.2150134528
418036.1766359057	4568755.1786738345
418035.1914268382	4568755.0486304136
418034.2258110798	4568754.7886569398
418033.2464718604	4568754.8860204937
418032.2637612819	4568755.0711688641
418031.2810507033	4568755.2563172337
418030.2983401248	4568755.4414656032
418029.3198062274	4568755.6468266658
418028.3441964713	4568755.8663388612
418027.3685867152	4568756.0858510565
418026.3929769591	4568756.3053632509
418025.4173672030	4568756.5248754462
418024.4295286906	4568756.6712220572
418023.4355616437	4568756.7809011796
418022.4415945969	4568756.8905803021
418021.4476275501	4568757.0002594246
418020.4536605033	4568757.1099385470
418019.4596934565	4568757.2196176695
418018.4657264097	4568757.3292967919
418017.4717593629	4568757.4389759135
418016.4777923161	4568757.5486550359
418015.4784200802	4568757.5462656403
418014.4785113752	4568757.5327533605
418013.4786026702	4568757.5192410806
418012.4786939652	4568757.5057288008
418011.4790300743	4568757.4821409490
418010.4796450806	4568757.4470748091
418009.4802600868	4568757.4120086692
418008.4808750930	4568757.3769425293
418007.4814900992	4568757.3418763885
418006.4821051054	4568757.3068102486
418005.4827201116	4568757.2717441088
418004.4872029781	4568757.1859441008
418003.4940523738	4568757.0691028535
418002.5009017695	4568756.9522616062
418001.5077511652	4568756.8354203580
418000.5146005609	4568756.7185791107
417999.5214499565	4568756.6017378634
417998.5282993522	4568756.4848966151
417997.5571608276	4568756.2740723379
417996.6154189161	4568755.9377359403
417995.6736770045	4568755.6013995428
417994.7319350930	4568755.2650631461
417993.7901931815	4568754.9287267486
417992.8346576221	4568754.6339636184
417991.8786440254	4568754.3406412648
417990.9226304288	4568754.0473189112
417989.9666168322	4568753.7539965576
417989.0106032356	4568753.4606742039
417988.0848247585	4568753.0934412889
417987.1973286817	4568752.6326260185
417986.3098326049	4568752.1718107481
417985.4223365280	4568751.7109954776
417984.5348404512	4568751.2501802072
417983.6473443744	4568750.7893649358
417982.7598482975	4568750.3285496654
417981.8738626929	4568749.8648535218
417980.9900747763	4568749.3969658026
417980.1020226292	4568748.9382460546
417979.1747807922	4568748.5637830039
417978.2475389553	4568748.1893199543
417977.3202971183	4568747.8148569046
417976.3639010829	4568747.5282016583
417975.3968265456	4568747.2737083584
417974.4297520083	4568747.0192150595
417973.4612579812	4568746.7704709517
417972.4868667855	4568746.5456114449
417971.5124755898	4568746.3207519380
417970.5380843941	4568746.0958924312
417969.5591669057	4568745.9024411608
417968.5609337540	4568745.8430225207
417967.5627006023	4568745.7836038806
417966.5644674506	4568745.7241852405
417965.5662342988	4568745.6647666004
417964.5682354032	4568745.6020679120
417963.5716896450	4568745.5190224322
417962.5751438868	4568745.4359769523
417961.5785981285	4568745.3529314725
417960.5820523703	4568745.2698859917
417959.5850588874	4568745.1924510077
417958.5879549052	4568745.1164007038
417957.5908509231	4568745.0403503999
417956.5937469409	4568744.9643000960
417955.5966429587	4568744.8882497922
417954.5995389765	4568744.8121994883
417953.6024349943	4568744.7361491844
417952.6033484116	4568744.7207336687
417951.6034062167	4568744.7314857356
417950.6034640218	4568744.7422378026
417949.6035218270	4568744.7529898696
417948.6035796321	4568744.7637419365
417947.6050489761	4568744.7913234970
417946.6172860108	4568744.9472860703
417945.6295230455	4568745.1032486437
417944.6417600801	4568745.2592112171
417943.6539971148	4568745.4151737913
417942.6608814632	4568745.5205811393
417941.6623590463	4568745.5749224946
417940.6638366294	4568745.6292638499
417939.6653142125	4568745.6836052053
417938.6667917955	4568745.7379465615
417937.6682693786	4568745.7922879169
417936.6697469617	4568745.8466292722
417935.6712245448	4568745.9009706276
417934.6727021279	4568745.9553119838
417933.6740617131	4568745.9400777407
417932.6753607186	4568745.8891236084
417931.6766597241	4568745.8381694760
417930.6779587296	4568745.7872153437
417929.6792577351	4568745.7362612123
417928.6805567406	4568745.6853070799
417927.6818557461	4568745.6343529476
417926.6831547516	4568745.5833988152
417925.6844537571	4568745.5324446838
417924.6857527626	4568745.4814905515
417923.6870517681	4568745.4305364192
417922.6883507736	4568745.3795822877
417921.6929386691	4568745.2852524742
417920.6979726028	4568745.1850400651
417919.7030065366	4568745.0848276550
417918.7080404703	4568744.9846152458
417917.7130744041	4568744.8844028357
417916.7181083379	4568744.7841904266
417915.7231422717	4568744.6839780165
417914.7281762054	4568744.5837656073
417913.7557285102	4568744.3778130598
417912.8062634510	4568744.0639403127
417911.8567983917	4568743.7500675656
417910.9073333324	4568743.4361948194
417909.9578682732	4568743.1223220723
417909.0084032139	4568742.8084493252
417908.0589381546	4568742.4945765780
417907.1094730954	4568742.1807038318
417906.1322197210	4568741.9739831621
417905.1498811546	4568741.7868710542
417904.1675425882	4568741.5997589454
417903.1852040218	4568741.4126468375
417902.2028654554	4568741.2255347297
417901.2205268890	4568741.0384226218
417900.2313078405	4568740.9070928469
417899.2329449789	4568740.8498949753
417898.2345821173	4568740.7926971028
417897.2362192557	4568740.7354992311
417896.2378563941	4568740.6783013586
417895.2394935325	4568740.6211034870
417894.2411306709	4568740.5639056144
417893.2427678093	4568740.5067077428
417892.2444049477	4568740.4495098703
417891.2460420861	4568740.3923119977
417890.2476792245	4568740.3351141261
417889.2493163629	4568740.2779162535
417888.2715281555	4568740.0750898728
417887.2963952997	4568739.8534687683
417886.3212624440	4568739.6318476647
417885.3461295883	4568739.4102265602
417884.3626080398	4568739.2305258550
417883.3772826168	4568739.0598395616
417882.3919571938	4568738.8891532673
417881.4066317709	4568738.7184669739
417880.4213063478	4568738.5477806805
417879.4359809249	4568738.3770943871
417878.4506555019	4568738.2064080928
417877.4665090457	4568738.0300534582
417876.4948414425	4568737.7937018787
417875.5231738395	4568737.5573502993
417874.5515062363	4568737.3209987199
417873.5798386332	4568737.0846471405
417872.6183708519	4568736.8121558288
417871.6665102941	4568736.5056244619
417870.7146497363	4568736.1990930960
417869.7627891785	4568735.8925617300
417868.8165086445	4568735.5693389308
417867.8716724459	4568735.2417957159
417866.9268362474	4568734.9142525000
417865.9820000488	4568734.5867092852
417865.0382862864	4568734.2563896514
417864.1312773188	4568733.8352783453
417863.2242683511	4568733.4141670382
417862.3172593834	4568732.9930557320
417861.4027591368	4568732.5894036368
417860.4726039155	4568732.2222371018
417859.5424486941	4568731.8550705668
417858.5903939168	4568731.5501961149
417857.6351080262	4568731.2545123864
417856.6751385377	4568730.9763552463
417855.6996975356	4568730.7560943747
417854.7242565336	4568730.5358335031
417853.7488155315	4568730.3155726315
417852.8168768739	4568729.9823719626
417851.9457246646	4568729.4913588995
417851.0745724553	4568729.0003458364
417850.2034202460	4568728.5093327733
417849.3373742483	4568728.0094308415
417848.4743597791	4568727.5042516394
417847.6113453099	4568726.9990724381
417846.6687312286	4568726.6841275012
417845.7031154701	4568726.4241540274
417844.7374997115	4568726.1641805544
417843.7600848070	4568725.9592483090
417842.7727544357	4568725.8005702132
417841.7854240645	4568725.6418921184
417840.7979491120	4568725.4841332920
417839.8095774143	4568725.3320761081
417838.8212057167	4568725.1800189242
417837.8328340189	4568725.0279617403
417836.8444623213	4568724.8759045554
417835.8560906236	4568724.7238473715
417834.8677189260	4568724.5717901876
417833.8748118920	4568724.4539828384
417832.8809281573	4568724.3435513126
417831.8870444226	4568724.2331197858
417830.8931606880	4568724.1226882599
417829.8992769533	4568724.0122567341
417828.9142553107	4568723.8406508015
417827.9298918409	4568723.6645015487
417826.9455283710	4568723.4883522969
417825.9611649011	4568723.3122030441
417824.9768014312	4568723.1360537922
417823.9920597940	4568722.9621219682
417823.0049543163	4568722.8020508094
417822.0178488386	4568722.6419796515
417821.0307433609	4568722.4819084927
417820.0436378832	4568722.3218373340
417819.0565324055	4568722.1617661752
417818.0694269277	4568722.0016950164
417817.0773169119	4568721.9037496345
417816.0773169119	4568721.9037496345
417815.0773169119	4568721.9037496345
417814.0773169119	4568721.9037496345
417813.0840892892	4568722.0067480747
417812.0926987791	4568722.1376864444
417811.1013082690	4568722.2686248133
417810.1099177589	4568722.3995631831
417809.1185272489	4568722.5305015519
417808.1271367388	4568722.6614399217
417807.1497540666	4568722.8553448543
417806.1963539697	4568723.1570537463
417805.2429538728	4568723.4587626373
417804.2895537759	4568723.7604715293
417803.3361536789	4568724.0621804204
417802.3894961654	4568724.3834068151
417801.4531669876	4568724.7345302561
417800.5168378098	4568725.0856536971
417799.5970194522	4568725.4735324141
417798.7126346996	4568725.9402910331
417797.8282499468	4568726.4070496531
417796.9438651942	4568726.8738082731
417796.0594804415	4568727.3405668931
417795.1363405267	4568727.7032407699
417794.1620520611	4568727.9285449767
417793.1877635956	4568728.1538491845
417792.2134751301	4568728.3791533923
417791.2391866645	4568728.6044576000
417790.2648981990	4568728.8297618069
417789.2906097335	4568729.0550660146
417788.3163212679	4568729.2803702224
417787.3420328024	4568729.5056744302
417786.3677443369	4568729.7309786370
417785.3917515824	4568729.9486779673
417784.4144920856	4568730.1607248383
417783.4372325888	4568730.3727717102
417782.4599730920	4568730.5848185821
417781.4827135951	4568730.7968654539
417780.5054540983	4568731.0089123258
417779.5270696290	4568731.2138147447
417778.5319353644	4568731.3123428905
417777.5368010998	4568731.4108710354
417776.5416668352	4568731.5093991812
417775.5465325706	4568731.6079273261
417774.5513983061	4568731.7064554719
417773.5562640415	4568731.8049836168
417772.5564062397	4568731.8078630436
417771.5564062397	4568731.8078630436
417770.5564062397	4568731.8078630446
417769.5564062397	4568731.8078630446
417768.5577161840	4568731.7910340996
417767.5697609523	4568731.6362941228
417766.5818057207	4568731.4815541469
417765.5938504891	4568731.3268141700
417764.6058952575	4568731.1720741931
417763.6179021290	4568731.0175791848
417762.6293722464	4568730.8665537853
417761.6408423637	4568730.7155283866
417760.6523124810	4568730.5645029880
417759.6637825984	4568730.4134775894
417758.6711728561	4568730.2939770585
417757.6767642644	4568730.1883761464
417756.6823556726	4568730.0827752342
417755.6879470809	4568729.9771743221
417754.6935384891	4568729.8715734100
417753.6991298974	4568729.7659724979
417752.7047213056	4568729.6603715848
417751.7123029303	4568729.5376420822
417750.7201739513	4568729.4124219203
417749.7280449723	4568729.2872017575
417748.7359159934	4568729.1619815957
417747.7437870144	4568729.0367614329
417746.7516580354	4568728.9115412701
417745.7704309353	4568728.7244863370
417744.7952980795	4568728.5028652335
417743.8201652238	4568728.2812441299
417742.8450323680	4568728.0596230263
417741.8920610411	4568727.7638435233
417740.9552195265	4568727.4140893575
417740.0183780119	4568727.0643351916
417739.0815364972	4568726.7145810258
417738.1446949826	4568726.3648268599
417737.3062528647	4568725.8316139234
417736.4966424212	4568725.2446463518
417735.6870319777	4568724.6576787801
417734.8992389331	4568724.0419901116
417734.1166378786	4568723.4194665458
417733.3340368241	4568722.7969429800
417732.4979243523	4568722.2608633172
417731.5917412123	4568721.8379778517
417730.6855580723	4568721.4150923863
417729.7793749323	4568720.9922069209
417728.8607338493	4568720.5986318318
417727.9273882431	4568720.2396527529
417726.9940426369	4568719.8806736739
417726.0257218068	4568719.6323733898
417725.0555793066	4568719.3898377642
417724.0638470936	4568719.3226776579
417723.0638470936	4568719.3226776570
417722.0640592849	4568719.3196315710
417721.0737175382	4568719.1809837269
417720.0833757915	4568719.0423358828
417719.0930340447	4568718.9036880378
417718.1537179038	4568718.5611905111
417717.2245020616	4568718.1988792522
417716.4171109398	4568717.6088626627
417715.6152239675	4568717.0117964875
417714.8470026875	4568716.3716120888
417713.9160127159	4568716.0975651629
417712.9257142663	4568715.9601976080
417711.9261595023	4568715.9303601524
417710.9266047383	4568715.9005226968
417709.9270499743	4568715.8706852412
417708.9274928799	4568715.8409359958
417707.9277570109	4568715.8179535624
417706.9280211419	4568715.7949711289
417705.9282852729	4568715.7719886955
417704.9285494039	4568715.7490062620
417703.9288135349	4568715.7260238277
417702.9298790266	4568715.7610962791
417701.9311584130	4568715.8116644109
417700.9324377994	4568715.8622325426
417699.9337171858	4568715.9128006743
417698.9357856703	4568715.9695756249
417697.9561829697	4568716.1705197692
417696.9765802691	4568716.3714639135
417695.9841689067	4568716.4164395705
417694.9849077320	4568716.3780064490
417693.9856465574	4568716.3395733265
417692.9883002489	4568716.3707108796
417691.9926660229	4568716.4640515884
417690.9970317968	4568716.5573922973
417690.0013975707	4568716.6507330053
417689.0086622593	4568716.7696815515
417688.0173579086	4568716.9012706252
417687.0260535578	4568717.0328596979
417686.0347492070	4568717.1644487707
417685.0434448562	4568717.2960378435
417684.0521405054	4568717.4276269162
417683.0608361546	4568717.5592159899
417682.0653183356	4568717.6521010408
417681.0689203284	4568717.7369008716
417680.0725223212	4568717.8217007015
417679.0864979846	4568717.6558920955
417678.1005170992	4568717.4890337912
417677.1145362137	4568717.3221754879
417676.1280123193	4568717.1617801851
417675.1280123193	4568717.1617801851
417674.1280123193	4568717.1617801851
417673.1280123193	4568717.1617801851
417672.1280123193	4568717.1617801851
417671.1280123193	4568717.1617801851
417670.1280123193	4568717.1617801851
417669.1280123193	4568717.1617801851
417668.1280123193	4568717.1617801860
417667.1280123193	4568717.1617801851
417666.1280123193	4568717.1617801841
417665.1280123193	4568717.1617801832
417664.1300314225	4568717.1112219654
417663.1332161439	4568717.0314767445
417662.1364008653	4568716.9517315235
417661.1376009904	4568716.9216804663
417660.1376009904	4568716.9216804663
417659.1376009904	4568716.9216804663
417658.1383433261	4568716.9019805975
417657.1411792055	4568716.8267229293
417656.1440150850	4568716.7514652601
417655.1466856099	4568716.6792788235
417654.1472054956	4568716.6470375294
417653.1477253813	4568716.6147962343
417652.1482452670	4568716.5825549401
417651.1573313888	4568716.4840067113
417650.1824728823	4568716.2611819096
417649.2033797581	4568716.0659516603
417648.2065644796	4568715.9862064384
417647.2097492010	4568715.9064612165
417646.2124789374	4568715.8344946308
417645.2131641036	4568715.7974829711
417644.2138492699	4568715.7604713105
417643.2145344361	4568715.7234596508
417642.2152196024	4568715.6864479901
417641.2157276804	4568715.6561310124
417640.2158536329	4568715.6402599951
417639.2159795854	4568715.6243889779
417638.2161055380	4568715.6085179606
417637.2212164455	4568715.5278063379
417636.2306665788	4568715.3906532796
417635.2401167120	4568715.2535002204
417634.2495668453	4568715.1163471621
417633.2574675018	4568714.9912955472
417632.2643168973	4568714.8744543009
417631.2711662929	4568714.7576130535
417630.2792069998	4568714.6313909898
417629.2883768318	4568714.4962777840
417628.2975466639	4568714.3611645792
417627.3067164959	4568714.2260513734
417626.3211657440	4568714.0595161384
417625.3405850683	4568713.8634000039
417624.3596351990	4568713.6692891158
417623.3735064283	4568713.5033070454
417622.3873776577	4568713.3373249751
417621.4012488870	4568713.1713429056
417620.4151201163	4568713.0053608352
417619.4289913457	4568712.8393787649
417618.4428625750	4568712.6733966945
417617.4477627405	4568712.5767308446
417616.4518695341	4568712.4861950986
417615.4559763276	4568712.3956593527
417614.4600831212	4568712.3051236067
417613.4641899147	4568712.2145878607
417612.4846880457	4568712.0283823609
417611.5154572765	4568711.7822285146
417610.5462265071	4568711.5360746691
417609.5769957379	4568711.2899208227
417608.6028040743	4568711.0646077013
417607.6266170141	4568710.8476772429
417606.6504299540	4568710.6307467856
417605.6682468828	4568710.4477786459
417604.6767925873	4568710.3173241336
417603.6853382917	4568710.1868696213
417602.6938839962	4568710.0564151090
417601.7024297006	4568709.9259605967
417600.7100122345	4568709.8031107010
417599.7173410800	4568709.6822637776
417598.7246699254	4568709.5614168532
417597.7319987709	4568709.4405699298
417596.7393276164	4568709.3197230063
417595.7466564618	4568709.1988760829
417594.7539853073	4568709.0780291595
417593.7726167129	4568708.8883629311
417592.7934380687	4568708.6853624806
417591.8142594246	4568708.4823620310
417590.8350807804	4568708.2793615805
417589.8559021362	4568708.0763611300
417588.8639790663	4568707.9561372297
417587.8690856601	4568707.8552060146
417586.8741922538	4568707.7542747995
417585.8792988475	4568707.6533435844
417584.8882117127	4568707.5220511593
417583.8991921318	4568707.3742666245
417582.9101725510	4568707.2264820896
417581.9211529702	4568707.0786975538
417580.9321333894	4568706.9309130190
417579.9450789723	4568706.7712994618
417578.9614015656	4568706.5913584726
417577.9777241590	4568706.4114174834
417576.9940467523	4568706.2314764941
417576.0103693457	4568706.0515355049
417575.0211877983	4568705.9192313896
417574.0223949612	4568705.8701104308
417573.0236021242	4568705.8209894709
417572.0248092871	4568705.7718685120
417571.0299558254	4568705.6754656257
417570.0368052210	4568705.5586243784
417569.0436546167	4568705.4417831311
417568.0505040123	4568705.3249418838
417567.0746152711	4568705.1199983936
417566.1108041509	4568704.8534123385
417565.1469930307	4568704.5868262835
417564.1705777980	4568704.3746593865
417563.1877056111	4568704.1903708512
417562.2048334242	4568704.0060823169
417561.2219612373	4568703.8217937816
417560.2268950533	4568703.7438066024
417559.2278227145	4568703.7007431397
417558.2287503756	4568703.6576796779
417557.2296780368	4568703.6146162152
417556.2306056980	4568703.5715527525
417555.2315333592	4568703.5284892898
417554.2324610204	4568703.4854258271
417553.2363836219	4568703.3998280382
417552.2411345212	4568703.3024667129
417551.2458854206	4568703.2051053876
417550.2506363199	4568703.1077440633
417549.2553872192	4568703.0103827380
417548.2604585660	4568702.9099538745
417547.2665748314	4568702.7995223477
417546.2726910967	4568702.6890908219
417545.2788073620	4568702.5786592960
417544.2849236274	4568702.4682277692
417543.3018875392	4568702.2866364941
417542.3202429672	4568702.0959169772
417541.3385983951	4568701.9051974602
417540.3569538230	4568701.7144779433
417539.3753092509	4568701.5237584263
417538.3936646788	4568701.3330389094
417537.4120201067	4568701.1423193933
417536.4303755347	4568700.9515998764
417535.4487309626	4568700.7608803594
417534.4670863904	4568700.5701608425
417533.4825665123	4568700.4008099334
417532.4854238243	4568700.3252688209
417531.4882811363	4568700.2497277074
417530.4911384483	4568700.1741865948
417529.4970286515	4568700.0755335325
417528.5141564644	4568699.8912449973
417527.5312842774	4568699.7069564629
417526.5751519008	4568699.4450697880
417525.6873973694	4568698.9847526234
417524.7996428380	4568698.5244354587
417523.9118883066	4568698.0641182940
417522.9668567052	4568697.7643851396
417521.9881789140	4568697.5589836286
417521.0095011228	4568697.3535821168
417520.0308233316	4568697.1481806049
417519.0521455404	4568696.9427790930
417518.1278519814	4568696.5800935840
417517.2313252662	4568696.1371039124
417516.3347985510	4568695.6941142408
417515.4382718358	4568695.2511245701
417514.5417451206	4568694.8081348985
417513.6452184054	4568694.3651452269
417512.7971359822	4568693.8355582748
417511.9504994330	4568693.3033867292
417511.1038628838	4568692.7712151837
417510.2572263346	4568692.2390436390
417509.4105012919	4568691.7070161738
417508.5530083661	4568691.1925204191
417507.6955154402	4568690.6780246636
417506.8380225143	4568690.1635289080
417505.9805295884	4568689.6490331534
417505.1869428228	4568689.0430122213
417504.4085297835	4568688.4152597701
417503.5702996782	4568687.8876165552
417502.6486643030	4568687.4995595552
417501.7270289277	4568687.1115025552
417500.7976900318	4568686.7423088262
417499.8678834187	4568686.3742603753
417498.9380768056	4568686.0062119244
417497.9673946945	4568685.7736716913
417496.9891605696	4568685.5661674822
417495.9975976403	4568685.4428887274
417495.0030921874	4568685.3382039433
417494.0085867344	4568685.2335191593
417493.0155797957	4568685.1165342582
417492.0250299290	4568684.9793811999
417491.0344800622	4568684.8422281416
417490.0439301954	4568684.7050750833
417489.0500043809	4568684.6544897510
417488.0517817651	4568684.7140851300
417487.0535591492	4568684.7736805100
417486.0553365334	4568684.8332758900
417485.0575232789	4568684.8989665424
417484.0602962863	4568684.9733864665
417483.0630692936	4568685.0478063906
417482.0658423010	4568685.1222263146
417481.0675958108	4568685.1732211020
417480.0676739267	4568685.1857201261
417479.0677520425	4568685.1982191503
417478.0678301584	4568685.2107181745
417477.0679082742	4568685.2232171986
417476.0688481326	4568685.2608226836
417475.0704224904	4568685.3169140127
417474.0719968483	4568685.3730053408
417473.0735712062	4568685.4290966690
417472.0751455640	4568685.4851879980
417471.0764076869	4568685.5242683683
417470.0765961528	4568685.5048545524
417469.0767846187	4568685.4854407357
417468.0769730846	4568685.4660269190
417467.0771615505	4568685.4466131032
417466.0773500164	4568685.4271992864
417465.0775319792	4568685.4089248367
417464.0775639776	4568685.4169245800
417463.0775959760	4568685.4249243243
417462.0776279745	4568685.4329240676
417461.0776599730	4568685.4409238119
417460.0776919715	4568685.4489235552
417459.0777239699	4568685.4569232995
417458.0777559683	4568685.4649230428
417457.0778062949	4568685.4624314131
417456.0778723472	4568685.4509379193
417455.0779383996	4568685.4394444264
417454.0780044520	4568685.4279509336
417453.0780705043	4568685.4164574398
417452.0781530579	4568685.4037361257
417451.0782713801	4568685.3883533301
417450.0783897023	4568685.3729705354
417449.0785080245	4568685.3575877398
417448.0850183157	4568685.2758586798
417447.1005907401	4568685.1000680411
417446.1161631646	4568684.9242774034
417445.1317355890	4568684.7484867647
417444.1473080135	4568684.5726961270
417443.1737579798	4568684.3545960737
417442.2266134042	4568684.0337890396
417441.2794688286	4568683.7129820064
417440.3323242530	4568683.3921749722
417439.3771953439	4568683.0983431255
417438.4080268126	4568682.8519443478
417437.4388582813	4568682.6055455692
417436.4696897500	4568682.3591467906
417435.4837064304	4568682.2030600505
417434.4908014862	4568682.0841492787
417433.4978965420	4568681.9652385069
417432.5049915978	4568681.8463277342
417431.5120866535	4568681.7274169624
417430.5191817093	4568681.6085061906
417429.5262767650	4568681.4895954188
417428.5333718208	4568681.3706846461
417427.5404668766	4568681.2517738743
417426.5475619323	4568681.1328631025
417425.5530331060	4568681.0291060302
417424.5574773709	4568680.9349318398
417423.5619216357	4568680.8407576485
417422.5663659006	4568680.7465834571
417421.5708101655	4568680.6524092667
417420.5752544304	4568680.5582350753
417419.5796986952	4568680.4640608840
417418.5841429602	4568680.3698866926
417417.5885872250	4568680.2757125022
417416.5965439974	4568680.1514668567
417415.6060843512	4568680.0136637753
417414.6156247050	4568679.8758606939
417413.6251650588	4568679.7380576124
417412.6347054126	4568679.6002545310
417411.6442457664	4568679.4624514496
417410.6537861202	4568679.3246483682
417409.6567211724	4568679.2665999029
417408.6570862024	4568679.2395827416
417407.6574512326	4568679.2125655804
417406.6578162627	4568679.1855484191
417405.6581587073	4568679.1594198151
417404.6584420335	4568679.1356170373
417403.6587253598	4568679.1118142596
417402.6590086860	4568679.0880114818
417401.6592920123	4568679.0642087040
417400.6595785953	4568679.0402707886
417399.6598759047	4568679.0158877969
417398.6601732141	4568678.9915048042
417397.6604157411	4568678.9695210364
417396.6606420110	4568678.9482492553
417395.6608682809	4568678.9269774742
417394.6610945509	4568678.9057056922
417393.6613208208	4568678.8844339112
417392.6615470908	4568678.8631621301
417391.6617733607	4568678.8418903481
417390.6619996307	4568678.8206185671
417389.6622259006	4568678.7993467851
417388.6624521705	4568678.7780750040
417387.6626784405	4568678.7568032229
417386.6635402717	4568678.7189824404
417385.6650799184	4568678.6635124208
417384.6666195652	4568678.6080424013
417383.6681592120	4568678.5525723817
417382.6708930282	4568678.4846627181
417381.6801144628	4568678.3491716320
417380.6893358974	4568678.2136805467
417379.6985573320	4568678.0781894606
417378.7077787666	4568677.9426983744
417377.7170002012	4568677.8072072892
417376.7262216358	4568677.6717162030
417375.7388038169	4568677.5225474937
417374.7980559329	4568677.1834406983
417373.8573080488	4568676.8443339039
417372.9165601647	4568676.5052271085
417371.9758122806	4568676.1661203131
417371.0350643965	4568675.8270135177
417370.1002209845	4568675.4722393472
417369.1696550330	4568675.1061150376
417368.2390890814	4568674.7399907289
417367.3085231299	4568674.3738664193
417366.3647517136	4568674.0445416076
417365.4137176449	4568673.7354555354
417364.4626835763	4568673.4263694622
417363.5116495076	4568673.1172833899
417362.5606154390	4568672.8081973176
417361.6642533876	4568672.3784948019
417360.8049605027	4568671.8670109427
417359.9456676180	4568671.3555270834
417359.0177366458	4568671.0041687163
417358.0547726262	4568670.7345387898
417357.0918086067	4568670.4649088634
417356.1100893241	4568670.3026715685
417355.1127371902	4568670.2299479749
417354.1153850563	4568670.1572243823
417353.1180329224	4568670.0845007887
417352.1206807885	4568670.0117771961
417351.1233286546	4568669.9390536034
417350.1255364897	4568669.8727337029
417349.1276111807	4568669.8083514245
417348.1296858718	4568669.7439691471
417347.1317605628	4568669.6795868687
417346.1338352539	4568669.6152045904
417345.1359099449	4568669.5508223129
417344.1379846359	4568669.4864400346
417343.1411897588	4568669.4750116263
417342.1469211219	4568669.5819222322
417341.1526524850	4568669.6888328381
417340.1583838482	4568669.7957434449
417339.1641152113	4568669.9026540508
417338.1698465744	4568670.0095646568
417337.1785782091	4568670.1404479863
417336.1886287155	4568670.2818693426
417335.1986792218	4568670.4232906988
417334.2087297282	4568670.5647120550
417333.2101222551	4568670.5671809465
417332.2102743297	4568670.5497417375
417331.2104264042	4568670.5323025296
417330.2105784788	4568670.5148633216
417329.2107305533	4568670.4974241136
417328.2108826279	4568670.4799849056
417327.2110347025	4568670.4625456976
417326.2111867770	4568670.4451064896
417325.2113388516	4568670.4276672816
417324.2114909261	4568670.4102280727
417323.2127399783	4568670.3663833505
417322.2148908325	4568670.3008312164
417321.2170416867	4568670.2352790823
417320.2191925409	4568670.1697269492
417319.2213433952	4568670.1041748151
417318.2234942494	4568670.0386226811
417317.2256451036	4568669.9730705479
417316.2277959578	4568669.9075184138
417315.2318853639	4568669.8222182086
417314.2403367055	4568669.6924828701
417313.2487880472	4568669.5627475316
417312.2572393889	4568669.4330121921
417311.2656907304	4568669.3032768536
417310.2741420721	4568669.1735415151
417309.2825934137	4568669.0438061766
417308.3604466357	4568668.6738540241
417307.4524872511	4568668.2547958465
417306.5445278666	4568667.8357376698
417305.6365684821	4568667.4166794922
417304.7424855540	4568666.9697278328
417303.8605538854	4568666.4983505616
417302.9786222167	4568666.0269732904
417302.0966905480	4568665.5555960191
417301.1857557436	4568665.1471883571
417300.2542983940	4568664.7833378296
417299.3228410445	4568664.4194873031
417298.3913836950	4568664.0556367757
417297.4294240324	4568663.8275345843
417296.4318489316	4568663.7579363203
417295.4342738308	4568663.6883380571
417294.4347541443	4568663.6970440308
417293.4349540843	4568663.7170400321
417292.4351540243	4568663.7370360345
417291.4439450421	4568663.8629320031
417290.4539955484	4568664.0043533603
417289.4640460548	4568664.1457747165
417288.4694141563	4568664.2299306598
417287.4696404262	4568664.2512024418
417286.4698666962	4568664.2724742228
417285.4700929661	4568664.2937460039
417284.4703192361	4568664.3150177849
417283.4705455060	4568664.3362895669
417282.4707717760	4568664.3575613480
417281.4709980459	4568664.3788331291
417280.4712217846	4568664.3998669405
417279.4712217846	4568664.3998669405
417278.4712217846	4568664.3998669405
417277.4712217846	4568664.3998669405
417276.4712217846	4568664.3998669405
417275.4712217846	4568664.3998669405
417274.4746328325	4568664.4575179918
417273.4816099092	4568664.5754394643
417272.4885869858	4568664.6933609368
417271.4955640623	4568664.8112824084
417270.5025411389	4568664.9292038810
417269.5095182156	4568665.0471253535
417268.5164952922	4568665.1650468251
417267.5234723687	4568665.2829682976
417266.5304494454	4568665.4008897701
417265.5374265220	4568665.5188112417
417264.5394457583	4568665.5752414977
417263.5403576514	4568665.6179375704
417262.5412695445	4568665.6606336432
417261.5421814376	4568665.7033297159
417260.5430933307	4568665.7460257895
417259.5440052238	4568665.7887218622
417258.5449171169	4568665.8314179350
417257.5480499850	4568665.9084712258
417256.5517800185	4568665.9947623257
417255.5555100520	4568666.0810534256
417254.5592400855	4568666.1673445245
417253.5629701190	4568666.2536356244
417252.5667001525	4568666.3399267234
417251.5704301860	4568666.4262178233
417250.5736798661	4568666.4979565460
417249.5738880476	4568666.4775526309
417248.5740962291	4568666.4571487159
417247.5743044107	4568666.4367448008
417246.5745125922	4568666.4163408857
417245.5747207738	4568666.3959369706
417244.5752802352	4568666.3664073339
417243.5768783894	4568666.3098940225
417242.5784765437	4568666.2533807112
417241.5800746979	4568666.1968673989
417240.5816728521	4568666.1403540876
417239.5832710064	4568666.0838407762
417238.5848691606	4568666.0273274649
417237.5914199254	4568665.9149475200
417236.5986467051	4568665.7949419655
417235.6058734849	4568665.6749364110
417234.6131002646	4568665.5549308565
417233.6203270443	4568665.4349253029
417232.6309822019	4568665.2923193248
417231.6472819709	4568665.1125031542
417230.6635817398	4568664.9326869827
417229.6798815087	4568664.7528708121
417228.6961812776	4568664.5730546406
417227.7124810465	4568664.3932384700
417226.7225958344	4568664.2538842000
417225.7300982443	4568664.1316200038
417224.7376006542	4568664.0093558077
417223.7451030640	4568663.8870916124
417222.7526054739	4568663.7648274163
417221.7601078838	4568663.6425632201
417220.7676102937	4568663.5202990239
417219.7751127036	4568663.3980348287
417218.7870524096	4568663.2484969292
417217.8069844325	4568663.0498345010
417216.8269164553	4568662.8511720737
417215.8468484782	4568662.6525096456
417214.8667805011	4568662.4538472174
417213.8775076674	4568662.3100338280
417212.8862797667	4568662.1778701078
417211.8950518660	4568662.0457063876
417210.9021445861	4568661.9388448214
417209.9021445861	4568661.9388448214
417208.9021445861	4568661.9388448214
417207.9027513540	4568661.9214296667
417206.9051762532	4568661.8518314045
417205.9076011523	4568661.7822331423
417204.9210564154	4568661.6299488666
417203.9401214276	4568661.4356126897
417202.9591864398	4568661.2412765129
417201.9782514519	4568661.0469403360
417200.9973164641	4568660.8526041592
417200.0163814763	4568660.6582679823
417199.0346913229	4568660.4679921232
417198.0494795681	4568660.2966509480
417197.0642678134	4568660.1253097728
417196.0790560586	4568659.9539685985
417195.0938443038	4568659.7826274233
417194.1086325490	4568659.6112862481
417193.1357383979	4568659.3851999193
417192.1720839215	4568659.1180481836
417191.2084294451	4568658.8508964479
417190.2447749687	4568658.5837447112
417189.2811204923	4568658.3165929755
417188.3174660158	4568658.0494412389
417187.3504269471	4568657.7957925424
417186.3746939428	4568657.5768288374
417185.3989609385	4568657.3578651315
417184.4232279342	4568657.1389014255
417183.4474949300	4568656.9199377205
417182.4717619257	4568656.7009740146
417181.4960289214	4568656.4820103087
417180.5202959171	4568656.2630466036
417179.5445629129	4568656.0440828977
417178.5688299086	4568655.8251191927
417177.5930969043	4568655.6061554868
417176.6173639000	4568655.3871917808
417175.6416308958	4568655.1682280758
417174.6658978915	4568654.9492643699
417173.6901648872	4568654.7303006640
417172.7144318830	4568654.5113369590
417171.7373440379	4568654.2985500880
417170.7595416240	4568654.0890209991
417169.7817392101	4568653.8794919094
417168.8039367962	4568653.6699628197
417167.8261343822	4568653.4604337309
417166.8401913086	4568653.3014510563
417165.8460468455	4568653.1933918754
417164.8519023824	4568653.0853326954
417163.8577579193	4568652.9772735145
417162.8636134562	4568652.8692143345
417161.8694689931	4568652.7611551536
417160.8780757873	4568652.6303576324
417159.8868478866	4568652.4981939122
417158.8956199859	4568652.3660301920
417157.9043920852	4568652.2338664727
417156.9131641845	4568652.1017027525
417155.9231755733	4568651.9608369339
417154.9344600690	4568651.8110315548
417153.9457445647	4568651.6612261748
417152.9570290605	4568651.5114207957
417151.9683135562	4568651.3616154166
417150.9795980520	4568651.2118100375
417149.9908825478	4568651.0620046575
417149.0021670435	4568650.9121992784
417148.0155514147	4568650.7496888796
417147.0312147715	4568650.5733897798
417146.0468781283	4568650.3970906790
417145.0625414850	4568650.2207915783
417144.0725522219	4568650.0937610511
417143.0738645584	4568650.0425462984
417142.0751768949	4568649.9913315466
417141.0764892315	4568649.9401167948
417140.0778015680	4568649.8889020430
417139.1042234306	4568650.0637641316
417138.1411124565	4568650.3328686683
417137.1780014825	4568650.6019732049
417136.2148905084	4568650.8710777415
417135.2394681311	4568651.0821332429
417134.2500368943	4568651.2271360969
417133.2606056575	4568651.3721389510
417132.2711744207	4568651.5171418050
417131.2817431839	4568651.6621446591
417130.2923119471	4568651.8071475131
417129.3028807104	4568651.9521503672
417128.3128472522	4568652.0928958580
417127.3220170841	4568652.2280090628
417126.3311869161	4568652.3631222676
417125.3403567480	4568652.4982354715
417124.3495265800	4568652.6333486764
417123.3624405043	4568652.7850961694
417122.4092742914	4568653.0875431411
417121.4561080786	4568653.3899901127
417120.5029418658	4568653.6924370844
417119.5497756530	4568653.9948840560
417118.5966094401	4568654.2973310277
417117.6434432273	4568654.5997779993
417116.6693734207	4568654.8088061064
417115.6782065865	4568654.9414270204
417114.6870397524	4568655.0740479343
417113.6958729183	4568655.2066688491
417112.7047060841	4568655.3392897630
417111.7135392499	4568655.4719106769
417110.7223724158	4568655.6045315908
417109.7312055817	4568655.7371525057
417108.7400387475	4568655.8697734196
417107.7413470259	4568655.8356249323
417106.7422641301	4568655.7928070938
417105.7431812343	4568655.7499892553
417104.7440983385	4568655.7071714168
417103.7448183737	4568655.7231616387
417102.7454709496	4568655.7592826299
417101.7461235256	4568655.7954036212
417100.7467761015	4568655.8315246124
417099.7474286774	4568655.8676456036
417098.7476362765	4568655.8675453030
417097.7477030946	4568655.8559853816
417096.7477699127	4568655.8444254613
417095.7478367308	4568655.8328655399
417094.7479035490	4568655.8213056196
417093.7479703671	4568655.8097456982
417092.7480371852	4568655.7981857779
417091.7481040033	4568655.7866258565
417090.7481708214	4568655.7750659361
417089.7482376395	4568655.7635060148
417088.7505709040	4568655.7149035046
417087.7566871693	4568655.6044719787
417086.7628034347	4568655.4940404519
417085.7689197001	4568655.3836089252
417084.7750359655	4568655.2731773993
417083.7913266394	4568655.1042462764
417082.8185204245	4568654.8726257496
417081.8457142096	4568654.6410052236
417080.8729079947	4568654.4093846967
417079.9001017798	4568654.1777641708
417078.9327874463	4568653.9261690890
417077.9783074684	4568653.6278940961
417077.0238274906	4568653.3296191022
417076.0693475128	4568653.0313441083
417075.1116364667	4568652.7442321666
417074.1454015271	4568652.4865695154
417073.1791665876	4568652.2289068652
417072.2062712885	4568651.9996715300
417071.2261419574	4568651.8013120228
417070.2460126262	4568651.6029525148
417069.2658832950	4568651.4045930076
417068.2857539638	4568651.2062335005
417067.3092969489	4568650.9917788729
417066.3401284177	4568650.7453800933
417065.3709598867	4568650.4989813147
417064.4017913555	4568650.2525825351
417063.4150086542	4568650.1062057400
417062.4199714640	4568650.0067020208
417061.4249342738	4568649.9071983015
417060.4298970836	4568649.8076945823
417059.4348598934	4568649.7081908640
417058.4398227032	4568649.6086871447
417057.4452493245	4568649.5058233794
417056.4604657658	4568649.3320380449
417055.4756822072	4568649.1582527105
417054.4908986485	4568648.9844673751
417053.4945298246	4568648.9028218184
417052.4973775812	4568648.8274069428
417051.5002253377	4568648.7519920683
417050.5030730943	4568648.6765771927
417049.5059208508	4568648.6011623181
417048.5087686074	4568648.5257474426
417047.5116163640	4568648.4503325671
417046.5145903845	4568648.3732715705
417045.5176014215	4568648.2957279850
417044.5206124586	4568648.2181843985
417043.5236234956	4568648.1406408120
417042.5266345327	4568648.0630972264
417041.5294456742	4568647.9882573234
417040.5318932056	4568647.9183354219
417039.5343407369	4568647.8484135196
417038.5367882683	4568647.7784916181
417037.5392357997	4568647.7085697157
417036.5416833311	4568647.6386478143
417035.5441308625	4568647.5687259119
417034.5465783939	4568647.4988040105
417033.5490259253	4568647.4288821081
417032.5514734566	4568647.3589602066
417031.5539209880	4568647.2890383042
417030.5563685195	4568647.2191164028
417029.5588160508	4568647.1491945004
417028.5643659146	4568647.0489316741
417027.5733052530	4568646.9155196622
417026.5822445913	4568646.7821076503
417025.5911839297	4568646.6486956384
417024.6001232681	4568646.5152836265
417023.6090626064	4568646.3818716137
417022.6177329942	4568646.2505505858
417021.6251696775	4568646.1288211225
417020.6326063608	4568646.0070916591
417019.6400430441	4568645.8853621949
417018.6474797274	4568645.7636327315
417017.6549164107	4568645.6419032682
417016.6623530939	4568645.5201738039
417015.6949474631	4568645.2763507720
417014.7351130172	4568644.9957837816
417013.7752785712	4568644.7152167903
417012.8154441253	4568644.4346498000
417011.8536274855	4568644.1609949293
417010.8909765455	4568643.8902493510
417009.9283256056	4568643.6195037737
417008.9656746656	4568643.3487581965
417007.9906296314	4568643.1292864038
417007.0105990423	4568642.9304396175
417006.0305684531	4568642.7315928312
417005.0505378639	4568642.5327460459
417004.0627817803	4568642.3866494661
417003.0668885739	4568642.2961137192
417002.0709953674	4568642.2055779733
417001.0751021610	4568642.1150422273
417000.0792089545	4568642.0245064814
416999.1081316740	4568641.7936125780
416998.1415701162	4568641.5371778794
416997.1750085583	4568641.2807431808
416996.2084470004	4568641.0243084813
416995.2418854425	4568640.7678737827
416994.2753238847	4568640.5114390831
416993.3093086252	4568640.2529567806
416992.3434657880	4568639.9938282147
416991.3776229507	4568639.7346996488
416990.4117801134	4568639.4755710820
416989.4459372762	4568639.2164425161
416988.4580694016	4568639.0998901632
416987.4590555951	4568639.0554895494
416986.4600417887	4568639.0110889357
416985.4737768842	4568638.8477238938
416984.4880404586	4568638.6794274310
416983.5216350620	4568638.4362434624
416982.5775995198	4568638.1063997187
416981.6335639776	4568637.7765559750
416980.6895284355	4568637.4467122313
416979.7454928933	4568637.1168684885
416978.7998024595	4568636.7919837181
416977.8468766795	4568636.4887800608
416976.8939508997	4568636.1855764035
416975.9911377803	4568635.7781070992
416975.1590874859	4568635.2234069025
416974.3228833655	4568634.6774067674
416973.3684033875	4568634.3791317744
416972.4139234096	4568634.0808567805
416971.4594434316	4568633.7825817876
416970.5049634537	4568633.4843067937
416969.5503698951	4568633.1865669014
416968.5570241590	4568633.0713963816
416967.5636784230	4568632.9562258618
416966.5703326868	4568632.8410553420
416965.5769869508	4568632.7258848222
416964.5791889452	4568632.6640187176
416963.5805012817	4568632.6128039658
416962.5818136183	4568632.5615892131
416961.5831259548	4568632.5103744613
416960.5844382913	4568632.4591597095
416959.5857506279	4568632.4079449568
416958.5870629644	4568632.3567302050
416957.5890224066	4568632.3987031644
416956.5911423007	4568632.4637823021
416955.5941365889	4568632.5346338581
416954.6217492869	4568632.7680068109
416953.6493619849	4568633.0013797628
416952.6769746829	4568633.2347527156
416951.6785240878	4568633.2612877768
416950.6786388523	4568633.2764375526
416949.6787536168	4568633.2915873295
416948.6788683812	4568633.3067371054
416947.6789193019	4568633.2970965542
416946.6789692981	4568633.2870970545
416945.6790192944	4568633.2770975549
416944.6790692906	4568633.2670980543
416943.6791192869	4568633.2570985546
416942.6791692831	4568633.2470990550
416941.7176779671	4568633.5193590792
416940.7568543760	4568633.7965197302
416939.7960307847	4568634.0736803813
416938.8071303136	4568634.1792013785
416937.8080741553	4568634.2226386033
416936.8090179969	4568634.2660758272
416935.8099618386	4568634.3095130520
416934.8109056802	4568634.3529502759
416933.8117436930	4568634.3934835615
416932.8121759385	4568634.4228826137
416931.8126081840	4568634.4522816651
416930.8130404296	4568634.4816807164
416929.8134726751	4568634.5110797687
416928.8139049207	4568634.5404788200
416927.8143371662	4568634.5698778713
416926.8147694117	4568634.5992769236
416925.8152016573	4568634.6286759749
416924.8156339028	4568634.6580750262
416923.8160661484	4568634.6874740776
416922.8177182437	4568634.6301333187
416921.8193725272	4568634.5726369685
416920.8210268106	4568634.5151406182
416919.8226810941	4568634.4576442679
416918.8243353776	4568634.4001479177
416917.8259896611	4568634.3426515674
416916.8276439446	4568634.2851552172
416915.8292982281	4568634.2276588669
416914.8309525115	4568634.1701625166
416913.8326067950	4568634.1126661664
416912.8342610785	4568634.0551698161
416911.8370408399	4568633.9821998356
416910.8408828519	4568633.8946255073
416909.8447248640	4568633.8070511790
416908.8485668760	4568633.7194768507
416907.8524088880	4568633.6319025224
416906.8562930975	4568633.5438846275
416905.8614912933	4568633.4420545213
416904.8666894892	4568633.3402244160
416903.8718876851	4568633.2383943098
416902.8770858809	4568633.1365642035
416901.8822840768	4568633.0347340973
416900.8874822727	4568632.9329039911
416899.8926804685	4568632.8310738858
416898.9003184939	4568632.7102831993
416897.9121445905	4568632.5569458697
416896.9239706871	4568632.4036085401
416895.9357967837	4568632.2502712104
416894.9476228803	4568632.0969338808
416893.9594489769	4568631.9435965512
416892.9712750735	4568631.7902592216
416891.9840546674	4568631.6311265659
416890.9988429126	4568631.4597853906
416890.0136311578	4568631.2884442164
416889.0284194030	4568631.1171030411
416888.0432076482	4568630.9457618669
416887.0579958934	4568630.7744206917
416886.0735896438	4568630.5985346073
416885.0895017828	4568630.4208520763
416884.1054139218	4568630.2431695452
416883.1213260608	4568630.0654870141
416882.1501694149	4568629.8385966895
416881.2058658015	4568629.5095211882
416880.2615621879	4568629.1804456869
416879.3172585744	4568628.8513701856
416878.3708863569	4568628.5287722424
416877.4106366284	4568628.2496298794
416876.4503868997	4568627.9704875164
416875.4901371711	4568627.6913451534
416874.5298874426	4568627.4122027913
416873.5696377139	4568627.1330604283
416872.6118195242	4568626.8457270283
416871.6547951197	4568626.5557196336
416870.6689889135	4568626.4350262871
416869.6698930728	4568626.3925115699
416868.6707972322	4568626.3499968536
416867.6939479084	4568626.1463495567
416866.7207083068	4568625.9165568724
416865.7474687051	4568625.6867641890
416864.7742291035	4568625.4569715047
416863.8156378141	4568625.1785227712
416862.8772946972	4568624.8328174129
416861.9389515804	4568624.4871120546
416861.0006084635	4568624.1414066954
416860.0622653466	4568623.7957013370
416859.1239222297	4568623.4499959778
416858.1855791128	4568623.1042906195
416857.2472359959	4568622.7585852612
416856.3088928791	4568622.4128799019
416855.3681337610	4568622.0738113830
416854.4271411694	4568621.7353842231
416853.4861485778	4568621.3969570622
416852.5451559863	4568621.0585299022
416851.6041633947	4568620.7201027423
416850.6631708032	4568620.3816755824
416849.7221782117	4568620.0432484224
416848.8034615459	4568619.6507730987
416847.8972784059	4568619.2278876333
416846.9910952660	4568618.8050021678
416846.0849121260	4568618.3821167024
416845.1751868171	4568617.9669497181
416844.2636817606	4568617.5556608513
416843.3521767041	4568617.1443719845
416842.4406716476	4568616.7330831178
416841.5291665912	4568616.3217942500
416840.6116441245	4568615.9249634854
416839.6774893477	4568615.5680953693
416838.7433345709	4568615.2112272521
416837.8091797941	4568614.8543591350
416836.8750250173	4568614.4974910179
416835.9408702404	4568614.1406229008
416834.9714411532	4568613.9505538242
416833.9727877284	4568613.8986757239
416832.9741343037	4568613.8467976246
416831.9754808789	4568613.7949195243
416830.9768274541	4568613.7430414250
416829.9771852097	4568613.7174657751
416828.9774555164	4568613.6942162476
416827.9777258233	4568613.6709667193
416826.9779961301	4568613.6477171918
416825.9782664369	4568613.6244676635
416824.9783792192	4568613.6271670666
416823.9784409419	4568613.6382774916
416822.9785026645	4568613.6493879175
416821.9785643872	4568613.6604983425
416820.9786261099	4568613.6716087684
416819.9792338938	4568613.6988049215
416818.9808441489	4568613.7555316119
416817.9824544041	4568613.8122583013
416816.9840646592	4568613.8689849917
416815.9856749143	4568613.9257116821
416814.9874534043	4568613.9846799821
416813.9917807086	4568614.0776094329
416812.9961080128	4568614.1705388846
416812.0004353170	4568614.2634683363
416811.0047626213	4568614.3563977871
416810.0299786640	4568614.5558444867
416809.0729542595	4568614.8458518814
416808.1159298551	4568615.1358592771
416807.1589054507	4568615.4258666728
416806.1857195052	4568615.5703403475
416805.1883857816	4568615.4973647092
416804.1910520580	4568615.4243890718
416803.1937183344	4568615.3514134334
416802.1963846108	4568615.2784377951
416801.1990508872	4568615.2054621568
416800.2017171636	4568615.1324865194
416799.2043834399	4568615.0595108811
416798.2070497163	4568614.9865352428
416797.2097159928	4568614.9135596044
416796.2109858403	4568614.8749154899
416795.2110199892	4568614.8666513087
416794.2110541382	4568614.8583871275
416793.2110882871	4568614.8501229472
416792.2111224360	4568614.8418587660
416791.2111565849	4568614.8335945848
416790.2111907339	4568614.8253304046
416789.2112157559	4568614.8192749731
416788.2112157559	4568614.8192749731
416787.2112157559	4568614.8192749731
416786.2112157559	4568614.8192749741
416785.2112157559	4568614.8192749741
416784.2112157559	4568614.8192749741
416783.2112270773	4568614.8200223623
416782.2116858982	4568614.8503114898
416781.2121447191	4568614.8806006163
416780.2126035400	4568614.9108897429
416779.2130623608	4568614.9411788704
416778.2135211816	4568614.9714679969
416777.2139480328	4568614.9985042876
416776.2140046147	4568614.9878665917
416775.2140611966	4568614.9772288958
416774.2141177785	4568614.9665911989
416773.2141743604	4568614.9559535030
416772.2142309423	4568614.9453158071
416771.2149684783	4568614.9145055097
416770.2165839616	4568614.8576868782
416769.2181994449	4568614.8008682476
416768.2198149282	4568614.7440496162
416767.2214304115	4568614.6872309856
416766.2230458948	4568614.6304123551
416765.2246613781	4568614.5735937236
416764.2262396289	4568614.5175589556
416763.2269644637	4568614.4794913307
416762.2276892984	4568614.4414237048
416761.2284141332	4568614.4033560799
416760.2291389679	4568614.3652884541
416759.2298638026	4568614.3272208292
416758.2305886374	4568614.2891532034
416757.2330301100	4568614.2216101857
416756.2360917322	4568614.1434189407
416755.2391533544	4568614.0652276948
416754.2422149766	4568613.9870364498
416753.2452765988	4568613.9088452049
416752.2483382210	4568613.8306539590
416751.2561471979	4568613.7108453512
416750.2672108450	4568613.5625048988
416749.2782744922	4568613.4141644454
416748.2893381393	4568613.2658239929
416747.3004017864	4568613.1174835395
416746.3221932558	4568612.9127062401
416745.3478020600	4568612.6878467333
416744.3734108643	4568612.4629872264
416743.3946502314	4568612.2589452388
416742.4120799857	4568612.0730535705
416741.4295097401	4568611.8871619022
416740.4469394944	4568611.7012702338
416739.4642097798	4568611.5164566236
416738.4699006259	4568611.4099234995
416737.4755914720	4568611.3033903753
416736.4812823182	4568611.1968572512
416735.4869731643	4568611.0903241271
416734.4926640104	4568610.9837910030
416733.5308518381	4568610.7132078931
416732.5710173923	4568610.4326409018
416731.6111829464	4568610.1520739105
416730.6513485007	4568609.8715069192
416729.6779275907	4568609.6433775052
416728.7026142918	4568609.4225518517
416727.7273009928	4568609.2017261991
416726.7591008462	4568608.9526120564
416725.7953367827	4568608.6858559316
416724.8315727192	4568608.4190998068
416723.8678086558	4568608.1523436820
416722.9040445924	4568607.8855875582
416721.9402805289	4568607.6188314334
416720.9765164654	4568607.3520753086
416720.0165545995	4568607.0721334536
416719.0587283144	4568606.7847855678
416718.1009020292	4568606.4974376820
416717.1430757441	4568606.2100897962
416716.1852494589	4568605.9227419104
416715.2274231737	4568605.6353940247
416714.2695968887	4568605.3480461389
416713.2814657403	4568605.2331027761
416712.2830638946	4568605.1765894648
416711.2846620488	4568605.1200761525
416710.2903310624	4568605.0207886295
416709.2991926272	4568604.8879556432
416708.3080541920	4568604.7551226569
416707.3169157568	4568604.6222896706
416706.3257773216	4568604.4894566843
416705.3346388864	4568604.3566236971
416704.3445650984	4568604.2161715627
416703.3549786591	4568604.0722317174
416702.3653922197	4568603.9282918721
416701.3764962933	4568603.7798139500
416700.3888834589	4568603.6229034998
416699.4012706246	4568603.4659930496
416698.4136577902	4568603.3090825994
416697.4260449559	4568603.1521721492
416696.4384321215	4568602.9952616990
416695.4508192871	4568602.8383512488
416694.4535042637	4568602.8507487057
416693.4544319249	4568602.8938121684
416692.4553595861	4568602.9368756311
416691.4562872473	4568602.9799390938
416690.4572149085	4568603.0230025565
416689.4581425697	4568603.0660660192
416688.4590702309	4568603.1091294819
416687.4599446103	4568603.0778914923
416686.4608115372	4568603.0362609476
416685.4616784641	4568602.9946304029
416684.4625453910	4568602.9529998582
416683.4732005589	4568603.0402809130
416682.4918079041	4568603.2322925199
416681.5104152492	4568603.4243041258
416680.5363108271	4568603.6494960431
416679.5647904883	4568603.8864522232
416678.5932701495	4568604.1234084032
416677.6217498108	4568604.3603645833
416676.6502294720	4568604.5973207634
416675.6617709505	4568604.7293634759
416674.6650419024	4568604.8101793444
416673.6683128542	4568604.8909952128
416672.6715838061	4568604.9718110822
416671.6742975306	4568605.0272355489
416670.6749826969	4568604.9902238883
416669.6756678631	4568604.9532122277
416668.6763530293	4568604.9162005670
416667.6770381956	4568604.8791889064
416666.6859605767	4568604.7785562500
416665.7101709997	4568604.5598447928
416664.7343814227	4568604.3411333356
416663.7585918458	4568604.1224218784
416662.7822585955	4568603.9061543588
416661.8057740678	4568603.6905668657
416660.8292895400	4568603.4749793727
416659.8528050122	4568603.2593918806
416658.8784384078	4568603.0367645174
416657.9450928017	4568602.6777854385
416657.0117471956	4568602.3188063586
416656.0784015895	4568601.9598272787
416655.1450559834	4568601.6008481998
416654.2116467390	4568601.2420359338
416653.2763604811	4568600.8881438375
416652.3410742233	4568600.5342517402
416651.3650185011	4568600.3643085556
416650.3677915085	4568600.2898886306
416649.3705645160	4568600.2154687047
416648.3733375234	4568600.1410487797
416647.3756331028	4568600.0735423565
416646.3776426501	4568600.0101778833
416645.3796521975	4568599.9468134101
416644.3816617449	4568599.8834489370
416643.3828083313	4568599.8361052880
416642.3837858296	4568599.7919007530
416641.3847633277	4568599.7476962171
416640.3857408260	4568599.7034916822
416639.3867183242	4568599.6592871472
416638.3876958224	4568599.6150826123
416637.3889204660	4568599.5677210120
416636.3951891499	4568599.4559262386
416635.4014578338	4568599.3441314651
416634.4077265177	4568599.2323366916
416633.4139952015	4568599.1205419181
416632.4234460180	4568598.9888939802
416631.4445551854	4568598.7845101794
416630.4656643528	4568598.5801263796
416629.4867735202	4568598.3757425789
416628.5078826875	4568598.1713587791
416627.5289918549	4568597.9669749793
416626.5501010223	4568597.7625911785
416625.5712101896	4568597.5582073787
416624.5923193570	4568597.3538235780
416623.6134285244	4568597.1494397782
416622.6345376917	4568596.9450559774
416621.6551565611	4568596.7433556868
416620.6672370347	4568596.5883879177
416619.6793175084	4568596.4334201487
416618.6913979820	4568596.2784523796
416617.7034784556	4568596.1234846106
416616.7155589292	4568595.9685168425
416615.7276394028	4568595.8135490734
416614.7294188073	4568595.7820587317
416613.7294778758	4568595.7711898088
416612.7295369443	4568595.7603208860
416611.7295960128	4568595.7494519632
416610.7296550813	4568595.7385830404
416609.7308816490	4568595.7594955098
416608.7344333572	4568595.8437024076
416607.7379850653	4568595.9279093053
416606.7415367734	4568596.0121162031
416605.7450884815	4568596.0963231008
416604.7486401897	4568596.1805299986
416603.7521918978	4568596.2647368964
416602.7557436059	4568596.3489437941
416601.7592953141	4568596.4331506919
416600.7668396113	4568596.5541703105
416599.7755077069	4568596.6855516462
416598.7841758026	4568596.8169329828
416597.7928438984	4568596.9483143194
416596.8015119941	4568597.0796956550
416595.8225769738	4568597.2799340077
416594.8476708469	4568597.5025503673
416593.8727647200	4568597.7251667269
416592.8978585931	4568597.9477830874
416591.9229524661	4568598.1703994470
416590.9480463392	4568598.3930158066
416589.9731402122	4568598.6156321662
416588.9982340853	4568598.8382485267
416588.0000982117	4568598.8738958230
416587.0003563761	4568598.8966172282
416586.0006145406	4568598.9193386342
416585.0008727050	4568598.9420600394
416584.0011308695	4568598.9647814445
416583.0012836232	4568598.9817451304
416582.0013800599	4568598.9956326792
416581.0014764965	4568599.0095202290
416580.0015729332	4568599.0234077787
416579.0043473311	4568599.0748935770
416578.0125694645	4568599.2028649151
416577.0207915979	4568599.3308362523
416576.0290137313	4568599.4588075904
416575.0372358647	4568599.5867789285
416574.0454579981	4568599.7147502666
416573.0613113334	4568599.8893960733
416572.0804201070	4568600.0839530108
416571.0995288805	4568600.2785099484
416570.1186376541	4568600.4730668860
416569.1377464277	4568600.6676238235
416568.1568552013	4568600.8621807611
416567.1759639748	4568601.0567376986
416566.1902244127	4568601.1716257855
416565.1929791920	4568601.0974505208
416564.1957339714	4568601.0232752562
416563.1984887508	4568600.9490999915
416562.2012435301	4568600.8749247268
416561.2039983094	4568600.8007494621
416560.2067530888	4568600.7265741974
416559.2096329935	4568600.6554674366
416558.2217379881	4568600.8105914462
416557.2338429827	4568600.9657154549
416556.2459479773	4568601.1208394645
416555.2580529719	4568601.2759634741
416554.2701579664	4568601.4310874837
416553.2822629611	4568601.5862114923
416552.2943679556	4568601.7413355019
416551.3027099981	4568601.8686601166
416550.3091253563	4568601.9817510517
416549.3155407145	4568602.0948419869
416548.3219560727	4568602.2079329211
416547.3283714308	4568602.3210238563
416546.3347867891	4568602.4341147915
416545.3412021472	4568602.5472057266
416544.3471126879	4568602.6130322292
416543.3513392050	4568602.5211890442
416542.3555657221	4568602.4293458592
416541.3597922391	4568602.3375026733
416540.3640187562	4568602.2456594883
416539.3682452733	4568602.1538163023
416538.3724717903	4568602.0619731173
416537.3766983074	4568601.9701299323
416536.3809248245	4568601.8782867463
416535.3851513415	4568601.7864435613
416534.3893778586	4568601.6946003763
416533.3936043757	4568601.6027571904
416532.3978308928	4568601.5109140053
416531.4236140444	4568601.2937045563
416530.4543550464	4568601.0476618875
416529.4850960484	4568600.8016192187
416528.5158370504	4568600.5555765498
416527.5465780524	4568600.3095338820
416526.5773190543	4568600.0634912131
416525.6080600563	4568599.8174485443
416524.6388010583	4568599.5714058755
416523.6693284708	4568599.3262066385
416522.6997892765	4568599.0812704209
416521.7302500822	4568598.8363342034
416520.7607108879	4568598.5913979858
416519.7911716936	4568598.3464617683
416518.8216324993	4568598.1015255507
416517.8400834603	4568597.9114341661
416516.8569085056	4568597.7287677806
416515.8737335508	4568597.5461013950
416514.8905585961	4568597.3634350104
416513.9073836413	4568597.1807686249
416512.9242086865	4568596.9981022393
416511.9410337318	4568596.8154358538
416510.9578587770	4568596.6327694692
416509.9746838222	4568596.4501030836
416508.9915088675	4568596.2674366981
416508.0083339127	4568596.0847703125
416507.0226416147	4568595.9164759759
416506.0359121961	4568595.7541027805
416505.0491827776	4568595.5917295851
416504.0624533590	4568595.4293563897
416503.0757239404	4568595.2669831952
416502.0889945218	4568595.1046099998
416501.1022651033	4568594.9422368044
416500.1155356847	4568594.7798636090
416499.1288062661	4568594.6174904136
416498.1436813218	4568594.4473630022
416497.1735388218	4568594.2048273766
416496.2033963216	4568593.9622917520
416495.2332538215	4568593.7197561264
416494.2631113215	4568593.4772205018
416493.2929688213	4568593.2346848762
416492.3142597511	4568593.0315585006
416491.3309777461	4568592.8494692408
416490.3476957411	4568592.6673799800
416489.3644137361	4568592.4852907201
416488.3811317311	4568592.3032014603
416487.3978497262	4568592.1211121995
416486.4145677212	4568591.9390229397
416485.4312857162	4568591.7569336789
416484.4480037112	4568591.5748444190
416483.4647217062	4568591.3927551592
416482.4814397012	4568591.2106658984
416481.4981576962	4568591.0285766385
416480.5148756912	4568590.8464873787
416479.5320334656	4568590.6620567422
416478.5496948992	4568590.4749446344
416477.5673563328	4568590.2878325265
416476.5850177664	4568590.1007204177
416475.6026792000	4568589.9136083098
416474.6203406336	4568589.7264962019
416473.6380020672	4568589.5393840941
416472.6556635007	4568589.3522719862
416471.6634618594	4568589.2335969293
416470.6682644486	4568589.1357086599
416469.6730670376	4568589.0378203904
416468.6778696268	4568588.9399321200
416467.6826722159	4568588.8420438506
416466.6874748050	4568588.7441555802
416465.6922773941	4568588.6462673107
416464.6951174252	4568588.5883806739
416463.6951174252	4568588.5883806739
416462.6951174252	4568588.5883806739
416461.6951174252	4568588.5883806739
416460.6951174252	4568588.5883806739
416459.6951174252	4568588.5883806739
416458.6951174252	4568588.5883806739
416457.6951174252	4568588.5883806739
416456.6951174252	4568588.5883806739
416455.6951174252	4568588.5883806739
416454.6951174252	4568588.5883806739
416453.6959470359	4568588.5740632983
416452.7026396556	4568588.4585624402
416451.7093322754	4568588.3430615822
416450.7160248951	4568588.2275607232
416449.7227175148	4568588.1120598651
416448.7294101346	4568587.9965590062
416447.7378206268	4568587.8671956025
416446.7463663313	4568587.7367410902
416445.7549120356	4568587.6062865779
416444.7634577400	4568587.4758320656
416443.7699653157	4568587.3658432644
416442.7722556136	4568587.2982019288
416441.7745459115	4568587.2305605924
416440.7768362094	4568587.1629192568
416439.7791265073	4568587.0952779204
416438.7814168052	4568587.0276365848
416437.7837071031	4568586.9599952484
416436.7867092216	4568586.8840956381
416435.7921405824	4568586.7800128739
416434.7975719431	4568586.6759301089
416433.8030033039	4568586.5718473447
416432.8084346646	4568586.4677645806
416431.8138660254	4568586.3636818156
416430.8192973862	4568586.2595990514
416429.8247287470	4568586.1555162864
416428.8301601078	4568586.0514335223
416427.8355914685	4568585.9473507581
416426.8410228293	4568585.8432679931
416425.8528122597	4568585.6915470632
416424.8657595250	4568585.5311509939
416423.8787067904	4568585.3707549246
416422.8916540558	4568585.2103588544
416421.9046013211	4568585.0499627851
416420.9175485865	4568584.8895667158
416419.9304958519	4568584.7291706465
416418.9434431172	4568584.5687745772
416417.9563903826	4568584.4083785079
416416.9691351000	4568584.2492748862
416415.9803360133	4568584.1000221940
416414.9915369266	4568583.9507695017
416414.0027378400	4568583.8015168095
416413.0139387533	4568583.6522641173
416412.0251396666	4568583.5030114241
416411.0363405799	4568583.3537587319
416410.0443166610	4568583.2288314002
416409.0507839883	4568583.1152848089
416408.0572513157	4568583.0017382186
416407.0637186430	4568582.8881916273
416406.0701859704	4568582.7746450361
416405.0766532977	4568582.6610984448
416404.0831206250	4568582.5475518536
416403.0895879524	4568582.4340052623
416402.0971806124	4568582.3120370433
416401.1086925971	4568582.1607378572
416400.1202045818	4568582.0094386712
416399.1317165666	4568581.8581394851
416398.1432285513	4568581.7068402991
416397.1547405361	4568581.5555411130
416396.1662525208	4568581.4042419270
416395.1777645056	4568581.2529427409
416394.1892764903	4568581.1016435549
416393.2007884751	4568580.9503443688
416392.2123004598	4568580.7990451828
416391.2238124446	4568580.6477459967
416390.2322153159	4568580.5256106826
416389.2340468194	4568580.4651156226
416388.2358783227	4568580.4046205627
416387.2377098261	4568580.3441255018
416386.2395413294	4568580.2836304419
416385.2413728328	4568580.2231353810
416384.2432043362	4568580.1626403211
416383.2450358395	4568580.1021452602
416382.2485983460	4568580.1079627005
416381.2549453777	4568580.2204517163
416380.2612924094	4568580.3329407312
416379.2676394410	4568580.4454297461
416378.2739864727	4568580.5579187619
416377.2803335044	4568580.6704077767
416376.2866805361	4568580.7828967916
416375.2900376003	4568580.7056304188
416374.2933338321	4568580.6245033685
416373.2966300639	4568580.5433763172
416372.2999262957	4568580.4622492669
416371.3032225274	4568580.3811222157
416370.3065187591	4568580.2999951644
416369.3098149909	4568580.2188681141
416368.3131112227	4568580.1377410628
416367.3164074545	4568580.0566140125
416366.3197036862	4568579.9754869612
416365.3220448757	4568579.9079273595
416364.3238047519	4568579.8486259663
416363.3255646281	4568579.7893245723
416362.3273245043	4568579.7300231792
416361.3290843806	4568579.6707217852
416360.3308442568	4568579.6114203921
416359.3326041330	4568579.5521189990
416358.3343640092	4568579.4928176049
416357.3361238854	4568579.4335162118
416356.3378837616	4568579.3742148178
416355.3396436378	4568579.3149134247
416354.3414035141	4568579.2556120306
416353.3430014932	4568579.1991827274
416352.3444206885	4568579.1459250841
416351.3458398838	4568579.0926674409
416350.3472590791	4568579.0394097976
416349.3486782745	4568578.9861521553
416348.3500974698	4568578.9328945121
416347.3515166651	4568578.8796368688
416346.3529358604	4568578.8263792265
416345.3543550557	4568578.7731215833
416344.3571894335	4568578.7008050904
416343.3616939609	4568578.6059959978
416342.3661984883	4568578.5111869052
416341.3707030157	4568578.4163778126
416340.3752075431	4568578.3215687200
416339.3797120705	4568578.2267596275
416338.3842165979	4568578.1319505349
416337.3887211253	4568578.0371414423
416336.3932256527	4568577.9423323497
416335.3977301801	4568577.8475232571
416334.4022347075	4568577.7527141646
416333.4067392349	4568577.6579050720
416332.4112437623	4568577.5630959794
416331.4131834497	4568577.5034479685
416330.4144674669	4568577.4527884619
416329.4157514840	4568577.4021289553
416328.4170355012	4568577.3514694488
416327.4183195183	4568577.3008099431
416326.4196035355	4568577.2501504365
416325.4208875526	4568577.1994909300
416324.4221715697	4568577.1488314234
416323.4234555869	4568577.0981719168
416322.4247396040	4568577.0475124111
416321.4260236212	4568576.9968529046
416320.4273076383	4568576.9461933980
416319.4285916555	4568576.8955338914
416318.4298756726	4568576.8448743848
416317.4311596898	4568576.7942148792
416316.4324437069	4568576.7435553726
416315.4334857697	4568576.7001914224
416314.4336078177	4568576.6845683288
416313.4337298657	4568576.6689452361
416312.4338519136	4568576.6533221425
416311.4339739616	4568576.6376990499
416310.4340960096	4568576.6220759563
416309.4342180575	4568576.6064528627
416308.4343401055	4568576.5908297701
416307.4415291191	4568576.4972333806
416306.4551351952	4568576.3328343928
416305.4687412713	4568576.1684354059
416304.4823473474	4568576.0040364191
416303.4959534236	4568575.8396374322
416302.5095594997	4568575.6752384445
416301.5231655758	4568575.5108394576
416300.5367716520	4568575.3464404708
416299.5503777281	4568575.1820414839
416298.5559233435	4568575.0836952021
416297.5589414044	4568575.0060613630
416296.5619594653	4568574.9284275239
416295.5649775262	4568574.8507936839
416294.5679955870	4568574.7731598448
416293.5710136479	4568574.6955260048
416292.5740317087	4568574.6178921657
416291.5770497696	4568574.5402583256
416290.5800678305	4568574.4626244865
416289.5830858914	4568574.3849906474
416288.5861039522	4568574.3073568074
416287.5891220130	4568574.2297229683
416286.5921400739	4568574.1520891283
416285.5951581348	4568574.0744552892
416284.5981761957	4568573.9968214501
416283.6011942565	4568573.9191876100
416282.6042123173	4568573.8415537709
416281.6072303782	4568573.7639199309
416280.6102484391	4568573.6862860918
416279.6132665000	4568573.6086522518
416278.6162845608	4568573.5310184127
416277.6193026217	4568573.4533845736
416276.6223206825	4568573.3757507335
416275.6253387434	4568573.2981168944
416274.6283568043	4568573.2204830544
416273.6313748652	4568573.1428492153
416272.6343929260	4568573.0652153753
416271.6374109868	4568572.9875815362
416270.6404290477	4568572.9099476971
416269.6427981783	4568572.8423648058
416268.6441105148	4568572.7911500530
416267.6454228513	4568572.7399353012
416266.6467351878	4568572.6887205495
416265.6480475244	4568572.6375057977
416264.6493598609	4568572.5862910459
416263.6506721974	4568572.5350762932
416262.6519845340	4568572.4838615414
416261.6532968704	4568572.4326467896
416260.6546092070	4568572.3814320378
416259.6559215435	4568572.3302172851
416258.6572338800	4568572.2790025333
416257.6585462166	4568572.2277877815
416256.6598585531	4568572.1765730297
416255.6622645032	4568572.1107025212
416254.6670359781	4568572.0131310970
416253.6718074531	4568571.9155596728
416252.6765789279	4568571.8179882485
416251.6813504029	4568571.7204168243
416250.6861218777	4568571.6228454001
416249.6908933526	4568571.5252739759
416248.6956648276	4568571.4277025517
416247.7004363024	4568571.3301311275
416246.7052077774	4568571.2325597033
416245.7099792523	4568571.1349882791
416244.7147507271	4568571.0374168549
416243.7194695203	4568570.9406570885
416242.7199784118	4568570.9087584363
416241.7204873032	4568570.8768597841
416240.7209961947	4568570.8449611319
416239.7215050862	4568570.8130624797
416238.7220139777	4568570.7811638275
416237.7225228692	4568570.7492651753
416236.7230317607	4568570.7173665231
416235.7235406522	4568570.6854678709
416234.7240495436	4568570.6535692187
416233.7245584352	4568570.6216705665
416232.7250673266	4568570.5897719152
416231.7278599664	4568570.5190890059
416230.7315322652	4568570.4334670939
416229.7352045640	4568570.3478451818
416228.7388768628	4568570.2622232698
416227.7425491616	4568570.1766013578
416226.7462214603	4568570.0909794467
416225.7498937591	4568570.0053575346
416224.7535660579	4568569.9197356226
416223.7572383567	4568569.8341137106
416222.7609106555	4568569.7484917985
416221.7645829543	4568569.6628698865
416220.7682552531	4568569.5772479754
416219.7719275519	4568569.4916260634
416218.7755998506	4568569.4060041513
416217.7792721494	4568569.3203822393
416216.7819687013	4568569.2518165875
416215.7823766149	4568569.2232568134
416214.7827845284	4568569.1946970392
416213.7831924419	4568569.1661372650
416212.7836003555	4568569.1375774918
416211.7840082690	4568569.1090177177
416210.7844161826	4568569.0804579435
416209.7848240961	4568569.0518981703
416208.7852320096	4568569.0233383961
416207.7853754054	4568569.0069418177
416206.7854867702	4568568.9920181064
416205.7855981350	4568568.9770943951
416204.7857094998	4568568.9621706847
416203.7858208645	4568568.9472469734
416202.7859322293	4568568.9323232621
416201.7860435941	4568568.9173995517
416200.7861549589	4568568.9024758404
416199.7862663237	4568568.8875521300
416198.7863776884	4568568.8726284187
416197.7864890532	4568568.8577047074
416196.7866004179	4568568.8427809970
416195.7867117828	4568568.8278572857
416194.7868231475	4568568.8129335744
416193.7869345123	4568568.7980098641
416192.7870458771	4568568.7830861527
416191.7870811820	4568568.7755093453
416190.7870978877	4568568.7697290946
416189.7871145936	4568568.7639488447
416188.7871312993	4568568.7581685949
416187.7871480051	4568568.7523883441
416186.7871647109	4568568.7466080943
416185.7871814167	4568568.7408278445
416184.7871981225	4568568.7350475937
416183.7872148283	4568568.7292673439
416182.7872315340	4568568.7234870940
416181.7872482398	4568568.7177068433
416180.7872649456	4568568.7119265934
416179.7872816514	4568568.7061463436
416178.7872983572	4568568.7003660938
416177.7873150630	4568568.6945858430
416176.7873317687	4568568.6888055932
416175.7873484746	4568568.6830253433
416174.7873651803	4568568.6772450926
416173.7873818861	4568568.6714648427
416172.7873985919	4568568.6656845929
416171.7874571090	4568568.6618147176
416170.7886842707	4568568.7113406435
416169.7899114323	4568568.7608665694
416168.7911385939	4568568.8103924943
416167.7923657555	4568568.8599184202
416166.7935929171	4568568.9094443461
416165.7948200787	4568568.9589702720
416164.7960472404	4568569.0084961979
416163.7972744020	4568569.0580221238
416162.7985015636	4568569.1075480497
416161.7997287252	4568569.1570739755
416160.8009558869	4568569.2065999005
416159.8021830485	4568569.2561258264
416158.8034102101	4568569.3056517523
416157.8046373718	4568569.3551776782
416156.8058358014	4568569.4041170804
416155.8070044053	4568569.4524476314
416154.8081730092	4568569.5007781824
416153.8093416131	4568569.5491087344
416152.8105102170	4568569.5974392854
416151.8116788210	4568569.6457698364
416150.8128474248	4568569.6941003874
416149.8140816547	4568569.7376170857
416148.8169389667	4568569.6620759731
416147.8197962786	4568569.5865348605
416146.8226535906	4568569.5109937480
416145.8255109025	4568569.4354526354
416144.8283682144	4568569.3599115238
416143.8312255264	4568569.2843704112
416142.8340828383	4568569.2088292986
416141.8372427986	4568569.1300480282
416140.8433590639	4568569.0196165023
416139.8494753292	4568568.9091849755
416138.8555915946	4568568.7987534497
416137.8617078599	4568568.6883219229
416136.8678241253	4568568.5778903970
416135.8739403906	4568568.4674588703
416134.8774715483	4568568.3879266735
416133.8790547672	4568568.3316778410
416132.8806379861	4568568.2754290085
416131.8822212050	4568568.2191801760
416130.8838044238	4568568.1629313435
416129.8853876427	4568568.1066825101
416128.8869708616	4568568.0504336776
416127.8885540805	4568567.9941848451
416126.8900846979	4568567.9398048446
416125.8900846979	4568567.9398048446
416124.8900846979	4568567.9398048446
416123.8900846979	4568567.9398048446
416122.8900846979	4568567.9398048455
416121.8900846979	4568567.9398048455
416120.8900846979	4568567.9398048455
416119.8900846979	4568567.9398048455
416118.8900846979	4568567.9398048455
416117.8900846979	4568567.9398048455
416116.8900846979	4568567.9398048455
416115.8900846979	4568567.9398048455
416114.8903410665	4568567.9218553780
416113.8907489801	4568567.8932956038
416112.8911568937	4568567.8647358296
416111.8915648072	4568567.8361760555
416110.8919727208	4568567.8076162813
416109.8923806343	4568567.7790565081
416108.8927885478	4568567.7504967339
416107.8931964614	4568567.7219369598
416106.8936043749	4568567.6933771856
416105.8940122884	4568567.6648174115
416104.8944202020	4568567.6362576373
416103.8948281156	4568567.6076978631
416102.8952360291	4568567.5791380890
416101.8956439427	4568567.5505783148
416100.8960518562	4568567.5220185407
416099.8964597697	4568567.4934587665
416098.8968676833	4568567.4648989923
416097.9073973538	4568567.3295150790
416096.9202299550	4568567.1698262356
416095.9330625563	4568567.0101373913
416094.9458951575	4568566.8504485469
416093.9587277588	4568566.6907597035
416092.9715603601	4568566.5310708592
416091.9843929613	4568566.3713820158
416090.9972255626	4568566.2116931714
416090.0069457254	4568566.0741062397
416089.0140688869	4568565.9549610186
416088.0211920485	4568565.8358157985
416087.0283152100	4568565.7166705774
416086.0354383715	4568565.5975253563
416085.0425615330	4568565.4783801362
416084.0463420294	4568565.4040705385
416083.0467742750	4568565.3746714871
416082.0472065205	4568565.3452724358
416081.0476387660	4568565.3158733845
416080.0480710116	4568565.2864743322
416079.0485032571	4568565.2570752809
416078.0489355026	4568565.2276762296
416077.0493677482	4568565.1982771782
416076.0510731180	4568565.1479872316
416075.0553324440	4568565.0557890208
416074.0595917699	4568564.9635908101
416073.0638510959	4568564.8713925993
416072.0681104218	4568564.7791943885
416071.0723697478	4568564.6869961778
416070.0766290738	4568564.5947979670
416069.0951879447	4568564.4082392268
416068.1168382417	4568564.2012806358
416067.1384885385	4568563.9943220438
416066.1601388355	4568563.7873634528
416065.1817891324	4568563.5804048618
416064.2034394293	4568563.3734462708
416063.2161007153	4568563.2354400288
416062.2173909460	4568563.1846581763
416061.2186811766	4568563.1338763237
416060.2199714072	4568563.0830944711
416059.2212616378	4568563.0323126186
416058.2225518684	4568562.9815307660
416057.2238420990	4568562.9307489134
416056.2267274929	4568562.8599537946
416055.2325830298	4568562.7518946147
416054.2384385667	4568562.6438354338
416053.2442941036	4568562.5357762538
416052.2501496405	4568562.4277170729
416051.2560051774	4568562.3196578920
416050.2572079638	4568562.2974614464
416049.2572079638	4568562.2974614464
416048.2572079638	4568562.2974614464
416047.2572079638	4568562.2974614464
416046.2572079638	4568562.2974614464
416045.2572079638	4568562.2974614464
416044.2757649967	4568562.1406238358
416043.3033776948	4568561.9072508840
416042.3309903927	4568561.6738779312
416041.3586030908	4568561.4405049784
416040.3862157888	4568561.2071320266
416039.4138284868	4568560.9737590738
416038.4283494645	4568560.8306308910
416037.4297316351	4568560.7780720573
416036.4311138058	4568560.7255132245
416035.4324959765	4568560.6729543917
416034.4338781471	4568560.6203955589
416033.4352603178	4568560.5678367261
416032.4366424884	4568560.5152778924
416031.4380246591	4568560.4627190595
416030.4394068297	4568560.4101602267
416029.4421487037	4568560.4133576658
416028.4472798664	4568560.5145307686
416027.4524110291	4568560.6157038705
416026.4575421918	4568560.7168769725
416025.4626733545	4568560.8180500744
416024.4678045172	4568560.9192231763
416023.4729356799	4568561.0203962782
416022.4774673523	4568561.1147114141
416021.4801336287	4568561.1876870524
416020.4827999051	4568561.2606626907
416019.4854661816	4568561.3336383291
416018.4881324580	4568561.4066139674
416017.4910414350	4568561.4826912107
416016.4944956767	4568561.5657366905
416015.4979499185	4568561.6487821704
416014.5014041603	4568561.7318276502
416013.5048584020	4568561.8148731301
416012.5083126438	4568561.8979186099
416011.5212263312	4568562.0455997009
416010.5426765461	4568562.2516101822
416009.5641267610	4568562.4576206626
416008.5855769760	4568562.6636311430
416007.6070271909	4568562.8696416244
416006.6112506694	4568562.8503234778
416005.6127567397	4568562.7954611741
416004.6142628100	4568562.7405988704
416003.6157688803	4568562.6857365668
416002.6172749506	4568562.6308742631
416001.6187810209	4568562.5760119595
416000.6202870912	4568562.5211496558
415999.6217931615	4568562.4662873521
415998.6232992318	4568562.4114250476
415997.6248053022	4568562.3565627439
415996.6263113725	4568562.3017004402
415995.6277728345	4568562.2476566443
415994.6292305612	4568562.1936813863
415993.6306882879	4568562.1397061283
415992.6321460146	4568562.0857308712
415991.6336037413	4568562.0317556132
415990.6350614680	4568561.9777803551
415989.6365191948	4568561.9238050971
415988.6379769215	4568561.8698298400
415987.6394434467	4568561.8157002926
415986.6412386013	4568561.7558080023
415985.6430337558	4568561.6959157111
415984.6448289103	4568561.6360234208
415983.6466240649	4568561.5761311296
415982.6484192194	4568561.5162388394
415981.6501930811	4568561.4569062060
415980.6503231286	4568561.4407792706
415979.6504531760	4568561.4246523362
415978.6505832235	4568561.4085254017
415977.6507132710	4568561.3923984664
415976.6508433185	4568561.3762715319
415975.6509733659	4568561.3601445975
415974.6511034134	4568561.3440176630
415973.6514973241	4568561.3174629007
415972.6520913248	4568561.2830006247
415971.6526853254	4568561.2485383488
415970.6532793261	4568561.2140760729
415969.6538733267	4568561.1796137970
415968.6544673274	4568561.1451515211
415967.6550613281	4568561.1106892452
415966.6554135530	4568561.1087585855
415965.6556057313	4568561.1283626603
415964.6557979097	4568561.1479667351
415963.6559900880	4568561.1675708098
415962.6561822664	4568561.1871748846
415961.6563744447	4568561.2067789594
415960.6564747659	4568561.2170127109
415959.6564747659	4568561.2170127109
415958.6564747659	4568561.2170127099
415957.6564747659	4568561.2170127099
415956.6564747659	4568561.2170127099
415955.6564747659	4568561.2170127090
415954.6564997873	4568561.2194150165
415953.6567167306	4568561.2402438307
415952.6569336739	4568561.2610726450
415951.6571506171	4568561.2819014592
415950.6573675604	4568561.3027302735
415949.6575845037	4568561.3235590877
415948.6577251497	4568561.3370625712
415947.6577251497	4568561.3370625712
415946.6577251497	4568561.3370625712
415945.6577251497	4568561.3370625721
415944.6577251497	4568561.3370625721
415943.6577251497	4568561.3370625721
415942.6606582793	4568561.2918974347
415941.6690578681	4568561.1625582511
415940.6774574569	4568561.0332190664
415939.6858570457	4568560.9038798828
415938.6942566345	4568560.7745406982
415937.7026562234	4568560.6452015145
415936.7056609974	4568560.5742741534
415935.7071452895	4568560.5198096605
415934.7086295815	4568560.4653451676
415933.7101138736	4568560.4108806746
415932.7115981656	4568560.3564161817
415931.7130824577	4568560.3019516887
415930.7143576082	4568560.2529718615
415929.7145938194	4568560.2312378660
415928.7148300306	4568560.2095038695
415927.7150662418	4568560.1877698740
415926.7153024529	4568560.1660358785
415925.7155386641	4568560.1443018829
415924.7157748753	4568560.1225678874
415923.7160110865	4568560.1008338919
415922.7162472977	4568560.0790998964
415921.7164835088	4568560.0573659008
415920.7167197200	4568560.0356319053
415919.7169691566	4568560.0133474777
415918.7173152372	4568559.9870407954
415917.7176613179	4568559.9607341131
415916.7180073986	4568559.9344274318
415915.7183534792	4568559.9081207495
415914.7186995598	4568559.8818140673
415913.7190456405	4568559.8555073859
415912.7193917212	4568559.8292007037
415911.7197378018	4568559.8028940214
415910.7200838824	4568559.7765873400
415909.7204299630	4568559.7502806578
415908.7207760437	4568559.7239739755
415907.7211221244	4568559.6976672933
415906.7214682050	4568559.6713606119
415905.7218142856	4568559.6450539296
415904.7221603663	4568559.6187472474
415903.7225064470	4568559.5924405651
415902.7228525276	4568559.5661338829
415901.7231986082	4568559.5398272006
415900.7235446889	4568559.5135205183
415899.7238907696	4568559.4872138361
415898.7242368502	4568559.4609071547
415897.7245829308	4568559.4346004725
415896.7257166503	4568559.3930254737
415895.7286621648	4568559.3163289744
415894.7316076794	4568559.2396324752
415893.7345531939	4568559.1629359769
415892.7374987084	4568559.0862394776
415891.7404442230	4568559.0095429784
415890.7432661162	4568558.9360653805
415889.7432661162	4568558.9360653805
415888.7432661162	4568558.9360653805
415887.7432661162	4568558.9360653814
415886.7432661162	4568558.9360653814
415885.7432661162	4568558.9360653814
415884.7432661162	4568558.9360653814
415883.7432661162	4568558.9360653814
415882.7432661162	4568558.9360653814
415881.7432661162	4568558.9360653814
415880.7432661162	4568558.9360653814
415879.7432661162	4568558.9360653814
415878.7432661162	4568558.9360653814
415877.7432661162	4568558.9360653814
415876.7432661162	4568558.9360653814
415875.7432661162	4568558.9360653814
415874.7435471362	4568558.9255898446
415873.7449854039	4568558.8719757926
415872.7464236715	4568558.8183617396
415871.7478619392	4568558.7647476867
415870.7493002067	4568558.7111336337
415869.7507384744	4568558.6575195808
415868.7521767420	4568558.6039055279
415867.7536150097	4568558.5502914749
415866.7550532773	4568558.4966774229
415865.7564915450	4568558.4430633700
415864.7579298126	4568558.3894493170
415863.7593680802	4568558.3358352641
415862.7608063479	4568558.2822212111
415861.7622446155	4568558.2286071582
415860.7636828831	4568558.1749931052
415859.7651211508	4568558.1213790532
415858.7665594184	4568558.0677650003
415857.7679976860	4568558.0141509473
415856.7690605911	4568557.9715170283
415855.7691687051	4568557.9568127366
415854.7692768190	4568557.9421084439
415853.7693849330	4568557.9274041513
415852.7694930469	4568557.9126998596
415851.7696011609	4568557.8979955669
415850.7697092748	4568557.8832912752
415849.7698173888	4568557.8685869826
415848.7699215215	4568557.8541786829
415847.7699958737	4568557.8419844676
415846.7700702259	4568557.8297902523
415845.7701445782	4568557.8175960369
415844.7702189303	4568557.8054018216
415843.7702932825	4568557.7932076072
415842.7703676347	4568557.7810133919
415841.7704419869	4568557.7688191766
415840.7705163392	4568557.7566249613
415839.7705906914	4568557.7444307460
415838.7711349969	4568557.7519234475
415837.7729301514	4568557.8118157377
415836.7747253059	4568557.8717080289
415835.7765204605	4568557.9316003192
415834.7783156150	4568557.9914926104
415833.7801107695	4568558.0513849007
415832.7818115372	4568558.1096150167
415831.7832434050	4568558.1631097374
415830.7846752727	4568558.2166044591
415829.7861071404	4568558.2700991798
415828.7875390082	4568558.3235939015
415827.7889708759	4568558.3770886222
415826.7904027436	4568558.4305833438
415825.7918084020	4568558.4281473886
415824.7931905727	4568558.3755885558
415823.7945727433	4568558.3230297230
415822.7959549140	4568558.2704708902
415821.7973370846	4568558.2179120565
415820.7987192553	4568558.1653532237
415819.8001014260	4568558.1127943909
415818.8014835966	4568558.0602355571
415817.8028657673	4568558.0076767243
415816.8037075590	4568557.9756665044
415815.8037075590	4568557.9756665044
415814.8037075590	4568557.9756665034
415813.8037075590	4568557.9756665034
415812.8037075590	4568557.9756665025
415811.8037075590	4568557.9756665025
415810.8037075590	4568557.9756665025
415809.8037075590	4568557.9756665034
415808.8037075590	4568557.9756665034
415807.8037075590	4568557.9756665034
415806.8037075590	4568557.9756665044
415805.8037075590	4568557.9756665044
415804.8037075590	4568557.9756665044
415803.8037075590	4568557.9756665044
415802.8037075590	4568557.9756665044
415801.8037075590	4568557.9756665044
415800.8037075590	4568557.9756665044
415799.8037075590	4568557.9756665044
415798.8089454151	4568557.8950125519
415797.8173450039	4568557.7656733682
415796.8257445927	4568557.6363341836
415795.8341441815	4568557.5069949999
415794.8425437704	4568557.3776558153
415793.8517296627	4568557.2437870894
415792.8745532988	4568557.0313574458
415791.8973769348	4568556.8189278012
415790.9202005709	4568556.6064981576
415789.9430242069	4568556.3940685131
415788.9658478429	4568556.1816388685
415787.9807523387	4568556.0227125157
415786.9839370601	4568555.9429672929
415785.9871217817	4568555.8632220700
415784.9891706837	4568555.8242217591
415783.9894608752	4568555.8483111523
415782.9897510668	4568555.8724005455
415781.9900412584	4568555.8964899387
415780.9903314499	4568555.9205793310
415779.9906216414	4568555.9446687242
415778.9909118329	4568555.9687581174
415777.9912020245	4568555.9928475106
415776.9914922160	4568556.0169369029
415775.9917824075	4568556.0410262961
415774.9927127672	4568556.0293922890
415773.9945079217	4568555.9694999987
415772.9963030762	4568555.9096077085
415771.9980982307	4568555.8497154173
415770.9998933852	4568555.7898231270
415770.0016885398	4568555.7299308367
415769.0042494265	4568555.7299115816
415768.0079027775	4568555.8153127236
415767.0115561284	4568555.9007138647
415766.0152094794	4568555.9861150058
415765.0188628303	4568556.0715161469
415764.0225161813	4568556.1569172880
415763.0261695322	4568556.2423184300
415762.0298228832	4568556.3277195711
415761.0334762341	4568556.4131207122
415760.0354035875	4568556.4750757935
415759.0372917176	4568556.5364980623
415758.0391798477	4568556.5979203302
415757.0410679778	4568556.6593425991
415756.0429561078	4568556.7207648680
415755.0448442379	4568556.7821871368
415754.0467323679	4568556.8436094057
415753.0483291322	4568556.8934022300
415752.0483936921	4568556.8820393272
415751.0484582520	4568556.8706764244
415750.0485228118	4568556.8593135215
415749.0485873717	4568556.8479506187
415748.0486519315	4568556.8365877159
415747.0487164914	4568556.8252248140
415746.0487810513	4568556.8138619112
415745.0488456111	4568556.8024990084
415744.0489101710	4568556.7911361055
415743.0489747309	4568556.7797732027
415742.0605497230	4568556.6585360840
415741.0799690473	4568556.4624199485
415740.0993883717	4568556.2663038140
415739.1085634327	4568556.1633121120
415738.1087996439	4568556.1415781165
415737.1090358551	4568556.1198441209
415736.1092720662	4568556.0981101254
415735.1095082774	4568556.0763761299
415734.1097420256	4568556.0548687503
415733.1097420256	4568556.0548687503
415732.1097420256	4568556.0548687493
415731.1100622077	4568556.0702441540
415730.1109291346	4568556.1118746987
415729.1117960615	4568556.1535052443
415728.1126629884	4568556.1951357890
415727.1135299154	4568556.2367663346
415726.1143968423	4568556.2783968793
415725.1213089566	4568556.3836405538
415724.1322187787	4568556.5309518566
415723.1431286008	4568556.6782631595
415722.1540384229	4568556.8255744623
415721.1649482450	4568556.9728857651
415720.1758580670	4568557.1201970680
415719.1774759966	4568557.1652127942
415718.1780310896	4568557.1985276248
415717.1785861826	4568557.2318424545
415716.1791412756	4568557.2651572851
415715.1796963687	4568557.2984721158
415714.1802514617	4568557.3317869455
415713.1808065547	4568557.3651017761
415712.1849472438	4568557.4493368221
415711.1906961036	4568557.5564100221
415710.1964449633	4568557.6634832211
415709.2021938230	4568557.7705564210
415708.2079426828	4568557.8776296210
415707.2136915425	4568557.9847028209
415706.2194404023	4568558.0917760208
415705.2251892620	4568558.1988492198
415704.2270505856	4568558.2558163274
415703.2281824479	4568558.3033814775
415702.2293143102	4568558.3509466266
415701.2304461724	4568558.3985117758
415700.2315780347	4568558.4460769249
415699.2327098970	4568558.4936420750
415698.2338417592	4568558.5412072241
415697.2350134964	4568558.5895840619
415696.2362928828	4568558.6401521945
415695.2375722692	4568558.6907203263
415694.2388516556	4568558.7412884589
415693.2401310420	4568558.7918565916
415692.2414104285	4568558.8424247233
415691.2426898149	4568558.8929928560
415690.2439692013	4568558.9435609886
415689.2452485878	4568558.9941291213
415688.2465279742	4568559.0446972530
415687.2493222173	4568559.1183491545
415686.2525582622	4568559.1987333437
415685.2557943072	4568559.2791175339
415684.2590303523	4568559.3595017241
415683.2622663972	4568559.4398859143
415682.2655024422	4568559.5202701036
415681.2687384872	4568559.6006542938
415680.2709812274	4568559.6563645359
415679.2709812274	4568559.6563645359
415678.2709812274	4568559.6563645350
415677.2709812274	4568559.6563645350
415676.2709812274	4568559.6563645350
415675.2709812274	4568559.6563645350
415674.2709812274	4568559.6563645350
415673.2709812274	4568559.6563645341
415672.2709812274	4568559.6563645341
415671.2718088763	4568559.6232378976
415670.2730565374	4568559.5733002806
415669.2743041985	4568559.5233626645
415668.2755518597	4568559.4734250475
415667.2767995207	4568559.4234874304
415666.2780471819	4568559.3735498143
415665.2792948430	4568559.3236121973
415664.2843387989	4568559.2336333841
415663.2939970522	4568559.0949855391
415662.3036553055	4568558.9563376950
415661.3133135588	4568558.8176898509
415660.3229718121	4568558.6790420059
415659.3326300655	4568558.5403941618
415658.3470437748	4568558.3747306177
415657.3688849239	4568558.1668718625
415656.3907260730	4568557.9590131063
415655.4125672221	4568557.7511543501
415654.4344083711	4568557.5432955949
415653.4562495202	4568557.3354368387
415652.4780906692	4568557.1275780834
415651.4999318183	4568556.9197193272
415650.5217729674	4568556.7118605720
415649.5436141165	4568556.5040018158
415648.5840262788	4568556.2291038847
415647.6383396797	4568555.9040241158
415646.6926530806	4568555.5789443469
415645.7469664815	4568555.2538645770
415644.7825238767	4568554.9995002504
415643.8000373523	4568554.8131665997
415642.8175508279	4568554.6268329490
415641.8350643035	4568554.4404992983
415640.8525777791	4568554.2541656476
415639.8700912547	4568554.0678319968
415638.8876047303	4568553.8814983461
415637.8980281471	4568553.7576770829
415636.8987669725	4568553.7192439614
415635.8995057979	4568553.6808108389
415634.9007488620	4568553.6330574406
415633.9031737612	4568553.5634591775
415632.9055986604	4568553.4938609144
415631.9080235596	4568553.4242626512
415630.9104484588	4568553.3546643881
415629.9132795401	4568553.2804725785
415628.9189703862	4568553.1739394553
415627.9246612322	4568553.0674063312
415626.9303520783	4568552.9608732080
415625.9540164895	4568552.7531903824
415624.9838739892	4568552.5106547577
415624.0137314890	4568552.2681191331
415623.0368492384	4568552.0635127528
415622.0425400845	4568551.9569796287
415621.0482309307	4568551.8504465045
415620.0539217768	4568551.7439133804
415619.0545008111	4568551.7330738092
415618.0545008111	4568551.7330738101
415617.0584877282	4568551.8156625628
415616.0631377147	4568551.9119867571
415615.0677877011	4568552.0083109522
415614.0762953412	4568552.1252413113
415613.1135069512	4568552.3954977011
415612.1507185613	4568552.6657540910
415611.1879301714	4568552.9360104809
415610.2251417815	4568553.2062668707
415609.2623533916	4568553.4765232606
415608.2995650016	4568553.7467796504
415607.3367997510	4568554.0171172898
415606.3760855682	4568554.2946569435
415605.4153713855	4568554.5721965963
415604.4546572028	4568554.8497362500
415603.4939430201	4568555.1272759028
415602.5332288374	4568555.4048155565
415601.5587955080	4568555.6090229154
415600.5627228673	4568555.6975627057
415599.5666502266	4568555.7861024961
415598.5705775859	4568555.8746422855
415597.5745049452	4568555.9631820759
415596.5784323045	4568556.0517218662
415595.5823596638	4568556.1402616557
415594.5862870230	4568556.2288014460
415593.5902143823	4568556.3173412364
415592.5941417416	4568556.4058810258
415591.5980691009	4568556.4944208162
415590.5998720962	4568556.5350681879
415589.5998720962	4568556.5350681879
415588.5998720962	4568556.5350681879
415587.5998720962	4568556.5350681879
415586.6021511121	4568556.4893742045
415585.6071139218	4568556.3898704862
415584.6120767315	4568556.2903667670
415583.6170395413	4568556.1908630487
415582.6243195133	4568556.2790780663
415581.6320416366	4568556.4031128017
415580.6397637599	4568556.5271475371
415579.6474858833	4568556.6511822715
415578.6810241020	4568556.9068422373
415577.7154083433	4568557.1668157103
415576.7497925846	4568557.4267891822
415575.7625277319	4568557.4222495062
415574.7674905417	4568557.3227457870
415573.7724533514	4568557.2232420687
415572.7774161612	4568557.1237383494
415571.7823789710	4568557.0242346302
415570.7873417808	4568556.9247309119
415569.8132734178	4568556.7113390183
415568.8480470458	4568556.4499235433
415567.8828206738	4568556.1885080682
415566.9175943018	4568555.9270925922
415565.9523679298	4568555.6656771172
415564.9871415578	4568555.4042616421
415564.0607539984	4568555.0341739263
415563.1484844649	4568554.6245835237
415562.2362149314	4568554.2149931202
415561.3239453978	4568553.8054027176
415560.4116758643	4568553.3958123149
415559.4994063307	4568552.9862219114
415558.5902023742	4568552.5700303223
415557.6886793167	4568552.1372992555
415556.7871562593	4568551.7045681877
415555.8856332019	4568551.2718371199
415554.9841101445	4568550.8391060522
415554.0825870870	4568550.4063749844
415553.1810640296	4568549.9736439167
415552.2274674018	4568549.7025136417
415551.2429048940	4568549.5274803070
415550.2583423862	4568549.3524469724
415549.2737798784	4568549.1774136377
415548.2892173706	4568549.0023803031
415547.3053752077	4568548.8235928686
415546.3259526615	4568548.6217724634
415545.3465301154	4568548.4199520573
415544.3671075693	4568548.2181316521
415543.3876850231	4568548.0163112469
415542.4066838695	4568547.8264195612
415541.4084790240	4568547.7665272700
415540.4102741785	4568547.7066349797
415539.4120693330	4568547.6467426885
415538.4138644876	4568547.5868503982
415537.4156596421	4568547.5269581079
415536.4183673742	4568547.4833886325
415535.4330593538	4568547.6541753560
415534.4477513334	4568547.8249620795
415533.4624433130	4568547.9957488030
415532.4771352926	4568548.1665355265
415531.4918272722	4568548.3373222500
415530.5065192518	4568548.5081089735
415529.5212112314	4568548.6788956970
415528.5359032110	4568548.8496824205
415527.5505951906	4568549.0204691440
415527.4419934879	4568549.9637550199
415527.3965858270	4568550.9627235597
415527.5240066295	4568551.9138398711
415528.0767429045	4568552.7471961034
415528.6294791794	4568553.5805523358
415529.1822154544	4568554.4139085682
415529.8595137400	4568555.1439619930
415530.5762396709	4568555.8413169524
415531.2929656019	4568556.5386719126
415532.0096915329	4568557.2360268719
415532.7264174638	4568557.9333818322
415533.4431433948	4568558.6307367915
415534.1444030354	4568559.3433842985
415534.8336168013	4568560.0679423595
415535.5228305673	4568560.7925004214
415536.2120443332	4568561.5170584833
415536.9012580992	4568562.2416165452
415537.5904718651	4568562.9661746072
415538.2796856310	4568563.6907326691
415537.9203884681	4568564.4260008484
415537.2461191041	4568565.1644863421
415536.5718497402	4568565.9029718358
415535.9044063087	4568566.5923674004
415535.4571927134	4568565.6979402089
415535.0099791180	4568564.8035130184
415534.5627655227	4568563.9090858269
415534.1155519273	4568563.0146586364
415533.6683383319	4568562.1202314449
415533.0645839512	4568561.3348410344
415532.3806428220	4568560.6053038305
415531.6967016928	4568559.8757666266
415531.0127605637	4568559.1462294227
415530.3288194345	4568558.4166922187
415529.6292910104	4568557.7026027245
415528.9059354664	4568557.0121269785
415528.1825799224	4568556.3216512315
415527.4592243784	4568555.6311754845
415526.9328939112	4568554.7932208776
415526.4742509915	4568553.9046002198
415526.0156080718	4568553.0159795629
415525.5569651521	4568552.1273589060
415525.2104826265	4568551.1954669757
415524.9534599238	4568550.2290616101
415524.6964372211	4568549.2626562444
415523.9663444032	4568548.9295911873
415522.9667299825	4568548.9573582541
415521.9671155619	4568548.9851253219
415520.9675011413	4568549.0128923887
415519.9678867206	4568549.0406594565
415518.9682722999	4568549.0684265234
415517.9686578793	4568549.0961935911
415516.9690434587	4568549.1239606589
415515.9694290380	4568549.1517277258
415515.0094057862	4568548.8735078564
415514.0497772423	4568548.5922374204
415513.0901486984	4568548.3109669853
415512.1305201546	4568548.0296965502
415511.1708916107	4568547.7484261151
415510.2112630668	4568547.4671556791
415509.2516345229	4568547.1858852440
415508.2873209390	4568546.9213284533
415507.3213121922	4568546.6628190707
415506.3553034454	4568546.4043096872
415505.3892946986	4568546.1458003046
415504.4232859518	4568545.8872909211
415503.4572772050	4568545.6287815385
415502.4912684582	4568545.3702721549
415501.5252597115	4568545.1117627723
415500.5592509647	4568544.8532533888
415499.5705408310	4568544.7078219336
415498.5796087428	4568544.5734582609
415497.5886766546	4568544.4390945882
415496.5977445664	4568544.3047309145
415495.6068124782	4568544.1703672418
415494.6158803900	4568544.0360035691
415493.6249483018	4568543.9016398964
415492.6317072620	4568543.7860493856
415491.6377493878	4568543.6762871686
415490.6437915135	4568543.5665249517
415489.6498336393	4568543.4567627348
415488.6558757650	4568543.3470005188
415487.6740402090	4568543.1603057431
415486.6944909931	4568542.9591010371
415485.7149417773	4568542.7578963311
415484.7353925614	4568542.5566916252
415483.7558433456	4568542.3554869192
415482.7835296265	4568542.2492287364
415481.8457808658	4568542.5965430923
415480.9080321052	4568542.9438574491
415479.9702833446	4568543.2911718050
415479.0325345839	4568543.6384861609
415478.0947858233	4568543.9858005168
415477.1570370627	4568544.3331148727
415476.2178342857	4568544.6764018945
415475.2744944138	4568545.0082299924
415474.3311545420	4568545.3400580892
415473.3878146701	4568545.6718861870
415472.4444747982	4568546.0037142839
415471.5011349264	4568546.3355423817
415470.5577950545	4568546.6673704786
415469.5728110470	4568546.8334072456
415468.5846371437	4568546.9867445761
415467.5964632404	4568547.1400819058
415466.6082893371	4568547.2934192363
415465.6201154338	4568547.4467565669
415464.6319415305	4568547.6000938965
415463.6437676272	4568547.7534312271
415462.6452868160	4568547.7866439437
415461.6454354155	4568547.8038827609
415460.6455840149	4568547.8211215781
415459.6457326144	4568547.8383603944
415458.6458812138	4568547.8555992115
415457.6460298132	4568547.8728380287
415456.6461784127	4568547.8900768459
415455.6538134269	4568548.0095813023
415454.6621109202	4568548.1381353308
415453.6704084135	4568548.2666893592
415452.6787059069	4568548.3952433877
415451.6870034002	4568548.5237974161
415450.6953008935	4568548.6523514446
415449.7093471041	4568548.8138552383
415448.7327026373	4568549.0287170205
415447.7560581706	4568549.2435788028
415446.7794137039	4568549.4584405860
415445.8027692371	4568549.6733023683
415444.8261247704	4568549.8881641505
415443.8441012204	4568550.0601005983
415442.8446382773	4568550.0928698750
415441.8451753343	4568550.1256391518
415440.8457123913	4568550.1584084285
415439.8462494483	4568550.1911777062
415438.8467865052	4568550.2239469830
415437.8473235622	4568550.2567162598
415436.8478606192	4568550.2894855374
415435.8529028312	4568550.1973424405
415434.8583973783	4568550.0926576555
415433.8638919254	4568549.9879728714
415432.8693864725	4568549.8832880864
415431.8852371543	4568549.7247987613
415430.9229277512	4568549.4528417559
415429.9606183482	4568549.1808847506
415428.9983089451	4568548.9089277452
415428.0359995420	4568548.6369707398
415427.0736901390	4568548.3650137344
415426.1178450388	4568548.0717467070
415425.1666222199	4568547.7632420091
415424.2153994011	4568547.4547373103
415423.2641765822	4568547.1462326124
415422.3129537634	4568546.8377279136
415421.3338183528	4568546.6374523723
415420.3520385021	4568546.4474304663
415419.3702586515	4568546.2574085603
415418.3884788008	4568546.0673866542
415417.4066989502	4568545.8773647482
415416.4249190995	4568545.6873428421
415415.4431392488	4568545.4973209351
415414.4555824013	4568545.3568818625
415413.4564143482	4568545.3160994928
415412.4572462951	4568545.2753171232
415411.4580782420	4568545.2345347535
415410.4589101889	4568545.1937523838
415409.4597421358	4568545.1529700151
415408.4605740827	4568545.1121876454
415407.4614060296	4568545.0714052757
415406.4622379765	4568545.0306229061
415405.4630699234	4568544.9898405364
415404.4639018703	4568544.9490581667
415403.4647338172	4568544.9082757970
415402.4652336090	4568544.8781139329
415401.4654698202	4568544.8563799374
415400.4657060313	4568544.8346459419
415399.4659422426	4568544.8129119463
415398.4661784537	4568544.7911779508
415397.4665017448	4568544.7676423788
415396.4693024348	4568544.6928524310
415395.4721031249	4568544.6180624831
415394.4749038150	4568544.5432725353
415393.4777045051	4568544.4684825875
415392.4810937359	4568544.3871613620
415391.4865882830	4568544.2824765770
415390.4920828301	4568544.1777917920
415389.4975773773	4568544.0731070060
415388.5030719244	4568543.9684222210
415387.5081437351	4568543.8678849107
415386.5129687350	4568543.7697690651
415385.5177937348	4568543.6716532204
415384.5226187347	4568543.5735373758
415383.5274437345	4568543.4754215311
415382.5322687343	4568543.3773056855
415381.5370937341	4568543.2791898409
415380.5419187339	4568543.1810739962
415379.5471409063	4568543.0797368400
415378.5579374439	4568542.9331881786
415377.5687339816	4568542.7866395172
415376.5795305193	4568542.6400908558
415375.6162730685	4568542.8400750216
415374.6599214974	4568543.1322935568
415373.7035699264	4568543.4245120930
415372.7472183553	4568543.7167306282
415371.7827330175	4568543.9743428733
415370.7963390937	4568544.1387418611
415369.8099451699	4568544.3031408479
415368.8235512461	4568544.4675398357
415367.8371573224	4568544.6319388235
415366.8481263333	4568544.7795249429
415365.8587671979	4568544.9250189336
415364.8694080626	4568545.0705129234
415363.8800489272	4568545.2160069142
415362.8906897918	4568545.3615009049
415361.9013306565	4568545.5069948956
415360.9119715211	4568545.6524888854
415359.9226123857	4568545.7979828762
415358.9328765164	4568545.9408779377
415357.9429270227	4568546.0822992930
415356.9529775289	4568546.2237206493
415355.9610823098	4568546.3153750999
415354.9631132269	4568546.2516749464
415353.9651441440	4568546.1879747920
415352.9671750611	4568546.1242746385
415351.9692059782	4568546.0605744850
415350.9712368953	4568545.9968743315
415349.9916758370	4568545.8200121084
415349.0249706094	4568545.5641195467
415348.0582653817	4568545.3082269859
415347.0915601541	4568545.0523344250
415346.1277530487	4568544.7861075271
415345.1689549359	4568544.5020191977
415344.2101568230	4568544.2179308692
415343.2513587102	4568543.9338425398
415342.2530923402	4568543.9774813615
415341.2542609441	4568544.0258119125
415340.2554295480	4568544.0741424635
415339.2565981520	4568544.1224730145
415338.2577667558	4568544.1708035665
415337.2589353597	4568544.2191341175
415336.2601039636	4568544.2674646685
415335.2628418153	4568544.2416285910
415334.2669486088	4568544.1510928450
415333.2710554023	4568544.0605570991
415332.2751621959	4568543.9700213531
415331.2792689894	4568543.8794856071
415330.2828438506	4568543.7960012406
415329.2846390052	4568543.7361089503
415328.2864341596	4568543.6762166591
415327.2882293142	4568543.6163243689
415326.2900244687	4568543.5564320786
415325.2918196232	4568543.4965397883
415324.2936147778	4568543.4366474971
415323.2954099323	4568543.3767552068
415322.2972050868	4568543.3168629166
415321.2990002413	4568543.2569706263
415320.3007953958	4568543.1970783351
415319.3025905504	4568543.1371860448
415318.3090816608	4568543.1345915655
415317.3339488051	4568543.3562126691
415316.3588159493	4568543.5778337726
415315.3836830934	4568543.7994548762
415314.4085502377	4568544.0210759798
415313.4334173819	4568544.2426970834
415312.4582845260	4568544.4643181870
415311.4831516702	4568544.6859392906
415310.5089947765	4568544.9114014404
415309.5463438364	4568545.1821470177
415308.5836928963	4568545.4528925950
415307.6210419561	4568545.7236381713
415306.6583910160	4568545.9943837486
415305.6957400758	4568546.2651293250
415304.7330891356	4568546.5358749023
415303.7704381955	4568546.8066204796
415302.8083664660	4568547.0793444850
415301.8516925855	4568547.3705061004
415300.8950187050	4568547.6616677158
415299.9383448245	4568547.9528293321
415298.9816709440	4568548.2439909475
415298.0249970635	4568548.5351525629
415297.0683231830	4568548.8263141783
415296.1116493026	4568549.1174757937
415295.1549754220	4568549.4086374100
415294.1919906564	4568549.6768425442
415293.2209189633	4568549.9156306656
415292.2498472702	4568550.1544187870
415291.2787755772	4568550.3932069084
415290.3077038841	4568550.6319950297
415289.3366321911	4568550.8707831511
415288.3655604980	4568551.1095712725
415287.3944888049	4568551.3483593939
415286.4014304928	4568551.4571847320
415285.4058509901	4568551.5511073265
415284.4102714873	4568551.6450299211
415283.4146919846	4568551.7389525156
415282.4191124819	4568551.8328751102
415281.4235329792	4568551.9267977048
415280.4259551395	4568551.9887425788
415279.4264281764	4568552.0194972539
415278.4269012134	4568552.0502519300
415277.4273742503	4568552.0810066061
415276.4278472872	4568552.1117612822
415275.4283203241	4568552.1425159574
415274.4287933611	4568552.1732706334
415273.4292663980	4568552.2040253095
415272.4300686685	4568552.2436488885
415271.4310125102	4568552.2870861124
415270.4319563518	4568552.3305233363
415269.4329001935	4568552.3739605611
415268.4338440351	4568552.4173977850
415267.4351339021	4568552.4401692972
415266.4380919888	4568552.3633095352
415265.4410500754	4568552.2864497732
415264.4440081621	4568552.2095900113
415263.4469662488	4568552.1327302484
415262.4499243354	4568552.0558704864
415261.4528824221	4568551.9790107245
415260.4600253271	4568551.8771280581
415259.4922300739	4568551.6253894083
415258.5244348206	4568551.3736507585
415257.5566395674	4568551.1219121087
415256.5888443142	4568550.8701734589
415255.6210490610	4568550.6184348082
415254.6331696433	4568550.4747265168
415253.6395643885	4568550.3618168281
415252.6455300374	4568550.2534517776
415251.6483507551	4568550.1783952722
415250.6511714729	4568550.1033387668
415249.6539921906	4568550.0282822624
415248.6568129083	4568549.9532257570
415247.6596336260	4568549.8781692516
415246.6616379540	4568549.8161303718
415245.6628945580	4568549.7660142165
415244.6641511621	4568549.7158980602
415243.6654077661	4568549.6657819040
415242.6666643702	4568549.6156657478
415241.6679209743	4568549.5655495925
415240.6691775784	4568549.5154334363
415239.6704341825	4568549.4653172800
415238.6716627584	4568549.4284436833
415237.6727161678	4568549.4743316891
415236.6737695771	4568549.5202196948
415235.6748229865	4568549.5661076996
415234.6758763959	4568549.6119957054
415233.6769298052	4568549.6578837112
415232.6779832146	4568549.7037717169
415231.6790366239	4568549.7496597227
415230.6800900333	4568549.7955477284
415229.6804740503	4568549.8122760542
415228.6804740503	4568549.8122760542
415227.6804740503	4568549.8122760542
415226.6804740503	4568549.8122760542
415225.6804740503	4568549.8122760542
415224.6804740503	4568549.8122760542
415223.6853135352	4568549.8975106785
415222.6917403880	4568550.0107025560
415221.6981672408	4568550.1238944335
415220.7045940936	4568550.2370863110
415219.7110209464	4568550.3502781885
415218.7174477992	4568550.4634700660
415217.7238746520	4568550.5766619435
415216.7303015047	4568550.6898538209
415215.7367283575	4568550.8030456984
415214.7421683592	4568550.9047466367
415213.7438444551	4568550.9626204865
415212.7455205510	4568551.0204943353
415211.7471966468	4568551.0783681851
415210.7488727427	4568551.1362420339
415209.7505488385	4568551.1941158837
415208.7522249344	4568551.2519897334
415207.7539010303	4568551.3098635823
415206.7555771261	4568551.3677374320
415205.7576335680	4568551.4318066286
415204.7597274532	4568551.4964857297
415203.7618213384	4568551.5611648299
415202.7639152236	4568551.6258439301
415201.7660091088	4568551.6905230302
415200.7681029940	4568551.7552021304
415199.7701968791	4568551.8198812306
415198.7722907643	4568551.8845603308
415197.7743846495	4568551.9492394309
415196.7762054085	4568552.0081518861
415195.7766533128	4568552.0380785959
415194.7771012170	4568552.0680053048
415193.7775491213	4568552.0979320137
415192.7779970256	4568552.1278587235
415191.7783955276	4568552.1508797342
415190.7785175756	4568552.1352566415
415189.7786396235	4568552.1196335489
415188.7787616715	4568552.1040104562
415187.7788837194	4568552.0883873636
415186.7790057674	4568552.0727642709
415185.7791278154	4568552.0571411783
415184.7792498633	4568552.0415180856
415183.7797560824	4568552.0535044391
415182.7806999240	4568552.0969416630
415181.7816437657	4568552.1403788878
415180.7825876074	4568552.1838161126
415179.7835314490	4568552.2272533365
415178.7844752906	4568552.2706905613
415177.7845319512	4568552.2732981769
415176.7845319512	4568552.2732981769
415175.7845319512	4568552.2732981769
415174.7845319512	4568552.2732981769
415173.7845319512	4568552.2732981769
415172.7845319512	4568552.2732981769
415171.7845319512	4568552.2732981769
415170.7849196933	4568552.2630083989
415169.7877555728	4568552.1877507288
415168.7905914524	4568552.1124930596
415167.7934273319	4568552.0372353904
415166.7962632114	4568551.9619777203
415165.7990990909	4568551.8867200511
415164.8019349705	4568551.8114623809
415163.8297824625	4568551.5922974683
415162.8657029341	4568551.3266837206
415161.9016234057	4568551.0610699728
415160.9375438773	4568550.7954562251
415159.9734643489	4568550.5298424773
415159.0093848205	4568550.2642287295
415158.0321498969	4568550.0565013709
415157.0479665729	4568549.8793483721
415156.0637832489	4568549.7021953743
415155.0792368461	4568549.5270794574
415154.0944532873	4568549.3532941239
415153.1404685305	4568549.0722567774
415152.2135217173	4568548.6970640197
415151.2865749040	4568548.3218712620
415150.3404883181	4568547.9990653824
415149.3899929929	4568547.6883265255
415148.4394976678	4568547.3775876695
415147.4822069797	4568547.0893098935
415146.5188639776	4568546.8210371584
415145.5555209756	4568546.5527644232
415144.5921779735	4568546.2844916880
415143.6288349715	4568546.0162189538
415142.6646302319	4568545.7510729637
415141.6998664105	4568545.4879555590
415140.7351025892	4568545.2248381535
415139.7873658616	4568544.9201050755
415138.9148598457	4568544.4315017061
415138.0023789926	4568544.0375184445
415137.0438426364	4568543.7525481768
415136.0853062801	4568543.4675779091
415135.1267699238	4568543.1826076405
415134.1682335675	4568542.8976373728
415133.1785794951	4568542.7751350300
415132.1825822886	4568542.6857506651
415131.1865850821	4568542.5963663012
415130.1905878756	4568542.5069819363
415129.1952319869	4568542.4465415580
415128.2041713252	4568542.5799535699
415127.2131106635	4568542.7133655818
415126.2220500018	4568542.8467775928
415125.2229490493	4568542.8870664192
415124.2236878747	4568542.9254995417
415123.2244267001	4568542.9639326641
415122.2247348566	4568542.9880570089
415121.2249710678	4568543.0097910045
415120.2253863393	4568543.0232726606
415119.2275062333	4568542.9581935229
415118.2296261274	4568542.8931143852
415117.2336914419	4568542.8909253050
415116.2417416623	4568543.0175571907
415115.2497918826	4568543.1441890774
415114.2570014582	4568543.2638316043
415113.2633147339	4568543.3760220408
415112.2696280097	4568543.4882124774
415111.2759412854	4568543.6004029149
415110.2829129044	4568543.7182301069
415109.2901172914	4568543.8380502667
415108.2973216784	4568543.9578704275
415107.3033491198	4568544.0650331769
415106.3054822001	4568544.1303141909
415105.3076152805	4568544.1955952039
415104.3097483609	4568544.2608762179
415103.3118814413	4568544.3261572318
415102.3140145217	4568544.3914382458
415101.3161476021	4568544.4567192597
415100.3190005987	4568544.5320311673
415099.3220384573	4568544.6099188337
415098.3250763160	4568544.6878065011
415097.3281141746	4568544.7656941684
415096.3336521589	4568544.8705767766
415095.3393430049	4568544.9771098997
415094.3450338510	4568545.0836430239
415093.3476797281	4568545.1433918774
415092.3479500349	4568545.1666414058
415091.3482203417	4568545.1898909332
415090.3484906485	4568545.2131404607
415089.3487609553	4568545.2363899890
415088.3502438326	4568545.2179824896
415087.3535592168	4568545.1366204806
415086.3568746010	4568545.0552584715
415085.3670928966	4568544.9240856813
415084.3858440760	4568544.7313403767
415083.4045952555	4568544.5385950729
415082.4239981930	4568544.3433401994
415081.4729641244	4568544.0342541263
415080.5219300558	4568543.7251680540
415079.5540013605	4568543.4840183668
415078.5689708933	4568543.3116380358
415077.5837081500	4568543.1406873129
415076.5947717972	4568542.9923468595
415075.6058354443	4568542.8440064071
415074.6168990915	4568542.6956659537
415073.6279627386	4568542.5473255012
415072.6367862456	4568542.4316066131
415071.6368554426	4568542.4433705052
415070.6369246395	4568542.4551343974
415069.6369938365	4568542.4668982895
415068.6370630334	4568542.4786621816
415067.6375876679	4568542.4989020471
415066.6421536890	4568542.5943546193
415065.6467197101	4568542.6898071924
415064.6512857313	4568542.7852597656
415063.6558517523	4568542.8807123387
415062.6698945353	4568543.0419283779
415061.6880111636	4568543.2314146422
415060.7061277920	4568543.4209009074
415059.7211504428	4568543.5881783748
415058.7248638427	4568543.6742772171
415057.7285772427	4568543.7603760585
415056.7322906427	4568543.8464749008
415055.7360040426	4568543.9325737422
415054.7412070008	4568544.0325355930
415053.7493712255	4568544.1600573361
415052.7575354502	4568544.2875790782
415051.7656996749	4568544.4151008213
415050.7731662580	4568544.5346300853
415049.7742362119	4568544.5808768468
415048.7753061658	4568544.6271236083
415047.7763761197	4568544.6733703697
415046.7774460735	4568544.7196171312
415045.7785160274	4568544.7658638926
415044.7795859813	4568544.8121106541
415043.7800559775	4568544.8381114500
415042.7801402981	4568544.8510973677
415041.7802246186	4568544.8640832854
415040.7803089393	4568544.8770692032
415039.7803932599	4568544.8900551209
415038.7839473889	4568544.8065858269
415037.7875493816	4568544.7217859970
415036.7923956377	4568544.6737044714
415035.8040239400	4568544.8257616563
415034.8156522423	4568544.9778188402
415033.8188359421	4568544.9770785272
415032.8197274286	4568544.9348626751
415031.8206189150	4568544.8926468221
415030.8215104015	4568544.8504309701
415029.8219374803	4568544.8302068878
415028.8219374803	4568544.8302068869
415027.8223605597	4568544.8515807698
415026.8231438752	4568544.8911537081
415025.8239271907	4568544.9307266464
415024.8247105062	4568544.9702995839
415023.8254938217	4568545.0098725222
415022.8262771372	4568545.0494454596
415021.8268306480	4568545.0818359368
415020.8271279574	4568545.1062189294
415019.8275018602	4568545.1316602370
415018.8347062471	4568545.2514803968
415017.8419106340	4568545.3713005558
415016.8491150210	4568545.4911207156
415015.8526856628	4568545.5505060432
415014.8526856628	4568545.5505060432
415013.8526856628	4568545.5505060442
415012.8526856628	4568545.5505060442
415011.8539336022	4568545.5030515296
415010.8553157729	4568545.4504926959
415009.8566979436	4568545.3979338631
415008.8580801143	4568545.3453750294
415007.8604103257	4568545.2797109196
415006.8646252170	4568545.1879938710
415005.8688401081	4568545.0962768216
415004.8730549994	4568545.0045597721
415003.8772698906	4568544.9128427226
415002.8893469533	4568544.7617337797
415001.9039964475	4568544.5911923461
415000.9186459417	4568544.4206509115
414999.9347471594	4568544.2420568457
414998.9518749724	4568544.0577683114
414997.9690027854	4568543.8734797761
414997.0466184028	4568543.5119746458
414996.1561837208	4568543.0568635855
414995.2657490388	4568542.6017525261
414994.3072877126	4568542.4292096971
414993.3072877126	4568542.4292096971
414992.3072877126	4568542.4292096971
414991.3072877126	4568542.4292096971
414990.3164875455	4568542.5575170200
414989.3267171760	4568542.7001866233
414988.3369468065	4568542.8428562265
414987.3471764369	4568542.9855258297
414986.3574060674	4568543.1281954320
414985.3676356979	4568543.2708650352
414984.3808316791	4568543.4289584029
414983.4087494705	4568543.6635989361
414982.4366672618	4568543.8982394682
414981.4645850532	4568544.1328800013
414980.4813542995	4568544.3080093740
414979.4902560646	4568544.4411419732
414978.4991578298	4568544.5742745716
414977.5080595949	4568544.7074071709
414976.5126060237	4568544.7509772247
414975.5132665258	4568544.7146376064
414974.5139270278	4568544.6782979881
414973.5144455189	4568544.6518490408
414972.5144746534	4568544.6594824065
414971.5145037880	4568544.6671157721
414970.5145329226	4568544.6747491369
414969.5145620571	4568544.6823825026
414968.5145911917	4568544.6900158674
414967.5146203263	4568544.6976492330
414966.5146494608	4568544.7052825987
414965.5158191229	4568544.6813346175
414964.5190038443	4568544.6015893957
414963.5221885658	4568544.5218441729
414962.5253732872	4568544.4420989510
414961.5285580087	4568544.3623537291
414960.5325220456	4568544.2734885886
414959.5366288391	4568544.1829528427
414958.5407356326	4568544.0924170967
414957.5446582466	4568544.0039523551
414956.5484176585	4568543.9173227381
414955.5521770703	4568543.8306931220
414954.5559364821	4568543.7440635050
414953.5596958939	4568543.6574338889
414952.5634553057	4568543.5708042728
414951.5683285877	4568543.4722095355
414950.5732164710	4568543.3734579524
414949.5781043544	4568543.2747063683
414948.5829922378	4568543.1759547843
414947.5878801211	4568543.0772032002
414946.5927680045	4568542.9784516161
414945.5976558879	4568542.8797000321
414944.6037083460	4568542.7730254615
414943.6222695075	4568542.5812500566
414942.6408306689	4568542.3894746508
414941.6593918303	4568542.1976992451
414940.6779529918	4568542.0059238402
414939.6965141532	4568541.8141484344
414938.7010036978	4568541.7557608755
414937.7011522972	4568541.7385220584
414936.7013008967	4568541.7212832412
414935.7014494961	4568541.7040444240
414934.7015980956	4568541.6868056068
414933.7017466950	4568541.6695667896
414932.7018952944	4568541.6523279725
414931.7021517176	4568541.6298359297
414930.7024350438	4568541.6060331520
414929.7027183701	4568541.5822303742
414928.7030016964	4568541.5584275955
414927.7032850226	4568541.5346248178
414926.7193735908	4568541.6837241538
414925.7405414902	4568541.8883890472
414924.7617093896	4568542.0930539416
414923.7828772890	4568542.2977188351
414922.8040451884	4568542.5023837294
414921.8252130877	4568542.7070486229
414920.8463899458	4568542.9117559548
414919.8683535099	4568543.1201899489
414918.8903170740	4568543.3286239440
414917.9122806381	4568543.5370579390
414916.9342442023	4568543.7454919331
414915.9562077664	4568543.9539259281
414914.9781713306	4568544.1623599222
414914.0001348947	4568544.3707939172
414913.0658901230	4568544.7042925041
414912.1714629319	4568545.1515060989
414911.2770357408	4568545.5987196937
414910.3811444473	4568546.0425613774
414909.4437191753	4568546.3907479066
414908.5062939034	4568546.7389344368
414907.5688686314	4568547.0871209661
414906.6314433594	4568547.4353074962
414905.6702035671	4568547.6995767597
414904.6896228915	4568547.8956928942
414903.7090422157	4568548.0918090297
414902.7284615400	4568548.2879251651
414901.7478808644	4568548.4840412997
414900.7665158388	4568548.6737151816
414899.7675242847	4568548.7186136786
414898.7685327307	4568548.7635121746
414897.7695411767	4568548.8084106715
414896.7705496227	4568548.8533091685
414895.7715580687	4568548.8982076645
414894.7721660605	4568548.8914700337
414893.7725983060	4568548.8620709823
414892.7730305516	4568548.8326719310
414891.7734627971	4568548.8032728797
414890.7738950426	4568548.7738738274
414889.7743272882	4568548.7444747761
414888.7750510415	4568548.7070767656
414887.7759948831	4568548.6636395417
414886.7769387248	4568548.6202023169
414885.7778825664	4568548.5767650930
414884.7813802882	4568548.5017780634
414883.7883450521	4568548.3839603234
414882.7953098159	4568548.2661425835
414881.8022745798	4568548.1483248444
414880.8491512401	4568547.8547695326
414879.9026410521	4568547.5320956046
414878.9545355431	4568547.2148314854
414877.9843930429	4568546.9722958608
414877.0142505428	4568546.7297602361
414876.0441080426	4568546.4872246105
414875.1299416922	4568546.1237993008
414874.3174034413	4568545.5408914257
414873.5048651904	4568544.9579835506
414872.6923269395	4568544.3750756755
414871.9238274429	4568543.7354065524
414871.1573069621	4568543.0931866895
414870.3781099976	4568542.4771620156
414869.3988495781	4568542.2745564114
414868.4195891586	4568542.0719508072
414867.4403287391	4568541.8693452040
414866.4610683196	4568541.6667395998
414865.4818079001	4568541.4641339956
414864.4874735699	4568541.4087858917
414863.4874735699	4568541.4087858917
414862.4874735699	4568541.4087858917
414861.4874735699	4568541.4087858917
414860.5088227831	4568541.6085477741
414859.5314086176	4568541.8198805675
414858.5539944522	4568542.0312133599
414857.5765802868	4568542.2425461523
414856.6011039159	4568542.4623913011
414855.6285250242	4568542.6949645141
414854.6559461326	4568542.9275377272
414853.7137230686	4568543.2515378939
414852.7951805125	4568543.6468600063
414851.8766379564	4568544.0421821186
414850.9580954004	4568544.4375042319
414850.0395528443	4568544.8328263443
414849.1031812077	4568545.1776310513
414848.1399849064	4568545.4464300191
414847.1767886051	4568545.7152289879
414846.2135923038	4568545.9840279557
414845.2503960025	4568546.2528269235
414844.2885128405	4568546.5255373549
414843.3582399100	4568546.8924055528
414842.4279669795	4568547.2592737507
414841.4976940490	4568547.6261419486
414840.5674211185	4568547.9930101475
414839.6167310983	4568548.2939546723
414838.6419455339	4568548.5170983560
414837.6671599695	4568548.7402420389
414836.6923744051	4568548.9633857226
414835.7175888407	4568549.1865294063
414834.7450664661	4568549.4189697457
414833.7767891424	4568549.6688477648
414832.8085118187	4568549.9187257839
414831.8402344950	4568550.1686038030
414830.8902484307	4568550.4752467619
414829.9582437591	4568550.8376930226
414829.0262390875	4568551.2001392832
414828.0927958468	4568551.5573472911
414827.1064019231	4568551.7217462789
414826.1200079993	4568551.8861452667
414825.1327933654	4568552.0445726672
414824.1386209627	4568552.1523744939
414823.1444485600	4568552.2601763206
414822.1502761574	4568552.3679781463
414821.1561037548	4568552.4757799730
414820.1613926686	4568552.5748291975
414819.1615040333	4568552.5897529088
414818.1616153982	4568552.6046766192
414817.1617267629	4568552.6196003305
414816.1618622063	4568552.6312958980
414815.1623074422	4568552.6014584424
414814.1627526782	4568552.5716209868
414813.1631979142	4568552.5417835321
414812.1636278139	4568552.5126131978
414811.1637578614	4568552.4964862624
414810.1638879088	4568552.4803593270
414809.1640179563	4568552.4642323926
414808.1644138117	4568552.4675607756
414807.1653576533	4568552.5109979995
414806.1663014950	4568552.5544352243
414805.1672453367	4568552.5978724482
414804.1687107034	4568552.6176317362
414803.1725359794	4568552.5302479882
414802.1763612555	4568552.4428642401
414801.1801865316	4568552.3554804921
414800.2446648853	4568552.0320315948
414799.3297470836	4568551.6283913888
414798.3711667609	4568551.4177851025
414797.3715990065	4568551.3883860512
414796.3720312520	4568551.3589869998
414795.3724634975	4568551.3295879476
414794.3728957431	4568551.3001888962
414793.3733279886	4568551.2707898449
414792.3737706148	4568551.2410431206
414791.3742294356	4568551.2107539941
414790.3746882564	4568551.1804648675
414789.3751470773	4568551.1501757409
414788.3754574835	4568551.1264498988
414787.3755688482	4568551.1115261875
414786.3756802131	4568551.0966024762
414785.3757915778	4568551.0816787658
414784.3759029426	4568551.0667550545
414783.3760143074	4568551.0518313432
414782.3761256722	4568551.0369076319
414781.3762370369	4568551.0219839206
414780.3763888288	4568551.0047990857
414779.3766057721	4568550.9839702724
414778.3768227154	4568550.9631414581
414777.3770396586	4568550.9423126448
414776.3772566019	4568550.9214838315
414775.3774735452	4568550.9006550172
414774.3790647849	4568550.8495249394
414773.3815009608	4568550.7797652315
414772.3839371367	4568550.7100055236
414771.3863733126	4568550.6402458157
414770.3888094885	4568550.5704861078
414769.3912456644	4568550.5007263999
414768.3936818403	4568550.4309666920
414767.3961180162	4568550.3612069841
414766.3986077038	4568550.2908543870
414765.4046743929	4568550.1808699630
414764.4107410820	4568550.0708855391
414763.4168077710	4568549.9609011160
414762.4228744601	4568549.8509166921
414761.4289411492	4568549.7409322681
414760.4350078383	4568549.6309478441
414759.4410745274	4568549.5209634211
414758.4471412165	4568549.4109789971
414757.4532079056	4568549.3009945732
414756.4592745947	4568549.1910101492
414755.4653412838	4568549.0810257252
414754.4714079729	4568548.9710413022
414753.4774746620	4568548.8610568782
414752.4835413511	4568548.7510724543
414751.4890607178	4568548.6970854932
414750.4931675113	4568548.7876212392
414749.4972743049	4568548.8781569852
414748.5013810984	4568548.9686927320
414747.5052912919	4568549.0569718191
414746.5087455336	4568549.1400172981
414745.5121997753	4568549.2230627779
414744.5156540171	4568549.3061082577
414743.5191082588	4568549.3891537366
414742.5463815482	4568549.1648644572
414741.5745314426	4568548.9292644309
414740.6026813371	4568548.6936644046
414739.6308312315	4568548.4580643782
414738.6353483466	4568548.3824392892
414737.6368879935	4568548.3269692697
414736.6384276402	4568548.2714992501
414735.6399672870	4568548.2160292305
414734.6415069338	4568548.1605592109
414733.6430465806	4568548.1050891913
414732.6442483493	4568548.0861882167
414731.6449335155	4568548.1231998773
414730.6456186817	4568548.1602115380
414729.6463038479	4568548.1972231986
414728.6469890142	4568548.2342348592
414727.6476741804	4568548.2712465199
414726.6483593466	4568548.3082581796
414725.6516938144	4568548.3886749828
414724.6552958072	4568548.4734748136
414723.6588978000	4568548.5582746435
414722.6624997928	4568548.6430744743
414721.6661017856	4568548.7278743042
414720.6697266723	4568548.8129414096
414719.6734219032	4568548.8988297516
414718.6771171343	4568548.9847180936
414717.6808123653	4568549.0706064366
414716.6845075963	4568549.1564947786
414715.6882028274	4568549.2423831206
414714.6918980584	4568549.3282714626
414713.6965482619	4568549.4233163428
414712.7039618732	4568549.5448575327
414711.7113754845	4568549.6663987236
414710.7187890958	4568549.7879399136
414709.7262027071	4568549.9094811045
414708.7336163185	4568550.0310222954
414707.7395918330	4568550.0865627285
414706.7426534551	4568550.0083714835
414705.7457150774	4568549.9301802386
414704.7487766995	4568549.8519889927
414703.7518383217	4568549.7737977477
414702.7548999439	4568549.6956065027
414701.7580358106	4568549.6164973192
414700.7614900524	4568549.5334518384
414699.7649442942	4568549.4504063586
414698.7683985360	4568549.3673608787
414697.7718527777	4568549.2843153989
414696.7753070195	4568549.2012699191
414695.7787612613	4568549.1182244383
414694.7822155031	4568549.0351789584
414693.7823497284	4568549.0319519658
414692.7823497284	4568549.0319519658
414691.7823497284	4568549.0319519658
414690.7823497284	4568549.0319519658
414689.7823497284	4568549.0319519658
414688.7823497284	4568549.0319519658
414687.7823497284	4568549.0319519658
414686.7823497284	4568549.0319519658
414685.7823497284	4568549.0319519658
414684.7823497284	4568549.0319519658
414683.7823497284	4568549.0319519658
414682.7823497284	4568549.0319519658
414681.7823497284	4568549.0319519667
414680.7823497284	4568549.0319519667
414679.7823497284	4568549.0319519667
414678.7823497284	4568549.0319519667
414677.7823497284	4568549.0319519667
414676.7823497284	4568549.0319519667
414675.7823497284	4568549.0319519667
414674.7823497284	4568549.0319519667
414673.7823497284	4568549.0319519667
414672.7823497284	4568549.0319519667
414671.7823497284	4568549.0319519667
414670.7823497284	4568549.0319519667
414669.7825568491	4568549.0387242418
414668.7844258155	4568549.0998343052
414667.7862947819	4568549.1609443678
414666.7881637484	4568549.2220544312
414665.7900327148	4568549.2831644947
414664.7919016812	4568549.3442745581
414663.7942180665	4568549.4113468332
414662.7981454258	4568549.4998866236
414661.8020727851	4568549.5884264139
414660.8060001444	4568549.6769662052
414659.8099275038	4568549.7655059956
414658.8138548631	4568549.8540457860
414657.8149884186	4568549.8496296853
414656.8153963321	4568549.8210699111
414655.8158042457	4568549.7925101360
414654.8162121592	4568549.7639503619
414653.8181867150	4568549.7060901746
414652.8212483373	4568549.6278989278
414651.8243099596	4568549.5497076809
414650.8273715819	4568549.4715164341
414649.8304332042	4568549.3933251882
414648.8334948265	4568549.3151339414
414647.8365564488	4568549.2369426945
414646.8443799197	4568549.1156698614
414645.8544304261	4568548.9742485052
414644.8644809324	4568548.8328271490
414643.8745314388	4568548.6914057927
414642.8845819451	4568548.5499844365
414641.8946324514	4568548.4085630802
414640.8992734371	4568548.3170731692
414639.9020056827	4568548.2432014840
414638.9047379282	4568548.1693297988
414637.9074701738	4568548.0954581127
414636.9102024193	4568548.0215864275
414635.9129346648	4568547.9477147423
414634.9155031776	4568547.9067430599
414633.9175495681	4568547.9706851691
414632.9195959586	4568548.0346272774
414631.9216423491	4568548.0985693866
414630.9236887397	4568548.1625114959
414629.9257351302	4568548.2264536051
414628.9277815207	4568548.2903957143
414627.9284618285	4568548.3116528103
414626.9284618285	4568548.3116528112
414625.9304980514	4568548.3621314662
414624.9337471208	4568548.4426769959
414623.9369961903	4568548.5232225265
414622.9402452596	4568548.6037680563
414621.9434943291	4568548.6843135860
414620.9467433985	4568548.7648591157
414619.9499924678	4568548.8454046454
414618.9532415373	4568548.9259501752
414617.9564906067	4568549.0064957049
414616.9597396761	4568549.0870412346
414615.9629887455	4568549.1675867643
414614.9662378149	4568549.2481322940
414613.9672026825	4568549.2720516883
414612.9672026825	4568549.2720516883
414611.9672026825	4568549.2720516892
414610.9672026825	4568549.2720516892
414609.9672026825	4568549.2720516892
414608.9688201854	4568549.2180864448
414607.9706153400	4568549.1581941536
414606.9724104945	4568549.0983018624
414605.9742056490	4568549.0384095721
414604.9760008036	4568548.9785172809
414603.9777959581	4568548.9186249906
414602.9788353592	4568548.8733406933
414601.9797792009	4568548.8299034685
414600.9806931030	4568548.7872056980
414599.9813954872	4568548.7497320371
414598.9820978716	4568548.7122583762
414597.9828002558	4568548.6747847162
414596.9835026401	4568548.6373110553
414595.9842050244	4568548.5998373944
414594.9849074087	4568548.5623637345
414593.9856097930	4568548.5248900736
414592.9863121773	4568548.4874164127
414591.9870145616	4568548.4499427527
414590.9873564429	4568548.4317026725
414589.9873564429	4568548.4317026725
414588.9873564429	4568548.4317026725
414587.9873564429	4568548.4317026725
414586.9873564429	4568548.4317026725
414585.9873564429	4568548.4317026725
414584.9873564429	4568548.4317026725
414583.9873564429	4568548.4317026725
414582.9873564429	4568548.4317026725
414581.9873564429	4568548.4317026725
414580.9873564429	4568548.4317026725
414579.9873564429	4568548.4317026725
414578.9881026664	4568548.4010893228
414577.9892903152	4568548.3523667688
414576.9904779641	4568548.3036442148
414575.9916656130	4568548.2549216608
414574.9928532618	4568548.2061991068
414573.9932894378	4568548.1809916999
414572.9934042022	4568548.1658419240
414571.9935189667	4568548.1506921481
414570.9936337311	4568548.1355423713
414569.9937484956	4568548.1203925954
414568.9938632600	4568548.1052428186
414567.9939780244	4568548.0900930427
414566.9940927889	4568548.0749432659
414565.9942676438	4568548.0563359614
414564.9944598221	4568548.0367318867
414563.9946520005	4568548.0171278119
414562.9948441788	4568547.9975237371
414561.9950363572	4568547.9779196614
414560.9952285355	4568547.9583155867
414559.9952953169	4568547.9515032340
414558.9952953169	4568547.9515032340
414557.9952953169	4568547.9515032340
414556.9982210912	4568547.9926720029
414556.0082715975	4568548.1340933591
414555.0183221039	4568548.2755147154
414554.0283726102	4568548.4169360716
414553.0384231165	4568548.5583574278
414552.0484736228	4568548.6997787841
414551.0585241292	4568548.8412001403
414550.0685746355	4568548.9826214965
414549.0786251419	4568549.1240428528
414548.0886756482	4568549.2654642090
414547.0891438059	4568549.2720516883
414546.0891438059	4568549.2720516883
414545.0891438059	4568549.2720516883
414544.0891438059	4568549.2720516883
414543.0891438059	4568549.2720516883
414542.0899056250	4568549.2430825308
414541.0912877957	4568549.1905236980
414540.0926699664	4568549.1379648643
414539.0940521370	4568549.0854060315
414538.0954343077	4568549.0328471977
414537.0968164784	4568548.9802883649
414536.0981986490	4568548.9277295312
414535.0998570197	4568548.9535511006
414534.1016344039	4568549.0131464805
414533.1034117881	4568549.0727418605
414532.1051891723	4568549.1323372405
414531.1069665565	4568549.1919326205
414530.1087439407	4568549.2515280005
414529.1105213249	4568549.3111233804
414528.1122987092	4568549.3707187604
414527.1130423908	4568549.3804452801
414526.1132076391	4568549.3622664670
414525.1133728874	4568549.3440876538
414524.1135381357	4568549.3259088397
414523.1137033840	4568549.3077300265
414522.1138686323	4568549.2895512134
414521.1140277057	4568549.2720516883
414520.1140277057	4568549.2720516883
414519.1140277057	4568549.2720516883
414518.1140277057	4568549.2720516883
414517.1140277057	4568549.2720516883
414516.1140277057	4568549.2720516883
414515.1140277057	4568549.2720516883
414514.1140277057	4568549.2720516883
414513.1140277057	4568549.2720516883
414512.1140369838	4568549.2703630272
414511.1140973575	4568549.2593746791
414510.1141577312	4568549.2483863318
414509.1142181049	4568549.2373979846
414508.1142784786	4568549.2264096364
414507.1143388524	4568549.2154212892
414506.1143992261	4568549.2044329420
414505.1144595998	4568549.1934445938
414504.1145199735	4568549.1824562466
414503.1145803472	4568549.1714678993
414502.1146407209	4568549.1604795512
414501.1156972985	4568549.1305423332
414500.1201177958	4568549.0366197387
414499.1245382931	4568548.9426971441
414498.1289587904	4568548.8487745496
414497.1333792877	4568548.7548519550
414496.1377997850	4568548.6609293604
414495.1422202823	4568548.5670067649
414494.1513564029	4568548.4332998171
414493.1614069092	4568548.2918784609
414492.1714574155	4568548.1504571056
414491.1815079219	4568548.0090357494
414490.1915584282	4568547.8676143931
414489.2016089345	4568547.7261930369
414488.2037234407	4568547.6677762540
414487.2049110896	4568547.6190537009
414486.2060987385	4568547.5703311469
414485.2072863874	4568547.5216085929
414484.2084740363	4568547.4728860389
414483.2085126046	4568547.4713037955
414482.2085126046	4568547.4713037955
414481.2085126046	4568547.4713037955
414480.2085126046	4568547.4713037955
414479.2085126046	4568547.4713037955
414478.2085126046	4568547.4713037955
414477.2085126046	4568547.4713037955
414476.2103001843	4568547.4333229735
414475.2147206816	4568547.3394003790
414474.2191411789	4568547.2454777835
414473.2235616762	4568547.1515551889
414472.2279821735	4568547.0576325944
414471.2324026708	4568546.9637099998
414470.2367924435	4568546.8701717490
414469.2389354945	4568546.8047385067
414468.2410785454	4568546.7393052643
414467.2432215964	4568546.6738720220
414466.2453646473	4568546.6084387787
414465.2475076983	4568546.5430055363
414464.2496507492	4568546.4775722940
414463.2517938002	4568546.4121390516
414462.2561219655	4568546.4607603662
414461.2615035566	4568546.5643664505
414460.2668851477	4568546.6679725349
414459.2722667388	4568546.7715786193
414458.2776483300	4568546.8751847036
414457.2830299211	4568546.9787907880
414456.2882678586	4568547.0810071062
414455.2934864200	4568547.1830359716
414454.2987049814	4568547.2850648379
414453.3039235428	4568547.3870937033
414452.3093818042	4568547.4512853343
414451.3159728684	4568547.3366612261
414450.3225639325	4568547.2220371179
414449.3289586079	4568547.1100484487
414448.3295326607	4568547.0761696026
414447.3301067136	4568547.0422907574
414446.3306807665	4568547.0084119113
414445.3312548193	4568546.9745330662
414444.3318288722	4568546.9406542201
414443.3324029250	4568546.9067753749
414442.3329769779	4568546.8728965288
414441.3333270128	4568546.8465009900
414440.3336641672	4568546.8205357213
414439.3340013217	4568546.7945704525
414438.3343384761	4568546.7686051838
414437.3346756305	4568546.7426399151
414436.3350127849	4568546.7166746464
414435.3353499393	4568546.6907093776
414434.3356870938	4568546.6647441089
414433.3360242482	4568546.6387788402
414432.3361790805	4568546.6223298553
414431.3362552797	4568546.6099851169
414430.3363314789	4568546.5976403784
414429.3364076781	4568546.5852956399
414428.3364838772	4568546.5729509024
414427.3365600764	4568546.5606061639
414426.3366362756	4568546.5482614255
414425.3367124748	4568546.5359166870
414424.3367886740	4568546.5235719485
414423.3368648732	4568546.5112272110
414422.3389539636	4568546.5746298581
414421.3410970146	4568546.6400631005
414420.3432400655	4568546.7054963429
414419.3453831164	4568546.7709295861
414418.3475261674	4568546.8363628285
414417.3496692183	4568546.9017960709
414416.3518122693	4568546.9672293132
414415.3525942180	4568546.9911043569
414414.3525942180	4568546.9911043569
414413.3525942180	4568546.9911043569
414412.3525942180	4568546.9911043569
414411.3525942180	4568546.9911043569
414410.3529340626	4568546.9673103737
414409.3533419761	4568546.9387506004
414408.3537498897	4568546.9101908263
414407.3541578033	4568546.8816310521
414406.3545657168	4568546.8530712789
414405.3549736303	4568546.8245115047
414404.3553815438	4568546.7959517315
414403.3557894574	4568546.7673919573
414402.3560235141	4568546.7510046391
414401.3560235141	4568546.7510046391
414400.3560235141	4568546.7510046391
414399.3560235141	4568546.7510046391
414398.3589174244	4568546.8148019342
414397.3630242179	4568546.9053376801
414396.3671310114	4568546.9958734261
414395.3712378049	4568547.0864091720
414394.3738052819	4568547.1569586610
414393.3757937947	4568547.2199909650
414392.3777823075	4568547.2830232698
414391.3797708202	4568547.3460555738
414390.3817593330	4568547.4090878787
414389.3837478459	4568547.4721201826
414388.3857363586	4568547.5351524875
414387.3877248714	4568547.5981847914
414386.3897133842	4568547.6612170963
414385.3917018970	4568547.7242494002
414384.3936904098	4568547.7872817051
414383.3962854641	4568547.8582417052
414382.4003010406	4568547.9477683948
414381.4043166171	4568548.0372950844
414380.4083321936	4568548.1268217741
414379.4123477701	4568548.2163484637
414378.4163633466	4568548.3058751533
414377.4203789232	4568548.3954018429
414376.4243944997	4568548.4849285325
414375.4284100762	4568548.5744552221
414374.4324256527	4568548.6639819127
414373.4364412292	4568548.7535086023
414372.4388238251	4568548.8193724575
414371.4399830778	4568548.8675093614
414370.4411423305	4568548.9156462643
414369.4423015832	4568548.9637831682
414368.4434608359	4568549.0119200721
414367.4446200885	4568549.0600569751
414366.4457793412	4568549.1081938790
414365.4469385939	4568549.1563307820
414364.4480978466	4568549.2044676859
414363.4492570992	4568549.2526045898
414362.4497577649	4568549.2658436447
414361.4498120140	4568549.2554275440
414360.4498662630	4568549.2450114423
414359.4499205121	4568549.2345953407
414358.4499747611	4568549.2241792390
414357.4500290102	4568549.2137631373
414356.4500832592	4568549.2033470366
414355.4501375083	4568549.1929309350
414354.4501917573	4568549.1825148333
414353.4502460064	4568549.1720987316
414352.4503002555	4568549.1616826300
414351.4504257425	4568549.1487471722
414350.4514891326	4568549.1026424058
414349.4525525227	4568549.0565376384
414348.4536159129	4568549.0104328720
414347.4546793030	4568548.9643281056
414346.4557426932	4568548.9182233391
414345.4568060834	4568548.8721185727
414344.4578694735	4568548.8260138063
414343.4586838268	4568548.7955525164
414342.4587858520	4568548.8098367732
414341.4588878772	4568548.8241210300
414340.4589899024	4568548.8384052860
414339.4590919276	4568548.8526895428
414338.4591939528	4568548.8669737997
414337.4592959780	4568548.8812580556
414336.4593980032	4568548.8955423124
414335.4595000284	4568548.9098265693
414334.4596927851	4568548.8944629347
414333.4599009666	4568548.8740590205
414332.4601091482	4568548.8536551064
414331.4603173297	4568548.8332511913
414330.4605255113	4568548.8128472771
414329.4607336928	4568548.7924433630
414328.4624153584	4568548.8488730621
414327.4641409852	4568548.9075950840
414326.4658666120	4568548.9663171051
414325.4675922388	4568549.0250391271
414324.4693178656	4568549.0837611491
414323.4710434925	4568549.1424831711
414322.4727691193	4568549.2012051931
414321.4744947462	4568549.2599272151
414320.4788774854	4568549.3518888904
414319.4839515934	4568549.4524993738
414318.4890257013	4568549.5531098573
414317.4940998093	4568549.6537203407
414316.4991739173	4568549.7543308241
414315.5042480253	4568549.8549413076
414314.5093221332	4568549.9555517910
414313.5143962412	4568550.0561622744
414312.5194703492	4568550.1567727579
414311.5245444571	4568550.2573832413
414310.5302686097	4568550.3625193099
414309.5472483610	4568550.5460164230
414308.5642281122	4568550.7295135362
414307.5812078635	4568550.9130106494
414306.5981876147	4568551.0965077626
414305.6151673660	4568551.2800048757
414304.6321471173	4568551.4635019889
414303.6491268685	4568551.6469991021
414302.6661066198	4568551.8304962153
414301.6830863711	4568552.0139933284
414300.6849430764	4568552.0212616744
414299.6850319535	4568552.0079295253
414298.6851208305	4568551.9945973773
414297.6852097075	4568551.9812652292
414296.6852985845	4568551.9679330811
414295.6853874616	4568551.9546009330
414294.6854763386	4568551.9412687849
414293.6855652157	4568551.9279366368
414292.6856540927	4568551.9146044888
414291.6858653591	4568551.9320974685
414290.6860916291	4568551.9533692496
414289.6863178990	4568551.9746410307
414288.6865441689	4568551.9959128127
414287.6867704389	4568552.0171845937
414286.6869967088	4568552.0384563748
414285.6872229788	4568552.0597281558
414284.6874492487	4568552.0809999369
414283.6876755186	4568552.1022717189
414282.6879017886	4568552.1235435000
414281.6881280585	4568552.1448152810
414280.6901182469	4568552.2011074144
414279.6932670514	4568552.2804023959
414278.6964158559	4568552.3596973773
414277.6995646605	4568552.4389923587
414276.7027134650	4568552.5182873402
414275.7058622695	4568552.5975823216
414274.7090110741	4568552.6768773030
414273.7121598786	4568552.7561722854
414272.7153086831	4568552.8354672669
414271.7184574877	4568552.9147622483
414270.7215880296	4568552.9935973315
414269.7215880296	4568552.9935973315
414268.7215880296	4568552.9935973315
414267.7215880296	4568552.9935973305
414266.7215880296	4568552.9935973305
414265.7215880296	4568552.9935973305
414264.7215880296	4568552.9935973305
414263.7215880296	4568552.9935973305
414262.7215880296	4568552.9935973305
414261.7215880296	4568552.9935973315
414260.7215880296	4568552.9935973315
414259.7215880296	4568552.9935973315
414258.7215880296	4568552.9935973315
414257.7215880296	4568552.9935973315
414256.7215880296	4568552.9935973315
414255.7215880296	4568552.9935973315
414254.7215880296	4568552.9935973315
414253.7215880296	4568552.9935973315
414252.7215880296	4568552.9935973315
414251.7215880296	4568552.9935973315
414250.7215880296	4568552.9935973315
414249.7292092110	4568553.0887106452
414248.7419680902	4568553.2479430838
414247.7547269695	4568553.4071755232
414246.7674858488	4568553.5664079618
414245.7802447281	4568553.7256404003
414244.7930036073	4568553.8848728389
414243.8057624866	4568554.0441052774
414242.8183641729	4568554.2023039674
414241.8284146792	4568554.3437253246
414240.8384651856	4568554.4851466808
414239.8485156920	4568554.6265680371
414238.8585661983	4568554.7679893933
414237.8686167047	4568554.9094107496
414236.8786672110	4568555.0508321058
414235.8887177173	4568555.1922534620
414234.8987682237	4568555.3336748183
414233.9088187301	4568555.4750961745
414232.9188692365	4568555.6165175317
414231.9289197428	4568555.7579388879
414230.9389702491	4568555.8993602442
414229.9530578784	4568556.0633301092
414228.9755368343	4568556.2741679810
414227.9980157902	4568556.4850058537
414227.0204947461	4568556.6958437255
414226.0429737020	4568556.9066815982
414225.0654526579	4568557.1175194699
414224.0879316138	4568557.3283573426
414223.1104105697	4568557.5391952144
414222.1328895256	4568557.7500330862
414221.1553684815	4568557.9608709589
414220.1778474374	4568558.1717088306
414219.2003263933	4568558.3825467033
414218.2228053492	4568558.5933845751
414217.2303957402	4568558.7056866754
414216.2342210163	4568558.7930704234
414215.2380462923	4568558.8804541714
414214.2418715683	4568558.9678379185
414213.2456968444	4568559.0552216666
414212.2495221205	4568559.1426054146
414211.2533473965	4568559.2299891626
414210.2603119975	4568559.3475075932
414209.2675163845	4568559.4673277531
414208.2747207714	4568559.5871479129
414207.2819251584	4568559.7069680728
414206.2891295453	4568559.8267882327
414205.2963339323	4568559.9466083925
414204.3035383193	4568560.0664285524
414203.3071818595	4568560.0020423988
414202.3104972436	4568559.9206803897
414201.3138126278	4568559.8393183807
414200.3171280119	4568559.7579563716
414199.3204433960	4568559.6765943626
414198.3237136613	4568559.5963396039
414197.3237136613	4568559.5963396039
414196.3237136613	4568559.5963396030
414195.3237136613	4568559.5963396030
414194.3237136613	4568559.5963396020
414193.3295352840	4568559.6582084866
414192.3470880345	4568559.8447491042
414191.3646407849	4568560.0312897209
414190.3821935353	4568560.2178303376
414189.3997462857	4568560.4043709552
414188.4172990361	4568560.5909115719
414187.4348517866	4568560.7774521885
414186.4524045370	4568560.9639928062
414185.4699572874	4568561.1505334228
414184.4875100378	4568561.3370740395
414183.4935464415	4568561.4200669089
414182.4941204943	4568561.4539457550
414181.4946945472	4568561.4878246011
414180.4952686000	4568561.5217034463
414179.4958426529	4568561.5555822924
414178.4964167058	4568561.5894611385
414177.4969907587	4568561.6233399846
414176.5070090576	4568561.7443035012
414175.5235558690	4568561.9254659303
414174.5401026804	4568562.1066283593
414173.5566494918	4568562.2877907893
414172.5731963032	4568562.4689532183
414171.5897431146	4568562.6501156474
414170.6062899260	4568562.8312780773
414169.6228367373	4568563.0124405064
414168.6393835487	4568563.1936029354
414167.6507351075	4568563.3178852461
414166.6507351075	4568563.3178852461
414165.6507351075	4568563.3178852461
414164.6507351075	4568563.3178852461
414163.6507351075	4568563.3178852461
414162.6507351075	4568563.3178852461
414161.6507351075	4568563.3178852461
414160.6507351075	4568563.3178852461
414159.6507351075	4568563.3178852461
414158.6507351075	4568563.3178852461
414157.6507351075	4568563.3178852461
414156.6507351075	4568563.3178852461
414155.6507351075	4568563.3178852461
414154.6507351075	4568563.3178852461
414153.6507351075	4568563.3178852461
414152.6507351075	4568563.3178852461
414151.6507351075	4568563.3178852461
414150.6515979186	4568563.3565584375
414149.6525929240	4568563.4011568744
414148.6535879293	4568563.4457553113
414147.6545829346	4568563.4903537491
414146.6555779399	4568563.5349521860
414145.6565729453	4568563.5795506230
414144.6575679506	4568563.6241490608
414143.6585629559	4568563.6687474977
414142.6595579612	4568563.7133459346
414141.6605529665	4568563.7579443725
414140.6615479719	4568563.8025428094
414139.6625429772	4568563.8471412463
414138.6635379825	4568563.8917396842
414137.6641268602	4568563.9181345431
414136.6641268602	4568563.9181345431
414135.6641268602	4568563.9181345431
414134.6641268602	4568563.9181345431
414133.6641268602	4568563.9181345431
414132.6641268602	4568563.9181345431
414131.6641268602	4568563.9181345440
414130.6641268602	4568563.9181345440
414129.6641268602	4568563.9181345440
414128.6641268602	4568563.9181345440
414127.6641268602	4568563.9181345440
414126.6641268602	4568563.9181345440
414125.6641268602	4568563.9181345440
414124.6667919316	4568563.9784068568
414123.6706946187	4568564.0666686436
414122.6745973057	4568564.1549304314
414121.6784999927	4568564.2431922182
414120.6824026798	4568564.3314540051
414119.6863053668	4568564.4197157929
414118.6902080538	4568564.5079775797
414117.6941107409	4568564.5962393675
414116.6980134279	4568564.6845011543
414115.7022742374	4568564.7763496600
414114.7083905027	4568564.8867811859
414113.7145067680	4568564.9972127117
414112.7206230333	4568565.1076442376
414111.7267392986	4568565.2180757634
414110.7328555640	4568565.3285072902
414109.7389718293	4568565.4389388161
414108.7450880946	4568565.5493703419
414107.7512043599	4568565.6598018678
414106.7573206252	4568565.7702333936
414105.7634368905	4568565.8806649195
414104.7695531558	4568565.9910964454
414103.7756694212	4568566.1015279721
414102.7818125966	4568566.2121994253
414101.7881596283	4568566.3246884411
414100.7945066600	4568566.4371774560
414099.8008536917	4568566.5496664718
414098.8072007234	4568566.6621554876
414097.8135477551	4568566.7746445024
414096.8198947868	4568566.8871335182
414095.8224846389	4568566.9525232231
414094.8235645528	4568566.9989846228
414093.8246444667	4568567.0454460224
414092.8257243806	4568567.0919074221
414091.8268042946	4568567.1383688208
414090.8296769829	4568567.2104077023
414089.8340427568	4568567.3037484111
414088.8384085308	4568567.3970891200
414087.8427743047	4568567.4904298279
414086.8471400786	4568567.5837705368
414085.8515058526	4568567.6771112457
414084.8558716265	4568567.7704519546
414083.8602374004	4568567.8637926625
414082.8662846267	4568567.9733506078
414081.8726793719	4568568.0862602964
414080.8790741172	4568568.1991699841
414079.8854688624	4568568.3120796727
414078.8918636077	4568568.4249893604
414077.8950968111	4568568.4691267340
414076.8953230810	4568568.4478549529
414075.8955493510	4568568.4265831718
414074.8957756209	4568568.4053113898
414073.8960018909	4568568.3840396088
414072.8962281608	4568568.3627678268
414071.8982256671	4568568.4184250031
414070.9004903907	4568568.4856880549
414069.9027551143	4568568.5529511077
414068.9050198379	4568568.6202141605
414067.9072845615	4568568.6874772124
414066.9095492850	4568568.7547402652
414065.9118140086	4568568.8220033171
414064.9140787322	4568568.8892663699
414063.9163434558	4568568.9565294217
414062.9186081794	4568569.0237924745
414061.9223335574	4568569.1043826267
414060.9337147201	4568569.2548246235
414059.9450958827	4568569.4052666202
414058.9564770454	4568569.5557086170
414057.9678582080	4568569.7061506147
414056.9792393707	4568569.8565926114
414055.9906205333	4568570.0070346082
414055.0020016960	4568570.1574766049
414054.0133828587	4568570.3079186017
414053.0247640213	4568570.4583605994
414052.0361451840	4568570.6088025961
414051.0475263466	4568570.7592445929
414050.0488906683	4568570.7116138190
414049.0501383295	4568570.6616762029
414048.0513859905	4568570.6117385859
414047.0526336517	4568570.5618009688
414046.0538813128	4568570.5118633518
414045.0551289739	4568570.4619257348
414044.0563766351	4568570.4119881177
414043.0576242962	4568570.3620505007
414042.0588719573	4568570.3121128846
414041.0596548629	4568570.2807770986
414040.0596548629	4568570.2807770986
414039.0596548629	4568570.2807770986
414038.0596548629	4568570.2807770986
414037.0596548629	4568570.2807770986
414036.0596548629	4568570.2807770986
414035.0596548629	4568570.2807770986
414034.0596548629	4568570.2807770986
414033.0624505889	4568570.2135633891
414032.0659048307	4568570.1305179093
414031.0693590725	4568570.0474724285
414030.0728133142	4568569.9644269487
414029.0762675560	4568569.8813814679
414028.0797217978	4568569.7983359881
414027.0831760396	4568569.7152905082
414026.0866302814	4568569.6322450275
414025.0897119963	4568569.5553566851
414024.0904232339	4568569.5176476752
414023.0911344715	4568569.4799386654
414022.0918457092	4568569.4422296565
414021.0925569468	4568569.4045206467
414020.0932681844	4568569.3668116368
414019.0939794220	4568569.3291026279
414018.0941856728	4568569.3123720028
414017.0942399219	4568569.3019559011
414016.0942941709	4568569.2915398004
414015.0943484200	4568569.2811236987
414014.0944026691	4568569.2707075970
414013.0944569182	4568569.2602914954
414012.0945111672	4568569.2498753937
414011.0945654162	4568569.2394592930
414010.0946196653	4568569.2290431913
414009.0946739143	4568569.2186270896
414008.0947281634	4568569.2082109880
414007.0948808152	4568569.2076954944
414006.0953396361	4568569.2379846210
414005.0957984569	4568569.2682737475
414004.0962572778	4568569.2985628741
414003.0967160986	4568569.3288520006
414002.0971749195	4568569.3591411272
414001.0976337403	4568569.3894302538
414000.0980925611	4568569.4197193803
413999.0991661911	4568569.4623405272
413998.1015687702	4568569.5316181257
413997.1039713492	4568569.6008957243
413996.1063739282	4568569.6701733228
413995.1087765072	4568569.7394509213
413994.1111790862	4568569.8087285198
413993.1135816652	4568569.8780061183
413992.1159842442	4568569.9472837169
413991.1183868233	4568570.0165613154
413990.1272004088	4568569.9390065670
413989.1394374434	4568569.7830439936
413988.1516744780	4568569.6270814203
413987.1639115127	4568569.4711188478
413986.1757806005	4568569.3187062079
413985.1770282616	4568569.2687685909
413984.1782759227	4568569.2188309738
413983.1795235839	4568569.1688933559
413982.1807712450	4568569.1189557388
413981.1878296348	4568569.1323387753
413980.2148467595	4568569.3632160677
413979.2418638841	4568569.5940933600
413978.2688810088	4568569.8249706533
413977.2958981334	4568570.0558479456
413976.3229152581	4568570.2867252389
413975.3499323827	4568570.5176025312
413974.3769495074	4568570.7484798236
413973.3991208742	4568570.9578199228
413972.4210149452	4568571.1659275666
413971.4429090161	4568571.3740352103
413970.4648030871	4568571.5821428550
413969.4866971580	4568571.7902504988
413968.5082377114	4568571.9966556225
413967.5281371050	4568572.1951570110
413966.5480364985	4568572.3936583996
413965.5679358921	4568572.5921597881
413964.5878352857	4568572.7906611767
413963.6077346792	4568572.9891625652
413962.6276340728	4568573.1876639538
413961.6475334664	4568573.3861653423
413960.6674328599	4568573.5846667308
413959.6873322535	4568573.7831681194
413958.6972673207	4568573.8822728805
413957.6972673207	4568573.8822728805
413956.6972673207	4568573.8822728805
413955.6972673207	4568573.8822728805
413954.7036736112	4568573.7994109998
413953.7155571422	4568573.6457039937
413952.7274406733	4568573.4919969877
413951.7393242043	4568573.3382899808
413950.7512077354	4568573.1845829748
413949.7717073215	4568573.0062632170
413948.9034641793	4568572.5101242792
413948.0352210372	4568572.0139853405
413947.1669778950	4568571.5178464027
413946.2725303133	4568571.1122289104
413945.2735165068	4568571.0678282967
413944.2745027003	4568571.0234276829
413943.2754888939	4568570.9790270692
413942.2764750874	4568570.9346264554
413941.2774612809	4568570.8902258426
413940.2778066938	4568570.8959823763
413939.2779846456	4568570.9148469428
413938.2781625974	4568570.9337115102
413937.2783405492	4568570.9525760766
413936.2785185009	4568570.9714406440
413935.2786964527	4568570.9903052105
413934.2798883592	4568570.9705089107
413933.2824296594	4568570.8992618611
413932.2849709596	4568570.8280148106
413931.2875122598	4568570.7567677610
413930.2900535599	4568570.6855207104
413929.2918589268	4568570.6282528397
413928.2924329797	4568570.5943739945
413927.2930070326	4568570.5604951484
413926.2935810854	4568570.5266163033
413925.2941551383	4568570.4927374572
413924.2947291911	4568570.4588586120
413923.2953032441	4568570.4249797659
413922.2957599361	4568570.4060457814
413921.2959251844	4568570.4242245955
413920.2960904327	4568570.4424034096
413919.2962556810	4568570.4605822237
413918.2964209293	4568570.4787610369
413917.2965861776	4568570.4969398510
413916.2967514259	4568570.5151186651
413915.2968037683	4568570.5208768165
413914.2968037683	4568570.5208768165
413913.2968037683	4568570.5208768155
413912.2968037683	4568570.5208768155
413911.2968037683	4568570.5208768155
413910.3038939674	4568570.4352076231
413909.3175000436	4568570.2708086362
413908.3311061198	4568570.1064096484
413907.3447121960	4568569.9420106616
413906.3573524856	4568569.7844425775
413905.3640451053	4568569.6689417195
413904.3707377250	4568569.5534408614
413903.3774303447	4568569.4379400034
413902.3841229644	4568569.3224391453
413901.3908155841	4568569.2069382872
413900.3975082038	4568569.0914374292
413899.4042008234	4568568.9759365711
413898.4108934431	4568568.8604357131
413897.4175860628	4568568.7449348550
413896.4242786825	4568568.6294339970
413895.4261414408	4568568.6156141646
413894.4263583840	4568568.6364429779
413893.4265753273	4568568.6572717922
413892.4267922706	4568568.6781006055
413891.4270092139	4568568.6989294197
413890.4272261571	4568568.7197582331
413889.4274431004	4568568.7405870464
413888.4276600437	4568568.7614158606
413887.4278769869	4568568.7822446739
413886.4280939302	4568568.8030734872
413885.4283108735	4568568.8239023015
413884.4284876246	4568568.8384019369
413883.4285206721	4568568.8302721241
413882.4285537196	4568568.8221423114
413881.4285867670	4568568.8140124986
413880.4286198145	4568568.8058826858
413879.4286528620	4568568.7977528730
413878.4286859095	4568568.7896230603
413877.4287189569	4568568.7814932475
413876.4287520044	4568568.7733634347
413875.4287850519	4568568.7652336219
413874.4288180993	4568568.7571038101
413873.4288511468	4568568.7489739973
413872.4288841943	4568568.7408441845
413871.4289172418	4568568.7327143718
413870.4289502892	4568568.7245845590
413869.4290850758	4568568.7303976035
413868.4293432402	4568568.7531190095
413867.4296014047	4568568.7758404147
413866.4298595691	4568568.7985618198
413865.4301177336	4568568.8212832259
413864.4303324281	4568568.8401787831
413863.4303324281	4568568.8401787831
413862.4303324281	4568568.8401787831
413861.4303324281	4568568.8401787831
413860.4303324281	4568568.8401787821
413859.4303324281	4568568.8401787821
413858.4303324281	4568568.8401787821
413857.4303324281	4568568.8401787821
413856.4315110849	4568568.8779325942
413855.4334585064	4568568.9403108805
413854.4354059279	4568569.0026891660
413853.4373533494	4568569.0650674524
413852.4381456740	4568569.0583703602
413851.4385654893	4568569.0293970220
413850.4389853046	4568569.0004236829
413849.4394051199	4568568.9714503447
413848.4398249352	4568568.9424770055
413847.4402447506	4568568.9135036673
413846.4406645658	4568568.8845303291
413845.4410843811	4568568.8555569900
413844.4415957856	4568568.8237247318
413843.4422107919	4568568.7886585919
413842.4428257981	4568568.7535924520
413841.4434408043	4568568.7185263122
413840.4440558105	4568568.6834601723
413839.4446708167	4568568.6483940315
413838.4452858229	4568568.6133278916
413837.4481927876	4568568.5424510203
413836.4524915716	4568568.4498276506
413835.4567903556	4568568.3572042817
413834.4610891397	4568568.2645809129
413833.4653879237	4568568.1719575431
413832.4813325042	4568568.0118969111
413831.5122353303	4568567.7652176302
413830.5431381564	4568567.5185383493
413829.5740409824	4568567.2718590694
413828.6049438085	4568567.0251797885
413827.6358466347	4568566.7785005076
413826.6667494608	4568566.5318212267
413825.6789443055	4568566.4120570822
413824.6798881472	4568566.3686198583
413823.6808319888	4568566.3251826344
413822.6817758304	4568566.2817454105
413821.6827196721	4568566.2383081866
413820.6849921737	4568566.1825491646
413819.6996416679	4568566.0120077310
413818.7142911621	4568565.8414662965
413817.7289406563	4568565.6709248628
413816.7435901504	4568565.5003834292
413815.7582396446	4568565.3298419956
413814.7728891387	4568565.1593005611
413813.7779624256	4568565.0696035009
413812.7800371166	4568565.0052212235
413811.7821118077	4568564.9408389451
413810.7841275379	4568564.8778167842
413809.7843743601	4568564.8556000469
413808.7846211822	4568564.8333833087
413807.7848680044	4568564.8111665715
413806.7851148266	4568564.7889498342
413805.7853616487	4568564.7667330969
413804.7940071559	4568564.8618377820
413803.8076132321	4568565.0262367688
413802.8212193082	4568565.1906357566
413801.8348253844	4568565.3550347434
413800.8484314606	4568565.5194337312
413799.8620375367	4568565.6838327181
413798.8756436129	4568565.8482317058
413797.8884525106	4568566.0076064356
413796.8996157369	4568566.1566092372
413795.9107789631	4568566.3056120388
413794.9219421894	4568566.4546148404
413793.9331054156	4568566.6036176411
413792.9442686418	4568566.7526204428
413791.9554318681	4568566.9016232444
413790.9665950943	4568567.0506260460
413789.9777583205	4568567.1996288477
413788.9837868650	4568567.2857970186
413787.9838781601	4568567.2993092984
413786.9839694551	4568567.3128215782
413785.9840607501	4568567.3263338581
413784.9841520451	4568567.3398461379
413783.9842433402	4568567.3533584177
413782.9843346352	4568567.3668706976
413781.9844259302	4568567.3803829784
413780.9845172252	4568567.3938952582
413779.9849247075	4568567.3789059380
413778.9855618531	4568567.3432144076
413777.9861989988	4568567.3075228771
413776.9868361444	4568567.2718313467
413775.9874732901	4568567.2361398162
413774.9881104357	4568567.2004482858
413773.9887475814	4568567.1647567553
413772.9893847271	4568567.1290652249
413771.9900218727	4568567.0933736945
413770.9906590183	4568567.0576821640
413769.9912961640	4568567.0219906336
413768.9919333096	4568566.9862991031
413767.9925704553	4568566.9506075727
413766.9936192048	4568566.9304573080
413765.9975465641	4568567.0189970983
413765.0014739234	4568567.1075368887
413764.0054012827	4568567.1960766790
413763.0093286420	4568567.2846164694
413762.0132560013	4568567.3731562598
413761.0212374140	4568567.4970887117
413760.0309434369	4568567.6360773398
413759.0406494597	4568567.7750659687
413758.0503554826	4568567.9140545968
413757.0600615054	4568568.0530432258
413756.0697675283	4568568.1920318538
413755.0794735512	4568568.3310204819
413754.0815895110	4568568.3721570717
413753.0817078332	4568568.3875398664
413752.0818261554	4568568.4029226610
413751.0819444776	4568568.4183054557
413750.0820627997	4568568.4336882504
413749.0821811219	4568568.4490710450
413748.0822994442	4568568.4644538397
413747.0824177664	4568568.4798366353
413746.0825436233	4568568.4643568685
413745.0826695758	4568568.4484858522
413744.0827955284	4568568.4326148350
413743.0829214808	4568568.4167438187
413742.0830474334	4568568.4008728024
413741.0831733859	4568568.3850017861
413740.0832993384	4568568.3691307697
413739.0840857239	4568568.3354052808
413738.0857715540	4568568.2773637595
413737.0874573841	4568568.2193222381
413736.0891432142	4568568.1612807168
413735.0908290444	4568568.1032391954
413734.0925148745	4568568.0451976731
413733.0942007046	4568567.9871561518
413732.0958865347	4568567.9291146304
413731.0975723649	4568567.8710731091
413730.0992581950	4568567.8130315868
413729.1011022958	4568567.7527838778
413728.1047261661	4568567.6677273791
413727.1083500363	4568567.5826708805
413726.1119739065	4568567.4976143818
413725.1155977767	4568567.4125578823
413724.1192216469	4568567.3275013836
413723.1228455171	4568567.2424448850
413722.1264693873	4568567.1573883863
413721.1300932576	4568567.0723318877
413720.1337171278	4568566.9872753881
413719.1378904596	4568566.8966837367
413718.1442374913	4568566.7841947209
413717.1505845230	4568566.6717057060
413716.1569315546	4568566.5592166912
413715.1632785863	4568566.4467276754
413714.1696256180	4568566.3342386605
413713.1759726497	4568566.2217496457
413712.1790201733	4568566.1459671743
413711.1812350155	4568566.0794481644
413710.1834498576	4568566.0129291536
413709.1856646998	4568565.9464101428
413708.1878795419	4568565.8798911320
413707.1900943841	4568565.8133721212
413706.1923092262	4568565.7468531113
413705.1945240684	4568565.6803341005
413704.1967389105	4568565.6138150897
413703.1989537527	4568565.5472960789
413702.2011685948	4568565.4807770681
413701.2012349995	4568565.4787827171
413700.2012349995	4568565.4787827171
413699.2012349995	4568565.4787827171
413698.2012349995	4568565.4787827162
413697.2012349995	4568565.4787827162
413696.2012349995	4568565.4787827162
413695.2026564129	4568565.5110640079
413694.2065265629	4568565.5989578189
413693.2103967129	4568565.6868516291
413692.2142668629	4568565.7747454392
413691.2181370129	4568565.8626392502
413690.2220071629	4568565.9505330604
413689.2258773129	4568566.0384268714
413688.2297474629	4568566.1263206815
413687.2329787357	4568566.1960079120
413686.2331381363	4568566.1781536154
413685.2332975370	4568566.1602993188
413684.2334569376	4568566.1424450232
413683.2336163383	4568566.1245907266
413682.2337757389	4568566.1067364300
413681.2339351396	4568566.0888821334
413680.2352786446	4568566.1125607518
413679.2380793348	4568566.1873507006
413678.2408800249	4568566.2621406494
413677.2436807150	4568566.3369305972
413676.2464814051	4568566.4117205460
413675.2489113564	4568566.3970867442
413674.2511261985	4568566.3305677343
413673.2533410407	4568566.2640487235
413672.2555558828	4568566.1975297127
413671.2577707250	4568566.1310107019
413670.2599855672	4568566.0644916911
413669.2622004093	4568565.9979726812
413668.2644152515	4568565.9314536704
413667.2666300936	4568565.8649346596
413666.2688449358	4568565.7984156488
413665.2710597779	4568565.7318966379
413664.2714931037	4568565.7188824359
413663.2714931037	4568565.7188824359
413662.2714931037	4568565.7188824359
413661.2714931037	4568565.7188824359
413660.2714931037	4568565.7188824369
413659.2714931037	4568565.7188824369
413658.2714931037	4568565.7188824369
413657.2722341665	4568565.7055022623
413656.2783504318	4568565.5950707365
413655.2844666972	4568565.4846392097
413654.2905829625	4568565.3742076838
413653.2966992279	4568565.2637761571
413652.2980890160	4568565.2386829983
413651.2980890160	4568565.2386829983
413650.2980890160	4568565.2386829983
413649.2980890160	4568565.2386829983
413648.2980890160	4568565.2386829983
413647.2980890160	4568565.2386829983
413646.2980890160	4568565.2386829983
413645.2980890160	4568565.2386829983
413644.2980890160	4568565.2386829983
413643.2981605628	4568565.2435969245
413642.2985844613	4568565.2727107918
413641.2990083598	4568565.3018246591
413640.2994322583	4568565.3309385255
413639.2998561567	4568565.3600523928
413638.3002800552	4568565.3891662601
413637.3007039537	4568565.4182801265
413636.3011278521	4568565.4473939938
413635.3015517506	4568565.4765078612
413634.3019756491	4568565.5056217276
413633.3023995476	4568565.5347355949
413632.3028234460	4568565.5638494622
413631.3032473445	4568565.5929633286
413630.3044811191	4568565.6416382352
413629.3059193867	4568565.6952522881
413628.3073576543	4568565.7488663401
413627.3087959220	4568565.8024803931
413626.3102341896	4568565.8560944460
413625.3116724572	4568565.9097084990
413624.3131107249	4568565.9633225519
413623.3145489925	4568566.0169366039
413622.3159872602	4568566.0705506569
413621.3174255278	4568566.1241647098
413620.3188637954	4568566.1777787628
413619.3203020630	4568566.2313928157
413618.3217403307	4568566.2850068677
413617.3231785983	4568566.3386209207
413616.3246168659	4568566.3922349736
413615.3260551336	4568566.4458490266
413614.3274934012	4568566.4994630795
413613.3289316689	4568566.5530771315
413612.3308206449	4568566.6144493772
413611.3327680665	4568566.6768276636
413610.3347154879	4568566.7392059499
413609.3366629094	4568566.8015842363
413608.3386103310	4568566.8639625218
413607.3405577525	4568566.9263408082
413606.3425051740	4568566.9887190945
413605.3441229470	4568567.0358348619
413604.3443078070	4568567.0166076468
413603.3444926670	4568566.9973804327
413602.3446775270	4568566.9781532185
413601.3448623870	4568566.9589260044
413600.3450472469	4568566.9396987893
413599.3452321069	4568566.9204715751
413598.3452425919	4568566.9193810299
413597.3452425919	4568566.9193810299
413596.3452425919	4568566.9193810299
413595.3452425919	4568566.9193810299
413594.3452425919	4568566.9193810308
413593.3452425919	4568566.9193810308
413592.3452425919	4568566.9193810308
413591.3452425919	4568566.9193810308
413590.3476117897	4568566.8586371625
413589.3506496483	4568566.7807494951
413588.3536875070	4568566.7028618278
413587.3567253656	4568566.6249741605
413586.3597632243	4568566.5470864931
413585.3628010829	4568566.4691988258
413584.3658389416	4568566.3913111584
413583.3686541613	4568566.3191317329
413582.3686541613	4568566.3191317329
413581.3686541613	4568566.3191317329
413580.3686541613	4568566.3191317338
413579.3686541613	4568566.3191317338
413578.3686541613	4568566.3191317338
413577.3686541613	4568566.3191317338
413576.3686541613	4568566.3191317348
413575.3686541613	4568566.3191317348
413574.3686541613	4568566.3191317348
413573.3686943004	4568566.3115853630
413572.3687508823	4568566.3009476671
413571.3688074642	4568566.2903099703
413570.3688640461	4568566.2796722744
413569.3689206279	4568566.2690345785
413568.3689772099	4568566.2583968826
413567.3690337917	4568566.2477591867
413566.3690903737	4568566.2371214898
413565.3691469555	4568566.2264837939
413564.3692035374	4568566.2158460980
413563.3692601193	4568566.2052084021
413562.3692927063	4568566.1990818735
413561.3692927063	4568566.1990818735
413560.3692927063	4568566.1990818735
413559.3692927063	4568566.1990818735
413558.3692927063	4568566.1990818735
413557.3692927063	4568566.1990818735
413556.3692927063	4568566.1990818735
413555.3692927063	4568566.1990818735
413554.3692927063	4568566.1990818745
413553.3692927063	4568566.1990818745
413552.3692927063	4568566.1990818745
413551.3692927063	4568566.1990818745
413550.3692927063	4568566.1990818745
413549.3692927063	4568566.1990818745
413548.3692927063	4568566.1990818745
413547.3693482245	4568566.1946397228
413546.3696605781	4568566.1696475307
413545.3699729317	4568566.1446553394
413544.3702852853	4568566.1196631482
413543.3705976389	4568566.0946709570
413542.3719241325	4568566.1081059724
413541.3749463019	4568566.1857925560
413540.3779684714	4568566.2634791406
413539.3809906408	4568566.3411657251
413538.3840128103	4568566.4188523088
413537.3870349797	4568566.4965388933
413536.3900571491	4568566.5742254779
413535.3930793186	4568566.6519120615
413534.3961014880	4568566.7295986461
413533.3994404511	4568566.7880244721
413532.4055567165	4568566.6775929462
413531.4116729818	4568566.5671614204
413530.4177892471	4568566.4567298945
413529.4239055124	4568566.3462983686
413528.4300217777	4568566.2358668419
413527.4361380431	4568566.1254353160
413526.4422543084	4568566.0150037901
413525.4483705737	4568565.9045722643
413524.4543557018	4568565.7953371443
413523.4601486542	4568565.6878553005
413522.4659416066	4568565.5803734576
413521.4717345591	4568565.4728916148
413520.4775275116	4568565.3654097719
413519.4795058060	4568565.3036587248
413518.4812314328	4568565.2449367028
413517.4829570597	4568565.1862146808
413516.4846826865	4568565.1274926588
413515.4864083133	4568565.0687706368
413514.4881339402	4568565.0100486148
413513.4898595670	4568564.9513265928
413512.4915851938	4568564.8926045708
413511.4920645074	4568564.8685293254
413510.4921510612	4568564.8553725695
413509.4922376151	4568564.8422158137
413508.4923241689	4568564.8290590579
413507.4924107228	4568564.8159023020
413506.4924972767	4568564.8027455462
413505.4925838305	4568564.7895887895
413504.4926703844	4568564.7764320336
413503.4927569382	4568564.7632752778
413502.4928552223	4568564.7492700648
413501.4929602257	4568564.7347788336
413500.4930652291	4568564.7202876015
413499.4931702325	4568564.7057963703
413498.4932752360	4568564.6913051382
413497.4933802394	4568564.6768139070
413496.4934852428	4568564.6623226749
413495.4935902462	4568564.6478314428
413494.4937040523	4568564.6441021189
413493.4938340998	4568564.6602290533
413492.4939641472	4568564.6763559887
413491.4940941947	4568564.6924829232
413490.4942242421	4568564.7086098585
413489.4943542896	4568564.7247367930
413488.4944843371	4568564.7408637274
413487.4946143846	4568564.7569906628
413486.4979795804	4568564.8364210716
413485.5016748114	4568564.9223094136
413484.5053700425	4568565.0081977556
413483.5090652735	4568565.0940860976
413482.5127605045	4568565.1799744396
413481.5164557356	4568565.2658627825
413480.5201509666	4568565.3517511245
413479.5204513464	4568565.3587328587
413478.5204513464	4568565.3587328587
413477.5204513464	4568565.3587328587
413476.5204513464	4568565.3587328577
413475.5204513464	4568565.3587328577
413474.5204513464	4568565.3587328577
413473.5206878814	4568565.3795506302
413472.5209460459	4568565.4022720354
413471.5212042103	4568565.4249934414
413470.5214623748	4568565.4477148466
413469.5217205392	4568565.4704362517
413468.5351136353	4568565.6078165555
413467.5561332155	4568565.8117708098
413466.5771527958	4568566.0157250641
413466.0704771806	4568566.7381393248
413465.7763913318	4568567.6939183334
413465.4823054829	4568568.6496973420
413465.1882196340	4568569.6054763505
413464.8941337852	4568570.5612553591
413464.6000479363	4568571.5170343677
413464.3059620875	4568572.4728133772
413464.0118762387	4568573.4285923857
413463.7675793455	4568574.3970621126
413463.5682701937	4568575.3769987747
413463.3689610421	4568576.3569354368
413463.1696518904	4568577.3368720990
413462.9703427386	4568578.3168087611
413462.7710335870	4568579.2967454232
413462.5717244353	4568580.2766820863
413462.1353407139	4568580.9405193217
413461.1387949556	4568580.8574738428
413460.1422491974	4568580.7744283630
413459.1457034392	4568580.6913828831
413458.1491576809	4568580.6083374033
413457.1526119226	4568580.5252919234
413456.1560661644	4568580.4422464436
413455.2608476259	4568580.3034508657
413455.7241018351	4568579.4172254214
413456.1873560443	4568578.5309999771
413456.6506102536	4568577.6447745329
413457.1138644628	4568576.7585490895
413457.5771186721	4568575.8723236453
413457.9799630973	4568574.9741351716
413457.8894273513	4568573.9782419652
413457.7988916052	4568572.9823487587
413457.7083558591	4568571.9864555523
413457.6178201130	4568570.9905623458
413457.5272843670	4568569.9946691394
413457.4367486210	4568568.9987759320
413457.0792923376	4568568.1149733327
413456.4316439174	4568567.3530340148
413455.7839954971	4568566.5910946978
413455.0226937959	4568566.0437835362
413454.0284867484	4568565.9363016924
413453.0342797009	4568565.8288198495
413452.0400726533	4568565.7213380067
413451.0458656058	4568565.6138561629
413450.0471863051	4568565.6284777857
413449.0477803058	4568565.6629400617
413448.0483743064	4568565.6974023376
413447.0489683071	4568565.7318646135
413446.0495623077	4568565.7663268903
413445.0501563084	4568565.8007891662
413444.0507503090	4568565.8352514422
413443.0527920320	4568565.8983465303
413442.0550068742	4568565.9648655411
413441.0572217163	4568566.0313845510
413440.0594365584	4568566.0979035618
413439.0616514005	4568566.1644225717
413438.0638662427	4568566.2309415825
413437.0660810848	4568566.2974605924
413436.0682959269	4568566.3639796032
413435.0705107691	4568566.4304986130
413434.0727256112	4568566.4970176229
413433.0747971063	4568566.5592314498
413432.0747971063	4568566.5592314498
413431.0747971063	4568566.5592314498
413430.0747971063	4568566.5592314498
413429.0747971063	4568566.5592314498
413428.0747971063	4568566.5592314498
413427.0747971063	4568566.5592314498
413426.0747971063	4568566.5592314508
413425.0747971063	4568566.5592314508
413424.0747971063	4568566.5592314508
413423.0747971063	4568566.5592314508
413422.0747971063	4568566.5592314508
413421.0747971063	4568566.5592314508
413420.0771524108	4568566.5991489012
413419.0840912877	4568566.7167482451
413418.0910301645	4568566.8343475880
413417.0979690413	4568566.9519469319
413416.1049079180	4568567.0695462758
413415.1118467949	4568567.1871456187
413414.1187856717	4568567.3047449626
413413.1257245485	4568567.4223443065
413412.1326634253	4568567.5399436494
413411.1387086089	4568567.6466565160
413410.1397638790	4568567.6925850092
413409.1408191490	4568567.7385135032
413408.1418744191	4568567.7844419964
413407.1429296891	4568567.8303704895
413406.1439849592	4568567.8762989827
413405.1450402292	4568567.9222274767
413404.1460954992	4568567.9681559699
413403.1471507693	4568568.0140844630
413402.1482060394	4568568.0600129561
413401.1492613094	4568568.1059414502
413400.1497326644	4568568.1343874028
413399.1499496076	4568568.1552162170
413398.1501665509	4568568.1760450313
413397.1503834942	4568568.1968738446
413396.1506004375	4568568.2177026588
413395.1508173808	4568568.2385314731
413394.1593863021	4568568.3659740016
413393.1685561340	4568568.5010872064
413392.1777259659	4568568.6362004112
413391.1868957979	4568568.7713136151
413390.1960656298	4568568.9064268200
413389.2052354617	4568569.0415400248
413388.2144052937	4568569.1766532287
413387.2235751256	4568569.3117664335
413386.2327449575	4568569.4468796384
413385.2419147895	4568569.5819928423
413384.2486753154	4568569.6868219795
413383.2489456222	4568569.7100715069
413382.2492159290	4568569.7333210343
413381.2494862358	4568569.7565705627
413380.2497565426	4568569.7798200902
413379.2511837150	4568569.8164772736
413378.2622473622	4568569.9648177270
413377.2733110094	4568570.1131581804
413376.2843746565	4568570.2614986328
413375.2954383037	4568570.4098390862
413374.3065019508	4568570.5581795396
413373.3175655980	4568570.7065199921
413372.3286292451	4568570.8548604455
413371.3363898583	4568570.9786741231
413370.3434430651	4568571.0972349336
413369.3504962719	4568571.2157957451
413368.3575494787	4568571.3343565557
413367.3646026855	4568571.4529173672
413366.3716558924	4568571.5714781778
413365.3787090992	4568571.6900389893
413364.3857623060	4568571.8085997999
413363.3877410656	4568571.8475533025
413362.3877769729	4568571.8560275743
413361.3878128802	4568571.8645018460
413360.3878487875	4568571.8729761178
413359.3878846948	4568571.8814503904
413358.3879206021	4568571.8899246622
413357.3879565093	4568571.8983989339
413356.3879924166	4568571.9068732057
413355.3880283239	4568571.9153474784
413354.3880642312	4568571.9238217501
413353.3881001385	4568571.9322960218
413352.3881360458	4568571.9407702936
413351.3881719531	4568571.9492445663
413350.3882078604	4568571.9577188380
413349.3883094357	4568571.9712410253
413348.3884632938	4568571.9887821861
413347.3886171517	4568572.0063233459
413346.3887710097	4568572.0238645067
413345.3889248677	4568572.0414056676
413344.3890787257	4568572.0589468274
413343.3892325837	4568572.0764879882
413342.3951378862	4568572.1727489503
413341.4033600196	4568572.3007202875
413340.4115821529	4568572.4286916256
413339.4198042863	4568572.5566629628
413338.4280264197	4568572.6846343009
413337.4362485531	4568572.8126056381
413336.4444706865	4568572.9405769762
413335.4526928198	4568573.0685483133
413334.4609149532	4568573.1965196515
413333.4691370866	4568573.3244909896
413332.4773592199	4568573.4524623267
413331.4824034229	4568573.5448774640
413330.4836510840	4568573.5948150810
413329.4848987452	4568573.6447526980
413328.4861464063	4568573.6946903151
413327.4873940674	4568573.7446279321
413326.4926351593	4568573.8409402194
413325.5000487705	4568573.9624814102
413324.5074623818	4568574.0840226002
413323.5148759931	4568574.2055637911
413322.5222896044	4568574.3271049811
413321.5297032157	4568574.4486461710
413320.5317695402	4568574.4825221775
413319.5317695402	4568574.4825221775
413318.5317695402	4568574.4825221775
413317.5317695402	4568574.4825221775
413316.5317695402	4568574.4825221775
413315.5317695402	4568574.4825221775
413314.5317695402	4568574.4825221775
413313.5317695402	4568574.4825221784
413312.5317695402	4568574.4825221784
413311.5320143476	4568574.4932992654
413310.5330458074	4568574.5387069266
413309.5340772672	4568574.5841145879
413308.5351087270	4568574.6295222482
413307.5361401868	4568574.6749299094
413306.5371716466	4568574.7203375697
413305.5382031063	4568574.7657452310
413304.5392345661	4568574.8111528922
413303.5402660260	4568574.8565605525
413302.5412974857	4568574.9019682137
413301.5423289455	4568574.9473758740
413300.5433023981	4568574.9914790178
413299.5442462398	4568575.0349162417
413298.5451900814	4568575.0783534655
413297.5461339231	4568575.1217906903
413296.5470777647	4568575.1652279142
413295.5480216064	4568575.2086651390
413294.5489654480	4568575.2521023629
413293.5499092897	4568575.2955395868
413292.5505470459	4568575.3285748139
413291.5506653681	4568575.3439576095
413290.5507836903	4568575.3593404042
413289.5509020125	4568575.3747231998
413288.5510203347	4568575.3901059944
413287.5511386569	4568575.4054887900
413286.5512569790	4568575.4208715847
413285.5513753012	4568575.4362543803
413284.5514421247	4568575.4471180867
413283.5514695584	4568575.4545252910
413282.5514969921	4568575.4619324952
413281.5515244258	4568575.4693396995
413280.5515518595	4568575.4767469037
413279.5515792932	4568575.4841541080
413278.5516067269	4568575.4915613122
413277.5516341607	4568575.4989685155
413276.5516615944	4568575.5063757198
413275.5516890281	4568575.5137829240
413274.5517164618	4568575.5211901283
413273.5517438955	4568575.5285973325
413272.5517713292	4568575.5360045368
413271.5517987630	4568575.5434117410
413270.5518261966	4568575.5508189453
413269.5518536304	4568575.5582261495
413268.5519599209	4568575.5549853472
413267.5522067431	4568575.5327686099
413266.5524535653	4568575.5105518727
413265.5527003874	4568575.4883351354
413264.5529472096	4568575.4661183981
413263.5531940317	4568575.4439016599
413262.5534408539	4568575.4216849227
413261.5536876761	4568575.3994681854
413260.5539344982	4568575.3772514481
413259.5541813204	4568575.3550347108
413258.5544281426	4568575.3328179736
413257.5562776844	4568575.2790778112
413256.5594264889	4568575.1997828297
413255.5625752934	4568575.1204878483
413254.5657240980	4568575.0411928669
413253.5688729025	4568574.9618978854
413252.5720217070	4568574.8826029049
413251.5751705115	4568574.8033079235
413250.5783193160	4568574.7240129421
413249.5814681205	4568574.6447179606
413248.5846169251	4568574.5654229792
413247.5877657295	4568574.4861279977
413246.5891615767	4568574.4336363403
413245.5904739132	4568574.3824215885
413244.5917862497	4568574.3312068358
413243.5930985863	4568574.2799920840
413242.5944109228	4568574.2287773322
413241.5957232593	4568574.1775625804
413240.5970355958	4568574.1263478277
413239.5983479324	4568574.0751330759
413238.5996602689	4568574.0239183242
413237.6002136382	4568574.0023227409
413236.6002136382	4568574.0023227409
413235.6002136382	4568574.0023227409
413234.6002136382	4568574.0023227409
413233.6002136382	4568574.0023227409
413232.6002136382	4568574.0023227409
413231.6002136382	4568574.0023227409
413230.6002136382	4568574.0023227409
413229.6002871944	4568573.9908475075
413228.6003693670	4568573.9780280478
413227.6004515396	4568573.9652085891
413226.6005337123	4568573.9523891294
413225.6006158850	4568573.9395696707
413224.6006980576	4568573.9267502110
413223.6007802303	4568573.9139307514
413222.6008624029	4568573.9011112927
413221.6009445755	4568573.8882918330
413220.6009831570	4568573.8822728815
413219.6009831570	4568573.8822728815
413218.6009831570	4568573.8822728815
413217.6009831570	4568573.8822728815
413216.6009831570	4568573.8822728824
413215.6009831570	4568573.8822728824
413214.6009831570	4568573.8822728824
413213.6009831570	4568573.8822728824
413212.6018577883	4568573.9233991550
413211.6027619476	4568573.9659138713
413210.6036661069	4568574.0084285885
413209.6045702662	4568574.0509433048
413208.6054744256	4568574.0934580211
413207.6063785848	4568574.1359727383
413206.6072827442	4568574.1784874545
413205.6081869035	4568574.2210021708
413204.6090910628	4568574.2635168871
413203.6099952221	4568574.3060316043
413202.6108993814	4568574.3485463206
413201.6111955453	4568574.3624723190
413200.6111955453	4568574.3624723190
413199.6111955453	4568574.3624723190
413198.6111955453	4568574.3624723190
413197.6111955453	4568574.3624723190
413196.6111955453	4568574.3624723190
413195.6111955453	4568574.3624723190
413194.6185288653	4568574.4802619955
413193.6262509886	4568574.6042967308
413192.6339731119	4568574.7283314653
413191.6416952352	4568574.8523661997
413190.6494173585	4568574.9764009342
413189.6571394818	4568575.1004356686
413188.6648616051	4568575.2244704040
413187.6719696730	4568575.3429926122
413186.6767205724	4568575.4403539374
413185.6814714717	4568575.5377152627
413184.6862223710	4568575.6350765880
413183.6909732704	4568575.7324379133
413182.6957241697	4568575.8297992386
413181.7004750691	4568575.9271605639
413180.7052259684	4568576.0245218882
413179.7099768677	4568576.1218832135
413178.7147277671	4568576.2192445388
413177.7194786665	4568576.3166058641
413176.7259341174	4568576.4252630565
413175.7462718855	4568576.6259167669
413174.7666096536	4568576.8265704773
413173.7869474217	4568577.0272241868
413172.8072851898	4568577.2278778972
413171.8276229579	4568577.4285316076
413170.8479607260	4568577.6291853171
413169.8682984940	4568577.8298390275
413168.8886362622	4568578.0304927379
413167.9089740303	4568578.2311464474
413166.9293117983	4568578.4318001578
413165.9325374281	4568578.5049722455
413164.9346390655	4568578.5697708409
413163.9367407029	4568578.6345694363
413162.9388423403	4568578.6993680308
413161.9409439777	4568578.7641666261
413160.9430456151	4568578.8289652206
413159.9451472525	4568578.8937638160
413158.9472488899	4568578.9585624114
413157.9493505273	4568579.0233610058
413156.9661085367	4568578.8979763640
413155.9899214765	4568578.6810459057
413155.0137344162	4568578.4641154483
413154.0375473561	4568578.2471849900
413153.0613602959	4568578.0302545326
413152.0851732357	4568577.8133240743
413151.1089861755	4568577.5963936169
413150.1327991153	4568577.3794631585
413149.1566120552	4568577.1625327012
413148.1804249950	4568576.9456022428
413147.2042379348	4568576.7286717854
413146.3048657347	4568576.3233066620
413145.4552255686	4568575.7959437994
413144.6055854026	4568575.2685809378
413143.7559452365	4568574.7412180761
413142.8361021124	4568574.4020333318
413141.8486614804	4568574.2440428315
413140.8612208485	4568574.0860523302
413139.8679308294	4568573.9952018308
413138.8680455939	4568573.9800520549
413137.8681603583	4568573.9649022790
413136.8682751227	4568573.9497525031
413135.8686711855	4568573.9608683381
413134.8693397590	4568573.9974292433
413133.8700083323	4568574.0339901485
413132.8706769058	4568574.0705510536
413131.8713454791	4568574.1071119597
413130.8988991418	4568574.2985437708
413129.9457147088	4568574.6009333152
413128.9925302757	4568574.9033228597
413128.0393458427	4568575.2057124041
413127.0861614096	4568575.5081019485
413126.1329769766	4568575.8104914930
413125.1797925435	4568576.1128810374
413124.2266081105	4568576.4152705818
413123.2734236775	4568576.7176601263
413122.3092060411	4568576.9785042778
413121.3315850891	4568577.1888784068
413120.3539641371	4568577.3992525358
413119.3763431851	4568577.6096266648
413118.3987222330	4568577.8200007938
413117.4084541278	4568577.9349871194
413116.4097891428	4568577.9866422052
413115.4111241579	4568578.0382972900
413114.4125580127	4568578.0764095718
413113.4147533622	4568578.0101835988
413112.4169487117	4568577.9439576268
413111.4191440612	4568577.8777316539
413110.4213394107	4568577.8115056818
413109.4235347602	4568577.7452797089
413108.4257301097	4568577.6790537359
413107.4279254592	4568577.6128277639
413106.4301208087	4568577.5466017909
413105.4323161582	4568577.4803758189
413104.4345115077	4568577.4141498460
413103.4367068572	4568577.3479238730
413102.4389022067	4568577.2816979010
413101.4410975562	4568577.2154719280
413100.4421526316	4568577.1836440153
413099.4421526316	4568577.1836440153
413098.4421526316	4568577.1836440144
413097.4421526316	4568577.1836440144
413096.4435224448	4568577.1981563494
413095.4611838784	4568577.3852684572
413094.4788453120	4568577.5723805651
413093.4965067456	4568577.7594926730
413092.5141681792	4568577.9466047818
413091.5318296128	4568578.1337168897
413090.5356969428	4568578.2179190610
413089.5387585650	4568578.2961103059
413088.5418201871	4568578.3743015509
413087.5448818093	4568578.4524927959
413086.5479434315	4568578.5306840409
413085.5510050536	4568578.6088752858
413084.5582129841	4568578.7270632684
413083.5664351175	4568578.8550346056
413082.5746572509	4568578.9830059437
413081.5828793842	4568579.1109772818
413080.5911015176	4568579.2389486190
413079.5993236510	4568579.3669199571
413078.6075457844	4568579.4948912952
413077.6133492270	4568579.5799382953
413076.6134732042	4568579.5641922168
413075.6135971814	4568579.5484461375
413074.6137211586	4568579.5327000581
413073.6138451358	4568579.5169539787
413072.6139691130	4568579.5012079002
413071.6140930902	4568579.4854618208
413070.6142170673	4568579.4697157415
413069.6143410445	4568579.4539696621
413068.6144650217	4568579.4382235836
413067.6145889989	4568579.4224775042
413066.6147129761	4568579.4067314249
413065.6148369533	4568579.3909853455
413064.6149609305	4568579.3752392670
413063.6150849077	4568579.3594931876
413062.6152105303	4568579.3454342512
413061.6153671228	4568579.3631305955
413060.6155237154	4568579.3808269389
413059.6156803079	4568579.3985232823
413058.6158369005	4568579.4162196256
413057.6159934930	4568579.4339159690
413056.6161500855	4568579.4516123123
413055.6163066781	4568579.4693086557
413054.6164632706	4568579.4870050000
413053.6166198632	4568579.5047013434
413052.6167764557	4568579.5223976867
413051.6169330483	4568579.5400940301
413050.6170896408	4568579.5577903735
413049.6172462334	4568579.5754867168
413048.6173272402	4568579.5846412042
413047.6173272402	4568579.5846412042
413046.6173272402	4568579.5846412042
413045.6173272402	4568579.5846412042
413044.6173272402	4568579.5846412042
413043.6173272402	4568579.5846412042
413042.6173272402	4568579.5846412051
413041.6173272402	4568579.5846412051
413040.6173272402	4568579.5846412051
413039.6173272402	4568579.5846412051
413038.6173272402	4568579.5846412051
413037.6173272402	4568579.5846412051
413036.6173470532	4568579.5808766279
413035.6174024503	4568579.5703508947
413034.6174578474	4568579.5598251624
413033.6175132444	4568579.5492994292
413032.6175686415	4568579.5387736969
413031.6176240386	4568579.5282479636
413030.6176794356	4568579.5177222313
413029.6177348327	4568579.5071964981
413028.6177902297	4568579.4966707649
413027.6178456268	4568579.4861450326
413026.6179010239	4568579.4756192993
413025.6179564209	4568579.4650935670
413024.6181520277	4568579.4837610060
413023.6183546597	4568579.5038911542
413022.6185572917	4568579.5240213033
413021.6187599236	4568579.5441514514
413020.6189625556	4568579.5642815996
413019.6191651876	4568579.5844117478
413018.6193678195	4568579.6045418968
413017.6195704515	4568579.6246720450
413016.6197730834	4568579.6448021932
413015.6199757154	4568579.6649323422
413014.6201783474	4568579.6850624904
413013.6203809793	4568579.7051926386
413012.6205836113	4568579.7253227876
413011.6207862433	4568579.7454529358
413010.6209888753	4568579.7655830840
413009.6211915072	4568579.7857132321
413008.6213941392	4568579.8058433812
413007.6216633668	4568579.8278503893
413006.6229535974	4568579.8786322419
413005.6242438281	4568579.9294140944
413004.6255340587	4568579.9801959470
413003.6268242894	4568580.0309777996
413002.6281145200	4568580.0817596521
413001.6294047506	4568580.1325415047
413000.6306949812	4568580.1833233573
412999.6307347982	4568580.1848905021
412998.6307347982	4568580.1848905021
412997.6307347982	4568580.1848905031
412996.6307347982	4568580.1848905031
412995.6307347982	4568580.1848905031
412994.6307496600	4568580.1832852867
412993.6309210836	4568580.1647699419
412992.6310925074	4568580.1462545982
412991.6312639310	4568580.1277392535
412990.6314353547	4568580.1092239097
412989.6316067784	4568580.0907085650
412988.6317782020	4568580.0721932212
412987.6322593573	4568580.0425265832
412986.6329445236	4568580.0055149226
412985.6336296898	4568579.9685032619
412984.6343148561	4568579.9314916013
412983.6350000223	4568579.8944799416
412982.6356851885	4568579.8574682809
412981.6365474231	4568579.8170409827
412980.6387622652	4568579.7505219728
412979.6409771074	4568579.6840029620
412978.6431919495	4568579.6174839521
412977.6454067917	4568579.5509649413
412976.6476216338	4568579.4844459314
412975.6498364759	4568579.4179269206
412974.6520513181	4568579.3514079107
412973.6538644105	4568579.2912563346
412972.6556312588	4568579.2318376945
412971.6573981070	4568579.1724190544
412970.6591649553	4568579.1130004143
412969.6609318036	4568579.0535817742
412968.6626986519	4568578.9941631341
412967.6644655001	4568578.9347444940
412966.6662323484	4568578.8753258539
412965.6679991966	4568578.8159072138
412964.6697660450	4568578.7564885737
412963.6730321687	4568578.6764206514
412962.6766855195	4568578.5910195103
412961.6803388705	4568578.5056183692
412960.6839922214	4568578.4202172291
412959.6884018978	4568578.3266706327
412958.6933647075	4568578.2271669134
412957.6983275173	4568578.1276631951
412956.7032903271	4568578.0281594759
412955.7082531369	4568577.9286557566
412954.7132159467	4568577.8291520374
412953.7156478711	4568577.7976902965
412952.7159681786	4568577.8229986429
412951.7162884861	4568577.8483069893
412950.7166087936	4568577.8736153357
412949.7169291011	4568577.8989236820
412948.7172494086	4568577.9242320294
412947.7175697161	4568577.9495403757
412946.7178900236	4568577.9748487221
412945.7182103311	4568578.0001570685
412944.7185136732	4568578.0244337590
412943.7185423680	4568578.0320092998
412942.7185710629	4568578.0395848397
412941.7185997577	4568578.0471603805
412940.7186284525	4568578.0547359204
412939.7186571473	4568578.0623114612
412938.7186858421	4568578.0698870011
412937.7187145369	4568578.0774625419
412936.7187432318	4568578.0850380817
412935.7187719266	4568578.0926136225
412934.7188006214	4568578.1001891624
412933.7188293162	4568578.1077647023
412932.7188580110	4568578.1153402431
412931.7188867058	4568578.1229157830
412930.7189154006	4568578.1304913238
412929.7189440954	4568578.1380668636
412928.7190839349	4568578.1370087452
412927.7196390279	4568578.1036939146
412926.7201941209	4568578.0703790840
412925.7207492139	4568578.0370642543
412924.7213043070	4568578.0037494237
412923.7218594000	4568577.9704345930
412922.7224144930	4568577.9371197624
412921.7229695861	4568577.9038049327
412920.7235246790	4568577.8704901021
412919.7240797721	4568577.8371752715
412918.7246348651	4568577.8038604409
412917.7254512122	4568577.8035737937
412916.7266583751	4568577.8526947526
412915.7278655381	4568577.9018157115
412914.7290727010	4568577.9509366713
412913.7302798640	4568578.0000576302
412912.7314870269	4568578.0491785891
412911.7326941898	4568578.0982995490
412910.7338244581	4568578.1431261552
412909.7339133350	4568578.1297940072
412908.7340022121	4568578.1164618591
412907.7340910891	4568578.1031297110
412906.7341799662	4568578.0897975629
412905.7342688432	4568578.0764654139
412904.7343577203	4568578.0631332658
412903.7344465973	4568578.0498011177
412902.7345354744	4568578.0364689697
412901.7349465965	4568578.0175110810
412900.7400531902	4568577.9165798659
412899.7451597839	4568577.8156486508
412898.7502663777	4568577.7147174357
412897.7553729714	4568577.6137862206
412896.7604795651	4568577.5128550064
412895.7655861589	4568577.4119237913
412894.7706927526	4568577.3109925762
412893.7757993463	4568577.2100613611
412892.7772495142	4568577.1706940113
412891.7774033721	4568577.1531528505
412890.7775572301	4568577.1356116896
412889.7777110881	4568577.1180705298
412888.7778649461	4568577.1005293690
412887.7780188041	4568577.0829882082
412886.7781726621	4568577.0654470483
412885.7781889143	4568577.0635941559
412884.7781889143	4568577.0635941559
412883.7781889143	4568577.0635941559
412882.7781889143	4568577.0635941559
412881.7781889143	4568577.0635941559
412880.7802722383	4568577.1088287923
412879.7845055593	4568577.2007457167
412878.7887388803	4568577.2926626410
412877.7929722013	4568577.3845795654
412876.7972055222	4568577.4764964897
412875.8014388432	4568577.5684134141
412874.8056721642	4568577.6603303384
412873.8099054852	4568577.7522472627
412872.8123725363	4568577.8202655762
412871.8139121831	4568577.8757355958
412870.8154518299	4568577.9312056154
412869.8169914767	4568577.9866756350
412868.8180272724	4568578.0239930321
412867.8180272724	4568578.0239930321
412866.8180272724	4568578.0239930321
412865.8180272724	4568578.0239930321
412864.8180272724	4568578.0239930321
412863.8180272724	4568578.0239930321
412862.8180272724	4568578.0239930321
412861.8180272724	4568578.0239930321
412860.8180272724	4568578.0239930321
412859.8180272724	4568578.0239930321
412858.8180272724	4568578.0239930321
412857.8180272724	4568578.0239930321
412856.8180272724	4568578.0239930321
412855.8550977409	4568577.8386406898
412854.9320208178	4568577.4540253049
412854.0089438948	4568577.0694099208
412853.0858669717	4568576.6847945359
412852.1627900487	4568576.3001791509
412851.2397131257	4568575.9155637668
412850.3166362026	4568575.5309483819
412849.3935592796	4568575.1463329969
412848.4704823566	4568574.7617176119
412847.5474054335	4568574.3771022279
412846.6049093229	4568574.0561435977
412845.6243286472	4568573.8600274622
412844.6437479716	4568573.6639113268
412843.6631672959	4568573.4677951913
412842.6825866203	4568573.2716790568
412841.7020059446	4568573.0755629214
412840.7214252689	4568572.8794467859
412839.7408445933	4568572.6833306504
412838.7602639176	4568572.4872145150
412837.7830566200	4568572.2751173330
412836.8068695598	4568572.0581868747
412835.8306824996	4568571.8412564173
412834.8544954394	4568571.6243259590
412833.8783083792	4568571.4073955016
412832.8965592910	4568571.2426461643
412831.8965790681	4568571.2489353484
412830.8965988452	4568571.2552245324
412829.8966186224	4568571.2615137156
412828.8966383995	4568571.2678028997
412827.8966581766	4568571.2740920838
412826.8966779537	4568571.2803812670
412825.8966977308	4568571.2866704511
412824.8967175079	4568571.2929596351
412823.8967372850	4568571.2992488192
412822.8967570621	4568571.3055380024
412821.8967768392	4568571.3118271865
412820.8967966163	4568571.3181163706
412819.8968163935	4568571.3244055547
412818.8968361706	4568571.3306947378
412817.8968559477	4568571.3369839219
412816.8968757248	4568571.3432731060
412815.8968955019	4568571.3495622892
412814.8969152791	4568571.3558514733
412813.8969915147	4568571.3570715059
412812.8973994283	4568571.3285117317
412811.8978073418	4568571.2999519575
412810.8982152554	4568571.2713921834
412809.8986231689	4568571.2428324092
412808.8990310824	4568571.2142726360
412807.8994389960	4568571.1857128618
412806.8998469095	4568571.1571530877
412805.9002548231	4568571.1285933135
412804.9006627366	4568571.1000335403
412803.9010706501	4568571.0714737661
412802.9014785637	4568571.0429139920
412801.9018864772	4568571.0143542178
412800.9039633342	4568571.0459768167
412799.9074902932	4568571.1298903367
412798.9110172523	4568571.2138038557
412797.9145442114	4568571.2977173747
412796.9180711705	4568571.3816308938
412795.9215981295	4568571.4655444128
412794.9251250886	4568571.5494579328
412793.9286520477	4568571.6333714519
412792.9321790068	4568571.7172849709
412791.9357059659	4568571.8011984900
412790.9392329249	4568571.8851120099
412789.9436075080	4568571.9470429458
412788.9565547733	4568571.7866468765
412787.9695020388	4568571.6262508072
412786.9824493041	4568571.4658547379
412785.9953965695	4568571.3054586677
412785.0083438349	4568571.1450625984
412784.0212911002	4568570.9846665291
412783.0342383656	4568570.8242704598
412782.0471856310	4568570.6638743905
412781.0601328963	4568570.5034783212
412780.0692839356	4568570.4257678017
412779.0716865146	4568570.4950454002
412778.0740890936	4568570.5643229987
412777.0764916727	4568570.6336005973
412776.0788942517	4568570.7028781967
412775.0812968307	4568570.7721557952
412774.0836994098	4568570.8414333938
412773.0861019888	4568570.9107109923
412772.0885045678	4568570.9799885908
412771.0909071468	4568571.0492661893
412770.0933097259	4568571.1185437888
412769.0957123049	4568571.1878213873
412768.0981148840	4568571.2570989858
412767.1005174630	4568571.3263765844
412766.1029200420	4568571.3956541829
412765.1053226210	4568571.4649317814
412764.1077252001	4568571.5342093809
412763.1100603522	4568571.6006400082
412762.1103017814	4568571.5786672924
412761.1105432107	4568571.5566945765
412760.1107846399	4568571.5347218607
412759.1110260692	4568571.5127491448
412758.1112674984	4568571.4907764299
412757.1115089277	4568571.4688037140
412756.1117503570	4568571.4468309982
412755.1119917862	4568571.4248582823
412754.1122332155	4568571.4028855674
412753.1124746448	4568571.3809128515
412752.1126909595	4568571.3612258304
412751.1126909595	4568571.3612258304
412750.1126909595	4568571.3612258304
412749.1126909595	4568571.3612258304
412748.1126909595	4568571.3612258295
412747.1126909595	4568571.3612258295
412746.1126909595	4568571.3612258295
412745.1126909595	4568571.3612258295
412744.1126909595	4568571.3612258295
412743.1126909595	4568571.3612258295
412742.1126909595	4568571.3612258285
412741.1126909595	4568571.3612258285
412740.1126909595	4568571.3612258285
412739.1130524991	4568571.3422381170
412738.1137773338	4568571.3041704912
412737.1145021686	4568571.2661028663
412736.1152270033	4568571.2280352404
412735.1159518381	4568571.1899676155
412734.1166766728	4568571.1518999897
412733.1174015075	4568571.1138323648
412732.1181263423	4568571.0757647390
412731.1188511770	4568571.0376971141
412730.1195760118	4568570.9996294891
412729.1203008465	4568570.9615618633
412728.1210256813	4568570.9234942384
412727.1217505160	4568570.8854266126
412726.1220432070	4568570.9002481624
412725.1222794181	4568570.9219821580
412724.1225156294	4568570.9437161535
412723.1227518405	4568570.9654501481
412722.1229880517	4568570.9871841436
412721.1232242629	4568571.0089181392
412720.1234604740	4568571.0306521347
412719.1236966852	4568571.0523861302
412718.1239328964	4568571.0741201257
412717.1241691076	4568571.0958541213
412716.1244053187	4568571.1175881159
412715.1333524498	4568570.9993165266
412714.1439933144	4568570.8538225358
412713.1546341790	4568570.7083285460
412712.1652750437	4568570.5628345553
412711.1759159083	4568570.4173405655
412710.1865567729	4568570.2718465747
412709.1971976375	4568570.1263525849
412708.2078385020	4568569.9808585942
412707.2127118259	4568569.8972053025
412706.2135108672	4568569.8572372636
412705.2143099085	4568569.8172692256
412704.2151089498	4568569.7773011867
412703.2159079911	4568569.7373331478
412702.2167070324	4568569.6973651098
412701.2183254409	4568569.6420312123
412700.2205402830	4568569.5755122015
412699.2227551251	4568569.5089931916
412698.2249699672	4568569.4424741808
412697.2271848094	4568569.3759551710
412696.2293996515	4568569.3094361601
412695.2316144937	4568569.2429171503
412694.2338293358	4568569.1763981394
412693.2360441779	4568569.1098791296
412692.2382590201	4568569.0433601188
412691.2404738622	4568568.9768411089
412690.2442030880	4568568.8912670631
412689.2484364090	4568568.7993501388
412688.2526697300	4568568.7074332135
412687.2569030510	4568568.6155162891
412686.2611363720	4568568.5235993648
412685.2653696930	4568568.4316824405
412684.2696030140	4568568.3397655161
412683.2738363350	4568568.2478485918
412682.2745914590	4568568.2666386776
412681.2750186671	4568568.2958659530
412680.2754458752	4568568.3250932274
412679.2758730832	4568568.3543205019
412678.2763002912	4568568.3835477764
412677.2767274993	4568568.4127750518
412676.2771547073	4568568.4420023263
412675.2775819153	4568568.4712296007
412674.2780091234	4568568.5004568752
412673.2784363315	4568568.5296841497
412672.2788635395	4568568.5589114251
412671.2792907476	4568568.5881386995
412670.2797179556	4568568.6173659740
412669.2801451637	4568568.6465932485
412668.2805723717	4568568.6758205239
412667.2809995797	4568568.7050477983
412666.2814267878	4568568.7342750728
412665.2818539958	4568568.7635023473
412664.2822812039	4568568.7927296227
412663.2827084119	4568568.8219568972
412662.2837905756	4568568.8154054116
412661.2859571646	4568568.7496141978
412660.2881237535	4568568.6838229839
412659.2902903425	4568568.6180317700
412658.2924569315	4568568.5522405561
412657.2946235204	4568568.4864493422
412656.2967901094	4568568.4206581283
412655.2989566984	4568568.3548669145
412654.3011232873	4568568.2890757006
412653.3032898763	4568568.2232844867
412652.3054564653	4568568.1574932728
412651.3071956295	4568568.0991802448
412650.3083642334	4568568.0508496938
412649.3095328374	4568568.0025191419
412648.3107014413	4568567.9541885909
412647.3118700452	4568567.9058580389
412646.3130386491	4568567.8575274879
412645.3142072531	4568567.8091969360
412644.3153758570	4568567.7608663840
412643.3155435625	4568567.7431817744
412642.3156871684	4568567.7262350563
412641.3158307744	4568567.7092883382
412640.3159743803	4568567.6923416192
412639.3161179862	4568567.6753949011
412638.3162615922	4568567.6584481830
412637.3164051982	4568567.6415014639
412636.3172816270	4568567.6004859814
412635.3182462963	4568567.5565723404
412634.3192109655	4568567.5126586994
412633.3201756347	4568567.4687450575
412632.3211403039	4568567.4248314165
412631.3221049732	4568567.3809177754
412630.3230696424	4568567.3370041344
412629.3240343116	4568567.2930904934
412628.3249989809	4568567.2491768524
412627.3259636501	4568567.2052632114
412626.3269283193	4568567.1613495704
412625.3273599266	4568567.1868251087
412624.3277678401	4568567.2153848829
412623.3281757537	4568567.2439446570
412622.3285836673	4568567.2725044312
412621.3289915808	4568567.3010642054
412620.3293994943	4568567.3296239786
412619.3298074079	4568567.3581837527
412618.3302153214	4568567.3867435269
412617.3313303570	4568567.3675653962
412616.3330227237	4568567.3094115537
412615.3347150905	4568567.2512577102
412614.3364074573	4568567.1931038676
412613.3380998241	4568567.1349500250
412612.3397921908	4568567.0767961824
412611.3414845576	4568567.0186423389
412610.3431769244	4568566.9604884963
412609.3448692911	4568566.9023346538
412608.3465616579	4568566.8441808112
412607.3482540247	4568566.7860269677
412606.3499463914	4568566.7278731251
412605.3513604884	4568566.6792813092
412604.3513604884	4568566.6792813092
412603.3513604884	4568566.6792813092
412602.3513604884	4568566.6792813092
412601.3513604884	4568566.6792813092
412600.3513604884	4568566.6792813092
412599.3519161669	4568566.7004117025
412598.3532983375	4568566.7529705353
412597.3546805082	4568566.8055293681
412596.3560626788	4568566.8580882009
412595.3574448495	4568566.9106470346
412594.3588270202	4568566.9632058674
412593.3602091908	4568567.0157647002
412592.3615913615	4568567.0683235340
412591.3629735321	4568567.1208823668
412590.3667436129	4568567.1976379445
412589.3771158761	4568567.3412935836
412588.3874881394	4568567.4849492228
412587.3978604026	4568567.6286048619
412586.4082326658	4568567.7722605010
412585.4186049291	4568567.9159161402
412584.4289771923	4568568.0595717793
412583.4393494556	4568568.2032274185
412582.4419994278	4568568.2399294814
412581.4419994278	4568568.2399294814
412580.4419994278	4568568.2399294814
412579.8328837310	4568568.8943546889
412579.3587839080	4568569.7748257890
412578.8846840851	4568570.6552968882
412578.4105842621	4568571.5357679883
412577.9364844391	4568572.4162390884
412577.4623846160	4568573.2967101885
412576.9882847931	4568574.1771812886
412576.5141849701	4568575.0576523887
412576.0400851471	4568575.9381234879
412575.5659853241	4568576.8185945880
412575.0749565005	4568577.6877765981
412574.4443638755	4568578.4638905982
412573.8137712504	4568579.2400045982
412573.1831786254	4568580.0161185982
412572.5525860004	4568580.7922325982
412571.8639622785	4568581.4330770103
412570.8670001372	4568581.3551893430
412569.8700379958	4568581.2773016756
412568.8730758545	4568581.1994140083
412567.8761137132	4568581.1215263410
412566.8791515718	4568581.0436386736
412565.8821894304	4568580.9657510063
412564.8852272891	4568580.8878633389
412564.1877556969	4568580.4193282491
412563.8536877046	4568579.4767792709
412563.5196197123	4568578.5342302928
412563.1855517201	4568577.5916813146
412562.8514837278	4568576.6491323356
412562.5174157355	4568575.7065833574
412562.1833477433	4568574.7640343793
412561.8492797510	4568573.8214854011
412561.5152117587	4568572.8789364230
412561.1811437664	4568571.9363874439
412560.6221567693	4568571.2005707640
412559.7110488464	4568570.7884028945
412558.7999409235	4568570.3762350250
412557.8888330006	4568569.9640671555
412556.9777250777	4568569.5518992851
412556.0666171548	4568569.1397314155
412555.0828300970	4568569.0041744970
412554.0867923917	4568568.9152425593
412553.0907546864	4568568.8263106216
412552.0947169810	4568568.7373786839
412551.0986792757	4568568.6484467452
412550.1026415704	4568568.5595148075
412549.1062231995	4568568.4771068282
412548.1066017404	4568568.4495943105
412547.1069802814	4568568.4220817937
412546.1073588223	4568568.3945692759
412545.1077373633	4568568.3670567591
412544.1081159042	4568568.3395442413
412543.1084944452	4568568.3120317245
412542.1088729861	4568568.2845192067
412541.1092515271	4568568.2570066890
412540.1096300681	4568568.2294941721
412539.1100086090	4568568.2019816544
412538.1103871500	4568568.1744691376
412537.1107656909	4568568.1469566198
412536.1111439154	4568568.1203034846
412535.1115024596	4568568.1470795944
412534.1118610040	4568568.1738557052
412533.1122195483	4568568.2006318159
412532.1125780926	4568568.2274079267
412531.1129366370	4568568.2541840365
412530.1132951813	4568568.2809601473
412529.1136537256	4568568.3077362580
412528.1140122699	4568568.3345123688
412527.1143708143	4568568.3612884786
412526.1147293585	4568568.3880645894
412525.1150879029	4568568.4148407001
412524.1154464472	4568568.4416168109
412523.1158049915	4568568.4683929216
412522.1168123735	4568568.4490087917
412521.1183184438	4568568.3941464880
412520.1198245142	4568568.3392841844
412519.1213305845	4568568.2844218798
412518.1228366548	4568568.2295595761
412517.1243427251	4568568.1746972725
412516.1258487954	4568568.1198349688
412515.1273548657	4568568.0649726652
412514.1288609361	4568568.0101103606
412513.1303670064	4568567.9552480569
412512.1318730767	4568567.9003857533
412511.1325477927	4568567.8681107666
412510.1327224346	4568567.8494224427
412509.1328970766	4568567.8307341179
412508.1330717186	4568567.8120457940
412507.1332463606	4568567.7933574691
412506.1334210026	4568567.7746691443
412505.1335956446	4568567.7559808204
412504.1337702865	4568567.7372924956
412503.1339449286	4568567.7186041707
412502.1341195705	4568567.6999158468
412501.1342942125	4568567.6812275220
412500.1344688545	4568567.6625391971
412499.1346434965	4568567.6438508732
412498.1347388472	4568567.6490388932
412497.1348114188	4568567.6610862110
412496.1348839904	4568567.6731335297
412495.1349565619	4568567.6851808485
412494.1350291335	4568567.6972281663
412493.1351017051	4568567.7092754850
412492.1351742766	4568567.7213228038
412491.1352468482	4568567.7333701216
412490.1353194198	4568567.7454174403
412489.1353919914	4568567.7574647591
412488.1355448276	4568567.7747639045
412487.1357162513	4568567.7932792492
412486.1358876750	4568567.8117945930
412485.1360590987	4568567.8303099368
412484.1362305223	4568567.8488252806
412483.1364019460	4568567.8673406243
412482.1366676830	4568567.8698401088
412481.1371265039	4568567.8395509813
412480.1375853248	4568567.8092618547
412479.1380441456	4568567.7789727282
412478.1385449916	4568567.7473744312
412477.1391190444	4568567.7134955851
412476.1396930973	4568567.6796167400
412475.1402671502	4568567.6457378939
412474.1408412030	4568567.6118590487
412473.1414152559	4568567.5779802026
412472.1419893087	4568567.5441013575
412471.1424214800	4568567.5165104102
412470.1424845974	4568567.5052751638
412469.1425477147	4568567.4940399183
412468.1426108321	4568567.4828046728
412467.1426739494	4568567.4715694264
412466.1427370668	4568567.4603341809
412465.1428001842	4568567.4490989344
412464.1428633015	4568567.4378636889
412463.1429264189	4568567.4266284434
412462.1429895363	4568567.4153931970
412461.1430526537	4568567.4041579515
412460.1476543292	4568567.3260802133
412459.1553764525	4568567.2020454789
412458.1630985757	4568567.0780107444
412457.1708206989	4568566.9539760109
412456.1785428222	4568566.8299412765
412455.1862649454	4568566.7059065420
412454.1939870686	4568566.5818718076
412453.1994535426	4568566.4778903835
412452.2044163523	4568566.3783866651
412451.2093791621	4568566.2788829459
412450.2143419719	4568566.1793792266
412449.2193047817	4568566.0798755074
412448.2242675915	4568565.9803717881
412447.2292304013	4568565.8808680689
412446.2341932111	4568565.7813643506
412445.2391560209	4568565.6818606313
412444.2441188307	4568565.5823569121
412443.2490816405	4568565.4828531928
412442.2540444503	4568565.3833494736
412441.2560485023	4568565.3245587749
412440.2570799621	4568565.2791511137
412439.2581114219	4568565.2337434534
412438.2591428817	4568565.1883357922
412437.2601743415	4568565.1429281309
412436.2612058013	4568565.0975204706
412435.2622372611	4568565.0521128094
412434.2632687208	4568565.0067051481
412433.2643001807	4568564.9612974869
412432.2653316405	4568564.9158898266
412431.2663631002	4568564.8704821654
412430.2673945601	4568564.8250745041
412429.2684260198	4568564.7796668438
412428.2709718825	4568564.7115933951
412427.2748420325	4568564.6236995850
412426.2787121825	4568564.5358057739
412425.2825823325	4568564.4479119638
412424.2864524825	4568564.3600181537
412423.2903226324	4568564.2721243436
412422.2941927824	4568564.1842305334
412421.2980629324	4568564.0963367224
412420.3006885312	4568564.0315507771
412419.3008807095	4568564.0119467024
412418.3010728879	4568563.9923426276
412417.3012650662	4568563.9727385528
412416.3014572445	4568563.9531344781
412415.3016494229	4568563.9335304033
412414.3018416012	4568563.9139263285
412413.3020337795	4568563.8943222538
412412.3022259579	4568563.8747181790
412411.3024181362	4568563.8551141042
412410.3026103146	4568563.8355100285
412409.3028024929	4568563.8159059538
412408.3029983678	4568563.7961223964
412407.3032311937	4568563.7745446870
412406.3034640195	4568563.7529669786
412405.3036968453	4568563.7313892692
412404.3039296712	4568563.7098115608
412403.3041624971	4568563.6882338524
412402.3043953229	4568563.6666561430
412401.3046281488	4568563.6450784346
412400.3048609747	4568563.6235007253
412399.3050938006	4568563.6019230168
412398.3053266264	4568563.5803453075
412397.3055594522	4568563.5587675991
412396.3057922781	4568563.5371898897
412395.3060251040	4568563.5156121813
412394.3062579299	4568563.4940344729
412393.3064907557	4568563.4724567635
412392.3067235816	4568563.4508790551
412391.3069188094	4568563.4312672969
412390.3070576694	4568563.4146029446
412389.3071965294	4568563.3979385924
412388.3073353893	4568563.3812742401
412387.3074742493	4568563.3646098878
412386.3076131093	4568563.3479455356
412385.3077519692	4568563.3312811833
412384.3078635943	4568563.3178852433
412383.3078635943	4568563.3178852433
412382.3078635943	4568563.3178852433
412381.3078635943	4568563.3178852433
412380.3078635943	4568563.3178852433
412379.3078635943	4568563.3178852433
412378.3078635943	4568563.3178852433
412377.3078635943	4568563.3178852433
412376.3078635943	4568563.3178852433
412375.3083160231	4568563.3425509138
412374.3089886878	4568563.3792234762
412373.3096613524	4568563.4158960395
412372.3103340171	4568563.4525686018
412371.3110066818	4568563.4892411651
412370.3116793465	4568563.5259137275
412369.3123520111	4568563.5625862908
412368.3130246758	4568563.5992588531
412367.3136973405	4568563.6359314164
412366.3143700051	4568563.6726039788
412365.3150426699	4568563.7092765421
412364.3157153345	4568563.7459491044
412363.3163879992	4568563.7826216677
412362.3186047488	4568563.8453319045
412361.3219472275	4568563.9270251440
412360.3252897063	4568564.0087183835
412359.3286321851	4568564.0904116230
412358.3319746639	4568564.1721048625
412357.3353171427	4568564.2537981020
412356.3386596215	4568564.3354913415
412355.3412932009	4568564.3929691846
412354.3415635076	4568564.3697196571
412353.3418338145	4568564.3464701287
412352.3421041213	4568564.3232206013
412351.3423744281	4568564.2999710729
412350.3426447349	4568564.2767215455
412349.3429150417	4568564.2534720171
412348.3431853485	4568564.2302224897
412347.3434556553	4568564.2069729613
412346.3437259621	4568564.1837234339
412345.3439962690	4568564.1604739055
412344.3461637071	4568564.0960599286
412343.3485333786	4568564.0272578364
412342.3509030502	4568563.9584557451
412341.3532727218	4568563.8896536538
412340.3556423934	4568563.8208515616
412339.3580120650	4568563.7520494703
412338.3603817366	4568563.6832473781
412337.3626544111	4568563.6158677256
412336.3649191347	4568563.5486046737
412335.3671838583	4568563.4813416218
412334.3694485819	4568563.4140785690
412333.3717133055	4568563.3468155172
412332.3739780290	4568563.2795524653
412331.3762427526	4568563.2122894125
412330.3785074762	4568563.1450263606
412329.3807721998	4568563.0777633088
412328.3830369234	4568563.0105002560
412327.3849476153	4568562.9501327993
412326.3855698714	4568562.9148606434
412325.3861921274	4568562.8795884876
412324.3868143835	4568562.8443163317
412323.3874366396	4568562.8090441758
412322.3880588957	4568562.7737720199
412321.3886811518	4568562.7384998649
412320.3893034079	4568562.7032277090
412319.3899256640	4568562.6679555532
412318.3905479201	4568562.6326833973
412317.3911702500	4568562.5974091627
412316.3918073956	4568562.5617176322
412315.3924445413	4568562.5260261009
412314.3930816870	4568562.4903345704
412313.3937188326	4568562.4546430400
412312.3943559783	4568562.4189515095
412311.3949931239	4568562.3832599791
412310.3956302696	4568562.3475684486
412309.3962674152	4568562.3118769182
412308.3969045609	4568562.2761853868
412307.3975417065	4568562.2404938564
412306.3975962847	4568562.2374365069
412305.3975962847	4568562.2374365069
412304.3975962847	4568562.2374365069
412303.3975962847	4568562.2374365069
412302.3975962847	4568562.2374365069
412301.3975962847	4568562.2374365069
412300.3975962847	4568562.2374365069
412299.3975962847	4568562.2374365069
412298.3975962847	4568562.2374365069
412297.3975962847	4568562.2374365069
412296.3975962847	4568562.2374365069
412295.3975962847	4568562.2374365060
412294.3975962847	4568562.2374365060
412293.3975962847	4568562.2374365060
412292.3975962847	4568562.2374365060
412291.3975962847	4568562.2374365060
412290.3975962847	4568562.2374365060
412289.3975962847	4568562.2374365060
412288.3975962847	4568562.2374365060
412287.3975962847	4568562.2374365060
412286.3975962847	4568562.2374365069
412285.3975962847	4568562.2374365069
412284.3975962847	4568562.2374365069
412283.3975962847	4568562.2374365069
412282.3975962847	4568562.2374365069
412281.3982430602	4568562.2024986520
412280.3989282265	4568562.1654869914
412279.3996133927	4568562.1284753317
412278.4002985589	4568562.0914636711
412277.4009837252	4568562.0544520104
412276.4016688914	4568562.0174403498
412275.4023540576	4568561.9804286901
412274.4030392238	4568561.9434170295
412273.4037243900	4568561.9064053688
412272.4044338416	4568561.8858106369
412271.4052328829	4568561.9257786749
412270.4060319242	4568561.9657467129
412269.4068309654	4568562.0057147518
412268.4076300067	4568562.0456827898
412267.4084290480	4568562.0856508277
412266.4092280893	4568562.1256188657
412265.4100271305	4568562.1655869046
412264.4108261718	4568562.2055549426
412263.4114635483	4568562.2374365069
412262.4114635483	4568562.2374365069
412261.4114635483	4568562.2374365069
412260.4114635483	4568562.2374365069
412259.4114635483	4568562.2374365069
412258.4114635483	4568562.2374365069
412257.4114635483	4568562.2374365069
412256.4114635483	4568562.2374365069
412255.4114635483	4568562.2374365069
412254.4115830467	4568562.2226177370
412253.4117130942	4568562.2064908026
412252.4118431416	4568562.1903638672
412251.4119731891	4568562.1742369328
412250.4121032366	4568562.1581099983
412249.4122332841	4568562.1419830630
412248.4123633315	4568562.1258561285
412247.4126494884	4568562.1030046474
412246.4131083093	4568562.0727155209
412245.4135671301	4568562.0424263943
412244.4140259510	4568562.0121372677
412243.4144847718	4568561.9818481412
412242.4149435927	4568561.9515590146
412241.4154024135	4568561.9212698881
412240.4158612344	4568561.8909807615
412239.4163200552	4568561.8606916349
412238.4167788761	4568561.8304025084
412237.4172376970	4568561.8001133818
412236.4176965178	4568561.7698242553
412235.4181553386	4568561.7395351287
412234.4186141595	4568561.7092460021
412233.4190729804	4568561.6789568756
412232.4195318012	4568561.6486677490
412231.4199906221	4568561.6183786225
412230.4204494429	4568561.5880894959
412229.4209082638	4568561.5578003693
412228.4213670846	4568561.5275112428
412227.4216901814	4568561.5023656990
412226.4219425792	4568561.4798994614
412225.4221949770	4568561.4574332228
412224.4224473748	4568561.4349669842
412223.4226997725	4568561.4125007465
412222.4229521703	4568561.3900345080
412221.4232045681	4568561.3675682694
412220.4234569659	4568561.3451020308
412219.4237093636	4568561.3226357931
412218.4239617614	4568561.3001695545
412217.4242141592	4568561.2777033160
412216.4243178713	4568561.2907034522
412215.4244170432	4568561.3047865620
412214.4245162151	4568561.3188696727
412213.4246153871	4568561.3329527825
412212.4247145590	4568561.3470358932
412211.4248137309	4568561.3611190040
412210.4249129028	4568561.3752021138
412209.4250120747	4568561.3892852245
412208.4251027434	4568561.3914425746
412207.4251828491	4568561.3787853615
412206.4252629549	4568561.3661281476
412205.4253430607	4568561.3534709336
412204.4254231664	4568561.3408137197
412203.4255032721	4568561.3281565057
412202.4255833779	4568561.3154992927
412201.4256634836	4568561.3028420787
412200.4257435893	4568561.2901848648
412199.4258236951	4568561.2775276508
412198.4262815198	4568561.2474736106
412197.4267545567	4568561.2167189345
412196.4272275937	4568561.1859642584
412195.4277006306	4568561.1552095832
412194.4281736675	4568561.1244549071
412193.4286467044	4568561.0937002311
412192.4291197414	4568561.0629455550
412191.4295197643	4568561.0369379129
412190.4295197643	4568561.0369379129
412189.4295197643	4568561.0369379129
412188.4295197643	4568561.0369379129
412187.4295197643	4568561.0369379129
412186.4295197643	4568561.0369379120
412185.4295197643	4568561.0369379120
412184.4295197643	4568561.0369379120
412183.4295197643	4568561.0369379120
412182.4295197643	4568561.0369379120
412181.4296327511	4568561.0303827301
412180.4302267517	4568560.9959204542
412179.4308207524	4568560.9614581782
412178.4314147530	4568560.9269959023
412177.4320087537	4568560.8925336264
412176.4326027544	4568560.8580713505
412175.4331967550	4568560.8236090755
412174.4337907556	4568560.7891467996
412173.4343847563	4568560.7546845237
412172.4349787569	4568560.7202222478
412171.4355727576	4568560.6857599718
412170.4359369623	4568560.6943944832
412169.4362202886	4568560.7181972619
412168.4365036148	4568560.7420000397
412167.4367869411	4568560.7658028174
412166.4370702674	4568560.7896055952
412165.4373535936	4568560.8134083729
412164.4376369199	4568560.8372111507
412163.4379202461	4568560.8610139294
412162.4382035724	4568560.8848167071
412161.4384868986	4568560.9086194849
412160.4386649712	4568560.9270840222
412159.4387870191	4568560.9427071158
412158.4389090671	4568560.9583302084
412157.4390311151	4568560.9739533020
412156.4391531630	4568560.9895763947
412155.4392752110	4568561.0051994873
412154.4393972590	4568561.0208225809
412153.4395193070	4568561.0364456736
412152.4407727315	4568560.9877560483
412151.4420629622	4568560.9369741958
412150.4433531928	4568560.8861923432
412149.4446434235	4568560.8354104897
412148.4459336541	4568560.7846286371
412147.4472238847	4568560.7338467846
412146.4485141153	4568560.6830649320
412145.4551187453	4568560.5706961872
412144.4624728677	4568560.4496418126
412143.4698269902	4568560.3285874370
412142.4771811126	4568560.2075330615
412141.4845352351	4568560.0864786869
412140.4918893575	4568559.9654243113
412139.4992434799	4568559.8443699358
412138.5065976024	4568559.7233155612
412137.5139517248	4568559.6022611856
412136.5213058472	4568559.4812068101
412135.5219744797	4568559.4496505335
412134.5223600591	4568559.4218834667
412133.5227456385	4568559.3941163989
412132.5231312178	4568559.3663493320
412131.5235167971	4568559.3385822643
412130.5239023765	4568559.3108151974
412129.5242879559	4568559.2830481296
412128.5246735352	4568559.2552810628
412127.5250591145	4568559.2275139960
412126.5254446939	4568559.1997469282
412125.5258302733	4568559.1719798613
412124.5262158526	4568559.1442127936
412123.5266014319	4568559.1164457267
412122.5268202310	4568559.0955405599
412121.5270371743	4568559.0747117456
412120.5272541176	4568559.0538829323
412119.5274710608	4568559.0330541190
412118.5276880041	4568559.0122253047
412117.5279049474	4568558.9913964914
412116.5281218906	4568558.9705676781
412115.5283388339	4568558.9497388639
412114.5285557772	4568558.9289100505
412113.5287727205	4568558.9080812363
412112.5289896637	4568558.8872524230
412111.5291610728	4568558.8689380800
412110.5292793950	4568558.8535552854
412109.5293977172	4568558.8381724898
412108.5295160394	4568558.8227896951
412107.5296343616	4568558.8074069005
412106.5297526838	4568558.7920241049
412105.5298710060	4568558.7766413102
412104.5299893281	4568558.7612585146
412103.5306959315	4568558.7264014948
412102.5317089182	4568558.6814020798
412101.5327219050	4568558.6364026647
412100.5337348918	4568558.5914032497
412099.5347478785	4568558.5464038346
412098.5357608652	4568558.5014044195
412097.5367738520	4568558.4564050054
412096.5377868387	4568558.4114055904
412095.5387998254	4568558.3664061753
412094.5398128122	4568558.3214067603
412093.5408257990	4568558.2764073452
412092.5418387857	4568558.2314079301
412091.5428517724	4568558.1864085151
412090.5436010032	4568558.1618650975
412089.5437858632	4568558.1810923116
412088.5439707231	4568558.2003195258
412087.5441555831	4568558.2195467399
412086.5443404431	4568558.2387739541
412085.5445253030	4568558.2580011683
412084.5449545500	4568558.2695834767
412083.5484087917	4568558.1865379969
412082.5518630335	4568558.1034925170
412081.5553172753	4568558.0204470372
412080.5587715170	4568557.9374015573
412079.5622257588	4568557.8543560775
412078.5656800005	4568557.7713105977
412077.5691342423	4568557.6882651178
412076.5725884840	4568557.6052196380
412075.5774048608	4568557.5086153029
412074.5842542565	4568557.3917740555
412073.5911036522	4568557.2749328073
412072.5979530479	4568557.1580915600
412071.6048024436	4568557.0412503118
412070.6116518393	4568556.9244090645
412069.6169089525	4568556.8316109367
412068.6170237169	4568556.8164611608
412067.6171384814	4568556.8013113849
412066.6172532459	4568556.7861616081
412065.6173680103	4568556.7710118322
412064.6174827747	4568556.7558620553
412063.6175975392	4568556.7407122795
412062.6177123036	4568556.7255625026
412061.6199298346	4568556.6786614070
412060.6267792303	4568556.5618201597
412059.6336286260	4568556.4449789124
412058.6404780217	4568556.3281376651
412057.6473274174	4568556.2112964178
412056.6541768130	4568556.0944551695
412055.6610262087	4568555.9776139222
412054.6678756043	4568555.8607726749
412053.6747250000	4568555.7439314276
412052.6815743956	4568555.6270901803
412051.6884237913	4568555.5102489330
412050.6952731870	4568555.3934076848
412049.7021225827	4568555.2765664374
412048.7023031275	4568555.2635038225
412047.7023662448	4568555.2522685761
412046.7024293622	4568555.2410333306
412045.7024924796	4568555.2297980841
412044.7025555969	4568555.2185628386
412043.7026187143	4568555.2073275931
412042.7026818316	4568555.1960923467
412041.7027449490	4568555.1848571012
412040.7028080664	4568555.1736218557
412039.7028711837	4568555.1623866092
412038.7034605452	4568555.1364924097
412037.7052920486	4568555.0759973489
412036.7071235520	4568555.0155022889
412035.7089550554	4568554.9550072281
412034.7107865587	4568554.8945121681
412033.7126180621	4568554.8340171073
412032.7144495655	4568554.7735220473
412031.7162810688	4568554.7130269865
412030.7176942017	4568554.6611423716
412029.7183627751	4568554.6245814655
412028.7190313485	4568554.5880205594
412027.7196999219	4568554.5514596533
412026.7203684954	4568554.5148987481
412025.7210370688	4568554.4783378420
412024.7217056422	4568554.4417769359
412023.7223742156	4568554.4052160298
412022.7230427890	4568554.3686551237
412021.7237113624	4568554.3320942186
412020.7254305125	4568554.2765390966
412019.7281627580	4568554.2026674114
412018.7308950036	4568554.1287957253
412017.7336272491	4568554.0549240401
412016.7363594946	4568553.9810523540
412015.7390917402	4568553.9071806688
412014.7418239858	4568553.8333089836
412013.7445562313	4568553.7594372975
412012.7472884769	4568553.6855656123
412011.7500207224	4568553.6116939262
412010.7527529680	4568553.5378222410
412009.7554852135	4568553.4639505548
412008.7582174590	4568553.3900788696
412007.7609704188	4568553.3159285830
412006.7637434262	4568553.2415086580
412005.7665164335	4568553.1670887331
412004.7692894409	4568553.0926688081
412003.7720624483	4568553.0182488840
412002.7748354557	4568552.9438289590
412001.7776084630	4568552.8694090340
412000.7803814705	4568552.7949891090
411999.7831544779	4568552.7205691850
411998.7859274852	4568552.6461492600
411997.7887004926	4568552.5717293350
411996.7914735000	4568552.4973094100
411995.7942465074	4568552.4228894860
411994.7970195147	4568552.3484695610
411993.7997925222	4568552.2740496360
411992.8025655296	4568552.1996297110
411991.8042937760	4568552.1532483101
411990.8042937760	4568552.1532483101
411989.8042937760	4568552.1532483101
411988.8042937760	4568552.1532483101
411987.8042937760	4568552.1532483101
411986.8042937760	4568552.1532483101
411985.8042937760	4568552.1532483110
411984.8042937760	4568552.1532483110
411983.8042937760	4568552.1532483110
411982.8042937760	4568552.1532483110
411981.8042937760	4568552.1532483110
411980.8053225405	4568552.1227621622
411979.8075974423	4568552.0553483041
411978.8098723440	4568551.9879344469
411977.8121472457	4568551.9205205888
411976.8144221474	4568551.8531067306
411975.8166970491	4568551.7856928725
411974.8189719508	4568551.7182790143
411973.8212468525	4568551.6508651571
411972.8235217543	4568551.5834512990
411971.8245493761	4568551.5529990140
411970.8245493761	4568551.5529990140
411969.8245493761	4568551.5529990131
411968.8245493761	4568551.5529990131
411967.8245493761	4568551.5529990131
411966.8245493761	4568551.5529990122
411965.8245493761	4568551.5529990122
411964.8267483893	4568551.5140921278
411963.8331170428	4568551.4014122849
411962.8394856962	4568551.2887324411
411961.8458543496	4568551.1760525974
411960.8522230030	4568551.0633727545
411959.8585916565	4568550.9506929107
411958.8649603099	4568550.8380130678
411957.8713289633	4568550.7253332241
411956.8776976167	4568550.6126533803
411955.8840662702	4568550.4999735374
411954.8904349236	4568550.3872936936
411953.8968035770	4568550.2746138508
411952.9013483527	4568550.1804795871
411951.9048025945	4568550.0974341081
411950.9082568362	4568550.0143886283
411949.9117110779	4568549.9313431485
411948.9151653197	4568549.8482976686
411947.9186195614	4568549.7652521888
411946.9220738032	4568549.6822067089
411945.9255280450	4568549.5991612291
411944.9289822867	4568549.5161157493
411943.9324365285	4568549.4330702694
411942.9358907702	4568549.3500247896
411941.9396470711	4568549.2641517157
411940.9480466599	4568549.1348125311
411939.9564462487	4568549.0054733474
411938.9648458375	4568548.8761341628
411937.9732454263	4568548.7467949791
411936.9816450152	4568548.6174557954
411935.9900446040	4568548.4881166108
411934.9984441928	4568548.3587774271
411934.0068437816	4568548.2294382425
411933.0095814144	4568548.1716820523
411932.0099779252	4568548.1435242072
411931.0103744359	4568548.1153663630
411930.0107709466	4568548.0872085178
411929.0111674574	4568548.0590506736
411928.0115639681	4568548.0308928285
411927.0119604788	4568548.0027349843
411926.0123569895	4568547.9745771391
411925.0126819097	4568547.9515032284
411924.0126819097	4568547.9515032284
411923.0126819097	4568547.9515032275
411922.0126819097	4568547.9515032275
411921.0130359859	4568547.9274208425
411920.0134682314	4568547.8980217902
411919.0139004769	4568547.8686227389
411918.0143327225	4568547.8392236875
411917.0147649680	4568547.8098246353
411916.0151972135	4568547.7804255839
411915.0156294591	4568547.7510265326
411914.0160617046	4568547.7216274813
411913.0173189054	4568547.6734210569
411912.0190159644	4568547.6151867183
411911.0207130235	4568547.5569523806
411910.0224100826	4568547.4987180419
411909.0241071417	4568547.4404837042
411908.0258042008	4568547.3822493656
411907.0275012598	4568547.3240150269
411906.0291983189	4568547.2657806892
411905.0308953780	4568547.2075463505
411904.0325924371	4568547.1493120119
411903.0342894962	4568547.0910776742
411902.0359865552	4568547.0328433355
411901.0376836143	4568546.9746089978
411900.0393806734	4568546.9163746592
411899.0408496533	4568546.8629466668
411898.0415182268	4568546.8263857616
411897.0421868002	4568546.7898248555
411896.0428553736	4568546.7532639494
411895.0435239470	4568546.7167030433
411894.0441925204	4568546.6801421382
411893.0448610938	4568546.6435812321
411892.0455296673	4568546.6070203260
411891.0461982406	4568546.5704594208
411890.0468668140	4568546.5338985147
411889.0473038003	4568546.5074042408
411888.0473482972	4568546.4979706984
411887.0473927940	4568546.4885371560
411886.0474372909	4568546.4791036136
411885.0474817877	4568546.4696700713
411884.0475262846	4568546.4602365289
411883.0475707814	4568546.4508029856
411882.0476152782	4568546.4413694432
411881.0476597752	4568546.4319359008
411880.0477042720	4568546.4225023584
411879.0477487688	4568546.4130688161
411878.0477932657	4568546.4036352737
411877.0478377625	4568546.3942017313
411876.0500304805	4568546.3378972169
411875.0534043325	4568546.2558221221
411874.0567781845	4568546.1737470273
411873.0601520365	4568546.0916719334
411872.0635258885	4568546.0095968386
411871.0668997405	4568545.9275217438
411870.0702735925	4568545.8454466490
411869.0736474445	4568545.7633715551
411868.0770212966	4568545.6812964603
411867.0803951486	4568545.5992213655
411866.0823976843	4568545.5505060367
411865.0823976843	4568545.5505060367
411864.0823976843	4568545.5505060367
411863.0823976843	4568545.5505060367
411862.0823976843	4568545.5505060367
411861.0823976843	4568545.5505060367
411860.0823976843	4568545.5505060367
411859.0823976843	4568545.5505060377
411858.0823976843	4568545.5505060377
411857.0823976843	4568545.5505060377
411856.0823976843	4568545.5505060377
411855.0823976843	4568545.5505060377
411854.0823976843	4568545.5505060377
411853.0823976843	4568545.5505060377
411852.0823976843	4568545.5505060377
411851.0823976843	4568545.5505060377
411850.0823976843	4568545.5505060377
411849.0823976843	4568545.5505060377
411848.0823976843	4568545.5505060377
411847.0823976843	4568545.5505060377
411846.0823976843	4568545.5505060377
411845.0823976843	4568545.5505060377
411844.0823976843	4568545.5505060377
411843.0823976843	4568545.5505060377
411842.1034698859	4568545.3466369137
411841.1246111859	4568545.1420992743
411840.1457524860	4568544.9375616359
411839.1668937862	4568544.7330239974
411838.1880350863	4568544.5284863580
411837.2091763864	4568544.3239487195
411836.2303176865	4568544.1194110811
411835.2514589866	4568543.9148734417
411834.2564094640	4568543.8484551497
411833.2567845579	4568543.8210681658
411832.2571596516	4568543.7936811829
411831.2575347454	4568543.7662941990
411830.2579098392	4568543.7389072152
411829.2582849330	4568543.7115202313
411828.2586600267	4568543.6841332475
411827.2590351206	4568543.6567462636
411826.2595038413	4568543.6281276494
411825.2672259645	4568543.5040929150
411824.2749480878	4568543.3800581796
411823.2826702111	4568543.2560234452
411822.2903923344	4568543.1319887107
411821.2981144577	4568543.0079539763
411820.3058365810	4568542.8839192418
411819.3135587042	4568542.7598845074
411818.3212808275	4568542.6358497720
411817.3266717398	4568542.5492595509
411816.3266717398	4568542.5492595509
411815.3266717398	4568542.5492595509
411814.3266717398	4568542.5492595509
411813.3266717398	4568542.5492595509
411812.3266717398	4568542.5492595509
411811.3266717398	4568542.5492595509
411810.3266717398	4568542.5492595499
411809.3266717398	4568542.5492595499
411808.3266717398	4568542.5492595499
411807.3266717398	4568542.5492595499
411806.3266717398	4568542.5492595499
411805.3266717398	4568542.5492595499
411804.3266717398	4568542.5492595499
411803.3266717398	4568542.5492595499
411802.3752206125	4568542.2791175283
411801.4377953403	4568541.9309309991
411800.5003700682	4568541.5827444699
411799.5629447960	4568541.2345579406
411798.6072469764	4568540.9963359572
411797.6075930571	4568541.0226426395
411796.6079391377	4568541.0489493217
411795.6082852184	4568541.0752560031
411794.6086312990	4568541.1015626853
411793.6089773797	4568541.1278693676
411792.6093234603	4568541.1541760489
411791.6096695409	4568541.1804827312
411790.6100156216	4568541.2067894135
411789.6103617022	4568541.2330960948
411788.6107077829	4568541.2594027771
411787.6110538635	4568541.2857094584
411786.6113999441	4568541.3120161407
411785.6117460248	4568541.3383228229
411784.6126749642	4568541.3178675175
411783.6139873007	4568541.2666527657
411782.6152996372	4568541.2154380139
411781.6166119738	4568541.1642232612
411780.6179243103	4568541.1130085094
411779.6192366468	4568541.0617937576
411778.6205489833	4568541.0105790058
411777.6218613198	4568540.9593642531
411776.6231736564	4568540.9081495013
411775.6248777207	4568540.8508794671
411774.6279155794	4568540.7729917997
411773.6309534380	4568540.6951041333
411772.6339912967	4568540.6172164660
411771.6370291553	4568540.5393287987
411770.6400670139	4568540.4614411313
411769.6431048726	4568540.3835534649
411768.6461427312	4568540.3056657976
411767.6512242193	4568540.2069978295
411766.6581889832	4568540.0891800895
411765.6651537471	4568539.9713623496
411764.6721185110	4568539.8535446096
411763.6790832749	4568539.7357268697
411762.6860480387	4568539.6179091297
411761.6930128027	4568539.5000913898
411760.6972766409	4568539.4279632038
411759.6972766409	4568539.4279632038
411758.6972766409	4568539.4279632038
411757.6972766409	4568539.4279632038
411756.6972766409	4568539.4279632038
411755.7052928833	4568539.3131719492
411754.7149989061	4568539.1741833212
411753.7247049290	4568539.0351946931
411752.7344109518	4568538.8962060641
411751.7441169746	4568538.7572174361
411750.7538229974	4568538.6182288080
411749.7635290202	4568538.4792401800
411748.7644196520	4568538.4793068795
411747.7645018247	4568538.4921263382
411746.7645839973	4568538.5049457978
411745.7646661700	4568538.5177652566
411744.7647483426	4568538.5305847153
411743.7648305153	4568538.5434041750
411742.7649126879	4568538.5562236337
411741.7649948605	4568538.5690430924
411740.7650770332	4568538.5818625521
411739.7651642353	4568538.5801643850
411738.7652555303	4568538.5666521052
411737.7653468253	4568538.5531398254
411736.7654381204	4568538.5396275464
411735.7655294154	4568538.5261152666
411734.7656207104	4568538.5126029868
411733.7657120054	4568538.4990907069
411732.7658033005	4568538.4855784280
411731.7658945954	4568538.4720661482
411730.7691275460	4568538.4022890106
411729.7739301351	4568538.3044007411
411728.7787327242	4568538.2065124707
411727.7835353134	4568538.1086242003
411726.7883379025	4568538.0107359309
411725.7931404917	4568537.9128476605
411724.7979430808	4568537.8149593901
411723.8012642911	4568537.7472651703
411722.8012642911	4568537.7472651703
411721.8012642911	4568537.7472651703
411720.8012642911	4568537.7472651703
411719.8012642911	4568537.7472651703
411718.8012642911	4568537.7472651703
411717.8061506884	4568537.6829266734
411716.8176208057	4568537.5319012748
411715.8290909231	4568537.3808758752
411714.8405610404	4568537.2298504766
411713.8520311577	4568537.0788250780
411712.8635012750	4568536.9277996793
411711.8749713924	4568536.7767742807
411710.8864415097	4568536.6257488821
411709.8979116270	4568536.4747234834
411708.9029859552	4568536.3825973002
411707.9050798404	4568536.3179182000
411706.9071737256	4568536.2532390999
411705.9092676107	4568536.1885600006
411704.9113614959	4568536.1238809004
411703.9134553810	4568536.0592018003
411702.9155492662	4568535.9945227001
411701.9176431514	4568535.9298435999
411700.9197370365	4568535.8651645007
411699.9218309217	4568535.8004854005
411698.9239248068	4568535.7358063003
411697.9260186921	4568535.6711272001
411696.9281125772	4568535.6064480999
411695.9374988398	4568535.4769531172
411694.9501684686	4568535.3182750223
411693.9628380973	4568535.1595969265
411692.9755077260	4568535.0009188307
411691.9881773548	4568534.8422407359
411691.0008469835	4568534.6835626401
411690.0135166122	4568534.5248845452
411689.0157535735	4568534.4702532217
411688.0165743297	4568534.4297459554
411687.0173950859	4568534.3892386891
411686.0182158420	4568534.3487314219
411685.0190365981	4568534.3082241556
411684.0198573543	4568534.2677168893
411683.0206781104	4568534.2272096220
411682.0214988666	4568534.1867023557
411681.0223196227	4568534.1461950894
411680.0339941089	4568533.9942753958
411679.0457838716	4568533.8411724018
411678.0575736344	4568533.6880694069
411677.0693633971	4568533.5349664120
411676.0811531599	4568533.3818634180
411675.0929429226	4568533.2287604231
411674.1047326853	4568533.0756574282
411673.1165224480	4568532.9225544343
411672.1249581669	4568532.7990618367
411671.1275401325	4568532.7272477373
411670.1301220982	4568532.6554336390
411669.1327040638	4568532.5836195406
411668.1352860295	4568532.5118054422
411667.1378679951	4568532.4399913438
411666.1404499607	4568532.3681772454
411665.1430319264	4568532.2963631470
411664.1456138920	4568532.2245490486
411663.1481958577	4568532.1527349502
411662.1507778233	4568532.0809208518
411661.1533597890	4568532.0091067534
411660.1559417546	4568531.9372926541
411659.1585237202	4568531.8654785557
411658.1611056859	4568531.7936644573
411657.1630888452	4568531.7327813068
411656.1637947508	4568531.6952138599
411655.1645006566	4568531.6576464120
411654.1652065622	4568531.6200789651
411653.1659124679	4568531.5825115182
411652.1666183736	4568531.5449440712
411651.1673242793	4568531.5073766243
411650.1680301850	4568531.4698091764
411649.1687360907	4568531.4322417295
411648.1694419964	4568531.3946742825
411647.1701479021	4568531.3571068356
411646.1708538078	4568531.3195393886
411645.1715597135	4568531.2819719408
411644.1722656192	4568531.2444044938
411643.1729715248	4568531.2068370469
411642.1736774306	4568531.1692696000
411641.1750097064	4568531.1202082215
411640.1775510065	4568531.0489611719
411639.1800923067	4568530.9777141223
411638.1826336069	4568530.9064670717
411637.1851749071	4568530.8352200221
411636.1877162072	4568530.7639729716
411635.1902575074	4568530.6927259220
411634.1927988075	4568530.6214788714
411633.1953401077	4568530.5502318218
411632.1978814079	4568530.4789847713
411631.2004227081	4568530.4077377217
411630.2029640082	4568530.3364906721
411629.2068892656	4568530.2491990821
411628.2119633736	4568530.1485885987
411627.2170374816	4568530.0479781153
411626.2221115895	4568529.9473676318
411625.2271856976	4568529.8467571484
411624.2322598055	4568529.7461466650
411623.2373339135	4568529.6455361815
411622.2424080214	4568529.5449256981
411621.2474821295	4568529.4443152146
411620.2525562374	4568529.3437047312
411619.2576303454	4568529.2430942478
411618.2592193596	4568529.1922885710
411617.2599774779	4568529.1533570690
411616.2607355962	4568529.1144255670
411615.2614937145	4568529.0754940649
411614.2622518328	4568529.0365625639
411613.2630099511	4568528.9976310618
411612.2637680694	4568528.9586995598
411611.2645261876	4568528.9197680578
411610.2652843059	4568528.8808365557
411609.2665017015	4568528.8322656760
411608.2680849204	4568528.7760168435
411607.2696681393	4568528.7197680110
411606.2712513581	4568528.6635191785
411605.2728345770	4568528.6072703460
411604.2744177959	4568528.5510215126
411603.2760010148	4568528.4947726801
411602.2775842336	4568528.4385238476
411601.2794603767	4568528.3798297327
411600.2960071882	4568528.1986673027
411599.3125539996	4568528.0175048728
411598.3291008111	4568527.8363424428
411597.3456476226	4568527.6551800137
411596.3562215540	4568527.5271689454
411595.3570884809	4568527.4855384007
411594.3579554078	4568527.4439078560
411593.3588223347	4568527.4022773113
411592.3596892616	4568527.3606467675
411591.3605561885	4568527.3190162228
411590.3614231154	4568527.2773856781
411589.3622900423	4568527.2357551334
411588.3631569692	4568527.1941245897
411587.3640238961	4568527.2132610288
411586.3648908229	4568527.2548915735
411585.3657577498	4568527.2965221172
411584.3666246768	4568527.3381526619
411583.3674916036	4568527.3797832066
411582.3683585305	4568527.4214137504
411581.4017268619	4568527.1718670940
411580.4363634688	4568526.9109580684
411579.4710000758	4568526.6500490438
411578.5056366827	4568526.3891400192
411577.5297762936	4568526.1843802733
411576.5353537089	4568526.0789112113
411575.5409311243	4568525.9734421493
411574.5465085396	4568525.8679730874
411573.5520859548	4568525.7625040254
411572.5576633702	4568525.6570349624
411571.5632407855	4568525.5515659004
411570.5688182008	4568525.4460968385
411569.5726918664	4568525.4017799962
411568.5739395275	4568525.4517176133
411567.5751871887	4568525.5016552294
411566.5764348497	4568525.5515928464
411565.5776825109	4568525.6015304634
411564.5789301720	4568525.6514680795
411563.5801778331	4568525.7014056966
411562.5896241660	4568525.6876213700
411561.6360415010	4568525.3864900023
411560.6824588359	4568525.0853586337
411559.7288761708	4568524.7842272660
411558.7752935057	4568524.4830958974
411557.8038975479	4568524.2791289091
411556.8055078030	4568524.2224022187
411555.8071180581	4568524.1656755293
411554.8087283133	4568524.1089488389
411553.8103385684	4568524.0522221494
411552.8119488235	4568523.9954954591
411551.8135590786	4568523.9387687696
411550.8151693338	4568523.8820420802
411549.8167795889	4568523.8253153898
411548.8183898440	4568523.7685887003
411547.8200000992	4568523.7118620099
411546.8215253261	4568523.6566568995
411545.8230313964	4568523.6017945958
411544.8245374667	4568523.5469322922
411543.8260435370	4568523.4920699876
411542.8275496073	4568523.4372076839
411541.8290556777	4568523.3823453803
411540.8305617480	4568523.3274830757
411539.8320678183	4568523.2726207720
411538.8335738886	4568523.2177584684
411537.8350799590	4568523.1628961638
411536.8365860293	4568523.1080338601
411535.8370220594	4568523.0803521741
411534.8373053857	4568523.0565493964
411533.8375887120	4568523.0327466186
411532.8378720382	4568523.0089438409
411531.8381553645	4568522.9851410631
411530.8384386907	4568522.9613382844
411529.8387220170	4568522.9375355067
411528.8390053432	4568522.9137327289
411527.8392886695	4568522.8899299512
411526.8395719957	4568522.8661271734
411525.8438982514	4568522.7791928956
411524.8493117586	4568522.6752808737
411523.8547252657	4568522.5713688517
411522.8601387729	4568522.4674568297
411521.8655522801	4568522.3635448078
411520.8709657872	4568522.2596327867
411519.8763792944	4568522.1557207648
411518.8817928016	4568522.0518087428
411517.8861002524	4568521.9594000317
411516.8899358146	4568521.8718991019
411515.8937713767	4568521.7843981711
411514.8976069389	4568521.6968972413
411513.9014425011	4568521.6093963105
411512.9052780633	4568521.5218953798
411511.9091136254	4568521.4343944499
411510.9129491876	4568521.3468935192
411509.9167847498	4568521.2593925893
411508.9206203119	4568521.1718916586
411507.9244558741	4568521.0843907287
411506.9282914363	4568520.9968897980
411505.9321269985	4568520.9093888681
411504.9359625607	4568520.8218879374
411503.9397981228	4568520.7343870075
411502.9436336850	4568520.6468860768
411501.9474692472	4568520.5593851460
411500.9513048093	4568520.4718842162
411499.9556384805	4568520.3789118696
411498.9600497862	4568520.2850867575
411497.9644610919	4568520.1912616445
411496.9688723976	4568520.0974365324
411495.9732837033	4568520.0036114193
411494.9776950089	4568519.9097863073
411493.9821063146	4568519.8159611942
411492.9865176203	4568519.7221360821
411491.9909289260	4568519.6283109691
411490.9953402317	4568519.5344858570
411489.9997515374	4568519.4406607440
411489.0041628430	4568519.3468356319
411488.0085741487	4568519.2530105188
411487.0129854544	4568519.1591854068
411486.0173967601	4568519.0653602937
411485.0218080658	4568518.9715351816
411484.0262193714	4568518.8777100686
411483.0306306771	4568518.7838849565
411482.0350419828	4568518.6900598435
411481.0394532885	4568518.5962347314
411480.0438645942	4568518.5024096183
411479.0482758999	4568518.4085845063
411478.0526872056	4568518.3147593932
411477.0572397698	4568518.2194495834
411476.0618204426	4568518.1238443367
411475.0664011154	4568518.0282390909
411474.0709817882	4568517.9326338451
411473.0755624610	4568517.8370285993
411472.0801431338	4568517.7414233526
411471.0847238067	4568517.6458181068
411470.0893044794	4568517.5502128610
411469.0938851523	4568517.4546076143
411468.0984658251	4568517.3590023685
411467.1030464979	4568517.2633971227
411466.1076271708	4568517.1677918769
411465.1122078435	4568517.0721866302
411464.1167885164	4568516.9765813844
411463.1213691892	4568516.8809761386
411462.1259498620	4568516.7853708928
411461.1305305348	4568516.6897656461
411460.1351112076	4568516.5941604003
411459.1396918805	4568516.4985551545
411458.1442725533	4568516.4029499087
411457.1488532261	4568516.3073446620
411456.1527359627	4568516.2196895359
411455.1558847673	4568516.1403945535
411454.1590335718	4568516.0610995721
411453.1621823763	4568515.9818045907
411452.1653311809	4568515.9025096092
411451.1684799854	4568515.8232146278
411450.1716287899	4568515.7439196464
411449.1747775945	4568515.6646246640
411448.1779263990	4568515.5853296826
411447.1810752035	4568515.5060347011
411446.1842240081	4568515.4267397197
411445.1882620656	4568515.3370386465
411444.1924103985	4568515.2460471243
411443.1965587315	4568515.1550556011
411442.2007070644	4568515.0640640780
411441.2048553974	4568514.9730725558
411440.2090037304	4568514.8820810327
411439.2131520633	4568514.7910895096
411438.2173003962	4568514.7000979874
411437.2214487291	4568514.6091064643
411436.2255970621	4568514.5181149412
411435.2297453950	4568514.4271234190
411434.2338937280	4568514.3361318959
411433.2380420610	4568514.2451403728
411432.2421903939	4568514.1541488506
411431.2463387268	4568514.0631573275
411430.2504870598	4568513.9721658044
411429.2546353927	4568513.8811742822
411428.2587837256	4568513.7901827591
411427.2629320586	4568513.6991912359
411426.2670803915	4568513.6081997138
411425.2712287245	4568513.5172081906
411424.2753770575	4568513.4262166675
411423.2795253904	4568513.3352251453
411422.2837079529	4568513.2438643463
411421.2880984746	4568513.1502600359
411420.2924889964	4568513.0566557264
411419.2968795182	4568512.9630514160
411418.3012700399	4568512.8694471065
411417.3056605617	4568512.7758427961
411416.3100510834	4568512.6822384866
411415.3144416052	4568512.5886341771
411414.3188321269	4568512.4950298667
411413.3232226487	4568512.4014255572
411412.3276131705	4568512.3078212468
411411.3320036922	4568512.2142169373
411410.3363942140	4568512.1206126269
411409.3407847357	4568512.0270083174
411408.3450715058	4568511.9348353529
411407.3463705113	4568511.8838812206
411406.3476695168	4568511.8329270883
411405.3489685223	4568511.7819729559
411404.3502675278	4568511.7310188236
411403.3515665334	4568511.6800646912
411402.3528655388	4568511.6291105589
411401.3541645443	4568511.5781564265
411400.3554635499	4568511.5272022942
411399.3567625554	4568511.4762481619
411398.3580615609	4568511.4252940295
411397.3593605664	4568511.3743398972
411396.3623701366	4568511.3042111872
411395.3704203569	4568511.1775793005
411394.3784705774	4568511.0509474138
411393.3865207978	4568510.9243155271
411392.3945710181	4568510.7976836404
411391.4026212385	4568510.6710517537
411390.4106714590	4568510.5444198670
411389.4187216793	4568510.4177879803
411388.4267718997	4568510.2911560936
411387.4348221201	4568510.1645242060
411386.4428723405	4568510.0378923193
411385.4509225609	4568509.9112604326
411384.4566857767	4568509.8043108955
411383.4621285448	4568509.7001191853
411382.4675713129	4568509.5959274750
411381.4730140810	4568509.4917357648
411380.4784568491	4568509.3875440545
411379.4838996172	4568509.2833523452
411378.4893423852	4568509.1791606350
411377.4947851533	4568509.0749689247
411376.5002279214	4568508.9707772145
411375.5056706895	4568508.8665855043
411374.5111134576	4568508.7623937950
411373.5165562257	4568508.6582020847
411372.5210781779	4568508.5665237140
411371.5219823373	4568508.5240089977
411370.5228864965	4568508.4814942805
411369.5237906559	4568508.4389795642
411368.5246948152	4568508.3964648480
411367.5255989745	4568508.3539501308
411366.5265031338	4568508.3114354145
411365.5274072931	4568508.2689206982
411364.5283114524	4568508.2264059810
411363.5292156118	4568508.1838912647
411362.5301197710	4568508.1413765484
411361.5310239304	4568508.0988618312
411360.5332587541	4568508.0324785504
411359.5356284257	4568507.9636764582
411358.5379980973	4568507.8948743669
411357.5403677689	4568507.8260722747
411356.5427374404	4568507.7572701834
411355.5451071120	4568507.6884680921
411354.5474767836	4568507.6196659999
411353.5498464552	4568507.5508639086
411352.5522161267	4568507.4820618173
411351.5545857983	4568507.4132597251
411350.5569554699	4568507.3444576338
411349.5593251415	4568507.2756555425
411348.5616948130	4568507.2068534503
411347.5640644846	4568507.1380513590
411346.5683030959	4568507.0462326650
411345.5726418876	4568506.9531802153
411344.5769806793	4568506.8601277657
411343.5813194711	4568506.7670753160
411342.5856582628	4568506.6740228673
411341.5899970545	4568506.5809704177
411340.5943358462	4568506.4879179681
411339.5986746380	4568506.3948655194
411338.6030134297	4568506.3018130697
411337.6073522214	4568506.2087606201
411336.6116910131	4568506.1157081705
411335.6160298048	4568506.0226557218
411334.6203725032	4568505.9295616681
411333.6247930005	4568505.8356390735
411332.6292134978	4568505.7417164780
411331.6336339950	4568505.6477938835
411330.6380544923	4568505.5538712889
411329.6424749897	4568505.4599486943
411328.6468954869	4568505.3660260998
411327.6499841518	4568505.2883829754
411326.6523772592	4568505.2192419041
411325.6547703666	4568505.1501008319
411324.6571634740	4568505.0809597606
411323.6595565814	4568505.0118186884
411322.6619496888	4568504.9426776171
411321.6643427962	4568504.8735365449
411320.6667359036	4568504.8043954736
411319.6691290109	4568504.7352544013
411318.6715221183	4568504.6661133301
411317.6739152257	4568504.5969722578
411316.6763083331	4568504.5278311865
411315.6787014405	4568504.4586901143
411314.6810945478	4568504.3895490430
411313.6834876552	4568504.3204079708
411312.6858807626	4568504.2512668995
411311.6882738700	4568504.1821258273
411310.6906669773	4568504.1129847560
411309.6930600847	4568504.0438436838
411308.6954531921	4568503.9747026125
411307.6978462995	4568503.9055615403
411306.7002394069	4568503.8364204690
411305.7026325143	4568503.7672793968
411304.7050256217	4568503.6981383255
411303.7169948994	4568503.5685387608
411302.7468523992	4568503.3260031361
411301.7767098991	4568503.0834675105
411300.8065673990	4568502.8409318859
411299.8364248988	4568502.5983962603
411298.8662823987	4568502.3558606356
411297.8961398986	4568502.1133250101
411296.9259973985	4568501.8707893854
411295.9302794481	4568501.7913992228
411294.9324579516	4568501.7254275540
411293.9346364551	4568501.6594558842
411292.9368149586	4568501.5934842154
411291.9389934621	4568501.5275125457
411290.9411719656	4568501.4615408769
411289.9433504691	4568501.3955692081
411288.9455289726	4568501.3295975383
411287.9477074761	4568501.2636258695
411286.9498859796	4568501.1976541998
411285.9520644832	4568501.1316825310
411284.9542429867	4568501.0657108622
411283.9564214901	4568500.9997391924
411282.9585999936	4568500.9337675236
411281.9600964533	4568500.8827472590
411280.9604127464	4568500.8575979834
411279.9607290394	4568500.8324487079
411278.9610453325	4568500.8072994323
411277.9613616255	4568500.7821501568
411276.9616779186	4568500.7570008812
411275.9619942116	4568500.7318516057
411274.9623105047	4568500.7067023301
411273.9626267977	4568500.6815530546
411272.9629430908	4568500.6564037791
411271.9632593838	4568500.6312545035
411270.9635756769	4568500.6061052280
411269.9638919699	4568500.5809559524
411268.9642082629	4568500.5558066769
411267.9645245560	4568500.5306574013
411266.9648408491	4568500.5055081258
411265.9651571421	4568500.4803588502
411264.9654734351	4568500.4552095747
411263.9657897282	4568500.4300603000
411262.9672359472	4568500.3860537689
411261.9717019854	4568500.2916496862
411260.9761680235	4568500.1972456034
411259.9806340617	4568500.1028415207
411258.9851000998	4568500.0084374379
411257.9895661380	4568499.9140333552
411256.9940321762	4568499.8196292734
411255.9984982143	4568499.7252251906
411255.0029642525	4568499.6308211079
411254.0074302907	4568499.5364170251
411253.0118963288	4568499.4420129424
411252.0163623669	4568499.3476088597
411251.0208284051	4568499.2532047769
411250.0252944433	4568499.1588006942
411249.0290812617	4568499.0729237720
411248.0311559527	4568499.0085414946
411247.0332306438	4568498.9441592162
411246.0353053348	4568498.8797769388
411245.0373800259	4568498.8153946605
411244.0394547169	4568498.7510123821
411243.0415294079	4568498.6866301047
411242.0436040989	4568498.6222478263
411241.0456787900	4568498.5578655479
411240.0477534810	4568498.4934832705
411239.0498281720	4568498.4291009922
411238.0519028631	4568498.3647187147
411237.0539775541	4568498.3003364364
411236.0560522452	4568498.2359541580
411235.0581269362	4568498.1715718806
411234.0595137787	4568498.1234749816
411233.0597137188	4568498.1034789812
411232.0599136588	4568498.0834829798
411231.0601135988	4568498.0634869784
411230.0603135388	4568498.0434909770
411229.0605134788	4568498.0234949756
411228.0607134188	4568498.0034989752
411227.0609133589	4568497.9835029738
411226.0611132989	4568497.9635069724
411225.0613132390	4568497.9435109710
411224.0615131789	4568497.9235149706
411223.0617131189	4568497.9035189692
411222.0619130590	4568497.8835229678
411221.0621129990	4568497.8635269664
411220.0623129391	4568497.8435309650
411219.0625128791	4568497.8235349646
411218.0627128190	4568497.8035389632
411217.0629127591	4568497.7835429618
411216.0635658870	4568497.7513523502
411215.0650394666	4568497.6970846104
411214.0665130461	4568497.6428168695
411213.0679866256	4568497.5885491297
411212.0694602052	4568497.5342813889
411211.0709337847	4568497.4800136490
411210.0724073642	4568497.4257459082
411209.0738809438	4568497.3714781683
411208.0753545233	4568497.3172104284
411207.0768281028	4568497.2629426876
411206.0783016824	4568497.2086749477
411205.0812768180	4568497.1366734030
411204.0878415398	4568497.0222778255
411203.0944062617	4568496.9078822481
411202.1009709836	4568496.7934866706
411201.1075357054	4568496.6790910931
411200.1141004273	4568496.5646955157
411199.1206651491	4568496.4502999382
411198.1272298710	4568496.3359043607
411197.1337945928	4568496.2215087833
411196.1403593147	4568496.1071132058
411195.1469240366	4568495.9927176284
411194.1534887584	4568495.8783220509
411193.1600534803	4568495.7639264734
411192.1666182021	4568495.6495308960
411191.1731829240	4568495.5351353185
411190.1797476458	4568495.4207397411
411189.1863123677	4568495.3063441636
411188.1928770896	4568495.1919485871
411187.1994418114	4568495.0775530096
411186.2060065333	4568494.9631574322
411185.2121748664	4568494.8523656428
411184.2176255529	4568494.7480983762
411183.2230762393	4568494.6438311096
411182.2285269258	4568494.5395638421
411181.2339776122	4568494.4352965755
411180.2394282987	4568494.3310293090
411179.2448789851	4568494.2267620414
411178.2503296716	4568494.1224947749
411177.2557803581	4568494.0182275083
411176.2612310445	4568493.9139602417
411175.2666817310	4568493.8096929742
411174.2721324174	4568493.7054257076
411173.2775831039	4568493.6011584410
411172.2830337904	4568493.4968911735
411171.2884844768	4568493.3926239070
411170.2920319040	4568493.3159961887
411169.2925778673	4568493.2829563851
411168.2931238307	4568493.2499165824
411167.2936697940	4568493.2168767797
411166.2942157573	4568493.1838369770
411165.2947617206	4568493.1507971743
411164.2953076840	4568493.1177573716
411163.2958536473	4568493.0847175680
411162.2963996106	4568493.0516777653
411161.2969455739	4568493.0186379626
411160.2974915373	4568492.9855981600
411159.2980375006	4568492.9525583573
411158.2985834639	4568492.9195185546
411157.2991294272	4568492.8864787519
411156.2996753906	4568492.8534389483
411155.3056049781	4568492.7488261582
411154.3124543737	4568492.6319849109
411153.3193037694	4568492.5151436627
411152.3261531650	4568492.3983024154
411151.3330025607	4568492.2814611681
411150.3398519564	4568492.1646199208
411149.3467013521	4568492.0477786735
411148.3535507477	4568491.9309374262
411147.3592033162	4568491.8250948954
411146.3641661260	4568491.7255911762
411145.3691289358	4568491.6260874579
411144.3740917456	4568491.5265837386
411143.3790545554	4568491.4270800194
411142.3840173652	4568491.3275763001
411141.3889801750	4568491.2280725809
411140.3939429848	4568491.1285688616
411139.3989057946	4568491.0290651433
411138.4038686044	4568490.9295614241
411137.4088314142	4568490.8300577048
411136.4137942240	4568490.7305539856
411135.4187570338	4568490.6310502663
411134.4257442011	4568490.5151024777
411133.4362831370	4568490.3703032974
411132.4468220729	4568490.2255041171
411131.4573610087	4568490.0807049368
411130.4678999446	4568489.9359057574
411129.4784388804	4568489.7911065770
411128.4889778163	4568489.6463073967
411127.4995167522	4568489.5015082164
411126.5100556881	4568489.3567090370
411125.5205946239	4568489.2119098566
411124.5280443008	4568489.0946026556
411123.5311230677	4568489.0161931207
411122.5342018347	4568488.9377835859
411121.5372806018	4568488.8593740501
411120.5403593687	4568488.7809645152
411119.5434381358	4568488.7025549803
411118.5465169028	4568488.6241454445
411117.5495956698	4568488.5457359096
411116.5526744368	4568488.4673263747
411115.5557532038	4568488.3889168389
411114.5588319708	4568488.3105073040
411113.5672406822	4568488.1849437067
411112.5779700895	4568488.0388488937
411111.5886994968	4568487.8927540807
411110.5994289041	4568487.7466592677
411109.6101583114	4568487.6005644547
411108.6208877187	4568487.4544696407
411107.6316171260	4568487.3083748277
411106.6423465333	4568487.1622800147
411105.6530759406	4568487.0161852017
411104.6638053480	4568486.8700903887
411103.6745347553	4568486.7239955757
411102.6852641626	4568486.5779007617
411101.6959935699	4568486.4318059487
411100.7067229772	4568486.2857111357
411099.7174523845	4568486.1396163227
411098.7281817918	4568485.9935215097
411097.7389111991	4568485.8474266957
411096.7496406064	4568485.7013318827
411095.7603700138	4568485.5552370697
411094.7710994211	4568485.4091422567
411093.7818288284	4568485.2630474437
411092.7925582357	4568485.1169526298
411091.8032876430	4568484.9708578167
411090.8140170503	4568484.8247630037
411089.8247464577	4568484.6786681907
411088.8354758650	4568484.5325733777
411087.8462052723	4568484.3864785647
411086.8569346796	4568484.2403837508
411085.8676640869	4568484.0942889377
411084.8775574003	4568483.9539806256
411083.8873938005	4568483.8140662042
411082.8972302006	4568483.6741517819
411081.9070666007	4568483.5342373606
411080.9169030008	4568483.3943229383
411079.9267394009	4568483.2544085169
411078.9365758010	4568483.1144940946
411077.9464122010	4568482.9745796733
411076.9562486011	4568482.8346652510
411075.9660850012	4568482.6947508296
411074.9759214013	4568482.5548364082
411073.9836361508	4568482.4311627205
411072.9907593123	4568482.3120175004
411071.9978824738	4568482.1928722793
411071.0050056353	4568482.0737270592
411070.0121287969	4568481.9545818381
411069.0192519584	4568481.8354366180
411068.0263751199	4568481.7162913969
411067.0334982814	4568481.5971461767
411066.0406214429	4568481.4780009557
411065.0502549350	4568481.3400525218
411064.0608957996	4568481.1945585320
411063.0715366642	4568481.0490645412
411062.0821775288	4568480.9035705505
411061.0928183935	4568480.7580765607
411060.1034592581	4568480.6125825699
411059.1141001227	4568480.4670885792
411058.1247409873	4568480.3215945894
411057.1353818520	4568480.1761005986
411056.1460227166	4568480.0306066088
411055.1566635812	4568479.8851126181
411054.1673044458	4568479.7396186274
411053.1775202174	4568479.5971079133
411052.1868990882	4568479.4604705162
411051.1962779589	4568479.3238331191
411050.2056568297	4568479.1871957220
411049.2150357004	4568479.0505583249
411048.2244145712	4568478.9139209269
411047.2337934420	4568478.7772835298
411046.2431723128	4568478.6406461326
411045.2525511835	4568478.5040087355
411044.2619300543	4568478.3673713384
411043.2713089250	4568478.2307339413
411042.2810823465	4568478.0912735164
411041.2909583697	4568477.9510789709
411040.3008343929	4568477.8108844254
411039.3107104161	4568477.6706898799
411038.3205864392	4568477.5304953344
411037.3304624625	4568477.3903007889
411036.3403384857	4568477.2501062434
411035.3502145089	4568477.1099116979
411034.3600905321	4568476.9697171524
411033.3699665552	4568476.8295226078
411032.3798425785	4568476.6893280623
411031.3897186017	4568476.5491335168
411030.3995946248	4568476.4089389713
411029.4095000638	4568476.2685383447
411028.4196934903	4568476.1261201333
411027.4298869168	4568475.9837019211
411026.4400803433	4568475.8412837088
411025.4502737699	4568475.6988654975
411024.4604671964	4568475.5564472852
411023.4706606229	4568475.4140290730
411022.4808540494	4568475.2716108616
411021.4910474759	4568475.1291926494
411020.5012409024	4568474.9867744371
411019.5114343290	4568474.8443562258
411018.5216277555	4568474.7019380135
411017.5318211820	4568474.5595198013
411016.5420146085	4568474.4171015900
411015.5522080350	4568474.2746833777
411014.5624014616	4568474.1322651654
411013.5725948881	4568473.9898469532
411012.5845004517	4568473.8371570548
411011.6020139274	4568473.6508234041
411010.6195274031	4568473.4644897524
411009.6370408788	4568473.2781561017
411008.6545543545	4568473.0918224500
411007.6720678302	4568472.9054887993
411006.6895813059	4568472.7191551477
411005.7070947816	4568472.5328214969
411004.7246082573	4568472.3464878453
411003.7421217330	4568472.1601541946
411002.7596352087	4568471.9738205429
411001.7771486844	4568471.7874868922
411000.7946621601	4568471.6011532405
410999.8121756358	4568471.4148195898
410998.8293607153	4568471.2303837184
410997.8413896650	4568471.0757447714
410996.8534186148	4568470.9211058244
410995.8654475645	4568470.7664668774
410994.8774765143	4568470.6118279304
410993.8895054641	4568470.4571889834
410992.9015344139	4568470.3025500365
410991.9135633636	4568470.1479110895
410990.9255923134	4568469.9932721425
410989.9376212632	4568469.8386331955
410988.9496502130	4568469.6839942485
410987.9616791627	4568469.5293553015
410986.9737081125	4568469.3747163545
410985.9857370623	4568469.2200774075
410984.9983457229	4568469.0621529697
410984.0171113767	4568468.8693339936
410983.0358770304	4568468.6765150167
410982.0546426841	4568468.4836960407
410981.0734083378	4568468.2908770647
410980.0921739915	4568468.0980580878
410979.1109396452	4568467.9052391117
410978.1297052989	4568467.7124201348
410977.1484709526	4568467.5196011588
410976.1672366063	4568467.3267821828
410975.1860022600	4568467.1339632059
410974.2047679138	4568466.9411442298
410973.2235335675	4568466.7483252529
410972.2422992212	4568466.5555062769
410971.2610648748	4568466.3626873000
410970.2798305286	4568466.1698683240
410969.2985961823	4568465.9770493479
410968.3173618360	4568465.7842303710
410967.3361274897	4568465.5914113950
410966.3548931434	4568465.3985924181
410965.3736587971	4568465.2057734421
410964.3924244508	4568465.0129544660
410963.4111901045	4568464.8201354891
410962.4299557582	4568464.6273165131
410961.4487214120	4568464.4344975362
410960.4674870657	4568464.2416785602
410959.4862527194	4568464.0488595832
410958.5050183731	4568463.8560406072
410957.5234664884	4568463.6649543867
410956.5376217246	4568463.4972937126
410955.5517769607	4568463.3296330385
410954.5659321969	4568463.1619723644
410953.5800874331	4568462.9943116903
410952.5942426693	4568462.8266510163
410951.6083979055	4568462.6589903412
410950.6225531416	4568462.4913296672
410949.6367083778	4568462.3236689931
410948.6508636140	4568462.1560083190
410947.6650188502	4568461.9883476449
410946.6791740864	4568461.8206869708
410945.6933293226	4568461.6530262968
410944.7074845588	4568461.4853656227
410943.7216397950	4568461.3177049486
410942.7357950312	4568461.1500442745
410941.7499502673	4568460.9823836004
410940.7641055035	4568460.8147229264
410939.7805114316	4568460.6360634621
410938.8080512252	4568460.4029944874
410937.8355910189	4568460.1699255127
410936.8631308126	4568459.9368565371
410935.8906706062	4568459.7037875624
410934.9182103998	4568459.4707185877
410933.9457501935	4568459.2376496131
410932.9732899872	4568459.0045806374
410932.0008297808	4568458.7715116628
410931.0283695744	4568458.5384426881
410930.0559093681	4568458.3053737134
410929.0834491617	4568458.0723047387
410928.1109889554	4568457.8392357631
410927.1385287490	4568457.6061667884
410926.1660685427	4568457.3730978137
410925.1914663553	4568457.1499179183
410924.2097234494	4568456.9597052298
410923.2279805435	4568456.7694925414
410922.2462376376	4568456.5792798540
410921.2644947317	4568456.3890671656
410920.2827518258	4568456.1988544781
410919.3010089199	4568456.0086417897
410918.3192660139	4568455.8184291013
410917.3375231081	4568455.6282164138
410916.3557802022	4568455.4380037254
410915.3740372962	4568455.2477910370
410914.3922943903	4568455.0575783495
410913.4105514844	4568454.8673656611
410912.4288085785	4568454.6771529727
410911.4470656726	4568454.4869402852
410910.4653227667	4568454.2967275968
410909.4835798608	4568454.1065149093
410908.5018369549	4568453.9163022209
410907.5200940490	4568453.7260895325
410906.5383511431	4568453.5358768450
410905.5618209709	4568453.3212257903
410904.5879100620	4568453.0942950938
410903.6139991530	4568452.8673643963
410902.6400882441	4568452.6404336989
410901.6661773351	4568452.4135030014
410900.6922664261	4568452.1865723040
410899.7183555172	4568451.9596416065
410898.7444446082	4568451.7327109091
410897.7705336992	4568451.5057802116
410896.7966227903	4568451.2788495142
410895.8227118813	4568451.0519188168
410894.8488009724	4568450.8249881202
410893.8748900634	4568450.5980574228
410892.8987731164	4568450.3808189230
410891.9225860563	4568450.1638884656
410890.9463989961	4568449.9469580073
410889.9702119358	4568449.7300275499
410888.9940248757	4568449.5130970916
410888.0178378155	4568449.2961666342
410887.0416507553	4568449.0792361768
410886.0654636951	4568448.8623057185
410885.0892766349	4568448.6453752611
410884.1130895747	4568448.4284448028
410883.1369025145	4568448.2115143454
410882.1607154543	4568447.9945838870
410881.1845283941	4568447.7776534297
410880.2083413339	4568447.5607229723
410879.2321542737	4568447.3437925139
410878.2559672136	4568447.1268620566
410877.2797801534	4568446.9099315982
410876.3035930931	4568446.6930011408
410875.3274060330	4568446.4760706834
410874.3512189728	4568446.2591402251
410873.3750319126	4568446.0422097677
410872.4024960731	4568445.8094926579
410871.4301936983	4568445.5757661257
410870.4578913235	4568445.3420395935
410869.4855889487	4568445.1083130604
410868.5132865739	4568444.8745865282
410867.5409841991	4568444.6408599960
410866.5686818242	4568444.4071334638
410865.5963794494	4568444.1734069316
410864.6240770746	4568443.9396803984
410863.6517746998	4568443.7059538662
410862.6794723250	4568443.4722273340
410861.7071699502	4568443.2385008018
410860.7374327524	4568442.9959332952
410859.7910268870	4568442.6729535153
410858.8446210216	4568442.3499737363
410857.8982151562	4568442.0269939564
410856.9518092909	4568441.7040141765
410856.0054034255	4568441.3810343975
410855.0589975601	4568441.0580546176
410854.1125916948	4568440.7350748386
410853.1661858294	4568440.4120950587
410852.2197799640	4568440.0891152788
410851.2733740987	4568439.7661354998
410850.3269682333	4568439.4431557199
410849.3805623679	4568439.1201759400
410848.4341565026	4568438.7971961610
410847.4877506372	4568438.4742163811
410846.5413447718	4568438.1512366021
410845.5954807857	4568437.8267049901
410844.6537388741	4568437.4903685935
410843.7119969625	4568437.1540321959
410842.7702550508	4568436.8176957993
410841.8285131392	4568436.4813594026
410840.8867712275	4568436.1450230051
410839.9450293159	4568435.8086866084
410839.0032874043	4568435.4723502118
410838.0504693511	4568435.1688537234
410837.0973964258	4568434.8661129121
410836.1443235005	4568434.5633721007
410835.1912505751	4568434.2606312893
410834.2381776498	4568433.9578904780
410833.2851047244	4568433.6551496657
410832.3320317990	4568433.3524088543
410831.3789588737	4568433.0496680429
410830.4258859484	4568432.7469272316
410829.4728130230	4568432.4441864202
410828.5190763703	4568432.1435652040
410827.5635527824	4568431.8486505160
410826.6080291945	4568431.5537358280
410825.6525056066	4568431.2588211410
410824.6969820187	4568430.9639064530
410823.7414584308	4568430.6689917659
410822.7859348429	4568430.3740770780
410821.8304112550	4568430.0791623909
410820.8748876670	4568429.7842477029
410819.9193640792	4568429.4893330149
410818.9663876581	4568429.1872161301
410818.0379109672	4568428.8158254540
410817.1094342764	4568428.4444347769
410816.1809575855	4568428.0730441008
410815.2524808947	4568427.7016534237
410814.3240042039	4568427.3302627476
410813.3955275130	4568426.9588720715
410812.4670508222	4568426.5874813944
410811.5385741313	4568426.2160907183
410810.6100974405	4568425.8447000422
410809.6816207496	4568425.4733093651
410808.7531440588	4568425.1019186890
410807.8246673679	4568424.7305280128
410806.8961906771	4568424.3591373358
410805.9434318458	4568424.0658355486
410804.9680713841	4568423.8452183018
410803.9927109225	4568423.6246010540
410803.0173504608	4568423.4039838072
410802.0419899991	4568423.1833665594
410801.0666295374	4568422.9627493126
410800.0912690757	4568422.7421320649
410799.1159086141	4568422.5215148181
410798.1405481524	4568422.3008975703
410797.1651876907	4568422.0802803235
410796.1954657061	4568421.8400222296
410795.2516073497	4568421.5096718045
410794.3077489934	4568421.1793213803
410793.3638906369	4568420.8489709552
410792.4200322805	4568420.5186205311
410791.4761739241	4568420.1882701069
410790.5323155677	4568419.8579196818
410789.5884572113	4568419.5275692577
410788.6372521594	4568419.2197635202
410787.6799765183	4568418.9305865038
410786.7227008772	4568418.6414094865
410785.7654252360	4568418.3522324702
410784.8081495950	4568418.0630554538
410783.8508739539	4568417.7738784375
410782.8935983127	4568417.4847014202
410781.9363226716	4568417.1955244038
410780.9790470305	4568416.9063473875
410780.0217713894	4568416.6171703711
410779.0644957483	4568416.3279933538
410778.1072201071	4568416.0388163375
410777.1631796515	4568415.7113960600
410776.2319368717	4568415.3469967116
410775.3006940921	4568414.9825973632
410774.3694513124	4568414.6181980139
410773.4382085327	4568414.2537986655
410772.5069657529	4568413.8893993171
410771.5757229733	4568413.5249999687
410770.6444801936	4568413.1606006194
410769.7132374139	4568412.7962012710
410768.7845294946	4568412.4254291710
410767.8574194288	4568412.0506399954
410766.9303093630	4568411.6758508198
410766.0031992972	4568411.3010616452
410765.0760892314	4568410.9262724696
410764.1489791656	4568410.5514832940
410763.2226935102	4568410.1746669021
410762.2971465540	4568409.7960340567
410761.3715995979	4568409.4174012104
410760.4460526417	4568409.0387683650
410759.5205056856	4568408.6601355188
410758.5949587294	4568408.2815026734
410757.6694117732	4568407.9028698271
410756.7438648171	4568407.5242369818
410755.8183178609	4568407.1456041355
410754.8771142839	4568406.8078617677
410753.9353723723	4568406.4715253701
410752.9936304607	4568406.1351889735
410752.0518885491	4568405.7988525769
410751.1101466376	4568405.4625161793
410750.1684047260	4568405.1261797827
410749.2266628144	4568404.7898433851
410748.2849209028	4568404.4535069885
410747.3431789912	4568404.1171705909
410746.4014370796	4568403.7808341943
410745.4596951680	4568403.4444977976
410744.5179532565	4568403.1081614001
410743.5726641398	4568402.7821296109
410742.6234398234	4568402.4675295521
410741.6742155070	4568402.1529294932
410740.7249911907	4568401.8383294335
410739.7757668743	4568401.5237293746
410738.8265425579	4568401.2091293158
410737.8773182415	4568400.8945292560
410736.9280939252	4568400.5799291972
410735.9788696088	4568400.2653291384
410735.0296452925	4568399.9507290786
410734.0804209761	4568399.6361290198
410733.1311966597	4568399.3215289610
410732.1819723433	4568399.0069289012
410731.2327480270	4568398.6923288424
410730.2835237106	4568398.3777287835
410729.3342993942	4568398.0631287238
410728.3850750779	4568397.7485286649
410727.4358507615	4568397.4339286061
410726.4866264452	4568397.1193285463
410725.5374021288	4568396.8047284875
410724.5881778124	4568396.4901284287
410723.6389534960	4568396.1755283689
410722.6954493419	4568395.8450017627
410721.7629725026	4568395.4837719956
410720.8304956634	4568395.1225422295
410719.8980188241	4568394.7613124624
410718.9655419849	4568394.4000826962
410718.0330651456	4568394.0388529301
410717.1005883063	4568393.6776231630
410716.1681114671	4568393.3163933968
410715.2356346278	4568392.9551636297
410714.3031577886	4568392.5939338636
410713.3706809493	4568392.2327040974
410712.4382041100	4568391.8714743303
410711.5057272708	4568391.5102445642
410710.5732504315	4568391.1490147971
410709.6409143897	4568390.7874256149
410708.7111938852	4568390.4191597002
410707.7814733807	4568390.0508937864
410706.8517528761	4568389.6826278726
410705.9220323716	4568389.3143619578
410704.9923118671	4568388.9460960440
410704.0625913625	4568388.5778301302
410703.1328708580	4568388.2095642164
410702.2031503535	4568387.8412983017
410701.2734298490	4568387.4730323879
410700.3437093445	4568387.1047664741
410699.4139888400	4568386.7365005594
410698.4842683354	4568386.3682346456
410697.5545478309	4568385.9999687318
410696.6248273264	4568385.6317028170
410695.6951068219	4568385.2634369032
410694.7653863174	4568384.8951709894
410693.8356658128	4568384.5269050756
410692.9059453083	4568384.1586391609
410691.9762248038	4568383.7903732471
410691.0460437697	4568383.4232830312
410690.1135470041	4568383.0621047067
410689.1810502386	4568382.7009263812
410688.2485534730	4568382.3397480566
410687.3160567074	4568381.9785697320
410686.3835599419	4568381.6173914075
410685.4510631763	4568381.2562130829
410684.5185664107	4568380.8950347584
410683.5860696452	4568380.5338564338
410682.6535728796	4568380.1726781093
410681.7210761141	4568379.8114997838
410680.7885793485	4568379.4503214592
410679.8560825829	4568379.0891431347
410678.9235858174	4568378.7279648101
410677.9910890518	4568378.3667864855
410677.0585922862	4568378.0056081610
410676.1260955206	4568377.6444298364
410675.1935987551	4568377.2832515119
410674.2611019895	4568376.9220731873
410673.3270819912	4568376.5648557497
410672.3928636050	4568376.2081541838
410671.4586452189	4568375.8514526188
410670.5244268328	4568375.4947510529
410669.5902084466	4568375.1380494870
410668.6559900604	4568374.7813479211
410667.7217716743	4568374.4246463561
410666.7875532881	4568374.0679447902
410665.8533349020	4568373.7112432243
410664.9191165158	4568373.3545416584
410663.9848981297	4568372.9978400925
410663.0506797435	4568372.6411385275
410662.1164613574	4568372.2844369616
410661.1822429712	4568371.9277353957
410660.2480245850	4568371.5710338298
410659.3138061989	4568371.2143322648
410658.3795878127	4568370.8576306989
410657.4453694266	4568370.5009291330
410656.5111510404	4568370.1442275671
410655.5769326543	4568369.7875260022
410654.6427142681	4568369.4308244362
410653.6949094438	4568369.1132303765
410652.7407629562	4568368.8138903026
410651.7866164686	4568368.5145502277
410650.8324699810	4568368.2152101528
410649.8783234934	4568367.9158700788
410648.9241770058	4568367.6165300040
410647.9700305182	4568367.3171899300
410647.0158840306	4568367.0178498551
410646.0617375431	4568366.7185097802
410645.1075910554	4568366.4191697063
410644.1534445678	4568366.1198296314
410643.1992980803	4568365.8204895565
410642.2451515927	4568365.5211494826
410641.2745257420	4568365.2820084756
410640.3009511722	4568365.0536391325
410639.3273766025	4568364.8252697885
410638.3538020327	4568364.5969004454
410637.3802274629	4568364.3685311014
410636.4066528931	4568364.1401617583
410635.4330783233	4568363.9117924143
410634.4595037535	4568363.6834230712
410633.4859291837	4568363.4550537281
410632.5123546139	4568363.2266843840
410631.5586773473	4568362.9273240184
410630.6082324874	4568362.6164308395
410629.6577876276	4568362.3055376615
410628.7073427677	4568361.9946444826
410627.7568979078	4568361.6837513046
410626.8064530480	4568361.3728581266
410625.8560081881	4568361.0619649477
410624.9055633282	4568360.7510717697
410623.9551184683	4568360.4401785908
410623.0046736085	4568360.1292854128
410622.0542287486	4568359.8183922349
410621.1037838888	4568359.5074990559
410620.1533390289	4568359.1966058780
410619.2065006339	4568358.8752571717
410618.2665040792	4568358.5340732364
410617.3265075246	4568358.1928893020
410616.3865109700	4568357.8517053677
410615.4465144153	4568357.5105214324
410614.5065178607	4568357.1693374980
410613.5665213061	4568356.8281535637
410612.6265247514	4568356.4869696284
410611.6865281968	4568356.1457856940
410610.7465316421	4568355.8046017596
410609.8065350875	4568355.4634178244
410608.8665385329	4568355.1222338900
410607.9265419782	4568354.7810499556
410606.9865454236	4568354.4398660203
410606.0465488690	4568354.0986820860
410605.1065523143	4568353.7574981516
410604.1665557597	4568353.4163142173
410603.2244807307	4568353.0814876491
410602.2644807307	4568352.8014876489
410601.3044807308	4568352.5214876486
410600.3444807308	4568352.2414876483
410599.3844807308	4568351.9614876490
410598.4244807308	4568351.6814876487
410597.4644807308	4568351.4014876485
410596.5044807309	4568351.1214876482
410595.5444807309	4568350.8414876480
410594.5844807309	4568350.5614876477
410593.6244807309	4568350.2814876484
410592.6644807310	4568350.0014876481
410591.7094951869	4568349.7080222843
410590.8001872880	4568349.2918983307
410589.8908793890	4568348.8757743770
410588.9815714900	4568348.4596504234
410588.0722635911	4568348.0435264697
410587.1629556921	4568347.6274025152
410586.2536477932	4568347.2112785615
410585.3443398942	4568346.7951546079
410584.4350319952	4568346.3790306542
410583.5257240962	4568345.9629067006
410582.6164161973	4568345.5467827469
410581.7071082983	4568345.1306587933
410580.7978003993	4568344.7145348396
410579.8884925004	4568344.2984108860
410578.9791846014	4568343.8822869323
410578.0698767025	4568343.4661629777
410577.1443156781	4568343.0898210993
410576.2037617784	4568342.7501766356
410575.2632078788	4568342.4105321718
410574.3226539791	4568342.0708877081
410573.3821000794	4568341.7312432444
410572.4415461797	4568341.3915987806
410571.5009922800	4568341.0519543160
410570.5604383804	4568340.7123098522
410569.6198844807	4568340.3726653885
410568.6769875182	4568340.0397347948
410567.7293393054	4568339.7204185482
410566.7816910926	4568339.4011023026
410565.8340428798	4568339.0817860570
410564.8863946669	4568338.7624698114
410563.9387464542	4568338.4431535657
410562.9910982414	4568338.1238373201
410562.0434500285	4568337.8045210745
410561.0958018158	4568337.4852048289
410560.1481536029	4568337.1658885833
410559.2005053901	4568336.8465723377
410558.2528571773	4568336.5272560921
410557.3320203634	4568336.1405601613
410556.4240609788	4568335.7215019846
410555.5161015942	4568335.3024438070
410554.6081422096	4568334.8833856303
410553.7001828250	4568334.4643274527
410552.7922234403	4568334.0452692760
410551.8842640557	4568333.6262110984
410550.9350403142	4568333.3171361228
410549.9755089011	4568333.0355345123
410549.0159774879	4568332.7539329017
410548.0564460746	4568332.4723312911
410547.0969146614	4568332.1907296805
410546.1373832483	4568331.9091280699
410545.1778518351	4568331.6275264593
410544.2183204218	4568331.3459248487
410543.2587890087	4568331.0643232381
410542.2992575955	4568330.7827216275
410541.3397261822	4568330.5011200169
410540.3965553041	4568330.1766654616
410539.4934913194	4568329.7471594196
410538.5904273347	4568329.3176533785
410537.6873633501	4568328.8881473374
410536.7842993654	4568328.4586412953
410535.8812353808	4568328.0291352542
410534.9781713961	4568327.5996292131
410534.0751074114	4568327.1701231711
410533.1720434268	4568326.7406171300
410532.2689794421	4568326.3111110888
410531.3659154575	4568325.8816050468
410530.4667596528	4568325.4441181468
410529.5737432093	4568324.9940941120
410528.6807267657	4568324.5440700781
410527.7877103222	4568324.0940460432
410526.8946938787	4568323.6440220084
410526.0016774351	4568323.1939979745
410525.1086609916	4568322.7439739397
410524.2156445481	4568322.2939499058
410523.3226281046	4568321.8439258710
410522.4296116610	4568321.3939018361
410521.5365952175	4568320.9438778022
410520.6435787740	4568320.4938537674
410519.7505623304	4568320.0438297335
410518.8575458869	4568319.5938056987
410517.9645294434	4568319.1437816638
410517.0715129999	4568318.6937576300
410516.1784965563	4568318.2437335951
410515.2837831914	4568317.7971280823
410514.3853988305	4568317.3579179505
410513.4870144697	4568316.9187078187
410512.5886301088	4568316.4794976860
410511.6902457479	4568316.0402875543
410510.7918613871	4568315.6010774225
410509.8934770262	4568315.1618672898
410508.9950926653	4568314.7226571580
410508.0967083044	4568314.2834470263
410507.1983239436	4568313.8442368936
410506.2999395827	4568313.4050267618
410505.4015552218	4568312.9658166291
410504.5005862902	4568312.5320352549
410503.5932756836	4568312.1115742428
410502.6859650770	4568311.6911132298
410501.7786544705	4568311.2706522169
410500.8713438639	4568310.8501912048
410499.9640332574	4568310.4297301918
410499.0567226508	4568310.0092691788
410498.1494120442	4568309.5888081659
410497.2421014377	4568309.1683471538
410496.3347908312	4568308.7478861408
410495.4274802246	4568308.3274251278
410494.5186843513	4568307.9102035025
410493.6079966235	4568307.4971080385
410492.6973088957	4568307.0840125745
410491.7866211679	4568306.6709171105
410490.8759334402	4568306.2578216465
410489.9652457124	4568305.8447261825
410489.0545579846	4568305.4316307185
410488.1438702568	4568305.0185352536
410487.2331825291	4568304.6054397896
410486.3224948013	4568304.1923443256
410485.4118070735	4568303.7792488616
410484.5011193457	4568303.3661533976
410483.5904316179	4568302.9530579336
410482.6952667180	4568302.5080734286
410481.8083526338	4568302.0461390102
410480.9214385496	4568301.5842045909
410480.0345244654	4568301.1222701725
410479.1476103813	4568300.6603357531
410478.2606962971	4568300.1984013347
410477.3735163016	4568299.7369797835
410476.4848956446	4568299.2783368640
410475.5962749876	4568298.8196939444
410474.7076543307	4568298.3610510239
410473.8190336737	4568297.9024081044
410472.9304130167	4568297.4437651839
410472.0417923598	4568296.9851222644
410471.1531717028	4568296.5264793448
410470.2645510458	4568296.0678364243
410469.4088071329	4568295.5516370814
410468.5623463801	4568295.0191859631
410467.7158856272	4568294.4867348447
410466.8694248742	4568293.9542837255
410466.0229641213	4568293.4218326071
410465.1765033684	4568292.8893814888
410464.3300426155	4568292.3569303695
410463.4835818626	4568291.8244792512
410462.6371211097	4568291.2920281319
410461.7691694280	4568290.7954033166
410460.9009262859	4568290.2992643788
410460.0326831437	4568289.8031254401
410459.1644400016	4568289.3069865024
410458.2961968594	4568288.8108475637
410457.4279537173	4568288.3147086250
410456.5597105751	4568287.8185696872
410455.6914674330	4568287.3224307485
410454.8244553645	4568286.8241595849
410453.9606764637	4568286.3202885594
410453.0968975629	4568285.8164175339
410452.2331186621	4568285.3125465075
410451.3693397612	4568284.8086754819
410450.5055608604	4568284.3048044564
410449.6417819596	4568283.8009334309
410448.7426839223	4568283.3678901587
410447.8204895404	4568282.9811634822
410446.8982951585	4568282.5944368057
410445.9761007767	4568282.2077101301
410445.0539063948	4568281.8209834537
410444.1317120130	4568281.4342567772
410443.2095176311	4568281.0475301016
410442.2873232493	4568280.6608034251
410441.3684568409	4568280.2663136842
410440.4524998294	4568279.8650372792
410439.5365428180	4568279.4637608742
410438.6205858066	4568279.0624844693
410437.7046287951	4568278.6612080643
410436.7886717837	4568278.2599316593
410435.8727147723	4568277.8586552544
410434.9567577608	4568277.4573788494
410434.0408007493	4568277.0561024444
410433.1248437379	4568276.6548260394
410432.2088867264	4568276.2535496345
410431.2929297150	4568275.8522732295
410430.3769727036	4568275.4509968245
410429.4610156921	4568275.0497204196
410428.5757282498	4568274.5862095570
410427.6995123411	4568274.1042908067
410426.8232964325	4568273.6223720573
410425.9470805238	4568273.1404533079
410425.0708646151	4568272.6585345576
410424.1946487064	4568272.1766158082
410423.3184327977	4568271.6946970588
410422.4422168890	4568271.2127783084
410421.5660009803	4568270.7308595590
410420.6897850716	4568270.2489408087
410419.8135691629	4568269.7670220593
410418.9196359752	4568269.3192060003
410418.0215732672	4568268.8793385513
410417.1235105592	4568268.4394711023
410416.2254478512	4568267.9996036533
410415.3273851432	4568267.5597362053
410414.4293224352	4568267.1198687563
410413.5312597272	4568266.6800013073
410412.6331970191	4568266.2401338583
410411.7351343112	4568265.8002664102
410410.8370716031	4568265.3603989612
410409.9390088951	4568264.9205315122
410409.0409461871	4568264.4806640632
410408.1428834791	4568264.0407966152
410407.2786202753	4568263.5397380041
410406.4281167227	4568263.0137687018
410405.5776131701	4568262.4877993995
410404.7271096175	4568261.9618300973
410403.8766060649	4568261.4358607950
410403.0261025123	4568260.9098914927
410402.1755989598	4568260.3839221904
410401.3250954072	4568259.8579528881
410400.4745918546	4568259.3319835858
410399.6240883020	4568258.8060142836
410398.7735847495	4568258.2800449803
410397.9066135677	4568257.7817044752
410397.0393604708	4568257.2838369571
410396.1721073740	4568256.7859694380
410395.3048542771	4568256.2881019199
410394.4376011802	4568255.7902344009
410393.5703480834	4568255.2923668828
410392.7030949865	4568254.7944993647
410391.8358418896	4568254.2966318456
410390.9685887927	4568253.7987643275
410390.1013356959	4568253.3008968085
410389.2340825990	4568252.8030292904
410388.3668295021	4568252.3051617714
410387.4995764053	4568251.8072942533
410386.6323233084	4568251.3094267352
410385.7665334622	4568250.8092379188
410384.9433206764	4568250.2415049635
410384.1201078905	4568249.6737720072
410383.2968951047	4568249.1060390519
410382.4736823188	4568248.5383060956
410381.6504695329	4568247.9705731394
410380.8272567470	4568247.4028401840
410380.0040439611	4568246.8351072278
410379.1808311753	4568246.2673742725
410378.3576183894	4568245.6996413162
410377.5344056035	4568245.1319083609
410376.7111928176	4568244.5641754046
410375.8879800317	4568243.9964424483
410375.0657409272	4568243.4273050893
410374.2453427605	4568242.8555124281
410373.4249445938	4568242.2837197660
410372.6045464271	4568241.7119271047
410371.7841482604	4568241.1401344426
410370.9637500937	4568240.5683417805
410370.1433519270	4568239.9965491192
410369.3229537602	4568239.4247564571
410368.5025555936	4568238.8529637959
410367.6821574269	4568238.2811711337
410366.8889585040	4568237.6729775537
410366.1080896944	4568237.0482825069
410365.3272208849	4568236.4235874591
410364.5463520754	4568235.7988924114
410363.7654832659	4568235.1741973646
410362.9846144563	4568234.5495023169
410362.2037456468	4568233.9248072691
410361.4228768373	4568233.3001122223
410360.6420080277	4568232.6754171746
410359.8621931413	4568232.0494096130
410359.0835969566	4568231.4218843300
410358.3050007719	4568230.7943590470
410357.5264045872	4568230.1668337639
410356.7478084024	4568229.5393084800
410355.9692122177	4568228.9117831970
410355.1906160330	4568228.2842579139
410354.4120198483	4568227.6567326309
410353.6334236635	4568227.0292073470
410352.8548274788	4568226.4016820639
410352.0774708243	4568225.7726417696
410351.3081818614	4568225.1337407660
410350.5388928986	4568224.4948397633
410349.7696039358	4568223.8559387606
410349.0003149730	4568223.2170377569
410348.2310260101	4568222.5781367542
410347.4617370473	4568221.9392357515
410346.6924480845	4568221.3003347479
410345.9231591217	4568220.6614337452
410345.1538701589	4568220.0225327415
410344.4000576205	4568219.3654777873
410343.6474809257	4568218.7069731792
410342.8949042310	4568218.0484685712
410342.1423275363	4568217.3899639640
410341.3897508416	4568216.7314593559
410340.6371741469	4568216.0729547478
410339.8845974522	4568215.4144501397
410339.1320207575	4568214.7559455326
410338.3794440628	4568214.0974409245
410337.6268673681	4568213.4389363164
410336.8742906734	4568212.7804317083
410336.1217139787	4568212.1219271012
410335.3756933352	4568211.4563583927
410334.6629525072	4568210.7549309107
410333.9502116792	4568210.0535034286
410333.2374708512	4568209.3520759474
410332.5247300232	4568208.6506484654
410331.8119891952	4568207.9492209842
410331.0992483672	4568207.2477935022
410330.3865075392	4568206.5463660201
410329.6737667112	4568205.8449385390
410328.9610258832	4568205.1435110569
410328.2482850551	4568204.4420835758
410327.5543532816	4568203.7224276485
410326.8756111725	4568202.9880509404
410326.1968690633	4568202.2536742324
410325.5181269542	4568201.5192975244
410324.8393848451	4568200.7849208163
410324.1606427360	4568200.0505441083
410323.4819006268	4568199.3161674002
410322.8031585177	4568198.5817906922
410322.1244164086	4568197.8474139841
410321.4456742994	4568197.1130372761
410320.7669321903	4568196.3786605680
410320.1385579212	4568195.6016146224
410319.5257344019	4568194.8113948209
410318.9129108827	4568194.0211750194
410318.3000873635	4568193.2309552189
410317.6872638443	4568192.4407354174
410317.0744403250	4568191.6505156159
410316.4616168058	4568190.8602958145
410315.8476780567	4568190.0709448373
410315.2313697950	4568189.2834398365
410314.6150615332	4568188.4959348356
410313.9987532714	4568187.7084298339
410313.3824450096	4568186.9209248330
410312.7661367479	4568186.1334198322
410312.1498284861	4568185.3459148314
410311.5681104735	4568184.5349448891
410311.0642394479	4568183.6711659878
410310.5603684223	4568182.8073870875
410310.0564973968	4568181.9436081862
410309.5526263712	4568181.0798292849
410309.0487553456	4568180.2160503846
410308.5448843200	4568179.3522714833
410308.0410132945	4568178.4884925829
410307.5371422689	4568177.6247136816
410307.0395551860	4568176.7573006358
410306.5421710737	4568175.8897702070
410306.0447869614	4568175.0222397782
410305.5474028490	4568174.1547093494
410305.0500187367	4568173.2871789206
410304.5526346243	4568172.4196484918
410304.0552505120	4568171.5521180630
410303.5578663996	4568170.6845876342
410303.0604822873	4568169.8170572054
410302.5630981750	4568168.9495267766
410302.1308314409	4568168.0498151286
410301.7437924962	4568167.1277517602
410301.3567535515	4568166.2056883918
410300.9697146068	4568165.2836250234
410300.5826756620	4568164.3615616551
410300.1956367173	4568163.4394982867
410299.8085977726	4568162.5174349183
410299.4215588279	4568161.5953715499
410299.0345198832	4568160.6733081816
410298.6474809385	4568159.7512448132
410298.2596855935	4568158.8295072736
410297.8555217451	4568157.9148206702
410297.4513578968	4568157.0001340657
410297.0471940483	4568156.0854474613
410296.6430301999	4568155.1707608579
410296.2388663516	4568154.2560742535
410295.8814930471	4568153.3241080837
410295.5941451614	4568152.3662817981
410295.3067972758	4568151.4084555134
410295.0194493901	4568150.4506292278
410294.7321015044	4568149.4928029422
410294.4447536188	4568148.5349766575
410294.1574057331	4568147.5771503719
410293.8700578474	4568146.6193240872
410294.1427195439	4568145.6796380542
410294.4914532558	4568144.7424162030
410294.8401869678	4568143.8051943518
410295.1889206798	4568142.8679725006
410295.5376543917	4568141.9307506494
410295.8863881037	4568140.9935287982
410296.2351218157	4568140.0563069470
410296.5838555277	4568139.1190850968
410296.9325892396	4568138.1818632456
410297.2813229516	4568137.2446413944
410297.6300566636	4568136.3074195432
410297.9787903756	4568135.3701976920
410298.3275240876	4568134.4329758408
410298.6762577995	4568133.4957539896
410299.0249915115	4568132.5585321393
410299.3737252235	4568131.6213102881
410299.7729336125	4568130.7075006776
410300.2631948522	4568129.8359251404
410300.7534560919	4568128.9643496033
410301.2437173315	4568128.0927740661
410301.7339785712	4568127.2211985290
410302.2242398108	4568126.3496229919
410302.7145010505	4568125.4780474547
410303.2047622901	4568124.6064719176
410303.6950235298	4568123.7348963805
410304.1209339234	4568122.8325172756
410304.4923245997	4568121.9040405853
410304.8637152760	4568120.9755638940
410305.2351059523	4568120.0470872028
410305.5986365289	4568119.1175896535
410305.4767452274	4568118.1250461983
410305.3548539258	4568117.1325027430
410305.2329626243	4568116.1399592878
410305.1110713228	4568115.1474158326
410304.9891800212	4568114.1548723774
410304.8672887197	4568113.1623289222
410304.7633488679	4568112.1689180993
410304.7889814687	4568111.1692466680
410304.8146140695	4568110.1695752367
410304.8402466703	4568109.1699038064
410304.8658792711	4568108.1702323752
410305.1570797576	4568107.2689093668
410305.7887527087	4568106.4936743807
410306.4204256598	4568105.7184393955
410307.0520986110	4568104.9432044094
410307.6837715621	4568104.1679694243
410308.3154445132	4568103.3927344391
410308.9471174644	4568102.6174994530
410309.5787904155	4568101.8422644679
410310.1964494838	4568101.0579741234
410310.6436630793	4568100.1635469329
410311.0908766747	4568099.2691197414
410311.5380902701	4568098.3746925509
410311.9853038655	4568097.4802653594
410312.4325174610	4568096.5858381689
410313.1527759063	4568095.9330065465
410313.9860933558	4568095.3802118031
410314.8194108052	4568094.8274170598
410315.6527282546	4568094.2746223155
410316.4860457040	4568093.7218275722
410317.3193631534	4568093.1690328289
410318.1526806028	4568092.6162380856
410318.9859980523	4568092.0634433413
410319.8193155016	4568091.5106485980
410320.6526329511	4568090.9578538546
410321.4859504004	4568090.4050591113
410322.3192678499	4568089.8522643670
410323.1525852993	4568089.2994696237
410323.9859027487	4568088.7466748804
410324.8211669206	4568088.1968887979
410325.6668949829	4568087.6632746626
410326.5126230452	4568087.1296605282
410327.3583511074	4568086.5960463937
410328.2040791697	4568086.0624322593
410329.0498072320	4568085.5288181240
410329.8955352942	4568084.9952039896
410330.7412633564	4568084.4615898551
410331.5869914187	4568083.9279757198
410332.4327194810	4568083.3943615854
410333.2784475432	4568082.8607474510
410334.1241756055	4568082.3271333165
410334.9600311067	4568081.7790993061
410335.7634208343	4568081.1836457429
410336.5668105620	4568080.5881921798
410337.3702002896	4568079.9927386167
410338.1735900172	4568079.3972850544
410338.9769797448	4568078.8018314913
410339.7803694724	4568078.2063779281
410340.5837592000	4568077.6109243659
410341.3871489277	4568077.0154708028
410342.1905386553	4568076.4200172396
410342.9939283829	4568075.8245636765
410343.7973181105	4568075.2291101143
410344.6007078382	4568074.6336565511
410345.3372578441	4568073.9638164202
410346.0149388600	4568073.2284604236
410346.6926198759	4568072.4931044281
410347.3703008918	4568071.7577484325
410348.0479819078	4568071.0223924359
410348.7256629237	4568070.2870364403
410349.4033439396	4568069.5516804447
410350.0810249555	4568068.8163244491
410350.6833762664	4568068.0367591679
410350.9949269356	4568067.0865296274
410351.3064776048	4568066.1363000860
410351.6180282740	4568065.1860705456
410351.9295789432	4568064.2358410042
410352.2411296125	4568063.2856114628
410352.5526802817	4568062.3353819223
410352.8642309509	4568061.3851523809
410353.0479607521	4568060.4108487675
410353.1034307717	4568059.4123884141
410353.1589007913	4568058.4139280608
410353.2143708109	4568057.4154677074
410353.2096685577	4568056.4244497772
410352.9126020050	4568055.4695930015
410352.6155354523	4568054.5147362249
410352.3184688997	4568053.5598794483
410352.0214023470	4568052.6050226726
410351.7243357943	4568051.6501658959
410351.4272692417	4568050.6953091193
410351.1302026890	4568049.7404523436
410350.8331361363	4568048.7855955670
410350.5360695836	4568047.8307387903
410350.2390030310	4568046.8758820146
410349.9419364783	4568045.9210252380
410349.6448699256	4568044.9661684614
410349.3478033729	4568044.0113116857
410349.0507368202	4568043.0564549090
410348.7536702676	4568042.1015981324
410348.4566037149	4568041.1467413567
410348.0229283668	4568040.3500540862
410347.0350088404	4568040.1950863171
410346.0470893140	4568040.0401185490
410345.0591697876	4568039.8851507800
410344.0712502612	4568039.7301830109
410343.0833307348	4568039.5752152428
410342.0954112084	4568039.4202474738
410341.1074916820	4568039.2652797047
410340.1195721557	4568039.1103119357
410339.1316526293	4568038.9553441675
410338.1437331029	4568038.8003763985
410337.1558135764	4568038.6454086294
410336.1678940500	4568038.4904408604
410335.3786680787	4568038.9995454643
410334.6382127646	4568039.6716510570
410333.8977574505	4568040.3437566496
410333.1573021364	4568041.0158622423
410332.4168468223	4568041.6879678350
410331.6763915083	4568042.3600734277
410330.9359361942	4568043.0321790203
410330.1954808801	4568043.7042846130
410329.4550255661	4568044.3763902066
410328.7145702520	4568045.0484957993
410327.9964693770	4568045.7424774682
410327.3405355130	4568046.4972958341
410326.6846016489	4568047.2521142000
410326.0286677848	4568048.0069325659
410325.3727339207	4568048.7617509328
410324.7168000566	4568049.5165692987
410324.0608661925	4568050.2713876646
410323.4049323285	4568051.0262060314
410322.7489984643	4568051.7810243974
410322.0930646003	4568052.5358427633
410321.4371307362	4568053.2906611301
410320.7811968721	4568054.0454794960
410320.1252630080	4568054.8002978619
410319.4693291439	4568055.5551162278
410318.8133952798	4568056.3099345947
410318.1574614157	4568057.0647529606
410317.5015275516	4568057.8195713265
410316.8455936876	4568058.5743896933
410316.1896598235	4568059.3292080592
410315.5337259594	4568060.0840264251
410314.8777920953	4568060.8388447920
410314.2218582312	4568061.5936631579
410313.5659243671	4568062.3484815238
410312.9099905030	4568063.1032998906
410312.2540566389	4568063.8581182566
410311.5981227748	4568064.6129366225
410310.9421889108	4568065.3677549884
410310.2862550467	4568066.1225733552
410309.6303211826	4568066.8773917211
410308.9743873185	4568067.6322100870
410308.3184534544	4568068.3870284539
410307.6625195903	4568069.1418468198
410307.0065857262	4568069.8966651857
410306.3506518621	4568070.6514835525
410305.6947179981	4568071.4063019184
410305.0387841339	4568072.1611202843
410304.3828502699	4568072.9159386503
410303.5720657485	4568073.4923538156
410302.7324955914	4568074.0356050935
410301.8929254342	4568074.5788563713
410301.0533552771	4568075.1221076492
410300.2137851200	4568075.6653589280
410299.3742149628	4568076.2086102059
410298.5346448057	4568076.7518614838
410297.6950746485	4568077.2951127626
410296.8555044914	4568077.8383640405
410296.0159343342	4568078.3816153184
410295.1763641771	4568078.9248665972
410294.3367940200	4568079.4681178750
410293.4972238628	4568080.0113691529
410292.6576537057	4568080.5546204317
