%x	y
410352.9588329922	4568063.9759868560
410352.5809359948	4568064.9018345000
410352.2030389973	4568065.8276821431
410351.8251420000	4568066.7535297871
410351.4472450025	4568067.6793774310
410351.0693480051	4568068.6052250741
410350.6914510076	4568069.5310727181
410350.3135540103	4568070.4569203621
410349.9356570128	4568071.3827680061
410349.5577600154	4568072.3086156491
410349.1798630180	4568073.2344632931
410348.7876907846	4568074.1483631209
410347.9428717091	4568074.6834152024
410347.0980526336	4568075.2184672840
410346.2532335581	4568075.7535193646
410345.4084144825	4568076.2885714462
410344.5635954070	4568076.8236235268
410343.7187763314	4568077.3586756084
410342.8739572559	4568077.8937276900
410342.0291381803	4568078.4287797706
410341.1843191048	4568078.9638318522
410340.3395000292	4568079.4988839328
410339.4946809538	4568080.0339360144
410338.6498618782	4568080.5689880960
410337.8050428027	4568081.1040401766
410336.9602237271	4568081.6390922582
410336.1154046516	4568082.1741443397
410335.2705855760	4568082.7091964204
410334.4257665005	4568083.2442485020
410333.5809474250	4568083.7793005826
410332.7361283494	4568084.3143526642
410331.8913092739	4568084.8494047457
410331.0464901984	4568085.3844568264
410330.2016711228	4568085.9195089079
410329.3568520473	4568086.4545609886
410328.5120329717	4568086.9896130702
410327.6672138962	4568087.5246651517
410326.8223948207	4568088.0597172324
410325.9775757451	4568088.5947693139
410325.1327566696	4568089.1298213955
410324.2879375940	4568089.6648734761
410323.4393703834	4568090.1939282417
410322.5881995136	4568090.7188169444
410321.7370286439	4568091.2437056480
410320.8858577741	4568091.7685943507
410320.0346869044	4568092.2934830533
410319.1835160346	4568092.8183717569
410318.3323451649	4568093.3432604596
410317.4811742952	4568093.8681491623
410316.6300034254	4568094.3930378659
410315.7788325557	4568094.9179265685
410314.9276616859	4568095.4428152712
410314.0764908162	4568095.9677039748
410313.2253199464	4568096.4925926775
410312.3741490767	4568097.0174813801
410311.5229782069	4568097.5423700828
410310.9042214029	4568098.3263532268
410310.2902807893	4568099.1157054445
410309.6763401757	4568099.9050576622
410309.0623995621	4568100.6944098789
410308.4484589485	4568101.4837620966
410307.8345183350	4568102.2731143134
410307.2205777215	4568103.0624665311
410306.8955269869	4568104.0012338171
410306.6061374856	4568104.9584452445
410306.3167479844	4568105.9156566719
410306.0273584831	4568106.8728680992
410305.7379689819	4568107.8300795266
410305.4485794807	4568108.7872909540
410305.1591899794	4568109.7445023814
410304.8698004782	4568110.7017138088
410304.5804109769	4568111.6589252362
410304.4933606264	4568112.6398841748
410304.5532529171	4568113.6380890207
410304.6131452078	4568114.6362938657
410304.6730374985	4568115.6344987117
410304.7329297893	4568116.6327035567
410304.7928220800	4568117.6309084026
410304.8527143707	4568118.6291132476
410304.9126066614	4568119.6273180936
410304.9724989521	4568120.6255229386
410305.0323912429	4568121.6237277845
410304.9567924076	4568122.5787401963
410304.3302354958	4568123.3581158677
410303.7036785840	4568124.1374915382
410303.0771216723	4568124.9168672087
410302.4505647605	4568125.6962428801
410301.8240078488	4568126.4756185506
410301.1974509370	4568127.2549942220
410300.5708940252	4568128.0343698924
410299.9443371134	4568128.8137455629
410299.3177802017	4568129.5931212343
410298.6912232899	4568130.3724969048
410298.0646663782	4568131.1518725762
410297.4381094664	4568131.9312482467
410296.8115525546	4568132.7106239172
410296.4987065271	4568133.6244277144
410296.3665428070	4568134.6156556150
410296.2343790868	4568135.6068835156
410296.1022153667	4568136.5981114162
410295.9700516466	4568137.5893393168
410295.8378879265	4568138.5805672184
410295.7057242063	4568139.5717951190
410295.5735604862	4568140.5630230196
410295.4413967660	4568141.5542509202
410295.3092330459	4568142.5454788208
410295.1770693258	4568143.5367067214
410295.0449056056	4568144.5279346220
410294.8575337029	4568145.4893860817
410294.1018446204	4568146.1443166202
410293.3461555379	4568146.7992471596
410292.5904664554	4568147.4541776981
410291.8347773729	4568148.1091082366
410292.2650174267	4568148.9903868288
410292.7263701633	4568149.8776036305
410293.1877228999	4568150.7648204314
410293.6490756364	4568151.6520372331
410294.1104283731	4568152.5392540339
410294.5717811096	4568153.4264708357
410295.0331338462	4568154.3136876365
410295.4944865828	4568155.2009044373
410295.9558393194	4568156.0881212391
410296.4171920559	4568156.9753380399
410296.8785447925	4568157.8625548417
410297.4002500757	4568158.7080636322
410298.0670449354	4568159.4533049455
410298.7338397953	4568160.1985462587
410299.4006346550	4568160.9437875720
410300.0674295147	4568161.6890288852
410300.7328672528	4568162.4352822760
410301.2569646782	4568163.2869405923
410301.7810621037	4568164.1385989096
410302.3051595291	4568164.9902572259
410302.9991672684	4568165.7041374547
410303.7241667019	4568166.3928869162
410304.4491661355	4568167.0816363785
410305.1741655690	4568167.7703858409
410305.8991650026	4568168.4591353023
410306.5887781657	4568169.1741301045
410307.0374497160	4568170.0678268317
410307.4861212663	4568170.9615235589
410308.0162085091	4568171.7923963657
410308.7669220259	4568172.4530242607
410309.5176355427	4568173.1136521557
410310.2683490595	4568173.7742800508
410311.0036102522	4568174.4520013696
410311.7364037439	4568175.1324524684
410312.2728897622	4568175.9724906962
410312.7893829323	4568176.8287820052
410313.3058761024	4568177.6850733142
410313.8223692726	4568178.5413646223
410314.3388624428	4568179.3976559313
410314.8553556129	4568180.2539472394
410315.3718487831	4568181.1102385484
410315.8949908482	4568181.9624255830
410316.4289838401	4568182.8079144852
410316.9667894199	4568183.6508407919
410317.5480276132	4568184.4645742634
410318.1292658065	4568185.2783077350
410318.7220440075	4568186.0835109251
410319.3294941152	4568186.8778687576
410319.9369442229	4568187.6722265901
410320.5443943305	4568188.4665844236
410321.1541099100	4568189.2591226948
410321.7987071625	4568190.0236450182
410322.4433044150	4568190.7881673407
410323.0879016675	4568191.5526896631
410323.7324989201	4568192.3172119865
410324.3770961726	4568193.0817343090
410325.0216934251	4568193.8462566314
410325.6745472227	4568194.6034806408
410326.3541703410	4568195.3370421017
410327.0337934593	4568196.0706035635
410327.7134165776	4568196.8041650243
410328.3930396959	4568197.5377264852
410329.0726628143	4568198.2712879460
410329.7522859326	4568199.0048494069
410330.4319090509	4568199.7384108678
410331.1115321692	4568200.4719723286
410331.7911552876	4568201.2055337895
410332.4983700511	4568201.9121847078
410333.2147188608	4568202.6099270554
410333.9310676705	4568203.3076694021
410334.6474164802	4568204.0054117497
410335.3637652899	4568204.7031540964
410336.0801140995	4568205.4008964431
410336.7964629092	4568206.0986387907
410337.5128117189	4568206.7963811373
410338.2291605286	4568207.4941234849
410338.9455093383	4568208.1918658316
410339.6618581479	4568208.8896081783
410340.4322146559	4568209.5254892688
410341.2202390296	4568210.1411333112
410342.0082634033	4568210.7567773527
410342.7962877770	4568211.3724213950
410343.5843121507	4568211.9880654365
410344.3723365244	4568212.6037094789
410345.1603608981	4568213.2193535203
410345.9483852718	4568213.8349975627
410346.7364096455	4568214.4506416051
410347.5244340192	4568215.0662856465
410348.3124583929	4568215.6819296889
410349.1004827666	4568216.2975737303
410349.9264168320	4568216.8491125666
410350.8455618621	4568217.2430318650
410351.7647068922	4568217.6369511643
410352.6838519222	4568218.0308704628
410353.6029969523	4568218.4247897612
410354.5221419823	4568218.8187090596
410355.4370471409	4568219.2206407059
410356.2797434006	4568219.7590299826
410357.1224396602	4568220.2974192603
410357.9651359199	4568220.8358085379
410358.8078321796	4568221.3741978146
410359.7092505609	4568221.7982660048
410360.6377272518	4568222.1696566818
410361.5662039427	4568222.5410473580
410362.4946806336	4568222.9124380341
410363.4231573245	4568223.2838287102
410364.3516340154	4568223.6552193863
410365.2801107063	4568224.0266100625
410366.0027517507	4568224.6453780457
410366.5367447426	4568225.4908669489
410367.1437967149	4568226.2608991619
410368.0060825753	4568226.7673210176
410368.8683684356	4568227.2737428723
410369.7306542960	4568227.7801647270
410370.5929401564	4568228.2865865817
410371.4552260168	4568228.7930084364
410372.3175118772	4568229.2994302912
410373.1797977376	4568229.8058521459
410373.9986613816	4568230.3780085789
410374.8028375231	4568230.9723996408
410375.6070136645	4568231.5667907018
410376.4111898060	4568232.1611817628
410377.2153659474	4568232.7555728238
410378.0195420889	4568233.3499638848
410378.8237182303	4568233.9443549458
410379.6278943718	4568234.5387460068
410380.4320705132	4568235.1331370687
410381.1065867768	4568235.8705730345
410381.7768730347	4568236.6126756771
410382.4471592927	4568237.3547783196
410383.1174455506	4568238.0968809621
410383.8194747826	4568238.8084289823
410384.5354749223	4568239.5065291179
410385.2514750620	4568240.2046292545
410385.9674752017	4568240.9027293902
410386.6834753413	4568241.6008295268
410387.3994754810	4568242.2989296624
410388.1154756207	4568242.9970297981
410388.8314757604	4568243.6951299347
410389.5474759001	4568244.3932300704
410390.2634760398	4568245.0913302070
410390.9794761795	4568245.7894303426
410391.7070183498	4568246.4748934275
410392.4669803525	4568247.1248609303
410393.2269423552	4568247.7748284321
410393.9869043579	4568248.4247959349
410394.7468663606	4568249.0747634377
410395.5068283633	4568249.7247309405
410396.2667903659	4568250.3746984433
410397.0267523686	4568251.0246659452
410397.7867143713	4568251.6746334480
410398.5466763740	4568252.3246009508
410399.3072768400	4568252.9737966694
410400.0881456497	4568253.5984917171
410400.8690144595	4568254.2231867639
410401.6498832692	4568254.8478818107
410402.4439690522	4568255.4508729279
410403.3573707230	4568255.8579323683
410404.2707723939	4568256.2649918078
410405.1841740647	4568256.6720512481
410406.0975757356	4568257.0791106885
410407.0109774064	4568257.4861701280
410407.9243790772	4568257.8932295684
410408.8377807481	4568258.3002890078
410409.7511824189	4568258.7073484482
410410.6645840897	4568259.1144078886
410411.5779857605	4568259.5214673281
410412.5590161689	4568259.5623184768
410413.5575584422	4568259.5083432198
410414.5561007155	4568259.4543679627
410415.5539485272	4568259.4025365971
410416.3311933980	4568260.0317348260
410417.1084382688	4568260.6609330550
410417.8856831396	4568261.2901312830
410418.6629280104	4568261.9193295119
410419.4401728811	4568262.5485277399
410420.3009923691	4568263.0223309323
410421.2544278838	4568263.3239278812
410422.2078633984	4568263.6255248291
410423.1612989131	4568263.9271217780
410424.1147344278	4568264.2287187269
410425.0681699424	4568264.5303156748
410426.0216054571	4568264.8319126237
410426.9750409717	4568265.1335095717
410427.9284764864	4568265.4351065205
410428.8819120011	4568265.7367034694
410429.8353475157	4568266.0383004174
410430.7709186345	4568266.3912541540
410431.7057022151	4568266.7464719145
410432.6404857956	4568267.1016896749
410433.5752693762	4568267.4569074363
410434.5100529568	4568267.8121251967
410435.4670537152	4568268.0901592607
410436.4476343909	4568268.2862753952
410437.4282150666	4568268.4823915306
410438.4087957423	4568268.6785076652
410439.3893764180	4568268.8746238006
410440.2318032376	4568269.3837047229
410441.0374542502	4568269.9760951735
410441.8431052627	4568270.5684856242
410442.6487562753	4568271.1608760748
410443.4863598105	4568271.7035668390
410444.3597236849	4568272.1906351540
410445.2330875591	4568272.6777034681
410446.1064514335	4568273.1647717832
410446.9798153078	4568273.6518400973
410447.8531791821	4568274.1389084123
410448.6826100318	4568274.6888594311
410449.4403788342	4568275.3413825659
410450.1981476366	4568275.9939057017
410450.9559164390	4568276.6464288365
410451.7136852414	4568277.2989519723
410452.5424195458	4568277.8448596653
410453.4368467368	4568278.2920732601
410454.3312739278	4568278.7392868558
410455.2257011188	4568279.1865004515
410456.1201283098	4568279.6337140473
410457.0145555008	4568280.0809276421
410457.9089826918	4568280.5281412378
410458.8034098828	4568280.9753548335
410459.6978370738	4568281.4225684293
410460.5922642648	4568281.8697820241
410461.4866914558	4568282.3169956198
410462.3811186468	4568282.7642092155
410463.2787442125	4568283.2046455089
410464.1925557613	4568283.6107839746
410465.1063673101	4568284.0169224394
410466.0025129602	4568284.4525565784
410466.7918651773	4568285.0664971918
410467.5812173945	4568285.6804378061
410468.4650625782	4568286.1398528256
410469.3815791512	4568286.5244559245
410470.3774723577	4568286.6149916705
410470.7712072188	4568287.5256481534
410471.5252796218	4568288.0512469094
410472.4758742182	4568288.3556967247
410473.4758742182	4568288.3556967247
410474.1409355870	4568288.9569622558
410474.6672902015	4568289.8072274029
410475.2765243210	4568290.5339286570
410476.2629182449	4568290.6983276438
410477.2493121688	4568290.8627266306
410478.0742022336	4568291.3684176812
410478.8267789282	4568292.0269222884
410479.5793556228	4568292.6854268964
410480.3959217020	4568293.2467867257
410481.2980559237	4568293.6782422233
410482.2001901454	4568294.1096977200
410483.1580454558	4568293.9889334021
410484.0394751024	4568294.2054914907
410484.8494172239	4568294.7920013024
410485.6593593455	4568295.3785111150
410486.4693014671	4568295.9650209267
410487.4484657522	4568296.0293189781
410488.4484657522	4568296.0293189781
410489.4154165199	4568296.1151071396
410490.1569522990	4568296.7860204633
410490.8984880781	4568297.4569337880
410491.6521913341	4568298.1132284598
410492.4465491667	4568298.7206785679
410493.2484234631	4568299.2950943019
410494.2274038827	4568299.0911400476
410495.2063843024	4568298.8871857934
410496.1741016174	4568298.9448157484
410497.0009676101	4568299.4409775743
410497.6766922384	4568300.1781317145
410498.3524168667	4568300.9152858546
410499.0661805230	4568301.5908915550
410500.0277044703	4568301.8656126847
410500.9769425202	4568301.7484380519
410501.9193702654	4568301.4140282059
410502.8617980107	4568301.0796183599
410503.8164414914	4568300.8837995166
410504.7945784327	4568301.0651380420
410505.5317325730	4568301.7408626704
410506.3654987941	4568302.1682167808
410507.3654987941	4568302.1682167826
410508.3588000271	4568302.0695135705
410509.3496301951	4568301.9344003648
410510.2552342594	4568302.1334087504
410511.0602900966	4568302.7266077884
410511.8723248605	4568303.3054688489
410512.8358427701	4568303.5731127132
410513.8027956679	4568303.8245041957
410514.7922105822	4568303.9696183829
410515.7816254965	4568304.1147325709
410516.7710404107	4568304.2598467581
410517.7604553250	4568304.4049609462
410518.7498702393	4568304.5500751333
410519.7392851535	4568304.6951893214
410520.7287000678	4568304.8403035086
410521.7215244177	4568304.9516287306
410522.7199847709	4568305.0070987502
410523.7184451241	4568305.0625687698
410524.7169054773	4568305.1180387884
410525.6367610438	4568305.4566854807
410526.5209544278	4568305.9238065137
410527.4051478118	4568306.3909275476
410528.2893411959	4568306.8580485806
410529.1735345799	4568307.3251696136
410530.0577279639	4568307.7922906466
410530.8845784629	4568308.3468618207
410531.6654472727	4568308.9715568684
410532.4463160824	4568309.5962519152
410533.2271848921	4568310.2209469620
410534.0080537016	4568310.8456420098
410534.7889225111	4568311.4703370575
410535.5697913205	4568312.0950321052
410536.3506601300	4568312.7197271520
410537.1877358918	4568313.2628319263
410538.0496701066	4568313.7698520534
410538.9116043215	4568314.2768721804
410539.7735385364	4568314.7838923074
410540.6493027344	4568315.2661983520
410541.5322737002	4568315.7356259543
410542.4152446661	4568316.2050535558
410543.2982156319	4568316.6744811581
410544.1811865977	4568317.1439087605
410545.0641575635	4568317.6133363619
410545.9471285293	4568318.0827639643
410546.8300994952	4568318.5521915657
410547.7130704610	4568319.0216191681
410548.5987865291	4568319.4858093550
410549.4872124360	4568319.9448294071
410550.3756383430	4568320.4038494583
410551.2640642499	4568320.8628695104
410552.1524901568	4568321.3218895616
410553.0409160638	4568321.7809096137
410553.9293419707	4568322.2399296658
410554.7893720803	4568322.7480105720
410555.6299431154	4568323.2897119056
410556.4705141505	4568323.8314132392
410557.3110851855	4568324.3731145738
410558.1516562206	4568324.9148159074
410559.0103106540	4568325.4033415960
410560.0068564122	4568325.4863870759
410561.0034021705	4568325.5694325557
410561.9999479287	4568325.6524780365
410562.8792487028	4568325.9931913428
410563.5965280839	4568326.6899770265
410564.3138074649	4568327.3867627112
410565.0310868459	4568328.0835483950
410565.7483662270	4568328.7803340787
410566.5858007455	4568329.1556634903
410567.5842610988	4568329.1001934716
410568.5836187796	4568329.0770521518
410569.5686613057	4568329.1424403349
410570.4692129423	4568329.5771894008
410571.3697645788	4568330.0119384658
410572.2703162154	4568330.4466875317
410573.2532318341	4568330.5776923206
410574.2500471127	4568330.6574375434
410575.2468623912	4568330.7371827653
410576.2436776698	4568330.8169279881
410577.2404929483	4568330.8966732100
410578.2373082268	4568330.9764184318
410579.2341235053	4568331.0561636547
410580.2309387839	4568331.1359088765
410581.2277540624	4568331.2156540994
410582.2245693410	4568331.2953993212
410583.2213846195	4568331.3751445441
410584.2181998980	4568331.4548897659
410585.2134617429	4568331.5415709047
410586.1490634619	4568331.8946281569
410587.0846651808	4568332.2476854092
410588.0202668998	4568332.6007426614
410588.9558686188	4568332.9537999136
410589.8914703377	4568333.3068571659
410590.7860538672	4568333.7288741637
410591.5428768747	4568334.3824940342
410592.2996998822	4568335.0361139057
410593.0565228897	4568335.6897337763
410593.8133458972	4568336.3433536468
410594.5701689047	4568336.9969735174
410595.3526187341	4568337.6158470074
410596.2006170383	4568338.1458459469
410597.0486153425	4568338.6758448863
410597.8966136467	4568339.2058438268
410598.7446119508	4568339.7358427662
410599.5926102550	4568340.2658417057
410600.4427823756	4568340.7923296848
410601.2952202347	4568341.3151582386
410602.1476580938	4568341.8379867915
410603.0000959529	4568342.3608153453
410603.8525338120	4568342.8836438991
410604.7049716711	4568343.4064724520
410605.5574095302	4568343.9293010058
410606.4098473893	4568344.4521295596
410607.2622852484	4568344.9749581125
410608.1101509523	4568345.5050955173
410608.9532133928	4568346.0429112120
410609.7962758333	4568346.5807269067
410610.6393382738	4568347.1185426014
410611.4824007143	4568347.6563582961
410612.3254631548	4568348.1941739907
410613.1685255952	4568348.7319896854
410613.9152338043	4568349.3775574844
410614.5435709111	4568350.1554986648
410615.1719080179	4568350.9334398452
410615.8107774425	4568351.6929917615
410616.7997137954	4568351.8413322140
410617.7886501483	4568351.9896726664
410618.6209739769	4568352.5370160080
410619.4467749586	4568353.1009776546
410620.2725759403	4568353.6649393002
410621.0983769220	4568354.2289009467
410621.9241779038	4568354.7928625932
410622.8178070006	4568355.2388521954
410623.7206675195	4568355.6687857760
410624.6235280384	4568356.0987193566
410625.5263885573	4568356.5286529362
410626.4292490762	4568356.9585865168
410627.3321095951	4568357.3885200974
410628.2349701139	4568357.8184536770
410629.1790155284	4568358.1412013806
410630.1374676069	4568358.4264549743
410631.0959196855	4568358.7117085690
410632.0543717640	4568358.9969621636
410633.0128238425	4568359.2822157582
410633.9712759210	4568359.5674693529
410634.9297279996	4568359.8527229466
410635.8881800781	4568360.1379765412
410636.8466321566	4568360.4232301358
410637.8323237438	4568360.5747932959
410638.8259767120	4568360.6872823117
410639.8196296803	4568360.7997713275
410640.8132826486	4568360.9122603433
410641.8069356169	4568361.0247493591
410642.7888847332	4568361.0094832713
410643.7455586138	4568360.7183216559
410644.7022324943	4568360.4271600395
410645.6347503879	4568360.7035941556
410646.5632270788	4568361.0749848317
410647.4989824075	4568361.4085805817
410648.4989824075	4568361.4085805807
410649.4989824075	4568361.4085805798
410650.4894989142	4568361.5273545925
410651.4768292856	4568361.6860326882
410652.4641596569	4568361.8447107831
410653.4514900281	4568362.0033888789
410654.4388203994	4568362.1620669737
410655.4261507707	4568362.3207450695
410656.4134811420	4568362.4794231644
410657.4008115133	4568362.6381012602
410658.3881418846	4568362.7967793550
410659.3754722559	4568362.9554574499
410660.3628026272	4568363.1141355457
410661.3498514654	4568363.2745005852
410662.3352019712	4568363.4450420188
410663.3205524770	4568363.6155834533
410664.3059029828	4568363.7861248869
410665.2912534885	4568363.9566663215
410666.2766039943	4568364.1272077551
410667.2062623349	4568364.4784244681
410668.1166288127	4568364.8922274122
410669.0489900067	4568365.2288079280
410670.0407678733	4568365.3567792671
410671.0325457398	4568365.4847506052
410672.0215990356	4568365.6251142249
410672.9755927525	4568365.9249408217
410673.9295864693	4568366.2247674186
410674.8835801863	4568366.5245940145
410675.8375739032	4568366.8244206114
410676.7915676201	4568367.1242472082
410677.7455613370	4568367.4240738051
410678.6995550539	4568367.7239004020
410679.6535487708	4568368.0237269988
410680.6075424878	4568368.3235535957
410681.5615362047	4568368.6233801916
410682.5155299215	4568368.9232067885
410683.4887064214	4568369.1503884308
410684.4663547327	4568369.3606353793
410685.4440030440	4568369.5708823279
410686.4216513554	4568369.7811292764
410687.3992996667	4568369.9913762249
410688.3769479780	4568370.2016231734
410689.3545962893	4568370.4118701220
410690.3322446006	4568370.6221170705
410691.3098929120	4568370.8323640190
410692.2891754138	4568371.0303659765
410693.2877435461	4568371.0838606982
410694.2863116784	4568371.1373554198
410695.2848798106	4568371.1908501405
410696.2834479429	4568371.2443448622
410697.2820160752	4568371.2978395838
410698.2769923571	4568371.3856607769
410699.2650043908	4568371.5400376571
410700.2530164246	4568371.6944145374
410701.2410284583	4568371.8487914177
410702.2290404921	4568372.0031682979
410703.2170525258	4568372.1575451782
410704.2050645596	4568372.3119220585
410705.1930765932	4568372.4662989387
410706.1810886270	4568372.6206758190
410707.1691006607	4568372.7750527002
410708.1406644356	4568372.9962471388
410709.0874371805	4568373.3181498721
410710.0342099254	4568373.6400526045
410710.9809826702	4568373.9619553378
410711.9277554151	4568374.2838580711
410712.8745281599	4568374.6057608044
410713.8213009048	4568374.9276635367
410714.7680736497	4568375.2495662700
410715.7148463945	4568375.5714690033
410716.6616191394	4568375.8933717366
410717.6083918843	4568376.2152744699
410718.5394509433	4568376.5783084622
410719.4596866432	4568376.9696730701
410720.3799223432	4568377.3610376790
410721.3001580431	4568377.7524022870
410722.2203937430	4568378.1437668949
410723.1406294430	4568378.5351315029
410724.0608651429	4568378.9264961118
410724.9811008428	4568379.3178607197
410725.9013365428	4568379.7092253277
410726.8215722427	4568380.1005899366
410727.6650247481	4568380.6356178410
410728.5017262650	4568381.1832770156
410729.3384277818	4568381.7309361901
410730.1751292987	4568382.2785953656
410731.0118308155	4568382.8262545401
410731.8485323324	4568383.3739137147
410732.7035350545	4568383.8860976314
410733.6347778343	4568384.2504969798
410734.5660206141	4568384.6148963282
410735.4791519145	4568385.0212774314
410736.3832241809	4568385.4486570489
410737.2872964473	4568385.8760366654
410738.1913687138	4568386.3034162829
410739.0954409802	4568386.7307959003
410739.9995132466	4568387.1581755169
410740.8314743053	4568387.6935060946
410741.5724612567	4568388.3650255194
410742.3134482081	4568389.0365449442
410743.0544351595	4568389.7080643689
410743.7998281896	4568390.3725524088
410744.7272696618	4568390.7465207437
410745.6547111339	4568391.1204890786
410746.5821526061	4568391.4944574144
410747.5095940783	4568391.8684257492
410748.4370355504	4568392.2423940841
410749.3644770226	4568392.6163624190
410750.2970804438	4568392.9757994106
410751.2526040316	4568393.2707140977
410752.2081276194	4568393.5656287856
410753.1636512073	4568393.8605434736
410754.1191747951	4568394.1554581616
410755.0746983830	4568394.4503728496
410756.0302219708	4568394.7452875366
410756.9857455587	4568395.0402022246
410757.9412691465	4568395.3351169126
410758.8192065395	4568395.7833558433
410759.6227637331	4568396.3785833931
410760.4263209267	4568396.9738109438
410761.2404294702	4568397.5487538977
410762.1891127681	4568397.8649816643
410763.1377960660	4568398.1812094310
410764.0864793640	4568398.4974371977
410765.0351626619	4568398.8136649635
410765.9916007941	4568399.1045887899
410766.9545648138	4568399.3742187154
410767.9175288335	4568399.6438486408
410768.8374152414	4568400.0333822574
410769.7518015462	4568400.4382250495
410770.6661878508	4568400.8430678407
410771.5805741556	4568401.2479106318
410772.4949604603	4568401.6527534230
410773.4093467650	4568402.0575962141
410774.3237330698	4568402.4624390062
410775.2381193745	4568402.8672817973
410776.1525056793	4568403.2721245885
410777.0668919839	4568403.6769673796
410777.9812782887	4568404.0818101717
410778.8956645934	4568404.4866529629
410779.8100508981	4568404.8914957540
410780.7244372029	4568405.2963385452
410781.6466629118	4568405.6809262373
410782.5953462099	4568405.9971540039
410783.5440295080	4568406.3133817697
410784.4927128061	4568406.6296095354
410785.4413961041	4568406.9458373012
410786.3900794022	4568407.2620650679
410787.3387627002	4568407.5782928336
410788.2874459983	4568407.8945205994
410789.2361292964	4568408.2107483651
410790.1848125945	4568408.5269761309
410791.1334958925	4568408.8432038976
410792.0857171589	4568409.1477909284
410793.0499225517	4568409.4129474116
410794.0141279445	4568409.6781038949
410794.9783333373	4568409.9432603782
410795.9425387300	4568410.2084168615
410796.9067441228	4568410.4735733448
410797.8709495156	4568410.7387298280
410798.8351549083	4568411.0038863104
410799.7993603011	4568411.2690427937
410800.7821510771	4568411.4457840733
410801.7715102125	4568411.5912780631
410802.7608693479	4568411.7367720539
410803.7485906855	4568411.8077921225
410804.7305971324	4568411.6189447287
410805.7126035794	4568411.4300973350
410806.6946100263	4568411.2412499413
410807.6766164732	4568411.0524025466
410808.6586229201	4568410.8635551529
410809.5951860594	4568411.1314631887
410810.5207330152	4568411.5100960359
410811.4723084485	4568411.7116247676
410812.4676584620	4568411.6153005725
410813.4630084755	4568411.5189763764
410814.4406972607	4568411.5215927577
410815.3412488969	4568411.9563418236
410816.2418005332	4568412.3910908895
410817.1423521694	4568412.8258399554
410818.1303927662	4568412.9186654752
410819.1290804297	4568412.9698802270
410820.1277680932	4568413.0210949788
410821.1264557566	4568413.0723097306
410821.8791523490	4568413.6955543347
410822.6032902799	4568414.3852095073
410823.3274282108	4568415.0748646790
410824.3077995398	4568415.1239363570
410825.3077995398	4568415.1239363570
410826.3070322313	4568415.1561815739
410827.3059003690	4568415.2037467230
410828.2497419191	4568415.4618738294
410829.1441691101	4568415.9090874251
410830.0385963011	4568416.3563010208
410830.9647176193	4568416.6988360249
410831.9569954960	4568416.8228707602
410832.9492733726	4568416.9469054956
410833.9405136826	4568417.0755475424
410834.8901714628	4568417.3888367070
410835.8398292429	4568417.7021258716
410836.7894870230	4568418.0154150361
410837.7391448032	4568418.3287042007
410838.6888025833	4568418.6419933653
410839.6384603634	4568418.9552825298
410840.5881181435	4568419.2685716944
410841.5377759236	4568419.5818608589
410842.4874337038	4568419.8951500235
410843.4370914839	4568420.2084391881
410844.3904393884	4568420.5101305833
410845.3465295020	4568420.8032034319
410846.3026196155	4568421.0962762805
410847.2587097292	4568421.3893491300
410848.2147998427	4568421.6824219786
410849.1708899563	4568421.9754948271
410850.1269800699	4568422.2685676757
410851.0830701835	4568422.5616405252
410852.0391602970	4568422.8547133738
410852.9952504107	4568423.1477862224
410853.9513405242	4568423.4408590710
410854.9074306378	4568423.7339319205
410855.8635207514	4568424.0270047691
410856.8196108650	4568424.3200776177
410857.7757009786	4568424.6131504662
410858.7317910921	4568424.9062233157
410859.6878812057	4568425.1992961643
410860.6439713193	4568425.4923690129
410861.6000614329	4568425.7854418615
410862.5561515464	4568426.0785147110
410863.5122416601	4568426.3715875596
410864.4724144573	4568426.6499020644
410865.4431951889	4568426.8898703353
410866.4139759206	4568427.1298386063
410867.3847566523	4568427.3698068773
410868.3555373840	4568427.6097751483
410869.3263181156	4568427.8497434193
410870.2970988472	4568428.0897116894
410871.2678795790	4568428.3296799604
410872.2386603106	4568428.5696482314
410873.2094410423	4568428.8096165024
410874.1678713543	4568429.0945098596
410875.1248957587	4568429.3845172543
410876.0819201631	4568429.6745246500
410877.0513205500	4568429.9081620779
410878.0418128232	4568430.0457304483
410879.0323050964	4568430.1832988197
410880.0227973696	4568430.3208671911
410881.0132896428	4568430.4584355624
410882.0037819160	4568430.5960039329
410882.9942741892	4568430.7335723042
410883.9847664624	4568430.8711406756
410884.8856879456	4568431.2974213101
410885.7801151366	4568431.7446349058
410886.6745423275	4568432.1918485016
410887.5955717480	4568432.4837593613
410888.5878496247	4568432.3597246259
410889.4505891884	4568432.6989810187
410890.2346350125	4568433.3196839634
410891.0186808367	4568433.9403869081
410891.9065697288	4568434.3012132011
410892.9024629352	4568434.3917489480
410893.8207678125	4568434.6345324330
410894.4792724207	4568435.3871091269
410895.1546623750	4568436.1124300538
410896.1217369121	4568436.3669233527
410897.0902783185	4568436.6100786682
410898.0758177997	4568436.6681209281
410898.9589335190	4568437.1372761549
410899.8420492384	4568437.6064313808
410900.7251649577	4568438.0755866067
410901.6569394702	4568438.3494330458
410902.6569394702	4568438.3494330449
410903.6220836863	4568438.4058308881
410904.0692972821	4568439.3002580786
410904.5187241398	4568440.1910092523
410905.5184538330	4568440.1677597240
410906.5181835262	4568440.1445101965
410907.5179132194	4568440.1212606682
410908.5176429125	4568440.0980111407
410909.4071173623	4568440.4366847165
410910.2240852254	4568441.0133679137
410911.0410530886	4568441.5900511118
410911.8580209517	4568442.1667343089
410912.7376943593	4568442.5624898449
410913.7363121886	4568442.6150486786
410914.6017214708	4568442.3488002615
410915.3166837503	4568441.7674289327
410916.2849610740	4568442.0173069518
410917.2532383977	4568442.2671849700
410918.2215157214	4568442.5170629891
410919.0059845683	4568443.1212798581
410919.7679238862	4568443.7689282773
410920.5786958040	4568444.2817282556
410921.5786495794	4568444.2721133158
410922.5786033548	4568444.2624983760
410923.5785571302	4568444.2528834362
410924.5785109056	4568444.2432684964
410925.5784646810	4568444.2336535566
410926.5784184564	4568444.2240386158
410927.5783722318	4568444.2144236760
410928.5783260072	4568444.2048087362
410929.5782797826	4568444.1951937964
410930.5782335580	4568444.1855788566
410931.5725457344	4568444.1016358472
410932.5624952280	4568443.9602144910
410933.5524447218	4568443.8187931348
410934.5423942154	4568443.6773717785
410935.4670493797	4568444.0386202885
410936.3880166311	4568444.4282602789
410937.3133194366	4568444.7898558890
410938.3089536627	4568444.6965151802
410939.3045878888	4568444.6031744722
410940.3002221149	4568444.5098337643
410941.2964046430	4568444.5540581141
410942.2927512920	4568444.6394592552
410943.2890979410	4568444.7248603962
410944.2827952926	4568444.8290977972
410945.2640441132	4568445.0218431018
410946.2452929337	4568445.2145884056
410947.2265417543	4568445.4073337093
410948.2077905748	4568445.6000790130
410949.1890393954	4568445.7928243168
410950.1702882159	4568445.9855696205
410951.1515370365	4568446.1783149242
410952.1327858570	4568446.3710602289
410953.1140346776	4568446.5638055326
410954.0952834981	4568446.7565508364
410955.0765323187	4568446.9492961401
410956.0441858275	4568447.1954228031
410956.9980919119	4568447.4955280880
410957.9519979963	4568447.7956333729
410958.9059040807	4568448.0957386587
410959.8598101650	4568448.3958439436
410960.8137162494	4568448.6959492285
410961.7676223338	4568448.9960545134
410962.7215284182	4568449.2961597992
410963.6754345026	4568449.5962650841
410964.6293405870	4568449.8963703690
410965.5940504910	4568450.1595409987
410966.5593150044	4568450.4208156038
410967.5245795177	4568450.6820902089
410968.4898440310	4568450.9433648139
410969.4551085443	4568451.2046394190
410970.4203730577	4568451.4659140250
410971.3856375710	4568451.7271886300
410972.3509020843	4568451.9884632351
410973.3161665976	4568452.2497378401
410974.2814311110	4568452.5110124452
410975.2466956243	4568452.7722870503
410976.2119601376	4568453.0335616553
410977.1772246509	4568453.2948362613
410978.1424891642	4568453.5561108664
410979.1150747088	4568453.7883248143
410980.0889159186	4568454.0155544300
410981.0627571284	4568454.2427840447
410982.0365983382	4568454.4700136604
410983.0104395480	4568454.6972432761
410983.9842807578	4568454.9244728908
410984.9581219676	4568455.1517025065
410985.9319631774	4568455.3789321221
410986.9058043872	4568455.6061617369
410987.8796455970	4568455.8333913526
410988.8534868068	4568456.0606209682
410989.8273280166	4568456.2878505830
410990.8018833991	4568456.5119258994
410991.7786277422	4568456.7263331944
410992.7553720852	4568456.9407404903
410993.7321164283	4568457.1551477853
410994.7088607713	4568457.3695550803
410995.6879984289	4568457.5727365017
410996.6672588485	4568457.7753421050
410997.6465192680	4568457.9779477092
410998.5105683676	4568458.4728991482
410999.3647669232	4568458.9928460950
411000.2432151647	4568459.4263155023
411001.2432151647	4568459.4263155013
411002.2432151647	4568459.4263155013
411003.2432151647	4568459.4263155013
411004.2408765247	4568459.4447368570
411005.2091538484	4568459.6946148761
411006.1774311720	4568459.9444928961
411007.1457084957	4568460.1943709152
411008.1210876475	4568460.4143634727
411009.0982640115	4568460.6267931173
411010.0754403754	4568460.8392227618
411011.0526167393	4568461.0516524063
411012.0297931032	4568461.2640820500
411013.0069694671	4568461.4765116945
411013.9841458310	4568461.6889413390
411014.9613221949	4568461.9013709836
411015.9384985588	4568462.1138006281
411016.9194456471	4568462.2911344776
411017.9194456471	4568462.2911344785
411018.8904454345	4568462.4250171268
411019.8008119121	4568462.8388200710
411020.7111783897	4568463.2526230151
411021.6848730017	4568463.1663946640
411022.6549721105	4568463.0568643706
411023.4665064521	4568463.6411690963
411024.2780407937	4568464.2254738221
411025.0895751354	4568464.8097785478
411026.0769216177	4568464.8490085611
411027.0769216177	4568464.8490085620
411027.9953219898	4568465.2205292350
411028.9032813744	4568465.6395874117
411029.8112407590	4568466.0586455893
411030.7903591838	4568466.2557994742
411031.7726977503	4568466.4429115811
411032.7657333987	4568466.4193897489
411033.7619739870	4568466.3327601338
411034.6946926893	4568466.5022469005
411035.5349893379	4568467.0443737693
411036.3752859864	4568467.5865006391
411037.2155826350	4568468.1286275079
411038.1569334314	4568468.3277173145
411039.1459887930	4568468.2624043953
411040.0913617746	4568467.9364137119
411041.0367347563	4568467.6104230285
411041.9765125813	4568467.3366231993
411042.8313000967	4568467.8556013331
411043.6860876121	4568468.3745794669
411044.5408751276	4568468.8935576016
411045.4583103020	4568468.8075305056
411046.4013006358	4568468.4747103881
411047.3442909695	4568468.1418902706
411048.2884643760	4568467.8172401572
411049.2871293609	4568467.8688952429
411050.2857943459	4568467.9205503287
411051.2844593307	4568467.9722054144
411052.2831243157	4568468.0238605002
411053.2817893006	4568468.0755155860
411054.2686459800	4568468.1648200303
411055.1179313054	4568468.6927541513
411055.9672166308	4568469.2206882723
411056.8165019562	4568469.7486223932
411057.6657872817	4568470.2765565142
411058.5953311928	4568470.3478456289
411059.5737345210	4568470.1411407003
411060.5521378491	4568469.9344357718
411061.5305411773	4568469.7277308432
411062.5089445054	4568469.5210259147
411063.4873478335	4568469.3143209862
411064.4657511617	4568469.1076160586
411065.4477794259	4568468.9573072987
411066.4445947044	4568469.0370525206
411067.4414099829	4568469.1167977434
411068.3801907581	4568468.8776300764
411069.2850094604	4568468.4518330405
411070.2435062526	4568468.4666674929
411071.2240869284	4568468.6627836283
411072.2163143619	4568468.7139675505
411073.2156291956	4568468.6769558899
411074.2149440294	4568468.6399442293
411075.2130445400	4568468.6902132379
411076.2109429026	4568468.7550118323
411077.2088412652	4568468.8198104277
411078.2067396278	4568468.8846090222
411079.2046379905	4568468.9494076176
411080.2025363531	4568469.0142062120
411081.2004347157	4568469.0790048074
411082.1983330783	4568469.1438034019
411083.1932315782	4568469.2444340223
411084.1880130169	4568469.3464628877
411085.1827944554	4568469.4484917531
411086.1775758940	4568469.5505206184
411087.1337042714	4568469.8402372273
411088.0878507589	4568470.1395773022
411089.0419972465	4568470.4389173761
411089.9961437340	4568470.7382574510
411090.9502902215	4568471.0375975259
411091.9165516410	4568471.2902730033
411092.8958120605	4568471.4928786075
411093.8750724800	4568471.6954842107
411094.8543328995	4568471.8980898149
411095.8335933190	4568472.1006954191
411096.8128537386	4568472.3033010233
411097.7921141581	4568472.5059066275
411098.7713745776	4568472.7085122317
411099.7506349971	4568472.9111178350
411100.7298954166	4568473.1137234392
411101.7091558361	4568473.3163290434
411102.6884162555	4568473.5189346476
411103.6631961342	4568473.7405892191
411104.6300964926	4568473.9957434805
411105.5969968511	4568474.2508977409
411106.5638972095	4568474.5060520023
411107.5307975679	4568474.7612062627
411108.4976979263	4568475.0163605241
411109.4645982848	4568475.2715147845
411110.4314986432	4568475.5266690459
411111.4135916306	4568475.7100795154
411112.4009220019	4568475.8687576102
411113.3882523731	4568476.0274357060
411114.3755827444	4568476.1861138018
411115.3629131156	4568476.3447918966
411116.3502434869	4568476.5034699924
411117.3375738581	4568476.6621480882
411118.3249042294	4568476.8208261840
411119.3122346007	4568476.9795042789
411120.2995649719	4568477.1381823746
411121.2868953432	4568477.2968604704
411122.2706820036	4568477.4714734722
411123.2322059512	4568477.7461946001
411124.1937298987	4568478.0209157281
411125.1612784532	4568478.2562140878
411126.1609660996	4568478.2812062791
411127.1606537460	4568478.3061984703
411128.1603413924	4568478.3311906615
411129.1507199247	4568478.3878525142
411130.0049184807	4568478.9077994609
411130.8591170368	4568479.4277464068
411131.7569413110	4568479.8167641573
411132.7522913245	4568479.9130883534
411133.7476413381	4568480.0094125485
411134.7328442917	4568480.1440428877
411135.6453536164	4568480.5530987913
411136.5578629411	4568480.9621546948
411137.4703722657	4568481.3712105984
411138.4546272866	4568481.5119304368
411139.4495206928	4568481.6128616529
411140.4444140991	4568481.7137928680
411141.4393075053	4568481.8147240831
411142.4342009116	4568481.9156552982
411143.4290943178	4568482.0165865133
411144.4239877241	4568482.1175177284
411145.3225374066	4568482.5215324089
411146.1931002451	4568483.0135896662
411147.0729528087	4568483.4703318980
411148.0729528087	4568483.4703318980
411149.0729528087	4568483.4703318980
411150.0483043673	4568483.2977928082
411151.0083043673	4568483.0177928088
411151.9524218206	4568482.7964770189
411152.6401664685	4568483.5224297028
411153.3279111164	4568484.2483823868
411154.1324826777	4568484.6592896702
411155.1272641163	4568484.5572608039
411156.1220455549	4568484.4552319385
411157.1168269935	4568484.3532030731
411158.1118721118	4568484.2538403375
411159.1073675844	4568484.1590312449
411160.1028630570	4568484.0642221523
411161.0983585296	4568483.9694130598
411162.0929625114	4568483.8904296961
411163.0715122964	4568484.0964401774
411164.0483530066	4568484.2687814673
411165.0010122178	4568483.9647412933
411165.9536714290	4568483.6607011193
411166.9063306403	4568483.3566609453
411167.8589898515	4568483.0526207723
411168.8123005599	4568482.7569011087
411169.8006722576	4568482.9089582926
411170.7890439553	4568483.0610154765
411171.7244339517	4568482.9793131091
411172.5506612944	4568482.4159762841
411173.3768886370	4568481.8526394591
411174.3072298430	4568481.6548295878
411175.3062860013	4568481.6982668126
411176.2984659547	4568481.7898046533
411177.2696767988	4568482.0280261813
411178.2408876429	4568482.2662477093
411179.2120984869	4568482.5044692373
411180.1833093310	4568482.7426907653
411181.1545201751	4568482.9809122933
411182.1388562506	4568483.1499275761
411183.1298486811	4568483.2838454712
411184.1208411115	4568483.4177633673
411185.1118335419	4568483.5516812634
411185.9282780169	4568484.0961752813
411186.7123238414	4568484.7168782251
411187.4963696658	4568485.3375811698
411188.2804154902	4568485.9582841145
411189.0644613146	4568486.5789870583
411189.8485071390	4568487.1996900029
411190.7487000541	4568487.5625088355
411191.7331276298	4568487.7382994732
411192.7175552054	4568487.9140901109
411193.5999673762	4568488.3435577517
411194.4320176702	4568488.8982579485
411195.2640679641	4568489.4529581452
411196.0961182582	4568490.0076583419
411197.0704608547	4568490.2267712448
411198.0476372187	4568490.4392008884
411199.0372270370	4568490.5028444752
411200.0360951748	4568490.4552793251
411200.9850925140	4568490.6274481248
411201.8655636138	4568491.1015479481
411202.7460347135	4568491.5756477714
411203.6714332835	4568491.9079927225
411204.6642534089	4568492.0276096053
411205.6570735343	4568492.1472264873
411206.6498936597	4568492.2668433702
411207.6427137851	4568492.3864602521
411208.6355339106	4568492.5060771350
411209.6283540360	4568492.6256940179
411210.6211741614	4568492.7453108998
411211.6139942868	4568492.8649277827
411212.6108387216	4568492.8244049763
411213.6084138225	4568492.7548067132
411214.6059889233	4568492.6852084501
411215.6035640241	4568492.6156101879
411216.6011391250	4568492.5460119247
411217.5987142258	4568492.4764136616
411218.5962893266	4568492.4068153994
411219.5938644275	4568492.3372171363
411220.5892733264	4568492.2589156367
411221.5030848747	4568491.8527771700
411222.4177391042	4568491.4520325651
411223.4118835672	4568491.5600917460
411224.4060280302	4568491.6681509279
411225.4001724933	4568491.7762101088
411226.3943169563	4568491.8842692897
411227.3830039826	4568491.9003496272
411228.3573951783	4568491.6754901214
411229.3317863740	4568491.4506306145
411230.3187764976	4568491.3874975396
411231.3162351975	4568491.4587445892
411232.3136938974	4568491.5299916388
411233.3097312192	4568491.4882858545
411234.3050812328	4568491.3919616602
411235.3004312464	4568491.2956374660
411236.2978433718	4568491.2603929555
411237.2974235565	4568491.2893662946
411238.2970037412	4568491.3183396328
411239.2965839259	4568491.3473129719
411240.2961641106	4568491.3762863101
411241.2957442953	4568491.4052596493
411242.2953244800	4568491.4342329875
411243.2949046647	4568491.4632063266
411244.2944848494	4568491.4921796648
411245.2940650341	4568491.5211530039
411246.2936452188	4568491.5501263421
411247.2932254035	4568491.5790996812
411248.2928055882	4568491.6080730194
411249.2923857729	4568491.6370463585
411250.2479061320	4568491.4821451604
411251.1258017049	4568491.0032930290
411252.0036972778	4568490.5244408986
411252.9789229326	4568490.4139915127
411253.9787743331	4568490.3967526946
411254.9786257337	4568490.3795138774
411255.9784771342	4568490.3622750603
411256.9783285347	4568490.3450362431
411257.9781799353	4568490.3277974259
411258.9780313358	4568490.3105586087
411259.9778827364	4568490.2933197916
411260.9777341369	4568490.2760809744
411261.9775855375	4568490.2588421572
411262.9774369380	4568490.2416033400
411263.9772883386	4568490.2243645219
411264.8889706024	4568490.6181641100
411265.7937893046	4568491.0439611468
411266.6986080069	4568491.4697581828
411267.6034267092	4568491.8955552187
411268.5082454114	4568492.3213522555
411269.4130641136	4568492.7471492914
411270.3178828159	4568493.1729463274
411271.2435589831	4568493.5267783962
411272.2358368598	4568493.6508131307
411273.2281147365	4568493.7748478660
411274.2203926132	4568493.8988826005
411275.2126704899	4568494.0229173349
411276.2049483666	4568494.1469520694
411277.1831255306	4568494.3403227497
411278.1450306357	4568494.6137063056
411279.1069357408	4568494.8870898625
411280.0688408458	4568495.1604734184
411281.0307459509	4568495.4338569744
411281.9926510559	4568495.7072405312
411282.9545561610	4568495.9806240872
411283.9164612661	4568496.2540076431
411284.8783663712	4568496.5273912000
411285.8402714762	4568496.8007747559
411286.8118913347	4568497.0292191021
411287.8008276876	4568497.1775595546
411288.7897640406	4568497.3259000080
411289.7787003935	4568497.4742404604
411290.7619480510	4568497.6492029186
411291.7251443523	4568497.9180018865
411292.6883406536	4568498.1868008543
411293.6515369550	4568498.4555998221
411294.6147332563	4568498.7243987899
411295.5779295576	4568498.9931977578
411296.5411258590	4568499.2619967256
411297.5043221603	4568499.5307956934
411298.4675184616	4568499.7995946612
411299.4324448124	4568500.0609156592
411300.4158269927	4568500.2424631389
411301.3992091731	4568500.4240106186
411302.3825913535	4568500.6055580983
411303.3659735339	4568500.7871055780
411304.3493557142	4568500.9686530577
411305.3327378946	4568501.1502005374
411306.3067890170	4568501.3694334216
411307.2612689950	4568501.6677084146
411308.2157489730	4568501.9659834076
411309.1702289511	4568502.2642584005
411310.1247089291	4568502.5625333944
411311.0791889071	4568502.8608083874
411312.0336688851	4568503.1590833804
411313.0077927897	4568503.3554503703
411314.0047549311	4568503.4333380377
411315.0017170724	4568503.5112257050
411315.9986792138	4568503.5891133724
411316.9956413551	4568503.6670010397
411317.9926034964	4568503.7448887071
411318.9895656378	4568503.8227763744
411319.9371446893	4568503.5302261729
411320.9003091244	4568503.3349743178
411321.8994421975	4568503.3766048625
411322.8985752706	4568503.4182354072
411323.8977083437	4568503.4598659528
411324.8968414167	4568503.5014964975
411325.8560409535	4568503.7119676927
411326.7679624587	4568504.1223323699
411327.6941391060	4568504.4008233817
411328.6726888908	4568504.1948128995
411329.6444484378	4568504.1075348929
411330.5931317357	4568504.4237626595
411331.5418150336	4568504.7399904253
411332.4945485058	4568505.0431262441
411333.4560724535	4568505.3178473720
411334.4203934456	4568505.5632599136
411335.4165232955	4568505.4753661025
411336.4126531456	4568505.3874722924
411337.4087829956	4568505.2995784823
411338.2016461151	4568505.7103186389
411338.8524374889	4568506.4695752412
411339.7473523422	4568506.7337195780
411340.7458946154	4568506.7876948360
411341.7444368887	4568506.8416700950
411342.7429791620	4568506.8956453530
411343.1908147453	4568507.7376402551
411343.7982285985	4568508.3246745979
411344.7979582917	4568508.3014250696
411345.7976879849	4568508.2781755421
411346.7974176781	4568508.2549260147
411347.7971473713	4568508.2316764873
411348.5680239858	4568508.8498972161
411349.3410058495	4568509.4741177429
411350.3111483498	4568509.7166533675
411351.2812908501	4568509.9591889922
411352.2514333504	4568510.2017246168
411353.2414034525	4568510.2440209035
411354.2402715903	4568510.1964557553
411355.1647627575	4568510.4488399616
411356.0256892857	4568510.9575692732
411356.8866158140	4568511.4662985858
411357.8683698133	4568511.6242252067
411358.8599702246	4568511.7535643904
411359.8528298227	4568511.7506769588
411360.8467135575	4568511.6402454330
411361.8405972922	4568511.5298139071
411362.7577038675	4568511.8498659553
411363.6521310585	4568512.2970795510
411364.5465582495	4568512.7442931458
411365.4966626675	4568512.8664653497
411366.4889405440	4568512.7424306143
411367.4741238345	4568512.5924833920
411368.3911938910	4568512.1937572816
411369.3082639476	4568511.7950311704
411370.1897116787	4568511.8855456999
411371.0393518448	4568512.4129085615
411371.8889920109	4568512.9402714232
411372.7438075478	4568513.4444025606
411373.7369581521	4568513.3275613124
411374.7075199267	4568513.1283534979
411375.6213314751	4568512.7222150322
411376.5485310125	4568512.4975541495
411377.5120489222	4568512.7651980128
411378.4755668319	4568513.0328418761
411379.4390847416	4568513.3004857404
411380.4132358453	4568513.5194721334
411381.4005662165	4568513.6781502282
411382.3878965877	4568513.8368283240
411383.3752269590	4568513.9955064198
411384.3625573303	4568514.1541845156
411385.3498877015	4568514.3128626114
411386.3451749937	4568514.3852668079
411387.3448727927	4568514.4098495403
411388.3445705917	4568514.4344322728
411389.3442683906	4568514.4590150053
411390.3439661896	4568514.4835977387
411391.3436639885	4568514.5081804711
411392.3433617875	4568514.5327632036
411393.3430595865	4568514.5573459361
411394.3427573854	4568514.5819286685
411395.3424551844	4568514.6065114010
411396.3421529834	4568514.6310941335
411397.3418507824	4568514.6556768669
411398.3415936820	4568514.6772641018
411399.3415784203	4568514.6827888796
411400.3415631585	4568514.6883136574
411401.3415478968	4568514.6938384343
411402.3415326351	4568514.6993632121
411403.3415173734	4568514.7048879899
411404.3415021117	4568514.7104127677
411405.3414868500	4568514.7159375455
411406.3414715883	4568514.7214623233
411407.3414563266	4568514.7269871011
411408.3414410649	4568514.7325118789
411409.3414258032	4568514.7380366558
411410.3414105415	4568514.7435614336
411411.3413952798	4568514.7490862114
411412.3413800181	4568514.7546109892
411413.3413647564	4568514.7601357671
411414.3413494947	4568514.7656605449
411415.3413342330	4568514.7711853227
411416.3413189713	4568514.7767101005
411417.3379062488	4568514.7128684158
411418.3325648726	4568514.6096491246
411419.3272234964	4568514.5064298334
411420.3218821202	4568514.4032105422
411421.3165407441	4568514.2999912519
411422.3111993679	4568514.1967719607
411423.3058579917	4568514.0935526695
411424.3005166155	4568513.9903333783
411425.2951752394	4568513.8871140871
411426.2898338632	4568513.7838947959
411427.2844924870	4568513.6806755047
411428.2611498816	4568513.4751616875
411429.2312923817	4568513.2326260619
411430.2014348817	4568512.9900904372
411431.1715773818	4568512.7475548116
411432.1439879565	4568512.5377797810
411433.1382971104	4568512.6443129042
411434.1326062642	4568512.7508460283
411435.1269154182	4568512.8573791524
411436.1212245720	4568512.9639122766
411437.1155337259	4568513.0704453997
411438.1008847436	4568513.2257568268
411439.0681643680	4568513.4794695154
411440.0354439924	4568513.7331822040
411441.0027236169	4568513.9868948925
411441.9700032412	4568514.2406075802
411442.9372828657	4568514.4943202687
411443.9045624901	4568514.7480329573
411444.8718421145	4568515.0017456450
411445.8391217389	4568515.2554583335
411446.8064013633	4568515.5091710221
411447.7736809877	4568515.7628837107
411448.7409606121	4568516.0165963983
411449.7082402365	4568516.2703090869
411450.6765492110	4568516.5200184751
411451.6462409084	4568516.7643502411
411452.6159326058	4568517.0086820070
411453.5856243033	4568517.2530137729
411454.5553160007	4568517.4973455397
411455.5250076981	4568517.7416773057
411456.4946993955	4568517.9860090716
411457.4643910930	4568518.2303408375
411458.4340827904	4568518.4746726034
411459.4037744878	4568518.7190043703
411460.3734661853	4568518.9633361362
411461.3431578827	4568519.2076679021
411462.3128495801	4568519.4519996680
411463.2831109785	4568519.6933720447
411464.2742092134	4568519.8265046440
411465.2653074482	4568519.9596372433
411466.2564056830	4568520.0927698426
411467.2475039179	4568520.2259024410
411468.2386021526	4568520.3590350403
411469.2297003875	4568520.4921676395
411470.2217119801	4568520.6068748133
411471.2211179795	4568520.5724125374
411472.2205239788	4568520.5379502615
411473.2043544182	4568520.5729401214
411474.0933289748	4568521.0308967102
411474.9823035314	4568521.4888533000
411475.8712780880	4568521.9468098888
411476.7960061406	4568522.2875653077
411477.7892286799	4568522.4037934765
411478.7824512192	4568522.5200216463
411479.7756737585	4568522.6362498160
411480.7688962978	4568522.7524779858
411481.7621188371	4568522.8687061546
411482.7553413764	4568522.9849343244
411483.7485639157	4568523.1011624942
411484.7417864551	4568523.2173906639
411485.7350089944	4568523.3336188337
411486.6855166557	4568523.6181857549
411487.6142028562	4568523.9851435432
411488.5735683576	4568523.7029772187
411489.5324123388	4568523.5318971621
411490.4890862192	4568523.8230587784
411491.4457600996	4568524.1142203938
411492.4024339800	4568524.4053820102
411493.3591078604	4568524.6965436256
411494.3273162811	4568524.8942031739
411495.3260686200	4568524.8442655569
411496.3042224014	4568524.9002919551
411497.2115330078	4568525.3207529681
411498.1188436141	4568525.7412139811
411499.0261542205	4568526.1616749940
411499.9334648269	4568526.5821360070
411500.8965563899	4568526.7495614076
411501.8965563899	4568526.7495614076
411502.8965563899	4568526.7495614067
411503.8965563899	4568526.7495614067
411504.8524400910	4568527.0142591996
411505.7983860370	4568527.3385835243
411506.7443319829	4568527.6629078481
411507.6898699328	4568527.9663314112
411508.6224380310	4568527.6053373087
411509.5550061293	4568527.2443432063
411510.4875742276	4568526.8833491039
411511.4187830268	4568526.9802486058
411512.3491914195	4568527.3467731243
411513.2795998121	4568527.7132976437
411514.2100342879	4568528.0795856500
411515.1979538142	4568527.9246178810
411516.1858733405	4568527.7696501119
411517.1737928670	4568527.6146823429
411518.1617123933	4568527.4597145738
411519.1496319197	4568527.3047468048
411520.1420245791	4568527.1834867448
411521.1361690421	4568527.0754275639
411522.1303135052	4568526.9673683830
411523.1244579682	4568526.8593092021
411524.1186024313	4568526.7512500212
411524.9874970542	4568526.2588797696
411525.8544033573	4568525.7604086455
411526.7213096605	4568525.2619375214
411527.5882159637	4568524.7634663973
411528.4779571126	4568524.4756501634
411529.4315397779	4568524.7767815311
411530.3335344760	4568525.1652679360
411531.0576724069	4568525.8549231077
411531.7818103378	4568526.5445782803
411532.5059482687	4568526.8787791422
411533.2300861996	4568526.1891239695
411533.9542241305	4568525.4994687969
411534.7560787511	4568525.0477891723
411535.7476791622	4568525.1771283569
411536.7392795733	4568525.3064675415
411537.7385857048	4568525.3171519199
411538.7385857048	4568525.3171519190
411539.7095221681	4568525.0810657395
411540.6796646683	4568524.8385301149
411541.6756079672	4568524.8055771030
411542.6756079672	4568524.8055771030
411543.6756079672	4568524.8055771021
411544.6756079672	4568524.8055771021
411545.6756079672	4568524.8055771021
411546.6487188821	4568525.0177703192
411547.6171106219	4568525.2672045557
411548.5855023618	4568525.5166387912
411549.5538941017	4568525.7660730276
411550.5222858415	4568526.0155072641
411551.4906775814	4568526.2649415005
411552.4590693212	4568526.5143757360
411553.4401676504	4568526.7066446329
411554.4230398374	4568526.8909331681
411555.4059120243	4568527.0752217034
411556.3887842113	4568527.2595102377
411557.3716563982	4568527.4437987730
411558.3545285851	4568527.6280873083
411559.3374007721	4568527.8123758435
411560.3202729590	4568527.9966643779
411561.2833623690	4568528.2564185783
411562.2302439578	4568528.5780010046
411563.1771255465	4568528.8995834310
411564.1240071352	4568529.2211658573
411565.0708887240	4568529.5427482836
411566.0177703127	4568529.8643307099
411566.9882885303	4568530.1019329736
411567.9638982864	4568530.3214451680
411568.9395080426	4568530.5409573633
411569.9151177987	4568530.7604695577
411570.8896171645	4568530.6994927106
411571.8634583745	4568530.4722630968
411572.8372995846	4568530.2450334821
411573.7975911661	4568530.2811124763
411574.7429641481	4568530.6071031578
411575.6883371301	4568530.9330938403
411576.6055603207	4568531.3201585449
411577.4674945359	4568531.8271786710
411578.3294287510	4568532.3341987981
411579.1913629662	4568532.8412189241
411579.6586707543	4568532.9257900780
411580.0972641694	4568532.6545932777
411581.0901811084	4568532.7734038513
411582.0830980472	4568532.8922144258
411583.0760149861	4568533.0110249994
411584.0689319250	4568533.1298355730
411585.0618488639	4568533.2486461475
411586.0547658028	4568533.3674567211
411587.0476827417	4568533.4862672947
411588.0405996805	4568533.6050778693
411589.0335166194	4568533.7238884429
411590.0264335583	4568533.8426990164
411591.0193504972	4568533.9615095910
411591.9630344273	4568534.2518771421
411592.8678531295	4568534.6776741780
411593.7726718316	4568535.1034712149
411594.6774905338	4568535.5292682508
411595.6242319097	4568535.8421131009
411596.5877498194	4568536.1097569643
411597.5512677289	4568536.3774008285
411598.5147856386	4568536.6450446919
411599.4783035481	4568536.9126885561
411600.4418214578	4568537.1803324195
411601.4053393674	4568537.4479762837
411602.3688572770	4568537.7156201480
411603.3323751866	4568537.9832640113
411604.2992358141	4568538.1815202311
411605.2840193728	4568538.0077348957
411606.2714680379	4568537.9524586685
411607.2630684490	4568538.0817978531
411608.2546688601	4568538.2111370377
411609.2462692712	4568538.3404762223
411610.2378696823	4568538.4698154069
411611.0797006358	4568538.9352841061
411611.8389572382	4568539.5860754792
411612.7797045101	4568539.7823829520
411613.7783921736	4568539.8335977038
411614.7770798371	4568539.8848124556
411615.7757675006	4568539.9360272065
411616.7730275062	4568540.0089958999
411617.7698427846	4568540.0887411227
411618.7641939714	4568540.1181186466
411619.7484651784	4568539.9414545838
411620.7327363854	4568539.7647905210
411621.7170075924	4568539.5881264582
411622.6618144936	4568539.5372989010
411623.3689212746	4568540.2444056822
411624.0760280556	4568540.9515124643
411624.9766286499	4568541.3823681297
411625.8712899745	4568541.5477797687
411626.7360789213	4568541.0456442516
411627.6008678680	4568540.5435087346
411628.4656568148	4568540.0413732175
411629.4127171146	4568539.8649508422
411630.4122291907	4568539.8961855937
411631.4117412668	4568539.9274203451
411632.2083841592	4568540.2560985936
411632.6023034576	4568541.1752436236
411632.9962227562	4568542.0943886535
411633.9830311035	4568541.9451486245
411634.9334673811	4568541.6529204082
411635.8636226025	4568541.2857538732
411636.7937778239	4568540.9185873391
411637.7239330454	4568540.5514208041
411638.6306516154	4568540.5810906375
411639.5111227153	4568541.0551904608
411639.5775068547	4568541.8703805115
411640.5646123325	4568541.7103093527
411641.5517178102	4568541.5502381939
411642.5388232880	4568541.3901670361
411643.5289881768	4568541.2560467171
411644.5262559313	4568541.1821750319
411645.5235236857	4568541.1083033457
411646.5207914401	4568541.0344316605
411647.5180591946	4568540.9605599744
411648.5153269490	4568540.8866882892
411649.5125947035	4568540.8128166031
411650.5098624579	4568540.7389449179
411651.5071302124	4568540.6650732318
411652.5043979668	4568540.5912015466
411653.5016657213	4568540.5173298605
411654.4994872358	4568540.4550952576
411655.4992633531	4568540.4339359747
411656.4990394704	4568540.4127766928
411657.4988155877	4568540.3916174099
411658.4985917051	4568540.3704581270
411659.4983678224	4568540.3492988441
411660.4981439397	4568540.3281395612
411661.4979200570	4568540.3069802783
411662.4976961743	4568540.2858209955
411663.4974722917	4568540.2646617126
411664.4972484089	4568540.2435024297
411665.4970245263	4568540.2223431468
411666.4968006436	4568540.2011838639
411667.4965767609	4568540.1800245810
411668.4963528782	4568540.1588652981
411669.4961289955	4568540.1377060153
411670.4959051128	4568540.1165467324
411671.4956812301	4568540.0953874495
411672.4954573474	4568540.0742281675
411673.4952334648	4568540.0530688846
411673.9846124231	4568539.2524946369
411674.6416367864	4568538.7661285475
411675.6355205211	4568538.8765600733
411676.6294042557	4568538.9869915992
411677.6232879904	4568539.0974231251
411678.6171717251	4568539.2078546509
411679.6110554598	4568539.3182861777
411680.6089221119	4568539.2881545993
411681.6074643852	4568539.2341793412
411682.6060066585	4568539.1802040832
411683.6045780704	4568539.1268185088
411684.6035771248	4568539.0820872076
411685.6025761792	4568539.0373559073
411686.6015752336	4568538.9926246060
411687.6005742880	4568538.9478933048
411688.5995733424	4568538.9031620044
411689.5985723969	4568538.8584307032
411690.5951362527	4568538.8552467711
411691.5820691335	4568539.0163786700
411692.5690020143	4568539.1775105689
411693.5559348950	4568539.3386424677
411694.5428677757	4568539.4997743675
411695.5298097327	4568539.6216429938
411696.5168170026	4568539.4609673917
411697.5038242726	4568539.3002917897
411698.4908315425	4568539.1396161877
411699.4778388125	4568538.9789405856
411700.4584709791	4568539.0654833838
411701.4358851446	4568539.2768161763
411702.4132993101	4568539.4881489687
411703.3907134756	4568539.6994817611
411704.3681276411	4568539.9108145535
411705.3455418065	4568540.1221473459
411706.3229559720	4568540.3334801383
411707.3003701375	4568540.5448129307
411708.2766574675	4568540.7612859886
411709.2528445277	4568540.9782164469
411710.2290315879	4568541.1951469043
411711.2052186480	4568541.4120773626
411712.1814057082	4568541.6290078200
411713.1575927684	4568541.8459382784
411714.1337798286	4568542.0628687358
411715.1099668888	4568542.2797991941
411716.0861539489	4568542.4967296515
411717.0623410091	4568542.7136601089
411718.0385280693	4568542.9305905672
411719.0147151295	4568543.1475210246
411719.9909021897	4568543.3644514829
411720.9670892498	4568543.5813819403
411721.9432763101	4568543.7983123986
411722.9194633703	4568544.0152428560
411723.8949112031	4568544.2354700156
411724.8702603579	4568544.4561372446
411725.8456095127	4568544.6768044746
411726.8209586675	4568544.8974717045
411727.7963078224	4568545.1181389336
411728.7716569772	4568545.3388061635
411729.7470061320	4568545.5594733926
411730.7223552868	4568545.7801406225
411731.6977044416	4568546.0008078516
411732.6730535964	4568546.2214750815
411733.6484027513	4568546.4421423106
411734.6237519061	4568546.6628095405
411735.5991010609	4568546.8834767696
411736.5744502157	4568547.1041439995
411737.5497993705	4568547.3248112295
411738.5251485253	4568547.5454784585
411739.5004976802	4568547.7661456885
411740.4758468350	4568547.9868129175
411741.4511959898	4568548.2074801475
411742.4265451446	4568548.4281473765
411743.4018942995	4568548.6488146065
411744.3772434542	4568548.8694818355
411745.3525926091	4568549.0901490655
411746.3384237268	4568549.2534730313
411747.3287654735	4568549.3921208754
411748.3191072202	4568549.5307687204
411749.3094489668	4568549.6694165645
411750.2997907136	4568549.8080644095
411751.2901324602	4568549.9467122536
411752.2804742069	4568550.0853600977
411753.2708159536	4568550.2240079427
411754.2611577002	4568550.3626557868
411755.2514994469	4568550.5013036318
411756.2450313355	4568550.6052812776
411757.2440451419	4568550.6496818913
411758.2430589483	4568550.6940825060
411759.2420727548	4568550.7384831198
411760.2410865613	4568550.7828837335
411761.1547503797	4568550.4424227001
411762.0413352257	4568549.9798566923
411762.9274762878	4568549.6151470570
411763.8098292288	4568550.0857352922
411764.6921821698	4568550.5563235283
411765.5745351108	4568551.0269117635
411766.5034246637	4568551.0205246331
411767.4600985440	4568550.7293630168
411768.4127626944	4568550.4265855402
411769.3453307927	4568550.0655914368
411770.2778988910	4568549.7045973344
411771.2104669893	4568549.3436032319
411772.1430350876	4568548.9826091295
411773.0756031859	4568548.6216150271
411774.0081712842	4568548.2606209246
411774.9652930221	4568548.0310737910
411775.9652930221	4568548.0310737910
411776.9652930221	4568548.0310737910
411777.9652930221	4568548.0310737910
411778.9652930221	4568548.0310737910
411779.9640118220	4568548.0011243131
411780.9603584710	4568547.9157231720
411781.9567051200	4568547.8303220300
411782.9530517690	4568547.7449208889
411783.8909925102	4568548.0221435595
411784.8250681167	4568548.3587590661
411785.8195735696	4568548.4634438502
411786.8098611635	4568548.4909437383
411787.7870375274	4568548.2785140937
411788.7642138914	4568548.0660844501
411789.7413902554	4568547.8536548056
411790.7185666193	4568547.6412251610
411791.6957429832	4568547.4287955174
411792.6729193472	4568547.2163658729
411793.6500957111	4568547.0039362283
411794.6272720751	4568546.7915065847
411795.6044484391	4568546.5790769402
411796.5760201451	4568546.3431207025
411797.5440170432	4568546.0921585429
411798.5120139414	4568545.8411963843
411799.4884023413	4568545.9340984542
411800.4674884147	4568546.1375449114
411801.4465744882	4568546.3409913676
411802.4256605617	4568546.5444378247
411803.4047466351	4568546.7478842810
411804.3838327086	4568546.9513307381
411805.3629187820	4568547.1547771944
411806.3420048555	4568547.3582236515
411807.2693158305	4568547.7175139915
411808.1754989704	4568548.1403994570
411809.0816821104	4568548.5632849224
411809.9878652503	4568548.9861703878
411810.8940483903	4568549.4090558533
411811.8002315302	4568549.8319413187
411812.7064146702	4568550.2548267841
411813.6913170094	4568550.4119624700
411814.6816255624	4568550.5508472053
411815.6719341154	4568550.6897319416
411816.6622426684	4568550.8286166778
411817.6525512214	4568550.9675014131
411818.6428597744	4568551.1063861493
411819.6331683274	4568551.2452708855
411820.6234768803	4568551.3841556218
411821.6137854333	4568551.5230403570
411822.6040939863	4568551.6619250933
411823.5944025393	4568551.8008098295
411824.5847110923	4568551.9396945648
411825.5750196452	4568552.0785793010
411826.5653281983	4568552.2174640372
411827.5556367513	4568552.3563487735
411828.5459453042	4568552.4952335088
411829.5362538572	4568552.6341182450
411830.5016841046	4568552.8945377544
411831.4669104764	4568553.1559532303
411832.4321368482	4568553.4173687063
411833.3973632201	4568553.6787841823
411834.3625895920	4568553.9401996583
411835.3582691366	4568554.0073345751
411836.3571892227	4568554.0537959747
411837.3561093087	4568554.1002573743
411838.3550293948	4568554.1467187731
411839.3483273527	4568554.2481875690
411840.3359924646	4568554.4047686234
411841.3236575767	4568554.5613496779
411842.3113226887	4568554.7179307314
411843.2989878007	4568554.8745117858
411844.2866529127	4568555.0310928402
411845.2743180247	4568555.1876738947
411846.2619831367	4568555.3442549482
411847.2496709290	4568555.5006759772
411848.2419488056	4568555.6247107126
411849.2342266822	4568555.7487454480
411850.2265045588	4568555.8727801833
411851.2242293002	4568555.9093259731
411852.2242293002	4568555.9093259731
411853.2242293002	4568555.9093259722
411854.2242293002	4568555.9093259722
411855.2242293002	4568555.9093259722
411855.9770855569	4568556.5670865402
411856.7296622518	4568557.2255911482
411857.6496012793	4568557.0995192518
411858.6053802881	4568556.8054334037
411859.5618711065	4568556.5324589172
411860.5352882749	4568556.7614982510
411861.5087054432	4568556.9905375848
411862.4821226116	4568557.2195769185
411863.4602230707	4568557.4262745809
411864.4436762592	4568557.6074370109
411865.4271294478	4568557.7885994399
411866.4105826363	4568557.9697618699
411867.3623069861	4568557.8587646382
411868.2839423610	4568557.4707076373
411869.2235953658	4568557.3435127735
411870.1898303053	4568557.6011754237
411871.0876484604	4568558.0325068487
411871.9785771024	4568558.4594176076
411872.9733585411	4568558.3573887423
411873.9681399797	4568558.2553598769
411874.9629214183	4568558.1533310115
411875.9358244902	4568558.0089771254
411876.5943290978	4568557.2564004306
411877.5676429653	4568557.0477292109
411878.4014850145	4568557.2544431342
411879.0261800618	4568558.0353119439
411879.8163859576	4568558.4227305157
411880.8114231478	4568558.3232267965
411881.7696571542	4568558.0930162361
411882.6704258356	4568557.6587170502
411883.5711945169	4568557.2244178643
411884.4719631982	4568556.7901186785
411885.3727318795	4568556.3558194926
411886.2735005608	4568555.9215203067
411887.1770826809	4568555.4973883983
411888.1729758873	4568555.4068526514
411889.1688690938	4568555.3163169054
411890.1647623002	4568555.2257811595
411891.1088912298	4568555.4511519633
411892.0238090312	4568555.8547921702
411892.9387268326	4568556.2584323771
411893.8536446340	4568556.6620725840
411894.7910155619	4568557.0093761245
411895.7327574736	4568557.3457125211
411896.6744993851	4568557.6820489177
411897.6602152151	4568557.8119696146
411898.6572697006	4568557.8886661138
411899.6382648307	4568558.0180967357
411900.5088276695	4568558.5101539921
411901.3793905082	4568559.0022112485
411902.2499533469	4568559.4942685049
411903.1205161857	4568559.9863257622
411903.9910790245	4568560.4783830186
411904.9543948384	4568560.6435130639
411905.9536560130	4568560.6819461863
411906.9512124424	4568560.7323284363
411907.9213549426	4568560.9748640610
411908.8914974428	4568561.2173996856
411909.8710345972	4568561.4136308031
411910.8589898289	4568561.5683707790
411911.8469450606	4568561.7231107559
411912.8349002922	4568561.8778507318
411913.8228555239	4568562.0325907078
411914.8108107555	4568562.1873306846
411915.7987659872	4568562.3420706606
411916.7867212188	4568562.4968106365
411917.7746764505	4568562.6515506124
411918.7117498485	4568562.9965878120
411919.6450954549	4568563.3555668909
411920.5784410613	4568563.7145459699
411921.5117866676	4568564.0735250488
411922.4872982853	4568564.1511474522
411923.4848733861	4568564.0815491900
411924.4824484870	4568564.0119509269
411925.4800235878	4568563.9423526647
411926.4407650967	4568563.7593797939
411927.2887634008	4568563.2293808544
411928.1627849299	4568562.9824835602
411929.0931933229	4568563.3490080778
411930.0236017158	4568563.7155325962
411930.9540101087	4568564.0820571138
411931.8314449113	4568563.8386853859
411932.6847267452	4568563.3172353767
411933.6142972324	4568563.0350112785
411934.6119275609	4568562.9662091862
411935.6095578893	4568562.8974070949
411936.5992346333	4568562.7658074880
411937.5825166381	4568562.5837182272
411938.5657986429	4568562.4016289655
411939.5555368289	4568562.4494902659
411940.5474866085	4568562.5761221526
411941.5394363880	4568562.7027540393
411942.5313861676	4568562.8293859269
411943.5233359472	4568562.9560178136
411944.5037895783	4568562.7867693454
411945.4829234157	4568562.5835528886
411946.4620572531	4568562.3803364318
411947.4411910906	4568562.1771199740
411948.4203249280	4568561.9739035172
411949.4045801594	4568561.8024708219
411950.3979890953	4568561.6878467146
411951.3913980312	4568561.5732226064
411952.3848069671	4568561.4585984992
411953.3782159030	4568561.3439743910
411954.3716248389	4568561.2293502837
411955.3650337748	4568561.1147261756
411956.3584427107	4568561.0001020683
411957.3500331309	4568560.8721457291
411958.3378508936	4568560.7165306024
411959.3256686562	4568560.5609154748
411960.3134864189	4568560.4053003481
411961.3013041815	4568560.2496852204
411962.2891219442	4568560.0940700937
411963.2769397068	4568559.9384549670
411964.2647574695	4568559.7828398393
411965.2525752321	4568559.6272247126
411966.2403929948	4568559.4716095850
411967.2282107575	4568559.3159944583
411968.2160285201	4568559.1603793306
411969.2038462828	4568559.0047642039
411970.1916640454	4568558.8491490772
411971.1794818081	4568558.6935339496
411972.1679441573	4568558.5423242422
411973.1589365878	4568558.4084063470
411974.1499290183	4568558.2744884519
411975.1409214488	4568558.1405705558
411976.1336148925	4568558.0944963926
411977.1290488713	4568558.1899489658
411978.1244828502	4568558.2854015389
411979.1199168291	4568558.3808541121
411980.1153508080	4568558.4763066852
411981.1107847868	4568558.5717592575
411982.1062187657	4568558.6672118306
411983.1016527446	4568558.7626644038
411984.0836105942	4568558.9487072937
411985.0637260059	4568559.1471355679
411986.0438414176	4568559.3455638411
411987.0239568292	4568559.5439921143
411988.0040722409	4568559.7424203884
411988.9841876526	4568559.9408486616
411989.9643030643	4568560.1392769357
411990.9444184760	4568560.3377052089
411991.9245338877	4568560.5361334831
411992.9046492994	4568560.7345617563
411993.8847647110	4568560.9329900304
411994.8648801227	4568561.1314183036
411995.8449955344	4568561.3298465768
411996.8251109461	4568561.5282748509
411997.8052263578	4568561.7267031241
411998.7853417695	4568561.9251313983
411999.7654571812	4568562.1235596715
412000.7406266632	4568562.3448254867
412001.7150178589	4568562.5696849935
412002.6894090545	4568562.7945445003
412003.6638002502	4568563.0194040071
412004.6381914459	4568563.2442635139
412005.6125826416	4568563.4691230208
412006.5869738373	4568563.6939825276
412007.5613650329	4568563.9188420344
412008.5357562286	4568564.1437015412
412009.4955530119	4568564.4148403015
412010.4226630777	4568564.7896294771
412011.3497731434	4568565.1644186527
412012.2768832092	4568565.5392078273
412013.2039932749	4568565.9139970029
412014.1391470050	4568566.2573684072
412015.1322976093	4568566.3742096545
412016.1254482136	4568566.4910509028
412017.1185988179	4568566.6078921501
412018.0941752002	4568566.8152927849
412019.0589390215	4568567.0784101905
412020.0237028427	4568567.3415275961
412020.9926152078	4568567.5695027253
412021.9921272839	4568567.5382679729
412022.9916393599	4568567.5070332205
412023.9911514360	4568567.4757984681
412024.9670465631	4568567.6708394736
412025.9385669018	4568567.9077956546
412026.9100872405	4568568.1447518347
412027.8816075793	4568568.3817080148
412028.8564311968	4568568.6042423164
412029.8342336109	4568568.8137714053
412030.8120360250	4568569.0233004941
412031.7714105130	4568568.9163023345
412032.7182921017	4568568.5947199091
412033.6651736904	4568568.2731374828
412034.6120552792	4568567.9515550565
412035.5589368679	4568567.6299726302
412036.5058184567	4568567.3083902039
412037.4766079471	4568567.0708672134
412038.4509991427	4568566.8460077066
412039.4282595307	4568566.6385690058
412040.4232967209	4568566.5390652865
412041.4183339111	4568566.4395615673
412042.4133711013	4568566.3400578480
412043.4057964286	4568566.2315274859
412044.3002236198	4568565.7843138911
412045.1946508109	4568565.3371002963
412046.0890780021	4568564.8898867005
412046.9835051933	4568564.4426731057
412047.8779323845	4568563.9954595109
412048.7723595756	4568563.5482459152
412049.4785586367	4568562.8525621286
412050.1512314301	4568562.1126220543
412050.8239042235	4568561.3726819810
412051.7530884991	4568561.3399391500
412052.7437096283	4568561.4765765471
412053.7343307575	4568561.6132139452
412054.7320072207	4568561.6690005558
412055.7313220545	4568561.7060122164
412056.7296226401	4568561.7314001955
412057.7074250542	4568561.5218711067
412058.6852274683	4568561.3123420188
412059.6601890894	4568561.1627095314
412060.6137717546	4568561.4638408991
412061.5697374572	4568561.7272039596
412062.5536073673	4568561.5483185221
412063.5374772774	4568561.3694330836
412064.5213471875	4568561.1905476451
412065.4824537163	4568561.3319672877
412066.4311370142	4568561.6481950544
412067.3822363007	4568561.9541885294
412068.3721857945	4568562.0956098847
412069.3621352882	4568562.2370312400
412070.3520847820	4568562.3784525953
412071.3420342757	4568562.5198739516
412072.3319837695	4568562.6612953069
412073.3204667252	4568562.8126256159
412074.3089411463	4568562.9640135905
412075.2974155674	4568563.1154015651
412076.2858899885	4568563.2667895388
412077.2743644096	4568563.4181775134
412078.2628388307	4568563.5695654880
412079.2513132518	4568563.7209534626
412080.2397876730	4568563.8723414373
412081.2282620940	4568564.0237294119
412082.2167365151	4568564.1751173865
412083.2052109362	4568564.3265053602
412084.1774687339	4568564.5489890249
412085.1338203049	4568564.8412075611
412086.0901718759	4568565.1334260963
412087.0465234469	4568565.4256446324
412088.0028750179	4568565.7178631676
412088.9592265889	4568566.0100817038
412089.9155781599	4568566.3023002390
412090.8719297310	4568566.5945187751
412091.8221318479	4568566.9059911454
412092.7708151459	4568567.2222189112
412093.7194984440	4568567.5384466769
412094.6681817422	4568567.8546744427
412095.6168650402	4568568.1709022084
412096.5655483384	4568568.4871299751
412097.5142316364	4568568.8033577409
412098.4629149346	4568569.1195855066
412099.4115982327	4568569.4358132724
412100.3788294107	4568569.6692119949
412101.3717762038	4568569.7877728064
412102.3647229970	4568569.9063336179
412103.3576697901	4568570.0248944294
412104.3506165833	4568570.1434552399
412105.3435633764	4568570.2620160514
412106.3365101696	4568570.3805768630
412107.3326953078	4568570.4582406199
412108.3319272585	4568570.4974261867
412109.3311592092	4568570.5366117535
412110.3303911599	4568570.5757973203
412111.3296231107	4568570.6149828862
412112.3288550615	4568570.6541684531
412113.3280870122	4568570.6933540199
412114.3273189629	4568570.7325395858
412115.3265509137	4568570.7717251526
412116.3257828644	4568570.8109107194
412117.3249736883	4568570.8509985851
412118.3236271130	4568570.9028766854
412119.3222805377	4568570.9547547856
412120.3209339624	4568571.0066328859
412121.3195873872	4568571.0585109862
412122.3182408119	4568571.1103890864
412123.3168942366	4568571.1622671867
412124.3155476614	4568571.2141452869
412125.3139629701	4568571.2433054885
412126.3113096010	4568571.1705064643
412127.3086562318	4568571.0977074401
412128.3060028627	4568571.0249084160
412129.3033494936	4568570.9521093918
412130.3006961244	4568570.8793103676
412131.2980427552	4568570.8065113425
412132.2953893861	4568570.7337123184
412133.2927360169	4568570.6609132942
412134.2900826478	4568570.5881142700
412135.2874292787	4568570.5153152458
412136.2847759095	4568570.4425162217
412137.2821225404	4568570.3697171975
412138.2794691712	4568570.2969181733
412139.2768520508	4568570.2246298464
412140.2744823792	4568570.1558277551
412141.2721127076	4568570.0870256629
412142.2697430360	4568570.0182235716
412143.2673733644	4568569.9494214803
412144.2650036929	4568569.8806193890
412145.2626340213	4568569.8118172968
412146.2602643497	4568569.7430152055
412147.2578946782	4568569.6742131142
412148.2555250066	4568569.6054110220
412149.2531553351	4568569.5366089307
412150.2507856635	4568569.4678068394
412151.2484159919	4568569.3990047481
412152.2460463203	4568569.3302026559
412153.2436766487	4568569.2614005646
412154.2399321283	4568569.1784112295
412155.2322100050	4568569.0543764951
412156.2244878817	4568568.9303417597
412157.2167657584	4568568.8063070253
412158.2090436351	4568568.6822722908
412159.2013215118	4568568.5582375554
412160.1935993885	4568568.4342028210
412161.1858772652	4568568.3101680866
412162.1781551419	4568568.1861333521
412163.1704330186	4568568.0620986167
412164.1627108953	4568567.9380638823
412165.1549887720	4568567.8140291478
412166.1370121021	4568567.6294294521
412167.1148145162	4568567.4199003633
412168.0926169303	4568567.2103712745
412169.0704193443	4568567.0008421857
412170.0482217584	4568566.7913130969
412171.0260241724	4568566.5817840071
412172.0038265865	4568566.3722549183
412172.9579713324	4568566.0893141422
412173.8741286675	4568565.6884953082
412174.7902860025	4568565.2876764750
412175.7064433376	4568564.8868576409
412176.6900204174	4568564.7823219616
412177.6894054112	4568564.7472558217
412178.6887904050	4568564.7121896809
412179.6881753988	4568564.6771235410
412180.6875603926	4568564.6420574011
412181.6869453864	4568564.6069912612
412182.6863303802	4568564.5719251214
412183.6857153739	4568564.5368589805
412184.6851003677	4568564.5017928407
412185.6844853615	4568564.4667267008
412186.6838703553	4568564.4316605609
412187.6832730111	4568564.4058089554
412188.6827850872	4568564.4370437078
412189.6822971633	4568564.4682784602
412190.6818092393	4568564.4995132126
412191.6813213154	4568564.5307479650
412192.6808333915	4568564.5619827174
412193.6803454676	4568564.5932174698
412194.6798575437	4568564.6244522221
412195.6793696198	4568564.6556869745
412196.6788816959	4568564.6869217269
412197.6698171607	4568564.7816910893
412198.6418356244	4568565.0165955508
412199.6138540880	4568565.2515000133
412200.5858725517	4568565.4864044748
412201.5578910154	4568565.7213089373
412202.5299094790	4568565.9562133988
412203.5019279428	4568566.1911178613
412204.4739464064	4568566.4260223228
412205.4459648701	4568566.6609267853
412206.4179833338	4568566.8958312469
412207.3900017975	4568567.1307357093
412208.3620202611	4568567.3656401709
412209.3340387248	4568567.6005446333
412210.3248492310	4568567.6941894144
412211.3244741372	4568567.7215763973
412212.3240990434	4568567.7489633812
412213.3237239496	4568567.7763503650
412214.3233488558	4568567.8037373489
412215.3229737620	4568567.8311243327
412216.3225986682	4568567.8585113166
412217.3204123583	4568567.9082116848
412218.3113677263	4568568.0424035573
412219.3023230942	4568568.1765954299
412220.2932784622	4568568.3107873024
412221.2842338302	4568568.4449791750
412222.2751891982	4568568.5791710475
412223.2661445661	4568568.7133629201
412224.2570999341	4568568.8475547936
412225.2480553021	4568568.9817466661
412226.2390106701	4568569.1159385387
412227.2159767461	4568569.3083956633
412228.1598351024	4568569.6387460884
412229.1036934587	4568569.9690965125
412230.0475518150	4568570.2994469376
412230.9914101712	4568570.6297973627
412231.9874955582	4568570.5851241471
412232.9857004037	4568570.5252318559
412233.9839052491	4568570.4653395656
412234.9821100946	4568570.4054472754
412235.9803149401	4568570.3455549851
412236.9566095938	4568570.5321986433
412237.9286077298	4568570.7671872042
412238.9006058658	4568571.0021757651
412239.8726040018	4568571.2371643251
412240.8446021378	4568571.4721528860
412241.8166002739	4568571.7071414469
412242.7885984098	4568571.9421300068
412243.7605965458	4568572.1771185677
412244.7325946819	4568572.4121071277
412245.7098873828	4568572.6179210683
412246.7024737715	4568572.7394622583
412247.6950601603	4568572.8610034483
412248.6876465490	4568572.9825446382
412249.6802329378	4568573.1040858282
412250.6488137364	4568573.2999678301
412251.5250296450	4568573.7818865795
412252.4012455536	4568574.2638053298
412253.3683530973	4568574.4968175981
412254.3489337730	4568574.6929337336
412255.3295144487	4568574.8890498681
412256.3142467443	4568575.0355919721
412257.3137879235	4568575.0053028446
412258.3133291026	4568574.9750137180
412259.3128702817	4568574.9447245905
412260.2538930551	4568575.2491168361
412261.1838537752	4568575.6167757250
412262.1138144953	4568575.9844346149
412263.0437752154	4568576.3520935047
412263.9807755307	4568576.6671021394
412264.9746592654	4568576.5566706136
412265.9685430001	4568576.4462390877
412266.9624267348	4568576.3358075619
412267.9563104695	4568576.2253760360
412268.9501942042	4568576.1149445102
412269.9436738977	4568576.1297670444
412270.9368245021	4568576.2466082918
412271.8983299475	4568576.5108388215
412272.8519126128	4568576.8119701892
412273.8282314205	4568576.7460005060
412274.8116846091	4568576.5648380769
412275.7951377977	4568576.3836756470
412276.7785909863	4568576.2025132179
412277.7747647821	4568576.1999737816
412278.7739657408	4568576.2399418205
412279.7641852872	4568576.3368321089
412280.7271493069	4568576.6064620344
412281.6901133266	4568576.8760919599
412282.5970403371	4568576.6926919091
412283.4652834793	4568576.1965529714
412284.3335266214	4568575.7004140327
412285.2326089436	4568575.4155298406
412286.2064501534	4568575.6427594563
412287.1802913633	4568575.8699890710
412287.8775100315	4568576.0653737569
412288.1268627499	4568575.9667446418
412289.1144755843	4568575.8098341906
412290.1020884186	4568575.6529237404
412291.0897012530	4568575.4960132902
412292.0773140873	4568575.3391028401
412293.0649269216	4568575.1821923899
412294.0525397560	4568575.0252819397
412295.0401525904	4568574.8683714895
412296.0277654247	4568574.7114610393
412297.0153782591	4568574.5545505881
412298.0029910935	4568574.3976401379
412298.9881293677	4568574.2263950277
412299.9711896666	4568574.0431125993
412300.9542499656	4568573.8598301709
412301.9373102645	4568573.6765477424
412302.9203705635	4568573.4932653140
412303.9034308624	4568573.3099828856
412304.8864911614	4568573.1267004572
412305.8695514603	4568572.9434180278
412306.8526117593	4568572.7601355994
412307.8356720583	4568572.5768531710
412308.8187323573	4568572.3935707426
412309.8017926562	4568572.2102883141
412310.7851328096	4568572.0285319546
412311.7692598271	4568571.8510664264
412312.7533868445	4568571.6736008991
412313.7375138619	4568571.4961353708
412314.7216408794	4568571.3186698435
412315.7057678968	4568571.1412043152
412316.6898949142	4568570.9637387879
412317.6569828069	4568570.7103268756
412318.6225985654	4568570.4503534026
412319.5882143239	4568570.1903799288
412320.5538300825	4568569.9304064550
412321.5194458410	4568569.6704329820
412322.4983293282	4568569.4907778939
412323.4962546372	4568569.4263956156
412324.4941799462	4568569.3620133381
412325.4921052552	4568569.2976310598
412326.4900305641	4568569.2332487823
412327.4879558731	4568569.1688665040
412328.4857843562	4568569.1126962053
412329.4819142062	4568569.2005900154
412330.4780440562	4568569.2884838255
412331.4741739063	4568569.3763776356
412332.4703037563	4568569.4642714458
412333.4664336064	4568569.5521652559
412334.4625634564	4568569.6400590660
412335.4574433238	4568569.7362944232
412336.4355825961	4568569.9442452919
412337.4137218684	4568570.1521961614
412338.3918611408	4568570.3601470301
412339.3700004131	4568570.5680978987
412340.3481396854	4568570.7760487683
412341.3262789578	4568570.9839996370
412342.3044182301	4568571.1919505056
412343.2825575025	4568571.3999013752
412344.2606967748	4568571.6078522438
412345.2388360471	4568571.8158031134
412346.2169753195	4568572.0237539820
412347.1951145918	4568572.2317048507
412348.1732538641	4568572.4396557203
412349.1377131744	4568572.7022388428
412350.0984273572	4568572.9797784965
412351.0591415400	4568573.2573181493
412352.0198557228	4568573.5348578021
412352.9805699055	4568573.8123974558
412353.9412840883	4568574.0899371086
412354.9019982711	4568574.3674767613
412355.8627124538	4568574.6450164150
412356.8234266367	4568574.9225560678
412357.7893603766	4568575.1769695478
412358.7761494683	4568575.3389796969
412359.7629385601	4568575.5009898460
412360.7497276519	4568575.6629999951
412361.7365167436	4568575.8250101442
412362.7233058354	4568575.9870202933
412363.7100949271	4568576.1490304423
412364.7001973795	4568576.2659187587
412365.7000673321	4568576.2497918243
412366.6999372847	4568576.2336648889
412367.6998072372	4568576.2175379544
412368.6996771897	4568576.2014110200
412369.6995471422	4568576.1852840856
412370.6994170948	4568576.1691571502
412371.6992870473	4568576.1530302158
412372.6991569998	4568576.1369032813
412373.6990269523	4568576.1207763469
412374.6988969049	4568576.1046494115
412375.6987668574	4568576.0885224771
412376.6986368100	4568576.0723955426
412377.6936862421	4568575.9911968056
412378.6850181463	4568575.8598154681
412379.6763500506	4568575.7284341315
412380.6676819548	4568575.5970527949
412381.6590138590	4568575.4656714583
412382.6503457633	4568575.3342901217
412383.6416776675	4568575.2029087851
412384.6330095717	4568575.0715274476
412385.6243414760	4568574.9401461110
412386.3746148730	4568574.2794807786
412387.1244527284	4568573.6178591410
412388.0415321401	4568573.3469046764
412389.0378369091	4568573.2610163344
412390.0341416781	4568573.1751279924
412391.0304464470	4568573.0892396504
412392.0267512160	4568573.0033513084
412393.0230559850	4568572.9174629664
412394.0136308702	4568573.0034374697
412394.9666291843	4568572.9298483031
412395.8610563753	4568572.4826347074
412396.7554835663	4568572.0354211126
412397.6818203043	4568572.0769116171
412398.6268063777	4568572.4040221814
412399.5717924511	4568572.7311327457
412400.5391401183	4568572.9817459220
412401.5115274203	4568573.2151188748
412402.4885190970	4568573.3913059086
412403.4857184069	4568573.3165159598
412404.4829177168	4568573.2417260120
412405.4801170266	4568573.1669360632
412406.4773718061	4568573.1035423111
412407.4752519121	4568573.1686214479
412408.4731320181	4568573.2337005856
412409.4710121241	4568573.2987797232
412410.4688922300	4568573.3638588609
412411.4667723360	4568573.4289379977
412412.4646524419	4568573.4940171354
412413.4625325479	4568573.5590962730
412414.4604126538	4568573.6241754098
412415.4582927598	4568573.6892545475
412416.4391739514	4568573.8654045584
412417.4108415545	4568574.1017561369
412418.3825091577	4568574.3381077163
412419.3541767609	4568574.5744592957
412420.3471635385	4568574.6329642711
412421.3471635385	4568574.6329642711
412422.3471635385	4568574.6329642711
412423.3471635385	4568574.6329642711
412424.3471635385	4568574.6329642711
412425.3471635385	4568574.6329642711
412426.3471635385	4568574.6329642711
412427.3428809045	4568574.6820528619
412428.3277732260	4568574.8552207425
412429.3126655476	4568575.0283886231
412430.2975578692	4568575.2015565038
412431.2824501908	4568575.3747243853
412432.2673425123	4568575.5478922660
412433.2522348339	4568575.7210601466
412434.2371271556	4568575.8942280272
412435.2220194771	4568576.0673959078
412436.2069117987	4568576.2405637885
412437.1514970913	4568576.5614333898
412438.0878262689	4568576.9125568317
412439.0367531469	4568577.2067493405
412440.0338076324	4568577.2834458398
412441.0308621179	4568577.3601423390
412441.9627355438	4568577.6554181725
412442.8389514525	4568578.1373369219
412443.7392127210	4568578.5431156689
412444.7332844128	4568578.6518422598
412445.7273561046	4568578.7605688507
412446.7214277963	4568578.8692954425
412447.7154994881	4568578.9780220333
412448.7095711798	4568579.0867486252
412449.7036428716	4568579.1954752160
412450.6977145634	4568579.3042018069
412451.6917862551	4568579.4129283987
412452.6858579469	4568579.5216549896
412453.6799296386	4568579.6303815814
412454.6740013304	4568579.7391081722
412455.6680730221	4568579.8478347631
412456.6623202290	4568579.9533423660
412457.6623202290	4568579.9533423660
412458.6623202290	4568579.9533423660
412459.6623202290	4568579.9533423660
412460.6623202290	4568579.9533423660
412461.6623202290	4568579.9533423660
412462.6623202290	4568579.9533423670
412463.6623202290	4568579.9533423670
412464.6623202290	4568579.9533423670
412465.6623202290	4568579.9533423670
412466.6623202290	4568579.9533423670
412467.6623202290	4568579.9533423670
412468.6623202290	4568579.9533423670
412469.6623202290	4568579.9533423670
412470.6623202290	4568579.9533423670
412471.6623202290	4568579.9533423670
412472.6623202290	4568579.9533423670
412473.6623202290	4568579.9533423670
412474.6623202290	4568579.9533423670
412475.6623202290	4568579.9533423670
412476.6623202290	4568579.9533423670
412477.6623202290	4568579.9533423670
412478.6623202290	4568579.9533423670
412479.6623202290	4568579.9533423670
412480.6623202290	4568579.9533423670
412481.6623202290	4568579.9533423670
412482.6621820168	4568579.9696525708
412483.6620384109	4568579.9865992889
412484.6618948050	4568580.0035460070
412485.6617511990	4568580.0204927251
412486.6616075931	4568580.0374394432
412487.6614639872	4568580.0543861613
412488.6609509732	4568580.0251796972
412489.6604080032	4568579.9922305644
412490.6598650331	4568579.9592814315
412491.6593220630	4568579.9263322987
412492.6587790929	4568579.8933831658
412493.6582361228	4568579.8604340330
412494.6576931527	4568579.8274849001
412495.6571501826	4568579.7945357673
412496.6566072125	4568579.7615866344
412497.6560642424	4568579.7286375016
412498.6555212724	4568579.6956883688
412499.6549783023	4568579.6627392368
412500.6544353322	4568579.6297901040
412501.6538923621	4568579.5968409711
412502.6533493920	4568579.5638918383
412503.6528064219	4568579.5309427055
412504.6522634519	4568579.4979935726
412505.6517204818	4568579.4650444398
412506.6509706491	4568579.4271083251
412507.6497229880	4568579.3771707080
412508.6484753269	4568579.3272330910
412509.6472276658	4568579.2772954740
412510.6459800047	4568579.2273578569
412511.6447323435	4568579.1774202399
412512.6434846824	4568579.1274826229
412513.6422370213	4568579.0775450058
412514.6409893601	4568579.0276073888
412515.6397416990	4568578.9776697718
412516.6384940379	4568578.9277321547
412517.6372463767	4568578.8777945377
412518.6359987156	4568578.8278569207
412519.6347510545	4568578.7779193036
412520.6335033934	4568578.7279816866
412521.6322557322	4568578.6780440696
412522.6310080711	4568578.6281064525
412523.6290138448	4568578.5651295483
412524.6269391538	4568578.5007472700
412525.6248644628	4568578.4363649925
412526.6227897718	4568578.3719827151
412527.6207150808	4568578.3076004377
412528.6186403898	4568578.2432181602
412529.6026221914	4568578.0865685921
412530.5750094933	4568577.8531956384
412531.5473967952	4568577.6198226856
412532.4960940943	4568577.8955000173
412533.4426042824	4568578.2181739453
412534.3891144705	4568578.5408478733
412535.3356246587	4568578.8635218013
412536.2902315957	4568579.1232742164
412537.2875974127	4568579.0507385209
412538.2849632296	4568578.9782028254
412539.2823290466	4568578.9056671299
412540.2796948636	4568578.8331314335
412541.2770606805	4568578.7605957380
412542.2416915896	4568578.5409138286
412543.1757434244	4568578.1837763628
412544.1097952592	4568577.8266388960
412545.0438470940	4568577.4695014292
412545.9778989288	4568577.1123639634
412546.9119507636	4568576.7552264966
412547.8460025984	4568576.3980890308
412548.7842410424	4568576.0587337529
412549.7795156763	4568575.9616337894
412550.7747903103	4568575.8645338248
412551.7700649442	4568575.7674338613
412552.7653395781	4568575.6703338968
412553.7544151975	4568575.5243450459
412554.7424272312	4568575.3699681656
412555.7304392651	4568575.2155912854
412556.7184512988	4568575.0612144051
412557.7064633326	4568574.9068375248
412558.6944753664	4568574.7524606455
412559.6851503771	4568574.6284236033
412560.6849484232	4568574.6083271606
412561.6847464693	4568574.5882307170
412562.6845445154	4568574.5681342743
412563.6843425615	4568574.5480378307
412564.6841406076	4568574.5279413881
412565.6839386536	4568574.5078449445
412566.6837366998	4568574.4877485018
412567.6835347459	4568574.4676520582
412568.6833327919	4568574.4475556156
412569.6831308381	4568574.4274591720
412570.6829288841	4568574.4073627293
412571.6827269302	4568574.3872662857
412572.6825249763	4568574.3671698431
412573.6823230224	4568574.3470734004
412574.6821210685	4568574.3269769568
412575.6819191146	4568574.3068805141
412576.6817171607	4568574.2867840705
412577.6815152068	4568574.2666876279
412578.6813132529	4568574.2465911843
412579.6811112990	4568574.2264947416
412580.6782664671	4568574.2932992773
412581.6749955152	4568574.3741151458
412582.6717245634	4568574.4549310142
412583.6684536115	4568574.5357468827
412584.6651826596	4568574.6165627511
412585.6619117077	4568574.6973786196
412586.6586407559	4568574.7781944880
412587.6541633705	4568574.8706776267
412588.6463398299	4568574.9955210229
412589.6385162893	4568575.1203644183
412590.6306927487	4568575.2452078136
412591.6228692081	4568575.3700512098
412592.6150456675	4568575.4948946051
412593.6072221269	4568575.6197380004
412594.5993985863	4568575.7445813958
412595.5915750457	4568575.8694247920
412596.5837515051	4568575.9942681873
412597.5759279645	4568576.1191115826
412598.5681044239	4568576.2439549780
412599.5602808833	4568576.3687983742
412600.5524573427	4568576.4936417695
412601.5446338021	4568576.6184851648
412602.5368102615	4568576.7433285611
412603.5209436926	4568576.9176079128
412604.5015243683	4568577.1137240482
412605.4821050440	4568577.3098401837
412606.4626857197	4568577.5059563182
412607.4432663953	4568577.7020724537
412608.4238470710	4568577.8981885882
412609.4044277467	4568578.0943047237
412610.3850084225	4568578.2904208591
412611.3678487722	4568578.4740538718
412612.3549542500	4568578.6341250306
412613.3420597277	4568578.7941961894
412614.3291652055	4568578.9542673472
412615.3162706833	4568579.1143385060
412616.3033761611	4568579.2744096639
412617.2904816388	4568579.4344808226
412618.2775871166	4568579.5945519814
412619.2700553021	4568579.7136729062
412620.2650924922	4568579.8131766254
412621.2601296824	4568579.9126803456
412622.2551668725	4568580.0121840648
412623.2502040628	4568580.1116877841
412624.2478955940	4568580.1579722939
412625.2478955940	4568580.1579722920
412626.2478955940	4568580.1579722911
412627.2455189979	4568580.1109991521
412628.2404124042	4568580.0100679370
412629.2353058104	4568579.9091367219
412630.2301992167	4568579.8082055077
412631.2250926230	4568579.7072742926
412632.2199860292	4568579.6063430775
412633.2148794355	4568579.5054118624
412634.2057621629	4568579.3760224665
412635.1897991375	4568579.1980583332
412636.1738361120	4568579.0200942000
412637.1578730865	4568578.8421300668
412638.1419100610	4568578.6641659327
412639.1259470356	4568578.4862017995
412640.1099840101	4568578.3082376663
412641.0940209846	4568578.1302735331
412642.0780579591	4568577.9523093989
412643.0620949336	4568577.7743452657
412644.0554130389	4568577.6858693967
412645.0550274595	4568577.6581023289
412646.0546418802	4568577.6303352611
412647.0542563008	4568577.6025681943
412648.0538707215	4568577.5748011265
412649.0534851422	4568577.5470340597
412650.0530995628	4568577.5192669919
412651.0525829431	4568577.5077203205
412652.0516182738	4568577.5516339615
412653.0506536046	4568577.5955476025
412654.0496889354	4568577.6394612435
412655.0487242661	4568577.6833748845
412656.0477595969	4568577.7272885256
412657.0467949277	4568577.7712021666
412658.0458302585	4568577.8151158076
412659.0448655893	4568577.8590294486
412660.0439009200	4568577.9029430896
412661.0324709946	4568578.0499893371
412662.0199633566	4568578.2076561851
412663.0074557187	4568578.3653230323
412663.9949480808	4568578.5229898803
412664.9824404429	4568578.6806567283
412665.9699328049	4568578.8383235754
412666.9574251670	4568578.9959904235
412667.9449175290	4568579.1536572706
412668.9324098911	4568579.3113241186
412669.9199022532	4568579.4689909667
412670.9073946153	4568579.6266578138
412671.8948869774	4568579.7843246618
412672.8772938723	4568579.9695314849
412673.8559716635	4568580.1749329967
412674.8346494547	4568580.3803345086
412675.8133272458	4568580.5857360205
412676.7920050370	4568580.7911375314
412677.7706828282	4568580.9965390433
412678.7493606194	4568581.2019405551
412679.7280384106	4568581.4073420670
412680.7089462073	4568581.5948398700
412681.7081074358	4568581.6357891010
412682.7072686643	4568581.6767383311
412683.7064298928	4568581.7176875621
412684.7055911213	4568581.7586367922
412685.7047523498	4568581.7995860232
412686.7039135783	4568581.8405352542
412687.7030748067	4568581.8814844843
412688.7022360352	4568581.9224337153
412689.7013972637	4568581.9633829463
412690.7005584922	4568582.0043321764
412691.6997197207	4568582.0452814074
412692.6988809491	4568582.0862306384
412693.6984252018	4568582.1147864060
412694.6982082585	4568582.1356152194
412695.6979913152	4568582.1564440336
412696.6977743720	4568582.1772728469
412697.6975574287	4568582.1981016602
412698.6973404854	4568582.2189304745
412699.6971235422	4568582.2397592878
412700.6969065989	4568582.2605881011
412701.6966896556	4568582.2814169154
412702.6964727124	4568582.3022457287
412703.6962557691	4568582.3230745420
412704.6960388258	4568582.3439033562
412705.6958218825	4568582.3647321695
412706.6956049393	4568582.3855609829
412707.6953879960	4568582.4063897971
412708.6953476407	4568582.4138980685
412709.6953314995	4568582.4195797946
412710.6953153584	4568582.4252615217
412711.6952992173	4568582.4309432479
412712.6952830761	4568582.4366249749
412713.6952669350	4568582.4423067011
412714.6952507939	4568582.4479884282
412715.6952346527	4568582.4536701543
412716.6952185116	4568582.4593518805
412717.6952023704	4568582.4650336076
412718.6951862293	4568582.4707153337
412719.6951700882	4568582.4763970608
412720.6951539470	4568582.4820787869
412721.6951378059	4568582.4877605140
412722.6951216648	4568582.4934422402
412723.6951055236	4568582.4991239673
412724.6950893824	4568582.5048056934
412725.6950732413	4568582.5104874196
412726.6950571002	4568582.5062637543
412727.6950409590	4568582.5005820282
412728.6950248179	4568582.4949003020
412729.6950086768	4568582.4892185759
412730.6949925357	4568582.4835368488
412731.6949763945	4568582.4778551226
412732.6949602533	4568582.4721733965
412733.6949441122	4568582.4664916694
412734.6949279711	4568582.4608099433
412735.6949118299	4568582.4551282171
412736.6948956888	4568582.4494464910
412737.6948795477	4568582.4437647639
412738.6948634065	4568582.4380830377
412739.6948472654	4568582.4324013116
412740.6948311242	4568582.4267195854
412741.6948149831	4568582.4210378584
412742.6947988420	4568582.4153561322
412743.6947827008	4568582.4096744061
412744.6927792981	4568582.3501312751
412745.6904629908	4568582.2821073867
412746.6881466835	4568582.2140834983
412747.6858303761	4568582.1460596099
412748.6837871846	4568582.1214628536
412749.6822475378	4568582.1769328732
412750.6807078910	4568582.2324028928
412751.6791682442	4568582.2878729124
412752.6652662730	4568582.1740859058
412753.6450703318	4568581.9741258938
412754.6248743906	4568581.7741658818
412755.6046784494	4568581.5742058698
412756.5844825082	4568581.3742458578
412757.5623121763	4568581.4018514948
412758.5384992365	4568581.6187819531
412759.5146862966	4568581.8357124105
412760.4271731160	4568581.5670108916
412761.3143899172	4568581.1056581549
412762.2016067183	4568580.6443054182
412763.1034848590	4568580.9218958206
412764.0083035611	4568581.3476928575
412764.9131222632	4568581.7734898934
412765.8179409654	4568582.1992869303
412766.6034006281	4568581.5908349296
412767.3874464525	4568580.9701319849
412768.1714922770	4568580.3494290402
412769.1297225171	4568580.1249864409
412770.1171631490	4568579.9669959396
412771.0142266017	4568580.0536863329
412771.6618750220	4568580.8156256508
412772.3095234423	4568581.5775649678
412773.0876638762	4568581.6137745958
412773.9601698923	4568581.1251712264
412774.8326759083	4568580.6365678580
412775.4292984847	4568579.8847101573
412775.8765120799	4568578.9902829668
412776.5204628873	4568578.9915944347
412777.3013316966	4568579.6162894825
412778.0822005060	4568580.2409845302
412778.9217018233	4568580.5902954312
412779.8893190958	4568580.3378735343
412780.8569363684	4568580.0854516374
412781.8523495126	4568580.0189405940
412782.8514825857	4568579.9773100484
412783.8357063906	4568580.0661697807
412784.7996990087	4568580.3320987793
412785.7636916267	4568580.5980277779
412786.7379560135	4568580.7329056505
412787.7316089818	4568580.6204166347
412788.7252619502	4568580.5079276199
412789.7189149185	4568580.3954386050
412790.7125678869	4568580.2829495901
412791.7062208552	4568580.1704605753
412792.7011043721	4568580.0695152562
412793.6961415623	4568579.9700115370
412794.6911787524	4568579.8705078177
412795.6862159426	4568579.7710040975
412796.6850387018	4568579.7587891417
412797.6849543812	4568579.7717750594
412798.6848700607	4568579.7847609771
412799.6847857401	4568579.7977468958
412800.6847014195	4568579.8107328136
412801.6846170989	4568579.8237187313
412802.6845327783	4568579.8367046500
412803.6844484577	4568579.8496905677
412804.6844115267	4568579.8439081414
412805.6843800341	4568579.8359718835
412806.6843485416	4568579.8280356256
412807.6843170490	4568579.8200993668
412808.6842855564	4568579.8121631090
412809.6842540638	4568579.8042268511
412810.6842225712	4568579.7962905932
412811.6841910786	4568579.7883543344
412812.6841595860	4568579.7804180766
412813.6841280934	4568579.7724818187
412814.6840966008	4568579.7645455608
412815.6840651082	4568579.7566093020
412816.6840271127	4568579.7484554071
412817.6826855101	4568579.6966731204
412818.6813439075	4568579.6448908327
412819.6800023049	4568579.5931085460
412820.6786607023	4568579.5413262583
412821.6773190997	4568579.4895439716
412822.6759774972	4568579.4377616839
412823.6746358946	4568579.3859793963
412824.6732942920	4568579.3341971096
412825.6719526894	4568579.2824148219
412826.6706110869	4568579.2306325352
412827.6692694843	4568579.1788502475
412828.6679278817	4568579.1270679608
412829.6665862791	4568579.0752856731
412830.6654516740	4568579.0355313728
412831.6653004795	4568579.0529200472
412832.6651492851	4568579.0703087226
412833.6649980907	4568579.0876973970
412834.6648468962	4568579.1050860723
412835.6646957018	4568579.1224747468
412836.6645445074	4568579.1398634212
412837.6643933129	4568579.1572520966
412838.6642421185	4568579.1746407710
412839.6640909240	4568579.1920294464
412840.6639397296	4568579.2094181208
412841.6637885352	4568579.2268067962
412842.6623530349	4568579.2701614639
412843.6590376507	4568579.3515234739
412844.6557222665	4568579.4328854829
412845.6524068823	4568579.5142474929
412846.6490914981	4568579.5956095019
412847.6457761139	4568579.6769715119
412848.6424607297	4568579.7583335210
412849.6391453456	4568579.8396955309
412850.6358299614	4568579.9210575400
412851.6325145772	4568580.0024195500
412852.6291991930	4568580.0837815600
412853.6258838088	4568580.1651435690
412854.6225684246	4568580.2465055790
412855.6192530404	4568580.3278675880
412856.6159376562	4568580.4092295980
412857.6126222721	4568580.4905916071
412858.6093068879	4568580.5719536170
412859.6059915037	4568580.6533156270
412860.6026761195	4568580.7346776361
412861.5993607353	4568580.8160396460
412862.5954358335	4568580.9039399140
412863.5899851470	4568581.0082071805
412864.5845344606	4568581.1124744471
412865.5790837741	4568581.2167417137
412866.5736330877	4568581.3210089803
412867.5681824013	4568581.4252762469
412868.5627317149	4568581.5295435134
412869.5572810284	4568581.6338107800
412870.5518303420	4568581.7380780475
412871.5463796556	4568581.8423453141
412872.5409289691	4568581.9466125807
412873.5354782827	4568582.0508798473
412874.5300275962	4568582.1551471138
412875.5268703385	4568582.2292292491
412876.5257562010	4568582.2764207069
412877.5246420634	4568582.3236121656
412878.5235279260	4568582.3708036235
412879.5224137884	4568582.4179950813
412880.5212996510	4568582.4651865391
412881.5201855134	4568582.5123779969
412882.5190713760	4568582.5595694548
412883.5179572384	4568582.6067609126
412884.5168431010	4568582.6539523704
412885.5157289634	4568582.7011438282
412886.5146148260	4568582.7483352860
412887.5135006884	4568582.7955267439
412888.5124043598	4568582.7939843712
412889.5113244459	4568582.7475229725
412890.5102445319	4568582.7010615729
412891.5091646181	4568582.6546001742
412892.5080847041	4568582.6081387745
412893.5070047902	4568582.5616773758
412894.5059248763	4568582.5152159762
412895.5048449624	4568582.4687545775
412896.5037650485	4568582.4222931778
412897.4891733533	4568582.2670397395
412898.4691100156	4568582.0677305879
412899.4490466778	4568581.8684214363
412900.4289833401	4568581.6691122837
412901.4089200023	4568581.4698031321
412902.3888566646	4568581.2704939805
412903.3308280271	4568580.9537739167
412904.2419359499	4568580.5416060472
412905.1530438727	4568580.1294381777
412906.0641517955	4568579.7172703072
412906.9752597183	4568579.3051024377
412907.9603409258	4568579.2580086999
412908.9600285722	4568579.2830008911
412909.9597162186	4568579.3079930833
412910.9594038650	4568579.3329852745
412911.9004561274	4568579.0499665858
412912.8210379091	4568578.6594167389
412913.7416196909	4568578.2688668920
412914.6660876656	4568577.9238895914
412915.6395048339	4568578.1529289251
412916.6168313031	4568578.2703175852
412917.6038840377	4568578.1099215159
412918.5909367723	4568577.9495254466
412919.5779895070	4568577.7891293783
412920.5650422416	4568577.6287333090
412921.5520949763	4568577.4683372397
412922.5391477109	4568577.3079411704
412923.5262004456	4568577.1475451011
412924.5132531802	4568576.9871490318
412925.5128208124	4568577.0128275165
412926.5124622681	4568577.0396036264
412927.5121037237	4568577.0663797371
412928.5117451794	4568577.0931558479
412929.5113866351	4568577.1199319577
412930.5110280907	4568577.1467080684
412931.5106695465	4568577.1734841792
412932.5103110021	4568577.2002602899
412933.5099524578	4568577.2270363998
412934.5095939135	4568577.2538125105
412935.5092353692	4568577.2805886213
412936.5058948713	4568577.3510953514
412937.4999179471	4568577.4602655163
412938.4939410230	4568577.5694356803
412939.4879640988	4568577.6786058443
412940.4819871746	4568577.7877760082
412941.4760102504	4568577.8969461732
412942.4700333262	4568578.0061163371
412943.4640564020	4568578.1152865011
412944.4580794778	4568578.2244566660
412945.4521025536	4568578.3336268300
412946.4461256294	4568578.4427969940
412947.4401487052	4568578.5519671589
412948.4341717810	4568578.6611373229
412949.4281948568	4568578.7703074869
412950.4222179326	4568578.8794776509
412951.4162410085	4568578.9886478158
412952.4102640843	4568579.0978179798
412953.4042871600	4568579.2069881437
412954.3995534858	4568579.3038734915
412955.3952941598	4568579.3960717022
412956.3910348338	4568579.4882699130
412957.3867755078	4568579.5804681238
412958.3825161819	4568579.6726663345
412959.3782568560	4568579.7648645453
412960.3739975300	4568579.8570627561
412961.3697382040	4568579.9492609669
412962.3654788781	4568580.0414591776
412963.3612195521	4568580.1336573884
412964.3569602262	4568580.2258555992
412965.3552442981	4568580.2728156988
412966.3550443581	4568580.2928117001
412967.3548444181	4568580.3128077006
412968.3546444781	4568580.3328037011
412969.3544445381	4568580.3527997015
412970.3486365633	4568580.4386876915
412971.3374356500	4568580.5879403837
412972.3262347366	4568580.7371930769
412973.3150338233	4568580.8864457691
412974.3038329099	4568581.0356984623
412975.2929068492	4568581.1803205656
412976.2924189253	4568581.1490858132
412977.2919310014	4568581.1178510617
412978.2914430775	4568581.0866163094
412979.2847421968	4568580.9796869606
412980.2759700974	4568580.8475232404
412981.2671979981	4568580.7153595202
412982.2584258988	4568580.5831958000
412983.2496537994	4568580.4510320798
412984.2408817001	4568580.3188683596
412985.1722920118	4568580.5207853885
412986.0560799283	4568580.9886731086
412986.9880387417	4568581.0280792071
412987.9536545002	4568580.7681057332
412988.9192702588	4568580.5081322603
412989.8086305690	4568580.0600020932
412990.6827878455	4568579.5743591627
412991.6343125024	4568579.2991955988
412992.6148931778	4568579.1030794624
412993.5832746284	4568579.2083712984
412994.5447985759	4568579.4830924263
412995.5063225235	4568579.7578135543
412996.3401320802	4568579.4280598275
412997.1189835340	4568578.8062761426
412998.0573266506	4568578.4605707834
412998.9956697673	4568578.1148654241
412999.9913757037	4568578.1975026634
413000.9876162918	4568578.2841322813
413001.9853513117	4568578.3493435998
413002.9839691411	4568578.4019024316
413003.9392000712	4568578.1767556975
413004.8741975976	4568577.8221014636
413005.8091951239	4568577.4674472297
413006.7764055984	4568577.2638624515
413007.7747455401	4568577.2062659170
413008.7730854817	4568577.1486693816
413009.7714254234	4568577.0910728462
413010.7697653651	4568577.0334763117
413011.7656455275	4568576.9548814613
413012.7502687936	4568576.7801902359
413013.7348920597	4568576.6054990115
413014.7195153257	4568576.4308077870
413015.7041385917	4568576.2561165625
413016.6887618578	4568576.0814253381
413017.6733851239	4568575.9067341136
413018.6580083899	4568575.7320428882
413019.6426316559	4568575.5573516637
413020.6272549220	4568575.3826604392
413021.6118781880	4568575.2079692148
413022.5965014541	4568575.0332779903
413023.5811247201	4568574.8585867658
413024.5697778930	4568574.7182562137
413025.5681017972	4568574.6603823639
413026.5664257013	4568574.6025085151
413027.5647496054	4568574.5446346654
413028.5630735095	4568574.4867608156
413029.5613974136	4568574.4288869658
413030.5597213177	4568574.3710131161
413031.5580452219	4568574.3131392663
413032.5563691260	4568574.2552654166
413033.5546930301	4568574.1973915668
413034.5530169342	4568574.1395177180
413035.5513408383	4568574.0816438682
413036.5496647425	4568574.0237700185
413037.5479886466	4568573.9658961687
413038.5457064445	4568573.9006762365
413039.5400155984	4568573.7941431133
413040.5343247524	4568573.6876099892
413041.5286339063	4568573.5810768660
413042.5229430602	4568573.4745437428
413043.5172522142	4568573.3680106187
413044.5115613681	4568573.2614774955
413045.5058705220	4568573.1549443714
413046.5001796760	4568573.0484112483
413047.4972744942	4568572.9857804189
413048.4970745541	4568572.9657844175
413049.4968746141	4568572.9457884161
413050.4966746741	4568572.9257924147
413051.4964747341	4568572.9057964142
413052.4962747941	4568572.8858004129
413053.4960748540	4568572.8658044115
413054.4958749140	4568572.8458084110
413055.4956749740	4568572.8258124096
413056.4954750340	4568572.8058164082
413057.4941637120	4568572.8165370300
413058.4899043861	4568572.9087352399
413059.4856450601	4568573.0009334506
413060.4813857342	4568573.0931316614
413061.4771264082	4568573.1853298713
413062.4728670823	4568573.2775280820
413063.4686077564	4568573.3697262928
413064.4643484304	4568573.4619245026
413065.4600891045	4568573.5541227134
413066.4558297785	4568573.6463209242
413067.4515704526	4568573.7385191340
413068.4479481053	4568573.8208088977
413069.4472977678	4568573.8568679066
413070.4466474303	4568573.8929269146
413071.4459970927	4568573.9289859235
413072.4453467552	4568573.9650449315
413073.4446964177	4568574.0011039404
413074.4440460802	4568574.0371629493
413075.4433957426	4568574.0732219573
413076.4427454052	4568574.1092809662
413077.4420950677	4568574.1453399742
413078.4414447301	4568574.1813989831
413079.4407943926	4568574.2174579911
413080.4401440551	4568574.2535170000
413081.4394937176	4568574.2895760080
413082.4388433800	4568574.3256350169
413083.4381930426	4568574.3616940258
413084.4375427050	4568574.3977530338
413085.4368923675	4568574.4338120427
413086.4362420300	4568574.4698710507
413087.4355916925	4568574.5059300596
413088.4349271775	4568574.5423753960
413089.4342317574	4568574.5796628809
413090.4335363374	4568574.6169503648
413091.4328409173	4568574.6542378496
413092.4321454973	4568574.6915253336
413093.4314500772	4568574.7288128184
413094.4307546572	4568574.7661003023
413095.4300592371	4568574.8033877863
413096.4293638171	4568574.8406752711
413097.4286683971	4568574.8779627550
413098.4279729770	4568574.9152502399
413099.4272775570	4568574.9525377238
413100.4265821369	4568574.9898252087
413101.4258867169	4568575.0271126926
413102.4251818896	4568575.0646508718
413103.4244706520	4568575.1023598816
413104.4237594143	4568575.1400688915
413105.4230481767	4568575.1777779013
413106.4223369390	4568575.2154869111
413107.4216257014	4568575.2531959210
413108.4209144637	4568575.2909049308
413109.4202032261	4568575.3286139406
413110.4194919885	4568575.3663229505
413111.4187807509	4568575.4040319603
413112.4180695132	4568575.4417409701
413113.4101627749	4568575.3447343614
413114.3997492142	4568575.2007945161
413115.3893356535	4568575.0568546699
413116.3789220928	4568574.9129148247
413117.3685085321	4568574.7689749785
413118.3580949714	4568574.6250351332
413119.3476814107	4568574.4810952870
413120.3372678500	4568574.3371554418
413121.3268542892	4568574.1932155965
413122.3164407285	4568574.0492757503
413123.3060271679	4568573.9053359050
413124.2741112649	4568573.9487426085
413125.2053540447	4568574.3131419569
413126.1365968245	4568574.6775413053
413127.0884881452	4568574.4877903583
413128.0442671539	4568574.1937045092
413129.0026235939	4568573.9167595254
413130.0026235939	4568573.9167595254
413131.0026235939	4568573.9167595245
413131.9963586284	4568573.9655946465
413132.9639759006	4568574.2180165444
413133.9315931729	4568574.4704384422
413134.9011333238	4568574.3459663466
413135.8712758239	4568574.1034307210
413136.8414183240	4568573.8608950963
413137.7369810706	4568574.2015867140
413138.6148766436	4568574.6804388445
413139.4927722165	4568575.1592909750
413140.3706677894	4568575.6381431054
413141.3414376100	4568575.4396931287
413142.3158288058	4568575.2148336219
413143.2496971811	4568574.9028037125
413144.0496971808	4568574.3028037120
413144.8349667407	4568573.9434099738
413145.5557998057	4568574.6365186898
413146.2766328707	4568575.3296274059
413146.9974659358	4568576.0227361219
413147.8562667687	4568576.3921280466
413148.8554677274	4568576.4320960846
413149.8546686861	4568576.4720641235
413150.7558316285	4568576.0561707187
413151.6502588194	4568575.6089571230
413152.5446860104	4568575.1617435273
413153.4391132013	4568574.7145299315
413154.3140285727	4568575.0352769895
413155.1845914116	4568575.5273342459
413156.0613495849	4568576.0066485731
413156.9860276827	4568576.3873983799
413157.9196434890	4568576.6163194180
413158.8826075084	4568576.3466894915
413159.8455715278	4568576.0770595651
413160.8299125448	4568575.9630587911
413161.8299125448	4568575.9630587921
413162.8299125448	4568575.9630587930
413163.8126253914	4568575.7858413756
413164.7937736645	4568575.5925848978
413165.7749219375	4568575.3993284190
413166.7560702105	4568575.2060719412
413167.7372184836	4568575.0128154634
413168.7183667566	4568574.8195589846
413169.6984954530	4568574.6223668046
413170.6500659959	4568574.3149363212
413171.6016365388	4568574.0075058388
413172.5532070817	4568573.7000753554
413173.5047776246	4568573.3926448720
413174.4563481675	4568573.0852143895
413175.4079187103	4568572.7777839061
413176.3604499270	4568572.4737791307
413177.3331213142	4568572.2415930582
413178.3057927014	4568572.0094069848
413179.2784640886	4568571.7772209123
413180.2511354758	4568571.5450348388
413181.2238068630	4568571.3128487663
413182.1964782502	4568571.0806626929
413183.1691496374	4568570.8484766195
413184.1418210247	4568570.6162905470
413185.1144924119	4568570.3841044735
413186.0871637991	4568570.1519184010
413187.0598351863	4568569.9197323276
413188.0325065735	4568569.6875462551
413189.0051779607	4568569.4553601816
413189.9778493479	4568569.2231741091
413190.9505207351	4568568.9909880357
413191.9231921223	4568568.7588019622
413192.9158318509	4568568.6781173339
413193.9154462716	4568568.6503502671
413194.9150606922	4568568.6225831993
413195.9146751128	4568568.5948161324
413196.9142895335	4568568.5670490647
413197.9139039542	4568568.5392819969
413198.9135183748	4568568.5115149301
413199.9130603273	4568568.4814051958
413200.9124797383	4568568.4473340800
413201.9118991493	4568568.4132629633
413202.9113185603	4568568.3791918466
413203.9107379712	4568568.3451207308
413204.9101573822	4568568.3110496141
413205.9095767932	4568568.2769784983
413206.9089962041	4568568.2429073816
413207.9084156151	4568568.2088362649
413208.9080026744	4568568.1927003870
413209.9078843522	4568568.2080831826
413210.9077660300	4568568.2234659772
413211.9076477078	4568568.2388487728
413212.9075293857	4568568.2542315675
413213.9074110635	4568568.2696143622
413214.9072927413	4568568.2849971578
413215.9071744191	4568568.3003799524
413216.9070560969	4568568.3157627480
413217.9069377747	4568568.3311455427
413218.9068194525	4568568.3465283373
413219.9067011303	4568568.3619111329
413220.9065828081	4568568.3772939276
413221.9064235431	4568568.3941554390
413222.9056245018	4568568.4341234779
413223.9048254605	4568568.4740915159
413224.9040264192	4568568.5140595548
413225.9032273779	4568568.5540275928
413226.9024283366	4568568.5939956317
413227.9016292953	4568568.6339636697
413228.9008302541	4568568.6739317086
413229.9000312128	4568568.7138997465
413230.8992321715	4568568.7538677854
413231.8984331303	4568568.7938358234
413232.8976340890	4568568.8338038623
413233.8968350477	4568568.8737719003
413234.8961784336	4568568.8974727709
413235.8959260358	4568568.8750065332
413236.8956736381	4568568.8525402946
413237.8954212403	4568568.8300740570
413238.8951688425	4568568.8076078184
413239.8949164448	4568568.7851415798
413240.8946640470	4568568.7626753422
413241.8944116492	4568568.7402091036
413242.8941592514	4568568.7177428659
413243.8931167858	4568568.6828365391
413244.8876740177	4568568.5786448289
413245.8822312496	4568568.4744531196
413246.8767884815	4568568.3702614093
413247.8713457135	4568568.2660696991
413248.8659029454	4568568.1618779888
413249.8604601773	4568568.0576862786
413250.8550174092	4568567.9534945693
413251.8495746411	4568567.8493028590
413252.8441318730	4568567.7451111488
413253.8386891050	4568567.6409194386
413254.8343417074	4568567.5970642921
413255.8320254002	4568567.6650881805
413256.8297090928	4568567.7331120679
413257.8273927855	4568567.8011359563
413258.8250764783	4568567.8691598438
413259.8190926263	4568567.7833818225
413260.8124000067	4568567.6678809654
413261.8057073870	4568567.5523801073
413262.7990147673	4568567.4368792493
413263.7929706074	4568567.4098684285
413264.7878640137	4568567.5107996427
413265.7827574199	4568567.6117308578
413266.7776508262	4568567.7126620729
413267.7725442325	4568567.8135932880
413268.7674376387	4568567.9145245031
413269.7623310450	4568568.0154557182
413270.7582374710	4568568.1039273115
413271.7563685046	4568568.1650373740
413272.7544995382	4568568.2261474365
413273.7526305717	4568568.2872575000
413274.7507616054	4568568.3483675625
413275.7338725323	4568568.4854854662
413276.6802223883	4568568.8086293191
413277.6265722444	4568569.1317731729
413278.5729221004	4568569.4549170258
413279.5192719565	4568569.7780608796
413280.5115029800	4568569.8101081429
413281.5113686346	4568569.7937169028
413282.5112342892	4568569.7773256628
413283.5110999439	4568569.7609344237
413284.5109655984	4568569.7445431836
413285.5108312530	4568569.7281519435
413286.5042666990	4568569.8111329563
413287.4936816133	4568569.9562471434
413288.4830965275	4568570.1013613315
413289.4725114418	4568570.2464755187
413290.4619263561	4568570.3915897058
413291.4513412704	4568570.5367038930
413292.4407561847	4568570.6818180811
413293.4301710990	4568570.8269322682
413294.4261527611	4568570.9132366488
413295.4232072465	4568570.9899331480
413296.4202617321	4568571.0666296463
413297.4173162176	4568571.1433261456
413298.4143707031	4568571.2200226439
413299.4051656292	4568571.3466086369
413300.3902624000	4568571.5186096607
413301.3753591708	4568571.6906106845
413302.3604559416	4568571.8626117082
413303.3455527124	4568572.0346127320
413304.3306494832	4568572.2066137558
413305.3157462540	4568572.3786147796
413306.3116567076	4568572.2958890619
413307.3077865576	4568572.2079952518
413308.3039164077	4568572.1201014416
413309.3000462576	4568572.0322076306
413310.2961761077	4568571.9443138205
413311.2923059577	4568571.8564200094
413312.2884358077	4568571.7685261993
413313.2852481158	4568571.8475449244
413314.2820633943	4568571.9272901462
413315.2788786729	4568572.0070353691
413316.2756939514	4568572.0867805909
413317.2725092300	4568572.1665258128
413318.2704931122	4568572.1251631947
413319.2686616089	4568572.0646681348
413320.2668301055	4568572.0041730748
413321.2649986022	4568571.9436780149
413322.2631670988	4568571.8831829540
413323.2613355955	4568571.8226878941
413324.2584058741	4568571.7839551019
413325.2454131441	4568571.9446307039
413326.2324204140	4568572.1053063059
413327.2194276840	4568572.2659819080
413328.2064349539	4568572.4266575100
413329.1958924640	4568572.5709492043
413330.1867226320	4568572.7060624082
413331.1775528000	4568572.8411756130
413332.1683829681	4568572.9762888178
413333.1592131361	4568573.1114020227
413334.1500433042	4568573.2465152275
413335.1408734722	4568573.3816284323
413336.1391332234	4568573.3898974173
413337.1389617997	4568573.3713820735
413338.1387903760	4568573.3528667288
413339.1386189524	4568573.3343513850
413340.1384475287	4568573.3158360412
413341.1342497402	4568573.3521401146
413342.1206436640	4568573.5165391024
413343.1070375878	4568573.6809380893
413344.0934315116	4568573.8453370770
413345.0798254354	4568574.0097360648
413346.0691664508	4568574.0912554255
413347.0647459535	4568573.9973328309
413348.0603254562	4568573.9034102364
413349.0559049589	4568573.8094876409
413350.0514844616	4568573.7155650463
413351.0470639643	4568573.6216424517
413352.0265578637	4568573.7954926891
413353.0037342274	4568574.0079223337
413353.9913652405	4568574.1342654610
413354.9909832047	4568574.1619046675
413355.9906011688	4568574.1895438740
413356.9902191329	4568574.2171830805
413357.9898370971	4568574.2448222870
413358.9894550613	4568574.2724614926
413359.9890730254	4568574.3001006991
413360.9886909896	4568574.3277399056
413361.9883089538	4568574.3553791121
413362.9879269179	4568574.3830183176
413363.9875448821	4568574.4106575241
413364.9871628463	4568574.4382967306
413365.9867808104	4568574.4659359371
413366.9863987746	4568574.4935751427
413367.9860167388	4568574.5212143492
413368.9856347029	4568574.5488535557
413369.9852526671	4568574.5764927622
413370.9848706312	4568574.6041319678
413371.9844885954	4568574.6317711743
413372.9841065596	4568574.6594103808
413373.9837245237	4568574.6870495873
413374.9833424879	4568574.7146887938
413375.9827308519	4568574.7481903341
413376.9814485216	4568574.7988165747
413377.9801661912	4568574.8494428163
413378.9788838609	4568574.9000690570
413379.9776015305	4568574.9506952986
413380.9763192002	4568575.0013215393
413381.9750368699	4568575.0519477809
413382.9737545395	4568575.1025740225
413383.9724722092	4568575.1532002632
413384.9711898788	4568575.2038265048
413385.9699075485	4568575.2544527454
413386.9686252182	4568575.3050789870
413387.9673428879	4568575.3557052286
413388.9660605575	4568575.4063314693
413389.9647782272	4568575.4569577109
413390.9634958969	4568575.5075839516
413391.9622135665	4568575.5582101932
413392.9609312362	4568575.6088364348
413393.9596489059	4568575.6594626755
413394.9583665755	4568575.7100889171
413395.9570842452	4568575.7607151577
413396.9558019148	4568575.8113413993
413397.9544670818	4568575.8627513265
413398.9510128401	4568575.9457968064
413399.9475585983	4568576.0288422862
413400.9441043565	4568576.1118877660
413401.9406501148	4568576.1949332459
413402.9371958730	4568576.2779787257
413403.9337416313	4568576.3610242056
413404.9302873895	4568576.4440696854
413405.9268331478	4568576.5271151653
413406.9233789060	4568576.6101606451
413407.9199246643	4568576.6932061249
413408.9164704225	4568576.7762516048
413409.9130161808	4568576.8592970856
413410.9095619390	4568576.9423425654
413411.9061076973	4568577.0253880452
413412.8939746252	4568577.1553680748
413413.8543208518	4568577.4341782704
413414.8146670785	4568577.7129884651
413415.7750133052	4568577.9917986607
413416.7329982957	4568577.7401072746
413417.6908245810	4568577.4527593898
413418.6486508663	4568577.1654115040
413419.5946966103	4568577.3348634010
413420.5364385218	4568577.6711997977
413421.4781804333	4568578.0075361952
413422.4247145318	4568577.8933560317
413423.3733978297	4568577.5771282651
413424.3232928954	4568577.3215131164
413425.2838571597	4568577.5995711926
413426.2444214241	4568577.8776292689
413427.2049856885	4568578.1556873461
413428.1635104865	4568578.3976932466
413429.0865874097	4568578.0130778616
413430.0096643329	4568577.6284624776
413430.9627375276	4568577.4115453064
413431.9619055807	4568577.4523276752
413432.9610736338	4568577.4931100449
413433.9602416869	4568577.5338924145
413434.9594097400	4568577.5746747842
413435.9580317957	4568577.6255247761
413436.9557500704	4568577.6930395467
413437.9534683452	4568577.7605543174
413438.9511866199	4568577.8280690880
413439.9489048947	4568577.8955838578
413440.9466231694	4568577.9630986284
413441.9443414442	4568578.0306133991
413442.9420597189	4568578.0981281698
413443.9397779937	4568578.1656429395
413444.9374962684	4568578.2331577102
413445.9352145432	4568578.3006724808
413446.9329328179	4568578.3681872515
413447.9306510927	4568578.4357020212
413448.9283693675	4568578.5032167919
413449.9253393453	4568578.5807719380
413450.9220431136	4568578.6618989892
413451.9187468819	4568578.7430260396
413452.9154506501	4568578.8241530908
413453.9121544183	4568578.9052801412
413454.9088581865	4568578.9864071924
413455.9055619548	4568579.0675342428
413456.9022657231	4568579.1486612940
413457.8989694913	4568579.2297883444
413458.6764920237	4568578.6415370470
413459.4321811066	4568577.9866065085
413460.3999136199	4568577.9744222183
413461.3969681054	4568578.0511187175
413462.3940225909	4568578.1278152158
413463.3910770763	4568578.2045117151
413464.3712581892	4568578.0303473640
413465.3490606032	4568577.8208182752
413466.3268630172	4568577.6112891864
413467.3082747553	4568577.7807734888
413468.2898901450	4568577.9716431480
413469.2715055347	4568578.1625128072
413470.2564330837	4568578.3062681155
413471.2550980686	4568578.2546130298
413472.2537630536	4568578.2029579449
413473.2524280385	4568578.1513028592
413474.2510930235	4568578.0996477734
413475.2497580084	4568578.0479926886
413476.2427570873	4568577.9546774076
413477.2189441475	4568577.7377469502
413478.1951312078	4568577.5208164928
413479.1713182680	4568577.3038860345
413480.1110974399	4568577.3994180039
413481.0112566916	4568577.8349789316
413481.9114159433	4568578.2705398593
413482.8115751951	4568578.7061007861
413483.7434379471	4568578.3826238597
413484.6767835535	4568578.0236447807
413485.6168576561	4568577.6947396155
413486.6141913797	4568577.6217639772
413487.6115251033	4568577.5487883389
413488.6088588269	4568577.4758127006
413489.6061925505	4568577.4028370632
413490.5926283323	4568577.5495081227
413491.5778400871	4568577.7208492970
413492.5630518420	4568577.8921904722
413493.5482635968	4568578.0635316465
413494.5349850446	4568578.2055437174
413495.5325824656	4568578.1362661188
413496.5301798866	4568578.0669885194
413497.5277773075	4568577.9977109209
413498.5253747285	4568577.9284333214
413499.5229721494	4568577.8591557229
413500.5205695704	4568577.7898781244
413501.5181669913	4568577.7206005249
413502.4955171955	4568577.5235501006
413503.4656596957	4568577.2810144760
413504.4358021959	4568577.0384788504
413505.4059446961	4568576.7959432257
413506.3760871963	4568576.5534076011
413507.3462296965	4568576.3108719764
413508.3163721967	4568576.0683363518
413509.2943904859	4568575.8624127591
413510.2784495410	4568575.6845707614
413511.2625085960	4568575.5067287628
413512.2465676510	4568575.3288867651
413513.2306267061	4568575.1510447673
413514.2146857611	4568574.9732027696
413515.1987448161	4568574.7953607719
413516.1828038711	4568574.6175187742
413517.1668629262	4568574.4396767756
413518.1543896630	4568574.5743499110
413519.1421526283	4568574.7303124843
413520.0108577769	4568574.2491346048
413520.8756467236	4568573.7469990877
413521.7404356703	4568573.2448635707
413522.5889657116	4568572.7176815057
413523.3996449393	4568572.1321909511
413524.2057322751	4568571.5853208005
413524.8565236475	4568572.3445774037
413525.5514778075	4568572.9568801867
413526.5130017551	4568572.6821590587
413527.4745257027	4568572.4074379299
413528.1140112740	4568571.6605912112
413528.7206845930	4568570.8656399650
413529.3273579122	4568570.0706887189
413529.9340312312	4568569.2757374728
413530.5472457638	4568568.4930725228
413531.5454742445	4568568.4335754616
413532.5437027252	4568568.3740783995
413533.5419312059	4568568.3145813374
413534.5401596866	4568568.2550842762
413535.5383881672	4568568.1955872141
413536.5366166479	4568568.1360901520
413537.5348451286	4568568.0765930908
413538.5330736093	4568568.0170960287
413539.5313020899	4568567.9575989675
413540.5295305706	4568567.8981019054
413541.5277590513	4568567.8386048432
413542.5259875320	4568567.7791077821
413543.5242160126	4568567.7196107199
413544.5224444933	4568567.6601136578
413545.5206729740	4568567.6006165966
413546.4539543559	4568567.3147816556
413547.3318499289	4568566.8359295251
413548.2097455019	4568566.3570773946
413549.0876410749	4568565.8782252641
413549.9655366479	4568565.3993731337
413550.8434322209	4568564.9205210032
413551.7357513363	4568564.4846744947
413552.7248415142	4568564.3373631919
413553.7139316921	4568564.1900518890
413554.7030218700	4568564.0427405862
413555.6921120479	4568563.8954292834
413556.6788018904	4568563.7344437353
413557.6589312215	4568563.5360842282
413558.6390605527	4568563.3377247201
413559.6191898838	4568563.1393652130
413560.5993192150	4568562.9410057049
413561.5794485461	4568562.7426461978
413562.5595778773	4568562.5442866897
413563.5397072084	4568562.3459271826
413564.5198365395	4568562.1475676745
413565.4999658707	4568561.9492081674
413566.4800952018	4568561.7508486593
413567.4602245329	4568561.5524891522
413568.4403538641	4568561.3541296450
413569.4204831952	4568561.1557701370
413570.4006125264	4568560.9574106298
413571.3807418575	4568560.7590511218
413572.3608711886	4568560.5606916146
413573.3410005198	4568560.3623321066
413574.3347630880	4568560.2729877289
413575.3335559251	4568560.2238667691
413576.3323487621	4568560.1747458102
413577.3311415992	4568560.1256248513
413578.3299344363	4568560.0765038924
413579.3287272733	4568560.0273829326
413580.3187469545	4568560.0963974986
413581.2993276302	4568560.2925136341
413582.2799083058	4568560.4886297695
413583.2604889815	4568560.6847459050
413584.2461675007	4568560.7971135555
413585.2432957654	4568560.7213822948
413586.2404240300	4568560.6456510341
413587.2375522946	4568560.5699197734
413588.2346805593	4568560.4941885117
413589.2318088239	4568560.4184572510
413590.2289370885	4568560.3427259903
413591.2260653532	4568560.2669947296
413592.2221342725	4568560.2322302824
413593.2140159371	4568560.3593945988
413594.2058976018	4568560.4865589151
413595.1977792665	4568560.6137232315
413596.1910557936	4568560.7226874549
413597.1907313948	4568560.7481568968
413598.1904069959	4568560.7736263396
413599.1900825970	4568560.7990957815
413600.1897581982	4568560.8245652234
413601.1894337993	4568560.8500346662
413602.1891094005	4568560.8755041081
413603.1887850016	4568560.9009735510
413604.1884606027	4568560.9264429929
413605.1881362039	4568560.9519124348
413606.1878118050	4568560.9773818776
413607.1874874062	4568561.0028513195
413608.1871630073	4568561.0283207614
413609.1868386084	4568561.0537902042
413610.1865142096	4568561.0792596461
413611.1861898107	4568561.1047290890
413612.1856771731	4568561.1344155977
413613.1836462560	4568561.1981157521
413614.1816153389	4568561.2618159056
413615.1795844218	4568561.3255160591
413616.1775535047	4568561.3892162135
413617.1749591732	4568561.4083910957
413618.1709968785	4568561.3194591580
413619.1670345838	4568561.2305272194
413620.1630722891	4568561.1415952817
413621.1591099943	4568561.0526633430
413622.1551476996	4568560.9637314044
413623.1529974166	4568560.9414730892
413624.1523951448	4568560.9761743993
413625.1517928730	4568561.0108757094
413626.1511906011	4568561.0455770195
413627.1505883293	4568561.0802783296
413628.1499860575	4568561.1149796396
413629.1493837857	4568561.1496809497
413630.1487815139	4568561.1843822598
413631.1481792420	4568561.2190835699
413632.1475769702	4568561.2537848800
413633.1469746984	4568561.2884861901
413634.1463724266	4568561.3231875002
413635.1457701547	4568561.3578888103
413636.1451678829	4568561.3925901204
413637.1445656111	4568561.4272914305
413638.1444433812	4568561.4343339931
413639.1444433812	4568561.4343339931
413640.1444433812	4568561.4343339931
413641.1444433812	4568561.4343339931
413642.1444433812	4568561.4343339931
413643.1444433812	4568561.4343339931
413644.1444433812	4568561.4343339931
413645.1444433812	4568561.4343339931
413646.1444162817	4568561.4383990988
413647.1443274046	4568561.4517312469
413648.1442385276	4568561.4650633950
413649.1441496506	4568561.4783955431
413650.1440607735	4568561.4917276921
413651.1439718965	4568561.5050598402
413652.1438830195	4568561.5183919882
413653.1437941424	4568561.5317241363
413654.1388916969	4568561.6148659652
413655.1311695737	4568561.7389006997
413656.1234474504	4568561.8629354341
413657.1157253272	4568561.9869701676
413658.0998587139	4568561.9384227581
413659.0760457743	4568561.7214923007
413660.0296846854	4568561.8506952617
413660.9694781088	4568562.1924383249
413661.9208150269	4568562.4871452721
413662.9120429275	4568562.6193089923
413663.9032708282	4568562.7514727125
413664.8846034967	4568562.8148315223
413665.7984150450	4568562.4086930556
413666.7089176289	4568562.1007095287
413667.5933023815	4568562.5674681487
413668.4776871342	4568563.0342267687
413669.3620718868	4568563.5009853886
413670.2464566395	4568563.9677440086
413671.2058269683	4568563.7385921469
413672.1693899627	4568563.4901544461
413673.1341537839	4568563.7532718517
413674.0849337249	4568564.0625748765
413675.0336170228	4568564.3788026422
413675.9823003208	4568564.6950304089
413676.9309836187	4568565.0112581747
413677.8854229285	4568565.1316123940
413678.8510386869	4568564.8716389202
413679.8166544453	4568564.6116654463
413680.7317686468	4568564.7824203372
413681.6110606134	4568565.2587034861
413682.4903525799	4568565.7349866340
413683.4591711649	4568565.7355960459
413684.4509725719	4568565.6080955463
413685.4399089247	4568565.4597550929
413686.4124021745	4568565.3695811778
413687.1773133723	4568566.0137169240
413687.9422245701	4568566.6578526702
413688.8321906684	4568566.9593420168
413689.8321906684	4568566.9593420178
413690.8287203703	4568566.9943886269
413691.8093010459	4568567.1905047623
413692.7898817215	4568567.3866208978
413693.7064105272	4568567.1880316259
413694.5746536689	4568566.6918926872
413695.4386753934	4568566.2972433520
413696.2627173178	4568566.8637721743
413697.1014969683	4568567.3993318435
413698.0608624700	4568567.6814981671
413699.0274783737	4568567.8272477873
413700.0113482838	4568567.6483623497
413700.9953469138	4568567.4710509712
413701.9952080539	4568567.4877153235
413702.9950691939	4568567.5043796757
413703.9949303339	4568567.5210440280
413704.9947914740	4568567.5377083803
413705.9946526140	4568567.5543727335
413706.9945137541	4568567.5710370857
413707.9901862631	4568567.4868328134
413708.9852234533	4568567.3873290941
413709.9802606434	4568567.2878253749
413710.9787655928	4568567.2406108314
413711.9782285358	4568567.2078415556
413712.9776914788	4568567.1750722788
413713.9771544219	4568567.1423030021
413714.9766173649	4568567.1095337253
413715.9760803079	4568567.0767644485
413716.9265113883	4568566.8364164671
413717.8350018409	4568566.4185108589
413718.7434922935	4568566.0006052498
413719.6519827462	4568565.5826996416
413720.5604731989	4568565.1647940334
413721.4689636515	4568564.7468884252
413722.4222477005	4568564.9693052508
413723.3800739858	4568565.2566531366
413724.3379002710	4568565.5440010224
413725.2779616252	4568565.3753482187
413726.2105297235	4568565.0143541163
413727.1430978217	4568564.6533600139
413728.0944684463	4568564.4323037686
413729.0892498849	4568564.5343326339
413730.0840313235	4568564.6363614993
413731.0788127621	4568564.7383903647
413732.0443900862	4568564.6805840451
413732.9388172772	4568564.2333704494
413733.8332444681	4568563.7861568537
413734.7281763398	4568563.3399692206
413735.6283355913	4568562.9044082919
413736.5284948427	4568562.4688473642
413737.4286540941	4568562.0332864355
413738.3742101676	4568561.9542987905
413739.3547908432	4568562.1504149260
413740.3353715189	4568562.3465310615
413741.3184766017	4568562.3860932514
413742.3048705256	4568562.2216942646
413743.2912644494	4568562.0572952768
413744.2776583733	4568561.8928962899
413745.2631554493	4568561.7239548517
413746.2380139559	4568561.5011300510
413747.2128724625	4568561.2783052493
413748.1877309691	4568561.0554804476
413749.1625894757	4568560.8326556468
413750.1374479822	4568560.6098308451
413751.1123064888	4568560.3870060435
413752.0871649954	4568560.1641812418
413753.0715709961	4568559.9909593528
413754.0594905225	4568559.8359915838
413755.0474100489	4568559.6810238147
413756.0353295752	4568559.5260560457
413757.0232491016	4568559.3710882775
413758.0111686280	4568559.2161205085
413758.9990881544	4568559.0611527395
413759.9870076808	4568558.9061849704
413760.9749272071	4568558.7512172014
413761.9628467335	4568558.5962494323
413762.9490741708	4568558.4321562713
413763.9268765848	4568558.2226271825
413764.9046789989	4568558.0130980946
413765.8824814130	4568557.8035690058
413766.8602838270	4568557.5940399170
413767.8380862411	4568557.3845108282
413768.8225121884	4568557.2282445775
413769.8218516864	4568557.1919049593
413770.8211911844	4568557.1555653419
413771.8205306823	4568557.1192257237
413772.8198701802	4568557.0828861054
413773.8192096782	4568557.0465464881
413774.8075363215	4568556.9108002707
413775.7905966204	4568556.7275178414
413776.7736569194	4568556.5442354130
413777.7567172183	4568556.3609529845
413778.7397775172	4568556.1776705552
413779.7228378161	4568555.9943881268
413780.6781293274	4568556.1046060296
413781.6093721074	4568556.4690053780
413782.5412198890	4568556.8298048219
413783.5404208478	4568556.7898367830
413784.5396218065	4568556.7498687450
413785.5388227652	4568556.7099007061
413786.5380237240	4568556.6699326681
413787.5372246827	4568556.6299646301
413788.5364256414	4568556.5899965912
413789.5356266001	4568556.5500285532
413790.5285407951	4568556.5885512624
413791.5086414015	4568556.7870526519
413792.4887420078	4568556.9855540404
413793.4688426142	4568557.1840554290
413794.4489432206	4568557.3825568184
413795.4290438270	4568557.5810582070
413796.4091444334	4568557.7795595964
413797.3892450397	4568557.9780609850
413798.3708638241	4568558.1646303665
413799.3694446287	4568558.2178880097
413800.3680254334	4568558.2711456520
413801.3666062381	4568558.3244032953
413802.3651870428	4568558.3776609385
413803.3637678474	4568558.4309185809
413804.3623486522	4568558.4841762241
413805.3609294569	4568558.5374338664
413806.3534951657	4568558.6415494597
413807.3369483543	4568558.8227118887
413808.3204015428	4568559.0038743187
413809.3038547313	4568559.1850367486
413810.2873079199	4568559.3661991786
413811.2707611085	4568559.5473616077
413812.2542142970	4568559.7285240376
413813.2376674855	4568559.9096864676
413814.2292329195	4568560.0050311200
413815.2292128913	4568560.0113601070
413816.2291928631	4568560.0176890939
413817.2291728348	4568560.0240180809
413818.2291528066	4568560.0303470679
413819.2291327783	4568560.0366760548
413820.2291127501	4568560.0430050418
413821.2290927219	4568560.0493340287
413822.2290726936	4568560.0556630157
413823.2290526654	4568560.0619920027
413824.2290326372	4568560.0683209905
413825.2290126089	4568560.0746499775
413826.2289925806	4568560.0809789645
413827.2289725524	4568560.0873079514
413828.2289525242	4568560.0936369384
413829.2289324960	4568560.0999659253
413830.2288513618	4568560.0976129621
413831.2286431802	4568560.0772090461
413832.2284349987	4568560.0568051310
413833.2282268172	4568560.0364012159
413834.2280186356	4568560.0159973009
413835.2274879146	4568560.0174196148
413836.2262402535	4568560.0673572319
413837.2249925924	4568560.1172948489
413838.2237449312	4568560.1672324659
413839.2224972701	4568560.2171700830
413840.2212496090	4568560.2671077000
413841.2200019479	4568560.3170453170
413842.2187542867	4568560.3669829341
413843.2175066256	4568560.4169205520
413844.2162589645	4568560.4668581691
413845.2150113033	4568560.5167957861
413846.2137636422	4568560.5667334031
413847.2102003656	4568560.6244587395
413848.0739792664	4568561.1283297651
413848.9377581672	4568561.6322007906
413849.8252867109	4568562.0482237739
413850.8252867109	4568562.0482237739
413851.7712917538	4568561.8134722719
413852.6707999123	4568561.3765683090
413853.5703080708	4568560.9396643462
413854.4698162292	4568560.5027603833
413855.4239311907	4568560.3467053706
413856.4216148834	4568560.4147292599
413857.4192985760	4568560.4827531483
413858.4169822686	4568560.5507770367
413859.4146918956	4568560.6183925206
413860.4129662687	4568560.6771145416
413861.4112406419	4568560.7358365636
413862.4095150152	4568560.7945585847
413863.4077893883	4568560.8532806067
413864.4060637615	4568560.9120026287
413865.3933185328	4568560.7808073899
413866.3781020916	4568560.6070220564
413867.3628856504	4568560.4332367219
413868.3476692092	4568560.2594513884
413869.3324527680	4568560.0856660539
413870.3172363268	4568559.9118807204
413871.3020198856	4568559.7380953860
413872.2868034444	4568559.5643100524
413873.2715870032	4568559.3905247180
413874.2584890886	4568559.2292115213
413875.2454219694	4568559.0680796225
413876.2323548502	4568558.9069477236
413877.2192877310	4568558.7458158247
413878.2062206118	4568558.5846839258
413879.1931534925	4568558.4235520270
413880.1800863734	4568558.2624201281
413881.1670192541	4568558.1012882302
413882.1539521350	4568557.9401563313
413883.1408850157	4568557.7790244324
413884.0987209435	4568557.4973960966
413885.0504295613	4568557.1903933166
413886.0021381790	4568556.8833905365
413886.9538467967	4568556.5763877565
413887.9055554144	4568556.2693849765
413888.8572640321	4568555.9623821964
413889.8160704191	4568555.6901524700
413890.8119636255	4568555.5996167241
413891.8078568320	4568555.5090809781
413892.8037500385	4568555.4185452312
413893.7416292054	4568555.0969020538
413894.6622109873	4568554.7063522069
413895.5827927693	4568554.3158023609
413896.5113453075	4568553.9592424631
413897.5095784592	4568553.8998238230
413898.5078116109	4568553.8404051829
413899.5060447626	4568553.7809865428
413900.5042779144	4568553.7215679027
413901.5025110661	4568553.6621492626
413902.5007442179	4568553.6027306225
413903.4989773695	4568553.5433119824
413904.4972105213	4568553.4838933423
413905.4915845064	4568553.5218946012
413906.4819894018	4568553.6600906327
413907.4723942972	4568553.7982866652
413908.4627991925	4568553.9364826968
413909.4532040879	4568554.0746787293
413910.4436089832	4568554.2128747609
413911.4340138786	4568554.3510707924
413912.4244187740	4568554.4892668249
413913.4148236693	4568554.6274628565
413914.3981595842	4568554.8062355742
413915.3769502095	4568555.0110987276
413916.3557408348	4568555.2159618819
413917.3345314601	4568555.4208250362
413918.3157284818	4568555.6036043335
413919.3156706767	4568555.6143563995
413920.3156128715	4568555.6251084665
413921.3155550664	4568555.6358605335
413922.3154972613	4568555.6466125995
413923.3154394561	4568555.6573646665
413924.3153816510	4568555.6681167334
413925.3153238459	4568555.6788687995
413926.3152660407	4568555.6896208664
413927.3152082355	4568555.7003729334
413928.3066564101	4568555.8053251281
413929.2923928357	4568555.9736215910
413930.2781292612	4568556.1419180539
413931.2638656867	4568556.3102145167
413932.2496021122	4568556.4785109796
413933.2353385377	4568556.6468074424
413934.2210749632	4568556.8151039053
413935.2068113887	4568556.9834003681
413936.1937379030	4568557.1399466265
413937.1932008461	4568557.1727159033
413938.1926637891	4568557.2054851800
413939.1921267321	4568557.2382544568
413940.1915896752	4568557.2710237335
413941.1910526182	4568557.3037930103
413942.1905155612	4568557.3365622871
413943.1869302678	4568557.4184396965
413944.1827735515	4568557.5095229233
413945.1786168352	4568557.6006061509
413946.1744601190	4568557.6916893777
413947.1703034027	4568557.7827726053
413948.1661466864	4568557.8738558320
413949.1619899701	4568557.9649390597
413950.1578332539	4568558.0560222864
413951.1536765376	4568558.1471055141
413952.1495198213	4568558.2381887408
413953.1453631050	4568558.3292719685
413954.1412063887	4568558.4203551952
413955.1370496725	4568558.5114384228
413956.1328929562	4568558.6025216496
413957.1287362399	4568558.6936048772
413958.1245795236	4568558.7846881039
413959.1204228073	4568558.8757713316
413960.1191531542	4568558.8268998126
413961.1179054930	4568558.7769621955
413962.1166578319	4568558.7270245785
413963.1154101708	4568558.6770869615
413964.1141625096	4568558.6271493444
413965.1129148486	4568558.5772117274
413966.1116671874	4568558.5272741113
413967.1104195263	4568558.4773364943
413968.1091718652	4568558.4273988772
413969.1079242041	4568558.3774612602
413970.1066765429	4568558.3275236432
413971.1054288818	4568558.2775860261
413972.1038702350	4568558.2219027458
413973.1021778682	4568558.1637489032
413974.1004855014	4568558.1055950606
413975.0987931346	4568558.0474412171
413976.0971007679	4568557.9892873745
413977.0954084011	4568557.9311335320
413978.0937160343	4568557.8729796894
413979.0920236676	4568557.8148258459
413980.0903313008	4568557.7566720033
413981.0886389340	4568557.6985181607
413982.0871532809	4568557.6518573510
413983.0869064587	4568557.6740740882
413984.0866596365	4568557.6962908255
413985.0864128144	4568557.7185075628
413986.0861659922	4568557.7407243000
413987.0859191700	4568557.7629410373
413988.0856723478	4568557.7851577746
413989.0854255257	4568557.8073745118
413990.0851787035	4568557.8295912491
413991.0849318814	4568557.8518079864
413992.0846850592	4568557.8740247237
413993.0844382370	4568557.8962414609
413994.0841914148	4568557.9184581982
413995.0839445926	4568557.9406749364
413996.0836977705	4568557.9628916737
413997.0834509483	4568557.9851084109
413998.0832041261	4568558.0073251482
413999.0829573040	4568558.0295418855
414000.0827104818	4568558.0517586228
414001.0824636597	4568558.0739753600
414002.0822168375	4568558.0961920973
414003.0819700153	4568558.1184088346
414004.0817231931	4568558.1406255718
414005.0814763709	4568558.1628423091
414006.0812295488	4568558.1850590464
414007.0809827266	4568558.2072757836
414008.0807359045	4568558.2294925209
414009.0804890823	4568558.2517092591
414010.0791095869	4568558.2984211631
414011.0766467910	4568558.3685604976
414012.0741839952	4568558.4386998322
414013.0717211994	4568558.5088391677
414014.0692584036	4568558.5789785022
414015.0667956078	4568558.6491178367
414016.0643328119	4568558.7192571713
414017.0618700162	4568558.7893965058
414018.0594072204	4568558.8595358403
414019.0569444245	4568558.9296751749
414020.0544816287	4568558.9998145094
414021.0520188329	4568559.0699538440
414022.0495560371	4568559.1400931785
414023.0462452093	4568559.2203661278
414024.0415652884	4568559.3169991458
414025.0368853676	4568559.4136321628
414026.0322054467	4568559.5102651799
414027.0275255259	4568559.6068981979
414028.0228456050	4568559.7035312150
414029.0181656842	4568559.8001642320
414030.0134857633	4568559.8967972500
414031.0088058425	4568559.9934302671
414032.0041259216	4568560.0900632851
414032.9994460008	4568560.1866963021
414033.9864812313	4568560.3441362334
414034.9713735528	4568560.5173041141
414035.9562658743	4568560.6904719947
414036.9411581959	4568560.8636398762
414037.9260505174	4568561.0368077569
414038.9109428390	4568561.2099756375
414039.8958351605	4568561.3831435181
414040.8807274821	4568561.5563113997
414041.8656198036	4568561.7294792803
414042.8530307302	4568561.8012958057
414043.8453086069	4568561.6772610713
414044.8375864837	4568561.5532263368
414045.8298643604	4568561.4291916024
414046.8221422371	4568561.3051568670
414047.8144201138	4568561.1811221326
414048.8066979905	4568561.0570873981
414049.7989758672	4568560.9330526637
414050.7912537440	4568560.8090179292
414051.7835316207	4568560.6849831939
414052.7758094974	4568560.5609484594
414053.7680873741	4568560.4369137250
414054.7603652508	4568560.3128789905
414055.7526431275	4568560.1888442561
414056.7449210042	4568560.0648095207
414057.7406742978	4568559.9838447561
414058.7400016331	4568559.9471721938
414059.7393289685	4568559.9104996305
414060.7386563038	4568559.8738270681
414061.7379836391	4568559.8371545048
414062.7373109744	4568559.8004819425
414063.7366383098	4568559.7638093792
414064.7359656451	4568559.7271368168
414065.7352929804	4568559.6904642535
414066.7346203157	4568559.6537916912
414067.7339476511	4568559.6171191279
414068.7308170286	4568559.5504750907
414069.7227668083	4568559.4238432040
414070.7147165879	4568559.2972113173
414071.7066663675	4568559.1705794306
414072.6986161471	4568559.0439475439
414073.6905659267	4568558.9173156573
414074.6825157063	4568558.7906837715
414075.6744654859	4568558.6640518848
414076.6664152656	4568558.5374199981
414077.6583650452	4568558.4107881114
414078.6539618448	4568558.3213963294
414079.6516323665	4568558.2531795418
414080.6493028882	4568558.1849627541
414081.6469734099	4568558.1167459656
414082.6446439316	4568558.0485291779
414083.6423144533	4568557.9803123903
414084.6399849750	4568557.9120956026
414085.6376554967	4568557.8438788140
414086.6353260183	4568557.7756620264
414087.6329965400	4568557.7074452387
414088.6306670617	4568557.6392284511
414089.6283375834	4568557.5710116625
414090.6269535897	4568557.5726814326
414091.6261044228	4568557.6138835289
414092.6252552559	4568557.6550856251
414093.6244060890	4568557.6962877214
414094.6235569220	4568557.7374898177
414095.6227077552	4568557.7786919139
414096.6218585882	4568557.8198940111
414097.6210094213	4568557.8610961074
414098.6201602544	4568557.9022982037
414099.6193110875	4568557.9435002999
414100.6161318938	4568558.0198588278
414101.6119810978	4568558.1108773034
414102.6078303018	4568558.2018957790
414103.6036795058	4568558.2929142546
414104.5995287098	4568558.3839327302
414105.5953779138	4568558.4749512048
414106.5912271178	4568558.5659696804
414107.5870763219	4568558.6569881560
414108.5829255258	4568558.7480066316
414109.5787747298	4568558.8390251072
414110.5746239338	4568558.9300435828
414111.5704731379	4568559.0210620584
414112.5663223419	4568559.1120805340
414113.5621715458	4568559.2030990096
414114.5580207499	4568559.2941174852
414115.5538699539	4568559.3851359598
414116.5497191579	4568559.4761544354
414117.5455683619	4568559.5671729110
414118.5414175659	4568559.6581913866
414119.5394823411	4568559.6774631934
414120.5390500956	4568559.6480641421
414121.5386178501	4568559.6186650908
414122.5316994089	4568559.6309853494
414123.4751595485	4568559.9624713445
414124.4186196881	4568560.2939573396
414125.3620798277	4568560.6254433347
414126.3107090133	4568560.9111202480
414127.3043142680	4568560.7982105594
414128.2979195228	4568560.6853008708
414129.2915247776	4568560.5723911831
414130.2851300324	4568560.4594814945
414131.2442517127	4568560.6166100791
414132.1775973187	4568560.9755891589
414133.1109429247	4568561.3345682388
414134.0913068977	4568561.4743880490
414135.0897672510	4568561.5298580686
414136.0051014434	4568561.1609708546
414136.9088392825	4568560.7328845104
414137.8712003625	4568560.7435308639
414138.8556279381	4568560.9193215026
414139.8400555136	4568561.0951121403
414140.8364735481	4568561.1617329782
414141.8355882984	4568561.2038009679
414142.8347030487	4568561.2458689576
414143.8338177990	4568561.2879369473
414144.8329325493	4568561.3300049361
414145.8320472996	4568561.3720729258
414146.8311620499	4568561.4141409155
414147.8302768002	4568561.4562089043
414148.8293915505	4568561.4982768940
414149.8248788595	4568561.5114037069
414150.7827051447	4568561.2240558211
414151.7405314299	4568560.9367079353
414152.6983577151	4568560.6493600495
414153.6561840004	4568560.3620121647
414154.6140102856	4568560.0746642789
414155.5729861471	4568560.2126627257
414156.5323516487	4568560.4948290503
414157.4917171503	4568560.7769953739
414158.4510826518	4568561.0591616984
414159.4104481534	4568561.3413280221
414160.3646005381	4568561.4337240113
414161.3070282835	4568561.0993141653
414162.2494560289	4568560.7649043202
414163.1918837744	4568560.4304944752
414164.1817126915	4568560.5245673275
414165.1744464734	4568560.6448986959
414166.1671802555	4568560.7652300633
414167.1274799122	4568560.6254144451
414168.0602780466	4568560.2650151663
414168.9930761810	4568559.9046158865
414169.9258743154	4568559.5442166077
414170.8586724498	4568559.1838173289
414171.8395173637	4568559.0810898347
414172.8395173637	4568559.0810898338
414173.8395173637	4568559.0810898328
414174.8108588677	4568558.9247287530
414175.7458563941	4568558.5700745191
414176.6808539205	4568558.2154202852
414177.6158514469	4568557.8607660513
414178.5508489733	4568557.5061118174
414179.4858464997	4568557.1514575835
414180.4261328193	4568556.8177298745
414181.4173607200	4568556.6855661552
414182.4085886207	4568556.5534024350
414183.3998165214	4568556.4212387148
414184.3910444221	4568556.2890749946
414185.3822723228	4568556.1569112744
414186.3735002235	4568556.0247475542
414187.3081999258	4568555.6770809162
414188.2366766167	4568555.3056902401
414189.1651533076	4568554.9342995631
414190.0936299985	4568554.5629088869
414191.0221066894	4568554.1915182108
414191.9505833803	4568553.8201275347
414192.8790600713	4568553.4487368586
414193.8075367622	4568553.0773461824
414194.7360134531	4568552.7059555054
414195.7009637672	4568552.5758670177
414196.6977277222	4568552.6562512070
414197.6944916772	4568552.7366353972
414198.6912556322	4568552.8170195874
414199.6880195873	4568552.8974037776
414200.6847835423	4568552.9777879668
414201.6815474972	4568553.0581721570
414202.6783114523	4568553.1385563472
414203.6750754073	4568553.2189405365
414204.6718393623	4568553.2993247267
414205.6686033173	4568553.3797089169
414206.6653672724	4568553.4600931071
414207.6621312273	4568553.5404772963
414208.6588951823	4568553.6208614865
414209.6556591374	4568553.7012456767
414210.6524230924	4568553.7816298660
414211.6491870474	4568553.8620140562
414212.6459510024	4568553.9423982464
414213.6427149574	4568554.0227824356
414214.6361072826	4568554.1326090023
414215.6252388592	4568554.2796420744
414216.6143704357	4568554.4266751464
414217.6035020123	4568554.5737082185
414218.5926335888	4568554.7207412897
414219.5817651654	4568554.8677743617
414220.5708967420	4568555.0148074338
414221.5600283185	4568555.1618405059
414222.5565369170	4568555.1500486415
414223.5550390692	4568555.0953361942
414224.5535412216	4568555.0406237477
414225.5520433739	4568554.9859113013
414226.5505455262	4568554.9311988549
414227.5490476786	4568554.8764864076
414228.5475498308	4568554.8217739612
414229.5447889829	4568554.8163437564
414230.5391778961	4568554.9221298108
414231.5335668093	4568555.0279158652
414232.5279557225	4568555.1337019196
414233.5223446357	4568555.2394879740
414234.5167335489	4568555.3452740284
414235.5111224621	4568555.4510600828
414236.5055113753	4568555.5568461381
414237.4999002884	4568555.6626321925
414238.4942892017	4568555.7684182469
414239.4919273546	4568555.8270067917
414240.4914317223	4568555.8584872447
414241.4909360900	4568555.8899676977
414242.4904404577	4568555.9214481497
414243.4899448254	4568555.9529286027
414244.4894491932	4568555.9844090547
414245.4889535609	4568556.0158895077
414246.4884579286	4568556.0473699607
414247.4879622964	4568556.0788504127
414248.4874666641	4568556.1103308657
414249.4869710318	4568556.1418113187
414250.4864753995	4568556.1732917707
414251.4859797673	4568556.2047722237
414252.4851996398	4568556.2438420849
414253.4842557981	4568556.2872793088
414254.4833119565	4568556.3307165327
414255.4823681148	4568556.3741537575
414256.4814242732	4568556.4175909813
414257.4804804315	4568556.4610282062
414258.4795365899	4568556.5044654300
414259.4785927483	4568556.5479026549
414260.4776489066	4568556.5913398787
414261.4767878170	4568556.6184390578
414262.4762327241	4568556.5851242272
414263.4756776310	4568556.5518093975
414264.4751225380	4568556.5184945669
414265.4745674450	4568556.4851797363
414266.4740123520	4568556.4518649066
414267.4734572590	4568556.4185500760
414268.4729021659	4568556.3852352463
414269.4723470729	4568556.3519204156
414270.4717919799	4568556.3186055860
414271.4712368869	4568556.2852907553
414272.4706817938	4568556.2519759256
414273.4701267008	4568556.2186610950
414274.4691886034	4568556.1754439166
414275.4682209026	4568556.1314613624
414276.4672532019	4568556.0874788081
414277.4662855011	4568556.0434962539
414278.4653178004	4568555.9995137006
414279.4643500996	4568555.9555311464
414280.4633823989	4568555.9115485922
414281.4624146981	4568555.8675660379
414282.4614469973	4568555.8235834837
414283.4604792966	4568555.7796009295
414284.4595115958	4568555.7356183752
414285.4585438951	4568555.6916358210
414286.4575761943	4568555.6476532668
414287.4566084935	4568555.6036707135
414288.4556407928	4568555.5596881593
414289.4546730920	4568555.5157056050
414290.4518531388	4568555.5565004237
414291.4480111268	4568555.6440747520
414292.4441691147	4568555.7316490803
414293.4403271027	4568555.8192234095
414294.4364850906	4568555.9067977378
414295.4326430786	4568555.9943720670
414296.4288010665	4568556.0819463953
414297.4249590545	4568556.1695207236
414298.4211170424	4568556.2570950529
414299.4133947268	4568556.3730639936
414300.3965247763	4568556.5559719093
414301.3796548257	4568556.7388798259
414302.3627848752	4568556.9217877425
414303.3459149247	4568557.1046956582
414304.3290449742	4568557.2876035748
414305.3121750237	4568557.4705114905
414306.2953050732	4568557.6534194071
414307.2784351226	4568557.8363273237
414308.2548615097	4568558.0482821744
414309.2187154564	4568558.3147133468
414310.1825694031	4568558.5811445192
414311.1464233497	4568558.8475756915
414312.1102772964	4568559.1140068630
414313.0741312430	4568559.3804380354
414314.0379851897	4568559.6468692077
414315.0018391363	4568559.9133003801
414315.9656930830	4568560.1797315525
414316.9295470296	4568560.4461627239
414317.8934009763	4568560.7125938963
414318.8572549229	4568560.9790250687
414319.8211088696	4568561.2454562411
414320.7950522443	4568561.4501876477
414321.7935679522	4568561.5046521407
414322.7920836602	4568561.5591166336
414323.7905993681	4568561.6135811266
414324.7891150760	4568561.6680456195
414325.7876307839	4568561.7225101124
414326.7861464919	4568561.7769746054
414327.7846621998	4568561.8314390983
414328.7831779078	4568561.8859035922
414329.7816936157	4568561.9403680852
414330.7802093236	4568561.9948325781
414331.7785851450	4568562.0456474302
414332.7700023186	4568561.9149110997
414333.7614194920	4568561.7841747692
414334.7528366655	4568561.6534384387
414335.7442538390	4568561.5227021081
414336.7356710125	4568561.3919657776
414337.7270881860	4568561.2612294471
414338.7185053595	4568561.1304931166
414339.7099225330	4568560.9997567860
414340.7013397065	4568560.8690204555
414341.6833131485	4568560.6846912047
414342.6597030887	4568560.4686757317
414343.6360930288	4568560.2526602577
414344.6124829690	4568560.0366447847
414345.5888729091	4568559.8206293108
414346.5652628492	4568559.6046138378
414347.5416527894	4568559.3885983638
414348.5180427296	4568559.1725828908
414349.4944326697	4568558.9565674169
414350.4708226098	4568558.7405519439
414351.4472125500	4568558.5245364700
414352.4236024901	4568558.3085209969
414353.3477406271	4568557.9361918103
414354.2577605074	4568557.5216271980
414355.1677803876	4568557.1070625857
414356.0778002679	4568556.6924979743
414356.9878201482	4568556.2779333619
414357.8978400285	4568555.8633687496
414358.8078599088	4568555.4488041382
414359.7178797890	4568555.0342395259
414360.6278996694	4568554.6196749145
414361.5379195496	4568554.2051103022
414362.4375166763	4568553.7687218534
414363.3319438672	4568553.3215082576
414364.2263710581	4568552.8742946619
414365.1207982490	4568552.4270810662
414366.0152254399	4568551.9798674705
414366.9159994069	4568551.5468735434
414367.8461546282	4568551.1797070093
414368.7763098494	4568550.8125404743
414369.7064650707	4568550.4453739394
414370.6366202919	4568550.0782074044
414371.6077378414	4568550.3150532516
414372.5789486855	4568550.5532747786
414373.5501595296	4568550.7914963067
414374.5213703736	4568551.0297178347
414375.4925812177	4568551.2679393627
414376.4586495646	4568551.5251631467
414377.4174476774	4568551.8092514761
414378.3762457901	4568552.0933398055
414379.3350439029	4568552.3774281349
414380.2938420156	4568552.6615164643
414381.2526401284	4568552.9456047937
414382.2114382411	4568553.2296931241
414383.1702363539	4568553.5137814535
414384.1290344667	4568553.7978697829
414385.1097520574	4568553.9857384739
414386.0969931780	4568554.1449709125
414387.0842342988	4568554.3042033520
414388.0714754194	4568554.4634357905
414389.0587165401	4568554.6226682300
414390.0459576608	4568554.7819006685
414391.0331987815	4568554.9411331080
414392.0204399022	4568555.1003655465
414393.0076810228	4568555.2595979860
414393.9942825390	4568555.4224717589
414394.9766920989	4568555.6092107659
414395.9591016586	4568555.7959497729
414396.9415112185	4568555.9826887799
414397.9239207783	4568556.1694277870
414398.9063303381	4568556.3561667940
414399.8887398979	4568556.5429058010
414400.8711494577	4568556.7296448080
414401.8535590176	4568556.9163838159
414402.8359685773	4568557.1031228229
414403.8183781372	4568557.2898618300
414404.8007876970	4568557.4766008370
414405.7831972568	4568557.6633398440
414406.7696074985	4568557.6759572718
414407.7595569922	4568557.5345359165
414408.7495064859	4568557.3931145603
414409.7448748003	4568557.3770529358
414410.7433351535	4568557.4325229554
414411.7417955067	4568557.4879929749
414412.7402558599	4568557.5434629945
414413.7387162131	4568557.5989330141
414414.7371765664	4568557.6544030337
414415.7356369195	4568557.7098730532
414416.7340972728	4568557.7653430728
414417.7325576259	4568557.8208130924
414418.7310179792	4568557.8762831120
414419.7294783324	4568557.9317531316
414420.7279386856	4568557.9872231511
414421.7263990388	4568558.0426931707
414422.7248593920	4568558.0981631903
414423.7233197452	4568558.1536332099
414424.7131134527	4568558.0277727814
414425.7017322901	4568557.8773307838
414426.6903511274	4568557.7268887870
414427.6789699648	4568557.5764467902
414428.6673219220	4568557.4637702005
414429.6537158459	4568557.6281691873
414430.6401097697	4568557.7925681742
414431.6265036936	4568557.9569671620
414432.6128976174	4568558.1213661488
414433.5863159799	4568558.1994728828
414434.4807431709	4568557.7522592871
414435.3751703619	4568557.3050456923
414436.2695975530	4568556.8578320965
414437.2146287373	4568556.6143579604
414438.2143584305	4568556.5911084320
414439.2140881237	4568556.5678589046
414440.2138178169	4568556.5446093762
414441.2112778854	4568556.5042277975
414442.1825751970	4568556.2663590675
414443.1538725086	4568556.0284903375
414444.1251698202	4568555.7906216085
414445.0964671318	4568555.5527528785
414446.0677644434	4568555.3148841495
414446.9749921888	4568555.6927875038
414447.8765152460	4568556.1255185725
414448.7806853157	4568556.4943372067
414449.7149037018	4568556.1376356408
414450.6491220878	4568555.7809340749
414451.5833404738	4568555.4242325090
414452.5175588599	4568555.0675309431
414453.4517772459	4568554.7108293772
414454.3896778380	4568554.3778760219
414455.3880491724	4568554.4349258132
414456.3864205067	4568554.4919756036
414457.3847918411	4568554.5490253950
414458.3828145087	4568554.5468578758
414459.3804448371	4568554.4780557845
414460.3780751655	4568554.4092536923
414461.3331639192	4568554.1709170099
414462.2450854244	4568553.7605523327
414463.1775493491	4568553.4246135456
414464.1708567293	4568553.3091126876
414465.1641641096	4568553.1936118286
414466.1574714898	4568553.0781109706
414467.1507788701	4568552.9626101116
414468.1465537648	4568552.8714869097
414469.1428585339	4568552.7855985677
414470.1391633029	4568552.6997102257
414471.1354680718	4568552.6138218837
414472.1317728408	4568552.5279335417
414473.1280776098	4568552.4420451997
414473.9930528130	4568551.9667571886
414474.8378718889	4568551.4317051079
414475.6826909647	4568550.8966530273
414476.5633697599	4568550.4729106408
414477.5616441331	4568550.4141886188
414478.5599185062	4568550.3554665959
414479.5581928793	4568550.2967445729
414480.4960121574	4568549.9842110071
414481.4135677828	4568549.5866035698
414482.3311234082	4568549.1889961325
414483.2635859189	4568548.8314906126
414484.2180658969	4568548.5332156187
414485.1725458749	4568548.2349406257
414486.1270258528	4568547.9366656328
414487.0815058308	4568547.6383906389
414488.0359858088	4568547.3401156459
414488.9904657868	4568547.0418406520
414489.9449457648	4568546.7435656590
414490.8994257427	4568546.4452906661
414491.8857465906	4568546.2957158107
414492.8786744073	4568546.1769961799
414493.8716022242	4568546.0582765499
414494.8645300410	4568545.9395569200
414495.8574578578	4568545.8208372891
414496.8503856746	4568545.7021176592
414497.8433134913	4568545.5833980283
414498.8362413082	4568545.4646783983
414499.8291691250	4568545.3459587684
414500.8242039780	4568545.2842887137
414501.8231841225	4568545.3294403581
414502.8221642669	4568545.3745920034
414503.8211444113	4568545.4197436487
414504.8201245558	4568545.4648952931
414505.8191047001	4568545.5100469384
414506.8180848446	4568545.5551985838
414507.8170649890	4568545.6003502291
414508.8160451334	4568545.6455018735
414509.8150252779	4568545.6906535188
414510.8140054223	4568545.7358051641
414511.8129855667	4568545.7809568085
414512.8119657111	4568545.8261084538
414513.8109458555	4568545.8712600991
414514.8099260000	4568545.9164117435
414515.8089061444	4568545.9615633888
414516.8078862888	4568546.0067150341
414517.8068664333	4568546.0518666795
414518.8058632931	4568546.0966413235
414519.8049194514	4568546.1400785474
414520.8039756098	4568546.1835157713
414521.8030317682	4568546.2269529961
414522.8020879266	4568546.2703902200
414523.8011440849	4568546.3138274448
414524.8002002433	4568546.3572646687
414525.7992564016	4568546.4007018926
414526.7983125600	4568546.4441391174
414527.7973687183	4568546.4875763413
414528.7964248767	4568546.5310135661
414529.7954810350	4568546.5744507900
414530.7945371934	4568546.6178880138
414531.7935933518	4568546.6613252386
414532.7927286396	4568546.7017111368
414533.7926933333	4568546.7101142015
414534.7926580269	4568546.7185172662
414535.7926227206	4568546.7269203309
414536.7925874142	4568546.7353233956
414537.7925521078	4568546.7437264603
414538.7925168014	4568546.7521295249
414539.7924814950	4568546.7605325896
414540.7924461887	4568546.7689356543
414541.7924108823	4568546.7773387199
414542.7923755760	4568546.7857417846
414543.7923402696	4568546.7941448493
414544.7923049632	4568546.8025479140
414545.7879257793	4568546.8924885746
414546.7831231901	4568546.9903768441
414547.7783206010	4568547.0882651145
414548.7735180119	4568547.1861533839
414549.7687154228	4568547.2840416534
414550.7639128337	4568547.3819299238
414551.7591102445	4568547.4798181932
414552.7543076554	4568547.5777064636
414553.7495050663	4568547.6755947331
414554.7447024772	4568547.7734830035
414555.7398998881	4568547.8713712730
414556.7350972989	4568547.9692595424
414557.7302947098	4568548.0671478128
414558.7254921207	4568548.1650360823
414559.7206895316	4568548.2629243527
414560.7158869425	4568548.3608126221
414561.7110843534	4568548.4587008916
414562.7062817642	4568548.5565891620
414563.7007566137	4568548.6601217333
414564.6885195790	4568548.8160843067
414565.6762825444	4568548.9720468801
414566.6640455097	4568549.1280094534
414567.6530673738	4568549.2437265711
414568.6486468765	4568549.1498039765
414569.6442263792	4568549.0558813820
414570.6398058819	4568548.9619587874
414571.6353853846	4568548.8680361928
414572.6309648874	4568548.7741135983
414573.6278539464	4568548.7986253705
414574.6252668292	4568548.8705109833
414575.6226797119	4568548.9423965961
414576.6200925946	4568549.0142822098
414577.6175054774	4568549.0861678226
414578.6149183600	4568549.1580534354
414579.6123312428	4568549.2299390491
414580.6097441255	4568549.3018246619
414581.6071570082	4568549.3737102756
414582.6045698910	4568549.4455958884
414583.6019827737	4568549.5174815012
414584.6001304169	4568549.5571731636
414585.5997843363	4568549.5308664814
414586.5994382557	4568549.5045598000
414587.5990921750	4568549.4782531187
414588.5642379189	4568549.6343605751
414589.4852051701	4568550.0240005655
414590.4061724214	4568550.4136405559
414591.3706139070	4568550.5889478736
414592.3706139070	4568550.5889478736
414593.3706139070	4568550.5889478726
414594.3706139070	4568550.5889478726
414595.3706139070	4568550.5889478726
414596.3706139070	4568550.5889478726
414597.3706139070	4568550.5889478717
414598.3706139070	4568550.5889478717
414599.3705374494	4568550.6011815593
414600.3704593336	4568550.6136805834
414601.3703812177	4568550.6261796067
414602.3703031019	4568550.6386786308
414603.3702249860	4568550.6511776550
414604.3701468702	4568550.6636766782
414605.3700687543	4568550.6761757024
414606.3699906385	4568550.6886747265
414607.3292836580	4568550.9420108786
414608.2779669561	4568551.2582386443
414609.2371470006	4568551.5097825443
414610.2371470006	4568551.5097825425
414611.2287344359	4568551.4039567290
414612.2161750680	4568551.2459662296
414613.2039737981	4568551.1105792783
414614.1959235777	4568551.2372111650
414615.1878733573	4568551.3638430517
414616.1798231370	4568551.4904749384
414617.1717729166	4568551.6171068251
414618.1655513875	4568551.7184747672
414619.1653975295	4568551.7360159280
414620.1652436715	4568551.7535570879
414621.1650898136	4568551.7710982487
414622.1649359555	4568551.7886394095
414623.1647820975	4568551.8061805693
414624.1414599792	4568551.9508369332
414625.0832018908	4568552.2871733299
414626.0249438024	4568552.6235097274
414626.9874660040	4568552.8398770681
414627.9874660040	4568552.8398770690
414628.9874660040	4568552.8398770690
414629.9874660040	4568552.8398770690
414630.9874660040	4568552.8398770699
414631.9407689028	4568553.1185453990
414632.8861418846	4568553.4445360824
414633.8315148665	4568553.7705267649
414634.7201698957	4568553.5051006181
414635.5863554817	4568553.0053781653
414636.4525410678	4568552.5056557115
414637.3573722784	4568552.5716949925
414638.2834646381	4568552.9489918798
414639.2095569978	4568553.3262887672
414640.1774369811	4568553.5508008096
414641.1666404435	4568553.6973494701
414642.1558439060	4568553.8438981306
414643.0660826200	4568553.4811453894
414643.9644669811	4568553.0419352576
414644.8628513422	4568552.6027251258
414645.7612357032	4568552.1635149941
414646.6596200642	4568551.7243048623
414647.6114301300	4568551.7926712641
414648.5815726302	4568552.0352068888
414649.5520795202	4568552.1757120658
414650.5239296259	4568551.9401120404
414651.4957797317	4568551.7045120150
414652.4676298375	4568551.4689119905
414653.3397762389	4568551.8119944939
414654.1767458533	4568552.3592438567
414655.0137154676	4568552.9064932186
414655.9109908808	4568552.9625736745
414656.8554876776	4568552.6340530505
414657.7926339089	4568552.2905290071
414658.6310775252	4568551.7455406571
414659.4695211415	4568551.2005523061
414660.2138494073	4568551.4540276369
414660.9025988693	4568552.1790270703
414661.5913483312	4568552.9040265037
414662.5310384517	4568553.0445069950
414663.5310384517	4568553.0445069950
414663.4204295331	4568553.0445069959
414663.5113378146	4568552.6038077613
414664.2307392752	4568551.9092132477
414664.9501407357	4568551.2146187341
414665.6695421962	4568550.5200242205
414666.4246200649	4568550.4928110903
414667.2139722826	4568551.1067517037
414668.0120078665	4568551.5156990839
414668.8504514832	4568550.9707107339
414669.6888950999	4568550.4257223839
414670.6442791889	4568550.2276120717
414671.6415469434	4568550.1537403865
414672.6388146978	4568550.0798687004
414673.5953046200	4568549.7909872420
414674.5503687568	4568549.4945880268
414675.5054328935	4568549.1981888115
414676.4604970303	4568548.9017895963
414677.4155611671	4568548.6053903820
414678.3706253039	4568548.3089911668
414679.3329907883	4568548.0376445251
414680.2977546096	4568547.7745271195
414681.2625184308	4568547.5114097139
414682.2272822521	4568547.2482923083
414683.1920460733	4568546.9851749027
414684.1568098945	4568546.7220574962
414685.1526461894	4568546.6513279434
414686.1511884626	4568546.5973526854
414687.1497307359	4568546.5433774274
414688.1482730092	4568546.4894021694
414689.1468152825	4568546.4354269113
414690.1453575557	4568546.3814516533
414691.1438998290	4568546.3274763953
414692.1422664543	4568546.2704997314
414693.1402883352	4568546.2076322110
414694.1383102162	4568546.1447646916
414695.1363320972	4568546.0818971712
414696.1343539782	4568546.0190296508
414697.1323758592	4568545.9561621314
414698.1303977401	4568545.8932946110
414699.1284196211	4568545.8304270906
414700.1264415021	4568545.7675595712
414701.1244633831	4568545.7046920508
414702.1224852641	4568545.6418245314
414703.1205071451	4568545.5789570110
414704.1185290261	4568545.5160894906
414705.1160508596	4568545.4464408476
414706.1124991514	4568545.3622339498
414707.1089474433	4568545.2780270521
414708.1053957352	4568545.1938201543
414709.1018440270	4568545.1096132556
414710.0982923189	4568545.0254063578
414711.0947406108	4568544.9411994601
414712.0910961395	4568544.8560774205
414713.0841736614	4568544.7386166379
414714.0772511834	4568544.6211558562
414715.0703287054	4568544.5036950735
414716.0634062274	4568544.3862342909
414717.0564837493	4568544.2687735092
414718.0495612713	4568544.1513127265
414719.0426387933	4568544.0338519448
414720.0357163152	4568543.9163911622
414721.0287938372	4568543.7989303805
414721.9913720758	4568543.5640690979
414722.9160501743	4568543.1833192930
414723.8407282728	4568542.8025694871
414724.7654063712	4568542.4218196822
414725.6900844696	4568542.0410698764
414726.6147625681	4568541.6603200715
414727.5394406665	4568541.2795702666
414728.4641187650	4568540.8988204608
414729.4307036236	4568540.6454694178
414730.4008461238	4568540.4029337931
414731.3709886240	4568540.1603981685
414732.3411311242	4568539.9178625438
414733.3156286900	4568539.6960255709
414734.3012509448	4568539.5270617558
414735.2868731996	4568539.3580979407
414736.2724954544	4568539.1891341256
414737.2581177092	4568539.0201703105
414738.2437399640	4568538.8512064954
414739.2293622188	4568538.6822426803
414740.2148382975	4568538.5190247940
414741.1905943081	4568538.7378859548
414742.1663503186	4568538.9567471156
414743.1421063292	4568539.1756082773
414744.1178623397	4568539.3944694381
414745.0936183503	4568539.6133305999
414746.0693743608	4568539.8321917607
414747.0451303714	4568540.0510529215
414748.0208863819	4568540.2699140832
414748.9966423925	4568540.4887752440
414749.9723984030	4568540.7076364057
414750.9481544136	4568540.9264975665
414751.9055460636	4568541.2130849119
414752.8582052748	4568541.5171250859
414753.8108644860	4568541.8211652599
414754.7635236972	4568542.1252054339
414755.7161829084	4568542.4292456079
414756.6947386675	4568542.6247413596
414757.6820497158	4568542.7835396398
414758.6693607641	4568542.9423379200
414759.6566718124	4568543.1011362011
414760.6439828607	4568543.2599344812
414761.6312939090	4568543.4187327614
414762.6186049573	4568543.5775310425
414763.6059160056	4568543.7363293227
414764.5932270540	4568543.8951276029
414765.5805381023	4568544.0539258840
414766.5678491506	4568544.2127241641
414767.5551601989	4568544.3715224443
414768.5424712472	4568544.5303207245
414769.5297822955	4568544.6891190056
414770.5170933438	4568544.8479172857
414771.5022473844	4568545.0195518453
414772.4872347149	4568545.1921784906
414773.4722220454	4568545.3648051359
414774.4572093759	4568545.5374317821
414775.4421967065	4568545.7100584274
414776.4271840370	4568545.8826850727
414777.4121713675	4568546.0553117180
414778.3971586980	4568546.2279383643
414779.3821460285	4568546.4005650096
414780.3671333590	4568546.5731916549
414781.3521206895	4568546.7458183002
414782.3371080200	4568546.9184449464
414783.3220953505	4568547.0910715917
414784.3070826810	4568547.2636982370
414785.2920700115	4568547.4363248823
414786.2770573420	4568547.6089515276
414787.2620446725	4568547.7815781739
414788.2470320030	4568547.9542048192
414789.2320193335	4568548.1268314645
414790.2170066640	4568548.2994581098
414791.2045240706	4568548.4567472395
414792.1927691868	4568548.6096249372
414793.1810143029	4568548.7625026340
414794.1692594190	4568548.9153803317
414795.1575045352	4568549.0682580294
414796.1457496514	4568549.2211357271
414797.1339947675	4568549.3740134249
414798.1222398837	4568549.5268911216
414799.1104849999	4568549.6797688194
414800.0987301160	4568549.8326465171
414801.0869752321	4568549.9855242148
414802.0752203483	4568550.1384019116
414803.0634654645	4568550.2912796093
414804.0517105806	4568550.4441573070
414805.0399556968	4568550.5970350048
414806.0282008130	4568550.7499127025
414807.0164459291	4568550.9027903993
414808.0046910452	4568551.0556680970
414808.9932885785	4568551.2002977803
414809.9909722713	4568551.1322738929
414810.9886559640	4568551.0642500045
414811.9863396567	4568550.9962261170
414812.9840233494	4568550.9282022286
414813.8491678074	4568550.5458070114
414814.5944091209	4568549.8790121526
414815.3396504344	4568549.2122172927
414816.1935311739	4568549.6183350217
414817.0573100749	4568550.1222060472
414817.9302699577	4568550.5777430991
414818.9186416554	4568550.4256859142
414819.9070133531	4568550.2736287303
414820.8874526797	4568550.0832120087
414821.8550699520	4568549.8307901118
414822.8226872243	4568549.5783682140
414823.7442460500	4568549.1914951298
414824.6633910801	4568548.7975758314
414825.5825361102	4568548.4036565330
414824.9023187676	4568548.3380186800
414825.1765526934	4568548.7627633223
414825.9765526934	4568549.3627633220
414826.7765526934	4568549.9627633216
414827.5765526934	4568550.5627633221
414828.3653395628	4568551.0256276894
414829.0572449260	4568550.3036394846
414829.7491502892	4568549.5816512788
414830.4410556524	4568548.8596630739
414831.3061149356	4568548.4020615099
414832.2444580524	4568548.0563561507
414833.1367974082	4568548.2448662659
414834.0022236938	4568548.7459025364
414834.8424848316	4568548.8234432638
414835.6424848315	4568548.2234432632
414836.4424848315	4568547.6234432636
414837.2424848315	4568547.0234432630
414838.1945306031	4568547.0233771438
414839.1837340654	4568547.1699258052
414840.1726483998	4568547.3119092993
414841.1354592105	4568547.0417327965
414842.0982700212	4568546.7715562936
414843.0610808319	4568546.5013797907
414844.0238916426	4568546.2312032869
414844.9867024533	4568545.9610267840
414845.9495132640	4568545.6908502812
414846.9123240747	4568545.4206737783
414847.8751348854	4568545.1504972754
414848.8379456961	4568544.8803207725
414849.8007565068	4568544.6101442687
414850.7635673175	4568544.3399677658
414851.7263781282	4568544.0697912630
414852.6891889390	4568543.7996147601
414853.6519997496	4568543.5294382572
414854.6148105603	4568543.2592617543
414855.5776213710	4568542.9890852505
414856.5404321818	4568542.7189087477
414857.5032429925	4568542.4487322448
414858.4660538032	4568542.1785557419
414859.4288646138	4568541.9083792390
414860.3842836740	4568541.6169792041
414861.3066213839	4568541.2305944879
414862.2289590938	4568540.8442097716
414863.1512968036	4568540.4578250553
414864.0736345135	4568540.0714403391
414864.9959722234	4568539.6850556228
414865.9183099332	4568539.2986709066
414866.8406476431	4568538.9122861903
414867.7629853530	4568538.5259014741
414868.6559329291	4568538.0758875739
414869.5480900872	4568537.6241624299
414870.4402472453	4568537.1724372869
414871.3324044035	4568536.7207121430
414872.2245615616	4568536.2689870000
414873.1167187197	4568535.8172618560
414874.0088758779	4568535.3655367130
414874.9010330360	4568534.9138115700
414875.7931901941	4568534.4620864261
414876.7824956696	4568534.4738765759
414877.7809560228	4568534.5293465964
414878.7794163760	4568534.5848166160
414879.7753668859	4568534.6635385361
414880.7626654891	4568534.8224141728
414881.7499640923	4568534.9812898105
414882.7372626955	4568535.1401654473
414883.7245612987	4568535.2990410849
414884.7118599019	4568535.4579167217
414885.6991585052	4568535.6167923594
414886.6864571083	4568535.7756679961
414887.6737557116	4568535.9345436338
414888.6614462233	4568536.0908847721
414889.6506204847	4568536.2376304045
414890.6397947461	4568536.3843760369
414891.6289690075	4568536.5311216693
414892.6181432689	4568536.6778673017
414893.6073175303	4568536.8246129341
414894.5964917917	4568536.9713585665
414895.5856660531	4568537.1181041980
414896.5748403145	4568537.2648498304
414897.5640145759	4568537.4115954628
414898.5531888373	4568537.5583410952
414899.5423630986	4568537.7050867276
414900.5315373600	4568537.8518323600
414901.5207116214	4568537.9985779924
414902.5098858828	4568538.1453236248
414903.4990601442	4568538.2920692563
414904.4882344056	4568538.4388148887
414905.4774086670	4568538.5855605211
414906.4665829284	4568538.7323061535
414907.4535340420	4568538.8924096180
414908.4369162225	4568539.0739570977
414909.4202984029	4568539.2555045774
414910.4036805833	4568539.4370520562
414911.3870627636	4568539.6185995359
414912.3704449441	4568539.8001470156
414913.3538271245	4568539.9816944944
414914.3460569608	4568540.0077826902
414915.3436872892	4568539.9389805980
414916.3413176176	4568539.8701785058
414917.3107243498	4568540.0398006830
414918.2647180665	4568540.3396272808
414919.2187117832	4568540.6394538777
414920.1727054999	4568540.9392804755
414921.1579053920	4568540.8388630981
414922.1468417449	4568540.6905226447
414923.1357780976	4568540.5421821913
414924.1247144505	4568540.3938417379
414925.1073449027	4568540.5054573547
414926.0879255784	4568540.7015734902
414927.0685062541	4568540.8976896247
414928.0490869298	4568541.0938057601
414929.0409509438	4568541.1759712417
414930.0409509438	4568541.1759712426
414931.0332143932	4568541.1325930050
414931.9715575099	4568540.7868876457
414932.9129297835	4568540.4652980873
414933.9076215773	4568540.5681972383
414934.9023133711	4568540.6710963901
414935.8973630616	4568540.7651210222
414936.8971106638	4568540.7426547837
414937.8968582661	4568540.7201885451
414938.8966058683	4568540.6977223074
414939.8963534705	4568540.6752560688
414940.8961010727	4568540.6527898302
414941.8958486750	4568540.6303235926
414942.8955962772	4568540.6078573540
414943.8953438794	4568540.5853911154
414944.8950914816	4568540.5629248777
414945.8948856662	4568540.5426418213
414946.8946816679	4568540.5224439222
414947.8944776695	4568540.5022460232
414948.8942736711	4568540.4820481241
414949.8940696728	4568540.4618502250
414950.8938656744	4568540.4416523259
414951.8936616760	4568540.4214544268
414952.8934576776	4568540.4012565278
414953.8932536792	4568540.3810586287
414954.8930496809	4568540.3608607296
414955.8845122725	4568540.4760399973
414956.8742826421	4568540.6187095996
414957.8640530115	4568540.7613792028
414958.8538233811	4568540.9040488061
414959.8435937506	4568541.0467184093
414960.8333641201	4568541.1893880116
414961.8231344896	4568541.3320576148
414962.8129048592	4568541.4747272180
414963.8026752287	4568541.6173968213
414964.7924455982	4568541.7600664245
414965.7822159677	4568541.9027360268
414966.7699584134	4568542.0579007370
414967.7540462745	4568542.2355832672
414968.7381341356	4568542.4132657982
414969.7222219967	4568542.5909483284
414970.7063098579	4568542.7686308585
414971.6903977189	4568542.9463133886
414972.6744855801	4568543.1239959197
414973.6585734412	4568543.3016784498
414974.6426613023	4568543.4793609800
414975.6267491635	4568543.6570435101
414976.6108370245	4568543.8347260412
414977.5949248857	4568544.0124085713
414978.5790127468	4568544.1900911015
414979.5631006079	4568544.3677736325
414980.5471884690	4568544.5454561627
414981.5259033697	4568544.7481257198
414982.4960458698	4568544.9906613454
414983.4661883699	4568545.2331969701
414984.4363308701	4568545.4757325947
414985.4064733702	4568545.7182682203
414986.3766158704	4568545.9608038450
414987.3467583705	4568546.2033394706
414988.3169008707	4568546.4458750952
414989.2870433709	4568546.6884107199
414990.2571858710	4568546.9309463454
414991.2273283711	4568547.1734819701
414992.1974708713	4568547.4160175957
414993.1676133714	4568547.6585532203
414994.1491954138	4568547.8465594230
414995.1350165836	4568548.0143587710
414996.1208377534	4568548.1821581190
414997.1066589232	4568548.3499574671
414998.0924800930	4568548.5177568151
414999.0783012627	4568548.6855561631
415000.0641224325	4568548.8533555111
415001.0499436023	4568549.0211548600
415002.0357647721	4568549.1889542080
415003.0215859418	4568549.3567535561
415004.0175523978	4568549.4455187265
415005.0137929861	4568549.5321483426
415006.0119932263	4568549.5454240255
415007.0114381333	4568549.5121091940
415008.0108830402	4568549.4787943633
415008.9863440364	4568549.6236610329
415009.9414081731	4568549.9200602481
415010.8964723097	4568550.2164594634
415011.8580755456	4568550.2791364705
415012.8282180457	4568550.0366008459
415013.7983605459	4568549.7940652203
415014.7685030460	4568549.5515295956
415015.7386455461	4568549.3089939700
415016.7087880462	4568549.0664583454
415017.6549390398	4568549.1528296433
415018.5796171382	4568549.5335794492
415019.5042952365	4568549.9143292550
415020.4289733349	4568550.2950790599
415021.3082868653	4568550.0007129107
415022.1737131507	4568549.4996766392
415023.0542010445	4568549.0265931534
415023.9486282356	4568548.5793795576
415024.9112621516	4568548.5193192689
415025.9046710875	4568548.6339433771
415026.8957854000	4568548.7541823126
415027.6851376185	4568549.3681229251
415028.5920047954	4568549.1497788709
415029.4714371926	4568548.7077276418
415030.1441099866	4568547.9677875685
415030.8167827806	4568547.2278474951
415031.5367619792	4568546.6210877076
415032.5254774835	4568546.7708930867
415033.5141929877	4568546.9206984658
415034.5029084920	4568547.0705038458
415035.4999153249	4568547.1102391183
415036.4999153249	4568547.1102391174
415037.1091712978	4568546.3195356056
415037.7166214054	4568545.5251777722
415038.5783921805	4568545.6807939019
415039.5177058389	4568545.7448058585
415040.4749172661	4568545.4554163571
415041.4321286934	4568545.1660268558
415042.3893401206	4568544.8766373545
415043.3465515479	4568544.5872478532
415044.3192828871	4568544.3563993862
415045.2941413936	4568544.1335745845
415046.2689999002	4568543.9107497828
415047.2438584067	4568543.6879249811
415048.2187169132	4568543.4651001794
415049.1935754198	4568543.2422753777
415050.1684339263	4568543.0194505770
415051.0800102651	4568542.6399869639
415051.9360747105	4568542.1231178651
415052.7921391559	4568541.6062487662
415053.6482036014	4568541.0893796673
415054.5042680468	4568540.5725105684
415055.3603324922	4568540.0556414695
415056.2410835143	4568539.6023648242
415057.2216641899	4568539.4062486887
415058.2022448655	4568539.2101325532
415059.1828255411	4568539.0140164178
415060.1623605976	4568538.8142021410
415061.1004570718	4568538.4678280586
415062.0385535460	4568538.1214539763
415062.9766500202	4568537.7750798929
415063.9147464945	4568537.4287058106
415064.8528429687	4568537.0823317282
415065.7909394429	4568536.7359576458
415066.7290359171	4568536.3895835634
415067.7241960364	4568536.4066518173
415068.7233045499	4568536.4488676693
415069.7224130634	4568536.4910835223
415070.7215215769	4568536.5332993744
415071.7206300904	4568536.5755152274
415072.7197386039	4568536.6177310795
415073.7188471175	4568536.6599469325
415074.7115454726	4568536.7703233268
415075.7010065367	4568536.9151225071
415076.6904676009	4568537.0599216875
415077.6799286650	4568537.2047208678
415078.6693897291	4568537.3495200472
415079.6588507932	4568537.4943192275
415080.6483118574	4568537.6391184079
415081.6377729215	4568537.7839175882
415082.6272339856	4568537.9287167685
415083.6166950498	4568538.0735159479
415084.6061561139	4568538.2183151282
415085.5956171780	4568538.3631143086
415086.5850782421	4568538.5079134889
415087.5740431089	4568538.6560615012
415088.5629794618	4568538.8044019546
415089.5519158147	4568538.9527424071
415090.5408521675	4568539.1010828605
415091.5297885203	4568539.2494233139
415092.5187248732	4568539.3977637663
415093.5076612261	4568539.5461042197
415094.4965975789	4568539.6944446731
415095.4896147177	4568539.8101187479
415096.4846519080	4568539.9096224662
415097.4796890982	4568540.0091261854
415098.4747262884	4568540.1086299047
415099.4697634786	4568540.2081336239
415100.4648006688	4568540.3076373423
415101.4598378591	4568540.4071410615
415102.4548750493	4568540.5066447807
415103.4499122395	4568540.6061484991
415104.4449494297	4568540.7056522183
415105.4399866199	4568540.8051559376
415106.4350238101	4568540.9046596559
415107.4307675857	4568540.9960992755
415108.4279468680	4568541.0711557800
415109.4251261503	4568541.1462122854
415110.4223054326	4568541.2212687898
415111.4194847149	4568541.2963252952
415112.4166639972	4568541.3713817997
415113.4138432796	4568541.4464383051
415114.4110225619	4568541.5214948095
415115.4082018442	4568541.5965513149
415116.4053811265	4568541.6716078203
415117.3387434601	4568542.0032510711
415118.2549656144	4568542.4036953915
415119.2525407152	4568542.3340971293
415120.2501158161	4568542.2644988662
415121.2476909170	4568542.1949006040
415122.2452660178	4568542.1253023418
415123.2250045581	4568542.2464294098
415124.1923767815	4568542.4997888021
415125.1597490048	4568542.7531481935
415126.1271212282	4568543.0065075848
415127.0965990360	4568543.2506350465
415128.0781606130	4568543.4417812489
415129.0597221901	4568543.6329274504
415130.0412837671	4568543.8240736527
415131.0228453442	4568544.0152198542
415132.0044069212	4568544.2063660566
415132.9859684982	4568544.3975122580
415133.9675300753	4568544.5886584604
415134.9490916523	4568544.7798046619
415135.9306532293	4568544.9709508643
415136.9122148063	4568545.1620970657
415137.8937763834	4568545.3532432681
415138.8753379604	4568545.5443894695
415139.8568995375	4568545.7355356719
415140.8384611145	4568545.9266818734
415141.8200226915	4568546.1178280748
415142.8015842685	4568546.3089742772
415143.7831458455	4568546.5001204787
415144.7647074226	4568546.6912666811
415145.7462689996	4568546.8824128825
415146.7276527648	4568547.0744656706
415147.7086965071	4568547.2682520887
415148.6897402493	4568547.4620385068
415149.6707839915	4568547.6558249248
415150.6518277338	4568547.8496113429
415151.6328714760	4568548.0433977610
415152.6139152182	4568548.2371841790
415153.5949589605	4568548.4309705971
415154.5760027027	4568548.6247570151
415155.5613257192	4568548.7952660937
415156.5471468890	4568548.9630654417
415157.5329680588	4568549.1308647897
415158.5187892286	4568549.2986641377
415159.5047646361	4568549.4653425356
415160.4992700890	4568549.5700273206
415161.4783526914	4568549.6264072647
415162.2281905468	4568548.9647856280
415162.9780284022	4568548.3031639913
415163.8796347602	4568548.3562784269
415164.8336284771	4568548.6561050238
415165.7876221941	4568548.9559316207
415166.7416159110	4568549.2557582166
415167.5682516118	4568549.8177079912
415168.3935588729	4568550.3823919073
415169.2581297574	4568550.2963535478
415170.1453465586	4568549.8350008111
415171.0325633597	4568549.3736480745
415171.9251964468	4568548.9229163490
415172.8196236376	4568548.4757027533
415173.7214362305	4568548.4274375848
415174.6318027080	4568548.8412405290
415175.5421691855	4568549.2550434740
415176.5413439317	4568549.2588533489
415177.5031380010	4568549.0558572104
415178.4347156206	4568548.6923147254
415179.3662932402	4568548.3287722403
415180.2978708598	4568547.9652297543
415181.2326474159	4568547.6298688659
415182.2220065513	4568547.7753628558
415183.2113656868	4568547.9208568456
415184.2007248222	4568548.0663508354
415185.1661562597	4568547.9569978863
415186.1111423332	4568547.6298873229
415187.0561284067	4568547.3027767595
415188.0406223564	4568547.2344889492
415189.0401635355	4568547.2647780757
415190.0397047147	4568547.2950672023
415190.9379936227	4568547.0700409105
415191.6451004043	4568546.3629341302
415192.4375613541	4568545.9558681166
415193.4109785226	4568546.1849074503
415194.3843956911	4568546.4139467832
415195.3578128595	4568546.6429861160
415196.3112402817	4568546.4603132037
415197.2578901879	4568546.1380494060
415198.2045400940	4568545.8157856083
415199.1511900001	4568545.4935218105
415200.0978399063	4568545.1712580128
415201.0800736100	4568545.0639398498
415202.0800736100	4568545.0639398508
415203.0135280338	4568544.7609598264
415203.9214874183	4568544.3419016488
415204.8294468027	4568543.9228434712
415205.7374061871	4568543.5037852945
415206.6742272353	4568543.1925548417
415207.6701204418	4568543.1020190958
415208.6636762340	4568542.9989571115
415209.6252001817	4568542.7242359836
415210.5867241293	4568542.4495148547
415211.5482480769	4568542.1747937268
415212.5097720245	4568541.9000725988
415213.4712959721	4568541.6253514709
415214.4328199197	4568541.3506303430
415215.3943438673	4568541.0759092150
415216.3558678149	4568540.8011880871
415217.3203680623	4568540.5371395014
415218.2852954288	4568540.2746224971
415219.2502227953	4568540.0121054929
415220.2151501617	4568539.7495884886
415221.1800775282	4568539.4870714853
415222.1450048947	4568539.2245544810
415223.1099322612	4568538.9620374767
415224.0748596277	4568538.6995204724
415225.0397869941	4568538.4370034691
415226.0047143606	4568538.1744864648
415226.9696417271	4568537.9119694605
415227.9345690936	4568537.6494524563
415228.8994964601	4568537.3869354529
415229.8644238265	4568537.1244184487
415230.8361366172	4568536.8904573973
415231.8160131659	4568536.6908529159
415232.7958897146	4568536.4912484335
415233.7757662634	4568536.2916439511
415234.7556428121	4568536.0920394696
415235.7355193608	4568535.8924349872
415236.7282173343	4568535.7791848611
415237.7238174779	4568535.6854813183
415238.7194176216	4568535.5917777754
415239.7150177652	4568535.4980742326
415240.7106179088	4568535.4043706888
415241.7062180524	4568535.3106671460
415242.7018181961	4568535.2169636032
415243.6974183398	4568535.1232600594
415244.6930632338	4568535.0300482037
415245.6892212217	4568534.9424738754
415246.6853792097	4568534.8548995461
415247.6815371976	4568534.7673252178
415248.6776951856	4568534.6797508886
415249.6738531735	4568534.5921765603
415250.6700111615	4568534.5046022320
415251.6661691494	4568534.4170279028
415252.6623271374	4568534.3294535745
415253.6584851253	4568534.2418792453
415254.6563067754	4568534.2597050741
415255.6547324175	4568534.3157964023
415256.6531580597	4568534.3718877304
415257.6515837018	4568534.4279790586
415258.6500093439	4568534.4840703867
415259.6484349861	4568534.5401617158
415260.6468606282	4568534.5962530440
415261.6452862704	4568534.6523443721
415262.6437119125	4568534.7084357003
415263.6347590019	4568534.8309476152
415264.6211529257	4568534.9953466021
415265.6075468495	4568535.1597455898
415266.5939407733	4568535.3241445767
415267.5803346972	4568535.4885435645
415268.5667286210	4568535.6529425513
415269.5531225448	4568535.8173415391
415270.5408560069	4568535.9443767928
415271.5364902331	4568535.8510360839
415272.5321244591	4568535.7576953759
415273.5277586852	4568535.6643546671
415274.5043633007	4568535.8471426331
415275.4777804692	4568536.0761819659
415276.4511976376	4568536.3052212987
415277.4297730681	4568536.5059431829
415278.4214286855	4568536.6348584127
415279.4130843028	4568536.7637736434
415280.4047399201	4568536.8926888742
415281.3963955374	4568537.0216041040
415282.3880511547	4568537.1505193347
415283.3797067720	4568537.2794345655
415284.3713623893	4568537.4083497962
415285.3630180066	4568537.5372650260
415286.3546736239	4568537.6661802568
415287.3463292413	4568537.7950954875
415288.3459673670	4568537.7878071889
415289.3458930148	4568537.7756129736
415290.3458186626	4568537.7634187583
415291.3457443103	4568537.7512245439
415292.3456699581	4568537.7390303286
415293.3455956059	4568537.7268361133
415294.3455212537	4568537.7146418979
415295.3454469015	4568537.7024476826
415296.3375947525	4568537.7917561326
415297.3239886763	4568537.9561551195
415298.3103826001	4568538.1205541072
415299.2967765240	4568538.2849530941
415300.2831704478	4568538.4493520819
415301.2686047206	4568538.4122197963
415302.2533882794	4568538.2384344619
415303.2381718382	4568538.0646491284
415304.2229553970	4568537.8908637939
415305.2077389558	4568537.7170784604
415306.1970066593	4568537.5997409504
415307.1968766119	4568537.6158678848
415308.1967465644	4568537.6319948193
415309.1966165169	4568537.6481217537
415310.1964864695	4568537.6642486891
415311.1963564220	4568537.6803756235
415312.1962263746	4568537.6965025580
415313.1962202465	4568537.6972624864
415314.1962202465	4568537.6972624864
415315.1962202465	4568537.6972624855
415316.1949515931	4568537.6557810102
415317.1930826268	4568537.5946709467
415318.1912136603	4568537.5335608842
415319.1893446939	4568537.4724508207
415320.1874757275	4568537.4113407582
415321.1431088982	4568537.1548349531
415322.0906191065	4568536.9025018048
415323.0853109003	4568537.0054009557
415324.0800026941	4568537.1083001066
415325.0746944880	4568537.2111992575
415326.0693862819	4568537.3140984084
415327.0640780757	4568537.4169975594
415328.0515962068	4568537.4257508777
415329.0192134790	4568537.1733289799
415329.9868307513	4568536.9209070820
415330.9767230066	4568536.9670907706
415331.9710822072	4568537.0731557524
415332.9654414077	4568537.1792207342
415333.9598006082	4568537.2852857150
415334.9541598088	4568537.3913506968
415335.9485190094	4568537.4974156786
415336.9428782099	4568537.6034806594
415337.9348121592	4568537.7237870330
415338.9082293276	4568537.9528263668
415339.8816464959	4568538.1818657005
415340.8550636643	4568538.4109050343
415341.8284808326	4568538.6399443680
415342.8018980010	4568538.8689837018
415343.7753151693	4568539.0980230356
415344.7487323376	4568539.3270623693
415345.7221495059	4568539.5561017031
415346.6955666743	4568539.7851410368
415347.6689838426	4568540.0141803706
415348.6424010110	4568540.2432197044
415349.6158181793	4568540.4722590381
415350.5920284640	4568540.6888423767
415351.5700408609	4568540.8973891381
415352.5480532578	4568541.1059358995
415353.5260656547	4568541.3144826600
415354.5040780515	4568541.5230294215
415355.4820904484	4568541.7315761829
415356.4601028452	4568541.9401229434
415357.4381152421	4568542.1486697048
415358.4161276390	4568542.3572164662
415359.3941400359	4568542.5657632267
415360.3721524328	4568542.7743099881
415361.3501648296	4568542.9828567496
415362.3281772265	4568543.1914035100
415363.3061896233	4568543.3999502715
415364.2907931299	4568543.5658342345
415365.2861431435	4568543.6621584296
415366.2814931570	4568543.7584826248
415367.2768431705	4568543.8548068190
415368.2721931841	4568543.9511310142
415369.2675431976	4568544.0474552093
415370.2628932112	4568544.1437794045
415371.2582432247	4568544.2401035996
415372.2535932383	4568544.3364277938
415373.2489432518	4568544.4327519890
415374.2442932654	4568544.5290761841
415375.2396432789	4568544.6254003793
415376.2349932925	4568544.7217245735
415377.2326836438	4568544.7292622738
415378.2317259930	4568544.6855085939
415379.2307683422	4568544.6417549150
415380.2298106914	4568544.5980012352
415381.2288530406	4568544.5542475563
415382.2278953899	4568544.5104938764
415383.2269377391	4568544.4667401966
415384.2259800883	4568544.4229865177
415385.2250224375	4568544.3792328378
415386.2240647867	4568544.3354791580
415387.2231071359	4568544.2917254791
415388.2221494852	4568544.2479717992
415389.2211918344	4568544.2042181203
415390.2202341836	4568544.1604644405
415391.2195193759	4568544.1230079997
415392.2189642829	4568544.0896931691
415393.2184091899	4568544.0563783385
415394.2022623852	4568543.9117378313
415395.1724048854	4568543.6692022057
415396.1425473856	4568543.4266665811
415397.1126898857	4568543.1841309564
415398.0828323858	4568542.9415953308
415399.0529748860	4568542.6990597062
415400.0231173861	4568542.4565240806
415401.0039655700	4568542.3079902977
415402.0038003217	4568542.3261691118
415403.0036350735	4568542.3443479259
415404.0034698252	4568542.3625267390
415405.0033045769	4568542.3807055531
415406.0031393286	4568542.3988843672
415406.9871559036	4568542.2517951075
415407.9653900287	4568542.0442908993
415408.9436241538	4568541.8367866911
415409.9218582788	4568541.6292824829
415410.9000924040	4568541.4217782738
415411.8783265290	4568541.2142740656
415412.8565606541	4568541.0067698574
415413.8405810729	4568540.8292543329
415414.8257928277	4568540.6579131577
415415.8152451364	4568540.6068182020
415416.8100792789	4568540.7083318904
415417.8049134215	4568540.8098455779
415418.7997475640	4568540.9113592654
415419.7945817065	4568541.0128729539
415420.7814435687	4568540.9844385814
415421.7564081222	4568540.7620782452
415422.7313726758	4568540.5397179080
415423.7063372293	4568540.3173575709
415424.6813017828	4568540.0949972346
415425.6562663364	4568539.8726368975
415426.5907550736	4568539.5431256108
415427.4692389758	4568539.0653536636
415428.3477228781	4568538.5875817174
415429.2262067804	4568538.1098097702
415430.1046906828	4568537.6320378231
415430.9831745850	4568537.1542658759
415431.8616584873	4568536.6764939288
415432.8117154794	4568536.3824100457
415433.7818579796	4568536.1398744211
415434.7520004799	4568535.8973387964
415435.7221429801	4568535.6548031718
415436.6922854803	4568535.4122675471
415437.6624279805	4568535.1697319224
415438.6437327837	4568534.9908507857
415439.6385142223	4568534.8888219194
415440.6332956609	4568534.7867930541
415441.6280770995	4568534.6847641887
415442.6228585380	4568534.5827353224
415443.6176399766	4568534.4807064570
415444.6124214152	4568534.3786775917
415445.6072028538	4568534.2766487254
415446.5982885355	4568534.2898469269
415447.5844872137	4568534.4554131292
415448.5706858919	4568534.6209793305
415449.5568845702	4568534.7865455318
415450.5430832484	4568534.9521117331
415451.5292819266	4568535.1176779354
415452.5154806048	4568535.2832441367
415453.5016792830	4568535.4488103380
415454.4878779612	4568535.6143765394
415455.4740766394	4568535.7799427416
415456.4602753176	4568535.9455089429
415457.4464739958	4568536.1110751443
415458.4326726740	4568536.2766413465
415459.4188713522	4568536.4422075478
415460.4049006481	4568536.6087685265
415461.3903198037	4568536.7789128413
415462.3757389593	4568536.9490571562
415463.3611581149	4568537.1192014702
415464.3465772705	4568537.2893457850
415465.3319964261	4568537.4594900990
415466.3174155818	4568537.6296344139
415467.3028347373	4568537.7997787287
415468.2882538929	4568537.9699230427
415469.2736730486	4568538.1400673576
415470.2590922041	4568538.3102116724
415471.2445113597	4568538.4803559864
415472.2299305154	4568538.6505003013
415473.2153496710	4568538.8206446152
415474.2007688266	4568538.9907889301
415475.1883055784	4568539.1480287071
415476.1764220473	4568539.3017357131
415477.1645385163	4568539.4554427192
415478.1526549852	4568539.6091497261
415479.1407714542	4568539.7628567321
415480.1288879231	4568539.9165637391
415481.1170043921	4568540.0702707451
415482.1051208610	4568540.2239777511
415483.0932373299	4568540.3776847580
415484.0813537989	4568540.5313917641
415485.0694702678	4568540.6850987710
415486.0575867368	4568540.8388057770
415487.0457032057	4568540.9925127830
415488.0338196747	4568541.1462197900
415489.0291441221	4568541.2378224041
415490.0261986076	4568541.3145189034
415491.0232530931	4568541.3912154026
415492.0203075786	4568541.4679119010
415493.0173620641	4568541.5446084002
415494.0144165496	4568541.6213048995
415495.0114710350	4568541.6980013978
415496.0085255205	4568541.7746978970
415497.0078913874	4568541.7807445992
415498.0078268275	4568541.7693816964
415499.0077622677	4568541.7580187935
415500.0076977078	4568541.7466558907
415501.0076331480	4568541.7352929879
415502.0075685881	4568541.7239300851
415503.0075040282	4568541.7125671823
415504.0074394684	4568541.7012042794
415505.0073749085	4568541.6898413757
415506.0039836817	4568541.7608956657
415506.9997503607	4568541.8528125901
415507.9955170397	4568541.9447295144
415508.9912837187	4568542.0366464388
415509.9870503977	4568542.1285633631
415510.9828170768	4568542.2204802874
415511.9631308162	4568542.2418424152
415512.8293164022	4568541.7421199623
415513.6955019883	4568541.2423975086
415514.5663920305	4568540.7539203716
415515.5303846487	4568540.4879913740
415516.4943772669	4568540.2220623754
415517.4583698852	4568539.9561333777
415518.0349787455	4568540.7488519875
415518.5996626611	4568541.5741592487
415519.3608566680	4568541.6052740812
415520.2452414207	4568541.1385154612
415521.1296261733	4568540.6717568412
415522.0140109259	4568540.2049982212
415522.8911350420	4568540.1713592792
415523.7593781839	4568540.6674982179
415524.6276213259	4568541.1636371566
415525.5079506216	4568541.5377177931
415526.4566339197	4568541.2214900274
415527.4053172178	4568540.9052622616
415528.3540005159	4568540.5890344959
415529.2811523672	4568540.4902532315
415530.1493955092	4568540.9863921702
415531.0176386514	4568541.4825311080
415531.7730452385	4568542.1306136725
415532.4989979225	4568542.8183583207
415533.1984846346	4568543.3269112101
415533.6946235731	4568542.4586680681
415534.4252511309	4568541.9944909494
415535.4252511309	4568541.9944909494
415536.4026105886	4568542.0903978255
415537.2970377801	4568542.5376114203
415538.1953062565	4568542.9765427951
415539.1144512860	4568543.3704620944
415540.0762668525	4568543.4476442011
415541.0668879817	4568543.3110068040
415542.0575091110	4568543.1743694069
415542.8279289110	4568543.5898546828
415543.4526239588	4568544.3707234925
415544.2885764740	4568544.8399630906
415545.2452503545	4568545.1311247069
415546.2079828212	4568545.3472429151
415547.1989752516	4568545.2133250190
415548.1899676820	4568545.0794071229
415549.1809601123	4568544.9454892268
415550.1540912778	4568544.9800554747
415551.0949786896	4568545.3187749432
415552.0358661015	4568545.6574944118
415553.0143666658	4568545.7691479446
415554.0142180663	4568545.7519091275
415555.0140694669	4568545.7346703103
415556.0139208674	4568545.7174314940
415557.0137722680	4568545.7001926769
415558.0136236685	4568545.6829538597
415558.9675407160	4568545.9280055510
415559.9020284514	4568546.2840008773
415560.8592507942	4568546.4418301126
415561.8500809624	4568546.3067169087
415562.8391947646	4568546.2170092501
415563.8169971787	4568546.4265383389
415564.7947995928	4568546.6360674277
415565.7760815738	4568546.7832052028
415566.7711187641	4568546.6837014835
415567.7661559543	4568546.5841977652
415568.7611931445	4568546.4846940460
415569.7562303347	4568546.3851903277
415570.7512675250	4568546.2856866084
415571.7463047152	4568546.1861828892
415572.7413419054	4568546.0866791708
415573.7363790956	4568545.9871754516
415574.7360130401	4568546.0066986708
415575.7357606423	4568546.0291649094
415576.7355082445	4568546.0516311480
415577.7352558467	4568546.0740973856
415578.7350034489	4568546.0965636242
415579.7347510511	4568546.1190298628
415580.7344986534	4568546.1414961014
415581.7342462556	4568546.1639623400
415582.7339938578	4568546.1864285776
415583.7325996955	4568546.2379752658
415584.7310312038	4568546.2939620791
415585.7294627121	4568546.3499488924
415586.7278942204	4568546.4059357056
415587.7263257287	4568546.4619225189
415588.7247572369	4568546.5179093322
415589.7231887452	4568546.5738961454
415590.7216202535	4568546.6298829587
415591.7200517617	4568546.6858697720
415592.7184832701	4568546.7418565853
415593.7169147783	4568546.7978433985
415594.7115887088	4568546.8997961078
415595.7058573457	4568547.0067067137
415596.7001259827	4568547.1136173196
415597.6943946195	4568547.2205279255
415598.6886632564	4568547.3274385324
415599.6829318934	4568547.4343491383
415600.6772005302	4568547.5412597442
415601.6714691671	4568547.6481703501
415602.6657378041	4568547.7550809560
415603.6615982885	4568547.8408867074
415604.6606544468	4568547.8843239313
415605.6597106052	4568547.9277611552
415606.6587667635	4568547.9711983800
415607.6578229219	4568548.0146356039
415608.6568790803	4568548.0580728287
415609.6559352386	4568548.1015100526
415610.6549913970	4568548.1449472774
415611.6540475553	4568548.1883845013
415612.6531037137	4568548.2318217261
415613.6527441691	4568548.2580894865
415614.6524419681	4568548.2826722190
415615.6521397670	4568548.3072549514
415616.6518375660	4568548.3318376848
415617.6515353650	4568548.3564204173
415618.6512331639	4568548.3810031498
415619.6509309629	4568548.4055858832
415620.6506287619	4568548.4301686157
415621.6503265609	4568548.4547513491
415622.6500243598	4568548.4793340815
415623.6497221588	4568548.5039168140
415624.6494199577	4568548.5284995474
415625.6490598356	4568548.5552188233
415626.6486211669	4568548.5848354548
415627.6481824983	4568548.6144520873
415628.6477438296	4568548.6440687189
415629.6473051610	4568548.6736853514
415630.6468664923	4568548.7033019830
415631.6464278236	4568548.7329186155
415632.6459891550	4568548.7625352470
415633.6455504863	4568548.7921518786
415634.6451118177	4568548.8217685111
415635.6446731490	4568548.8513851427
415636.6442344803	4568548.8810017752
415637.6437958117	4568548.9106184067
415638.6433571430	4568548.9402350392
415639.6431842414	4568548.9519084580
415640.6431842414	4568548.9519084580
415641.6431842414	4568548.9519084580
415642.6431842414	4568548.9519084580
415643.6431842414	4568548.9519084580
415644.6431842414	4568548.9519084580
415645.6431842414	4568548.9519084571
415646.6431842414	4568548.9519084571
415647.6431842414	4568548.9519084571
415648.6431842414	4568548.9519084571
415649.6431842414	4568548.9519084571
415650.6431842414	4568548.9519084571
415651.6431842414	4568548.9519084571
415652.6431842414	4568548.9519084571
415653.6431842414	4568548.9519084571
415654.6431842414	4568548.9519084571
415655.6431842414	4568548.9519084571
415656.6431842414	4568548.9519084580
415657.6431842414	4568548.9519084580
415658.6431842414	4568548.9519084580
415659.6431842414	4568548.9519084580
415660.6368395405	4568548.8626317419
415661.6267890342	4568548.7212103857
415662.6167385278	4568548.5797890294
415663.6066880215	4568548.4383676732
415664.5976422252	4568548.3047289196
415665.5910511611	4568548.1901048115
415666.5844600970	4568548.0754807042
415667.5778690329	4568547.9608565960
415668.5712779688	4568547.8462324888
415669.5646869047	4568547.7316083806
415670.5585396576	4568547.6209032796
415671.5524233923	4568547.5104717528
415672.5463071270	4568547.4000402270
415673.5411444519	4568547.3006005017
415674.5391970304	4568547.2382222153
415675.5372496089	4568547.1758439289
415676.5353021873	4568547.1134656426
415677.5333547658	4568547.0510873571
415678.5314073443	4568546.9887090707
415679.5294599228	4568546.9263307843
415680.5275125013	4568546.8639524980
415681.5255650797	4568546.8015742116
415682.5236176582	4568546.7391959261
415683.5164866482	4568546.6334165540
415684.5011567088	4568546.4589892859
415685.4858267694	4568546.2845620178
415686.4704968300	4568546.1101347497
415687.4551668906	4568545.9357074825
415688.4398369512	4568545.7612802144
415689.4245070118	4568545.5868529463
415690.4091770724	4568545.4124256792
415691.3938471330	4568545.2379984111
415692.3785171936	4568545.0635711430
415693.3631872541	4568544.8891438749
415694.3478573148	4568544.7147166077
415695.3325273753	4568544.5402893396
415696.3171974360	4568544.3658620715
415697.3018674965	4568544.1914348034
415698.2865375571	4568544.0170075363
415699.2712076177	4568543.8425802682
415700.2558776783	4568543.6681530001
415701.2357369414	4568543.4729658645
415702.1967625344	4568543.1965064472
415703.1577881275	4568542.9200470299
415704.1188137205	4568542.6435876125
415705.0798393135	4568542.3671281952
415706.0408649066	4568542.0906687770
415707.0018904996	4568541.8142093597
415707.9629160927	4568541.5377499424
415708.9346426276	4568541.3081845781
415709.9204637974	4568541.1403852301
415710.9062849672	4568540.9725858821
415711.8921061370	4568540.8047865340
415712.8779273068	4568540.6369871860
415713.8637484766	4568540.4691878380
415714.8495696464	4568540.3013884900
415715.8353908162	4568540.1335891420
415716.8212119860	4568539.9657897949
415717.8070331558	4568539.7979904469
415718.8009375821	4568539.6986193629
415719.7987227399	4568539.6321003521
415720.7965078978	4568539.5655813413
415721.7942930556	4568539.4990623305
415722.7920782134	4568539.4325433196
415723.7898633713	4568539.3660243088
415724.7876485291	4568539.2995052980
415725.7854336869	4568539.2329862881
415726.7832188448	4568539.1664672773
415727.7810040026	4568539.0999482665
415728.7787891605	4568539.0334292557
415729.7765743183	4568538.9669102449
415730.7547374961	4568539.0464239651
415731.6995736944	4568539.3739671810
415732.6444098928	4568539.7015103968
415733.5892460912	4568540.0290536126
415734.5340822896	4568540.3565968284
415735.4789184879	4568540.6841400443
415736.4237546863	4568541.0116832601
415737.3685908847	4568541.3392264759
415738.3245672066	4568541.6210634755
415739.3141536459	4568541.7650033208
415740.3037400852	4568541.9089431660
415741.2933265245	4568542.0528830122
415742.2829129637	4568542.1968228575
415743.2724994030	4568542.3407627037
415744.2483193340	4568542.5510158129
415745.2134276227	4568542.8128668992
415746.1785359113	4568543.0747179845
415747.1436442000	4568543.3365690708
415748.1087524886	4568543.5984201571
415749.0738607773	4568543.8602712424
415750.0389690659	4568544.1221223287
415751.0040773545	4568544.3839734141
415751.9691856432	4568544.6458245004
415752.9342939318	4568544.9076755866
415753.8994022205	4568545.1695266720
415754.8645105091	4568545.4313777583
415755.8296187978	4568545.6932288436
415756.7947270864	4568545.9550799299
415757.7452730206	4568546.2651412403
415758.6939563185	4568546.5813690070
415759.6426396165	4568546.8975967737
415760.5913229144	4568547.2138245394
415761.5656671326	4568547.4267374948
415762.5520610565	4568547.5911364825
415763.5384549803	4568547.7555354694
415764.5248489041	4568547.9199344572
415765.5112428279	4568548.0843334440
415766.4976367518	4568548.2487324318
415767.4840306756	4568548.4131314186
415768.4788966640	4568548.5096380292
415769.4754424222	4568548.5926835090
415770.4719881805	4568548.6757289888
415771.4685339387	4568548.7587744696
415772.4650796969	4568548.8418199494
415773.4616254552	4568548.9248654293
415774.4581712134	4568549.0079109091
415775.4547169716	4568549.0909563890
415776.4519143868	4568549.1621440779
415777.4515590208	4568549.1888012681
415778.4512036548	4568549.2154584592
415779.4508482887	4568549.2421156494
415780.4504929226	4568549.2687728396
415781.4501375566	4568549.2954300297
415782.4497821906	4568549.3220872199
415783.4494268245	4568549.3487444110
415784.4434965200	4568549.2829204127
415785.4326999823	4568549.1363717513
415786.4219034447	4568548.9898230899
415787.4111069070	4568548.8432744285
415788.4003103693	4568548.6967257671
415789.3895138316	4568548.5501771057
415790.3787172939	4568548.4036284443
415791.3679207562	4568548.2570797829
415792.3584914184	4568548.1234532492
415793.3564605013	4568548.0597530948
415794.3544295841	4568547.9960529404
415795.3523986670	4568547.9323527869
415796.3503677499	4568547.8686526325
415797.3339362266	4568547.9262026818
415798.2892221173	4568548.2218864094
415799.2445080079	4568548.5175701380
415800.1997938986	4568548.8132538665
415801.1550797893	4568549.1089375941
415802.1474157351	4568549.1844900120
415803.1468606421	4568549.2178048417
415804.1463055490	4568549.2511196723
415805.1457504560	4568549.2844345029
415806.1451953630	4568549.3177493326
415807.1446402700	4568549.3510641633
415808.1435089460	4568549.3245501975
415809.1421267753	4568549.2719913637
415810.0940261096	4568549.5222072378
415811.0303552873	4568549.8733306797
415811.9666844650	4568550.2244541207
415812.9191005245	4568550.4912378648
415813.9189352762	4568550.5094166789
415814.9187700280	4568550.5275954930
415815.9186047797	4568550.5457743071
415816.9184395314	4568550.5639531221
415817.9182742830	4568550.5821319362
415818.8752348377	4568550.3611758919
415819.8064776174	4568549.9967765436
415820.7377203970	4568549.6323771942
415821.6689631766	4568549.2679778459
415822.6002059562	4568548.9035784965
415823.5104242708	4568549.0026710685
415824.4048514617	4568549.4498846643
415825.3433914900	4568549.7685297932
415826.3239721657	4568549.9646459278
415827.2626507363	4568549.6425764374
415828.1989799139	4568549.2914529964
415829.1473393184	4568549.1285168827
415830.1207564869	4568549.3575562155
415831.0941736553	4568549.5865955492
415832.0675908237	4568549.8156348830
415833.0349623303	4568549.6768886782
415834.0003257233	4568549.4159796536
415834.9656891164	4568549.1550706290
415835.9310525095	4568548.8941616034
415836.8919686766	4568549.0817642938
415837.8519686765	4568549.3617642941
415838.8202764135	4568549.5287275119
415839.8108975427	4568549.3920901148
415840.8015186720	4568549.2554527177
415841.7943040665	4568549.1412241366
415842.7927644196	4568549.0857541161
415843.7912247728	4568549.0302840956
415844.7896851260	4568548.9748140760
415845.7887234743	4568548.9714663643
415846.7881683813	4568549.0047811950
415847.7876132882	4568549.0380960256
415848.7870581952	4568549.0714108562
415849.7865031022	4568549.1047256859
415850.7859480092	4568549.1380405165
415851.7853929161	4568549.1713553471
415852.7848378231	4568549.2046701778
415853.7842827301	4568549.2379850075
415854.7836056762	4568549.2431696216
415855.7827241372	4568549.2011898542
415856.7818425982	4568549.1592100868
415857.7809610592	4568549.1172303194
415858.7800795202	4568549.0752505520
415859.7791979813	4568549.0332707847
415860.7783164422	4568548.9912910173
415861.7774349033	4568548.9493112499
415862.7765533643	4568548.9073314825
415863.7756718253	4568548.8653517151
415864.7747902863	4568548.8233719477
415865.7739087473	4568548.7813921804
415866.7728690442	4568548.7582817925
415867.7711434173	4568548.8170038145
415868.7694177905	4568548.8757258365
415869.7676921637	4568548.9344478585
415870.7659665369	4568548.9931698805
415871.7642409100	4568549.0518919025
415872.7625152832	4568549.1106139245
415873.7607896564	4568549.1693359464
415874.7590640295	4568549.2280579684
415875.7573384027	4568549.2867799904
415876.7556127759	4568549.3455020124
415877.7484590060	4568549.4600144532
415878.7393301463	4568549.5948268538
415879.7302012867	4568549.7296392536
415880.7210724271	4568549.8644516533
415881.7119435674	4568549.9992640531
415882.7028147078	4568550.1340764537
415883.6936858482	4568550.2688888535
415884.6845569885	4568550.4037012532
415885.6754281289	4568550.5385136530
415886.6662992693	4568550.6733260537
415887.6571704097	4568550.8081384534
415888.6480415500	4568550.9429508531
415889.6389126904	4568551.0777632529
415890.6297838307	4568551.2125756536
415891.6206549711	4568551.3473880533
415892.6145702687	4568551.4547063960
415893.6109328365	4568551.5399216153
415894.6072954042	4568551.6251368346
415895.6036579719	4568551.7103520548
415896.6000205396	4568551.7955672741
415897.5963831073	4568551.8807824934
415898.5927456751	4568551.9659977136
415899.5891082428	4568552.0512129329
415900.5854708105	4568552.1364281522
415901.5818333782	4568552.2216433724
415902.5781959460	4568552.3068585917
415903.5745585137	4568552.3920738110
415904.5709210814	4568552.4772890313
415905.5672836491	4568552.5625042506
415906.5636462168	4568552.6477194699
415907.5600087845	4568552.7329346901
415908.5583186806	4568552.7906736201
415909.5567403937	4568552.8468348421
415910.5551621068	4568552.9029960632
415911.5535838199	4568552.9591572853
415912.5520055330	4568553.0153185064
415913.5504272461	4568553.0714797275
415914.5488489592	4568553.1276409496
415915.5472706723	4568553.1838021707
415916.5456923854	4568553.2399633927
415917.5441140985	4568553.2961246138
415918.5425358116	4568553.3522858350
415919.5409575248	4568553.4084470570
415920.5393792378	4568553.4646082781
415921.5378009510	4568553.5207695002
415922.5362226641	4568553.5769307213
415923.5346443772	4568553.6330919424
415924.5303330681	4568553.7211908028
415925.5237804511	4568553.8354812097
415926.5172278342	4568553.9497716157
415927.5106752173	4568554.0640620226
415928.5041226004	4568554.1783524295
415929.4975699834	4568554.2926428365
415930.4910173665	4568554.4069332425
415931.4844647496	4568554.5212236494
415932.4779121327	4568554.6355140563
415933.4713595157	4568554.7498044632
415934.4648068988	4568554.8640948702
415935.4582542819	4568554.9783852762
415936.4383409169	4568555.1752396217
415937.4171315421	4568555.3801027760
415938.3959221674	4568555.5849659303
415939.3747127926	4568555.7898290846
415940.3535034178	4568555.9946922390
415941.3322940430	4568556.1995553933
415942.3110846682	4568556.4044185476
415943.2898752935	4568556.6092817020
415944.2686659187	4568556.8141448563
415945.2544654322	4568556.9817072488
415946.2408593561	4568557.1461062357
415947.2272532800	4568557.3105052225
415948.2136472039	4568557.4749042103
415949.2000411278	4568557.6393031972
415950.1864350516	4568557.8037021840
415951.1728289756	4568557.9681011708
415952.1623382982	4568558.1104956334
415953.1556014373	4568558.2263763333
415954.1488645763	4568558.3422570331
415955.1421277154	4568558.4581377329
415956.1353908544	4568558.5740184337
415957.1286539934	4568558.6898991335
415958.1169676499	4568558.7136434186
415959.0921005056	4568558.4920223150
415960.0672333614	4568558.2704012115
415961.0423662173	4568558.0487801079
415962.0174990730	4568557.8271590043
415962.9803051378	4568557.9427881967
415963.9366567089	4568558.2350067319
415964.8930082800	4568558.5272252681
415965.8493598511	4568558.8194438033
415966.7184994598	4568558.4498715000
415967.5664977639	4568557.9198725596
415968.4144960679	4568557.3898736201
415969.3977947611	4568557.4142376659
415970.3946100397	4568557.4939828878
415971.3076204977	4568557.7723160051
415972.1208468639	4568558.2987038335
415973.1107963576	4568558.4401251897
415974.0617675241	4568558.1952546556
415975.0035094357	4568557.8589182580
415975.9452513472	4568557.5225818604
415976.8586912777	4568557.7704277812
415977.7635099801	4568558.1962248171
415978.6683286824	4568558.6220218530
415979.5731473847	4568559.0478188889
415980.5070143959	4568558.7574024862
415981.4433435737	4568558.4062790452
415982.3651332098	4568558.2980389893
415983.2528877413	4568558.7583561530
415984.1406422728	4568559.2186733177
415985.0368009412	4568559.5249654222
415985.9693690394	4568559.1639713198
415986.9019371377	4568558.8029772174
415987.8345052360	4568558.4419831149
415988.6880232610	4568558.8011171725
415989.5200735551	4568559.3558173692
415990.5100146603	4568559.3640953572
415991.5096916339	4568559.3386798408
415992.5093686075	4568559.3132643243
415993.5090455811	4568559.2878488088
415994.5087225546	4568559.2624332923
415995.5083995282	4568559.2370177759
415996.5080765019	4568559.2116022594
415997.5077534754	4568559.1861867430
415998.5074304490	4568559.1607712265
415999.5071074226	4568559.1353557101
416000.5067843962	4568559.1099401936
416001.5064613698	4568559.0845246781
416002.5058394962	4568559.1127096219
416003.5051709228	4568559.1492705280
416004.5045023494	4568559.1858314341
416005.5038337760	4568559.2223923393
416006.5031652025	4568559.2589532454
416007.5024966291	4568559.2955141515
416008.5018280557	4568559.3320750576
416009.5011594823	4568559.3686359636
416010.5003328822	4568559.3669925164
416011.4993276609	4568559.3221658273
416012.4983224397	4568559.2773391390
416013.4973172184	4568559.2325124498
416014.4963119971	4568559.1876857607
416015.4953067759	4568559.1428590724
416016.4943015547	4568559.0980323832
416017.4932963334	4568559.0532056941
416018.4922911122	4568559.0083790058
416019.4912858909	4568558.9635523167
416020.4902806697	4568558.9187256275
416021.4892754484	4568558.8738989392
416022.4882702272	4568558.8290722501
416023.4872650059	4568558.7842455609
416024.4862597846	4568558.7394188726
416025.4852545634	4568558.6945921835
416026.4847369390	4568558.6744905757
416027.4847223301	4568558.6798959021
416028.4847077212	4568558.6853012284
416029.4846931123	4568558.6907065557
416030.4846785034	4568558.6961118821
416031.4846638945	4568558.7015172085
416032.4846492856	4568558.7069225349
416033.4846346768	4568558.7123278612
416034.4846200679	4568558.7177331885
416035.4846054590	4568558.7231385149
416036.4845908502	4568558.7285438413
416037.4845762413	4568558.7339491677
416038.4845616324	4568558.7393544940
416039.4845470235	4568558.7447598213
416040.4845324146	4568558.7501651477
416041.4845178057	4568558.7555704741
416042.4845031968	4568558.7609758005
416043.4844885879	4568558.7663811278
416044.4844739791	4568558.7717864541
416045.4839789417	4568558.7506789379
416046.4831120147	4568558.7090483932
416047.4822450878	4568558.6674178476
416048.4813781609	4568558.6257873029
416049.4805112340	4568558.5841567582
416050.4796443071	4568558.5425262135
416051.4787773802	4568558.5008956678
416052.4779104532	4568558.4592651231
416053.4770435263	4568558.4176345784
416054.4761765994	4568558.3760040337
416055.4540620817	4568558.5426427945
416056.4242045818	4568558.7851784192
416057.3943470819	4568559.0277140448
416058.3644895820	4568559.2702496694
416059.3489879039	4568559.3559498424
416060.3470404824	4568559.2935715560
416061.3450930608	4568559.2311932696
416062.3431456393	4568559.1688149832
416063.3411982178	4568559.1064366978
416064.3392507963	4568559.0440584114
416065.3373033748	4568558.9816801250
416066.3353559533	4568558.9193018386
416067.3334085318	4568558.8569235522
416068.3314611102	4568558.7945452668
416069.3295136887	4568558.7321669804
416070.3275114066	4568558.6690465659
416071.3238875364	4568558.5839900663
416072.3202636662	4568558.4989335677
416073.3166397959	4568558.4138770690
416074.3130159257	4568558.3288205704
416075.3093920555	4568558.2437640717
416076.3057681853	4568558.1587075731
416077.3021443151	4568558.0736510744
416078.2985204449	4568557.9885945749
416079.2969772076	4568557.9425987583
416080.2967509376	4568557.9213269763
416081.2965246677	4568557.9000551943
416082.2962983977	4568557.8787834132
416083.2960721278	4568557.8575116312
416084.2958458578	4568557.8362398492
416085.2956195879	4568557.8149680682
416086.2953933180	4568557.7936962862
416087.2951670480	4568557.7724245042
416088.2949407781	4568557.7511527231
416089.2947145081	4568557.7298809411
416090.2944882382	4568557.7086091591
416091.2942619683	4568557.6873373780
416092.2940356983	4568557.6660655960
416093.2937557823	4568557.6545710946
416094.2932358966	4568557.6868123887
416095.2927160110	4568557.7190536829
416096.2921961253	4568557.7512949770
416097.2916762397	4568557.7835362712
416098.2911563540	4568557.8157775654
416099.2906364684	4568557.8480188595
416100.2901165827	4568557.8802601527
416101.2895966970	4568557.9125014469
416102.2890768114	4568557.9447427411
416103.2885569257	4568557.9769840352
416104.2880370400	4568558.0092253294
416105.2875171544	4568558.0414666235
416106.2869972687	4568558.0737079177
416107.2864773830	4568558.1059492119
416108.2859574973	4568558.1381905060
416109.2852500421	4568558.1751506682
416110.2841359047	4568558.2223421261
416111.2830217671	4568558.2695335839
416112.2819076296	4568558.3167250417
416113.2807934921	4568558.3639165005
416114.2796793546	4568558.4111079583
416115.2785652171	4568558.4582994161
416116.2774510796	4568558.5054908739
416117.2763369421	4568558.5526823318
416118.2752228046	4568558.5998737905
416119.2741086671	4568558.6470652483
416120.2729945295	4568558.6942567062
416121.2718803921	4568558.7414481640
416122.2710650877	4568558.7689835494
416123.2709238847	4568558.7521791998
416124.2707826816	4568558.7353748502
416125.2706414786	4568558.7185705006
416126.2705002755	4568558.7017661510
416127.2703590725	4568558.6849618014
416128.2702178694	4568558.6681574518
416129.2700766663	4568558.6513531022
416130.2699354633	4568558.6345487526
416131.2697942602	4568558.6177444030
416132.2696530572	4568558.6009400534
416133.2695118541	4568558.5841357037
416134.2693869946	4568558.5687931031
416135.2693715628	4568558.5632376336
416136.2693561311	4568558.5576821640
416137.2693406994	4568558.5521266935
416138.2693252676	4568558.5465712240
416139.2693098359	4568558.5410157545
416140.2692944042	4568558.5354602849
416141.2692789724	4568558.5299048144
416142.2692635407	4568558.5243493449
416143.2692481089	4568558.5187938754
416144.2692326771	4568558.5132384058
416145.2692172454	4568558.5076829353
416146.2692018137	4568558.5021274658
416147.2691863820	4568558.4965719962
416148.2691709502	4568558.4910165267
416149.2691555185	4568558.4854610572
416150.2691400867	4568558.4799055867
416151.2691246550	4568558.4743501171
416152.2691092232	4568558.4687946476
416153.2677353736	4568558.5113682738
416154.2658146434	4568558.5733180214
416155.2638939132	4568558.6352677699
416156.2619731829	4568558.6972175175
416157.2600524527	4568558.7591672651
416158.2581317225	4568558.8211170128
416159.2562109923	4568558.8830667604
416160.2542902620	4568558.9450165089
416161.2523695318	4568559.0069662565
416162.2504488016	4568559.0689160042
416163.2485280714	4568559.1308657518
416164.2466073411	4568559.1928154994
416165.2446866109	4568559.2547652479
416166.2427658807	4568559.3167149955
416167.2408451505	4568559.3786647432
416168.2316097294	4568559.5109328385
416169.2210707936	4568559.6557320179
416170.2105318577	4568559.8005311983
416171.1999929219	4568559.9453303786
416172.1894539860	4568560.0901295589
416173.1789150501	4568560.2349287383
416174.1683761143	4568560.3797279187
416175.1578371784	4568560.5245270990
416176.1472982426	4568560.6693262793
416177.1367593067	4568560.8141254587
416178.1262203708	4568560.9589246390
416179.1156814349	4568561.1037238194
416180.1048713365	4568561.2502909452
416181.0922459845	4568561.4086932959
416182.0796206325	4568561.5670956457
416183.0669952805	4568561.7254979955
416184.0543699286	4568561.8839003453
416185.0417445766	4568562.0423026951
416186.0291192246	4568562.2007050449
416187.0164938726	4568562.3591073947
416188.0038685206	4568562.5175097445
416188.9912431687	4568562.6759120943
416189.9786178167	4568562.8343144441
416190.9659924647	4568562.9927167939
416191.9533671128	4568563.1511191437
416192.9407417608	4568563.3095214935
416193.9281164088	4568563.4679238433
416194.9154910568	4568563.6263261931
416195.9028657049	4568563.7847285429
416196.8902403529	4568563.9431308927
416197.8776150009	4568564.1015332425
416198.8649896489	4568564.2599355923
416199.8579190832	4568564.3760989392
416200.8526762992	4568564.4783637002
416201.8474335152	4568564.5806284612
416202.8421907312	4568564.6828932213
416203.8369479471	4568564.7851579823
416204.8317051631	4568564.8874227433
416205.8264623790	4568564.9896875033
416206.8212195950	4568565.0919522643
416207.8159768110	4568565.1942170253
416208.8107340269	4568565.2964817863
416209.8054912429	4568565.3987465464
416210.8023947291	4568565.3732210770
416211.8000250575	4568565.3044189848
416212.7976553859	4568565.2356168935
416213.7952857143	4568565.1668148013
416214.7929160428	4568565.0980127100
416215.7905463712	4568565.0292106178
416216.7881766996	4568564.9604085255
416217.7858070280	4568564.8916064342
416218.7834373564	4568564.8228043420
416219.7810676848	4568564.7540022507
416220.7786980132	4568564.6852001585
416221.7763283417	4568564.6163980672
416222.7695668302	4568564.5019144714
416223.7620320634	4568564.3793878993
416224.7544972967	4568564.2568613272
416225.7469625299	4568564.1343347561
416226.7394277631	4568564.0118081840
416227.7318929964	4568563.8892816119
416228.7243582296	4568563.7667550407
416229.7168234629	4568563.6442284686
416230.7116195663	4568563.6208033692
416231.7087478310	4568563.6965346299
416232.7058760957	4568563.7722658906
416233.7030043603	4568563.8479971513
416234.7001326249	4568563.9237284120
416235.6972608895	4568563.9994596727
416236.6943891542	4568564.0751909334
416237.6915174188	4568564.1509221941
416238.6833446062	4568564.2677107677
416239.6670081321	4568564.4477276225
416240.6506716580	4568564.6277444763
416241.6343351838	4568564.8077613311
416242.6179987097	4568564.9877781849
416243.6016622356	4568565.1677950397
416244.5853257615	4568565.3478118945
416245.5689892873	4568565.5278287483
416246.5526528132	4568565.7078456031
416247.5363163391	4568565.8878624570
416248.5199798650	4568566.0678793117
416249.5036433909	4568566.2478961656
416250.4873069168	4568566.4279130204
416251.4709704427	4568566.6079298742
416252.4546339686	4568566.7879467290
416253.4382974945	4568566.9679635828
416254.4284846544	4568567.0970806573
416255.4257524088	4568567.1709523434
416256.4230201633	4568567.2448240286
416257.4202879177	4568567.3186957138
416258.4175556722	4568567.3925673999
416259.4148234267	4568567.4664390851
416260.4120911811	4568567.5403107712
416261.4093589356	4568567.6141824564
416262.4069927536	4568567.6698300093
416263.4064225696	4568567.6360654887
416264.4058523856	4568567.6023009680
416265.4052822016	4568567.5685364474
416266.4047120177	4568567.5347719267
416267.4041418337	4568567.5010074051
416268.4035716497	4568567.4672428844
416269.4030014657	4568567.4334783638
416270.4024312817	4568567.3997138431
416271.4018610977	4568567.3659493225
416272.4012909137	4568567.3321848018
416273.4007207298	4568567.2984202802
416274.4001505458	4568567.2646557596
416275.3995803618	4568567.2308912389
416276.3990101778	4568567.1971267182
416277.3984402663	4568567.1645735642
416278.3978851733	4568567.1978883939
416279.3973300802	4568567.2312032245
416280.3967749872	4568567.2645180542
416281.3962198942	4568567.2978328848
416282.3956648012	4568567.3311477154
416283.3951097082	4568567.3644625451
416284.3945546152	4568567.3977773758
416285.3939995221	4568567.4310922055
416286.3934444291	4568567.4644070361
416287.3928893361	4568567.4977218667
416288.3923342431	4568567.5310366964
416289.3917791500	4568567.5643515270
416290.3912240570	4568567.5976663567
416291.3906689640	4568567.6309811873
416292.3901138710	4568567.6642960180
416293.3895587779	4568567.6976108477
416294.3890036849	4568567.7309256783
416295.3884485919	4568567.7642405089
416296.3866688021	4568567.8206806574
416297.3840419430	4568567.8931155782
416298.3814150839	4568567.9655504990
416299.3787882249	4568568.0379854199
416300.3761613658	4568568.1104203407
416301.3735345067	4568568.1828552615
416302.3709076476	4568568.2552901823
416303.3682807886	4568568.3277251031
416304.3656539295	4568568.4001600239
416305.3630270704	4568568.4725949448
416306.3604002113	4568568.5450298656
416307.3577733523	4568568.6174647864
416308.3551464932	4568568.6898997081
416309.3525196341	4568568.7623346290
416310.3498927751	4568568.8347695498
416311.3472659160	4568568.9072044706
416312.3446390569	4568568.9796393914
416313.3420121979	4568569.0520743122
416314.3364578248	4568569.1479552472
416315.3210203326	4568569.3229885818
416316.3055828404	4568569.4980219165
416317.2901453483	4568569.6730552511
416318.2747078561	4568569.8480885858
416319.2663438511	4568569.9664714364
416320.2637169920	4568570.0389063573
416321.2610901329	4568570.1113412781
416322.2584632738	4568570.1837761989
416323.2558364147	4568570.2562111197
416324.2532095557	4568570.3286460405
416325.2505826966	4568570.4010809613
416326.2479558375	4568570.4735158822
416327.2453289784	4568570.5459508030
416328.2427021194	4568570.6183857247
416329.2400752603	4568570.6908206455
416330.2374484012	4568570.7632555664
416331.2348215421	4568570.8356904872
416332.2321946831	4568570.9081254080
416333.2295678240	4568570.9805603288
416334.2269409649	4568571.0529952496
416335.2243141058	4568571.1254301704
416336.2216872468	4568571.1978650913
416337.2191586474	4568571.2688724864
416338.2170501914	4568571.3337760018
416339.2149417355	4568571.3986795172
416340.2128332796	4568571.4635830317
416341.2107248237	4568571.5284865471
416342.2086163677	4568571.5933900625
416343.2065079118	4568571.6582935769
416344.2043994559	4568571.7231970923
416345.2022910000	4568571.7881006077
416346.2001825440	4568571.8530041231
416347.1980740881	4568571.9179076375
416348.1959656322	4568571.9828111529
416349.1938571763	4568572.0477146683
416350.1929406060	4568572.0807036292
416351.1928934795	4568572.0904119099
416352.1928463531	4568572.1001201896
416353.1927992266	4568572.1098284703
416354.1927521001	4568572.1195367500
416355.1927049737	4568572.1292450307
416356.1926578472	4568572.1389533114
416357.1926107207	4568572.1486615911
416358.1925635943	4568572.1583698718
416359.1925164678	4568572.1680781515
416360.1923409830	4568572.1806005770
416361.1890255988	4568572.2619625870
416362.1857102147	4568572.3433245961
416363.1823948305	4568572.4246866060
416364.1790794463	4568572.5060486151
416365.1757640622	4568572.5874106241
416366.1724486780	4568572.6687726341
416367.1691332938	4568572.7501346432
416368.1658179096	4568572.8314966531
416369.1625025255	4568572.9128586622
416370.1591871412	4568572.9942206722
416371.1558717571	4568573.0755826812
416372.1525563729	4568573.1569446912
416373.1492409887	4568573.2383067003
416374.1459256045	4568573.3196687093
416375.1426102204	4568573.4010307193
416376.1393130108	4568573.4821697660
416377.1360167790	4568573.5632968172
416378.1327205472	4568573.6444238676
416379.1294243155	4568573.7255509188
416380.1261280838	4568573.8066779692
416381.1228318520	4568573.8878050204
416382.1195356202	4568573.9689320708
416383.1162393884	4568574.0500591220
416384.1132614416	4568574.1257777419
416385.1126009395	4568574.1621173602
416386.1119404374	4568574.1984569784
416387.1112799354	4568574.2347965967
416388.1106194333	4568574.2711362140
416389.1099589313	4568574.3074758323
416390.1092984292	4568574.3438154506
416391.1086379272	4568574.3801550688
416392.1079774251	4568574.4164946871
416393.1073169231	4568574.4528343054
416394.1066564210	4568574.4891739236
416395.1059959189	4568574.5255135410
416396.1053354169	4568574.5618531592
416397.1046749148	4568574.5981927775
416398.1040144128	4568574.6345323958
416399.1033539108	4568574.6708720140
416400.1026934087	4568574.7072116323
416401.1016838427	4568574.7503495645
416402.0994898756	4568574.8165547047
416403.0972959086	4568574.8827598440
416404.0951019416	4568574.9489649842
416405.0929079746	4568575.0151701234
416406.0907140076	4568575.0813752636
416407.0885200406	4568575.1475804029
416408.0863260736	4568575.2137855431
416409.0841321066	4568575.2799906824
416410.0819381396	4568575.3461958217
416411.0797441726	4568575.4124009619
416412.0775502056	4568575.4786061011
416413.0753562386	4568575.5448112413
416414.0731622716	4568575.6110163806
416415.0709683046	4568575.6772215208
416416.0687743376	4568575.7434266601
416417.0665803706	4568575.8096318003
416418.0643864036	4568575.8758369396
416419.0621924366	4568575.9420420788
416420.0599984696	4568576.0082472190
416421.0578045025	4568576.0744523583
416422.0556105355	4568576.1406574985
416423.0516786149	4568576.2275533592
416424.0465474523	4568576.3287264602
416425.0414162897	4568576.4298995622
416426.0362851270	4568576.5310726631
416427.0311539644	4568576.6322457641
416428.0260228017	4568576.7334188661
416428.9954682846	4568576.9509019349
416429.9418181405	4568577.2740457878
416430.8881679965	4568577.5971896416
416431.8345178525	4568577.9203334954
416432.7808677085	4568578.2434773482
416433.7272175644	4568578.5666212020
416434.6735674204	4568578.8897650559
416435.6199172765	4568579.2129089097
416436.5662671324	4568579.5360527625
416437.5454714120	4568579.7034454662
416438.5417120002	4568579.7900750823
416439.5379525884	4568579.8767046984
416440.5341931766	4568579.9633343155
416441.5304337648	4568580.0499639316
416442.5266743530	4568580.1365935476
416443.5229149412	4568580.2232231647
416444.5171490943	4568580.1914391182
416445.5098828764	4568580.0711077508
416446.5026166584	4568579.9507763823
416447.4953504404	4568579.8304450149
416448.4880842224	4568579.7101136474
416449.4808180044	4568579.5897822799
416450.4735517865	4568579.4694509124
416451.4662855685	4568579.3491195450
416452.4590193505	4568579.2287881775
416453.4517531325	4568579.1084568091
416454.4471059907	4568579.0392126497
416455.4469407425	4568579.0573914628
416456.4467754942	4568579.0755702769
416457.4466102459	4568579.0937490910
416458.4464449976	4568579.1119279042
416459.4462797493	4568579.1301067183
416460.4461145010	4568579.1482855314
416461.4459492527	4568579.1664643455
416462.4457840044	4568579.1846431587
416463.4456187561	4568579.2028219728
416464.4454535079	4568579.2210007869
416465.4442767972	4568579.2219606908
416466.4351069652	4568579.0868474860
416467.4259371333	4568578.9517342811
416468.4190569878	4568579.0254781255
416469.4126111354	4568579.1388366530
416470.4061652831	4568579.2521951795
416471.3997194308	4568579.3655537069
416472.3932735785	4568579.4789122334
416473.3868277261	4568579.5922707608
416474.3803818738	4568579.7056292882
416475.3739360215	4568579.8189878147
416476.3674901692	4568579.9323463421
416477.3610443168	4568580.0457048686
416478.3545984645	4568580.1590633960
416479.3481526122	4568580.2724219225
416480.3417067598	4568580.3857804500
416481.3352609075	4568580.4991389764
416482.3288150552	4568580.6124975039
416483.3218163566	4568580.7305067899
416484.3142575396	4568580.8532280112
416485.3066987227	4568580.9759492334
416486.2991399057	4568581.0986704547
416487.2915810888	4568581.2213916760
416488.2840222718	4568581.3441128973
416489.2764634548	4568581.4668341195
416490.2689046379	4568581.5895553408
416491.2613458209	4568581.7122765621
416492.2537870039	4568581.8349977834
416493.2462281870	4568581.9577190047
416494.2386693700	4568582.0804402269
416495.2311105530	4568582.2031614482
416496.2235517361	4568582.3258826695
416497.2159929191	4568582.4486038908
416498.2084341022	4568582.5713251121
416499.2008752852	4568582.6940463344
416500.1933164683	4568582.8167675557
416501.1857576513	4568582.9394887770
416502.1761526807	4568583.0762158437
416503.1622236320	4568583.2425410645
416504.1482945833	4568583.4088662853
416505.1343655345	4568583.5751915062
416506.1204364858	4568583.7415167270
416507.1065074370	4568583.9078419479
416508.0925783883	4568584.0741671687
416509.0786493395	4568584.2404923895
416510.0647202908	4568584.4068176104
416511.0597534936	4568584.4191910774
416512.0584632630	4568584.3684092248
416513.0571730323	4568584.3176273713
416514.0558828017	4568584.2668455187
416515.0545925711	4568584.2160636652
416516.0533023404	4568584.1652818127
416517.0492174010	4568584.0786694027
416518.0437228539	4568583.9739846187
416519.0382283068	4568583.8692998346
416520.0327337598	4568583.7646150496
416521.0272392127	4568583.6599302655
416522.0217446656	4568583.5552454814
416523.0162501186	4568583.4505606964
416524.0107555715	4568583.3458759123
416525.0052610244	4568583.2411911283
416525.9997664774	4568583.1365063433
416526.9951541373	4568583.2095906641
416527.9906496099	4568583.3043997567
416528.9861450825	4568583.3992088493
416529.9816405550	4568583.4940179428
416530.9771360276	4568583.5888270354
416531.9726315002	4568583.6836361280
416532.9698621853	4568583.7497533876
416533.9695279297	4568583.7756068120
416534.9691936741	4568583.8014602363
416535.9688594184	4568583.8273136606
416536.9685251628	4568583.8531670850
416537.9681909072	4568583.8790205093
416538.9678566515	4568583.9048739336
416539.9675223959	4568583.9307273580
416540.9671881402	4568583.9565807823
416541.9668538846	4568583.9824342066
416542.9665196290	4568584.0082876310
416543.9661853733	4568584.0341410553
416544.9606705744	4568584.1221047519
416545.9508060223	4568584.2622182583
416546.9409414703	4568584.4023317648
416547.9310769182	4568584.5424452713
416548.9212123662	4568584.6825587777
416549.9113478141	4568584.8226722842
416550.9014832620	4568584.9627857907
416551.8916187100	4568585.1028992981
416552.8817541580	4568585.2430128045
416553.8718896059	4568585.3831263110
416554.8620250538	4568585.5232398175
416555.8579820665	4568585.5806653472
416556.8579820665	4568585.5806653472
416557.8579820665	4568585.5806653472
416558.8579820665	4568585.5806653472
416559.8579820665	4568585.5806653472
416560.8579820665	4568585.5806653472
416561.8579820665	4568585.5806653481
416562.8579820665	4568585.5806653481
416563.8579820665	4568585.5806653481
416564.8579820665	4568585.5806653481
416565.8579820665	4568585.5806653481
416566.8579820665	4568585.5806653481
416567.8579820665	4568585.5806653481
416568.8579820665	4568585.5806653481
416569.8579820665	4568585.5806653481
416570.8579820665	4568585.5806653481
416571.8579820665	4568585.5806653481
416572.8579820665	4568585.5806653490
416573.8579820665	4568585.5806653490
416574.8579820665	4568585.5806653490
416575.8579820665	4568585.5806653490
416576.8579820665	4568585.5806653490
416577.8579820665	4568585.5806653490
416578.8572733492	4568585.6115108393
416579.8562180791	4568585.6574393334
416580.8551628090	4568585.7033678265
416581.8541075390	4568585.7492963206
416582.8530522689	4568585.7952248137
416583.8519969989	4568585.8411533078
416584.8509417288	4568585.8870818010
416585.8498864587	4568585.9330102950
416586.8488311887	4568585.9789387882
416587.8456466389	4568586.0566550950
416588.8417926054	4568586.1443660604
416589.8379385719	4568586.2320770258
416590.8340845384	4568586.3197879912
416591.8302305049	4568586.4074989567
416592.8263764713	4568586.4952099221
416593.8225224378	4568586.5829208875
416594.8186684043	4568586.6706318529
416595.8148143708	4568586.7583428184
416596.8109603373	4568586.8460537838
416597.8071063038	4568586.9337647492
416598.8032522702	4568587.0214757146
416599.7993982368	4568587.1091866801
416600.7955442032	4568587.1968976455
416601.7916901697	4568587.2846086109
416602.7878361362	4568587.3723195763
416603.7796468928	4568587.4938478973
416604.7657056636	4568587.6602453142
416605.7517644344	4568587.8266427321
416606.7378232052	4568587.9930401500
416607.7238819759	4568588.1594375670
416608.7099407467	4568588.3258349849
416609.6959995175	4568588.4922324028
416610.6820582883	4568588.6586298198
416611.6681170591	4568588.8250272376
416612.6541758298	4568588.9914246555
416613.6402346006	4568589.1578220725
416614.6262933714	4568589.3242194904
416615.6123521422	4568589.4906169083
416616.5984109129	4568589.6570143253
416617.5844696837	4568589.8234117432
416618.5705284545	4568589.9898091611
416619.5565872253	4568590.1562065780
416620.5531291065	4568590.1429718640
416621.5518497201	4568590.0924037313
416622.5505703336	4568590.0418355986
416623.5492909472	4568589.9912674669
416624.5480115608	4568589.9406993343
416625.5467321744	4568589.8901312025
416626.5454527880	4568589.8395630699
416627.5441734016	4568589.7889949381
416628.5406756855	4568589.7075291257
416629.5363769015	4568589.6149057569
416630.5320781174	4568589.5222823881
416631.5277793334	4568589.4296590192
416632.5228666498	4568589.4015843263
416633.5166260978	4568589.5131287547
416634.5103855459	4568589.6246731821
416635.5041449939	4568589.7362176105
416636.4979044420	4568589.8477620380
416637.4916638900	4568589.9593064664
416638.4854233381	4568590.0708508939
416639.4791827862	4568590.1823953222
416640.4729422342	4568590.2939397497
416641.4667016823	4568590.4054841781
416642.4608614098	4568590.5131634111
416643.4563894824	4568590.6076295786
416644.4519175549	4568590.7020957461
416645.4474456274	4568590.7965619136
416646.4429737000	4568590.8910280811
416647.4385017725	4568590.9854942486
416648.4340298450	4568591.0799604161
416649.4295579176	4568591.1744265836
416650.4250859901	4568591.2688927501
416651.4206140627	4568591.3633589176
416652.4161421352	4568591.4578250851
416653.4116702077	4568591.5522912527
416654.4071982802	4568591.6467574202
416655.4027263528	4568591.7412235877
416656.3979710762	4568591.8384058494
416657.3915611520	4568591.9514490319
416658.3851512280	4568592.0644922145
416659.3787413038	4568592.1775353970
416660.3723313798	4568592.2905785795
416661.3659214556	4568592.4036217611
416662.3595115316	4568592.5166649437
416663.3531016074	4568592.6297081262
416664.3466916833	4568592.7427513087
416665.3402817592	4568592.8557944912
416666.3338718351	4568592.9688376738
416667.3274619110	4568593.0818808554
416668.3210519869	4568593.1949240379
416669.3146420628	4568593.3079672204
416670.3082321387	4568593.4210104030
416671.3018222146	4568593.5340535855
416672.2954122905	4568593.6470967671
416673.2890023664	4568593.7601399496
416674.2833226323	4568593.8665581811
416675.2776818329	4568593.9726231629
416676.2720410335	4568594.0786881438
416677.2664002340	4568594.1847531255
416678.2607594346	4568594.2908181064
416679.2551186352	4568594.3968830882
416680.2494778357	4568594.5029480690
416681.2442268268	4568594.6050343318
416682.2402645321	4568594.6939662695
416683.2363022375	4568594.7828982081
416684.2323399428	4568594.8718301458
416685.2283776481	4568594.9607620835
416686.2244153534	4568595.0496940212
416687.2204530587	4568595.1386259599
416688.2164907641	4568595.2275578976
416689.2125284694	4568595.3164898353
416690.2085661747	4568595.4054217730
416691.2046038800	4568595.4943537107
416692.2006415854	4568595.5832856493
416693.1966792907	4568595.6722175870
416694.1927169960	4568595.7611495247
416695.1887547013	4568595.8500814624
416696.1847924066	4568595.9390134001
416697.1808301120	4568596.0279453387
416698.1768678173	4568596.1168772765
416699.1729055226	4568596.2058092142
416700.1689432279	4568596.2947411519
416701.1649809333	4568596.3836730905
416702.1610186385	4568596.4726050282
416703.1570563439	4568596.5615369659
416704.1530940492	4568596.6504689036
416705.1491317545	4568596.7394008413
416706.1451694598	4568596.8283327799
416707.1412071652	4568596.9172647176
416708.1372448705	4568597.0061966553
416709.1332825758	4568597.0951285930
416710.1295500907	4568597.1814014642
416711.1260766787	4568597.2646766668
416712.1226032668	4568597.3479518685
416713.1191298548	4568597.4312270712
416714.1156564428	4568597.5145022739
416715.1121830309	4568597.5977774765
416716.1087096189	4568597.6810526783
416717.1052362070	4568597.7643278809
416718.1017627950	4568597.8476030836
416719.0982893830	4568597.9308782853
416720.0948159711	4568598.0141534880
416721.0913425591	4568598.0974286906
416722.0878691472	4568598.1807038924
416723.0843957352	4568598.2639790950
416724.0809223232	4568598.3472542977
416725.0774489113	4568598.4305295004
416726.0739754993	4568598.5138047021
416727.0705020873	4568598.5970799047
416728.0670286754	4568598.6803551074
416729.0635552634	4568598.7636303091
416730.0600818515	4568598.8469055118
416731.0566084395	4568598.9301807145
416732.0531350276	4568599.0134559171
416733.0496616156	4568599.0967311189
416734.0461882036	4568599.1800063215
416735.0427147916	4568599.2632815242
416736.0392413797	4568599.3465567259
416737.0357679677	4568599.4298319286
416738.0322945558	4568599.5131071312
416739.0288211438	4568599.5963823339
416740.0253477319	4568599.6796575356
416741.0218743199	4568599.7629327383
416742.0184009079	4568599.8462079410
416743.0149274959	4568599.9294831427
416744.0114540840	4568600.0127583453
416745.0079806720	4568600.0960335480
416746.0045072601	4568600.1793087497
416747.0025504875	4568600.2388996715
416748.0015594131	4568600.2834099699
416749.0005683386	4568600.3279202683
416749.9995772642	4568600.3724305667
416750.9985861897	4568600.4169408660
416751.9975951152	4568600.4614511644
416752.9966040408	4568600.5059614629
416753.9956129663	4568600.5504717622
416754.9946218918	4568600.5949820606
416755.9936308174	4568600.6394923590
416756.9926397429	4568600.6840026574
416757.9916486684	4568600.7285129568
416758.9906575940	4568600.7730232552
416759.9896665195	4568600.8175335536
416760.9886754451	4568600.8620438520
416761.9876843706	4568600.9065541513
416762.9866932962	4568600.9510644497
416763.9857022217	4568600.9955747481
416764.9847111473	4568601.0400850466
416765.9837200728	4568601.0845953459
416766.9827289983	4568601.1291056443
416767.9817379239	4568601.1736159427
416768.9807468494	4568601.2181262420
416769.9797557750	4568601.2626365405
416770.9787647005	4568601.3071468389
416771.9777736261	4568601.3516571373
416772.9767825516	4568601.3961674366
416773.9757914772	4568601.4406777350
416774.9748004027	4568601.4851880334
416775.9738093282	4568601.5296983318
416776.9728182538	4568601.5742086312
416777.9718271793	4568601.6187189296
416778.9708361049	4568601.6632292280
416779.9698450304	4568601.7077395264
416780.9688539559	4568601.7522498257
416781.9678628815	4568601.7967601242
416782.9668718070	4568601.8412704226
416783.9658807325	4568601.8857807219
416784.9648896581	4568601.9302910203
416785.9638985836	4568601.9748013187
416786.9629075092	4568602.0193116171
416787.9621441751	4568602.0548887448
416788.9621233641	4568602.0613402240
416789.9621025531	4568602.0677917022
416790.9620817421	4568602.0742431814
416791.9620609310	4568602.0806946596
416792.9620401201	4568602.0871461388
416793.9620193091	4568602.0935976170
416794.9619984980	4568602.1000490962
416795.9619776870	4568602.1065005744
416796.9619568761	4568602.1129520535
416797.9619360650	4568602.1194035318
416798.9619152540	4568602.1258550109
416799.9618944431	4568602.1323064892
416800.9618736320	4568602.1387579683
416801.9618528210	4568602.1452094465
416802.9618320100	4568602.1516609257
416803.9594173358	4568602.1980949938
416804.9530225906	4568602.3110046815
416805.9466278454	4568602.4239143692
416806.9402331002	4568602.5368240569
416807.9338383550	4568602.6497337446
416808.9304499219	4568602.6036911570
416809.9276140424	4568602.5284334868
416810.9247781629	4568602.4531758176
416811.9219422834	4568602.3779181484
416812.9191064039	4568602.3026604792
416813.8744952285	4568602.0761566227
416814.7689224195	4568601.6289430270
416815.6633496105	4568601.1817294313
416816.5343684719	4568601.1623483803
416817.3746651203	4568601.7044752501
416818.2149617686	4568602.2466021189
416819.0552584169	4568602.7887289887
416820.0006184410	4568602.9742091233
416821.0006184410	4568602.9742091233
416822.0006184410	4568602.9742091233
416823.0006184410	4568602.9742091233
416824.0006184410	4568602.9742091233
416825.0006184410	4568602.9742091242
416826.0006184410	4568602.9742091242
416827.0006184410	4568602.9742091242
416828.0006184410	4568602.9742091242
416829.0006184410	4568602.9742091242
416829.8859731633	4568602.5805106116
416830.7296346503	4568602.0436351178
416831.5701483471	4568601.5813539792
416832.3655800666	4568602.1873971950
416833.1610117861	4568602.7934404109
416834.0306625542	4568603.1925679203
416835.0299513165	4568603.2302769301
416836.0292400788	4568603.2679859400
416837.0285288412	4568603.3056949498
416838.0278176036	4568603.3434039596
416839.0271063659	4568603.3811129695
416840.0270083132	4568603.3734425837
416841.0269511246	4568603.3627480082
416842.0268939360	4568603.3520534327
416843.0268367474	4568603.3413588572
416844.0267795588	4568603.3306642817
416845.0267223702	4568603.3199697062
416846.0266651816	4568603.3092751307
416847.0266079930	4568603.2985805552
416848.0265508043	4568603.2878859797
416849.0264936158	4568603.2771914043
416850.0264364272	4568603.2664968288
416851.0263792385	4568603.2558022533
416852.0263220499	4568603.2451076778
416853.0262648613	4568603.2344131023
416854.0262076727	4568603.2237185268
416855.0261504841	4568603.2130239513
416856.0260932955	4568603.2023293758
416857.0260361069	4568603.1916348003
416858.0259789183	4568603.1809402248
416859.0259676824	4568603.1788390502
416860.0259676824	4568603.1788390502
416861.0259676824	4568603.1788390502
416862.0259676824	4568603.1788390502
416863.0259676824	4568603.1788390502
416864.0259676824	4568603.1788390502
416865.0256961655	4568603.1571143111
416866.0253838120	4568603.1321221199
416867.0250714584	4568603.1071299287
416868.0247591048	4568603.0821377374
416869.0096315152	4568602.9244588083
416869.9902121909	4568602.7283426737
416870.8307839966	4568603.1005048668
416871.6080288675	4568603.7297030957
416872.3852737384	4568604.3589013238
416873.3683803814	4568604.4066186100
416874.3683803814	4568604.4066186100
416875.3667814181	4568604.3639197126
416876.3639807281	4568604.2891297638
416877.3611800379	4568604.2143398160
416878.3583793478	4568604.1395498673
416879.3545693267	4568604.1461245213
416880.3496065169	4568604.2456282405
416881.3446437071	4568604.3451319588
416882.3396808973	4568604.4446356781
416883.3347180875	4568604.5441393973
416884.3297552777	4568604.6436431156
416885.3247924680	4568604.7431468349
416886.3198296582	4568604.8426505541
416887.3148668484	4568604.9421542725
416888.3109344949	4568605.0237284880
416889.3108197304	4568605.0388782648
416890.3107049660	4568605.0540280407
416891.3105902015	4568605.0691778176
416892.3104754371	4568605.0843275944
416893.3103606726	4568605.0994773703
416894.3102459082	4568605.1146271471
416895.3098170687	4568605.1411682134
416896.3090180275	4568605.1811362514
416897.3082189862	4568605.2211042885
416898.3074199450	4568605.2610723265
416899.3066209037	4568605.3010403644
416900.2982977730	4568605.3997486979
416901.2753135344	4568605.6129157729
416902.2523292957	4568605.8260828489
416903.2293450571	4568606.0392499240
416904.2063608184	4568606.2524170000
416905.1833765797	4568606.4655840751
416906.1577104096	4568606.6904593185
416907.1300977116	4568606.9238322712
416908.1024850135	4568607.1572052231
416909.0853731127	4568606.9972114144
416910.0688263013	4568606.8160489853
416911.0522794900	4568606.6348865563
416912.0357326786	4568606.4537241273
416913.0291681264	4568606.5664164163
416914.0226481979	4568606.6804223256
416915.0161282695	4568606.7944282349
416916.0096083410	4568606.9084341452
416917.0030884125	4568607.0224400545
416917.9965684841	4568607.1364459647
416918.9946997260	4568607.1691226223
416919.9946997260	4568607.1691226223
416920.9946997260	4568607.1691226223
416921.9946997260	4568607.1691226223
416922.9946997260	4568607.1691226233
416923.9946997260	4568607.1691226233
416924.9946997260	4568607.1691226233
416925.9946997260	4568607.1691226233
416926.9480410874	4568607.4264295204
416927.8843702650	4568607.7775529623
416928.8206994427	4568608.1286764033
416929.7719746522	4568608.3905236302
416930.7716096220	4568608.3635064689
416931.7712445919	4568608.3364893077
416932.7708795618	4568608.3094721464
416933.7689061543	4568608.3344442388
416934.7649594437	4568608.4232014623
416935.7610127330	4568608.5119586857
416936.7570660224	4568608.6007159101
416937.7531193117	4568608.6894731335
416938.7491726011	4568608.7782303570
416939.7452258904	4568608.8669875814
416940.7412791798	4568608.9557448048
416941.7373324692	4568609.0445020283
416942.7333857585	4568609.1332592526
416943.7284707040	4568609.2290555695
416944.7114909528	4568609.4125526827
416945.6945112016	4568609.5960497949
416946.6775314504	4568609.7795469081
416947.6605516991	4568609.9630440213
416948.6435719480	4568610.1465411345
416949.6265921967	4568610.3300382476
416950.6096124455	4568610.5135353608
416951.5971854765	4568610.6478313766
416952.5971854765	4568610.6478313766
416953.5971854765	4568610.6478313766
416954.5971854765	4568610.6478313766
416955.3060346038	4568611.3507317621
416956.0131413850	4568612.0578385433
416956.9532039649	4568612.2990337275
416957.9465731574	4568612.3705840642
416958.9456013924	4568612.3265092885
416959.9446296273	4568612.2824345138
416960.9436578622	4568612.2383597391
416961.9426860972	4568612.1942849634
416962.9417143321	4568612.1502101887
416963.9407425670	4568612.1061354140
416964.9374110297	4568612.1278833495
416965.9307184100	4568612.2433842076
416966.9240257903	4568612.3588850657
416967.9173331706	4568612.4743859237
416968.9106405509	4568612.5898867818
416969.9078421659	4568612.5191776762
416970.9051099203	4568612.4453059910
416971.8904213704	4568612.4592276970
416972.8316160412	4568612.7970924508
416973.7728107120	4568613.1349572046
416974.7140053828	4568613.4728219574
416975.6552000536	4568613.8106867112
416976.6536495246	4568613.8195952419
416977.6536495246	4568613.8195952419
416978.6423434700	4568613.7232969776
416979.6151496847	4568613.4916764507
416980.5890799234	4568613.3509908654
416981.5673140486	4568613.5584950736
416982.5455481737	4568613.7659992818
416983.5237822988	4568613.9735034900
416984.3855144811	4568614.4522734610
416985.2095564050	4568615.0188022843
416986.1492117906	4568614.9767804760
416987.1236029863	4568614.7519209692
416988.0979941820	4568614.5270614624
416989.0723853777	4568614.3022019556
416990.0586401596	4568614.3139265273
416991.0506380713	4568614.4401808074
416992.0426359830	4568614.5664350875
416993.0346338947	4568614.6926893676
416994.0266318064	4568614.8189436467
416995.0184347475	4568614.9456955502
416995.8321682198	4568615.5269337418
416996.6866303839	4568615.9238326941
416997.6695025708	4568615.7395441597
416998.6523747579	4568615.5552556254
416999.6352469449	4568615.3709670901
417000.6181191319	4568615.1866785558
417001.5252717313	4568615.2279939735
417002.1979445257	4568615.9679340469
417003.1064821435	4568616.2072327333
417004.1053502812	4568616.2547978833
417005.0639524329	4568616.0627079289
417005.9924291238	4568615.6913172528
417006.8686090620	4568616.1118542301
417007.7453893337	4568616.5803258130
417008.7444454921	4568616.5368885892
417009.7435016505	4568616.4934513653
417010.7425578088	4568616.4500141414
417011.7416139672	4568616.4065769166
417012.6975158322	4568616.5411420716
417013.5657589748	4568617.0372810084
417014.4340021175	4568617.5334199462
417015.4149269057	4568617.6052488852
417016.4149269057	4568617.6052488862
417017.4102604655	4568617.5302953217
417018.4085172480	4568617.4950615428
417019.4084662366	4568617.4849610478
417020.4084152254	4568617.4748605536
417021.4083642140	4568617.4647600586
417022.4083132028	4568617.4546595635
417023.4082621915	4568617.4445590694
417024.4082111802	4568617.4344585743
417025.4081601689	4568617.4243580801
417026.4081091575	4568617.4142575851
417027.4080581463	4568617.4041570900
417028.2390774600	4568617.8376593450
417029.0113244467	4568618.4410019480
417030.0023168771	4568618.5749198440
417030.9933093075	4568618.7088377401
417031.9843017379	4568618.8427556362
417032.9710302148	4568618.8697827738
417033.9482065788	4568618.6573531292
417034.9253829427	4568618.4449234847
417035.8997064898	4568618.6277246531
417036.8737145168	4568618.8542381478
417037.8477225439	4568619.0807516426
417038.8217305709	4568619.3072651373
417039.8041658163	4568619.4812487410
417040.8001502397	4568619.5707754306
417041.7961346632	4568619.6603021203
417042.7921190867	4568619.7498288099
417043.7881035102	4568619.8393554995
417044.7840879337	4568619.9288821891
417045.7800723572	4568620.0184088787
417046.7760567807	4568620.1079355683
417047.7720412042	4568620.1974622579
417048.7649400555	4568620.3094207533
417049.7481064706	4568620.4921330959
417050.7312728857	4568620.6748454385
417051.7144393008	4568620.8575577810
417052.6976057160	4568621.0402701236
417053.6807721312	4568621.2229824662
417054.6639385463	4568621.4056948088
417055.6471049614	4568621.5884071514
417056.6302713766	4568621.7711194940
417057.6134377917	4568621.9538318366
417058.5966042069	4568622.1365441792
417059.5797706220	4568622.3192565218
417060.5413691651	4568622.2477072235
417061.4797122819	4568621.9020018643
417062.4403845239	4568621.7466320721
417063.4332613623	4568621.8657772923
417064.4261382008	4568621.9849225134
417065.4190150393	4568622.1040677335
417066.4118918778	4568622.2232129546
417067.4047687162	4568622.3423581757
417068.3976455547	4568622.4615033958
417069.3905223932	4568622.5806486169
417070.3833992317	4568622.6997938370
417071.3762760702	4568622.8189390581
417072.3693611832	4568622.9362051943
417073.3642300205	4568623.0373782963
417074.3590988578	4568623.1385513982
417075.3539676950	4568623.2397245001
417076.3488365323	4568623.3408976030
417077.3437053696	4568623.4420707049
417078.3377614577	4568623.5480492655
417079.3105676725	4568623.7796697933
417080.2833738873	4568624.0112903202
417081.2561801020	4568624.2429108471
417082.2289863168	4568624.4745313739
417083.2017925316	4568624.7061519008
417084.1745987463	4568624.9377724277
417085.1565376406	4568625.1151182121
417086.1515748308	4568625.2146219313
417087.1466120210	4568625.3141256506
417088.1416492111	4568625.4136293698
417089.1366864014	4568625.5131330891
417090.1317235916	4568625.6126368083
417091.1267607817	4568625.7121405276
417092.1217979719	4568625.8116442468
417093.1174537062	4568625.9032602953
417094.1158382229	4568625.9600789258
417095.1142227396	4568626.0168975573
417096.1126072563	4568626.0737161878
417097.1109917730	4568626.1305348193
417098.1093762897	4568626.1873534499
417099.1077608064	4568626.2441720814
417100.1061453231	4568626.3009907119
417101.1045298398	4568626.3578093434
417102.1029143565	4568626.4146279739
417103.1012988732	4568626.4714466054
417104.0996833898	4568626.5282652359
417105.0980679065	4568626.5850838674
417106.0955589857	4568626.6549894176
417107.0924022522	4568626.7343840133
417108.0892455188	4568626.8137786100
417109.0860887853	4568626.8931732066
417110.0829320519	4568626.9725678032
417111.0797753184	4568627.0519623989
417112.0766185849	4568627.1313569956
417113.0734618515	4568627.2107515922
417114.0703051181	4568627.2901461888
417115.0671483846	4568627.3695407845
417116.0639916511	4568627.4489353811
417117.0608349177	4568627.5283299778
417118.0576781843	4568627.6077245744
417119.0545214508	4568627.6871191701
417120.0513647173	4568627.7665137667
417121.0482079839	4568627.8459083633
417122.0450512505	4568627.9253029600
417123.0418945170	4568628.0046975557
417124.0387377835	4568628.0840921523
417125.0355810501	4568628.1634867489
417126.0324243167	4568628.2428813456
417127.0292675832	4568628.3222759413
417128.0261108497	4568628.4016705379
417129.0210599407	4568628.4993156949
417130.0129611544	4568628.6263274355
417131.0048623681	4568628.7533391761
417131.9967635818	4568628.8803509166
417132.9886647954	4568629.0073626572
417133.9805660091	4568629.1343743978
417134.9724672229	4568629.2613861384
417135.9643684366	4568629.3883978790
417136.9562696503	4568629.5154096195
417137.9481708639	4568629.6424213601
417138.9400720776	4568629.7694331007
417139.9319732914	4568629.8964448413
417140.9238745051	4568630.0234565828
417141.9157757188	4568630.1504683234
417142.9076769325	4568630.2774800640
417143.8995781461	4568630.4044918045
417144.8914793598	4568630.5315035451
417145.8747555724	4568630.7061232682
417146.8481727405	4568630.9351626029
417147.8215899086	4568631.1642019376
417148.7950070768	4568631.3932412723
417149.6258409704	4568631.9367627203
417150.4574711457	4568632.3989812527
417151.4061544438	4568632.0827534869
417152.3548377420	4568631.7665257212
417153.3042592813	4568631.5876147971
417154.2562878427	4568631.8936239770
417155.2083164040	4568632.1996331578
417156.1704913664	4568632.4409185778
417157.1704913664	4568632.4409185778
417158.1704913664	4568632.4409185778
417159.1704913664	4568632.4409185778
417160.1704913664	4568632.4409185778
417161.1704913664	4568632.4409185778
417162.1704913664	4568632.4409185778
417163.1704913664	4568632.4409185778
417164.1703473176	4568632.4507160187
417165.1699150720	4568632.4801150709
417166.1694828265	4568632.5095141223
417167.1690505809	4568632.5389131745
417168.1597322286	4568632.6685487609
417169.1488830445	4568632.8154523475
417170.1380338602	4568632.9623559332
417171.1271846760	4568633.1092595197
417172.1163354917	4568633.2561631063
417173.1054863075	4568633.4030666919
417174.0946371233	4568633.5499702785
417175.0837879390	4568633.6968738651
417176.0729387548	4568633.8437774517
417177.0620895705	4568633.9906810373
417178.0544012765	4568634.1096950015
417179.0513396543	4568634.1878862474
417180.0482780321	4568634.2660774924
417181.0452164099	4568634.3442687374
417182.0421547877	4568634.4224599833
417183.0390931655	4568634.5006512282
417184.0360315434	4568634.5788424732
417185.0329699212	4568634.6570337191
417186.0299082990	4568634.7352249641
417187.0268466768	4568634.8134162100
417188.0237850546	4568634.8916074550
417189.0121195225	4568635.0427259402
417189.9998824878	4568635.1986885136
417190.9876454531	4568635.3546510870
417191.9754084184	4568635.5106136603
417192.9631713837	4568635.6665762337
417193.9509343491	4568635.8225388080
417194.9386973144	4568635.9785013814
417195.9264602797	4568636.1344639547
417196.9142232450	4568636.2904265281
417197.9019862103	4568636.4463891014
417198.8897491757	4568636.6023516748
417199.8790944875	4568636.7381470399
417200.8790944875	4568636.7381470399
417201.8790944875	4568636.7381470390
417202.8790944875	4568636.7381470390
417203.4960768322	4568637.5041823490
417204.0960768321	4568638.3041823497
417205.0568324854	4568638.4576866878
417206.0120792326	4568638.2194517637
417206.9559375888	4568637.8891013386
417207.9342177318	4568637.7612966727
417208.9342177318	4568637.7612966727
417209.9342177318	4568637.7612966727
417210.9342177318	4568637.7612966727
417211.9342177318	4568637.7612966718
417212.9342177318	4568637.7612966718
417213.9342177318	4568637.7612966718
417214.9342177318	4568637.7612966718
417215.8825035496	4568637.9373737909
417216.7236820244	4568638.4781313837
417217.6568149344	4568638.7749230703
417218.6456517082	4568638.9239258720
417219.6344884820	4568639.0729286736
417220.6233252558	4568639.2219314743
417221.6121620296	4568639.3709342759
417222.6009988034	4568639.5199370775
417223.5898355771	4568639.6689398782
417224.5781499529	4568639.8209571810
417225.5594637025	4568640.0133716427
417226.5407774522	4568640.2057861034
417227.5220912018	4568640.3982005641
417228.5034049514	4568640.5906150248
417229.4847187011	4568640.7830294855
417230.4769087303	4568640.8997873738
417231.4726853479	4568640.9915965656
417232.4684619656	4568641.0834057573
417233.4642385833	4568641.1752149491
417234.4600152009	4568641.2670241408
417235.4557918186	4568641.3588333325
417236.4515684363	4568641.4506425243
417237.4473450540	4568641.5424517160
417238.4431216716	4568641.6342609078
417239.4388982893	4568641.7260700995
417240.4346749070	4568641.8178792913
417241.4304515247	4568641.9096884830
417242.4262281424	4568642.0014976747
417243.4220047600	4568642.0933068665
417244.4161445861	4568642.1989003168
417245.4057310254	4568642.3428401621
417246.3953174647	4568642.4867800083
417247.3849039040	4568642.6307198536
417248.3744903432	4568642.7746596998
417249.3640767825	4568642.9185995450
417250.3536632218	4568643.0625393912
417251.3432496611	4568643.2064792365
417252.3328361004	4568643.3504190817
417253.3224225397	4568643.4943589279
417254.3120089790	4568643.6382987732
417255.3015954183	4568643.7822386194
417256.2960403151	4568643.8865708886
417257.2910775053	4568643.9860746069
417258.2861146955	4568644.0855783261
417259.2811518857	4568644.1850820454
417260.2761890759	4568644.2845857646
417261.2233757371	4568644.5827808101
417262.1546185167	4568644.9471801585
417263.1005492844	4568645.2473117355
417264.0976336185	4568645.3236192092
417265.0947179526	4568645.3999266839
417266.0918022868	4568645.4762341585
417267.0888866209	4568645.5525416331
417268.0859709550	4568645.6288491078
417269.0830552891	4568645.7051565824
417270.0801396232	4568645.7814640570
417271.0772239573	4568645.8577715317
417272.0743082914	4568645.9340790063
417273.0713926255	4568646.0103864809
417274.0684769596	4568646.0866939547
417275.0655612938	4568646.1630014293
417276.0626456279	4568646.2393089039
417277.0597299620	4568646.3156163786
417278.0568142961	4568646.3919238532
417279.0538986302	4568646.4682313278
417280.0509829643	4568646.5445388025
417281.0480672984	4568646.6208462771
417282.0451516325	4568646.6971537517
417283.0414800861	4568646.7804299416
417284.0317366649	4568646.9196847724
417285.0219932438	4568647.0589396041
417286.0122498226	4568647.1981944349
417287.0025064015	4568647.3374492666
417287.9927629803	4568647.4767040983
417288.9830195592	4568647.6159589291
417289.9732761380	4568647.7552137608
417290.9635327169	4568647.8944685915
417291.9537892957	4568648.0337234233
417292.9440458746	4568648.1729782540
417293.9343024534	4568648.3122330857
417294.9245590323	4568648.4514879175
417295.9148156111	4568648.5907427482
417296.9102443545	4568648.6848415416
417297.9063416674	4568648.7731033294
417298.9024389804	4568648.8613651162
417299.8985362933	4568648.9496269040
417300.8946336063	4568649.0378886918
417301.8907309193	4568649.1261504786
417302.8868282322	4568649.2144122664
417303.8829255452	4568649.3026740532
417304.7278352368	4568649.7854771120
417305.5278352368	4568650.3854771117
417306.3688112948	4568650.8311791252
417307.3610891715	4568650.7071443908
417308.3533670482	4568650.5831096563
417309.3513472475	4568650.5506670969
417310.3513472475	4568650.5506670969
417311.3513472475	4568650.5506670969
417312.3513472475	4568650.5506670969
417313.3419396489	4568650.6412925571
417314.3206174401	4568650.8466940681
417315.2992952313	4568651.0520955799
417316.2779730225	4568651.2574970918
417317.2566508138	4568651.4628986036
417318.2353286050	4568651.6683001146
417319.2140063962	4568651.8737016264
417320.1926841874	4568652.0791031383
417321.1713619786	4568652.2845046502
417322.1563982395	4568652.4567606421
417323.1416099943	4568652.6281018164
417324.1268217491	4568652.7994429916
417325.1120335040	4568652.9707841659
417326.0989961369	4568653.1297215931
417327.0931405999	4568653.2377807740
417328.0872850630	4568653.3458399549
417329.0814295261	4568653.4538991358
417330.0755739892	4568653.5619583167
417331.0625168630	4568653.7152511999
417332.0410666481	4568653.9212616803
417333.0196164332	4568654.1272721607
417333.9981662182	4568654.3332826421
417334.9840504037	4568654.4939948516
417335.9776111376	4568654.6072956370
417336.9711718716	4568654.7205964224
417337.9647326055	4568654.8338972079
417338.9582933394	4568654.9471979942
417339.9518540733	4568655.0604987796
417340.9454148072	4568655.1737995651
417341.9389755411	4568655.2871003505
417342.9325362750	4568655.4004011368
417343.9260970089	4568655.5137019223
417344.9196577429	4568655.6270027077
417345.9132184768	4568655.7403034931
417346.9019165465	4568655.8888065694
417347.8889859716	4568656.0490998942
417348.8760553967	4568656.2093932200
417349.8631248217	4568656.3696865449
417350.8501942468	4568656.5299798697
417351.8372636718	4568656.6902731955
417352.8243330969	4568656.8505665204
417353.8114025219	4568657.0108598461
417354.7984719470	4568657.1711531710
417355.7855413720	4568657.3314464958
417356.7726107971	4568657.4917398216
417357.7596802222	4568657.6520331465
417358.7193573410	4568657.9195407219
417359.6623476744	4568658.2523608403
417360.6053380078	4568658.5851809587
417361.5483283412	4568658.9180010762
417362.5244749080	4568658.7484064410
417363.5030246929	4568658.5423959596
417364.4238850030	4568658.9072991684
417365.3414406282	4568659.3049066057
417366.2589962535	4568659.7025140440
417367.2210642956	4568659.9386758469
417368.2127363692	4568660.0674644280
417369.2044084427	4568660.1962530091
417370.1960805162	4568660.3250415903
417371.1877525898	4568660.4538301704
417372.1794246633	4568660.5826187516
417373.1710967368	4568660.7114073327
417374.1627688103	4568660.8401959138
417375.1359672082	4568660.7088608248
417376.0994851178	4568660.4412169615
417377.0519547999	4568660.6084174197
417378.0006380980	4568660.9246451855
417378.9493213962	4568661.2408729512
417379.8980046943	4568661.5571007179
417380.8466879924	4568661.8733284837
417381.8370712377	4568661.9925178625
417382.8325277225	4568662.0877354397
417383.8279842073	4568662.1829530159
417384.8234406921	4568662.2781705931
417385.8188971768	4568662.3733881703
417386.8143536616	4568662.4686057465
417387.8098101464	4568662.5638233237
417388.8052666312	4568662.6590408999
417389.8007231159	4568662.7542584771
417390.7961796007	4568662.8494760534
417391.7916360855	4568662.9446936306
417392.7866764106	4568663.0433713356
417393.7763214626	4568663.1869076416
417394.7659665147	4568663.3304439466
417395.7556115667	4568663.4739802517
417396.7452566188	4568663.6175165577
417397.7349016708	4568663.7610528627
417398.7245467229	4568663.9045891678
417399.7141917749	4568664.0481254738
417400.7038368270	4568664.1916617788
417401.6934818790	4568664.3351980839
417402.6831269310	4568664.4787343899
417403.6727719831	4568664.6222706949
417404.6624170352	4568664.7658070000
417405.6520620872	4568664.9093433050
417406.6403357868	4568665.0617977176
417407.6273841116	4568665.2222209219
417408.6144324365	4568665.3826441262
417409.6014807613	4568665.5430673296
417410.5885290862	4568665.7034905339
417411.5755774111	4568665.8639137382
417412.5626257359	4568666.0243369425
417413.5496740607	4568666.1847601458
417414.5367223856	4568666.3451833501
417415.5237707105	4568666.5056065544
417416.5108190354	4568666.6660297578
417417.4978673602	4568666.8264529621
417418.4849156851	4568666.9868761664
417419.4719640099	4568667.1472993707
417420.4590123348	4568667.3077225741
417421.4460606596	4568667.4681457784
417422.4331089845	4568667.6285689827
417423.4201573094	4568667.7889921861
417424.4072056342	4568667.9494153904
417425.3942539591	4568668.1098385947
417426.3813022839	4568668.2702617990
417427.3683506088	4568668.4306850024
417428.3553989337	4568668.5911082067
417429.3424472585	4568668.7515314110
417430.3294955834	4568668.9119546143
417431.3165439082	4568669.0723778186
417432.3035922331	4568669.2328010229
417433.2906405580	4568669.3932242272
417434.2776888828	4568669.5536474306
417435.2647372076	4568669.7140706349
417436.2517855325	4568669.8744938392
417437.2388338574	4568670.0349170426
417438.2258821823	4568670.1953402469
417439.2129305071	4568670.3557634512
417440.1999788319	4568670.5161866555
417441.1870271568	4568670.6766098589
417442.1740754817	4568670.8370330632
417443.1611238065	4568670.9974562675
417444.1481721314	4568671.1578794708
417445.1352204563	4568671.3183026752
417446.1222687811	4568671.4787258795
417447.1093171060	4568671.6391490838
417448.0963654308	4568671.7995722871
417449.0834137557	4568671.9599954914
417450.0704620806	4568672.1204186957
417451.0575104054	4568672.2808418991
417452.0458478543	4568672.4329722533
417453.0350170253	4568672.5797521956
417454.0241861962	4568672.7265321370
417455.0133553672	4568672.8733120784
417456.0025245382	4568673.0200920198
417456.9916937091	4568673.1668719612
417457.9808628801	4568673.3136519026
417458.9700320511	4568673.4604318440
417459.9592012220	4568673.6072117854
417460.9483703929	4568673.7539917277
417461.9375395639	4568673.9007716691
417462.9267087349	4568674.0475516105
417463.9158779058	4568674.1943315519
417464.9050470768	4568674.3411114933
417465.8942162477	4568674.4878914347
417466.8833854187	4568674.6346713761
417467.8725545897	4568674.7814513175
417468.8617237606	4568674.9282312589
417469.8508929315	4568675.0750112012
417470.8400621025	4568675.2217911426
417471.8292312735	4568675.3685710840
417472.8184004444	4568675.5153510254
417473.8075696154	4568675.6621309668
417474.7967387864	4568675.8089109082
417475.7859079573	4568675.9556908496
417476.7750771283	4568676.1024707910
417477.7642462992	4568676.2492507333
417478.7534154702	4568676.3960306747
417479.7425846411	4568676.5428106161
417480.7317538121	4568676.6895905575
417481.7209229830	4568676.8363704989
417482.7100921540	4568676.9831504403
417483.6954387822	4568677.1524245115
417484.6775670658	4568677.3406372489
417485.6596953495	4568677.5288499864
417486.6418236331	4568677.7170627238
417487.6239519168	4568677.9052754603
417488.6060802004	4568678.0934881978
417489.5882084841	4568678.2817009352
417490.5703367677	4568678.4699136727
417491.5524650513	4568678.6581264101
417492.5345933350	4568678.8463391475
417493.5167216186	4568679.0345518840
417494.4988499023	4568679.2227646215
417495.4809781859	4568679.4109773589
417496.4631064696	4568679.5991900964
417497.4452347532	4568679.7874028338
417498.4273630368	4568679.9756155713
417499.4094913205	4568680.1638283078
417500.3916196041	4568680.3520410452
417501.3737478878	4568680.5402537826
417502.3558761714	4568680.7284665201
417503.3380044551	4568680.9166792575
417504.3201327387	4568681.1048919940
417505.3022610223	4568681.2931047315
417506.2843893059	4568681.4813174689
417507.2665175896	4568681.6695302064
417508.2486458732	4568681.8577429438
417509.2307741569	4568682.0459556812
417510.2129024405	4568682.2341684178
417511.1950307242	4568682.4223811552
417512.1771590078	4568682.6105938926
417513.1605748161	4568682.7918835981
417514.1447018336	4568682.9693491254
417515.1288288511	4568683.1468146536
417516.1129558685	4568683.3242801810
417517.0970828860	4568683.5017457083
417518.0812099034	4568683.6792112365
417519.0653369209	4568683.8566767639
417520.0494639384	4568684.0341422921
417521.0335909558	4568684.2116078194
417522.0177179732	4568684.3890733467
417523.0018449907	4568684.5665388750
417523.9859720082	4568684.7440044023
417524.9700990256	4568684.9214699296
417525.9542260431	4568685.0989354579
417526.9383530605	4568685.2764009852
417527.9224800780	4568685.4538665134
417528.9066070955	4568685.6313320408
417529.8907341129	4568685.8087975681
417530.8748611304	4568685.9862630963
417531.8589881478	4568686.1637286237
417532.8431151653	4568686.3411941519
417533.8272421828	4568686.5186596792
417534.8113692002	4568686.6961252065
417535.7954962176	4568686.8735907348
417536.7796232351	4568687.0510562621
417537.7629719309	4568687.2326575778
417538.7442856806	4568687.4250720385
417539.7255994302	4568687.6174864992
417540.7069131799	4568687.8099009600
417541.6882269295	4568688.0023154207
417542.6695406792	4568688.1947298814
417543.6508544288	4568688.3871443421
417544.6321681785	4568688.5795588037
417545.6134819282	4568688.7719732644
417546.5947956778	4568688.9643877251
417547.5761094275	4568689.1568021858
417548.5574231771	4568689.3492166465
417549.5387369268	4568689.5416311072
417550.5200506765	4568689.7340455679
417551.5013644261	4568689.9264600286
417552.4826781758	4568690.1188744893
417553.4639919255	4568690.3112889500
417554.4453056751	4568690.5037034117
417555.4266194248	4568690.6961178724
417556.4079331745	4568690.8885323331
417557.3892469241	4568691.0809467938
417558.3706824210	4568691.2723615123
417559.3694947721	4568691.3210840654
417560.3683071233	4568691.3698066194
417561.3671194744	4568691.4185291724
417562.3659318256	4568691.4672517264
417563.3298077191	4568691.7146651270
417564.2853313069	4568692.0095798150
417565.2408548948	4568692.3044945030
417566.1963784827	4568692.5994091900
417567.1519020706	4568692.8943238780
417568.1074256585	4568693.1892385660
417569.0629492463	4568693.4841532530
417570.0184728342	4568693.7790679410
417570.9780410703	4568694.0570277963
417571.9637963930	4568694.2252135379
417572.9495517157	4568694.3933992805
417573.9353070383	4568694.5615850221
417574.9210623610	4568694.7297707647
417575.9068176836	4568694.8979565063
417576.8925730062	4568695.0661422489
417577.8783283289	4568695.2343279906
417578.8640836515	4568695.4025137331
417579.8498389742	4568695.5706994748
417580.8355942969	4568695.7388852173
417581.8213496195	4568695.9070709599
417582.8071049422	4568696.0752567016
417583.7928602648	4568696.2434424441
417584.7786155875	4568696.4116281858
417585.7643709101	4568696.5798139283
417586.7501262328	4568696.7479996700
417587.7358815554	4568696.9161854126
417588.7216368781	4568697.0843711542
417589.7073922007	4568697.2525568968
417590.6931475234	4568697.4207426384
417591.6789028460	4568697.5889283810
417592.6599369277	4568697.7786135161
417593.6254612314	4568698.0389264412
417594.5909855351	4568698.2992393663
417595.5565098388	4568698.5595522914
417596.5220341425	4568698.8198652165
417597.4875584462	4568699.0801781416
417598.4530827499	4568699.3404910667
417599.4186070536	4568699.6008039918
417600.3841313573	4568699.8611169169
417601.3496556611	4568700.1214298420
417602.3151799648	4568700.3817427671
417603.2807042685	4568700.6420556922
417604.2462285722	4568700.9023686172
417605.2117528759	4568701.1626815423
417606.1772771796	4568701.4229944674
417607.1428014833	4568701.6833073925
417608.1083257870	4568701.9436203176
417609.0738500907	4568702.2039332427
417610.0393743944	4568702.4642461678
417611.0048986982	4568702.7245590929
417611.9704230019	4568702.9848720180
417612.9359473055	4568703.2451849421
417613.9225439442	4568703.3591808248
417614.9222857797	4568703.3819022300
417615.9220276153	4568703.4046236360
417616.9217694508	4568703.4273450412
417617.9215112863	4568703.4500664473
417618.9212531219	4568703.4727878524
417619.9209949574	4568703.4955092585
417620.9207367930	4568703.5182306636
417621.9204786285	4568703.5409520697
417622.8452590052	4568703.8430263130
417623.7220714140	4568704.3238589242
417624.5988838228	4568704.8046915354
417625.4756962315	4568705.2855241466
417626.4729976367	4568705.3483157009
417627.4712202525	4568705.4079110809
417628.4694428683	4568705.4675064608
417629.4676654841	4568705.5271018408
417630.4658880999	4568705.5866972208
417631.4641107157	4568705.6462926008
417632.4602030403	4568705.7225801693
417633.4413974967	4568705.9156020302
417634.4225919532	4568706.1086238911
417635.4037864096	4568706.3016457511
417636.3849808660	4568706.4946676120
417637.3661753225	4568706.6876894729
417638.3473697789	4568706.8807113329
417639.1718269117	4568707.4081564331
417639.9479409119	4568708.0387490578
417640.7240549121	4568708.6693416834
417641.5001689123	4568709.2999343080
417642.3568462822	4568709.3773826445
417643.2805883958	4568708.9943676218
417644.2043305094	4568708.6113525992
417645.1280726230	4568708.2283375766
417646.0517190356	4568707.8489854038
417646.9542000735	4568708.2797149895
417647.8566811114	4568708.7104445752
417648.7591621492	4568709.1411741609
417649.6616431871	4568709.5719037475
417650.5647459351	4568709.9901777394
417651.5056333469	4568709.6514582708
417652.4465207588	4568709.3127388023
417653.3935498413	4568709.1565863229
417654.3550737888	4568709.4313074518
417655.3185358179	4568709.6808993882
417656.3108136945	4568709.5568646537
417657.3030915712	4568709.4328299183
417658.2953694479	4568709.3087951839
417659.2876473246	4568709.1847604485
417660.2576305052	4568709.1436128346
417661.0537926994	4568709.7486961018
417661.8499548936	4568710.3537793690
417662.6461170878	4568710.9588626372
417663.6259221293	4568711.0188104538
417664.6259221293	4568711.0188104548
417665.6259221293	4568711.0188104548
417666.6211287990	4568710.9296582481
417667.6153639638	4568710.8224368086
417668.6095991286	4568710.7152153691
417669.6038342935	4568710.6079939296
417670.5980694582	4568710.5007724911
417671.5923046231	4568710.3935510516
417672.5865397879	4568710.2863296121
417673.5807749527	4568710.1791081736
417674.5750101176	4568710.0718867341
417675.5692452824	4568709.9646652946
417676.5653007254	4568709.9019286735
417677.5649721563	4568709.9275612738
417678.5646435872	4568709.9531938741
417679.5643150182	4568709.9788264735
417680.5638640489	4568710.0083648767
417681.5631788827	4568710.0453765374
417682.5624937164	4568710.0823881989
417683.5622051564	4568710.0979757849
417684.5622051564	4568710.0979757849
417685.5622051564	4568710.0979757849
417686.5622051564	4568710.0979757849
417687.5622051564	4568710.0979757849
417688.5622051564	4568710.0979757849
417689.5589611584	4568710.1271717669
417690.5345709145	4568710.3466839623
417691.5101806707	4568710.5661961567
417692.4857904269	4568710.7857083511
417693.4614001831	4568711.0052205464
417694.4506255905	4568711.1503256140
417695.4407495674	4568711.2905201595
417696.4308735442	4568711.4307147050
417697.4209975210	4568711.5709092505
417698.4111214978	4568711.7111037960
417699.4012454745	4568711.8512983406
417700.3913694514	4568711.9914928861
417701.3814934282	4568712.1316874316
417702.3716174049	4568712.2718819771
417703.3617413818	4568712.4120765226
417704.3518653586	4568712.5522710681
417705.3437500455	4568712.6765133133
417706.3406154381	4568712.7556296149
417707.3374808307	4568712.8347459156
417708.3343462232	4568712.9138622172
417709.3312116158	4568712.9929785179
417710.3280770084	4568713.0720948186
417711.3249424010	4568713.1512111202
417712.3218077935	4568713.2303274209
417713.3186731861	4568713.3094437225
417714.3155385787	4568713.3885600232
417715.3124039712	4568713.4676763238
417716.3092693638	4568713.5467926254
417717.3061347564	4568713.6259089261
417718.3030001490	4568713.7050252268
417719.2998655415	4568713.7841415284
417720.2967309341	4568713.8632578291
417721.2935963267	4568713.9423741307
417722.2904617193	4568714.0214904314
417723.2873271118	4568714.1006067321
417724.2841925044	4568714.1797230337
417725.2801773784	4568714.2691495959
417726.2760222866	4568714.3602150595
417727.2718671949	4568714.4512805231
417728.2677121032	4568714.5423459867
417729.2635570115	4568714.6334114503
417730.2594019198	4568714.7244769139
417731.2552468280	4568714.8155423775
417732.2510917363	4568714.9066078411
417733.2469366446	4568714.9976733048
417734.2427815529	4568715.0887387684
417735.2386264612	4568715.1798042320
417736.2344713694	4568715.2708696956
417737.2303162777	4568715.3619351592
417738.2261611860	4568715.4530006228
417739.2220060943	4568715.5440660864
417740.2178510026	4568715.6351315500
417741.2136959108	4568715.7261970136
417742.2095408191	4568715.8172624772
417743.2053857274	4568715.9083279409
417744.2012306357	4568715.9993934035
417745.1970755440	4568716.0904588671
417746.1929204522	4568716.1815243308
417747.1887653605	4568716.2725897944
417748.1846102688	4568716.3636552580
417749.1804551771	4568716.4547207216
417750.1763000853	4568716.5457861852
417751.1721449936	4568716.6368516488
417752.1679899019	4568716.7279171124
417753.1638348102	4568716.8189825760
417754.1596797185	4568716.9100480396
417755.1555246267	4568717.0011135032
417756.1513695350	4568717.0921789669
417757.1472144433	4568717.1832444305
417758.1430593516	4568717.2743098941
417759.1387915425	4568717.3664246341
417760.1312567757	4568717.4889512062
417761.1237220089	4568717.6114777783
417762.1161872421	4568717.7340043504
417763.1086524754	4568717.8565309215
417764.1011177086	4568717.9790574936
417765.0935829418	4568718.1015840657
417766.0860481750	4568718.2241106378
417767.0785134082	4568718.3466372099
417768.0709786415	4568718.4691637820
417769.0634438747	4568718.5916903540
417770.0559091079	4568718.7142169261
417771.0483743411	4568718.8367434982
417772.0408395743	4568718.9592700703
417773.0333048076	4568719.0817966424
417774.0257700408	4568719.2043232145
417775.0182352740	4568719.3268497866
417776.0107005072	4568719.4493763587
417777.0031657404	4568719.5719029307
417777.9956309736	4568719.6944295019
417778.9880962069	4568719.8169560740
417779.9805614401	4568719.9394826461
417780.9730266733	4568720.0620092181
417781.9654919065	4568720.1845357902
417782.9579571397	4568720.3070623623
417783.9504223730	4568720.4295889344
417784.9428876062	4568720.5521155065
417785.9353528394	4568720.6746420786
417786.9278180726	4568720.7971686507
417787.9202833058	4568720.9196952228
417788.9127485390	4568721.0422217948
417789.9052137723	4568721.1647483669
417790.8976790055	4568721.2872749390
417791.8901442387	4568721.4098015111
417792.8850610876	4568721.5088785756
417793.8814077366	4568721.5942797177
417794.8777543857	4568721.6796808587
417795.8741010347	4568721.7650819998
417796.8704476838	4568721.8504831409
417797.8667943328	4568721.9358842829
417798.8631409818	4568722.0212854240
417799.8594876309	4568722.1066865651
417800.8558342799	4568722.1920877062
417801.8521809289	4568722.2774888473
417802.8485275780	4568722.3628899893
417803.8457396698	4568722.4373662323
417804.8431054867	4568722.5099019278
417805.8404713037	4568722.5824376233
417806.8378371207	4568722.6549733188
417807.8352029376	4568722.7275090152
417808.8325687546	4568722.8000447107
417809.8299345715	4568722.8725804063
417810.8273003885	4568722.9451161018
417811.8246662055	4568723.0176517973
417812.8220320224	4568723.0901874928
417813.8193978394	4568723.1627231892
417814.8036530092	4568723.3218728807
417815.7778057129	4568723.5477633625
417816.7519584166	4568723.7736538444
417817.7261111203	4568723.9995443262
417818.7002638240	4568724.2254348090
417819.6744165276	4568724.4513252908
417820.6485692314	4568724.6772157727
417821.6227219350	4568724.9031062545
417822.5968746387	4568725.1289967373
417823.5710273424	4568725.3548872191
417824.5451800461	4568725.5807777010
417825.5193327498	4568725.8066681828
417826.4934854535	4568726.0325586656
417827.4676381572	4568726.2584491475
417828.4417908609	4568726.4843396293
417829.4159435646	4568726.7102301111
417830.3900962682	4568726.9361205939
417831.3642489719	4568727.1620110758
417832.3384016756	4568727.3879015576
417833.3125543793	4568727.6137920395
417834.2867070830	4568727.8396825222
417835.2608597867	4568728.0655730041
417836.2396952025	4568728.2699687202
417837.2195332409	4568728.4697621604
417838.1993712793	4568728.6695555998
417839.1792093177	4568728.8693490392
417840.1590473561	4568729.0691424785
417841.1388853945	4568729.2689359179
417842.1187234330	4568729.4687293582
417843.0985614714	4568729.6685227975
417844.0783995098	4568729.8683162369
417845.0582375482	4568730.0681096762
417846.0380755866	4568730.2679031156
417847.0179136250	4568730.4676965559
417847.9977516634	4568730.6674899952
417848.9775897019	4568730.8672834346
417849.9574277402	4568731.0670768740
417850.9372657787	4568731.2668703133
417851.9171038171	4568731.4666637527
417852.8969418555	4568731.6664571930
417853.8767798939	4568731.8662506323
417854.8566179323	4568732.0660440717
417855.8364559707	4568732.2658375110
417856.8162940091	4568732.4656309504
417857.7961320475	4568732.6654243907
417858.7759700860	4568732.8652178301
417859.7558081243	4568733.0650112694
417860.7356461628	4568733.2648047088
417861.7154842012	4568733.4645981481
417862.6953222396	4568733.6643915884
417863.6751602780	4568733.8641850278
417864.6549983164	4568734.0639784671
417865.6348363548	4568734.2637719065
417866.6146743932	4568734.4635653459
417867.5945124317	4568734.6633587861
417868.5743504701	4568734.8631522255
417869.5541885084	4568735.0629456649
417870.5340265469	4568735.2627391042
417871.5138645853	4568735.4625325436
417872.4937026237	4568735.6623259839
417873.4735406621	4568735.8621194232
417874.4533787005	4568736.0619128626
417875.4332167389	4568736.2617063019
417876.4130547773	4568736.4614997413
417877.3928928158	4568736.6612931816
417878.3727308542	4568736.8610866209
417879.3525688926	4568737.0608800603
417880.3324069310	4568737.2606734997
417881.3122449694	4568737.4604669390
417882.2920830078	4568737.6602603784
417883.2718366080	4568737.8604672756
417884.2515515403	4568738.0608635116
417885.2312664726	4568738.2612597477
417886.2109814049	4568738.4616559837
417887.1906963372	4568738.6620522197
417888.1704112696	4568738.8624484558
417889.1501262018	4568739.0628446918
417890.1298411342	4568739.2632409278
417891.1095560665	4568739.4636371639
417892.0892709987	4568739.6640333999
417893.0689859311	4568739.8644296359
417894.0487008634	4568740.0648258720
417895.0284157957	4568740.2652221080
417896.0081307280	4568740.4656183431
417896.9878456603	4568740.6660145791
417897.9675605926	4568740.8664108152
417898.9472755249	4568741.0668070512
417899.9269904573	4568741.2672032872
417900.9049102669	4568741.4758003205
417901.8787514767	4568741.7030299362
417902.8525926863	4568741.9302595519
417903.8264338961	4568742.1574891675
417904.8002751058	4568742.3847187832
417905.7741163155	4568742.6119483998
417906.7479575252	4568742.8391780155
417907.7217987349	4568743.0664076312
417908.6956399446	4568743.2936372468
417909.6694811543	4568743.5208668625
417910.6433223640	4568743.7480964782
417911.6171635738	4568743.9753260938
417912.5910047834	4568744.2025557095
417913.5648459932	4568744.4297853252
417914.5386872029	4568744.6570149409
417915.5125284126	4568744.8842445565
417916.4863696223	4568745.1114741722
417917.4602108320	4568745.3387037879
417918.4340520417	4568745.5659334045
417919.4096985832	4568745.7850393392
417920.3881192184	4568745.9916623300
417921.3665398536	4568746.1982853208
417922.3449604889	4568746.4049083125
417923.3233811242	4568746.6115313033
417924.3018017594	4568746.8181542950
417925.2802223947	4568747.0247772858
417926.2586430300	4568747.2314002775
417927.2370636652	4568747.4380232682
417928.2154843005	4568747.6446462600
417929.1939049358	4568747.8512692507
417930.1723255710	4568748.0578922415
417931.1507462063	4568748.2645152332
417932.1291668415	4568748.4711382240
417933.1075874768	4568748.6777612157
417934.0860081121	4568748.8843842065
417935.0644287473	4568749.0910071982
417936.0453847049	4568749.2848935872
417937.0283472440	4568749.4686995903
417938.0113097831	4568749.6525055943
417938.9942723221	4568749.8363115974
417939.9772348612	4568750.0201176004
417940.9601974003	4568750.2039236035
417941.9431599393	4568750.3877296066
417942.9261224784	4568750.5715356097
417943.9090850174	4568750.7553416127
417944.8920475565	4568750.9391476158
417945.8750100956	4568751.1229536189
417946.8579726346	4568751.3067596219
417947.8409351737	4568751.4905656250
417948.8133622543	4568751.7221072596
417949.7823767896	4568751.9691109648
417950.7513913249	4568752.2161146700
417951.7204058603	4568752.4631183753
417952.6894203956	4568752.7101220805
417953.6584349309	4568752.9571257848
417954.6274494662	4568753.2041294901
417955.5964640015	4568753.4511331953
417956.5654785368	4568753.6981369006
417957.5344930722	4568753.9451406058
417958.5035076075	4568754.1921443110
417959.4871621666	4568754.0194327785
417960.4710320768	4568753.8405473409
417961.4549019870	4568753.6616619034
417962.4023306143	4568753.8013637653
417963.3203929679	4568754.1977997823
417964.2384553214	4568754.5942357983
417965.1565176749	4568754.9906718144
417966.0745800284	4568755.3871078305
417967.0377454221	4568755.4231093992
417968.0251860541	4568755.2651188979
417969.0115483997	4568755.1312193656
417969.9809258370	4568755.3767949827
417970.9503032744	4568755.6223706007
417971.9196807118	4568755.8679462178
417972.8890581492	4568756.1135218358
417973.8584355865	4568756.3590974528
417974.8278130239	4568756.6046730708
417975.7971904613	4568756.8502486879
417976.7686179883	4568757.0864184713
417977.7522654760	4568757.2665229412
417978.7359129637	4568757.4466274101
417979.7195604514	4568757.6267318800
417980.7032079391	4568757.8068363490
417981.6868554268	4568757.9869408188
417982.6705029146	4568758.1670452878
417983.6541504023	4568758.3471497577
417984.6497877265	4568758.3655766221
417985.6492417632	4568758.3325368194
417986.6486957998	4568758.2994970167
417987.6481498365	4568758.2664572131
417988.6476038732	4568758.2334174104
417989.6470579099	4568758.2003776077
417990.6465119465	4568758.1673378050
417991.6459659832	4568758.1342980023
417992.6454200199	4568758.1012581987
417993.6448740566	4568758.0682183960
417994.6443280932	4568758.0351785934
417995.6437821299	4568758.0021387907
417996.6434390808	4568757.9813786484
417997.6434390808	4568757.9813786484
417998.6434390808	4568757.9813786484
417999.6434390808	4568757.9813786484
418000.6434390808	4568757.9813786484
418001.6434390808	4568757.9813786484
418002.6434390808	4568757.9813786484
418003.6434390808	4568757.9813786484
418004.6434390808	4568757.9813786484
418005.6429323660	4568757.9649792137
418006.6410247763	4568757.9032415384
418007.6391171866	4568757.8415038632
418008.6372095969	4568757.7797661889
418009.6353020072	4568757.7180285137
418010.6333944175	4568757.6562908385
418011.6314868278	4568757.5945531642
418012.6295792381	4568757.5328154890
418013.6276716484	4568757.4710778138
418014.6257640587	4568757.4093401395
418015.6244488959	4568757.3637217414
418016.6243805058	4568757.3520266348
418017.6243121158	4568757.3403315283
418018.6242437257	4568757.3286364218
418019.6241753356	4568757.3169413153
418020.6241069455	4568757.3052462088
418021.6240385554	4568757.2935511023
418022.6239701653	4568757.2818559958
418023.6239017752	4568757.2701608893
418024.6238333851	4568757.2584657827
418025.6237649950	4568757.2467706762
418026.6236966049	4568757.2350755697
418027.6236282148	4568757.2233804632
418028.6235598247	4568757.2116853567
418029.6234914346	4568757.1999902502
418030.6234230445	4568757.1882951437
418031.6233546544	4568757.1766000371
418032.6232862643	4568757.1649049306
418033.6215897585	4568757.2155547114
418034.6195480285	4568757.2794240406
418035.6175062986	4568757.3432933707
418036.6154645686	4568757.4071626998
418037.6134228386	4568757.4710320290
418038.6113811087	4568757.5349013582
418039.6093393788	4568757.5987706874
418040.6072976488	4568757.6626400175
418041.6052559189	4568757.7265093466
418042.6032141889	4568757.7903786758
418043.6011724590	4568757.8542480050
418044.5991307291	4568757.9181173341
418045.5969771300	4568757.9829543177
418046.5831840266	4568758.1484715585
418047.5693909232	4568758.3139888002
418048.5555978197	4568758.4795060409
418049.5418047163	4568758.6450232826
418050.5280116129	4568758.8105405234
418051.5142185095	4568758.9760577651
418052.5004254060	4568759.1415750058
418053.4866323025	4568759.3070922475
418054.4728391991	4568759.4726094892
418055.4590460957	4568759.6381267300
418056.4452529923	4568759.8036439717
418057.4314598888	4568759.9691612124
418058.4176667854	4568760.1346784541
418059.4038736820	4568760.3001956949
418060.3884259776	4568760.4742558878
418061.3651154673	4568760.6889129179
418062.3418049569	4568760.9035699489
418063.3184944465	4568761.1182269799
418064.2951839361	4568761.3328840109
418065.2718734258	4568761.5475410409
418066.2485629154	4568761.7621980719
418067.2252524050	4568761.9768551029
418068.2019418946	4568762.1915121339
418069.1786313842	4568762.4061691640
418070.1646395891	4568762.5679502888
418071.1558674898	4568762.7001140080
418072.1470953905	4568762.8322777282
418073.1383232912	4568762.9644414485
418074.1295511919	4568763.0966051677
418075.1207790926	4568763.2287688879
418076.1064831122	4568763.3932689074
418077.0853739449	4568763.5976527082
418078.0642647775	4568763.8020365080
418079.0431556101	4568764.0064203087
418080.0220464428	4568764.2108041085
418081.0009372754	4568764.4151879093
418081.9798281080	4568764.6195717091
418082.9587189406	4568764.8239555098
418083.9376097733	4568765.0283393096
418084.9165006059	4568765.2327231094
418085.9138343293	4568765.2954742741
418086.9124226569	4568765.3485906748
418087.9110109845	4568765.4017070755
418088.9095993121	4568765.4548234753
418089.9081876396	4568765.5079398761
418090.9067759672	4568765.5610562768
418091.9053642949	4568765.6141726775
418092.9039526224	4568765.6672890773
418093.9025409500	4568765.7204054780
418094.8982755019	4568765.8019636860
418095.8875103695	4568765.9483002052
418096.8767452371	4568766.0946367243
418097.8659801046	4568766.2409732426
418098.8552149722	4568766.3873097617
418099.8444498398	4568766.5336462809
418100.8336847074	4568766.6799827991
418101.8229195750	4568766.8263193183
418102.8121544426	4568766.9726558374
418103.8013893102	4568767.1189923557
418104.7906241777	4568767.2653288748
418105.7798590453	4568767.4116653940
418106.7690939129	4568767.5580019122
418107.7583287805	4568767.7043384314
418108.7475636481	4568767.8506749505
418109.7367985157	4568767.9970114687
418110.7260333832	4568768.1433479879
418111.7152682508	4568768.2896845071
418112.7048462405	4568768.4336783234
418113.6944966575	4568768.5771776335
418114.6841470745	4568768.7206769437
418115.6737974916	4568768.8641762547
418116.6634479086	4568769.0076755648
418117.6530983256	4568769.1511748750
418118.6427487426	4568769.2946741851
418119.6323991596	4568769.4381734962
418120.6220495767	4568769.5816728063
418121.6116999937	4568769.7251721164
418122.6013504107	4568769.8686714265
418123.5910008278	4568770.0121707376
418124.5806512448	4568770.1556700477
418125.5703016618	4568770.2991693579
418126.5599520788	4568770.4426686689
418127.5496024958	4568770.5861679791
418128.5392529129	4568770.7296672892
418129.5289033299	4568770.8731665993
418130.5185537469	4568771.0166659104
418131.5082041640	4568771.1601652205
418132.4960118528	4568771.3138586506
418133.4732713496	4568771.5259055225
418134.4505308464	4568771.7379523944
418135.4277903432	4568771.9499992663
418136.4050498400	4568772.1620461382
418137.3823093368	4568772.3740930101
418138.3595688336	4568772.5861398820
418139.3368283304	4568772.7981867539
418140.3140878272	4568773.0102336258
418141.2913473241	4568773.2222804977
418142.2686068208	4568773.4343273705
418143.2458663176	4568773.6463742424
418144.2231258144	4568773.8584211143
418145.2003853112	4568774.0704679862
418146.1776448080	4568774.2825148581
418147.1549043049	4568774.4945617300
418148.1321638017	4568774.7066086018
418149.1094232985	4568774.9186554737
418150.0866827953	4568775.1307023456
418151.0639422921	4568775.3427492175
418152.0412017888	4568775.5547960894
418153.0184612856	4568775.7668429613
418153.9957207825	4568775.9788898332
418154.9069229462	4568776.3882612735
418155.8550719835	4568776.6706572007
418156.8453400924	4568776.8098300155
418157.8356082012	4568776.9490028312
418158.8258763101	4568777.0881756460
418159.8161444190	4568777.2273484617
418160.8064125279	4568777.3665212775
418161.7966806368	4568777.5056940923
418162.7869487456	4568777.6448669080
418163.7772168545	4568777.7840397237
418164.7674849634	4568777.9232125385
418165.7577530723	4568778.0623853542
418166.7480211812	4568778.2015581699
418167.7382892900	4568778.3407309847
418168.7285573989	4568778.4799038004
418169.7188255078	4568778.6190766152
418170.7090936167	4568778.7582494309
418171.6993617256	4568778.8974222466
418172.6896298344	4568779.0365950614
418173.6798979433	4568779.1757678771
418174.6695413158	4568779.3192073116
418175.6581389752	4568779.4697884116
418176.6467366346	4568779.6203695117
418177.6353342941	4568779.7709506117
418178.6239319535	4568779.9215317126
418179.6125296129	4568780.0721128127
418180.6011272724	4568780.2226939127
418181.5897249318	4568780.3732750136
418182.5783225912	4568780.5238561137
418183.5669202507	4568780.6744372137
418184.5555179101	4568780.8250183146
418185.5441155695	4568780.9755994147
418186.5327132289	4568781.1261805147
418187.5213108884	4568781.2767616147
418188.5099085478	4568781.4273427157
418189.4985062072	4568781.5779238157
418190.4894208297	4568781.7120674215
418191.4811233363	4568781.8406214500
418192.4728258429	4568781.9691754794
418193.4645283496	4568782.0977295078
418194.4562308563	4568782.2262835363
418195.4479333629	4568782.3548375648
418196.4396358695	4568782.4833915941
418197.4313383762	4568782.6119456226
418198.4230408828	4568782.7404996511
418199.4147433895	4568782.8690536795
418200.4064458962	4568782.9976077089
418201.3981484028	4568783.1261617374
418202.3898509094	4568783.2547157658
418203.3815534161	4568783.3832697952
418204.3732559228	4568783.5118238237
418205.3649584294	4568783.6403778521
418206.3564346173	4568783.7704103366
418207.3411808845	4568783.9444068568
418208.3259271517	4568784.1184033779
418209.3106734188	4568784.2923998991
418210.2954196860	4568784.4663964193
418211.2801659532	4568784.6403929405
418212.2649122204	4568784.8143894617
418213.2496584876	4568784.9883859819
418214.2344047548	4568785.1623825030
418215.2191510219	4568785.3363790242
418216.2038972891	4568785.5103755444
418217.1886435563	4568785.6843720656
418218.1733898235	4568785.8583685867
418219.1581360907	4568786.0323651070
418220.1428823578	4568786.2063616281
418221.1276286250	4568786.3803581493
418222.1123748923	4568786.5543546695
418223.0971211594	4568786.7283511907
418224.0818674266	4568786.9023477118
418225.0666136937	4568787.0763442321
418226.0513599610	4568787.2503407532
418227.0361062282	4568787.4243372744
418228.0208524953	4568787.5983337956
418229.0055987625	4568787.7723303158
418229.9903450297	4568787.9463268369
418230.9750912969	4568788.1203233581
418231.9598375641	4568788.2943198783
418232.9445838312	4568788.4683163995
418233.9155897675	4568788.6969762361
418234.8655663703	4568789.0092973113
418235.8155429733	4568789.3216183865
418236.7655195762	4568789.6339394618
418237.7154961791	4568789.9462605370
418238.6654727820	4568790.2585816123
418239.6154493849	4568790.5709026866
418240.5654259878	4568790.8832237618
418241.5327268274	4568791.1284073032
418242.5152133517	4568791.3147409540
418243.4976998760	4568791.5010746056
418244.4801864004	4568791.6874082563
418245.4626729247	4568791.8737419071
418246.4451594490	4568792.0600755587
418247.4241446659	4568792.2632582169
418248.3995268500	4568792.4837794062
418249.3749090341	4568792.7043005954
418250.3502912181	4568792.9248217857
418251.3256734022	4568793.1453429749
418252.3010555862	4568793.3658641642
418253.2764377703	4568793.5863853535
418254.2518199544	4568793.8069065437
418255.2272021384	4568794.0274277329
418256.2025843225	4568794.2479489222
418257.1779665066	4568794.4684701115
418258.1533486906	4568794.6889913008
418259.1287308747	4568794.9095124910
418260.1041130588	4568795.1300336802
418261.0794952428	4568795.3505548695
418262.0548774269	4568795.5710760588
418263.0302596110	4568795.7915972490
418264.0056417950	4568796.0121184383
418264.9810239791	4568796.2326396275
418265.9564061632	4568796.4531608168
418266.9317883472	4568796.6736820061
418267.9071705313	4568796.8942031963
418268.8825527153	4568797.1147243856
418269.8579348994	4568797.3352455748
418270.8309348901	4568797.5656624055
418271.7998165235	4568797.8131869109
418272.7686981570	4568798.0607114155
418273.7375797904	4568798.3082359200
418274.7064614238	4568798.5557604246
418275.6753430572	4568798.8032849291
418276.6442246906	4568799.0508094337
418277.6131063241	4568799.2983339382
418278.5819879575	4568799.5458584437
418279.5508695909	4568799.7933829483
418280.5197512243	4568800.0409074528
418281.4886328578	4568800.2884319574
418282.4575144912	4568800.5359564619
418283.4263961246	4568800.7834809665
418284.3952777580	4568801.0310054710
418285.3876761128	4568800.9665134475
418286.3827133031	4568800.8670097291
418287.3777504934	4568800.7675060108
418288.3727876836	4568800.6680022925
418289.3697284209	4568800.7027256377
418290.3671871208	4568800.7739726882
418291.3646458206	4568800.8452197379
418292.3621045205	4568800.9164667875
418293.3595632203	4568800.9877138371
418294.3570219201	4568801.0589608876
418295.3544806200	4568801.1302079372
418296.3519393198	4568801.2014549868
418297.3493980196	4568801.2727020374
418298.3468567195	4568801.3439490870
418299.3398370442	4568801.4591892175
418300.3311918101	4568801.5903979363
418301.3225465761	4568801.7216066550
418302.3139013421	4568801.8528153747
418303.3052561081	4568801.9840240935
418304.2966108740	4568802.1152328122
418305.2879656400	4568802.2464415319
418306.2854075347	4568802.2956827404
418307.2852686747	4568802.3123470927
418308.2851298148	4568802.3290114449
418309.2849909548	4568802.3456757981
418310.2848520949	4568802.3623401504
418311.2847132349	4568802.3790045027
418312.2806437068	4568802.4539176086
418313.2736789430	4568802.5717353486
418314.2667141791	4568802.6895530885
418315.2597494152	4568802.8073708285
418316.2527846513	4568802.9251885675
418317.2458198875	4568803.0430063074
418318.2388551236	4568803.1608240474
418319.2318903597	4568803.2786417874
418320.2249255958	4568803.3964595273
418321.2179608320	4568803.5142772673
418322.2109960680	4568803.6320950072
418323.2040313042	4568803.7499127463
418324.1981529275	4568803.7794654900
418325.1937871536	4568803.6861247811
418326.1894213797	4568803.5927840732
418327.1842699023	4568803.5302018337
418328.1738401148	4568803.6742531937
418329.1634103274	4568803.8183045546
418330.1529805400	4568803.9623559145
418331.1425507526	4568804.1064072745
418332.1321209652	4568804.2504586345
418333.1216911779	4568804.3945099944
418334.1112613905	4568804.5385613544
418335.1008316031	4568804.6826127144
418336.0904018157	4568804.8266640743
418337.0799720282	4568804.9707154343
418338.0695422408	4568805.1147667943
418339.0591124535	4568805.2588181542
418340.0486826661	4568805.4028695142
418341.0382528787	4568805.5469208751
418342.0278230913	4568805.6909722351
418343.0173933039	4568805.8350235950
418343.9909421350	4568806.0596264815
418344.9603195723	4568806.3052020986
418345.9296970097	4568806.5507777156
418346.8990744471	4568806.7963533336
418347.8684518844	4568807.0419289507
418348.8378293218	4568807.2875045687
418349.8072067592	4568807.5330801858
418350.7765841966	4568807.7786558038
418351.7459616339	4568808.0242314208
418352.7153390713	4568808.2698070388
418353.6847165087	4568808.5153826559
418354.6540939461	4568808.7609582739
418355.6234713834	4568809.0065338910
418356.5928488208	4568809.2521095090
418357.5622262582	4568809.4976851260
418358.5316036956	4568809.7432607440
418359.4874341029	4568810.0370082259
418360.4427199936	4568810.3326919535
418361.3980058843	4568810.6283756820
418362.3532917750	4568810.9240594096
418363.3085776657	4568811.2197431372
418364.2638635565	4568811.5154268658
418365.2191494472	4568811.8111105934
418366.1744353379	4568812.1067943219
418367.1297212286	4568812.4024780495
418368.0850071194	4568812.6981617771
418369.0402930100	4568812.9938455056
418369.9955789008	4568813.2895292332
418370.9508647915	4568813.5852129618
418371.9061506822	4568813.8808966894
418372.8614365729	4568814.1765804179
418373.8167224637	4568814.4722641455
418374.7720083544	4568814.7679478731
418375.7272942451	4568815.0636316016
418376.6825801358	4568815.3593153292
418377.6378660265	4568815.6549990578
418378.5931519172	4568815.9506827854
418379.5484378080	4568816.2463665130
418380.5062401425	4568816.5336428070
418381.4668857169	4568816.8114198400
418382.4275312912	4568817.0891968738
418383.3881768656	4568817.3669739077
418384.3488224399	4568817.6447509415
418385.3094680142	4568817.9225279754
418386.2701135886	4568818.2003050093
418387.2307591629	4568818.4780820431
418388.1914047373	4568818.7558590770
418389.1520503116	4568819.0336361108
418390.1126958860	4568819.3114131447
418391.0733414603	4568819.5891901786
418392.0339870346	4568819.8669672124
418392.9946326090	4568820.1447442453
418393.9552781833	4568820.4225212792
418394.9159237577	4568820.7002983131
418395.8765693320	4568820.9780753469
418396.8372149063	4568821.2558523808
418397.8023282129	4568821.5175429638
418398.7686331529	4568821.7749429699
418399.7349380928	4568822.0323429760
418400.7012430328	4568822.2897429811
418401.6675479728	4568822.5471429871
418402.6338529128	4568822.8045429932
418403.6001578528	4568823.0619429983
418404.5664627928	4568823.3193430044
418405.5327677328	4568823.5767430104
418406.4990726728	4568823.8341430156
418407.4653776128	4568824.0915430216
418408.4316825528	4568824.3489430277
418409.3979874928	4568824.6063430328
418410.3642924328	4568824.8637430388
418411.3305973727	4568825.1211430449
418412.2969023127	4568825.3785430500
418413.2632072527	4568825.6359430561
418414.2295121927	4568825.8933430621
418415.1958171327	4568826.1507430673
418416.1621220727	4568826.4081430733
418417.1284270126	4568826.6655430794
418418.0947319526	4568826.9229430845
418419.0610368926	4568827.1803430906
418420.0273418326	4568827.4377430966
418420.9966016654	4568827.6835363191
418421.9683553694	4568827.9195336476
418422.9401090733	4568828.1555309761
418423.9118627773	4568828.3915283037
418424.8836164812	4568828.6275256323
418425.8553701851	4568828.8635229599
418426.8271238891	4568829.0995202884
418427.8035122825	4568829.3037209595
418428.8021999460	4568829.3549357112
418429.8008876095	4568829.4061504630
418430.7995752730	4568829.4573652148
418431.7982629365	4568829.5085799666
418432.7969506000	4568829.5597947184
418433.7956382634	4568829.6110094711
418434.7943259269	4568829.6622242229
418435.7858324573	4568829.7554598534
418436.7448501653	4568830.0388059951
418437.7038678733	4568830.3221521359
418438.6628855813	4568830.6054982767
418439.6219032894	4568830.8888444183
418440.5965051658	4568831.0993075725
418441.5875374919	4568831.2329299077
418442.5785698180	4568831.3665522439
418443.5696021440	4568831.5001745801
418444.5606344701	4568831.6337969163
418445.5516667961	4568831.7674192525
418446.5426991222	4568831.9010415887
418447.5337314483	4568832.0346639249
418448.5247637743	4568832.1682862611
418449.5181418187	4568832.2480174769
418450.5170363880	4568832.2010106733
418451.5159309572	4568832.1540038697
418452.5148255264	4568832.1069970662
418453.5137200956	4568832.0599902626
418454.5126146649	4568832.0129834590
418455.5115092341	4568831.9659766555
418456.5104038033	4568831.9189698528
418457.5092983725	4568831.8719630493
418458.5080835484	4568831.8828428369
418459.5067933177	4568831.9336246895
418460.5055030871	4568831.9844065420
418461.5042128564	4568832.0351883946
418462.5029226258	4568832.0859702481
418463.5016323952	4568832.1367521007
418464.5003421646	4568832.1875339532
418465.4990519340	4568832.2383158058
418466.4977617033	4568832.2890976584
418467.4964714727	4568832.3398795109
418468.4951812420	4568832.3906613644
418469.4938910114	4568832.4414432170
418470.4889670120	4568832.5321854409
418471.4804553616	4568832.6623808807
418472.4719437112	4568832.7925763205
418473.4634320609	4568832.9227717603
418474.4549204105	4568833.0529672001
418475.4464087601	4568833.1831626398
418476.4378971097	4568833.3133580796
418477.4293854594	4568833.4435535194
418478.4208738090	4568833.5737489602
418479.4123621586	4568833.7039444000
418480.4038505082	4568833.8341398397
418481.3953388579	4568833.9643352795
418482.3868272075	4568834.0945307193
418483.3783155571	4568834.2247261591
418484.3698039067	4568834.3549215989
418485.3612922564	4568834.4851170387
418486.3527806060	4568834.6153124785
418487.3442689556	4568834.7455079183
418488.3357573052	4568834.8757033581
418489.3272456548	4568835.0058987979
418490.3176378455	4568835.1422948278
418491.2936694839	4568835.3599235043
418492.2697011224	4568835.5775521807
418493.2457327609	4568835.7951808563
418494.2217643994	4568836.0128095327
418495.1977960379	4568836.2304382091
418496.1738276763	4568836.4480668847
418497.1498593148	4568836.6656955611
418498.1258909533	4568836.8833242375
418499.1019225918	4568837.1009529140
418500.0779542302	4568837.3185815895
418501.0539858687	4568837.5362102659
418502.0300175072	4568837.7538389424
418503.0060491457	4568837.9714676179
418503.9820807841	4568838.1890962943
418504.9581124226	4568838.4067249708
418505.9347414362	4568838.6216426929
418506.9118466273	4568838.8343994683
418507.8889518184	4568839.0471562436
418508.8660570095	4568839.2599130189
418509.8431622006	4568839.4726697942
418510.8202673917	4568839.6854265695
418511.7973725828	4568839.8981833458
418512.7744777739	4568840.1109401211
418513.7515829650	4568840.3236968964
418514.7286881561	4568840.5364536718
418515.7057933472	4568840.7492104471
418516.6828985383	4568840.9619672224
418517.6600037294	4568841.1747239986
418518.6225790897	4568841.4414005876
418519.5742877075	4568841.7484033676
418520.5259963252	4568842.0554061476
418521.4777049430	4568842.3624089276
418522.4294135607	4568842.6694117067
418523.3811221785	4568842.9764144868
418524.3328307963	4568843.2834172668
418525.2845394140	4568843.5904200468
418526.2362480318	4568843.8974228268
418527.1879566495	4568844.2044256069
418528.1396652673	4568844.5114283869
418529.0913738851	4568844.8184311669
418530.0430825029	4568845.1254339460
418530.9947911206	4568845.4324367261
418531.9464997384	4568845.7394395061
418532.8982083561	4568846.0464422861
418533.8499169739	4568846.3534450661
418534.8054051750	4568846.6484473925
418535.7612736089	4568846.9422424529
418536.7171420427	4568847.2360375123
418537.6730104766	4568847.5298325717
418538.6288789105	4568847.8236276321
418539.5847473443	4568848.1174226915
418540.5406157782	4568848.4112177510
418541.4964842121	4568848.7050128113
418542.4523526460	4568848.9988078708
418543.4082210799	4568849.2926029302
418544.3640895137	4568849.5863979906
418545.3199579476	4568849.8801930500
418546.2758263815	4568850.1739881095
418547.2316948154	4568850.4677831689
418548.1875632492	4568850.7615782293
418549.1434316831	4568851.0553732887
418550.0993001170	4568851.3491683481
418551.0551685508	4568851.6429634085
418552.0110369847	4568851.9367584679
418552.9669054186	4568852.2305535274
418553.9227738524	4568852.5243485877
418554.8786422863	4568852.8181436472
418555.8345107202	4568853.1119387066
418556.7903791541	4568853.4057337670
418557.7501889005	4568853.6844392717
418558.7276367375	4568853.8956162734
418559.7050845744	4568854.1067932751
418560.6825324113	4568854.3179702768
418561.6599802482	4568854.5291472785
418562.6374280852	4568854.7403242802
418563.6148759221	4568854.9515012819
418564.5923237590	4568855.1626782836
418565.5697715960	4568855.3738552853
418566.5472194329	4568855.5850322871
418567.5246672698	4568855.7962092897
418568.5021151067	4568856.0073862914
418569.4795629437	4568856.2185632931
418570.4570107806	4568856.4297402948
418571.4344586175	4568856.6409172965
418572.4119064544	4568856.8520942982
418573.3893542913	4568857.0632712999
418574.3692313672	4568857.2613341147
418575.3574666613	4568857.4142752914
418576.3457019554	4568857.5672164680
418577.3339372495	4568857.7201576447
418578.3221725436	4568857.8730988214
418579.3104078376	4568858.0260399980
418580.2986431318	4568858.1789811747
418581.2868784258	4568858.3319223514
418582.2751137199	4568858.4848635281
418583.2587317319	4568858.6634413470
418584.2382291103	4568858.8648982542
418585.2177264887	4568859.0663551623
418586.1972238671	4568859.2678120695
418587.1767212456	4568859.4692689776
418588.1562186241	4568859.6707258848
418589.1357160025	4568859.8721827930
418590.1152133809	4568860.0736397002
418591.0947107594	4568860.2750966083
418592.0742081378	4568860.4765535155
418593.0537055162	4568860.6780104237
418594.0332028946	4568860.8794673309
418595.0127002731	4568861.0809242390
418595.9921976516	4568861.2823811462
418596.9716950300	4568861.4838380534
418597.9402143142	4568861.7316354392
418598.9059897427	4568861.9910151260
418599.8717651712	4568862.2503948128
418600.8375405997	4568862.5097744986
418601.8033160281	4568862.7691541854
418602.7690914566	4568863.0285338722
418603.7348668850	4568863.2879135581
418604.7006423135	4568863.5472932449
418605.6664177420	4568863.8066729316
418606.6321931705	4568864.0660526175
418607.5979685989	4568864.3254323043
418608.5637440274	4568864.5848119911
418609.5295194559	4568864.8441916779
418610.4952948843	4568865.1035713637
418611.4610703128	4568865.3629510505
418612.4268457413	4568865.6223307373
418613.3926211697	4568865.8817104232
418614.3583965982	4568866.1410901099
418615.3247822134	4568866.3981554182
418616.2929008238	4568866.6486476455
418617.2610194342	4568866.8991398737
418618.2291380446	4568867.1496321019
418619.1972566550	4568867.4001243291
418620.1653752654	4568867.6506165573
418621.1334938758	4568867.9011087846
418622.1016124863	4568868.1516010128
418623.0697310966	4568868.4020932401
418624.0378497070	4568868.6525854683
418625.0059683175	4568868.9030776965
418625.9740869279	4568869.1535699237
418626.9422055382	4568869.4040621519
418627.9103241487	4568869.6545543792
418628.8784427591	4568869.9050466074
418629.8482160883	4568870.1484211879
418630.8275492718	4568870.3506747801
418631.8068824553	4568870.5529283723
418632.7862156389	4568870.7551819645
418633.7655488224	4568870.9574355576
418634.7448820059	4568871.1596891498
418635.7242151895	4568871.3619427420
418636.7035483730	4568871.5641963342
418637.6828815565	4568871.7664499264
418638.6622147401	4568871.9687035196
418639.6462672437	4568872.1448617764
418640.6344062364	4568872.2984239170
418641.6225452291	4568872.4519860577
418642.6106842218	4568872.6055481983
418643.5988232145	4568872.7591103390
418644.5869622072	4568872.9126724796
418645.5751011999	4568873.0662346212
418646.5632401926	4568873.2197967619
418647.5513791854	4568873.3733589025
418648.5395181781	4568873.5269210432
418649.5276571707	4568873.6804831838
418650.5157961635	4568873.8340453245
418651.5039351562	4568873.9876074661
418652.4920741489	4568874.1411696067
418653.4802131416	4568874.2947317474
418654.4699519639	4568874.4354019584
418655.4656531799	4568874.5280253273
418656.4613543959	4568874.6206486961
418657.4570556119	4568874.7132720649
418658.4527568279	4568874.8058954338
418659.4484580439	4568874.8985188026
418660.4441592599	4568874.9911421714
418661.4398604759	4568875.0837655403
418662.4355616918	4568875.1763889091
418663.4312629079	4568875.2690122789
418664.4269641239	4568875.3616356477
418665.4226653399	4568875.4542590166
418666.4183665558	4568875.5468823854
418667.4140677718	4568875.6395057542
418668.4121062085	4568875.7017676365
418669.4102523639	4568875.7626302065
418670.4083985193	4568875.8234927766
418671.4065446747	4568875.8843553467
418672.4046908301	4568875.9452179177
418673.4028369855	4568876.0060804877
418674.4009831409	4568876.0669430578
418675.3991292963	4568876.1278056279
418676.3813456579	4568876.2907201368
418677.3505565840	4568876.5369521026
418678.3197675102	4568876.7831840673
418679.2889784363	4568877.0294160321
418680.2581893626	4568877.2756479969
418681.2274002887	4568877.5218799626
418682.1966112149	4568877.7681119274
418683.1658221410	4568878.0143438922
418684.1350330672	4568878.2605758570
418685.1042439934	4568878.5068078227
418686.0734549195	4568878.7530397875
418687.0426658457	4568878.9992717523
418688.0118767719	4568879.2455037171
418688.9810876980	4568879.4917356828
418689.9502986242	4568879.7379676476
418690.9195095503	4568879.9841996124
418691.8887204766	4568880.2304315772
418692.8579314027	4568880.4766635429
418693.8271423289	4568880.7228955077
418694.7964890079	4568880.9685601741
418695.7721744128	4568881.1877358807
418696.7478598178	4568881.4069115873
418697.7235452228	4568881.6260872949
418698.6992306278	4568881.8452630015
418699.6749160327	4568882.0644387091
418700.6506014377	4568882.2836144157
418701.6262868427	4568882.5027901232
418702.6019722476	4568882.7219658298
418703.5776576526	4568882.9411415365
418704.5533430575	4568883.1603172440
418705.5290284625	4568883.3794929506
418706.5047138675	4568883.5986686582
418707.4803992724	4568883.8178443648
418708.4560846774	4568884.0370200714
418709.4218197138	4568884.2941128341
418710.3794016216	4568884.5822740560
418711.3369835293	4568884.8704352779
418712.2945654370	4568885.1585965008
418713.2521473447	4568885.4467577226
418714.2097292524	4568885.7349189445
418715.1673111602	4568886.0230801674
418716.1248930678	4568886.3112413893
418717.0824749756	4568886.5994026121
418718.0400568833	4568886.8875638340
418718.9976387910	4568887.1757250559
418719.9552206988	4568887.4638862787
418720.9128026064	4568887.7520475006
418721.8703845142	4568888.0402087234
418722.8279664219	4568888.3283699453
418723.7855483296	4568888.6165311672
418724.7431302373	4568888.9046923900
418725.7007121450	4568889.1928536119
418726.6582940527	4568889.4810148347
418727.6158759605	4568889.7691760566
418728.5734578682	4568890.0573372785
418729.5310397759	4568890.3454985013
418730.4886216836	4568890.6336597232
418731.4525174666	4568890.8987260470
418732.4235149205	4568891.1378158722
418733.3945123744	4568891.3769056974
418734.3655098283	4568891.6159955226
418735.3365072821	4568891.8550853478
418736.3075047360	4568892.0941751730
418737.2785021899	4568892.3332649991
418738.2494996438	4568892.5723548243
418739.2204970976	4568892.8114446495
418740.1914945515	4568893.0505344747
418741.1624920054	4568893.2896242999
418742.1334894592	4568893.5287141250
418743.1044869131	4568893.7678039512
418744.0754843669	4568894.0068937764
418745.0464818208	4568894.2459836015
418746.0174792747	4568894.4850734267
418746.9884767286	4568894.7241632519
418747.9594741824	4568894.9632530771
418748.9304716363	4568895.2023429023
418749.9014690902	4568895.4414327284
418750.8724665441	4568895.6805225536
418751.8460682027	4568895.9084925503
418752.8222552629	4568896.1254230086
418753.7984423231	4568896.3423534660
418754.7746293833	4568896.5592839234
418755.7508164436	4568896.7762143817
418756.7270035038	4568896.9931448391
418757.7031905640	4568897.2100752965
418758.6793776242	4568897.4270057539
418759.6556975442	4568897.6432439778
418760.6428326918	4568897.8031320656
418761.6299678394	4568897.9630201524
418762.6171029869	4568898.1229082393
418763.6042381345	4568898.2827963270
418764.5913732820	4568898.4426844139
418765.5785084296	4568898.6025725016
418766.5656435772	4568898.7624605885
418767.5527787247	4568898.9223486762
418768.5399138723	4568899.0822367631
418769.5270490198	4568899.2421248509
418770.5141841674	4568899.4020129377
418771.5013193150	4568899.5619010245
418772.4884544625	4568899.7217891123
418773.4755896101	4568899.8816771992
418774.4665078583	4568899.9945478234
418775.4665078583	4568899.9945478234
418776.4580608716	4568900.0201872597
418777.2622370131	4568900.6145783216
418778.0664131545	4568901.2089693826
418778.8922980519	4568901.7504281541
418779.8822475455	4568901.8918495104
418780.8721970392	4568902.0332708675
418781.8500576852	4568901.8397977287
418782.8272340492	4568901.6273680842
418783.6480291333	4568901.9205651330
418784.3346526661	4568902.6475782851
418785.0228034060	4568903.3716199258
418786.0136335742	4568903.5067331297
418787.0044637423	4568903.6418463346
418787.9952939104	4568903.7769595385
418788.9861240785	4568903.9120727424
418789.9769542466	4568904.0471859472
418790.9677844147	4568904.1822991511
418791.9492243183	4568904.3558054203
418792.8905637223	4568904.6932667168
418793.8319031263	4568905.0307280123
418794.7732425304	4568905.3681893088
418795.7145819344	4568905.7056506053
418796.6559213385	4568906.0431119008
418797.6053372532	4568906.3556790324
418798.5654975999	4568906.6351286853
418799.5256579466	4568906.9145783382
418800.4858182933	4568907.1940279910
418801.4459786400	4568907.4734776448
418802.4061389867	4568907.7529272977
418803.3662993334	4568908.0323769506
418804.3264596801	4568908.3118266035
418805.2866200268	4568908.5912762564
418806.2467803735	4568908.8707259102
418807.2069407202	4568909.1501755631
418808.1671010669	4568909.4296252159
418809.1272614136	4568909.7090748688
418810.0874217603	4568909.9885245226
418811.0514660643	4568910.2510229331
418812.0375116999	4568910.4174981704
418813.0235573354	4568910.5839734077
418814.0096029710	4568910.7504486451
418814.9956486065	4568910.9169238815
418815.9816942421	4568911.0833991189
418816.9677398777	4568911.2498743562
418817.9537855132	4568911.4163495935
418818.9398311487	4568911.5828248309
418819.9258767843	4568911.7493000682
418820.9119224199	4568911.9157753056
418821.8979680554	4568912.0822505420
418822.8840136910	4568912.2487257794
418823.8700593265	4568912.4152010167
418824.8561049621	4568912.5816762540
418825.8421505976	4568912.7481514914
418826.8270453481	4568912.9207581598
418827.8063431803	4568913.1231828509
418828.7856410126	4568913.3256075429
418829.7649388449	4568913.5280322339
418830.7442366771	4568913.7304569259
418831.7235345093	4568913.9328816170
418832.7028323416	4568914.1353063090
418833.6821301739	4568914.3377310000
418834.6614280061	4568914.5401556920
418835.6407258384	4568914.7425803831
418836.6200236706	4568914.9450050751
418837.5993215029	4568915.1474297661
418838.5786193352	4568915.3498544581
418839.5579171674	4568915.5522791492
418840.5372149996	4568915.7547038412
418841.5165128319	4568915.9571285322
418842.4958106642	4568916.1595532242
418843.4751084964	4568916.3619779153
418844.4544063286	4568916.5644026073
418845.4398473089	4568916.7296170406
418846.4322430876	4568916.8527048891
418847.4246388663	4568916.9757927377
418848.4170346449	4568917.0988805862
418849.4094304237	4568917.2219684348
418850.4018262023	4568917.3450562833
418851.3942219810	4568917.4681441318
418852.3866177596	4568917.5912319804
418853.3790135383	4568917.7143198289
418854.3714093170	4568917.8374076774
418855.3638050956	4568917.9604955269
418856.3562008743	4568918.0835833754
418857.3485966530	4568918.2066712240
418858.3422504437	4568918.3120600199
418859.3420790201	4568918.3305753637
418860.3419075964	4568918.3490907075
418861.3417361728	4568918.3676060522
418862.3415647490	4568918.3861213960
418863.3413933254	4568918.4046367398
418864.3260134044	4568918.5507917702
418865.3022004646	4568918.7677222285
418866.2783875248	4568918.9846526859
418867.2545745850	4568919.2015831443
418868.2307616452	4568919.4185136016
418869.2069487053	4568919.6354440600
418870.1739406771	4568919.8902010452
418871.1407784993	4568920.1455921680
418872.1076163215	4568920.4009832907
418873.0744541437	4568920.6563744135
418874.0412919658	4568920.9117655363
418875.0081297880	4568921.1671566600
418875.9749676102	4568921.4225477828
418876.9418054323	4568921.6779389055
418877.9086432545	4568921.9333300283
418878.8754810767	4568922.1887211511
418879.8423188989	4568922.4441122739
418880.8045490188	4568922.7161817560
418881.7653726100	4568922.9933424070
418882.7261962013	4568923.2705030581
418883.6870197924	4568923.5476637091
418884.6478433836	4568923.8248243602
418885.6086669748	4568924.1019850122
418886.5694905661	4568924.3791456632
418887.5303141573	4568924.6563063143
418888.4911377485	4568924.9334669653
418889.4519613397	4568925.2106276164
418890.4127849309	4568925.4877882674
418891.3994777272	4568925.6143774427
418892.3977108789	4568925.6737960828
418893.3959440306	4568925.7332147229
418894.3941771824	4568925.7926333630
418895.3924103341	4568925.8520520031
418896.3906434858	4568925.9114706432
418897.3888766376	4568925.9708892833
418898.3871097893	4568926.0303079225
418899.3847003446	4568926.0961876391
418900.3750820466	4568926.2345497888
418901.3654637485	4568926.3729119385
418902.3558454504	4568926.5112740882
418903.3462271524	4568926.6496362379
418904.3366088544	4568926.7879983876
418905.3269905563	4568926.9263605373
418906.3173722583	4568927.0647226870
418907.3077539602	4568927.2030848367
418908.2981356622	4568927.3414469855
418909.2885173641	4568927.4798091352
418910.2788990661	4568927.6181712849
418911.2692807680	4568927.7565334346
418912.2596624699	4568927.8948955843
418913.2499366204	4568928.0339689190
418914.2369438904	4568928.1946445210
418915.2239511603	4568928.3553201230
418916.2109584302	4568928.5159957251
418917.1979657001	4568928.6766713271
418918.1849729701	4568928.8373469291
418919.1719802400	4568928.9980225312
418920.1589875099	4568929.1586981332
418921.1459947799	4568929.3193737362
418922.1274290775	4568929.5013663443
418923.0667863974	4568929.8443063181
418924.0061437172	4568930.1872462919
418924.9455010370	4568930.5301862657
418925.8848583569	4568930.8731262395
418926.8242156767	4568931.2160662133
418927.7635729965	4568931.5590061871
418928.6898335184	4568931.9317576066
418929.5778279277	4568932.3916118545
418930.4658223372	4568932.8514661016
418931.3538167465	4568933.3113203496
418932.2418111559	4568933.7711745966
418933.1298055653	4568934.2310288446
418934.0177999747	4568934.6908830917
418934.7606049471	4568935.3491945611
418935.4677117281	4568936.0563013423
418936.2814150864	4568936.6030208087
418937.2071696010	4568936.9811458923
418938.1329241155	4568937.3592709759
418939.0586786300	4568937.7373960586
418939.9844331446	4568938.1155211423
418940.9101876591	4568938.4936462259
418941.8359421736	4568938.8717713095
418942.7616966882	4568939.2498963932
418943.7260299577	4568939.4926918996
418944.7120108432	4568939.6595502030
418945.6979917287	4568939.8264085064
418946.6839726142	4568939.9932668097
418947.6699534997	4568940.1601251131
418948.6559343852	4568940.3269834165
418949.6419152708	4568940.4938417198
418950.6403966345	4568940.5211137226
418951.6403362607	4568940.5321020698
418952.6402758871	4568940.5430904180
418953.6402155133	4568940.5540787652
418954.6401551396	4568940.5650671134
418955.6400947659	4568940.5760554606
418956.6400343922	4568940.5870438088
418957.6399740185	4568940.5980321560
418958.6399136448	4568940.6090205042
418959.6220745307	4568940.7567677526
418960.5915870871	4568941.0018093875
418961.5610996436	4568941.2468510224
418962.5306121999	4568941.4918926582
418963.5001247564	4568941.7369342931
418964.4696373128	4568941.9819759279
418965.4391498692	4568942.2270175628
418966.4086624257	4568942.4720591977
418967.3781749821	4568942.7171008335
418968.3476875385	4568942.9621424684
418969.2799193178	4568943.3236010857
418970.2114236382	4568943.6873313440
418971.1429279587	4568944.0510616023
418972.0744322791	4568944.4147918615
418973.0059365995	4568944.7785221199
418973.9374409199	4568945.1422523782
418974.8689452404	4568945.5059826365
418975.8004495609	4568945.8697128957
418976.7319538813	4568946.2334431540
418977.6634582018	4568946.5971734123
418978.5949625222	4568946.9609036716
418979.5482424026	4568947.2505765539
418980.5283717338	4568947.4489360610
418981.5085010649	4568947.6472955681
418982.4886303961	4568947.8456550762
418983.4687597273	4568948.0440145833
418984.4488890584	4568948.2423740905
418985.4290183896	4568948.4407335976
418986.4091477208	4568948.6390931057
418987.3892770519	4568948.8374526128
418988.3800085071	4568948.9637148483
418989.3757491811	4568949.0559130590
418990.3714898551	4568949.1481112707
418991.3672305292	4568949.2403094815
418992.3629712032	4568949.3325076923
418993.3546697685	4568949.4470088128
418994.3194335898	4568949.7101262193
418995.2841974111	4568949.9732436249
418996.2489612323	4568950.2363610305
418997.2137250536	4568950.4994784361
418998.1784888749	4568950.7625958417
418999.1432526962	4568951.0257132472
419000.1099423232	4568951.2807746483
419001.0893993664	4568951.4824275691
419002.0688564097	4568951.6840804899
419003.0483134530	4568951.8857334107
419004.0277704962	4568952.0873863315
419005.0072275395	4568952.2890392514
419005.9866845828	4568952.4906921722
419006.9661416260	4568952.6923450930
419007.9455986693	4568952.8939980138
419008.9250557126	4568953.0956509346
419009.9045127558	4568953.2973038545
419010.8783334061	4568953.5231256476
419011.8459506785	4568953.7755475445
419012.8141148443	4568954.0256090835
419013.7941454335	4568954.2244558688
419014.7741760226	4568954.4233026551
419015.7542066118	4568954.6221494414
419016.7342372010	4568954.8209962267
419017.7142677901	4568955.0198430130
419018.6942983793	4568955.2186897993
419019.6743289685	4568955.4175365856
419020.6287226809	4568955.7129003434
419021.5782503622	4568956.0265835952
419022.5277780434	4568956.3402668471
419023.4773057247	4568956.6539500989
419024.4268334059	4568956.9676333517
419025.3763610871	4568957.2813166035
419026.3258887683	4568957.5949998554
419027.2754164496	4568957.9086831072
419028.2249441308	4568958.2223663591
419029.1744718121	4568958.5360496109
419030.1239994933	4568958.8497328628
419031.0735271745	4568959.1634161156
419032.0124782335	4568959.5070341490
419032.9483069999	4568959.8594891392
419033.8841357664	4568960.2119441284
419034.8199645328	4568960.5643991185
419035.7557932993	4568960.9168541087
419036.6916220657	4568961.2693090988
419037.6274508321	4568961.6217640880
419038.5632795986	4568961.9742190782
419039.5015459172	4568962.3199993717
419040.4442681902	4568962.6535780225
419041.3869904632	4568962.9871566724
419042.3297127362	4568963.3207353232
419043.2724350092	4568963.6543139732
419044.2151572822	4568963.9878926240
419045.1578795552	4568964.3214712739
419046.1069293950	4568964.6349401167
419047.0708098158	4568964.9012754960
419048.0346902366	4568965.1676108753
419048.9985706574	4568965.4339462556
419049.9624510783	4568965.7002816349
419050.9263314990	4568965.9666170143
419051.8902119199	4568966.2329523936
419052.8540923407	4568966.4992877729
419053.8228167481	4568966.7441760767
419054.8076003071	4568966.9179614102
419055.7762346894	4568967.1560725737
419056.7263264965	4568967.4680430181
419057.6764183035	4568967.7800134625
419058.6265101106	4568968.0919839069
419059.5766019176	4568968.4039543513
419060.5266937247	4568968.7159247957
419061.4767855318	4568969.0278952401
419062.4111394332	4568969.3772567660
419063.2983562345	4568969.8386095017
419064.1855730357	4568970.2999622384
419065.0870677810	4568970.7304435289
419066.0131601409	4568971.1077404162
419066.9392525006	4568971.4850373035
419067.8653448604	4568971.8623341909
419068.7914372202	4568972.2396310782
419069.7175295800	4568972.6169279655
419070.6436219398	4568972.9942248529
419071.5697142995	4568973.3715217402
419072.4958066593	4568973.7488186276
419073.4350130051	4568974.0890239924
419074.3924508972	4568974.3776633563
419075.3498887894	4568974.6663027210
419076.3073266815	4568974.9549420858
419077.2647645736	4568975.2435814496
419078.2222024658	4568975.5322208144
419079.1796403579	4568975.8208601791
419080.1370782500	4568976.1094995430
419081.0945161422	4568976.3981389077
419082.0519540343	4568976.6867782725
419083.0093919264	4568976.9754176363
419083.9668298186	4568977.2640570011
419084.9242677107	4568977.5526963659
419085.8817056028	4568977.8413357297
419086.8391434950	4568978.1299750945
419087.8253528900	4568978.2883322472
419088.8153023836	4568978.4297536034
419089.8052518773	4568978.5711749597
419090.7952013710	4568978.7125963159
419091.7851508647	4568978.8540176721
419092.7751003584	4568978.9954390284
419093.7470358013	4568979.2096955953
419094.6887777125	4568979.5460319938
419095.6651345821	4568979.4360471815
419096.6474731486	4568979.2489350736
419097.6063408693	4568979.3999526575
419098.5534067487	4568979.7209919384
419099.5004726281	4568980.0420312202
419100.4475385074	4568980.3630705010
419101.3946043868	4568980.6841097828
419102.3416702662	4568981.0051490637
419103.2980369123	4568981.2920665778
419104.2770173320	4568981.4960208321
419105.2559977517	4568981.6999750864
419106.2424839744	4568981.8623002730
419107.2310485734	4568982.0130982623
419108.2196131724	4568982.1638962515
419109.2081777713	4568982.3146942416
419110.1967423703	4568982.4654922308
419111.1853069692	4568982.6162902201
419112.1673856382	4568982.8030608064
419113.1463660581	4568983.0070150597
419114.1265316295	4568983.2046854813
419115.1125476433	4568983.3713360755
419116.0985636571	4568983.5379866697
419117.0845796709	4568983.7046372639
419118.0705956847	4568983.8712878581
419119.0566116985	4568984.0379384523
419120.0426277123	4568984.2045890465
419121.0286437261	4568984.3712396407
419121.9886785853	4568984.6456178026
419122.9422612504	4568984.9467491703
419123.8958439155	4568985.2478805389
419124.8494265807	4568985.5490119066
419125.8361120445	4568985.6589627163
419126.8354268783	4568985.6959743770
419127.8347417120	4568985.7329860376
419128.7402309616	4568986.1496677073
419129.6417540192	4568986.5823987741
419130.5509427245	4568986.9946285654
419131.5152158142	4568987.2595387548
419132.4794889039	4568987.5244489443
419133.4437619936	4568987.7893591337
419134.4080350833	4568988.0542693231
419135.3723081730	4568988.3191795126
419136.3365812627	4568988.5840897020
419137.3008543524	4568988.8489998914
419138.2651274421	4568989.1139100809
419139.2294005318	4568989.3788202703
419140.1899558960	4568989.6565429335
419141.1462601700	4568989.9489162145
419142.1025644439	4568990.2412894955
419143.0588687179	4568990.5336627765
419144.0151729919	4568990.8260360584
419144.9714772658	4568991.1184093393
419145.9277815398	4568991.4107826203
419146.8840858138	4568991.7031559022
419147.8403900878	4568991.9955291832
419148.7966943617	4568992.2879024642
419149.7529986357	4568992.5802757451
419150.7093029097	4568992.8726490270
419151.6656071837	4568993.1650223080
419152.6219114576	4568993.4573955890
419153.5782157316	4568993.7497688709
419154.5345200055	4568994.0421421519
419155.4908242795	4568994.3345154328
419156.4387381420	4568994.6524787275
419157.3825027441	4568994.9830969004
419158.3262673461	4568995.3137150723
419159.2700319481	4568995.6443332452
419160.2137965501	4568995.9749514181
419161.1575611520	4568996.3055695901
419162.1013257540	4568996.6361877630
419163.0450903561	4568996.9668059358
419163.9888549581	4568997.2974241078
419164.9326195601	4568997.6280422807
419165.8763841620	4568997.9586604536
419166.8201487640	4568998.2892786255
419167.7639133660	4568998.6198967984
419168.7076779680	4568998.9505149703
419169.6514425701	4568999.2811331432
419170.5952071720	4568999.6117513161
419171.5389717740	4568999.9423694881
419172.4451668230	4569000.3594902186
419173.3309983578	4569000.8234972134
419174.2297678780	4569001.2577033909
419175.1736262344	4569001.5880538160
419176.1174845909	4569001.9184042402
419177.0613429473	4569002.2487546643
419178.0052013037	4569002.5791050894
419178.9490596602	4569002.9094555136
419179.8929180166	4569003.2398059387
419180.8459897094	4569003.5419827448
419181.8026635897	4569003.8331443612
419182.7593374701	4569004.1243059766
419183.7160113505	4569004.4154675929
419184.6726852309	4569004.7066292092
419185.6293591113	4569004.9977908246
419186.5860329916	4569005.2889524410
419187.5428258624	4569005.5797222396
419188.4998502669	4569005.8697296353
419189.4568746714	4569006.1597370300
419190.4138990758	4569006.4497444257
419191.3709234803	4569006.7397518205
419192.3279478848	4569007.0297592152
419193.2849722893	4569007.3197666109
419194.2495669060	4569007.5784909595
419195.2332996610	4569007.7581291143
419196.2170324159	4569007.9377672700
419197.2007651709	4569008.1174054248
419198.1844979258	4569008.2970435806
419199.1682306808	4569008.4766817354
419200.1519634357	4569008.6563198911
419201.1356961907	4569008.8359580459
419202.1194289457	4569009.0155962016
419203.1031617006	4569009.1952343564
419204.0868944556	4569009.3748725122
419205.0706272105	4569009.5545106679
419206.0511684582	4569009.7495042086
419207.0250096679	4569009.9767338242
419207.9988508777	4569010.2039634399
419208.9726920874	4569010.4311930556
419209.9465332971	4569010.6584226713
419210.9203745068	4569010.8856522869
419211.8942157165	4569011.1128819026
419212.8680569262	4569011.3401115183
419213.8418981359	4569011.5673411340
419214.8157393456	4569011.7945707496
419215.7966594383	4569011.9885247545
419216.7786658852	4569012.1773721483
419217.7606723322	4569012.3662195420
419218.7426787792	4569012.5550669357
419219.7246852262	4569012.7439143294
419220.7140679875	4569012.8730954975
419221.7124994959	4569012.9290823117
419222.7109310041	4569012.9850691250
419223.7093625124	4569013.0410559382
419224.7077940207	4569013.0970427515
419225.7062255289	4569013.1530295648
419226.7046570372	4569013.2090163780
419227.7030885455	4569013.2650031922
419228.7015200538	4569013.3209900055
419229.6999515621	4569013.3769768188
419230.6983830703	4569013.4329636320
419231.6943121082	4569013.5179504398
419232.6875752473	4569013.6338311397
419233.6808383863	4569013.7497118395
419234.6741015254	4569013.8655925393
419235.6673646645	4569013.9814732382
419236.6606278036	4569014.0973539380
419237.6538909427	4569014.2132346379
419238.6471540818	4569014.3291153377
419239.6404172209	4569014.4449960366
419240.6336803600	4569014.5608767364
419241.6269434990	4569014.6767574362
419242.6202066381	4569014.7926381361
419243.6089252564	4569014.9302293994
419244.5652768277	4569015.2224479336
419245.5216283989	4569015.5146664688
419246.4779799701	4569015.8068850040
419247.4437609875	4569016.0559604447
419248.4348216491	4569016.1893724566
419249.4258823107	4569016.3227844695
419250.4169429724	4569016.4561964814
419251.4080036340	4569016.5896084942
419252.3990642956	4569016.7230205061
419253.3901249572	4569016.8564325180
419254.3811856188	4569016.9898445308
419255.3722462804	4569017.1232565427
419256.3633069420	4569017.2566685556
419257.3543676036	4569017.3900805674
419258.3439898435	4569017.5334665403
419259.3323615411	4569017.6855237242
419260.3207332387	4569017.8375809090
419261.3091049364	4569017.9896380929
419262.2974766340	4569018.1416952778
419263.2684920387	4569018.3444449389
419264.1547714136	4569018.7896660455
419265.1519141016	4569018.8652071590
419266.1490567896	4569018.9407482715
419267.1461994776	4569019.0162893841
419268.1433421657	4569019.0918304967
419269.1404848537	4569019.1673716092
419270.1376275418	4569019.2429127218
419271.1338006465	4569019.3289846238
419272.1279730491	4569019.4367864504
419273.1221454517	4569019.5445882771
419274.1163178543	4569019.6523901047
419275.1104902569	4569019.7601919314
419276.1046626596	4569019.8679937581
419277.0988350622	4569019.9757955847
419278.0930074649	4569020.0835974114
419279.0871798675	4569020.1913992381
419280.0786803912	4569020.3209921224
419281.0694469867	4569020.4565707091
419282.0602135823	4569020.5921492968
419283.0509801778	4569020.7277278835
419284.0417467733	4569020.8633064702
419285.0325133688	4569020.9988850569
419286.0232799643	4569021.1344636437
419287.0140465598	4569021.2700422304
419288.0048131554	4569021.4056208171
419288.9955797509	4569021.5411994038
419289.9688529189	4569021.7703229291
419290.9416591335	4569022.0019434569
419291.9144653481	4569022.2335639847
419292.8872715627	4569022.4651845125
419293.8664597413	4569022.6662136391
419294.8507309483	4569022.8428777009
419295.8350021554	4569023.0195417637
419296.8192733625	4569023.1962058265
419297.8106760208	4569023.3119578790
419298.8091363740	4569023.3674278986
419299.7948302037	4569023.5203591203
419300.7738911931	4569023.7239262573
419301.7529521825	4569023.9274933934
419302.7320131719	4569024.1310605295
419303.7110741613	4569024.3346276665
419304.6901351508	4569024.5381948026
419305.6691961402	4569024.7417619387
419306.6482571296	4569024.9453290757
419307.6273181190	4569025.1488962118
419308.6063791084	4569025.3524633478
419309.5600077967	4569025.6052787881
419310.2928012882	4569026.2857298879
419311.0607074434	4569026.9017040730
419312.0298759745	4569027.1481028516
419312.9990445056	4569027.3945016311
419313.9682130367	4569027.6409004098
419314.9373815679	4569027.8872991884
419315.9065500990	4569028.1336979680
419316.8757186301	4569028.3800967466
419317.8732498329	4569028.3998268684
419318.8732498329	4569028.3998268684
419319.8732498329	4569028.3998268684
419320.8732498329	4569028.3998268684
419321.8724007721	4569028.4264578428
419322.8703698549	4569028.4901579972
419323.8683389378	4569028.5538581517
419324.8663080207	4569028.6175583052
419325.8642771036	4569028.6812584596
419326.8634636771	4569028.7067717584
419327.8634636771	4569028.7067717593
419328.8400736536	4569028.9059941005
419329.8128798682	4569029.1376146274
419330.7856860829	4569029.3692351552
419331.7584922975	4569029.6008556830
419332.7312985122	4569029.8324762098
419333.7041047269	4569030.0640967377
419334.6791966459	4569030.2850123979
419335.6617668916	4569030.4709040662
419336.6443371373	4569030.6567957345
419337.6269073829	4569030.8426874019
419338.6014529444	4569031.0624486068
419339.5629768922	4569031.3371697348
419340.5245008400	4569031.6118908618
419341.4860247878	4569031.8866119897
419342.4475487356	4569032.1613331167
419343.4130119516	4569032.4218322355
419344.3788547886	4569032.6809608024
419345.3446976257	4569032.9400893692
419346.3105404628	4569033.1992179360
419347.2776668507	4569033.4534763135
419348.2457661436	4569033.7040431891
419349.2138654365	4569033.9546100646
419350.1819647294	4569034.2051769402
419351.1500640223	4569034.4557438157
419352.1181633153	4569034.7063106913
419353.0862626081	4569034.9568775669
419354.0543619010	4569035.2074444424
419355.0224611939	4569035.4580113180
419355.9893364972	4569035.7132284362
419356.9553452440	4569035.9717378188
419357.9213539908	4569036.2302472023
419358.8873627375	4569036.4887565849
419359.8533714843	4569036.7472659685
419360.8193802311	4569037.0057753511
419361.7853889779	4569037.2642847346
419362.7524592292	4569037.5181602081
419363.7346711443	4569037.7059360156
419364.7168830594	4569037.8937118230
419365.6990949745	4569038.0814876305
419366.6813068897	4569038.2692634370
419367.6635188047	4569038.4570392445
419368.6457307199	4569038.6448150519
419369.6279426350	4569038.8325908594
419370.5952882190	4569039.0858895285
419371.5623627563	4569039.3403828284
419372.5294372936	4569039.5948761273
419373.4965118308	4569039.8493694263
419374.4635863681	4569040.1038627261
419375.4306609053	4569040.3583560251
419376.3764980631	4569040.6825808277
419377.3212546751	4569041.0103535298
419378.2660112871	4569041.3381262319
419379.2107678991	4569041.6658989331
419380.1555245111	4569041.9936716352
419381.1083144404	4569042.2966872919
419382.0655258677	4569042.5860767933
419383.0227372949	4569042.8754662946
419383.9799487221	4569043.1648557959
419384.9371601493	4569043.4542452982
419385.8943715766	4569043.7436347995
419386.8515830038	4569044.0330243008
419387.8087944310	4569044.3224138021
419388.7660058582	4569044.6118033035
419389.7199429514	4569044.9115711683
419390.6699195543	4569045.2238922436
419391.6198961573	4569045.5362133188
419392.5698727602	4569045.8485343931
419393.5198493632	4569046.1608554684
419394.4698259661	4569046.4731765436
419395.4198025691	4569046.7854976179
419396.3697791720	4569047.0978186931
419397.3197557749	4569047.4101397684
419398.2697323779	4569047.7224608427
419399.2197089808	4569048.0347819179
419400.1696855838	4569048.3471029932
419401.1196621867	4569048.6594240675
419402.0696387897	4569048.9717451427
419403.0196153926	4569049.2840662180
419403.9695919956	4569049.5963872923
419404.9195685985	4569049.9087083675
419405.8695452015	4569050.2210294427
419406.8195218044	4569050.5333505170
419407.7694984074	4569050.8456715923
419408.7194750103	4569051.1579926675
419409.6694516133	4569051.4703137418
419410.6194282162	4569051.7826348171
419411.5694048192	4569052.0949558923
419412.5280587488	4569052.3792963810
419413.4880587488	4569052.6592963804
419414.4480587488	4569052.9392963806
419415.4080587488	4569053.2192963809
419416.3680587489	4569053.4992963802
419417.3280587488	4569053.7792963805
419418.2880587488	4569054.0592963807
419419.2480587489	4569054.3392963801
419420.2080587489	4569054.6192963803
419421.1680587489	4569054.8992963806
419422.1476762141	4569055.0869322447
419423.1386083023	4569055.2212959183
419424.1295403905	4569055.3556595910
419425.1204724786	4569055.4900232637
419426.1114045668	4569055.6243869374
419427.1023366549	4569055.7587506101
419428.0918060348	4569055.9031904964
419429.0800413289	4569056.0561316721
419430.0682766230	4569056.2090728488
419431.0565119172	4569056.3620140245
419432.0447472113	4569056.5149552012
419433.0329825054	4569056.6678963779
419434.0212177996	4569056.8208375536
419435.0094530937	4569056.9737787303
419435.9976883878	4569057.1267199069
419436.9794508143	4569057.3161705183
419437.9600314899	4569057.5122866537
419438.9406121656	4569057.7084027883
419439.9211928413	4569057.9045189237
419440.9017735170	4569058.1006350592
419441.8823541927	4569058.2967511937
419442.8629348684	4569058.4928673292
419443.8430409244	4569058.6908732336
419444.7999215010	4569058.9813548373
419445.7568020775	4569059.2718364410
419446.7136826542	4569059.5623180447
419447.6705632308	4569059.8527996484
419448.6274438073	4569060.1432812521
419449.5852746060	4569060.4297034554
419450.5716685298	4569060.5941024432
419451.5580624537	4569060.7585014310
419452.5444563775	4569060.9229004178
419453.5308503013	4569061.0872994056
419454.4451562919	4569061.4619186707
419455.3248628055	4569061.9374357043
419456.2045693191	4569062.4129527388
419457.0842758326	4569062.8884697733
419458.0019063083	4569063.2581172530
419458.9834552954	4569063.4493280947
419459.9650042826	4569063.6405389365
419460.9465532697	4569063.8317497773
419461.9281022568	4569064.0229606191
419462.9096512439	4569064.2141714608
419463.8912002311	4569064.4053823017
419464.8727492182	4569064.5965931434
419465.8423021677	4569064.8329167562
419466.7891837564	4569065.1544991834
419467.7360653450	4569065.4760816097
419468.6829469336	4569065.7976640360
419469.6298285222	4569066.1192464633
419470.5767101109	4569066.4408288896
419471.5475320000	4569066.6681843307
419472.5330808908	4569066.8375755465
419473.5186297815	4569067.0069667613
419474.5041786723	4569067.1763579771
419475.4897275631	4569067.3457491929
419476.4752764539	4569067.5151404087
419477.4608253446	4569067.6845316235
419478.2967189065	4569068.2295845291
419479.2597213129	4569068.4626723360
419480.2425934998	4569068.6469608704
419481.2254656867	4569068.8312494056
419482.2083378737	4569069.0155379409
419483.1912100606	4569069.1998264762
419484.1740822476	4569069.3841150105
419485.1569544345	4569069.5684035458
419486.1398266214	4569069.7526920810
419487.1226988083	4569069.9369806163
419488.1055709953	4569070.1212691506
419489.0884431823	4569070.3055576859
419490.0713153692	4569070.4898462212
419491.0541875561	4569070.6741347564
419492.0370597430	4569070.8584232908
419493.0199319300	4569071.0427118260
419494.0028041169	4569071.2270003613
419494.9680925823	4569071.4647062216
419495.8682518336	4569071.9002671503
419496.7684110849	4569072.3358280789
419497.6685703362	4569072.7713890066
419498.6326146689	4569072.9889304219
419499.6254915074	4569073.1080756420
419500.6183683459	4569073.2272208631
419501.6112451844	4569073.3463660832
419502.6041220229	4569073.4655113034
419503.5835025066	4569073.6559497677
419504.5512267412	4569073.9079612866
419505.5189509757	4569074.1599728065
419506.4866752102	4569074.4119843254
419507.4543994448	4569074.6639958452
419508.4221236793	4569074.9160073642
419509.3898479138	4569075.1680188840
419510.3575721483	4569075.4200304030
419511.3252963829	4569075.6720419228
419512.2930206174	4569075.9240534417
419513.2408014147	4569076.2336160131
419514.1569587494	4569076.6344348481
419515.1197437467	4569076.8610518482
419516.1136274815	4569076.9714833740
419517.1075112162	4569077.0819148999
419518.1013949508	4569077.1923464257
419519.0952786855	4569077.3027779516
419520.0872865622	4569077.4217067733
419521.0352905395	4569077.7399652516
419521.9832945169	4569078.0582237290
419522.9312984942	4569078.3764822073
419523.8793024716	4569078.6947406856
419524.8273064490	4569079.0129991639
419525.7753104263	4569079.3312576422
419526.7233144038	4569079.6495161196
419527.6713183811	4569079.9677745979
419528.6193223585	4569080.2860330762
419529.5673263358	4569080.6042915545
419530.5153303132	4569080.9225500319
419531.4633342906	4569081.2408085102
419532.4113382679	4569081.5590669885
419533.3593422453	4569081.8773254668
419534.3073462227	4569082.1955839451
419535.2846375675	4569082.4052657327
419536.2640946108	4569082.6069186525
419537.2435516541	4569082.8085715733
419538.1946853498	4569083.0952814715
419539.0995040520	4569083.5210785074
419540.0043227541	4569083.9468755443
419540.9091414563	4569084.3726725802
419541.8139601585	4569084.7984696170
419542.7187788606	4569085.2242666529
419543.6235975627	4569085.6500636898
419544.5284162649	4569086.0758607257
419545.4715589518	4569086.4002103899
419546.4319051785	4569086.6790205846
419547.3922514052	4569086.9578307802
419548.3596506080	4569087.2084346963
419549.3382003930	4569087.4144451777
419550.3167501780	4569087.6204556581
419551.2952999629	4569087.8264661394
419552.2738497479	4569088.0324766207
419553.2523995328	4569088.2384871021
419554.2309493178	4569088.4444975825
419555.2094991028	4569088.6505080638
419556.1963337588	4569088.7978420062
419557.1936674824	4569088.8708176445
419558.1910012060	4569088.9437932828
419559.1883349295	4569089.0167689212
419560.1514446581	4569089.1957280617
419561.0031029748	4569089.7198254867
419561.9523876452	4569089.9458897654
419562.9490722610	4569090.0272517754
419563.9457568769	4569090.1086137844
419564.9424414927	4569090.1899757944
419565.9391261084	4569090.2713378035
419566.9209321972	4569090.4473080952
419567.8944794920	4569090.6757936850
419568.8680267869	4569090.9042792739
419569.8415740818	4569091.1327648638
419570.8151213766	4569091.3612504536
419571.7886686715	4569091.5897360435
419572.7622159664	4569091.8182216324
419573.7357632612	4569092.0467072222
419574.7093105561	4569092.2751928121
419575.6828578510	4569092.5036784010
419576.6522722153	4569092.7480570916
419577.6137961629	4569093.0227782195
419578.5753201105	4569093.2974993475
419579.5368440582	4569093.5722204754
419580.4983680058	4569093.8469416033
419581.4012120126	4569094.2725172332
419582.2956392037	4569094.7197308289
419583.2728127544	4569094.8760707416
419584.2687059609	4569094.9666064875
419585.2050310740	4569095.2615509341
419586.0936517310	4569095.7201938545
419586.9822723880	4569096.1788367741
419587.8708930450	4569096.6374796936
419588.7988111649	4569097.0100931861
419589.7272878560	4569097.3814838612
419590.7116996025	4569097.4624271523
419591.7116996025	4569097.4624271523
419592.6549334519	4569097.7656193860
419593.5871990099	4569098.1273940802
419594.5194645680	4569098.4891687743
419595.4517301260	4569098.8509434685
419596.3839956841	4569099.2127181627
419597.3162612421	4569099.5744928569
419598.2485268002	4569099.9362675510
419599.1911291115	4569100.2686360460
419600.1447117764	4569100.5697674146
419601.1029040931	4569100.8553194935
419602.0668155164	4569101.1215426484
419603.0307269395	4569101.3877658034
419603.9946383627	4569101.6539889583
419604.9585497859	4569101.9202121133
419605.9224612091	4569102.1864352683
419606.8863726324	4569102.4526584232
419607.8502840555	4569102.7188815782
419608.8141954788	4569102.9851047331
419609.7781069020	4569103.2513278881
419610.7420183252	4569103.5175510431
419611.6924548775	4569103.8222112693
419612.6115999074	4569104.2161305677
419613.5307449373	4569104.6100498671
419614.4626397181	4569104.9594244575
419615.4510114157	4569105.1114816414
419616.4393831134	4569105.2635388263
419617.4195526705	4569105.4570126301
419618.3912766142	4569105.6931324666
419619.3630005578	4569105.9292523032
419620.3347245015	4569106.1653721398
419621.3064484452	4569106.4014919763
419622.2781723888	4569106.6376118138
419623.2498963325	4569106.8737316504
419624.2216202762	4569107.1098514870
419625.1933442198	4569107.3459713235
419626.1650681635	4569107.5820911601
419627.1367921072	4569107.8182109976
419628.1115699724	4569108.0396635951
419629.0967817272	4569108.2110047694
419630.0819934820	4569108.3823459446
419631.0672052368	4569108.5536871189
419632.0524169916	4569108.7250282941
419633.0376287465	4569108.8963694684
419634.0228405013	4569109.0677106436
419635.0061317305	4569109.2469327087
419635.9597143957	4569109.5480640763
419636.9132970609	4569109.8491954440
419637.8668797261	4569110.1503268117
419638.8204623913	4569110.4514581794
419639.7740450565	4569110.7525895471
419640.7276277216	4569111.0537209148
419641.6812103868	4569111.3548522824
419642.6347930521	4569111.6559836511
419643.5544580603	4569112.0474593183
419644.4706153951	4569112.4482781524
419645.3867727300	4569112.8490969874
419646.3029300648	4569113.2499158215
419647.2190873997	4569113.6507346556
419648.1352447345	4569114.0515534896
419649.0514020693	4569114.4523723237
419649.9675594042	4569114.8531911578
419650.8837167390	4569115.2540099919
419651.8597934198	4569115.4688941725
419652.7474361421	4569115.8764224676
419653.5474361415	4569116.4764224682
419654.5266765295	4569116.6644353978
419655.5110131728	4569116.8407344976
419656.4953498160	4569117.0170335984
419657.4796864593	4569117.1933326982
419658.4640231025	4569117.3696317989
419659.4483597458	4569117.5459308997
419660.4323206917	4569117.7236137912
419661.3706638085	4569118.0693191504
419662.3090069253	4569118.4150245087
419663.2798397597	4569118.6529827015
419664.2528774934	4569118.8836286822
419665.2259152272	4569119.1142746639
419666.1989529609	4569119.3449206455
419667.1719906947	4569119.5755666262
419668.1450284284	4569119.8062126078
419669.1180661621	4569120.0368585894
419670.0911038959	4569120.2675045710
419671.0641416296	4569120.4981505517
419672.0371793634	4569120.7287965333
419673.0102170971	4569120.9594425149
419673.9832548309	4569121.1900884956
419674.9562925646	4569121.4207344772
419675.9293302984	4569121.6513804588
419676.9058344504	4569121.8666783730
419677.8835489993	4569122.0766170798
419678.8612635484	4569122.2865557866
419679.8389780974	4569122.4964944934
419680.8166926464	4569122.7064332003
419681.7944071954	4569122.9163719071
419682.7721217445	4569123.1263106139
419683.7498362935	4569123.3362493208
419684.7275508425	4569123.5461880276
419685.7052653916	4569123.7561267344
419686.6829799406	4569123.9660654413
419687.6606944896	4569124.1760041481
419688.6384090386	4569124.3859428549
419689.6161235877	4569124.5958815617
419690.5938381367	4569124.8058202686
419691.5715526857	4569125.0157589754
419692.5492672347	4569125.2256976822
419693.5214242993	4569125.4594374988
419694.4910105382	4569125.7041874230
419695.4605967769	4569125.9489373472
419696.4301830158	4569126.1936872713
419697.3997692546	4569126.4384371955
419698.3693554935	4569126.6831871206
419699.3389417323	4569126.9279370448
419700.3085279712	4569127.1726869689
419701.2781142100	4569127.4174368931
419702.2477004488	4569127.6621868173
419703.2172866877	4569127.9069367414
419704.1777477124	4569128.1848671203
419705.1361333960	4569128.4703437071
419706.0945190796	4569128.7558202939
419707.0529047632	4569129.0412968807
419708.0112904468	4569129.3267734665
419708.9696761304	4569129.6122500533
419709.9280618140	4569129.8977266401
419710.8864474976	4569130.1832032269
419711.8448331811	4569130.4686798137
419712.8032188647	4569130.7541563995
419713.7754806448	4569130.9862015741
419714.7516677051	4569131.2031320315
419715.7278547654	4569131.4200624889
419716.7262189819	4569131.4597576596
419717.7257601610	4569131.4900467871
419718.7253013401	4569131.5203359136
419719.6481744027	4569131.8197323401
419720.5136006879	4569132.3207686106
419721.4228154124	4569132.6587745575
419722.4228154124	4569132.6587745575
419723.4228154124	4569132.6587745585
419724.3912241678	4569132.7520925058
419725.1855820010	4569133.3595426129
419725.9799398343	4569133.9669927210
419726.9725339549	4569133.9888690813
419727.9725339549	4569133.9888690813
419728.9520483101	4569134.0985381957
419729.8846164084	4569134.4595322981
419730.8171845066	4569134.8205264006
419731.7497526049	4569135.1815205039
419732.7292555652	4569135.3746495787
419733.7138180730	4569135.5496829133
419734.6983805808	4569135.7247162480
419735.6829430887	4569135.8997495826
419736.6675055964	4569136.0747829173
419737.6520681043	4569136.2498162519
419738.6366306121	4569136.4248495856
419739.6211931199	4569136.5998829203
419740.6057556277	4569136.7749162549
419741.4664086391	4569137.2115980312
419742.2256652412	4569137.8623894053
419743.1424236215	4569138.1354404436
419744.1391082373	4569138.2168024527
419745.1357928532	4569138.2981644627
419746.1324774690	4569138.3795264717
419747.1291620848	4569138.4608884817
419748.1258467006	4569138.5422504907
419749.1225313164	4569138.6236124998
419750.1192159322	4569138.7049745098
419751.1159005481	4569138.7863365188
419752.1125851639	4569138.8676985288
419753.1069731320	4569138.9718493512
419754.0998499705	4569139.0909945723
419755.0927268089	4569139.2101397924
419756.0856036474	4569139.3292850135
419757.0784804859	4569139.4484302346
419758.0713573243	4569139.5675754556
419759.0642341628	4569139.6867206758
419760.0571110012	4569139.8058658969
419761.0499878397	4569139.9250111179
419762.0428646782	4569140.0441563381
419763.0171105065	4569140.2370816283
419763.9475188995	4569140.6036061458
419764.8779272925	4569140.9701306634
419765.8083356855	4569141.3366551818
419766.7634843163	4569141.6274372209
419767.7308565396	4569141.8807966132
419768.6982287630	4569142.1341560045
419769.6656009864	4569142.3875153968
419770.6329732097	4569142.6408747891
419771.6003454331	4569142.8942341805
419772.5677176564	4569143.1475935727
419773.5350898798	4569143.4009529650
419774.5024621031	4569143.6543123564
419775.4939176815	4569143.6598251201
419776.4795884926	4569143.6656835238
419777.3920978172	4569144.0747394273
419778.3046071417	4569144.4837953318
419779.2171164663	4569144.8928512353
419780.1876892115	4569145.1248741830
419781.1652102556	4569145.3357120547
419782.1427312996	4569145.5465499274
419783.1202523438	4569145.7573877992
419784.0977733879	4569145.9682256710
419785.0807285234	4569146.1501781726
419786.0680395717	4569146.3089764537
419787.0553506200	4569146.4677747339
419788.0426616683	4569146.6265730150
419789.0299727166	4569146.7853712952
419790.0172837649	4569146.9441695753
419791.0045948132	4569147.1029678565
419791.9919058615	4569147.2617661366
419792.9792169098	4569147.4205644168
419793.9665279581	4569147.5793626979
419794.9538390064	4569147.7381609781
419795.9411500547	4569147.8969592592
419796.9284611030	4569148.0557575393
419797.9157721513	4569148.2145558195
419798.9030831996	4569148.3733541006
419799.8916267302	4569148.5242134202
419800.8806123765	4569148.6722248774
419801.8695980227	4569148.8202363346
419802.8585836690	4569148.9682477918
419803.8475693153	4569149.1162592489
419804.8365549615	4569149.2642707061
419805.8255406078	4569149.4122821633
419806.8145262540	4569149.5602936205
419807.8035119003	4569149.7083050776
419808.7924975466	4569149.8563165357
419809.7814831928	4569150.0043279929
419810.7704688391	4569150.1523394501
419811.7594544853	4569150.3003509073
419812.7484401316	4569150.4483623644
419813.7374257779	4569150.5963738216
419814.7164587908	4569150.7943113567
419815.6866012909	4569151.0368469823
419816.6567437909	4569151.2793826079
419817.6268862909	4569151.5219182335
419818.6188690920	4569151.5870427862
419819.6188690920	4569151.5870427852
419820.6188690920	4569151.5870427852
419821.6028605232	4569151.7199502010
419822.5742595298	4569151.9574032919
419823.5456585363	4569152.1948563820
419824.5170575429	4569152.4323094720
419825.4884565495	4569152.6697625620
419826.4673843986	4569152.8733199174
419827.4479650742	4569153.0694360519
419828.4285457499	4569153.2655521873
419829.4091264257	4569153.4616683228
419830.3897071014	4569153.6577844573
419831.3702877771	4569153.8539005928
419832.3508684528	4569154.0500167273
419833.3314491285	4569154.2461328628
419834.3120298042	4569154.4422489982
419835.2926104798	4569154.6383651327
419836.2731911555	4569154.8344812682
419837.2499750429	4569155.0485843159
419838.2261621030	4569155.2655147742
419839.2023491632	4569155.4824452316
419840.1785362234	4569155.6993756900
419841.1547232836	4569155.9163061474
419842.1309103437	4569156.1332366057
419843.0368462226	4569156.4781417549
419843.7439530043	4569157.1852485361
419844.5981611581	4569157.4384072935
419845.5856017900	4569157.2804167923
419846.5730424218	4569157.1224262910
419847.5378308867	4569157.3631973183
419848.5010271880	4569157.6319962861
419849.4642234893	4569157.9007952539
419850.4274197906	4569158.1695942217
419851.3906160919	4569158.4383931905
419852.3538123932	4569158.7071921583
419853.3170086945	4569158.9759911261
419854.2802049958	4569159.2447900940
419855.2434012971	4569159.5135890618
419856.2065975984	4569159.7823880296
419857.1697938997	4569160.0511869974
419858.1329902010	4569160.3199859653
419859.0961865023	4569160.5887849331
419860.0593828036	4569160.8575839018
419861.0225791049	4569161.1263828697
419861.9857754062	4569161.3951818375
419862.9489717075	4569161.6639808053
419863.9121680088	4569161.9327797731
419864.8759965340	4569162.1992975688
419865.8401453683	4569162.4646596331
419866.8042942026	4569162.7300216975
419867.7684430370	4569162.9953837618
419868.7325918713	4569163.2607458262
419869.6967407056	4569163.5261078905
419870.6608895400	4569163.7914699549
419871.6250383743	4569164.0568320202
419872.5891872086	4569164.3221940845
419873.5533360429	4569164.5875561489
419874.5174848773	4569164.8529182132
419875.4790806438	4569165.1262056250
419876.4168294046	4569165.4735199809
419877.3545781654	4569165.8208343359
419878.2923269262	4569166.1681486918
419879.2300756870	4569166.5154630477
419880.1678244478	4569166.8627774036
419881.1055732086	4569167.2100917585
419882.0433219693	4569167.5574061144
419882.9810707301	4569167.9047204703
419883.9188194909	4569168.2520348262
419884.8565682516	4569168.5993491812
419885.7943170124	4569168.9466635371
419886.7256609985	4569169.3099146057
419887.6429570065	4569169.7081206245
419888.5602530145	4569170.1063266434
419889.4775490224	4569170.5045326632
419890.3948450305	4569170.9027386820
419891.3121410384	4569171.3009447018
419892.2294370464	4569171.6991507206
419893.1467330545	4569172.0973567395
419894.0640290624	4569172.4955627592
419894.9813250704	4569172.8937687781
419895.8986210784	4569173.2919747969
419896.8159170864	4569173.6901808167
419897.7332130944	4569174.0883868355
419898.6505091024	4569174.4865928553
419899.5678051104	4569174.8847988741
419900.5581367185	4569174.9943735562
419901.5544309052	4569175.0803845646
419902.5507250918	4569175.1663955739
419903.5470192785	4569175.2524065832
419904.5433134651	4569175.3384175915
419905.5396076517	4569175.4244286008
419906.5359018384	4569175.5104396092
419907.5321960250	4569175.5964506185
419908.5284902117	4569175.6824616268
419909.5247843983	4569175.7684726361
419910.5210785850	4569175.8544836445
419911.5173727717	4569175.9404946538
419912.5136669583	4569176.0265056621
419913.5099611450	4569176.1125166714
419914.4822574703	4569176.3259979123
419915.4416229718	4569176.6081642359
419916.4009884734	4569176.8903305605
419917.3603539750	4569177.1724968841
419918.3197194766	4569177.4546632078
419919.2790849781	4569177.7368295323
419920.2384504797	4569178.0189958559
419921.1978159813	4569178.3011621805
419922.1571814828	4569178.5833285041
419923.1165469844	4569178.8654948277
419924.0759124860	4569179.1476611523
419925.0255602988	4569179.4604916163
419925.9723330437	4569179.7823943496
419926.9191057885	4569180.1042970829
419927.8658785334	4569180.4261998152
419928.8126512782	4569180.7481025485
419929.7594240231	4569181.0700052818
419930.7061967679	4569181.3919080151
419931.6529695128	4569181.7138107484
419932.5997422576	4569182.0357134817
419933.5465150024	4569182.3576162150
419934.4932877473	4569182.6795189483
419935.4631771670	4569182.9225609899
419936.4339054864	4569183.1627411926
419937.4046338059	4569183.4029213954
419938.3753621253	4569183.6431015981
419939.3460904448	4569183.8832818018
419940.3168187642	4569184.1234620046
419941.2875470837	4569184.3636422073
419942.2582754031	4569184.6038224101
419943.2290037225	4569184.8440026129
419944.1997320419	4569185.0841828156
419945.1676598634	4569185.3353223158
419946.1346096553	4569185.5902891755
419947.1015594472	4569185.8452560361
419948.0685092391	4569186.1002228968
419949.0354590310	4569186.3551897574
419950.0024088228	4569186.6101566181
419950.9693586147	4569186.8651234787
419951.9363084066	4569187.1200903393
419952.9032581985	4569187.3750572000
419953.8702079904	4569187.6300240597
419954.8371577823	4569187.8849909203
419955.8041075742	4569188.1399577809
419956.7710573661	4569188.3949246416
419957.7380071579	4569188.6498915022
419958.7049569498	4569188.9048583629
419959.6719067418	4569189.1598252235
419960.6388565336	4569189.4147920841
419961.6058063255	4569189.6697589448
419962.5727561174	4569189.9247258045
419963.5397059093	4569190.1796926651
419964.5066557012	4569190.4346595258
419965.4682106332	4569190.7084899731
419966.4237532152	4569191.0033431128
419967.3792957972	4569191.2981962515
419968.3348383793	4569191.5930493912
419969.2903809613	4569191.8879025308
419970.2459235433	4569192.1827556705
419971.2014661253	4569192.4776088102
419972.1570087074	4569192.7724619498
419973.1125512894	4569193.0673150895
419974.0680938714	4569193.3621682292
419975.0236364535	4569193.6570213689
419975.9791790355	4569193.9518745085
419976.9347216175	4569194.2467276482
419977.8902641995	4569194.5415807879
419978.8458067815	4569194.8364339275
419979.8013493635	4569195.1312870672
419980.7568919456	4569195.4261402059
419981.7124345276	4569195.7209933456
419982.6679771096	4569196.0158464853
419983.6358463008	4569196.2657355899
419984.6081651433	4569196.4993936066
419985.5804839857	4569196.7330516232
419986.5528028281	4569196.9667096389
419987.5251216705	4569197.2003676556
419988.4974405130	4569197.4340256723
419989.4697593554	4569197.6676836889
419990.4420781979	4569197.9013417047
419991.4143970403	4569198.1349997213
419992.3867158827	4569198.3686577380
419993.3590347252	4569198.6023157546
419994.3313535676	4569198.8359737704
419995.3036724100	4569199.0696317870
419996.2708967896	4569199.3202879149
419997.2114506893	4569199.6599323787
419998.1520045891	4569199.9995768424
419999.0925584887	4569200.3392213052
420000.0331123885	4569200.6788657689
420000.9736662882	4569201.0185102327
420001.9142201879	4569201.3581546964
420002.8547740876	4569201.6977991601
420003.8064301543	4569201.9997821702
420004.7808213500	4569202.2246416770
420005.7552125456	4569202.4495011838
420006.7296037412	4569202.6743606916
420007.7039949369	4569202.8992201984
420008.6783861325	4569203.1240797052
420009.6425999545	4569203.3887210693
420010.6052646733	4569203.6594176516
420011.5679293919	4569203.9301142329
420012.5305941107	4569204.2008108143
420013.4932588294	4569204.4715073965
420014.4559235481	4569204.7422039779
420015.4185882668	4569205.0129005602
420016.3812529855	4569205.2835971415
420017.3439177043	4569205.5542937228
420018.3065824230	4569205.8249903051
420019.2692471417	4569206.0956868865
420020.2319118604	4569206.3663834678
420021.1945765791	4569206.6370800501
420022.1572412979	4569206.9077766314
420023.1199060165	4569207.1784732137
420024.0825707353	4569207.4491697950
420025.0452354540	4569207.7198663764
420026.0079001727	4569207.9905629586
420026.9705648914	4569208.2612595400
420027.9332296101	4569208.5319561223
420028.8958943289	4569208.8026527036
420029.8585590475	4569209.0733492849
420030.8212237663	4569209.3440458672
420031.7838884850	4569209.6147424486
420032.7465532037	4569209.8854390299
420033.7092179224	4569210.1561356122
420034.6718826411	4569210.4268321935
420035.6345473599	4569210.6975287758
420036.5972120785	4569210.9682253571
420037.5598767973	4569211.2389219385
420038.5225415160	4569211.5096185207
420039.4852062347	4569211.7803151021
420040.4478709534	4569212.0510116844
420041.4105356721	4569212.3217082657
420042.3732003908	4569212.5924048470
420043.3358651095	4569212.8631014293
420044.2985298283	4569213.1337980106
420045.2611945470	4569213.4044945920
420046.2238592657	4569213.6751911743
420047.1865239844	4569213.9458877556
420048.1491887031	4569214.2165843379
420049.1118534218	4569214.4872809192
420050.0745181405	4569214.7579775006
420051.0371828593	4569215.0286740828
420051.9998475780	4569215.2993706642
420052.9625122967	4569215.5700672455
420053.9251770154	4569215.8407638278
420054.8878417341	4569216.1114604091
420055.8505064528	4569216.3821569914
420056.8131711716	4569216.6528535727
420057.7758358902	4569216.9235501541
420058.7385006090	4569217.1942467364
420059.7011653277	4569217.4649433177
420060.6638300464	4569217.7356399000
420061.6264947651	4569218.0063364813
420062.5891594838	4569218.2770330627
420063.5518242026	4569218.5477296449
420064.5144889212	4569218.8184262263
420065.4771536400	4569219.0891228076
420066.4398183587	4569219.3598193899
420067.4014362983	4569219.4141863156
420068.3614362983	4569219.1341863154
420069.3214362982	4569218.8541863160
420070.2344599230	4569219.1654065782
420071.1381977615	4569219.5934929233
420071.7974596412	4569220.3016554089
420072.3437274220	4569221.1392660057
420072.8899952027	4569221.9768766025
420073.8321962432	4569222.1200355133
420074.8312524015	4569222.1634727372
420075.8160948308	4569222.0617090827
420076.7877624340	4569221.8253575033
420077.7594300372	4569221.5890059248
420078.7310976404	4569221.3526543453
420079.7166042999	4569221.3323237691
420080.4361768156	4569221.9229893144
420081.0361768159	4569222.7229893142
420081.4624757978	4569223.6159512782
420081.7952959156	4569224.5589416111
420082.1591891840	4569225.4902394880
420082.9098315288	4569226.0565647110
420083.8127483653	4569226.0679491106
420084.7071755568	4569225.6207355158
420085.5094833805	4569225.0369203305
420086.2593212359	4569224.3752986938
420087.0769960396	4569224.0086907204
420088.0405139493	4569224.2763345847
420088.9571229891	4569224.6505125733
420089.8051212932	4569225.1805115128
420090.7242836309	4569225.4257245120
420091.7219139593	4569225.3569224207
420092.7195442877	4569225.2881203284
420093.6857697881	4569225.4316442488
420094.6207673144	4569225.7862984827
420095.5557648406	4569226.1409527175
420096.5119492634	4569226.3886485705
420097.5115413499	4569226.4172083437
420098.5111334363	4569226.4457681179
420099.5107255228	4569226.4743278911
420100.4043808242	4569226.8651593020
420101.2618737494	4569227.3796550585
420102.2244322637	4569227.6443818426
420103.1918572274	4569227.8975397767
420104.1592821910	4569228.1506977109
420105.1267071547	4569228.4038556451
420106.0941321184	4569228.6570135802
420107.0615570820	4569228.9101715144
420108.0289820457	4569229.1633294486
420108.9964070093	4569229.4164873827
420109.9638319730	4569229.6696453169
420110.9312569366	4569229.9228032511
420111.8986819003	4569230.1759611852
420112.8689816650	4569230.4177053394
420113.8409027119	4569230.6530125402
420114.8128237587	4569230.8883197410
420115.7847448055	4569231.1236269418
420116.7566658523	4569231.3589341417
420117.7285868991	4569231.5942413425
420118.7005079460	4569231.8295485433
420119.6724289928	4569232.0648557441
420120.6443500396	4569232.3001629449
420121.6162710865	4569232.5354701458
420122.5881921333	4569232.7707773466
420123.5601131801	4569233.0060845474
420124.5320342270	4569233.2413917482
420125.5039552737	4569233.4766989490
420126.4758763206	4569233.7120061498
420127.4477973674	4569233.9473133506
420128.4197184142	4569234.1826205514
420129.3916394611	4569234.4179277522
420130.3635605079	4569234.6532349531
420131.3354815547	4569234.8885421539
420132.3115378953	4569235.1056028772
420133.2899412235	4569235.3123078058
420134.2683445516	4569235.5190127343
420135.2467478797	4569235.7257176628
420136.2251512078	4569235.9324225914
420137.2035545359	4569236.1391275199
420138.1819578641	4569236.3458324485
420139.1637697438	4569236.5310187917
420140.1581586570	4569236.6368048461
420141.1525475701	4569236.7425909005
420142.1469364833	4569236.8483769558
420143.1413253965	4569236.9541630102
420144.1230505020	4569237.1246067174
420145.0838740932	4569237.4017673684
420146.0446976844	4569237.6789280195
420147.0055212757	4569237.9560886715
420147.9663448669	4569238.2332493225
420148.9271684581	4569238.5104099736
420149.9160570500	4569238.6448253551
420150.9102922147	4569238.7520467946
420151.9045273796	4569238.8592682341
420152.8987625444	4569238.9664896727
420153.8929977092	4569239.0737111121
420154.8872328740	4569239.1809325516
420155.8814680388	4569239.2881539911
420156.8757032036	4569239.3953754306
420157.8699383684	4569239.5025968701
420158.8641735332	4569239.6098183095
420159.8443301724	4569239.7839988954
420160.7975608100	4569240.0862427568
420161.7507914476	4569240.3884866182
420162.7040220851	4569240.6907304786
420163.6572527227	4569240.9929743400
420164.6408631176	4569241.1704763658
420165.6263232334	4569241.3403832819
420166.6117833493	4569241.5102901980
420167.5941642822	4569241.6971216938
420168.5763194742	4569241.8851939645
420169.5584746661	4569242.0732662352
420170.5406298580	4569242.2613385059
420171.5229842434	4569242.4482702091
420172.5107472088	4569242.6042327825
420173.4985101741	4569242.7601953559
420174.4862731394	4569242.9161579292
420175.4740361047	4569243.0721205026
420176.4617990700	4569243.2280830760
420177.4495620354	4569243.3840456503
420178.4373250007	4569243.5400082236
420179.4270025912	4569243.6757172998
420180.4264936997	4569243.7076159520
420181.4259848083	4569243.7395146042
420182.4254759167	4569243.7714132555
420183.4249670253	4569243.8033119077
420184.4244581338	4569243.8352105599
420185.4239492423	4569243.8671092121
420186.4234403508	4569243.8990078643
420187.4229314593	4569243.9309065156
420188.4224225679	4569243.9628051678
420189.4082120067	4569244.0996043449
420190.3823647103	4569244.3254948277
420191.3565174139	4569244.5513853095
420192.3306701176	4569244.7772757923
420193.3048228212	4569245.0031662742
420194.2789755248	4569245.2290567569
420195.2531282285	4569245.4549472388
420196.2346245366	4569245.6265537348
420197.2337811686	4569245.6676149666
420198.2329378006	4569245.7086761976
420199.2320944326	4569245.7497374294
420200.2312510646	4569245.7907986613
420201.2304076966	4569245.8318598922
420202.2295643286	4569245.8729211241
420203.2287209606	4569245.9139823560
420204.2274165689	4569245.9648328302
420205.2260098786	4569246.0178554840
420206.2246031883	4569246.0708781378
420207.2231964980	4569246.1239007916
420208.2217898077	4569246.1769234445
420209.2203831175	4569246.2299460983
420210.2189764272	4569246.2829687521
420211.2175697368	4569246.3359914059
420212.2161630466	4569246.3890140597
420213.2147563563	4569246.4420367135
420214.2133496660	4569246.4950593663
420215.2117341501	4569246.5515434491
420216.2094592484	4569246.6189573072
420217.2071843467	4569246.6863711653
420218.2049094449	4569246.7537850235
420219.2026345432	4569246.8211988816
420220.2003596415	4569246.8886127397
420221.1980847398	4569246.9560265979
420222.1958098381	4569247.0234404560
420223.1935349364	4569247.0908543142
420224.1912600347	4569247.1582681723
420225.1889851329	4569247.2256820295
420226.1867102312	4569247.2930958876
420227.1844353295	4569247.3605097458
420228.1821604278	4569247.4279236039
420229.1798855260	4569247.4953374621
420230.1774693043	4569247.5644877078
420231.1729647769	4569247.6592968004
420232.1684602495	4569247.7541058930
420233.1639557221	4569247.8489149855
420234.1594511947	4569247.9437240781
420235.1549466673	4569248.0385331707
420236.1504421399	4569248.1333422633
420237.1459376125	4569248.2281513559
420238.1414330851	4569248.3229604485
420239.1346520821	4569248.4370501330
420240.1248538783	4569248.5766939754
420241.1150556745	4569248.7163378187
420242.1052574707	4569248.8559816619
420243.0954592668	4569248.9956255043
420244.0856610629	4569249.1352693476
420245.0758628591	4569249.2749131909
420246.0660646553	4569249.4145570341
420247.0595145358	4569249.5192863103
420248.0584830760	4569249.5646939706
420249.0574516162	4569249.6101016318
420250.0564201565	4569249.6555092921
420251.0553886966	4569249.7009169534
420252.0543572369	4569249.7463246137
420253.0533257771	4569249.7917322749
420254.0522943173	4569249.8371399362
420255.0512628575	4569249.8825475965
420256.0483432155	4569249.8716159370
420257.0420299397	4569249.7594255004
420258.0357166640	4569249.6472350638
420259.0294033882	4569249.5350446273
420260.0230901125	4569249.4228541907
420261.0167768367	4569249.3106637541
420262.0104635610	4569249.1984733175
420263.0081407525	4569249.2602845319
420264.0059259104	4569249.3268035417
420265.0037110682	4569249.3933225526
420266.0014962261	4569249.4598415634
420266.9849256317	4569249.3992292229
420267.9427519168	4569249.1118813371
420268.9005782021	4569248.8245334513
420269.8648129921	4569248.5756838331
420270.8640741667	4569248.5372507116
420271.8633353414	4569248.4988175891
420272.8611088514	4569248.4366472820
420273.8573494395	4569248.3500176659
420274.8283611124	4569248.1969319610
420275.6311049603	4569247.6006079596
420276.4338488082	4569247.0042839581
420277.2365926561	4569246.4079599567
420278.0393365040	4569245.8116359552
420278.5104600652	4569244.9774903907
420278.8178082099	4569244.0258932505
420279.1251563546	4569243.0742961094
420279.4325044994	4569242.1226989692
420279.7398526442	4569241.1711018290
420280.0472007889	4569240.2195046879
420280.3545489336	4569239.2679075478
420280.6618970784	4569238.3163104067
420280.9692452232	4569237.3647132665
420281.2765933679	4569236.4131161263
420281.5839415126	4569235.4615189852
420281.8912896574	4569234.5099218450
420282.1986378021	4569233.5583247039
420282.5059859469	4569232.6067275638
420282.8133340916	4569231.6551304227
420283.1206822364	4569230.7035332825
420283.4280303811	4569229.7519361423
420283.7360950706	4569228.8005712628
420284.0454401982	4569227.8496214263
420284.3547853259	4569226.8986715898
420284.6641304536	4569225.9477217523
420284.9734755812	4569224.9967719158
420285.2828207088	4569224.0458220793
420285.5921658365	4569223.0948722428
420285.9015109642	4569222.1439224053
420286.2108560918	4569221.1929725688
420286.5202012195	4569220.2420227323
420286.8295463471	4569219.2910728958
420287.1388914748	4569218.3401230583
420287.4482366024	4569217.3891732218
420287.7575817301	4569216.4382233853
420288.0669268578	4569215.4872735487
420288.3762719854	4569214.5363237113
420288.6856171130	4569213.5853738748
420288.9949622407	4569212.6344240382
420289.4137469420	4569211.7344491137
420289.9426398283	4569210.8857605290
420290.4715327147	4569210.0370719433
420291.0004256011	4569209.1883833576
420291.5293184874	4569208.3396947728
420292.0582113737	4569207.4910061872
420292.5871042601	4569206.6423176024
420293.1159971464	4569205.7936290167
420293.7269207656	4569205.0661130082
420294.7113483413	4569204.8903223705
420295.6957759170	4569204.7145317327
420296.5401913015	4569204.8250676244
420297.0059377345	4569205.7099858476
420297.4716841674	4569206.5949040698
420297.9374306004	4569207.4798222920
420298.4031770333	4569208.3647405142
420298.8689234663	4569209.2496587364
420299.3346698993	4569210.1345769586
420299.8004163322	4569211.0194951808
420300.2661627652	4569211.9044134030
420300.4415475499	4569212.8404214149
420300.3058287287	4569213.8311688108
420300.1701099074	4569214.8219162058
420300.0343910862	4569215.8126636017
420299.8986722650	4569216.8034109967
420299.7629534438	4569217.7941583926
420299.6272346226	4569218.7849057876
420299.4915158014	4569219.7756531835
420300.4279289297	4569219.8311233614
420300.9117672129	4569220.4372077230
420301.0709996516	4569221.4244488440
420301.2302320903	4569222.4116899651
420301.6022501004	4569223.2933840211
420302.2919052730	4569224.0175219513
420302.9815604457	4569224.7416598825
420303.7625031205	4569225.3407067433
420304.6624844443	4569225.7766351970
420305.5624657681	4569226.2125636507
420306.4624470919	4569226.6484921053
420307.3624284157	4569227.0844205590
420308.2624097395	4569227.5203490127
420309.1623910633	4569227.9562774664
420310.0654030619	4569228.3855623156
420310.9845480919	4569228.7794816140
420311.9036931219	4569229.1734009124
420312.8228381520	4569229.5673202109
420313.7419831820	4569229.9612395093
420314.6611282121	4569230.3551588077
420315.5802732421	4569230.7490781061
420316.4994182721	4569231.1429974055
420317.4185633022	4569231.5369167039
420318.3377083322	4569231.9308360023
420319.2568533623	4569232.3247553008
420320.1759983923	4569232.7186745992
420321.0951434223	4569233.1125938976
420322.0142884524	4569233.5065131960
420322.9269724254	4569233.9134769756
420323.7973218936	4569234.4059115434
420324.6676713618	4569234.8983461102
420325.5380208300	4569235.3907806780
420326.4083702983	4569235.8832152449
420327.2787197665	4569236.3756498126
420328.1490692347	4569236.8680843804
420329.0194187030	4569237.3605189472
420329.8897681711	4569237.8529535150
420330.7819589243	4569238.2866753507
420331.7625396000	4569238.4827914853
420332.7431202757	4569238.6789076207
420333.7237009513	4569238.8750237562
420334.7004906531	4569239.0801494243
420335.5262916350	4569239.6441110708
420336.3520926169	4569240.2080727164
420337.1778935988	4569240.7720343629
420338.0036945807	4569241.3359960085
420338.8294955626	4569241.8999576550
420339.7850912920	4569242.1850847276
420340.7482875934	4569242.4538836954
420341.7114838948	4569242.7226826632
420342.6746801961	4569242.9914816301
420343.6362182432	4569243.2660451643
420344.5950163557	4569243.5501334947
420345.5538144682	4569243.8342218250
420346.4713505911	4569244.2169720195
420347.3469282753	4569244.7000493621
420348.2225059595	4569245.1831267048
420349.1067865268	4569245.6455880748
420350.0636671034	4569245.9360696785
420351.0205476799	4569246.2265512822
420351.9774282566	4569246.5170328859
420352.9343088331	4569246.8075144896
420353.8911894097	4569247.0979960933
420354.8479386652	4569247.3889073702
420355.8037176741	4569247.6829932183
420356.7594966830	4569247.9770790664
420357.6935267704	4569248.3248623563
420358.5845662672	4569248.7787881382
420359.4756057639	4569249.2327139191
420360.3666452607	4569249.6866397010
420361.2576847576	4569250.1405654829
420362.1487242543	4569250.5944912639
420363.0561815101	4569251.0077032810
420364.0128553905	4569251.2988648973
420364.9695292709	4569251.5900265127
420365.9561022397	4569251.5683423830
420366.9506076926	4569251.4636575980
420367.8874916721	4569251.7628312986
420368.8130386282	4569252.1414641440
420369.7385855844	4569252.5200969903
420370.6641325405	4569252.8987298356
420371.5896794967	4569253.2773626819
420372.5180729791	4569253.6489590453
420373.4465496701	4569254.0203497214
420374.3750263611	4569254.3917403976
420375.3035030521	4569254.7631310737
420376.2524360711	4569255.0734843099
420377.2171998924	4569255.3366017155
420378.1819637136	4569255.5997191221
420379.1467275348	4569255.8628365276
420380.1114913561	4569256.1259539332
420381.0406415636	4569256.4937618235
420381.9657224797	4569256.8735318836
420382.8908033958	4569257.2533019446
420383.8158843119	4569257.6330720047
420384.7409652280	4569258.0128420647
420385.6660461440	4569258.3926121248
420386.5911270601	4569258.7723821858
420387.5162079762	4569259.1521522459
420388.4412888923	4569259.5319223059
420389.3663698084	4569259.9116923660
420390.3169253328	4569260.1973402100
420391.3072670794	4569260.3359880550
420392.2976088261	4569260.4746359000
420393.2879505728	4569260.6132837441
420394.2782923195	4569260.7519315891
420395.2271319455	4569260.9925405877
420396.0327829582	4569261.5849310374
420396.8384339710	4569262.1773214880
420397.6440849838	4569262.7697119387
420398.4497359965	4569263.3621023884
420399.4063111495	4569263.6300759027
420400.3783933582	4569263.8647164349
420401.3504755668	4569264.0993569680
420402.3225577754	4569264.3339975011
420403.2946399841	4569264.5686380342
420404.2667221927	4569264.8032785663
420405.1328890861	4569265.2848823452
420405.9729284637	4569265.8274077773
420406.8129678412	4569266.3699332085
420407.6530072189	4569266.9124586405
420408.4930465964	4569267.4549840726
420409.3330859741	4569267.9975095037
420410.3021361623	4569268.2338137729
420411.2771476353	4569268.4559682859
420412.2521591083	4569268.6781227989
420413.2271705813	4569268.9002773119
420414.2021820542	4569269.1224318240
420415.1771935272	4569269.3445863370
420416.1522050002	4569269.5667408500
420417.1272164731	4569269.7888953630
420417.9915225803	4569270.2547423830
420418.8002586647	4569270.8429140802
420419.6089947491	4569271.4310857775
420420.4177308335	4569272.0192574756
420421.3074408107	4569272.4305665530
420422.2811289896	4569272.6584510207
420423.2548171683	4569272.8863354884
420424.2285053471	4569273.1142199552
420425.2021935259	4569273.3421044229
420426.1866277386	4569273.5086771995
420427.1797783429	4569273.6255184468
420427.9264562975	4569274.2319312021
420428.6118209963	4569274.9601311954
420429.4044356313	4569275.5223332578
420430.3499732171	4569275.8478461970
420431.2955108030	4569276.1733591370
420432.2410483888	4569276.4988720762
420433.1865859747	4569276.8243850153
420434.1321235606	4569277.1498979554
420435.0776611464	4569277.4754108945
420435.9817214886	4569277.8996866746
420436.8761486796	4569278.3469002703
420437.7705758704	4569278.7941138651
420438.7313715273	4569279.0576742142
420439.7050597061	4569279.2855586810
420440.6787478850	4569279.5134431487
420441.6524360639	4569279.7413276155
420442.6261242428	4569279.9692120831
420443.3717108261	4569280.6160651660
420444.0915551216	4569281.3102007369
420444.8113994170	4569282.0043363078
420445.5312437124	4569282.6984718777
420446.4544678725	4569283.0652607679
420447.3956625433	4569283.4031255217
420448.3368572140	4569283.7409902755
420449.2780518848	4569284.0788550293
420450.2520300491	4569284.2855858086
420451.2414911133	4569284.4303849880
420452.2309521774	4569284.5751841683
420453.2204132416	4569284.7199833486
420454.1057338815	4569285.0906205662
420454.9242113482	4569285.6376242926
420455.8640047716	4569285.9793673558
420456.8037981950	4569286.3211104190
420457.6667955347	4569286.8248826265
420458.5263314228	4569287.3359580189
420459.3858673109	4569287.8470334122
420460.2454031990	4569288.3581088046
420461.1660570941	4569288.7207969073
420462.1361995943	4569288.9633325320
420463.1063420945	4569289.2058681576
420464.0764845946	4569289.4484037822
420465.0566000071	4569289.6099283863
420466.0357761176	4569289.7394447634
420466.9853773267	4569290.0529053565
420467.9349785359	4569290.3663659496
420468.8845797451	4569290.6798265427
420469.8341809543	4569290.9932871358
420470.7837821636	4569291.3067477290
420471.7333833728	4569291.6202083221
420472.6829845820	4569291.9336689152
420473.6325857912	4569292.2471295083
420474.5821870004	4569292.5605901023
420475.5317882096	4569292.8740506954
420476.4693304262	4569293.2184629859
420477.3807010256	4569293.6300497092
420478.2920716250	4569294.0416364316
420479.2034422244	4569294.4532231549
420480.1888373950	4569294.5210466292
420481.1560030674	4569294.7180525949
420482.1019490132	4569295.0423769196
420483.0478949590	4569295.3667012444
420483.9938409047	4569295.6910255691
420484.9596711293	4569295.9481374603
420485.9298136295	4569296.1906730849
420486.8999561298	4569296.4332087096
420487.8700986300	4569296.6757443342
420488.8402411304	4569296.9182799580
420489.5867683684	4569297.5364865577
420490.2898652223	4569298.2282948745
420491.2569397597	4569298.4827881726
420492.2240142972	4569298.7372814715
420493.1910888346	4569298.9917747704
420494.1583892032	4569299.2096820194
420495.1285317034	4569298.9671463948
420496.0866694200	4569299.1595153082
420497.0419553107	4569299.4551990367
420497.9972412015	4569299.7508827643
420498.9525270923	4569300.0465664919
420499.8783956751	4569300.4085572595
420500.7386872088	4569300.9183596503
420501.5989787425	4569301.4281620402
420502.4686100071	4569301.9169337936
420503.4236741437	4569302.2133330088
420504.3787382803	4569302.5097322240
420505.3338024169	4569302.8061314393
420506.3114186260	4569302.6007454153
420507.2314960537	4569302.7630212530
420508.0997391956	4569303.2591601918
420508.9679823375	4569303.7552991305
420509.8613557079	4569304.1852237443
420510.8401463332	4569304.3900868976
420511.8189369585	4569304.5949500520
420512.7977275838	4569304.7998132063
420513.7765182090	4569305.0046763597
420514.5708948669	4569305.5624040570
420515.2979080192	4569306.2490275903
420516.0679543572	4569306.8651562314
420517.0109446909	4569307.1979763489
420517.9539350246	4569307.5307964664
420518.8969253583	4569307.8636165829
420519.8399156920	4569308.1964367004
420520.7829060257	4569308.5292568179
420521.7547910434	4569308.7499554427
420522.7411849672	4569308.9143544305
420523.7275788909	4569309.0787534183
420524.7139728147	4569309.2431524061
420525.6735947284	4569309.4916198021
420526.5734088356	4569309.9278933080
420527.4732229429	4569310.3641668148
420528.3730370501	4569310.8004403207
420529.2971811797	4569311.1782905133
420530.2406840728	4569311.5096548004
420531.1841869660	4569311.8410190875
420532.1276898592	4569312.1723833745
420533.0711927523	4569312.5037476607
420534.0146956455	4569312.8351119477
420534.9581985386	4569313.1664762348
420535.9017014317	4569313.4978405219
420536.8452043249	4569313.8292048089
420537.7887072180	4569314.1605690951
420538.7322101112	4569314.4919333821
420539.6757130043	4569314.8232976692
420540.6192158975	4569315.1546619562
420541.5627187907	4569315.4860262424
420542.5062216838	4569315.8173905294
420543.4497245770	4569316.1487548165
420544.3932274701	4569316.4801191036
420545.3367303633	4569316.8114833906
420546.2802332564	4569317.1428476768
420547.2237361496	4569317.4742119638
420548.1672390427	4569317.8055762509
420549.1107419359	4569318.1369405380
420550.0542448290	4569318.4683048250
420550.9977477222	4569318.7996691111
420551.9412506154	4569319.1310333982
420552.8847535085	4569319.4623976853
420553.8282564017	4569319.7937619723
420554.7717592948	4569320.1251262594
420555.7152621880	4569320.4564905455
420556.6587650811	4569320.7878548326
420557.6022679743	4569321.1192191197
420558.5457708674	4569321.4505834067
420559.4892737606	4569321.7819476938
420560.4327766538	4569322.1133119799
420561.3762795469	4569322.4446762670
420562.3197824401	4569322.7760405540
420563.2632853332	4569323.1074048411
420564.2067882263	4569323.4387691272
420565.1502911195	4569323.7701334143
420566.0937940126	4569324.1014977014
420567.0378573073	4569324.4312245622
420567.9865406053	4569324.7474523289
420568.9352239032	4569325.0636800947
420569.8839072011	4569325.3799078614
420570.8599253509	4569325.4920194168
420571.8583857041	4569325.4365493963
420572.8568460572	4569325.3810793767
420573.8553064104	4569325.3256093562
420574.8077089079	4569325.5993897254
420575.7526215320	4569325.9267123993
420576.6975341562	4569326.2540350733
420577.6424467803	4569326.5813577473
420578.5873594044	4569326.9086804204
420579.5322720285	4569327.2360030944
420580.4771846526	4569327.5633257683
420581.4220972767	4569327.8906484423
420582.3670099008	4569328.2179711163
420583.3119225250	4569328.5452937894
420584.2568351491	4569328.8726164633
420585.2017477732	4569329.1999391373
420586.1466603973	4569329.5272618113
420587.0915730215	4569329.8545844853
420588.0364856455	4569330.1819071583
420588.9813982697	4569330.5092298323
420589.9176294591	4569330.8586731767
420590.8329444917	4569331.2614117898
420591.7482595244	4569331.6641504038
420592.6879604294	4569331.9982648501
420593.6521658221	4569332.2634213334
420594.6163712149	4569332.5285778167
420595.5805766077	4569332.7937342990
420596.5447820004	4569333.0588907823
420597.5089873933	4569333.3240472656
420598.4731927860	4569333.5892037489
420599.4373981788	4569333.8543602321
420600.4015002411	4569334.1198666533
420601.3550829062	4569334.4209980210
420602.3086655714	4569334.7221293896
420603.2622482365	4569335.0232607573
420604.2158309016	4569335.3243921250
420604.7599628745	4569336.1443333682
420605.3406269293	4569336.9091434274
420606.3187328583	4569337.1172510721
420607.2968387873	4569337.3253587168
420608.2749447163	4569337.5334663605
420609.2530506454	4569337.7415740052
420610.2311565744	4569337.9496816490
420611.2092625034	4569338.1577892937
420612.1873684324	4569338.3658969374
420613.1654743615	4569338.5740045821
420614.1435802905	4569338.7821122259
420615.1051323817	4569339.0437105382
420616.0298104802	4569339.4244603431
420616.9544885787	4569339.8052101489
420617.8791666772	4569340.1859599538
420618.8038447757	4569340.5667097587
420619.7285228741	4569340.9474595645
420620.6532009727	4569341.3282093694
420621.5778790711	4569341.7089591743
420622.5400415572	4569341.9739172524
420623.5124288592	4569342.2072902052
420624.4848161611	4569342.4406631580
420625.4572034631	4569342.6740361108
420626.4295907650	4569342.9074090635
420627.4082951834	4569343.1105705611
420628.3927227589	4569343.2863611998
420629.3771503344	4569343.4621518375
420630.2217083792	4569343.9315822357
420630.9785313869	4569344.5852021063
420631.7353543946	4569345.2388219759
420632.6245338401	4569345.6452833107
420633.5880517498	4569345.9129271749
420634.5515696594	4569346.1805710383
420635.5150875690	4569346.4482149025
420636.4786054787	4569346.7158587659
420637.4421233883	4569346.9835026301
420638.4056412980	4569347.2511464935
420639.3691592075	4569347.5187903577
420640.3326771172	4569347.7864342211
420641.2904369635	4569348.0690435376
420642.1848641547	4569348.5162571324
420643.0792913459	4569348.9634707281
420643.9737185371	4569349.4106843229
420644.8681457283	4569349.8578979177
420645.7848743320	4569350.2430984825
420646.7592655277	4569350.4679579893
420647.7336567234	4569350.6928174961
420648.7080479191	4569350.9176770030
420649.6824391147	4569351.1425365098
420650.6568303104	4569351.3673960166
420651.6312215061	4569351.5922555234
420652.6056127018	4569351.8171150303
420653.5800038975	4569352.0419745361
420654.5543950932	4569352.2668340430
420655.4807208769	4569352.6322021252
420656.3886802612	4569353.0512603028
420657.2966396454	4569353.4703184804
420658.2684203027	4569353.6774645448
420659.2567920003	4569353.8295217287
420660.2355636114	4569354.0117406240
420661.1299908024	4569354.4589542197
420662.0244179933	4569354.9061678154
420662.9188451843	4569355.3533814112
420663.8844811261	4569355.6036449391
420664.8580974366	4569355.8318362618
420665.8317137472	4569356.0600275844
420666.8053300578	4569356.2882189080
420667.7789463683	4569356.5164102307
420668.7525626789	4569356.7446015533
420669.7172939289	4569357.0002155965
420670.6397349173	4569357.3863536846
420671.5621759057	4569357.7724917727
420672.4846168941	4569358.1586298607
420673.4070578825	4569358.5447679488
420674.3419879815	4569358.8968568360
420675.2953302069	4569359.1987485411
420676.2486724324	4569359.5006402452
420677.2020146578	4569359.8025319492
420678.1553568832	4569360.1044236543
420679.1086991087	4569360.4063153584
420680.0620413341	4569360.7082070634
420681.0585209545	4569360.7790116882
420682.0565735330	4569360.8413899755
420683.0546261114	4569360.9037682619
420683.9868190483	4569361.2191800242
420684.8886350772	4569361.6513002040
420685.7904511061	4569362.0834203837
420686.6922671349	4569362.5155405644
420687.5940831638	4569362.9476607442
420688.5172276982	4569363.3082286483
420689.5084555986	4569363.4403923703
420690.5018102907	4569363.5548649337
420691.4961194447	4569363.6613980569
420692.4904285987	4569363.7679311801
420693.4651864383	4569363.9844930926
420694.4353289384	4569364.2270287173
420695.4054714386	4569364.4695643429
420696.3756139387	4569364.7120999675
420697.3457564389	4569364.9546355922
420698.3158989390	4569365.1971712178
420699.2860414391	4569365.4397068424
420700.2561839393	4569365.6822424680
420701.2263264394	4569365.9247780927
420702.1964689396	4569366.1673137182
420703.1834152031	4569366.3142694738
420704.1781069970	4569366.4171686247
420705.1727987908	4569366.5200677766
420706.1429245618	4569366.7479904331
420707.1025982049	4569367.0291069550
420708.0622718480	4569367.3102234770
420709.0219454911	4569367.5913399979
420709.9816191342	4569367.8724565199
420710.9412927772	4569368.1535730418
420711.9009664203	4569368.4346895637
420712.8606400634	4569368.7158060856
420713.8203137064	4569368.9969226066
420714.7799873495	4569369.2780391285
420715.7379061462	4569369.5647319974
420716.6856179554	4569369.8838594435
420717.6333297646	4569370.2029868886
420718.5810415738	4569370.5221143346
420719.5287533830	4569370.8412417807
420720.4764651922	4569371.1603692267
420721.4241770014	4569371.4794966727
420722.3718888106	4569371.7986241179
420723.3196006198	4569372.1177515639
420724.2673124291	4569372.4368790099
420725.2150242382	4569372.7560064560
420726.1684671539	4569373.0571268350
420727.1262934391	4569373.3444747208
420728.0841197243	4569373.6318226065
420729.0419460095	4569373.9191704923
420729.9997722946	4569374.2065183781
420730.9575985798	4569374.4938662639
420731.9154248650	4569374.7812141487
420732.8732511502	4569375.0685620345
420733.8310774354	4569375.3559099203
420734.7889037205	4569375.6432578061
420735.7467300057	4569375.9306056919
420736.6585408047	4569376.3385613542
420737.5643503479	4569376.7622464634
420738.4701598911	4569377.1859315718
420739.3759694344	4569377.6096166810
420740.2817789776	4569378.0333017893
420741.1875885208	4569378.4569868986
420742.0933980640	4569378.8806720078
420743.0232588033	4569379.2478947397
420743.9563536735	4569379.6075250534
420744.8894485437	4569379.9671553681
420745.8225434140	4569380.3267856827
420746.7556382842	4569380.6864159973
420747.6887331544	4569381.0460463120
420748.6218280246	4569381.4056766266
420749.5549228949	4569381.7653069412
420750.4880177651	4569382.1249372559
420751.4211126353	4569382.4845675705
420752.3361963702	4569382.8835830279
420753.2185493112	4569383.3541712631
420754.1009022524	4569383.8247594992
420754.9832551935	4569384.2953477344
420755.9667552584	4569384.4118715581
420756.9645404162	4569384.4783905679
420757.9623255741	4569384.5449095787
420758.9321138573	4569384.7744153505
420759.8949022472	4569385.0446717404
420760.8576906371	4569385.3149281302
420761.8204790270	4569385.5851845201
420762.7832674169	4569385.8554409100
420763.7460558068	4569386.1256972998
420764.6764334303	4569386.4877891866
420765.5955784602	4569386.8817084860
420766.5147234901	4569387.2756277844
420767.4338685199	4569387.6695470838
420768.3530135498	4569388.0634663822
420769.2856157126	4569388.4185423842
420770.2514585499	4569388.6776709501
420771.2173013872	4569388.9367995160
420772.1831442245	4569389.1959280819
420773.1489870618	4569389.4550566478
420774.0920567501	4569389.7871394837
420775.0337986618	4569390.1234758804
420775.9755405735	4569390.4598122770
420776.9551814258	4569390.6547431657
420777.9388996425	4569390.8344609169
420778.9226178592	4569391.0141786681
420779.9063360759	4569391.1938964194
420780.8900542927	4569391.3736141697
420781.8737725094	4569391.5533319209
420782.8574907261	4569391.7330496721
420783.8412089428	4569391.9127674233
420784.8249271596	4569392.0924851745
420785.8086453763	4569392.2722029258
420786.7912761070	4569392.4570001913
420787.7623478002	4569392.6957883127
420788.7334194932	4569392.9345764341
420789.7044911863	4569393.1733645555
420790.6755628793	4569393.4121526768
420791.6466345724	4569393.6509407982
420792.6177062655	4569393.8897289196
420793.6047737758	4569394.0346544143
420794.6001237893	4569394.1309786094
420795.5954738029	4569394.2273028046
420796.5562745727	4569394.4607755123
420797.4784689546	4569394.8475021878
420798.4006633364	4569395.2342288643
420799.3248577146	4569395.6142761409
420800.3078337453	4569395.7980099786
420801.2908097760	4569395.9817438154
420802.2737858068	4569396.1654776530
420803.2567618375	4569396.3492114907
420804.2397378682	4569396.5329453284
420805.2227138990	4569396.7166791651
420806.2056899297	4569396.9004130028
420807.1886659604	4569397.0841468405
420808.1716419911	4569397.2678806782
420809.1546180219	4569397.4516145149
420810.1375940526	4569397.6353483526
420811.0925036384	4569397.9296782259
420812.0441416070	4569398.2368999328
420812.9957795755	4569398.5441216389
420813.9474175439	4569398.8513433458
420814.8990555124	4569399.1585650519
420815.8506934810	4569399.4657867588
420816.8023314494	4569399.7730084648
420817.7539694179	4569400.0802301718
420818.7056073864	4569400.3874518778
420819.6572453549	4569400.6946735848
420820.6088833234	4569401.0018952908
420821.5605212919	4569401.3091169978
420822.5121592604	4569401.6163387038
420823.4753661530	4569401.8425531760
420824.4749582394	4569401.8139934028
420825.4745503259	4569401.7854336286
420826.4741424123	4569401.7568738554
420827.4482243749	4569401.9296106910
420828.4090922853	4569402.2066176562
420829.3699601958	4569402.4836246213
420830.3308281062	4569402.7606315864
420831.2916960166	4569403.0376385516
420832.2525639270	4569403.3146455167
420833.2134318374	4569403.5916524818
420834.1742997478	4569403.8686594469
420835.1351676582	4569404.1456664121
420836.0960355687	4569404.4226733772
420837.0569034790	4569404.6996803423
420838.0177713894	4569404.9766873075
420838.9555403026	4569405.3224920603
420839.8888859089	4569405.6814711401
420840.8222315152	4569406.0404502191
420841.7555771215	4569406.3994292980
420842.6889227279	4569406.7584083769
420843.6296395403	4569407.0903500291
420844.6160334641	4569407.2547490168
420845.6024273879	4569407.4191480046
420846.5888213117	4569407.5835469924
420847.5752152356	4569407.7479459792
420848.5616091593	4569407.9123449670
420849.5480030831	4569408.0767439548
420850.5343970069	4569408.2411429416
420851.5207909307	4569408.4055419294
420852.5071848546	4569408.5699409172
420853.4935787783	4569408.7343399040
420854.4555126738	4569408.9934388986
420855.3981398990	4569409.3272860413
420856.3407671242	4569409.6611331832
420857.2833943494	4569409.9949803250
420858.2260215746	4569410.3288274677
420859.1454818229	4569410.7143280273
420860.0216977315	4569411.1962467777
420860.8992420900	4569411.6746746814
420861.8741663230	4569411.8972117342
420862.8490905559	4569412.1197487880
420863.8240147888	4569412.3422858408
420864.7989390217	4569412.5648228945
420865.7738632547	4569412.7873599473
420866.7487874876	4569413.0098970002
420867.7237117205	4569413.2324340539
420868.6986359534	4569413.4549711067
420869.6735601864	4569413.6775081605
420870.6386968767	4569413.9347655121
420871.5863100635	4569414.2541856868
420872.5339232502	4569414.5736058624
420873.4815364369	4569414.8930260381
420874.4291496236	4569415.2124462128
420875.3767628103	4569415.5318663884
420876.3243759970	4569415.8512865640
420877.2719891837	4569416.1707067387
420878.2196023704	4569416.4901269143
420879.1672155572	4569416.8095470890
420880.1395191966	4569417.0366207538
420881.1200998723	4569417.2327368893
420882.1006805480	4569417.4288530238
420883.0812612237	4569417.6249691593
420884.0618418994	4569417.8210852938
420885.0424225751	4569418.0172014292
420886.0230032509	4569418.2133175647
420887.0035839266	4569418.4094336992
420887.9841646023	4569418.6055498347
420888.8164193635	4569419.1426569326
420889.6284347350	4569419.7262929808
420890.4404501064	4569420.3099290291
420891.2524654779	4569420.8935650764
420892.1959541214	4569421.1981239486
420893.1630286587	4569421.4526172476
420894.1301031960	4569421.7071105465
420895.0971777332	4569421.9616038464
420896.0642522705	4569422.2160971453
420897.0313268077	4569422.4705904452
420897.9984013450	4569422.7250837442
420898.9654758822	4569422.9795770440
420899.9325504194	4569423.2340703430
420900.8996249567	4569423.4885636419
420901.8666994939	4569423.7430569418
420902.8337740312	4569423.9975502407
420903.7682964395	4569424.3494202839
420904.6940018710	4569424.7276655138
420905.6197073024	4569425.1059107445
420906.5454127339	4569425.4841559744
420907.4711181653	4569425.8624012051
420908.3968235968	4569426.2406464349
420909.3225290283	4569426.6188916648
420910.2482344597	4569426.9971368955
420911.1739398912	4569427.3753821254
420912.0996453226	4569427.7536273561
420913.0482767028	4569428.0615117112
420914.0191201463	4569428.3012261419
420914.9899635898	4569428.5409405725
420915.9608070333	4569428.7806550032
420916.9316504768	4569429.0203694338
420917.9024939203	4569429.2600838635
420918.8733373638	4569429.4997982942
420919.8441808074	4569429.7395127248
420920.8150242509	4569429.9792271554
420921.6894285638	4569430.4623487182
420922.5709098174	4569430.9264315255
420923.5487122315	4569431.1359606143
420924.5265146456	4569431.3454897031
420925.4670685875	4569431.6288888566
420926.2169064432	4569432.2905104933
420926.9667442990	4569432.9521321300
420927.9260146260	4569433.1081390548
420928.9240672044	4569433.1705173422
420929.9221197828	4569433.2328956295
420930.9126980824	4569433.3580281632
420931.8974816413	4569433.5318134967
420932.8822652002	4569433.7055988293
420933.8634560834	4569433.8893215908
420934.7316992260	4569434.3854605285
420935.6320194152	4569434.8086807989
420936.5844435624	4569435.1134565268
420937.5368677096	4569435.4182322538
420938.4892918567	4569435.7230079807
420939.4417160038	4569436.0277837086
420940.3941401510	4569436.3325594356
420941.3465642982	4569436.6373351626
420942.2989884453	4569436.9421108896
420943.2634016909	4569437.1951386258
420944.2528166052	4569437.3402528130
420945.2422315194	4569437.4853670010
420946.2316464337	4569437.6304811882
420947.2210613480	4569437.7755953763
420948.2104762622	4569437.9207095634
420949.1998911764	4569438.0658237506
420950.1893060907	4569438.2109379387
420951.1638891063	4569438.4261005726
420952.1272095953	4569438.6944541372
420953.0905300842	4569438.9628077010
420954.0538505731	4569439.2311612656
420955.0171710620	4569439.4995148303
420955.9804915510	4569439.7678683950
420956.9438120399	4569440.0362219596
420957.9071325288	4569440.3045755243
420958.8704530177	4569440.5729290890
420959.8337735066	4569440.8412826536
420960.7970939955	4569441.1096362183
420961.7604144844	4569441.3779897830
420962.7237349734	4569441.6463433476
420963.6870554623	4569441.9146969123
420964.6503759512	4569442.1830504769
420965.6224769710	4569442.4164148793
420966.5983609531	4569442.6347047174
420967.5742449352	4569442.8529945556
420968.5501289173	4569443.0712843938
420969.5260128994	4569443.2895742329
420970.5018968815	4569443.5078640711
420971.4777808636	4569443.7261539092
420972.4536648456	4569443.9444437474
420973.4334694330	4569444.1440657293
420974.4147182534	4569444.3368110331
420975.3959670739	4569444.5295563377
420976.3772158944	4569444.7223016415
420977.3584647150	4569444.9150469452
420978.3397135355	4569445.1077922499
420979.2861568702	4569445.4273901377
420980.2283715605	4569445.7623998057
420981.1705862508	4569446.0974094728
420982.1128009411	4569446.4324191408
420983.0549373954	4569446.7676347150
420983.9818842086	4569447.1428274726
420984.9088310218	4569447.5180202313
420985.8357778350	4569447.8932129890
420986.7627246483	4569448.2684057467
420987.7146160591	4569448.5437191613
420988.7091215120	4569448.6484039454
420989.7036269650	4569448.7530887295
420990.6981324179	4569448.8577735145
420991.6589563085	4569449.0931677697
420992.5802058700	4569449.4821398063
420993.5014554315	4569449.8711118428
420994.4227049929	4569450.2600838803
420995.3439545544	4569450.6490559168
420996.2652041159	4569451.0380279543
420997.1864536773	4569451.4269999908
420998.1077032388	4569451.8159720274
420999.0289528002	4569452.2049440648
420999.9502023617	4569452.5939161014
421000.8807508198	4569452.9590519872
421001.8220288852	4569453.2966843378
421002.7633069505	4569453.6343166875
421003.7045850160	4569453.9719490372
421004.6458630814	4569454.3095813869
421005.5871411467	4569454.6472137365
421006.5284192121	4569454.9848460862
421007.4696972775	4569455.3224784359
421008.4109753429	4569455.6601107856
421009.3522534083	4569455.9977431353
421010.2914725817	4569456.3410009164
421011.2283140965	4569456.6907550814
421012.1651556114	4569457.0405092463
421013.1019971262	4569457.3902634121
421014.0388386410	4569457.7400175771
421014.9756801558	4569458.0897717429
421015.9125216706	4569458.4395259079
421016.8493631854	4569458.7892800728
421017.7945784023	4569459.1125726262
421018.7620788173	4569459.3654420525
421019.7295792324	4569459.6183114788
421020.6970796474	4569459.8711809060
421021.6645800625	4569460.1240503322
421022.6320804775	4569460.3769197585
421023.5995808926	4569460.6297891848
421024.5670813076	4569460.8826586120
421025.5345817227	4569461.1355280383
421026.5020821378	4569461.3883974645
421027.3647650229	4569461.8916477785
421028.2238665666	4569462.4034529543
421029.0829681102	4569462.9152581301
421029.9420696538	4569463.4270633049
421030.8011711975	4569463.9388684807
421031.7122520209	4569464.2692667525
421032.7120350776	4569464.2900955658
421033.7118181343	4569464.3109243792
421034.7116011911	4569464.3317531925
421035.7113842478	4569464.3525820067
421036.6656095333	4569464.5630670041
421037.5657687847	4569464.9986279318
421038.4659280360	4569465.4341888605
421039.3660872873	4569465.8697497891
421040.3315926589	4569466.1250753766
421041.3017351590	4569466.3676110022
421042.2718776592	4569466.6101466268
421043.2420201593	4569466.8526822515
421044.2121626594	4569467.0952178771
421045.1823051596	4569467.3377535017
421046.1524476597	4569467.5802891273
421047.1104961225	4569467.8658080855
421048.0647712979	4569468.1647376586
421049.0190464732	4569468.4636672316
421049.9733216486	4569468.7625968056
421050.9275968239	4569469.0615263786
421051.8818719993	4569469.3604559517
421052.8361471746	4569469.6593855247
421053.7904223500	4569469.9583150977
421054.7446975253	4569470.2572446708
421055.7384400005	4569470.2981537217
421056.7099270600	4569470.4701562431
421057.6564372482	4569470.7928301711
421058.6029474364	4569471.1155040991
421059.5494576245	4569471.4381780270
421060.4959678127	4569471.7608519541
421061.4424780009	4569472.0835258821
421062.3889881891	4569472.4061998101
421063.3354983773	4569472.7288737381
421064.2820085655	4569473.0515476651
421065.2245024008	4569473.3811540008
421065.9752159180	4569474.0417818958
421066.7259294352	4569474.7024097908
421067.4766429523	4569475.3630376849
421068.3668847592	4569475.7457849355
421069.3451188844	4569475.9532891437
421070.3233530095	4569476.1607933519
421071.3049672571	4569476.3414697368
421072.3041003302	4569476.3831002824
421073.3032334032	4569476.4247308271
421074.2797957690	4569476.6162266983
421075.2468703062	4569476.8707199981
421076.2139448435	4569477.1252132971
421077.1810193807	4569477.3797065970
421078.1480939180	4569477.6341998959
421079.1151684551	4569477.8886931958
421080.0737278679	4569478.1727781678
421081.0281599949	4569478.4712062413
421081.9825921218	4569478.7696343148
421082.9370242488	4569479.0680623883
421083.8914563757	4569479.3664904619
421084.8458885027	4569479.6649185354
421085.8003206296	4569479.9633466089
421086.7547527566	4569480.2617746824
421087.7091848835	4569480.5602027560
421088.6636170105	4569480.8586308295
421089.6180491374	4569481.1570589030
421090.5724812644	4569481.4554869765
421091.5269133913	4569481.7539150501
421092.4813455182	4569482.0523431227
421093.4357776452	4569482.3507711962
421094.3902097721	4569482.6491992697
421095.3446418991	4569482.9476273432
421096.2990740260	4569483.2460554168
421097.2535061530	4569483.5444834903
421098.2079382799	4569483.8429115638
421099.1623704069	4569484.1413396373
421100.1168025338	4569484.4397677109
421101.0712346608	4569484.7381957844
421102.0256667877	4569485.0366238579
421102.9800989147	4569485.3350519314
421103.9345310416	4569485.6334800050
421104.8889631686	4569485.9319080785
421105.8433952955	4569486.2303361520
421106.7978274225	4569486.5287642255
421107.7522595494	4569486.8271922991
421108.7066916764	4569487.1256203726
421109.6611238033	4569487.4240484461
421110.6155559303	4569487.7224765196
421111.5699880572	4569488.0209045932
421112.5244201842	4569488.3193326667
421113.4788523111	4569488.6177607402
421114.4332844381	4569488.9161888137
421115.3877165650	4569489.2146168873
421116.3227838367	4569489.5662739174
421117.2458607598	4569489.9508893024
421118.1689376829	4569490.3355046865
421119.0920146061	4569490.7201200714
421120.0150915292	4569491.1047354555
421120.9525539431	4569491.4455161858
421121.9240313157	4569491.6826484585
421122.8955086884	4569491.9197807303
421123.8669860609	4569492.1569130030
421124.8384634336	4569492.3940452747
421125.8099408062	4569492.6311775474
421126.7814181788	4569492.8683098191
421127.7528955514	4569493.1054420909
421128.7243729240	4569493.3425743636
421129.6958502967	4569493.5797066353
421130.6673276693	4569493.8168389080
421131.6388050419	4569494.0539711798
421132.6102824145	4569494.2911034524
421133.5817597871	4569494.5282357242
421134.5415815771	4569494.8085431689
421135.5004133867	4569495.0925177466
421136.4592451963	4569495.3764923243
421137.4180770060	4569495.6604669020
421138.3769088157	4569495.9444414806
421139.3357406253	4569496.2284160582
421140.2945724349	4569496.5123906359
421141.2534042446	4569496.7963652136
421142.2122360543	4569497.0803397913
421143.1710678639	4569497.3643143689
421144.1298996736	4569497.6482889466
421145.0887314832	4569497.9322635243
421146.0475632929	4569498.2162381019
421147.0063951026	4569498.5002126796
421147.9652269122	4569498.7841872573
421148.9240587218	4569499.0681618350
421149.8828905315	4569499.3521364126
421150.8417223412	4569499.6361109903
421151.8005541508	4569499.9200855680
421152.7593859605	4569500.2040601457
421153.7182177701	4569500.4880347233
421154.6770495798	4569500.7720093019
421155.6358813894	4569501.0559838796
421156.5947131991	4569501.3399584573
421157.5535450087	4569501.6239330349
421158.5123768184	4569501.9079076126
421159.4712086281	4569502.1918821903
421160.4300404377	4569502.4758567680
421161.3888722473	4569502.7598313456
421162.3477040570	4569503.0438059233
421163.2959332699	4569503.3576240828
421164.2190101929	4569503.7422394678
421165.1420871159	4569504.1268548528
421166.0651640388	4569504.5114702377
421166.9882409618	4569504.8960856227
421167.9113178847	4569505.2807010077
421168.8810224551	4569505.5238702390
421169.8518658986	4569505.7635846697
421170.8227093421	4569506.0032990994
421171.7935527856	4569506.2430135300
421172.7643962291	4569506.4827279607
421173.7352396727	4569506.7224423913
421174.7060831161	4569506.9621568220
421175.6769265597	4569507.2018712517
421176.6141657027	4569507.5328341285
421177.5085928939	4569507.9800477233
421178.4030200852	4569508.4272613190
421179.3119411336	4569508.8383249529
421180.2675785081	4569509.1328707198
421181.2232158827	4569509.4274164857
421182.1788532574	4569509.7219622517
421183.1344906319	4569510.0165080177
421184.0901280065	4569510.3110537836
421185.0457653811	4569510.6055995496
421186.0014027556	4569510.9001453156
421186.9570401302	4569511.1946910815
421187.9126775048	4569511.4892368475
421188.8683148794	4569511.7837826135
421189.8239522540	4569512.0783283804
421190.7795896285	4569512.3728741463
421191.7352270031	4569512.6674199123
421192.6908643777	4569512.9619656783
421193.6465017523	4569513.2565114442
421194.6245955161	4569513.4455961538
421195.6173292980	4569513.5659275213
421196.6100630800	4569513.6862588897
421197.5872665064	4569513.8636265444
421198.5039624711	4569514.2632119646
421199.4206584359	4569514.6627973849
421200.3373544007	4569515.0623828061
421201.2540503654	4569515.4619682264
421202.2306893040	4569515.6576437410
421203.2177947817	4569515.8177148998
421204.2049002595	4569515.9777860586
421205.1920057372	4569516.1378572173
421206.1791112150	4569516.2979283752
421207.1662166927	4569516.4579995340
421208.1533221705	4569516.6180706928
421209.1137035933	4569516.8475498175
421209.9532737503	4569517.3908010954
421210.7951111689	4569517.9303925121
421211.6554027026	4569518.4401949029
421212.5156942363	4569518.9499972928
421213.3759857700	4569519.4597996827
421214.2362773037	4569519.9696020735
421215.0965688373	4569520.4794044634
421215.9568603710	4569520.9892068533
421216.8853803532	4569521.3420809004
421217.8449615448	4569521.6235128399
421218.8045427364	4569521.9049447803
421219.7641239281	4569522.1863767197
421220.7237051197	4569522.4678086592
421221.6832863114	4569522.7492405986
421222.6428675030	4569523.0306725381
421223.6024486947	4569523.3121044785
421224.5620298863	4569523.5935364179
421225.5216110779	4569523.8749683574
421226.4811922696	4569524.1564002968
421227.4407734612	4569524.4378322363
421228.4003546529	4569524.7192641767
421229.3599358445	4569525.0006961161
421230.3195170361	4569525.2821280556
421231.2790982278	4569525.5635599950
421232.2386794194	4569525.8449919345
421233.1982606111	4569526.1264238749
421234.1578418027	4569526.4078558143
421235.1174229943	4569526.6892877538
421236.0770041860	4569526.9707196932
421237.0365853776	4569527.2521516327
421237.9961665693	4569527.5335835731
421238.9557477609	4569527.8150155125
421239.9153289526	4569528.0964474520
421240.8749101442	4569528.3778793914
421241.8344913358	4569528.6593113309
421242.7940725275	4569528.9407432713
421243.7536537191	4569529.2221752107
421244.7132349108	4569529.5036071502
421245.6260142004	4569529.8950556275
421246.4942573427	4569530.3911945652
421247.4567662165	4569530.6412259806
421248.4342872606	4569530.8520638533
421249.4118083047	4569531.0629017251
421250.3893293487	4569531.2737395978
421251.3668503928	4569531.4845774695
421252.3443714368	4569531.6954153422
421253.3218924809	4569531.9062532149
421254.2994135250	4569532.1170910867
421255.2769345690	4569532.3279289594
421256.2544556131	4569532.5387668321
421257.2024541922	4569532.8172377041
421258.0216861127	4569533.3907000478
421258.8409180332	4569533.9641623925
421259.6601499536	4569534.5376247372
421260.5587337355	4569534.8701680619
421261.5584051664	4569534.8958006632
421262.5580765973	4569534.9214332635
421263.5577480282	4569534.9470658647
421264.4718470500	4569535.2248143069
421265.2805831343	4569535.8129860051
421266.0893192185	4569536.4011577033
421266.9415543031	4569536.9211573182
421267.8157115793	4569537.4068002496
421268.7534709435	4569537.5356137753
421269.7415874125	4569537.3819067683
421270.7297038814	4569537.2281997623
421271.7178203503	4569537.0744927563
421272.7059368193	4569536.9207857493
421273.6934460030	4569537.0471600341
421274.6808866351	4569537.2051505344
421275.6396642766	4569537.4522679262
421276.5340914674	4569537.8994815219
421277.4285186582	4569538.3466951177
421278.3311744964	4569538.7712982846
421279.3038247274	4569539.0035729669
421280.2764749585	4569539.2358476492
421281.2491251896	4569539.4681223314
421282.2217754207	4569539.7003970137
421283.1944256517	4569539.9326716959
421284.1670758827	4569540.1649463782
421285.1409493975	4569540.3901821971
421286.1349354291	4569540.4996891329
421287.1289214607	4569540.6091960687
421288.1229074923	4569540.7187030045
421289.1168935239	4569540.8282099394
421290.1108795555	4569540.9377168752
421291.1048655872	4569541.0472238110
421292.0988516188	4569541.1567307469
421293.0928376504	4569541.2662376817
421294.0868236820	4569541.3757446175
421295.0808097137	4569541.4852515534
421296.0747957453	4569541.5947584892
421297.0687817769	4569541.7042654241
421298.0553286219	4569541.8668838693
421299.0411497917	4569542.0346832173
421300.0269709615	4569542.2024825653
421301.0127921312	4569542.3702819133
421301.9968968875	4569542.5443587713
421302.9309487224	4569542.9014962371
421303.8650005573	4569543.2586337039
421304.7990523922	4569543.6157711698
421305.7440639352	4569543.9382570600
421306.7136031295	4569544.1831932776
421307.6831423239	4569544.4281294951
421308.6526815183	4569544.6730657117
421309.6222207126	4569544.9180019293
421310.5917599069	4569545.1629381469
421311.5612991013	4569545.4078743644
421312.5308382956	4569545.6528105820
421313.5003774900	4569545.8977467995
421314.4699166843	4569546.1426830171
421315.4394558787	4569546.3876192346
421316.4089950730	4569546.6325554522
421317.3785342674	4569546.8774916697
421318.3480734618	4569547.1224278864
421319.3176126561	4569547.3673641039
421320.2871518504	4569547.6123003215
421321.2566910448	4569547.8572365390
421322.2262302391	4569548.1021727566
421323.1957694335	4569548.3471089741
421324.1653086278	4569548.5920451917
421325.1354581756	4569548.8345143693
421326.1073609403	4569549.0698970705
421327.0792637051	4569549.3052797709
421328.0511664698	4569549.5406624721
421329.0230692346	4569549.7760451725
421329.9949719993	4569550.0114278737
421330.9668747641	4569550.2468105750
421331.9387775288	4569550.4821932754
421332.9106802936	4569550.7175759766
421333.8825830583	4569550.9529586770
421334.8544858231	4569551.1883413782
421335.8263885879	4569551.4237240786
421336.7982913526	4569551.6591067798
421337.7701941174	4569551.8944894811
421338.7420968821	4569552.1298721815
421339.7139996469	4569552.3652548827
421340.6859024116	4569552.6006375831
421341.6578051764	4569552.8360202843
421342.6297079411	4569553.0714029847
421343.6016107059	4569553.3067856859
421344.5735134706	4569553.5421683863
421345.5454162354	4569553.7775510876
421346.5173190001	4569554.0129337888
421347.4892217649	4569554.2483164892
421348.4611245296	4569554.4836991904
421349.4330272944	4569554.7190818908
421350.4049300591	4569554.9544645920
421351.3781540442	4569555.1841568640
421352.3543411044	4569555.4010873213
421353.3305281646	4569555.6180177797
421354.3067152247	4569555.8349482380
421355.2829022849	4569556.0518786954
421356.2590893451	4569556.2688091537
421357.2352764053	4569556.4857396111
421358.2114634654	4569556.7026700694
421359.1550049944	4569557.0278427145
421360.0883506006	4569557.3868217943
421361.0216962068	4569557.7458008733
421361.9550418130	4569558.1047799522
421362.8883874193	4569558.4637590321
421363.8247132600	4569558.8123537460
421364.8063782189	4569559.0029683011
421365.7880431777	4569559.1935828561
421366.7697081366	4569559.3841974111
421367.7513730955	4569559.5748119662
421368.7330380543	4569559.7654265212
421369.7147030132	4569559.9560410762
421370.6963679720	4569560.1466556313
421371.6780329309	4569560.3372701863
421372.6596978897	4569560.5278847413
421373.6413628486	4569560.7184992954
421374.6235991516	4569560.9060955951
421375.6070145254	4569561.0874631852
421376.5904298992	4569561.2688307744
421377.5738452731	4569561.4501983635
421378.5572606469	4569561.6315659536
421379.5406760208	4569561.8129335428
421380.5240913945	4569561.9943011319
421381.5075067684	4569562.1756687220
421382.4909221422	4569562.3570363112
421383.4743375160	4569562.5384039003
421384.4577528899	4569562.7197714904
421385.4411682637	4569562.9011390796
421386.4245836375	4569563.0825066697
421387.4079990114	4569563.2638742588
421388.3914143852	4569563.4452418480
421389.3748297590	4569563.6266094381
421390.3582451328	4569563.8079770273
421391.3416605066	4569563.9893446164
421392.3250758805	4569564.1707122065
421393.3084912543	4569564.3520797957
421394.2919066281	4569564.5334473848
421395.2753220020	4569564.7148149749
421396.2587373758	4569564.8961825641
421397.2421527496	4569565.0775501542
421398.2255681234	4569565.2589177433
421399.2089834973	4569565.4402853325
421400.2049208983	4569565.5270801270
421401.2016499465	4569565.6078959964
421402.1983789946	4569565.6887118649
421403.1914849910	4569565.7919017710
421404.1627823026	4569566.0297705010
421405.1340796143	4569566.2676392300
421406.1053769259	4569566.5055079591
421407.0766742375	4569566.7433766890
421408.0479715491	4569566.9812454181
421409.0192688608	4569567.2191141481
421409.9905661724	4569567.4569828771
421410.9618634840	4569567.6948516062
421411.9331607956	4569567.9327203361
421412.9044581073	4569568.1705890652
421413.8849912517	4569568.3658733675
421414.8675614973	4569568.5517650349
421415.8501317430	4569568.7376567032
421416.8327019887	4569568.9235483715
421417.8152722345	4569569.1094400398
421418.7978424802	4569569.2953317072
421419.7804127258	4569569.4812233755
421420.7629829716	4569569.6671150438
421421.7455532173	4569569.8530067112
421422.7281234630	4569570.0388983795
421423.7106937087	4569570.2247900479
421424.6926451086	4569570.4138455987
421425.6728431284	4569570.6118654003
421426.6530411482	4569570.8098852029
421427.6332391680	4569571.0079050045
421428.6134371878	4569571.2059248062
421429.5936352076	4569571.4039446088
421430.5738332274	4569571.6019644104
421431.5540312472	4569571.7999842130
421432.5342292669	4569571.9980040146
421433.5144272867	4569572.1960238172
421434.4946253065	4569572.3940436188
421435.4256076062	4569572.7559392415
421436.3527176719	4569573.1307284161
421437.2798277377	4569573.5055175917
421438.2069378036	4569573.8803067673
421439.1340478694	4569574.2550959419
421440.1114366302	4569574.4261227231
421441.1064738204	4569574.5256264424
421442.1015110106	4569574.6251301616
421443.0965482007	4569574.7246338818
421444.0816393040	4569574.8890481843
421445.0608179480	4569575.0920486357
421446.0399965921	4569575.2950490862
421447.0191752362	4569575.4980495367
421447.9983538803	4569575.7010499872
421448.9775325243	4569575.9040504377
421449.9567111684	4569576.1070508892
421450.9358898125	4569576.3100513397
421451.9121856574	4569576.5227111485
421452.8424585880	4569576.8895793464
421453.7727315186	4569577.2564475443
421454.7030044492	4569577.6233157422
421455.6332773797	4569577.9901839402
421456.5635503103	4569578.3570521381
421457.4938232408	4569578.7239203360
421458.4240961714	4569579.0907885339
421459.3703146203	4569579.3931903271
421460.3643452976	4569579.5022912547
421461.3583759750	4569579.6113921832
421462.3524066523	4569579.7204931118
421463.3464373296	4569579.8295940394
421464.3404680069	4569579.9386949679
421465.3344986842	4569580.0477958964
421466.3285293615	4569580.1568968249
421467.3225600389	4569580.2659977525
421468.2942819590	4569580.4946554238
421469.2607670860	4569580.7513780361
421470.2272522129	4569581.0081006475
421471.1937373398	4569581.2648232598
421472.1602224668	4569581.5215458712
421473.1267075938	4569581.7782684835
421474.0931927207	4569582.0349910948
421475.0596778476	4569582.2917137071
421476.0261629746	4569582.5484363185
421476.9926481015	4569582.8051589299
421477.9591332284	4569583.0618815422
421478.9256183554	4569583.3186041536
421479.8921034823	4569583.5753267659
421480.8481220941	4569583.8632990532
421481.7742627744	4569584.2404773142
421482.7004034546	4569584.6176555743
421483.6265441348	4569584.9948338354
421484.5526848150	4569585.3720120965
421485.4788254952	4569585.7491903575
421486.4049661754	4569586.1263686186
421487.3311068556	4569586.5035468787
421488.2572475358	4569586.8807251398
421489.1833882160	4569587.2579034008
421490.1095288962	4569587.6350816619
421491.0356695765	4569588.0122599229
421491.9618102566	4569588.3894381830
421492.8879509368	4569588.7666164441
421493.8140916170	4569589.1437947052
421494.7402322972	4569589.5209729662
421495.6663729775	4569589.8981512263
421496.5925136577	4569590.2753294874
421497.5186543379	4569590.6525077485
421498.4447950181	4569591.0296860095
421499.3709356983	4569591.4068642706
421500.2970763785	4569591.7840425307
421501.2232170587	4569592.1612207917
421502.1493577389	4569592.5383990528
421503.0754984191	4569592.9155773139
421504.0016390994	4569593.2927555749
421504.9277797796	4569593.6699338350
421505.8539204598	4569594.0471120961
421506.7823214629	4569594.4186840476
421507.7110851078	4569594.7893565334
421508.6398487527	4569595.1600290192
421509.5686123976	4569595.5307015060
421510.4973760426	4569595.9013739917
421511.4261396874	4569596.2720464775
421512.3549033323	4569596.6427189633
421513.2836669772	4569597.0133914500
421514.2124306222	4569597.3840639358
421515.1411942670	4569597.7547364216
421516.0699579119	4569598.1254089074
421516.9987215569	4569598.4960813941
421517.9274852018	4569598.8667538799
421518.8562488467	4569599.2374263657
421519.7850124915	4569599.6080988524
421520.7137761365	4569599.9787713382
421521.6425397814	4569600.3494438240
421522.5713034263	4569600.7201163098
421523.5000670712	4569601.0907887965
421524.4288307161	4569601.4614612823
421525.3575943610	4569601.8321337681
421526.2863580059	4569602.2028062539
421527.2151216508	4569602.5734787406
421528.1438852957	4569602.9441512264
421529.0754408266	4569603.3075513057
421530.0136525787	4569603.6536130179
421530.9518643307	4569603.9996747291
421531.8900760827	4569604.3457364412
421532.8282878348	4569604.6917981524
421533.7664995868	4569605.0378598645
421534.7047113389	4569605.3839215767
421535.6429230909	4569605.7299832879
421536.5811348430	4569606.0760450000
421537.5193465950	4569606.4221067112
421538.4575583471	4569606.7681684233
421539.3957700991	4569607.1142301345
421540.3339818511	4569607.4602918467
421541.2721936032	4569607.8063535588
421542.2104053552	4569608.1524152700
421543.1486171073	4569608.4984769821
421544.0868288593	4569608.8445386933
421545.0250406114	4569609.1906004054
421545.9632523634	4569609.5366621166
421546.9014641154	4569609.8827238288
421547.8396758675	4569610.2287855409
421548.7778876195	4569610.5748472521
421549.7160993716	4569610.9209089642
421550.6543111236	4569611.2669706754
421551.5925228757	4569611.6130323876
421552.5307346277	4569611.9590940988
421553.4689463798	4569612.3051558109
421554.4044462506	4569612.6584443422
421555.3387078402	4569613.0150327347
421556.2729694298	4569613.3716211282
421557.2072310195	4569613.7282095216
421558.1414926091	4569614.0847979141
421559.0757541987	4569614.4413863076
421560.0100157883	4569614.7979747010
421560.9442773780	4569615.1545630936
421561.8785389676	4569615.5111514870
421562.8128005573	4569615.8677398805
421563.7470621469	4569616.2243282739
421564.6813237365	4569616.5809166664
421565.6155853261	4569616.9375050599
421566.5498469158	4569617.2940934533
421567.4717469277	4569617.6791083151
421568.3696676504	4569618.1192655321
421569.2675883731	4569618.5594227491
421570.1655090958	4569618.9995799661
421571.0634298185	4569619.4397371830
421571.9613505412	4569619.8798944000
421572.8592712639	4569620.3200516170
421573.7571919866	4569620.7602088340
421574.6551127094	4569621.2003660509
421575.5530334320	4569621.6405232679
421576.4509541547	4569622.0806804858
421577.3488748775	4569622.5208377028
421578.2730967587	4569622.9004411362
421579.2076685874	4569623.2562156385
421580.1422404162	4569623.6119901417
421581.0768122449	4569623.9677646449
421582.0113840736	4569624.3235391481
421582.9459559024	4569624.6793136504
421583.8805277311	4569625.0350881536
421584.8150995598	4569625.3908626568
421585.7496713886	4569625.7466371590
421586.6842432173	4569626.1024116622
421587.6188150461	4569626.4581861654
421588.5533868748	4569626.8139606686
421589.4879587035	4569627.1697351709
421590.4225305323	4569627.5255096741
421591.3571023610	4569627.8812841773
421592.2916741897	4569628.2370586796
421593.2262460185	4569628.5928331828
421594.1608178472	4569628.9486076860
421595.0953896760	4569629.3043821882
421596.0283439274	4569629.6643428784
421596.9593171258	4569630.0294304080
421597.8902903243	4569630.3945179367
421598.8212635226	4569630.7596054655
421599.7522367211	4569631.1246929942
421600.6832099195	4569631.4897805238
421601.6141831180	4569631.8548680525
421602.5451563164	4569632.2199555812
421603.4761295148	4569632.5850431100
421604.4071027133	4569632.9501306396
421605.3380759117	4569633.3152181683
421606.2628487395	4569633.6947107390
421607.1679425820	4569634.1199226119
421608.0730364244	4569634.5451344838
421608.9781302669	4569634.9703463558
421609.8832241093	4569635.3955582287
421610.7883179518	4569635.8207701007
421611.6934117943	4569636.2459819727
421612.5985056368	4569636.6711938456
421613.5035994792	4569637.0964057175
421614.4086933217	4569637.5216175895
421615.3137871641	4569637.9468294624
421616.2188810066	4569638.3720413344
421617.1239748491	4569638.7972532064
421618.0290686916	4569639.2224650793
421618.9341625340	4569639.6476769513
421619.8392563765	4569640.0728888232
421620.7443502189	4569640.4981006961
421621.6547479751	4569640.9115269585
421622.5732318852	4569641.3069853084
421623.4917157954	4569641.7024436593
421624.4101997055	4569642.0979020093
421625.3286836156	4569642.4933603592
421626.2471675257	4569642.8888187101
421627.1656514358	4569643.2842770601
421628.0841353459	4569643.6797354110
421629.0105601551	4569644.0551914489
421629.9501841158	4569644.3974001752
421630.8898080766	4569644.7396089016
421631.8294320373	4569645.0818176279
421632.7690559981	4569645.4240263542
421633.7086799588	4569645.7662350805
421634.6483039196	4569646.1084438069
421635.5879278803	4569646.4506525332
421636.5275518411	4569646.7928612595
421637.4671758018	4569647.1350699859
421638.4067997626	4569647.4772787122
421639.3464237233	4569647.8194874385
421640.2860476841	4569648.1616961649
421641.2256716448	4569648.5039048912
421642.1652956056	4569648.8461136175
421643.1049195663	4569649.1883223439
421644.0445435270	4569649.5305310702
421644.9841674878	4569649.8727397965
421645.9304552420	4569650.1958376607
421646.8791385400	4569650.5120654264
421647.8278218381	4569650.8282931922
421648.7765051361	4569651.1445209589
421649.7251884342	4569651.4607487246
421650.6738717323	4569651.7769764904
421651.6225550303	4569652.0932042561
421652.5712383284	4569652.4094320219
421653.5199216265	4569652.7256597886
421654.4686049245	4569653.0418875543
421655.4172882226	4569653.3581153201
421656.3668237026	4569653.6716421423
421657.3252093861	4569653.9571187291
421658.2835950697	4569654.2425953159
421659.2419807532	4569654.5280719027
421660.2003664368	4569654.8135484895
421661.1587521204	4569655.0990250763
421662.1171378039	4569655.3845016630
421663.0755234874	4569655.6699782489
421664.0339091710	4569655.9554548357
421664.9922948546	4569656.2409314224
421665.9506805381	4569656.5264080092
421666.9090662216	4569656.8118845960
421667.8674519052	4569657.0973611828
421668.8258375888	4569657.3828377696
421669.7842232723	4569657.6683143564
421670.7403698049	4569657.9594532652
421671.6347969960	4569658.4066668600
421672.5292241872	4569658.8538804557
421673.4236513783	4569659.3010940505
421674.3530307662	4569659.5224314230
421675.3407937315	4569659.3664688496
421676.3016817556	4569659.4316014964
421677.2233171307	4569659.8196584964
421678.0567216147	4569660.3244330073
421678.6814166627	4569661.1053018169
421679.4299645375	4569661.6478278181
421680.4280171159	4569661.7102061054
421681.4210754445	4569661.8228801154
421682.4119056126	4569661.9579933193
421683.4015140893	4569662.1014401326
421684.3894336157	4569662.2564079016
421685.3773531420	4569662.4113756707
421686.3652726684	4569662.5663434397
421687.3531921948	4569662.7213112088
421688.3128763848	4569662.9406487327
421689.0959872323	4569663.5625308761
421689.8790980798	4569664.1844130196
421690.6622089273	4569664.8062951630
421691.4453197748	4569665.4281773074
421692.3058729053	4569665.9285433218
421693.2003000963	4569666.3757569175
421694.0947272873	4569666.8229705123
421695.0320283122	4569667.1641737362
421695.9858775629	4569667.4644596111
421696.9397268136	4569667.7647454869
421697.8935760643	4569668.0650313618
421698.8474253151	4569668.3653172366
421699.8012745658	4569668.6656031124
421700.7427699698	4569669.0024604155
421701.6833238695	4569669.3421048792
421702.6238777692	4569669.6817493429
421703.5644316688	4569670.0213938067
421704.5049855685	4569670.3610382704
421705.4455394682	4569670.7006827341
421706.3860933678	4569671.0403271988
421707.3266472675	4569671.3799716625
421708.2672011671	4569671.7196161263
421709.2077550668	4569672.0592605900
421710.1483089665	4569672.3989050537
421711.0987548448	4569672.6595983366
421712.0940294787	4569672.5624983720
421713.0893041126	4569672.4653984075
421714.0845787464	4569672.3682984421
421715.0798533804	4569672.2711984776
421715.5174230662	4569671.3903424228
421715.9353286745	4569670.4818519698
421716.3532342828	4569669.5733615179
421716.7711398911	4569668.6648710649
421717.1890454995	4569667.7563806120
421717.7382439890	4569666.9557213550
421718.5481861104	4569666.3692115434
421719.3581282317	4569665.7827017307
421720.1680703531	4569665.1961919181
421721.1056381528	4569665.0035290392
421722.1056381528	4569665.0035290401
421723.0610347695	4569665.1660158513
421723.9208895134	4569665.6765546054
421724.7807442572	4569666.1870933594
421725.6405990010	4569666.6976321135
421726.0183388632	4569667.4562436454
421725.9338957865	4569668.4526719507
421725.8494527098	4569669.4491002550
421725.7650096331	4569670.4455285603
421725.6805665564	4569671.4419568647
421725.5961234797	4569672.4383851700
421725.9278938539	4569673.2325074030
421726.7635993338	4569673.7816852890
421727.5993048136	4569674.3308631759
421728.4350102934	4569674.8800410619
421729.2961553080	4569675.3634332055
421730.2839182734	4569675.5193957789
421731.2438353003	4569675.5386911724
421732.1153935946	4569675.2067067744
421733.0640768922	4569675.5229345420
421733.8165825262	4569676.1741506802
421734.6590587585	4569676.6378981527
421735.6438423174	4569676.8116834862
421736.5978140896	4569677.0990269519
421737.5353803080	4569677.4468337754
421738.4729465263	4569677.7946405988
421739.4105127446	4569678.1424474213
421740.3480789630	4569678.4902542448
421741.2856451813	4569678.8380610682
421742.2232113997	4569679.1858678907
421743.0873859642	4569679.6854353137
421743.9421734795	4569680.2044134475
421744.7969609947	4569680.7233915823
421745.6517485100	4569681.2423697161
421746.5065360253	4569681.7613478508
421747.3613235406	4569682.2803259846
421748.2031226050	4569682.8179811910
421748.9871684294	4569683.4386841357
421749.7712142538	4569684.0593870804
421750.5641676392	4569684.6631086124
421751.5205192102	4569684.9553271485
421752.4768707812	4569685.2475456838
421753.4332223523	4569685.5397642199
421754.3944257506	4569685.8127384512
421755.3750064263	4569686.0088545866
421756.3321510689	4569686.2545507727
421757.1061083683	4569686.8877885630
421757.8800656677	4569687.5210263524
421758.6753392743	4569688.1226017717
421759.5532348471	4569688.6014539031
421760.4311304198	4569689.0803060336
421761.3090259925	4569689.5591581650
421762.2210018665	4569689.9492349243
421763.1938080813	4569690.1808554512
421764.1666142960	4569690.4124759780
421765.1394205108	4569690.6440965049
421766.1122267255	4569690.8757170327
421767.1089681942	4569690.9453372201
421768.1071908101	4569691.0049326010
421769.1054134258	4569691.0645279810
421770.1036360416	4569691.1241233610
421771.1018586574	4569691.1837187409
421772.1000812731	4569691.2433141218
421773.0309124874	4569691.2243781677
421773.1235358564	4569690.2286769524
421773.2161592254	4569689.2329757363
421773.3087825943	4569688.2372745201
421773.4014059633	4569687.2415733039
421773.6916428840	4569686.2960836524
421774.0855621824	4569685.3769386215
421774.4794814810	4569684.4577935915
421774.8734007795	4569683.5386485616
421775.2673200780	4569682.6195035316
421776.0428935765	4569681.9918643925
421776.8260044240	4569681.3699822491
421777.6091152715	4569680.7481001057
421778.3922261190	4569680.1262179613
421779.2907561773	4569679.8775629047
421780.2882148772	4569679.9488099543
421781.2856735770	4569680.0200570039
421782.2831322769	4569680.0913040526
421783.2376920195	4569680.2808175785
421784.0488683983	4569680.8656191537
421784.8600447770	4569681.4504207289
421785.6712211557	4569682.0352223050
421786.4823975344	4569682.6200238802
421787.2935739131	4569683.2048254553
421787.5525749370	4569684.1180457193
421787.6792068237	4569685.1099954983
421787.8058387104	4569686.1019452782
421787.9324705971	4569687.0938950581
421788.0591024838	4569688.0858448371
421788.3398292594	4569689.0450769281
421788.6271771448	4569690.0029032137
421788.9145250301	4569690.9607294984
421789.5184566221	4569691.7294622101
421790.2255634037	4569692.4365689903
421790.9326701851	4569693.1436757715
421791.6397769666	4569693.8507825518
421792.6243644712	4569694.0170835620
421793.6111535630	4569694.1790937111
421794.5979426547	4569694.3411038602
421795.5847317464	4569694.5031140093
421796.5715208382	4569694.6651241584
421797.5583099299	4569694.8271343075
421798.5431563563	4569694.9967620485
421799.4870147126	4569695.3271124735
421800.4308730689	4569695.6574628986
421801.1670444325	4569696.3183175428
421801.8741512138	4569697.0254243240
421802.8227788365	4569697.2459925283
421803.8135262319	4569697.3817113498
421804.8042736273	4569697.5174301714
421805.7950210227	4569697.6531489929
421806.7857684181	4569697.7888678145
421807.7765158136	4569697.9245866351
421808.7672632089	4569698.0603054566
421809.7515662653	4569698.2294320529
421810.7217087652	4569698.4719676785
421811.6918512652	4569698.7145033050
421812.6619937651	4569698.9570389306
421813.5970399771	4569699.2970683668
421814.4991741989	4569699.7285238644
421815.4013084208	4569700.1599793611
421816.3034426426	4569700.5914348578
421817.2055768644	4569701.0228903545
421818.1365595992	4569701.3096259972
421819.1351774286	4569701.2570671644
421820.1337952580	4569701.2045083325
421821.1324130874	4569701.1519495007
421822.0788661932	4569701.3207012881
421822.9488883794	4569701.8137138588
421823.8189105655	4569702.3067264305
421824.6889327517	4569702.7997390023
421825.6392602705	4569703.1011709226
421826.6007842180	4569703.3758920515
421827.5623081656	4569703.6506131794
421828.5116939210	4569703.8110663611
421829.3940468619	4569703.3404781250
421830.3066395847	4569703.1869409205
421831.2620422257	4569703.4822471915
421832.2174448666	4569703.7775534624
421833.1728475076	4569704.0728597334
421834.1282501486	4569704.3681660043
421835.0836527896	4569704.6634722752
421836.0451710403	4569704.9373941710
421837.0122455776	4569705.1918874700
421837.9793201148	4569705.4463807698
421838.9463946521	4569705.7008740688
421839.9134691893	4569705.9553673677
421840.8805437266	4569706.2098606676
421841.8590994684	4569706.4071900267
421842.8494412150	4569706.5458378717
421843.8397829616	4569706.6844857167
421844.8301247083	4569706.8231335608
421845.8204664549	4569706.9617814058
421846.7916846796	4569707.1737927841
421847.7236893512	4569707.5362390447
421848.6556940229	4569707.8986853054
421849.5876986945	4569708.2611315669
421850.5197033661	4569708.6235778276
421851.4517080377	4569708.9860240882
421852.3884508677	4569709.3356409920
421853.3323092240	4569709.6659914171
421854.2761675804	4569709.9963418422
421855.2200259367	4569710.3266922664
421856.1638842931	4569710.6570426915
421857.1077426494	4569710.9873931166
421858.0516010058	4569711.3177435407
421858.9954593621	4569711.6480939658
421859.9393177185	4569711.9784443909
421860.8831760748	4569712.3087948151
421861.8270344311	4569712.6391452402
421862.7521492493	4569713.0161993895
421863.6625157268	4569713.4300023336
421864.5728822042	4569713.8438052777
421865.4832486817	4569714.2576082228
421866.3936151592	4569714.6714111669
421867.3039816366	4569715.0852141110
421868.2143481141	4569715.4990170551
421869.1247145916	4569715.9128199993
421870.0350810691	4569716.3266229434
421870.9454475465	4569716.7404258884
421871.8558140240	4569717.1542288326
421872.7661805015	4569717.5680317767
421873.6765469789	4569717.9818347208
421874.5869134564	4569718.3956376649
421875.4972799339	4569718.8094406100
421876.4076464114	4569719.2232435541
421877.3180128888	4569719.6370464982
421878.2268390520	4569720.0541737135
421879.1310876988	4569720.4811800187
421880.0353363456	4569720.9081863239
421880.9395849924	4569721.3351926291
421881.8438336392	4569721.7621989343
421882.7480822860	4569722.1892052395
421883.6523309328	4569722.6162115447
421884.5565795796	4569723.0432178499
421885.4608282264	4569723.4702241551
421886.3650768732	4569723.8972304612
421887.2693255199	4569724.3242367664
421888.1735741667	4569724.7512430716
421889.0801008636	4569725.1715969741
421890.0562879237	4569725.3885274325
421891.0324749839	4569725.6054578898
421892.0086620441	4569725.8223883482
421892.9848491042	4569726.0393188056
421893.9610361644	4569726.2562492639
421894.9372232246	4569726.4731797213
421895.8584704817	4569726.8242866956
421896.7064687857	4569727.3542856360
421897.5544670897	4569727.8842845755
421898.4024653938	4569728.4142835159
421899.2504636978	4569728.9442824554
421900.0984620018	4569729.4742813958
421900.9895614966	4569729.9227181235
421901.9052055268	4569730.3247081852
421902.8208495569	4569730.7266982477
421903.7364935871	4569731.1286883103
421904.6562823994	4569731.5161437672
421905.6462318930	4569731.6575651243
421906.6361813866	4569731.7989864806
421907.6124179398	4569731.9862974212
421908.5176548839	4569732.4112045579
421909.4228918280	4569732.8361116946
421910.3281287721	4569733.2610188313
421911.2333657161	4569733.6859259689
421912.1386026603	4569734.1108331056
421913.0887025334	4569734.4032348273
421914.0658788973	4569734.6156644719
421915.0430552613	4569734.8280941164
421916.0202316252	4569735.0405237610
421916.9974079891	4569735.2529534046
421917.8137608173	4569735.8011054220
421918.5917019974	4569736.4294425296
421919.3696431776	4569737.0577796372
421920.1460398875	4569737.6880166400
421920.9199971869	4569738.3212544294
421921.6939544863	4569738.9544922197
421922.5674510576	4569739.3756843265
421923.5490664473	4569739.5665539857
421924.5306818370	4569739.7574236449
421925.5122972266	4569739.9482933041
421926.4616376951	4569740.2539330404
421927.3988595461	4569740.6026667524
421928.3360813972	4569740.9514004644
421929.2733032483	4569741.3001341764
421930.2091223171	4569741.6520959977
421931.1035495080	4569742.0993095934
421931.9979766989	4569742.5465231892
421932.8924038898	4569742.9937367849
421933.7868310807	4569743.4409503806
421934.6812582716	4569743.8881639764
421935.5756854626	4569744.3353775721
421936.4701126535	4569744.7825911678
421937.3712007635	4569745.2159348447
421938.2794205806	4569745.6344282897
421939.1876403978	4569746.0529217357
421940.0958602150	4569746.4714151807
421941.0040800321	4569746.8899086257
421941.9122998493	4569747.3084020708
421942.8205196664	4569747.7268955167
421943.7287394837	4569748.1453889618
421944.6369593008	4569748.5638824068
421945.5451791180	4569748.9823758518
421946.4533989351	4569749.4008692969
421947.3616187523	4569749.8193627428
421948.2561537466	4569750.2663518609
421949.1505809378	4569750.7135654557
421950.0450081290	4569751.1607790515
421950.9394353202	4569751.6079926463
421951.8338625114	4569752.0552062411
421952.7680301221	4569752.3924510889
421953.7417183008	4569752.6203355566
421954.7154064795	4569752.8482200243
421955.6890946583	4569753.0761044919
421956.6627828370	4569753.3039889596
421957.6371891502	4569753.5287653515
421958.6121537038	4569753.7511256887
421959.5871182573	4569753.9734860258
421960.5620828108	4569754.1958463620
421961.5370473644	4569754.4182066992
421962.5120119179	4569754.6405670354
421963.4689059968	4569754.9256618861
421964.4127643532	4569755.2560123103
421965.3566227097	4569755.5863627354
421966.3004810661	4569755.9167131595
421967.2484306665	4569756.2342572911
421968.2089949308	4569756.5123153683
421969.1695591951	4569756.7903734446
421970.1301234594	4569757.0684315218
421971.0980459361	4569757.3045366341
421972.0959028851	4569757.3699698765
421973.0937598342	4569757.4354031188
421974.0916167833	4569757.5008363612
421975.0894737323	4569757.5662696036
421976.0873306814	4569757.6317028468
421977.0851876304	4569757.6971360892
421978.0390829080	4569757.9917111089
421978.9903057270	4569758.3002158068
421979.9415285460	4569758.6087205047
421980.8927513650	4569758.9172252025
421981.8674741856	4569759.1399601391
421982.8431020127	4569759.3593920032
421983.8187298397	4569759.5788238673
421984.7943576668	4569759.7982557314
421985.7699854939	4569760.0176875954
421986.7456133209	4569760.2371194595
421987.7212411480	4569760.4565513246
421988.6968689751	4569760.6759831887
421989.6724968021	4569760.8954150528
421990.6481246292	4569761.1148469169
421991.6237524563	4569761.3342787810
421992.5993802834	4569761.5537106451
421993.5750081105	4569761.7731425101
421994.5506359375	4569761.9925743742
421995.5262637646	4569762.2120062383
421996.5018915917	4569762.4314381024
421997.4775194187	4569762.6508699665
421998.4531472458	4569762.8703018306
421999.4287750729	4569763.0897336947
422000.4044028999	4569763.3091655597
422001.3800307270	4569763.5285974238
422002.3556585541	4569763.7480292879
422003.3312863811	4569763.9674611520
422004.3069142082	4569764.1868930161
422005.2825420353	4569764.4063248802
422006.2581698624	4569764.6257567443
422007.2337976895	4569764.8451886093
422008.2094255165	4569765.0646204734
422009.1850533436	4569765.2840523375
422010.1606811707	4569765.5034842016
422011.1211646555	4569765.7786501711
422012.0736794136	4569766.0831425935
422013.0261941718	4569766.3876350168
422013.9787089299	4569766.6921274392
422014.9312236881	4569766.9966198616
422015.8837384462	4569767.3011122849
422016.8362532044	4569767.6056047073
422017.7887679626	4569767.9100971296
422018.7412827207	4569768.2145895530
422019.6937974789	4569768.5190819753
422020.6463122371	4569768.8235743977
422021.5988269953	4569769.1280668210
422022.5513417534	4569769.4325592434
422023.4942748116	4569769.7645035246
422024.4293848437	4569770.1188610103
422025.3644948759	4569770.4732184960
422026.2996049079	4569770.8275759825
422027.2347149401	4569771.1819334682
422028.1698249722	4569771.5362909539
422029.1049350043	4569771.8906484405
422030.0400450365	4569772.2450059261
422030.9751550686	4569772.5993634118
422031.9102651007	4569772.9537208974
422032.8476879930	4569773.3015402788
422033.7976137830	4569773.6140158679
422034.7475395729	4569773.9264914570
422035.6974653629	4569774.2389670452
422036.6473911528	4569774.5514426343
422037.5973169428	4569774.8639182234
422038.5472427327	4569775.1763938116
422039.4971685227	4569775.4888694007
422040.4470943127	4569775.8013449898
422041.4391492436	4569775.9223810714
422042.4324949796	4569776.0375515912
422043.4258407157	4569776.1527221119
422044.4191864517	4569776.2678926317
422045.4125321878	4569776.3830631515
422046.4058779239	4569776.4982336713
422047.3992236599	4569776.6134041911
422048.3672304015	4569776.8587165335
422049.3312230196	4569777.1246455321
422050.2952156377	4569777.3905745298
422051.2592082559	4569777.6565035284
422052.2232008741	4569777.9224325269
422053.1871934922	4569778.1883615255
422054.1097840405	4569778.5664042635
422055.0152429765	4569778.9908381393
422055.9207019125	4569779.4152720161
422056.8261608484	4569779.8397058919
422057.7316197843	4569780.2641397687
422058.6370787203	4569780.6885736445
422059.5425376563	4569781.1130075203
422060.3923003554	4569781.6281756936
422061.1806161388	4569782.2434465494
422061.9689319222	4569782.8587174052
422062.7572477056	4569783.4739882601
422063.5455634890	4569784.0892591160
422064.3653083376	4569784.6288340818
422065.3575862144	4569784.7528688163
422066.3498640912	4569784.8769035498
422067.2186157131	4569785.3146614097
422068.0290832909	4569785.9004449071
422068.8395508688	4569786.4862284036
422069.6500184467	4569787.0720119011
422070.4604860245	4569787.6577953976
422071.2709536024	4569788.2435788941
422072.0814211802	4569788.8293623915
422072.8918887581	4569789.4151458880
422073.7023563360	4569790.0009293854
422074.5128239139	4569790.5867128819
422075.3232914917	4569791.1724963794
422076.1337590696	4569791.7582798759
422076.9442266474	4569792.3440633724
422077.8258559495	4569792.8145163832
422078.7129245029	4569793.2761541000
422079.5999930564	4569793.7377918167
422080.4870616099	4569794.1994295334
422081.3741301634	4569794.6610672502
422082.2611987168	4569795.1227049669
422083.1482672703	4569795.5843426827
422084.0353358238	4569796.0459803995
422084.9224043773	4569796.5076181162
422085.8094729308	4569796.9692558330
422086.6965414843	4569797.4308935497
422087.5934898034	4569797.8726965319
422088.4963503221	4569798.3026301125
422089.3992108409	4569798.7325636931
422090.3020713596	4569799.1624972736
422091.2049318784	4569799.5924308542
422092.1077923972	4569800.0223644348
422093.0106529159	4569800.4522980154
422093.9135134347	4569800.8822315959
422094.8163739534	4569801.3121651765
422095.7215031391	4569801.7369936928
422096.6456700188	4569802.1189826699
422097.5698368986	4569802.5009716460
422098.4940037783	4569802.8829606231
422099.4181706581	4569803.2649496002
422100.3423375378	4569803.6469385764
422101.2665044176	4569804.0289275534
422102.1906712973	4569804.4109165305
422103.1148381771	4569804.7929055067
422104.0600729837	4569805.1179080773
422105.0104701127	4569805.4289471377
422105.9608672417	4569805.7399861980
422106.9112643707	4569806.0510252593
422107.8616614997	4569806.3620643197
422108.8120586287	4569806.6731033800
422109.7792339524	4569806.9262569658
422110.7486503269	4569807.1716788337
422111.7180667015	4569807.4171007005
422112.6874830760	4569807.6625225674
422113.6568994506	4569807.9079444343
422114.6263158252	4569808.1533663012
422115.5957321997	4569808.3987881681
422116.5651485743	4569808.6442100350
422117.5345649488	4569808.8896319019
422118.5039813234	4569809.1350537688
422119.4733976979	4569809.3804756356
422120.4428140724	4569809.6258975025
422121.4122304470	4569809.8713193694
422122.3816468215	4569810.1167412363
422123.3510631961	4569810.3621631032
422124.3204795707	4569810.6075849701
422125.2922809647	4569810.8424244793
422126.2732526889	4569811.0365751330
422127.2542244131	4569811.2307257866
422128.2351961373	4569811.4248764403
422129.2161678614	4569811.6190270940
422130.1971395856	4569811.8131777477
422131.1781113099	4569812.0073284013
422132.1590830341	4569812.2014790550
422133.1400547583	4569812.3956297087
422134.1210264824	4569812.5897803623
422135.1019982066	4569812.7839310160
422136.0829699308	4569812.9780816697
422137.0639416550	4569813.1722323233
422138.0449133792	4569813.3663829770
422139.0258851034	4569813.5605336316
422140.0068568276	4569813.7546842853
422140.9878285518	4569813.9488349389
422141.9688002759	4569814.1429855926
422142.9497720001	4569814.3371362463
422143.9307437243	4569814.5312868999
422144.9110861634	4569814.7284796927
422145.8885787800	4569814.9394493224
422146.8660713966	4569815.1504189521
422147.8435640132	4569815.3613885809
422148.8210566298	4569815.5723582106
422149.7985492464	4569815.7833278393
422150.7760418630	4569815.9942974690
422151.7535344796	4569816.2052670987
422152.7310270961	4569816.4162367275
422153.7085197128	4569816.6272063572
422154.6860123293	4569816.8381759860
422155.6635049460	4569817.0491456157
422156.6409975625	4569817.2601152454
422157.6184901792	4569817.4710848741
422158.5959827957	4569817.6820545038
422159.4613657368	4569818.1387474164
422160.2613657360	4569818.7387474179
422161.1782062059	4569819.0038018534
422162.1778206266	4569819.0315689202
422163.1774350472	4569819.0593359871
422164.1770494678	4569819.0871030549
422165.1568572006	4569819.2793208119
422166.1344781527	4569819.4896949399
422167.1120991048	4569819.7000690689
422168.0897200568	4569819.9104431979
422169.0673410089	4569820.1208173269
422170.0449619610	4569820.3311914559
422171.0225829130	4569820.5415655840
422172.0002038651	4569820.7519397130
422172.9730934901	4569820.9826611755
422173.9432359902	4569821.2251968011
422174.9133784903	4569821.4677324258
422175.8835209905	4569821.7102680514
422176.8536634906	4569821.9528036760
422177.8238059908	4569822.1953393007
422178.7939484910	4569822.4378749263
422179.7640909911	4569822.6804105509
422180.6929940636	4569823.0027819239
422181.4522506661	4569823.6535732979
422182.2839973313	4569824.0691783344
422183.2778810660	4569823.9587468086
422184.2717648007	4569823.8483152827
422185.2656485354	4569823.7378837569
422186.2595322701	4569823.6274522310
422187.2534160048	4569823.5170207052
422188.2242217022	4569823.6912223157
422189.1873326762	4569823.9603268523
422190.1504436502	4569824.2294313898
422191.1135546242	4569824.4985359265
422192.0766655982	4569824.7676404631
422193.0397765722	4569825.0367450006
422194.0028875462	4569825.3058495373
422194.9613678730	4569825.5905878991
422195.9156761723	4569825.8894117093
422196.8699844715	4569826.1882355204
422197.8242927708	4569826.4870593315
422198.7786010701	4569826.7858831417
422199.7329093694	4569827.0847069528
422200.6872176687	4569827.3835307639
422201.6415259679	4569827.6823545750
422202.5958342672	4569827.9811783852
422203.5501425665	4569828.2800021963
422204.5044508658	4569828.5788260074
422205.4631050481	4569828.8633617843
422206.4221791469	4569829.1465169936
422207.3812532457	4569829.4296722040
422208.3403273445	4569829.7128274143
422209.2994014432	4569829.9959826246
422210.2584755420	4569830.2791378349
422211.2175496408	4569830.5622930452
422212.1766237396	4569830.8454482546
422213.1356978384	4569831.1286034649
422214.0947719372	4569831.4117586752
422215.0538460359	4569831.6949138856
422216.0115043150	4569831.9828039054
422216.9685853875	4569832.2726242300
422217.9256664600	4569832.5624445556
422218.8827475325	4569832.8522648802
422219.8398286050	4569833.1420852048
422220.7969096775	4569833.4319055295
422221.7539907499	4569833.7217258550
422222.7110718224	4569834.0115461797
422223.6681528949	4569834.3013665043
422224.6252339673	4569834.5911868289
422225.5823150398	4569834.8810071545
422226.5393961123	4569835.1708274791
422227.4964771848	4569835.4606478037
422228.4535582573	4569835.7504681284
422229.4106393298	4569836.0402884539
422230.3480748718	4569836.3842054149
422231.2680988509	4569836.7760674795
422232.1881228299	4569837.1679295450
422233.1081468090	4569837.5597916096
422234.0281707880	4569837.9516536742
422234.9481947671	4569838.3435157398
422235.8993474940	4569838.6358608007
422236.8786806776	4569838.8381143929
422237.8580138612	4569839.0403679851
422238.8373470448	4569839.2426215773
422239.8166802283	4569839.4448751695
422240.7960134119	4569839.6471287617
422241.7753465955	4569839.8493823539
422242.7546797790	4569840.0516359461
422243.7340129626	4569840.2538895383
422244.7133461462	4569840.4561431305
422245.6959544915	4569840.6417597346
422246.6788739966	4569840.8257957278
422247.6617935017	4569841.0098317200
422248.6447130068	4569841.1938677123
422249.6276325119	4569841.3779037045
422250.6105520170	4569841.5619396968
422251.5934715221	4569841.7459756900
422252.5763910272	4569841.9300116822
422253.5593105323	4569842.1140476745
422254.5422300374	4569842.2980836667
422255.5251495425	4569842.4821196590
422256.5080690475	4569842.6661556521
422257.4909885526	4569842.8501916444
422258.4739080577	4569843.0342276366
422259.4568275628	4569843.2182636289
422260.4397470679	4569843.4022996211
422261.4226665730	4569843.5863356143
422262.4055860780	4569843.7703716066
422263.3885055831	4569843.9544075988
422264.3714250882	4569844.1384435911
422265.3543445933	4569844.3224795843
422266.3372640984	4569844.5065155765
422267.3201836035	4569844.6905515688
422268.3031031086	4569844.8745875610
422269.2873854153	4569845.0509823551
422270.2733239729	4569845.2180905845
422271.2592625305	4569845.3851988148
422272.2452010882	4569845.5523070451
422273.2311396458	4569845.7194152754
422274.2170782035	4569845.8865235047
422275.2030167611	4569846.0536317350
422276.1889553187	4569846.2207399653
422277.1748938764	4569846.3878481956
422278.1608324340	4569846.5549564250
422279.1467709917	4569846.7220646553
422280.1327095493	4569846.8891728856
422281.1186481070	4569847.0562811159
422282.1045866646	4569847.2233893452
422283.0905252223	4569847.3904975755
422284.0764637799	4569847.5576058058
422285.0624023375	4569847.7247140352
422286.0483408952	4569847.8918222655
422287.0338839328	4569848.0610909387
422288.0150783893	4569848.2541127987
422288.9962728458	4569848.4471346587
422289.9774673023	4569848.6401565196
422290.9586617588	4569848.8331783796
422291.9398562152	4569849.0262002405
422292.9210506717	4569849.2192221005
422293.9022451282	4569849.4122439604
422294.8834395847	4569849.6052658213
422295.8646340412	4569849.7982876813
422296.8458284976	4569849.9913095422
422297.8270229541	4569850.1843314022
422298.8082174106	4569850.3773532622
422299.7894118671	4569850.5703751231
422300.7706063236	4569850.7633969830
422301.7518007800	4569850.9564188439
422302.7329952366	4569851.1494407039
422303.7141896930	4569851.3424625639
422304.6953841495	4569851.5354844248
422305.6765786060	4569851.7285062848
422306.6577730624	4569851.9215281457
422307.6389675190	4569852.1145500056
422308.6201619754	4569852.3075718656
422309.6013564319	4569852.5005937265
422310.5825508884	4569852.6936155865
422311.5637453448	4569852.8866374474
422312.5450666571	4569853.0790127004
422313.5264593120	4569853.2710243063
422314.5078519669	4569853.4630359123
422315.4892446217	4569853.6550475191
422316.4706372766	4569853.8470591251
422317.4520299315	4569854.0390707310
422318.4334225864	4569854.2310823379
422319.4148152413	4569854.4230939439
422320.3962078961	4569854.6151055498
422321.3756386953	4569854.8142284099
422322.3166608195	4569855.1525734430
422323.2576829438	4569855.4909184771
422324.1987050680	4569855.8292635102
422325.1397271923	4569856.1676085442
422326.0807493165	4569856.5059535773
422327.0217714407	4569856.8442986114
422327.9627935649	4569857.1826436445
422328.9038156892	4569857.5209886776
422329.8448378134	4569857.8593337117
422330.7989360398	4569858.1525306636
422331.7751231001	4569858.3694611210
422332.7513101604	4569858.5863915784
422333.7274972206	4569858.8033220358
422334.7036842809	4569859.0202524932
422335.5734051359	4569859.4759370610
422336.3871386069	4569860.0571752554
422337.2008720779	4569860.6384134497
422338.0146055488	4569861.2196516432
422338.8283390198	4569861.8008898376
422339.7064848887	4569862.2274878556
422340.6922213143	4569862.3957843184
422341.6779577398	4569862.5640807813
422342.6636941654	4569862.7323772432
422343.6317466072	4569862.9457200225
422344.4687162210	4569863.4929693863
422345.3056858348	4569864.0402187491
422346.1426554486	4569864.5874681128
422346.9796250625	4569865.1347174756
422347.8165946763	4569865.6819668394
422348.6535642901	4569866.2292162022
422349.5353048871	4569866.6982569145
422350.4310171587	4569867.1428910634
422351.3267294303	4569867.5875252122
422352.2224417019	4569868.0321593611
422353.1181539736	4569868.4767935108
422354.0138662451	4569868.9214276597
422354.9095785168	4569869.3660618085
422355.8052907884	4569869.8106959574
422356.7010030599	4569870.2553301062
422357.5967153316	4569870.6999642560
422358.4924276032	4569871.1445984049
422359.3881398748	4569871.5892325537
422360.2838521464	4569872.0338667026
422361.1795644180	4569872.4785008514
422362.0752766896	4569872.9231350012
422362.9709889613	4569873.3677691501
422363.8798950154	4569873.7846220145
422364.7905233767	4569874.1978483293
422365.7011517379	4569874.6110746451
422366.6117800992	4569875.0243009608
422367.5224084604	4569875.4375272756
422368.4330368217	4569875.8507535914
422369.3436651829	4569876.2639799062
422370.2542935442	4569876.6772062220
422371.1649219054	4569877.0904325368
422372.0755502667	4569877.5036588525
422372.9861786280	4569877.9168851674
422373.8968069892	4569878.3301114831
422374.8074353505	4569878.7433377989
422375.6576152333	4569879.2572944490
422376.4506662953	4569879.8664496122
422377.2437173573	4569880.4756047754
422378.0367684192	4569881.0847599385
422378.8298194812	4569881.6939151026
422379.6228705432	4569882.3030702658
422380.4159216052	4569882.9122254290
422381.2089726671	4569883.5213805921
422382.0020237291	4569884.1305357562
422382.8699158812	4569884.6133377552
422383.7852309136	4569885.0160763692
422384.7005459459	4569885.4188149842
422385.6158609783	4569885.8215535982
422386.5311760106	4569886.2242922122
422387.4464910431	4569886.6270308271
422388.3618060754	4569887.0297694411
422389.2771211078	4569887.4325080561
422390.1924361401	4569887.8352466701
422391.1077511725	4569888.2379852850
422392.0230662048	4569888.6407238990
422392.9412334129	4569889.0368312383
422393.8631200896	4569889.4242908554
422394.7850067663	4569889.8117504735
422395.7068934430	4569890.1992100906
422396.6287801197	4569890.5866697086
422397.5506667964	4569890.9741293266
422398.4725534732	4569891.3615889437
422399.3944401499	4569891.7490485618
422400.3613057006	4569891.9908460956
422401.3411477786	4569892.1906197229
422402.3209898566	4569892.3903933503
422403.3008319346	4569892.5901669776
422404.2806740126	4569892.7899406049
422405.2605160907	4569892.9897142323
422406.2403581687	4569893.1894878596
422407.2202002467	4569893.3892614869
422408.2000423247	4569893.5890351143
422409.1798844027	4569893.7888087416
422410.1601467732	4569893.9844170902
422411.1601467732	4569893.9844170902
422412.1601467732	4569893.9844170902
422413.1601467732	4569893.9844170902
422414.1601467732	4569893.9844170902
422415.1601467732	4569893.9844170911
422416.1601467732	4569893.9844170911
422417.1601467732	4569893.9844170911
422418.1601467732	4569893.9844170911
422419.1601467732	4569893.9844170911
422420.1574521628	4569893.9142537341
422421.1545066483	4569893.8375572357
422422.1515611338	4569893.7608607365
422423.1486156193	4569893.6841642382
422424.1456701048	4569893.6074677389
422425.1427245903	4569893.5307712406
422426.1361781096	4569893.4270561859
422427.1185166760	4569893.2399440780
422428.1008552424	4569893.0528319702
422429.0831938089	4569892.8657198623
422430.0655323753	4569892.6786077544
422431.0478709417	4569892.4914956465
422432.0302095081	4569892.3043835387
422433.0125480745	4569892.1172714308
422433.9948866409	4569891.9301593229
422434.5338289892	4569891.3419990726
422434.6217227995	4569890.3458692227
422434.7096166098	4569889.3497393727
422434.7975104201	4569888.3536095228
422434.8854042304	4569887.3574796729
422434.9732980407	4569886.3613498230
422435.0611918511	4569885.3652199730
422435.1152598724	4569884.3672321849
422435.1369938678	4569883.3674683962
422435.1587278632	4569882.3677046066
422435.1804618586	4569881.3679408180
422435.2021958540	4569880.3681770293
422435.2373504972	4569879.3688171785
422435.2757836193	4569878.3695560033
422435.3740673595	4569877.3861510931
422435.8354200961	4569876.4989342913
422436.2967728327	4569875.6117174905
422436.7581255693	4569874.7245006887
422437.2194783059	4569873.8372838879
422437.6808310425	4569872.9500670861
422437.9130230506	4569872.0246966099
422437.7640202491	4569871.0358598363
422437.6150174476	4569870.0470230626
422437.4660146461	4569869.0581862889
422437.3170118446	4569868.0693495153
422437.1680090431	4569867.0805127416
422437.0190062417	4569866.0916759679
422436.8700034402	4569865.1028391942
422436.8435022246	4569864.1048246538
422436.9094590688	4569863.1375768883
422437.7061503394	4569862.5331904059
422438.5028416101	4569861.9288039245
422439.2995328807	4569861.3244174430
422440.1688173085	4569860.9223566726
422441.1680182672	4569860.8823886346
422442.1672192259	4569860.8424205966
422443.1664201846	4569860.8024525587
422444.1656211434	4569860.7624845207
422445.1503558719	4569860.8143964708
422446.0889344252	4569861.1594621157
422447.0275129787	4569861.5045277607
422447.9660915321	4569861.8495934047
422448.9046700854	4569862.1946590496
422449.8432486389	4569862.5397246946
422450.7818271923	4569862.8847903386
422451.7204057457	4569863.2298559835
422452.0289892837	4569864.1029777518
422452.2047799222	4569865.0874053277
422452.3805705606	4569866.0718329027
422452.5563611991	4569867.0562604787
422452.7321518375	4569868.0406880537
422452.9069514757	4569869.0252034171
422452.9069514757	4569870.0252034171
422452.9069514757	4569871.0252034171
422452.9069514757	4569872.0252034171
422452.9069514757	4569873.0252034171
422452.6914152719	4569873.9624391263
422452.1545397799	4569874.8061006144
422451.6176642879	4569875.6497621024
422452.1767620093	4569876.0862965249
422453.1342265491	4569876.3748474820
422454.0916910889	4569876.6633984391
422455.0491556287	4569876.9519493971
422456.0066201686	4569877.2405003542
422456.9640847084	4569877.5290513113
422457.9215492482	4569877.8176022684
422458.8790137880	4569878.1061532265
422459.8733143101	4569878.1982368305
422460.8702764515	4569878.2761244979
422461.8672385928	4569878.3540121652
422462.8642007342	4569878.4318998326
422463.8611628755	4569878.5097874999
422464.8581250169	4569878.5876751672
422465.8552939685	4569878.6115668109
422466.8528234870	4569878.5413182536
422467.8503530054	4569878.4710696954
422468.8478825239	4569878.4008211382
422469.8454120423	4569878.3305725800
422470.8429415607	4569878.2603240227
422471.8404710792	4569878.1900754655
422472.8379197825	4569878.1187756509
422473.8344655408	4569878.0357301710
422474.8310112991	4569877.9526846912
422475.8275570573	4569877.8696392123
422476.8241028156	4569877.7865937324
422477.8206485738	4569877.7035482526
422478.8171943321	4569877.6205027727
422479.7941643439	4569877.4104277445
422480.7694776429	4569877.1896020919
422481.7447909418	4569876.9687764384
422482.7201042407	4569876.7479507858
422483.6954175396	4569876.5271251332
422484.6701979088	4569876.4685056815
422485.6440391186	4569876.6957352972
422486.6178803285	4569876.9229649119
422487.5913031595	4569877.1519533517
422488.5631532651	4569877.3875533771
422489.5350033707	4569877.6231534034
422490.5068534764	4569877.8587534288
422490.9419776708	4569878.6349268146
422491.1845132959	4569879.6050693141
422491.4270489209	4569880.5752118146
422492.2498338225	4569880.6447750553
422493.2334813102	4569880.4646705855
422494.2171287978	4569880.2845661156
422495.2007762854	4569880.1044616457
422496.1844237731	4569879.9243571758
422497.1680712607	4569879.7442527059
422498.1517187483	4569879.5641482361
422498.6678690976	4569879.0652391734
422498.4763587380	4569878.0837485818
422498.2848483785	4569877.1022579893
422498.0933380189	4569876.1207673978
422497.8519537158	4569875.1612271518
422497.2575626548	4569874.3570510102
422496.6631715938	4569873.5528748687
422496.0687805328	4569872.7486987272
422495.4743894718	4569871.9445225857
422494.8799984108	4569871.1403464442
422494.1991269459	4569870.4437783193
422493.2858956967	4569870.0363366855
422492.3726644475	4569869.6288950508
422491.4594331983	4569869.2214534162
422490.5462019491	4569868.8140117824
422489.6329706999	4569868.4065701477
422488.7197394507	4569867.9991285130
422487.8065082015	4569867.5916868784
422487.0168034837	4569866.9787268750
422486.2284877001	4569866.3634560201
422485.4401719165	4569865.7481851643
422484.6518561330	4569865.1329143094
422483.8635403494	4569864.5176434536
422483.2580046931	4569863.7406847151
422482.7435089374	4569862.8831917895
422482.2290131817	4569862.0256988639
422481.7704616004	4569861.1563234646
422481.8920027908	4569860.1637370754
422482.0135439813	4569859.1711506872
422482.1350851717	4569858.1785642989
422482.2566263621	4569857.1859779097
422482.3914162750	4569856.1976441387
422482.8702684054	4569855.3197485656
422483.3491205358	4569854.4418529924
422483.8279726662	4569853.5639574192
422484.3965956822	4569852.7933800062
422485.3452789802	4569852.4771522405
422486.2939622783	4569852.1609244747
422487.2426455764	4569851.8446967080
422488.1913288744	4569851.5284689423
422489.1400121725	4569851.2122411765
422490.0886954705	4569850.8960134108
422491.0445535744	4569851.0124429259
422492.0032004406	4569851.2970412141
422492.9618473068	4569851.5816395031
422493.9204941730	4569851.8662377922
422494.8791410392	4569852.1508360803
422495.8377879054	4569852.4354343694
422496.7964347716	4569852.7200326584
422497.5717866227	4569853.3372126296
422498.3243633174	4569853.9957172377
422499.0769400121	4569854.6542218458
422499.8295167069	4569855.3127264529
422500.5820934016	4569855.9712310610
422501.3346700963	4569856.6297356691
422502.0872467911	4569857.2882402772
422502.8398234858	4569857.9467448844
422503.5924001806	4569858.6052494925
422504.3449768753	4569859.2637541005
422505.0975535700	4569859.9222587077
422505.8501302647	4569860.5807633158
422506.6027069594	4569861.2392679239
422507.3552836542	4569861.8977725320
422508.1078603489	4569862.5562771391
422508.6068200642	4569863.3941000262
422508.9767270790	4569864.3231688077
422509.3466340938	4569865.2522375891
422509.7165411086	4569866.1813063705
422510.0864481235	4569867.1103751510
422510.4563551382	4569868.0394439325
422510.8262621531	4569868.9685127139
422511.1961691679	4569869.8975814953
422511.5660761827	4569870.8266502768
422511.9359831975	4569871.7557190582
422512.3058902123	4569872.6847878397
422512.6757972271	4569873.6138566211
422512.8119445259	4569874.5958038028
422512.8779161952	4569875.5936252996
422512.9438878643	4569876.5914467964
422513.0098595335	4569877.5892682923
422513.0758312027	4569878.5870897891
422513.1418028719	4569879.5849112859
422513.2077745411	4569880.5827327818
422513.2737462103	4569881.5805542786
422513.3397178795	4569882.5783757754
422513.4056895487	4569883.5761972712
422513.4716612178	4569884.5740187680
422513.5376328870	4569885.5718402648
422513.5331071026	4569886.5674358523
422513.4043185216	4569887.5591079257
422513.2755299406	4569888.5507799992
422513.1467413597	4569889.5424520727
422513.0179527788	4569890.5341241462
422512.8891641978	4569891.5257962197
422512.7603756169	4569892.5174682932
422512.6315870359	4569893.5091403667
422512.4303708544	4569894.4847609196
422512.1281269936	4569895.4379915576
422511.8258831328	4569896.3912221948
422511.5236392721	4569897.3444528328
422511.2213954114	4569898.2976834709
422510.9191515506	4569899.2509141080
422510.6169076899	4569900.2041447461
422510.3146638291	4569901.1573753832
422510.0124199684	4569902.1106060212
422509.5115165666	4569902.9576459453
422510.4356915587	4569903.1419552751
422511.4227970364	4569903.3020264339
422512.4099025142	4569903.4620975917
422513.3492280191	4569903.7019943045
422513.9566781267	4569904.4963521371
422514.5641282343	4569905.2907099705
422515.4212736128	4569905.7960442593
422516.2954308890	4569906.2816871898
422517.1695881652	4569906.7673301212
422518.0437454414	4569907.2529730517
422518.9179027176	4569907.7386159832
422519.7929777896	4569908.2226013588
422520.6685064864	4569908.7057674807
422521.5440351831	4569909.1889336025
422522.4195638799	4569909.6720997244
422523.2950925766	4569910.1552658454
422524.1770344078	4569910.6228235159
422525.1393438108	4569910.8947805213
422526.1016532139	4569911.1667375267
422527.0639626169	4569911.4386945320
422527.8825481392	4569912.0119861113
422528.6995160028	4569912.5886693085
422529.5526464134	4569913.0970153287
422530.4961922292	4569913.4245723002
422531.4685795315	4569913.6579452520
422532.4426184851	4569913.8842262868
422533.4180594871	4569914.1044871584
422534.3368008446	4569914.4670715248
422535.1964846202	4569914.9778981153
422536.0561683958	4569915.4887247067
422536.9158521713	4569915.9995512972
422537.7755359470	4569916.5103778886
422538.6682347495	4569916.9427612787
422539.6344696890	4569917.2004239298
422540.6007046285	4569917.4580865810
422541.5669395679	4569917.7157492321
422542.5363509403	4569917.9603380933
422543.5130952834	4569918.1747453874
422544.4898396266	4569918.3891526824
422545.3659125979	4569918.8266574880
422546.1729429236	4569919.4171674820
422546.9799732493	4569920.0076774759
422547.8373241748	4569920.4925381541
422548.8043987120	4569920.7470314531
422549.7714732493	4569921.0015247520
422550.7385477865	4569921.2560180519
422551.7056223238	4569921.5105113508
422552.6617376853	4569921.7972522769
422553.5836243620	4569922.1847118940
422554.5055110388	4569922.5721715121
422555.4273977155	4569922.9596311301
422556.3492843922	4569923.3470907472
422557.2620755990	4569923.7546651624
422558.1618897060	4569924.1909386693
422559.0655624457	4569924.6152413944
422560.0507742006	4569924.7865825696
422561.0359859554	4569924.9579237439
422562.0211977102	4569925.1292649191
422563.0064094651	4569925.3006060934
422563.9425746451	4569925.6195499264
422564.8344018874	4569926.0719260639
422565.7262291297	4569926.5243022023
422566.6180563720	4569926.9766783398
422567.5098836143	4569927.4290544773
422568.4214529047	4569927.8377332902
422569.3503931082	4569928.2079630811
422570.2793333117	4569928.5781928720
422571.2082735152	4569928.9484226638
422572.1372137186	4569929.3186524548
422573.0661539221	4569929.6888822466
422573.9950941256	4569930.0591120375
422574.9240343290	4569930.4293418294
422575.8529745325	4569930.7995716203
422576.7819147360	4569931.1698014112
422577.7167283530	4569931.5249183243
422578.6518877985	4569931.8791453866
422579.5870472439	4569932.2333724489
422580.5222066893	4569932.5875995113
422581.4608456063	4569932.9322656635
422582.4049373548	4569933.2619484961
422583.3490291034	4569933.5916313296
422584.2931208521	4569933.9213141622
422585.2321796434	4569934.2625168432
422586.1155286640	4569934.7312326506
422586.9988776846	4569935.1999484571
422587.8822267051	4569935.6686642645
422588.6660131733	4569936.2678697370
422589.3513778729	4569936.9960697293
422590.3145301507	4569937.2629750166
422591.2787355436	4569937.5281314999
422592.2178597512	4569937.8568670098
422593.1034069764	4569938.3214163743
422593.9889542015	4569938.7859657388
422594.8745014267	4569939.2505151033
422595.7600486519	4569939.7150644679
422596.6237910689	4569940.2187092826
422597.4843677517	4569940.7280301768
422598.3449444344	4569941.2373510711
422599.1621182346	4569941.7977765063
422599.8040548912	4569942.5645341789
422600.4459915477	4569943.3312918525
422601.0879282043	4569944.0980495252
422601.8275997900	4569944.7598181078
422602.6604997843	4569945.2992877653
422603.6231507244	4569945.5700333426
422604.5856271071	4569945.8411067091
422605.3475664250	4569946.4887551283
422606.1095057429	4569947.1364035485
422606.8714450608	4569947.7840519687
422607.6438458413	4569948.4190533860
422608.4228575261	4569949.0460627917
422609.2018692110	4569949.6730721975
422609.9881593934	4569950.2905046260
422610.8008554987	4569950.8731923988
422611.6135516041	4569951.4558801716
422612.4262477095	4569952.0385679444
422613.2387139201	4569952.6215591431
422614.0195827294	4569953.2462541917
422614.8004515386	4569953.8709492395
422615.5894260044	4569954.4841254922
422616.4410843210	4569955.0082229190
422617.2927426375	4569955.5323203448
422618.1545693906	4569956.0370173072
422619.0701365858	4569956.4391823374
422619.9857037809	4569956.8413473666
422620.9012709761	4569957.2435123967
422621.8168381712	4569957.6456774259
422622.7324053665	4569958.0478424560
422623.6479725616	4569958.4500074862
422624.5635397568	4569958.8521725154
422625.3048951432	4569959.4837033460
422625.9379729753	4569960.2577914922
422626.5710508075	4569961.0318796383
422627.2041286396	4569961.8059677854
422627.8372064717	4569962.5800559316
422628.4702843038	4569963.3541440777
422629.1033621360	4569964.1282322248
422629.7731084428	4569964.8572701979
422630.6595938560	4569965.3200267348
422631.5460792693	4569965.7827832717
422632.4325646826	4569966.2455398077
422633.3190500958	4569966.7082963446
422634.2055355091	4569967.1710528806
422635.0920209224	4569967.6338094175
422635.9785063356	4569968.0965659535
422636.8649917488	4569968.5593224904
422637.7514771621	4569969.0220790273
422638.6379625754	4569969.4848355632
422639.5244479886	4569969.9475921001
422640.4109334019	4569970.4103486361
422641.2974188152	4569970.8731051730
422642.2145660466	4569971.2670097072
422643.1515770114	4569971.6163096530
422644.0885879762	4569971.9656095980
422645.0255989410	4569972.3149095438
422645.9626099057	4569972.6642094888
422646.8996208705	4569973.0135094346
422647.8366318353	4569973.3628093805
422648.7736428000	4569973.7121093255
422649.7106537648	4569974.0614092713
422650.6476647296	4569974.4107092163
422651.5846756944	4569974.7600091621
422652.5216866591	4569975.1093091071
422653.4586976239	4569975.4586090529
422654.3957085887	4569975.8079089988
422655.3627126136	4569976.0625429787
422656.3299135820	4569976.3165553538
422657.2971145503	4569976.5705677299
422658.2643155186	4569976.8245801050
422659.2315164869	4569977.0785924802
422660.1987174552	4569977.3326048562
422661.1659184236	4569977.5866172314
422662.1342431842	4569977.8361967746
422663.1056421907	4569978.0736498656
422664.0770411972	4569978.3111029556
422665.0484402037	4569978.5485560466
422666.0198392102	4569978.7860091366
422666.9912382167	4569979.0234622275
422667.9626372232	4569979.2609153176
422668.9249587740	4569979.5280954912
422669.8633018908	4569979.8738008505
422670.8016450076	4569980.2195062088
422671.7399881245	4569980.5652115671
422672.6783312413	4569980.9109169263
422673.6166743582	4569981.2566222847
422674.5550174750	4569981.6023276439
422675.4933605918	4569981.9480330022
422676.4317037087	4569982.2937383614
422677.3742625896	4569982.6247862503
422678.3528880163	4569982.8304371051
422679.3315134431	4569983.0360879600
422680.3101388699	4569983.2417388149
422681.2887642966	4569983.4473896697
422682.2673897234	4569983.6530405246
422683.2460151502	4569983.8586913794
422684.2246405770	4569984.0643422343
422685.1872019032	4569984.3119499376
422686.0529367342	4569984.8124528872
422686.9186715653	4569985.3129558368
422687.7844063964	4569985.8134587854
422688.6501412275	4569986.3139617350
422689.5236171619	4569986.8003796209
422690.4102020081	4569987.2629456278
422691.2967868542	4569987.7255116338
422692.1833717003	4569988.1880776407
422693.0699565465	4569988.6506436476
422693.9518761845	4569989.1218521157
422694.8250738865	4569989.6092182752
422695.6982715885	4569990.0965844337
422696.5714692906	4569990.5839505931
422697.4446669926	4569991.0713167526
422698.3178646946	4569991.5586829120
422699.1910623967	4569992.0460490705
422700.1102096080	4569992.4398550708
422701.0297173067	4569992.8329270650
422701.9492250054	4569993.2259990582
422702.8687327040	4569993.6190710515
422703.7882404027	4569994.0121430447
422704.7077481014	4569994.4052150389
422705.6272558001	4569994.7982870322
422706.5467634988	4569995.1913590254
422707.4662711974	4569995.5844310187
422708.3846260492	4569995.9801862501
422709.3026884027	4569996.3766222661
422710.2207507563	4569996.7730582822
422711.1388131099	4569997.1694942983
422712.0568754635	4569997.5659303144
422712.9749378170	4569997.9623663304
422713.8930001706	4569998.3588023465
422714.8110625242	4569998.7552383626
422715.7291248778	4569999.1516743796
422716.6581757934	4569999.5205163490
422717.5974407172	4569999.8637093017
422718.5367056410	4570000.2069022553
422719.4759705648	4570000.5500952080
422720.4152354886	4570000.8932881607
422721.3545004124	4570001.2364811134
422722.2937653362	4570001.5796740660
422723.2385705002	4570001.9065410821
422724.1927169878	4570002.2058811560
422725.1468634753	4570002.5052212309
422726.1010099628	4570002.8045613058
422727.0373460007	4570003.1553129321
422727.9721892635	4570003.5103735942
422728.9070325264	4570003.8654342564
422729.8418757892	4570004.2204949185
422730.7767190521	4570004.5755555807
422731.7115623149	4570004.9306162428
422732.6464055778	4570005.2856769059
422733.5812488406	4570005.6407375680
422734.5160921035	4570005.9957982302
422735.4509353663	4570006.3508588923
422736.3857786292	4570006.7059195545
422737.3206218920	4570007.0609802166
422738.2554651549	4570007.4160408797
422739.1903084177	4570007.7711015418
422740.1109027751	4570008.1602626117
422741.0204423138	4570008.5758800162
422741.9299818525	4570008.9914974216
422742.8395213912	4570009.4071148271
422743.7490609300	4570009.8227322325
422744.6586004686	4570010.2383496379
422745.5681400073	4570010.6539670425
422746.4776795461	4570011.0695844479
422747.3872190848	4570011.4852018533
422748.2967586235	4570011.9008192588
422749.2062981622	4570012.3164366633
422750.1329305620	4570012.6919542206
422751.0626120626	4570013.0603185892
422751.9922935631	4570013.4286829568
422752.9212747540	4570013.7987866011
422753.8468217102	4570014.1774194464
422754.7723686664	4570014.5560522927
422755.6979156226	4570014.9346851381
422756.6234625789	4570015.3133179834
422757.5490095351	4570015.6919508297
422758.4745564913	4570016.0705836751
422759.4001034475	4570016.4492165204
422760.3256504038	4570016.8278493667
422761.2511973600	4570017.2064822121
422762.1767443162	4570017.5851150574
422763.1022912725	4570017.9637479037
422764.0278382287	4570018.3423807491
422764.9533851849	4570018.7210135944
422765.8789321411	4570019.0996464407
422766.8044790974	4570019.4782792861
422767.7300260536	4570019.8569121314
422768.6483138930	4570020.2518609138
422769.5492360215	4570020.6858416954
422770.4501581500	4570021.1198224761
422771.3510802784	4570021.5538032576
422772.2520024069	4570021.9877840383
422773.1529245354	4570022.4217648199
422774.0538466638	4570022.8557456015
422774.9547687923	4570023.2897263821
422775.8556909208	4570023.7237071637
422776.7566130492	4570024.1576879444
422777.6575351777	4570024.5916687259
422778.5584573061	4570025.0256495066
422779.4845710673	4570025.3979852563
422780.4315857431	4570025.7191755483
422781.3786004189	4570026.0403658403
422782.3256150947	4570026.3615561323
422783.2726297705	4570026.6827464253
422784.2196444463	4570027.0039367173
422785.1666591221	4570027.3251270093
422786.1136737979	4570027.6463173013
422787.0606884737	4570027.9675075933
422788.0077031495	4570028.2886978863
422788.9547178253	4570028.6098881783
422789.9017325011	4570028.9310784703
422790.8487471769	4570029.2522687623
422791.7957618527	4570029.5734590543
422792.7427765285	4570029.8946493473
422793.6897912043	4570030.2158396393
422794.6368058801	4570030.5370299313
422795.5838205559	4570030.8582202233
422796.5308352317	4570031.1794105163
422797.4759930824	4570031.5053513823
422798.3898046310	4570031.9114898480
422799.3036161795	4570032.3176283138
422800.2174277281	4570032.7237667805
422801.1312392767	4570033.1299052462
422802.0450508253	4570033.5360437129
422802.9588623739	4570033.9421821786
422803.8726739224	4570034.3483206453
422804.7864854710	4570034.7544591110
422805.7002970196	4570035.1605975768
422806.6141085681	4570035.5667360434
422807.5279201168	4570035.9728745092
422808.4417316653	4570036.3790129758
422809.3560923534	4570036.7839092650
422810.2715030907	4570037.1864302978
422811.1869138278	4570037.5889513316
422812.1023245650	4570037.9914723644
422813.0177353022	4570038.3939933982
422813.9331460393	4570038.7965144310
422814.8485567765	4570039.1990354648
422815.7639675137	4570039.6015564976
422816.6793782509	4570040.0040775314
422817.5947889880	4570040.4065985642
422818.5031857521	4570040.8242158573
422819.4011760537	4570041.2642311044
422820.2991663552	4570041.7042463524
422821.1971566568	4570042.1442616004
422822.0951469585	4570042.5842768485
422822.9931372601	4570043.0242920956
422823.8911275616	4570043.4643073436
422824.7891178632	4570043.9043225916
422825.6871081648	4570044.3443378387
422826.5850984664	4570044.7843530867
422827.4830887679	4570045.2243683347
422828.3810790695	4570045.6643835828
422829.2790693711	4570046.1043988299
422830.1770596727	4570046.5444140779
422831.0761853712	4570046.9817844834
422832.0137007455	4570047.3297283342
422832.9512161198	4570047.6776721841
422833.8887314941	4570048.0256160339
422834.8262468684	4570048.3735598847
422835.7637622427	4570048.7215037346
422836.7012776170	4570049.0694475854
422837.6048192153	4570049.4853295339
422838.4456232625	4570050.0266691260
422839.2864273098	4570050.5680087181
422840.1272313571	4570051.1093483102
422840.9680354044	4570051.6506879022
422841.8088394517	4570052.1920274943
422842.6634728426	4570052.7110354938
422843.5227657270	4570053.2225193540
422844.3820586115	4570053.7340032132
422845.3248650659	4570053.9419072364
422846.3248650659	4570053.9419072364
422847.3192560819	4570054.0394521514
422848.2945466503	4570054.2119618962
422849.1760266202	4570054.6841833089
422850.0557961328	4570055.1594803184
422850.9219817191	4570055.6592027713
422851.8110191720	4570056.0582729755
422852.8080736575	4570055.9815764762
422853.7861159300	4570056.0829488989
422854.7445016136	4570056.3684254857
422855.7028872972	4570056.6539020715
422856.6637089842	4570056.9307716386
422857.6295518213	4570057.1899002055
422858.5953946585	4570057.4490287714
422859.5612374957	4570057.7081573382
422860.5270803328	4570057.9672859041
422861.4929231699	4570058.2264144709
422862.4732729585	4570058.4217159469
422863.4562354976	4570058.6055219499
422864.4391980366	4570058.7893279530
422865.4221605757	4570058.9731339561
422866.4051231147	4570059.1569399592
422867.3880856538	4570059.3407459622
422868.3710481929	4570059.5245519662
422869.3540107319	4570059.7083579693
422870.3041135475	4570060.0127887167
422871.2444897733	4570060.3529247977
422872.1848659991	4570060.6930608796
422873.1252422250	4570061.0331969606
422874.0656184508	4570061.3733330425
422875.0059946766	4570061.7134691235
422875.9433212698	4570062.0616936795
422876.8741784654	4570062.4270768771
422877.8050356609	4570062.7924600756
422878.7358928565	4570063.1578432741
422879.6667500521	4570063.5232264716
422880.5976072476	4570063.8886096701
422881.5284644432	4570064.2539928677
422882.4593216388	4570064.6193760661
422883.3563796943	4570065.0604420342
422884.2497595552	4570065.5097441860
422885.1431394160	4570065.9590463387
422886.0365192769	4570066.4083484914
422886.9298991378	4570066.8576506441
422887.8232789987	4570067.3069527959
422888.7166588595	4570067.7562549487
422889.6100387204	4570068.2055571014
422890.5034185813	4570068.6548592532
422891.3967984422	4570069.1041614059
422892.2901783030	4570069.5534635587
422893.1835581640	4570070.0027657105
422894.0597645217	4570070.4836006332
422894.9218484395	4570070.9903661786
422895.7839323572	4570071.4971317248
422896.6460162750	4570072.0038972711
422897.5081001927	4570072.5106628174
422898.3701841104	4570073.0174283637
422899.2322680281	4570073.5241939100
422900.0943519458	4570074.0309594562
422900.9564358636	4570074.5377250025
422901.8185197813	4570075.0444905488
422902.6806036990	4570075.5512560951
422903.5578576393	4570076.0300898841
422904.4522848304	4570076.4773034798
422905.3467120215	4570076.9245170746
422906.2411392126	4570077.3717306703
422907.1364457542	4570077.8171805227
422908.0318939727	4570078.2623462081
422908.9273421913	4570078.7075118944
422909.8227904098	4570079.1526775798
422910.7182386284	4570079.5978432661
422911.6136868469	4570080.0430089515
422912.5091350655	4570080.4881746378
422913.4045832840	4570080.9333403241
422914.3000315026	4570081.3785060095
422915.1954797211	4570081.8236716958
422916.0909279397	4570082.2688373812
422916.9863761582	4570082.7140030675
422917.8908474661	4570083.1387687223
422918.8226248581	4570083.5017988747
422919.7544022501	4570083.8648290280
422920.6861796421	4570084.2278591804
422921.6179570341	4570084.5908893328
422922.5497344262	4570084.9539194861
422923.4944028232	4570085.2817474995
422924.4402674551	4570085.6063088933
422925.3861320871	4570085.9308702862
422926.3319967190	4570086.2554316800
422927.2778613509	4570086.5799930729
422928.2237259829	4570086.9045544667
422929.1695906148	4570087.2291158596
422930.1154552468	4570087.5536772534
422931.0613198787	4570087.8782386463
422932.0071845107	4570088.2028000401
422932.9530491426	4570088.5273614330
422933.8989137745	4570088.8519228268
422934.8447784065	4570089.1764842197
422935.7906430384	4570089.5010456135
422936.7277078006	4570089.8501970703
422937.6647352617	4570090.1994527606
422938.6017627229	4570090.5487084510
422939.5387901840	4570090.8979641404
422940.4758176452	4570091.2472198308
422941.4128451064	4570091.5964755211
422942.3498725675	4570091.9457312115
422943.2662805340	4570092.3414795538
422944.1541538837	4570092.8015674967
422945.0420272334	4570093.2616554387
422945.9299005830	4570093.7217433816
422946.8177739327	4570094.1818313245
422947.7056472824	4570094.6419192674
422948.5935206320	4570095.1020072093
422949.4813939817	4570095.5620951522
422950.3926024498	4570095.9591563707
422951.3660196181	4570096.1881957045
422952.3394367865	4570096.4172350382
422953.3128539548	4570096.6462743720
422954.2862711232	4570096.8753137058
422955.2596882915	4570097.1043530395
422956.2331054599	4570097.3333923724
422957.2065226282	4570097.5624317061
422958.1713784136	4570097.8218704490
422959.1212572324	4570098.1344887950
422960.0711360510	4570098.4471071400
422961.0210148697	4570098.7597254850
422961.9708936884	4570099.0723438310
422962.9207725071	4570099.3849621760
422963.8706513258	4570099.6975805210
422964.8205301445	4570100.0101988660
422965.7704089631	4570100.3228172120
422966.7202877818	4570100.6354355570
422967.6701666005	4570100.9480539020
422968.6200454192	4570101.2606722480
422969.5699242379	4570101.5732905930
422970.4525368655	4570102.0365027040
422971.3192511084	4570102.5353076970
422972.1859653513	4570103.0341126900
422973.0526795942	4570103.5329176830
422973.9193938371	4570104.0317226760
422974.7861080800	4570104.5305276690
422975.6528223229	4570105.0293326620
422976.5388564721	4570105.4878964759
422977.4700992518	4570105.8522958243
422978.4013420315	4570106.2166951727
422979.3325848112	4570106.5810945211
422980.2638275909	4570106.9454938704
422981.1950703706	4570107.3098932188
422982.1263131502	4570107.6742925672
422983.0663939736	4570108.0151675241
422984.0072068697	4570108.3540939093
422984.9480197659	4570108.6930202944
422985.8888326621	4570109.0319466796
422986.8296455582	4570109.3708730647
422987.7704584544	4570109.7097994490
422988.7112713506	4570110.0487258341
422989.6520842468	4570110.3876522193
422990.5928971429	4570110.7265786044
422991.5337100391	4570111.0655049887
422992.4745229353	4570111.4044313738
422993.4255442627	4570111.7133330321
422994.3779684099	4570112.0181087591
422995.3303925572	4570112.3228844861
422996.2828167044	4570112.6276602130
422997.2352408517	4570112.9324359391
422998.2212053729	4570113.0777317043
422999.2157108257	4570113.1824164893
423000.2102162786	4570113.2871012744
423001.2018893918	4570113.4070105301
423002.1675051504	4570113.6669840030
423003.1331209089	4570113.9269574769
423004.0987366674	4570114.1869309498
423005.0643524260	4570114.4469044236
423006.0299681846	4570114.7068778966
423007.0196330314	4570114.8428418981
423008.0124286444	4570114.9626620580
423009.0052242574	4570115.0824822187
423009.9968330119	4570115.2099514939
423010.9792574635	4570115.3966121394
423011.9616819152	4570115.5832727859
423012.9441063669	4570115.7699334314
423013.9265308185	4570115.9565940779
423014.9089552702	4570116.1432547234
423015.8913797219	4570116.3299153699
423016.8617678530	4570116.5668129120
423017.8221140797	4570116.8456231076
423018.7824603064	4570117.1244333023
423019.7428065332	4570117.4032434970
423020.7031527600	4570117.6820536917
423021.6634989867	4570117.9608638864
423022.6238452134	4570118.2396740820
423023.5841914402	4570118.5184842767
423024.5428907458	4570118.8026973242
423025.4954683888	4570119.1069929600
423026.4480460318	4570119.4112885958
423027.4006236748	4570119.7155842315
423028.3532013177	4570120.0198798683
423029.3057789607	4570120.3241755040
423030.2583566038	4570120.6284711398
423031.2109342467	4570120.9327667756
423032.1635118897	4570121.2370624114
423033.1160895327	4570121.5413580481
423034.0686671757	4570121.8456536839
423035.0212448187	4570122.1499493197
423035.9738224617	4570122.4542449554
423036.9264001047	4570122.7585405912
423037.8789777477	4570123.0628362279
423038.8119978039	4570123.4194757966
423039.7307254739	4570123.8143675141
423040.6494531437	4570124.2092592316
423041.5681808137	4570124.6041509490
423042.4869084836	4570124.9990426665
423043.4056361534	4570125.3939343840
423044.3243638234	4570125.7888261015
423045.2430914932	4570126.1837178189
423046.1970495039	4570126.4653906003
423047.1776301796	4570126.6615067357
423048.1582108553	4570126.8576228712
423049.1387915309	4570127.0537390066
423050.1193722066	4570127.2498551412
423051.0999528823	4570127.4459712766
423052.0805335580	4570127.6420874121
423053.0532045564	4570127.8696322935
423054.0098016812	4570128.1610459872
423054.9663988060	4570128.4524596799
423055.9229959309	4570128.7438733736
423056.8795930557	4570129.0352870673
423057.8361901805	4570129.3267007610
423058.7927873053	4570129.6181144547
423059.7493844302	4570129.9095281474
423060.7059815550	4570130.2009418411
423061.6625786798	4570130.4923555348
423062.6122102911	4570130.8020307561
423063.5198838081	4570131.2217077585
423064.4275573251	4570131.6413847608
423065.3352308421	4570132.0610617641
423066.2429043591	4570132.4807387665
423067.1505778761	4570132.9004157688
423068.0582513931	4570133.3200927721
423068.9987580609	4570133.6469684616
423069.9684025506	4570133.8914875071
423070.9380470405	4570134.1360065518
423071.9076915302	4570134.3805255974
423072.8773360200	4570134.6250446420
423073.8469805097	4570134.8695636876
423074.8166249995	4570135.1140827332
423075.7862694893	4570135.3586017778
423076.7585783757	4570135.5922632189
423077.7312658656	4570135.8243818246
423078.7039533555	4570136.0565004302
423079.6766408453	4570136.2886190359
423080.6493283352	4570136.5207376415
423081.6220158251	4570136.7528562471
423082.5947033150	4570136.9849748528
423083.5673908048	4570137.2170934584
423084.5400782947	4570137.4492120631
423085.5127657846	4570137.6813306687
423086.4854532745	4570137.9134492744
423087.4566519140	4570138.1514111524
423088.4218171311	4570138.4130523251
423089.3869823482	4570138.6746934988
423090.3521475654	4570138.9363346724
423091.3173127825	4570139.1979758460
423092.2824779997	4570139.4596170196
423093.2476432168	4570139.7212581923
423094.2128084339	4570139.9828993659
423095.1779736511	4570140.2445405396
423096.1431388682	4570140.5061817132
423097.1083040854	4570140.7678228868
423098.0712511381	4570141.0365662901
423099.0137659603	4570141.3707306357
423099.9562807824	4570141.7048949813
423100.8987956046	4570142.0390593270
423101.8413104268	4570142.3732236736
423102.7838252490	4570142.7073880192
423103.7263400711	4570143.0415523648
423104.6688548933	4570143.3757167105
423105.5988834006	4570143.7419641959
423106.5193277529	4570144.1328378255
423107.4397721052	4570144.5237114551
423108.3602164575	4570144.9145850847
423109.2806608099	4570145.3054587143
423110.1899589781	4570145.7205474339
423111.0854822709	4570146.1655620765
423111.9810055637	4570146.6105767190
423112.8765288566	4570147.0555913616
423113.7720521494	4570147.5006060041
423114.6675754423	4570147.9456206458
423115.5630987351	4570148.3906352883
423116.4586220280	4570148.8356499309
423117.3541453208	4570149.2806645734
423118.2496686136	4570149.7256792160
423119.1451919065	4570150.1706938585
423120.0407151993	4570150.6157085011
423120.9385865309	4570151.0559527185
423121.8374629354	4570151.4941549655
423122.7363393400	4570151.9323572125
423123.6352157445	4570152.3705594596
423124.5340921490	4570152.8087617066
423125.4329685535	4570153.2469639536
423126.3318449580	4570153.6851662006
423127.2307213625	4570154.1233684486
423128.1295977670	4570154.5615706956
423129.0284741716	4570154.9997729426
423129.9273505761	4570155.4379751896
423130.8260540946	4570155.8765312424
423131.7241168026	4570156.3163986905
423132.6221795107	4570156.7562661394
423133.5202422189	4570157.1961335875
423134.4563605919	4570157.5411145445
423135.4094848589	4570157.8436936773
423136.3626091259	4570158.1462728102
423137.3157333929	4570158.4488519430
423138.2633026344	4570158.7677719584
423139.2033648555	4570159.1087749209
423140.1434270767	4570159.4497778835
423141.0834892977	4570159.7907808460
423142.0235515189	4570160.1317838086
423142.9636137400	4570160.4727867711
423143.9036759611	4570160.8137897337
423144.8359497073	4570161.1746810256
423145.7575850825	4570161.5627380256
423146.6792204576	4570161.9507950256
423147.6008558327	4570162.3388520265
423148.5224912078	4570162.7269090265
423149.4441265829	4570163.1149660265
423150.3657619580	4570163.5030230265
423151.2873973332	4570163.8910800265
423152.2090327082	4570164.2791370265
423153.1306680833	4570164.6671940265
423154.0523034585	4570165.0552510265
423154.9739388335	4570165.4433080275
423155.8955742087	4570165.8313650275
423156.8172095838	4570166.2194220275
423157.7388449589	4570166.6074790275
423158.6604803340	4570166.9955360275
423159.5821157091	4570167.3835930275
423160.5070587870	4570167.7629021546
423161.4548769105	4570168.0817137053
423162.4026950340	4570168.4005252551
423163.3505131575	4570168.7193368059
423164.2983312811	4570169.0381483566
423165.2461494046	4570169.3569599073
423166.1939675281	4570169.6757714571
423167.1417856516	4570169.9945830079
423168.0896037751	4570170.3133945586
423169.0374218987	4570170.6322061094
423169.9852400222	4570170.9510176592
423170.9330581457	4570171.2698292099
423171.8808762692	4570171.5886407606
423172.8286943927	4570171.9074523114
423173.7765125162	4570172.2262638612
423174.7225870183	4570172.5499696871
423175.6584833351	4570172.9022452673
423176.5943796519	4570173.2545208465
423177.5302759686	4570173.6067964267
423178.4661722854	4570173.9590720069
423179.4020686022	4570174.3113475870
423180.3379649190	4570174.6636231672
423181.2738612357	4570175.0158987464
423182.2097575525	4570175.3681743266
423183.1456538693	4570175.7204499068
423184.0815501861	4570176.0727254869
423185.0174465028	4570176.4250010671
423185.9533428196	4570176.7772766463
423186.8662831845	4570177.1847247025
423187.7758423517	4570177.6002991498
423188.6854015190	4570178.0158735970
423189.5949606862	4570178.4314480452
423190.5045198534	4570178.8470224924
423191.4140790206	4570179.2625969397
423192.3236381879	4570179.6781713869
423193.2331973551	4570180.0937458342
423194.1669785952	4570180.4481872749
423195.1143379043	4570180.7683596332
423196.0616972135	4570181.0885319924
423197.0090565227	4570181.4087043516
423197.9564158318	4570181.7288767099
423198.9037751409	4570182.0490490692
423199.8511344500	4570182.3692214284
423200.7984937591	4570182.6893937867
423201.7458530683	4570183.0095661459
423202.6932123774	4570183.3297385043
423203.6405716865	4570183.6499108635
423204.5879309957	4570183.9700832227
423205.5352903048	4570184.2902555810
423206.4826496140	4570184.6104279403
423207.4300089231	4570184.9306002995
423208.3669019030	4570185.2801056402
423209.3029579748	4570185.6319565047
423210.2390140466	4570185.9838073682
423211.1750701184	4570186.3356582327
423212.1111261901	4570186.6875090962
423213.0471822619	4570187.0393599607
423213.9832383337	4570187.3912108243
423214.9192944055	4570187.7430616887
423215.8553504772	4570188.0949125523
423216.7923389628	4570188.4442322711
423217.7329556042	4570188.7837029379
423218.6735722455	4570189.1231736057
423219.6141888869	4570189.4626442725
423220.5548055282	4570189.8021149402
423221.4954221695	4570190.1415856080
423222.4360388108	4570190.4810562748
423223.3766554522	4570190.8205269426
423224.3172720935	4570191.1599976104
423225.2600018644	4570191.4926672932
423226.2273740878	4570191.7460266855
423227.1947463111	4570191.9993860777
423228.1621185343	4570192.2527454700
423229.1294907577	4570192.5061048623
423230.0968629810	4570192.7594642537
423231.0795257825	4570192.8785335766
423232.0790935370	4570192.8491345253
423233.0478178232	4570192.9558705306
423233.9371056255	4570193.4132185439
423234.8263934278	4570193.8705665562
423235.7966449787	4570193.9527086122
423236.7529011788	4570194.1165717579
423237.6620985989	4570194.5299548488
423238.6262146289	4570194.7954360731
423239.5903306589	4570195.0609172983
423240.5544466889	4570195.3263985226
423241.5185627190	4570195.5918797478
423242.4712738017	4570195.8931450807
423243.4112036836	4570196.2345126495
423244.3511335654	4570196.5758802192
423245.2910634472	4570196.9172477880
423246.2309933290	4570197.2586153569
423247.1709232109	4570197.5999829266
423248.1108530927	4570197.9413504954
423249.0507829745	4570198.2827180652
423249.9907128563	4570198.6240856340
423250.9306427381	4570198.9654532028
423251.8705726200	4570199.3068207726
423252.8105025018	4570199.6481883414
423253.7504323836	4570199.9895559102
423254.6903622654	4570200.3309234800
423255.6692544142	4570200.4852719409
423256.6673069926	4570200.5476502283
423257.5739167534	4570200.8930979222
423258.4198423563	4570201.4263988454
423259.2657679591	4570201.9596997686
423260.1235065746	4570202.4645544356
423261.0983650811	4570202.6873792373
423262.0732235876	4570202.9102040390
423263.0431005500	4570203.1535331709
423264.0115273724	4570203.4028311651
423264.9799541948	4570203.6521291584
423265.9483810171	4570203.9014271526
423266.9168078395	4570204.1507251458
423267.8852346619	4570204.4000231400
423268.8513082519	4570204.6560984673
423269.7658435896	4570205.0606044820
423270.6803789273	4570205.4651104966
423271.5949142651	4570205.8696165113
423272.5094496028	4570206.2741225259
423273.4239849405	4570206.6786285406
423274.3385202782	4570207.0831345562
423275.2530556160	4570207.4876405708
423276.1894668644	4570207.8363943072
423277.1350557407	4570208.1617582226
423278.0806446171	4570208.4871221371
423279.0262334934	4570208.8124860516
423279.9718223698	4570209.1378499661
423280.9174112462	4570209.4632138805
423281.8570838619	4570209.8045264846
423282.7861025288	4570210.1745593427
423283.7151211957	4570210.5445922017
423284.6441398627	4570210.9146250598
423285.5731585297	4570211.2846579188
423286.5021771966	4570211.6546907770
423287.4311958636	4570212.0247236360
423288.3602145305	4570212.3947564941
423289.2825581290	4570212.7793716313
423290.1697749304	4570213.2407243680
423291.0569917317	4570213.7020771038
423291.9442085330	4570214.1634298405
423292.7921271679	4570214.6886844197
423293.6041425391	4570215.2723204680
423294.4161579103	4570215.8559565162
423295.4018364034	4570216.0105438307
423296.3911955387	4570216.1560378214
423297.3276897404	4570216.4892838737
423298.2476130050	4570216.8813823145
423299.1675362696	4570217.2734807553
423300.0874595343	4570217.6655791961
423300.9860156068	4570218.1015143320
423301.8615932910	4570218.5845916746
423302.7708538744	4570218.9802121306
423303.7442710428	4570219.2092514634
423304.7116699072	4570219.4556689989
423305.6182519681	4570219.8776985798
423306.5248340290	4570220.2997281598
423307.4314160899	4570220.7217577407
423308.3379981508	4570221.1437873207
423309.3234273790	4570221.3047887068
423310.3120462164	4570221.4552307036
423311.3006650537	4570221.6056727003
423312.2639754434	4570221.8728992287
423313.2261814891	4570222.1452216944
423314.1883875349	4570222.4175441610
423315.1369900070	4570222.7298223777
423316.0654666980	4570223.1012130538
423316.9939433889	4570223.4726037299
423317.9224200800	4570223.8439944061
423318.8476088659	4570224.2231899332
423319.7619582556	4570224.6281160908
423320.6763076452	4570225.0330422493
423321.5906570349	4570225.4379684078
423322.5050064246	4570225.8428945662
423323.4443553282	4570226.1296317568
423324.4443553282	4570226.1296317568
423325.4443553282	4570226.1296317568
423326.4169326955	4570226.2847092850
423327.3562900154	4570226.6276492588
423328.2956473353	4570226.9705892326
423329.2350046552	4570227.3135292064
423330.1766486765	4570227.6495861467
423331.1344749615	4570227.9369340325
423332.0957603818	4570228.1816049637
423333.0873607933	4570228.0522657819
423333.9557022306	4570228.3739908263
423334.7437266048	4570228.9896348678
423335.5317509790	4570229.6052789092
423336.4651906963	4570229.9621010078
423337.4008879828	4570230.3149049021
423338.3365852693	4570230.6677087964
423339.2722825557	4570231.0205126917
423340.2579649907	4570231.0990675827
423341.2117578914	4570231.3199655656
423342.1279152262	4570231.7207843997
423343.0440725609	4570232.1216032347
423343.9602298956	4570232.5224220688
423344.8759615617	4570232.9241826413
423345.7821447018	4570233.3470681058
423346.6883278419	4570233.7699535713
423347.5945109820	4570234.1928390358
423348.5006941222	4570234.6157245012
423349.4186067392	4570235.0121915787
423350.3400330108	4570235.4007448256
423351.2614592824	4570235.7892980734
423352.1828855541	4570236.1778513202
423353.1043118257	4570236.5664045680
423354.0257380973	4570236.9549578149
423354.9770244224	4570237.2627128754
423355.9296836336	4570237.5667530494
423356.8823428449	4570237.8707932224
423357.8350020561	4570238.1748333964
423358.7876612674	4570238.4788735704
423359.7403204786	4570238.7829137435
423360.6824309501	4570239.1171459295
423361.6171498538	4570239.4725338453
423362.5518687574	4570239.8279217621
423363.4865876610	4570240.1833096789
423364.4213065646	4570240.5386975948
423365.3560254682	4570240.8940855116
423366.2907443719	4570241.2494734284
423367.2254632755	4570241.6048613451
423368.1601821791	4570241.9602492610
423369.0949010827	4570242.3156371778
423370.0296199863	4570242.6710250946
423370.9643388900	4570243.0264130104
423371.8990577936	4570243.3818009272
423372.8368041988	4570243.7288950160
423373.7806625552	4570244.0592454411
423374.7245209116	4570244.3895958653
423375.6683792681	4570244.7199462904
423376.6122376244	4570245.0502967145
423377.5560959808	4570245.3806471396
423378.4406895341	4570245.8433584888
423379.3157235766	4570246.3274198733
423380.1907576191	4570246.8114812579
423381.0972294263	4570247.2219493380
423382.0519297608	4570247.5195182739
423383.0066300953	4570247.8170872089
423383.9613304299	4570248.1146561438
423384.9160307644	4570248.4122250797
423385.8707310989	4570248.7097940147
423386.8254314334	4570249.0073629497
423387.7801317679	4570249.3049318856
423388.7348321025	4570249.6025008205
423389.6895324369	4570249.9000697564
423390.6442327714	4570250.1976386914
423391.5653551262	4570250.5867153527
423392.4859369080	4570250.9772651996
423393.4065186897	4570251.3678150466
423394.3271004715	4570251.7583648944
423395.2476822533	4570252.1489147414
423396.1682640350	4570252.5394645883
423397.0888458168	4570252.9300144352
423398.0094275986	4570253.3205642821
423398.9300093804	4570253.7111141291
423399.8682433735	4570254.0558247538
423400.8129999854	4570254.3835974559
423401.7577565973	4570254.7113701580
423402.7057332971	4570255.0294454824
423403.6588995102	4570255.3318924531
423404.6120657232	4570255.6343394239
423405.5652319363	4570255.9367863955
423406.5183981493	4570256.2392333662
423407.4715643624	4570256.5416803369
423408.4247305754	4570256.8441273086
423409.3833034229	4570257.1276598815
423410.3523179582	4570257.3746635867
423411.3213324934	4570257.6216672929
423412.2903470286	4570257.8686709981
423413.2593615639	4570258.1156747034
423414.2283760990	4570258.3626784086
423415.1973906343	4570258.6096821148
423416.1309287811	4570258.9552846700
423417.0351774280	4570259.3822909752
423417.9394260748	4570259.8092972804
423418.8436747216	4570260.2363035865
423419.7479233684	4570260.6633098917
423420.6582642197	4570261.0767845353
423421.5774092496	4570261.4707038347
423422.4965542796	4570261.8646231331
423423.4156993095	4570262.2585424315
423424.3348443394	4570262.6524617309
423425.2539893693	4570263.0463810293
423426.1736236715	4570263.4390387153
423427.1180260539	4570263.7678306550
423428.0624284363	4570264.0966225956
423429.0068308187	4570264.4254145361
423429.9512332011	4570264.7542064767
423430.8956355835	4570265.0829984173
423431.8400379659	4570265.4117903579
423432.7844403482	4570265.7405822985
423433.7288427307	4570266.0693742391
423434.6732451130	4570266.3981661797
423435.6112389473	4570266.7446849709
423436.5475681249	4570267.0958084129
423437.4838973024	4570267.4469318539
423438.4202264800	4570267.7980552958
423439.3565556575	4570268.1491787378
423440.2928848351	4570268.5003021788
423441.2292140127	4570268.8514256207
423442.1655431902	4570269.2025490617
423443.1018723678	4570269.5536725037
423444.0382015453	4570269.9047959456
423444.9756947166	4570270.2527971966
423445.9133643562	4570270.6003251048
423446.8510339957	4570270.9478530129
423447.7887036353	4570271.2953809211
423448.7263732748	4570271.6429088293
423449.6640429144	4570271.9904367374
423450.6017125540	4570272.3379646465
423451.5393821935	4570272.6854925547
423452.4770518331	4570273.0330204628
423453.4158336359	4570273.3766240980
423454.3964143115	4570273.5727402335
423455.3769949872	4570273.7688563690
423456.3575756628	4570273.9649725044
423457.3381563385	4570274.1610886399
423458.3187370141	4570274.3572047753
423459.2993176898	4570274.5533209108
423460.2552297116	4570274.8423284516
423461.2039130097	4570275.1585562173
423462.1525963078	4570275.4747839831
423463.1012796060	4570275.7910117488
423464.0499629041	4570276.1072395146
423464.9986462022	4570276.4234672803
423465.9473295004	4570276.7396950461
423466.8960127985	4570277.0559228119
423467.8446960966	4570277.3721505776
423468.7933793947	4570277.6883783434
423469.7420626927	4570278.0046061100
423470.6907459907	4570278.3208338758
423471.6394292887	4570278.6370616416
423472.5881125867	4570278.9532894082
423473.5367958847	4570279.2695171740
423474.4854791827	4570279.5857449407
423475.4331013278	4570279.9050855823
423476.3774049411	4570280.2341610836
423477.3217085544	4570280.5632365858
423478.2660121678	4570280.8923120871
423479.2103157811	4570281.2213875894
423480.1697876188	4570281.5014744615
423481.1348258531	4570281.7635836117
423482.0998640873	4570282.0256927619
423483.0649023215	4570282.2878019111
423484.0299405557	4570282.5499110613
423484.9847648023	4570282.8431260157
423485.9173329007	4570283.2041201182
423486.8499009990	4570283.5651142197
423487.7824690973	4570283.9261083221
423488.7150371957	4570284.2871024245
423489.6476052940	4570284.6480965270
423490.5801733924	4570285.0090906294
423491.4813234817	4570285.4416231643
423492.3781293665	4570285.8840474002
423493.2749352512	4570286.3264716370
423494.1717411359	4570286.7688958738
423495.0685470207	4570287.2113201106
423495.9427370585	4570287.6944873361
423496.7925433856	4570288.2215823997
423497.6423497128	4570288.7486774642
423498.4921560399	4570289.2757725278
423499.3419623671	4570289.8028675914
423500.1917686943	4570290.3299626550
423501.0688192098	4570290.8066703267
423501.9751984868	4570291.2291352442
423502.8815777637	4570291.6516001616
423503.7879570406	4570292.0740650780
423504.6943363176	4570292.4965299955
423505.6007155945	4570292.9189949129
423506.5070948715	4570293.3414598303
423507.4134741484	4570293.7639247477
423508.3201427277	4570294.1857618634
423509.2301626080	4570294.6003264748
423510.1401824883	4570295.0148910871
423511.0502023686	4570295.4294556994
423511.9602222488	4570295.8440203108
423512.8702421291	4570296.2585849231
423513.7802620094	4570296.6731495354
423514.7493972773	4570296.8693701485
423515.7442661145	4570296.9705432504
423516.7391349518	4570297.0717163533
423517.7340037890	4570297.1728894562
423518.6785486079	4570297.4898370756
423519.6155288128	4570297.8392195245
423520.5525090178	4570298.1886019735
423521.4894892228	4570298.5379844224
423522.4432603620	4570298.8373997658
423523.4010866474	4570299.1247476516
423524.3589129327	4570299.4120955365
423525.3286925056	4570299.6488084830
423526.3139042603	4570299.8201496582
423527.2991160151	4570299.9914908335
423528.2843277698	4570300.1628320087
423529.2695395245	4570300.3341731839
423530.2471334926	4570300.5443337662
423531.2240335101	4570300.7580306446
423532.2009335276	4570300.9717275230
423533.1778335451	4570301.1854244014
423534.1138808745	4570301.5257253349
423535.0314364996	4570301.9233327731
423535.9489921248	4570302.3209402105
423536.8665477500	4570302.7185476488
423537.7841033751	4570303.1161550870
423538.7016590003	4570303.5137625244
423539.6196245129	4570303.9104203116
423540.5383248562	4570304.3053755993
423541.4570251994	4570304.7003308870
423542.3757255427	4570305.0952861747
423543.2944258859	4570305.4902414624
423544.2131262292	4570305.8851967501
423545.1318265725	4570306.2801520377
423546.0505269157	4570306.6751073254
423546.9454449565	4570307.1206767755
423547.8358796386	4570307.5757878358
423548.7263143208	4570308.0308988951
423549.6167490030	4570308.4860099554
423550.5071836852	4570308.9411210148
423551.3976183673	4570309.3962320751
423552.2790556515	4570309.8677392201
423553.1412182695	4570310.3743708618
423554.0033808875	4570310.8810025034
423554.8655435056	4570311.3876341442
423555.7277061236	4570311.8942657858
423556.5898687417	4570312.4008974275
423557.4520313597	4570312.9075290682
423558.3178942111	4570313.4066558583
423559.2447438434	4570313.7820886206
423560.1715934757	4570314.1575213829
423561.0984431080	4570314.5329541452
423562.0252927403	4570314.9083869075
423562.9521423726	4570315.2838196699
423563.9160187308	4570315.5141654192
423564.9094276667	4570315.6287895273
423565.9028366025	4570315.7434136355
423566.8768482294	4570315.9207076058
423567.7613128253	4570316.3873149129
423568.6457774213	4570316.8539222190
423569.5302420171	4570317.3205295261
423570.4147066131	4570317.7871368323
423571.2991712090	4570318.2537441393
423572.1836358049	4570318.7203514455
423573.0681004008	4570319.1869587526
423573.9525649968	4570319.6535660587
423574.8370295927	4570320.1201733658
423575.7663727934	4570320.4878258584
423576.7000983511	4570320.8458154993
423577.6338239089	4570321.2038051393
423578.5675494666	4570321.5617947802
423579.5012750243	4570321.9197844211
423580.4350005820	4570322.2777740620
423581.3687261398	4570322.6357637029
423582.3024516976	4570322.9937533429
423583.2361772552	4570323.3517429838
423584.1699028130	4570323.7097326247
423585.1036283707	4570324.0677222656
423586.0373539285	4570324.4257119056
423586.9710794862	4570324.7837015465
423587.9048050439	4570325.1416911874
423588.8385306016	4570325.4996808283
423589.7722561594	4570325.8576704683
423590.7059817171	4570326.2156601092
423591.6495463304	4570326.5449555740
423592.6064802588	4570326.8352613719
423593.5634141872	4570327.1255671708
423594.5203481156	4570327.4158729697
423595.4772820439	4570327.7061787676
423596.4342159723	4570327.9964845665
423597.3911499007	4570328.2867903654
423598.3480838291	4570328.5770961642
423599.3050177575	4570328.8674019622
423600.2619516858	4570329.1577077610
423601.2188856143	4570329.4480135599
423602.1758195426	4570329.7383193579
423603.1490835868	4570329.9448898248
423603.9931025534	4570330.4127085172
423604.7739713631	4570331.0374035640
423605.5548401728	4570331.6620986117
423606.4989332840	4570331.9343580101
423607.4804238760	4570332.1258683698
423608.4624138976	4570332.3146481207
423609.4481503232	4570332.4829445835
423610.4338867487	4570332.6512410464
423611.3404902470	4570333.0047850804
423612.1435882753	4570333.6006320044
423612.9466863036	4570334.1964789284
423613.8462156097	4570334.6308425330
423614.7516745457	4570335.0552764088
423615.6571334817	4570335.4797102846
423616.5625924177	4570335.9041441614
423617.4680513537	4570336.3285780372
423618.3735102897	4570336.7530119130
423619.2789692257	4570337.1774457898
423620.1844281617	4570337.6018796656
423621.0898870977	4570338.0263135415
423622.0321348364	4570338.3579163710
423622.9825319654	4570338.6689554313
423623.9329290944	4570338.9799944926
423624.8861682275	4570339.2797540370
423625.8704808099	4570339.4561874242
423626.8547933923	4570339.6326208124
423627.8391059747	4570339.8090541996
423628.8234185570	4570339.9854875868
423629.8077311394	4570340.1619209740
423630.7920437218	4570340.3383543612
423631.7763716818	4570340.5147017958
423632.7607992573	4570340.6904924344
423633.7224336987	4570340.9387946576
423634.6303930834	4570341.3578528343
423635.5383524681	4570341.7769110110
423636.4848046205	4570342.0772116482
423637.4659528935	4570342.2704681261
423638.4471011666	4570342.4637246039
423639.4282494397	4570342.6569810817
423640.3978271083	4570342.8875692403
423641.3162888476	4570343.2830790803
423642.2347505868	4570343.6785889203
423643.1532123261	4570344.0740987603
423644.0716740653	4570344.4696086003
423644.9901358045	4570344.8651184402
423645.9085975438	4570345.2606282802
423646.8270592831	4570345.6561381202
423647.7455210223	4570346.0516479602
423648.6639827616	4570346.4471578002
423649.5824445008	4570346.8426676402
423650.5009062401	4570347.2381774802
423651.4193679794	4570347.6336873202
423652.3378297186	4570348.0291971602
423653.2562914579	4570348.4247070001
423654.1761670810	4570348.8169005373
423655.0974642744	4570349.2057597423
423656.0187614679	4570349.5946189472
423656.9400586612	4570349.9834781522
423657.8613558547	4570350.3723373571
423658.7826530481	4570350.7611965621
423659.7039502415	4570351.1500557680
423660.6252474350	4570351.5389149729
423661.5465446284	4570351.9277741779
423662.4678418219	4570352.3166333828
423663.3891390153	4570352.7054925878
423664.2318162500	4570353.2341043958
423665.0900824890	4570353.7094252855
423666.0720889359	4570353.8982726792
423667.0063299238	4570354.2299548844
423667.9043926317	4570354.6698223334
423668.8024553397	4570355.1096897824
423669.7005180476	4570355.5495572314
423670.5985807556	4570355.9894246804
423671.4966434635	4570356.4292921294
423672.3947061715	4570356.8691595783
423673.3119862912	4570357.2647627788
423674.2465581200	4570357.6205372820
423675.1811299488	4570357.9763117852
423676.1157017775	4570358.3320862874
423677.0502736063	4570358.6878607906
423677.9848454351	4570359.0436352929
423678.9194172638	4570359.3994097961
423679.8539890926	4570359.7551842993
423680.7885609214	4570360.1109588016
423681.7231327502	4570360.4667333048
423682.6577045789	4570360.8225078080
423683.5922764077	4570361.1782823103
423684.5205104880	4570361.5496376455
423685.4380661134	4570361.9472450837
423686.3556217387	4570362.3448525211
423687.2731773642	4570362.7424599584
423688.1907329895	4570363.1400673958
423689.1082886149	4570363.5376748331
423690.0258442403	4570363.9352822704
423690.9433998657	4570364.3328897078
423691.8609554910	4570364.7304971460
423692.7988305447	4570365.0771538829
423693.7381878644	4570365.4200938568
423694.6775451841	4570365.7630338315
423695.6169025038	4570366.1059738053
423696.5562598235	4570366.4489137791
423697.4956171432	4570366.7918537538
423698.4349744629	4570367.1347937277
423699.3743317826	4570367.4777337024
423700.3133229920	4570367.8216705266
423701.2513501495	4570368.1682322845
423702.1893773069	4570368.5147940414
423703.1274044644	4570368.8613557993
423704.0654316219	4570369.2079175571
423705.0034587794	4570369.5544793140
423705.9414859370	4570369.9010410719
423706.8795130944	4570370.2476028297
423707.8175402519	4570370.5941645866
423708.7555674094	4570370.9407263445
423709.6935945669	4570371.2872881023
423710.6316217244	4570371.6338498602
423711.5696488819	4570371.9804116171
423712.5076760394	4570372.3269733749
423713.4571727031	4570372.6348898057
423714.4323859963	4570372.8561566873
423715.4075992894	4570373.0774235688
423716.3828125825	4570373.2986904504
423717.3580258757	4570373.5199573319
423718.3332391688	4570373.7412242135
423719.3084524619	4570373.9624910951
423720.2836657550	4570374.1837579776
423721.2300556846	4570374.4900324531
423722.1387325286	4570374.9075326240
423723.0474093726	4570375.3250327958
423723.9560862166	4570375.7425329676
423724.8647630606	4570376.1600331385
423725.7734399046	4570376.5775333103
423726.6821167486	4570376.9950334812
423727.5907935926	4570377.4125336530
423728.4592141670	4570377.9026318025
423729.2946312492	4570378.4522483042
423730.1300483315	4570379.0018648058
423730.9654654137	4570379.5514813075
423731.8008824960	4570380.1010978092
423732.6362995782	4570380.6507143099
423733.5251552864	4570381.1024157964
423734.4393550657	4570381.5076796170
423735.3535548448	4570381.9129434368
423736.2677546240	4570382.3182072565
423737.1819544032	4570382.7234710762
423738.0961541824	4570383.1287348960
423739.0103539616	4570383.5339987166
423739.9462188454	4570383.8853801452
423740.8865032943	4570384.2257698560
423741.8267877432	4570384.5661595669
423742.7670721920	4570384.9065492777
423743.7073566409	4570385.2469389886
423744.6476410898	4570385.5873286994
423745.5879255386	4570385.9277184103
423746.5282099875	4570386.2681081211
423747.4684944364	4570386.6084978320
423748.4087788852	4570386.9488875428
423749.3490633341	4570387.2892772537
423750.2893477830	4570387.6296669645
423751.2296322318	4570387.9700566744
423752.1699166807	4570388.3104463853
423753.1102011296	4570388.6508360961
423754.0504855784	4570388.9912258070
423754.9907700274	4570389.3316155178
423755.9310544762	4570389.6720052287
423756.8713389251	4570390.0123949395
423757.8124365066	4570390.3505260404
423758.7539151621	4570390.6875986457
423759.6953938177	4570391.0246712510
423760.6368724733	4570391.3617438562
423761.5783511288	4570391.6988164615
423762.5198297843	4570392.0358890668
423763.4613084399	4570392.3729616720
423764.4027870954	4570392.7100342764
423765.3442657510	4570393.0471068816
423766.2857444065	4570393.3841794869
423767.2272230621	4570393.7212520922
423768.1406056838	4570394.1237424184
423769.0332927833	4570394.5744194007
423769.9259798829	4570395.0250963829
423770.8186669824	4570395.4757733652
423771.7113540818	4570395.9264503475
423772.6040411814	4570396.3771273298
423773.4967282809	4570396.8278043130
423774.3932626013	4570397.2701363219
423775.3157035896	4570397.6562744109
423776.2381445779	4570398.0424124990
423777.1605855662	4570398.4285505870
423778.0830265545	4570398.8146886751
423779.0054675428	4570399.2008267632
423779.9298829920	4570399.5819084989
423780.8698975545	4570399.9230428161
423781.8099121170	4570400.2641771324
423782.7499266796	4570400.6053114496
423783.6899412421	4570400.9464457668
423784.6299558046	4570401.2875800841
423785.5699703672	4570401.6287144003
423786.5099849297	4570401.9698487176
423787.4499994922	4570402.3109830348
423788.3701799079	4570402.7001604429
423789.2770793659	4570403.1215075357
423790.1839788240	4570403.5428546295
423791.0908782820	4570403.9642017223
423791.9977777400	4570404.3855488161
423792.9046771981	4570404.8068959089
423793.8115766561	4570405.2282430027
423794.7184761142	4570405.6495900955
423795.6253755722	4570406.0709371893
423796.5322750302	4570406.4922842821
423797.4391744883	4570406.9136313759
423798.3460739464	4570407.3349784687
423799.2529734044	4570407.7563255616
423800.1598728624	4570408.1776726553
423801.0667723205	4570408.5990197482
423801.9736717785	4570409.0203668419
423802.8901933008	4570409.4196734857
423803.8157402569	4570409.7983063320
423804.7412872129	4570410.1769391783
423805.6668341690	4570410.5555720245
423806.5923811250	4570410.9342048699
423807.5675101888	4570411.1495600026
423808.5473142477	4570411.3495200137
423809.5271183065	4570411.5494800257
423810.4495925348	4570411.9165872615
423811.3458600638	4570412.3601010907
423812.2421275928	4570412.8036149191
423813.1383951218	4570413.2471287483
423814.0346626509	4570413.6906425776
423814.9309301799	4570414.1341564059
423815.8271977089	4570414.5776702352
423816.7174040801	4570415.0331437644
423817.6050318387	4570415.4937053369
423818.4926595972	4570415.9542669095
423819.3802873557	4570416.4148284821
423820.2679151142	4570416.8753900547
423821.1555428728	4570417.3359516282
423822.0431706312	4570417.7965132007
423822.9307983898	4570418.2570747733
423823.8374132507	4570418.6790216090
423824.7441343628	4570419.1007523583
423825.6508554748	4570419.5224831086
423826.5575765868	4570419.9442138579
423827.4642976988	4570420.3659446072
423828.3710188108	4570420.7876753565
423829.2556085297	4570421.2536639571
423830.1369836563	4570421.7260810249
423831.0183587828	4570422.1984980935
423831.8997339094	4570422.6709151613
423832.7811090360	4570423.1433322290
423833.6624841625	4570423.6157492977
423834.5438592891	4570424.0881663654
423835.4252344157	4570424.5605834341
423836.3066095422	4570425.0330005018
423837.2051369991	4570425.4712708648
423838.1103306115	4570425.8962703049
423839.0155242239	4570426.3212697450
423839.9207178363	4570426.7462691851
423840.8259114487	4570427.1712686252
423841.7311050611	4570427.5962680653
423842.6362986735	4570428.0212675054
423843.5414922859	4570428.4462669455
423844.4466858983	4570428.8712663855
423845.3518795108	4570429.2962658256
423846.2570731231	4570429.7212652657
423847.1624313701	4570430.1459073909
423848.0736508674	4570430.5578285335
423848.9848703648	4570430.9697496751
423849.8960898621	4570431.3816708177
423850.8073093595	4570431.7935919603
423851.7185288568	4570432.2055131029
423852.6297483542	4570432.6174342455
423853.5409678515	4570433.0293553881
423854.4521873488	4570433.4412765307
423855.3634068462	4570433.8531976733
423856.2746263435	4570434.2651188159
423857.1988491903	4570434.6463065250
423858.1290044116	4570435.0134730600
423859.0591596329	4570435.3806395950
423859.9893148542	4570435.7478061300
423860.9194700755	4570436.1149726650
423861.8496252968	4570436.4821391990
423862.7797805181	4570436.8493057340
423863.7099357394	4570437.2164722690
423864.6400909607	4570437.5836388040
423865.5702461819	4570437.9508053390
423866.4989172294	4570438.3215837777
423867.4184941087	4570438.7144938987
423868.3380709879	4570439.1074040197
423869.2576478672	4570439.5003141407
423870.1772247464	4570439.8932242617
423871.0968016256	4570440.2861343827
423872.0163785049	4570440.6790445037
423872.9359553841	4570441.0719546247
423873.8236297887	4570441.5253643561
423874.6672912765	4570442.0622398481
423875.5109527642	4570442.5991153400
423876.3546142520	4570443.1359908320
423877.1982757397	4570443.6728663249
423878.0419372274	4570444.2097418169
423878.8855987152	4570444.7466173088
423879.7292602029	4570445.2834928008
423880.5729216907	4570445.8203682927
423881.4165831784	4570446.3572437856
423882.2602446662	4570446.8941192776
423883.1039061539	4570447.4309947696
423883.9715517853	4570447.9268990317
423884.8527120533	4570448.3997167358
423885.7338723213	4570448.8725344408
423886.6150325893	4570449.3453521458
423887.4961928572	4570449.8181698509
423888.3773531252	4570450.2909875559
423889.2585133932	4570450.7638052609
423890.1396736612	4570451.2366229659
423891.0208339292	4570451.7094406709
423891.9519004239	4570452.0600313302
423892.9121757298	4570452.3390856925
423893.8724510356	4570452.6181400549
423894.8327263415	4570452.8971944163
423895.7930016473	4570453.1762487786
423896.7532769531	4570453.4553031409
423897.7135522591	4570453.7343575023
423898.6738275649	4570454.0134118646
423899.6441264943	4570454.2543460568
423900.6174622951	4570454.4837309271
423901.5907980961	4570454.7131157974
423902.5641338969	4570454.9425006676
423903.5374696978	4570455.1718855379
423904.5108054987	4570455.4012704082
423905.4841412996	4570455.6306552794
423906.4574771005	4570455.8600401497
423907.4308129013	4570456.0894250199
423908.4041487022	4570456.3188098902
423909.3596387728	4570456.6033940064
423910.2830445108	4570456.9872192834
423911.2064502489	4570457.3710445594
423912.1298559869	4570457.7548698364
423913.0532617249	4570458.1386951134
423913.9766674629	4570458.5225203894
423914.9000732010	4570458.9063456664
423915.8234789390	4570459.2901709424
423916.7468846771	4570459.6739962194
423917.6702904151	4570460.0578214964
423918.5936961532	4570460.4416467724
423919.5171018912	4570460.8254720494
423920.4557216123	4570461.1695756689
423921.3992665651	4570461.5008201739
423922.3428115179	4570461.8320646789
423923.2863564707	4570462.1633091839
423924.2299014235	4570462.4945536889
423925.1734463763	4570462.8257981939
423926.1003286150	4570463.1961397324
423926.9927413911	4570463.6473596757
423927.8851541673	4570464.0985796181
423928.7775669435	4570464.5497995615
423929.6699797197	4570465.0010195039
423930.5623924959	4570465.4522394473
423931.4548052721	4570465.9034593897
423932.3557007382	4570466.3374427045
423933.2576498617	4570466.7692850130
423934.1595989852	4570467.2011273205
423935.0615481086	4570467.6329696281
423935.9634972321	4570468.0648119356
423936.8654463556	4570468.4966542432
423937.7673954790	4570468.9284965508
423938.6693446025	4570469.3603388583
423939.5712937260	4570469.7921811659
423940.4732428495	4570470.2240234734
423941.3751919730	4570470.6558657810
423942.2722481756	4570471.0965134650
423943.1153106160	4570471.6343291597
423943.9583730564	4570472.1721448544
423944.8014354968	4570472.7099605491
423945.6444979371	4570473.2477762448
423946.4875603775	4570473.7855919395
423947.3306228179	4570474.3234076342
423948.1736852583	4570474.8612233289
423949.0167476987	4570475.3990390236
423949.8627403479	4570475.9321194449
423950.7202332737	4570476.4466152005
423951.5777261995	4570476.9611109560
423952.4352191253	4570477.4756067107
423953.2927120512	4570477.9901024662
423954.1651901689	4570478.4764432469
423955.0708803954	4570478.9003833532
423955.9765706220	4570479.3243234586
423956.8822608486	4570479.7482635649
423957.7879510751	4570480.1722036712
423958.6936413016	4570480.5961437775
423959.5993315282	4570481.0200838828
423960.5128952774	4570481.4264921928
423961.4314378334	4570481.8218143061
423962.3499803893	4570482.2171364184
423963.2685229453	4570482.6124585317
423964.1870655013	4570483.0077806441
423965.1056080573	4570483.4031027574
423966.0241506133	4570483.7984248698
423966.9426931692	4570484.1937469831
423967.8612357252	4570484.5890690954
423968.7797782811	4570484.9843912087
423969.6983208371	4570485.3797133211
423970.6088964693	4570485.7926245211
423971.5118575092	4570486.2223469438
423972.4148185491	4570486.6520693665
423973.3177795889	4570487.0817917893
423974.2207406289	4570487.5115142111
423975.1237016687	4570487.9412366338
423976.0266627086	4570488.3709590565
423976.9296237485	4570488.8006814793
423977.8325847884	4570489.2304039020
423978.7355458283	4570489.6601263247
423979.6385068682	4570490.0898487465
423980.5414679080	4570490.5195711693
423981.4542122145	4570490.9277272308
423982.3723025883	4570491.3240983523
423983.2903929622	4570491.7204694729
423984.2084833361	4570492.1168405935
423985.1265737099	4570492.5132117141
423986.0446640838	4570492.9095828356
423986.9627544576	4570493.3059539562
423987.8808448315	4570493.7023250768
423988.7989352054	4570494.0986961974
423989.7170255792	4570494.4950673189
423990.6351159531	4570494.8914384395
423991.5532063270	4570495.2878095601
423992.4712967008	4570495.6841806807
423993.3893870747	4570496.0805518022
423994.3074774486	4570496.4769229228
423995.2255678224	4570496.8732940434
423996.1436581963	4570497.2696651639
423997.0617485701	4570497.6660362855
423997.9798389440	4570498.0624074060
423998.8561255341	4570498.5384758227
423999.7041238382	4570499.0684747631
424000.5521221422	4570499.5984737026
424001.4001204463	4570500.1284726430
424002.2481187504	4570500.6584715825
424003.0961170544	4570501.1884705229
424003.9441153585	4570501.7184694624
424004.7921136626	4570502.2484684028
424005.6887909191	4570502.6852748059
424006.6082347875	4570503.0784960836
424007.5276786560	4570503.4717173604
424008.4471225243	4570503.8649386372
424009.3665663928	4570504.2581599150
424010.2860102612	4570504.6513811918
424011.2054541296	4570505.0446024695
424012.1248979981	4570505.4378237464
424013.0443418665	4570505.8310450232
424013.9637857349	4570506.2242663009
424014.8832296034	4570506.6174875777
424015.8084650152	4570506.9965987941
424016.7390309669	4570507.3627231037
424017.6695969185	4570507.7288474124
424018.6001628702	4570508.0949717211
424019.5307288219	4570508.4610960297
424020.4612947736	4570508.8272203393
424021.3918607253	4570509.1933446480
424022.3224266769	4570509.5594689567
424023.2529926286	4570509.9255932653
424024.1835585803	4570510.2917175749
424025.1141245320	4570510.6578418836
424026.0446904837	4570511.0239661923
424026.9752564354	4570511.3900905009
424027.9049537897	4570511.7584132897
424028.8344719893	4570512.1271895319
424029.7639901888	4570512.4959657742
424030.6935083883	4570512.8647420164
424031.6230265878	4570513.2335182587
424032.5525447873	4570513.6022945009
424033.4820629868	4570513.9710707432
424034.4115811863	4570514.3398469854
424035.3410993858	4570514.7086232277
424036.2706175853	4570515.0773994699
424037.2001357848	4570515.4461757122
424038.1296539843	4570515.8149519535
424039.0579583872	4570516.1865489120
424039.9648133043	4570516.6079918602
424040.8716682215	4570517.0294348095
424041.7785231387	4570517.4508777587
424042.6853780559	4570517.8723207070
424043.5922329731	4570518.2937636562
424044.4990878903	4570518.7152066045
424045.4059428075	4570519.1366495537
424046.3127977247	4570519.5580925029
424047.2196526419	4570519.9795354512
424048.1265075591	4570520.4009784004
424049.0333624763	4570520.8224213496
424049.9402173935	4570521.2438642979
424050.8470723107	4570521.6653072471
424051.7539272279	4570522.0867501963
424052.6607821451	4570522.5081931446
424053.5676370622	4570522.9296360938
424054.4744919795	4570523.3510790430
424055.3835340790	4570523.7677797852
424056.2928129634	4570524.1839671349
424057.2020918478	4570524.6001544856
424058.1113707322	4570525.0163418353
424059.0206496166	4570525.4325291859
424059.9299285010	4570525.8487165356
424060.8392073853	4570526.2649038853
424061.7484862698	4570526.6810912360
424062.6577651541	4570527.0972785857
424063.5670440385	4570527.5134659363
424064.4763229229	4570527.9296532860
424065.3856018073	4570528.3458406366
424066.2948806916	4570528.7620279863
424067.2041595761	4570529.1782153370
424068.1359016447	4570529.5384592814
424069.0805063854	4570529.8666694034
424070.0251111260	4570530.1948795244
424070.9697158667	4570530.5230896464
424071.9143206073	4570530.8512997683
424072.8589253480	4570531.1795098893
424073.8035300887	4570531.5077200113
424074.7481348293	4570531.8359301323
424075.6690266708	4570532.2220044546
424076.5723041751	4570532.6510612685
424077.4755816794	4570533.0801180834
424078.3801847277	4570533.5063685980
424079.2853139895	4570533.9315050701
424080.1904432512	4570534.3566415412
424081.0955725129	4570534.7817780133
424082.0006527977	4570535.2070172122
424082.9008120491	4570535.6425781408
424083.8009713005	4570536.0781390686
424084.7011305519	4570536.5136999972
424085.6012898033	4570536.9492609249
424086.5014490547	4570537.3848218536
424087.4016083061	4570537.8203827813
424088.3128544446	4570538.2304348117
424089.2454225429	4570538.5914289141
424090.1779906412	4570538.9524230165
424091.1105587395	4570539.3134171190
424092.0431268378	4570539.6744112214
424092.9756949361	4570540.0354053238
424093.9082630345	4570540.3963994263
424094.8410395578	4570540.7568545863
424095.7738376921	4570541.1172538660
424096.7066358265	4570541.4776531458
424097.5444892296	4570542.0174625386
424098.3671166893	4570542.5860432824
424099.1897441490	4570543.1546240263
424100.0123716087	4570543.7232047701
424100.8349990683	4570544.2917855149
424101.7022207218	4570544.7823783560
424102.6094754155	4570545.2029600022
424103.5167301091	4570545.6235416485
424104.4239848027	4570546.0441232938
424105.3312394963	4570546.4647049401
424106.2384941899	4570546.8852865864
424107.1457488836	4570547.3058682317
424108.0530035772	4570547.7264498780
424108.9602582709	4570548.1470315233
424109.8675129645	4570548.5676131696
424110.7747676581	4570548.9881948158
424111.7323258724	4570549.2652610457
424112.7036231840	4570549.5031297747
424113.6749204956	4570549.7409985047
424114.5983350824	4570550.1035717744
424115.4792280056	4570550.5768873757
424116.3601209288	4570551.0502029760
424117.2410138521	4570551.5235185763
424118.1219067753	4570551.9968341775
424119.0052991392	4570552.4654498324
424119.8902173616	4570552.9311962649
424120.7751355840	4570553.3969426984
424121.6600538064	4570553.8626891309
424122.5449720288	4570554.3284355635
424123.4298902512	4570554.7941819970
424124.3148084735	4570555.2599284295
424125.2284686569	4570555.6638607001
424126.1548932499	4570556.0403410764
424127.0813178429	4570556.4168214519
424127.9826848849	4570556.8449920593
424128.8521020930	4570557.3390707150
424129.7215193011	4570557.8331493707
424130.5909365093	4570558.3272280265
424131.4603537173	4570558.8213066831
424132.3297709255	4570559.3153853389
424133.1991881336	4570559.8094639946
424134.0891690036	4570560.2633371297
424134.9986434789	4570560.6790968906
424135.9081179543	4570561.0948566515
424136.8175924297	4570561.5106164124
424137.7270669051	4570561.9263761733
424138.6484272357	4570562.3140922962
424139.5796700155	4570562.6784916455
424140.5109127951	4570563.0428909939
424141.4229139027	4570563.4485281762
424142.3004192400	4570563.9280950464
424143.1779245772	4570564.4076619167
424144.0554299145	4570564.8872287869
424144.9329352518	4570565.3667956572
424145.8104405890	4570565.8463625275
424146.6899445454	4570566.3215365177
424147.6280095521	4570566.6679958124
424148.5660745588	4570567.0144551080
424149.5041395656	4570567.3609144026
424150.4422045723	4570567.7073736982
424151.3802695791	4570568.0538329929
424152.3217214940	4570568.3905245923
424153.2729038581	4570568.6991539979
424154.2240862222	4570569.0077834036
424155.1081813671	4570569.4533779947
424155.9351078696	4570570.0156880151
424156.8419444820	4570570.4063344272
424157.8045954221	4570570.6770800045
424158.7699741808	4570570.9376657857
424159.7387768851	4570571.1854990358
424160.7075795894	4570571.4333322868
424161.6359665088	4570571.7912384570
424162.5349563778	4570572.2292078808
424163.4339462467	4570572.6671773037
424164.3407857304	4570573.0885399729
424165.2566097066	4570573.4774147179
424166.2554778444	4570573.5249798670
424167.1068798139	4570573.9754881244
424167.9004861755	4570574.5839196676
424168.7306290395	4570575.1288844822
424169.6553071378	4570575.5096342880
424170.5799852362	4570575.8903840939
424171.5046633345	4570576.2711338988
424172.4311852604	4570576.6473623030
424173.3584270974	4570577.0218253527
424174.2856689344	4570577.3962884024
424175.2048198116	4570577.7865670444
424176.0510526519	4570578.3193803141
424176.8972854922	4570578.8521935837
424177.7435183325	4570579.3850068524
424178.5897511728	4570579.9178201221
424179.3682684706	4570580.5452406080
424180.1905388356	4570581.0857838830
424181.1571003934	4570581.3422185825
424182.1236619512	4570581.5986532811
424183.0902235090	4570581.8550879806
424183.9870989091	4570582.2958266232
424184.8815261002	4570582.7430402189
424185.7759532912	4570583.1902538138
424186.6496619479	4570583.6765646515
424187.5219425004	4570584.1655704165
424188.3942230529	4570584.6545761805
424189.2665036054	4570585.1435819454
424190.1419384346	4570585.6258900706
424191.0745065334	4570585.9868841721
424192.0070746322	4570586.3478782736
424192.9952544041	4570586.4816186931
424193.8253057016	4570586.9797764905
424194.5972359372	4570587.6154837431
424195.3691661727	4570588.2511909967
424196.3413055415	4570588.4025083082
424197.2983467939	4570588.6515627382
424198.2218435101	4570589.0351690669
424199.1453402262	4570589.4187753946
424200.0688369423	4570589.8023817232
424200.9923336585	4570590.1859880518
424201.9099391794	4570590.5834779032
424202.8274948047	4570590.9810853405
424203.7450504300	4570591.3786927778
424204.6626060553	4570591.7763002161
424205.5577829061	4570592.2211033376
424206.4463271995	4570592.6798941819
424207.3348714929	4570593.1386850262
424208.2234157863	4570593.5974758705
424209.1119600797	4570594.0562667139
424210.0005043731	4570594.5150575582
424210.8890486666	4570594.9738484025
424211.7775929600	4570595.4326392468
424212.6661372534	4570595.8914300902
424213.5546815468	4570596.3502209345
424214.4432258402	4570596.8090117788
424215.2890391966	4570597.3391196132
424216.1126869516	4570597.9062213460
424216.9363347066	4570598.4733230788
424217.7599824615	4570599.0404248126
424218.5836302166	4570599.6075265454
424219.5560779333	4570599.7801884655
424220.5490662075	4570599.8984013554
424221.5381179294	4570600.0372039154
424222.5046794872	4570600.2936386140
424223.4712410450	4570600.5500733135
424224.4378026029	4570600.8065080130
424225.3357345712	4570601.2408222677
424226.2240581220	4570601.7000403749
424227.1123816727	4570602.1592584811
424228.0007052234	4570602.6184765873
424228.8890287741	4570603.0776946936
424229.7773523248	4570603.5369127998
424230.6656758755	4570603.9961309070
424231.5539994262	4570604.4553490132
424232.4245901524	4570604.9445320908
424233.2546397519	4570605.5022216663
424234.0846893516	4570606.0599112408
424234.9147389512	4570606.6176008163
424235.7447885507	4570607.1752903908
424236.6160980764	4570607.6464745868
424237.5718770851	4570607.9405604359
424238.5385798237	4570608.1938466560
424239.5134383303	4570608.4166714568
424240.4607206580	4570608.7099095713
424241.3276269611	4570609.2083806954
424242.1945332642	4570609.7068518205
424243.0285958033	4570610.2510040710
424243.7771839834	4570610.9140393166
424244.5257721635	4570611.5770745613
424245.3187271571	4570612.1701048966
424246.2378721872	4570612.5640241951
424247.1570172172	4570612.9579434935
424248.0761622473	4570613.3518627919
424248.9953072774	4570613.7457820904
424249.9707100117	4570613.9476939803
424250.9571039355	4570614.1120929681
424251.8951624469	4570614.4205513317
424252.7810959628	4570614.8843635833
424253.6670294787	4570615.3481758358
424254.5529629947	4570615.8119880883
424255.4388965106	4570616.2758003408
424256.3248300265	4570616.7396125924
424257.2107635425	4570617.2034248449
424258.0966970584	4570617.6672370974
424258.9826305743	4570618.1310493499
424259.8685640902	4570618.5948616015
424260.7544976062	4570619.0586738540
424261.6404311221	4570619.5224861065
424262.5105868599	4570620.0082954736
424263.2339424037	4570620.6987712206
424263.9846588620	4570621.3468390340
424264.9119006992	4570621.7213020837
424265.8391425364	4570622.0957651325
424266.7663843737	4570622.4702281822
424267.6362125518	4570622.9497089824
424268.4519454430	4570623.5281377593
424269.2676783341	4570624.1065665372
424270.0834112251	4570624.6849953141
424270.9292219717	4570625.1725889090
424271.9289638072	4570625.1953103151
424272.9287056428	4570625.2180317203
424273.8944258192	4570625.3778843731
424274.7888530099	4570625.8250979688
424275.6832802005	4570626.2723115655
424276.5777073913	4570626.7195251612
424277.4556848450	4570627.1921960255
424278.2309198306	4570627.8238689760
424279.0061548162	4570628.4555419274
424279.9718787932	4570628.6553249182
424280.9404703829	4570628.8549819514
424281.7695425116	4570629.4141236199
424282.5986146404	4570629.9732652884
424283.4276867692	4570630.5324069569
424284.3352976290	4570630.9426727928
424285.2648755325	4570631.3112985129
424286.1944534359	4570631.6799242329
424287.1240313393	4570632.0485499529
424288.0536092427	4570632.4171756729
424288.9831871462	4570632.7858013930
424289.9127650496	4570633.1544271130
424290.8423429530	4570633.5230528330
424291.7839171870	4570633.8591920407
424292.7299766735	4570634.1831850158
424293.6760361599	4570634.5071779909
424294.6220956464	4570634.8311709668
424295.5681551328	4570635.1551639419
424296.4932037213	4570635.5335038500
424297.4111723069	4570635.9301569434
424298.3291408926	4570636.3268100359
424299.2471094781	4570636.7234631283
424300.1650780638	4570637.1201162208
424301.0729806274	4570637.5320994295
424301.8018286994	4570638.2167748911
424302.5306767713	4570638.9014503537
424303.2867333817	4570639.5423846608
424304.2230625592	4570639.8935081027
424305.1593917366	4570640.2446315447
424306.0957209141	4570640.5957549866
424307.0648393145	4570640.8364841137
424308.0410263749	4570641.0534145702
424309.0172134352	4570641.2703450276
424309.9934004955	4570641.4872754849
424310.9204908636	4570641.8461096138
424311.8220139210	4570642.2788406815
424312.5548086606	4570642.9496945720
424313.3120874493	4570643.5803497192
424314.2421820844	4570643.9476697017
424315.1722767196	4570644.3149896841
424316.1023713548	4570644.6823096666
424317.0324659900	4570645.0496296491
424317.9625606252	4570645.4169496316
424318.8926552604	4570645.7842696141
424319.8227498955	4570646.1515895976
424320.7528445307	4570646.5189095801
424321.6829391659	4570646.8862295626
424322.6130338011	4570647.2535495451
424323.5431284362	4570647.6208695276
424324.4732230714	4570647.9881895101
424325.4033177066	4570648.3555094926
424326.3334123418	4570648.7228294751
424327.2635069770	4570649.0901494576
424328.1936016121	4570649.4574694401
424329.1236962473	4570649.8247894235
424330.0537908825	4570650.1921094060
424330.9725849232	4570650.5787734855
424331.7493406717	4570651.2085754443
424332.5260964202	4570651.8383774031
424333.3028521687	4570652.4681793619
424334.2000477520	4570652.9097837396
424335.0973052366	4570653.3512913911
424335.9945627213	4570653.7927990425
424336.8918202060	4570654.2343066931
424337.7346067581	4570654.7615476716
424338.5154755679	4570655.3862427184
424339.3626691730	4570655.8902546279
424340.3086151189	4570656.2145789526
424341.2545610648	4570656.5389032774
424342.2005070106	4570656.8632276021
424343.1464529566	4570657.1875519259
424344.0550629341	4570657.5987514686
424344.9413628687	4570658.0618631458
424345.8276628034	4570658.5249748239
424346.7139627381	4570658.9880865011
424347.6002626728	4570659.4511981783
424348.4865626074	4570659.9143098556
424349.3728625421	4570660.3774215337
424350.2591624768	4570660.8405332109
424351.1645793849	4570661.2630586997
424352.0860713439	4570661.6514561372
424353.0075633030	4570662.0398535747
424353.9290552620	4570662.4282510122
424354.8505472210	4570662.8166484497
424355.7720391800	4570663.2050458873
424356.6935311390	4570663.5934433248
424357.6150230980	4570663.9818407623
424358.5365857087	4570664.3700699518
424359.4591046543	4570664.7560217557
424360.3816236001	4570665.1419735597
424361.3041425457	4570665.5279253637
424362.2266614914	4570665.9138771668
424363.1491804371	4570666.2998289708
424364.0716993828	4570666.6857807748
424364.9893505466	4570667.0825158339
424365.8890002657	4570667.5191282285
424366.7886499847	4570667.9557406232
424367.6882997037	4570668.3923530169
424368.5620249977	4570668.8755085878
424369.4068440736	4570669.4105606684
424370.2516631495	4570669.9456127491
424371.1184306824	4570670.4400647236
424372.0287971598	4570670.8538676677
424372.9391636371	4570671.2676706128
424373.8495301144	4570671.6814735569
424374.7598965917	4570672.0952765020
424375.6702630691	4570672.5090794461
424376.5980112502	4570672.8822761094
424377.5258268137	4570673.2553153569
424378.4536423773	4570673.6283546034
424379.3814579409	4570674.0013938509
424380.3092735044	4570674.3744330984
424381.2370890680	4570674.7474723458
424382.1649046316	4570675.1205115933
424383.0927201952	4570675.4935508398
424384.0205357587	4570675.8665900873
424384.9304953901	4570676.2805185243
424385.8347440369	4570676.7075248295
424386.7389926836	4570677.1345311347
424387.6461861748	4570677.5550534539
424388.5627255532	4570677.9549979102
424389.4792649316	4570678.3549423655
424390.3958043100	4570678.7548868218
424391.3123436884	4570679.1548312781
424392.2288830669	4570679.5547757335
424393.1357202574	4570679.9762123544
424394.0419033974	4570680.3990978198
424394.9480865373	4570680.8219832852
424395.8542696772	4570681.2448687507
424396.7654629781	4570681.6567007611
424397.6807780105	4570682.0594393751
424398.5960930430	4570682.4621779891
424399.5114080754	4570682.8649166031
424400.4267231079	4570683.2676552171
424401.3420381404	4570683.6703938320
424402.2573531728	4570684.0731324460
424403.1726682052	4570684.4758710600
424404.0879832377	4570684.8786096741
424405.0032982702	4570685.2813482881
424405.9186133027	4570685.6840869030
424406.8339283351	4570686.0868255170
424407.7233870547	4570686.5400269162
424408.5849255162	4570687.0477192234
424409.4464639777	4570687.5554115316
424410.3080024391	4570688.0631038398
424411.1695409005	4570688.5707961470
424412.0310793620	4570689.0784884552
424412.9881934294	4570689.3094321499
424413.9789103218	4570689.4452963574
424414.9688598152	4570689.5867177155
424415.9114723308	4570689.8829884641
424416.8112864382	4570690.3192619700
424417.7111005456	4570690.7555354768
424418.6089063713	4570691.1958683999
424419.5016586400	4570691.6464162739
424420.3944109088	4570692.0969641479
424421.2871631776	4570692.5475120218
424422.1799154463	4570692.9980598958
424423.0726677152	4570693.4486077689
424423.9654199839	4570693.8991556428
424424.8581722527	4570694.3497035168
424425.7509245215	4570694.8002513908
424426.6436767903	4570695.2507992648
424427.5364290591	4570695.7013471378
424428.3728774509	4570696.2446212070
424429.1844117919	4570696.8289259328
424429.9959461329	4570697.4132306594
424430.8772143699	4570697.8852955801
424431.7605633905	4570698.3540113876
424432.6439124112	4570698.8227271941
424433.5272614319	4570699.2914430015
424434.4106104526	4570699.7601588080
424435.2939594732	4570700.2288746154
424436.1773084939	4570700.6975904219
424437.0606575146	4570701.1663062293
424437.9440065352	4570701.6350220358
424438.8248257904	4570702.1083303653
424439.6930689329	4570702.6044693030
424440.5632853187	4570703.0964460196
424441.4969601723	4570703.4545678813
424442.4306350258	4570703.8126897430
424443.3643098794	4570704.1708116047
424444.2979847330	4570704.5289334664
424445.2316595865	4570704.8870553281
424446.1653344401	4570705.2451771898
424447.0928249929	4570705.6168614030
424447.9754433626	4570706.0869516218
424448.8580617323	4570706.5570418397
424449.7406801020	4570707.0271320585
424450.6232984716	4570707.4972222773
424451.5059168414	4570707.9673124952
424452.3885352110	4570708.4374027140
424453.2711535807	4570708.9074929319
424454.1537719504	4570709.3775831508
424455.0363903201	4570709.8476733696
424455.9550295482	4570710.2418886777
424456.8772239301	4570710.6286153542
424457.7994183119	4570711.0153420307
424458.7216126937	4570711.4020687062
424459.6438070755	4570711.7887953827
424460.5660014573	4570712.1755220592
424461.4881958391	4570712.5622487357
424462.4103902210	4570712.9489754122
424463.3325846027	4570713.3357020877
424464.2547789846	4570713.7224287642
424465.1769733664	4570714.1091554407
424466.1004477788	4570714.4920973685
424467.0680650511	4570714.7445192654
424468.0356823235	4570714.9969411632
424469.0032995958	4570715.2493630601
424469.9709168682	4570715.5017849579
424470.8779867006	4570715.9153508022
424471.7724138918	4570716.3625643980
424472.6668410828	4570716.8097779937
424473.5612682739	4570717.2569915885
424474.4556954650	4570717.7042051842
424475.3501226561	4570718.1514187790
424476.2879916971	4570718.4720195252
424477.2685723728	4570718.6681356598
424478.2491530485	4570718.8642517952
424479.2297337242	4570719.0603679307
424480.1859417157	4570719.3376056068
424481.1122371165	4570719.7144037364
424482.0385325174	4570720.0912018660
424482.9648279182	4570720.4679999957
424483.8911233190	4570720.8447981253
424484.8174187198	4570721.2215962550
424485.7429847995	4570721.6001812741
424486.6683913017	4570721.9791572709
424487.5937978040	4570722.3581332667
424488.5192043062	4570722.7371092625
424489.4446108084	4570723.1160852592
424490.3700173106	4570723.4950612551
424491.2954238129	4570723.8740372509
424492.2208303151	4570724.2530132476
424493.1462368173	4570724.6319892434
424494.0716433195	4570725.0109652393
424495.0209251452	4570725.3233190132
424495.9763998364	4570725.6183920791
424496.9318745276	4570725.9134651460
424497.8873492187	4570726.2085382119
424498.8428239099	4570726.5036112787
424499.7982986011	4570726.7986843446
424500.7522325616	4570727.0986579098
424501.7046567088	4570727.4034336368
424502.6570808560	4570727.7082093647
424503.6095050032	4570728.0129850917
424504.5619291504	4570728.3177608186
424505.4916702906	4570728.6850444786
424506.4179019655	4570729.0619992297
424507.3441336403	4570729.4389539817
424508.2703653151	4570729.8159087328
424509.1965969899	4570730.1928634839
424510.1228286647	4570730.5698182350
424511.0490603395	4570730.9467729870
424511.9752920144	4570731.3237277381
424512.8888136666	4570731.7298787320
424513.7958226344	4570732.1509900382
424514.7028316022	4570732.5721013444
424515.6098405700	4570732.9932126505
424516.5168495379	4570733.4143239567
424517.4360688903	4570733.8016864602
424518.4025540172	4570734.0584090715
424519.3690391442	4570734.3151316838
424520.3355242711	4570734.5718542952
424521.3020093980	4570734.8285769075
424522.2684945250	4570735.0852995189
424523.2386237847	4570735.3269847836
424524.2154118730	4570735.5411926983
424525.1921999614	4570735.7554006120
424526.1689880497	4570735.9696085267
424527.1457761380	4570736.1838164404
424528.1225642264	4570736.3980243551
424529.0993523147	4570736.6122322688
424530.0761404030	4570736.8264401834
424531.0529284913	4570737.0406480972
424532.0297165797	4570737.2548560118
424533.0056543382	4570737.4722969374
424533.9614333469	4570737.7663827855
424534.9172123556	4570738.0604686346
424535.8729913644	4570738.3545544837
424536.8287703730	4570738.6486403327
424537.7845493818	4570738.9427261809
424538.7403283905	4570739.2368120300
424539.6961073992	4570739.5308978790
424540.6518864079	4570739.8249837281
424541.6076654166	4570740.1190695772
424542.5634444253	4570740.4131554253
424543.5192234341	4570740.7072412744
424544.4759150330	4570740.9961616900
424545.4746026965	4570741.0473764418
424546.4732903600	4570741.0985911945
424547.4719780234	4570741.1498059463
424548.4421417941	4570741.3521915562
424549.3908250922	4570741.6684193220
424550.3395083904	4570741.9846470878
424551.2881916886	4570742.3008748535
424552.2455260011	4570742.5870733503
424553.2170463399	4570742.8240295304
424554.1885666786	4570743.0609857105
424555.1600870174	4570743.2979418915
424556.0815305957	4570743.6714732470
424556.9759577865	4570744.1186868437
424557.8703849773	4570744.5659004394
424558.8572244793	4570744.6564832795
424559.8562806377	4570744.6999205034
424560.8553367961	4570744.7433577273
424561.8543929545	4570744.7867949512
424562.8154076179	4570745.0432810057
424563.7677594652	4570745.3482825775
424564.7201113125	4570745.6532841492
424565.6724631599	4570745.9582857210
424566.6248150072	4570746.2632872928
424567.5771668545	4570746.5682888646
424568.5295187019	4570746.8732904363
424569.4818705492	4570747.1782920090
424570.4342223965	4570747.4832935808
424571.3865742439	4570747.7882951526
424572.3389260912	4570748.0932967244
424573.2912779385	4570748.3982982961
424574.2436297859	4570748.7032998679
424575.1959816332	4570749.0083014406
424576.1352895194	4570749.3500067787
424577.0665322990	4570749.7144061280
424577.9977750786	4570750.0788054764
424578.9290178583	4570750.4432048248
424579.8602606379	4570750.8076041741
424580.7915034176	4570751.1720035225
424581.7227461972	4570751.5364028718
424582.6539889768	4570751.9008022202
424583.5852317565	4570752.2652015686
424584.5164745361	4570752.6296009179
424585.4477173158	4570752.9940002663
424586.3845486202	4570753.3436329374
424587.3237137002	4570753.6870990237
424588.2628787802	4570754.0305651100
424589.2020438602	4570754.3740311963
424590.1412089403	4570754.7174972827
424591.0803740203	4570755.0609633690
424592.0195391003	4570755.4044294553
424592.9587041803	4570755.7478955416
424593.8978692604	4570756.0913616279
424594.8370343404	4570756.4348277142
424595.7761994204	4570756.7782938005
424596.7153645004	4570757.1217598869
424597.6545295805	4570757.4652259732
424598.5936946605	4570757.8086920595
424599.5328597405	4570758.1521581458
424600.4720248205	4570758.4956242321
424601.4085457481	4570758.8459886722
424602.3366703272	4570759.2182584209
424603.2647949062	4570759.5905281696
424604.1929194853	4570759.9627979184
424605.1210440643	4570760.3350676661
424606.0491686434	4570760.7073374148
424606.9772932224	4570761.0796071636
424607.9054178015	4570761.4518769123
424608.8335423805	4570761.8241466610
424609.7616669596	4570762.1964164097
424610.6897915386	4570762.5686861584
424611.6179161177	4570762.9409559071
424612.5460406967	4570763.3132256558
424613.4741652757	4570763.6854954045
424614.4022898548	4570764.0577651532
424615.3304144338	4570764.4300349019
424616.2585390129	4570764.8023046507
424617.1866635919	4570765.1745743994
424618.1204894105	4570765.5322690737
424619.0548706139	4570765.8885439206
424619.9892518172	4570766.2448187685
424620.9236330205	4570766.6010936154
424621.8580142239	4570766.9573684633
424622.7923954272	4570767.3136433102
424623.7267766305	4570767.6699181581
424624.6611578339	4570768.0261930050
424625.5955390372	4570768.3824678520
424626.5299202406	4570768.7387426998
424627.4643014439	4570769.0950175468
424628.3986826472	4570769.4512923947
424629.3330638506	4570769.8075672416
424630.2085773879	4570770.2849801332
424631.0660703132	4570770.7994758897
424631.9222400908	4570771.3161436850
424632.7727436435	4570771.8421129873
424633.6232471963	4570772.3680822896
424634.4737507490	4570772.8940515919
424635.3242543018	4570773.4200208932
424636.1747578546	4570773.9459901955
424637.0252614073	4570774.4719594978
424637.8757649601	4570774.9979288001
424638.7457685367	4570775.4866234204
424639.6628385929	4570775.8853495317
424640.5799086492	4570776.2840756429
424641.4969787054	4570776.6828017542
424642.4140487616	4570777.0815278655
424643.3311188178	4570777.4802539777
424644.2481888740	4570777.8789800890
424645.1652589303	4570778.2777062003
424646.0823289865	4570778.6764323115
424646.9993990427	4570779.0751584237
424647.9164690989	4570779.4738845350
424648.8330833508	4570779.8736513527
424649.7480011523	4570780.2772915596
424650.6629189538	4570780.6809317665
424651.5778367553	4570781.0845719734
424652.4927545568	4570781.4882121803
424653.4076723584	4570781.8918523863
424654.3225901599	4570782.2954925932
424655.2375079614	4570782.6991328001
424656.1524257629	4570783.1027730070
424657.0673435643	4570783.5064132139
424657.9822613658	4570783.9100534208
424658.8971791673	4570784.3136936268
424659.8120969688	4570784.7173338337
424660.7265582895	4570785.1219886290
424661.6354914642	4570785.5389304524
424662.5444246389	4570785.9558722759
424663.4533578136	4570786.3728140984
424664.3622909883	4570786.7897559218
424665.2712241630	4570787.2066977452
424666.1801573377	4570787.6236395678
424667.0890905125	4570788.0405813912
424667.9980236871	4570788.4575232146
424668.9069568619	4570788.8744650381
424669.8158900365	4570789.2914068606
424670.7390304106	4570789.6739028702
424671.6776089640	4570790.0189685151
424672.6161875173	4570790.3640341600
424673.5547660707	4570790.7090998041
424674.4933446240	4570791.0541654490
424675.4319231774	4570791.3992310939
424676.3705017307	4570791.7442967389
424677.3090802841	4570792.0893623838
424678.2476588374	4570792.4344280278
424679.1862373908	4570792.7794936728
424680.1248159441	4570793.1245593177
424681.0633944975	4570793.4696249627
424682.0019730508	4570793.8146906076
424682.9575540231	4570794.1068877112
424683.9213262495	4570794.3736143420
424684.8850984760	4570794.6403409727
424685.8488707025	4570794.9070676034
424686.8126429289	4570795.1737942342
424687.7764151554	4570795.4405208649
424688.7401873818	4570795.7072474957
424689.7039596082	4570795.9739741264
424690.6677318347	4570796.2407007571
424691.6315040611	4570796.5074273879
424692.5952762875	4570796.7741540186
424693.5590485140	4570797.0408806494
424694.5228207404	4570797.3076072801
424695.4865929669	4570797.5743339108
424696.4503651933	4570797.8410605416
424697.4141374198	4570798.1077871714
424698.3779096462	4570798.3745138021
424699.3416818727	4570798.6412404329
424700.3054540991	4570798.9079670636
424701.2692263256	4570799.1746936943
424702.2329985520	4570799.4414203251
424703.1967707785	4570799.7081469558
424704.1605430049	4570799.9748735866
424705.1243152314	4570800.2416002173
424706.0880874578	4570800.5083268480
424707.0665654759	4570800.7125831852
424708.0481144630	4570800.9037940269
424709.0296634500	4570801.0950048687
424710.0112124370	4570801.2862157105
424710.9927614241	4570801.4774265522
424711.9743104111	4570801.6686373940
424712.9558593981	4570801.8598482357
424713.9340548775	4570802.0674554976
424714.9118572914	4570802.2769845873
424715.8896597054	4570802.4865136761
424716.8493308852	4570802.7354640691
424717.6447626055	4570803.3415072840
424718.4401943256	4570803.9475504989
424719.3594811740	4570804.3113633357
424720.3165055785	4570804.6013707314
424721.2735299830	4570804.8913781261
424722.2305543875	4570805.1813855208
424723.1875787921	4570805.4713929165
424724.1446031966	4570805.7614003113
424725.1213741136	4570805.9669552520
424726.1053698260	4570806.1408577133
424727.0516608489	4570806.4641738124
424727.9979518717	4570806.7874899115
424728.9442428946	4570807.1108060116
424729.8905339175	4570807.4341221107
424730.8368249404	4570807.7574382098
424731.7831159632	4570808.0807543090
424732.7294069861	4570808.4040704081
424733.6756980090	4570808.7273865072
424734.6219890319	4570809.0507026063
424735.5682800547	4570809.3740187064
424736.5145710776	4570809.6973348055
424737.4699325819	4570809.9925210904
424738.4268459087	4570810.2828947892
424739.3837592353	4570810.5732684890
424740.3406725621	4570810.8636421878
424741.2975858888	4570811.1540158866
424742.2544992155	4570811.4443895863
424743.2114125423	4570811.7347632851
424744.1683258690	4570812.0251369840
424745.1252391957	4570812.3155106837
424746.0821525224	4570812.6058843825
424747.0390658492	4570812.8962580813
424747.9959791759	4570813.1866317810
424748.9528925026	4570813.4770054799
424749.9027698913	4570813.7886949684
424750.8445118029	4570814.1250313660
424751.7862537146	4570814.4613677626
424752.7279956261	4570814.7977041593
424753.6697375378	4570815.1340405568
424754.6114794494	4570815.4703769535
424755.5532213610	4570815.8067133501
424756.4949632726	4570816.1430497477
424757.4367051842	4570816.4793861443
424758.3784470958	4570816.8157225410
424759.3201890075	4570817.1520589385
424760.2619309190	4570817.4883953352
424761.2036728307	4570817.8247317318
424762.1321718625	4570818.1927801548
424763.0334242870	4570818.6260745889
424763.9346767115	4570819.0593690239
424764.8359291360	4570819.4926634589
424765.7371815606	4570819.9259578940
424766.6433135723	4570820.3483863333
424767.5659191832	4570820.7341309208
424768.4885247941	4570821.1198755084
424769.4111304051	4570821.5056200959
424770.3337360160	4570821.8913646825
424771.2563416269	4570822.2771092700
424772.1789472378	4570822.6628538575
424773.1015528487	4570823.0485984450
424774.0241584596	4570823.4343430325
424774.9467640706	4570823.8200876201
424775.8693696815	4570824.2058322076
424776.7919752924	4570824.5915767942
424777.7145809033	4570824.9773213817
424778.6371865142	4570825.3630659692
424779.5597921252	4570825.7488105567
424780.4823977361	4570826.1345551442
424781.4050033470	4570826.5202997318
424782.3276089579	4570826.9060443193
424783.2502145688	4570827.2917889068
424784.1728201797	4570827.6775334934
424785.0954257907	4570828.0632780809
424786.0180314016	4570828.4490226684
424786.9406290184	4570828.8347863033
424787.8621840640	4570829.2230340308
424788.7837391096	4570829.6112817582
424789.7052941552	4570829.9995294856
424790.6268492008	4570830.3877772130
424791.5484042464	4570830.7760249404
424792.4699592919	4570831.1642726688
424793.3915143375	4570831.5525203962
424794.3130693831	4570831.9407681236
424795.2346244287	4570832.3290158510
424796.1561794743	4570832.7172635784
424797.0777345199	4570833.1055113059
424797.9992895655	4570833.4937590333
424798.9208446111	4570833.8820067616
424799.8423996567	4570834.2702544890
424800.7639547023	4570834.6585022165
424801.6855097479	4570835.0467499439
424802.6070647934	4570835.4349976713
424803.5286198390	4570835.8232453987
424804.4501748846	4570836.2114931261
424805.3717299302	4570836.5997408545
424806.2866429686	4570837.0026282677
424807.1857278617	4570837.4404025879
424808.0848127548	4570837.8781769071
424808.9838976479	4570838.3159512272
424809.8829825410	4570838.7537255464
424810.7820674341	4570839.1914998665
424811.6811523272	4570839.6292741857
424812.5802372204	4570840.0670485059
424813.4793221135	4570840.5048228251
424814.3784070066	4570840.9425971452
424815.2774918998	4570841.3803714644
424816.1765767929	4570841.8181457845
424817.0756616860	4570842.2559201038
424817.9747465791	4570842.6936944239
424818.8738314722	4570843.1314687431
424819.7729163653	4570843.5692430632
424820.6720012584	4570844.0070173824
424821.5710861516	4570844.4447917026
424822.4701710447	4570844.8825660218
424823.3723005760	4570845.3139787680
424824.2772061567	4570845.7395911384
424825.1821117374	4570846.1652035089
424826.0870173181	4570846.5908158794
424826.9919228989	4570847.0164282499
424827.8968284796	4570847.4420406204
424828.8017340603	4570847.8676529909
424829.7066396410	4570848.2932653623
424830.6115452217	4570848.7188777328
424831.5164508025	4570849.1444901032
424832.4213563832	4570849.5701024737
424833.3262619639	4570849.9957148442
424834.2311675446	4570850.4213272147
424835.1360731253	4570850.8469395852
424836.0409787061	4570851.2725519557
424836.9458842868	4570851.6981643261
424837.8507898675	4570852.1237766966
424838.7556954482	4570852.5493890671
424839.6606010290	4570852.9750014385
424840.5655066096	4570853.4006138090
424841.4704121904	4570853.8262261795
424842.3753177711	4570854.2518385500
424843.2802233518	4570854.6774509205
424844.1770638696	4570855.1193934958
424845.0650582789	4570855.5792477438
424845.9530526881	4570856.0391019909
424846.8410470974	4570856.4989562389
424847.7290415067	4570856.9588104868
424848.6170359159	4570857.4186647339
424849.5050303252	4570857.8785189819
424850.3930247345	4570858.3383732298
424851.2810191437	4570858.7982274769
424852.1690135530	4570859.2580817249
424853.0570079623	4570859.7179359728
424853.9450023716	4570860.1777902199
424854.8329967808	4570860.6376444679
424855.7209911901	4570861.0974987159
424856.6089855994	4570861.5573529629
424857.4969800086	4570862.0172072109
424858.3849744179	4570862.4770614589
424859.2686884852	4570862.9450598871
424860.1510414263	4570863.4156481223
424861.0333943675	4570863.8862363584
424861.9157473087	4570864.3568245936
424862.7981002498	4570864.8274128288
424863.6804531910	4570865.2980010640
424864.5628061321	4570865.7685892992
424865.4451590732	4570866.2391775344
424866.3275120144	4570866.7097657705
424867.2098649556	4570867.1803540057
424868.0922178967	4570867.6509422408
424868.9745708379	4570868.1215304760
424869.8724251484	4570868.5613513356
424870.7757026527	4570868.9904081505
424871.6789801570	4570869.4194649654
424872.5822576613	4570869.8485217802
424873.4855351656	4570870.2775785942
424874.3888126699	4570870.7066354090
424875.2920901742	4570871.1356922239
424876.1953676786	4570871.5647490388
424877.1070085255	4570871.9756915411
424878.0194314763	4570872.3849400701
424878.9318544272	4570872.7941885991
424879.8442773780	4570873.2034371290
424880.7567003289	4570873.6126856580
424881.6691232798	4570874.0219341870
424882.5815462306	4570874.4311827170
424883.4939691815	4570874.8404312460
424884.4063921323	4570875.2496797750
424885.3188150832	4570875.6589283049
424886.2312380341	4570876.0681768339
424887.1436609849	4570876.4774253629
424888.0560839357	4570876.8866738928
424888.9561966119	4570877.3220009021
424889.8520525784	4570877.7663454609
424890.7479085449	4570878.2106900197
424891.6437645115	4570878.6550345793
424892.5396204780	4570879.0993791381
424893.4354764445	4570879.5437236978
424894.3313324110	4570879.9880682565
424895.2271883775	4570880.4324128162
424896.1230443440	4570880.8767573750
424897.0189003105	4570881.3211019346
424897.9147562770	4570881.7654464934
424898.8106122435	4570882.2097910531
424899.6817615906	4570882.6972266966
424900.5178095014	4570883.2458831379
424901.3538574122	4570883.7945395792
424902.1899053231	4570884.3431960205
424903.0259532339	4570884.8918524627
424903.8620011448	4570885.4405089039
424904.6980490556	4570885.9891653452
424905.5719589278	4570886.4720308911
424906.4663861188	4570886.9192444868
424907.3608133096	4570887.3664580826
424908.2552405006	4570887.8136716783
424909.1496676915	4570888.2608852740
424910.0440948824	4570888.7080988698
424910.9385220733	4570889.1553124655
424911.8254505169	4570889.6171130911
424912.7096439010	4570890.0842341240
424913.5938372852	4570890.5513551561
424914.4780306694	4570891.0184761891
424915.3622240536	4570891.4855972221
424916.2389292241	4570891.9663015865
424917.1059431680	4570892.4645854626
424917.9729571119	4570892.9628693387
424918.8399710557	4570893.4611532148
424919.7069849996	4570893.9594370909
424920.5739989435	4570894.4577209670
424921.4410128874	4570894.9560048422
424922.3080268313	4570895.4542887183
424923.1750407752	4570895.9525725944
424924.0427538280	4570896.4496365329
424924.9109969700	4570896.9457754716
424925.7792401122	4570897.4419144103
424926.6474832543	4570897.9380533481
424927.5157263964	4570898.4341922868
424928.3839695385	4570898.9303312255
424929.2522126806	4570899.4264701633
424930.1204558227	4570899.9226091020
424931.0078641845	4570900.3829374993
424931.9022913755	4570900.8301510951
424932.7967185665	4570901.2773646908
424933.6911457575	4570901.7245782865
424934.5855729485	4570902.1717918813
424935.4800001395	4570902.6190054771
424936.3744273305	4570903.0662190728
424937.2688545215	4570903.5134326685
424938.1632817125	4570903.9606462633
424939.0577089035	4570904.4078598591
424939.9521360945	4570904.8550734548
424940.8465632856	4570905.3022870505
424941.7440333986	4570905.7426906060
424942.6738876971	4570906.1106185662
424943.6037419955	4570906.4785465254
424944.5335962940	4570906.8464744855
424945.4634505924	4570907.2144024456
424946.3933048909	4570907.5823304048
424947.3231591894	4570907.9502583649
424948.2530134879	4570908.3181863250
424949.1828677863	4570908.6861142842
424950.1127220848	4570909.0540422443
424951.0425763833	4570909.4219702045
424951.9724306818	4570909.7898981636
424952.9022849803	4570910.1578261238
424953.8321392787	4570910.5257540839
424954.7602847492	4570910.8979677055
424955.6881889717	4570911.2707863664
424956.6160931943	4570911.6436050273
424957.5439974168	4570912.0164236883
424958.4719016392	4570912.3892423492
424959.3998058617	4570912.7620610092
424960.3277100842	4570913.1348796701
424961.2556143067	4570913.5076983310
424962.1835185292	4570913.8805169920
424963.1114227517	4570914.2533356529
424964.0387039278	4570914.6276875325
424964.9636442117	4570915.0077999784
424965.8885844955	4570915.3879124233
424966.8135247794	4570915.7680248693
424967.7384650633	4570916.1481373152
424968.6634053472	4570916.5282497602
424969.5883456311	4570916.9083622061
424970.5269540001	4570917.2422732022
424971.5098261871	4570917.4265617374
424972.4926983740	4570917.6108502718
424973.4755705610	4570917.7951388070
424974.4584427479	4570917.9794273423
424975.3866053479	4570918.3473135764
424976.3100366894	4570918.7310772501
424977.2334680309	4570919.1148409247
424978.1568993724	4570919.4986045985
424979.0803307139	4570919.8823682731
424980.0037620554	4570920.2661319468
424980.9271933969	4570920.6498956205
424981.8301901392	4570921.0773404576
424982.7165993080	4570921.5402430231
424983.6030084768	4570922.0031455886
424984.4894176456	4570922.4660481550
424985.3758268145	4570922.9289507205
424986.2622359833	4570923.3918532860
424987.1486451521	4570923.8547558524
424988.0350543209	4570924.3176584179
424988.9214634897	4570924.7805609833
424989.8397196323	4570925.1707363017
424990.7810590363	4570925.5081975982
424991.7223984404	4570925.8456588937
424992.6637378446	4570926.1831201902
424993.6050772487	4570926.5205814857
424994.5464166528	4570926.8580427822
424995.4877560569	4570927.1955040777
424996.4290954610	4570927.5329653732
424997.3704348651	4570927.8704266697
424998.3117742692	4570928.2078879653
424999.2531136733	4570928.5453492617
425000.1944530774	4570928.8828105573
425001.1357924816	4570929.2202718537
425002.0771318857	4570929.5577331493
425003.0184712897	4570929.8951944457
425003.9608901734	4570930.2296210527
425004.9038805070	4570930.5624411702
425005.8468708406	4570930.8952612886
425006.7898611742	4570931.2280814061
425007.7328515077	4570931.5609015236
425008.6758418413	4570931.8937216420
425009.6188321748	4570932.2265417594
425010.5618225084	4570932.5593618769
425011.5048128420	4570932.8921819944
425012.4402374231	4570933.2413397646
425013.3040163241	4570933.7452107901
425014.1677952250	4570934.2490818156
425015.0315741260	4570934.7529528411
425015.8953530269	4570935.2568238666
425016.7591319278	4570935.7606948921
425017.6229108287	4570936.2645659177
425018.5885167177	4570936.5182479974
425019.5586592179	4570936.7607836220
425020.5288017182	4570937.0033192467
425021.4989442184	4570937.2458548713
425022.4690867186	4570937.4883904969
425023.4392292188	4570937.7309261216
425024.4093717190	4570937.9734617462
425025.3795142192	4570938.2159973709
425026.2862953163	4570938.6350111132
425027.1891558349	4570939.0649446938
425028.0920163535	4570939.4948782744
425028.9948768721	4570939.9248118559
425029.8784963441	4570940.3926254213
425030.7582028577	4570940.8681424549
425031.6379093714	4570941.3436594894
425032.5176158850	4570941.8191765239
425033.3973223987	4570942.2946935575
425034.2770289124	4570942.7702105921
425035.1567354260	4570943.2457276266
425036.0627830950	4570943.6611204939
425037.0087290409	4570943.9854448186
425037.9546749867	4570944.3097691434
425038.9026162909	4570944.6277398830
425039.8641402385	4570944.9024610110
425040.8256641861	4570945.1771821398
425041.7871881336	4570945.4519032678
425042.7293004006	4570945.7756770374
425043.6184362110	4570946.2333204690
425044.5075720214	4570946.6909639006
425045.3967078318	4570947.1486073323
425046.2858436422	4570947.6062507648
425047.1749794526	4570948.0638941964
425048.0641152630	4570948.5215376280
425048.9532510734	4570948.9791810596
425049.8423868838	4570949.4368244912
425050.7315226943	4570949.8944679238
425051.6206585046	4570950.3521113554
425052.5097943151	4570950.8097547870
425053.3989301254	4570951.2673982186
425054.2880659359	4570951.7250416502
425055.0682750435	4570952.3407571260
425055.8125173275	4570953.0086668674
425056.5567596114	4570953.6765766088
425057.3010018954	4570954.3444863502
425058.0700100676	4570954.9697935022
425059.0186933655	4570955.2860212689
425059.9673766634	4570955.6022490356
425060.9160599613	4570955.9184768023
425061.8631264734	4570956.2394728577
425062.8084994550	4570956.5654635411
425063.7538724366	4570956.8914542245
425064.6157412714	4570957.3882892979
425065.4537393560	4570957.9339624690
425066.2917374408	4570958.4796356410
425067.1297355254	4570959.0253088120
425068.0013597618	4570959.4909875244
425068.9775468221	4570959.7079179818
425069.9537338824	4570959.9248484392
425070.9299209427	4570960.1417788966
425071.8413061888	4570960.5525346547
425072.7516726661	4570960.9663375998
425073.6620391435	4570961.3801405439
425074.4743657158	4570961.9547664793
425075.2592484812	4570962.5744107682
425076.1465046554	4570963.0074639199
425077.0908082688	4570963.3365394222
425078.0351118823	4570963.6656149235
425078.9794154957	4570963.9946904248
425079.9237191092	4570964.3237659261
425080.8680227226	4570964.6528414274
425081.7213237816	4570965.1373091917
425082.4703203439	4570965.7998830741
425083.2193169061	4570966.4624569565
425083.9423918685	4570967.1517126448
425084.6263329974	4570967.8812498488
425085.3102741264	4570968.6107870527
425085.9942152553	4570969.3403242566
425086.8186676471	4570969.8471548315
425087.7715934272	4570970.1503584879
425088.7357373500	4570970.4119554469
425089.7119244102	4570970.6288859053
425090.6755752902	4570970.8666124837
425091.3232237104	4570971.6285518017
425091.9708721305	4570972.3904911187
425092.6185205506	4570973.1524304366
425093.2661689708	4570973.9143697545
425094.0542046612	4570974.3859712882
425095.0536106606	4570974.4204335632
425096.0530166600	4570974.4548958391
425096.9368009782	4570974.8853413714
425097.7977275062	4570975.3940706840
425098.6586540343	4570975.9027999965
425099.5195805623	4570976.4115293091
425100.2556485603	4570977.0395765398
425100.7248037863	4570977.9226922598
425101.1939590124	4570978.8058079788
425101.7112306974	4570979.6409741649
425102.5927106673	4570980.1131955776
425103.4741906371	4570980.5854169903
425104.3267588963	4570981.1020170357
425105.1148970539	4570981.7175154062
425105.9030352116	4570982.3330137776
425106.6911733693	4570982.9485121481
425107.4793115271	4570983.5640105186
425108.2674496848	4570984.1795088891
425109.0555878424	4570984.7950072605
425109.8437260001	4570985.4105056310
425110.6318641579	4570986.0260040015
425111.4200023156	4570986.6415023720
425112.2081404733	4570987.2570007434
425112.9962786309	4570987.8724991139
425113.8079984322	4570988.4553477215
425114.6400487268	4570989.0100479173
425115.4720990215	4570989.5647481130
425116.3041493161	4570990.1194483088
425117.1361996106	4570990.6741485046
425117.9682499052	4570991.2288487004
425118.7882039416	4570991.8011794798
425119.6051718047	4570992.3778626770
425120.4221396679	4570992.9545458751
425121.2391075310	4570993.5312290732
425122.0560753942	4570994.1079122704
425122.8730432574	4570994.6845954685
425123.6900111205	4570995.2612786666
425124.5069789837	4570995.8379618637
425125.3239468468	4570996.4146450618
425126.1409147100	4570996.9913282590
425126.9578825731	4570997.5680114571
425127.8433471048	4570998.0266679460
425128.7493612210	4570998.4499154165
425129.6553753373	4570998.8731628871
425130.5613894535	4570999.2964103576
425131.4674035697	4570999.7196578281
425132.3734176859	4571000.1429052986
425133.2794318021	4571000.5661527691
425134.1854459184	4571000.9894002387
425135.0914600346	4571001.4126477093
425135.9974741508	4571001.8358951798
425136.9034882671	4571002.2591426503
425137.8095023833	4571002.6823901208
425138.7155164995	4571003.1056375913
425139.6283285514	4571003.5135134673
425140.5510410719	4571003.8990022531
425141.4737535925	4571004.2844910398
425142.3964661130	4571004.6699798256
425143.3191786335	4571005.0554686124
425144.2418911541	4571005.4409573991
425145.1646036746	4571005.8264461849
425146.0873161952	4571006.2119349716
425147.0100287157	4571006.5974237584
425147.9327412363	4571006.9829125442
425148.8554537568	4571007.3684013309
425149.7781662774	4571007.7538901167
425150.7008787979	4571008.1393789034
425151.6235913185	4571008.5248676902
425152.5463038390	4571008.9103564760
425153.4690163596	4571009.2958452627
425154.3917288801	4571009.6813340494
425155.3144414007	4571010.0668228352
425156.2371539212	4571010.4523116220
425157.1598664418	4571010.8378004078
425158.0825789623	4571011.2232891945
425159.0052914828	4571011.6087779813
425159.9687533573	4571011.8714488996
425160.9388958575	4571012.1139845243
425161.9090383576	4571012.3565201499
425162.8791808578	4571012.5990557745
425163.8493233579	4571012.8415913992
425164.5981468353	4571013.4574133186
425165.2764269380	4571014.1922167633
425165.9547070407	4571014.9270202080
425166.6329871434	4571015.6618236527
425167.3112672461	4571016.3966270974
425167.9895473488	4571017.1314305421
425168.6678274515	4571017.8662339868
425169.3461075542	4571018.6010374315
425170.2297244838	4571019.0613777461
425171.1261130808	4571019.5046468331
425172.0225016778	4571019.9479159191
425172.9188902749	4571020.3911850061
425173.8152788719	4571020.8344540922
425174.7116674689	4571021.2777231792
425175.6080560659	4571021.7209922653
425176.5044446630	4571022.1642613523
425177.4008332601	4571022.6075304383
425178.3306758618	4571022.9752062317
425179.2615330574	4571023.3405894302
425180.1923902530	4571023.7059726277
425181.1232474486	4571024.0713558262
425182.0541046442	4571024.4367390238
425182.9849618398	4571024.8021222223
425183.9158190355	4571025.1675054198
425184.8466762310	4571025.5328886183
425185.7775334267	4571025.8982718159
425186.7083906223	4571026.2636550143
425187.6096311117	4571026.6955643315
425188.5040583026	4571027.1427779272
425189.3984854935	4571027.5899915230
425190.2929126845	4571028.0372051187
425191.1873398754	4571028.4844187144
425192.0042554909	4571029.0583880106
425192.8099065033	4571029.6507784612
425193.6155575157	4571030.2431689119
425194.4342198373	4571030.8141919971
425195.3303157006	4571031.2580525652
425196.2264115640	4571031.7019131333
425197.1225074274	4571032.1457737004
425198.0186032908	4571032.5896342685
425198.9146991542	4571033.0334948367
425199.8107950175	4571033.4773554038
425200.7068908809	4571033.9212159719
425201.6029867443	4571034.3650765400
425202.4990826077	4571034.8089371072
425203.3951784711	4571035.2527976753
425204.2993537961	4571035.6796740349
425205.2090919374	4571036.0948565416
425206.1188300786	4571036.5100390492
425207.0285682199	4571036.9252215568
425207.9383063611	4571037.3404040635
425208.8480445024	4571037.7555865711
425209.7577826436	4571038.1707690777
425210.6675207849	4571038.5859515853
425211.5772589261	4571039.0011340929
425212.4869970674	4571039.4163165996
425213.3967352087	4571039.8314991072
425214.3064733499	4571040.2466816148
425215.2162114912	4571040.6618641214
425216.1259496324	4571041.0770466290
425217.0329070490	4571041.4979171855
425217.9193162176	4571041.9608197520
425218.8057253863	4571042.4237223174
425219.6921345550	4571042.8866248839
425220.5785437237	4571043.3495274503
425221.4649528924	4571043.8124300158
425222.3513620611	4571044.2753325822
425223.2377712298	4571044.7382351477
425224.1241803985	4571045.2011377141
425225.0075048360	4571045.6696463842
425225.8729311216	4571046.1706826547
425226.7383574071	4571046.6717189252
425227.6037836927	4571047.1727551958
425228.4692099783	4571047.6737914663
425229.3346362638	4571048.1748277359
425230.2000625493	4571048.6758640064
425231.0654888349	4571049.1769002769
425231.9397308756	4571049.6618403969
425232.8279485186	4571050.1212633168
425233.7161661617	4571050.5806862358
425234.6043838047	4571051.0401091548
425235.4926014478	4571051.4995320737
425236.3808190908	4571051.9589549927
425237.2690367339	4571052.4183779117
425238.1572543770	4571052.8778008306
425239.0454720200	4571053.3372237496
425239.9980260986	4571053.6192998011
425240.9742131588	4571053.8362302585
425241.9504002190	4571054.0531607168
425242.9265872792	4571054.2700911742
425243.9027743394	4571054.4870216325
425244.8789613996	4571054.7039520899
425245.8551484598	4571054.9208825473
425246.8366986438	4571055.1085747508
425247.8263263806	4571055.2522303900
425248.8159541173	4571055.3958860291
425249.8055818541	4571055.5395416683
425250.7952095908	4571055.6831973074
425251.7848373276	4571055.8268529465
425252.7511881998	4571055.6129434863
425253.7138391400	4571055.3421979100
425254.6764900802	4571055.0714523327
425255.2462045210	4571054.2712181015
425255.7842399741	4571053.4282958917
425256.3222754271	4571052.5853736820
425256.8603108801	4571051.7424514731
425257.3983463331	4571050.8995292634
425258.0430241855	4571050.1350956680
425258.6878951246	4571049.3708041841
425259.3327660637	4571048.6065127011
425259.9151851209	4571047.8016823167
425260.3507460489	4571046.9015230648
425260.7863069769	4571046.0013638139
425261.3279361968	4571045.4647808056
425262.1791938850	4571045.9895286961
425263.0304515732	4571046.5142765865
425263.8817092613	4571047.0390244760
425264.7329669495	4571047.5637723664
425265.5842246377	4571048.0885202568
425266.4354823259	4571048.6132681472
425267.2867400141	4571049.1380160376
425267.5945145890	4571049.9838041142
425267.6432371427	4571050.9826164646
425267.6919596964	4571051.9814288160
425267.7159576311	4571052.9750371035
425267.2687440354	4571053.8694642941
425266.8215304398	4571054.7638914855
425266.3743168442	4571055.6583186761
425266.0083706193	4571056.5556445802
425266.3907224120	4571057.4796614135
425266.7730742047	4571058.4036782458
425267.2929006092	4571059.2199497586
425268.0987824220	4571059.8120261924
425268.9046642348	4571060.4041026263
425269.7105460476	4571060.9961790610
425270.5164278603	4571061.5882554948
425271.3223096731	4571062.1803319287
425272.2097424758	4571062.6399324806
425273.1013213438	4571063.0927979378
425273.9929002119	4571063.5456633940
425274.8844790800	4571063.9985288512
425275.7760579480	4571064.4513943084
425276.6676368161	4571064.9042597646
425277.5253137914	4571065.4165629288
425278.3689752792	4571065.9534384208
425279.2126367670	4571066.4903139127
425280.0562982548	4571067.0271894047
425280.8988119719	4571067.5658268761
425281.7308622661	4571068.1205270719
425282.5629125604	4571068.6752272686
425283.3027424326	4571069.3359092902
425283.9671062714	4571070.0833186088
425284.7428727120	4571070.6721235476
425285.6713494028	4571071.0435142247
425286.5998260936	4571071.4149049008
425287.5283027844	4571071.7862955779
425288.4211720671	4571072.2318761759
425289.2917349055	4571072.7239334332
425290.0875652672	4571073.3014634037
425290.6914229556	4571074.0985555518
425291.2952806439	4571074.8956476990
425291.8991383323	4571075.6927398471
425292.6816343369	4571076.2763100117
425293.5727974524	4571076.7299930528
425294.4639605680	4571077.1836760929
425295.3551236835	4571077.6373591339
425296.2462867992	4571078.0910421750
425297.1299007664	4571078.5580206122
425297.9761336066	4571079.0908338819
425298.8223664467	4571079.6236471515
425299.6685992868	4571080.1564604212
425300.5148321269	4571080.6892736908
425301.3610649670	4571081.2220869604
425302.1336824797	4571081.8471235996
425302.8407892608	4571082.5542303808
425303.5478960419	4571083.2613371620
425304.2550028230	4571083.9684439432
425304.9231605489	4571084.7114695664
425305.5708089691	4571085.4734088844
425306.2184573894	4571086.2353482014
425306.8661058097	4571086.9972875193
425307.5137542299	4571087.7592268372
425308.1614026501	4571088.5211661551
425308.8090510704	4571089.2831054721
425309.6031989784	4571089.8721265364
425310.4611895619	4571090.3857919509
425311.3191801454	4571090.8994573662
425312.1771707289	4571091.4131227816
425313.0351613124	4571091.9267881969
425313.8931518959	4571092.4404536113
425314.7511424794	4571092.9541190267
425315.6091330629	4571093.4677844420
425316.4671236464	4571093.9814498564
425317.3251142298	4571094.4951152718
425318.1831048134	4571095.0087806871
425319.0410953968	4571095.5224461025
425319.8990859803	4571096.0361115169
425320.7570765638	4571096.5497769322
425321.6150671473	4571097.0634423476
425322.4721603655	4571097.5785397636
425323.3085573101	4571098.1266639754
425324.1449542548	4571098.6747881863
425324.9813511994	4571099.2229123982
425325.8177481441	4571099.7710366091
425326.6541450887	4571100.3191608200
425327.4905420333	4571100.8672850318
425328.3269389780	4571101.4154092427
425329.1633359226	4571101.9635334546
425329.9997328673	4571102.5116576655
425330.8361298119	4571103.0597818773
425331.6725267565	4571103.6079060882
425332.5089237012	4571104.1560302991
425333.3453206458	4571104.7041545110
425334.1817175905	4571105.2522787219
425335.0181145351	4571105.8004029337
425335.8545114798	4571106.3485271446
425336.6909084244	4571106.8966513555
425337.5273053690	4571107.4447755674
425338.3637023137	4571107.9928997783
425339.2000992583	4571108.5410239901
425340.0364962030	4571109.0891482010
425340.8692377484	4571109.6427090727
425341.6924505342	4571110.2104420280
425342.5156633201	4571110.7781749843
425343.3388761059	4571111.3459079396
425344.1620888918	4571111.9136408959
425344.9853016776	4571112.4813738521
425345.8085144635	4571113.0491068074
425346.6317272493	4571113.6168397637
425347.4549400352	4571114.1845727190
425348.2781528210	4571114.7523056753
425349.1013656069	4571115.3200386316
425349.9245783927	4571115.8877715869
425350.7477911786	4571116.4555045431
425351.5872195318	4571116.9988075048
425352.4300791735	4571117.5369409686
425353.2729388151	4571118.0750744324
425354.1157984568	4571118.6132078953
425354.9586580984	4571119.1513413591
425355.8015177401	4571119.6894748220
425356.6443773817	4571120.2276082858
425357.4872370234	4571120.7657417497
425358.3300966650	4571121.3038752126
425359.1729563067	4571121.8420086764
425360.0158159483	4571122.3801421393
425360.8586755899	4571122.9182756031
425361.7015352316	4571123.4564090669
425362.5532373028	4571123.9792067148
425363.4412317121	4571124.4390609628
425364.3292261214	4571124.8989152098
425365.2172205306	4571125.3587694578
425366.1052149399	4571125.8186237058
425366.9932093492	4571126.2784779528
425367.8430140059	4571126.8023768337
425368.6697268859	4571127.3650008775
425369.4964397659	4571127.9276249204
425370.3231526459	4571128.4902489642
425371.1498655259	4571129.0528730070
425371.9765784059	4571129.6154970508
425372.8032912858	4571130.1781210937
425373.6300041658	4571130.7407451365
425374.4874441381	4571131.2550789127
425375.3472988818	4571131.7656176668
425376.2071536256	4571132.2761564208
425377.0670083694	4571132.7866951749
425377.9268631132	4571133.2972339289
425378.7867178570	4571133.8077726839
425379.6465726008	4571134.3183114380
425380.5064273445	4571134.8288501920
425381.3662820884	4571135.3393889461
425382.2261368321	4571135.8499277011
425383.0859915759	4571136.3604664551
425383.9458463197	4571136.8710052092
425384.8057010635	4571137.3815439632
425385.6655558073	4571137.8920827173
425386.5254105511	4571138.4026214723
425387.3852652948	4571138.9131602263
425388.2327888366	4571139.4433761584
425389.0671656871	4571139.9945705626
425389.9015425376	4571140.5457649669
425390.7359193882	4571141.0969593711
425391.5702962387	4571141.6481537754
425392.4046730892	4571142.1993481796
425393.2390499398	4571142.7505425839
425394.0734267903	4571143.3017369881
425394.9078036408	4571143.8529313924
425395.7421804913	4571144.4041257966
425396.5765573418	4571144.9553202009
425397.4109341924	4571145.5065146051
425398.2453110429	4571146.0577090094
425399.0796878934	4571146.6089034136
425399.9140647439	4571147.1600978179
425400.7484415944	4571147.7112922221
425401.5828184450	4571148.2624866264
425402.4173164487	4571148.8134927005
425403.2648334611	4571149.3442609301
425404.1123504734	4571149.8750291597
425404.9598674858	4571150.4057973893
425405.8073844982	4571150.9365656190
425406.6549015105	4571151.4673338486
425407.5024185229	4571151.9981020791
425408.3499355353	4571152.5288703088
425409.1974525476	4571153.0596385384
425410.0449695600	4571153.5904067680
425410.8924865723	4571154.1211749977
425411.7423522141	4571154.6481658649
425412.5932883240	4571155.1734350687
425413.4442244341	4571155.6987042725
425414.2951605441	4571156.2239734763
425415.1460966540	4571156.7492426811
425415.9970327640	4571157.2745118849
425416.8479688741	4571157.7997810887
425417.6989049840	4571158.3250502925
425418.5422081115	4571158.8620109186
425419.3654208976	4571159.4297438739
425420.1886336836	4571159.9974768301
425421.0118464696	4571160.5652097855
425421.8350592556	4571161.1329427408
425422.6582720417	4571161.7006756971
425423.4816008932	4571162.2682396080
425424.3071643943	4571162.8325488362
425425.1327278955	4571163.3968580645
425425.9582913966	4571163.9611672936
425426.7838548978	4571164.5254765218
425427.6094183990	4571165.0897857510
425428.4349819001	4571165.6540949792
425429.2605454013	4571166.2184042083
425430.0861089025	4571166.7827134365
425430.9512504327	4571167.2800930031
425431.8435172465	4571167.7316015111
425432.7357840603	4571168.1831100192
425433.6280508741	4571168.6346185273
425434.5203176880	4571169.0861270363
425435.4125845018	4571169.5376355443
425436.3048513156	4571169.9891440524
425437.1971181294	4571170.4406525604
425438.0744731478	4571170.9188560937
425438.9267958763	4571171.4418723145
425439.7791186048	4571171.9648885345
425440.6314413334	4571172.4879047545
425441.4837640618	4571173.0109209744
425442.3935033034	4571173.4216259252
425443.3165802266	4571173.8062413102
425444.0453378796	4571174.4241024917
425444.5903262304	4571175.2625461081
425445.2840917449	4571175.9276555683
425446.1954623446	4571176.3392422907
425447.1068329443	4571176.7508290131
425448.0417296399	4571177.0947454320
425449.0118721402	4571177.3372810567
425449.9820146404	4571177.5798166813
425450.9521571406	4571177.8223523060
425451.9222996407	4571178.0648879316
425452.7741991889	4571178.5516809011
425453.5662093860	4571179.1621887619
425454.3582195831	4571179.7726966217
425455.1502297802	4571180.3832044825
425455.9422399773	4571180.9937123433
425456.7474333518	4571181.5857496848
425457.5822060310	4571182.1363444310
425458.4169787102	4571182.6869391762
425459.2517513894	4571183.2375339223
425460.0865240686	4571183.7881286675
425460.9548281629	4571184.2730606701
425461.8903002566	4571184.6264612386
425462.8257723503	4571184.9798618080
425463.7612444439	4571185.3332623765
425464.7016984839	4571185.6648748647
425465.6977957968	4571185.7531366516
425466.6938931098	4571185.8413984394
425467.6899904228	4571185.9296602262
425468.6860877357	4571186.0179220140
425469.6821850487	4571186.1061838008
425470.6782823617	4571186.1944455886
425471.6694758746	4571186.3033887018
425472.5991573752	4571186.6717530694
425473.5288388758	4571187.0401174370
425474.4585203763	4571187.4084818047
425475.3882018769	4571187.7768461723
425476.3162003531	4571188.1488534184
425477.1993160724	4571188.6180086453
425478.0824317917	4571189.0871638712
425478.9655475110	4571189.5563190971
425479.8486632303	4571190.0254743239
425480.7317789495	4571190.4946295498
425481.6148946688	4571190.9637847766
425482.5259509259	4571191.3729655705
425483.4532673463	4571191.7472438850
425484.3805837667	4571192.1215221984
425485.3079001871	4571192.4958005128
425486.2352166075	4571192.8700788273
425487.1625330279	4571193.2443571417
425488.0898494483	4571193.6186354551
425489.0171658687	4571193.9929137696
425489.9444822892	4571194.3671920840
425490.8717987095	4571194.7414703975
425491.7991151299	4571195.1157487119
425492.7264315504	4571195.4900270263
425493.6537479708	4571195.8643053407
425494.5810643912	4571196.2385836542
425495.5083808116	4571196.6128619686
425496.4356972320	4571196.9871402830
425497.3691813424	4571197.3456675448
425498.3040798498	4571197.7005827194
425499.2389783573	4571198.0554978931
425500.1738768647	4571198.4104130678
425501.1087753721	4571198.7653282415
425502.0436738795	4571199.1202434162
425502.9785723869	4571199.4751585899
425503.9134708944	4571199.8300737636
425504.8483694017	4571200.1849889383
425505.7832679092	4571200.5399041120
425506.7474507466	4571200.7902156226
425507.7307327516	4571200.9723048834
425508.7140147566	4571201.1543941433
425509.6972967616	4571201.3364834031
425510.6805787666	4571201.5185726630
425511.5876793401	4571201.9181734296
425512.4696975962	4571202.3893886628
425513.3517158525	4571202.8606038950
425514.2337341087	4571203.3318191282
425515.1157523649	4571203.8030343605
425515.9977706212	4571204.2742495937
425516.8797888774	4571204.7454648269
425517.7747770499	4571205.1903145369
425518.6863638067	4571205.6014222903
425519.5979505636	4571206.0125300428
425520.5095373204	4571206.4236377962
425521.4211240773	4571206.8347455496
425522.3611046226	4571207.1647404293
425523.3300727378	4571207.4119261727
425524.2990408529	4571207.6591119161
425525.2680089680	4571207.9062976595
425526.2369770832	4571208.1534834038
425527.2059451983	4571208.4006691473
425528.1749133134	4571208.6478548907
425529.1438814285	4571208.8950406341
425530.1128495437	4571209.1422263784
425531.0546030495	4571209.4699013112
425531.9747576852	4571209.8614564752
425532.8949123209	4571210.2530116383
425533.8150669565	4571210.6445668023
425534.7352215922	4571211.0361219663
425535.6553762279	4571211.4276771303
425536.5755308636	4571211.8192322943
425537.4956854992	4571212.2107874583
425538.4158401350	4571212.6023426224
425539.3527260022	4571212.9490646012
425540.3044346200	4571213.2560673812
425541.2561432378	4571213.5630701613
425542.2078518556	4571213.8700729413
425543.1595604733	4571214.1770757213
425544.1112690911	4571214.4840785014
425545.0629777088	4571214.7910812804
425546.0146863266	4571215.0980840605
425546.9663949444	4571215.4050868405
425547.9260303556	4571215.6861808756
425548.8865946200	4571215.9642389528
425549.8471588844	4571216.2422970291
425550.7316379930	4571216.6640897961
425551.5016595536	4571217.3021076620
425552.2716811143	4571217.9401255269
425553.0417026750	4571218.5781433918
425553.8904518300	4571219.0558010172
425554.8661680821	4571219.2748393593
425555.8418843344	4571219.4938777015
425556.8176005866	4571219.7129160427
425557.7933168388	4571219.9319543848
425558.7608667237	4571220.1844974430
425559.7279412609	4571220.4389907420
425560.6950157981	4571220.6934840418
425561.6620903353	4571220.9479773408
425562.6291648725	4571221.2024706407
425563.5869624105	4571221.4892130038
425564.5414423887	4571221.7874879958
425565.4959223668	4571222.0857629888
425566.4068552905	4571222.4933852814
425567.3050720125	4571222.9329381464
425568.2032887344	4571223.3724910105
425569.1015054563	4571223.8120438745
425569.9962952963	4571224.2581818867
425570.8716823492	4571224.7416045880
425571.7470694021	4571225.2250272883
425572.6224564550	4571225.7084499886
425573.4978435079	4571226.1918726899
425574.3732305608	4571226.6752953902
425575.2486176137	4571227.1587180914
425576.1165323475	4571227.6550749764
425576.9725967926	4571228.1719440753
425577.8286612378	4571228.6888131741
425578.6847256830	4571229.2056822740
425579.5407901282	4571229.7225513728
425580.3968545734	4571230.2394204717
425581.3074017378	4571230.6512662619
425582.2229576804	4571231.0534569081
425583.1385136231	4571231.4556475542
425584.0540695658	4571231.8578382004
425584.9696255084	4571232.2600288466
425585.8851814511	4571232.6622194927
425586.8007373937	4571233.0644101389
425587.7162933364	4571233.4666007850
425588.6318492790	4571233.8687914312
425589.5474052216	4571234.2709820773
425590.4629611643	4571234.6731727235
425591.3785171070	4571235.0753633697
425592.2940730496	4571235.4775540158
425593.2096289923	4571235.8797446620
425594.1251849349	4571236.2819353081
425595.0407408775	4571236.6841259543
425595.9562968202	4571237.0863166004
425596.8718527628	4571237.4885072466
425597.7874087055	4571237.8906978928
425598.7029646482	4571238.2928885389
425599.6185205908	4571238.6950791851
425600.5340765334	4571239.0972698312
425601.4496324761	4571239.4994604774
425602.3651884187	4571239.9016511235
425603.2807443614	4571240.3038417697
425604.1963003041	4571240.7060324159
425605.1118562467	4571241.1082230620
425606.0096009561	4571241.5484936247
425606.9051660841	4571241.9934240701
425607.8007312121	4571242.4383545155
425608.6962963401	4571242.8832849618
425609.5918614680	4571243.3282154072
425610.4874265960	4571243.7731458535
425611.3829917240	4571244.2180762989
425612.2785568519	4571244.6630067443
425613.1741219799	4571245.1079371907
425614.0696871078	4571245.5528676361
425614.9652522358	4571245.9977980815
425615.8608173638	4571246.4427285278
425616.7563824918	4571246.8876589732
425617.6519476197	4571247.3325894196
425618.5475127477	4571247.7775198650
425619.4430778757	4571248.2224503104
425620.3386430036	4571248.6673807567
425621.2342081316	4571249.1123112021
425622.1297732596	4571249.5572416484
425623.0253383875	4571250.0021720938
425623.9209035155	4571250.4471025392
425624.8164686435	4571250.8920329856
425625.7120337715	4571251.3369634310
425626.6075988994	4571251.7818938764
425627.5031640274	4571252.2268243227
425628.3987291554	4571252.6717547681
425629.2942942833	4571253.1166852145
425630.1898594113	4571253.5616156599
425631.0854245393	4571254.0065461053
425631.9809896673	4571254.4514765516
425632.8765547952	4571254.8964069970
425633.7465839692	4571255.3891058275
425634.6140272662	4571255.8866418824
425635.4814705631	4571256.3841779381
425636.3489138601	4571256.8817139938
425637.2163571570	4571257.3792500496
425638.0838004540	4571257.8767861053
425638.9512437509	4571258.3743221601
425639.8186870478	4571258.8718582159
425640.6861303448	4571259.3693942716
425641.5535736418	4571259.8669303274
425642.4210169387	4571260.3644663831
425643.2884602357	4571260.8620024379
425644.1559035326	4571261.3595384937
425645.0233468295	4571261.8570745494
425645.8907901265	4571262.3546106052
425646.7582334234	4571262.8521466609
425647.6256767204	4571263.3496827157
425648.4931200173	4571263.8472187715
425649.3605633143	4571264.3447548272
425650.2280066112	4571264.8422908830
425651.0954499081	4571265.3398269387
425651.9628932051	4571265.8373629935
425652.8303365020	4571266.3348990493
425653.6977797990	4571266.8324351050
425654.5652230960	4571267.3299711607
425655.4326663929	4571267.8275072165
425656.3001096898	4571268.3250432713
425657.1675529868	4571268.8225793270
425658.0349962837	4571269.3201153828
425658.9024395807	4571269.8176514385
425659.7698828776	4571270.3151874943
425660.6373261746	4571270.8127235491
425661.5047694715	4571271.3102596048
425662.3722127684	4571271.8077956606
425663.2396560654	4571272.3053317163
425664.1070993623	4571272.8028677721
425664.9745426593	4571273.3004038269
425665.8419859562	4571273.7979398826
425666.7094292532	4571274.2954759384
425667.5768725502	4571274.7930119941
425668.4456479759	4571275.2880899310
425669.3360826581	4571275.7432009904
425670.2265173403	4571276.1983120507
425671.1169520224	4571276.6534231100
425672.0073867046	4571277.1085341703
425672.8978213868	4571277.5636452297
425673.7882560689	4571278.0187562900
425674.6786907511	4571278.4738673493
425675.5691254333	4571278.9289784096
425676.4595601154	4571279.3840894690
425677.3499947976	4571279.8392005293
425678.2404294798	4571280.2943115886
425679.1308641620	4571280.7494226489
425680.0212988442	4571281.2045337083
425680.9117335263	4571281.6596447686
425681.8021682085	4571282.1147558279
425682.6926028906	4571282.5698668882
425683.5830375728	4571283.0249779476
425684.4734722550	4571283.4800890079
425685.3639069372	4571283.9352000672
425686.2543416193	4571284.3903111275
425687.1447763015	4571284.8454221869
425688.0352109837	4571285.3005332472
425688.8657016835	4571285.8531729234
425689.6738955808	4571286.4420894068
425690.4820894781	4571287.0310058901
425691.2902833753	4571287.6199223734
425692.0984772726	4571288.2088388568
425692.9066711699	4571288.7977553401
425693.7148650672	4571289.3866718234
425694.5230589644	4571289.9755883068
425695.3312528617	4571290.5645047901
425696.1394467590	4571291.1534212735
425696.9476406563	4571291.7423377568
425697.7558345535	4571292.3312542401
425698.5640284508	4571292.9201707235
425699.3722223481	4571293.5090872068
425700.2124627359	4571294.0494170710
425701.0719986239	4571294.5604924643
425701.9315345119	4571295.0715678567
425702.7910703999	4571295.5826432500
425703.6506062879	4571296.0937186424
425704.5101421760	4571296.6047940357
425705.3696780640	4571297.1158694280
425706.2292139520	4571297.6269448213
425707.0887498400	4571298.1380202137
425707.9482857280	4571298.6490956070
425708.8078216160	4571299.1601709994
425709.6673575041	4571299.6712463927
425710.5268933921	4571300.1823217859
425711.3864292801	4571300.6933971783
425712.2459651681	4571301.2044725716
425713.0959558627	4571301.7308243811
425713.9321326339	4571302.2792844139
425714.7683094051	4571302.8277444467
425715.6044861763	4571303.3762044795
425716.4406629475	4571303.9246645123
425717.2768397187	4571304.4731245441
425718.1130164899	4571305.0215845769
425718.9491932611	4571305.5700446097
425719.7853700322	4571306.1185046425
425720.6215468034	4571306.6669646744
425721.4411125581	4571307.2394125098
425722.2486698970	4571307.8292015772
425723.0562272358	4571308.4189906456
425723.8637845746	4571309.0087797130
425724.6713419134	4571309.5985687803
425725.4788992523	4571310.1883578487
425726.2864565911	4571310.7781469161
425727.0940139299	4571311.3679359844
425727.9015712687	4571311.9577250518
425728.7091286076	4571312.5475141201
425729.5702867676	4571313.0540322326
425730.4415343955	4571313.5448759664
425731.3127820233	4571314.0357197011
425732.1840296511	4571314.5265634349
425733.0552772790	4571315.0174071686
425733.9265249068	4571315.5082509024
425734.7977725346	4571315.9990946362
425735.7206411202	4571316.3719128743
425736.6725016781	4571316.6784442412
425737.6243622359	4571316.9849756071
425738.5762227937	4571317.2915069731
425739.5280833516	4571317.5980383391
425740.4799439094	4571317.9045697059
425741.4318044673	4571318.2111010719
425742.3836650251	4571318.5176324379
425743.3355255829	4571318.8241638038
425744.2873861408	4571319.1306951698
425745.2392466986	4571319.4372265367
425746.1272029646	4571319.8850164665
425746.9858683002	4571320.3975531394
425747.8445336359	4571320.9100898132
425748.7031989715	4571321.4226264860
425749.5618643072	4571321.9351631589
425750.4205296428	4571322.4476998327
425751.2791949784	4571322.9602365056
425752.1378603141	4571323.4727731785
425752.9965256498	4571323.9853098523
425753.8551909854	4571324.4978465252
425754.7138563210	4571325.0103831980
425755.5725216567	4571325.5229198718
425756.4311869923	4571326.0354565447
425757.2990765184	4571326.5317062018
425758.1802367865	4571327.0045239069
425759.0613970545	4571327.4773416119
425759.9425573225	4571327.9501593160
425760.8237175906	4571328.4229770210
425761.7048778587	4571328.8957947260
425762.5860381267	4571329.3686124310
425763.4671983947	4571329.8414301360
425764.3483586628	4571330.3142478401
425765.2295189309	4571330.7870655451
425766.1106791989	4571331.2598832501
425766.9918394669	4571331.7327009551
425767.8729997350	4571332.2055186601
425768.7541600031	4571332.6783363651
425769.6353202711	4571333.1511540692
425770.5164805391	4571333.6239717742
425771.3976408072	4571334.0967894793
425772.2788010753	4571334.5696071843
425773.1599613433	4571335.0424248893
425774.0411216113	4571335.5152425934
425774.9222818794	4571335.9880602984
425775.7815420415	4571336.4992665192
425776.6369882118	4571337.0171582550
425777.4924343821	4571337.5350499898
425778.3478805524	4571338.0529417256
425779.2033267226	4571338.5708334614
425780.0587728929	4571339.0887251971
425780.9142190631	4571339.6066169329
425781.7696652334	4571340.1245086677
425782.6251114037	4571340.6424004035
425783.4805575740	4571341.1602921393
425784.3360037442	4571341.6781838750
425785.1914499145	4571342.1960756108
425786.0468960848	4571342.7139673457
425786.9023422550	4571343.2318590814
425787.7577884253	4571343.7497508172
425788.6132345955	4571344.2676425530
425789.4686807659	4571344.7855342887
425790.3241269361	4571345.3034260236
425791.1795731064	4571345.8213177593
425791.9316461446	4571346.4728002949
425792.6476462845	4571347.1709004305
425793.3636464243	4571347.8690005671
425794.0796465641	4571348.5671007028
425794.7956467039	4571349.2652008384
425795.6799463217	4571349.7069968116
425796.6051149401	4571350.0865531676
425797.5302835585	4571350.4661095235
425798.4554521769	4571350.8456658805
425799.3806207953	4571351.2252222365
425800.3057894137	4571351.6047785925
425801.2309580320	4571351.9843349485
425802.1561266504	4571352.3638913054
425803.0812952688	4571352.7434476614
425804.0064638873	4571353.1230040174
425804.9316325056	4571353.5025603734
425805.8090384556	4571353.9755090652
425806.6583237809	4571354.5034431871
425807.5076091063	4571355.0313773081
425808.3568944315	4571355.5593114290
425809.2061797569	4571356.0872455500
425810.0554650822	4571356.6151796710
425810.9047504075	4571357.1431137919
425811.7540357328	4571357.6710479129
425812.6033210581	4571358.1989820348
425813.4526063834	4571358.7269161558
425814.3018917087	4571359.2548502767
425815.1511770340	4571359.7827843977
425816.0004623593	4571360.3107185187
425816.8497476846	4571360.8386526396
425817.6990330100	4571361.3665867606
425818.5483183352	4571361.8945208825
425819.3976036606	4571362.4224550035
425820.2468889859	4571362.9503891245
425821.0961743112	4571363.4783232454
425821.9454596365	4571364.0062573664
425822.7947449618	4571364.5341914874
425823.6440302871	4571365.0621256083
425824.4933156124	4571365.5900597293
425825.3421897806	4571366.1186541971
425826.1907002593	4571366.6478327755
425827.0392107379	4571367.1770113539
425827.8877212166	4571367.7061899323
425828.7362316953	4571368.2353685098
425829.5847421739	4571368.7645470882
425830.4332526526	4571369.2937256666
425831.2817631313	4571369.8229042450
425832.1302736100	4571370.3520828225
425832.9787840887	4571370.8812614009
425833.8272945673	4571371.4104399793
425834.6758050460	4571371.9396185577
425835.5243155246	4571372.4687971352
425836.3728260033	4571372.9979757136
425837.2213364820	4571373.5271542920
425838.0698469607	4571374.0563328695
425838.9183574394	4571374.5855114479
425839.7668679180	4571375.1146900263
425840.6153783967	4571375.6438686047
425841.4398717598	4571376.2028878871
425842.1381956120	4571376.9186698347
425842.8365194641	4571377.6344517833
425843.5348433163	4571378.3502337318
425844.2331671684	4571379.0660156803
425844.9314910206	4571379.7817976279
425845.6298148727	4571380.4975795764
425846.3281387249	4571381.2133615250
425847.0264625770	4571381.9291434735
425847.7247864292	4571382.6449254211
425848.3969562948	4571383.3711030111
425848.3805650546	4571384.3709686650
425848.3641738143	4571385.3708343199
425848.3477825741	4571386.3706999747
425848.3313913339	4571387.3705656286
425848.3150000936	4571388.3704312835
425847.6914445653	4571388.5377036575
425846.7344201608	4571388.2476962628
425845.7773957563	4571387.9576888671
425844.8203713519	4571387.6676814724
425843.8633469474	4571387.3776740767
425842.9063225430	4571387.0876666820
425842.3830640437	4571387.5008710567
425842.2127497584	4571388.4862608500
425842.0424354731	4571389.4716506433
425841.8721211879	4571390.4570404366
425841.7018069026	4571391.4424302289
425841.5314926174	4571392.4278200222
425841.3611783321	4571393.4132098155
425841.3649504812	4571394.3741489500
425841.8001191418	4571395.2744979030
425842.2352878023	4571396.1748468559
425842.6704564627	4571397.0751958089
425843.1056251233	4571397.9755447619
425843.5407937838	4571398.8758937148
425844.1025032386	4571399.6798267858
425844.8550799333	4571400.3383313930
425845.6076566280	4571400.9968360011
425846.3602333227	4571401.6553406091
425847.1128100174	4571402.3138452172
425847.8653867120	4571402.9723498253
425848.6179634067	4571403.6308544325
425849.3804605434	4571404.2778075365
425850.1450884066	4571404.9222795926
425850.9097162697	4571405.5667516487
425851.6743441329	4571406.2112237047
425852.4389719960	4571406.8556957608
425853.2035998592	4571407.5001678169
425853.9682277223	4571408.1446398729
425854.7328555854	4571408.7891119290
425855.5570129770	4571409.3522003740
425856.4028109410	4571409.8857037053
425857.2486089049	4571410.4192070365
425858.0944068688	4571410.9527103668
425858.9402048328	4571411.4862136981
425859.7860027967	4571412.0197170293
425860.6318007607	4571412.5532203596
425861.2316496173	4571413.3483879948
425861.8164511927	4571414.1595643731
425862.4012527681	4571414.9707407523
425862.9860543436	4571415.7819171306
425863.6548725835	4571416.4905456295
425864.5652390608	4571416.9043485736
425865.4756055381	4571417.3181515187
425866.3859720155	4571417.7319544628
425867.2963384929	4571418.1457574079
425868.2067049702	4571418.5595603520
425869.1170714475	4571418.9733632971
425870.0274379248	4571419.3871662412
425870.8496197064	4571419.9491442190
425871.6474870303	4571420.5519773085
425872.4453543542	4571421.1548103979
425873.2432216782	4571421.7576434864
425874.0410890021	4571422.3604765758
425874.8389563260	4571422.9633096652
425875.6368236500	4571423.5661427546
425876.4346909739	4571424.1689758431
425877.2325582978	4571424.7718089325
425878.0304256217	4571425.3746420220
425878.8164784106	4571425.9927334776
425879.5998673853	4571426.6142652268
425880.3832563600	4571427.2357969750
425881.1666453347	4571427.8573287232
425881.9500343093	4571428.4788604723
425882.7334232839	4571429.1003922205
425883.5168122586	4571429.7219239688
425884.3002012333	4571430.3434557170
425885.0835902079	4571430.9649874661
425885.8669791826	4571431.5865192143
425886.6503681573	4571432.2080509625
425887.4337571319	4571432.8295827117
425888.2171461066	4571433.4511144599
425889.0152100183	4571434.0508195283
425889.8864159967	4571434.5417371830
425890.7576219751	4571435.0326548368
425891.6288279534	4571435.5235724915
425892.5000339317	4571436.0144901462
425893.3712399100	4571436.5054078000
425894.2424458884	4571436.9963254547
425895.1136518667	4571437.4872431085
425895.9848578450	4571437.9781607632
425896.8560638234	4571438.4690784169
425897.7272698017	4571438.9599960716
425898.5984757800	4571439.4509137264
425899.4696817583	4571439.9418313801
425900.3283900331	4571440.4533946263
425901.1672896988	4571440.9976807190
425902.0061893646	4571441.5419668118
425902.8450890304	4571442.0862529045
425903.6839886961	4571442.6305389972
425904.5228883619	4571443.1748250900
425905.3617880277	4571443.7191111827
425906.2006876934	4571444.2633972755
425907.0395873591	4571444.8076833682
425907.8784870249	4571445.3519694610
425908.7173866907	4571445.8962555537
425909.5562863564	4571446.4405416464
425910.3951860222	4571446.9848277392
425911.2340856880	4571447.5291138319
425912.0729853537	4571448.0733999247
425912.9118850195	4571448.6176860174
425913.7507846852	4571449.1619721102
425914.5896843510	4571449.7062582029
425915.3711456807	4571450.3269195911
425916.1268347636	4571450.9818501296
425916.8825238465	4571451.6367806681
425917.6382129294	4571452.2917112056
425918.3939020123	4571452.9466417441
425919.1495910952	4571453.6015722826
425919.9052801781	4571454.2565028211
425920.7177504805	4571454.8357845899
425921.5576671488	4571455.3784999754
425922.3975838172	4571455.9212153619
425923.2375004856	4571456.4639307475
425924.0774171539	4571457.0066461340
425924.9173338223	4571457.5493615195
425925.7572504907	4571458.0920769060
425926.7146978972	4571458.3451939318
425927.6877581398	4571458.5566054815
425928.4418397355	4571459.2133862274
425929.1959213312	4571459.8701669723
425929.9500029269	4571460.5269477172
425930.7552259721	4571461.1095897481
425931.6370106142	4571461.5812419988
425932.5187952563	4571462.0528942486
425933.4005798984	4571462.5245464984
425934.2795360908	4571463.0011133021
425935.1303340881	4571463.5266061826
425935.9811320855	4571464.0520990631
425936.8319300828	4571464.5775919445
425937.7455316867	4571464.9598229351
425938.7084957063	4571465.2294528605
425939.6098237716	4571465.6087657483
425940.3408790397	4571466.2910839990
425941.0719343078	4571466.9734022496
425941.8029895759	4571467.6557205003
425942.6559207917	4571468.1498587281
425943.5775561669	4571468.5379157281
425944.4991915422	4571468.9259727281
425945.4208269174	4571469.3140297271
425946.3424622927	4571469.7020867271
425947.2543970801	4571470.1096689282
425948.1203795381	4571470.6097433055
425948.9863619961	4571471.1098176818
425949.8523444541	4571471.6098920591
425950.7183269121	4571472.1099664355
425951.5843093700	4571472.6100408128
425952.4502918280	4571473.1101151900
425953.3162742860	4571473.6101895664
425954.2323835045	4571474.0099227689
425955.1523067692	4571474.4020212097
425956.0722300338	4571474.7941196505
425956.9921532985	4571475.1862180913
425957.9120765631	4571475.5783165311
425958.8306426469	4571475.9734021453
425959.7310912368	4571476.4083645996
425960.6315398267	4571476.8433270548
425961.5319884166	4571477.2782895090
425962.4324370065	4571477.7132519633
425963.3328855964	4571478.1482144184
425964.2333341863	4571478.5831768727
425965.1337827762	4571479.0181393279
425966.0342313661	4571479.4531017821
425966.9346799560	4571479.8880642364
425967.8351285459	4571480.3230266916
425968.7355771358	4571480.7579891458
425969.6664781900	4571481.1125557860
425970.6291291301	4571481.3833013633
425971.5917800703	4571481.6540469406
425972.4998420713	4571482.0535050528
425973.3636209722	4571482.5573760783
425974.2273998731	4571483.0612471038
425975.0911787740	4571483.5651181303
425975.9549576749	4571484.0689891558
425976.8187365757	4571484.5728601813
425977.6825154766	4571485.0767312068
425978.5462943775	4571485.5806022324
425979.4100732784	4571486.0844732579
425980.2738521793	4571486.5883442834
425981.1376310801	4571487.0922153089
425982.0014099810	4571487.5960863344
425982.8651888819	4571488.0999573600
425983.7237628920	4571488.6111024125
425984.4794519750	4571489.2660329510
425985.2351410579	4571489.9209634885
425985.9908301408	4571490.5758940270
425986.7465192237	4571491.2308245655
425987.5022083066	4571491.8857551040
425988.3794817237	4571492.3511470342
425989.2898482011	4571492.7649499793
425990.2002146786	4571493.1787529234
425991.1537084471	4571493.4540453739
425992.1380719170	4571493.6301946267
425993.1224353868	4571493.8063438796
425994.1067988567	4571493.9824931314
425995.0911623267	4571494.1586423842
425996.0755257965	4571494.3347916370
425997.0598892664	4571494.5109408889
425998.0442527363	4571494.6870901417
425999.0240176510	4571494.8774063671
425999.9241769024	4571495.3129672958
426000.8243361537	4571495.7485282235
426001.7234266509	4571496.1858652290
426002.5298316468	4571496.7772288928
426003.3362366427	4571497.3685925566
426004.1426416386	4571497.9599562204
426004.9892474867	4571498.4902586602
426005.8511817019	4571498.9972787863
426006.7131159171	4571499.5042989133
426007.5750501323	4571500.0113190394
426008.4369843475	4571500.5183391664
426009.2989185627	4571501.0253592925
426010.1608527779	4571501.5323794195
426011.0134816540	4571502.0547945397
426011.8630496893	4571502.5822735950
426012.7126177246	4571503.1097526494
426013.5621857599	4571503.6372317048
426014.4117537952	4571504.1647107592
426015.2613218305	4571504.6921898145
426016.1108898658	4571505.2196688699
426016.9604579011	4571505.7471479243
426017.8100259364	4571506.2746269796
426018.6595939717	4571506.8021060340
426019.5091620070	4571507.3295850893
426020.3587300423	4571507.8570641438
426021.2082980776	4571508.3845431991
426022.0578661129	4571508.9120222535
426022.9074341482	4571509.4395013088
426023.7570021835	4571509.9669803642
426024.6065702188	4571510.4944594186
426025.4561382541	4571511.0219384739
426026.3057062894	4571511.5494175283
426027.1724388082	4571512.0479446845
426028.0428898187	4571512.5401997389
426028.9133408293	4571513.0324547933
426029.7837918398	4571513.5247098468
426030.6542428504	4571514.0169649012
426031.5246938609	4571514.5092199557
426032.3951448715	4571515.0014750091
426033.2655958820	4571515.4937300636
426034.1360468925	4571515.9859851170
426035.0064979031	4571516.4782401714
426035.8769489136	4571516.9704952259
426036.7473999241	4571517.4627502793
426037.6178509346	4571517.9550053338
426038.4883019452	4571518.4472603882
426039.3574345899	4571518.9417782286
426040.2149275155	4571519.4562739842
426041.0724204411	4571519.9707697397
426041.9299133667	4571520.4852654953
426042.7874062923	4571520.9997612508
426043.6448992180	4571521.5142570063
426044.5023921436	4571522.0287527619
426045.3598850692	4571522.5432485174
426046.2173779948	4571523.0577442730
426047.0748709204	4571523.5722400285
426047.9323638460	4571524.0867357850
426048.7898567716	4571524.6012315406
426049.6473496972	4571525.1157272961
426050.5048426228	4571525.6302230516
426051.3597902347	4571526.1488407198
426052.2038603699	4571526.6850735117
426053.0479305053	4571527.2213063035
426053.8920006405	4571527.7575390944
426054.7360707758	4571528.2937718863
426055.5801409111	4571528.8300046781
426056.4242110464	4571529.3662374690
426057.2682811817	4571529.9024702609
426058.1123513170	4571530.4387030527
426058.9014102944	4571531.0387645969
426059.5563408328	4571531.7944536805
426060.2112713710	4571532.5501427632
426060.8662019093	4571533.3058318458
426061.5211324476	4571534.0615209285
426062.1810551802	4571534.8115803991
426063.0096441490	4571535.3714378094
426063.8382331178	4571535.9312952207
426064.6668220866	4571536.4911526321
426065.5029605037	4571537.0371496407
426066.4227386717	4571537.4295883263
426067.3425168397	4571537.8220270108
426068.2622950077	4571538.2144656964
426069.1820731758	4571538.6069043810
426070.1018513438	4571538.9993430665
426071.0216295118	4571539.3917817520
426071.9414076798	4571539.7842204366
426072.8040241580	4571540.2879100544
426073.6586402337	4571540.8071704553
426074.5132563092	4571541.3264308553
426075.3678723848	4571541.8456912553
426076.2224884604	4571542.3649516562
426077.0771045360	4571542.8842120562
426077.9317206116	4571543.4034724561
426078.7863366872	4571543.9227328571
426079.5916217048	4571544.5130220931
426080.3766255033	4571545.1325130425
426081.1616293017	4571545.7520039920
426081.9466331002	4571546.3714949414
426082.7316368987	4571546.9909858909
426083.5166406972	4571547.6104768403
426084.3016444957	4571548.2299677897
426085.0866482941	4571548.8494587392
426085.8716520926	4571549.4689496886
426086.6566558911	4571550.0884406380
426087.4416596896	4571550.7079315875
426088.2266634880	4571551.3274225369
426089.0116672865	4571551.9469134863
426089.7966710850	4571552.5664044358
426090.5816748835	4571553.1858953852
426091.3666786819	4571553.8053863337
426092.1516824804	4571554.4248772832
426092.9366862789	4571555.0443682326
426093.7240113259	4571555.6602488114
426094.6134426337	4571556.1173176784
426095.5028739414	4571556.5743865445
426096.3923052492	4571557.0314554116
426097.2817365570	4571557.4885242777
426098.1711678648	4571557.9455931447
426099.0605991726	4571558.4026620109
426099.9500304804	4571558.8597308770
426100.6300947564	4571559.5810875976
426101.2785612120	4571560.3423308283
426101.9270276675	4571561.1035740590
426102.5754941231	4571561.8648172896
426103.2239605786	4571562.6260605203
426103.8724270342	4571563.3873037510
426104.5208934898	4571564.1485469807
426105.1693599454	4571564.9097902114
426105.8178264009	4571565.6710334420
426106.5590170264	4571566.3249454657
426107.4063799935	4571566.8559595915
426108.2537429606	4571567.3869737182
426109.1011059277	4571567.9179878440
426109.9484688947	4571568.4490019698
426110.7958318618	4571568.9800160956
426111.6431948289	4571569.5110302223
426112.4905577960	4571570.0420443481
426113.3379207631	4571570.5730584739
426114.1852837302	4571571.1040725997
426115.0326466972	4571571.6350867255
426115.8800096643	4571572.1661008522
426116.7273726314	4571572.6971149780
426117.5747355985	4571573.2281291038
426118.4220985656	4571573.7591432296
426119.2694615327	4571574.2901573563
426120.1168244997	4571574.8211714821
426120.9641874668	4571575.3521856079
426121.8115504339	4571575.8831997337
426122.6589134010	4571576.4142138604
426123.5062763681	4571576.9452279862
426124.3536393351	4571577.4762421120
426125.2010023022	4571578.0072562378
426126.0483407013	4571578.5383086586
426126.8842442190	4571579.0871850653
426127.7201477366	4571579.6360614710
426128.5560512542	4571580.1849378776
426129.3919547719	4571580.7338142833
426130.2278582895	4571581.2826906899
426131.0637618071	4571581.8315670956
426131.8996653247	4571582.3804435022
426132.7355688423	4571582.9293199079
426133.5714723600	4571583.4781963145
426134.4073758776	4571584.0270727202
426135.2432793952	4571584.5759491269
426136.0791829128	4571585.1248255325
426136.9150864304	4571585.6737019392
426137.7509899481	4571586.2225783449
426138.5868934657	4571586.7714547515
426139.4227969833	4571587.3203311572
426140.2587005009	4571587.8692075638
426141.0493669167	4571588.4761057971
426141.7855345339	4571589.1529050581
426142.5217021511	4571589.8297043191
426143.2578697683	4571590.5065035792
426143.9940373855	4571591.1833028402
426144.7302050027	4571591.8601021012
426145.4663726199	4571592.5369013613
426146.2041128595	4571593.2115169344
426147.0793543949	4571593.6952030463
426147.9545959303	4571594.1788891582
426148.8298374657	4571594.6625752700
426149.7050790011	4571595.1462613819
426150.5803205365	4571595.6299474929
426151.4555620718	4571596.1136336047
426152.3308036072	4571596.5973197166
426153.2060451426	4571597.0810058285
426154.0812866780	4571597.5646919403
426154.9565282134	4571598.0483780522
426155.8317697488	4571598.5320641641
426156.7070112842	4571599.0157502759
426157.5822528196	4571599.4994363878
426158.4574943549	4571599.9831224997
426159.3327358903	4571600.4668086115
426160.1990243483	4571600.9661880434
426161.0608014040	4571601.4734752467
426161.9225784596	4571601.9807624491
426162.7843555153	4571602.4880496524
426163.6461325710	4571602.9953368558
426164.5079096267	4571603.5026240582
426165.3696866823	4571604.0099112615
426166.2314637380	4571604.5171984648
426167.0932407936	4571605.0244856672
426167.9550178493	4571605.5317728706
426168.8167949050	4571606.0390600730
426169.6785719607	4571606.5463472763
426170.5403490163	4571607.0536344796
426171.4021260720	4571607.5609216820
426172.2529371984	4571608.0849313103
426173.0616732828	4571608.6731030075
426173.8704093673	4571609.2612747047
426174.6791454517	4571609.8494464029
426175.4878815361	4571610.4376181001
426176.2966176205	4571611.0257897973
426177.1053537050	4571611.6139614955
426177.9140897894	4571612.2021331927
426178.7228258738	4571612.7903048899
426179.5397250330	4571613.3670408148
426180.3587511374	4571613.9407970700
426181.1777772418	4571614.5145533253
426181.9968033462	4571615.0883095795
426182.8158294506	4571615.6620658347
426183.6348555550	4571616.2358220899
426184.4538816595	4571616.8095783452
426185.2729077639	4571617.3833346004
426186.0919338684	4571617.9570908556
426186.9109599728	4571618.5308471108
426187.7299860772	4571619.1046033660
426188.5490121817	4571619.6783596203
426189.3680382861	4571620.2521158755
426190.1870643905	4571620.8258721307
426191.0060904949	4571621.3996283859
426191.8251165994	4571621.9733846411
426192.6441427038	4571622.5471408963
426193.4631688082	4571623.1208971515
426194.2821949126	4571623.6946534067
426195.1012210171	4571624.2684096619
426195.9238104415	4571624.8370241029
426196.7486084143	4571625.4024516437
426197.5734063871	4571625.9678791845
426198.3982043599	4571626.5333067253
426199.2230023327	4571627.0987342661
426200.0478003054	4571627.6641618069
426200.8725982782	4571628.2295893487
426201.6973962510	4571628.7950168895
426202.5221942238	4571629.3604444303
426203.3469921966	4571629.9258719711
426204.1717901694	4571630.4912995119
426204.9965881421	4571631.0567270536
426205.8213861150	4571631.6221545944
426206.6461840877	4571632.1875821352
426207.4709820605	4571632.7530096760
426208.2957800333	4571633.3184372168
426209.1205780061	4571633.8838647585
426209.9586897033	4571634.4289755998
426210.8063452323	4571634.9595225854
426211.6540007614	4571635.4900695710
426212.5016562903	4571636.0206165574
426213.3493118194	4571636.5511635430
426214.1969673484	4571637.0817105286
426215.0446228774	4571637.6122575141
426215.8922784064	4571638.1428044997
426216.7399339354	4571638.6733514862
426217.5875894644	4571639.2038984718
426218.4352449934	4571639.7344454573
426219.2829005224	4571640.2649924429
426220.1305560515	4571640.7955394294
426220.9782115805	4571641.3260864150
426221.8252469996	4571641.8576104185
426222.6661548557	4571642.3987887418
426223.5070627118	4571642.9399670651
426224.3479705678	4571643.4811453884
426225.1888784240	4571644.0223237118
426226.0297862800	4571644.5635020351
426226.8706941361	4571645.1046803584
426227.7116019922	4571645.6458586818
426228.5525098483	4571646.1870370051
426229.3934177044	4571646.7282153284
426230.2343255605	4571647.2693936517
426231.0320164357	4571647.8677921416
426231.7825680909	4571648.5286039254
426232.5331197460	4571649.1894157091
426233.2836714012	4571649.8502274919
426234.0342230563	4571650.5110392757
426234.7847747114	4571651.1718510585
426235.5353263666	4571651.8326628422
426236.2858780218	4571652.4934746251
426237.0364296769	4571653.1542864088
426237.7869813320	4571653.8150981916
426238.5375329872	4571654.4759099754
426239.3456424260	4571655.0607092222
426240.1852125830	4571655.6039605001
426241.0247827401	4571656.1472117789
426241.8545771979	4571656.7023610920
426242.5503724139	4571657.4206013149
426243.2461676299	4571658.1388415378
426243.9419628459	4571658.8570817597
426244.6377580620	4571659.5753219826
426245.3335532780	4571660.2935622055
426246.0293484940	4571661.0118024275
426246.7251437100	4571661.7300426504
426247.4487682185	4571662.4144280097
426248.2880823940	4571662.9580746917
426249.1273965694	4571663.5017213738
426249.9667107448	4571664.0453680558
426250.8060249203	4571664.5890147379
426251.6453390957	4571665.1326614199
426252.4846532711	4571665.6763081020
426253.3239674465	4571666.2199547840
426254.1632816220	4571666.7636014661
426255.0025957974	4571667.3072481481
426255.7741253186	4571667.9426576616
426256.5404626086	4571668.5850961087
426257.3067998987	4571669.2275345549
426258.0731371888	4571669.8699730020
426258.8394744788	4571670.5124114491
426259.6058117689	4571671.1548498953
426260.3721490590	4571671.7972883424
426261.1384863490	4571672.4397267886
426261.9048236391	4571673.0821652357
426262.6711609292	4571673.7246036828
426263.4374982193	4571674.3670421289
426264.2038355093	4571675.0094805760
426264.9701727994	4571675.6519190222
426265.7365100894	4571676.2943574693
426266.5028473795	4571676.9367959164
426267.2691846696	4571677.5792343626
426268.0355219597	4571678.2216728097
426268.8018592497	4571678.8641112568
426269.5681965398	4571679.5065497030
426270.3383565405	4571680.1443867534
426271.1103828246	4571680.7799773579
426271.8824091088	4571681.4155679625
426272.6544353928	4571682.0511585670
426273.4264616770	4571682.6867491715
426274.1984879611	4571683.3223397760
426274.9705142452	4571683.9579303805
426275.7425405294	4571684.5935209850
426276.5145668134	4571685.2291115895
426277.2865930976	4571685.8647021940
426278.0586193817	4571686.5002927985
426278.8306456658	4571687.1358834030
426279.6026719500	4571687.7714740075
426280.3746982341	4571688.4070646130
426281.1467245182	4571689.0426552175
426281.9187508023	4571689.6782458220
426282.6907770864	4571690.3138364265
426283.4628033706	4571690.9494270310
426284.2348296547	4571691.5850176355
426285.0068559388	4571692.2206082400
426285.7788822229	4571692.8561988445
426286.5509085070	4571693.4917894490
426287.3229347912	4571694.1273800535
426288.0949610753	4571694.7629706580
426288.8669873594	4571695.3985612625
426289.6390136435	4571696.0341518670
426290.4262918809	4571696.6457958110
426291.3287010819	4571697.0766758798
426292.2311102830	4571697.5075559486
426293.1335194841	4571697.9384360174
426294.0359286852	4571698.3693160871
426294.9383378863	4571698.8001961559
426295.8407470873	4571699.2310762247
426296.7431562884	4571699.6619562935
426297.6455654895	4571700.0928363623
426298.5479746906	4571700.5237164311
426299.4503838917	4571700.9545964999
426300.3121117897	4571701.4458349105
426301.0501406016	4571702.1206041100
426301.7881694135	4571702.7953733103
426302.5261982254	4571703.4701425098
426303.2642270373	4571704.1449117092
426304.0022558492	4571704.8196809087
426304.7402846611	4571705.4944501081
426305.4783134730	4571706.1692193085
426306.2163422850	4571706.8439885080
426307.0848016783	4571707.3315664530
426307.9734223355	4571707.7902093725
426308.8620429926	4571708.2488522921
426309.7506636498	4571708.7074952116
426310.6392843070	4571709.1661381312
426311.5279049641	4571709.6247810507
426312.2736286112	4571710.2727469327
426312.9583040727	4571711.0015950045
426313.6429795343	4571711.7304430762
426314.3276549958	4571712.4592911489
426315.0775865622	4571713.1178137660
426315.8555277424	4571713.7461508736
426316.6334689226	4571714.3744879803
426317.4860079271	4571714.8912616661
426318.3639034999	4571715.3701137975
426319.2417990728	4571715.8489659280
426320.0725039303	4571716.3970660418
426320.8392616033	4571717.0390026988
426321.6060192763	4571717.6809393549
426322.3727769493	4571718.3228760110
426323.1395346223	4571718.9648126680
426323.9062922953	4571719.6067493241
426324.6730499683	4571720.2486859811
426325.4398076413	4571720.8906226372
426326.2065653143	4571721.5325592933
426326.9733229873	4571722.1744959503
426327.7400806603	4571722.8164326064
426328.5068383333	4571723.4583692634
426329.2735960063	4571724.1003059195
426330.0403536792	4571724.7422425756
426330.8071113522	4571725.3841792326
426331.5738690252	4571726.0261158887
426332.3406266982	4571726.6680525457
426333.1073843712	4571727.3099892018
426333.8741420442	4571727.9519258579
426334.6408997173	4571728.5938625149
426335.4076573902	4571729.2357991710
426336.1744150632	4571729.8777358280
426336.9411727362	4571730.5196724841
426337.7079304092	4571731.1616091402
426338.4746880822	4571731.8035457972
426339.3891260573	4571731.9674749719
426340.3843545824	4571731.8699035477
426341.3795831076	4571731.7723321235
426342.3748116327	4571731.6747606993
426343.3554411984	4571731.6465911185
426344.2270167355	4571732.1368523575
426344.9232847413	4571732.8081520675
426345.4413194332	4571733.6635116749
426345.9593541250	4571734.5188712822
426346.4773888169	4571735.3742308896
426346.9954235087	4571736.2295904970
426347.5134582005	4571737.0849501044
426348.0314928923	4571737.9403097117
426348.6151726657	4571738.7187623801
426349.5412650256	4571739.0960592674
426350.4673573854	4571739.4733561538
426351.2446379735	4571740.0632497296
426351.9161573982	4571740.8042366812
426352.5876768229	4571741.5452236319
426353.2591962475	4571742.2862105835
426354.0980424211	4571742.8092578044
426354.9873302237	4571743.2666058168
426355.8766180263	4571743.7239538291
426356.7234973033	4571744.2427726835
426357.4667914493	4571744.9117374159
426358.2100855954	4571745.5807021474
426358.9533797415	4571746.2496668790
426359.6966738876	4571746.9186316114
426360.4399680337	4571747.5875963429
426361.1832621797	4571748.2565610744
426361.9265563258	4571748.9255258059
426362.6698504719	4571749.5944905384
426363.5237450901	4571750.1138534816
426364.3812380158	4571750.6283492362
426365.2387309415	4571751.1428449918
426366.0962238672	4571751.6573407473
426366.9537167929	4571752.1718365029
426367.8112097185	4571752.6863322584
426368.2295326775	4571753.5463603102
426368.5278076707	4571754.5008402886
426368.8260826639	4571755.4553202661
426369.1243576571	4571756.4098002445
426369.4226326503	4571757.3642802220
426369.7209076435	4571758.3187602004
426370.3123515140	4571759.1137969308
426370.9514698047	4571759.8829053827
426371.5905880955	4571760.6520138346
426372.2297063862	4571761.4211222855
426372.8688246770	4571762.1902307374
426373.5079429678	4571762.9593391893
426374.1470612585	4571763.7284476412
426374.7861795493	4571764.4975560922
426375.4252978401	4571765.2666645441
426376.0644161308	4571766.0357729960
426376.7035344216	4571766.8048814479
426377.3426527123	4571767.5739898989
426377.9817710031	4571768.3430983508
426378.6208892939	4571769.1122068027
426379.2600075847	4571769.8813152537
426379.8991258754	4571770.6504237056
426380.5047116512	4571771.4452659609
426381.0823015629	4571772.2615930364
426381.6598914746	4571773.0779201109
426382.2374813864	4571773.8942471864
426382.8150712981	4571774.7105742618
426383.3926612098	4571775.5269013373
426383.9702511216	4571776.3432284128
426384.5478410333	4571777.1595554883
426385.1254309450	4571777.9758825628
426385.7030208567	4571778.7922096383
426386.2806107685	4571779.6085367138
426386.8748147953	4571780.4083423680
426387.6878976033	4571780.9904904133
426388.5009804113	4571781.5726384595
426389.3140632193	4571782.1547865057
426390.1271460274	4571782.7369345510
426390.9402288354	4571783.3190825973
426391.7533116434	4571783.9012306426
426392.5663944514	4571784.4833786888
426393.3794772594	4571785.0655267350
426394.1925600674	4571785.6476747803
426395.0056428754	4571786.2298228266
426395.8187256835	4571786.8119708728
426396.6318084914	4571787.3941189181
426397.4448912994	4571787.9762669643
426398.2579741075	4571788.5584150096
426399.0710569155	4571789.1405630559
426399.8841397235	4571789.7227111021
426400.6972225315	4571790.3048591474
426401.5103053395	4571790.8870071936
426402.3933244837	4571791.3474027067
426403.3058338081	4571791.7564586112
426404.2183431325	4571792.1655145148
426405.1308524569	4571792.5745704193
426406.0433617814	4571792.9836263238
426406.9507042324	4571793.4024789566
426407.8036223524	4571793.9245236684
426408.6565404723	4571794.4465683792
426409.5094585923	4571794.9686130909
426410.3623767122	4571795.4906578017
426411.2152948322	4571796.0127025135
426412.0682129521	4571796.5347472252
426412.9211310721	4571797.0567919360
426413.7740491921	4571797.5788366478
426414.6269673120	4571798.1008813586
426415.4798854320	4571798.6229260704
426416.3328035519	4571799.1449707821
426417.1847000421	4571799.6686334210
426418.0226981269	4571800.2143065920
426418.8606962117	4571800.7599797631
426419.6986942966	4571801.3056529341
426420.5366923813	4571801.8513261061
426421.3746904662	4571802.3969992772
426422.2126885510	4571802.9426724482
426423.0506866358	4571803.4883456193
426423.8886847206	4571804.0340187913
426424.7266828055	4571804.5796919623
426425.6309160283	4571805.0067258943
426426.5351646749	4571805.4337322004
426427.4394133214	4571805.8607385065
426428.3197541293	4571806.3321832921
426429.1743702049	4571806.8514436921
426430.0289862805	4571807.3707040930
426430.8836023561	4571807.8899644930
426431.7382184317	4571808.4092248930
426432.5928345073	4571808.9284852939
426433.4474505829	4571809.4477456938
426434.3020666585	4571809.9670060938
426435.1504344309	4571810.4961308753
426435.9850960413	4571811.0468939785
426436.8197576516	4571811.5976570817
426437.6544192620	4571812.1484201858
426438.4890808724	4571812.6991832890
426439.3237424828	4571813.2499463921
426440.1584040931	4571813.8007094963
426440.9930657035	4571814.3514725994
426441.8277273139	4571814.9022357035
426442.6623889242	4571815.4529988067
426443.4970505346	4571816.0037619099
426444.3317121450	4571816.5545250140
426445.1663737553	4571817.1052881172
426446.0010353657	4571817.6560512204
426446.8356969761	4571818.2068143245
426447.6703585864	4571818.7575774277
426448.5328090291	4571819.2627802873
426449.4045222844	4571819.7527966136
426450.2762355396	4571820.2428129409
426451.1479487948	4571820.7328292681
426452.0196620501	4571821.2228455944
426452.8913753053	4571821.7128619216
426453.7630885606	4571822.2028782489
426454.6348018158	4571822.6928945752
426455.5065150710	4571823.1829109024
426456.3782283262	4571823.6729272287
426457.2499415815	4571824.1629435560
426458.1216548367	4571824.6529598832
426458.9933680920	4571825.1429762095
426459.8650813472	4571825.6329925368
426460.7367946024	4571826.1230088640
426461.6085078576	4571826.6130251903
426462.4802211129	4571827.1030415175
426463.3733650222	4571827.5512973303
426464.2797442992	4571827.9737622477
426465.1861235761	4571828.3962271651
426466.0925028530	4571828.8186920816
426466.9988821300	4571829.2411569990
426467.9052614070	4571829.6636219164
426468.8116406840	4571830.0860868338
426469.7180199609	4571830.5085517513
426470.6243992379	4571830.9310166677
426471.5307785149	4571831.3534815852
426472.4371577918	4571831.7759465026
426473.3357809591	4571832.2123941062
426474.1740385872	4571832.7576684859
426475.0122962152	4571833.3029428655
426475.8505538433	4571833.8482172452
426476.6888114713	4571834.3934916249
426477.5270690993	4571834.9387660045
426478.3653267274	4571835.4840403842
426479.2035843554	4571836.0293147629
426480.0418419835	4571836.5745891426
426480.8800996116	4571837.1198635222
426481.7183572396	4571837.6651379019
426482.5631447888	4571838.1998187415
426483.4269236897	4571838.7036897661
426484.2907025907	4571839.2075607916
426485.1544814917	4571839.7114318172
426486.0182603926	4571840.2153028427
426486.8820392936	4571840.7191738682
426487.7458181945	4571841.2230448937
426488.6095970955	4571841.7269159192
426489.4733759964	4571842.2307869447
426490.3371548974	4571842.7346579703
426491.1858433839	4571843.2625605278
426492.0149155127	4571843.8217021953
426492.8439876416	4571844.3808438638
426493.6730597705	4571844.9399855323
426494.5021318993	4571845.4991272008
426495.3312040282	4571846.0582688684
426496.1602761570	4571846.6174105369
426496.9893482859	4571847.1765522053
426497.8184204148	4571847.7356938729
426498.6479767247	4571848.2941151084
426499.4788524344	4571848.8505731523
426500.3097281441	4571849.4070311971
426501.1406038538	4571849.9634892410
426501.9714795635	4571850.5199472848
426502.8023552732	4571851.0764053296
426503.6332309830	4571851.6328633735
426504.4641066927	4571852.1893214183
426505.2949824024	4571852.7457794622
426506.1258581121	4571853.3022375060
426506.9567338218	4571853.8586955508
426507.7876095315	4571854.4151535947
426508.6043368862	4571854.9919226859
426509.4142790078	4571855.5784324976
426510.2242211294	4571856.1649423093
426511.0341632510	4571856.7514521219
426511.8441053726	4571857.3379619336
426512.6540474943	4571857.9244717462
426513.4639896159	4571858.5109815579
426514.2739317375	4571859.0974913696
426515.0838738591	4571859.6840011822
426515.8938159807	4571860.2705109939
426516.7037581023	4571860.8570208065
426517.5137002240	4571861.4435306182
426518.3251375684	4571862.0276320875
426519.2100557907	4571862.4933785200
426520.0949740130	4571862.9591249535
426520.9798922353	4571863.4248713860
426521.8648104577	4571863.8906178195
426522.7497286800	4571864.3563642520
426523.6346469022	4571864.8221106855
426524.5195651246	4571865.2878571181
426525.4266243060	4571865.7042393060
426526.3629534837	4571866.0553627480
426527.2992826613	4571866.4064861890
426528.2110761060	4571866.8110478437
426529.0876546568	4571867.2923066551
426529.9642332075	4571867.7735654674
426530.8408117583	4571868.2548242798
426531.7173903091	4571868.7360830922
426532.5940318562	4571869.2172270948
426533.4708442649	4571869.6980597060
426534.3476566735	4571870.1788923172
426535.2244690822	4571870.6597249284
426536.1012814908	4571871.1405575396
426536.9780938994	4571871.6213901509
426537.8549063081	4571872.1022227621
426538.7317187167	4571872.5830553733
426539.6085311253	4571873.0638879845
426540.4853435339	4571873.5447205966
426541.2704465740	4571874.1615764052
426542.0449787017	4571874.7941109762
426542.8195108292	4571875.4266455472
426543.5940429568	4571876.0591801181
426544.3685750843	4571876.6917146891
426545.1431072119	4571877.3242492601
426545.9239606234	4571877.9469264904
426546.8219509251	4571878.3869417375
426547.7199412267	4571878.8269569855
426548.6179315284	4571879.2669722326
426549.5159218301	4571879.7069874806
426550.4139121318	4571880.1470027277
426551.3119024334	4571880.5870179757
426552.2098927351	4571881.0270332228
426553.1078830368	4571881.4670484709
426554.0058733385	4571881.9070637180
426554.9058014302	4571882.3430149555
426555.8129896645	4571882.7637399342
426556.7201778987	4571883.1844649129
426557.6273661331	4571883.6051898915
426558.5345543673	4571884.0259148702
426559.4417426016	4571884.4466398479
426560.3489308359	4571884.8673648266
426561.2563338912	4571885.2876259638
426562.1639609319	4571885.7074034698
426563.0715879727	4571886.1271809759
426563.9792150135	4571886.5469584828
426564.8868420542	4571886.9667359889
426565.7944690950	4571887.3865134949
426566.7020961358	4571887.8062910018
426567.6097231765	4571888.2260685079
426568.3887752139	4571888.8349554492
426569.1129131451	4571889.5246106219
426569.8370510764	4571890.2142657936
426570.5611890077	4571890.9039209662
426571.2853269389	4571891.5935761379
426572.1676635534	4571891.9113722695
426573.1667197117	4571891.9548094952
426574.0898967865	4571892.2519266987
426574.9487162914	4571892.7642049994
426575.8075357964	4571893.2764833011
426576.6663553014	4571893.7887616018
426577.5251748063	4571894.3010399034
426578.3839943113	4571894.8133182041
426579.2678117754	4571895.2797522796
426580.1636024034	4571895.7242285460
426581.0593930314	4571896.1687048115
426581.9551836594	4571896.6131810769
426582.8509742873	4571897.0576573433
426583.7467649153	4571897.5021336088
426584.6425555433	4571897.9466098743
426585.5383461713	4571898.3910861406
426586.4341367993	4571898.8355624061
426587.3299274273	4571899.2800386716
426588.2257180552	4571899.7245149370
426589.1215086832	4571900.1689912034
426590.0172993112	4571900.6134674689
426590.9126889849	4571901.0587505996
426591.8079474236	4571901.5042978227
426592.7032058623	4571901.9498450458
426593.5984643011	4571902.3953922689
426594.4937227398	4571902.8409394920
426595.3889811785	4571903.2864867151
426596.2842396171	4571903.7320339372
426597.1794980559	4571904.1775811603
426598.0747564946	4571904.6231283834
426598.9700149333	4571905.0686756065
426599.8652733720	4571905.5142228296
426600.7605318107	4571905.9597700527
426601.6557902494	4571906.4053172758
426602.5510486881	4571906.8508644989
426603.4463071268	4571907.2964117220
426604.3415655655	4571907.7419589451
426605.2368240042	4571908.1875061681
426606.1320824430	4571908.6330533903
426607.0273408817	4571909.0786006134
426607.9225993203	4571909.5241478365
426608.8178577590	4571909.9696950596
426609.7327450040	4571910.3708239468
426610.6649194169	4571910.7328334264
426611.5970938297	4571911.0948429070
426612.5292682426	4571911.4568523876
426613.4614426555	4571911.8188618682
426614.3936170684	4571912.1808713488
426615.3257914813	4571912.5428808294
426616.2579658941	4571912.9048903100
426617.1901403070	4571913.2668997906
426618.1223147199	4571913.6289092703
426619.0279551649	4571914.0513963727
426619.9255651257	4571914.4921869785
426620.8231750866	4571914.9329775842
426621.7207850475	4571915.3737681899
426622.6183950084	4571915.8145587957
426623.5160049693	4571916.2553494014
426624.4136149301	4571916.6961400071
426625.3112248910	4571917.1369306138
426626.2088348519	4571917.5777212195
426627.1064448128	4571918.0185118252
426628.0040547736	4571918.4593024310
426628.9281665816	4571918.8394209389
426629.8615121878	4571919.1984000178
426630.7948577939	4571919.5573790977
426631.7282034001	4571919.9163581766
426632.6615490063	4571920.2753372565
426633.5948946124	4571920.6343163354
426634.5282402186	4571920.9932954153
426635.4615858248	4571921.3522744942
426636.3949314310	4571921.7112535741
426637.3282770371	4571922.0702326531
426638.2616226433	4571922.4292117329
426639.1949682494	4571922.7881908119
426640.1283138556	4571923.1471698917
426641.0616594618	4571923.5061489707
426641.9950050679	4571923.8651280506
426642.9283506741	4571924.2241071295
426643.8616962803	4571924.5830862094
426644.7950418865	4571924.9420652883
426645.7283874926	4571925.3010443682
426646.6617330988	4571925.6600234471
426647.5950787050	4571926.0190025270
426648.5284243111	4571926.3779816059
426649.4562628149	4571926.7507556751
426650.3802272832	4571927.1332339896
426651.3041917515	4571927.5157123040
426652.2281562198	4571927.8981906194
426653.1521206881	4571928.2806689339
426654.0760851563	4571928.6631472493
426655.0000496246	4571929.0456255637
426655.9240140929	4571929.4281038791
426656.8479785612	4571929.8105821935
426657.7719430295	4571930.1930605089
426658.6959074978	4571930.5755388234
426659.6198719661	4571930.9580171378
426660.5438364344	4571931.3404954532
426661.4678009027	4571931.7229737677
426662.3917653709	4571932.1054520831
426663.3157298392	4571932.4879303975
426664.2396943075	4571932.8704087129
426665.1636587758	4571933.2528870273
426666.0876232441	4571933.6353653418
426667.0115877124	4571934.0178436572
426667.9368760314	4571934.3960756958
426668.9144969835	4571934.6064498248
426669.8921179355	4571934.8168239538
426670.8697388876	4571935.0271980818
426671.8473598397	4571935.2375722108
426672.8249807917	4571935.4479463398
426673.8026017439	4571935.6583204689
426674.7802226959	4571935.8686945969
426675.7578436480	4571936.0790687259
426676.7354646001	4571936.2894428549
426677.7130855521	4571936.4998169839
426678.6907065042	4571936.7101911129
426679.6683274563	4571936.9205652410
426680.6459484084	4571937.1309393700
426681.6235693604	4571937.3413134990
426682.5778151288	4571937.6358891670
426683.5239791138	4571937.9595768461
426684.4701430987	4571938.2832645252
426685.4163070837	4571938.6069522044
426686.3624710687	4571938.9306398835
426687.3086350536	4571939.2543275617
426688.2547990386	4571939.5780152408
426689.2091627717	4571939.8759902241
426690.1680382360	4571940.1598173622
426691.1269137003	4571940.4436444994
426692.0857891646	4571940.7274716366
426693.0446646288	4571941.0112987747
426694.0035400930	4571941.2951259119
426694.9624155573	4571941.5789530501
426695.9212910216	4571941.8627801873
426696.8801664858	4571942.1466073254
426697.8390419501	4571942.4304344626
426698.7979174144	4571942.7142615998
426699.7588974020	4571942.9899973562
426700.7345476345	4571943.2093295781
426701.7101978670	4571943.4286618009
426702.6858480995	4571943.6479940228
426703.6614983320	4571943.8673262456
426704.6371485645	4571944.0866584685
426705.6127987970	4571944.3059906904
426706.5884490295	4571944.5253229132
426707.5640992620	4571944.7446551360
426708.5397494945	4571944.9639873579
426709.5153997270	4571945.1833195807
426710.4910499595	4571945.4026518036
426711.4766281848	4571945.5521098049
426712.4747592184	4571945.6132198684
426713.4728902519	4571945.6743299318
426714.4710212855	4571945.7354399953
426715.4691523190	4571945.7965500588
426716.4672833526	4571945.8576601222
426717.4654143861	4571945.9187701866
426718.4635454197	4571945.9798802501
426719.4616764532	4571946.0409903135
426720.4605156173	4571946.0220753597
426721.4595717757	4571945.9786381349
426722.4586279340	4571945.9352009110
426723.4576840923	4571945.8917636862
426724.4123103061	4571946.1251548631
426725.3475965635	4571946.4790469613
426726.2828828208	4571946.8329390585
426727.2182780784	4571947.0449128374
426728.1541068449	4571946.6924578473
426729.0899356114	4571946.3400028581
426730.0257643778	4571945.9875478679
426730.9615931443	4571945.6350928778
426731.8974219107	4571945.2826378876
426732.8332506772	4571944.9301828984
426733.7690794437	4571944.5777279083
426734.6606258549	4571944.1257837340
426735.5488434980	4571943.6663608151
426736.4416897418	4571943.2216427634
426737.4329176424	4571943.0894790431
426738.4241455431	4571942.9573153229
426739.4153734438	4571942.8251516027
426740.4068020432	4571942.6998342471
426741.4040697977	4571942.7737059323
426742.4013375521	4571942.8475776184
426743.3912705141	4571942.9816366807
426744.3770916839	4571943.1494360287
426745.3629128537	4571943.3172353776
426746.3487340235	4571943.4850347256
426747.3394940166	4571943.6120800907
426748.3368598336	4571943.6846157862
426749.3342256506	4571943.7571514817
426750.3315914675	4571943.8296871781
426751.3289572845	4571943.9022228736
426752.3162331722	4571944.0471381610
426753.2954118162	4571944.2501386125
426754.2745904603	4571944.4531390630
426755.2537691044	4571944.6561395135
426756.2329477484	4571944.8591399640
426757.2121263925	4571945.0621404145
426758.1913050366	4571945.2651408659
426759.1490362174	4571945.5205347948
426759.9894953360	4571946.0624097530
426760.8299544546	4571946.6042847112
426761.6704135731	4571947.1461596694
426762.5108726917	4571947.6880346267
426763.3513318103	4571948.2299095849
426764.1917909288	4571948.7717845431
426765.0322500473	4571949.3136595003
426765.8833607991	4571949.8362891842
426766.7888197353	4571950.2607230600
426767.6942786714	4571950.6851569358
426768.5931086663	4571951.1195866968
426769.3364028125	4571951.7885514293
426770.0796969587	4571952.4575161608
426770.8229911048	4571953.1264808923
426771.5662852510	4571953.7954456238
426772.3095793972	4571954.4644103553
426773.0528735434	4571955.1333750878
426773.7961676896	4571955.8023398193
426774.5394618358	4571956.4713045508
426775.2803447838	4571957.1429349594
426776.0202848570	4571957.8156077527
426776.7602249304	4571958.4882805469
426777.5001650037	4571959.1609533411
426778.2401050771	4571959.8336261353
426778.9800451504	4571960.5062989295
426779.7199852237	4571961.1789717237
426780.4599252971	4571961.8516445179
426781.1998653704	4571962.5243173111
426781.9398054438	4571963.1969901053
426782.6797455171	4571963.8696628995
426783.4196855905	4571964.5423356937
426784.1875285383	4571965.1828091005
426784.9586149828	4571965.8195395730
426785.7297014273	4571966.4562700456
426786.5007878718	4571967.0930005191
426787.2718743162	4571967.7297309916
426788.0429607607	4571968.3664614651
426788.8140472052	4571969.0031919377
426789.5851336497	4571969.6399224102
426790.3562200942	4571970.2766528837
426791.1273065387	4571970.9133833563
426791.8983929832	4571971.5501138289
426792.6694794277	4571972.1868443023
426793.4405658721	4571972.8235747749
426794.2116523166	4571973.4603052484
426794.9827387611	4571974.0970357209
426795.7987321880	4571974.6736279512
426796.6282467659	4571975.2321130140
426797.4577613438	4571975.7905980758
426798.2872759217	4571976.3490831386
426799.1167904996	4571976.9075682014
426799.9463050775	4571977.4660532633
426800.7758196554	4571978.0245383261
426801.6053342333	4571978.5830233889
426802.4348488113	4571979.1415084507
426803.2643633891	4571979.6999935135
426804.0943409498	4571980.2577130608
426804.9741563531	4571980.7330285935
426805.8539717564	4571981.2083441271
426806.7337871597	4571981.6836596606
426807.6136025630	4571982.1589751933
426808.4934179663	4571982.6342907269
426809.3732333696	4571983.1096062604
426810.2616063720	4571983.5671662083
426811.1815296365	4571983.9592646500
426812.1014529010	4571984.3513630908
426813.0213761655	4571984.7434615316
426813.9412994300	4571985.1355599733
426814.8269851835	4571985.5954835843
426815.6887622393	4571986.1027707867
426816.5505392949	4571986.6100579901
426817.4123163506	4571987.1173451925
426818.2740934064	4571987.6246323958
426819.1358704620	4571988.1319195982
426819.9976475177	4571988.6392068015
426820.8594245735	4571989.1464940049
426821.7212016291	4571989.6537812073
426822.5829786848	4571990.1610684106
426823.4447557405	4571990.6683556130
426824.3145347386	4571991.1604101500
426825.2212558505	4571991.5821409002
426826.1279769624	4571992.0038716495
426827.0346980742	4571992.4256023988
426827.9414191861	4571992.8473331491
426828.8481402980	4571993.2690638984
426829.7548614099	4571993.6907946486
426830.5957552598	4571994.2204266386
426831.3856075967	4571994.8337237006
426832.1754599337	4571995.4470207617
426832.9653122706	4571996.0603178237
426833.7551646075	4571996.6736148857
426834.5450169444	4571997.2869119467
426835.3348692814	4571997.9002090087
426836.1318779818	4571998.5015675500
426837.0450568664	4571998.9091265332
426837.9582357510	4571999.3166855164
426838.8714146356	4571999.7242444996
426839.7845935201	4572000.1318034828
426840.6977724047	4572000.5393624660
426841.6109512893	4572000.9469214492
426842.5241301739	4572001.3544804323
426843.4373090585	4572001.7620394155
426844.3504879431	4572002.1695983987
426845.2636668277	4572002.5771573819
426846.1768457123	4572002.9847163651
426847.0900245969	4572003.3922753483
426848.0032034815	4572003.7998343315
426848.9163823660	4572004.2073933147
426849.8295612506	4572004.6149522969
426850.7427401352	4572005.0225112801
426851.6559190198	4572005.4300702633
426852.5784499605	4572005.8153675478
426853.5087228911	4572006.1822357457
426854.4389958216	4572006.5491039436
426855.3692687521	4572006.9159721415
426856.2995416827	4572007.2828403395
426857.2298146132	4572007.6497085374
426858.1600875437	4572008.0165767362
426859.0903604743	4572008.3834449342
426860.0206334048	4572008.7503131321
426860.9509063353	4572009.1171813300
426861.8811792659	4572009.4840495279
426862.8114521965	4572009.8509177258
426863.7417251270	4572010.2177859237
426864.6725254152	4572010.5832654554
426865.6118186930	4572010.9263807982
426866.5511119708	4572011.2694961410
426867.4904052487	4572011.6126114829
426868.4296985265	4572011.9557268256
426869.3689918043	4572012.2988421684
426870.3082850821	4572012.6419575103
426871.2475783599	4572012.9850728530
426872.1868716377	4572013.3281881958
426873.1261649156	4572013.6713035377
426874.0654581934	4572014.0144188805
426875.0047514712	4572014.3575342232
426875.9440447490	4572014.7006495651
426876.8833380268	4572015.0437649079
426877.8226313046	4572015.3868802506
426878.7594578722	4572015.7359480690
426879.6661229842	4572016.1577991974
426880.5727880962	4572016.5796503257
426881.4794532083	4572017.0015014540
426882.3861183204	4572017.4233525824
426883.2927834324	4572017.8452037117
426884.1994485444	4572018.2670548400
426885.1061136565	4572018.6889059683
426886.0127787686	4572019.1107570967
426886.9194438806	4572019.5326082250
426887.8261089926	4572019.9544593534
426888.7327741047	4572020.3763104817
426889.6172741047	4572020.8428480001
426890.5017518847	4572021.3094303152
426891.3862296646	4572021.7760126302
426892.2707074445	4572022.2425949452
426893.1551852244	4572022.7091772603
426894.0396630043	4572023.1757595763
426894.9241407842	4572023.6423418913
426895.8086185641	4572024.1089242063
426896.6930963441	4572024.5755065214
426897.5775741240	4572025.0420888364
426898.4620519039	4572025.5086711515
426899.3465296838	4572025.9752534665
426900.2310074637	4572026.4418357825
426901.1154852436	4572026.9084180975
426901.9999630236	4572027.3750004126
426902.8844408035	4572027.8415827276
426903.7689185834	4572028.3081650427
426904.6482199460	4572028.7844012184
426905.5263039753	4572029.2629076838
426906.4043880046	4572029.7414141493
426907.2824720340	4572030.2199206147
426908.1605560633	4572030.6984270802
426909.0386400926	4572031.1769335456
426909.9167241219	4572031.6554400111
426910.7948081512	4572032.1339464765
426911.6728921805	4572032.6124529419
426912.5509762098	4572033.0909594074
426913.4290602391	4572033.5694658728
426914.3071442684	4572034.0479723383
426915.1852282977	4572034.5264788037
426916.0633123270	4572035.0049852692
426916.9727760633	4572035.4176333481
426917.8975538812	4572035.7981408881
426918.8223316990	4572036.1786484271
426919.7471095168	4572036.5591559671
426920.6718873346	4572036.9396635061
426921.5966651524	4572037.3201710461
426922.5214429702	4572037.7006785860
426923.4462207881	4572038.0811861251
426924.3709986059	4572038.4616936650
426925.2957764237	4572038.8422012040
426926.2205542415	4572039.2227087440
426927.1453320593	4572039.6032162840
426928.0701098771	4572039.9837238230
426928.9948876950	4572040.3642313629
426929.9186594282	4572040.7471378734
426930.8382105826	4572041.1401081961
426931.7577617369	4572041.5330785187
426932.6773128913	4572041.9260488413
426933.5968640457	4572042.3190191640
426934.5164152000	4572042.7119894866
426935.4359663544	4572043.1049598092
426936.3555175088	4572043.4979301319
426937.2750686631	4572043.8909004545
426938.1946198175	4572044.2838707771
426939.1141709718	4572044.6768410997
426940.0337221262	4572045.0698114224
426940.9532732805	4572045.4627817450
426941.8728244349	4572045.8557520686
426942.7923755893	4572046.2487223912
426943.7119267436	4572046.6416927138
426944.6314778980	4572047.0346630365
426945.5510290524	4572047.4276333591
426946.4705802067	4572047.8206036817
426947.3901313611	4572048.2135740044
426948.3096825155	4572048.6065443270
426949.2292336698	4572048.9995146496
426950.1487848242	4572049.3924849723
426951.0683359785	4572049.7854552949
426951.9878871329	4572050.1784256175
426952.9074382872	4572050.5713959401
426953.8269894416	4572050.9643662628
426954.7629766414	4572051.3141171057
426955.7112813411	4572051.6314784084
426956.6595860407	4572051.9488397110
426957.6078907405	4572052.2662010137
426958.5561954401	4572052.5835623173
426959.5045001399	4572052.9009236200
426960.4528048396	4572053.2182849227
426961.4011095393	4572053.5356462253
426962.3494142390	4572053.8530075280
426963.2977189387	4572054.1703688307
426964.2460236384	4572054.4877301333
426965.1943283381	4572054.8050914370
426966.1426330378	4572055.1224527396
426967.0909377375	4572055.4398140423
426968.0392424372	4572055.7571753450
426968.9875471369	4572056.0745366476
426969.9358518366	4572056.3918979503
426970.8841565363	4572056.7092592530
426971.8324612360	4572057.0266205566
426972.7807659357	4572057.3439818593
426973.7290706354	4572057.6613431619
426974.6773753351	4572057.9787044646
426975.6256800348	4572058.2960657673
426976.5739847345	4572058.6134270700
426977.5222894342	4572058.9307883736
426978.4705941339	4572059.2481496762
426979.4188988336	4572059.5655109789
426980.3672035333	4572059.8828722816
426981.3155082330	4572060.2002335843
426982.2638129327	4572060.5175948869
426983.2121176324	4572060.8349561896
426984.1604223321	4572061.1523174932
426985.1087270318	4572061.4696787959
426986.0570317316	4572061.7870400986
426987.0053364312	4572062.1044014012
426987.9536411310	4572062.4217627039
426988.9019458306	4572062.7391240066
426989.8420447725	4572063.0795578081
426990.7777812633	4572063.4322577082
426991.7135177541	4572063.7849576082
426992.6492542450	4572064.1376575092
426993.5849907358	4572064.4903574092
426994.5207272266	4572064.8430573093
426995.4564637175	4572065.1957572103
426996.3922002083	4572065.5484571103
426997.3279366991	4572065.9011570113
426998.2636731899	4572066.2538569113
426999.1759245883	4572066.6633149432
427000.0872951878	4572067.0749016665
427000.9986657874	4572067.4864883889
427001.9100363869	4572067.8980751112
427002.8214069865	4572068.3096618336
427003.7327775861	4572068.7212485569
427004.6441481856	4572069.1328352792
427005.5896607442	4572069.4559178567
427006.5413336201	4572069.7630314138
427007.4930064961	4572070.0701449718
427008.4446793720	4572070.3772585290
427009.3963522479	4572070.6843720870
427010.3480251238	4572070.9914856441
427011.2996979998	4572071.2985992022
427012.2513708757	4572071.6057127593
427013.2030437516	4572071.9128263174
427014.1547166275	4572072.2199398745
427015.1063895035	4572072.5270534316
427016.0580623794	4572072.8341669897
427017.0097352554	4572073.1412805468
427017.9614081313	4572073.4483941048
427018.9130810072	4572073.7555076620
427019.8647538831	4572074.0626212200
427020.8164267590	4572074.3697347771
427021.7680996350	4572074.6768483352
427022.7211059720	4572074.9797599809
427023.6757217394	4572075.2776001003
427024.6303375067	4572075.5754402196
427025.5849532741	4572075.8732803389
427026.5395690414	4572076.1711204583
427027.4941848088	4572076.4689605776
427028.4488005761	4572076.7668006970
427029.4034163435	4572077.0646408163
427030.3580321108	4572077.3624809366
427031.3126478782	4572077.6603210559
427032.2672636455	4572077.9581611753
427033.2218794129	4572078.2560012946
427034.1764951802	4572078.5538414139
427035.1311109475	4572078.8516815333
427036.0857267149	4572079.1495216526
427037.0403424822	4572079.4473617719
427037.9949582495	4572079.7452018913
427038.9495740169	4572080.0430420106
427039.9029608217	4572080.3446794953
427040.8510686422	4572080.6626284858
427041.7991764628	4572080.9805774763
427042.7472842833	4572081.2985264668
427043.6953921038	4572081.6164754583
427044.6434999244	4572081.9344244488
427045.5916077449	4572082.2523734393
427046.5397155654	4572082.5703224298
427047.4878233859	4572082.8882714203
427048.4359312065	4572083.2062204108
427049.3840390270	4572083.5241694022
427050.3321468475	4572083.8421183927
427051.2802546681	4572084.1600673832
427052.2283624886	4572084.4780163737
427053.1764703091	4572084.7959653642
427054.1245781296	4572085.1139143547
427055.0726859502	4572085.4318633452
427056.0207937707	4572085.7498123366
427056.9689015912	4572086.0677613271
427057.9170094118	4572086.3857103176
427058.8651172323	4572086.7036593081
427059.8132250528	4572087.0216082986
427060.7613328733	4572087.3395572891
427061.7094406939	4572087.6575062806
427062.6575485144	4572087.9754552711
427063.6056563349	4572088.2934042616
427064.5537641555	4572088.6113532521
427065.5018719760	4572088.9293022426
427066.4499797965	4572089.2472512331
427067.3980876170	4572089.5652002236
427068.3461954376	4572089.8831492150
427069.2943032581	4572090.2010982055
427070.2424110786	4572090.5190471960
427071.1905188991	4572090.8369961865
427072.1386267197	4572091.1549451770
427073.0867345402	4572091.4728941675
427074.0348423607	4572091.7908431590
427074.9829501813	4572092.1087921495
427075.9310580018	4572092.4267411400
427076.8791658223	4572092.7446901305
427077.8272736428	4572093.0626391210
427078.7753814634	4572093.3805881115
427079.7234892839	4572093.6985371029
427080.6715971044	4572094.0164860934
427081.6197049250	4572094.3344350839
427082.5678127455	4572094.6523840744
427083.5159205660	4572094.9703330649
427084.4640283865	4572095.2882820554
427085.4121362071	4572095.6062310459
427086.3602440276	4572095.9241800373
427087.3083518481	4572096.2421290278
427088.2564596687	4572096.5600780183
427089.2045674892	4572096.8780270088
427090.1526753097	4572097.1959759993
427091.1007831302	4572097.5139249898
427092.0488909508	4572097.8318739813
427092.9969987713	4572098.1498229718
427093.9451065918	4572098.4677719623
427094.8932144123	4572098.7857209528
427095.8413222329	4572099.1036699433
427096.7894300534	4572099.4216189338
427097.7436132253	4572099.7198999245
427098.7058673103	4572099.9920525942
427099.6681213951	4572100.2642052649
427100.6303754801	4572100.5363579355
427101.5926295650	4572100.8085106062
427102.5548836499	4572101.0806632768
427103.5171377348	4572101.3528159475
427104.4793918196	4572101.6249686182
427105.4416459046	4572101.8971212888
427106.4038999895	4572102.1692739585
427107.3661540744	4572102.4414266292
427108.3284081593	4572102.7135792999
427109.2906622442	4572102.9857319705
427110.2529163291	4572103.2578846412
427111.2151704140	4572103.5300373118
427112.1774244989	4572103.8021899825
427113.1396785839	4572104.0743426532
427114.1019326687	4572104.3464953229
427115.0641867537	4572104.6186479935
427116.0264408386	4572104.8908006642
427116.9886949235	4572105.1629533349
427117.9509490084	4572105.4351060055
427118.9120449383	4572105.7113173669
427119.8730175218	4572105.9879609896
427120.8339901052	4572106.2646046113
427121.7949626887	4572106.5412482340
427122.7559352722	4572106.8178918567
427123.7169078556	4572107.0945354793
427124.6778804391	4572107.3711791020
427125.6388530225	4572107.6478227237
427126.5998256059	4572107.9244663464
427127.5607981894	4572108.2011099691
427128.5217707729	4572108.4777535917
427129.4827433563	4572108.7543972135
427130.4437159398	4572109.0310408361
427131.4046885232	4572109.3076844588
427132.3686138389	4572109.5736563578
427133.3351145116	4572109.8303204365
427134.3016151844	4572110.0869845161
427135.2681158572	4572110.3436485948
427136.2346165300	4572110.6003126744
427137.2011172028	4572110.8569767531
427138.1676178756	4572111.1136408327
427139.1341185484	4572111.3703049114
427140.1006192212	4572111.6269689910
427141.0671198940	4572111.8836330697
427142.0336205667	4572112.1402971484
427143.0001212395	4572112.3969612280
427143.9666219123	4572112.6536253067
427144.9331225851	4572112.9102893863
427145.8996232579	4572113.1669534650
427146.8661239307	4572113.4236175446
427147.8326246035	4572113.6802816233
427148.7997243123	4572113.9346113177
427149.7703883835	4572114.1750510419
427150.7410524547	4572114.4154907661
427151.7117165258	4572114.6559304902
427152.6823805970	4572114.8963702144
427153.6530446682	4572115.1368099386
427154.6237087393	4572115.3772496628
427155.5943728105	4572115.6176893869
427156.5650368817	4572115.8581291111
427157.5357009528	4572116.0985688353
427158.5063650240	4572116.3390085595
427159.4770290952	4572116.5794482827
427160.4476931663	4572116.8198880069
427161.4183572376	4572117.0603277311
427162.3890213087	4572117.3007674553
427163.3596853799	4572117.5412071794
427164.3260706805	4572117.7977233222
427165.2878346110	4572118.0716031175
427166.2495985416	4572118.3454829119
427167.2113624721	4572118.6193627063
427168.1731264026	4572118.8932425017
427169.1348903331	4572119.1671222961
427170.0966542636	4572119.4410020905
427171.0584181941	4572119.7148818858
427172.0201821247	4572119.9887616802
427172.9819460552	4572120.2626414746
427173.9437099857	4572120.5365212699
427174.9066576246	4572120.8061782094
427175.8706502428	4572121.0721072080
427176.8346428610	4572121.3380362056
427177.7986354792	4572121.6039652042
427178.7626280975	4572121.8698942019
427179.7266207157	4572122.1358232005
427180.6906133339	4572122.4017521981
427181.6546059521	4572122.6676811967
427182.6167827596	4572122.9396536220
427183.5677058444	4572123.2490809746
427184.5186289292	4572123.5585083282
427185.4695520141	4572123.8679356808
427186.4204750989	4572124.1773630334
427187.3713981838	4572124.4867903870
427188.3223212686	4572124.7962177396
427189.2732443534	4572125.1056450922
427190.2241674382	4572125.4150724458
427191.1750905231	4572125.7244997984
427192.1592682983	4572125.8950186288
427193.1472235299	4572126.0497586047
427194.1351787616	4572126.2044985807
427195.1231339933	4572126.3592385566
427196.1110892250	4572126.5139785334
427197.0990444566	4572126.6687185094
427198.0869996883	4572126.8234584853
427199.0749549199	4572126.9781984612
427200.0629101516	4572127.1329384372
427201.0508653833	4572127.2876784140
427202.0388206149	4572127.4424183900
427203.0254501129	4572127.6045966130
427204.0060307886	4572127.8007127484
427204.9866114643	4572127.9968288830
427205.9671921400	4572128.1929450184
427206.9477728157	4572128.3890611529
427207.9283534914	4572128.5851772884
427208.9089341671	4572128.7812934229
427209.8895148429	4572128.9774095584
427210.8700955186	4572129.1735256938
427211.8506761943	4572129.3696418284
427212.8312568700	4572129.5657579638
427213.8118375457	4572129.7618740983
427214.7779832385	4572130.0180194741
427215.7405236804	4572130.2891576272
427216.7030641222	4572130.5602957793
427217.6656045641	4572130.8314339323
427218.6281450059	4572131.1025720844
427219.5906854478	4572131.3737102374
427220.5532258897	4572131.6448483896
427221.5157663315	4572131.9159865426
427222.4783067734	4572132.1871246947
427223.4408472153	4572132.4582628477
427224.4148999744	4572132.6788356034
427225.3999491870	4572132.8511087839
427226.3849983996	4572133.0233819643
427227.3700476122	4572133.1956551448
427228.3550968248	4572133.3679283261
427229.3401460374	4572133.5402015066
427230.3251952500	4572133.7124746870
427231.3102444625	4572133.8847478675
427232.2952936751	4572134.0570210489
427233.2803428877	4572134.2292942293
427234.2653921003	4572134.4015674097
427235.2504413129	4572134.5738405902
427236.2354905255	4572134.7461137716
427237.2205397380	4572134.9183869520
427238.2055889506	4572135.0906601325
427239.1906381632	4572135.2629333129
427240.1741132402	4572135.1773884539
427241.1569854272	4572134.9930999195
427242.1398576142	4572134.8088113843
427243.1202939659	4572134.7531716134
427244.0954855572	4572134.9745341223
427245.0706771486	4572135.1958966311
427246.0458687399	4572135.4172591390
427247.0210603312	4572135.6386216478
427247.9962519225	4572135.8599841567
427248.9714435139	4572136.0813466655
427249.9466351052	4572136.3027091734
427250.9218266966	4572136.5240716822
427251.8970182879	4572136.7454341911
427252.8722098792	4572136.9667966990
427253.8474014706	4572137.1881592078
427254.8346181923	4572137.3390645105
427255.8280271282	4572137.4536886187
427256.8214360641	4572137.5683127269
427257.8148450000	4572137.6829368342
427258.8082539359	4572137.7975609424
427259.8004594585	4572137.9208159447
427260.7873340414	4572138.0823045131
427261.7742086243	4572138.2437930815
427262.7610832072	4572138.4052816490
427263.7479577901	4572138.5667702174
427264.7348323729	4572138.7282587858
427265.7217069559	4572138.8897473533
427266.7085815388	4572139.0512359217
427267.6954561217	4572139.2127244901
427268.6823307046	4572139.3742130576
427269.6692052874	4572139.5357016260
427270.6560798703	4572139.6971901944
427271.6429544533	4572139.8586787619
427272.6298290362	4572140.0201673303
427273.6167036190	4572140.1816558987
427274.6035782019	4572140.3431444662
427275.5902292634	4572140.5059898086
427276.5767529410	4572140.6696083695
427277.5632766186	4572140.8332269304
427278.5498002962	4572140.9968454922
427279.5363239738	4572141.1604640530
427280.5228476514	4572141.3240826139
427281.5093713290	4572141.4877011748
427282.4958950066	4572141.6513197366
427283.4824186842	4572141.8149382975
427284.4689423618	4572141.9785568584
427285.4554660394	4572142.1421754193
427286.4419897170	4572142.3057939811
427287.4285133946	4572142.4694125419
427288.4150370722	4572142.6330311028
427289.4014559390	4572142.7972731683
427290.3872552102	4572142.9652011199
427291.3730544814	4572143.1331290714
427292.3588537526	4572143.3010570230
427293.3446530238	4572143.4689849745
427294.3304522950	4572143.6369129261
427295.3162515662	4572143.8048408777
427296.3020508374	4572143.9727688292
427297.2878501086	4572144.1406967808
427298.2736493798	4572144.3086247323
427299.2594486510	4572144.4765526839
427300.2452479222	4572144.6444806354
427301.2310471934	4572144.8124085870
427302.2168464646	4572144.9803365385
427303.2026457358	4572145.1482644901
427304.1884450070	4572145.3161924416
427305.1742442782	4572145.4841203932
427306.1600435493	4572145.6520483447
427307.1458428205	4572145.8199762953
427308.1316420918	4572145.9879042469
427309.1174413630	4572146.1558321984
427310.1032406342	4572146.3237601500
427311.0890399054	4572146.4916881016
427312.0802312963	4572146.6219643410
427313.0735386766	4572146.7374651991
427314.0668460569	4572146.8529660581
427315.0601534372	4572146.9684669161
427316.0534608175	4572147.0839677742
427317.0467681978	4572147.1994686322
427318.0400755781	4572147.3149694903
427319.0333829584	4572147.4304703493
427320.0266903386	4572147.5459712073
427321.0199977189	4572147.6614720654
427322.0133050992	4572147.7769729234
427323.0066124795	4572147.8924737815
427323.9999198598	4572148.0079746405
427324.9932272401	4572148.1234754985
427325.9865346204	4572148.2389763566
427326.9798420007	4572148.3544772146
427327.9731493810	4572148.4699780727
427328.9664567613	4572148.5854789307
427329.9599097260	4572148.6997161601
427330.9534582818	4572148.8131236881
427331.9470068376	4572148.9265312152
427332.9405553934	4572149.0399387423
427333.9341039492	4572149.1533462703
427334.9276525050	4572149.2667537974
427335.9212010607	4572149.3801613254
427336.9147496165	4572149.4935688525
427337.9082981723	4572149.6069763796
427338.9018467281	4572149.7203839077
427339.8953952839	4572149.8337914348
427340.8889438397	4572149.9471989628
427341.8824923955	4572150.0606064899
427342.8760409513	4572150.1740140170
427343.8695895071	4572150.2874215450
427344.8631380628	4572150.4008290721
427345.8566866187	4572150.5142366001
427346.8502351744	4572150.6276441272
427347.8437837303	4572150.7410516543
427348.8373322860	4572150.8544591824
427349.8308808418	4572150.9678667095
427350.8244293976	4572151.0812742375
427351.8179779534	4572151.1946817646
427352.8115265092	4572151.3080892917
427353.8050750650	4572151.4214968197
427354.7986236208	4572151.5349043468
427355.7921721766	4572151.6483118748
427356.7857207324	4572151.7617194019
427357.7784883161	4572151.8814086867
427358.7695602745	4572152.0147367530
427359.7606322330	4572152.1480648192
427360.7517041914	4572152.2813928854
427361.7427761498	4572152.4147209516
427362.7338481082	4572152.5480490178
427363.7249200667	4572152.6813770840
427364.7159920251	4572152.8147051502
427365.7070639835	4572152.9480332164
427366.6981359419	4572153.0813612826
427367.6892079003	4572153.2146893479
427368.6802798588	4572153.3480174141
427369.6713518172	4572153.4813454803
427370.6624237756	4572153.6146735465
427371.6534957341	4572153.7480016127
427372.6445676924	4572153.8813296789
427373.6401118445	4572153.9684258383
427374.6383634971	4572154.0275328439
427375.6366151497	4572154.0866398495
427376.6348668023	4572154.1457468551
427377.6331184549	4572154.2048538607
427378.6313701074	4572154.2639608663
427379.6296217600	4572154.3230678728
427380.6278734126	4572154.3821748784
427381.6261250652	4572154.4412818840
427382.6243767177	4572154.5003888896
427383.6226346185	4572154.5593077308
427384.6226083646	4572154.5665539168
427385.6225821106	4572154.5738001037
427386.6225558567	4572154.5810462898
427387.6225296027	4572154.5882924767
427388.6225033488	4572154.5955386627
427389.6224770948	4572154.6027848497
427390.6224508409	4572154.6100310357
427391.6224245869	4572154.6172772227
427392.6223983330	4572154.6245234087
427393.6220363725	4572154.6128387032
427394.6211244794	4572154.5701426305
427395.6202125863	4572154.5274465578
427396.6193006932	4572154.4847504841
427397.6183888002	4572154.4420544114
427398.6174769070	4572154.3993583387
427399.6165650139	4572154.3566622660
427400.6156531208	4572154.3139661923
427401.5955241520	4572154.3689028751
427402.5039050881	4572154.7870464809
427403.4122860242	4572155.2051900867
427404.3206669604	4572155.6233336916
427405.2290478965	4572156.0414772974
427406.1676774996	4572156.2474609297
427407.1567218666	4572156.0998423677
427408.1457662337	4572155.9522238057
427409.1348106008	4572155.8046052428
427410.1238549679	4572155.6569866808
427411.0962927861	4572155.7795221647
427412.0598106957	4572156.0471660290
427413.0233286054	4572156.3148098923
427413.9868465150	4572156.5824537566
427414.9503644246	4572156.8500976199
427415.9247944160	4572156.9334712988
427416.9131661136	4572156.7814141139
427417.9015378112	4572156.6293569300
427418.8899095088	4572156.4772997452
427419.8782812064	4572156.3252425613
427420.8666529041	4572156.1731853765
427421.8550246017	4572156.0211281916
427422.8444932609	4572155.8881988320
427423.8437684262	4572155.9262664570
427424.8430435914	4572155.9643340828
427425.8423187567	4572156.0024017086
427426.8415939220	4572156.0404693335
427427.8408690872	4572156.0785369594
427428.8401442524	4572156.1166045843
427429.8394194177	4572156.1546722101
427430.8384430696	4572156.1987307081
427431.8373926271	4572156.2445540819
427432.8363421845	4572156.2903774558
427433.8352917420	4572156.3362008305
427434.8342412994	4572156.3820242044
427435.8331908569	4572156.4278475791
427436.8321404144	4572156.4736709530
427437.8312470934	4572156.5141539341
427438.8311627728	4572156.5271398518
427439.8310784523	4572156.5401257696
427440.8309941317	4572156.5531116882
427441.8309098110	4572156.5660976060
427442.8308254905	4572156.5790835237
427443.8223249986	4572156.4661698034
427444.8116153621	4572156.3202089295
427445.8009057257	4572156.1742480565
427446.7901960893	4572156.0282871835
427447.7605918753	4572156.1063660262
427448.7114633068	4572156.4159520734
427449.6623347383	4572156.7255381206
427450.6275829351	4572156.8917502221
427451.6209918710	4572156.7771261139
427452.6144008068	4572156.6625020057
427453.6078097427	4572156.5478778984
427454.6024209797	4572156.5796008958
427455.5975790690	4572156.6778881149
427456.5927371583	4572156.7761753332
427457.5878952475	4572156.8744625514
427458.5830533368	4572156.9727497706
427459.5782506431	4572157.0694399895
427460.5770335424	4572157.0201173779
427461.5758164417	4572156.9707947653
427462.5745993410	4572156.9214721527
427463.5733822403	4572156.8721495401
427464.5721651396	4572156.8228269285
427465.5707220726	4572156.8126065927
427466.5688682280	4572156.8734691627
427467.5670143834	4572156.9343317337
427468.5651605388	4572156.9951943038
427469.5633066942	4572157.0560568739
427470.5614528496	4572157.1169194449
427471.5595990049	4572157.1777820149
427472.5577451603	4572157.2386445850
427473.5558913157	4572157.2995071560
427474.5540374712	4572157.3603697261
427475.5521836265	4572157.4212322962
427476.5503297819	4572157.4820948672
427477.4953679553	4572157.1799573312
427478.4342442712	4572156.8357026819
427479.4136729735	4572156.7028994951
427480.4132944325	4572156.6753869783
427481.4129158916	4572156.6478744615
427482.4125373507	4572156.6203619437
427483.4121588097	4572156.5928494269
427484.4117802688	4572156.5653369101
427485.4114017278	4572156.5378243923
427486.4109223168	4572156.5080841165
427487.4089397533	4572156.4451460801
427488.4069571898	4572156.3822080437
427489.4049746263	4572156.3192700073
427490.4029920628	4572156.2563319709
427491.4010094993	4572156.1933939345
427492.3990269358	4572156.1304558972
427493.3970443723	4572156.0675178608
427494.3945502024	4572156.0500022778
427495.3908968515	4572156.1354034189
427496.3872435005	4572156.2208045600
427497.3835901495	4572156.3062057020
427498.3799367986	4572156.3916068431
427499.3712897133	4572156.3700247696
427500.3553487683	4572156.1921827709
427501.3394078232	4572156.0143407732
427502.3234668782	4572155.8364987755
427503.3075259333	4572155.6586567769
427504.2915849883	4572155.4808147792
427505.2833108182	4572155.4230202334
427506.2819984794	4572155.4742350299
427507.2806861406	4572155.5254498264
427508.2793738018	4572155.5766646229
427509.2780614629	4572155.6278794194
427510.2759536246	4572155.6634192187
427511.2643253158	4572155.5113619920
427512.2526970070	4572155.3593047662
427513.2410686983	4572155.2072475404
427514.2294403895	4572155.0551903145
427515.2178120807	4572154.9031330878
427516.2127126502	4572154.8256966379
427517.2124729782	4572154.8038040260
427518.2122333063	4572154.7819114150
427519.2119936343	4572154.7600188032
427520.2117539624	4572154.7381261913
427521.2115142904	4572154.7162335794
427522.2112746185	4572154.6943409676
427523.2110349465	4572154.6724483557
427524.2107952746	4572154.6505557438
427525.2105518909	4572154.6285215467
427526.2100860449	4572154.5980014727
427527.2096201990	4572154.5674813977
427528.2091543529	4572154.5369613227
427529.2086885069	4572154.5064412486
427530.2082226610	4572154.4759211736
427531.2077568150	4572154.4454010986
427532.2072909690	4572154.4148810245
427533.2068251230	4572154.3843609495
427534.2063592770	4572154.3538408745
427535.1875106390	4572154.5305270320
427536.1660604240	4572154.7365375124
427537.1446102090	4572154.9425479937
427538.1231599940	4572155.1485584741
427539.1166383949	4572155.1229204787
427540.1135365435	4572155.0442179935
427541.1104346922	4572154.9655155083
427542.1073328409	4572154.8868130231
427543.1042309895	4572154.8081105379
427544.0942894371	4572154.6776409941
427545.0774194866	4572154.4947330775
427546.0605495361	4572154.3118251618
427547.0436795856	4572154.1289172461
427548.0268096351	4572153.9460093295
427549.0099396846	4572153.7631014138
427549.9930697341	4572153.5801934972
427550.9761997836	4572153.3972855816
427551.9593298331	4572153.2143776650
427552.9472545387	4572153.0679369140
427553.9442518107	4572152.9905002331
427554.9412490826	4572152.9130635522
427555.9382463547	4572152.8356268704
427556.9352436267	4572152.7581901895
427557.9322408987	4572152.6807535077
427558.9292381707	4572152.6033168267
427559.9255206620	4572152.5189219015
427560.9174395865	4572152.3920485508
427561.9093585111	4572152.2651752001
427562.9012774356	4572152.1383018494
427563.8931963602	4572152.0114284987
427564.8851152847	4572151.8845551480
427565.8777334002	4572151.7730232747
427566.8770808243	4572151.8091442659
427567.8764282483	4572151.8452652572
427568.8757756724	4572151.8813862475
427569.8751230965	4572151.9175072387
427570.8744705206	4572151.9536282299
427571.8713674519	4572151.9389604675
427572.8625953525	4572151.8067967473
427573.8538232532	4572151.6746330271
427574.8462077240	4572151.5573851140
427575.8459609018	4572151.5351683768
427576.8457140796	4572151.5129516395
427577.8454672575	4572151.4907349022
427578.8452204353	4572151.4685181649
427579.8449736132	4572151.4463014277
427580.8447267910	4572151.4240846904
427581.8379040896	4572151.3132458292
427582.8299875622	4572151.1876656432
427583.8220710350	4572151.0620854562
427584.8141545076	4572150.9365052702
427585.8062379803	4572150.8109250832
427586.7945904226	4572150.6627450082
427587.7743944814	4572150.4627849963
427588.7541985402	4572150.2628249843
427589.7340025990	4572150.0628649723
427590.7138066578	4572149.8629049612
427591.6936107166	4572149.6629449492
427592.6734147754	4572149.4629849372
427593.6585009774	4572149.2989494279
427594.6543941838	4572149.2084136819
427595.6502873902	4572149.1178779360
427596.6461805968	4572149.0273421900
427597.6420738032	4572148.9368064441
427598.6379670096	4572148.8462706981
427599.6338602162	4572148.7557349522
427600.6297534226	4572148.6651992053
427601.6256466290	4572148.5746634593
427602.6134199401	4572148.4209901253
427603.5998138640	4572148.2565911384
427604.5862077878	4572148.0921921507
427605.5726017116	4572147.9277931638
427606.5589956354	4572147.7633941760
427607.5453895593	4572147.5989951892
427608.5352121608	4572147.4588946104
427609.5285823112	4572147.3439348601
427610.5219524617	4572147.2289751098
427611.5153226121	4572147.1140153594
427612.5086927625	4572146.9990556091
427613.5020629130	4572146.8840958588
427614.4954330634	4572146.7691361085
427615.4888032139	4572146.6541763581
427616.4821733643	4572146.5392166078
427617.4755435148	4572146.4242568575
427618.4689136652	4572146.3092971072
427619.4622838157	4572146.1943373568
427620.4556539661	4572146.0793776065
427621.4490241166	4572145.9644178562
427622.4423942670	4572145.8494581059
427623.4357644175	4572145.7344983555
427624.4291345679	4572145.6195386052
427625.4225047184	4572145.5045788549
427626.4158748688	4572145.3896191046
427627.4092450193	4572145.2746593542
427628.4026151697	4572145.1596996039
427629.3959853202	4572145.0447398536
427630.3893554706	4572144.9297801033
427631.3827256211	4572144.8148203529
427632.3766869068	4572144.7051148033
427633.3707677687	4572144.5964720864
427634.3648486306	4572144.4878293695
427635.3589294925	4572144.3791866526
427636.3530103544	4572144.2705439348
427637.3470912163	4572144.1619012179
427638.3411720782	4572144.0532585010
427639.3352529402	4572143.9446157841
427640.3293338021	4572143.8359730663
427641.3234146640	4572143.7273303494
427642.3174955259	4572143.6186876325
427643.3115763878	4572143.5100449156
427644.3056572497	4572143.4014021987
427645.3054652224	4572143.3833311554
427646.3053131479	4572143.3658919474
427647.3051610733	4572143.3484527394
427648.3050089987	4572143.3310135314
427649.3048569242	4572143.3135743234
427650.3047048496	4572143.2961351145
427651.3045527751	4572143.2786959065
427652.3044007006	4572143.2612566985
427653.3042486260	4572143.2438174905
427654.3040965515	4572143.2263782825
427655.3039444769	4572143.2089390745
427656.3037924023	4572143.1914998656
427657.3024333931	4572143.2434178861
427658.3010691942	4572143.2956341365
427659.2997049952	4572143.3478503879
427660.2983407962	4572143.4000666393
427661.2969765973	4572143.4522828897
427662.2956123983	4572143.5044991411
427663.2942481994	4572143.5567153916
427664.2928840004	4572143.6089316430
427665.2915198014	4572143.6611478943
427666.2901556025	4572143.7133641448
427667.2880057408	4572143.7767453538
427668.2841128577	4572143.8648964260
427669.2802199747	4572143.9530474981
427670.2763270916	4572144.0411985712
427671.2724342086	4572144.1293496434
427672.2685413255	4572144.2175007155
427673.2646484425	4572144.3056517877
427674.2607555595	4572144.3938028598
427675.2464997407	4572144.3499710495
427676.2166422408	4572144.1074354239
427677.1867847410	4572143.8648997992
427678.1569272412	4572143.6223641736
427678.9412206272	4572143.1412872598
427679.4136399314	4572142.2599133318
427679.8860592355	4572141.3785394039
427680.3584785396	4572140.4971654760
427680.7758493003	4572139.5886180513
427681.1882066989	4572138.6775958911
427681.6005640975	4572137.7665737318
427682.0129214962	4572136.8555515716
427682.4252788949	4572135.9445294114
427682.8376362935	4572135.0335072521
427683.2499936921	4572134.1224850919
427683.6623510908	4572133.2114629326
427684.0747084894	4572132.3004407724
427684.4870658881	4572131.3894186122
427684.8994232867	4572130.4783964530
427685.3117806854	4572129.5673742928
427685.7241380840	4572128.6563521326
427686.2608172063	4572127.8126304159
427686.7981755306	4572126.9692763798
427687.3355338549	4572126.1259223428
427687.8728921792	4572125.2825683057
427688.4102505035	4572124.4392142696
427688.9476088278	4572123.5958602326
427689.4849671521	4572122.7525061956
427690.0223254765	4572121.9091521595
427690.5596838008	4572121.0657981224
427691.0970421251	4572120.2224440854
427691.6344004494	4572119.3790900484
427692.1717587737	4572118.5357360123
427692.7091170980	4572117.6923819752
427693.2464754224	4572116.8490279382
427693.7838337466	4572116.0056739021
427694.3211920710	4572115.1623198651
427694.8137958078	4572114.2944020089
427695.2366812731	4572113.3882188695
427695.6595667384	4572112.4820357291
427696.0824522037	4572111.5758525888
427696.5053376690	4572110.6696694493
427696.9282231343	4572109.7634863090
427697.3511085996	4572108.8573031696
427697.7739940649	4572107.9511200292
427698.1968795302	4572107.0449368889
427698.6197649955	4572106.1387537494
427699.0426504608	4572105.2325706091
427699.4655359261	4572104.3263874687
427699.8884213914	4572103.4202043293
427700.3113068567	4572102.5140211890
427700.7341923220	4572101.6078380495
427701.1570777873	4572100.7016549092
427701.5799632526	4572099.7954717688
427702.0028487179	4572098.8892886294
427702.4257341832	4572097.9831054891
427702.8486196485	4572097.0769223487
427703.2715051138	4572096.1707392093
427703.7490722979	4572095.2924394244
427704.2341731908	4572094.4179812353
427704.7192740838	4572093.5435230471
427705.2043749767	4572092.6690648580
427705.6894758697	4572091.7946066698
427706.1745767627	4572090.9201484807
427706.6596776556	4572090.0456902925
427707.1447785486	4572089.1712321043
427707.6298794416	4572088.2967739152
427708.1149803346	4572087.4223157270
427708.6000812275	4572086.5478575379
427709.0851821205	4572085.6733993497
427709.5702830135	4572084.7989411606
427710.0553839064	4572083.9244829724
427710.5404847994	4572083.0500247832
427711.0255856924	4572082.1755665950
427711.5106865854	4572081.3011084059
427711.9957874783	4572080.4266502177
427712.4808883713	4572079.5521920295
427713.0091855571	4572078.7048993167
427713.5872028980	4572077.8888748353
427714.1652202389	4572077.0728503549
427714.7432375798	4572076.2568258736
427715.3212549208	4572075.4408013923
427715.8992722617	4572074.6247769119
427716.4772896026	4572073.8087524306
