%x	y
427716.1601058396	4572071.1063539730
427715.8080415415	4572072.0423297901
427715.4559772433	4572072.9783056071
427715.1039129452	4572073.9142814241
427714.7518486470	4572074.8502572412
427714.3997843488	4572075.7862330582
427714.0477200506	4572076.7222088752
427713.6956557525	4572077.6581846923
427713.3435914543	4572078.5941605084
427712.9915271562	4572079.5301363254
427712.6394628580	4572080.4661121424
427712.2873985598	4572081.4020879595
427711.9353342616	4572082.3380637765
427711.5832699635	4572083.2740395935
427711.2312056654	4572084.2100154106
427710.8791413672	4572085.1459912276
427710.4162124992	4572086.0304606752
427709.9279808491	4572086.9031747505
427709.4397491990	4572087.7758888248
427708.9515175488	4572088.6486028992
427708.4632858987	4572089.5213169735
427707.9750542486	4572090.3940310478
427707.4868225985	4572091.2667451231
427706.9985909484	4572092.1394591974
427706.5103592982	4572093.0121732717
427706.0221276481	4572093.8848873461
427705.5338959980	4572094.7576014204
427705.0456643478	4572095.6303154947
427704.5574326978	4572096.5030295700
427704.0692010476	4572097.3757436443
427703.5809693975	4572098.2484577186
427703.0927377474	4572099.1211717930
427702.6045060972	4572099.9938858673
427702.1162744471	4572100.8665999416
427701.6280427970	4572101.7393140169
427701.1398111469	4572102.6120280912
427700.6515794968	4572103.4847421655
427700.1718139911	4572104.3620734410
427699.7025082751	4572105.2451091958
427699.2332025591	4572106.1281449515
427698.7638968431	4572107.0111807063
427698.2945911271	4572107.8942164620
427697.8252854111	4572108.7772522168
427697.3559796951	4572109.6602879716
427696.8866739791	4572110.5433237273
427696.4173682631	4572111.4263594821
427695.9480625472	4572112.3093952378
427695.4787568312	4572113.1924309926
427695.0094511152	4572114.0754667483
427694.5401453992	4572114.9585025031
427694.0708396833	4572115.8415382588
427693.6015339673	4572116.7245740136
427693.1322282513	4572117.6076097684
427692.6629225353	4572118.4906455241
427692.1936168194	4572119.3736812789
427691.7243111034	4572120.2567170346
427691.2550053874	4572121.1397527894
427690.7856996714	4572122.0227885451
427690.3146878386	4572122.9049111316
427689.8402157657	4572123.7851816881
427689.3657436929	4572124.6654522438
427688.8912716200	4572125.5457228003
427688.4167995471	4572126.4259933569
427687.9423274743	4572127.3062639125
427687.4678554014	4572128.1865344690
427686.9933833285	4572129.0668050246
427686.5189112556	4572129.9470755812
427686.0444391828	4572130.8273461377
427685.5699671099	4572131.7076166933
427685.0954950370	4572132.5878872499
427684.6210229642	4572133.4681578055
427684.1465508912	4572134.3484283620
427683.6720788184	4572135.2286989186
427683.1976067455	4572136.1089694742
427682.7231346726	4572136.9892400308
427682.2486625998	4572137.8695105864
427681.7741905269	4572138.7497811429
427681.2997184540	4572139.6300516995
427680.8252463811	4572140.5103222551
427680.3200826318	4572141.3724187789
427679.7763413295	4572142.2116716579
427679.2326000271	4572143.0509245377
427678.6888587247	4572143.8901774175
427678.1451174224	4572144.7294302974
427677.6013761201	4572145.5686831772
427677.0576348178	4572146.4079360571
427676.5138935154	4572147.2471889369
427675.9701522130	4572148.0864418158
427675.4264109107	4572148.9256946957
427674.8826696084	4572149.7649475755
427674.1757314221	4572150.3987997808
427673.2352951164	4572150.7387697138
427672.2948588106	4572151.0787396459
427671.3544225049	4572151.4187095780
427670.4139861992	4572151.7586795101
427669.4735498934	4572152.0986494422
427668.5331135877	4572152.4386193743
427667.5910209423	4572152.7693083407
427666.5910409705	4572152.7756373286
427665.5910609988	4572152.7819663156
427664.5910810270	4572152.7882953025
427663.5911010552	4572152.7946242895
427662.5911210835	4572152.8009532765
427661.5932068790	4572152.8621434690
427660.5955825934	4572152.9310331261
427659.5979583078	4572152.9999227822
427658.6003340222	4572153.0688124392
427657.6027097366	4572153.1377020953
427656.6050854510	4572153.2065917524
427655.6074611654	4572153.2754814085
427654.6098368798	4572153.3443710655
427653.6122125942	4572153.4132607216
427652.6145883086	4572153.4821503786
427651.6169640230	4572153.5510400347
427650.6193397374	4572153.6199296918
427649.6225989695	4572153.6968624434
427648.6338091240	4572153.8461763458
427647.6450192786	4572153.9954902492
427646.6562294332	4572154.1448041517
427645.6674395878	4572154.2941180551
427644.6786497424	4572154.4434319576
427643.6898598970	4572154.5927458610
427642.7010700515	4572154.7420597635
427641.7122802062	4572154.8913736669
427640.7234903607	4572155.0406875694
427639.7569366455	4572155.2642070223
427638.8489772608	4572155.6832651999
427637.9410178762	4572156.1023233766
427637.0330584916	4572156.5213815542
427636.0767816423	4572156.7536875131
427635.0795138878	4572156.8275591983
427634.0816372668	4572156.7957281433
427633.0835846883	4572156.7333498569
427632.0855321098	4572156.6709715715
427631.0874795313	4572156.6085932851
427630.0894269528	4572156.5462149996
427629.0913743743	4572156.4838367132
427628.0933217958	4572156.4214584278
427627.0952692174	4572156.3590801414
427626.0972166389	4572156.2967018550
427625.1036305726	4572156.1957090097
427624.1176920150	4572156.0286007794
427623.1317534574	4572155.8614925491
427622.1458148998	4572155.6943843188
427621.1598763422	4572155.5272760885
427620.1739377846	4572155.3601678582
427619.1879992271	4572155.1930596279
427618.2020606695	4572155.0259513976
427617.2167751496	4572154.8550679246
427616.2319915908	4572154.6812825901
427615.2472080321	4572154.5074972566
427614.2624244733	4572154.3337119222
427613.2766995113	4572154.1725938851
427612.2770455919	4572154.1989005674
427611.2773916726	4572154.2252072496
427610.2777377533	4572154.2515139319
427609.2780838339	4572154.2778206151
427608.2803207954	4572154.3214904731
427607.2984374238	4572154.5109767383
427606.3165540521	4572154.7004630025
427605.3346706805	4572154.8899492668
427604.3527873088	4572155.0794355320
427603.3709039372	4572155.2689217962
427602.3890205656	4572155.4584080614
427601.4071371939	4572155.6478943257
427600.4161417662	4572155.7102062879
427599.4172736286	4572155.6626411378
427598.4184054908	4572155.6150759887
427597.4476403774	4572155.3925507953
427596.4841224677	4572155.1249069311
427595.5082093034	4572154.9309374122
427594.5101567249	4572154.8685591267
427593.5821440828	4572155.0043295212
427592.8449899428	4572155.6800541496
427592.0849204482	4572156.3224837463
427591.1904932572	4572156.7696973411
427590.2960660662	4572157.2169109369
427589.3158034851	4572157.3005199851
427588.3158034851	4572157.3005199851
427587.3158034851	4572157.3005199851
427586.3395504653	4572157.2161210086
427585.4862686318	4572156.6946709994
427584.6329867982	4572156.1732209893
427583.7375713638	4572155.7452337584
427582.7817923553	4572155.4511479093
427581.8527652486	4572155.6034157854
427580.9389537003	4572156.0095542520
427580.0218562578	4572156.4066421688
427579.0603323100	4572156.6813632958
427578.0988083622	4572156.9560844237
427577.1759868972	4572157.3065955807
427576.3896685583	4572157.9244171325
427575.6033502195	4572158.5422386844
427574.6710336634	4572158.8888677619
427573.7223503653	4572159.2050955277
427572.7784343465	4572158.9778116457
427571.8354440128	4572158.6449915282
427570.9160837924	4572158.2565092221
427569.9887896523	4572157.9279557420
427568.9917351667	4572157.8512592455
427567.9949961184	4572157.8736110907
427567.0011813672	4572157.9692786634
427566.0594394557	4572158.3056150600
427565.1176975442	4572158.6419514576
427564.1759556327	4572158.9782878552
427563.2458904669	4572159.3404202694
427562.3717331902	4572159.8260631999
427561.3972183066	4572159.9911234463
427560.4096945349	4572160.1408390971
427559.4424478703	4572160.2211286929
427558.5320813933	4572159.8073257469
427557.6315060984	4572159.3729993133
427556.7370789072	4572158.9257857176
427555.8129202947	4572158.6045164447
427554.8206464751	4572158.6446352731
427553.8921697841	4572159.0160259493
427552.9636930931	4572159.3874166254
427552.0477474641	4572159.7860804787
427551.1611626179	4572160.2486464856
427550.2745777717	4572160.7112124925
427549.3879929256	4572161.1737784995
427548.5014080794	4572161.6363445055
427547.6148232332	4572162.0989105124
427546.7282383871	4572162.5614765193
427546.2955286846	4572162.2442348115
427546.2598371541	4572161.2448719572
427546.2241456236	4572160.2455091020
427546.1884540931	4572159.2461462477
427545.3050378116	4572159.0894846348
427544.3059047385	4572159.0478540892
427543.3067716654	4572159.0062235445
427542.3346780439	4572159.1972867418
427541.3717140242	4572159.4669166682
427540.4087500046	4572159.7365465937
427539.4409964204	4572159.8299377514
427538.4648093602	4572159.6130072931
427537.4886223001	4572159.3960768348
427536.5826646803	4572159.7986887489
427535.6798041616	4572160.2286223294
427534.7769436429	4572160.6585559100
427533.8740831242	4572161.0884894906
427532.9712226055	4572161.5184230711
427532.0683620867	4572161.9483566517
427531.0857657770	4572162.1055122502
427530.0934879003	4572162.2295469847
427529.1012100235	4572162.3535817191
427528.1089321468	4572162.4776164545
427527.1166542701	4572162.6016511889
427526.1243763934	4572162.7256859234
427525.1320985166	4572162.8497206578
427524.1398206399	4572162.9737553913
427523.1475427632	4572163.0977901258
427522.1552648864	4572163.2218248602
427521.1603785919	4572163.3143427027
427520.1612105388	4572163.3551250724
427519.1620424857	4572163.3959074421
427518.1628744327	4572163.4366898118
427517.1637063796	4572163.4774721814
427516.1645383265	4572163.5182545511
427515.1653702734	4572163.5590369208
427514.2032315092	4572163.2894687047
427513.2417075617	4572163.0147475768
427512.2755549724	4572162.7899711123
427511.2799207464	4572162.8833118221
427510.2842865204	4572162.9766525310
427509.2886522944	4572163.0699932408
427508.2930180684	4572163.1633339496
427507.3551434529	4572163.5047809398
427506.4206557179	4572163.8607762670
427505.4853655086	4572164.2097768318
427504.4945353405	4572164.0746636270
427503.5037051725	4572163.9395504221
427502.5128750045	4572163.8044372182
427501.5220448364	4572163.6693240134
427500.5312146683	4572163.5342108086
427499.5570782677	4572163.3396967780
427498.6409209326	4572162.9388779439
427497.7247635975	4572162.5380591108
427496.7292720803	4572162.5165058253
427495.7292720803	4572162.5165058235
427494.7618759330	4572162.7685132781
427493.7948013959	4572163.0230065770
427492.8910457266	4572163.4141097348
427492.0718138062	4572163.9875720795
427491.1750419417	4572164.4245942393
427490.2631204367	4572164.8349589175
427489.3511989318	4572165.2453235956
427488.3563644298	4572165.3327829670
427487.3595491512	4572165.4125281880
427486.3627338726	4572165.4922734099
427485.4207740694	4572165.2374878051
427484.5016290393	4572164.8435685067
427483.5784997969	4572164.4591322029
427482.6538216985	4572164.0783823971
427481.7263465559	4572163.7046581041
427480.7930009497	4572163.3456790242
427479.8518876056	4572163.3286568625
427478.9032043076	4572163.6448846282
427477.9519435262	4572163.9531297265
427476.9974635482	4572164.2514047194
427476.0429835702	4572164.5496797124
427475.0885035922	4572164.8479547054
427474.1307338278	4572165.1225303989
427473.1310988579	4572165.0955132376
427472.1314638880	4572165.0684960773
427471.1318289181	4572165.0414789161
427470.1321939482	4572165.0144617548
427469.1495254398	4572164.9040364744
427468.2187739467	4572164.5383841014
427467.2880224535	4572164.1727317283
427466.3572709604	4572163.8070793552
427465.4259318577	4572163.4429337727
427464.4933637593	4572163.0819396703
427463.5607956610	4572162.7209455688
427462.6282275626	4572162.3599514663
427461.6956594643	4572161.9989573639
427460.7085157499	4572162.1491200142
427459.7207527845	4572162.3050825875
427458.7489820738	4572162.5294253351
427457.7945020959	4572162.8277003281
427456.8400221180	4572163.1259753220
427455.8855421400	4572163.4242503149
427454.9261141087	4572163.6901026396
427453.9261141087	4572163.6901026396
427452.9261141087	4572163.6901026396
427451.9261141087	4572163.6901026396
427450.9289742669	4572163.6566800438
427449.9435141512	4572163.4867731268
427448.9580540355	4572163.3168662107
427447.9725939199	4572163.1469592936
427446.9819840457	4572163.0307727447
427445.9821922273	4572163.0103688296
427444.9824004088	4572162.9899649145
427443.9826085904	4572162.9695610004
427442.9828167719	4572162.9491570853
427441.9830249534	4572162.9287531711
427440.9832331350	4572162.9083492560
427439.9862435846	4572162.9839212894
427438.9893454360	4572163.0626237756
427437.9924472873	4572163.1413262608
427436.9955491387	4572163.2200287469
427435.9986509900	4572163.2987312321
427435.0096971896	4572163.1508883219
427434.0207608368	4572163.0025478685
427433.0278345017	4572162.9077047631
427432.0278345017	4572162.9077047631
427431.0372348708	4572162.9449904179
427430.1431754908	4572163.3720832812
427429.1455451623	4572163.4408853725
427428.1526472610	4572163.4466276513
427427.1764602006	4572163.2296971940
427426.1933075406	4572163.0535781132
427425.2004307021	4572162.9344328931
427424.3422446070	4572163.3525209464
427423.4975705937	4572162.8495034585
427422.8797490417	4572162.0631851200
427422.0024179691	4572161.7356748804
427421.0704132978	4572162.0981211420
427420.1229810011	4572162.4178155847
427419.1715052442	4572162.4380164091
427418.2403729439	4572162.0818361845
427417.3459457531	4572161.6346225897
427416.3793171062	4572161.4094417421
427415.3950196625	4572161.2332025627
427414.4121474755	4572161.0489140274
427413.4666698097	4572161.1540000299
427412.5532141141	4572161.5425771056
427411.5540131554	4572161.5825451445
427410.5913066431	4572161.4211282907
427409.6669726608	4572161.0400515264
427408.7239823269	4572160.7072314098
427407.7809919931	4572160.3744112933
427406.7937874655	4572160.2997118449
427405.8404173604	4572160.0425634598
427404.9040881830	4572159.6914400179
427403.9677590057	4572159.3403165760
427403.2174144850	4572158.6846790612
427402.2280516219	4572158.5724258889
427401.2330144317	4572158.4729221696
427400.2379772415	4572158.3734184513
427399.2452264850	4572158.4334897688
427398.2534486183	4572158.5614611050
427397.3215597668	4572158.8916572351
427396.4200367098	4572159.3243883038
427395.4662135339	4572159.5470595947
427394.5175302358	4572159.2308318289
427393.5906021367	4572158.8580247853
427392.6589549450	4572158.4968791213
427391.7135819633	4572158.1708884388
427390.9513045714	4572157.5936070643
427390.3513045715	4572156.7936070636
427389.6537462492	4572156.1631294331
427388.6610185235	4572156.0804056339
427387.6710690297	4572156.2218269892
427386.8508168761	4572156.7411378212
427385.9769730682	4572157.1987811746
427385.0076639597	4572157.3447542321
427384.0084630010	4572157.3047861932
427383.0442786715	4572157.0504073221
427382.1075576436	4572156.7150531206
427381.2562232646	4572156.2026441004
427380.6896944417	4572155.3786021760
427379.8196867036	4572154.9539309181
427378.8740001045	4572154.6288511492
427377.8974823447	4572154.4555736315
427376.8999072439	4572154.3859753683
427375.9023321430	4572154.3163771061
427374.9124475352	4572154.4235674785
427373.9453823340	4572154.6644113064
427372.9966990361	4572154.9806390721
427372.0480157382	4572155.2968668388
427371.0653334587	4572155.2172969747
427370.0766179546	4572155.0674915947
427369.1119939383	4572154.8144277288
427368.2037763113	4572154.4400728140
427367.5171527778	4572153.7130596619
427366.7783538133	4572153.0426911656
427365.9974850042	4572152.4179961178
427365.0255765972	4572152.4131088248
427364.0321257095	4572152.5145083340
427363.0547115442	4572152.7258411273
427362.0772973789	4572152.9371739207
427361.0837266363	4572152.9973316668
427360.0937229616	4572152.9572522696
427359.2108505725	4572152.4876392959
427358.3279781834	4572152.0180263231
427357.4451057943	4572151.5484133502
427356.6326763904	4572150.9739992935
427355.8644551106	4572150.3338148938
427355.0805415848	4572149.7415995337
427354.0870530408	4572149.8163670730
427353.2870530412	4572150.4163670735
427352.5339325005	4572151.0726542324
427351.6709083005	4572151.5227033822
427350.7039376889	4572151.7585350294
427349.7039376889	4572151.7585350294
427348.7361277981	4572151.5476057678
427348.2961385534	4572150.8225273695
427348.1924020319	4572149.8280104706
427347.6221624484	4572149.0567985233
427346.8352980620	4572148.4643975561
427345.9262332392	4572148.0477428455
427344.9937315988	4572148.1342685083
427344.0352639582	4572148.4003943764
427343.0413802234	4572148.5108259022
427342.0474964887	4572148.6212574271
427341.0955406151	4572148.5268488415
427340.2249777760	4572148.0347915851
427339.3396803504	4572147.5704221874
427338.4452531595	4572147.1232085917
427337.4745871180	4572146.9989479491
427336.4750557643	4572146.9825319489
427335.4766844299	4572146.9254821585
427334.4783374357	4572146.8688823907
427333.4919435120	4572147.0332813784
427332.4998941951	4572147.1293475954
427331.5997099931	4572146.8511273470
427330.8277638693	4572146.2154396679
427330.0468950593	4572145.5907446211
427329.1059419430	4572145.3557087686
427328.1086689474	4572145.3037525527
427327.1230900242	4572145.4095500186
427326.1694203489	4572145.7040333934
427325.2393029244	4572146.0093571069
427324.2404347866	4572145.9617919577
427323.2575314490	4572145.7845430514
427322.2769507733	4572145.5884269169
427321.3844351155	4572145.1863531917
427320.5652031951	4572144.6128908470
427319.7848543756	4572144.0005454021
427319.0568494245	4572143.4809662942
427318.0568794693	4572143.4887180002
427317.0569095143	4572143.4964697054
427316.0569395592	4572143.5042214105
427315.0569696041	4572143.5119731156
427314.0569996491	4572143.5197248207
427313.0570296939	4572143.5274765268
427312.0570597389	4572143.5352282319
427311.0570897838	4572143.5429799370
427310.0591982578	4572143.4800768383
427309.0614131000	4572143.4135578275
427308.2713336011	4572143.0454077525
427307.2734986696	4572143.1013100445
427306.2878764147	4572143.2702738587
427305.3022541599	4572143.4392376738
427304.3062718447	4572143.5111125065
427303.3071889489	4572143.5539303450
427302.3081060531	4572143.5967481835
427301.3090231573	4572143.6395660220
427300.3251198239	4572143.5965876123
427299.4013777103	4572143.2135725897
427298.4776355967	4572142.8305575661
427297.5304361546	4572142.5653599873
427296.5304361546	4572142.5653599873
427295.5304361546	4572142.5653599864
427294.5304361546	4572142.5653599864
427293.5315481124	4572142.6120886710
427292.5347429210	4572142.6885513589
427291.5392474483	4572142.7833604505
427290.5437519757	4572142.8781695431
427289.6444236370	4572142.4885625262
427288.6960369942	4572142.2200693088
427287.7057804154	4572142.0808144780
427286.7155238365	4572141.9415596463
427285.7252672576	4572141.8023048155
427284.7311825530	4572141.7177622877
427283.7311825530	4572141.7177622877
427282.7311825530	4572141.7177622886
427281.7395351936	4572141.6519689336
427280.7712578699	4572141.4020909145
427279.7984120361	4572141.1773307007
427278.8041608958	4572141.0702575007
427277.8099097556	4572140.9631843008
427276.8156586154	4572140.8561111009
427275.8214074751	4572140.7490379009
427274.8283098318	4572140.6317897523
427273.8353215575	4572140.5135768633
427272.8412417884	4572140.4137658291
427271.8412417884	4572140.4137658281
427270.8412440492	4572140.4139015162
427269.8417991422	4572140.4472163459
427268.8423615727	4572140.4807376666
427267.8430728104	4572140.5184466764
427266.8437840481	4572140.5561556872
427265.8444952858	4572140.5938646980
427264.9669200378	4572140.2502811719
427264.1894875252	4572139.6217450714
427263.3372096200	4572139.1599041373
427262.3685064040	4572139.3058676273
427261.5110134776	4572139.8203633819
427260.5595500957	4572139.6719874628
427259.5928448679	4572139.4160949020
427258.6143765552	4572139.2157416614
427257.6269359231	4572139.0577511610
427256.9252039026	4572138.3689183639
427256.0743819732	4572137.8567258595
427255.4382484768	4572138.5035984293
427254.5431075086	4572138.8952197423
427253.5789516199	4572138.6786219869
427252.7456350475	4572138.1402217345
427252.1910445189	4572137.3145860499
427251.7081763553	4572136.5197382728
427250.7243064451	4572136.6986237103
427249.7404365350	4572136.8775091488
427248.7436101743	4572136.9499605140
427247.7455575958	4572137.0123388004
427246.7537277213	4572137.1366042225
427245.7632354481	4572137.2741725938
427244.7686540343	4572137.3635344664
427243.7691419582	4572137.3947692188
427242.7770407450	4572137.3404327584
427241.7977803254	4572137.1378271552
427240.9635462887	4572136.6912264768
427240.2977386648	4572135.9461189825
427239.5906318836	4572135.2390122013
427238.6903689911	4572134.8301684102
427237.7307049858	4572134.6109815817
427236.7314061101	4572134.6348404121
427235.7331317368	4572134.6935624331
427234.7469130304	4572134.8080347665
427233.8135674242	4572135.1670138454
427232.8709158920	4572135.2881062021
427231.9123795358	4572135.0031359345
427230.9538431796	4572134.7181656659
427230.4169778793	4572133.9208581643
427229.8679354707	4572133.1008224338
427229.1269485192	4572132.4293030091
427228.3859615677	4572131.7577835843
427227.6002340297	4572131.1436589425
427226.7681837356	4572130.5889587458
427225.9475612389	4572130.0193757331
427225.1968477217	4572129.3587478390
427224.4461342045	4572128.6981199440
427223.4571507457	4572128.5973068560
427222.4628856125	4572128.4934854005
427221.4720554446	4572128.3583721956
427220.4882916379	4572128.4637736892
427219.7110467672	4572127.8345754612
427218.8941043440	4572127.2724486589
427217.9685573881	4572126.8938158127
427217.0430104322	4572126.5151829654
427216.1120976155	4572126.1516943388
427215.1546330754	4572125.8631433817
427214.1971685353	4572125.5745924255
427213.2397039953	4572125.2860414684
427212.2822394553	4572124.9974905122
427211.3199004753	4572124.7287857095
427210.3377031206	4572124.5409337562
427209.3555057658	4572124.3530818028
427208.3733084111	4572124.1652298495
427207.3911110563	4572123.9773778962
427206.4089137016	4572123.7895259429
427205.4267163469	4572123.6016739896
427204.4445189922	4572123.4138220362
427203.4623216374	4572123.2259700829
427202.4801242827	4572123.0381181296
427201.4979269280	4572122.8502661763
427200.5157295732	4572122.6624142230
427199.5326585685	4572122.4843741544
427198.5327231284	4572122.4957370572
427197.5327876882	4572122.5070999600
427196.5328522481	4572122.5184628628
427195.5329168079	4572122.5298257656
427194.5329813678	4572122.5411886685
427193.5335475955	4572122.5309983147
427192.5352236913	4572122.4731244659
427191.5368997872	4572122.4152506171
427190.5385758830	4572122.3573767673
427189.5402519789	4572122.2995029185
427188.5419280748	4572122.2416290687
427187.5436041706	4572122.1837552199
427186.5452802665	4572122.1258813711
427185.5469563623	4572122.0680075213
427184.5565379638	4572121.9570617536
427183.5846878582	4572121.7214617273
427182.6106686901	4572121.5118518230
427181.6132099904	4572121.5830988735
427180.6166609559	4572121.6081170263
427179.6227772212	4572121.4976855004
427178.6288934865	4572121.3872539746
427177.6584608771	4572121.1500511328
427176.6908436048	4572120.8976292349
427175.7232263324	4572120.6452073380
427174.8631478484	4572120.1530025499
427174.0747516169	4572119.5386018651
427173.2540642955	4572119.0383747090
427172.2559006749	4572119.0955653694
427171.2965351735	4572119.3777316939
427170.4470423402	4572118.9545778837
427169.4583268359	4572118.8047725046
427168.4696113316	4572118.6549671264
427167.5012289184	4572118.4081884772
427166.5347689442	4572118.1515313191
427165.5623816422	4572117.9181583663
427164.5991229727	4572117.9266383527
427163.6470944115	4572118.2326475335
427162.6696023930	4572118.3762256531
427161.6696023930	4572118.3762256531
427160.6765451405	4572118.3039946202
427159.6948535728	4572118.1135171521
427158.7131620051	4572117.9230396841
427157.7314704375	4572117.7325622151
427156.7497788698	4572117.5420847470
427155.7721471105	4572117.3318344913
427154.7948239704	4572117.1200811444
427153.8175008304	4572116.9083277974
427152.8401776903	4572116.6965744505
427151.8872767071	4572116.3944398556
427150.9363105104	4572116.0851450246
427149.9853443135	4572115.7758501936
427149.0343781167	4572115.4665553626
427148.0834119199	4572115.1572605316
427147.1324457231	4572114.8479657006
427146.1814795263	4572114.5386708695
427145.2305133295	4572114.2293760385
427144.2795471327	4572113.9200812075
427143.3285809359	4572113.6107863756
427142.3776147391	4572113.3014915446
427141.4266485423	4572112.9921967136
427140.4756823455	4572112.6829018826
427139.5247161486	4572112.3736070516
427138.5896994619	4572112.0197787583
427137.6585983768	4572111.6550175082
427136.7274972917	4572111.2902562590
427135.7963962065	4572110.9254950089
427134.8652951214	4572110.5607337598
427133.9341940363	4572110.1959725097
427133.0027387923	4572109.8322806349
427132.0379749711	4572109.5691632284
427131.0732111498	4572109.3060458228
427130.1084473286	4572109.0429284172
427129.1436835074	4572108.7798110116
427128.1834482868	4572108.5010092594
427127.2269157911	4572108.2093834979
427126.2703832953	4572107.9177577375
427125.3138507995	4572107.6261319760
427124.3573183037	4572107.3345062146
427123.4007858080	4572107.0428804541
427122.4284473517	4572106.8096234305
427121.4554644763	4572106.5787461381
427120.4824816010	4572106.3478688449
427119.5095146293	4572106.1169258989
427118.5387338975	4572105.8769576279
427117.5679531658	4572105.6369893579
427116.5971724341	4572105.3970210869
427115.6263917023	4572105.1570528159
427114.6556109706	4572104.9170845458
427113.6840260143	4572104.6822818043
427112.6862408564	4572104.6157627944
427111.6884556985	4572104.5492437836
427110.6905296895	4572104.4918497652
427109.6911668352	4572104.5275412956
427108.7537519523	4572104.3842920531
427107.9605896854	4572103.7935385676
427107.0015719775	4572103.5101924259
427106.0425542695	4572103.2268462842
427105.0821790427	4572102.9483758993
427104.1147200201	4572102.6953481548
427103.1472609975	4572102.4423204102
427102.1798019750	4572102.1892926656
427101.2123429524	4572101.9362649200
427100.2437457401	4572101.6876414837
427099.2748280291	4572101.4402582394
427098.3059103182	4572101.1928749960
427097.4246846068	4572100.7509969017
427096.5977581050	4572100.1886868803
427095.6867313426	4572099.8024036922
427094.7297069382	4572099.5123962965
427093.7726825338	4572099.2223889008
427092.8156581294	4572098.9323815061
427091.8588205510	4572098.6417622883
427090.9030415422	4572098.3476764392
427089.9472625334	4572098.0535905901
427088.9698341219	4572097.9034812292
427087.9698341219	4572097.9034812292
427086.9994638947	4572097.6977318190
427086.0400983931	4572097.4155654954
427085.0875857379	4572097.1122010583
427084.1361331572	4572096.8093509721
427083.1583307435	4572096.5998218814
427082.1834088007	4572096.3778808545
427081.2132663005	4572096.1353452289
427080.2424640202	4572095.8954802901
427079.2709866475	4572095.6583480183
427078.2995092749	4572095.4212157456
427077.3280319023	4572095.1840834739
427076.3565545297	4572094.9469512021
427075.3850771570	4572094.7098189294
427074.4135997843	4572094.4726866577
427073.4421224117	4572094.2355543859
427072.4706450391	4572093.9984221132
427071.5172846473	4572093.6968115671
427070.5644696700	4572093.3932598932
427069.6116546927	4572093.0897082184
427068.6588397154	4572092.7861565445
427067.7060247381	4572092.4826048696
427066.7532097607	4572092.1790531958
427065.8003947834	4572091.8755015209
427064.8425074105	4572091.5904025640
427063.8684102102	4572091.3642728580
427062.8943130098	4572091.1381431511
427061.9202158094	4572090.9120134441
427060.9621305880	4572090.6314398786
427060.0207069952	4572090.2942135166
427059.0792834026	4572089.9569871547
427058.1378598098	4572089.6197607927
427057.1964362171	4572089.2825344317
427056.2596424953	4572088.9326978344
427055.3236666784	4572088.5806335369
427054.3876908614	4572088.2285692384
427053.4517150444	4572087.8765049400
427052.5157392274	4572087.5244406424
427051.5797634104	4572087.1723763440
427050.6437875934	4572086.8203120455
427049.7001599540	4572086.4920436749
427048.7344051619	4572086.2325871633
427047.7686503697	4572085.9731306517
427046.8028955775	4572085.7136741402
427045.8371407854	4572085.4542176286
427044.8812702943	4572085.1611870266
427043.9289880062	4572084.8559683450
427042.9767057182	4572084.5507496633
427042.0244234301	4572084.2455309816
427041.0721411419	4572083.9403122989
427040.1230371098	4572083.6255953610
427039.1788369284	4572083.2962232046
427038.2346367468	4572082.9668510482
427037.2971028292	4572082.6196643654
427036.3686261384	4572082.2482736893
427035.4401494476	4572081.8768830122
427034.5116727567	4572081.5054923361
427033.5686192075	4572081.1979988748
427032.5709355148	4572081.1299749874
427031.5732518221	4572081.0619510990
427030.5798091652	4572080.9589496143
427029.5947786980	4572080.7865692833
427028.6097482308	4572080.6141889524
427027.7206592360	4572080.1931826919
427026.8488193922	4572079.7187974388
427025.8848267740	4572079.4528684402
427024.9208341560	4572079.1869394416
427023.9568415379	4572078.9210104430
427023.0068458598	4572078.6154378718
427022.0895840299	4572078.2171531301
427021.1723222002	4572077.8188683884
427020.2550603704	4572077.4205836467
427019.3377985406	4572077.0222989041
427018.4205367108	4572076.6240141625
427017.4693521391	4572076.3171586674
427016.5142880022	4572076.0207594521
427015.5592238655	4572075.7243602369
427014.6041597286	4572075.4279610226
427013.6076450305	4572075.4455871135
427012.6459471110	4572075.3451352241
427011.8022856229	4572074.8082597330
427010.9586241349	4572074.2713842411
427010.1149626468	4572073.7345087491
427009.2286070585	4572073.2730391668
427008.3341798675	4572072.8258255711
427007.4397526765	4572072.3786119763
427006.5453254855	4572071.9313983805
427005.6418090051	4572071.5058862222
427004.6956450201	4572071.1821985431
427003.7494810352	4572070.8585108640
427002.8033170502	4572070.5348231848
427001.8571530653	4572070.2111355057
427000.9109890803	4572069.8874478266
426999.9232207645	4572069.7384424908
426998.9327284914	4572069.6008741194
426997.9660182520	4572069.3616796322
426997.0586842784	4572068.9624153972
426996.2523636415	4572068.3784166398
426995.6976634447	4572067.5463663461
426994.8771405738	4572067.0768581489
426993.9167943471	4572066.7980479542
426992.9394429698	4572066.5999893853
426991.9888700042	4572066.3201948069
426991.0642867029	4572065.9463445405
426990.0718308625	4572065.8251683069
426989.0718308625	4572065.8251683079
426988.0790341915	4572065.7333609583
426987.1947951758	4572065.3837724999
426986.5354874669	4572064.6336871954
426985.8322704180	4572063.9706015242
426984.9031625814	4572063.6030713543
426983.9614206697	4572063.2667349577
426982.9840041126	4572063.0923309969
426981.9881109062	4572063.0017952500
426980.9936419094	4572062.8976640943
426980.0006066732	4572062.7798463544
426979.0075714371	4572062.6620286144
426978.0145362010	4572062.5442108745
426977.0657453004	4572062.2584434776
426976.1435509185	4572061.8717168011
426975.1971004772	4572061.5625641933
426974.2188663521	4572061.3550599841
426973.2388463830	4572061.1569114346
426972.2529598184	4572060.9894967340
426971.2670732538	4572060.8220820343
426970.2811866892	4572060.6546673346
426969.3112457089	4572060.4155036667
426968.3472530906	4572060.1495746691
426967.3579056664	4572060.1464016400
426966.3615620947	4572060.2289466970
426965.3751681710	4572060.3933456847
426964.4043774951	4572060.4937559627
426963.6043774953	4572059.8937559621
426962.8340539682	4572059.2566037895
426962.0776800471	4572058.6031402210
426961.3972289480	4572057.8703467287
426960.4715451540	4572057.5709144808
426959.4880457947	4572057.5675449856
426958.5006051629	4572057.7255354878
426957.5017860345	4572057.7403902551
426956.5017860345	4572057.7403902551
426955.5164356362	4572057.5924436413
426954.5358549604	4572057.3963275068
426953.6795630286	4572056.9111129725
426952.8659120063	4572056.3298006989
426952.0571759222	4572055.7416290008
426951.1283192831	4572055.5061223386
426950.1287048625	4572055.4783552708
426949.1308006614	4572055.4264665488
426948.1372679887	4572055.3129199585
426947.1437353160	4572055.1993733682
426946.1647140809	4572054.9959386783
426945.1859234558	4572054.7910755239
426944.2098258242	4572054.5757285282
426943.2534742531	4572054.2835099930
426942.2971226821	4572053.9912914569
426941.4065805994	4572053.5511045763
426940.5499336022	4572053.0352167264
426939.6760607373	4572052.5896042380
426938.6760607373	4572052.5896042380
426937.6802289502	4572052.5281875618
426936.6899291454	4572052.3912080312
426935.7761175967	4572051.9850695655
426935.0712212271	4572051.3081514779
426934.1981126908	4572050.8841176340
426933.1992445530	4572050.8365524858
426932.2570840068	4572050.5226307455
426931.4562088428	4572049.9709973969
426930.7127476376	4572049.3480204893
426929.7718602257	4572049.0093010217
426928.8309728138	4572048.6705815531
426927.8900854019	4572048.3318620855
426926.9491979900	4572047.9931426169
426926.0041483461	4572047.6683101021
426925.0320661376	4572047.4336695680
426924.0569161390	4572047.2145819096
426923.0685444413	4572047.0625247257
426922.2132644522	4572046.6478236970
426921.6856603346	4572045.8142179428
426921.1016795811	4572045.1568244155
426920.1048679783	4572045.1246247292
426919.1286414555	4572044.9114663191
426918.1771072550	4572044.6053551454
426917.2625034395	4572044.2010039855
426916.3478996240	4572043.7966528255
426915.4332958085	4572043.3923016647
426914.5186919931	4572042.9879505048
426913.6040881775	4572042.5835993448
426912.6894843620	4572042.1792481849
426911.8190237021	4572041.7037790911
426911.0508024228	4572041.0635946915
426910.2825811435	4572040.4234102918
426909.5102578248	4572039.7882828442
426908.7253750589	4572039.1686385563
426907.7990344377	4572038.9085013103
426906.8023498219	4572038.8271393012
426905.8056652060	4572038.7457772922
426904.9187814922	4572038.4010771159
426904.2346463367	4572037.6900254507
426903.6997034817	4572036.8737429511
426902.8052762908	4572036.4265293553
426901.9108491000	4572035.9793157596
426900.9788880649	4572035.6569070881
426899.9861542828	4572035.5365757216
426899.0415697666	4572035.3047559448
426898.4365015189	4572034.5210724818
426897.7291451932	4572033.8309769928
426896.8001147875	4572033.4795184666
426895.8014969583	4572033.4269596320
426894.8213655484	4572033.6002457654
426893.8636005161	4572033.7404248379
426893.0835964027	4572033.1661131699
426892.5748625857	4572032.3055050122
426891.8746439271	4572031.6109415451
426891.0300013825	4572031.0934544271
426890.1024243877	4572030.7240360603
426889.1262373273	4572030.5071056038
426888.1444727463	4572030.3172112014
426887.2626688188	4572029.9091973063
426886.4295916244	4572029.3701958545
426885.5104465949	4572028.9762765542
426884.5783745986	4572028.6173478477
426883.6229814376	4572028.3220547829
426882.6651551525	4572028.0347068962
426881.7940364576	4572027.5483175749
426880.9313384872	4572027.0425980752
426880.1806284418	4572026.3919285703
426879.2232242293	4572026.1787599958
426878.2347924480	4572026.0270963376
426877.2460769438	4572025.8772909576
426876.2573614395	4572025.7274855785
426875.2657650422	4572025.5981179196
426874.2726176653	4572025.5812953599
426873.2778362268	4572025.6833242262
426872.2830547883	4572025.7853530934
426871.3816206332	4572025.3764888709
426870.7148683116	4572024.6402851334
426870.0932470350	4572023.8582195779
426869.5176672360	4572023.0459224610
426868.5764725650	4572022.7080577072
426867.6352778940	4572022.3701929543
426866.6806425558	4572022.0818553092
426865.6977703691	4572021.8975667730
426864.7654992097	4572021.6134778298
426864.0359620049	4572020.9295367012
426863.3478494978	4572020.2046324173
426862.4597999090	4572019.8336556116
426861.4843589070	4572019.6133947400
426860.5284435125	4572019.3247201303
426859.5836869005	4572018.9969474291
426858.6389302883	4572018.6691747280
426857.7078257795	4572018.3093283400
426856.8166626641	4572017.8556452999
426855.9254995486	4572017.4019622589
426855.0343364331	4572016.9482792178
426854.1323650765	4572016.5192983598
426853.1943705777	4572016.1726482185
426852.2563760787	4572015.8259980781
426851.3169031876	4572015.4846667955
426850.3345646212	4572015.2975546867
426849.3522260550	4572015.1104425788
426848.3914884637	4572014.8594201319
426847.4970612728	4572014.4122065362
426846.7502052351	4572013.7602489023
426846.0430984536	4572013.0531421211
426845.3359916721	4572012.3460353408
426844.5262910108	4572011.7671070881
426843.6814719353	4572011.2320550065
426842.8254120451	4572010.7157942979
426841.9544335773	4572010.2244731104
426841.0834551095	4572009.7331519239
426840.1882375835	4572009.2907435512
426839.2697536733	4572008.8952852013
426838.3512697631	4572008.4998268513
426837.4327858530	4572008.1043685004
426836.5143019427	4572007.7089101505
426835.6153907369	4572007.2741082385
426834.7459341796	4572006.7800988303
426833.8764776223	4572006.2860894222
426833.0070210651	4572005.7920800149
426832.1375645078	4572005.2980706068
426831.2681079505	4572004.8040611995
426830.3986513933	4572004.3100517914
426829.5448413187	4572003.7896924652
426828.6949386267	4572003.2627527965
426827.8450359348	4572002.7358131278
426826.9951332428	4572002.2088734601
426826.0818262797	4572001.8024415104
426825.1661822495	4572001.4004514487
426824.2534165103	4572000.9929685891
426823.4017581932	4572000.4688711641
426822.5662897745	4571999.9279844174
426822.0115895790	4571999.0959341219
426821.4089103184	4571998.2991802357
426820.7797120895	4571997.5219353652
426819.9793097726	4571996.9295699019
426819.1560969872	4571996.3618369456
426818.2712436784	4571995.9090782609
426817.3427669874	4571995.5376875848
426816.4142902963	4571995.1662969086
426815.4884871971	4571994.7883796198
426814.5662928155	4571994.4016529424
426813.7238316572	4571993.9150699517
426813.1425934632	4571993.1013364810
426812.5613552692	4571992.2876030104
426811.9565015946	4571991.4912716299
426811.3514183272	4571990.6951094363
426810.7463350598	4571989.8989472417
426810.1412517923	4571989.1027850481
426809.3787104649	4571988.4602127559
426808.5978416552	4571987.8355177091
426807.6499953259	4571987.5880724080
426806.6627196542	4571987.4808901772
426805.6763257304	4571987.6452891650
426804.6909469382	4571987.7467336217
426803.8183502574	4571987.4208004866
426803.4469595818	4571986.4923237953
426803.2479446044	4571985.5171232037
426803.0996041514	4571984.5281868502
426802.9107240928	4571983.5520698633
426802.4635104968	4571982.6576426728
426802.0162969008	4571981.7632154822
426801.3031362017	4571981.0829232354
426800.5247231627	4571980.4551707841
426799.7569202862	4571979.8152659368
426799.0299071337	4571979.1286424035
426798.3028939812	4571978.4420188712
426797.5758808287	4571977.7553953379
426796.8488676761	4571977.0687718047
426796.1290926498	4571976.3747003879
426795.4219858685	4571975.6675936067
426794.7148790873	4571974.9604868265
426794.0077723060	4571974.2533800453
426793.3006655248	4571973.5462732641
426792.5935587435	4571972.8391664829
426791.6599193922	4571972.5035828808
426790.7259395591	4571972.1571981870
426789.8605132737	4571971.6561619164
426789.3053974075	4571970.8563575912
426788.7679610564	4571970.0166786322
426788.2415908722	4571969.1701062154
426787.7448706810	4571968.3069389435
426787.0706013167	4571967.5684534498
426786.3745398845	4571966.8566939998
426785.5154383406	4571966.3448888250
426784.6563367966	4571965.8330836501
426783.7972352526	4571965.3212784752
426783.0019353973	4571964.7228894951
426782.2586412514	4571964.0539247636
426781.9142420716	4571963.1450473974
426781.8466421683	4571962.1533693261
426781.5428430533	4571961.2453522962
426780.9881428576	4571960.4133020015
426780.4229731977	4571959.5883758198
426779.8525773881	4571958.7670058543
426779.2821815784	4571957.9456358887
426778.7117857688	4571957.1242659232
426778.1413899591	4571956.3028959576
426777.5709941495	4571955.4815259920
426776.9003550899	4571954.7403056771
426776.2246304614	4571954.0031515369
426775.5489058329	4571953.2659973968
426774.8731812044	4571952.5288432566
426774.1974565759	4571951.7916891165
426773.5687350437	4571951.0153849227
426772.9659019544	4571950.2175175995
426772.3630688651	4571949.4196502753
426771.7602357759	4571948.6217829511
426770.9180015396	4571948.0866158400
426770.0353637518	4571947.6272894023
426769.0944763398	4571947.2885699347
426768.1579818515	4571946.9380239286
426767.2241250999	4571946.5803766614
426766.2902683483	4571946.2227293942
426765.5463414488	4571946.3054162590
426765.1655916434	4571947.2300943574
426764.7848418381	4571948.1547724558
426764.4040920328	4571949.0794505542
426764.0233422275	4571950.0041286526
426763.6425924222	4571950.9288067510
426763.2618426168	4571951.8534848494
426762.8128190607	4571952.5543592796
426761.9807687665	4571951.9996590838
426761.1487184721	4571951.4449588871
426760.3166681779	4571950.8902586903
426759.4846178836	4571950.3355584946
426759.3838997938	4571949.4952861434
426759.6198971220	4571948.5235324390
426759.8558944503	4571947.5517787356
426760.0918917785	4571946.5800250312
426760.3278891068	4571945.6082713278
426759.8696367694	4571945.0041632103
426758.8812650718	4571944.8521060254
426757.8928933742	4571944.7000488406
426756.8966317426	4571944.6170514850
426755.8994324327	4571944.5422615362
426754.9665598505	4571944.3093550373
426754.2003683076	4571943.6667427756
426753.4341767647	4571943.0241305130
426752.5858521069	4571942.5066683274
426751.6914249162	4571942.0594547307
426750.7428609405	4571941.7558562532
426749.7757864030	4571941.5013629552
426748.8100564182	4571941.2420307724
426747.8503190113	4571940.9611320188
426746.8905816045	4571940.6802332653
426745.9149170780	4571940.5024601966
426744.9151532892	4571940.4807262011
426743.9153895004	4571940.4589922065
426742.9259432889	4571940.5363494819
426741.9521020794	4571940.7635790976
426740.9689585842	4571940.9285637485
426739.9712334859	4571940.9959776066
426738.9735083876	4571941.0633914648
426737.9757832893	4571941.1308053220
426736.9780581910	4571941.1982191801
426736.0169584013	4571941.4295969959
426735.0853807818	4571941.7931394810
426734.1538031621	4571942.1566819660
426733.1876224586	4571942.4001749856
426732.2054672668	4571942.5882472564
426731.2233120750	4571942.7763195280
426730.2318438748	4571942.8874402354
426729.2331788899	4571942.9390953211
426728.2345139049	4571942.9907504069
426727.2358489200	4571943.0424054917
426726.2363888720	4571943.0733316438
426725.2367012256	4571943.0983238341
426724.2370192668	4571943.1146651264
426723.2373653475	4571943.0883584442
426722.2377114281	4571943.0620517619
426721.3287554108	4571943.3963298257
426720.4457700082	4571943.8425793834
426719.4473096550	4571943.8980494039
426718.4616754861	4571943.7385223052
426717.7024440150	4571943.1315290984
426716.7734062244	4571942.8519695131
426715.7846867181	4571942.7456659600
426714.7867614092	4571942.8100482393
426713.7951286813	4571942.9163253503
426712.8223224663	4571943.1479458762
426711.8517618673	4571943.3887682585
426710.8605404204	4571943.4315743279
426709.8970225107	4571943.1639304645
426708.9335046010	4571942.8962866012
426707.9489927870	4571942.7513035489
426706.9513090943	4571942.6832796605
426705.9536254016	4571942.6152557721
426704.9921539308	4571942.3638045061
426704.0434706327	4571942.0475767404
426703.0947873346	4571941.7313489746
426702.1023565599	4571941.6847053068
426701.1023565599	4571941.6847053068
426700.1023565599	4571941.6847053068
426699.1023565599	4571941.6847053068
426698.1672322413	4571941.4098875104
426697.2459821796	4571941.0425973488
426696.2628521301	4571940.8596894322
426695.2797220807	4571940.6767815156
426694.2953791710	4571940.5006828755
426693.3095580012	4571940.3328835275
426692.3237368314	4571940.1650841795
426691.3367048863	4571940.0049182512
426690.3473457509	4571939.8594242604
426689.3579866155	4571939.7139302706
426688.3686274802	4571939.5684362799
426687.3792683448	4571939.4229422892
426686.3879795807	4571939.5140662063
426685.3963791695	4571939.6434053900
426684.4047787583	4571939.7727445746
426683.4372753909	4571939.5678804778
426682.4744870011	4571939.2976240879
426681.5116986113	4571939.0273676971
426680.5489102214	4571938.7571113072
426679.7512986530	4571938.1566857053
426678.9576922915	4571937.5482541621
426678.1423713584	4571936.9704056382
426677.3063234479	4571936.4217491960
426676.4691863543	4571935.8750328198
426675.5654485154	4571935.4469464757
426674.6103774067	4571935.1776126241
426673.6270954017	4571934.9955233643
426672.6295192249	4571934.9691235367
426671.6295192249	4571934.9691235367
426670.6295192249	4571934.9691235377
426669.6381191830	4571934.8801427856
426668.6566285913	4571934.6886324249
426667.6751379995	4571934.4971220642
426667.0895580149	4571933.7847353956
426666.5686520331	4571932.9885647194
426665.5847821232	4571932.8096792800
426664.6259170662	4571932.5342137692
426663.6788511868	4571932.2131744875
426662.7317853073	4571931.8921352066
426661.7847194278	4571931.5710959258
426660.8125186999	4571931.3520093504
426659.8203080078	4571931.2527336245
426658.8203080078	4571931.2527336245
426657.8876667646	4571931.0095471395
426656.9873608586	4571930.6113319891
426655.9991587743	4571930.4642836368
426655.0000629336	4571930.4217689196
426654.0009670929	4571930.3792542033
426653.0032633790	4571930.3546817731
426652.0226827034	4571930.5507979086
426651.1034320956	4571930.4368925113
426650.2900141763	4571929.8561950149
426649.4637914849	4571929.2978174509
426648.5878437422	4571928.8154114475
426647.7118959995	4571928.3330054441
426646.8359482567	4571927.8505994417
426645.9600005141	4571927.3681934383
426645.0545280874	4571927.0586925801
426644.0931033421	4571927.2682963163
426643.4287395033	4571928.0157056348
426642.6047652877	4571928.2804719284
426641.6257848679	4571928.0765176741
426640.6468044482	4571927.8725634199
426639.6678240285	4571927.6686091665
426638.6888436087	4571927.4646549122
426637.7098631891	4571927.2607006580
426636.7441960590	4571927.0222745147
426635.8822618433	4571926.5152543895
426635.4264007312	4571925.6593515202
426635.0384945389	4571924.7401564233
426634.4384945392	4571923.9401564235
426633.8384945395	4571923.1401564227
426632.9761279808	4571922.6859330898
426632.0441233090	4571922.3234868292
426631.1071648604	4571921.9748747097
426630.1569353194	4571921.6633240404
426629.2067057784	4571921.3517733710
426628.2564762374	4571921.0402227025
426627.3025324457	4571920.7455604030
426626.3092693067	4571920.6296797032
426625.3160061676	4571920.5137990033
426624.3227430285	4571920.3979183035
426623.3308087876	4571920.3252721578
426622.3465375806	4571920.5019362206
426621.3622663737	4571920.6786002833
426620.3914974813	4571920.5982126519
426619.4311512546	4571920.3194024572
426618.5097738586	4571919.9466888905
426617.6341961745	4571919.4636115478
426616.9700485472	4571918.8297804371
426616.7987073725	4571917.8445686828
426616.1717906463	4571917.1173754465
426615.4149676386	4571916.4637555769
426614.5288495255	4571916.0083877547
426613.6255720212	4571915.5793309398
426612.7222945169	4571915.1502741249
426611.7268107475	4571915.0582418395
426610.7287289271	4571915.0280718114
426609.7288941753	4571915.0462506255
426608.7290594236	4571915.0644294396
426607.7292246719	4571915.0826082537
426606.7821462243	4571914.7673952123
426605.8367732430	4571914.4414045280
426604.8615527172	4571914.2210532157
426603.8853656569	4571914.0041227592
426603.1049436844	4571913.4710726161
426602.4757454561	4571912.6938277455
426601.8258949787	4571911.9338831287
426601.0229010857	4571911.3978239605
426600.0767371006	4571911.0741362823
426599.1305731155	4571910.7504486032
426598.1965072193	4571910.3935643826
426597.2639391212	4571910.0325702792
426596.2826520183	4571909.9323915029
426595.2826520183	4571909.9323915048
426594.2826520183	4571909.9323915038
426593.2919235484	4571909.8544671172
426592.3198413399	4571909.6198265841
426591.3979963597	4571909.2673771111
426590.5557249593	4571908.7283234149
426589.7908672235	4571908.0977953011
426589.1199538992	4571907.3562595230
426588.4734479961	4571906.5937924301
426587.7463648719	4571906.0204021232
426586.7464491085	4571906.0184610244
426585.7502085202	4571905.9318314092
426584.7744299364	4571905.7394276485
426583.8177560558	4571905.4482660331
426583.0980815767	4571904.7621054156
426582.1533461577	4571904.5261304639
426581.2502462716	4571904.1593847666
426580.4271042613	4571903.5919887600
426579.6936739647	4571902.9122240944
426578.9602436681	4571902.2324594297
426578.2268133716	4571901.5526947640
426577.4060493090	4571901.0296852319
426576.4420566908	4571900.7637562333
426575.4725616325	4571900.5201560175
426574.4953852685	4571900.3077263739
426573.5182089045	4571900.0952967294
426572.5468155831	4571899.8600203637
426571.5862513189	4571899.5819622865
426570.6256870547	4571899.3039042093
426569.7831615306	4571898.7856293367
426568.9761312046	4571898.1951193428
426568.1691008786	4571897.6046093488
426567.2754470037	4571897.2472277274
426566.2786317253	4571897.1674825037
426565.3037208464	4571896.9540494448
426564.3335783461	4571896.7115138201
426563.5562497181	4571896.2162331287
426563.0659884782	4571895.3446575915
426562.5723066027	4571894.4768916834
426561.6531615727	4571894.0829723850
426560.7340165428	4571893.6890530856
426559.8148715128	4571893.2951337872
426558.9007590039	4571892.8898408990
426557.9910710001	4571892.4745485494
426557.0813829962	4571892.0592561997
426556.1716949923	4571891.6439638510
426555.2620069885	4571891.2286715014
426554.3523189846	4571890.8133791517
426553.4426309808	4571890.3980868021
426552.5564267909	4571889.9349934272
426551.6717680300	4571889.4687543502
426550.7871092691	4571889.0025152732
426549.9024505082	4571888.5362761971
426549.0177917473	4571888.0700371200
426548.1763559533	4571887.5360747436
426547.3809242336	4571886.9300315278
426546.5854925137	4571886.3239883119
426545.7924392167	4571885.7150955554
426545.0539537226	4571885.0408261912
426544.3136689340	4571884.3692134535
426543.4135096826	4571883.9336525258
426542.5133504311	4571883.4980915980
426541.6131911797	4571883.0625306694
426540.7130319283	4571882.6269697417
426539.8957028261	4571882.0686206305
426539.1547158746	4571881.3971012058
426538.4137289231	4571880.7255817810
426537.5070002261	4571880.3744039126
426536.5308131660	4571880.1574734543
426535.5794165106	4571879.8510417696
426534.6836833881	4571879.4446210284
426533.9451978947	4571878.7703516632
426533.2711619790	4571878.0473680934
426532.8239483829	4571877.1529409029
426531.9641025845	4571876.8222259255
426531.0292851149	4571876.5074268654
426530.1289443445	4571876.0782230236
426529.1802610463	4571875.7619952578
426528.5675596266	4571875.0806225389
426528.1045938492	4571874.2510902723
426527.1153903869	4571874.1045416109
426526.1745296669	4571873.8276643213
426525.3290407631	4571873.2936713304
426524.5430058211	4571872.6767358715
426523.7415909989	4571872.1092040604
426522.7435191829	4571872.0512943398
426521.7435191829	4571872.0512943389
426520.8229768145	4571871.6979392227
426519.9162250543	4571871.2763472795
426519.0058585769	4571870.8625443354
426518.1060772375	4571870.4310721736
426517.3117194047	4571869.8236220656
426516.5173615720	4571869.2161719576
426515.7050174072	4571868.6350226840
426514.8508188512	4571868.1150757372
426513.9424548491	4571867.7143857181
426513.0112219910	4571867.3629432907
426512.1485240207	4571866.8572237911
426511.2892237162	4571866.3463951368
426510.4892237156	4571865.7463951381
426509.6468830274	4571865.2158471681
426508.7470689204	4571864.7795736613
426507.8472548133	4571864.3433001544
426506.9474407063	4571863.9070266476
426506.0476265992	4571863.4707531407
426505.2715088772	4571862.8606351949
426504.5644020963	4571862.1535284137
426503.8657150785	4571861.4383932687
426503.1930422844	4571860.6984531954
426502.6204178876	4571859.8978039986
426502.2747125291	4571858.9594608815
426501.5789358829	4571858.2429277981
426500.8781141254	4571857.5295913666
426500.1772923679	4571856.8162549352
426499.4764706104	4571856.1029185038
426498.7756488530	4571855.3895820724
426499.2642182474	4571854.7993351929
426500.0962685414	4571854.2446349962
426500.9283188355	4571853.6899347994
426500.8168685672	4571852.7216823315
426500.6609059937	4571851.7339193663
426500.2047495518	4571850.9369275281
426499.3767016854	4571850.3762701182
426498.5486538189	4571849.8156127091
426497.7206059525	4571849.2549552992
426496.8925580860	4571848.6942978902
426496.0645102196	4571848.1336404802
426495.2364623532	4571847.5729830703
426494.4084144868	4571847.0123256613
426493.5902023124	4571846.4374421984
426492.7732344491	4571845.8607590003
426491.9562665858	4571845.2840758031
426491.1392987226	4571844.7073926050
426490.3223308593	4571844.1307094079
426489.5053629960	4571843.5540262107
426488.6883951327	4571842.9773430126
426487.8714272695	4571842.4006598154
426487.0544594062	4571841.8239766173
426486.2374915430	4571841.2472934201
426485.4205236797	4571840.6706102220
426484.6035558164	4571840.0939270249
426483.7865879531	4571839.5172438268
426482.9696200899	4571838.9405606296
426482.1526522266	4571838.3638774315
426481.3356843633	4571837.7871942343
426480.5187165000	4571837.2105110371
426479.7017486368	4571836.6338278390
426478.8847807735	4571836.0571446419
426478.0678129103	4571835.4804614438
426477.2508450470	4571834.9037782466
426476.4338771837	4571834.3270950485
426475.6169093204	4571833.7504118513
426474.7961018607	4571833.1792153008
426473.9744711822	4571832.6091951011
426473.1528405037	4571832.0391749013
426472.3312098253	4571831.4691547016
426471.5095791468	4571830.8991345018
426470.6879484683	4571830.3291143021
426469.8663177898	4571829.7590941023
426469.0446871112	4571829.1890739026
426468.2230564328	4571828.6190537028
426467.4014257543	4571828.0490335030
426466.5797950758	4571827.4790133033
426465.7581643973	4571826.9089931035
426464.9365337188	4571826.3389729038
426464.1149030403	4571825.7689527040
426463.2932723618	4571825.1989325043
426462.4716416833	4571824.6289123045
426461.6500110048	4571824.0588921048
426460.8283803264	4571823.4888719050
426460.0067496479	4571822.9188517053
426459.1851189693	4571822.3488315055
426458.3634882908	4571821.7788113058
426457.5418576123	4571821.2087911051
426456.7202269339	4571820.6387709053
426455.8985962554	4571820.0687507056
426455.0769655769	4571819.4987305058
426454.2553348984	4571818.9287103061
426453.4337042199	4571818.3586901063
426452.6120735414	4571817.7886699066
426451.7904428629	4571817.2186497068
426450.9967216972	4571816.6118517369
426450.2266073553	4571815.9739458654
426449.4564930134	4571815.3360399948
426448.6863786715	4571814.6981341233
426447.9162643297	4571814.0602282519
426447.1461499878	4571813.4223223813
426446.3760356459	4571812.7844165098
426445.6059213041	4571812.1465106383
426444.8358069621	4571811.5086047677
426444.0656926203	4571810.8706988962
426443.2955782784	4571810.2327930257
426442.5254639365	4571809.5948871542
426441.7553495947	4571808.9569812827
426440.9852352527	4571808.3190754121
426440.2151209109	4571807.6811695406
426439.4450065690	4571807.0432636691
426438.6748922271	4571806.4053577986
426437.9047778853	4571805.7674519271
426437.1346635434	4571805.1295460565
426436.3645492015	4571804.4916401850
426435.5680875417	4571803.8872920210
426434.7656607689	4571803.2905414253
426433.9632339961	4571802.6937908288
426433.1608072233	4571802.0970402323
426432.3583804505	4571801.5002896357
426431.5559536777	4571800.9035390392
426430.7535269049	4571800.3067884427
426429.9511001321	4571799.7100378470
426429.1486733593	4571799.1132872505
426428.3462465864	4571798.5165366540
426427.5438198137	4571797.9197860574
426426.7413930408	4571797.3230354609
426425.9389662681	4571796.7262848644
426425.1365394952	4571796.1295342688
426424.3341127225	4571795.5327836722
426423.5316859496	4571794.9360330757
426422.7292591768	4571794.3392824791
426421.9268324040	4571793.7425318826
426421.1244056312	4571793.1457812861
426420.3219788584	4571792.5490306905
426419.5195520856	4571791.9522800939
426418.7171253128	4571791.3555294974
426417.9178844865	4571790.7545706183
426417.1257940232	4571790.1441669008
426416.3337035599	4571789.5337631842
426415.5416130966	4571788.9233594667
426414.7495226333	4571788.3129557492
426413.9574321700	4571787.7025520327
426413.1653417067	4571787.0921483152
426412.3732512435	4571786.4817445977
426411.5811607801	4571785.8713408811
426410.7890703168	4571785.2609371636
426409.9969798536	4571784.6505334461
426409.2048893903	4571784.0401297295
426408.4127989270	4571783.4297260121
426407.6207084637	4571782.8193222946
426406.8286180004	4571782.2089185780
426406.0365275371	4571781.5985148605
426405.2444370738	4571780.9881111430
426404.4523466105	4571780.3777074264
426403.6602561472	4571779.7673037089
426402.8681656840	4571779.1568999914
426402.0760752207	4571778.5464962739
426401.2839847574	4571777.9360925574
426400.4918942941	4571777.3256888399
426399.6998038308	4571776.7152851224
426398.9077133675	4571776.1048814058
426398.1156229042	4571775.4944776883
426397.3235324410	4571774.8840739708
426396.5314419776	4571774.2736702543
426395.7393515143	4571773.6632665368
426394.9472610511	4571773.0528628193
426394.1551705878	4571772.4424591027
426393.3630801245	4571771.8320553852
426392.5709896612	4571771.2216516677
426391.7788991979	4571770.6112479512
426390.9868087346	4571770.0008442337
426390.1947182713	4571769.3904405162
426389.4026278080	4571768.7800367996
426388.6105373447	4571768.1696330821
426387.8184468815	4571767.5592293646
426387.0263564182	4571766.9488256481
426386.2342659548	4571766.3384219306
426385.4419039660	4571765.7283709664
426384.6491319044	4571765.1188527476
426383.8563598427	4571764.5093345298
426383.0635877811	4571763.8998163110
426382.2708157195	4571763.2902980931
426381.4780436579	4571762.6807798753
426380.6852715963	4571762.0712616565
426379.8924995347	4571761.4617434386
426379.0997274730	4571760.8522252208
426378.3069554114	4571760.2427070020
426377.5141833498	4571759.6331887841
426376.7214112882	4571759.0236705653
426375.9286392266	4571758.4141523475
426375.1358671650	4571757.8046341296
426374.3430951034	4571757.1951159108
426373.5503230417	4571756.5855976930
426372.7575509801	4571755.9760794751
426371.9647789185	4571755.3665612563
426371.1720068569	4571754.7570430385
426370.3792347953	4571754.1475248197
426369.5864627337	4571753.5380066019
426368.7936906721	4571752.9284883840
426368.0009186104	4571752.3189701652
426367.2081465488	4571751.7094519474
426366.4153744872	4571751.0999337295
426365.6226024256	4571750.4904155107
426364.8298303639	4571749.8808972929
426364.0370583023	4571749.2713790741
426363.2442862407	4571748.6618608562
426362.4515141791	4571748.0523426384
426361.6587421175	4571747.4428244196
426360.8659700559	4571746.8333062017
426360.0731979943	4571746.2237879839
426359.2792630393	4571745.6157867890
426358.4847441497	4571745.0085473517
426357.6902252600	4571744.4013079144
426356.8957063703	4571743.7940684780
426356.1011874807	4571743.1868290408
426355.3066685910	4571742.5795896035
426354.5121497014	4571741.9723501662
426353.7176308117	4571741.3651107289
426352.9231119220	4571740.7578712925
426352.1285930324	4571740.1506318552
426351.3340741427	4571739.5433924180
426350.5395552530	4571738.9361529807
426349.7450363634	4571738.3289135434
426348.9505174737	4571737.7216741070
426348.1559985840	4571737.1144346697
426347.3614796944	4571736.5071952324
426346.5669608047	4571735.8999557951
426345.7724419151	4571735.2927163579
426344.9779230254	4571734.6854769215
426344.1834041357	4571734.0782374842
426343.3888852461	4571733.4709980469
426342.5943663564	4571732.8637586096
426341.7998474667	4571732.2565191723
426341.0053285771	4571731.6492797360
426340.2108096874	4571731.0420402987
426339.4162907977	4571730.4348008614
426338.6217719081	4571729.8275614241
426337.8272530184	4571729.2203219868
426337.0327341287	4571728.6130825505
426336.2382152391	4571728.0058431132
426335.4436963494	4571727.3986036759
426334.6491774598	4571726.7913642386
426333.8546585701	4571726.1841248013
426333.0601396804	4571725.5768853649
426332.2656207908	4571724.9696459277
426331.4711019011	4571724.3624064904
426330.6765830114	4571723.7551670531
426329.8820641218	4571723.1479276158
426329.0875452321	4571722.5406881794
426328.2930263424	4571721.9334487421
426327.4985074528	4571721.3262093049
426326.7039885631	4571720.7189698676
426325.9094696735	4571720.1117304312
426325.1149507838	4571719.5044909939
426324.3204318941	4571718.8972515566
426323.5259130045	4571718.2900121193
426322.7289420867	4571717.6859999690
426321.9309744321	4571717.0832996927
426321.1330067775	4571716.4805994174
426320.3350391229	4571715.8778991420
426319.5370714683	4571715.2751988666
426318.7391038137	4571714.6724985903
426317.9411361591	4571714.0697983149
426317.1431685045	4571713.4670980396
426316.3452008499	4571712.8643977642
426315.5472331953	4571712.2616974879
426314.7492655407	4571711.6589972125
426313.9512978861	4571711.0562969372
426313.1533302315	4571710.4535966618
426312.3553625769	4571709.8508963855
426311.5573949223	4571709.2481961101
426310.7594272677	4571708.6454958348
426309.9614596131	4571708.0427955585
426309.1634919585	4571707.4400952831
426308.3655243039	4571706.8373950077
426307.5675566493	4571706.2346947324
426306.7695889947	4571705.6319944561
426305.9716213401	4571705.0292941807
426305.1736536855	4571704.4265939053
426304.3756860309	4571703.8238936299
426303.5777183763	4571703.2211933536
426302.7797507217	4571702.6184930783
426301.9817830671	4571702.0157928029
426301.1838154125	4571701.4130925275
426300.3858477579	4571700.8103922512
426299.5878801034	4571700.2076919759
426298.7899124488	4571699.6049917005
426297.9919447941	4571699.0022914251
426297.1939771395	4571698.3995911488
426296.3960094849	4571697.7968908735
426295.5980418303	4571697.1941905981
426294.8000741757	4571696.5914903227
426294.0021065211	4571695.9887900464
426293.2041388665	4571695.3860897711
426292.4061712119	4571694.7833894957
426291.6082035573	4571694.1806892203
426290.8102359028	4571693.5779889440
426290.0122682482	4571692.9752886686
426289.2143005936	4571692.3725883933
426288.4163329390	4571691.7698881179
426287.6183652844	4571691.1671878416
426286.8203976298	4571690.5644875662
426286.0224299752	4571689.9617872909
426285.2244623205	4571689.3590870155
426284.4264946659	4571688.7563867392
426283.6285270113	4571688.1536864638
426282.8305593567	4571687.5509861885
426282.0325917022	4571686.9482859131
426281.2346240476	4571686.3455856368
426280.4366563930	4571685.7428853614
426279.6386887384	4571685.1401850861
426278.8407210838	4571684.5374848107
426278.0427534292	4571683.9347845344
426277.2447857746	4571683.3320842590
426276.4468181200	4571682.7293839836
426275.6488504654	4571682.1266837083
426274.8508828108	4571681.5239834320
426274.0529151562	4571680.9212831566
426273.2549475016	4571680.3185828812
426272.4569798470	4571679.7158826059
426271.6590121924	4571679.1131823296
426270.8610445378	4571678.5104820542
426270.0630768832	4571677.9077817788
426269.2651092286	4571677.3050815035
426268.4671415740	4571676.7023812272
426267.6706323049	4571676.0977685424
426266.8782794570	4571675.4877054598
426266.0859266091	4571674.8776423773
426265.2935737612	4571674.2675792957
426264.5012209132	4571673.6575162131
426263.7088680654	4571673.0474531306
426262.9165152174	4571672.4373900481
426262.1241623695	4571671.8273269655
426261.3318095216	4571671.2172638839
426260.5394566737	4571670.6072008014
426259.7471038258	4571669.9971377188
426258.9547509779	4571669.3870746363
426258.1623981300	4571668.7770115547
426257.3700452820	4571668.1669484721
426256.5776924342	4571667.5568853896
426255.7853395862	4571666.9468223071
426254.9929867383	4571666.3367592255
426254.2006338904	4571665.7266961429
426253.4082810425	4571665.1166330604
426252.6159281946	4571664.5065699778
426251.8235753467	4571663.8965068962
426251.0312224988	4571663.2864438137
426250.2388696508	4571662.6763807312
426249.4465168030	4571662.0663176486
426248.6541639550	4571661.4562545661
426247.8618111071	4571660.8461914845
426247.0694582592	4571660.2361284019
426246.2771054113	4571659.6260653194
426245.4847525634	4571659.0160022369
426244.6923997154	4571658.4059391553
426243.9000468676	4571657.7958760727
426243.1076940196	4571657.1858129902
426242.3153411717	4571656.5757499076
426241.5229883238	4571655.9656868260
426240.7306354759	4571655.3556237435
426239.9382826280	4571654.7455606610
426239.1459297801	4571654.1354975784
426238.3535769322	4571653.5254344968
426237.5612240843	4571652.9153714143
426236.7688712364	4571652.3053083317
426235.9765183885	4571651.6952452492
426235.1841655405	4571651.0851821676
426234.3918126927	4571650.4751190851
426233.5994598447	4571649.8650560025
426232.8071069968	4571649.2549929200
426232.0147541489	4571648.6449298374
426231.2224013010	4571648.0348667558
426230.4300484531	4571647.4248036733
426229.6376956052	4571646.8147405908
426228.8453427573	4571646.2046775082
426228.0529899093	4571645.5946144266
426227.2606370615	4571644.9845513441
426226.4682842135	4571644.3744882615
426225.6759313656	4571643.7644251790
426224.8562218840	4571643.1928985817
426224.0189513795	4571642.6461096806
426223.1816808749	4571642.0993207805
426222.3444103703	4571641.5525318794
426221.5071398657	4571641.0057429783
426220.6698693611	4571640.4589540772
426219.8325988565	4571639.9121651761
426218.9953283519	4571639.3653762760
426218.1580578473	4571638.8185873749
426217.3207873428	4571638.2717984738
426216.4835168382	4571637.7250095727
426215.6462463336	4571637.1782206716
426214.8089758290	4571636.6314317714
426213.9717053244	4571636.0846428704
426213.1344348198	4571635.5378539693
426212.2971643152	4571634.9910650682
426211.4598938106	4571634.4442761680
426210.6226233061	4571633.8974872669
426209.7853528015	4571633.3506983658
426208.9480822969	4571632.8039094647
426208.1108117923	4571632.2571205636
426207.2735412877	4571631.7103316635
426206.4362707831	4571631.1635427624
426205.5990002785	4571630.6167538613
426204.7617297739	4571630.0699649602
426203.9244592694	4571629.5231760591
426203.0871887648	4571628.9763871590
426202.2499182602	4571628.4295982579
426201.4126477556	4571627.8828093568
426200.5753772510	4571627.3360204557
426199.7393291637	4571626.7874124795
426198.9167396796	4571626.2187767960
426198.0941501956	4571625.6501411125
426197.2715607115	4571625.0815054290
426196.4489712274	4571624.5128697446
426195.6263817433	4571623.9442340611
426194.8037922592	4571623.3755983775
426193.9812027751	4571622.8069626940
426193.1586132911	4571622.2383270105
426192.3360238070	4571621.6696913270
426191.5134343229	4571621.1010556435
426190.6908448388	4571620.5324199600
426189.8682553547	4571619.9637842765
426189.0456658706	4571619.3951485921
426188.2230763865	4571618.8265129086
426187.4004869025	4571618.2578772251
426186.5778974184	4571617.6892415415
426185.7553079343	4571617.1206058580
426184.9327184502	4571616.5519701745
426184.1101289661	4571615.9833344910
426183.2875394820	4571615.4146988075
426182.4649499979	4571614.8460631240
426181.6423605139	4571614.2774274396
426180.8197710298	4571613.7087917561
426179.9971815457	4571613.1401560726
426179.1745920616	4571612.5715203891
426178.3520025775	4571612.0028847056
426177.5294130934	4571611.4342490220
426176.7068236094	4571610.8656133385
426175.8842341253	4571610.2969776550
426175.0616446412	4571609.7283419715
426174.2390551571	4571609.1597062871
426173.4164656730	4571608.5910706036
426172.5938761889	4571608.0224349201
426171.7712867048	4571607.4537992366
426170.9486972208	4571606.8851635531
426170.1261077367	4571606.3165278696
426169.3035182526	4571605.7478921860
426168.4809287685	4571605.1792565025
426167.6583392844	4571604.6106208190
426166.8357498003	4571604.0419851346
426166.0131603162	4571603.4733494511
426165.1905708322	4571602.9047137676
426164.3679813481	4571602.3360780841
426163.5453918640	4571601.7674424006
426162.7228023800	4571601.1988067171
426161.9002128958	4571600.6301710336
426161.0776234117	4571600.0615353500
426160.2613183852	4571599.4839335596
426159.4461810782	4571598.9046657719
426158.6310437711	4571598.3253979832
426157.8159064641	4571597.7461301945
426157.0007691570	4571597.1668624068
426156.1856318500	4571596.5875946181
426155.3704945430	4571596.0083268294
426154.5553572360	4571595.4290590407
426153.7402199289	4571594.8497912530
426152.9250826219	4571594.2705234643
426152.1099453148	4571593.6912556756
426151.2948080078	4571593.1119878879
426150.4796707008	4571592.5327200992
426149.6645333937	4571591.9534523105
426148.8493960867	4571591.3741845228
426148.0342587796	4571590.7949167341
426147.2191214726	4571590.2156489454
426146.4039841655	4571589.6363811567
426145.5888468585	4571589.0571133690
426144.7737095515	4571588.4778455803
426143.9585722444	4571587.8985777916
426143.1434349374	4571587.3193100039
426142.3282976303	4571586.7400422152
426141.5131603233	4571586.1607744265
426140.6980230163	4571585.5815066388
426139.8828857093	4571585.0022388501
426139.0677484022	4571584.4229710614
426138.2526110952	4571583.8437032737
426137.4374737881	4571583.2644354850
426136.6223364811	4571582.6851676963
426135.8071991740	4571582.1058999076
426134.9920618670	4571581.5266321199
426134.1769245600	4571580.9473643312
426133.3617872529	4571580.3680965425
426132.5466499459	4571579.7888287548
426131.7315126388	4571579.2095609661
426130.9163753318	4571578.6302931774
426130.0966359268	4571578.0577299567
426129.2630711047	4571577.5053083003
426128.4295062826	4571576.9528866429
426127.5959414606	4571576.4004649855
426126.7623766385	4571575.8480433282
426125.9288118164	4571575.2956216708
426125.0952469944	4571574.7432000134
426124.2616821723	4571574.1907783560
426123.4281173502	4571573.6383566996
426122.5945525281	4571573.0859350422
426121.7609877060	4571572.5335133849
426120.9274228839	4571571.9810917275
426120.0938580618	4571571.4286700701
426119.2602932398	4571570.8762484128
426118.4267284177	4571570.3238267554
426117.5931635956	4571569.7714050990
426116.7595987735	4571569.2189834416
426115.9260339515	4571568.6665617842
426115.0924691294	4571568.1141401269
426114.2589043073	4571567.5617184695
426113.4253394853	4571567.0092968121
426112.5917746632	4571566.4568751547
426111.7582098411	4571565.9044534974
426110.9246450190	4571565.3520318409
426110.0910801969	4571564.7996101836
426109.2575153748	4571564.2471885262
426108.4239505527	4571563.6947668688
426107.5903857307	4571563.1423452115
426106.7568209086	4571562.5899235541
426105.9232560865	4571562.0375018967
426105.0896912644	4571561.4850802403
426104.2561264424	4571560.9326585829
426103.4225616203	4571560.3802369256
426102.5889967982	4571559.8278152682
426101.7554319761	4571559.2753936108
426100.9218671540	4571558.7229719535
426100.0883023319	4571558.1705502961
426099.2547375098	4571557.6181286387
426098.4211726878	4571557.0657069823
426097.5876078657	4571556.5132853249
426096.7540430436	4571555.9608636675
426095.9204782216	4571555.4084420102
426095.0869133995	4571554.8560203528
426094.2533485774	4571554.3035986954
426093.4197837553	4571553.7511770381
426092.5862189333	4571553.1987553816
426091.7526541112	4571552.6463337243
426090.9190892891	4571552.0939120669
426090.0855244670	4571551.5414904095
426089.2519596449	4571550.9890687522
426088.4183948228	4571550.4366470948
426087.5848300007	4571549.8842254374
426086.7512651787	4571549.3318037800
426085.9177003566	4571548.7793821236
426085.0841355345	4571548.2269604662
426084.2505707125	4571547.6745388089
426083.4170058904	4571547.1221171515
426082.5834410683	4571546.5696954941
426081.7498762462	4571546.0172738368
426080.9163114241	4571545.4648521794
426080.0827466020	4571544.9124305230
426079.2491817799	4571544.3600088656
426078.4156169579	4571543.8075872082
426077.5820521358	4571543.2551655509
426076.7484873137	4571542.7027438935
426075.9149224916	4571542.1503222361
426075.0813576696	4571541.5979005788
426074.2477928475	4571541.0454789223
426073.4142280254	4571540.4930572649
426072.5806632033	4571539.9406356076
426071.7470983812	4571539.3882139502
426070.9135335592	4571538.8357922928
426070.0799687371	4571538.2833706355
426069.2464039150	4571537.7309489781
426068.4128390929	4571537.1785273207
426067.5792742708	4571536.6261056643
426066.7457094487	4571536.0736840069
426065.9121446267	4571535.5212623496
426065.0785798046	4571534.9688406922
426064.2450149825	4571534.4164190348
426063.4084229802	4571533.8685944537
426062.5716261599	4571533.3210809091
426061.7348293396	4571532.7735673646
426060.8980325192	4571532.2260538200
426060.0612356989	4571531.6785402754
426059.2244388786	4571531.1310267309
426058.3876420582	4571530.5835131863
426057.5508452379	4571530.0359996418
426056.7140484175	4571529.4884860972
426055.8772515972	4571528.9409725526
426055.0404547769	4571528.3934590081
426054.2036579565	4571527.8459454635
426053.3668611361	4571527.2984319190
426052.5300643158	4571526.7509183744
426051.6932674955	4571526.2034048298
426050.8564706751	4571525.6558912853
426050.0196738548	4571525.1083777407
426049.1828770344	4571524.5608641962
426048.3460802141	4571524.0133506516
426047.5092833938	4571523.4658371070
426046.6724865734	4571522.9183235625
426045.8356897531	4571522.3708100179
426044.9988929327	4571521.8232964734
426044.1620961124	4571521.2757829288
426043.3252992921	4571520.7282693842
426042.4885024717	4571520.1807558397
426041.6517056514	4571519.6332422951
426040.8149088311	4571519.0857287506
426039.9781120107	4571518.5382152060
426039.1413151904	4571517.9907016614
426038.3045183700	4571517.4431881169
426037.4677215497	4571516.8956745723
426036.6309247294	4571516.3481610278
426035.7941279090	4571515.8006474832
426034.9573310887	4571515.2531339386
426034.1205342683	4571514.7056203941
426033.2837374480	4571514.1581068495
426032.4469406276	4571513.6105933050
426031.6101438073	4571513.0630797604
426030.7733469869	4571512.5155662159
426029.9365501666	4571511.9680526713
426029.0997533463	4571511.4205391267
426028.2629565259	4571510.8730255822
426027.4261597056	4571510.3255120376
426026.5893628852	4571509.7779984931
426025.7525660649	4571509.2304849485
426024.9157692446	4571508.6829714039
426024.0789724242	4571508.1354578594
426023.2421756039	4571507.5879443148
426022.4053787836	4571507.0404307703
426021.5685819632	4571506.4929172257
426020.7317851429	4571505.9454036811
426019.8949883225	4571505.3978901366
426019.0581915022	4571504.8503765920
426018.2213946819	4571504.3028630475
426017.3845978615	4571503.7553495029
426016.5478010412	4571503.2078359583
426015.7110042208	4571502.6603224138
426014.8742074005	4571502.1128088692
426014.0374105801	4571501.5652953247
426013.2006137598	4571501.0177817810
426012.3638169394	4571500.4702682365
426011.5270201191	4571499.9227546919
426010.6902232988	4571499.3752411474
426009.8534264784	4571498.8277276028
426009.0166296581	4571498.2802140582
426008.1798328377	4571497.7327005137
426007.3430360174	4571497.1851869691
426006.5062391971	4571496.6376734246
426005.6694423767	4571496.0901598800
426004.8326455564	4571495.5426463354
426003.9958487361	4571494.9951327909
426003.1590519157	4571494.4476192463
426002.3222550954	4571493.9001057018
426001.4854582750	4571493.3525921572
426000.6486614547	4571492.8050786126
425999.8118646344	4571492.2575650681
425998.9750678140	4571491.7100515235
425998.1382709937	4571491.1625379790
425997.3017401006	4571490.6146194246
425996.4667080036	4571490.0644181911
425995.6316759067	4571489.5142169576
425994.7966438098	4571488.9640157251
425993.9616117130	4571488.4138144916
425993.1265796161	4571487.8636132581
425992.2915475192	4571487.3134120246
425991.4565154222	4571486.7632107912
425990.6214833253	4571486.2130095577
425989.7864512285	4571485.6628083251
425988.9514191316	4571485.1126070917
425988.1163870347	4571484.5624058582
425987.2813549377	4571484.0122046247
425986.4463228408	4571483.4620033912
425985.6112907439	4571482.9118021578
425984.7762586471	4571482.3616009252
425983.9412265502	4571481.8113996917
425983.1061944532	4571481.2611984583
425982.2711623563	4571480.7109972248
425981.4361302594	4571480.1607959913
425980.6010981626	4571479.6105947578
425979.7660660657	4571479.0603935253
425978.9310339688	4571478.5101922918
425978.0960018718	4571477.9599910583
425977.2609697749	4571477.4097898249
425976.4259376780	4571476.8595885914
425975.5909055812	4571476.3093873579
425974.7558734843	4571475.7591861254
425973.9208413873	4571475.2089848919
425973.0858092904	4571474.6587836584
425972.2507771935	4571474.1085824249
425971.4157450967	4571473.5583811915
425970.5807129998	4571473.0081799580
425969.7456809029	4571472.4579787254
425968.9106488059	4571471.9077774920
425968.0756167090	4571471.3575762585
425967.2405846122	4571470.8073750250
425966.4055525153	4571470.2571737915
425965.5705204184	4571469.7069725581
425964.7354883214	4571469.1567713255
425963.9004562245	4571468.6065700920
425963.0654241276	4571468.0563688586
425962.2303920308	4571467.5061676251
425961.3953599339	4571466.9559663916
425960.5603278369	4571466.4057651591
425959.7252957400	4571465.8555639256
425958.8902636431	4571465.3053626921
425958.0552315463	4571464.7551614586
425957.2201994494	4571464.2049602251
425956.3851673525	4571463.6547589917
425955.5501352555	4571463.1045577591
425954.7151031586	4571462.5543565257
425953.8800710617	4571462.0041552922
425953.0450389649	4571461.4539540587
425952.2100068680	4571460.9037528252
425951.3749747710	4571460.3535515917
425950.5399426741	4571459.8033503592
425949.7049105772	4571459.2531491257
425948.8698784804	4571458.7029478922
425948.0348463835	4571458.1527466588
425947.1998142866	4571457.6025454253
425946.3647821896	4571457.0523441918
425945.5297500927	4571456.5021429593
425944.6947179958	4571455.9519417258
425943.8596858990	4571455.4017404923
425943.0246538021	4571454.8515392588
425942.1896217051	4571454.3013380254
425941.3545896082	4571453.7511367919
425940.5195575113	4571453.2009355593
425939.6845254145	4571452.6507343259
425938.8494933176	4571452.1005330924
425938.0144612206	4571451.5503318589
425937.1794291237	4571451.0001306254
425936.3443970268	4571450.4499293920
425935.5250810253	4571449.8774063149
425934.7255586054	4571449.2767700693
425933.9260361854	4571448.6761338226
425933.1265137653	4571448.0754975770
425932.3269913454	4571447.4748613313
425931.5274689254	4571446.8742250856
425930.7279465054	4571446.2735888390
425929.9284240854	4571445.6729525933
425929.1289016654	4571445.0723163476
425928.3293792454	4571444.4716801019
425927.5298568254	4571443.8710438553
425926.7303344055	4571443.2704076096
425925.9308119855	4571442.6697713640
425925.1312895655	4571442.0691351173
425924.3317671455	4571441.4684988717
425923.5322447255	4571440.8678626260
425922.7327223055	4571440.2672263803
425921.9331998855	4571439.6665901337
425921.1336774655	4571439.0659538880
425920.3341550455	4571438.4653176423
425919.5346326255	4571437.8646813966
425918.7351102056	4571437.2640451500
425917.9355877856	4571436.6634089043
425917.1360653656	4571436.0627726587
425916.3365429456	4571435.4621364120
425915.5370205256	4571434.8615001664
425914.7374981056	4571434.2608639207
425913.9379756857	4571433.6602276750
425913.1384532657	4571433.0595914284
425912.3389308456	4571432.4589551827
425911.5394084257	4571431.8583189370
425910.7398860057	4571431.2576826913
425909.9403635857	4571430.6570464447
425909.2018451803	4571429.9861284783
425908.4947383991	4571429.2790216971
425907.7876316178	4571428.5719149159
425907.0805248366	4571427.8648081357
425906.3734180553	4571427.1577013545
425905.6663112740	4571426.4505945733
425904.9592044928	4571425.7434877921
425904.2439411009	4571425.0456206743
425903.4545888836	4571424.4316800609
425902.6652366664	4571423.8177394466
425901.8758844490	4571423.2037988333
425901.0865322317	4571422.5898582200
425900.2971800145	4571421.9759176057
425899.5078277972	4571421.3619769923
425898.7184755799	4571420.7480363790
425897.8967616784	4571420.1795107108
425897.0587635936	4571419.6338375388
425896.2207655089	4571419.0881643677
425895.3827674241	4571418.5424911967
425894.5447693394	4571417.9968180247
425893.7067712546	4571417.4511448536
425892.8687731699	4571416.9054716825
425892.0307750851	4571416.3597985106
425891.1927770004	4571415.8141253395
425890.3547789156	4571415.2684521684
425889.5167808309	4571414.7227789965
425888.6787827461	4571414.1771058254
425887.8407846614	4571413.6314326543
425887.0340230986	4571413.0460549584
425886.3064336924	4571412.3600420896
425885.5788442862	4571411.6740292208
425884.8512548800	4571410.9880163530
425884.1236654738	4571410.3020034842
425883.3960760676	4571409.6159906154
425882.6674550214	4571408.9312674776
425881.8383828925	4571408.3721258091
425881.0093107636	4571407.8129841415
425880.1802386347	4571407.2538424730
425879.3511665059	4571406.6947008045
425878.5220943769	4571406.1355591370
425877.6930222481	4571405.5764174685
425876.8537035462	4571405.0338430107
425875.9831407077	4571404.5417857533
425875.1125778692	4571404.0497284960
425874.2420150308	4571403.5576712396
425873.2757229003	4571403.3467687443
425872.2857734065	4571403.2053473881
425871.5967611522	4571403.9053492099
425870.9210365237	4571404.6425033500
425870.4361095953	4571405.5109742852
425869.9888959998	4571406.4054014757
425869.5416824043	4571407.2998286672
425869.3840424386	4571408.2832288584
425869.2518787186	4571409.2744567599
425869.2447195575	4571410.2739815842
425869.2447195576	4571411.2739815842
425869.2447195576	4571412.2739815842
425868.8198570344	4571413.0763202282
425868.0549458371	4571413.7204559753
425867.0717267271	4571413.7051204797
425866.0735582305	4571413.6446254188
425865.2372730662	4571413.1536182463
425864.4465493589	4571412.5414450523
425863.6704592846	4571411.9122103732
425862.9449955857	4571411.2239499418
425862.2195318869	4571410.5356895104
425861.4940681880	4571409.8474290781
425860.7592395162	4571409.1692306977
425860.0207540222	4571408.4949613344
425859.1794908471	4571407.9680065867
425858.2917363156	4571407.5076894220
425857.3470156222	4571407.1964412229
425856.3785226897	4571406.9474001825
425855.4864131679	4571406.5542311696
425854.7365753128	4571405.8926095320
425854.1072963064	4571405.1180315688
425853.5139737408	4571404.3172670901
425853.2128423731	4571403.3636844251
425853.1707114342	4571402.3754633013
425853.1882670336	4571401.3773339018
425853.0531538289	4571400.3865037337
425853.6338836625	4571399.7985060215
425854.5544208889	4571399.4127927795
425855.5483046235	4571399.3023612527
425856.5421883582	4571399.1919297259
425857.4773428539	4571398.8705520788
425858.3853022389	4571398.4514939021
425859.0048394240	4571397.6952439444
425859.5595396198	4571396.8631936498
425859.3921400326	4571395.8962587100
425859.1718176039	4571394.9208723856
425858.9292819790	4571393.9507298851
425858.3551287043	4571393.1553541878
425857.6919417829	4571392.4069003761
425857.0287548615	4571391.6584465653
425856.3655679401	4571390.9099927545
425855.7023810188	4571390.1615389427
425855.0391940974	4571389.4130851319
425854.3760071760	4571388.6646313211
425853.6535737245	4571387.9737000065
425852.9250250992	4571387.2887059189
425852.1964764738	4571386.6037118305
425851.4679278484	4571385.9187177429
425850.7393792231	4571385.2337236553
425850.0108305977	4571384.5487295669
425849.2822819724	4571383.8637354793
425848.5537333470	4571383.1787413908
425847.8251847216	4571382.4937473033
425847.0966360963	4571381.8087532157
425846.3680874709	4571381.1237591272
425845.6395388455	4571380.4387650397
425844.9109902202	4571379.7537709512
425844.1824415948	4571379.0687768636
425843.4538929695	4571378.3837827761
425842.7253443441	4571377.6987886876
425841.9377264099	4571377.0927610276
425841.0748604464	4571376.5873282142
425840.2119944829	4571376.0818954008
425839.3491285194	4571375.5764625873
425838.4862625559	4571375.0710297730
425837.6233965924	4571374.5655969596
425836.7605306289	4571374.0601641461
425835.8976646654	4571373.5547313327
425835.0347987019	4571373.0492985193
425834.1719327384	4571372.5438657058
425833.3090667749	4571372.0384328915
425832.4462008114	4571371.5330000781
425831.5833348479	4571371.0275672646
425830.7204688844	4571370.5221344512
425829.8576029209	4571370.0167016378
425828.9947369574	4571369.5112688243
425828.1318709939	4571369.0058360109
425827.2690050304	4571368.5004031966
425826.4061390669	4571367.9949703831
425825.5432731034	4571367.4895375697
425824.6804071399	4571366.9841047563
425823.8175411764	4571366.4786719428
425822.9546752129	4571365.9732391294
425822.0918092494	4571365.4678063150
425821.2289432859	4571364.9623735016
425820.3660773224	4571364.4569406882
425819.5032113589	4571363.9515078748
425818.6403453954	4571363.4460750613
425817.7774794319	4571362.9406422479
425816.9146134684	4571362.4352094345
425816.0517475049	4571361.9297766201
425815.1888815414	4571361.4243438067
425814.3260155779	4571360.9189109933
425813.4631496144	4571360.4134781798
425812.6002836509	4571359.9080453664
425811.7374176874	4571359.4026125530
425810.8745517239	4571358.8971797386
425810.0116857604	4571358.3917469252
425809.1488197969	4571357.8863141118
425808.2859538334	4571357.3808812983
425807.4230878699	4571356.8754484849
425806.5602219064	4571356.3700156715
425805.6973559429	4571355.8645828580
425804.8344899794	4571355.3591500437
425803.9716240159	4571354.8537172303
425803.1087580524	4571354.3482844168
425802.2458920889	4571353.8428516034
425801.3799568803	4571353.3427083800
425800.5129572399	4571352.8443996171
425799.6459575996	4571352.3460908532
425798.7789579592	4571351.8477820903
425797.9119583189	4571351.3494733265
425797.0449586786	4571350.8511645636
425796.1779590383	4571350.3528557997
425795.3109593979	4571349.8545470368
425794.4439597576	4571349.3562382730
425793.5769601172	4571348.8579295091
425792.7099604769	4571348.3596207462
425791.8429608366	4571347.8613119824
425790.9759611963	4571347.3630032195
425790.1089615559	4571346.8646944556
425789.2419619156	4571346.3663856927
425788.3749622752	4571345.8680769289
425787.5079626349	4571345.3697681660
425786.6409629946	4571344.8714594021
425785.7739633543	4571344.3731506392
425784.9069637139	4571343.8748418754
425784.0399640736	4571343.3765331125
425783.1729644332	4571342.8782243486
425782.3059647929	4571342.3799155857
425781.4389651526	4571341.8816068219
425780.5719655123	4571341.3832980590
425779.7049658719	4571340.8849892952
425778.8379662316	4571340.3866805322
425777.9709665912	4571339.8883717684
425777.1039669509	4571339.3900630055
425776.2369673106	4571338.8917542417
425775.3699676703	4571338.3934454788
425774.5029680299	4571337.8951367149
425773.6359683896	4571337.3968279520
425772.7689687492	4571336.8985191882
425771.9019691089	4571336.4002104253
425771.0349694686	4571335.9019016614
425770.1679698283	4571335.4035928985
425769.3009701879	4571334.9052841347
425768.4339705476	4571334.4069753718
425767.5669709072	4571333.9086666079
425766.6999712669	4571333.4103578450
425765.8329716266	4571332.9120490812
425764.9659719863	4571332.4137403183
425764.0989723459	4571331.9154315544
425763.2319727056	4571331.4171227915
425762.3570023300	4571330.9332621256
425761.4730829456	4571330.4656228181
425760.5891635611	4571329.9979835106
425759.7052441766	4571329.5303442031
425758.8213247922	4571329.0627048956
425757.9374054077	4571328.5950655891
425757.0534860233	4571328.1274262816
425756.1695666389	4571327.6597869741
425755.2856472544	4571327.1921476666
425754.4017278700	4571326.7245083591
425753.5178084855	4571326.2568690516
425752.6338891010	4571325.7892297441
425751.7499697166	4571325.3215904376
425750.8660503321	4571324.8539511301
425749.9821309477	4571324.3863118226
425749.0982115632	4571323.9186725151
425748.2142921787	4571323.4510332076
425747.3303727943	4571322.9833939001
425746.4464534098	4571322.5157545926
425745.5625340254	4571322.0481152860
425744.6786146409	4571321.5804759786
425743.7946952565	4571321.1128366711
425742.9107758720	4571320.6451973636
425742.0268564875	4571320.1775580561
425741.1429371031	4571319.7099187486
425740.2590177186	4571319.2422794420
425739.3750983342	4571318.7746401345
425738.4911789497	4571318.3070008270
425737.6072595652	4571317.8393615196
425736.7233401808	4571317.3717222121
425735.8394207963	4571316.9040829046
425734.9555014119	4571316.4364435971
425734.0715820274	4571315.9688042905
425733.1876626430	4571315.5011649830
425732.3037432585	4571315.0335256755
425731.4198238740	4571314.5658863680
425730.5359044896	4571314.0982470606
425729.6519851052	4571313.6306077531
425728.7680657207	4571313.1629684456
425727.8841463363	4571312.6953291390
425727.0002269518	4571312.2276898315
425726.1163075673	4571311.7600505240
425725.2323881829	4571311.2924112165
425724.3484687984	4571310.8247719090
425723.4645494140	4571310.3571326016
425722.5806300295	4571309.8894932941
425721.6967106450	4571309.4218539875
425720.8127912606	4571308.9542146800
425719.9322511232	4571308.4804167906
425719.0629844042	4571307.9860734167
425718.1937176852	4571307.4917300427
425717.3244509662	4571306.9973866688
425716.4551842471	4571306.5030432958
425715.5859175282	4571306.0086999219
425714.7166508091	4571305.5143565480
425713.8473840901	4571305.0200131740
425712.9781173711	4571304.5256698001
425712.1088506521	4571304.0313264262
425711.2395839331	4571303.5369830523
425710.3703172141	4571303.0426396793
425709.5010504950	4571302.5482963054
425708.6317837760	4571302.0539529314
425707.7625170570	4571301.5596095575
425706.8932503380	4571301.0652661836
425706.0239836190	4571300.5709228097
425705.1547169000	4571300.0765794357
425704.2854501810	4571299.5822360627
425703.4161834620	4571299.0878926888
425702.5469167430	4571298.5935493149
425701.6776500239	4571298.0992059410
425700.8083833049	4571297.6048625670
425699.9391165859	4571297.1105191931
425699.0698498669	4571296.6161758192
425698.2005831479	4571296.1218324462
425697.3313164289	4571295.6274890723
425696.4620497098	4571295.1331456983
425695.5927829909	4571294.6388023244
425694.7235162718	4571294.1444589505
425693.8542495528	4571293.6501155766
425692.9849828338	4571293.1557722026
425692.1157161148	4571292.6614288297
425691.2464493957	4571292.1670854557
425690.3771826768	4571291.6727420818
425689.5079159577	4571291.1783987079
425688.6386492387	4571290.6840553340
425687.7693825197	4571290.1897119600
425686.9001158007	4571289.6953685861
425686.0308490817	4571289.2010252122
425685.1615823627	4571288.7066818392
425684.2923156437	4571288.2123384653
425683.4230489246	4571287.7179950913
425682.5537822056	4571287.2236517174
425681.6845154866	4571286.7293083435
425680.8152487676	4571286.2349649696
425679.9459820486	4571285.7406215956
425679.0785580826	4571285.2430874230
425678.2159402310	4571284.7372312760
425677.3533223793	4571284.2313751280
425676.4907045276	4571283.7255189810
425675.6280866760	4571283.2196628330
425674.7654688243	4571282.7138066860
425673.9028509727	4571282.2079505380
425673.0402331210	4571281.7020943910
425672.1776152693	4571281.1962382430
425671.3149974177	4571280.6903820951
425670.4523795661	4571280.1845259480
425669.5897617144	4571279.6786698001
425668.7271438627	4571279.1728136530
425667.8645260111	4571278.6669575050
425667.0019081594	4571278.1611013580
425666.1392903078	4571277.6552452100
425665.2766724561	4571277.1493890630
425664.4140546044	4571276.6435329150
425663.5514367528	4571276.1376767680
425662.6888189012	4571275.6318206200
425661.8262010495	4571275.1259644730
425660.9635831978	4571274.6201083250
425660.1009653462	4571274.1142521771
425659.2383474945	4571273.6083960300
425658.3757296429	4571273.1025398821
425657.5131117912	4571272.5966837350
425656.6504939395	4571272.0908275871
425655.7878760879	4571271.5849714400
425654.9252582363	4571271.0791152921
425654.0626403846	4571270.5732591450
425653.2000225329	4571270.0674029971
425652.3374046813	4571269.5615468500
425651.4747868296	4571269.0556907021
425650.6121689780	4571268.5498345541
425649.7495511263	4571268.0439784070
425648.8869332747	4571267.5381222591
425648.0243154230	4571267.0322661120
425647.1616975714	4571266.5264099641
425646.2990797197	4571266.0205538170
425645.4364618680	4571265.5146976691
425644.5738440164	4571265.0088415220
425643.7112261647	4571264.5029853741
425642.8486083131	4571263.9971292270
425641.9859904614	4571263.4912730791
425641.1233726098	4571262.9854169311
425640.2607547581	4571262.4795607841
425639.3981369065	4571261.9737046361
425638.5355190548	4571261.4678484891
425637.6729012031	4571260.9619923411
425636.8071123329	4571260.4616784258
425635.9338867541	4571259.9743622160
425635.0606611754	4571259.4870460061
425634.1874355966	4571258.9997297954
425633.3142100179	4571258.5124135856
425632.4409844391	4571258.0250973757
425631.5677588604	4571257.5377811659
425630.6945332816	4571257.0504649552
425629.8213077029	4571256.5631487453
425628.9480821241	4571256.0758325355
425628.0748565454	4571255.5885163248
425627.2016309666	4571255.1012001149
425626.3284053879	4571254.6138839051
425625.4551798092	4571254.1265676953
425624.5819542304	4571253.6392514845
425623.7087286517	4571253.1519352747
425622.8355030729	4571252.6646190649
425621.9622774942	4571252.1773028541
425621.0890519154	4571251.6899866443
425620.2158263367	4571251.2026704345
425619.3426007579	4571250.7153542237
425618.4693751792	4571250.2280380139
425617.5961496004	4571249.7407218041
425616.7229240217	4571249.2534055943
425615.8496984429	4571248.7660893835
425614.9764728642	4571248.2787731737
425614.1032472854	4571247.7914569639
425613.2300217067	4571247.3041407531
425612.3567961279	4571246.8168245433
425611.4835705492	4571246.3295083335
425610.6103449704	4571245.8421921236
425609.7371193917	4571245.3548759129
425608.8638938130	4571244.8675597031
425607.9906682342	4571244.3802434932
425607.1174426555	4571243.8929272825
425606.2442170767	4571243.4056110727
425605.3709914980	4571242.9182948628
425604.4977659192	4571242.4309786530
425603.6245403405	4571241.9436624423
425602.7513147617	4571241.4563462324
425601.8780891830	4571240.9690300226
425601.0048636042	4571240.4817138119
425600.1316380255	4571239.9943976020
425599.2584124467	4571239.5070813922
425598.3851868680	4571239.0197651815
425597.5119612892	4571238.5324489716
425596.6385438961	4571238.0455049062
425595.7349958163	4571237.6170181874
425594.8314477366	4571237.1885314696
425593.9278996570	4571236.7600447517
425593.0243515772	4571236.3315580329
425592.1208034975	4571235.9030713150
425591.2172554178	4571235.4745845972
425590.3137073381	4571235.0460978784
425589.4101592584	4571234.6176111605
425588.5066111787	4571234.1891244426
425587.6030630990	4571233.7606377238
425586.6995150193	4571233.3321510060
425585.7959669396	4571232.9036642881
425584.8924188599	4571232.4751775693
425583.9888707802	4571232.0466908514
425583.0853227005	4571231.6182041336
425582.1817746208	4571231.1897174148
425581.2782265411	4571230.7612306969
425580.3746784614	4571230.3327439791
425579.4711303817	4571229.9042572603
425578.5675823020	4571229.4757705424
425577.6640342223	4571229.0472838236
425576.7604861426	4571228.6187971057
425575.8569380628	4571228.1903103879
425574.9533899832	4571227.7618236691
425574.0498419035	4571227.3333369512
425573.1462938237	4571226.9048502333
425572.2427457440	4571226.4763635146
425571.3388721920	4571226.0486649135
425570.3962726821	4571225.7147395266
425569.4536731723	4571225.3808141397
425568.5110736624	4571225.0468887528
425567.5684741526	4571224.7129633659
425566.6258746427	4571224.3790379791
425565.6832751329	4571224.0451125922
425564.7406756230	4571223.7111872053
425563.7980761131	4571223.3772618184
425562.8554766033	4571223.0433364315
425561.9128770934	4571222.7094110446
425560.9702775836	4571222.3754856577
425560.0276780737	4571222.0415602708
425559.0850785639	4571221.7076348839
425558.1424790540	4571221.3737094970
425557.1998795442	4571221.0397841102
425556.2572800343	4571220.7058587233
425555.3146805244	4571220.3719333364
425554.3720810146	4571220.0380079495
425553.4294815047	4571219.7040825626
425552.4868819948	4571219.3701571757
425551.5442824850	4571219.0362317888
425550.6016829752	4571218.7023064019
425549.6590834653	4571218.3683810150
425548.7164839555	4571218.0344556281
425547.7738844456	4571217.7005302412
425546.8312849357	4571217.3666048544
425545.8886854259	4571217.0326794675
425544.9460859160	4571216.6987540806
425544.0034864061	4571216.3648286937
425543.0608868963	4571216.0309033068
425542.1136826293	4571215.7124348572
425541.1420150262	4571215.4760832777
425540.1703474231	4571215.2397316983
425539.1986798199	4571215.0033801189
425538.2270122168	4571214.7670285394
425537.2553446137	4571214.5306769609
425536.2836770105	4571214.2943253815
425535.3120094073	4571214.0579738021
425534.3403418042	4571213.8216222227
425533.3686742011	4571213.5852706432
425532.3970065979	4571213.3489190647
425531.4253389948	4571213.1125674853
425530.4536713917	4571212.8762159059
425529.4820037885	4571212.6398643265
425528.5103361854	4571212.4035127470
425527.5522196380	4571212.1263694419
425526.6322734225	4571211.7343248520
425525.7123272068	4571211.3422802621
425524.7923809912	4571210.9502356723
425523.8724347755	4571210.5581910834
425522.9524885599	4571210.1661464935
425522.0325423443	4571209.7741019037
425521.1125961286	4571209.3820573138
425520.1926499130	4571208.9900127240
425519.2727036974	4571208.5979681341
425518.3527574818	4571208.2059235442
425517.4328112661	4571207.8138789544
425516.5128650505	4571207.4218343655
425515.5929188348	4571207.0297897756
425514.6729726192	4571206.6377451858
425513.7530264036	4571206.2457005959
425512.8330801880	4571205.8536560060
425511.9131339723	4571205.4616114162
425510.9931877567	4571205.0695668263
425510.0732415411	4571204.6775222365
425509.1532953254	4571204.2854776466
425508.2333491099	4571203.8934330577
425507.3134028942	4571203.5013884678
425506.3934566786	4571203.1093438780
425505.4735104629	4571202.7172992881
425504.5535642473	4571202.3252546983
425503.6336180317	4571201.9332101084
425502.7136718160	4571201.5411655186
425501.7937256004	4571201.1491209287
425500.8737793848	4571200.7570763398
425499.9538331692	4571200.3650317499
425499.0338869535	4571199.9729871601
425498.1139407379	4571199.5809425702
425497.1939945222	4571199.1888979804
425496.2748317272	4571198.7950226385
425495.3560583769	4571198.4002372148
425494.4372850267	4571198.0054517910
425493.5185116765	4571197.6106663672
425492.5997383262	4571197.2158809435
425491.6809649761	4571196.8210955188
425490.7621916258	4571196.4263100950
425489.8434182756	4571196.0315246712
425488.9246449254	4571195.6367392475
425488.0058715751	4571195.2419538237
425487.0870982249	4571194.8471684000
425486.1683248747	4571194.4523829762
425485.2495515244	4571194.0575975515
425484.3307781742	4571193.6628121277
425483.4120048240	4571193.2680267040
425482.4932314738	4571192.8732412802
425481.5744581236	4571192.4784558564
425480.6556847733	4571192.0836704327
425479.7369114231	4571191.6888850089
425478.8181380729	4571191.2940995852
425477.8993647227	4571190.8993141605
425476.9805913724	4571190.5045287367
425476.0618180222	4571190.1097433129
425475.1430446720	4571189.7149578892
425474.2242713218	4571189.3201724654
425473.3054979716	4571188.9253870416
425472.3867246213	4571188.5306016179
425471.4679512711	4571188.1358161932
425470.5491779209	4571187.7410307694
425469.6304045706	4571187.3462453457
425468.7116312204	4571186.9514599219
425467.7928578702	4571186.5566744981
425466.8740845199	4571186.1618890744
425465.9553111698	4571185.7671036506
425465.0365378195	4571185.3723182259
425464.1177644693	4571184.9775328021
425463.2038480545	4571184.5719729941
425462.2995994077	4571184.1449666889
425461.3953507610	4571183.7179603828
425460.4911021143	4571183.2909540776
425459.5868534675	4571182.8639477724
425458.6826048208	4571182.4369414672
425457.7783561740	4571182.0099351611
425456.8741075273	4571181.5829288559
425455.9698588806	4571181.1559225507
425455.0656102338	4571180.7289162455
425454.1613615871	4571180.3019099394
425453.2571129404	4571179.8749036342
425452.3528642936	4571179.4478973290
425451.4486156469	4571179.0208910238
425450.5443670001	4571178.5938847177
425449.6401183534	4571178.1668784125
425448.7358697067	4571177.7398721073
425447.8316210599	4571177.3128658021
425446.9273724132	4571176.8858594960
425446.0231237664	4571176.4588531908
425445.1188751197	4571176.0318468856
425444.2146264730	4571175.6048405804
425443.3103778262	4571175.1778342742
425442.4061291795	4571174.7508279691
425441.5018805328	4571174.3238216639
425440.5976318860	4571173.8968153587
425439.6933832393	4571173.4698090525
425438.7891345925	4571173.0428027473
425437.8848859458	4571172.6157964421
425436.9806372991	4571172.1887901369
425436.0763886523	4571171.7617838308
425435.1721400056	4571171.3347775256
425434.2678913589	4571170.9077712204
425433.3636427121	4571170.4807649152
425432.4593940654	4571170.0537586091
425431.5551454186	4571169.6267523039
425430.6508967720	4571169.1997459987
425429.7466481252	4571168.7727396935
425428.8423994784	4571168.3457333874
425427.9381508317	4571167.9187270822
425427.0339021850	4571167.4917207770
425426.1296535383	4571167.0647144718
425425.2283719816	4571166.6314941002
425424.3278203452	4571166.1967450343
425423.4272687088	4571165.7619959684
425422.5267170725	4571165.3272469025
425421.6261654361	4571164.8924978366
425420.7256137998	4571164.4577487707
425419.8250621634	4571164.0229997048
425418.9245105271	4571163.5882506389
425418.0239588907	4571163.1535015730
425417.1234072544	4571162.7187525071
425416.2228556181	4571162.2840034412
425415.3223039817	4571161.8492543753
425414.4217523454	4571161.4145053094
425413.5212007090	4571160.9797562435
425412.6206490727	4571160.5450071776
425411.7200974363	4571160.1102581117
425410.8198697786	4571159.6749262055
425409.9752299973	4571159.1395911323
425409.1305902161	4571158.6042560600
425408.2859504349	4571158.0689209877
425407.4413106537	4571157.5335859144
425406.5966708724	4571156.9982508421
425405.7520310912	4571156.4629157698
425404.9073913099	4571155.9275806965
425404.0627515287	4571155.3922456242
425403.2181117475	4571154.8569105519
425402.3734719663	4571154.3215754796
425401.5246326844	4571153.7947621075
425400.5855479334	4571153.4510764517
425399.6464631824	4571153.1073907949
425398.7073784314	4571152.7637051390
425397.7682936803	4571152.4200194823
425396.8292089293	4571152.0763338264
425395.8901241783	4571151.7326481696
425394.9510394272	4571151.3889625138
425394.0119546762	4571151.0452768570
425393.0728699251	4571150.7015912011
425392.1337851741	4571150.3579055443
425391.1947004231	4571150.0142198885
425390.2556156721	4571149.6705342317
425389.3165309211	4571149.3268485758
425388.3774461700	4571148.9831629191
425387.4383614190	4571148.6394772632
425386.4992766679	4571148.2957916064
425385.5601919169	4571147.9521059496
425384.6211071659	4571147.6084202938
425383.6820224148	4571147.2647346370
425382.7429376638	4571146.9210489811
425381.8038529128	4571146.5773633244
425380.8647681618	4571146.2336776685
425379.9256834107	4571145.8899920117
425378.9865986597	4571145.5463063559
425378.0475139087	4571145.2026206991
425377.1084291576	4571144.8589350432
425376.1740767013	4571144.5042786859
425375.2796495101	4571144.0570650911
425374.3852223190	4571143.6098514954
425373.4907951277	4571143.1626379006
425372.5963679365	4571142.7154243058
425371.7023875403	4571142.2675391957
425370.9443766664	4571141.6152972812
425370.1863657926	4571140.9630553667
425369.4283549187	4571140.3108134512
425368.7019854597	4571139.6268502055
425368.0478335268	4571138.8704870325
425367.3936815940	4571138.1141238604
425366.7395296611	4571137.3577606883
425366.0853777282	4571136.6013975153
425365.4312257954	4571135.8450343432
425364.7770738625	4571135.0886711702
425364.0795185891	4571134.3723353865
425363.3784810609	4571133.6592110051
425362.6774435328	4571132.9460866228
425361.9764060047	4571132.2329622405
425361.2753684765	4571131.5198378591
425360.5743309483	4571130.8067134768
425359.8732934202	4571130.0935890954
425359.1722558920	4571129.3804647131
425358.4712183639	4571128.6673403308
425357.7701808357	4571127.9542159494
425357.0691433075	4571127.2410915671
425356.3681057794	4571126.5279671857
425355.6670682513	4571125.8148428034
425354.9660307231	4571125.1017184211
425354.2649931949	4571124.3885940397
425353.5639556668	4571123.6754696574
425352.8215977559	4571123.0064091906
425352.0649399531	4571122.3525980785
425351.3082821504	4571121.6987869674
425350.5516243476	4571121.0449758554
425349.7949665449	4571120.3911647443
425349.0383087421	4571119.7373536332
425348.2816509393	4571119.0835425211
425347.5249931366	4571118.4297314100
425346.7683353339	4571117.7759202980
425346.0735299508	4571117.0575709343
425345.3881652516	4571116.3293709420
425344.7028005523	4571115.6011709496
425344.0174358530	4571114.8729709573
425343.4654794814	4571114.0718824686
425343.1069913537	4571113.1729654763
425342.3513022719	4571112.5180349369
425341.5159557843	4571111.9694885993
425340.8495568313	4571111.2323371004
425340.2148174084	4571110.4596108450
425339.5580577744	4571109.7061150279
425338.8778316284	4571108.9731127154
425338.1976054823	4571108.2401104029
425337.5173793363	4571107.5071080904
425336.8371531902	4571106.7741057780
425336.1569270442	4571106.0411034655
425335.4767008981	4571105.3081011530
425334.7964747521	4571104.5750988396
425334.1162486060	4571103.8420965271
425333.4360224600	4571103.1090942146
425332.7557963140	4571102.3760919021
425332.0657459169	4571101.6525538079
425331.3586391358	4571100.9454470268
425330.6515323547	4571100.2383402456
425329.9444255735	4571099.5312334644
425329.2373187923	4571098.8241266832
425328.5302120112	4571098.1170199020
425327.8231052301	4571097.4099131208
425327.1159984489	4571096.7028063396
425326.4088916678	4571095.9956995584
425325.7017848867	4571095.2885927772
425324.9195776440	4571094.6776728947
425324.0620847176	4571094.1631771410
425323.2045917912	4571093.6486813864
425322.4111741813	4571093.0508448007
425321.6935934901	4571092.3543694234
425320.9760127990	4571091.6578940460
425320.2913368431	4571090.9313816559
425319.6629997358	4571090.1534404755
425319.0310006653	4571089.3785336949
425318.3833522448	4571088.6165943770
425317.6328649489	4571087.9771819748
425316.7701669794	4571087.4714624742
425315.9207807011	4571086.9451148333
425315.1045479409	4571086.3673916459
425314.2883151807	4571085.7896684585
425313.4720824205	4571085.2119452711
425312.6558496603	4571084.6342220837
425311.8396169002	4571084.0564988963
425311.0233841400	4571083.4787757089
425310.2071513798	4571082.9010525215
425309.3909186196	4571082.3233293341
425308.5746858594	4571081.7456061468
425307.7584530992	4571081.1678829594
425306.9422203391	4571080.5901597729
425306.1259875788	4571080.0124365855
425305.2554278373	4571079.5205321303
425304.3840479264	4571079.0299232733
425303.5126680156	4571078.5393144153
425302.6412881048	4571078.0487055583
425301.7699081940	4571077.5580967003
425300.8985282832	4571077.0674878433
425300.0271483723	4571076.5768789854
425299.1557684616	4571076.0862701284
425298.2880265930	4571075.5897979168
425297.4614978771	4571075.0269033602
425296.6349691611	4571074.4640088035
425295.8084404451	4571073.9011142477
425294.9819117292	4571073.3382196911
425294.1553830132	4571072.7753251344
425293.3288542973	4571072.2124305777
425292.5023255813	4571071.6495360220
425291.6757968653	4571071.0866414653
425290.8492681494	4571070.5237469086
425290.0227394334	4571069.9608523520
425289.1962107175	4571069.3979577953
425288.3696820015	4571068.8350632396
425287.5431532855	4571068.2721686829
425286.7166245696	4571067.7092741262
425285.8900958536	4571067.1463795695
425285.0635671377	4571066.5834850138
425284.2370384217	4571066.0205904571
425283.4105097057	4571065.4576959005
425282.5340634926	4571064.9790103380
425281.6435416575	4571064.5240698345
425280.7530198224	4571064.0691293320
425279.8624979873	4571063.6141888285
425278.9719761522	4571063.1592483260
425278.0814543172	4571062.7043078225
425277.1889060939	4571062.2539598951
425276.2525769163	4571061.9028364532
425275.3162477386	4571061.5517130122
425274.3799185610	4571061.2005895711
425273.4435893834	4571060.8494661292
425272.5072602057	4571060.4983426882
425271.6426502743	4571060.0200580116
425270.8577675087	4571059.4004137237
425269.9982570933	4571058.8913365221
425269.1008106851	4571058.4639876783
425268.1408106854	4571058.1839876771
425267.1687040043	4571058.0429228507
425266.3207057010	4571057.5129239094
425265.6598252584	4571056.7703674296
425265.8296755751	4571055.8053793358
425266.0466060329	4571054.8291922752
425266.2635364907	4571053.8530052155
425266.4804669485	4571052.8768181549
425266.6973974063	4571051.9006310953
425266.5164222859	4571050.9920970872
425265.9890594244	4571050.1424569208
425265.3548423724	4571049.4046918238
425264.4818988900	4571048.9168704664
425263.6089554075	4571048.4290491091
425262.6386368714	4571048.2910862435
425261.6391919644	4571048.2577714138
425260.7131965609	4571048.5901349271
425259.8268261606	4571049.0373055181
425259.1661982662	4571049.7880190359
425258.5055703717	4571050.5387325529
425257.9424051792	4571051.3642829843
425257.3929732743	4571052.1992893936
425256.9718619678	4571053.1062983619
425256.5406447346	4571053.9731115606
425255.7313185468	4571053.4086122913
425254.7397181357	4571053.5379514750
425253.8456275926	4571053.9126065336
425253.0358208515	4571054.4993032543
425252.2260141104	4571055.0859999750
425251.4162073693	4571055.6726966957
425250.6064006282	4571056.2593934163
425249.7965938871	4571056.8460901370
425248.9867871460	4571057.4327868577
425248.1769804048	4571058.0194835784
425247.5264229029	4571058.7609459190
425246.9630860783	4571059.5871732617
425246.3997492536	4571060.4134006044
425245.8364124290	4571061.2396279471
425245.2730756043	4571062.0658552898
425244.5809328867	4571062.3050030675
425243.7234399611	4571061.7905073119
425242.8659470354	4571061.2760115564
425242.0084541098	4571060.7615158008
425241.1509611841	4571060.2470200453
425240.2934682585	4571059.7325242897
425239.4359753329	4571059.2180285342
425238.4718849925	4571058.9561269544
425237.5050471701	4571058.7007358316
425236.5382093478	4571058.4453447098
425236.2717774675	4571058.0419523958
425237.0526462767	4571057.4172573481
425237.8860988030	4571056.8892187709
425238.8347821011	4571056.5729910051
425239.7834653991	4571056.2567632385
425240.7321486971	4571055.9405354727
425241.6808319951	4571055.6243077070
425242.4432017303	4571054.9790147180
425243.1397986583	4571054.2812598012
425243.5513853806	4571053.3698892016
425243.9629721029	4571052.4585186020
425244.3406703961	4571051.5326185031
425244.7170474429	4571050.6061519254
425244.9653520019	4571049.6412381493
425244.7389594134	4571048.8793265354
425243.8251478648	4571048.4731880687
425242.9113363162	4571048.0670496030
425241.9764251949	4571048.2682568626
425241.0368938803	4571048.4139421750
425240.0980175646	4571048.0696875257
425239.2539525252	4571047.6164875748
425238.7718307103	4571046.7414057087
425238.1786316727	4571045.9363498706
425237.5491687454	4571045.1604354652
425236.8906641372	4571044.4078587713
425236.1713144894	4571043.7194315381
425235.3849961509	4571043.1016099853
425234.6170524963	4571042.4641873389
425233.9497836344	4571041.7193704043
425233.2825147726	4571040.9745534696
425232.6152459107	4571040.2297365358
425231.9479770489	4571039.4849196011
425231.2451540540	4571038.7853472736
425230.3636740839	4571038.3131258609
425229.4821941137	4571037.8409044491
425228.6007141436	4571037.3686830364
425227.7192341735	4571036.8964616237
425226.8377542034	4571036.4242402120
425225.9562742333	4571035.9520187993
425225.0785204959	4571035.4734606063
425224.2373420203	4571034.9327030145
425223.3961635448	4571034.3919454236
425222.5549850692	4571033.8511878327
425221.6973486521	4571033.3385763066
425220.8135607359	4571032.8706885856
425219.9297728197	4571032.4028008645
425219.0459849034	4571031.9349131444
425218.1719078250	4571031.4520067815
425217.3825556076	4571030.8380661681
425216.5932033902	4571030.2241255548
425215.8038511728	4571029.6101849414
425215.0144989554	4571028.9962443281
425214.2251467381	4571028.3823037138
425213.4357945207	4571027.7683631005
425212.6464423033	4571027.1544224871
425211.8570900859	4571026.5404818738
425211.0677378686	4571025.9265412604
425210.2783856512	4571025.3126006471
425209.4890334339	4571024.6986600328
425208.6996812165	4571024.0847194195
425207.9110824110	4571023.4698131289
425207.1235774100	4571022.8535048673
425206.3360724090	4571022.2371966057
425205.5485674080	4571021.6208883440
425204.7610624071	4571021.0045800824
425203.9735574061	4571020.3882718207
425203.1860524051	4571019.7719635591
425202.3985474041	4571019.1556552975
425201.6110424032	4571018.5393470358
425200.8235374022	4571017.9230387742
425200.0360324012	4571017.3067305125
425199.2485274002	4571016.6904222509
425198.4610223992	4571016.0741139892
425197.8009942299	4571015.3509761682
425197.3319055601	4571014.4678250933
425196.8628168904	4571013.5846740194
425196.3937282206	4571012.7015229454
425195.9246395509	4571011.8183718715
425195.4555508812	4571010.9352207966
425194.9074646142	4571010.1644070437
425193.9177040471	4571010.0216694530
425192.9279434801	4571009.8789318623
425191.9381829129	4571009.7361942716
425190.9484223458	4571009.5934566809
425189.9586617787	4571009.4507190902
425188.9689012117	4571009.3079814995
425187.9791406445	4571009.1652439088
425186.9893800774	4571009.0225063181
425185.9996195103	4571008.8797687273
425185.0098589432	4571008.7370311366
425184.1186933662	4571008.3473512260
425183.3027951644	4571007.7691556495
425182.4868969625	4571007.1909600738
425181.6709987607	4571006.6127644973
425180.8551005589	4571006.0345689217
425180.0392023570	4571005.4563733451
425179.2233041551	4571004.8781777695
425178.4074059533	4571004.2999821929
425177.5915077515	4571003.7217866173
425176.7756095496	4571003.1435910407
425175.9892670451	4571002.5283344835
425175.2440257315	4571001.8615396246
425174.4987844179	4571001.1947447648
425173.7535431043	4571000.5279499060
425173.0083017907	4570999.8611550462
425172.5249831152	4570999.0547317332
425172.3867870833	4570998.0643268377
425172.2485910515	4570997.0739219422
425171.7756599359	4570996.2467937358
425171.0802385079	4570995.5281915944
425170.3848170798	4570994.8095894530
425169.6090271973	4570994.1817378392
425168.8116208118	4570993.5782951685
425168.0142144265	4570992.9748524986
425167.2810140251	4570992.2970509483
425166.5677854541	4570991.5961194215
425165.8545568832	4570990.8951878948
425165.1413283122	4570990.1942563672
425164.4280997412	4570989.4933248404
425163.6802335593	4570988.8319150843
425162.8918152927	4570988.2167755580
425162.1033970262	4570987.6016360316
425161.3149787596	4570986.9864965053
425160.5265604930	4570986.3713569790
425159.7381422264	4570985.7562174527
425158.9497239598	4570985.1410779264
425158.1613056932	4570984.5259384001
425157.4984590656	4570983.7787204571
425156.8443071328	4570983.0223572850
425156.1901551999	4570982.2659941120
425155.3331424378	4570981.7924618004
425154.4069783244	4570981.4153410830
425153.4808142109	4570981.0382203665
425152.5546500975	4570980.6610996500
425151.6284859841	4570980.2839789335
425150.7023218706	4570979.9068582160
425149.7761577572	4570979.5297374995
425148.8499936437	4570979.1526167830
425147.9238295303	4570978.7754960665
425146.9976654169	4570978.3983753501
425146.0715013034	4570978.0212546326
425145.1453371900	4570977.6441339161
425144.2143322127	4570977.2791299410
425143.2832751878	4570976.9142562421
425142.3522181629	4570976.5493825423
425141.4211611380	4570976.1845088433
425140.4901041131	4570975.8196351444
425139.6118047482	4570975.3452278618
425138.7460976964	4570974.8446768643
425137.8803906446	4570974.3441258678
425137.0146835929	4570973.8435748704
425136.1489765410	4570973.3430238739
425135.2832694893	4570972.8424728774
425134.4175624374	4570972.3419218799
425133.5518553857	4570971.8413708834
425132.6861483339	4570971.3408198869
425131.8204412821	4570970.8402688894
425130.9547342303	4570970.3397178929
425130.0890271785	4570969.8391668955
425129.2233201267	4570969.3386158990
425128.3576130749	4570968.8380649025
425127.4919060231	4570968.3375139050
425126.6261989713	4570967.8369629085
425125.7383515110	4570967.3770381920
425124.8484754180	4570966.9208358917
425123.9585993250	4570966.4646335905
425123.0687232320	4570966.0084312903
425122.1788471390	4570965.5522289891
425121.2889710461	4570965.0960266888
425120.3990949531	4570964.6398243885
425119.5092188601	4570964.1836220874
425118.6193427671	4570963.7274197871
425117.7294666741	4570963.2712174859
425116.8395905811	4570962.8150151856
425115.9484365891	4570962.3613313120
425115.0547981310	4570961.9125437168
425114.1611596729	4570961.4637561208
425113.2675212147	4570961.0149685247
425112.3738827565	4570960.5661809295
425111.4802442984	4570960.1173933335
425110.5866058402	4570959.6686057374
425109.6929673821	4570959.2198181422
425108.7993289239	4570958.7710305462
425107.9056904658	4570958.3222429501
425107.0120520076	4570957.8734553549
425106.1184135495	4570957.4246677589
425105.2247750913	4570956.9758801628
425104.3311366332	4570956.5270925676
425103.4374981750	4570956.0783049716
425102.5438597169	4570955.6295173755
425101.6502212587	4570955.1807297803
425100.7419061166	4570954.7628432289
425099.8293967920	4570954.3537873253
425098.9168874674	4570953.9447314208
425098.0043781428	4570953.5356755173
425097.0918688182	4570953.1266196128
425096.1793594937	4570952.7175637092
425095.2668501691	4570952.3085078057
425094.3543408445	4570951.8994519012
425093.4418315199	4570951.4903959977
425092.5293221953	4570951.0813400932
425091.6124027050	4570950.6824839283
425090.6893257820	4570950.2978685433
425089.7662488590	4570949.9132531583
425088.8431719359	4570949.5286377743
425087.9200950128	4570949.1440223893
425086.9970180898	4570948.7594070043
425086.0739411667	4570948.3747916194
425085.1508642437	4570947.9901762353
425084.2277873206	4570947.6055608504
425083.3047103976	4570947.2209454654
425082.3816334745	4570946.8363300813
425081.4585565515	4570946.4517146964
425080.5354796284	4570946.0670993114
425079.6124027054	4570945.6824839273
425078.6893257823	4570945.2978685424
425077.7662488593	4570944.9132531574
425076.8431719362	4570944.5286377734
425075.9200950131	4570944.1440223884
425074.9970180901	4570943.7594070034
425074.0739411671	4570943.3747916194
425073.1508642440	4570942.9901762344
425072.2277873209	4570942.6055608494
425071.3047103979	4570942.2209454654
425070.3816334748	4570941.8363300804
425069.4585565517	4570941.4517146954
425068.5354796287	4570941.0670993114
425067.6148921321	4570940.6768564489
425066.7093710634	4570940.2525551477
425065.8038499946	4570939.8282538475
425064.8983289258	4570939.4039525464
425063.9928078570	4570938.9796512453
425063.0872867882	4570938.5553499442
425062.1817657195	4570938.1310486430
425061.2762446507	4570937.7067473428
425060.3707235819	4570937.2824460417
425059.4652025131	4570936.8581447406
425058.5596814443	4570936.4338434394
425057.6541603755	4570936.0095421383
425056.7486393067	4570935.5852408381
425055.8415336604	4570935.1643520724
425054.9330855320	4570934.7463544672
425054.0246374035	4570934.3283568621
425053.1161892750	4570933.9103592569
425052.2077411465	4570933.4923616517
425051.2992930180	4570933.0743640466
425050.3908448895	4570932.6563664414
425049.4823967610	4570932.2383688372
425048.5739486325	4570931.8203712320
425047.6655005040	4570931.4023736268
425046.7570523755	4570930.9843760217
425045.8486042470	4570930.5663784165
425044.9587295584	4570930.1105369385
425044.0723203897	4570929.6476343721
425043.1859112209	4570929.1847318066
425042.2995020522	4570928.7218292402
425041.4130928834	4570928.2589266747
425040.5266837147	4570927.7960241092
425039.6402745459	4570927.3331215428
425038.7538653771	4570926.8702189773
425037.8674562084	4570926.4073164109
425036.9810470396	4570925.9444138454
425036.0946378709	4570925.4815112790
425035.2082287022	4570925.0186087135
425034.3218195334	4570924.5557061471
425033.4971206725	4570923.9976727506
425032.7130748480	4570923.3769698068
425031.9290290236	4570922.7562668622
425031.1449831991	4570922.1355639175
425030.3609373746	4570921.5148609737
425029.5768915502	4570920.8941580290
425028.7110793503	4570920.4098316794
425027.7941808739	4570920.0107111661
425026.8772823975	4570919.6115906537
425025.9603839211	4570919.2124701403
425025.0434854446	4570918.8133496270
425024.1265869682	4570918.4142291145
425023.2007627263	4570918.0368225677
425022.2682377281	4570917.6757171424
425021.3357127299	4570917.3146117181
425020.4031877318	4570916.9535062928
425019.4706627336	4570916.5924008684
425018.5381377354	4570916.2312954431
425017.6056127373	4570915.8701900188
425016.6730877391	4570915.5090845944
425015.7405627409	4570915.1479791692
425014.8080377428	4570914.7868737448
425013.8755127446	4570914.4257683195
425012.9429877464	4570914.0646628952
425012.0104627483	4570913.7035574699
425011.0779377501	4570913.3424520455
425010.1454127519	4570912.9813466202
425009.2128877538	4570912.6202411959
425008.2854598031	4570912.2475508600
425007.3891922740	4570911.8040370317
425006.4929247450	4570911.3605232025
425005.5966572159	4570910.9170093741
425004.7003896868	4570910.4734955449
425003.8041221578	4570910.0299817165
425002.9078546287	4570909.5864678873
425002.0122311433	4570909.1416798383
425001.1236104862	4570908.6830369188
425000.2349898292	4570908.2243939992
424999.3463691721	4570907.7657510797
424998.4577485151	4570907.3071081601
424997.5673725117	4570906.8518964835
424996.6754718315	4570906.3996651527
424995.7835711513	4570905.9474338219
424994.8916704711	4570905.4952024911
424993.9997697909	4570905.0429711603
424993.1022273156	4570904.6024049250
424992.1939694745	4570904.1839940101
424991.2857116335	4570903.7655830942
424990.3774537925	4570903.3471721783
424989.4691959515	4570902.9287612634
424988.5609381105	4570902.5103503475
424987.6526802695	4570902.0919394325
424986.7353287279	4570901.6938901152
424985.8175586034	4570901.2967780419
424984.8997884790	4570900.8996659685
424983.9820183545	4570900.5025538951
424983.0642482300	4570900.1054418227
424982.1464781056	4570899.7083297493
424981.2287079811	4570899.3112176759
424980.3075477190	4570898.9221081194
424979.3838056053	4570898.5390930967
424978.4600634917	4570898.1560780741
424977.5363213781	4570897.7730630515
424976.6125792645	4570897.3900480289
424975.6888371508	4570897.0070330063
424974.7747439062	4570896.6017341642
424973.8633733066	4570896.1901474418
424972.9520027070	4570895.7785607195
424972.0406321074	4570895.3669739971
424971.1292615078	4570894.9553872738
424970.2178909082	4570894.5438005514
424969.3065203086	4570894.1322138291
424968.3951497089	4570893.7206271067
424967.4837791093	4570893.3090403844
424966.5724085097	4570892.8974536611
424965.6610379101	4570892.4858669387
424964.7258263010	4570892.1344289305
424963.7799616690	4570891.8098675376
424962.8340970371	4570891.4853061438
424961.8882324052	4570891.1607447509
424960.9423677732	4570890.8361833571
424959.9965031413	4570890.5116219642
424959.0506385094	4570890.1870605703
424958.1062688977	4570889.8581907935
424957.1626689155	4570889.5271030804
424956.2190689334	4570889.1960153682
424955.2754689512	4570888.8649276551
424954.3318689691	4570888.5338399420
424953.3882689870	4570888.2027522288
424952.4446690048	4570887.8716645157
424951.5010690227	4570887.5405768026
424950.5878390422	4570887.1353212874
424949.6830203401	4570886.7095242506
424948.7782016381	4570886.2837272137
424947.8655763076	4570885.8809217392
424946.8885605462	4570885.6677546641
424945.9115447847	4570885.4545875890
424944.9345290233	4570885.2414205140
424943.9575132618	4570885.0282534389
424942.9804975003	4570884.8150863638
424942.0034817389	4570884.6019192887
424941.0264659774	4570884.3887522137
424940.0494502160	4570884.1755851386
424939.0724344545	4570883.9624180635
424938.0954186931	4570883.7492509885
424937.1170179342	4570883.5439874548
424936.1257353244	4570883.4122347031
424935.1344527147	4570883.2804819513
424934.1431701050	4570883.1487291986
424933.1518874953	4570883.0169764468
424932.1606048856	4570882.8852236951
424931.1693222759	4570882.7534709433
424930.1780396662	4570882.6217181906
424929.1867570564	4570882.4899654388
424928.1954744467	4570882.3582126871
424927.2041918370	4570882.2264599344
424926.2069592725	4570882.1709998585
424925.2072359742	4570882.1474769572
424924.2075126760	4570882.1239540568
424923.2077893777	4570882.1004311554
424922.2080660794	4570882.0769082541
424921.2083074524	4570882.0589171471
424920.2083652576	4570882.0696692141
424919.2084230627	4570882.0804212810
424918.2084808678	4570882.0911733471
424917.2085386730	4570882.1019254141
424916.2085964781	4570882.1126774801
424915.2108200389	4570882.1428397615
424914.2330997232	4570882.3527516099
424913.2553794075	4570882.5626634592
424912.3472763705	4570882.4774134262
424911.5664075610	4570881.8527183793
424910.7855387516	4570881.2280233316
424910.0046699422	4570880.6033282839
424909.4388529943	4570879.8308589431
424909.1356493369	4570878.8779331632
424908.8324456795	4570877.9250073833
424908.5292420221	4570876.9720816035
424907.9005766319	4570876.2009840123
424907.2480534966	4570875.4432152100
424906.5955303613	4570874.6854464076
424905.9430072259	4570873.9276776053
424905.2904840906	4570873.1699088030
424904.6379609553	4570872.4121400006
424903.9854378200	4570871.6543711983
424903.1727555387	4570871.0975341024
424902.2885621546	4570870.6304130694
424901.4043687705	4570870.1632920364
424900.5201753864	4570869.6961710034
424899.6359820023	4570869.2290499704
424898.7517886182	4570868.7619289374
424897.8675952341	4570868.2948079044
424896.9834018499	4570867.8276868714
424896.0992084659	4570867.3605658384
424895.1710368832	4570867.0039006770
424894.2077455594	4570866.7354424391
424893.2444542356	4570866.4669842012
424892.2811629118	4570866.1985259634
424891.3178715880	4570865.9300677255
424890.3545802642	4570865.6616094876
424889.3912889404	4570865.3931512497
424888.4279976166	4570865.1246930119
424887.4647062928	4570864.8562347740
424886.5014149689	4570864.5877765361
424885.5324465445	4570864.3406957863
424884.5628828736	4570864.0958564756
424883.5933192027	4570863.8510171650
424882.6237555319	4570863.6061778544
424881.6541918610	4570863.3613385428
424880.6846281901	4570863.1164992321
424879.7150645193	4570862.8716599215
424878.7455008484	4570862.6268206108
424877.7759371776	4570862.3819812993
424876.8063735067	4570862.1371419886
424875.8368098358	4570861.8923026780
424874.8672461650	4570861.6474633673
424873.8976824941	4570861.4026240567
424872.9281188232	4570861.1577847451
424871.9585551524	4570860.9129454345
424870.9887926558	4570860.6688974313
424870.0186501557	4570860.4263618058
424869.0485076555	4570860.1838261811
424868.0723522970	4570859.9885305110
424867.0723861340	4570859.9803041667
424866.0724199709	4570859.9720778223
424865.0724538079	4570859.9638514770
424864.0724876448	4570859.9556251327
424863.1813733880	4570859.5366105037
424862.3085474785	4570859.0485788118
424861.4357215691	4570858.5605471209
424860.5628956596	4570858.0725154299
424859.6900697502	4570857.5844837381
424858.8172438407	4570857.0964520471
424857.9444179312	4570856.6084203552
424857.0038021333	4570856.2730838107
424856.0564068741	4570855.9530178439
424855.1090116148	4570855.6329518780
424854.1616163555	4570855.3128859121
424853.2142210962	4570854.9928199453
424852.3304548995	4570854.5307467626
424851.4609983419	4570854.0367373554
424850.5915417843	4570853.5427279482
424849.6853367558	4570853.1285059908
424848.7447828561	4570852.7888615271
424847.8042289564	4570852.4492170634
424846.8636750567	4570852.1095725996
424845.9231211571	4570851.7699281359
424844.9632558141	4570851.4974286677
424843.9859733045	4570851.2854878819
424843.0086907950	4570851.0735470969
424842.0314082853	4570850.8616063120
424841.0541257758	4570850.6496655261
424840.0768432662	4570850.4377247412
424839.0807434207	4570850.3505562674
424838.0844228628	4570850.2648512730
424837.0881023050	4570850.1791462786
424836.0917817471	4570850.0934412843
424835.0954611893	4570850.0077362908
424834.0991406315	4570849.9220312964
424833.1142935722	4570849.7509357585
424832.1306870148	4570849.5706078894
424831.1470804574	4570849.3902800204
424830.1634739001	4570849.2099521514
424829.4442474099	4570848.5337860212
424828.7463826831	4570847.8175564334
424828.0485179562	4570847.1013268447
424827.2753912031	4570846.4891180145
424826.3768236871	4570846.0502827168
424825.4782561710	4570845.6114474181
424824.5922838507	4570845.1498472579
424823.7431240389	4570844.6217112774
424822.8939642271	4570844.0935752960
424822.0448044152	4570843.5654393155
424821.1956446034	4570843.0373033350
424820.3464847916	4570842.5091673546
424819.4973249797	4570841.9810313741
424818.5830504466	4570841.5769781098
424817.6659803904	4570841.1782519976
424816.7489103342	4570840.7795258863
424815.8739407914	4570840.2992970441
424815.0180252495	4570839.7821814036
424814.1621097076	4570839.2650657641
424813.3034911755	4570838.7536139898
424812.3631149497	4570838.4134779088
424811.4227387240	4570838.0733418269
424810.4823624983	4570837.7332057450
424809.5519889251	4570837.3669066383
424808.6245474530	4570836.9929383034
424807.6971059810	4570836.6189699676
424806.7696645089	4570836.2450016327
424805.8422230368	4570835.8710332969
424804.9147815648	4570835.4970649611
424803.9873400927	4570835.1230966263
424803.0598986207	4570834.7491282905
424802.1301234243	4570834.3822912136
424801.1610262504	4570834.1356119327
424800.1919290764	4570833.8889326518
424799.2228319025	4570833.6422533719
424798.2758184391	4570833.3335316097
424797.3688094710	4570832.9124203036
424796.4424225242	4570832.5439358698
424795.4789046147	4570832.2762920056
424794.5153867052	4570832.0086481413
424793.5879395711	4570831.6363796676
424792.6641974576	4570831.2533646440
424791.7404553441	4570830.8703496214
424790.8167132306	4570830.4873345988
424789.8929711171	4570830.1043195762
424788.9717161175	4570829.7157162922
424788.0688555987	4570829.2857827116
424787.1659950799	4570828.8558491310
424786.2631345610	4570828.4259155504
424785.3602740423	4570827.9959819708
424784.4574135234	4570827.5660483902
424783.5545530046	4570827.1361148097
424782.6516924858	4570826.7061812291
424781.7185136785	4570826.3555335822
424780.7591481769	4570826.0733672585
424779.7997826753	4570825.7912009349
424778.8404171737	4570825.5090346104
424777.8810516721	4570825.2268682867
424776.9216861705	4570824.9447019631
424775.9623206689	4570824.6625356395
424775.0029551673	4570824.3803693149
424774.0435896656	4570824.0982029913
424773.1132789789	4570823.7492463132
424772.2528035898	4570823.2397543071
424771.3923282008	4570822.7302623000
424770.5318528117	4570822.2207702938
424769.6713774226	4570821.7112782868
424768.8109020335	4570821.2017862806
424767.8966458185	4570820.8169025127
424766.9356732351	4570820.5402588900
424765.9747006517	4570820.2636152674
424765.0137280684	4570819.9869716447
424764.0565616387	4570819.7005720418
424763.1621344476	4570819.2533584461
424762.2677072565	4570818.8061448513
424761.3732800653	4570818.3589312555
424760.4788528742	4570817.9117176607
424759.5844256832	4570817.4645040650
424758.6665882609	4570817.0696607670
424757.7368472919	4570816.7014465211
424756.8071063229	4570816.3332322761
424755.8773653539	4570815.9650180312
424754.9476243849	4570815.5968037853
424754.0178834158	4570815.2285895403
424753.0881424468	4570814.8603752945
424752.1203412215	4570814.6498863306
424751.1249912079	4570814.5535621364
424750.1678818265	4570814.3023968339
424749.2421273118	4570813.9242717503
424748.3163727972	4570813.5461466676
424747.3906182826	4570813.1680215839
424746.4648637680	4570812.7898965003
424745.5181157020	4570812.4733695108
424744.5541230839	4570812.2074405123
424743.5901304657	4570811.9415115137
424742.6261378475	4570811.6755825160
424741.7213418960	4570811.2668339433
424740.8518853385	4570810.7728245361
424739.9824287810	4570810.2788151279
424739.0854918031	4570809.8478107704
424738.1319091380	4570809.5466794027
424737.1783264728	4570809.2455480350
424736.2247438077	4570808.9444166673
424735.2711611425	4570808.6432852987
424734.3290624659	4570808.3161126440
424733.4636361805	4570807.8150763735
424732.5982098951	4570807.3140401030
424731.7327836097	4570806.8130038315
424730.8673573243	4570806.3119675610
424730.0019310389	4570805.8109312905
424729.0899189602	4570805.4332506852
424728.1093382846	4570805.2371345498
424727.2436466887	4570804.7679759292
424726.4178457069	4570804.2040142827
424725.5920447251	4570803.6400526362
424724.6795719149	4570803.3243515715
424723.6822060979	4570803.2518158760
424722.6848402809	4570803.1792801814
424721.6874744639	4570803.1067444859
424720.7692539247	4570802.7237502132
424719.8588874475	4570802.3099472681
424718.9608735453	4570801.8707342865
424718.0731190138	4570801.4104171218
424717.1510426888	4570801.0312669799
424716.2023593906	4570800.7150392141
424715.2085589580	4570800.6307970276
424714.2533904097	4570800.3479154529
424713.3622991456	4570799.9064698983
424712.4565450818	4570799.5002013966
424711.5563537997	4570799.6882520299
424710.6332752210	4570799.6193424258
424709.6845919229	4570799.3031146601
424708.7545806329	4570798.9454399850
424707.8891543476	4570798.4444037136
424707.3245588828	4570797.6648849659
424706.3960821918	4570797.2934942897
424705.4676055007	4570796.9221036136
424704.5295740039	4570796.5794386826
424703.5636259524	4570796.3207025975
424702.5976779009	4570796.0619665124
424701.6317298493	4570795.8032304272
424700.6503356453	4570795.6410632860
424699.6518752921	4570795.5855932664
424698.6614192017	4570795.4926340198
424697.7273673668	4570795.1354965540
424696.7933155319	4570794.7783590872
424695.8592636970	4570794.4212216213
424694.9252118620	4570794.0640841555
424693.9902999783	4570793.7092179134
424693.0539708008	4570793.3580944715
424692.1176416233	4570793.0069710296
424691.1799446394	4570792.6604124671
424690.2048117834	4570792.4387913644
424689.3639642123	4570791.9609312909
424688.6268100722	4570791.2852066625
424687.8896559322	4570790.6094820332
424687.0631949010	4570790.1014336199
424686.0911126923	4570789.8667930868
424685.1356603917	4570789.5786387231
424684.2018036401	4570789.2209914559
424683.2679468885	4570788.8633441888
424682.3259105240	4570788.5360468710
424681.3388050461	4570788.3759757131
424680.3516995682	4570788.2159045553
424679.4303683315	4570787.8520469815
424678.5359411406	4570787.4048333857
424677.9799661338	4570786.6068642475
424677.2495495804	4570785.9240506897
424676.3521056461	4570785.5717229694
424675.3688236409	4570785.3896337096
424674.4223975054	4570785.0713774981
424673.4901368699	4570784.7134667635
424672.6122412966	4570784.2346146340
424671.7919493704	4570783.6717081880
424670.9770987564	4570783.1038136091
424670.0826715653	4570782.6566000134
424669.1882443743	4570782.2093864186
424668.2780354154	4570781.7971958257
424667.3505165212	4570781.4234195538
424666.4229976270	4570781.0496432828
424665.4954787328	4570780.6758670118
424664.5679598387	4570780.3020907408
424663.6077420911	4570780.0289962050
424662.7200503079	4570779.6218458321
424661.9448153219	4570778.9901728816
424661.1471491920	4570778.3959296234
424660.2245693151	4570778.0101234922
424659.3019894382	4570777.6243173620
424658.3794095613	4570777.2385112308
424657.4474781117	4570777.0313062416
424656.4668583253	4570777.1972867576
424655.4700430468	4570777.2770319814
424654.6508132888	4570776.7412087703
424654.0278531041	4570775.9601458367
424653.2278531040	4570775.3601458371
424652.4319392185	4570774.7547503933
424651.6375813855	4570774.1473002862
424650.8432235525	4570773.5398501782
424649.8920769095	4570773.2455949057
424648.9297675065	4570772.9736379003
424647.9674581035	4570772.7016808940
424646.9867901205	4570772.7938397434
424646.0020065617	4570772.9676250778
424645.0086131103	4570773.0430777557
424644.0086131103	4570773.0430777567
424643.0840704814	4570772.7174732536
424642.1860077735	4570772.2776058046
424641.2879450657	4570771.8377383556
424640.3988410443	4570771.3817044217
424639.5497844405	4570770.8534025354
424638.7007278366	4570770.3251006482
424637.8516712328	4570769.7967987619
424636.8934510392	4570769.6823445903
424635.8942829861	4570769.7231269600
424634.8951149330	4570769.7639093297
424633.9610826854	4570769.5277826739
424633.0848667767	4570769.0458639245
424632.2086508682	4570768.5639451742
424631.3568734830	4570768.0417536665
424630.5248231886	4570767.4870534707
424629.6927728943	4570766.9323532740
424628.8607225999	4570766.3776530782
424628.0286723055	4570765.8229528824
424627.1823038162	4570765.2955912370
424626.2524972032	4570764.9275427852
424625.3226905901	4570764.5594943343
424624.3928839771	4570764.1914458834
424623.4254857634	4570763.9477260504
424622.4475228322	4570763.7389474474
424621.4695599010	4570763.5301688444
424620.4915969697	4570763.3213902414
424619.5136340385	4570763.1126116384
424618.5356711073	4570762.9038330344
424617.6246042076	4570762.5009128368
424616.7256143388	4570762.0629434129
424615.8256335996	4570761.6274428843
424614.8732958783	4570761.3223972078
424613.9209581571	4570761.0173515314
424612.9686204358	4570760.7123058550
424612.0162827146	4570760.4072601786
424611.0639449934	4570760.1022145022
424610.1116072721	4570759.7971688258
424609.1592695509	4570759.4921231493
424608.2069318297	4570759.1870774729
424607.2680825399	4570758.8483657697
424606.3685743814	4570758.4114618069
424605.4690662228	4570757.9745578440
424604.5188154354	4570757.6772851171
424603.5486729353	4570757.4347494915
424602.5615779850	4570757.3299204111
424601.5615779850	4570757.3299204130
424600.5615779850	4570757.3299204130
424599.5616838727	4570757.3250472769
424598.5626277144	4570757.2816100521
424598.0017169571	4570756.6783800349
424597.6540792228	4570755.7438786859
424597.1148776597	4570754.9558854317
424596.1978076031	4570754.5571593214
424595.2445632378	4570754.2711255504
424594.2667608239	4570754.0615964606
424593.2889584099	4570753.8520673718
424592.3111559960	4570753.6425382821
424591.3333535820	4570753.4330091933
424590.3867951114	4570753.1120898295
424589.4426593666	4570752.7825330133
424588.4985236217	4570752.4529761970
424587.5543878768	4570752.1234193807
424586.6102521319	4570751.7938625636
424585.6661163870	4570751.4643057473
424584.7219806421	4570751.1347489310
424583.7601519670	4570750.8658411158
424582.7869123651	4570750.6360484324
424581.8136727633	4570750.4062557481
424580.8404331614	4570750.1764630647
424579.8671935596	4570749.9466703814
424578.8739402666	4570749.9363145921
424577.8745905059	4570749.9623404108
424576.8745905059	4570749.9623404108
424576.0517261473	4570749.4661112390
424575.4941611226	4570748.6443013437
424575.0801883172	4570747.7422842449
424574.5723089541	4570746.9464495704
424573.7346983573	4570746.4001817899
424572.8630939080	4570745.9131789720
424571.9564772941	4570745.5016917465
424570.9752284733	4570745.3089464437
424569.9939796527	4570745.1162011409
424569.0127308319	4570744.9234558372
424568.0242285556	4570744.7889153585
424567.0256862824	4570744.7349400995
424566.0277298010	4570744.6792030707
424565.1956795068	4570744.1245028740
424564.5177475079	4570743.3969872417
424563.6279013618	4570743.0607557986
424562.6421649363	4570742.8924593357
424561.6565440607	4570742.7236333620
424560.6903091212	4570742.4659707109
424559.7240741817	4570742.2083080597
424558.8060984246	4570741.8121805778
424558.0104471068	4570741.2661356786
424557.4127178993	4570740.4843777632
424556.4582379216	4570740.1861027693
424555.5142465325	4570740.5085798437
424554.7702905521	4570740.1604847340
424553.9144236874	4570739.6662351023
424552.9926721577	4570739.3347692629
424551.9986189201	4570739.2928921329
424551.0381525539	4570739.0144960843
424550.0776861878	4570738.7361000367
424549.1172198217	4570738.4577039890
424548.1567534556	4570738.1793079404
424547.1946422303	4570737.9067272861
424546.2306496121	4570737.6407982875
424545.3632542652	4570737.1886050664
424544.5905280111	4570736.5538656423
424543.7919224226	4570735.9670059728
424542.8375902223	4570735.6682585012
424541.8832580221	4570735.3695110297
424540.9289258219	4570735.0707635591
424539.9745936216	4570734.7720160875
424539.0202614214	4570734.4732686160
424538.0659292212	4570734.1745211445
424537.1115970210	4570733.8757736739
424536.1621123669	4570733.5628549857
424535.2247461731	4570733.2145094406
424534.2873799793	4570732.8661638955
424533.3500137856	4570732.5178183503
424532.4126475918	4570732.1694728052
424531.4752813980	4570731.8211272601
424530.5379152042	4570731.4727817150
424529.6005490104	4570731.1244361708
424528.6631828166	4570730.7760906257
424527.7258166229	4570730.4277450806
424526.7884504291	4570730.0793995354
424525.8405104804	4570729.7609641477
424524.8924785193	4570729.4427890377
424523.9444465583	4570729.1246139277
424522.9964145972	4570728.8064388167
424522.0483826361	4570728.4882637067
424521.1003506750	4570728.1700885966
424520.1523187139	4570727.8519134866
424519.2042867528	4570727.5337383766
424518.2562547918	4570727.2155632656
424517.3082228307	4570726.8973881556
424516.3391772636	4570726.6510999557
424515.3690347635	4570726.4085643310
424514.3988922633	4570726.1660287054
424513.4287497632	4570725.9234930808
424512.4755089380	4570725.6293401979
424511.5498035063	4570725.2510949681
424510.6240980747	4570724.8728497382
424509.6983926431	4570724.4946045084
424508.7726872115	4570724.1163592786
424507.8469817798	4570723.7381140487
424506.9212763482	4570723.3598688189
424506.1031074466	4570722.7933206260
424505.3069452525	4570722.1882373588
424504.3539218460	4570721.9918077681
424503.3573760877	4570721.9087622892
424502.3676550075	4570721.7773818998
424501.3990944168	4570721.5501745297
424500.5416014918	4570721.0356787732
424499.7012628690	4570720.4936604314
424498.8616927116	4570719.9504091535
424498.0072315018	4570719.4327134760
424497.1206466552	4570718.9701474700
424496.1818130219	4570718.6451669512
424495.2116705219	4570718.4026313256
424494.2415280218	4570718.1600957001
424493.3533534963	4570717.7571637407
424492.5884422981	4570717.1130279955
424491.6615787212	4570716.7898546970
424490.6889998295	4570716.5572814839
424489.7164209378	4570716.3247082708
424488.7324554311	4570716.1507704416
424487.7435190783	4570716.0024299882
424486.7561984606	4570715.8466404369
424485.7946745132	4570715.5719193080
424484.8757540619	4570715.1876730323
424484.2052379546	4570714.4942103103
424483.5061228000	4570713.8788487315
424482.5359802998	4570713.6363131059
424481.5658377997	4570713.3937774813
424480.5956952995	4570713.1512418566
424479.6246862475	4570712.9451220287
424478.6441055718	4570713.1412381642
424477.6557883545	4570713.2739449581
424476.6568198143	4570713.3193526193
424476.4044226632	4570712.3652705792
424476.0419764017	4570711.4332659077
424475.2860921345	4570710.8117310219
424474.3876038030	4570710.3786631329
424473.4729171988	4570709.9744992852
424472.5582305945	4570709.5703354366
424471.6088523687	4570709.2614137586
424470.6485061420	4570708.9826035630
424469.7874851526	4570709.2717842776
424468.8334984355	4570709.3569424581
424467.9400324663	4570708.9479568852
424467.1110063689	4570708.3952290760
424466.3153300685	4570707.7982559027
424465.4209028777	4570707.3510423070
424464.5264756869	4570706.9038287103
424463.6853406313	4570706.3922658823
424463.0792974159	4570705.5968341632
424462.3251734704	4570704.9945766488
424461.3996265144	4570704.6159438025
424460.4308992962	4570704.3716344880
424459.4716902381	4570704.0930856131
424458.5257442922	4570703.7687612884
424457.5766148161	4570703.4561387710
424456.5967382674	4570703.2565342886
424455.6168617187	4570703.0569298072
424454.6369851700	4570702.8573253248
424453.7178636904	4570702.5009243060
424452.8593204215	4570701.9881831864
424452.0007771526	4570701.4754420677
424451.1422338837	4570700.9627009481
424450.2836906148	4570700.4499598285
424449.4301261431	4570699.9308285238
424448.7230193615	4570699.2237217436
424448.0159125800	4570698.5166149624
424447.2658334843	4570697.8657697001
424446.3975903424	4570697.3696307624
424445.5293472003	4570696.8734918237
424444.6611040583	4570696.3773528850
424443.7353320422	4570696.0212182393
424442.7690971024	4570695.7635555891
424441.7863963368	4570695.5975357797
424440.7909008641	4570695.5027266871
424439.7954053915	4570695.4079175955
424439.1009805955	4570694.7560636634
424438.4363092383	4570694.0260348488
424437.5270945702	4570693.6109710168
424436.5726145925	4570693.3126960220
424435.6181346147	4570693.0144210281
424434.6237393917	4570692.9776951056
424433.7592896650	4570692.6076504206
424432.9599196036	4570692.0103626894
424432.1187411282	4570691.4696050985
424431.2775626527	4570690.9288475066
424430.4363841773	4570690.3880899157
424429.5765001864	4570689.9005321385
424428.5819947336	4570689.7958473517
424427.5960091275	4570689.6306058392
424426.6112255687	4570689.4568205057
424425.6674864234	4570689.1453832518
424424.7483413930	4570688.7514639543
424423.8461834039	4570688.3281628070
424423.0461834051	4570687.7281628055
424422.1138337511	4570687.3903459972
424421.1560074656	4570687.1029981133
424420.1711038543	4570687.0326478677
424419.6342283623	4570686.1889863797
424418.9583640082	4570685.5472190715
424417.9786490759	4570685.3468228355
424416.9989341437	4570685.1464265995
424416.0855883616	4570684.7958903918
424415.2779624241	4570684.2061952632
424414.4703364866	4570683.6165001346
424413.6627105490	4570683.0268050050
424412.8550846115	4570682.4371098764
424412.0131266954	4570681.9082369795
424411.0909323138	4570681.5215103030
424410.1687379321	4570681.1347836265
424409.2465435505	4570680.7480569500
424408.3243491688	4570680.3613302736
424407.3963988238	4570679.9886547131
424406.4679221327	4570679.6172640370
424405.5394454416	4570679.2458733609
424404.6109687506	4570678.8744826848
424403.6824920595	4570678.5030920096
424402.7447972494	4570678.1583284736
424401.7854317479	4570677.8761621490
424400.8260662465	4570677.5939958254
424399.8667007450	4570677.3118295008
424398.9073352434	4570677.0296631763
424398.0306346288	4570676.5683331201
424397.1933641242	4570676.0215442190
424396.3560936196	4570675.4747553179
424395.5188231150	4570674.9279664177
424394.5512680632	4570674.7220612979
424393.5627381805	4570674.5710358992
424392.5742082977	4570674.4200105006
424391.5856784150	4570674.2689851029
424390.5961442651	4570674.1429597586
424389.5986855652	4570674.2142068082
424388.6012268653	4570674.2854538569
424387.6030533012	4570674.3431970151
424386.6036473018	4570674.3776592910
424385.6627796053	4570674.1667441288
424384.7865636967	4570673.6848253794
424384.1143288752	4570672.9454497667
424383.4447863568	4570672.2026760355
424382.7752438386	4570671.4599023033
424382.1057013202	4570670.7171285721
424381.4361588020	4570669.9743548408
424380.7666162837	4570669.2315811086
424379.9744332276	4570668.6307417518
424379.1423829334	4570668.0760415550
424378.3103326392	4570667.5213413592
424377.4587524488	4570666.9972061114
424376.6057854656	4570666.4752412410
424375.7528184825	4570665.9532763707
424374.8998514994	4570665.4313115003
424374.0468845164	4570664.9093466308
424373.1325813244	4570664.5096925264
424372.2041046334	4570664.1383018503
424371.2756279424	4570663.7669111742
424370.3471512514	4570663.3955204980
424369.4250233332	4570663.0096204095
424368.5221628142	4570662.5796868298
424367.6193022953	4570662.1497532493
424366.7164417764	4570661.7198196696
424365.8135812574	4570661.2898860890
424364.8858141939	4570660.9191194531
424363.9472870305	4570660.5739140604
424363.0087598673	4570660.2287086667
424362.0702327040	4570659.8835032731
424361.1317055406	4570659.5382978795
424360.1931783773	4570659.1930924859
424359.2673347496	4570658.8160090456
424358.3481897196	4570658.4220897472
424357.4290446896	4570658.0281704487
424356.5098996596	4570657.6342511494
424355.5757880515	4570657.3100804910
424354.5759474522	4570657.2922261944
424353.5761068528	4570657.2743718987
424352.5762662535	4570657.2565176021
424351.7326569479	4570656.8708110079
424351.0004020701	4570656.1932334770
424350.1897228415	4570655.6077429233
424349.3790436130	4570655.0222523697
424348.5136045926	4570654.5533753606
424347.5453272689	4570654.3034973415
424346.5748075968	4570654.0630282983
424345.5979075795	4570653.8493314199
424344.6347718371	4570653.6000751778
424343.7685862509	4570653.1003527241
424342.9024006648	4570652.6006302712
424342.0362150788	4570652.1009078175
424341.2128205722	4570651.5487978635
424340.5502466903	4570650.7998013012
424339.8876728083	4570650.0508047380
424339.0289904257	4570649.5436306996
424338.1593045104	4570649.0500251800
424337.2896185951	4570648.5564196603
424336.4199326798	4570648.0628141407
424335.5502467645	4570647.5692086220
424334.6490300950	4570647.1464010729
424333.7003467970	4570646.8301733062
424332.7529888102	4570646.5101632411
424331.8144102569	4570646.1650975961
424330.8758317036	4570645.8200319512
424329.9372531504	4570645.4749663062
424328.9986745971	4570645.1299006613
424328.0757492684	4570644.7479644092
424327.1755900168	4570644.3124034815
424326.2754307654	4570643.8768425537
424325.3752715139	4570643.4412816251
424324.4751122624	4570643.0057206973
424323.5749530109	4570642.5701597696
424322.6747937594	4570642.1345988419
424321.7746345079	4570641.6990379132
424320.8744752564	4570641.2634769855
424319.9842602138	4570640.8086333191
424319.1074478051	4570640.3278007079
424318.2306353963	4570639.8469680967
424317.3538229876	4570639.3661354855
424316.4770105789	4570638.8853028743
424315.5415795485	4570638.5387236336
424314.5928962505	4570638.2224958679
424313.6442129524	4570637.9062681021
424312.7086296814	4570637.5571288290
424311.8021295532	4570637.1349232895
424310.8956294250	4570636.7127177492
424309.9891292969	4570636.2905122098
424309.0826291687	4570635.8683066703
424308.1757248902	4570635.4469875861
424307.2624936406	4570635.0395459523
424306.3492623910	4570634.6321043186
424305.4360311414	4570634.2246626858
424304.5227998918	4570633.8172210520
424303.6157184650	4570633.3966132300
424302.7171509495	4570632.9577779304
424301.8185834339	4570632.5189426318
424300.9773241846	4570631.9998079771
424300.2679385459	4570631.2968808748
424299.2905243804	4570631.0855480833
424298.3131102149	4570630.8742152909
424297.3250845377	4570630.7356254375
424296.4596145206	4570630.3037105454
424295.6325688943	4570629.7429011017
424294.7829287283	4570629.2155382391
424293.9273804171	4570628.6982037658
424293.0542949570	4570628.2106365608
424292.1812094969	4570627.7230693558
424291.3081240367	4570627.2355021508
424290.4350385766	4570626.7479349459
424289.5619531164	4570626.2603677409
424288.6589019848	4570625.8366173450
424287.7261038506	4570625.4762180652
424286.7933057164	4570625.1158187855
424285.8326361758	4570624.8832871215
424284.8344676791	4570624.8227920625
424283.8397408594	4570624.7326661414
424282.8542807438	4570624.5627592243
424281.9562558749	4570624.2147402167
424281.1841131349	4570623.5858930144
424280.3266202085	4570623.0713972598
424279.3688137914	4570622.8329873588
424278.3830592497	4570622.6651989007
424277.3987017895	4570622.4894940732
424276.4064239130	4570622.3654593369
424275.5093482197	4570622.0088953534
424274.7398781943	4570621.3794839671
424274.1994468217	4570620.5438890196
424273.4438310344	4570619.9538933383
424272.4438310344	4570619.9538933393
424271.4438310344	4570619.9538933383
424270.5035188884	4570619.8615809623
424270.0931542109	4570618.9496594574
424269.5199526918	4570618.1414591828
424268.8670130699	4570617.3840492209
424268.1906179692	4570616.6512161279
424267.4035620541	4570616.0343344640
424266.6165061390	4570615.4174528010
424265.8066509969	4570614.8570084162
424264.8119592030	4570614.7541092671
424263.8240192454	4570614.6159383841
424262.8616454551	4570614.3442093134
424261.8992716649	4570614.0724802427
424260.9368978746	4570613.8007511720
424259.9745240843	4570613.5290221013
424259.0121502941	4570613.2572930306
424258.0740871734	4570612.9196397662
424257.1657062372	4570612.5014961604
424256.2573253010	4570612.0833525555
424255.3489443649	4570611.6652089497
424254.4405634287	4570611.2470653448
424253.5501989480	4570610.7919602413
424252.6612243913	4570610.3340036524
424251.7722498346	4570609.8760470627
424250.8832752780	4570609.4180904739
424249.9995123678	4570608.9513212815
424249.1699246205	4570608.3929449124
424248.3403368733	4570607.8345685434
424247.5107491260	4570607.2761921743
424246.6810711220	4570606.7179860603
424245.7533316770	4570606.3447575485
424244.8255922320	4570605.9715290358
424243.8978527870	4570605.5983005241
424242.9701133421	4570605.2250720123
424242.0423738971	4570604.8518434996
424241.1146344521	4570604.4786149878
424240.1963557620	4570604.0827772580
424239.2792857058	4570603.6840511458
424238.3622156498	4570603.2853250336
424237.4637311106	4570602.8476428222
424236.5768170263	4570602.3857084038
424235.6899029420	4570601.9237739854
424234.8029888576	4570601.4618395660
424233.9160747733	4570600.9999051476
424233.0291606890	4570600.5379707292
424232.1422466047	4570600.0760363108
424231.2148283163	4570599.7146018390
424230.2554628148	4570599.4324355144
424229.2960973134	4570599.1502691898
424228.3453995830	4570598.8478653850
424227.4792139969	4570598.3481429322
424226.6199176802	4570597.8376778150
424225.8044105358	4570597.2589308089
424224.9889033914	4570596.6801838027
424224.1102785979	4570596.2115388168
424223.1987735415	4570595.8002499500
424222.2872684850	4570595.3889610833
424221.3757634285	4570594.9776722156
424220.4642583720	4570594.5663833488
424219.5527533155	4570594.1550944820
424218.6130202688	4570593.8154710131
424217.6658756932	4570593.4946639789
424216.7187311175	4570593.1738569457
424215.7715865419	4570592.8530499116
424214.7985524267	4570592.7438887339
424213.8020066684	4570592.8269342128
424212.8306455924	4570592.5994249610
424211.9321701941	4570592.1861519711
424211.0795689416	4570591.6635899134
424210.2081269392	4570591.1789407097
424209.2767262932	4570590.8149450552
424208.3453256473	4570590.4509494007
424207.4139250014	4570590.0869537452
424206.4825243555	4570589.7229580907
424205.5511237096	4570589.3589624353
424204.6207695631	4570588.9923616694
424203.6963956295	4570588.6108740140
424202.7720216959	4570588.2293863595
424201.8476477623	4570587.8478987040
424200.9232738287	4570587.4664110495
424200.4278177328	4570586.6848874465
424199.6625970182	4570586.2486281320
424198.6805905709	4570586.0597807392
424197.6825018410	4570586.0069329739
424196.6830049317	4570585.9847855521
424195.6830049317	4570585.9847855521
424194.7461776180	4570585.7615937851
424193.9270507389	4570585.1916366303
424193.1531338409	4570584.5584460013
424192.4024203237	4570583.8978181072
424191.6517068065	4570583.2371902121
424190.7021275804	4570582.9515034044
424189.7391900999	4570582.6859458033
424188.8235460698	4570582.2839557407
424187.9079020396	4570581.8819656791
424187.0367781911	4570581.4187764907
424186.3724143523	4570580.6713671722
424185.5235890713	4570580.2259363625
424184.5553117476	4570579.9760583434
424183.5870344239	4570579.7261803253
424182.6187571002	4570579.4763023062
424181.7408035084	4570579.0531783514
424180.9815469060	4570578.4023869783
424180.2192402493	4570577.7559349304
424179.3497836919	4570577.2619255232
424178.4803271345	4570576.7679161150
424177.6108705771	4570576.2739067078
424176.6956096666	4570575.8763642870
424175.7632483578	4570575.5148364324
424174.8308870490	4570575.1533085769
424173.8964864938	4570574.7971932404
424172.9573636416	4570574.4536117092
424172.0182407894	4570574.1100301780
424171.0643062816	4570573.8152507758
424170.0926386786	4570573.5788991963
424169.1209710755	4570573.3425476169
424168.1433380969	4570573.1322777253
424167.1743186357	4570572.8977103615
424166.2798914451	4570572.4504967649
424165.3854642544	4570572.0032831691
424164.6233599465	4570571.3596842801
424163.8730009515	4570570.6986537371
424163.1226419565	4570570.0376231940
424162.3156909599	4570569.4797634706
424161.3549767771	4570569.2022238178
424160.3942625943	4570568.9246841650
424159.4335484114	4570568.6471445123
424158.4728342286	4570568.3696048595
424157.5121200457	4570568.0920652067
424156.5450772624	4570567.8592347568
424155.5450772624	4570567.8592347568
424154.5450772624	4570567.8592347577
424153.5451470294	4570567.8571394272
424152.5473618715	4570567.7906204164
424151.5561925039	4570567.6985340333
424150.6513738024	4570567.2727369955
424149.7465551009	4570566.8469399577
424148.9911012556	4570566.2213650001
424148.3134726838	4570565.4926394084
424147.3887945852	4570565.1118896035
424146.4641164865	4570564.7311397986
424145.7134062639	4570564.1073682932
424145.0549016562	4570563.3547915984
424144.3963970485	4570562.6022149036
424143.8511385464	4570561.7655475549
424143.0258497835	4570561.3520360421
424142.0423026172	4570561.1713845218
424141.0587554510	4570560.9907330014
424140.0965508136	4570560.7353671063
424139.1659848619	4570560.3692427976
424138.2354189101	4570560.0031184889
424137.3048529583	4570559.6369941803
424136.3866333594	4570559.2470943276
424135.5518606804	4570558.6964995814
424134.7170880015	4570558.1459048353
424133.8823153225	4570557.5953100892
424133.1148749906	4570556.9644091502
424132.4271303425	4570556.2384564662
424131.5396049207	4570555.8317626007
424130.5860222557	4570555.5306312321
424129.6324395907	4570555.2294998644
424128.6788569256	4570554.9283684958
424127.7210427114	4570554.6410422856
424126.7625063549	4570554.3560720179
424125.7909711150	4570554.1931550335
424124.7939166295	4570554.2698515309
424123.9816374214	4570553.8470528917
424123.2990245234	4570553.1240837891
424122.9430291961	4570552.1895960541
424122.2252036951	4570551.6397480369
424121.2707237171	4570551.3414730439
424120.3053158780	4570551.2501901295
424119.3293651696	4570551.3958775364
424118.4008884787	4570551.0244868603
424117.4859845313	4570550.6234568814
424116.5982299999	4570550.1631397167
424115.7104754685	4570549.7028225521
424114.8227209370	4570549.2425053874
424113.9349664056	4570548.7821882227
424113.0472118742	4570548.3218710581
424112.1594573428	4570547.8615538934
424111.2717028114	4570547.4012367297
424110.3717362999	4570546.9666689979
424109.4535583278	4570546.5705008376
424108.5353803557	4570546.1743326765
424107.6172023835	4570545.7781645162
424106.6990244115	4570545.3819963550
424105.7808464394	4570544.9858281948
424104.8626684673	4570544.5896600336
424103.9444904952	4570544.1934918733
424103.0263125231	4570543.7973237121
424102.1081345510	4570543.4011555519
424101.1899565789	4570543.0049873907
424100.2717786068	4570542.6088192305
424099.3536006347	4570542.2126510693
424098.4354226626	4570541.8164829090
424097.5133647335	4570541.4296180457
424096.5857791915	4570541.0560072027
424095.6581936495	4570540.6823963588
424094.7306081074	4570540.3087855158
424093.8030225653	4570539.9351746729
424092.8754370233	4570539.5615638299
424091.9478514812	4570539.1879529860
424091.0202659392	4570538.8143421430
424090.0926803971	4570538.4407313000
424089.1650948551	4570538.0671204561
424088.2375093131	4570537.6935096132
424087.3099237710	4570537.3198987702
424086.3823382290	4570536.9462879272
424085.4547526869	4570536.5726770833
424084.5271671448	4570536.1990662403
424083.6072023073	4570535.8085394530
424082.7127751163	4570535.3613258572
424081.8183479253	4570534.9141122615
424080.9239207343	4570534.4668986658
424080.0294935432	4570534.0196850710
424079.1350663522	4570533.5724714752
424078.2406391612	4570533.1252578795
424077.3462119702	4570532.6780442847
424076.4517847792	4570532.2308306890
424075.5573575882	4570531.7836170932
424074.6629303971	4570531.3364034984
424073.7685032061	4570530.8891899027
424072.8740760151	4570530.4419763070
424071.9796488240	4570529.9947627112
424071.0852216330	4570529.5475491164
424070.2771706952	4570528.9775093626
424069.5538151509	4570528.2870336156
424068.8304596067	4570527.5965578696
424068.1071040625	4570526.9060821226
424067.3837485182	4570526.2156063765
424066.6603929740	4570525.5251306295
424065.8082104341	4570525.0537563628
424064.8531462975	4570524.7573571475
424063.8722913016	4570524.6426224373
424062.8724692533	4570524.6614870038
424061.8726472051	4570524.6803515712
424060.8828669739	4570524.6488438398
424059.9667096393	4570524.2480250048
424059.2090925591	4570523.5966065656
424058.4544870371	4570522.9404278509
424057.6998815150	4570522.2842491353
424056.9440195681	4570521.6301926877
424056.0057901087	4570521.2841789862
424055.0675606492	4570520.9381652847
424054.1293311898	4570520.5921515841
424053.1911017303	4570520.2461378826
424052.2528722708	4570519.9001241811
424051.3146428114	4570519.5541104805
424050.3764133519	4570519.2080967790
424049.4381838925	4570518.8620830774
424048.4999544330	4570518.5160693768
424047.5547179918	4570518.1930673271
424046.5828678861	4570517.9574673017
424045.6110177804	4570517.7218672764
424044.6391676747	4570517.4862672510
424043.6673175690	4570517.2506672256
424042.6954674633	4570517.0150671992
424041.7236173576	4570516.7794671739
424040.7490504500	4570516.5556188077
424039.7724059833	4570516.3407570254
424038.7957615165	4570516.1258952431
424037.8214978683	4570515.9012442455
424036.8552629288	4570515.6435815943
424035.9534947030	4570515.2834089631
424035.3027033296	4570514.5241523609
424034.6519119562	4570513.7648957586
424033.7864597200	4570513.2978789629
424032.8673146899	4570512.9039596645
424031.8866950256	4570512.7468520608
424030.8920032316	4570512.6439529108
424030.0324628381	4570512.1491948608
424029.1858262891	4570511.6170233153
424028.3075156292	4570511.1736134617
424027.3152377525	4570511.0495787272
424026.3762584114	4570510.7381188776
424025.4671935886	4570510.3214641670
424024.5715834162	4570509.8767202729
424023.6440142776	4570509.5604215525
424022.6445341633	4570509.5281802593
424021.7307874812	4570509.2980463123
424021.0236807000	4570508.5909395311
424020.1752690024	4570508.0833967617
424019.2734529739	4570507.6512765810
424018.3716369454	4570507.2191564003
424017.4469850145	4570506.8636454688
424016.4557571138	4570506.7314817496
424015.5094326615	4570506.4801219609
424014.6773823676	4570505.9254217641
424013.8639592799	4570505.3438844252
424012.9920698483	4570504.8809505831
424012.0370057115	4570504.5845513679
424011.1036535712	4570504.2319693984
424010.2077934587	4570503.7886599284
424009.3298978862	4570503.3098077970
424008.3666209195	4570503.1057880977
424007.3719291257	4570503.0028889468
424006.4439600086	4570502.6492031766
424005.5296430782	4570502.2442037305
424004.6153261478	4570501.8392042853
424003.7010092174	4570501.4342048401
424002.7866922870	4570501.0292053949
424001.8723753566	4570500.6242059488
424000.9580584262	4570500.2192065036
424000.0437414958	4570499.8142070584
423999.1294245654	4570499.4092076132
423998.2151076350	4570499.0042081671
423997.2947144340	4570498.6145700058
423996.3507532106	4570498.2845136337
423995.4067919872	4570497.9544572616
423994.4628307638	4570497.6244008895
423993.5188695404	4570497.2943445174
423992.5749083170	4570496.9642881453
423991.6309470936	4570496.6342317741
423990.6869858701	4570496.3041754020
423989.7430246468	4570495.9741190299
423988.7990634234	4570495.6440626578
423987.8683200027	4570495.2818020051
423986.9646693870	4570494.8535315711
423986.0610187712	4570494.4252611371
423985.1573681555	4570493.9969907040
423984.2537175397	4570493.5687202699
423983.3500669240	4570493.1404498359
423982.4464163082	4570492.7121794019
423981.5427656924	4570492.2839089679
423980.6391150767	4570491.8556385338
423979.7354644609	4570491.4273680998
423978.8318138452	4570490.9990976658
423977.9281632295	4570490.5708272317
423977.0245126137	4570490.1425567977
423976.1208619979	4570489.7142863637
423975.2172113822	4570489.2860159297
423974.3121880444	4570488.8607655838
423973.3953273462	4570488.4615582945
423972.4784666481	4570488.0623510042
423971.5616059499	4570487.6631437149
423970.6447452517	4570487.2639364256
423969.7278845535	4570486.8647291353
423968.8110238553	4570486.4655218460
423967.8941631571	4570486.0663145566
423966.9773024589	4570485.6671072664
423966.0604417607	4570485.2678999770
423965.1435810625	4570484.8686926877
423964.2267203643	4570484.4694853975
423963.3098596661	4570484.0702781081
423962.3929989679	4570483.6710708188
423961.4761382697	4570483.2718635285
423960.5614272478	4570482.8678622292
423959.6534678633	4570482.4488040525
423958.7455084788	4570482.0297458749
423957.8375490943	4570481.6106876973
423956.9295897098	4570481.1916295197
423956.0216303253	4570480.7725713421
423955.1136709408	4570480.3535131644
423954.2057115563	4570479.9344549878
423953.2977521718	4570479.5153968101
423952.3897927873	4570479.0963386325
423951.4818334028	4570478.6772804549
423950.5738740182	4570478.2582222773
423949.6659146337	4570477.8391641006
423948.7579552492	4570477.4201059230
423947.8442999833	4570477.0144485971
423946.9124795082	4570476.6515290439
423945.9806590331	4570476.2886094907
423945.0488385580	4570475.9256899375
423944.1170180830	4570475.5627703844
423943.1851976079	4570475.1998508302
423942.2533771328	4570474.8369312771
423941.3343303218	4570474.4437302146
423940.4241043117	4570474.0296183815
423939.5138783016	4570473.6155065484
423938.6036522915	4570473.2013947144
423937.6934262814	4570472.7872828813
423936.7832002713	4570472.3731710482
423935.8729742612	4570471.9590592142
423934.9627482511	4570471.5449473811
423934.0525222410	4570471.1308355480
423933.1422962309	4570470.7167237140
423932.2320702208	4570470.3026118809
423931.3218442107	4570469.8885000478
423930.4116182006	4570469.4743882138
423929.5013921905	4570469.0602763807
423928.5911661804	4570468.6461645477
423927.6809401703	4570468.2320527136
423926.7491628523	4570467.8710658597
423925.8076841967	4570467.5339932544
423924.8662055412	4570467.1969206491
423923.9247268857	4570466.8598480439
423922.9832482301	4570466.5227754386
423922.0417695745	4570466.1857028343
423921.1002909190	4570465.8486302290
423920.1588122634	4570465.5115576237
423919.2173336079	4570465.1744850185
423918.2758549524	4570464.8374124132
423917.3343762968	4570464.5003398079
423916.3928976413	4570464.1632672027
423915.4514189857	4570463.8261945974
423914.5099403301	4570463.4891219931
423913.5684616746	4570463.1520493878
423912.6269830191	4570462.8149767825
423911.6855043635	4570462.4779041773
423910.7529858681	4570462.1169274077
423909.8219113978	4570461.7520982269
423908.8908369275	4570461.3872690471
423907.9597624571	4570461.0224398663
423907.0286879869	4570460.6576106865
423906.0976135165	4570460.2927815067
423905.1665390462	4570459.9279523259
423904.2354645758	4570459.5631231461
423903.3043901056	4570459.1982939653
423902.3733156352	4570458.8334647855
423901.4422411649	4570458.4686356056
423900.5111666946	4570458.1038064249
423899.5800922243	4570457.7389772451
423898.6490177539	4570457.3741480652
423897.7179432836	4570457.0093188845
423896.7868688133	4570456.6444897046
423895.8557943430	4570456.2796605239
423894.9106287174	4570455.9541921988
423893.9595591767	4570455.6452152925
423893.0084896361	4570455.3362383852
423892.0574200955	4570455.0272614788
423891.1063505548	4570454.7182845725
423890.1552810141	4570454.4093076652
423889.2042114735	4570454.1003307588
423888.2531419329	4570453.7913538525
423887.3020723922	4570453.4823769452
423886.3510028515	4570453.1734000389
423885.3999333109	4570452.8644231325
423884.4488637703	4570452.5554462252
423883.4977942296	4570452.2464693189
423882.5479844445	4570451.9337416794
423881.6032278326	4570451.6059689773
423880.6584712206	4570451.2781962752
423879.7137146087	4570450.9504235731
423878.7689579968	4570450.6226508711
423877.8242013848	4570450.2948781699
423876.8794447729	4570449.9671054678
423875.9346881609	4570449.6393327657
423874.9899315490	4570449.3115600636
423874.0451749370	4570448.9837873615
423873.1072900697	4570448.6425645845
423872.2880581492	4570448.0691022398
423871.4688262288	4570447.4956398960
423870.5363762731	4570447.2057969281
423869.5474399202	4570447.0574564748
423868.5599926539	4570446.9032745911
423867.6207277302	4570446.5600816375
423866.6814628066	4570446.2168886838
423865.7421978829	4570445.8736957312
423864.8074678717	4570445.5186496591
423863.8789911808	4570445.1472589830
423862.9505144898	4570444.7758683069
423862.0220377989	4570444.4044776298
423861.0935611080	4570444.0330869537
423860.1650844171	4570443.6616962776
423859.2339606153	4570443.2977636587
423858.2791038387	4570443.0006971071
423857.3242470622	4570442.7036305545
423856.3743309604	4570442.3973449236
423855.5982169608	4570441.7667522980
423854.6938964825	4570441.3846490197
423853.7302124173	4570441.1176040377
423852.7665283521	4570440.8505590558
423851.8028442869	4570440.5835140739
423850.8391602217	4570440.3164690910
423849.8778700597	4570440.0423291894
423848.9493933686	4570439.6709385142
423848.0209166775	4570439.2995478380
423847.2288422770	4570438.6915857121
423846.4207970212	4570438.1265935674
423845.4269132865	4570438.0161620416
423844.4330295518	4570437.9057305166
423843.4391458171	4570437.7952989908
423842.4848154536	4570437.5342971422
423841.5649721956	4570437.1420110473
423840.6451289376	4570436.7497249516
423839.7252856795	4570436.3574388558
423838.8054424215	4570435.9651527610
423837.8855991635	4570435.5728666652
423836.9657559055	4570435.1805805704
423836.0459126475	4570434.7882944746
423835.1260693894	4570434.3960083788
423834.2062261314	4570434.0037222840
423833.2893779076	4570433.6045018947
423832.3731814383	4570433.2037725225
423831.4569849690	4570432.8030431513
423830.5407884997	4570432.4023137791
423829.6245920304	4570432.0015844069
423828.7083955611	4570431.6008550348
423827.7921990918	4570431.2001256626
423826.8760026224	4570430.7993962904
423825.9598061532	4570430.3986669183
423825.0436096839	4570429.9979375461
423824.1274132146	4570429.5972081739
423823.2070777967	4570429.2064575711
423822.2762206011	4570428.8410743726
423821.3453634056	4570428.4756911742
423820.4145062101	4570428.1103079766
423819.4836490146	4570427.7449247781
423818.5527918191	4570427.3795415796
423817.6219346235	4570427.0141583811
423816.6910774280	4570426.6487751836
423815.8308635899	4570426.1452428689
423814.9896851141	4570425.6044852780
423814.0931992767	4570425.1718473854
423813.1624477832	4570424.8061950132
423812.2316962898	4570424.4405426411
423811.3009447964	4570424.0748902680
423810.3701933029	4570423.7092378959
423809.4394418095	4570423.3435855238
423808.5125062525	4570422.9684159439
423807.5869592964	4570422.5897830976
423806.6614123404	4570422.2111502513
423805.7358653843	4570421.8325174050
423804.8126348285	4570421.4487258727
423803.9147141057	4570421.0085686566
423803.0167933829	4570420.5684114397
423802.1188726601	4570420.1282542227
423801.2078790685	4570419.7179321880
423800.2756135105	4570419.3561574938
423799.3433479526	4570418.9943827996
423798.4110823947	4570418.6326081054
423797.4788168367	4570418.2708334113
423796.5401494746	4570417.9262231868
423795.5986708191	4570417.5891505815
423794.6571921636	4570417.2520779762
423793.7157135081	4570416.9150053710
423792.7742348526	4570416.5779327657
423791.8345970343	4570416.2361609368
423790.9146737696	4570415.8440624960
423789.9947505049	4570415.4519640552
423789.0748272402	4570415.0598656144
423788.1549039755	4570414.6677671745
423787.4115096355	4570414.0216417508
423786.7232492036	4570413.2961780522
423786.0349887716	4570412.5707143536
423785.3108433002	4570411.8875484448
423784.4829246100	4570411.3267002990
423783.6550059198	4570410.7658521533
423782.7285852130	4570410.4045293583
423781.7799019149	4570410.0883015925
423780.8312186167	4570409.7720738268
423779.8825353186	4570409.4558460610
423778.9176587076	4570409.1960810777
423777.9455764990	4570408.9614405446
423776.9526409163	4570408.9020662690
423775.9787554604	4570408.7914432846
423775.0923499342	4570408.3313596258
423774.2969182136	4570407.7253164118
423773.4640143157	4570407.1801862158
423772.5644081094	4570406.7434841739
423771.6648019030	4570406.3067821320
423770.7651956967	4570405.8700800901
423769.8655894904	4570405.4333780482
423768.9659832841	4570404.9966760064
423768.0663770777	4570404.5599739635
423767.1667708714	4570404.1232719216
423766.2563141963	4570403.7097607683
423765.3445802530	4570403.2989795404
423764.4328463098	4570402.8881983133
423763.5211123665	4570402.4774170863
423762.6093784233	4570402.0666358583
423761.6976444800	4570401.6558546312
423760.7529755922	4570401.3732172847
423759.7561603136	4570401.2934720628
423758.7741114620	4570401.1139619164
423757.8182029022	4570400.8442035783
423756.9389109356	4570400.3679204294
423756.0460187161	4570399.9189827349
423755.1356522388	4570399.5051797898
423754.2252857615	4570399.0913768448
423753.3149192842	4570398.6775739007
423752.5858338883	4570398.0526285144
423752.0390449871	4570397.2153580096
423751.4922560859	4570396.3780875057
423750.9454671848	4570395.5408170009
423750.1368844125	4570395.0245719273
423749.2067291913	4570394.6574053923
423748.2784622498	4570394.2866292931
423747.4464119556	4570393.7319290964
423746.5854122613	4570393.2253181441
423745.7058072438	4570392.7496133894
423744.8262022263	4570392.2739086356
423743.9465972088	4570391.7982038809
423743.0669921914	4570391.3224991262
423742.1873871739	4570390.8467943724
423741.3077821564	4570390.3710896177
423740.4351769005	4570389.8830550313
423739.5758840160	4570389.3715711711
423738.7165911314	4570388.8600873118
423737.8370749690	4570388.4043890163
423736.8496343371	4570388.2463985151
423735.8621937052	4570388.0884080147
423734.8747530733	4570387.9304175135
423734.1030249027	4570387.3275622539
423733.3674797974	4570386.6500864988
423732.6319346922	4570385.9726107446
423731.7788311744	4570385.5204585101
423730.8023776990	4570385.3047304163
423729.8259242235	4570385.0890023233
423728.8494707481	4570384.8732742295
423727.8730172727	4570384.6575461356
423726.8965637973	4570384.4418180427
423725.9138995660	4570384.2573616933
423724.9291160071	4570384.0835763598
423723.9607289470	4570383.8437870787
423723.0091008028	4570383.5365349418
423722.0574726587	4570383.2292828057
423721.1058445145	4570382.9220306696
423720.1542163704	4570382.6147785336
423719.2025882262	4570382.3075263966
423718.2509600821	4570382.0002742605
423717.2993319379	4570381.6930221245
423716.3477037938	4570381.3857699884
423715.3960756496	4570381.0785178514
423714.4444475054	4570380.7712657154
423713.4928193612	4570380.4640135793
423712.5411912171	4570380.1567614432
423711.5895630730	4570379.8495093072
423710.6379349288	4570379.5422571702
423709.6924715372	4570379.2183008352
423708.7693946141	4570378.8336854503
423707.8463176911	4570378.4490700662
423706.9232407680	4570378.0644546812
423706.0001638449	4570377.6798392963
423705.0770869218	4570377.2952239122
423704.1540099987	4570376.9106085273
423703.2309330757	4570376.5259931423
423702.3078561526	4570376.1413777582
423701.3847792295	4570375.7567623733
423700.4617023064	4570375.3721469892
423699.5374857474	4570374.9903268153
423698.6086282415	4570374.6198895955
423697.6797707356	4570374.2494523758
423696.7509132297	4570373.8790151561
423695.8220557237	4570373.5085779363
423694.8931982178	4570373.1381407166
423693.9643407119	4570372.7677034969
423693.0354832059	4570372.3972662771
423692.1066257000	4570372.0268290574
423691.1777681941	4570371.6563918386
423690.2489106882	4570371.2859546188
423689.3200531823	4570370.9155173991
423688.4024946027	4570370.5193780288
423687.5015612293	4570370.0854205927
423686.6006278558	4570369.6514631556
423685.6996944824	4570369.2175057195
423684.7987611090	4570368.7835482834
423683.8978277355	4570368.3495908463
423682.9968943621	4570367.9156334102
423682.0959609887	4570367.4816759741
423681.1950276153	4570367.0477185370
423680.2940942418	4570366.6137611009
423679.3931608683	4570366.1798036648
423678.4922274949	4570365.7458462277
423677.5912941215	4570365.3118887916
423676.6903607481	4570364.8779313555
423675.7727530157	4570364.4820043733
423674.8431751125	4570364.1133786524
423673.9135972092	4570363.7447529323
423672.9840193059	4570363.3761272114
423672.0274909652	4570363.0999149783
423671.0454845182	4570362.9110675845
423670.0634780713	4570362.7222201908
423669.0930634157	4570362.5075568222
423668.2994570542	4570361.8991252789
423667.5058506927	4570361.2906937357
423666.6196887966	4570360.8566599935
423665.6710054987	4570360.5404322268
423664.7191684354	4570360.2354132365
423663.7447772395	4570360.0105537307
423662.7703860437	4570359.7856942238
423661.8608412902	4570359.4042815575
423661.0128429866	4570358.8742826171
423660.4709238970	4570358.0832056729
423660.0812839059	4570357.1622384218
423659.2159565141	4570356.7853816152
423658.2511926930	4570356.5222642086
423657.2659129293	4570356.4410591545
423656.2709452107	4570356.4659025744
423655.3961760752	4570355.9866378857
423654.4444674575	4570355.6796351057
423653.4932127116	4570355.3720090529
423652.9089079860	4570354.5604747115
423652.3246032604	4570353.7489403700
423651.7629353730	4570352.9215809712
423651.2014339544	4570352.0941051971
423650.3572205462	4570351.6109776590
423649.4362532950	4570351.2213376686
423648.4463209361	4570351.0957757141
423647.4559362465	4570350.9649534551
423646.4820950365	4570350.7377238404
423645.5417802339	4570350.4426683551
423644.7698499982	4570349.8069611015
423643.9040044883	4570349.3179871542
423643.0034528523	4570348.8832380874
423642.0430322860	4570348.7824135982
423641.0984027357	4570348.6986239608
423640.3022405415	4570348.0935406936
423639.5713983449	4570347.4320986262
423639.0894795958	4570346.5558827166
423638.3760935219	4570345.8818802712
423637.5725363282	4570345.2866527205
423636.6906221697	4570344.8438666221
423635.7389135519	4570344.5368638430
423634.7872049341	4570344.2298610630
423633.8354963163	4570343.9228582829
423632.8718290311	4570343.6719988603
423631.8776219837	4570343.5645170165
423630.8834149362	4570343.4570351727
423629.9398285385	4570343.1382355066
423629.0048310120	4570342.7835812736
423628.1212939024	4570342.3184184572
423627.2480962003	4570341.8310522977
423626.3748984981	4570341.3436861392
423625.4440777203	4570340.9982783468
423624.4782348831	4570340.7391497809
423623.5123920458	4570340.4800212150
423622.5465492085	4570340.2208926491
423621.5807063713	4570339.9617640823
423620.6191234081	4570339.6904656962
423619.7025190525	4570339.2906701788
423618.7859146968	4570338.8908746624
423617.8693103412	4570338.4910791460
423616.9527059856	4570338.0912836287
423616.0361016300	4570337.6914881123
423615.1194972744	4570337.2916925950
423614.1879070957	4570336.9319781940
423613.2338489636	4570336.6323566316
423612.2797908315	4570336.3327350700
423611.3257326993	4570336.0331135076
423610.3716745672	4570335.7334919460
423609.4176164350	4570335.4338703835
423608.4635583029	4570335.1342488211
423607.5095001707	4570334.8346272595
423606.5567786150	4570334.5309789935
423605.6129202587	4570334.2006285684
423604.6690619024	4570333.8702781443
423603.7252035460	4570333.5399277192
423602.7813451896	4570333.2095772941
423601.8374868333	4570332.8792268699
423600.9277713187	4570332.4698654898
423600.0403658995	4570332.0088756615
423599.1529604803	4570331.5478858324
423598.2655550611	4570331.0868960042
423597.3781496419	4570330.6259061759
423596.4907442227	4570330.1649163468
423595.5490814029	4570329.8299134104
423594.6044077386	4570329.5019017216
423593.6597340743	4570329.1738900328
423592.7150604100	4570328.8458783440
423591.7703867457	4570328.5178666553
423590.8144391703	4570328.2243795097
423589.8582392148	4570327.9316652371
423588.9020392594	4570327.6389509654
423587.9458393039	4570327.3462366927
423586.9896393485	4570327.0535224201
423586.0334393931	4570326.7608081484
423585.0765482420	4570326.4703848446
423584.1180118855	4570326.1854145778
423583.1594755291	4570325.9004443102
423582.2262159923	4570325.5435432214
423581.3001236326	4570325.1662463341
423580.3740312728	4570324.7889494468
423579.4479389130	4570324.4116525594
423578.5218465533	4570324.0343556721
423577.5957541935	4570323.6570587847
423576.6696618338	4570323.2797618974
423575.7413477341	4570322.9082042910
423574.8025995064	4570322.5636005113
423573.8638512787	4570322.2189967316
423572.9251030510	4570321.8743929518
423571.9863548233	4570321.5297891721
423571.0476065956	4570321.1851853924
423570.1617589400	4570320.7287280932
423569.2998247249	4570320.2217079662
423568.4378905098	4570319.7146878401
423567.5759562947	4570319.2076677131
423566.6598701161	4570318.8105129059
423565.7327600504	4570318.4357237304
423564.8056499847	4570318.0609345548
423563.8785399189	4570317.6861453792
423562.9514298532	4570317.3113562036
423562.0243197875	4570316.9365670281
423561.0972097218	4570316.5617778525
423560.1700996562	4570316.1869886769
423559.2429895905	4570315.8121995013
423558.3158795248	4570315.4374103257
423557.3887694591	4570315.0626211511
423556.4616593934	4570314.6878319755
423555.5345493277	4570314.3130427999
423554.6287463991	4570313.8913538000
423553.7365892409	4570313.4396286570
423552.8444320828	4570312.9879035130
423551.9522749246	4570312.5361783700
423551.0601177665	4570312.0844532270
423550.1679606083	4570311.6327280831
423549.1885148546	4570311.4892888060
423548.1919690963	4570311.4062433261
423547.1955700820	4570311.3214743799
423546.1993294939	4570311.2348447628
423545.7907163605	4570310.3360092314
423545.2172296047	4570309.5172543442
423544.4014226720	4570309.0337572237
423543.4426245594	4570308.7496688934
423542.4556267024	4570308.7726127412
423541.4760465630	4570308.6818667352
423540.5221298187	4570308.3894211277
423539.6050597625	4570307.9906950165
423538.6879897063	4570307.5919689052
423537.7709196501	4570307.1932427930
423536.8538495939	4570306.7945166817
423535.9384101022	4570306.3920974368
423535.0259007777	4570305.9830415323
423534.1096699948	4570305.7988233194
423533.1841230386	4570306.1774561647
423532.3472162978	4570306.7139362749
423531.5482833458	4570307.0656663524
423530.8770210524	4570306.3551698523
423530.4831017540	4570305.4360248223
423530.1877507639	4570304.4822431291
423529.6728876498	4570303.6629689420
423528.9657808685	4570302.9558621608
423528.2586740872	4570302.2487553796
423527.5515673060	4570301.5416485984
423526.8444605247	4570300.8345418172
423525.9762547384	4570300.3509479659
423525.0818275474	4570299.9037343701
423524.1667161837	4570299.5176201258
423523.1845609917	4570299.3295478560
423522.2024057997	4570299.1414755853
423521.2181858302	4570298.9751646817
423520.2181858302	4570298.9751646807
423519.2275804619	4570298.9019339522
423518.2599631896	4570298.6495120544
423517.2923459173	4570298.3970901566
423516.3283364801	4570298.1325101648
423515.3796531818	4570297.8162823990
423514.4309698835	4570297.5000546342
423513.4822865852	4570297.1838268684
423512.7147420136	4570296.5845981389
423512.0303061052	4570295.8555251062
423511.3458701967	4570295.1264520735
423510.6614342883	4570294.3973790407
423509.8828927774	4570293.8578068260
423508.8883873244	4570293.7531220410
423507.8938818716	4570293.6484372560
423506.8992250695	4570293.5452027926
423505.9045332757	4570293.4423036417
423504.9786896262	4570293.0741886683
423504.0016863116	4570292.8692858005
423503.0195311197	4570292.6812135298
423502.0373759278	4570292.4931412591
423501.1926758098	4570291.9870486343
423500.3827336879	4570291.4005388217
423499.4858425308	4570291.0529497527
423498.4883838310	4570290.9817027031
423497.4906728638	4570290.9141383572
423496.4928159148	4570290.8487051139
423495.4949589657	4570290.7832718715
423494.4971020167	4570290.7178386282
423493.5448538843	4570290.4525640858
423492.6174124123	4570290.0785957500
423491.6899709402	4570289.7046274142
423490.7625294682	4570289.3306590794
423489.8215165141	4570289.1297904057
423488.8471253183	4570289.3546499126
423487.8661408336	4570289.5462974962
423487.0301319558	4570289.1203835905
423486.2426269548	4570288.5040753288
423485.3606650363	4570288.0386350323
423484.4622806754	4570287.5994249005
423483.5638963144	4570287.1602147687
423482.6116216855	4570286.8971447274
423481.6212799388	4570286.7584968833
423480.6309381920	4570286.6198490392
423479.6474428496	4570286.4471135307
423478.6803683125	4570286.1926202308
423477.7132937754	4570285.9381269310
423476.7462192383	4570285.6836336311
423475.7774436755	4570285.4358104989
423474.8066002319	4570285.1960960682
423473.8357567884	4570284.9563816376
423472.8649133449	4570284.7166672079
423471.8940699013	4570284.4769527772
423470.9235648832	4570284.2361160722
423469.9820474051	4570283.8991519222
423469.0405299270	4570283.5621877722
423468.0990124489	4570283.2252236223
423467.1574949708	4570282.8882594723
423466.2159774927	4570282.5512953224
423465.2744600146	4570282.2143311724
423464.3319293656	4570281.8802295523
423463.3880710093	4570281.5498791272
423462.4442126531	4570281.2195287021
423461.5003542968	4570280.8891782770
423460.5596828125	4570280.5501696300
423459.6268846781	4570280.1897703512
423458.6940865436	4570279.8293710724
423457.7612884091	4570279.4689717935
423456.8284902746	4570279.1085725138
423455.8956921402	4570278.7481732350
423454.9628940057	4570278.3877739562
423454.0300958713	4570278.0273746774
423453.0972977368	4570277.6669753976
423452.1632165803	4570277.3102347068
423451.2096339152	4570277.0091033392
423450.2560512501	4570276.7079719706
423449.3024685849	4570276.4068406029
423448.3488859197	4570276.1057092352
423447.3953032546	4570275.8045778675
423446.4168369412	4570275.6021119915
423445.4344983748	4570275.4149998836
423444.4563456593	4570275.2135666516
423443.5278689684	4570274.8421759754
423442.6223166947	4570274.4197362019
423441.7278895036	4570273.9725226061
423440.8158465868	4570273.5630313670
423439.8869784034	4570273.2247159518
423438.8872757128	4570273.2490989435
423437.8875730221	4570273.2734819362
423436.8984304553	4570273.1868494581
423435.9212540914	4570272.9744198136
423435.0796499648	4570272.4422517195
423434.2475996706	4570271.8875515228
423433.4236176124	4570271.3209759835
423432.6014254209	4570270.7517660046
423431.6534955740	4570270.4981894977
423430.6652059498	4570270.3456201544
423429.6788120261	4570270.1812211666
423428.7695269241	4570269.8291842826
423427.9525590610	4570269.2525010845
423427.1355911979	4570268.6758178864
423426.3186233348	4570268.0991346883
423425.4462772679	4570267.6377546554
423424.4854536766	4570267.3605940044
423423.5246300852	4570267.0834333533
423422.5638064939	4570266.8062727023
423421.5884434839	4570266.5870267618
423420.6831435714	4570266.1671560863
423419.7839084827	4570265.7296903674
423418.8745218113	4570265.3163540792
423417.9330043331	4570264.9793899292
423416.9914868549	4570264.6424257793
423416.0499693767	4570264.3054616293
423415.1084518986	4570263.9684974793
423414.1669344204	4570263.6315333294
423413.2254169422	4570263.2945691794
423412.2898182847	4570262.9417124223
423411.3572501865	4570262.5807183199
423410.3913691091	4570262.3980639745
423409.3913691091	4570262.3980639754
423408.5058385011	4570261.9512607213
423407.6290260924	4570261.4704281101
423406.7257953165	4570261.0438351789
423405.8066502868	4570260.6499158796
423404.8776415709	4570260.2907045148
423403.8887052178	4570260.1423640633
423402.9716878311	4570259.7600422818
423402.0694476278	4570259.3290961115
423401.1191385999	4570259.0177879827
423400.1688295719	4570258.7064798530
423399.2185205440	4570258.3951717233
423398.2684221819	4570258.0832401710
423397.3240686212	4570257.7543080319
423396.3797150605	4570257.4253758918
423395.4353614997	4570257.0964437528
423394.4910079390	4570256.7675116137
423393.5466543783	4570256.4385794736
423392.6023008175	4570256.1096473346
423391.6540909425	4570255.7920304444
423390.7206732311	4570255.4399561798
423389.8352753287	4570254.9751222804
423388.9498774262	4570254.5102883810
423388.0457686993	4570254.0893910518
423387.0940793614	4570253.7916873377
423386.0940793614	4570253.7916873377
423385.1375223329	4570253.5393477781
423384.1950945873	4570253.2049379330
423383.2316417256	4570252.9441525983
423382.2547417082	4570252.7304557189
423381.3612812378	4570252.8609591862
423380.4125979403	4570252.5447314186
423379.6435315950	4570251.9271177016
423378.8417556102	4570251.3524037367
423377.9268378085	4570250.9487635307
423377.0119200069	4570250.5451233238
423376.0970022053	4570250.1414831169
423375.1820844037	4570249.7378429109
423374.2517258640	4570249.3732110457
423373.3084134730	4570249.0413048342
423372.3651010821	4570248.7093986226
423371.4217886911	4570248.3774924120
423370.4828365721	4570248.0335003296
423369.5448977991	4570247.6866994379
423368.6069590260	4570247.3398985472
423367.6690202530	4570246.9930976564
423366.7310814800	4570246.6462967647
423365.7931427070	4570246.2994958740
423364.8552039340	4570245.9526949823
423363.9172651610	4570245.6058940915
423362.9630619440	4570245.3109886171
423361.9949626512	4570245.0604217416
423361.0268633585	4570244.8098548660
423360.0587640656	4570244.5592879895
423359.0906647729	4570244.3087211140
423358.1225654801	4570244.0581542375
423357.1867450907	4570243.7091571838
423356.2582683997	4570243.3377665067
423355.3297917088	4570242.9663758306
423354.4013150179	4570242.5949851545
423353.4728383270	4570242.2235944783
423352.5443616360	4570241.8522038022
423351.6214585047	4570241.4672226841
423350.6995718279	4570241.0797630670
423349.7776851511	4570240.6923034498
423348.8557984742	4570240.3048438327
423347.9339117974	4570239.9173842147
423346.9748205551	4570239.6350666052
423346.0144110304	4570239.3564745290
423345.0540015056	4570239.0778824529
423344.0935919809	4570238.7992903776
423343.1331824562	4570238.5206983015
423342.1727729315	4570238.2421062253
423341.2123634067	4570237.9635141492
423340.2519538821	4570237.6849220730
423339.2921752931	4570237.4042698294
423338.3404666753	4570237.0972670494
423337.3887580574	4570236.7902642693
423336.4370494396	4570236.4832614902
423335.4853408218	4570236.1762587102
423334.5336322040	4570235.8692559302
423333.5819235862	4570235.5622531511
423332.6352089293	4570235.2403431302
423331.6906217914	4570234.9120823508
423330.7460346534	4570234.5838215724
423329.8014475153	4570234.2555607939
423328.8568603774	4570233.9273000155
423327.9122732394	4570233.5990392370
423326.9676861014	4570233.2707784586
423326.0230989634	4570232.9425176801
423325.0785118254	4570232.6142569017
423324.1339246874	4570232.2859961232
423323.2040968668	4570231.9180796733
423322.2747447809	4570231.5488850083
423321.3453926949	4570231.1796903443
423320.4160406090	4570230.8104956793
423319.4866885230	4570230.4413010152
423318.5417789561	4570230.1145318151
423317.5940671469	4570229.7954043699
423316.6463553377	4570229.4762769239
423315.6986435285	4570229.1571494779
423314.7509317193	4570228.8380220318
423313.8032199100	4570228.5188945867
423312.8554058473	4570228.2000723444
423311.9067225493	4570227.8838445786
423310.9580392514	4570227.5676168120
423310.0093559533	4570227.2513890462
423309.0606726553	4570226.9351612795
423308.1119893574	4570226.6189335138
423307.1633060593	4570226.3027057480
423306.2146227613	4570225.9864779813
423305.2732755720	4570225.6493756054
423304.3353367989	4570225.3025747146
423303.3973980258	4570224.9557738239
423302.4594592527	4570224.6089729331
423301.5215204795	4570224.2621720424
423300.5835817064	4570223.9153711516
423299.6456429333	4570223.5685702609
423298.7077041602	4570223.2217693692
423297.7765712074	4570222.8577637775
423296.8552070463	4570222.4690632727
423295.9338428853	4570222.0803627670
423295.0124787243	4570221.6916622622
423294.0911145633	4570221.3029617565
423293.2063042922	4570220.8380403183
423292.3263988944	4570220.3628914030
423291.4464934967	4570219.8877424886
423290.5540154638	4570219.4419466816
423289.6029813951	4570219.1328606093
423288.6519473264	4570218.8237745371
423287.6873118205	4570218.7302807542
423286.7049109661	4570218.9025058178
423285.7210410557	4570218.7236203812
423284.7892950432	4570218.3883632515
423283.8948678525	4570217.9411496548
423283.0352928799	4570217.4311505929
423282.1826916274	4570216.9085885352
423281.3336907754	4570216.3802480055
423280.4888716999	4570215.8451959249
423279.6234792714	4570215.3630862674
423278.6390516961	4570215.1872956287
423277.6522170546	4570215.0275367443
423276.6595711770	4570214.9064823696
423275.6669252994	4570214.7854279941
423274.7118838432	4570214.5164371626
423273.7819231233	4570214.1487782728
423272.8519624032	4570213.7811193829
423272.0312297668	4570213.2371511571
423271.2879356204	4570212.5681864256
423270.5446414739	4570211.8992216941
423269.7827067044	4570211.2691644793
423268.7956012266	4570211.1090933206
423267.8084957488	4570210.9490221627
423266.8268021630	4570210.7598921470
423265.8482523780	4570210.5538816657
423264.8748797701	4570210.3308843663
423263.9477697044	4570209.9560951907
423263.0206596385	4570209.5813060161
423262.0935495728	4570209.2065168405
423261.1924331639	4570208.7741263816
423260.2980059730	4570208.3269127859
423259.4035787820	4570207.8796991901
423258.6942751027	4570207.1841806127
423257.8976979684	4570206.6225733021
423256.9632102334	4570206.2665779749
423256.0287224984	4570205.9105826477
423255.0685958587	4570205.6465416243
423254.0838497149	4570205.4749112837
423253.0856812182	4570205.4144162247
423252.0875127216	4570205.3539211648
423251.1034721709	4570205.1798494924
423250.1209019254	4570204.9939578231
423249.1660064205	4570204.7164575793
423248.2448602041	4570204.3272408685
423247.3237139879	4570203.9380241577
423246.4025677715	4570203.5488074459
423245.4814215552	4570203.1595907351
423244.5641151811	4570202.7615654394
423243.6520020162	4570202.3516269382
423242.7398888514	4570201.9416884370
423241.8277756867	4570201.5317499358
423240.9156625219	4570201.1218114346
423240.0035493571	4570200.7118729344
423239.0860798648	4570200.3228604095
423238.0891817161	4570200.2441579243
423237.0922835674	4570200.1654554401
423236.1501469446	4570199.8829064723
423235.2480127235	4570199.4514509747
423235.0508613865	4570198.5074693961
423234.3160863778	4570197.8567303224
423233.5352175684	4570197.2320352746
423232.5950688778	4570196.9289396377
423231.6249263776	4570196.6864040131
423230.6291050963	4570196.6011075350
423229.6322069476	4570196.5224050498
423228.7071448338	4570196.2276902292
423227.8605729140	4570195.6961272890
423226.8981991237	4570195.4243982183
423225.9358253335	4570195.1526691476
423224.9734515432	4570194.8809400769
423224.0110777529	4570194.6092110062
423223.0487039627	4570194.3374819355
423222.0876707505	4570194.0611722423
423221.1306463458	4570193.7711648475
423220.1744892435	4570193.4799277261
423219.5800981826	4570192.6757515846
423218.9327371108	4570191.9543702863
423217.9534766912	4570191.7517646821
423216.9709537699	4570191.5704796696
423215.9759165796	4570191.4709759513
423215.0051305383	4570191.2876598472
423214.1107033476	4570190.8404462514
423213.2162761569	4570190.3932326548
423212.4591354060	4570189.7445844617
423211.7158412597	4570189.0756197302
423210.9165996403	4570188.5016106693
423209.9712266586	4570188.1756199859
423209.0258536770	4570187.8496293025
423208.0804806953	4570187.5236386200
423207.1309904820	4570187.2106134985
423206.1707407534	4570186.9314711355
423205.2104910249	4570186.6523287725
423204.2502412963	4570186.3731864095
423203.2899915678	4570186.0940440465
423202.3297418392	4570185.8149016835
423201.4525458206	4570185.3789633913
423200.6821514996	4570184.7413956765
423199.9117571786	4570184.1038279627
423198.9246442598	4570183.9602417778
423197.9338140917	4570183.8251285730
423196.9425394152	4570183.6939290380
423195.9466462087	4570183.6033932921
423194.9507530023	4570183.5128575461
423193.9548597958	4570183.4223218001
423192.9734106662	4570183.2503924286
423192.2339759493	4570182.7007754333
423191.7453725806	4570181.8282694174
423190.9733493739	4570181.3066715738
423190.0175703652	4570181.0125857247
423189.0617913566	4570180.7184998756
423188.0854394655	4570180.5031854389
423187.1079184214	4570180.2923475672
423186.1303973774	4570180.0815096945
423185.1426822408	4570180.0326635400
423184.1468512888	4570180.1092903614
423183.1610301188	4570179.9414910143
423182.1810202073	4570179.9653129624
423181.2134906537	4570179.9498425145
423180.2527764709	4570179.6723028617
423179.7731712828	4570178.8107548794
423179.0718052571	4570178.1861687610
423178.1487283341	4570177.8015533760
423177.1923601463	4570177.5130430441
423176.2291638452	4570177.2442440763
423175.2659675439	4570176.9754451076
423174.3674736249	4570177.3178564981
423173.6603668442	4570178.0249632802
423172.6964045253	4570178.1474169483
423171.9750964694	4570177.4579182230
423171.5857620780	4570176.5748428106
423171.2648943176	4570175.6345511507
423170.5142927286	4570175.0603543799
423169.5649601461	4570174.7762021581
423168.5790215882	4570174.6090939296
423167.5979185525	4570174.6658310657
423166.6562791065	4570174.9910583422
423165.6719720951	4570175.0165076554
423164.8167129723	4570174.5823222473
423164.2573769955	4570173.7779196948
423163.9334102004	4570172.9008817570
423163.0775481050	4570172.4163390920
423162.1127704312	4570172.4831989026
423161.1896935080	4570172.8678142866
423160.3181055905	4570173.3351057470
423159.3181055905	4570173.3351057470
423158.6895338500	4570172.5922492296
423157.8246498211	4570172.1457726201
423157.2703253813	4570171.3246645397
423156.4279226813	4570170.8433208037
423155.5041508866	4570170.4625439998
423154.5143926277	4570170.3197904052
423153.5246343687	4570170.1770368107
423152.5348761098	4570170.0342832152
423151.5473336730	4570169.8773646699
423150.5612627218	4570169.7110394491
423149.5751917705	4570169.5447142273
423148.5891208193	4570169.3783890065
423147.6030498681	4570169.2120637856
423146.6201235105	4570169.0322227990
423145.6619044967	4570168.7461872734
423144.7036854829	4570168.4601517487
423144.0734673502	4570167.7246477893
423143.4241563151	4570166.9830689784
423142.5831606096	4570166.4590442209
423141.6013300382	4570166.2935248632
423140.6094552334	4570166.2143932357
423139.6303213960	4570166.0111767789
423138.7396084040	4570165.5936288247
423137.9417617360	4570164.9921915391
423137.1175795181	4570164.4381046593
423136.2022649319	4570164.0361657869
423135.2375049235	4570163.7734305281
423134.2579282533	4570163.5723595275
423133.2783515831	4570163.3712885268
423132.2987749129	4570163.1702175261
423131.3191982428	4570162.9691465255
423130.3396215726	4570162.7680755258
423129.3600449024	4570162.5670045251
423128.3794224100	4570162.3711245852
423127.3984054507	4570162.1772026280
423126.4173884914	4570161.9832806708
423125.4806232277	4570161.6387075046
423124.5505712377	4570161.2712795576
423123.6298374283	4570160.8914833833
423123.0201266674	4570160.0988593940
423122.2893962235	4570159.4530532621
423121.3949690327	4570159.0058396664
423120.4932837989	4570158.5786141623
423119.5203009235	4570158.3477368699
423118.5470547827	4570158.1179944826
423117.5717943534	4570157.8969354518
423116.5965339241	4570157.6758764209
423115.6160339763	4570157.6982137775
423114.6243410044	4570157.8073242633
423113.6452775125	4570157.6407746850
423112.6723680388	4570157.4095882755
423111.6994585651	4570157.1784018660
423110.7763297746	4570156.8299724320
423109.9342973990	4570156.2905454412
423109.0922650235	4570155.7511184504
423108.3488266751	4570155.0844095405
423107.4813953093	4570154.6228004508
423106.5436465488	4570154.2754860939
423105.6058977884	4570153.9281717371
423104.6681490280	4570153.5808573803
423103.7755150543	4570153.1315693026
423102.8877605227	4570152.6712521380
423102.0198370116	4570152.1747047789
423101.1536514249	4570151.6749823270
423100.1667736797	4570151.7806333387
423099.1751732686	4570151.7935556108
423098.1835728574	4570151.6642164262
423097.3036527874	4570151.1979785440
423096.4415230978	4570150.6953310110
423095.7181675538	4570150.0048552649
423094.9740632779	4570149.3508223733
423094.0110992581	4570149.0811924478
423093.0389060009	4570148.8530138787
423092.0525120772	4570148.6886148909
423091.0665442859	4570148.5223983526
423090.1098704055	4570148.2312367372
423089.1531965250	4570147.9400751218
423088.1965226446	4570147.6489135055
423087.3520512944	4570147.1221121782
423086.5229791657	4570146.5629705098
423085.6939070369	4570146.0038288422
423084.8114514021	4570145.5482210899
423083.8751222242	4570145.1970976489
423082.9387930464	4570144.8459742079
423082.0119044826	4570144.4709918443
423081.0888275596	4570144.0863764603
423080.1527056489	4570143.7669860134
423079.1527056489	4570143.7669860143
423078.1527056489	4570143.7669860143
423077.1594925321	4570143.8805064913
423076.1849162264	4570144.0736913988
423075.2508643914	4570144.4308288647
423074.3168125563	4570144.7879663305
423073.3209150676	4570144.8101831805
423072.5223003159	4570144.2283527935
423071.9576164003	4570143.4030455323
423071.5221770125	4570142.5116300741
423071.1834575440	4570141.5707426630
423070.6157648764	4570140.7554563563
423069.9941918557	4570139.9814172890
423069.0052555027	4570139.8330768375
423068.0233703255	4570139.9342450760
423067.0437524588	4570140.0967064369
423066.0589689003	4570139.9229211016
423065.0741853417	4570139.7491357662
423064.0897075007	4570139.5736282803
423063.1059610597	4570139.3961660871
423062.2790345579	4570138.8338560658
423061.4478764236	4570138.2803055011
423060.4933964457	4570137.9820305072
423059.5389164677	4570137.6837555142
423058.9382639882	4570136.9233860131
423058.3889573844	4570136.1386067225
423057.3906927684	4570136.1514232317
423056.4267001499	4570136.4173522284
423055.4596164586	4570136.6626147851
423054.4600020380	4570136.6903818520
423053.4603876173	4570136.7181489198
423052.5918306926	4570136.3049435262
423051.7696385006	4570135.7357335482
423051.0736735448	4570135.0293070311
423050.3962664910	4570134.3016624469
423049.5875304064	4570133.7134907488
423048.9477598861	4570132.9821837451
423048.3086369976	4570132.2260769466
423047.3687304257	4570131.9949617814
423046.3764525489	4570131.8709270479
423045.3826064731	4570131.9758601207
423044.3887227385	4570132.0862916466
423043.4091986337	4570131.9068156453
423042.4770613955	4570131.5860969601
423041.6327319758	4570131.0502725188
423040.7935271951	4570130.5066162571
423039.9644550658	4570129.9474745896
423039.0812371206	4570129.4858700652
423038.1682284100	4570129.0779300025
423037.1842637632	4570128.9054690534
423036.1927785990	4570128.7955323653
423035.1930048689	4570128.7742605843
423034.1932311389	4570128.7529888023
423033.1967916046	4570128.6922007417
423032.2075881422	4570128.5456520813
423031.2762766758	4570128.2242810605
423030.3964435222	4570127.7493397901
423029.5852671441	4570127.1645382140
423028.7873166244	4570126.5627531558
423027.9722007709	4570126.0247193007
423026.9883308608	4570125.8458338631
423025.9920638140	4570125.8044347763
423025.0401837541	4570126.0869303122
423024.1038545762	4570126.4380537523
423023.1085442882	4570126.4057384189
423022.1199676075	4570126.3104212498
423021.2050498060	4570125.9067810429
423020.3508929942	4570125.3884107200
423019.5138857933	4570124.8452506345
423018.8412129992	4570124.1053105611
423018.2536855814	4570123.3006602889
423017.4997664113	4570122.7149717435
423016.5347963777	4570122.7940178402
423015.6319358592	4570123.2239514207
423014.6628281704	4570123.4344184333
423013.6644501308	4570123.4572411487
423012.6651016947	4570123.4913521055
423011.6658311485	4570123.5295407893
423010.6665606023	4570123.5677294722
423009.6672900561	4570123.6059181560
423008.6680195100	4570123.6441068389
423008.1758994436	4570122.9279786190
423007.7753717252	4570122.0130192842
423007.3398107971	4570121.1128600324
423006.7600873291	4570120.3342761584
423005.9203867791	4570119.7984707765
423005.0065752308	4570119.3923323099
423004.0129064645	4570119.2919276953
423003.0164809837	4570119.2077784492
423002.0195031531	4570119.1300918637
423001.0226923662	4570119.0618455112
423000.0290871115	4570119.1747551998
422999.0440542900	4570119.3414346119
422998.1012682092	4570119.2428308371
422997.3774233753	4570118.5911185136
422996.8985712443	4570117.7132229405
422996.3871616613	4570116.8616961846
422995.6279050587	4570116.2109048115
422994.6556941449	4570116.2682142761
422993.7327291032	4570116.6392280580
422992.7850309125	4570116.8272365220
422991.7904125036	4570116.7236304376
422990.7957940946	4570116.6200243533
422989.8011756857	4570116.5164182689
422988.8065572768	4570116.4128121855
422987.8119388679	4570116.3092061011
422986.8991464073	4570116.0926545365
422986.4907803473	4570115.1798362844
422986.0824142874	4570114.2670180332
422985.5374379061	4570113.4515527897
422984.8079007016	4570112.7676116619
422983.8136268308	4570112.6700965613
422982.8153384836	4570112.6340705296
422981.8153384836	4570112.6340705287
422980.8198372851	4570112.6600430710
422979.8780953735	4570112.9963794686
422978.9294384960	4570113.2681304719
422977.9378380847	4570113.1387912892
422976.9881573553	4570112.8519702014
422976.0797720853	4570112.4362268671
422975.1931872392	4570111.9736608602
422974.5446032378	4570111.2433385188
422973.9811800077	4570110.4172566310
422973.0167930254	4570110.4979510829
422972.1472664802	4570110.9785730774
422971.3790452014	4570111.6187574780
422970.4498080941	4570111.9078026116
422969.5608124375	4570111.6596159171
422969.0495553743	4570110.8431387227
422968.6550514494	4570109.9245079895
422968.2489129832	4570109.0106964409
422967.5639933499	4570108.2993393820
422966.5769087508	4570108.2656823872
422965.5769087508	4570108.2656823862
422964.5769087508	4570108.2656823862
422963.5779107841	4570108.2235731389
422962.7291680083	4570107.8366418490
422961.9454263789	4570107.2282419680
422961.0851348447	4570106.7184395781
422960.2148274374	4570106.2264404055
422959.3324744964	4570105.7558521694
422958.4260411450	4570105.3544575190
422957.4421712348	4570105.1755720815
422956.4583013247	4570104.9966866439
422955.4694384100	4570104.8642160706
422954.4700324107	4570104.8297537938
422953.6125385011	4570104.4908749033
422952.9435737689	4570103.7475807574
422952.1223960484	4570103.2041749014
422951.2279688576	4570102.7569613056
422950.3335416668	4570102.3097477099
422949.4106111957	4570101.9290951081
422948.4697237840	4570101.5903756395
422947.4815937183	4570101.6423379872
422946.4870882653	4570101.7470227713
422945.5746230255	4570101.5689409068
422944.7905772004	4570100.9482379630
422943.9448643458	4570100.4382771747
422943.0043104463	4570100.0986327110
422942.0637565468	4570099.7589882463
422941.1158985924	4570099.4403830813
422940.1665933436	4570099.1261878638
422939.2033970421	4570098.8573888959
422938.2402007407	4570098.5885899290
422937.2770765017	4570098.3195337420
422936.3144255615	4570098.0487881657
422935.3517746212	4570097.7780425884
422934.5740643782	4570097.1540510962
422933.7991351649	4570096.5251175212
422932.8267478629	4570096.2917445684
422931.8464248762	4570096.1059564771
422930.8509294037	4570096.0111473836
422930.0313837093	4570095.4454637868
422929.0908902559	4570095.1296150554
422928.1273723461	4570094.8619711921
422927.1771523463	4570094.5544881942
422926.2460512612	4570094.1897269441
422925.3149501761	4570093.8249656949
422924.3838490910	4570093.4602044448
422923.4527480059	4570093.0954431947
422922.5216469208	4570092.7306819456
422921.5905458357	4570092.3659206955
422920.6197487710	4570092.2860395024
422919.6243987574	4570092.3823636966
422918.6883115958	4570092.1595172752
422917.9346936093	4570091.5331377974
422917.2347417459	4570090.8238369375
422916.4491143619	4570090.2316402439
422915.4514840335	4570090.1628381517
422914.4568995527	4570090.0705868946
422913.4747972734	4570089.8822385129
422912.4926949941	4570089.6938901311
422911.4968248838	4570089.6409628987
422910.4969114377	4570089.6278061420
422909.5083298411	4570089.5374405598
422908.5468058934	4570089.2627194319
422907.5852819458	4570088.9879983040
422906.6237579981	4570088.7132771760
422905.7014028179	4570088.3274415731
422904.7801532565	4570087.9384695357
422903.8589036952	4570087.5494974991
422902.9481234933	4570087.1368250530
422902.0401641088	4570086.7177668754
422901.1322047243	4570086.2987086987
422900.2242453397	4570085.8796505211
422899.3162859552	4570085.4605923435
422898.3986286071	4570085.0674371198
422897.4387071203	4570084.7871680716
422896.4787856335	4570084.5068990234
422895.5188641467	4570084.2266299762
422894.5589426600	4570083.9463609280
422893.5779860806	4570083.7959854305
422892.5786712468	4570083.7589737698
422891.5793564130	4570083.7219621101
422890.5820557245	4570083.6790671945
422889.7697319910	4570083.0958604114
422888.9574082574	4570082.5126536284
422888.1450845239	4570081.9294468453
422887.2783163097	4570081.4321451075
422886.4041590333	4570080.9465021761
422885.5134783104	4570080.5001905123
422884.5547622019	4570080.2158255652
422883.5960460934	4570079.9314606180
422882.6373299849	4570079.6470956700
422881.6786138765	4570079.3627307229
422880.7198977680	4570079.0783657758
422879.7611816595	4570078.7940008277
422878.8024655510	4570078.5096358806
422877.8630581253	4570078.1827017581
422877.0175692224	4570077.6487087663
422876.0661007396	4570077.4263342330
422875.0703600656	4570077.3341360223
422874.0746193916	4570077.2419378115
422873.1013752574	4570077.0797410402
422872.2383607881	4570076.5745618381
422871.3753463188	4570076.0693826368
422870.5164071403	4570075.5579990540
422869.7100021442	4570074.9666353902
422868.9035971482	4570074.3752717273
422867.9932642243	4570074.0019272463
422867.0260835997	4570073.7478374206
422866.0589029751	4570073.4937475957
422865.0917223505	4570073.2396577699
422864.1245417259	4570072.9855679441
422863.1573611013	4570072.7314781193
422862.1901804767	4570072.4773882935
422861.2229998521	4570072.2232984686
422860.2796697658	4570071.8954968024
422859.3469666806	4570071.5348516107
422858.4142635954	4570071.1742064180
422857.4815605103	4570070.8135612253
422856.5488574250	4570070.4529160326
422855.6102453511	4570070.1084709698
422854.6643807193	4570069.7839095760
422853.7185160874	4570069.4593481831
422852.7726514554	4570069.1347867893
422851.8267868235	4570068.8102253955
422850.8809221917	4570068.4856640026
422849.9350575598	4570068.1611026088
422848.9964602244	4570068.1274146419
422848.0679835337	4570068.4988053190
422847.1853336021	4570068.2853874862
422846.3260407179	4570067.7739036269
422845.4667478336	4570067.2624197667
422844.5895159221	4570066.7839791570
422843.6925038126	4570066.3419731893
422842.7954917031	4570065.8999672215
422841.8984795935	4570065.4579612538
422841.0014674840	4570065.0159552861
422840.0761363518	4570064.6462313505
422839.1175999952	4570064.3612610837
422838.1590636386	4570064.0762908161
422837.1751235445	4570064.2205169555
422836.1894791154	4570064.3832406215
422835.1966022769	4570064.2640954014
422834.2932397099	4570063.9412438637
422833.5339831079	4570063.2904524896
422832.7177667805	4570062.7186885132
422831.8602738548	4570062.2041927576
422831.0027809291	4570061.6896970021
422830.1225019743	4570061.2173166694
422829.2226878674	4570060.7810431616
422828.3189743067	4570060.3535275916
422827.3926789057	4570059.9767294619
422826.4663835046	4570059.5999313332
422825.5400881035	4570059.2231332045
422824.6137927025	4570058.8463350758
422823.6874973015	4570058.4695369462
422822.7612019004	4570058.0927388174
422821.8349064994	4570057.7159406887
422820.9086110983	4570057.3391425591
422819.9614980596	4570057.0193242598
422819.0104639909	4570056.7102381876
422818.0594299222	4570056.4011521153
422817.1083958535	4570056.0920660431
422816.1573617847	4570055.7829799708
422815.2063277160	4570055.4738938976
422814.2552936473	4570055.1648078253
422813.3042595785	4570054.8557217531
422812.4035502998	4570054.4326487463
422811.5343864678	4570053.9381244974
422810.6652226358	4570053.4436002476
422809.7960588038	4570052.9490759987
422808.9144955869	4570052.4792762203
422807.9983382521	4570052.0784573862
422807.0821809173	4570051.6776385522
422806.1660235826	4570051.2768197171
422805.1884293785	4570051.0882842131
422804.1998105411	4570050.9378422163
422803.2111917038	4570050.7874002187
422802.2133070500	4570050.7594384961
422801.2384638905	4570050.6119471472
422800.2950037506	4570050.2804611521
422799.3515436108	4570049.9489751579
422798.6773850748	4570049.2296786755
422798.0372006749	4570048.4614573959
422797.3970162750	4570047.6932361163
422796.4923585702	4570047.3253970966
422795.5345322851	4570047.0380492108
422794.5767059999	4570046.7507013250
422793.6188797148	4570046.4633534383
422792.6324307029	4570046.3247891348
422791.6363580623	4570046.2362493444
422790.6402854217	4570046.1477095531
422789.6410598279	4570046.1302510640
422788.6505096253	4570046.1035589939
422787.8732647547	4570045.4743607650
422787.1025245982	4570044.8374168100
422786.3484430023	4570044.1806360651
422785.5943614065	4570043.5238553202
422784.7469693583	4570043.0118030673
422783.8374948830	4570042.5960433064
422782.9224786049	4570042.1961069377
422781.9523361045	4570041.9535713140
422781.0020816247	4570041.6604987346
422780.1268400892	4570041.1768126227
422779.2515985537	4570040.6931265108
422778.5211500454	4570040.0630915482
422778.0281374735	4570039.1930693621
422777.5024381637	4570038.3493052516
422776.7062452999	4570037.9274242101
422775.7542167385	4570038.2334333900
422774.8052235902	4570038.3248970993
422773.8613199052	4570037.9947389774
422772.9126366070	4570037.6785112116
422771.9639533089	4570037.3622834459
422771.0152700108	4570037.0460556801
422770.0665867126	4570036.7298279144
422769.1179034144	4570036.4136001486
422768.3829668713	4570035.7649406027
422767.7015483435	4570035.0330466283
422767.1053788323	4570034.2522768807
422766.8180309467	4570033.2944505950
422766.4083850730	4570032.4781414233
422765.4190259376	4570032.3326474326
422764.4296668023	4570032.1871534418
422763.4321363365	4570032.2348312102
422762.4340244666	4570032.2962534791
422761.4359125967	4570032.3576757489
422760.4378007268	4570032.4190980177
422759.4397296238	4570032.4811776150
422758.4416770453	4570032.5435559014
422757.5372945775	4570032.2457995126
422757.0025987299	4570031.4852129947
422756.7600631049	4570030.5150704943
422756.4728621530	4570029.5573261473
422756.1806436174	4570028.6009745765
422755.8777484898	4570027.6480329866
422755.5615207239	4570026.6993496884
422754.9882539937	4570025.9216012210
422754.0139900120	4570025.8531061113
422753.0148354115	4570025.8810298899
422752.0166669148	4570025.9415249499
422751.0502479995	4570025.8466379549
422750.1558208086	4570025.3994243592
422749.2394677019	4570025.0144210914
422748.2622913379	4570024.8019914469
422747.2851149740	4570024.5895618033
422746.3052662158	4570024.3922649389
422745.3144360478	4570024.2571517332
422744.7964554936	4570023.5306708179
422744.8139562910	4570022.5481533743
422745.2067166531	4570021.6285160203
422745.5947736532	4570020.7068806458
422744.9811646266	4570020.0478637097
422743.9902768723	4570019.9136569053
422743.0111568321	4570019.7123677591
422742.0728137154	4570019.3666623998
422741.2996625150	4570018.7627770565
422740.5828005538	4570018.0689306725
422739.6972533285	4570017.6043813089
422738.8117061031	4570017.1398319444
422737.9261588778	4570016.6752825808
422737.0406116524	4570016.2107332163
422736.1073994664	4570015.8712768462
422735.1308839144	4570015.6731679998
422734.1316829557	4570015.6331999609
422733.1320121453	4570015.6167338984
422732.1320121453	4570015.6167338975
422731.2361626068	4570015.2148041409
422730.3620053306	4570014.7291612094
422730.0439104111	4570013.8398937909
422729.8530407520	4570012.8582784012
422729.6785751920	4570011.8738074573
422729.5265180076	4570010.8854357591
422728.9460422192	4570010.1391015835
422727.9477678460	4570010.0803795615
422726.9513322463	4570010.1530719930
422726.0205804689	4570009.9839013079
422725.1619429309	4570009.4840842467
422724.2109088621	4570009.1749981744
422723.2598747934	4570008.8659121022
422722.3015263404	4570008.8295352692
422721.3435232697	4570008.8180384487
422720.6166665216	4570008.1922534732
422720.0122800403	4570007.3955622027
422719.5428015245	4570006.5453205714
422719.4362684009	4570005.5510114171
422718.9722427296	4570004.8276317082
422718.0171312247	4570004.5755554717
422717.0314027522	4570004.6157803871
422716.0793741909	4570004.9217895670
422715.1108192912	4570005.1018993119
422714.1200815734	4570005.0276939599
422713.2746027995	4570004.5013906546
422712.3179289192	4570004.2102290383
422711.6496300905	4570003.5868068133
422711.2267446253	4570002.6806236729
422710.7668065189	4570001.7942853374
422710.2468595720	4570000.9400867820
422709.5105786220	4570000.3070331756
422708.6250462337	4569999.8552040495
422707.6563823676	4569999.6068286989
422706.6877185015	4569999.3584533492
422705.7059876036	4569999.1778933285
422704.7163921486	4569999.0726929763
422703.7597182681	4569999.3638545917
422702.8714856536	4569999.2298634565
422702.0873548940	4569998.6205942268
422701.5169590847	4569997.7992242612
422700.9465632754	4569996.9778542947
422700.3426894603	4569996.1838657418
422699.6507840966	4569995.4618775370
422698.9304747408	4569994.7857244816
422697.9759947628	4569994.4874494886
422697.0215147848	4569994.1891744947
422696.0470148307	4569993.9659218211
422695.0708277707	4569993.7489913628
422694.0946407106	4569993.5320609044
422693.1229361572	4569993.2959360154
422692.1516388454	4569993.0580672864
422691.1803415336	4569992.8201985573
422690.2531557917	4569992.4593702164
422689.3521541225	4569992.0255545964
422688.9260302025	4569991.2233861778
422688.4581579530	4569990.5234692991
422687.4717640289	4569990.3590703122
422686.5575771765	4569990.0310315918
422685.7454531638	4569989.4562371904
422684.8301381312	4569989.0534985773
422683.8858479198	4569988.7459070645
422682.9014203444	4569988.5701164259
422681.9813004546	4569988.2157070609
422681.1107376162	4569987.7236498035
422680.1984078952	4569987.3162367698
422679.2782532595	4569986.9246816058
422678.3580986237	4569986.5331264418
422677.4379439880	4569986.1415712778
422676.5177893523	4569985.7500161137
422675.5976347166	4569985.3584609497
422674.6774800808	4569984.9669057857
422673.7573254452	4569984.5753506226
422672.8371708094	4569984.1837954586
422671.9170161737	4569983.7922402946
422670.9916338355	4569983.4132479606
422670.0653384346	4569983.0364498310
422669.1390430337	4569982.6596517013
422668.2127476328	4569982.2828535717
422667.2708157261	4569981.9483599449
422666.3221324281	4569981.6321321782
422665.3640434667	4569981.3561822837
422664.3734223374	4569981.2195448866
422663.3987565913	4569981.0184137933
422662.4586943702	4569980.6774108307
422661.5186321491	4569980.3364078682
422660.5785699280	4569979.9954049056
422659.6385077070	4569979.6544019431
422658.6984454859	4569979.3133989805
422657.7583832648	4569978.9723960180
422656.8157637614	4569978.6388177713
422655.8650980623	4569978.3286005436
422654.9144323633	4569978.0183833148
422653.9637666642	4569977.7081660870
422653.0131009651	4569977.3979488593
422652.0624352660	4569977.0877316305
422651.1117695669	4569976.7775144028
422650.1633192507	4569976.4606180694
422649.2157060640	4569976.1411978938
422648.2680928773	4569975.8217777191
422647.3204796905	4569975.5023575434
422646.3728665038	4569975.1829373688
422645.4252533171	4569974.8635171931
422644.4741340516	4569974.5548297763
422643.5206985369	4569974.2532328274
422642.5672630222	4569973.9516358795
422641.6138275076	4569973.6500389306
422640.6603919929	4569973.3484419817
422639.7069564782	4569973.0468450338
422638.7535209635	4569972.7452480849
422637.8092411050	4569972.4162445441
422636.8659724748	4569972.0842139861
422635.9227038446	4569971.7521834280
422634.9794352144	4569971.4201528700
422634.0361665843	4569971.0881223129
422633.0928979541	4569970.7560917549
422632.1496293239	4569970.4240611969
422631.2063606938	4569970.0920306388
422630.2702359061	4569969.7418957409
422629.3544022407	4569969.3403379023
422628.4385685754	4569968.9387800647
422627.5227349100	4569968.5372222262
422626.6069012446	4569968.1356643885
422625.6910675792	4569967.7341065500
422624.7752339138	4569967.3325487124
422623.8594002484	4569966.9309908738
422622.9435665830	4569966.5294330362
422622.0277052488	4569966.1279394170
422621.1068052603	4569965.7381404797
422620.1859052719	4569965.3483415432
422619.2650052834	4569964.9585426059
422618.3441052950	4569964.5687436694
422617.4232053065	4569964.1789447321
422616.5023053180	4569963.7891457956
422615.5814053296	4569963.3993468583
422614.6605053412	4569963.0095479209
422613.7396053527	4569962.6197489845
422612.8187053642	4569962.2299500471
422611.8978053758	4569961.8401511107
422610.9769053873	4569961.4503521733
422610.0560053989	4569961.0605532369
422609.1333131485	4569960.6750327330
422608.2095420498	4569960.2920876229
422607.2857709511	4569959.9091425128
422606.3619998524	4569959.5261974027
422605.4382287537	4569959.1432522926
422604.5144576550	4569958.7603071835
422603.5906865563	4569958.3773620734
422602.6669154575	4569957.9944169633
422601.7431443589	4569957.6114718532
422600.8193732602	4569957.2285267431
422599.8956021614	4569956.8455816340
422598.9718310628	4569956.4626365239
422598.0480599641	4569956.0796914138
422597.1242888653	4569955.6967463037
422596.2005177667	4569955.3138011936
422595.2767466679	4569954.9308560845
422594.3529755692	4569954.5479109744
422593.4292044705	4569954.1649658643
422592.5054333718	4569953.7820207542
422591.5810127029	4569953.4006604282
422590.6542164425	4569953.0250959303
422589.7274201822	4569952.6495314324
422588.8006239218	4569952.2739669355
422587.8738276615	4569951.8984024376
422586.9470314011	4569951.5228379406
422586.0202351408	4569951.1472734427
422585.0934388804	4569950.7717089448
422584.1666426201	4569950.3961444478
422583.2398463597	4569950.0205799500
422582.3130500994	4569949.6450154530
422581.3952802559	4569949.2486883979
422580.4884884203	4569948.8271097373
422579.5816965847	4569948.4055310767
422578.6749047492	4569947.9839524161
422577.7681129136	4569947.5623737564
422576.8613210780	4569947.1407950958
422575.9545292424	4569946.7192164352
422575.0477374069	4569946.2976377746
422574.1174927122	4569945.9948761677
422573.1185241720	4569946.0402838280
422572.1195556317	4569946.0856914893
422571.1205870915	4569946.1310991496
422570.1216185513	4569946.1765068108
422569.2958618530	4569945.6316542933
422568.4855751888	4569945.0475927796
422567.8659309000	4569944.2627100144
422567.0747852475	4569943.8317287685
422566.1182393639	4569943.5946426159
422565.1832418376	4569943.2399883820
422564.5002891354	4569942.5726835299
422563.9291795268	4569941.7600592012
422563.0971292324	4569941.2053590054
422562.2491118590	4569940.6791903963
422561.3411524743	4569940.2601322196
422560.4331930895	4569939.8410740430
422559.5238358349	4569939.4250775669
422558.6124652355	4569939.0134908445
422557.7140970850	4569938.7840410788
422556.8176442996	4569939.1160123618
422555.9788303499	4569938.8089048192
422555.5174776133	4569937.9216880184
422555.0086443421	4569937.0629185652
422554.4439604263	4569936.2376113040
422553.5230597393	4569935.8668025834
422552.5831814285	4569935.5257040886
422551.6320196092	4569935.2284837533
422550.6339579965	4569935.2904717885
422549.6340880440	4569935.2743448531
422548.6342180915	4569935.2582179187
422547.6343481390	4569935.2420909842
422546.6344781864	4569935.2259640489
422545.7915854461	4569934.6984732049
422544.9548839293	4569934.1508140294
422544.1181824124	4569933.6031548548
422543.2814808955	4569933.0554956803
422542.4211978932	4569932.5466484511
422541.4885653132	4569932.3131231247
422540.4914091912	4569932.3439993104
422539.5341977640	4569932.0546098081
422538.5769863369	4569931.7652203068
422537.6440427899	4569931.4326226944
422536.8988014763	4569930.7658278355
422536.1535601626	4569930.0990329757
422535.4083188490	4569929.4322381169
422534.9291872824	4569928.5711006271
422534.5208212224	4569927.6582823759
422534.0780783758	4569926.7762497589
422533.2156625920	4569926.2700491901
422532.3532468082	4569925.7638486214
422531.4908310244	4569925.2576480526
422530.5672061972	4569924.8968228940
422529.6024423758	4569924.6337054884
422528.6366288528	4569924.3745226497
422527.6690115807	4569924.1221007509
422526.8103250187	4569923.6253650924
422525.9758604089	4569923.0743035581
422525.1413957991	4569922.5232420228
422524.3069311892	4569921.9721804885
422523.3623929445	4569921.8461122587
422522.3653384590	4569921.9228087580
422521.3767653069	4569921.7760590231
422520.4756414386	4569921.4660562119
422519.8207109005	4569920.7103671283
422519.6370697108	4569919.7320300126
422519.4692703627	4569918.7462088428
422519.3014710146	4569917.7603876730
422518.8422765335	4569916.8809870351
422518.0532844797	4569916.4881102843
422517.0551881287	4569916.4356758213
422516.0694517032	4569916.2673793584
422515.0837152777	4569916.0990828956
422514.1579513271	4569916.1979570501
422513.4019938691	4569916.8468376277
422512.6404537594	4569917.2449713098
422511.7437252994	4569916.8042969313
422510.8862323740	4569916.2898011757
422510.5012006130	4569915.4565731278
422510.3827442770	4569914.4646075713
422510.0349045713	4569913.5944768060
422509.2775757005	4569912.9478839412
422508.4522684390	4569912.3832000261
422507.6269611775	4569911.8185161110
422507.2991238233	4569911.0966768833
422507.6502472648	4569910.1603477057
422508.0013707063	4569909.2240185281
422508.3575023219	4569908.2895914549
422508.7164814012	4569907.3562458493
422509.0754604806	4569906.4229002427
422509.4344395598	4569905.4895546362
422509.7934186391	4569904.5562090306
422510.1523977184	4569903.6228634240
422510.4511339982	4569902.6737501267
422510.5954408913	4569901.6842171457
422510.7397477844	4569900.6946841646
422510.8840546775	4569899.7051511835
422511.0283615706	4569898.7156182025
422511.1726684637	4569897.7260852214
422511.3169753567	4569896.7365522403
422511.4612822499	4569895.7470192593
422511.6055891430	4569894.7574862782
422511.7498960360	4569893.7679532971
422511.8942029291	4569892.7784203161
422512.0385098222	4569891.7888873350
422512.1828167153	4569890.7993543539
422512.2565396563	4569889.8035562215
422512.2887809503	4569888.8040761072
422512.3210222444	4569887.8045959929
422512.3532635384	4569886.8051158786
422512.3855048324	4569885.8056357643
422512.4177461264	4569884.8061556490
422512.4499874204	4569883.8066755347
422512.4822287144	4569882.8071954204
422512.5144700084	4569881.8077153061
422512.5467113024	4569880.8082351917
422512.5789525964	4569879.8087550774
422512.6111938904	4569878.8092749631
422512.4688810322	4569877.8355400283
422512.1494608568	4569876.8879268421
422511.8300406815	4569875.9403136550
422511.5106205062	4569874.9927004687
422511.1912003309	4569874.0450872816
422510.8717801555	4569873.0974740945
422510.5523599802	4569872.1498609083
422510.2329398049	4569871.2022477211
422509.9135196296	4569870.2546345349
422509.5940994543	4569869.3070213478
422509.2746792789	4569868.3594081616
422508.9552591036	4569867.4117949745
422508.5233641350	4569866.5415536221
422507.7526218165	4569865.9044066388
422506.9818794979	4569865.2672596555
422506.2111371794	4569864.6301126722
422505.4403948608	4569863.9929656889
422504.6696525422	4569863.3558187056
422503.8989102237	4569862.7186717223
422503.1281679051	4569862.0815247390
422502.3574255866	4569861.4443777557
422501.5866832680	4569860.8072307725
422500.8159409495	4569860.1700837892
422500.0451986309	4569859.5329368059
422499.2744563123	4569858.8957898226
422498.4722407145	4569858.3005650388
422497.6453142126	4569857.7382550174
422496.8183877106	4569857.1759449961
422495.9914612087	4569856.6136349747
422495.1645347067	4569856.0513249533
422494.3376082048	4569855.4890149310
422493.5106817028	4569854.9267049097
422492.6837552009	4569854.3643948883
422491.7411159079	4569854.1415099027
422490.7429110624	4569854.0816176124
422489.7447062169	4569854.0217253212
422488.7465013715	4569853.9618330309
422487.7482965259	4569853.9019407406
422486.7500916805	4569853.8420484504
422485.8102736203	4569853.9066867121
422485.2178831698	4569854.7123377249
422484.6254927193	4569855.5179887377
422484.0331022687	4569856.3236397505
422483.4407118182	4569857.1292907633
422482.8483213677	4569857.9349417752
422482.4250090255	4569858.8295600750
422482.0964884006	4569859.7740568724
422481.7679677757	4569860.7185536688
422481.7756161050	4569861.6512536686
422482.1695354035	4569862.5703986986
422482.6814492286	4569863.4172306955
422483.3216336283	4569864.1854519751
422483.9618180280	4569864.9536732547
422484.6020024277	4569865.7218945343
422485.3406520015	4569866.3688980509
422486.2237677210	4569866.8380532768
422487.1068834405	4569867.3072085027
422487.9899991601	4569867.7763637286
422488.8731148796	4569868.2455189545
422489.7414353893	4569868.7410879647
422490.6028012926	4569869.2490729848
422491.4641671960	4569869.7570580048
422492.3255330993	4569870.2650430249
422493.1868990027	4569870.7730280450
422494.0482649060	4569871.2810130650
422494.7035482003	4569872.0180501053
422495.2993951244	4569872.8211481338
422495.8952420485	4569873.6242461614
422496.4910889726	4569874.4273441900
422497.0869358967	4569875.2304422185
422497.4057555914	4569876.1610992476
422497.6285803929	4569877.1359577542
422497.8514051945	4569878.1108162608
422498.0742299961	4569879.0856747674
422498.2834705167	4569880.0620659990
422498.2834705168	4569881.0620659990
422498.2834705168	4569882.0620659990
422498.2834705168	4569883.0620659990
422498.2834705168	4569884.0620659990
422498.2834705168	4569885.0620659990
422498.2834705168	4569886.0620659990
422498.2834705168	4569887.0620659990
422498.0465356850	4569887.8299660636
422497.0467481797	4569887.8505802387
422496.0469606743	4569887.8711944139
422495.0471731690	4569887.8918085890
422494.0473856637	4569887.9124227641
422493.0475981584	4569887.9330369392
422492.0478106531	4569887.9536511144
422491.0480231478	4569887.9742652895
422490.0482356425	4569887.9948794646
422489.0484481371	4569888.0154936397
422488.0486606318	4569888.0361078149
422487.0488731265	4569888.0567219900
422486.0490856212	4569888.0773361651
422485.8086465769	4569887.5267817024
422486.1057131297	4569886.5719249258
422486.4027796823	4569885.6170681491
422486.6998462351	4569884.6622113734
422486.9969127878	4569883.7073545968
422487.2939793405	4569882.7524978202
422487.5773415211	4569881.7936201449
422487.8432705191	4569880.8296275269
422488.1091995171	4569879.8656349080
422488.3751285150	4569878.9016422899
422488.6219751311	4569877.9327745158
422488.8510144648	4569876.9593573473
422489.0250956500	4569875.9795616101
422489.0250956499	4569874.9795616101
422488.5681209321	4569874.8531958126
422488.3720047970	4569875.8337764889
422488.1515219567	4569876.8085445464
422487.8838780930	4569877.7720624553
422487.6162342293	4569878.7355803652
422487.3883364490	4569879.7089210590
422487.1922203139	4569880.6895017345
422486.9961041787	4569881.6700824108
422486.7999880436	4569882.6506630862
422486.4906190032	4569883.5888384786
422485.9944800651	4569884.4570816206
422485.3609837273	4569885.1115719797
422484.3650905208	4569885.2021077257
422483.3691973143	4569885.2926434716
422482.3941598775	4569885.2162806746
422481.4511695440	4569884.8834605571
422480.5081792104	4569884.5506404396
422479.5651888768	4569884.2178203212
422478.6221985432	4569883.8850002037
422477.7003194005	4569883.4993790705
422476.7878100761	4569883.0903231660
422475.8753007516	4569882.6812672624
422474.9627914270	4569882.2722113580
422474.0537516091	4569881.8555708267
422473.1475684692	4569881.4326853603
422472.2059511704	4569881.1447920073
422471.2088966849	4569881.0680955080
422470.2118421994	4569880.9913990097
422469.2147877139	4569880.9147025105
422468.2177332284	4569880.8380060121
422467.2206787428	4569880.7613095129
422466.2236242573	4569880.6846130146
422465.2249136442	4569880.6434438005
422464.2250479896	4569880.6270525604
422463.2251823350	4569880.6106613204
422462.2253166804	4569880.5942700803
422461.2254510258	4569880.5778788393
422460.2255853712	4569880.5614875993
422459.2257197166	4569880.5450963592
422458.2258540620	4569880.5287051192
422457.2448232861	4569880.6763898721
422456.2746807859	4569880.9189254967
422455.3045382857	4569881.1614611214
422454.3343957856	4569881.4039967470
422453.3878788303	4569881.7250903882
422452.4448884968	4569882.0579105057
422451.5018981633	4569882.0450614337
422450.5589078296	4569881.7122413162
422449.7973660642	4569881.2685255613
422449.9312839601	4569880.2775331307
422450.0652018562	4569879.2865407011
422450.1991197521	4569878.2955482705
422450.3330376481	4569877.3045558399
422450.4809685628	4569876.3157958630
422450.6616200831	4569875.3322486961
422450.8422716035	4569874.3487015301
422451.0229231238	4569873.3651543641
422451.2035746442	4569872.3816071982
422451.3842261645	4569871.3980600312
422451.5648776848	4569870.4145128652
422451.3948180783	4569869.4444961883
422451.1389255181	4569868.4777909610
422450.8830329578	4569867.5110857328
422450.6271403974	4569866.5443805056
422450.2367182684	4569865.6826677136
422449.3611405843	4569865.1995903710
422448.4855629002	4569864.7165130284
422447.6099852160	4569864.2334356848
422446.7344075319	4569863.7503583422
422445.7659609540	4569863.5179692656
422444.7869805343	4569863.3140150113
422443.8080001145	4569863.1100607570
422442.9320678745	4569863.4381822767
422442.1000175802	4569863.9928824725
422441.2679672858	4569864.5475826692
422440.4359169915	4569865.1022828650
422439.6834326438	4569865.7600713288
422439.1362439027	4569866.5406276807
422438.9302334216	4569867.5191774657
422438.7242229405	4569868.4977272507
422438.5182124594	4569869.4762770357
422438.3122019784	4569870.4548268206
422438.0957660958	4569871.4309907993
422437.8556872970	4569872.4017442036
422437.6156084983	4569873.3724976070
422437.3755296996	4569874.3432510104
422437.1354509008	4569875.3140044138
422436.8953721021	4569876.2847578172
422436.6552933033	4569877.2555112205
422436.4152145046	4569878.2262646239
422436.1751357058	4569879.1970180273
422435.9350569071	4569880.1677714316
422435.6949781084	4569881.1385248350
422435.4548993096	4569882.1092782384
422435.2148205109	4569883.0800316418
422435.0170481631	4569884.0600602115
422434.8289758924	4569885.0422154032
422434.6409036216	4569886.0243705958
422434.4528313508	4569887.0065257875
422434.2647590800	4569887.9886809792
422434.0766868093	4569888.9708361709
422433.8886145385	4569889.9529913627
422433.7005422677	4569890.9351465544
422433.5124699970	4569891.9173017470
422433.3243977262	4569892.8994569387
422433.1363254554	4569893.8816121304
422432.9482531846	4569894.8637673222
422432.8413313087	4569895.8513555350
422432.8968013283	4569896.8498158883
422432.9522713479	4569897.8482762417
422433.0077413675	4569898.8467365941
422432.6111951198	4569899.4440229516
422431.6224796156	4569899.2942175716
422430.6325950600	4569899.1857614117
422429.6369949163	4569899.2794649545
422428.6413947727	4569899.3731684973
422427.6457946291	4569899.4668720411
422426.6501944854	4569899.5605755839
422425.6545943418	4569899.6542791268
422424.6665421011	4569899.8019329701
422423.6834523813	4569899.9850575253
422422.7003626615	4569900.1681820806
422421.7172729416	4569900.3513066368
422420.7341832218	4569900.5344311921
422419.7510935020	4569900.7175557474
422418.7680037822	4569900.9006803026
422417.7722154936	4569900.9800709039
422416.7739823418	4569901.0394895440
422415.7757491901	4569901.0989081841
422414.7775160384	4569901.1583268242
422413.7792828867	4569901.2177454643
422412.7809784306	4569901.2365590446
422411.7825427523	4569901.1806466468
422410.7841070740	4569901.1247342490
422409.7856713956	4569901.0688218512
422408.7872357173	4569901.0129094524
422407.7888000390	4569900.9569970546
422406.7903643607	4569900.9010846568
422405.7919286824	4569900.8451722581
422404.8006886667	4569900.7471133973
422403.8402595279	4569900.4685889473
422402.8798303891	4569900.1900644964
422401.9194012503	4569899.9115400463
422400.9589721116	4569899.6330155963
422399.9985429729	4569899.3544911454
422399.0381138341	4569899.0759666953
422398.0743557427	4569898.8096372923
422397.1056190382	4569898.5615461851
422396.1368823339	4569898.3134550778
422395.1681456294	4569898.0653639706
422394.1994089250	4569897.8172728634
422393.2306722206	4569897.5691817561
422392.2775454896	4569897.2673060149
422391.3265114209	4569896.9582199426
422390.3754773522	4569896.6491338694
422389.4244432835	4569896.3400477972
422388.4734092148	4569896.0309617249
422387.5223751461	4569895.7218756527
422386.5713410774	4569895.4127895804
422385.6203070086	4569895.1037035082
422384.6748304688	4569894.7782548824
422383.7322814904	4569894.4441868905
422382.7897325119	4569894.1101188986
422381.8471835334	4569893.7760509066
422380.9046345550	4569893.4419829147
422379.9549234172	4569893.1337960288
422378.9747253974	4569892.9357762262
422377.9945273776	4569892.7377564246
422377.0143293577	4569892.5397366229
422376.0341313379	4569892.3417168213
422375.0539333181	4569892.1436970187
422374.0737352983	4569891.9456772171
422373.3509858928	4569891.3640355431
422372.7962856972	4569890.5319852484
422371.9984446917	4569889.9728614641
422371.1081011406	4569889.5175721478
422370.2177575894	4569889.0622828323
422369.3274140383	4569888.6069935169
422368.4370704872	4569888.1517042005
422367.5467269361	4569887.6964148851
422366.6385079870	4569887.2848172067
422365.6843614995	4569886.9854771318
422364.7302150119	4569886.6861370569
422363.7760685244	4569886.3867969820
422362.8875804542	4569885.9356410271
422362.0160049168	4569885.4453797881
422361.1797799967	4569884.9024872836
422360.3962823178	4569884.2810925720
422359.6127846389	4569883.6596978605
422358.6403314377	4569883.4315781547
422357.6655991191	4569883.2082019988
422356.6908668006	4569882.9848258421
422355.8160252430	4569882.5209046723
422354.9697924029	4569881.9880914027
422354.1557880267	4569881.4084429163
422353.3557880265	4569880.8084429167
422352.5557880264	4569880.2084429162
422351.7125716299	4569879.6725991983
422350.8559388224	4569879.1566726211
422349.9993060149	4569878.6407460440
422349.1426732074	4569878.1248194668
422348.2860403999	4569877.6088928897
422347.4294075925	4569877.0929663125
422346.5712688989	4569876.5796770295
422345.6915623853	4569876.1041599959
422344.8118558717	4569875.6286429614
422343.9038638213	4569875.2247672668
422342.9365841970	4569874.9710545782
422341.9693045726	4569874.7173418896
422341.0020249482	4569874.4636292011
422340.0774990863	4569874.1274330197
422339.3125878883	4569873.4832972744
422338.5476766904	4569872.8391615283
422337.7827654924	4569872.1950257821
422336.8966630398	4569871.7330145957
422336.0070960216	4569871.2762099104
422335.1017365353	4569870.8572196672
422334.1515069942	4569870.5456689987
422333.2012774531	4569870.2341183294
422332.2510479120	4569869.9225676609
422331.3032791056	4569869.6045410587
422330.3859340945	4569869.2064479413
422329.4685890834	4569868.8083548229
422328.5512440723	4569868.4102617055
422327.6320599366	4569868.0164967896
422326.7087414514	4569867.6324616680
422325.7854229663	4569867.2484265454
422324.8621044811	4569866.8643914238
422323.9387859960	4569866.4803563012
422323.0154675108	4569866.0963211795
422322.0921490257	4569865.7122860570
422321.1688305406	4569865.3282509353
422320.2689098789	4569864.8984389454
422319.4168338927	4569864.3750208393
422318.5647579064	4569863.8516027331
422317.7126819202	4569863.3281846270
422316.8606059340	4569862.8047665209
422316.0085299478	4569862.2813484157
422315.1326347779	4569861.7989137731
422314.2560562271	4569861.3176549608
422313.3794776763	4569860.8363961484
422312.4967952806	4569860.3673366979
422311.5860664860	4569859.9543317799
422310.6753376914	4569859.5413268609
422309.7646088968	4569859.1283219429
422308.8538801021	4569858.7153170248
422307.9431513075	4569858.3023121059
422307.0314941458	4569857.8917246554
422306.0784212206	4569857.5889838431
422305.1253482953	4569857.2862430317
422304.1722753701	4569856.9835022194
422303.2192024449	4569856.6807614081
422302.2661295196	4569856.3780205958
422301.3181496148	4569856.0610647965
422300.3896729236	4569855.6896741213
422299.4611962324	4569855.3182834452
422298.5462892075	4569854.9151139986
422297.7205775055	4569854.4158054991
422297.2976920404	4569853.5096223587
422296.8667714988	4569852.6125800069
422295.9138457187	4569852.3093763497
422294.9382123995	4569852.1244484261
422293.9407536997	4569852.0532013765
422292.9702315000	4569852.2256763568
422292.0005629915	4569852.4532435797
422291.1268685229	4569852.0998284118
422290.3148531515	4569851.5161923645
422289.4983416194	4569850.9394292673
422288.6382869655	4569850.4292273540
422287.7782323117	4569849.9190254407
422286.9181776578	4569849.4088235274
422286.0581230039	4569848.8986216141
422285.4831925102	4569848.1363755576
422284.7993488655	4569847.5867845910
422283.8115859003	4569847.4308220167
422282.8238229350	4569847.2748594433
422281.8361840822	4569847.1181128975
422280.8485485539	4569846.9613453522
422279.8609130255	4569846.8045778079
422278.8732774972	4569846.6478102626
422277.9298828523	4569846.3262604419
422276.9965372459	4569845.9672813630
422276.0781378890	4569845.5828489484
422275.3099166085	4569844.9426645497
422274.7960928453	4569844.1288463464
422273.9240618328	4569843.6739217248
422272.9526070738	4569843.6056490699
422272.0380040494	4569843.9792401539
422271.1970704423	4569844.5045225285
422270.3784340464	4569844.8043792089
422269.4474495038	4569844.4527539322
422268.6059753846	4569843.9503355045
422267.6069192263	4569843.9937727284
422266.7447251067	4569843.6257857373
422265.9721489375	4569842.9908653898
422265.3382700898	4569842.2711847816
422264.9366499660	4569841.4222540343
422264.1113427049	4569840.8575701192
422263.5669883062	4569840.0388916628
422262.5801133989	4569839.8930399297
422261.6153728978	4569840.0311905798
422260.7205305069	4569840.4774017949
422259.8261033162	4569840.9246153906
422258.8958840434	4569840.8681961717
422257.9472007456	4569840.5519684041
422256.9985174479	4569840.2357406374
422256.2437155284	4569839.5822251737
422255.4930020115	4569838.9215972787
422254.7422884946	4569838.2609693836
422253.9915749777	4569837.6003414886
422253.1749596253	4569837.0293027060
422252.3207610700	4569836.5093557583
422251.3380726871	4569836.4476202764
422250.3425639539	4569836.5108171962
422249.3526144604	4569836.6522385534
422248.3626649668	4569836.7936599096
422247.3755832054	4569836.9533744929
422246.3898467798	4569837.1216709558
422245.4041103543	4569837.2899674186
422244.4219875385	4569837.1122622965
422243.5463988898	4569836.7655854607
422243.0031476114	4569835.9260153035
422242.9124860371	4569834.9397476790
422242.3284404594	4569834.2438096730
422241.4963901652	4569833.6891094763
422240.8350898954	4569833.0039911214
422240.4565549957	4569832.1254876591
422239.4770979525	4569831.9238347383
422238.4976409092	4569831.7221818175
422237.5013791846	4569831.6672732746
422236.5016915382	4569831.6422810825
422235.5240841345	4569831.5262047602
422234.6239248830	4569831.0906438325
422233.7237656316	4569830.6550829047
422232.7663470388	4569830.3674310772
422231.8075489259	4569830.0833427478
422230.8487508132	4569829.7992544184
422229.8833223729	4569829.5419436749
422228.9027416972	4569829.3458275395
422227.9221610215	4569829.1497114049
422226.9659701135	4569828.8803277398
422226.0634890759	4569828.4495981531
422225.1610080385	4569828.0188685656
422224.2552388661	4569827.5956073869
422223.3281288003	4569827.2208182113
422222.4010187345	4569826.8460290357
422221.4739086688	4569826.4712398611
422220.4923311839	4569826.3081725910
422219.4994543454	4569826.1890273709
422218.5065775068	4569826.0698821507
422217.5377778106	4569825.8433641233
422216.5890945125	4569825.5271363575
422215.6404112144	4569825.2109085917
422214.6928184706	4569824.8917890731
422213.7715689094	4569824.5028170357
422212.8503193482	4569824.1138449982
422211.9290697871	4569823.7248729607
422211.0141794005	4569823.3212243794
422210.1003678518	4569822.9150859136
422209.1633529687	4569822.5961862067
422208.1685188260	4569822.4946725192
422207.1736846835	4569822.3931588316
422206.1788975732	4569822.2911975319
422205.1846905257	4569822.1837156881
422204.1904834782	4569822.0762338433
422203.2675017255	4569821.7357428977
422202.3831169729	4569821.2689842777
422201.4987322202	4569820.8022256577
422200.5115368892	4569820.6445565503
422199.5237739238	4569820.4885939779
422198.5360109583	4569820.3326314045
422197.5494531102	4569820.1697229408
422196.5668828644	4569819.9838312725
422195.5843126187	4569819.7979396041
422194.6180930628	4569819.5430370849
422193.6565691152	4569819.2683159569
422192.6950451675	4569818.9935948290
422191.7335212200	4569818.7188737011
422190.7719972723	4569818.4441525731
422189.8104733246	4569818.1694314452
422188.8368084540	4569817.9453415265
422187.8552594670	4569817.7541306848
422186.8737104799	4569817.5629198430
422185.8921614929	4569817.3717090013
422184.9106125058	4569817.1804981595
422183.9286754182	4569816.9913019612
422182.9463368518	4569816.8041898534
422181.9639982853	4569816.6170777455
422180.9816597189	4569816.4299656376
422179.9938720927	4569816.3050091257
422178.9939609698	4569816.3183412738
422177.9940498467	4569816.3316734228
422176.9941387238	4569816.3450055709
422175.9942276008	4569816.3583377190
422174.9996905950	4569816.2988980813
422174.0125851172	4569816.1388269225
422173.0254796395	4569815.9787557637
422172.0892190871	4569815.6288179597
422171.1542215609	4569815.2741637258
422170.1615383047	4569815.1672758628
422169.1660428321	4569815.0724667702
422168.1756872174	4569815.0460482333
422167.2055447172	4569815.2885838579
422166.2797231400	4569815.2752453219
422165.4476728461	4569814.7205451252
422164.5029943728	4569814.5075733867
422163.5041820217	4569814.4588508336
422162.5053696705	4569814.4101282805
422161.5065573194	4569814.3614057275
422160.5077449683	4569814.3126831744
422159.5100740257	4569814.3110087775
422158.5147993918	4569814.4081087420
422157.5195247578	4569814.5052087065
422156.5306577158	4569814.6495821569
422155.5454459609	4569814.8209233312
422154.5602342061	4569814.9922645064
422153.5806055150	4569814.9324819669
422152.6048159380	4569814.7137705106
422151.6290263609	4569814.4950590534
422150.6532367839	4569814.2763475962
422149.6600851919	4569814.2144806357
422148.6600851919	4569814.2144806348
422147.7949266275	4569813.7865958791
422146.8479479273	4569813.4652995346
422145.9009692270	4569813.1440031892
422144.9539905268	4569812.8227068437
422143.9896331053	4569812.5691019939
422143.0049963857	4569812.3944866154
422142.0203596662	4569812.2198712369
422141.0357229467	4569812.0452558575
422140.0510862271	4569811.8706404790
422139.0664495076	4569811.6960250996
422138.0818127881	4569811.5214097211
422137.0971760685	4569811.3467943426
422136.1125393490	4569811.1721789632
422135.1279026295	4569810.9975635847
422134.1432659099	4569810.8229482053
422133.1586291904	4569810.6483328268
422132.1739924708	4569810.4737174483
422131.1896511696	4569810.2977277553
422130.2202347951	4569810.0523058884
422129.2508184206	4569809.8068840206
422128.2814020461	4569809.5614621537
422127.3119856715	4569809.3160402868
422126.3425692970	4569809.0706184199
422125.3988662233	4569808.7443805328
422124.4658645648	4569808.3845084645
422123.5328629064	4569808.0246363962
422122.5998612480	4569807.6647643279
422121.6668595896	4569807.3048922596
422120.7151018167	4569806.9992678100
422119.7590695319	4569806.7060063733
422118.8030372472	4569806.4127449356
422117.8470049625	4569806.1194834989
422116.8909726777	4569805.8262220612
422115.9349403930	4569805.5329606244
422114.9789081083	4569805.2396991868
422114.0228758235	4569804.9464377500
422113.0668435388	4569804.6531763123
422112.1108112540	4569804.3599148756
422111.1547789693	4569804.0666534379
422110.1961917304	4569803.7819144940
422109.2364994093	4569803.5008617425
422108.2768070883	4569803.2198089920
422107.3171147672	4569802.9387562405
422106.3574224462	4569802.6577034891
422105.3977301251	4569802.3766507385
422104.4380378040	4569802.0955979871
422103.4783454829	4569801.8145452365
422102.5186531618	4569801.5334924851
422101.5638186165	4569801.2380499998
422100.6301437629	4569800.8799281381
422099.6964689095	4569800.5218062764
422098.7206150381	4569800.3793633888
422097.7208149781	4569800.3593673874
422096.7210149181	4569800.3393713860
422095.7211394362	4569800.3269183338
422094.7211394362	4569800.3269183328
422093.8090417397	4569800.0095631257
422092.9515488139	4569799.4950673701
422092.0940558882	4569798.9805716155
422091.1542800557	4569798.6413384629
422090.2106800735	4569798.3102507498
422089.2670800913	4569797.9791630367
422088.3229752247	4569797.6498000296
422087.3497906120	4569797.4197745752
422086.3766059992	4569797.1897491207
422085.4034213865	4569796.9597236672
422084.4358502162	4569796.7089668429
422083.4795600181	4569796.4165475257
422082.5232698199	4569796.1241282085
422081.5669796218	4569795.8317088922
422080.6106894237	4569795.5392895751
422079.6543992255	4569795.2468702579
422078.6981090274	4569794.9544509407
422077.7418188292	4569794.6620316245
422076.7885927946	4569794.3612394137
422075.8694477644	4569793.9673201153
422074.9503027342	4569793.5734008169
422074.0295741952	4569793.2568796286
422073.0950864601	4569793.6128749559
422072.2616451967	4569794.1440703440
422071.4616142033	4569794.4381253300
422070.6041212778	4569793.9236295745
422070.0508671581	4569793.1220212560
422069.4873137231	4569792.3392820237
422068.5857906659	4569791.9065509550
422067.6429585103	4569791.6553418739
422066.6429585103	4569791.6553418720
422065.6510237523	4569791.5525493296
422064.6632607869	4569791.3965867572
422063.6939458759	4569791.1885879645
422062.8285195905	4569790.6875516931
422061.9630933051	4569790.1865154225
422061.0849838460	4569789.7100335499
422060.1755093705	4569789.2942737900
422059.2660348951	4569788.8785140291
422058.2917177330	4569788.6928351028
422057.2989839509	4569788.5725037362
422056.3112465886	4569788.4187242212
422055.3266840808	4569788.2436908865
422054.3421215731	4569788.0686575519
422053.3575590653	4569787.8936242163
422052.3729965575	4569787.7185908817
422051.3884340498	4569787.5435575470
422050.4038715420	4569787.3685242124
422049.4193090343	4569787.1934908777
422048.4347465265	4569787.0184575431
422047.4472087882	4569786.8616035003
422046.4582153887	4569786.7136438573
422045.4692219892	4569786.5656842152
422044.4802285898	4569786.4177245731
422043.4912351903	4569786.2697649300
422042.5022417908	4569786.1218052879
422041.5132483914	4569785.9738456449
422040.5242549919	4569785.8258860027
422039.5373502986	4569785.6657032203
422038.5553438516	4569785.4768558266
422037.5733374046	4569785.2880084328
422036.5913309576	4569785.0991610400
422035.6093245106	4569784.9103136463
422034.6252760086	4569784.7387851356
422033.6262769542	4569784.6940538343
422032.6272778998	4569784.6493225330
422031.6282788454	4569784.6045912318
422030.6292797911	4569784.5598599305
422029.7640974074	4569784.1207271582
422028.9441393236	4569783.5483035902
422028.1241812399	4569782.9758800222
422027.3042231562	4569782.4034564551
422026.4064116322	4569781.9983672807
422025.4404028854	4569781.7398578981
422024.4743941385	4569781.4813485155
422023.5083853917	4569781.2228391329
422022.5423766448	4569780.9643297503
422021.5516531160	4569780.8709243089
422020.5522902617	4569780.8352327775
422019.5529274074	4569780.7995412471
422018.5540980570	4569780.7568360707
422017.5608349178	4569780.6409553718
422016.5675717786	4569780.5250746729
422015.5743086394	4569780.4091939749
422014.5920847322	4569780.2519019041
422013.6729397025	4569779.8579826048
422012.7537946727	4569779.4640633054
422011.8432855929	4569779.0528015513
422010.9594499251	4569778.6153772734
422009.9594499251	4569778.6153772734
422009.0079311928	4569778.9141323064
422008.0592478948	4569779.2303600730
422007.1472833389	4569779.0299159298
422006.2765162700	4569778.5453639943
422005.5122501801	4569777.9103736077
422005.1061117143	4569776.9965620590
422004.6491220264	4569776.1227620915
422003.8494327480	4569775.5246750060
422002.9432496080	4569775.1017895406
422001.9452724076	4569775.0656885132
422000.9457046532	4569775.0362894619
422000.1256996413	4569775.5222894140
421999.3307963182	4569776.0376243722
421998.3600155865	4569775.7976561021
421997.3892348547	4569775.5576878311
421996.4184541230	4569775.3177195601
421995.4476733913	4569775.0777512901
421994.4768926596	4569774.8377830191
421993.5654953387	4569774.5058944011
421992.9476737872	4569773.7195760617
421992.3298522358	4569772.9332577223
421991.4043470383	4569772.6495589903
421990.4230672572	4569772.4569713706
421989.4417874762	4569772.2643837500
421988.4605076951	4569772.0717961304
421987.4792279141	4569771.8792085107
421986.4979481331	4569771.6866208911
421985.5166683520	4569771.4940332705
421984.5901315668	4569771.1330070598
421983.6831225994	4569770.7118957518
421982.7761136320	4569770.2907844447
421981.8691046646	4569769.8696731376
421980.9371249868	4569769.5096028596
421979.9950223548	4569769.1742781950
421979.0529197230	4569768.8389535295
421978.1108170911	4569768.5036288649
421977.1327989555	4569768.4031544700
421976.1335377808	4569768.4415875915
421975.1342766062	4569768.4800207140
421974.1376640562	4569768.4730564738
421973.1496520225	4569768.3186795926
421972.1679248596	4569768.1402526395
421971.2307030086	4569767.7915189276
421970.2934811575	4569767.4427852156
421969.3812579914	4569767.0524158441
421968.6329110519	4569766.3891083300
421967.8845641124	4569765.7258008160
421967.1362171729	4569765.0624933019
421966.3378734754	4569764.4772805441
421965.4222294453	4569764.0752904816
421964.5065854152	4569763.6733004190
421963.5591122414	4569763.4353096895
421962.5595710622	4569763.4655988161
421961.5711758073	4569763.4184743362
421960.6207786781	4569763.1074352767
421959.6703815490	4569762.7963962164
421958.7199844198	4569762.4853571560
421957.7663007452	4569762.1847869502
421956.8086589725	4569761.8968247380
421955.8510171998	4569761.6088625267
421954.8933754272	4569761.3209003154
421953.9357336546	4569761.0329381041
421952.9780918819	4569760.7449758919
421952.0204501093	4569760.4570136806
421951.0628083367	4569760.1690514693
421950.1051665640	4569759.8810892571
421949.1475247913	4569759.5931270458
421948.2043919672	4569759.2619431345
421947.2669666951	4569758.9137566052
421946.3295414231	4569758.5655700751
421945.3921161511	4569758.2173835458
421944.4546908790	4569757.8691970166
421943.5172656070	4569757.5210104864
421942.5798403349	4569757.1728239572
421941.6424150629	4569756.8246374279
421940.7049897909	4569756.4764508978
421939.7675645188	4569756.1282643685
421938.8301392468	4569755.7800778393
421937.8927139747	4569755.4318913091
421936.9538630099	4569755.0875881873
421936.0138269360	4569754.7465131516
421935.0737908622	4569754.4054381158
421934.1337547883	4569754.0643630801
421933.1937187145	4569753.7232880453
421932.2536826406	4569753.3822130095
421931.3136465667	4569753.0411379738
421930.3736104929	4569752.7000629380
421929.4335744190	4569752.3589879032
421928.4935383452	4569752.0179128675
421927.5535022713	4569751.6768378317
421926.6134661975	4569751.3357627960
421925.6734301236	4569750.9946877602
421924.7333940498	4569750.6536127254
421923.7933579759	4569750.3125376897
421922.8533219021	4569749.9714626539
421921.9180450444	4569749.6175847622
421920.9834732158	4569749.2618102599
421920.0489013871	4569748.9060357567
421919.1143295585	4569748.5502612535
421918.1797577298	4569748.1944867503
421917.2451859011	4569747.8387122471
421916.3106140725	4569747.4829377439
421915.3760422438	4569747.1271632407
421914.4414704152	4569746.7713887375
421913.5068985865	4569746.4156142343
421912.5723267579	4569746.0598397311
421911.6377549292	4569745.7040652279
421910.7128515966	4569745.3244616231
421909.7945994617	4569744.9284653906
421908.8763473269	4569744.5324691571
421907.9580951920	4569744.1364729237
421907.0398430571	4569743.7404766902
421906.1215909222	4569743.3444804568
421905.2033387873	4569742.9484842233
421904.2850866524	4569742.5524879908
421903.3668345175	4569742.1564917574
421902.4485823827	4569741.7604955239
421901.5303302478	4569741.3644992905
421900.6054681709	4569740.9856749810
421899.6586954260	4569740.6637722477
421898.7119226811	4569740.3418695144
421897.7651499363	4569740.0199667821
421896.8183771914	4569739.6980640488
421895.8716044465	4569739.3761613155
421894.9248317017	4569739.0542585822
421893.9953403474	4569738.6906847823
421893.0986257095	4569738.2480756342
421892.2019110716	4569737.8054664861
421891.3051964336	4569737.3628573380
421890.4084817957	4569736.9202481899
421889.5117671578	4569736.4776390409
421888.6150525199	4569736.0350298928
421887.7183378819	4569735.5924207447
421886.8216232439	4569735.1498115966
421885.9249086060	4569734.7072024485
421885.0281939681	4569734.2645933004
421884.1314672201	4569733.8220090298
421883.2299441626	4569733.3892779620
421882.3284211050	4569732.9565468952
421881.4268980475	4569732.5238158274
421880.5253749900	4569732.0910847606
421879.6238519324	4569731.6583536929
421878.7223288749	4569731.2256226251
421877.8208058173	4569730.7928915583
421876.9192827598	4569730.3601604905
421876.0177597023	4569729.9274294227
421875.1051841593	4569729.5185543979
421874.1921754487	4569729.1106143352
421873.2791667382	4569728.7026742734
421872.3661580276	4569728.2947342107
421871.4531493170	4569727.8867941489
421870.5401406064	4569727.4788540863
421869.6271318958	4569727.0709140245
421868.7141231852	4569726.6629739618
421867.8011144746	4569726.2550339000
421866.8881057640	4569725.8470938373
421866.0274264577	4569725.3394378657
421865.1730050189	4569724.8198572611
421864.3185835800	4569724.3002766566
421863.4641621412	4569723.7806960512
421862.6097407023	4569723.2611154467
421861.8272781445	4569722.6658230908
421861.2649681231	4569721.8388965894
421860.8574009013	4569720.9643417737
421860.5782192499	4569720.0510527482
421859.9250018152	4569719.3422043053
421858.9763185171	4569719.0259765396
421858.0795026072	4569719.3663445506
421857.1691361298	4569718.9525416065
421856.2561004523	4569718.5447066491
421855.3407854201	4569718.1419680342
421854.4254703878	4569717.7392294193
421853.5101553555	4569717.3364908053
421852.6963154428	4569716.7562197158
421851.8847811009	4569716.1719149901
421851.5533219904	4569715.2344368240
421851.2370942245	4569714.2857535258
421850.7773819226	4569713.4129434489
421850.1713387072	4569712.6175117288
421849.2604656750	4569712.4375569206
421848.2604656750	4569712.4375569215
421847.2738494101	4569712.3401204431
421846.3108853906	4569712.0704905167
421845.4311863341	4569711.6167324604
421844.6480179449	4569711.0273555247
421844.2968945035	4569710.0910263471
421843.3653011786	4569709.7281736955
421842.3973466637	4569709.7791050086
421841.4440399708	4569709.5842098976
421840.5001816146	4569709.2538594725
421839.5563232583	4569708.9235090474
421838.7638175164	4569708.3153566094
421838.0829524799	4569707.5987885911
421837.5137425013	4569706.7765963990
421836.8412954555	4569706.0552683258
421836.0325593715	4569705.4670966277
421835.2238232875	4569704.8789249295
421834.2860553282	4569704.5768187679
421833.3098682681	4569704.3598883105
421832.3336812079	4569704.1429578522
421831.3570363466	4569703.9281540532
421830.3780559267	4569703.7241997998
421829.3990755067	4569703.5202455465
421828.4200950869	4569703.3162912931
421827.5759386759	4569702.7842020504
421826.8913480516	4569702.0748583106
421826.2895367592	4569701.2764292369
421825.5824299779	4569700.5693224557
421824.7977099821	4569700.0495905494
421823.7977099821	4569700.0495905494
421822.7977099821	4569700.0495905494
421821.8097994781	4569699.9011143260
421820.8229718129	4569699.7393392986
421819.8361441478	4569699.5775642721
421818.8493164827	4569699.4157892456
421818.0613553958	4569698.8236481044
421817.2985984326	4569698.1769628525
421816.5358414693	4569697.5302776005
421815.7730845061	4569696.8835923485
421815.1658378863	4569696.0904185614
421814.5658378860	4569695.2904185615
421813.5690029621	4569695.2248036480
421812.5690029621	4569695.2248036480
421811.5690029621	4569695.2248036480
421810.5909939798	4569695.0461682882
421809.6974790792	4569694.6507556848
421808.9226140584	4569694.0186289577
421808.1477490376	4569693.3865022296
421807.3502114436	4569692.7891634973
421806.4590483280	4569692.3354804572
421805.5678852125	4569691.8817974161
421804.6767220969	4569691.4281143751
421803.7679555306	4569691.0705604171
421802.7738533540	4569691.1790079279
421801.7797511774	4569691.2874554386
421800.7856490009	4569691.3959029494
421799.8634126477	4569691.1619261084
421798.9967901910	4569690.6629616637
421798.1320277541	4569690.1609261241
421797.2883662663	4569689.6240506321
421796.3854129942	4569689.2780282581
421795.3860501399	4569689.2423367267
421794.4204950006	4569689.0348834097
421793.5571057780	4569688.5861408059
421792.9155024252	4569687.8330542687
421791.9719024431	4569687.5019665556
421791.0283024609	4569687.1708788425
421790.0847024787	4569686.8397911303
421789.1342969968	4569686.5387733225
421788.1400899492	4569686.4312914805
421787.1458829016	4569686.3238096377
421786.1737967774	4569686.4833332999
421785.2241516869	4569686.7335541165
421785.1293425943	4569685.7380586434
421785.0345335017	4569684.7425631713
421784.9397244091	4569683.7470676983
421784.8449153165	4569682.7515722262
421784.0586043054	4569682.2067881450
421783.1841735709	4569681.7228748007
421782.2199681782	4569681.4577183174
421781.2557627855	4569681.1925618341
421780.3302928827	4569681.1819645073
421779.4885988004	4569681.7219192013
421778.6469047182	4569682.2618738953
421777.8052106359	4569682.8018285902
421776.9618426285	4569683.3391306838
421776.1122024625	4569683.8664935455
421775.2625622966	4569684.3938564081
421775.2031695528	4569683.4174944460
421774.6530238494	4569682.7245469643
421773.7697630348	4569682.2657960420
421772.8069210628	4569681.9957306106
421771.8440790908	4569681.7256651800
421770.8812371189	4569681.4555997485
421769.9183951469	4569681.1855343180
421768.9555531749	4569680.9154688865
421767.9891799905	4569680.6585361650
421767.0207361488	4569680.4093042938
421766.0522923072	4569680.1600724226
421765.0838484656	4569679.9108405523
421764.1154046239	4569679.6616086811
421763.1469607823	4569679.4123768099
421762.1785169406	4569679.1631449386
421761.2100730990	4569678.9139130674
421760.2416292574	4569678.6646811962
421759.2618819889	4569678.4748247797
421758.2696041122	4569678.3507900443
421757.2773262356	4569678.2267553098
421756.2850483589	4569678.1027205754
421755.2927704822	4569677.9786858400
421754.3004926055	4569677.8546511056
421753.3082147288	4569677.7306163711
421752.3159368521	4569677.6065816358
421751.3644452580	4569677.7823396968
421750.4413683358	4569678.1669550836
421749.4686879338	4569678.0234365873
421748.6279073471	4569677.5379960472
421747.8686507450	4569676.8872046731
421747.0620829736	4569676.3282464612
421746.0914189024	4569676.0878067380
421745.1207548311	4569675.8473670138
421744.1500907599	4569675.6069272896
421743.1794266887	4569675.3664875655
421742.2087626175	4569675.1260478422
421741.2380985463	4569674.8856081180
421740.2674344751	4569674.6451683939
421739.2720597876	4569674.6779388739
421738.2740072090	4569674.7403171603
421737.2759546305	4569674.8026954466
421736.2779020521	4569674.8650737330
421735.2798494736	4569674.9274520185
421734.3264493990	4569674.7026224183
421733.3944447274	4569674.3401761577
421732.4705631322	4569673.9601302929
421731.5900920325	4569673.4860304696
421730.7096209328	4569673.0119306464
421729.8291498331	4569672.5378308231
421728.9135102107	4569672.1787213208
421727.9184730205	4569672.0792176025
421726.9234358302	4569671.9797138842
421725.9270944804	4569672.0021037646
421724.9301561025	4569672.0802950095
421723.9332177248	4569672.1584862554
421723.3691636002	4569671.8687600605
421723.6070323295	4569670.8974627489
421723.8449010587	4569669.9261654373
421724.0538505799	4569668.9548012344
421723.8204776271	4569667.9824139327
421723.4282300775	4569667.0905099660
421722.7822878363	4569666.3271236802
421722.0841171325	4569665.6452671438
421721.1205992228	4569665.3776232796
421720.1570813131	4569665.1099794162
421719.1932176288	4569665.2309865449
421718.2292250106	4569665.4969155425
421717.7277159685	4569666.2741387263
421717.3667218659	4569667.2067068247
421716.9095135159	4569668.0917324647
421716.3806075286	4569668.9402533658
421715.8259073317	4569669.7723036595
421715.1219169231	4569670.2681188621
421714.1327134607	4569670.1215702007
421713.1879724339	4569669.8242956288
421712.2776059562	4569669.4104926847
421711.3548628806	4569669.0326193348
421710.3827806721	4569668.7979788007
421709.4070426172	4569668.6652706508
421708.4332333187	4569668.6229352066
421707.4740638610	4569668.3401031867
421706.5148944033	4569668.0572711667
421705.5557249456	4569667.7744391477
421704.5965554879	4569667.4916071277
421703.6373860303	4569667.2087751077
421702.6782165725	4569666.9259430878
421701.7190471149	4569666.6431110678
421700.7598776571	4569666.3602790479
421699.8007081995	4569666.0774470288
421698.8415387417	4569665.7946150089
421697.8511255021	4569665.6738878386
421696.8555459994	4569665.5799652440
421695.8599664967	4569665.4860426495
421694.8805439034	4569665.3122213567
421693.9266946527	4569665.0119354809
421692.9728454019	4569664.7116496060
421692.0189961512	4569664.4113637311
421691.0461136612	4569664.1857374385
421690.0649192047	4569663.9927155785
421689.0837247481	4569663.7996937186
421688.1025302916	4569663.6066718576
421687.1333232743	4569663.3634509221
421686.1707828323	4569663.0923127690
421685.2082423904	4569662.8211746169
421684.2457019485	4569662.5500364648
421683.2831615065	4569662.2788983127
421682.2971168734	4569662.1206019046
421681.3063694780	4569661.9848830840
421680.3156220826	4569661.8491642624
421679.3248746872	4569661.7134454409
421678.3375643930	4569661.5674446058
421677.4643666913	4569661.0800784463
421676.5911689896	4569660.5927122859
421675.7179712880	4569660.1053461265
421674.7450454514	4569659.9354533767
421673.7500082610	4569659.8359496584
421672.7549710708	4569659.7364459401
421671.7894785385	4569659.5067210821
421670.8489246391	4569659.1670766175
421669.9077990799	4569658.8291146979
421668.9550109052	4569658.5254789060
421668.0022227304	4569658.2218431141
421667.0494345557	4569657.9182073222
421666.0966463809	4569657.6145715304
421665.1438582061	4569657.3109357385
421664.1910700313	4569657.0072999476
421663.2158980724	4569656.7898265971
421662.2357974659	4569656.5913252085
421661.2556968595	4569656.3928238200
421660.2755962530	4569656.1943224315
421659.2954956466	4569655.9958210429
421658.3393921359	4569655.7130843578
421657.4018259176	4569655.3652775344
421656.4642596993	4569655.0174707109
421655.5266934810	4569654.6696638875
421654.5792654448	4569654.3553963332
421653.6026585957	4569654.1403636327
421652.6260517467	4569653.9253309323
421651.6494448977	4569653.7102982309
421650.6728380486	4569653.4952655304
421649.6962311996	4569653.2802328290
421648.7196243506	4569653.0652001286
421647.7430175016	4569652.8501674281
421646.7680371462	4569652.6278794985
421645.7930974851	4569652.4054100458
421644.8181578241	4569652.1829405939
421643.8432181631	4569651.9604711412
421642.8682785020	4569651.7380016884
421641.8933388411	4569651.5155322356
421640.9183991800	4569651.2930627828
421639.9434595190	4569651.0705933301
421638.9685198580	4569650.8481238773
421637.9935780518	4569650.6256638449
421637.0184451959	4569650.4040427413
421636.0433123401	4569650.1824216377
421635.0681794844	4569649.9608005341
421634.0930466285	4569649.7391794305
421633.1179137727	4569649.5175583269
421632.1427809170	4569649.2959372234
421631.1676480611	4569649.0743161198
421630.1925152053	4569648.8526950162
421629.2146375139	4569648.6459312057
421628.2246880203	4569648.5045098495
421627.2347385266	4569648.3630884932
421626.2447890329	4569648.2216671370
421625.2548395393	4569648.0802457798
421624.2669391444	4569647.9281488117
421623.2949803703	4569647.6929974956
421622.3230215963	4569647.4578461796
421621.3510628222	4569647.2226948636
421620.3791040482	4569646.9875435466
421619.4071452741	4569646.7523922306
421618.4351865000	4569646.5172409145
421617.4632277260	4569646.2820895985
421616.4912689519	4569646.0469382815
421615.5214813202	4569645.8030303614
421614.5522505509	4569645.5568765160
421613.5830197816	4569645.3107226696
421612.6137890124	4569645.0645688232
421611.6571557310	4569644.7759545017
421610.7105058250	4569644.4536907040
421609.7638559190	4569644.1314269053
421608.8041206509	4569643.8618607624
421607.8166800189	4569643.7038702620
421606.8292393869	4569643.5458797608
421605.8415637794	4569643.3914966267
421604.8419716929	4569643.4200563999
421603.8423796065	4569643.4486161731
421602.9032001701	4569643.1633412158
421601.9856445446	4569642.7657337794
421601.0870332495	4569642.3284318978
421600.2008078055	4569641.8651776882
421599.3145823615	4569641.4019234795
421598.3968433743	4569641.1953866137
421597.4248846002	4569641.4305379298
421596.4529258262	4569641.6656892458
421595.4809670521	4569641.9008405618
421594.5144336042	4569642.0193056865
421593.5684876582	4569641.6949813627
421592.6225417122	4569641.3706570379
421591.6744163686	4569641.0527789509
421590.7257330708	4569640.7365511842
421589.8693384131	4569640.2528816843
421589.0953811142	4569639.6196438940
421588.1995956541	4569639.2124602580
421587.2451156760	4569638.9141852660
421586.2696205178	4569638.7269194629
421585.2721618180	4569638.6556724133
421584.2905397757	4569638.7822302599
421583.3171226073	4569639.0112695936
421582.3377865940	4569639.0963804591
421581.3488502412	4569638.9480400058
421580.3599138884	4569638.7996995524
421579.4312421570	4569638.4498857483
421578.5232827728	4569638.0308275698
421577.8054406253	4569637.3454717137
421577.1142179790	4569636.6228298573
421576.2278912275	4569636.1942468127
421575.2967077589	4569635.8299132157
421574.3720296604	4569635.4491634108
421573.4473515619	4569635.0684136059
421572.4550509183	4569634.9686186248
421571.4583933971	4569634.8869253853
421570.4617358759	4569634.8052321458
421569.4650783547	4569634.7235389063
421568.4699584353	4569634.6249445360
421567.4749212451	4569634.5254408168
421566.4816891196	4569634.4112442276
421565.4921561386	4569634.2669373350
421564.5026231575	4569634.1226304416
421563.5328389898	4569633.9207009431
421562.6628168038	4569633.4276883714
421561.7927946178	4569632.9346757997
421560.9342621980	4569632.4219624037
421560.0752965910	4569631.9208824383
421559.1266132926	4569632.2371102041
421558.1343883173	4569632.3591624293
421557.1651690370	4569632.3060132302
421556.2411522043	4569631.9236614378
421555.3201692260	4569631.5342382789
421554.4063576774	4569631.1280998131
421553.4925461288	4569630.7219613465
421552.5787345803	4569630.3158228807
421551.6649230317	4569629.9096844140
421550.7511114832	4569629.5035459483
421549.8372999346	4569629.0974074826
421549.0010044095	4569628.5524078021
421548.1623459001	4569628.0086974734
421547.3014193718	4569627.4999681618
421546.3419280332	4569627.3517878996
421545.3419280332	4569627.3517878987
421544.4583255976	4569627.6695467560
421543.6850302511	4569628.3032766078
421542.7709487835	4569628.6362989321
421541.9078674655	4569628.3803635342
421541.4741824530	4569627.5091310926
421541.1397991600	4569626.5667149806
421540.4842216214	4569625.8181723328
421539.5824542273	4569625.4513333784
421538.6096199839	4569625.2290116986
421537.6173421072	4569625.1049769642
421536.6525924473	4569624.8546853187
421535.6987431966	4569624.5543994429
421534.7448939458	4569624.2541135680
421533.7907324847	4569623.9549021106
421532.8244975454	4569623.6972394595
421531.8582526527	4569623.4399788091
421530.8804502387	4569623.6495078988
421529.9013148873	4569623.8101262860
421528.9135519222	4569623.6541637108
421528.0004757734	4569623.2571948627
421527.0976152545	4569622.8272612831
421526.1947547356	4569622.3973277025
421525.6673349299	4569621.5793835083
421525.2079120111	4569620.6911658654
421524.6432292270	4569619.8695599670
421524.0371860110	4569619.0741282469
421523.0590048658	4569618.8704464752
421522.0795478226	4569618.6687935544
421521.1069210827	4569618.7928616637
421520.1514012526	4569619.0814972706
421519.2188331545	4569619.4424913740
421518.3072115032	4569619.6024138369
421517.4690719708	4569619.0569579508
421516.6309324382	4569618.5115020648
421515.7927929057	4569617.9660461778
421514.9546533732	4569617.4205902917
421514.0787536997	4569616.9558196338
421513.1229746910	4569616.6617337847
421512.1671956823	4569616.3676479356
421511.6075986723	4569615.6505500795
421511.2262756890	4569614.7278483631
421510.7406327570	4569613.8536910880
421509.8163403768	4569613.7250248920
421508.9085136447	4569614.0294525148
421508.0234671208	4569614.0069277277
421507.1043220915	4569613.6130084274
421506.1501440082	4569613.3271569842
421505.1747030060	4569613.1068961136
421504.2224236672	4569613.2053437522
421503.2792298824	4569613.5368726412
421502.3218553859	4569613.6267954558
421501.3980202138	4569613.3394956440
421501.2081124204	4569612.3590621902
421501.1526424008	4569611.3606018368
421500.5870254085	4569610.5449696630
421499.9595749793	4569609.7667888794
421499.2465119487	4569609.1242837450
421498.2606984990	4569608.9585276106
421497.2639345440	4569608.8781434204
421496.2671705890	4569608.7977592293
421495.2704066341	4569608.7173750382
421494.2741077810	4569608.6336068530
421493.2926171887	4569608.4420964941
421492.3111265965	4569608.2505861362
421491.3603239404	4569607.9729404980
421490.4788439701	4569607.5007190863
421489.6610349600	4569606.9532656651
421489.0495874591	4569606.1619806634
421488.3525634206	4569605.4595554015
421487.5042569970	4569604.9415457649
421486.5757803061	4569604.5701550888
421485.6473036151	4569604.1987644127
421484.6925495698	4569603.9033923764
421483.7329210260	4569603.6221219413
421482.7732924822	4569603.3408515053
421481.8136639384	4569603.0595810702
421481.1060890331	4569602.3706558207
421480.4622809768	4569601.6062670872
421479.5294234628	4569601.4939681776
421478.5299433485	4569601.5262094717
421477.5319430480	4569601.5876991106
421476.5343127196	4569601.6565012019
421475.9461902695	4569600.9045127276
421475.3340500549	4569600.1229308620
421474.5237045504	4569599.6037905440
421473.5958828696	4569599.6997584132
421472.7251991396	4569600.1398983346
421471.7897805319	4569600.1252158778
421471.0256377051	4569599.5322876479
421470.5201696093	4569598.7288645254
421469.6354983064	4569598.2628248837
421468.7163532764	4569597.8689055853
421467.7986154964	4569597.4720496396
421466.9157431072	4569597.0024366667
421466.0328707181	4569596.5328236939
421465.1499983288	4569596.0632107211
421464.2067853223	4569595.7767788060
421463.2176537458	4569595.6297457339
421462.2285221693	4569595.4827126618
421461.2393905928	4569595.3356795888
421460.2502590162	4569595.1886465168
421459.2549713981	4569595.1861201990
421458.2569188196	4569595.2484984864
421457.2756010217	4569595.1280515110
421456.3054585216	4569594.8855158854
421455.3353160215	4569594.6429802608
421454.3919443455	4569594.3176535899
421453.4634676546	4569593.9462629128
421452.5349909638	4569593.5748722367
421451.5739853409	4569593.3389959941
421450.5782194123	4569593.2573078834
421449.5853425739	4569593.3764531054
421448.5982038080	4569593.3653714815
421447.6486052485	4569593.1001661858
421446.8794974771	4569592.4690471720
421445.8800914777	4569592.4345848970
421444.8935567614	4569592.3475913312
421443.9914225405	4569591.9161358317
421443.1697034753	4569591.3667630386
421442.4064649572	4569590.7449476058
421441.4320737615	4569590.5200880989
421440.4502179078	4569590.3384971162
421439.4568089718	4569590.2238730099
421438.7515117777	4569590.7499372475
421437.8037893388	4569590.9381934162
421436.8475003104	4569590.7300047278
421435.9066128988	4569590.3912852593
421435.1256011295	4569589.7687735800
421434.3094628639	4569589.2132026432
421433.3390784749	4569588.9766130587
421432.3577647253	4569588.7841985971
421431.3764509756	4569588.5917841364
421430.3946300680	4569588.4020925667
421429.4098465092	4569588.2283072323
421428.4250629504	4569588.0545218978
421427.4402793917	4569587.8807365643
421426.4554958329	4569587.7069512298
421425.4707122742	4569587.5331658954
421424.4859287154	4569587.3593805609
421423.5011451566	4569587.1855952274
421422.5160747620	4569587.0134656681
421421.5302189153	4569586.8458701745
421420.5443630686	4569586.6782746809
421419.5585072218	4569586.5106791873
421418.5726513751	4569586.3430836936
421417.5867955284	4569586.1754882000
421416.6009396817	4569586.0078927064
421415.6079941195	4569585.8967895443
421414.6112972966	4569585.8155772109
421413.6146004736	4569585.7343648775
421412.6179036506	4569585.6531525441
421411.6212068277	4569585.5719402106
421410.6245100047	4569585.4907278772
421409.6278131818	4569585.4095155429
421408.6311163589	4569585.3283032095
421407.6344195359	4569585.2470908761
421406.6499967998	4569585.0763470931
421405.6682169494	4569584.8863251861
421404.6864370988	4569584.6963032801
421403.7046572483	4569584.5062813731
421402.7892045614	4569584.1255882941
421401.9014500299	4569583.6652711295
421400.9639052029	4569583.3271591933
421400.0072313225	4569583.0359975770
421399.0505574422	4569582.7448359616
421398.0938835618	4569582.4536743453
421397.1370573037	4569582.1630393146
421396.1727311558	4569581.8983223327
421395.2084050078	4569581.6336053517
421394.2440788599	4569581.3688883698
421393.2613324019	4569581.2080350090
421392.2647866436	4569581.1249895291
421391.2682408854	4569581.0419440493
421390.2716951271	4569580.9588985695
421389.2751493689	4569580.8758530896
421388.2756293284	4569580.8643140970
421387.2756293284	4569580.8643140970
421386.2850365007	4569580.9896651069
421385.2962374140	4569581.1389177991
421384.3074383274	4569581.2881704913
421383.3269343581	4569581.2951048724
421382.3621705370	4569581.0319874659
421381.4734107582	4569580.5810645418
421380.6165057151	4569580.0678295381
421379.7741878947	4569579.5636763051
421378.7747077804	4569579.5959175983
421377.7752623995	4569579.6219587773
421376.7762062411	4569579.5785215544
421375.7819286786	4569579.4818284372
421374.7910985106	4569579.3467152314
421373.8002683426	4569579.2116020266
421373.1084368210	4569578.5986880288
421372.5411011063	4569577.7802385455
421371.6705382675	4569577.2881812891
421370.7759762894	4569576.8495719647
421369.8298123045	4569576.5258842856
421368.8836483197	4569576.2021966064
421368.0261943190	4569576.5055070380
421367.0637712772	4569576.3719184119
421366.0851703362	4569576.1699268380
421365.0851703362	4569576.1699268389
421364.0851703362	4569576.1699268389
421363.0851703362	4569576.1699268399
421362.1905028879	4569576.5940118916
421361.2643877080	4569576.5504693361
421360.4245008262	4569576.0637004040
421359.7378772933	4569575.3366872519
421359.0512537604	4569574.6096740989
421358.3217957222	4569573.9435337773
421357.4056383870	4569573.5427149441
421356.4894810519	4569573.1418961100
421355.5453866654	4569572.8131256206
421354.5985050766	4569572.4915431943
421353.6516234880	4569572.1699607680
421352.6923673105	4569571.9047370423
421351.6981699697	4569571.8048275271
421350.7253637549	4569572.0364480540
421349.7961234020	4569571.8643295262
421348.8951217323	4569571.4305139072
421348.1524484107	4569570.7885765312
421347.4192993805	4569570.1445291303
421346.4809562636	4569569.7988237720
421345.5091592262	4569569.7142092865
421344.6072427504	4569570.1453675879
421343.7110145170	4569570.4110459546
421342.7962620360	4569570.0189527767
421341.9488152199	4569569.4880886618
421341.1103716035	4569568.9431003109
421340.2471511897	4569568.4406559048
421339.3593966582	4569567.9803387411
421338.4306724290	4569567.6260509146
421337.4640519868	4569567.3698382676
421336.4974315447	4569567.1136256196
421335.5308111025	4569566.8574129725
421334.5641906603	4569566.6012003245
421333.5975702182	4569566.3449876774
421332.6173441826	4569566.5016012657
421331.6359515279	4569566.6936128736
421330.6545588732	4569566.8856244804
421329.7604602486	4569566.5014702603
421328.9893616304	4569565.8679407174
421328.0710907437	4569565.5576629005
421327.0846968199	4569565.3932639128
421326.0983028960	4569565.2288649250
421325.0993381189	4569565.2163565736
421324.0993381189	4569565.2163565727
421323.1685639263	4569564.8967680736
421322.2581974485	4569564.4829651294
421321.3184027977	4569564.1618522452
421320.3363779100	4569563.9817000153
421319.3748539625	4569564.2564211441
421318.4121514151	4569564.2105587404
421317.6161417911	4569563.7228709329
421317.1016460354	4569562.8653780082
421316.4006547123	4569562.2164565148
421315.4911802367	4569561.8006967539
421314.5817057611	4569561.3849369939
421313.6204954702	4569561.1107051196
421312.6572991689	4569560.8419061517
421311.6941028676	4569560.5731071839
421310.7309065663	4569560.3043082152
421309.7677102650	4569560.0355092473
421308.8008249087	4569559.7840646356
421307.8115753093	4569559.6378277391
421306.8223257099	4569559.4915908417
421305.8330761105	4569559.3453539442
421304.8438265111	4569559.1991170468
421303.8545769117	4569559.0528801503
421302.8653273123	4569558.9066432528
421301.8760777129	4569558.7604063554
421300.8936148967	4569558.8157883212
421299.9163448700	4569559.0169776464
421298.9357641944	4569558.8208615109
421298.0275818413	4569558.4261008780
421297.1507694324	4569557.9452682668
421296.2392856242	4569557.5504389415
421295.2741452965	4569557.2887059702
421294.3090049688	4569557.0269729998
421293.3438646411	4569556.7652400294
421292.3964221124	4569556.4521184890
421291.4747867373	4569556.0640614890
421290.5531513621	4569555.6760044890
421289.6129056526	4569555.3371004136
421288.6653701456	4569555.0174498819
421287.7178346386	4569554.6977993492
421286.7702991316	4569554.3781488165
421285.8227636246	4569554.0584982838
421284.8755749314	4569553.7379992390
421283.9754156799	4569553.3024383113
421283.0752564284	4569552.8668773836
421282.1750971770	4569552.4313164549
421281.2749379255	4569551.9957555272
421280.3747786741	4569551.5601945994
421279.4746194227	4569551.1246336708
421278.5746747960	4569550.6886302093
421277.6753069419	4569550.2514375020
421276.7759390878	4569549.8142447956
421275.8765712336	4569549.3770520883
421274.9772033795	4569548.9398593809
421274.0780901932	4569548.5021501454
421273.1836630021	4569548.0549365496
421272.2881736700	4569547.6114566401
421271.2922804636	4569547.5209208932
421270.2963872572	4569547.4303851463
421269.3202506076	4569547.2193711353
421268.3476003764	4569546.9870964531
421267.3749501453	4569546.7548217718
421266.4022999141	4569546.5225470895
421265.5372753397	4569546.1081326380
421264.9291265989	4569545.3206741242
421264.3819817128	4569544.5016936045
421263.4875545221	4569544.0544800088
421262.5254401959	4569543.8711997122
421261.5261790213	4569543.8327665897
421260.5603951649	4569544.0832374822
421259.5964025468	4569544.3491664808
421258.6063824970	4569544.4893683027
421257.6160407503	4569544.6280161468
421256.6256990035	4569544.7666639909
421255.9509729201	4569544.2216177154
421255.4140974278	4569543.3779562283
421255.1837662828	4569542.4050835697
421255.6653277501	4569541.5803087801
421255.8965795957	4569540.6966578849
421255.2964568096	4569540.1144247176
421254.3768032725	4569540.3945764611
421253.5010867234	4569540.8674973287
421252.5601993114	4569541.2062167963
421251.5968455483	4569541.4642229080
421250.6162648727	4569541.6603390444
421249.6233697281	4569541.7763543092
421248.6291626805	4569541.8838361520
421247.6681399565	4569541.7582979761
421246.7434618577	4569541.3775481712
421245.8293355639	4569540.9785032049
421245.0367115757	4569540.3687924426
421244.2440875875	4569539.7590816803
421243.8720998139	4569538.8400647929
421243.7410761522	4569537.8634329885
421243.0671658350	4569537.1513953777
421242.1428398720	4569536.7822093917
421241.2853469462	4569536.2677136362
421240.4278540205	4569535.7532178806
421239.4984484705	4569535.4190065302
421238.5157665182	4569535.3397031557
421237.5255617001	4569535.4779591905
421236.5779291112	4569535.3274957612
421235.6608590550	4569534.9287696499
421235.2803467177	4569534.0283345114
421234.9440103209	4569533.0865925997
421234.2423165258	4569532.3760603117
421233.5500235360	4569531.6550366962
421232.8884018992	4569530.9051988404
421231.9418810240	4569530.7344750362
421230.9439363418	4569530.7808994940
421229.9459672590	4569530.8445996484
421228.9479981761	4569530.9082998028
421227.9490738667	4569530.9537412245
421226.9499058136	4569530.9945235932
421225.9507377605	4569531.0353059629
421224.9832212429	4569530.8580039516
421224.0368713868	4569530.5348600987
421223.0905215307	4569530.2117162449
421222.2356157756	4569529.7048844052
421221.4073323624	4569529.1445750371
421220.6353621829	4569528.5443446925
421220.3808688835	4569527.5772701548
421219.9139095620	4569526.6997423451
421219.2921778297	4569525.9535925761
421218.4159619208	4569525.4716738267
421217.4410141909	4569525.3331543645
421216.4426428564	4569525.2761045750
421215.4437105470	4569525.2314570388
421214.4442656400	4569525.1981422082
421213.4445068556	4569525.1836652495
421212.4726606037	4569525.0509987511
421211.5588490551	4569524.6448602853
421210.6450375066	4569524.2387218187
421209.7312259581	4569523.8325833529
421208.9334205435	4569523.2667036755
421208.5465652041	4569522.3818404116
421208.3036865103	4569521.4151608739
421207.9322958345	4569520.4866841836
421207.1520670739	4569519.8983900771
421206.2520143237	4569519.5032874942
421205.2636047542	4569519.3928658189
421204.2642418999	4569519.4285573503
421203.2719559557	4569519.3595931185
421202.2864958400	4569519.1896862015
421201.4653581351	4569518.7026500609
421200.6246621684	4569518.1866662651
421199.7176532004	4569517.7655549590
421198.7496878013	4569517.6204857808
421197.7496878013	4569517.6204857798
421196.8183725868	4569517.2638343703
421196.2636877758	4569516.4564750586
421195.9603318151	4569515.6292096972
421194.9894083723	4569515.8521905616
421194.0030144486	4569515.6877915729
421193.0227670801	4569515.4928910090
421192.0496867926	4569515.2624246245
421191.0766065052	4569515.0319582401
421190.1035262177	4569514.8014918566
421189.1304459303	4569514.5710254721
421188.2556175037	4569514.1644858895
421187.5485107219	4569513.4573791092
421186.7636153823	4569512.8494469486
421185.9084175509	4569512.3311452325
421185.0534912586	4569511.8124214038
421184.2272639157	4569511.2490845798
421183.3788081779	4569510.7249435000
421182.4712456595	4569510.3050265135
421181.5636831412	4569509.8851095280
421180.6561206229	4569509.4651925415
421179.7485581046	4569509.0452755550
421178.8347694910	4569508.6394277140
421177.9136712324	4569508.2500975225
421176.9925729739	4569507.8607673310
421176.0714747153	4569507.4714371394
421175.1503764568	4569507.0821069479
421174.2292781982	4569506.6927767564
421173.3081799397	4569506.3034465648
421172.3822686743	4569505.9258511439
421171.4530655528	4569505.5562817203
421170.5238624313	4569505.1867122967
421169.5946593097	4569504.8171428731
421168.6654561882	4569504.4475734495
421167.7362530667	4569504.0780040259
421166.7837558865	4569503.7904887618
421165.7989723275	4569503.6167034283
421164.8288483777	4569503.3980265679
421163.9312940513	4569502.9571226882
421163.0337397249	4569502.5162188085
421162.1361853985	4569502.0753149288
421161.2395593782	4569501.6326804189
421160.3757804773	4569501.1288093934
421159.5120015763	4569500.6249383679
421158.6482226753	4569500.1210673423
421157.7844437743	4569499.6171963168
421156.9206648734	4569499.1133252913
421155.9845423265	4569498.8086692654
421154.9987211566	4569498.6408699173
421154.0128999868	4569498.4730705693
421153.0587414133	4569498.1972342869
421152.1382970609	4569497.8063606583
421151.2178527086	4569497.4154870287
421150.2974083562	4569497.0246133991
421149.3769640038	4569496.6337397695
421148.4530865784	4569496.2512881532
421147.5216859324	4569495.8872924987
421146.5902852864	4569495.5232968442
421145.6588846403	4569495.1593011897
421144.7274839944	4569494.7953055352
421143.7960833483	4569494.4313098798
421142.8537068758	4569494.1047809878
421141.8731262001	4569493.9086648524
421140.8925455245	4569493.7125487169
421139.9119648488	4569493.5164325815
421138.9313841732	4569493.3203164469
421137.9508034975	4569493.1242003115
421136.9702228219	4569492.9280841760
421135.9796599295	4569492.8079844927
421134.9816908466	4569492.7442843383
421133.9837217637	4569492.6805841848
421132.9857526809	4569492.6168840304
421131.9877835980	4569492.5531838760
421130.9898145151	4569492.4894837216
421130.0207257341	4569492.2956357384
421129.0894829544	4569491.9312363900
421128.1582401747	4569491.5668370416
421127.2124490125	4569491.2755976208
421126.2126411908	4569491.2559935460
421125.2128333692	4569491.2363894712
421124.2130255475	4569491.2167853964
421123.2148862977	4569491.1574920025
421122.2169609887	4569491.0931097250
421121.2190356797	4569491.0287274467
421120.2211103707	4569490.9643451693
421119.2265620411	4569491.0460303789
421118.2362011755	4569491.1272544032
421117.2970783235	4569490.7836728720
421116.3579554716	4569490.4400913399
421115.4096026535	4569490.1296390658
421114.4281120613	4569489.9381287070
421113.4466214690	4569489.7466183491
421112.4559826284	4569489.6497617122
421111.4559826284	4569489.6497617122
421110.4559826284	4569489.6497617122
421109.4559826284	4569489.6497617122
421108.4638022692	4569489.7686875742
421107.4724117590	4569489.8996259430
421106.4810212489	4569490.0305643119
421105.5097206054	4569489.9665350728
421104.5658622490	4569489.6361846477
421103.6220038926	4569489.3058342235
421102.6529853639	4569489.0688106362
421101.6709789170	4569488.8799632415
421100.6848777142	4569488.7139331205
421099.6984837903	4569488.5495341336
421098.7004070347	4569488.5900344774
421097.7017193713	4569488.6412492301
421096.7080005044	4569488.6053187484
421095.7216065806	4569488.4409197606
421094.7352126568	4569488.2765207738
421093.7488187329	4569488.1121217860
421092.7716751092	4569487.9006168284
421091.7963618104	4569487.6797911748
421090.8210485115	4569487.4589655222
421089.8405309906	4569487.2684784159
421088.8473803863	4569487.1516371686
421087.8544601540	4569487.0330581162
421086.8651697904	4569486.8870972423
421085.8758794268	4569486.7411363693
421084.8865890632	4569486.5951754963
421083.8972986996	4569486.4492146233
421082.9080083361	4569486.3032537494
421081.9187179724	4569486.1572928764
421080.9294276089	4569486.0113320034
421079.9402412585	4569485.8647393398
421078.9563713484	4569485.6858539013
421077.9725014384	4569485.5069684628
421077.0072305303	4569485.7056290582
421076.0457065826	4569485.9803501861
421075.0497792257	4569485.9453057740
421074.0514078912	4569485.8882559845
421073.0798275689	4569485.6802597996
421072.1228031645	4569485.3902524039
421071.2581483111	4569484.9412518991
421070.5321956275	4569484.2535072509
421069.6162455553	4569484.0425769314
421068.6162455553	4569484.0425769305
421067.6162455553	4569484.0425769305
421066.6280060034	4569483.9038149510
421065.6422695777	4569483.7355184890
421064.6549265681	4569483.5861781724
421063.6549265681	4569483.5861781724
421062.6632676302	4569483.6869612457
421061.7710074946	4569483.3146374226
421061.4423710283	4569482.5068396339
421060.8072004851	4569481.8993966179
421059.8904648226	4569481.5185005814
421058.9075926357	4569481.3342120461
421057.9225027833	4569481.1737847198
421056.9225027833	4569481.1737847198
421055.9225027833	4569481.1737847198
421054.9242801627	4569481.2307163505
421053.9262275842	4569481.2930946369
421052.9281750057	4569481.3554729233
421051.9761015215	4569481.1019033398
421051.0372252057	4569480.7576486906
421050.4526581405	4569480.0253087599
421049.9121930384	4569479.2097700033
421049.1360790391	4569478.5791773768
421048.1408314635	4569478.5657917997
421047.1458998545	4569478.6522515640
421046.1527492501	4569478.7690928113
421045.1719647977	4569478.7007180760
421044.2031620933	4569478.4528848249
421043.2343593889	4569478.2050515749
421042.3692050170	4569477.7409806969
421041.5692050170	4569477.1409806972
421040.5724000183	4569477.1313956929
421039.6302812324	4569476.9188380307
421038.8164502833	4569476.3640467618
421038.3154140132	4569475.4986204766
421037.5550224479	4569474.8952463493
421036.6844596087	4569474.4031890938
421035.9017340637	4569473.7812397499
421034.9988890369	4569473.3807546180
421034.0502057387	4569473.0645268522
421033.1487920986	4569473.4134336552
421032.1806734862	4569473.5133974701
421031.2248901616	4569473.3335901201
421030.3864465446	4569472.7886017701
421029.4424009390	4569472.5152653977
421028.4778676590	4569472.2651363825
421027.5331939947	4569471.9371246938
421026.5885203303	4569471.6091130050
421025.6438466661	4569471.2811013162
421024.6991730018	4569470.9530896274
421024.0219051112	4569470.3152598208
421023.5593391047	4569469.4286749745
421022.6682210025	4569469.0628239894
421021.7092032944	4569468.7794778477
421020.7501855864	4569468.4961317070
421019.7911678783	4569468.2127855662
421018.8321501703	4569467.9294394245
421017.8731324622	4569467.6460932838
421016.9848975928	4569467.1917910874
421016.1062730832	4569466.7142777666
421015.2276485736	4569466.2367644468
421014.3490240639	4569465.7592511261
421013.4703995543	4569465.2817378053
421012.5917750447	4569464.8042244855
421011.7066806911	4569464.3508947538
421010.7069930447	4569464.3259025617
421009.7073053983	4569464.3009103704
421008.7639725303	4569464.0701285442
421007.8910290479	4569463.5823071878
421007.0180855655	4569463.0944858305
421006.0374808111	4569462.9331264645
421005.0455991465	4569462.8059621481
421004.0717389155	4569462.6048737178
421003.1326160634	4569462.2612921866
421002.1934932113	4569461.9177106554
421001.2994864210	4569461.4818332549
421000.4514881171	4569460.9518343154
420999.6046001895	4569460.4201678075
420998.7885757084	4569459.8421504665
420997.9519836752	4569459.3166927872
420996.9603832639	4569459.1873536035
420995.9917776861	4569459.3183822650
420995.0831942200	4569459.3466355419
420994.2783744622	4569458.7531731091
420993.4890222441	4569458.1392324967
420992.7587399641	4569457.4597960347
420992.0668346010	4569456.7378078289
420991.3214669965	4569456.0775854280
420990.4490285779	4569455.6655713376
420989.4501604401	4569455.6180061884
420988.4534900757	4569455.5368643897
420987.5052022374	4569455.2984438157
420986.6284542493	4569454.8181963274
420985.7340270586	4569454.3709827317
420984.7693691692	4569454.1205139644
420983.7939281671	4569453.9002530929
420983.0062579813	4569453.3197588902
420982.2670616439	4569452.6462688940
420981.5278653065	4569451.9727788977
420980.7886689691	4569451.2992889015
420979.9397051432	4569450.7779159127
420979.0675621021	4569450.2886649389
420978.1954190610	4569449.7994139642
420977.2321551955	4569449.5859584138
420976.2402054159	4569449.4593265271
420975.2482556363	4569449.3326946404
420974.2566384772	4569449.2034966089
420973.2651841817	4569449.0730420956
420972.2822980959	4569449.0230416292
420971.3405561842	4569449.3593780259
420970.3875421087	4569449.5840024585
420969.3975926150	4569449.4425811032
420968.6278917987	4569448.8410033826
420968.2118914142	4569447.9992468124
420967.9003281430	4569447.0849968027
420967.2925694614	4569446.2909530923
420966.4875136240	4569445.6977540543
420965.5930870846	4569445.3510853499
420964.5949185880	4569445.2905902890
420963.5973568392	4569445.2219003318
420962.6011631218	4569445.1347333817
420961.6049694043	4569445.0475664306
420960.6087756868	4569444.9603994805
420959.6125819693	4569444.8732325304
420958.6218843839	4569444.7641839422
420957.7027393538	4569444.3702646438
420956.7835943236	4569443.9763453463
420955.8651649368	4569443.5807997454
420954.9537943374	4569443.1692130221
420954.0424237380	4569442.7576262997
420953.0755457700	4569442.5110738017
420952.1006872632	4569442.2882490009
420951.1134558299	4569442.1510147322
420950.1154032514	4569442.0886364467
420949.1173506729	4569442.0262581604
420948.1192980944	4569441.9638798749
420947.1212455159	4569441.9015015885
420946.1262461919	4569441.8110590167
420945.1381297229	4569441.6573520107
420944.1500132539	4569441.5036450038
420943.1584305257	4569441.3826092184
420942.1600591913	4569441.3255594280
420941.1623687775	4569441.2625746233
420940.1770182716	4569441.0920331897
420939.1916677658	4569440.9214917561
420938.2063172599	4569440.7509503225
420937.2209667540	4569440.5804088889
420936.2356162482	4569440.4098674553
420935.2502657423	4569440.2393260216
420934.2631834778	4569440.0817121938
420933.2676880052	4569439.9869031012
420932.2721925326	4569439.8920940096
420931.2766970599	4569439.7972849170
420930.2853431429	4569439.6875186469
420929.3828621055	4569439.2567890603
420928.4803810680	4569438.8260594737
420927.5779000304	4569438.3953298870
420926.6043576149	4569438.4890347170
420925.6197951072	4569438.6640680516
420924.6352325995	4569438.8391013872
420923.7133374941	4569438.4993639337
420922.7995259458	4569438.0932254670
420921.8551361838	4569437.7648478225
420920.9094495844	4569437.4397680545
420919.9318879870	4569437.4757638415
420918.9438759532	4569437.6301407218
420917.9642582227	4569437.5427711150
420916.9893339897	4569437.3202340612
420916.0144097567	4569437.0976970084
420915.0394855237	4569436.8751599556
420914.0645612907	4569436.6526229028
420913.0896370578	4569436.4300858499
420912.1285309759	4569436.1588106174
420911.1818810699	4569435.8365468187
420910.2352311639	4569435.5142830210
420909.2833902749	4569435.2092684964
420908.3161106505	4569434.9555558078
420907.3488310260	4569434.7018431202
420906.3815514015	4569434.4481304316
420905.4110703083	4569434.2103381241
420904.4209067085	4569434.0704237018
420903.4307431086	4569433.9305092804
420902.4405795087	4569433.7905948581
420901.4504159088	4569433.6506804358
420900.4602523090	4569433.5107660145
420899.4716828893	4569433.3626294015
420898.5009776752	4569433.1223558336
420897.5302724611	4569432.8820822658
420896.5595672471	4569432.6418086980
420895.5888620331	4569432.4015351301
420894.6181568190	4569432.1612615623
420893.6474516049	4569431.9209879944
420892.6767463908	4569431.6807144266
420891.7060411768	4569431.4404408587
420890.7353359628	4569431.2001672909
420889.7646307487	4569430.9598937230
420888.7939255347	4569430.7196201552
420887.8232203206	4569430.4793465873
420886.8525151065	4569430.2390730195
420885.8900082704	4569429.9694393408
420884.9352502071	4569429.6720556822
420883.9804921438	4569429.3746720236
420883.0257340805	4569429.0772883641
420882.0553322635	4569428.8743602261
420881.0556783441	4569428.8480535438
420880.0560244248	4569428.8217468625
420879.0563705054	4569428.7954401802
420878.0567165861	4569428.7691334980
420877.0872056098	4569428.6021506479
420876.1645366360	4569428.2165576443
420875.2418676622	4569427.8309646398
420874.3191986884	4569427.4453716362
420873.3965297146	4569427.0597786317
420872.5274024808	4569426.5722377673
420871.6862240055	4569426.0314801754
420870.8450455301	4569425.4907225845
420869.9400832981	4569425.1671367567
420868.9400832981	4569425.1671367567
420867.9400832981	4569425.1671367567
420866.9400832981	4569425.1671367567
420865.9400832981	4569425.1671367567
420864.9425816037	4569425.1507149292
420863.9878235405	4569424.8533312706
420863.0330654774	4569424.5559476111
420862.0783074142	4569424.2585639516
420861.1235493510	4569423.9611802921
420860.1768609870	4569423.6391590144
420859.2311743876	4569423.3140792456
420858.4485208142	4569422.7279421072
420857.7121023475	4569422.0576816127
420856.8641040434	4569421.5276826723
420855.9690176563	4569421.1139382254
420854.9912152422	4569420.9044091366
420854.0056763030	4569420.7419267111
420853.0122673672	4569420.6273026029
420852.0358744103	4569420.4171944791
420851.0640243048	4569420.1815944528
420850.1547944726	4569419.7908878615
420849.2917800030	4569419.2857086603
420848.4287655333	4569418.7805294599
420847.5021679864	4569418.4744452536
420846.5060953457	4569418.3859054632
420845.5100227050	4569418.2973656729
420844.5433251030	4569418.0756555060
420843.6024376914	4569417.7369360374
420842.8485506053	4569417.1035448192
420842.0900298172	4569416.4549937341
420841.1919887208	4569416.0977004385
420840.2036256913	4569415.9970890544
420839.2373786662	4569416.2235614052
420838.2408329080	4569416.1405159244
420837.2634255665	4569415.9514872041
420836.3007746263	4569415.6807416268
420835.5810828484	4569415.1455604611
420835.0561986833	4569414.5488711009
420834.0914348620	4569414.8119885065
420833.1450052074	4569414.5977134602
420832.2032632957	4569414.2613770636
420831.2615213841	4569413.9250406669
420830.3197794725	4569413.5887042694
420829.3780375609	4569413.2523678727
420828.4362956493	4569412.9160314761
420827.5055149934	4569412.5504794298
420826.5749490417	4569412.1843551211
420825.6443830900	4569411.8182308124
420824.7138171382	4569411.4521065038
420823.8028345537	4569411.0408791136
420822.8999740349	4569410.6109455330
420821.9971135162	4569410.1810119525
420821.0506183604	4569410.2108656829
420820.0791122259	4569410.4376091976
420819.0801436857	4569410.4830168579
420818.1108966463	4569410.2947971486
420817.1551176373	4569410.0007113004
420816.3191889155	4569409.4583810922
420815.4944600638	4569408.8928527366
420814.7144875965	4569408.2848591525
420814.1930375871	4569407.4315773183
420813.3067821648	4569407.3224588064
420812.3096866724	4569407.3456977047
420811.3103718386	4569407.3086860441
420810.3152952519	4569407.2132009016
420809.3210882043	4569407.1057190588
420808.5380630487	4569406.6857221946
420808.0404246577	4569405.8197153565
420807.4781146367	4569404.9927888541
420806.8260372099	4569404.2577067455
420805.9862292304	4569403.7148851985
420805.0800460904	4569403.2919997331
420804.0931594862	4569403.3446117332
420803.1032099926	4569403.4860330904
420802.1144504608	4569403.6354759075
420801.1256688461	4569403.7797372509
420800.1268007084	4569403.7321721017
420799.2516590243	4569403.3279505000
420798.4379255528	4569402.7467123065
420797.8433808696	4569401.9435283421
420797.2028858532	4569401.1763220867
420796.4631630281	4569400.5168521246
420795.6311127345	4569399.9621519279
420794.7546208548	4569399.5005332641
420793.8001408764	4569399.2022582721
420792.8464796933	4569398.9014311330
420791.8966230532	4569398.5887454068
420790.9467664131	4569398.2760596806
420789.9969097731	4569397.9633739544
420789.0470531330	4569397.6506882282
420788.0971964930	4569397.3380025020
420787.1473398530	4569397.0253167758
420786.1974832129	4569396.7126310496
420785.2476265729	4569396.3999453234
420784.2977699328	4569396.0872595971
420783.3479132928	4569395.7745738709
420782.3962786504	4569395.4677691367
420781.4322860323	4569395.2018401381
420780.4682934141	4569394.9359111395
420779.5043007959	4569394.6699821418
420778.5403081778	4569394.4040531432
420777.5763155596	4569394.1381241446
420776.6123229415	4569393.8721951460
420775.6483303234	4569393.6062661484
420774.7712720505	4569393.2028394165
420774.1176521801	4569392.4460164085
420773.3613990958	4569391.8299118187
420772.4410681773	4569391.4387711780
420771.5207372589	4569391.0476305382
420770.5693744850	4569390.7536292216
420769.5927300184	4569390.5387674384
420768.6160855518	4569390.3239056552
420767.6446868358	4569390.2200436145
420766.6926582749	4569390.5260527954
420765.7271077342	4569390.7219725261
420764.7293225763	4569390.6554535152
420763.7315374185	4569390.5889345054
420762.9079812062	4569390.2400311697
420762.3893080731	4569389.3867159477
420761.7135834447	4569388.6495618075
420761.0378588164	4569387.9124076674
420760.3621341881	4569387.1752535272
420759.4836739465	4569386.7136332421
420758.5171790472	4569386.6075952146
420757.5197540439	4569386.6784608625
420756.5230249959	4569386.7592767319
420755.5280880309	4569386.8534745360
420754.5440952704	4569387.0228149891
420753.5447324161	4569386.9871234577
420752.5482451187	4569386.9219342675
420751.5608044868	4569386.7639437653
420750.6903282021	4569386.3367305165
420749.9530241164	4569385.6871356163
420749.6656762308	4569384.7293093307
420748.9551277151	4569384.1005532760
420748.0118829705	4569383.8956487942
420747.0118829705	4569383.8956487933
420746.0599604719	4569384.1401481461
420745.1276630558	4569384.4737593476
420744.1317698494	4569384.3832236007
420743.1358766429	4569384.2926878547
420742.1379633575	4569384.2284932351
420741.1662265805	4569383.9999363683
420740.1977336479	4569383.7508953298
420739.4045670915	4569383.2245968292
420738.7643826923	4569382.4563755495
420738.0447504881	4569381.7717807200
420737.2073066434	4569381.2663287539
420736.2134229088	4569381.1558972280
420735.2177161115	4569381.1173247639
420734.2195112661	4569381.1772170551
420733.2213064207	4569381.2371093454
420732.2234922488	4569381.3021090878
420731.2277910328	4569381.3947324576
420730.2320898169	4569381.4873558274
420729.2812878865	4569381.3769644741
420728.4175089856	4569380.8730934486
420727.5537300848	4569380.3692224231
420726.8113188012	4569379.7161927717
420726.1423540692	4569378.9728986258
420725.2919028318	4569378.4593104292
420724.3881584062	4569378.1291031362
420723.4001463724	4569378.2834800165
420722.4115221038	4569378.4043197399
420721.4185338296	4569378.2861068500
420720.4255455556	4569378.1678939592
420719.4438540237	4569377.9932011925
420718.4817900911	4569377.7203770922
420717.5197261584	4569377.4475529920
420716.5576622258	4569377.1747288927
420715.5955982931	4569376.9019047925
420714.6411616072	4569376.6037408803
420713.6883466299	4569376.3001892064
420712.7355316526	4569375.9966375316
420711.7827166753	4569375.6930858577
420710.8299016980	4569375.3895341828
420709.8770867206	4569375.0859825090
420708.9242717433	4569374.7824308341
420707.9758832330	4569374.4676050544
420707.0710645305	4569374.0418080185
420706.0837015836	4569373.9852756970
420705.0837015836	4569373.9852756970
420704.0837015836	4569373.9852756970
420703.0837015836	4569373.9852756970
420702.1354351298	4569373.6977557503
420701.1981544142	4569373.3491802774
420700.2608736986	4569373.0006048046
420699.3235929830	4569372.6520293318
420698.3863122674	4569372.3034538599
420697.4490315518	4569371.9548783870
420696.5117508362	4569371.6063029142
420695.5744701206	4569371.2577274414
420694.6174315831	4569370.9826607583
420693.6316951576	4569370.8143642945
420692.6459587321	4569370.6460678317
420691.6602223066	4569370.4777713688
420690.6744858811	4569370.3094749060
420689.6887494556	4569370.1411784431
420688.7379999261	4569369.8317730175
420687.7878191947	4569369.5200735182
420686.8376384634	4569369.2083740188
420685.8874577321	4569368.8966745203
420684.9372770007	4569368.5849750210
420683.9870962693	4569368.2732755216
420683.0369155380	4569367.9615760222
420682.0867348066	4569367.6498765238
420681.1365540753	4569367.3381770244
420680.1863733439	4569367.0264775250
420679.2361926126	4569366.7147780266
420678.2860118812	4569366.4030785272
420677.3354943354	4569366.0925674699
420676.3630620162	4569365.8593821684
420675.3906296970	4569365.6261968678
420674.4181973778	4569365.3930115672
420673.4457650585	4569365.1598262666
420672.4733327393	4569364.9266409650
420671.5009004201	4569364.6934556644
420670.5284681009	4569364.4602703638
420669.5560357817	4569364.2270850623
420668.5836034625	4569363.9938997617
420667.6111711433	4569363.7607144611
420666.6387388240	4569363.5275291596
420665.6663065048	4569363.2943438590
420664.6938741856	4569363.0611585584
420663.7507594846	4569362.7309328346
420662.8118831687	4569362.3866781853
420661.8730068528	4569362.0424235361
420660.9341305369	4569361.6981688868
420659.9952542211	4569361.3539142376
420659.0563779052	4569361.0096595883
420658.1175015894	4569360.6654049391
420657.1786252735	4569360.3211502898
420656.2397489577	4569359.9768956406
420655.3008726418	4569359.6326409914
420654.3619963259	4569359.2883863421
420653.4231200101	4569358.9441316938
420652.4759670170	4569358.6252105683
420651.5149414239	4569358.3487511510
420650.5539158308	4569358.0722917337
420649.5928902377	4569357.7958323164
420648.6318646446	4569357.5193728991
420647.6708390514	4569357.2429134818
420646.7098134583	4569356.9664540654
420645.7487878652	4569356.6899946481
420644.7877622720	4569356.4135352308
420643.8267366789	4569356.1370758135
420642.8854729928	4569355.8052590508
420641.9666328929	4569355.4106290080
420641.0477927930	4569355.0159989651
420640.1289526932	4569354.6213689214
420639.2101125933	4569354.2267388785
420638.2912724934	4569353.8321088357
420637.3724323935	4569353.4374787929
420636.4535922936	4569353.0428487500
420635.5347521937	4569352.6482187072
420634.6159120938	4569352.2535886634
420633.6970719939	4569351.8589586206
420632.7574586254	4569351.5262439214
420631.7865388039	4569351.2868390335
420630.8156189824	4569351.0474341465
420629.8446991609	4569350.8080292586
420628.8737793393	4569350.5686243707
420627.8884936372	4569350.4570083953
420626.8886530378	4569350.4748626919
420625.8888124385	4569350.4927169885
420624.8889718391	4569350.5105712852
420623.8952607575	4569350.4106419729
420622.9026743688	4569350.2891007820
420621.9100879802	4569350.1675595911
420620.9449983962	4569349.9240848729
420619.9963150980	4569349.6078571072
420619.0476317997	4569349.2916293414
420618.1249976874	4569348.9063564017
420617.2038514712	4569348.5171396909
420616.2827052551	4569348.1279229792
420615.3615590388	4569347.7387062684
420614.4404128227	4569347.3494895566
420613.4692413121	4569347.1160044707
420612.4937495027	4569346.8959687240
420611.5182576932	4569346.6759329773
420610.5427658838	4569346.4558972316
420609.5672740743	4569346.2358614849
420608.5917822649	4569346.0158257382
420607.6162904555	4569345.7957899915
420606.6407986461	4569345.5757542457
420605.6646013090	4569345.3644138118
420604.6663964635	4569345.4243061030
420603.6681916181	4569345.4841983942
420602.6699867727	4569345.5440906854
420601.7222392509	4569345.2813196843
420600.7899736928	4569344.9195449902
420599.8577081348	4569344.5577702960
420598.9254425768	4569344.1959956018
420597.9961826037	4569343.8274343079
420597.1017554125	4569343.3802207122
420596.2073282213	4569342.9330071174
420595.3118253962	4569342.4879855318
420594.4108237264	4569342.0541699128
420593.5019276056	4569341.6390036494
420592.5632952019	4569341.2940845126
420591.6246627982	4569340.9491653768
420590.6860303945	4569340.6042462401
420589.7473979908	4569340.2593271034
420588.8087655871	4569339.9144079667
420587.8701331834	4569339.5694888309
420586.9315007797	4569339.2245696941
420585.9928683760	4569338.8796505574
420585.0542359723	4569338.5347314207
420584.1156035686	4569338.1898122849
420583.1769711648	4569337.8448931482
420582.2193497214	4569337.5601497460
420581.2527511327	4569337.3038546657
420580.2861525440	4569337.0475595845
420579.3195539553	4569336.7912645042
420578.3529553666	4569336.5349694239
420577.3863567778	4569336.2786743436
420576.4197581891	4569336.0223792633
420575.4531596003	4569335.7660841821
420574.4865610117	4569335.5097891018
420573.5262124647	4569335.2312643081
420572.5676761084	4569334.9462940395
420571.6091397521	4569334.6613237718
420570.6506033958	4569334.3763535032
420569.6920670395	4569334.0913832355
420568.7335306832	4569333.8064129679
420567.7749943269	4569333.5214426992
420566.8164579706	4569333.2364724316
420565.8579216143	4569332.9515021639
420564.8993852580	4569332.6665318953
420563.9548635847	4569332.3393269731
420563.0161153571	4569331.9947231933
420562.0773671295	4569331.6501194136
420561.1386189018	4569331.3055156339
420560.1998706741	4569330.9609118542
420559.2651439635	4569330.6061369656
420558.3445621813	4569330.2155871196
420557.4239803991	4569329.8250372736
420556.4964182601	4569329.4514271850
420555.5679415693	4569329.0800365089
420554.6112520506	4569328.7928270586
420553.6464882293	4569328.5297096530
420552.6965100600	4569328.6006885432
420551.7587612992	4569328.9480028991
420550.8158473410	4569328.8443301376
420549.8703899595	4569328.5185843175
420548.9249325780	4569328.1928384965
420547.9794751965	4569327.8670926755
420547.0340178149	4569327.5413468545
420546.0885604334	4569327.2156010345
420545.1431030519	4569326.8898552135
420544.1976456704	4569326.5641093925
420543.2437805132	4569326.2654248532
420542.2801903611	4569325.9980411986
420541.3166002090	4569325.7306575440
420540.3530100569	4569325.4632738894
420539.3894199048	4569325.1958902348
420538.4258297527	4569324.9285065793
420537.4622396006	4569324.6611229246
420536.4986494485	4569324.3937392700
420535.5350592964	4569324.1263556154
420534.5714691443	4569323.8589719608
420533.6078789922	4569323.5915883062
420532.6442888401	4569323.3242046516
420531.6806986880	4569323.0568209970
420530.7161510536	4569322.7929333942
420529.7507876606	4569322.5320243696
420528.7854242676	4569322.2711153440
420527.8200608745	4569322.0102063194
420526.8546974815	4569321.7492972938
420525.8893340884	4569321.4883882692
420524.9239706954	4569321.2274792437
420523.9697423164	4569320.9473319184
420523.2626355356	4569320.2402251372
420522.5555287548	4569319.5331183551
420521.6498530424	4569319.1877392679
420520.6736659822	4569318.9708088096
420519.6974789221	4569318.7538783522
420518.7212918618	4569318.5369478948
420517.7330800753	4569318.4098090911
420516.7342119376	4569318.3622439420
420515.7353437999	4569318.3146787919
420514.9209904829	4569317.7966163075
420514.1242784985	4569317.2101458153
420513.1713527185	4569316.9069421580
420512.2184269384	4569316.6037385007
420511.2655011583	4569316.3005348435
420510.3125753783	4569315.9973311862
420509.3661411766	4569316.1096899407
420508.4231508430	4569316.4425100591
420507.5515300374	4569316.4606872480
420506.8562558087	4569315.7434056774
420506.2630567702	4569314.9383498402
420505.4654363538	4569314.4205102194
420504.5104982698	4569314.1237051394
420503.5555601857	4569313.8269000594
420502.6006221017	4569313.5300949793
420501.6456840176	4569313.2332898993
420500.6850503446	4569312.9561926760
420499.7190020998	4569312.6978309359
420498.7529538551	4569312.4394691959
420497.7869056104	4569312.1811074549
420496.8208573657	4569311.9227457149
420495.8548091210	4569311.6643839749
420494.8648843816	4569311.6047833627
420493.8651312038	4569311.6270001000
420492.8653780259	4569311.6492168382
420492.2801216191	4569310.9688936621
420491.7040607623	4569310.2177334689
420490.7486305912	4569309.9225162808
420489.7932004199	4569309.6272990927
420488.8377702487	4569309.3320819056
420487.8823400776	4569309.0368647175
420486.9269099063	4569308.7416475294
420485.9714797352	4569308.4464303413
420485.0160495640	4569308.1512131542
420484.0606193927	4569307.8559959661
420483.1051892216	4569307.5607787780
420482.1497590504	4569307.2655615909
420481.1943288791	4569306.9703444028
420480.2388617094	4569306.6752472855
420479.2829751198	4569306.3815113027
420478.3270885303	4569306.0877753189
420477.3712019407	4569305.7940393360
420476.4153153511	4569305.5003033523
420475.4594287615	4569305.2065673694
420474.5035421719	4569304.9128313866
420473.5476555823	4569304.6190954028
420472.5917689928	4569304.3253594199
420471.6358824032	4569304.0316234361
420470.6799958136	4569303.7378874533
420469.7241092241	4569303.4441514695
420468.7682226345	4569303.1504154867
420467.8123360449	4569302.8566795029
420466.8566291961	4569302.5623592464
420465.9009250875	4569302.2680300828
420464.9452209788	4569301.9737009183
420463.9895168702	4569301.6793717546
420463.0338127616	4569301.3850425910
420462.0781086529	4569301.0907134265
420461.1224045443	4569300.7963842629
420460.1667004357	4569300.5020550992
420459.2109963270	4569300.2077259356
420458.2552922184	4569299.9133967711
420457.2995881097	4569299.6190676074
420456.3438840011	4569299.3247384438
420455.3881798925	4569299.0304092793
420454.4324757838	4569298.7360801157
420453.4767716752	4569298.4417509520
420452.5210675666	4569298.1474217875
420451.5653634579	4569297.8530926239
420450.6096593492	4569297.5587634603
420449.6538901296	4569297.2646462517
420448.6977680436	4569296.9716777261
420447.7416459577	4569296.6787092015
420446.7855238717	4569296.3857406760
420445.8294017857	4569296.0927721513
420444.8732796997	4569295.7998036258
420443.9171576138	4569295.5068351012
420442.9610355278	4569295.2138665756
420442.0049134419	4569294.9208980501
420441.0487913559	4569294.6279295254
420440.0926692699	4569294.3349609999
420439.1365471839	4569294.0419924753
420438.1804250980	4569293.7490239497
420437.2243030120	4569293.4560554251
420436.2681809261	4569293.1630868996
420435.3120588401	4569292.8701183740
420434.3559367541	4569292.5771498494
420433.3998146681	4569292.2841813238
420432.4436925822	4569291.9912127992
420431.4875704962	4569291.6982442737
420430.5314484102	4569291.4052757490
420429.5753263242	4569291.1123072235
420428.6192042383	4569290.8193386989
420427.6630821523	4569290.5263701733
420426.7069600664	4569290.2334016478
420425.7508379804	4569289.9404331231
420424.7947158944	4569289.6474645976
420423.8385938084	4569289.3544960730
420422.8824717225	4569289.0615275474
420421.9329193975	4569288.7487771716
420420.9914958047	4569288.4115508096
420420.0500722120	4569288.0743244477
420419.1086486193	4569287.7370980857
420418.1672250266	4569287.3998717237
420417.2503833724	4569287.0019104322
420416.3394291921	4569286.5894028796
420415.4284750117	4569286.1768953269
420414.5169557732	4569285.7658607597
420413.5638315060	4569285.4632816277
420412.6107072389	4569285.1607024949
420411.6575829716	4569284.8581233630
420410.7044587045	4569284.5555442302
420409.7661982983	4569284.2108309260
420408.8341936269	4569283.8483846644
420407.9021889553	4569283.4859384038
420406.9701842838	4569283.1234921422
420406.0381796123	4569282.7610458806
420405.1061749407	4569282.3985996200
420404.1506012793	4569282.1258796155
420403.1607878316	4569281.9835091876
420402.1709743838	4569281.8411387606
420401.1811609360	4569281.6987683326
420400.1913474882	4569281.5563979056
420399.2015340405	4569281.4140274776
420398.2117205927	4569281.2716570506
420397.2219071450	4569281.1292866226
420396.2320936971	4569280.9869161956
420395.2422802494	4569280.8445457676
420394.2538083761	4569280.6932130223
420393.2656919071	4569280.5395060163
420392.2775754381	4569280.3857990103
420391.4176343854	4569279.9027607497
420390.5855840913	4569279.3480605539
420389.7638023481	4569278.7785781985
420388.9535779373	4569278.1924584126
420388.1433535265	4569277.6063386258
420387.3331291157	4569277.0202188389
420386.4233507644	4569276.6330613550
420385.4684939881	4569276.3359948024
420384.5136372117	4569276.0389282499
420383.5309893507	4569275.9247418959
420382.5309893507	4569275.9247418959
420381.5312381478	4569275.9461413398
420380.5315084546	4569275.9693908682
420379.5332555100	4569275.9712913837
420378.5462482401	4569275.8106157817
420377.5592409701	4569275.6499401797
420376.5977465717	4569275.4103015102
420375.7033193804	4569274.9630879145
420374.9104476930	4569274.4126940314
420374.4490949566	4569273.5254772296
420374.0800398630	4569272.6040131981
420373.8510005292	4569271.6305960296
420373.5806421253	4569270.6756758569
420372.9204127718	4569269.9466976868
420372.0427439286	4569269.5087705832
420371.0488601939	4569269.3983390573
420370.0549764592	4569269.2879075315
420369.0557267939	4569269.2743599499
420368.0557267939	4569269.2743599499
420367.0557267939	4569269.2743599489
420366.0557267939	4569269.2743599499
420365.0557267939	4569269.2743599508
420364.0703873680	4569269.1504538599
420363.0980000662	4569268.9170809072
420362.1711164689	4569268.5464964258
420361.2519714388	4569268.1525771273
420360.3133300249	4569267.8171052057
420359.3417638624	4569267.5803369815
420358.3701977000	4569267.3435687572
420357.3986315376	4569267.1068005329
420356.4270653752	4569266.8700323077
420355.4554992129	4569266.6332640834
420354.4839330504	4569266.3964958591
420353.5123668880	4569266.1597276349
420352.7803357821	4569265.6528790845
420352.4292123405	4569264.7165499069
420352.0780888988	4569263.7802207293
420351.5933990243	4569262.9142357996
420351.0161077963	4569262.1028290084
420350.0173554574	4569262.1527666254
420349.1319466033	4569262.5518117398
420348.2943360064	4569263.0980795203
420347.3097174861	4569263.1935655186
420346.4397073506	4569262.8139663944
420345.6323162284	4569262.2239498049
420344.9295997550	4569261.5245855507
420344.2050270726	4569260.8814486088
420343.2686978953	4569260.5303251669
420342.5883218564	4569259.8615845647
420342.0461949866	4569259.0212879162
420341.4981150317	4569258.1849567611
420340.9315862088	4569257.3609148366
420339.9733205539	4569257.0938959084
420338.9832958324	4569257.0167932240
420337.9873378830	4569257.0817176811
420337.0087900623	4569257.0202869233
420336.0455937609	4569256.7514879555
420335.0823974596	4569256.4826889876
420334.1740896941	4569256.0835109316
420333.3086634088	4569255.5824746611
420332.4432371236	4569255.0814383905
420331.4933094061	4569254.8155586692
420330.5116865101	4569254.7066535512
420329.5678281539	4569255.0370039763
420328.7056574522	4569254.7207309948
420328.0540637785	4569253.9954545926
420327.6251526418	4569253.1027568746
420327.3772966475	4569252.1427504234
420326.6990165442	4569251.4079469787
420325.8159221316	4569250.9509241665
420324.9134410940	4569250.5201945798
420324.0109600564	4569250.0894649932
420323.0962352135	4569249.6857816260
420322.1770901836	4569249.2918623276
420321.2854654788	4569248.8494081162
420320.4755233568	4569248.2628983054
420319.6655812348	4569247.6763884937
420318.7921782267	4569247.1907018572
420317.9130711471	4569246.7140775369
420317.0339640675	4569246.2374532167
420316.1548569878	4569245.7608288964
420315.2757499083	4569245.2842045762
420314.3966428287	4569244.8075802568
420313.5380542581	4569244.2954286849
420312.6858830324	4569243.7721656514
420311.8337118067	4569243.2489026180
420310.9815405811	4569242.7256395845
420310.0983132364	4569242.2644399535
420309.1686317360	4569241.8960755849
420308.2389502356	4569241.5277112173
420307.3092687351	4569241.1593468487
420306.3318434278	4569241.0641920753
420305.3323313517	4569241.0954268267
420304.3328192755	4569241.1266615791
420303.3333071994	4569241.1578963315
420302.3354059570	4569241.1297769984
420301.3390593079	4569241.0443758573
420300.3649843261	4569240.8799106525
420299.4705571350	4569240.4326970568
420298.7812205563	4569239.7514188765
420298.2203724109	4569238.9235001858
420297.6707527833	4569238.0885842871
420297.1746138453	4569237.2203411441
420296.5990984691	4569236.4063829649
420295.9699002403	4569235.6291380944
420295.6020158154	4569234.7087511932
420295.7183960717	4569233.7812410397
420296.1257534034	4569232.8679721830
420296.5331107350	4569231.9547033263
420296.9404680667	4569231.0414344696
420297.3478253983	4569230.1281656129
420297.7551827301	4569229.2148967562
420298.1625400617	4569228.3016279005
420298.5698973934	4569227.3883590437
420298.9772547250	4569226.4750901870
420299.3846120567	4569225.5618213303
420299.6271749839	4569224.5990797337
420299.7901825623	4569223.6124549173
420299.9531901407	4569222.6258300999
420300.1161977192	4569221.6392052835
420300.2792052976	4569220.6525804661
420300.4422128761	4569219.6659556488
420300.6052204545	4569218.6793308323
420300.7550115395	4569217.6917126467
420300.7413141945	4569216.6918064598
420300.7276168494	4569215.6919002729
420300.7139195043	4569214.6919940859
420300.7002221593	4569213.6920878990
420300.5535145249	4569212.7236867463
420300.1172410185	4569211.8238726389
420299.6809675120	4569210.9240585314
420299.2446940057	4569210.0242444249
420298.8084204992	4569209.1244303174
420298.2336018862	4569208.3216468263
420297.5371265089	4569207.6040661354
420296.8406511316	4569206.8864854435
420296.0098096098	4569206.4752714979
420295.0101556905	4569206.4489648147
420294.0105017712	4569206.4226581324
420293.1511745257	4569206.9233444249
420292.2969759702	4569207.4432913717
420291.4427774148	4569207.9632383185
420290.8426586027	4569208.6808885084
420290.5485727538	4569209.6366675170
420290.2544869049	4569210.5924465265
420289.9604010560	4569211.5482255351
420289.6663152071	4569212.5040045436
420289.3722293581	4569213.4597835522
420289.0503802825	4569214.4051497644
420288.6434028591	4569215.3185879821
420288.2364254356	4569216.2320261989
420287.8294480122	4569217.1454644166
420287.4224705887	4569218.0589026334
420287.0154931653	4569218.9723408511
420286.6085157418	4569219.8857790679
420286.2060971907	4569220.8008964537
420285.9233305682	4569221.7600851925
420285.6405639457	4569222.7192739313
420285.3577973232	4569223.6784626702
420285.0750307007	4569224.6376514100
420284.7922640782	4569225.5968401488
420284.5094974558	4569226.5560288876
420284.2267308333	4569227.5152176274
420283.9439642108	4569228.4744063662
420283.6611975883	4569229.4335951051
420283.3784309657	4569230.3927838439
420283.0956643432	4569231.3519725837
420282.7985815092	4569232.3065149449
420282.4641716641	4569233.2489426900
420282.1297618188	4569234.1913704351
420281.7953519736	4569235.1337981811
420281.4609421284	4569236.0762259262
420280.5488852607	4569236.4767942466
420279.6297402307	4569236.8707135450
420278.7105952007	4569237.2646328444
420277.7509863164	4569237.4878227329
420276.7528178197	4569237.5483177928
420275.7546493230	4569237.6088128528
420274.7564808264	4569237.6693079127
420273.7599133537	4569237.7457090681
420272.7697115576	4569237.8853529105
420271.7795097614	4569238.0249967538
420270.7893079652	4569238.1646405971
420269.7991061691	4569238.3042844394
420268.8083030565	4569238.4370109821
420267.8088581496	4569238.4703258136
420266.8136113635	4569238.4700202886
420265.8530470991	4569238.1919622123
420264.8924828347	4569237.9139041351
420263.9116686799	4569237.7576994402
420262.9131015305	4569237.7299453625
420261.9161393892	4569237.8078330299
420260.9191772478	4569237.8857206972
420259.9222151065	4569237.9636083646
420258.9252529651	4569238.0414960319
420257.9426341336	4569237.8610491147
420256.9604222185	4569237.6732733082
420255.9782103033	4569237.4854975007
420254.9959983882	4569237.2977216933
420254.0080640541	4569237.1488645170
420253.0133722602	4569237.0459653661
420252.0443369410	4569237.1767908549
420251.0956536430	4569237.4930186206
420250.1381942664	4569237.6585667832
420249.1592138467	4569237.4546125289
420248.2188780477	4569237.1257719742
420247.2958011247	4569236.7411565902
420246.2974795390	4569236.6872955533
420245.2988617097	4569236.6347367195
420244.3002438803	4569236.5821778867
420243.3016260510	4569236.5296190539
420242.3029836608	4569236.4776122160
420241.3036441629	4569236.4412725978
420240.3043046649	4569236.4049329795
420239.3049651670	4569236.3685933622
420238.3053313011	4569236.3484493317
420237.3053313011	4569236.3484493317
420236.3053313011	4569236.3484493317
420235.3053313011	4569236.3484493317
420234.3076490700	4569236.4010874825
420233.3115192199	4569236.4889812926
420232.3464331907	4569236.3916926328
420231.4334244801	4569235.9837525710
420230.5204157694	4569235.5758125093
420229.6061460614	4569235.1720717782
420228.6194401958	4569235.0095555177
420227.6327343302	4569234.8470392572
420226.6460284647	4569234.6845229976
420225.6593225991	4569234.5220067371
420224.6726167336	4569234.3594904765
420223.6836795170	4569234.2123844139
420222.6914016402	4569234.0883496795
420221.6991237635	4569233.9643149441
420220.7068458868	4569233.8402802097
420219.7155115506	4569233.7089960240
420218.7245425968	4569233.5749045154
420217.7335736431	4569233.4408130068
420216.7426046893	4569233.3067214983
420215.7516357355	4569233.1726299897
420214.7606667818	4569233.0385384811
420213.7696978280	4569232.9044469725
420212.7787288743	4569232.7703554640
420211.7877599205	4569232.6362639554
420210.7967909667	4569232.5021724468
420209.8058220129	4569232.3680809382
420208.8148530592	4569232.2339894297
420207.8238841054	4569232.0998979211
420206.8329151516	4569231.9658064125
420205.8419461979	4569231.8317149039
420204.8509772441	4569231.6976233954
420203.8600082904	4569231.5635318868
420202.8690393366	4569231.4294403782
420201.8780703828	4569231.2953488687
420200.8871014291	4569231.1612573601
420199.8932666786	4569231.0511050504
420198.8986482697	4569230.9474989660
420197.9040298608	4569230.8438928816
420196.9094114519	4569230.7402867973
420195.9147930430	4569230.6366807129
420194.9201746341	4569230.5330746295
420193.9255562252	4569230.4294685451
420192.9309378163	4569230.3258624608
420191.9363194074	4569230.2222563764
420190.9417009985	4569230.1186502920
420189.9470825896	4569230.0150442077
420188.9524641807	4569229.9114381233
420187.9583516612	4569229.8034475148
420186.9662732691	4569229.6778271981
420185.9741948769	4569229.5522068823
420184.9821164847	4569229.4265865665
420183.9900380926	4569229.3009662507
420182.9979597004	4569229.1753459349
420182.0058813082	4569229.0497256191
420181.0138029160	4569228.9241053034
420180.0217245238	4569228.7984849866
420179.0296461316	4569228.6728646709
420178.0375677395	4569228.5472443551
420177.0454893473	4569228.4216240393
420176.0534109551	4569228.2960037235
420175.0613325630	4569228.1703834077
420174.0692541708	4569228.0447630910
420173.0771757786	4569227.9191427752
420172.0850973864	4569227.7935224595
420171.0930189942	4569227.6679021437
420170.1009406020	4569227.5422818279
420169.1088622099	4569227.4166615121
420168.1167838177	4569227.2910411963
420167.1302809540	4569227.1274975557
420166.1440269433	4569226.9622612819
420165.1577729325	4569226.7970250081
420164.1715189218	4569226.6317887334
420163.1852649110	4569226.4665524596
420162.1990109002	4569226.3013161859
420161.2127568895	4569226.1360799111
420160.2265028788	4569225.9708436374
420159.2402488680	4569225.8056073636
420158.2539948573	4569225.6403710889
420157.2677408465	4569225.4751348151
420156.2814868358	4569225.3098985404
420155.2918446256	4569225.1716664499
420154.2953401421	4569225.0881271521
420153.2988356586	4569225.0045878543
420152.3023311750	4569224.9210485555
420151.3058266915	4569224.8375092577
420150.3093222080	4569224.7539699599
420149.3128177245	4569224.6704306612
420148.3163132410	4569224.5868913634
420147.3198087574	4569224.5033520656
420146.3233042739	4569224.4198127678
420145.3267997904	4569224.3362734690
420144.3301069607	4569224.2550616572
420143.3331362465	4569224.1772838002
420142.3361655323	4569224.0995059432
420141.3391948181	4569224.0217280863
420140.3422241039	4569223.9439502303
420139.3452533897	4569223.8661723733
420138.3482826755	4569223.7883945163
420137.3513119613	4569223.7106166594
420136.3543412471	4569223.6328388024
420135.3852509713	4569223.4713505497
420134.5407423931	4569222.9358085245
420133.6962338149	4569222.4002664983
420132.8490064118	4569221.8740886226
420131.8631869793	4569221.9836955694
420130.8915635170	4569222.1894210801
420129.8941048172	4569222.1181740295
420128.8966461173	4569222.0469269799
420127.9206022620	4569221.8716528229
420126.9761054659	4569221.5431321962
420126.0177038743	4569221.2585455785
420125.0561799265	4569220.9838244505
420124.0946559788	4569220.7091033235
420123.1215200048	4569220.6552466219
420122.1364895377	4569220.8276269538
420121.1514590707	4569221.0000072867
420120.1733099323	4569220.8456253493
420119.1964099149	4569220.6319284700
420118.2323737525	4569220.3682089318
420117.2735756400	4569220.0841206014
420116.2811921575	4569219.9830829073
420115.2839928476	4569219.9082929594
420114.2902495062	4569219.8065137444
420113.3063795960	4569219.6276283059
420112.3225096860	4569219.4487428674
420111.3386397758	4569219.2698574299
420110.3547698657	4569219.0909719914
420109.3708999556	4569218.9120865539
420108.3870300455	4569218.7332011154
420107.4031601354	4569218.5543156769
420106.4192902253	4569218.3754302394
420105.4354203152	4569218.1965448009
420104.4515504050	4569218.0176593624
420103.4676804949	4569217.8387739249
420102.4838105848	4569217.6598884864
420101.5211864633	4569217.3914565546
420100.5618209617	4569217.1092902310
420099.6024554601	4569216.8271239065
420098.6430899586	4569216.5449575828
420097.6837244570	4569216.2627912583
420096.7243589554	4569215.9806249347
420095.7649934538	4569215.6984586110
420094.8169872324	4569215.3803620599
420093.8697712629	4569215.0597658856
420092.9225552934	4569214.7391697112
420091.9753393239	4569214.4185735369
420091.0055326186	4569214.2856285973
420090.0092920303	4569214.3722582133
420089.0094591396	4569214.3761089770
420088.0094591396	4569214.3761089779
420087.0704259001	4569214.6261328477
420086.1826713684	4569215.0864500115
420085.5985621871	4569215.8145479690
420085.3093189381	4569216.7662199819
420085.1988874121	4569217.7601037174
420085.0685847519	4569218.7513482999
420084.9157620273	4569219.7396019194
420084.7629393028	4569220.7278555380
420084.6101165783	4569221.7161091566
420084.4572938538	4569222.7043627752
420084.3044711292	4569223.6926163938
420084.0995320092	4569224.5831795009
420083.1936005974	4569224.1597550362
420082.2876691856	4569223.7363305716
420081.3817377739	4569223.3129061069
420080.4758063621	4569222.8894816423
420079.5698749503	4569222.4660571776
420078.6639435385	4569222.0426327130
420077.7162952336	4569221.7894303184
420076.7172390752	4569221.7459930945
420075.7181829168	4569221.7025558716
420074.9497403392	4569222.0692311209
420074.4678215896	4569222.9454470295
420073.4898043340	4569222.9950862201
420072.4898908879	4569223.0082429759
420071.4899774418	4569223.0213997317
420070.4900639956	4569223.0345564876
420069.4922157988	4569223.0455725295
420069.4694943935	4569222.0458306940
420069.4467729882	4569221.0460888585
420069.4550825886	4569220.0493072346
420069.6664153813	4569219.0718930699
420069.8777481740	4569218.0944789043
420070.1170052048	4569217.1237370269
420070.3703645966	4569216.1563648032
420070.6237239883	4569215.1889925804
420070.7201163454	4569214.1961862938
420070.7851954827	4569213.1983061880
420070.8502746200	4569212.2004260821
420070.5995840121	4569211.2432870781
420070.1857100205	4569210.3737549260
420069.3230120504	4569209.8680354264
420068.4603140803	4569209.3623159267
420067.5976161103	4569208.8565964270
420066.7349181402	4569208.3508769274
420065.7774820802	4569208.0964166801
420064.7956526102	4569207.9066513209
420063.8138231402	4569207.7168859607
420062.8319936702	4569207.5271206005
420061.8501642002	4569207.3373552402
420060.8683347302	4569207.1475898810
420059.8865052602	4569206.9578245208
420058.9046757902	4569206.7680591606
420057.9093713310	4569206.8177392418
420056.9124500979	4569206.8961487766
420055.9155288650	4569206.9745583124
420054.9186076320	4569207.0529678473
420053.9216863990	4569207.1313773831
420052.9247555498	4569207.2096632961
420051.9277010644	4569207.2863597954
420050.9306465789	4569207.3630562956
420049.9329048819	4569207.3699558815
420048.9345335475	4569207.3129060902
420047.9926277424	4569207.1156477379
420047.2333711403	4569206.4648563638
420046.3709449397	4569206.0659534913
420045.3733146112	4569205.9971514000
420044.3927706954	4569206.1046185987
420043.4269278582	4569206.3637471655
420042.4610850209	4569206.6228757314
420041.4794221742	4569206.5559772579
420040.4930282505	4569206.3915782701
420039.5170786918	4569206.1815737998
420038.5574501479	4569205.9003033647
420037.5978216039	4569205.6190329297
420036.6381930600	4569205.3377624946
420035.6731524961	4569205.0766848121
420034.7014848929	4569204.8403332336
420033.7298172898	4569204.6039816542
420032.7566830369	4569204.3737461930
420031.7834984242	4569204.1437207386
420030.8103138114	4569203.9136952851
420029.8371291986	4569203.6836698307
420028.8639445859	4569203.4536443762
420027.8907599731	4569203.2236189228
420026.9175753604	4569202.9935934683
420025.9443907476	4569202.7635680148
420024.9712061349	4569202.5335425604
420023.9980215221	4569202.3035171069
420023.0248369093	4569202.0734916525
420022.0811204037	4569201.7442933051
420021.1315360055	4569201.4929230763
420020.1423325432	4569201.6394717377
420019.1518981064	4569201.6776806535
420018.1596202296	4569201.5536459191
420017.2402549201	4569201.2687216755
420016.4928456014	4569200.6043578368
420015.5641789613	4569200.3629277470
420014.5676332031	4569200.2798822671
420013.5751533136	4569200.1648568753
420012.5895310587	4569199.9958930602
420011.6047900746	4569199.8227407625
420010.6346475747	4569199.5802051369
420009.6645050748	4569199.3376695113
420008.7001008592	4569199.5565633308
420007.7362897389	4569199.8231493849
420006.7724786186	4569200.0897354390
420005.9466669208	4569199.7022647541
420005.1727096209	4569199.0690269647
420004.2145252177	4569198.8374871090
420003.2296719171	4569198.6640974432
420002.2448186165	4569198.4907077784
420001.2599653158	4569198.3173181126
420000.2751120151	4569198.1439284468
419999.2902587144	4569197.9705387810
419998.3054054138	4569197.7971491152
419997.3205521131	4569197.6237594495
419996.3356988125	4569197.4503697837
419995.3450770434	4569197.3226946518
419994.3480225579	4569197.2459981525
419993.3509680724	4569197.1693016542
419992.3539135868	4569197.0926051559
419991.3569938406	4569197.0142393140
419990.3605455488	4569196.9300324153
419989.3640972569	4569196.8458255166
419988.3676489651	4569196.7616186179
419987.3712006733	4569196.6774117202
419986.3736173833	4569196.6093249768
419985.3752006022	4569196.5530761443
419984.3767838211	4569196.4968273118
419983.3783670400	4569196.4405784793
419982.3799502588	4569196.3843296468
419981.4873698342	4569195.9447655948
419980.6015382988	4569195.4807585999
419979.7157067633	4569195.0167516060
419978.7669261543	4569194.7089170478
419977.7985773527	4569194.5033953730
419976.8004088561	4569194.5638904329
419975.8021246206	4569194.6205626065
419974.8021246206	4569194.6205626065
419973.8109715851	4569194.5947778067
419973.0216193673	4569193.9808371942
419972.7257725270	4569193.1553063756
419972.7627600912	4569192.1620492898
419972.6067975180	4569191.1742863245
419971.9530317459	4569190.4194918862
419971.2090068964	4569190.4844166301
419970.3125443591	4569190.8963863077
419969.3585506424	4569191.1962129055
419968.3943703475	4569191.4424689440
419967.3969116475	4569191.5137159927
419966.4605658308	4569191.3408522280
419965.6143329906	4569190.8080389593
419964.7401820261	4569190.3307623668
419963.8077405610	4569189.9694412984
419962.8752990958	4569189.6081202310
419961.9428576307	4569189.2467991635
419961.0104161656	4569188.8854780952
419960.0779747005	4569188.5241570277
419959.2485692824	4569187.9802581435
419958.4572842815	4569187.3688106416
419957.5743193928	4569186.9269834924
419956.5743193928	4569186.9269834915
419955.6115823736	4569187.1232398581
419954.6811739811	4569187.4897643775
419953.7353120949	4569187.7693982767
419952.7355824018	4569187.7461487483
419951.7358527085	4569187.7228992209
419950.7499462373	4569187.6022710903
419949.7832410095	4569187.3463785304
419948.8245236013	4569187.0686984314
419947.9215010911	4569186.6391051980
419947.0184785809	4569186.2095119646
419946.1154560707	4569185.7799187312
419945.2124335605	4569185.3503254978
419944.3094110503	4569184.9207322653
419943.4063885400	4569184.4911390319
419942.5033660298	4569184.0615457986
419941.6286389434	4569183.5786325922
419940.7111045654	4569183.2757934043
419939.7111045654	4569183.2757934043
419938.7234837571	4569183.3946846714
419937.7449339720	4569183.6006951518
419936.7656909456	4569183.8023845498
419935.7718072110	4569183.9128160747
419934.7779234762	4569184.0232476005
419933.7861270728	4569184.1505508199
419932.9153493792	4569184.0470909504
419932.4334306296	4569183.1708750417
419931.9487273582	4569182.2961983457
419931.4630844271	4569181.4220410697
419930.8344781884	4569180.6516260253
419930.0020291918	4569180.2141225804
419929.0102513252	4569180.0861512413
419928.0392272236	4569180.1621776829
419927.0935406245	4569180.4872574518
419926.1350456251	4569180.7477643490
419925.1368771285	4569180.8082594089
419924.1469145071	4569180.8258326137
419923.2414555713	4569180.4013987379
419922.3359966355	4569179.9769648612
419921.5074495439	4569179.4226690922
419920.7000584217	4569178.8326525027
419919.7875137961	4569178.4571947875
419918.8265412127	4569178.1805511648
419917.8655686293	4569177.9039075421
419916.9045960459	4569177.6272639195
419915.9436234625	4569177.3506202968
419914.9826508791	4569177.0739766741
419914.0216782957	4569176.7973330515
419913.0607057123	4569176.5206894288
419912.0997331289	4569176.2440458061
419911.1122615141	4569176.1158299912
419910.1149277905	4569176.0428543529
419909.1175940669	4569175.9698787155
419908.1202603432	4569175.8969030781
419907.1229266196	4569175.8239274397
419906.1277570832	4569175.8258333933
419905.1363027877	4569175.9562879065
419904.1448484922	4569176.0867424188
419903.2435244632	4569175.7037299126
419902.3557699318	4569175.2434127480
419901.9392450388	4569174.3628993277
419901.4458719025	4569173.5140540795
419900.7378217516	4569172.8545825863
419899.7462213405	4569172.9839217709
419898.7812330627	4569173.2261686698
419897.8362469893	4569173.5532792332
419896.8579527787	4569173.7469621431
419895.8700999821	4569173.9023547173
419894.8822471854	4569174.0577472914
419893.8943943888	4569174.2131398655
419892.9065415922	4569174.3685324406
419891.9186887956	4569174.5239250148
419890.9359802384	4569174.3692108849
419889.9538250465	4569174.1811386142
419888.9716698546	4569173.9930663435
419888.4499909310	4569173.2327038404
419888.0141614961	4569172.3356881458
419887.4772860034	4569171.4920266587
419887.1478077160	4569170.5661346121
419886.9349820578	4569169.5904985359
419886.5044430854	4569168.7857279750
419885.5088088593	4569168.6923872670
419884.5130558617	4569168.6112043327
419883.5157881073	4569168.6850760188
419882.5614997624	4569168.8944353499
419881.6817449510	4569169.3004728826
419880.6909147831	4569169.1653596768
419879.6962726161	4569169.0642108265
419878.7001427661	4569168.9763170164
419877.7040129160	4569168.8884232072
419876.7078830659	4569168.8005293971
419875.7131760479	4569168.6999583617
419874.7223458799	4569168.5648451569
419873.7315157118	4569168.4297319520
419872.7451070753	4569168.4211359872
419871.7661266555	4569168.6250902414
419870.9504296966	4569169.1670092819
419870.1237720075	4569168.9191799387
419869.3185664247	4569168.3347931672
419868.6114596436	4569167.6276863860
419868.1552103778	4569166.8166710194
419867.8230503028	4569165.9405777976
419867.1026735017	4569165.2878404232
419866.1404674558	4569165.0155179575
419865.1782614100	4569164.7431954918
419864.2160553641	4569164.4708730262
419863.2555281270	4569164.1927272473
419862.2960225718	4569163.9110375429
419861.3365170167	4569163.6293478385
419860.3770114614	4569163.3476581341
419859.4175059063	4569163.0659684297
419858.4580003511	4569162.7842787253
419857.4984947959	4569162.5025890209
419856.5405114365	4569162.2159368228
419855.5880872893	4569161.9111610949
419854.6356631422	4569161.6063853679
419853.6832389950	4569161.3016096409
419852.7308148478	4569160.9968339140
419851.7783907007	4569160.6920581860
419850.8259665536	4569160.3872824591
419849.8859771117	4569160.0492489440
419848.9672252792	4569159.6544134459
419848.0484734468	4569159.2595779486
419847.1297216144	4569158.8647424504
419846.2109697820	4569158.4699069522
419845.2922179495	4569158.0750714540
419844.3734661172	4569157.6802359568
419843.4547142847	4569157.2854004586
419842.5359624523	4569156.8905649604
419841.7420063567	4569156.2954588840
419840.9827497546	4569155.6446675099
419840.2234931525	4569154.9938761359
419839.3004038353	4569154.6602498665
419838.3302613351	4569154.4177142419
419837.3612103090	4569154.2221373739
419836.4033840238	4569154.5094852597
419835.4474954488	4569154.7648316743
419834.5313381139	4569154.3640128402
419833.5903942950	4569154.0261368919
419832.6469341552	4569153.6946508968
419831.7040768948	4569153.3614630289
419830.7623349833	4569153.0251266314
419829.8205930718	4569152.6887902338
419828.8788511603	4569152.3524538362
419827.9294882713	4569152.3116268525
419826.9716619858	4569152.5989747373
419826.0220162904	4569152.6136635356
419825.0831399744	4569152.2694088873
419824.2250024866	4569151.7987517063
419823.5178957051	4569151.0916449260
419822.7184398957	4569150.5257412465
419821.7871971161	4569150.1613418981
419820.8559543366	4569149.7969425488
419819.9161097334	4569149.5438031061
419818.9399226732	4569149.7607335644
419818.0429975998	4569150.1401706152
419817.2710673657	4569150.7758778697
419816.2819751544	4569150.8062815499
419815.6297264358	4569150.3660113178
419815.3739015733	4569149.4082086049
419814.6056802940	4569148.7680242043
419813.7849585641	4569148.2036835430
419812.9152726488	4569147.7100780234
419812.0455867335	4569147.2164725037
419811.0801494714	4569147.0486464240
419810.0816891182	4569146.9931764044
419809.0844799422	4569146.9213564070
419808.0892053083	4569146.8242564434
419807.0939306743	4569146.7271564789
419806.1976708786	4569146.3323253952
419805.3424730474	4569145.8140236782
419804.5382662071	4569145.2402609624
419803.8278956680	4569144.6344855381
419802.8379461741	4569144.4930641837
419801.8637864669	4569144.6952323914
419801.0159177383	4569144.4566410668
419800.2661302657	4569143.8101335214
419799.2944626625	4569143.5737819420
419798.3227950594	4569143.3374303626
419797.3474410579	4569143.3690077802
419796.3696386438	4569143.5785368690
419795.3808787014	4569143.7226073500
419794.3881449193	4569143.8429387175
419793.4420736234	4569143.6606738651
419792.5317071458	4569143.2468709210
419791.6213406681	4569142.8330679778
419790.6745128865	4569142.6162254671
419789.6763443899	4569142.6767205279
419788.6962766128	4569142.6250439696
419787.7677999219	4569142.2536532935
419786.8393232309	4569141.8822626173
419785.9059902528	4569141.5690899724
419784.9288138887	4569141.7815196160
419783.9613438453	4569142.0321331006
419783.0013438453	4569142.3121330999
419782.0195727971	4569142.1600325368
419781.0628256389	4569141.9174398053
419780.2628256391	4569141.3174398057
419779.7875322455	4569140.4564900026
419779.3444842032	4569139.5616902681
419778.7038661727	4569138.8605333492
419777.7332507100	4569138.7192201642
419776.7394741124	4569138.7893683296
419775.7502706502	4569138.6428196672
419774.8620181381	4569138.2956700111
419774.1078224314	4569137.6538956249
419773.2273059510	4569137.1813412607
419772.3519039643	4569136.7035634909
419771.4268843980	4569136.3248799834
419770.5312111044	4569135.8814545516
419769.6543986959	4569135.4006219395
419768.7697766167	4569134.9390697982
419767.8055035270	4569134.6741596088
419766.8412304372	4569134.4092494193
419765.8769573475	4569134.1443392299
419764.9126842577	4569133.8794290405
419763.9484111680	4569133.6145188510
419762.9841380783	4569133.3496086616
419762.0411227861	4569133.0173694426
419761.0995541901	4569132.6805481557
419760.1579855941	4569132.3437268697
419759.2164169982	4569132.0069055827
419758.2748484022	4569131.6700842967
419757.3332798062	4569131.3332630098
419756.3917112102	4569130.9964417228
419755.4501426142	4569130.6596204368
419754.4943805246	4569130.3716412522
419753.5189395225	4569130.1513803806
419752.5376570439	4569129.9645047272
419751.5453791672	4569129.8404699927
419750.5531012904	4569129.7164352583
419749.5957757757	4569129.5034731012
419748.7845993971	4569128.9186715251
419747.9734230184	4569128.3338699499
419747.1622466397	4569127.7490683747
419746.2207789728	4569127.4814007385
419745.2327669391	4569127.3270238582
419744.2742117362	4569127.0574174393
419743.3333243245	4569126.7186979707
419742.3496670571	4569126.5491119474
419741.3608679704	4569126.3998592552
419740.3720688837	4569126.2506065629
419739.3796938219	4569126.1342774453
419738.3819086640	4569126.0677584363
419737.4144535788	4569126.1928730486
419736.4869159721	4569126.5375029901
419735.5867567207	4569126.1019420624
419734.6865974692	4569125.6663811337
419733.7313062278	4569125.3828832963
419732.7611637279	4569125.1403476698
419731.7697928722	4569125.0149985254
419730.7762197249	4569124.9018066488
419729.7826465777	4569124.7886147713
419728.7890734305	4569124.6754228938
419727.7955002832	4569124.5622310163
419726.8019271360	4569124.4490391389
419725.8083539888	4569124.3358472623
419724.8147808415	4569124.2226553848
419723.8212076943	4569124.1094635073
419722.8276345470	4569123.9962716298
419721.8361580238	4569123.8668702599
419720.8464833885	4569123.7235380718
419719.8568087532	4569123.5802058829
419718.8671341180	4569123.4368736949
419717.8774594827	4569123.2935415059
419716.8877848474	4569123.1502093179
419715.8981102121	4569123.0068771290
419714.9084355768	4569122.8635449409
419713.9187609415	4569122.7202127520
419712.9290863062	4569122.5768805631
419711.9298244030	4569122.5408062078
419710.9304184037	4569122.5063439319
419709.9310124044	4569122.4718816560
419708.9333752849	4569122.4168458814
419707.9427541557	4569122.2802084833
419706.9802850468	4569122.0526781706
419706.0858578558	4569121.6054645758
419705.1834207090	4569121.1799039524
419704.2132782088	4569120.9373683278
419703.2340299064	4569120.8885061815
419702.2454110691	4569121.0389481783
419701.2567922318	4569121.1893901760
419700.2715570929	4569121.3592543313
419699.2903082724	4569121.5519996351
419698.3090594518	4569121.7447449388
419697.3278106313	4569121.9374902425
419696.3611218098	4569121.7851732066
419695.3995978622	4569121.5104520787
419694.4380739146	4569121.2357309507
419693.5304258703	4569120.8193866108
419692.6294242007	4569120.3855709918
419691.7284225310	4569119.9517553728
419690.8274208613	4569119.5179397538
419689.8643188349	4569119.2498389380
419688.9001134419	4569118.9846824547
419687.9311073936	4569118.8463570345
419686.9496168016	4569119.0378673943
419685.9681262097	4569119.2293777540
419684.9856429471	4569119.4156676270
419684.0023609419	4569119.5977568859
419683.0202262840	4569119.4956271891
419682.0384464333	4569119.3056052830
419681.1484148587	4569118.8800277999
419680.2967565422	4569118.3559303740
419679.3867218277	4569117.9498318965
419678.4236994417	4569117.6847782414
419677.4560821692	4569117.9372001383
419676.4884648967	4569118.1896220343
419675.5208476243	4569118.4420439312
419674.5243260396	4569118.4886028487
419673.5246093658	4569118.5124056265
419672.5931254593	4569118.4005971327
419672.0164422621	4569117.5836292692
419671.2407407676	4569116.9681580421
419670.3221436616	4569116.7221570360
419669.3225515752	4569116.7507168101
419668.3304896587	4569116.7099583112
419667.3603471583	4569116.4674226874
419666.3902046579	4569116.2248870628
419665.4200621576	4569115.9823514391
419664.4354696894	4569115.8124896400
419663.4463381129	4569115.6654565679
419662.4572065363	4569115.5184234958
419661.4680749598	4569115.3713904237
419660.4789433833	4569115.2243573507
419659.5880511318	4569114.7842745529
419658.7101555591	4569114.3054224225
419657.9060931594	4569113.7278942307
419657.1054748949	4569113.2865188615
419656.1113727183	4569113.3949663714
419655.1172705416	4569113.5034138812
419654.1231683649	4569113.6118613910
419653.1286425106	4569113.5684428131
419652.1339507168	4569113.4655436622
419651.2426533014	4569113.0411006846
419650.3470267123	4569112.6189284939
419649.3650202652	4569112.4300811011
419648.3756910850	4569112.2938194936
419647.3794504968	4569112.2071898766
419646.3832099088	4569112.1205602596
419645.4351907097	4569111.8584996946
419644.5346390728	4569111.4237506306
419643.6127870684	4569111.0425790725
419642.6595564310	4569110.7403352112
419641.7063257935	4569110.4380913498
419640.7273290374	4569110.2647618894
419639.7311543135	4569110.1773781413
419638.7349795894	4569110.0899943942
419637.7388048655	4569110.0026106471
419636.7405950504	4569109.9438446444
419635.7420793424	4569109.8893801514
419634.7435636345	4569109.8349156575
419633.7464676638	4569109.7637261478
419632.7530587280	4569109.6491020406
419631.7596497921	4569109.5344779324
419630.7662408562	4569109.4198538242
419629.7728319203	4569109.3052297169
419628.7794229844	4569109.1906056087
419627.7860140486	4569109.0759815006
419626.7922828835	4569108.9642306790
419625.7981614293	4569108.8559600255
419624.8040399752	4569108.7476893719
419623.8099185211	4569108.6394187175
419622.8157970670	4569108.5311480640
419621.8216756128	4569108.4228774104
419620.8275541587	4569108.3146067569
419619.8599281040	4569108.0702499375
419618.8978013775	4569107.7976473654
419617.9356746511	4569107.5250447933
419616.9735479247	4569107.2524422212
419616.0007053080	4569107.0222693859
419615.0245182478	4569106.8053389285
419614.0483311877	4569106.5884084711
419613.0721441275	4569106.3714780128
419612.0959570673	4569106.1545475554
419611.1197700071	4569105.9376170970
419610.1435829469	4569105.7206866397
419609.1673958867	4569105.5037561813
419608.1912088265	4569105.2868257239
419607.2150217663	4569105.0698952656
419606.2388347062	4569104.8529648082
419605.2626476460	4569104.6360343508
419604.2864605858	4569104.4191038925
419603.3102735256	4569104.2021734351
419602.3298667313	4569104.0078731393
419601.3410996821	4569103.8584083533
419600.3523326329	4569103.7089435663
419599.3635655837	4569103.5594787803
419598.3747985345	4569103.4100139933
419597.3860314853	4569103.2605492063
419596.3972644361	4569103.1110844202
419595.4084973869	4569102.9616196332
419594.4197303377	4569102.8121548472
419593.4309632886	4569102.6626900602
419592.4421962393	4569102.5132252732
419591.4534291902	4569102.3637604872
419590.4761114670	4569102.1520424932
419589.4988667824	4569101.9399273675
419588.5216220978	4569101.7278122418
419587.5443774132	4569101.5156971170
419586.5671327285	4569101.3035819912
419585.5898880440	4569101.0914668664
419584.6126433594	4569100.8793517407
419583.6353986748	4569100.6672366150
419582.6570486412	4569100.4603905175
419581.6769480348	4569100.2618891280
419580.6968474284	4569100.0633877395
419579.7167468219	4569099.8648863509
419578.7366462155	4569099.6663849624
419577.7543655111	4569099.4832640486
419576.7577079899	4569099.4015708091
419575.7610504686	4569099.3198775696
419574.7643929474	4569099.2381843310
419573.7723158981	4569099.1305960799
419572.8081105053	4569098.8654395966
419571.8439051124	4569098.6002831133
419570.8796997196	4569098.3351266310
419569.9154943268	4569098.0699701477
419568.9512889339	4569097.8048136644
419567.9870835411	4569097.5396571821
419567.0228781483	4569097.2745006988
419566.0587630964	4569097.0090235388
419565.0979395053	4569096.7318628868
419564.1371159142	4569096.4547022358
419563.1762923230	4569096.1775415838
419562.2154687319	4569095.9003809327
419561.2546451408	4569095.6232202807
419560.2938215497	4569095.3460596297
419559.3329979586	4569095.0688989777
419558.3552956527	4569094.8592670560
419557.3770615275	4569094.6517628478
419556.3988274024	4569094.4442586396
419555.4205932772	4569094.2367544314
419554.4721070293	4569094.3628904643
419553.5460146695	4569094.7401873516
419552.6245744784	4569094.6010516426
419551.7247986026	4569094.1728643291
419550.9132642605	4569093.5885596033
419550.0737582851	4569093.0660957573
419549.0990834170	4569092.8424690561
419548.1244085490	4569092.6188423540
419547.1497336809	4569092.3952156529
419546.1750588128	4569092.1715889517
419545.2003839448	4569091.9479622506
419544.2257090767	4569091.7243355494
419543.2510342087	4569091.5007088473
419542.2763593406	4569091.2770821461
419541.3016844725	4569091.0534554450
419540.3270096045	4569090.8298287438
419539.3523347363	4569090.6062020427
419538.3776598683	4569090.3825753406
419537.4029850003	4569090.1589486394
419536.4283101321	4569089.9353219382
419535.4536352641	4569089.7116952371
419534.4707954639	4569089.5290977657
419533.4847640351	4569089.3625384029
419532.4987326063	4569089.1959790392
419531.5127011775	4569089.0294196764
419530.5266697487	4569088.8628603136
419529.5406383199	4569088.6963009499
419528.5546068911	4569088.5297415871
419527.5685754624	4569088.3631822243
419526.5825440336	4569088.1966228606
419525.5965126048	4569088.0300634978
419524.6112456757	4569087.8590441979
419523.6260339209	4569087.6877030237
419522.6408221661	4569087.5163618494
419521.6556104112	4569087.3450206742
419520.6703986564	4569087.1736794999
419519.6851869016	4569087.0023383247
419518.6999751467	4569086.8309971504
419517.7163332044	4569086.6512863906
419516.7359941974	4569086.4539657598
419515.7556551904	4569086.2566451291
419514.7753161834	4569086.0593244983
419513.7949771764	4569085.8620038675
419512.8146381694	4569085.6646832367
419511.8342991624	4569085.4673626060
419510.8539601554	4569085.2700419752
419509.8736211484	4569085.0727213444
419508.8932821414	4569084.8754007136
419507.9129431345	4569084.6780800819
419506.9326041275	4569084.4807594512
419505.9522651205	4569084.2834388204
419504.9719261135	4569084.0861181896
419503.9915871065	4569083.8887975588
419503.0112480995	4569083.6914769281
419502.0309090925	4569083.4941562973
419501.0505700855	4569083.2968356665
419500.0702310785	4569083.0995150357
419499.0898920715	4569082.9021944040
419498.1095530645	4569082.7048737733
419497.1293510191	4569082.5068750819
419496.1492830420	4569082.3082126547
419495.1692150648	4569082.1095502274
419494.1891470877	4569081.9108877992
419493.2090791105	4569081.7122253720
419492.2290111334	4569081.5135629438
419491.2489431562	4569081.3149005165
419490.2688751791	4569081.1162380883
419489.2888072019	4569080.9175756611
419488.3087392248	4569080.7189132329
419487.3570883525	4569080.4208484367
419486.4201081477	4569080.0714659868
419485.4831279430	4569079.7220835378
419484.5461477383	4569079.3727010880
419483.5813230768	4569079.1286614016
419482.5940819560	4569078.9694289630
419481.6069593232	4569078.9722882416
419480.6199520532	4569079.1329638436
419479.6329447832	4569079.2936394447
419478.7892183934	4569078.9237775253
419478.0442339894	4569078.2604376348
419477.3893034516	4569077.5047485521
419476.7149069972	4569076.7664105352
419475.7816400126	4569076.4619244840
419474.8114975125	4569076.2193888584
419473.8413550123	4569075.9768532338
419472.8712125122	4569075.7343176091
419471.8950833115	4569075.5184053704
419470.9145026359	4569075.3222892350
419469.9339219604	4569075.1261730986
419469.0688416037	4569074.6341087548
419468.1917545945	4569074.1885824585
419467.1930022557	4569074.1386448406
419466.2222225665	4569073.9106620075
419465.2562745150	4569073.6519259224
419464.2903264635	4569073.3931898372
419463.3219946385	4569073.1495633954
419462.3233069750	4569073.0983486436
419461.3246193115	4569073.0471338918
419460.3309267452	4569072.9457090972
419459.3417232828	4569072.7991604367
419458.4972802470	4569072.3093386702
419457.6989233798	4569071.7081707008
419456.7898585570	4569071.2915159902
419455.8738104471	4569070.8913632696
419454.9418057756	4569070.5289170081
419454.0098011042	4569070.1664707465
419453.0361191203	4569069.9534128541
419452.0510886531	4569069.7810325231
419451.0639870735	4569069.6325019039
419450.0639870735	4569069.6325019039
419449.0654819123	4569069.6138461251
419448.0782407916	4569069.4546136856
419447.0909996709	4569069.2953812471
419446.1037585502	4569069.1361488085
419445.1189493867	4569068.9697736194
419444.2396574199	4569068.4934904715
419443.3603654532	4569068.0172073236
419442.4810734865	4569067.5409241756
419441.5577209952	4569067.1811283808
419440.5833297996	4569066.9562688740
419439.6089386040	4569066.7314093662
419438.6345474084	4569066.5065498594
419437.6593143466	4569066.3289620988
419436.6775344962	4569066.5189840067
419435.7019276883	4569066.6712778443
419434.8319055024	4569066.1782652726
419433.9618833166	4569065.6852527009
419433.0168548831	4569065.3725151820
419432.0497513780	4569065.1290511563
419431.0505833249	4569065.0882687867
419430.0514152718	4569065.0474864170
419429.0522472188	4569065.0067040473
419428.0944988933	4569064.7284075888
419427.1405051764	4569064.4285809919
419426.1743815538	4569064.1744524203
419425.1972763627	4569063.9616956441
419424.2201711716	4569063.7489388688
419423.2430659805	4569063.5361820934
419422.2659607894	4569063.3234253181
419421.2888555983	4569063.1106685428
419420.3117504072	4569062.8979117665
419419.3346452161	4569062.6851549912
419418.3554054033	4569062.4833739940
419417.3697831484	4569062.3144101799
419416.3841608936	4569062.1454463648
419415.3985386387	4569061.9764825497
419414.4129163838	4569061.8075187346
419413.4322554499	4569061.6128778690
419412.4546344979	4569061.4025037400
419411.4770135458	4569061.1921296120
419410.4993925938	4569060.9817554830
419409.5217716418	4569060.7713813540
419408.5368283544	4569060.6154358434
419407.5383680012	4569060.5599658238
419406.5399246072	4569060.5043869717
419405.5719277091	4569060.2534248130
419404.6228943984	4569059.9564431608
419403.7591154976	4569059.4525721353
419402.8953365968	4569058.9487011097
419402.0067982998	4569058.4936810536
419401.0897282436	4569058.0949549414
419400.1117615902	4569057.9128338080
419399.1212693170	4569057.7752654366
419398.1329242499	4569057.6238005348
419397.1471030801	4569057.4560011858
419396.1612819104	4569057.2882018378
419395.1928429446	4569057.3026546342
419394.2565137672	4569057.6537780762
419393.3040881973	4569057.5757313585
419392.3537813876	4569057.2775955666
419391.5875898442	4569056.6349833058
419390.8213983007	4569055.9923710441
419389.9659259275	4569055.5386059349
419388.9830537404	4569055.3543174015
419387.9985906199	4569055.2673290903
419387.0102189219	4569055.4193862714
419386.0415852311	4569055.3119958350
419385.0875915140	4569055.0121692391
419384.1785568915	4569054.6381752985
419383.4714501112	4569053.9310685163
419382.6399634673	4569053.4908792069
419381.6437228791	4569053.4042495908
419380.7050022965	4569053.0674201846
419379.7709504616	4569052.7102827178
419378.9012793704	4569052.2323303884
419378.0839403415	4569051.6561733680
419377.2666013125	4569051.0800163485
419376.4492622836	4569050.5038593281
419375.6319232546	4569049.9277023077
419374.6907751036	4569049.7024156945
419373.6928497947	4569049.6380334161
419372.7632538203	4569049.9114061249
419371.8688266296	4569050.3586197216
419370.9103435899	4569050.1589320516
419370.0096044424	4569049.7609571181
419369.1958709717	4569049.1797189238
419368.4240886962	4569048.5565295340
419367.8260036708	4569047.7614384647
419366.9577605289	4569047.2652995260
419366.0394273400	4569046.8954136400
419365.0672037028	4569046.6613598019
419364.0949800656	4569046.4273059629
419363.1227564285	4569046.1932521248
419362.1961987707	4569045.8216586402
419361.2770537407	4569045.4277393417
419360.3579087107	4569045.0338200433
419359.5206300983	4569044.4906330826
419358.6715469993	4569043.9830358168
419357.6866270275	4569043.8101771548
419356.7002331037	4569043.6457781680
419355.7134801877	4569043.4842145154
419354.7172395995	4569043.3975848993
419353.7209990113	4569043.3109552823
419352.7288238087	4569043.2124769520
419351.8892536517	4569042.6692256741
419350.9501649192	4569042.3709660117
419349.9688901298	4569042.1869869856
419348.9899311837	4569042.1526210848
419348.0614544931	4569041.7812304078
419347.3873469622	4569041.0642383927
419346.7177480924	4569040.3233036660
419345.9196629080	4569039.8267596299
419344.9201217289	4569039.7964705033
419343.9276312837	4569039.7239962099
419342.9725671468	4569039.4275969956
419342.0111695826	4569039.1595916990
419341.0206773095	4569039.0220233276
419340.0301850364	4569038.8844549553
419339.0372329464	4569038.7663212605
419338.0437002738	4569038.6527746683
419337.0814993101	4569038.4122131420
419336.1491380011	4569038.0506852884
419335.2167766921	4569037.6891574338
419334.2969219744	4569037.3056815146
419333.5106036357	4569036.6878599627
419332.5477823654	4569036.4449393880
419331.5622130462	4569036.2954101451
419330.5635253826	4569036.2441953942
419329.5648377192	4569036.1929806424
419328.6322855365	4569035.8548580799
419327.7119546180	4569035.4637174401
419326.7914422088	4569035.0730339335
419325.8534477100	4569034.7263837922
419324.9154532111	4569034.3797336519
419323.9774587123	4569034.0330835106
419323.0803004353	4569033.5940421512
419322.1925459040	4569033.1337249866
419321.3510174339	4569032.5950842323
419320.5189671393	4569032.0403840365
419319.5404142157	4569032.1682511820
419318.5540202918	4569032.3326501688
419317.5544798701	4569032.3382031443
419316.5544798701	4569032.3382031433
419315.6982555924	4569031.8760601804
419314.8747479912	4569031.3087549442
419314.0512403901	4569030.7414497081
419313.2059464503	4569030.2126090582
419312.2959265702	4569029.7980444459
419311.3859066901	4569029.3834798336
419310.4758868100	4569028.9689152213
419309.5658669299	4569028.5543506090
419308.6558470498	4569028.1397859966
419307.7458271696	4569027.7252213843
419306.7634960112	4569027.6438158872
419305.7634960112	4569027.6438158872
419304.7637850712	4569027.6287792092
419303.7645238966	4569027.5903460877
419302.7652627219	4569027.5519129662
419301.7660015473	4569027.5134798447
419300.9781461239	4569026.8981278744
419300.2041333819	4569026.2678348199
419299.5599976359	4569025.5029236218
419298.8859771943	4569024.7654451542
419298.0099503197	4569024.3206719840
419297.0698212866	4569023.9855237128
419296.0756768235	4569023.8774645319
419295.0815323605	4569023.7694053510
419294.0882054549	4569023.6562995110
419293.1107912894	4569023.4449667186
419292.1333771240	4569023.2336339261
419291.1436493874	4569023.1145056905
419290.1450315581	4569023.0619468577
419289.1551128003	4569022.9735907922
419288.2437422005	4569022.5620040707
419287.3323716006	4569022.1504173484
419286.5360974985	4569021.5508790147
419285.7241942223	4569020.9792389376
419284.7969523851	4569020.6047758879
419283.8697105479	4569020.2303128392
419282.9424687106	4569019.8558497895
419281.9976942850	4569019.5315987105
419281.0388961723	4569019.2475103801
419280.0800980597	4569018.9634220507
419279.1212999471	4569018.6793337204
419278.1908261488	4569018.3143010372
419277.2640868806	4569017.9385959283
419276.3189698126	4569017.6334621646
419275.3266919359	4569017.5094274292
419274.3344140591	4569017.3853926947
419273.3421361825	4569017.2613579603
419272.3498583058	4569017.1373232249
419271.3588473274	4569017.0080558062
419270.4197244750	4569016.6644742750
419269.4806016227	4569016.3208927447
419268.5540496987	4569015.9502542717
419267.6858065567	4569015.4541153330
419266.8175634147	4569014.9579763943
419265.9493202727	4569014.4618374556
419265.0810771307	4569013.9656985179
419264.1540627270	4569013.6977162436
419263.1541740918	4569013.7126399549
419262.1542854565	4569013.7275636662
419261.1543968214	4569013.7424873775
419260.1593278246	4569013.7293154970
419259.2215790639	4569013.3820011411
419258.3144500259	4569012.9801379172
419257.5295672606	4569012.3604936283
419256.6322715119	4569011.9645587392
419255.6666557534	4569011.7045852654
419254.6723296404	4569011.6265920633
419253.8013221130	4569011.2474967334
419253.0303603615	4569010.6106152860
419252.1499751620	4569010.1711608367
419251.2005602820	4569009.8571789740
419250.2476345017	4569009.5539753167
419249.2633014030	4569009.4530652696
419248.2633014030	4569009.4530652696
419247.3134708013	4569009.6048833616
419246.5103727729	4569010.2007302856
419245.7072747444	4569010.7965772096
419244.7688957604	4569010.8313270472
419243.9133952754	4569010.3315617759
419243.4345431449	4569009.4536662027
419243.0599130480	4569008.5363730993
419242.8382919443	4569007.5612402428
419241.9881394800	4569007.0792863527
419241.0415063772	4569006.7815288603
419240.0631566738	4569006.5745702703
419239.0848069705	4569006.3676116811
419238.1049950767	4569006.1685631918
419237.1173115286	4569006.0120984707
419236.1296279805	4569005.8556337496
419235.1419444324	4569005.6991690295
419234.1542608844	4569005.5427043084
419233.1665773363	4569005.3862395873
419232.1788937882	4569005.2297748672
419231.2030358179	4569005.0189040685
419230.2395179083	4569004.7512602042
419229.2759999987	4569004.4836163409
419228.3124820891	4569004.2159724766
419227.3489641795	4569003.9483286133
419226.3854462698	4569003.6806847490
419225.4219283603	4569003.4130408848
419224.4627601016	4569003.1318311943
419223.5232527449	4569002.7893024711
419222.5837453881	4569002.4467737470
419221.6442380313	4569002.1042450229
419220.7047306745	4569001.7617162997
419219.7652233178	4569001.4191875756
419218.8257159610	4569001.0766588524
419217.8637040399	4569000.8162502814
419216.8808318530	4569000.6319617461
419215.8979596661	4569000.4476732118
419214.9150874791	4569000.2633846765
419213.9322152922	4569000.0790961413
419212.9493431053	4568999.8948076060
419211.9638897301	4568999.7382916417
419210.9638897301	4568999.7382916417
419209.9638897301	4568999.7382916417
419208.9638897301	4568999.7382916408
419207.9638897301	4568999.7382916408
419206.9638897301	4568999.7382916408
419206.0001566452	4568999.4714350961
419205.0364266233	4568999.2045560135
419204.0726966014	4568998.9376769308
419203.1089665796	4568998.6707978472
419202.1337047364	4568998.6757158358
419201.1881980938	4568998.5405513989
419200.2820956099	4568998.1185577894
419199.3981263487	4568997.6526925908
419198.4452005683	4568997.9558962472
419197.4692927531	4568998.1290017739
419196.4701596800	4568998.1706323186
419195.5180061760	4568997.8790199663
419194.5649743186	4568997.5770913111
419193.6008582888	4568997.3116100850
419192.6367422592	4568997.0461288588
419191.6726262294	4568996.7806476336
419190.7085101998	4568996.5151664075
419189.7922633245	4568996.1280924892
419188.9059144763	4568995.6650744341
419188.0195656282	4568995.2020563791
419187.1332167800	4568994.7390383240
419186.2468679318	4568994.2760202689
419185.2913915062	4568994.0205518473
419184.3044238318	4568993.8596332045
419183.3174561573	4568993.6987145618
419182.3304884828	4568993.5377959190
419181.3435208083	4568993.3768772762
419180.3565531339	4568993.2159586335
419179.3693436499	4568993.0565347793
419178.3819791991	4568992.8980688797
419177.3946147483	4568992.7396029802
419176.4072502975	4568992.5811370816
419175.4198858466	4568992.4226711821
419174.4372644378	4568992.2412842456
419173.4680959066	4568991.9948854670
419172.4989273753	4568991.7484866884
419171.5297588441	4568991.5020879097
419170.5516589473	4568991.3332290705
419169.5518511257	4568991.3528331453
419168.5520433040	4568991.3724372201
419167.5522354824	4568991.3920412948
419166.6117822995	4568991.0588769065
419165.6734391828	4568990.7131715473
419164.7350960661	4568990.3674661890
419163.7965345342	4568990.0225399910
419162.8152207845	4568989.8301255303
419161.8339070349	4568989.6377110695
419160.8525932852	4568989.4452966088
419159.8712795355	4568989.2528821481
419158.8899657858	4568989.0604676874
419157.9086520361	4568988.8680532267
419156.9295382239	4568988.6656182967
419155.9578706207	4568988.4292667182
419154.9862030174	4568988.1929151388
419154.0316662737	4568988.3684167387
419153.0829829757	4568988.6846445054
419152.1342996777	4568989.0008722711
419151.1882794743	4568989.2895459300
419150.3177166355	4568988.7974886736
419149.4421624528	4568988.3146188408
419148.5555776069	4568987.8520528330
419147.6052623401	4568987.5861034421
419146.6159032048	4568987.4406094514
419145.6756863921	4568987.1565939225
419144.8158316480	4568986.6460551685
419143.9559769039	4568986.1355164154
419142.9936564142	4568985.8700733911
419142.0262841909	4568985.6167139988
419141.0568949439	4568985.4162012925
419140.0730250340	4568985.5950867319
419139.0859359601	4568985.5556068737
419138.0972204558	4568985.4058014946
419137.1102154740	4568985.2454823889
419136.1250037191	4568985.0741412146
419135.2495750638	4568985.5419691820
419134.3888316297	4568986.0508711953
419133.4993100608	4568986.3966787513
419132.7094596715	4568985.9283083621
419132.2060638031	4568985.0692704264
419131.8346731270	4568984.1407937361
419130.9138813512	4568984.0648855707
419129.9608643598	4568984.2869085632
419129.1148360538	4568984.1493299194
419128.3060999692	4568983.5611582221
419127.3970929574	4568983.1587326201
419126.4616208638	4568982.8053320507
419125.5261487701	4568982.4519314822
419124.5906766764	4568982.0985309137
419123.6552045828	4568981.7451303452
419122.7197324892	4568981.3917297758
419121.7685811396	4568981.0869574854
419120.8028651931	4568980.8273564251
419119.8371492467	4568980.5677553639
419118.8714333003	4568980.3081543026
419117.9057173538	4568980.0485532423
419116.9400014074	4568979.7889521811
419115.9668051920	4568979.5728132771
419114.9698668142	4568979.4946220322
419113.9729284364	4568979.4164307863
419112.9759900586	4568979.3382395413
419111.9785812174	4568979.2663270794
419110.9896324013	4568979.1655563368
419110.1072794601	4568978.6949681016
419109.1803924702	4568978.3201584825
419108.2242397654	4568978.2747142408
419107.2464373515	4568978.4842433305
419106.3446743357	4568978.2040049080
419105.4764311940	4568977.7078659693
419104.5513169142	4568977.3487616405
419103.5869129500	4568977.0843282957
419102.6225089858	4568976.8198949508
419101.6581050216	4568976.5554616060
419100.6948525566	4568976.2869149605
419099.7333286091	4568976.0121938325
419098.7718046615	4568975.7374727046
419097.8102807139	4568975.4627515757
419096.8487567664	4568975.1880304478
419095.8836517535	4568974.9282489447
419094.9020706656	4568974.7372029610
419093.9204895776	4568974.5461569782
419092.9389084896	4568974.3551109945
419091.9573274016	4568974.1640650108
419090.9757463137	4568973.9730190281
419089.9941652257	4568973.7819730444
419089.0125841378	4568973.5909270616
419088.0310030498	4568973.3998810779
419087.0494219619	4568973.2088350942
419086.0864932000	4568972.9582026461
419085.1711781676	4568972.5554640321
419084.2558631352	4568972.1527254181
419083.3405481028	4568971.7499868032
419082.4252330703	4568971.3472481892
419081.5099180379	4568970.9445095751
419080.5376062304	4568970.7155110044
419079.5615961473	4568970.4977856781
419078.5855860643	4568970.2800603518
419077.6095759812	4568970.0623350246
419076.6335658982	4568969.8446096983
419075.6575558151	4568969.6268843720
419074.6815457321	4568969.4091590457
419073.7055356491	4568969.1914337194
419072.7379375118	4568968.9443874210
419071.7949471781	4568968.6115673035
419070.8519568444	4568968.2787471861
419069.9089665107	4568967.9459270686
419068.9659761770	4568967.6131069511
419068.0229858433	4568967.2802868336
419067.0602180877	4568967.0367965149
419066.0648680742	4568966.9404723197
419065.0709487858	4568966.9234529473
419064.0797208852	4568967.0556166666
419063.1751993783	4568966.8951268848
419062.3797641685	4568966.3143739756
419061.4096216685	4568966.0718383500
419060.6194988986	4568965.4851189321
419059.8669222038	4568964.8266143249
419058.9296183693	4568964.6366647128
419057.9301382550	4568964.6044234186
419056.9324189770	4568964.6512633199
419055.9353644914	4568964.7279598182
419054.9422902416	4568964.7516956050
419053.9678990458	4568964.5268360982
419052.9935078500	4568964.3019765923
419052.0191166541	4568964.0771170864
419051.0447254583	4568963.8522575796
419050.0703342625	4568963.6273980737
419049.0720606724	4568963.5834550327
419048.0726978180	4568963.5477635022
419047.0733349637	4568963.5120719718
419046.1018512439	4568963.3598483587
419045.1945406375	4568962.9393873448
419044.2872300311	4568962.5189263318
419043.3468682172	4568962.2483934136
419042.3468682172	4568962.2483934136
419041.3469518338	4568962.2542477697
419040.3473597474	4568962.2828075439
419039.3477676609	4568962.3113673180
419038.3712080988	4568962.1071460620
419037.3965954042	4568961.8832485508
419036.4219827095	4568961.6593510397
419035.4473700148	4568961.4354535295
419034.4727573202	4568961.2115560183
419033.4981446255	4568960.9876585072
419032.5235319308	4568960.7637609961
419031.5489192362	4568960.5398634849
419030.5743065415	4568960.3159659747
419029.5996763453	4568960.0921453033
419028.6242353433	4568959.8718844317
419027.6487943412	4568959.6516235601
419026.6733533391	4568959.4313626885
419025.6979123370	4568959.2111018179
419024.7224713349	4568958.9908409463
419023.7470303328	4568958.7705800747
419022.7901151576	4568958.4822948100
419021.8332444206	4568958.2060043877
419020.8332444206	4568958.2060043877
419019.8332444206	4568958.2060043868
419018.8332444206	4568958.2060043868
419017.8332444206	4568958.2060043858
419016.9029092990	4568957.9108992247
419016.0084821077	4568957.4636856299
419015.0980088552	4568957.0641729990
419014.1151366682	4568956.8798844647
419013.1322644812	4568956.6955959294
419012.1493922943	4568956.5113073951
419011.1496229761	4568956.4916337756
419010.1498078361	4568956.4724065606
419009.1499926961	4568956.4531793464
419008.1572702013	4568956.3524200115
419007.1691537324	4568956.1987130055
419006.1810372634	4568956.0450059986
419005.2050360915	4568955.8320756238
419004.2359389177	4568955.5853963429
419003.2668417438	4568955.3387170620
419002.2977445699	4568955.0920377811
419001.2999551694	4568955.0546360016
419000.3002254762	4568955.0313864741
418999.3064827109	4568954.9717487032
418998.3520027330	4568954.6734737102
418997.3975227552	4568954.3751987163
418996.4157841864	4568954.5315463347
418995.4298927306	4568954.6852139458
418994.4298927306	4568954.6852139458
418993.4298927306	4568954.6852139458
418992.5598959548	4568954.3076436007
418991.7718715813	4568953.6919995584
418990.9838472080	4568953.0763555160
418990.0862209447	4568952.6373444274
418989.1738820802	4568952.2345919944
418988.2037395801	4568951.9920563689
418987.2335970800	4568951.7495207433
418986.2634545800	4568951.5069851177
418985.2735199820	4568951.4252227945
418984.2735199820	4568951.4252227936
418983.2804730048	4568951.3849529140
418982.3383703730	4568951.0496282484
418981.3962677413	4568950.7143035829
418980.4541651095	4568950.3789789174
418979.5104719082	4568950.0497046458
418978.5252601533	4568949.8783634715
418977.5324355405	4568949.7952272194
418976.5324355405	4568949.7952272203
418975.6138726716	4568949.4244463919
418974.7048091154	4568949.0085226875
418973.7346666151	4568948.7659870628
418972.7645241148	4568948.5234514382
418971.7943816145	4568948.2809158135
418970.8099521423	4568948.1279678727
418969.8124934425	4568948.0567208221
418968.8213299969	4568947.9294904750
418967.8329582993	4568947.7774332901
418966.8445866017	4568947.6253761062
418965.8562149040	4568947.4733189223
418964.8684684265	4568947.3173267227
418963.8816407614	4568947.1555516962
418962.8948130962	4568946.9937766697
418961.9079854310	4568946.8320016433
418960.9413236488	4568946.5960096717
418960.0083219905	4568946.2361376034
418959.0753203321	4568945.8762655351
418958.1423186737	4568945.5163934669
418957.2093170154	4568945.1565213986
418956.2538433124	4568944.8732400564
418955.2743083937	4568944.6719657583
418954.2947734751	4568944.4706914593
418953.3152385564	4568944.2694171611
418952.3357036378	4568944.0681428630
418951.3679109175	4568943.8192868475
418950.4071967346	4568943.5417471947
418949.4464825518	4568943.2642075419
418948.4638337103	4568943.1676241430
418947.4646327516	4568943.2075921809
418946.4654317929	4568943.2475602189
418945.4960622622	4568943.1426461097
418944.5939280402	4568942.7111906130
418943.7370016803	4568942.2002357282
418942.8771913167	4568941.7026899969
418941.9267941878	4568941.3916509356
418940.9763970588	4568941.0806118753
418940.0259999298	4568940.7695728149
418939.0735450479	4568940.4649808938
418938.1186882716	4568940.1679143412
418937.1638314952	4568939.8708477886
418936.2355128563	4568939.5094495667
418935.3489280098	4568939.0468835607
418934.3883273584	4568938.8229518104
418933.3955935763	4568938.7026204420
418932.3990091344	4568938.6460574856
418931.3990091344	4568938.6460574856
418930.3990091344	4568938.6460574856
418929.4018698070	4568938.6256321259
418928.4403458595	4568938.3509109979
418927.4722921755	4568938.1154603707
418926.4736045120	4568938.0642456189
418925.4749168484	4568938.0130308680
418924.4760828593	4568937.9648086717
418923.4771627733	4568937.9183472721
418922.4782426873	4568937.8718858715
418921.4944149114	4568937.7022669846
418920.5138342356	4568937.5061508501
418919.5355429208	4568937.3001845255
418918.5689813631	4568937.0437498260
418917.6024198054	4568936.7873151265
418916.6358582477	4568936.5308804270
418915.6691734228	4568936.2749108756
418914.7024681949	4568936.0190183157
418913.7357629669	4568935.7631257558
418912.7690577390	4568935.5072331959
418911.7948972850	4568935.2915068883
418910.8007528220	4568935.1834477074
418909.8066083589	4568935.0753885265
418908.8165511929	4568934.9418327641
418907.8384452639	4568934.7337251203
418906.8603393349	4568934.5256174756
418905.8822334059	4568934.3175098309
418904.9041274769	4568934.1094021872
418903.9260215479	4568933.9012945425
418902.9479156189	4568933.6931868978
418901.9698096899	4568933.4850792540
418900.9917037609	4568933.2769716093
418900.0135978319	4568933.0688639646
418899.0354919029	4568932.8607563209
418898.0573859739	4568932.6526486762
418897.0792800449	4568932.4445410315
418896.0857762874	4568932.4117872687
418895.0863702881	4568932.4462495437
418894.0869642887	4568932.4807118196
418893.0875582893	4568932.5151740946
418892.1082196567	4568932.3215414658
418891.1301832208	4568932.1131074717
418890.1521467849	4568931.9046734767
418889.1741103490	4568931.6962394826
418888.2884721362	4568931.2427761350
418887.4163290951	4568930.7535251612
418886.5441860540	4568930.2642741865
418885.6897088370	4568929.7450629994
418884.8107141393	4568929.3048319947
418883.8147297158	4568929.2153053051
418882.8187452923	4568929.1257786164
418881.8227608688	4568929.0362519268
418880.8267764453	4568928.9467252372
418879.8307920218	4568928.8571985476
418878.8419592543	4568928.7212801399
418877.8652527206	4568928.5067006741
418876.8885461870	4568928.2921212083
418875.9118396534	4568928.0775417425
418874.9351331198	4568927.8629622767
418873.9584265861	4568927.6483828109
418872.9817200525	4568927.4338033451
418872.0050135189	4568927.2192238793
418871.0283069852	4568927.0046444125
418870.0511258158	4568926.7922461154
418869.0735707289	4568926.5815661410
418868.0960156418	4568926.3708861656
418867.1184605549	4568926.1602061903
418866.1409054679	4568925.9495262150
418865.1633503809	4568925.7388462396
418864.1857952940	4568925.5281662652
418863.2082402070	4568925.3174862899
418862.2384234863	4568925.0741501236
418861.2702765749	4568924.8237673007
418860.3021296634	4568924.5733844787
418859.3339827520	4568924.3230016557
418858.3620273295	4568924.0878844382
418857.3897249548	4568923.8541579060
418856.4174225800	4568923.6204313738
418855.4451202051	4568923.3867048416
418854.4728178304	4568923.1529783085
418853.5005154555	4568922.9192517763
418852.5282130807	4568922.6855252441
418851.5369059282	4568922.5566117540
418850.5444406950	4568922.4340851819
418849.5519754617	4568922.3115586098
418848.5595102285	4568922.1890320387
418847.5670449952	4568922.0665054666
418846.5846931207	4568921.8853273280
418845.6085060606	4568921.6683968697
418844.6323190005	4568921.4514664114
418843.6562925257	4568921.2338843774
418842.6910988956	4568920.9723480390
418841.7259052655	4568920.7108117007
418840.7607116353	4568920.4492753623
418839.7955180051	4568920.1877390239
418838.8303243750	4568919.9262026856
418837.8651307448	4568919.6646663472
418836.8999371146	4568919.4031300088
418835.9347434845	4568919.1415936705
418834.9695498544	4568918.8800573321
418834.0043562242	4568918.6185209937
418833.0263620399	4568918.4177884059
418832.0376465357	4568918.2679830277
418831.0489310314	4568918.1181776486
418830.0602155271	4568917.9683722695
418829.0791820444	4568917.7866310943
418828.1304987464	4568917.4704033276
418827.1818154485	4568917.1541755619
418826.2331321505	4568916.8379477952
418825.2844488526	4568916.5217200294
418824.3357655546	4568916.2054922627
418823.3870822566	4568915.8892644970
418822.4383989586	4568915.5730367303
418821.4402306946	4568915.5316988118
418820.4541388596	4568915.4547555009
418819.6138422109	4568914.9126286320
418818.7735455623	4568914.3705017632
418817.8367018203	4568914.0702184597
418816.8540777186	4568913.8846116858
418815.8714536170	4568913.6990049109
418814.8888295153	4568913.5133981360
418813.9062054136	4568913.3277913611
418812.9235813120	4568913.1421845863
418811.9840516168	4568913.3619264960
418811.0599364867	4568913.4747084035
418810.1314597955	4568913.1033177283
418809.3002434803	4568912.5687938491
418808.5157181614	4568911.9613837013
418807.5417101345	4568911.7348702056
418806.5677021076	4568911.5083567100
418805.5936940807	4568911.2818432152
418804.6196860539	4568911.0553297196
418803.6456780270	4568910.8288162239
418802.6755006746	4568910.5874430547
418801.7133739480	4568910.3148404835
418800.7512472215	4568910.0422379114
418799.7891204949	4568909.7696353402
418798.8173213540	4568909.5624383325
418797.8174752120	4568909.5448971717
418796.8176290700	4568909.5273560118
418795.8177829280	4568909.5098148510
418794.8178537844	4568909.5017366000
418793.8178537844	4568909.5017365990
418792.9856775235	4568909.0419049580
418792.2164483946	4568908.4033020241
418791.4057691664	4568907.8178114695
418790.4814600235	4568907.5046293791
418789.4950660997	4568907.3402303914
418788.5107375490	4568907.1640904127
418787.5274555440	4568906.9820011519
418786.5441735390	4568906.7999118920
418785.5621197050	4568906.6122625647
418784.5936267722	4568906.3632215261
418783.6251338394	4568906.1141804866
418782.6740816365	4568905.8073725644
418781.7219127801	4568905.5282065142
418780.7222588607	4568905.5545131965
418779.7226049414	4568905.5808198787
418778.7654751073	4568905.3559506629
418777.8301888499	4568905.0020585656
418776.9014498247	4568904.6347394679
418776.0466623092	4568904.1157613341
418775.1918747938	4568903.5967832003
418774.2107695823	4568903.4247668711
418773.2223978846	4568903.2727096872
418772.2340261869	4568903.1206525033
418771.2456544893	4568902.9685953185
418770.2572827916	4568902.8165381346
418769.2911621853	4568902.5636569243
418768.3305979210	4568902.2855988480
418767.3865402289	4568901.9664693521
418766.5007086934	4568901.5024623573
418765.5464539078	4568901.2439348083
418764.5592865091	4568901.0842459640
418763.5721191103	4568900.9245571205
418762.5849517116	4568900.7648682771
418761.5959651822	4568900.6204492403
418760.5989106968	4568900.5437527401
418759.6018562114	4568900.4670562409
418758.6239495873	4568900.2771235490
418757.6571117650	4568900.0217324272
418756.6902739426	4568899.7663413044
418755.7242855908	4568899.5080369692
418754.7717079478	4568899.2037413334
418753.8191303049	4568898.8994456967
418752.8665526619	4568898.5951500610
418751.9139750190	4568898.2908544252
418750.9649513859	4568897.9767848905
418750.0394044298	4568897.5981520452
418749.1138574736	4568897.2195191989
418748.1861715989	4568896.8490857743
418747.1936082822	4568896.7273563109
418746.2010449655	4568896.6056268476
418745.2084816487	4568896.4838973843
418744.2159183320	4568896.3621679209
418743.2233550152	4568896.2404384576
418742.2307916985	4568896.1187089942
418741.2402311723	4568895.9869181821
418740.2767132623	4568895.7192743197
418739.3131953523	4568895.4516304573
418738.3737087788	4568895.1137430705
418737.4420435230	4568894.7631873731
418736.4428754699	4568894.7224050034
418735.4437074168	4568894.6816226346
418734.4445393637	4568894.6408402650
418733.4634186575	4568894.4547391227
418732.4846280323	4568894.2498759674
418731.5054729427	4568894.0474491864
418730.5095797363	4568893.9569134405
418729.5136865299	4568893.8663776936
418728.5195675701	4568893.7629614519
418727.5362855649	4568893.5808721930
418726.5694540597	4568893.3395597320
418725.6192564524	4568893.0948866885
418724.6242192623	4568893.1943904096
418723.6330766263	4568893.0767029077
418722.6600528501	4568892.8622237258
418721.7064701849	4568892.5610923581
418720.7528875197	4568892.2599609904
418719.8013811920	4568891.9523421144
418718.8501583728	4568891.6438374165
418717.8834600505	4568891.4116054568
418716.8872194625	4568891.3249758398
418715.9144929265	4568891.5160499634
418714.9194557362	4568891.6155536827
418713.9244185460	4568891.7150574010
418712.9293813558	4568891.8145611202
418711.9953132132	4568891.5127763385
418711.0747314312	4568891.1222264916
418710.1196168460	4568890.8600450587
418709.1273389693	4568890.7360103242
418708.1350610926	4568890.6119755898
418707.1427832159	4568890.4879408544
418706.1505053391	4568890.3639061200
418705.1526000608	4568890.3170191608
418704.1528263308	4568890.2957473788
418703.1530526007	4568890.2744755978
418702.1708459292	4568890.1129069896
418701.1966932256	4568889.8870165069
418700.2225405220	4568889.6611260250
418699.2483878183	4568889.4352355422
418698.2728094801	4568889.2180378372
418697.2775348461	4568889.1209378727
418696.2822602121	4568889.0238379091
418695.2869855782	4568888.9267379446
418694.2917109442	4568888.8296379810
418693.2964363103	4568888.7325380174
418692.2980132179	4568888.6890813159
418691.2982131579	4568888.6690853145
418690.2984130980	4568888.6490893131
418689.3233300027	4568888.4929887550
418688.3803396690	4568888.1601686375
418687.4326502558	4568887.8596036192
418686.4338979169	4568887.9095412353
418685.4837510506	4568888.1939956397
418684.5407025473	4568888.5125040989
418683.5418344095	4568888.5600692481
418682.5429662718	4568888.6076343972
418681.5485043050	4568888.5785922036
418680.5616766399	4568888.4168171771
418679.5748489747	4568888.2550421506
418678.5880213095	4568888.0932671232
418677.6169815959	4568887.8710823497
418676.6771881724	4568887.5293392865
418675.7373947489	4568887.1875962242
418674.7976013253	4568886.8458531611
418673.8273667860	4568886.7117457241
418672.8290268443	4568886.7693422586
418671.8306869026	4568886.8269387940
418670.8395077553	4568886.9194864538
418669.8989538559	4568887.2591309184
418668.9583999565	4568887.5987753831
418667.9975795045	4568887.8705402929
418667.0204719142	4568888.0235950155
418666.1024023181	4568887.7794887610
418665.5477021213	4568886.9474384664
418665.0367992178	4568886.1707887724
418664.1797671200	4568886.5283127008
418663.4576248397	4568887.1905623041
418662.5457033345	4568887.6009269822
418661.6110431961	4568887.7577264933
418660.6991216902	4568887.3473618180
418660.0392518839	4568886.6221479131
418659.1555842402	4568886.2070183586
418658.1714475358	4568886.0449235858
418657.1804551054	4568885.9110056898
418656.1886590161	4568885.8850136818
418655.1957821776	4568886.0041589029
418654.2029053392	4568886.1233041231
418653.2090304481	4568886.2229329310
418652.2091790476	4568886.2056941139
418651.2093276470	4568886.1884552967
418650.2094762465	4568886.1712164786
418649.2099610013	4568886.1434298530
418648.2110409152	4568886.0969684534
418647.2121208291	4568886.0505070547
418646.2233667164	4568886.1385121783
418645.2427860407	4568886.3346283138
418644.2622053651	4568886.5307444492
418643.2703785939	4568886.4468630804
418642.2772279897	4568886.3300218321
418641.6992799143	4568885.6741108838
418641.3327553960	4568884.7437024917
418640.7445719581	4568884.1304696109
418639.7448692674	4568884.1060866192
418638.7451665767	4568884.0817036266
418637.7469810164	4568884.0256365109
418636.7495223166	4568883.9543894613
418635.7520636168	4568883.8831424108
418634.7545966252	4568883.8139943974
418633.7566061726	4568883.8773588706
418632.7586157199	4568883.9407233438
418631.7606252673	4568884.0040878169
418630.7626348147	4568884.0674522901
418629.7718790816	4568883.9465641081
418628.7819295880	4568883.8051427519
418627.8277393415	4568883.5289753666
418626.8979327283	4568883.1609269157
418625.9681261151	4568882.7928784657
418625.1343826644	4568882.3122444153
418624.6245802744	4568881.4519528812
418624.0269456512	4568880.7245024424
418623.0357177505	4568880.5923387222
418622.0429162093	4568880.4982591812
418621.0441638704	4568880.5481967982
418620.0454115315	4568880.5981344152
418619.0486581121	4568880.5609898623
418618.0532490830	4568880.4652774567
418617.0578400538	4568880.3695650501
418616.0937728092	4568880.1857918715
418615.2617225153	4568879.6310916748
418614.4051983982	4568879.1155632976
418613.5418264541	4568878.6109952787
418612.6784545099	4568878.1064272597
418611.8150825657	4568877.6018592399
418610.9517106216	4568877.0972912209
418610.0883386774	4568876.5927232020
418609.0991648903	4568876.4660818959
418608.1056322176	4568876.3525353046
418607.1120995450	4568876.2389887124
418606.1185668723	4568876.1254421212
418605.1487866175	4568875.9170276038
418604.2189649543	4568875.5490171770
418603.2891432910	4568875.1810067492
418602.3593216278	4568874.8129963223
418601.4294999645	4568874.4449858945
418600.4996783012	4568874.0769754676
418599.5698566380	4568873.7089650407
418598.5813802505	4568873.6146065425
418597.5824117103	4568873.5691988813
418596.5834431701	4568873.5237912200
418595.5844746299	4568873.4783835588
418594.5855060897	4568873.4329758966
418593.6170266863	4568873.2759840423
418592.7337698224	4568872.8070945963
418591.8505129586	4568872.3382051503
418590.9672560947	4568871.8693157053
418590.0839992308	4568871.4004262593
418589.2007423670	4568870.9315368133
418588.3174855031	4568870.4626473673
418587.4342286393	4568869.9937579213
418586.4948530265	4568869.7041434543
418585.5018902358	4568869.5857167002
418584.5089274451	4568869.4672899451
418583.5159646544	4568869.3488631900
418582.5230018637	4568869.2304364350
418581.5300390730	4568869.1120096799
418580.5370762823	4568868.9935829248
418579.5441134916	4568868.8751561698
418578.5511507009	4568868.7567294147
418577.6342698834	4568868.4923738744
418576.9686550364	4568867.7460784400
418576.3030401894	4568866.9997830046
418575.6374253425	4568866.2534875702
418574.9611797404	4568865.5220606467
418574.0397084838	4568865.1336140959
418573.1182372271	4568864.7451675450
418572.1736760743	4568864.4305215981
418571.1951262893	4568864.2245111177
418570.2165765043	4568864.0185006363
418569.2380267193	4568863.8124901550
418568.2594769343	4568863.6064796746
418567.2736185827	4568863.4706615582
418566.2736185827	4568863.4706615582
418565.2736185827	4568863.4706615582
418564.4076305579	4568863.0280500725
418563.6239885498	4568862.4143012594
418562.9168817681	4568861.7071944783
418562.0734572711	4568861.1892184252
418561.1790300801	4568860.7420048295
418560.2770860020	4568860.3107012687
418559.3636318512	4568859.9037596090
418558.4501777004	4568859.4968179492
418557.5367235496	4568859.0898762904
418556.6232693988	4568858.6829346307
418555.7098152479	4568858.2759929709
418554.7963610971	4568857.8690513112
418553.8829069463	4568857.4621096514
418552.9694527955	4568857.0551679917
418552.0559986446	4568856.6482263319
418551.1425444938	4568856.2412846722
418550.2290903430	4568855.8343430134
418549.3156361922	4568855.4274013536
418548.4021820413	4568855.0204596939
418547.4887278906	4568854.6135180341
418546.5618085345	4568854.2421043357
418545.6080961040	4568853.9413842000
418544.6543836736	4568853.6406640653
418543.7006712431	4568853.3399439296
418542.7469588127	4568853.0392237939
418541.7932463822	4568852.7385036582
418540.8395339517	4568852.4377835225
418539.8858215212	4568852.1370633869
418538.8975767075	4568852.0606925329
418537.8975767075	4568852.0606925329
418536.8975767075	4568852.0606925329
418535.8975767075	4568852.0606925329
418534.8975767075	4568852.0606925329
418533.8975767075	4568852.0606925329
418532.9914007795	4568851.7335471129
418532.1434024756	4568851.2035481725
418531.2954041718	4568850.6735492321
418530.3743329186	4568850.5305421343
418529.3914607317	4568850.7148306686
418528.4016985035	4568850.8063867213
418527.4023836697	4568850.7693750607
418526.5270840301	4568850.3717755023
418525.6834055983	4568849.8564561540
418524.7154087003	4568849.6054939944
418523.7474118021	4568849.3545318358
418522.7794149041	4568849.1035696762
418521.8865450846	4568848.6828021770
418521.0497585460	4568848.1352729183
418520.1550153004	4568847.7075458141
418519.2063320023	4568847.3913180484
418518.2576487043	4568847.0750902826
418517.3089654062	4568846.7588625159
418516.3602821082	4568846.4426347502
418515.4115988101	4568846.1264069844
418514.4380393528	4568846.2924015690
418513.4618522925	4568846.5093320264
418512.5295203230	4568846.3550260151
418511.6307518773	4568845.9166023834
418510.7319834317	4568845.4781787517
418509.8332149860	4568845.0397551190
418508.8657998494	4568844.8447505385
418507.8703947162	4568844.7489976212
418506.8749895832	4568844.6532447049
418505.8795844501	4568844.5574917886
418504.8841793170	4568844.4617388723
418503.8887741839	4568844.3659859560
418502.8933690508	4568844.2702330388
418501.9463440746	4568843.9834711589
418501.0253768242	4568843.5938311666
418500.3168131109	4568842.9104768438
418499.6156799051	4568842.2009659512
418498.8114674208	4568841.6342267347
418497.8486790309	4568841.3639703449
418496.8858906410	4568841.0937139550
418495.9231022511	4568840.8234575652
418494.9480053151	4568840.6223236248
418493.9511071664	4568840.5436211396
418492.9542090178	4568840.4649186544
418491.9633947561	4568840.3313027332
418490.9734452625	4568840.1898813760
418490.2458455857	4568839.6454377137
418489.5892465221	4568838.9391469387
418488.6871122997	4568838.5076914430
418487.7452077819	4568838.1807784950
418486.7844086743	4568837.9035329809
418485.8236095668	4568837.6262874668
418484.8628104593	4568837.3490419528
418483.9020113518	4568837.0717964387
418482.9412122443	4568836.7945509246
418481.9804131368	4568836.5173054114
418481.0196140293	4568836.2400598973
418480.0588149218	4568835.9628143832
418479.0980158142	4568835.6855688691
418478.1372167067	4568835.4083233550
418477.1764175992	4568835.1310778409
418476.2156184917	4568834.8538323268
418475.2536842305	4568834.5819389597
418474.2630631012	4568834.4453015625
418473.2724419720	4568834.3086641654
418472.2818208427	4568834.1720267693
418471.2967733813	4568834.0079661394
418470.3314099880	4568833.7470571147
418469.3660465947	4568833.4861480910
418468.3773954069	4568833.3638870893
418467.3797650785	4568833.2950849980
418466.3821347501	4568833.2262829058
418465.3845044217	4568833.1574808145
418464.4140054090	4568832.9208490429
418463.4455124764	4568832.6718080034
418462.4770195438	4568832.4227669630
418461.5085266112	4568832.1737259235
418460.5368327241	4568831.9391473709
418459.5537026747	4568831.7562394552
418458.5705726252	4568831.5733315386
418457.5813661518	4568831.4483766509
418456.5816785054	4568831.4233844606
418455.5819908590	4568831.3983922694
418454.6188801523	4568831.1589656789
418453.6674356337	4568830.8511453932
418452.8329750558	4568830.3604675699
418452.0825430546	4568829.7344890134
418451.1416556424	4568829.3957695458
418450.1719602718	4568829.1814537039
418449.1779559159	4568829.0721132243
418448.1839515599	4568828.9627727456
418447.1899472040	4568828.8534322670
418446.1959428480	4568828.7440917874
418445.2019384921	4568828.6347513087
418444.2079341361	4568828.5254108291
418443.2110850658	4568828.6009241268
418442.2141869171	4568828.6796266111
418441.2260148634	4568828.6185673019
418440.2466482241	4568828.4164757738
418439.2672815848	4568828.2143842448
418438.2879149455	4568828.0122927167
418437.3085483063	4568827.8102011885
418436.3291816670	4568827.6081096595
418435.3498150276	4568827.4060181314
418434.3704483884	4568827.2039266033
418433.3894119518	4568827.0353035210
418432.3947935429	4568827.1389096053
418431.4001751340	4568827.2425156888
418430.4055567251	4568827.3461217731
418429.4217349143	4568827.5246552415
418428.4981879739	4568827.2831695899
418427.6037607829	4568826.8359559951
418426.7093335920	4568826.3887423994
418425.7467053310	4568826.2131415429
418424.7471078350	4568826.1847717371
418423.7475103389	4568826.1564019322
418422.7479128429	4568826.1280321265
418421.7531294489	4568826.0478334054
418420.7654073775	4568825.8916120576
418419.7776853060	4568825.7353907097
418418.7899632345	4568825.5791693619
418417.8022411631	4568825.4229480140
418416.8145190916	4568825.2667266652
418415.8267970202	4568825.1105053173
418414.8390749487	4568824.9542839695
418413.8513528772	4568824.7980626216
418412.8636308058	4568824.6418412738
418411.8759087343	4568824.4856199259
418410.8881866629	4568824.3293985780
418409.9004645914	4568824.1731772302
418408.9123416352	4568824.0195372412
418407.9237618107	4568823.8688390972
418406.9351819862	4568823.7181409532
418405.9466021616	4568823.5674428092
418404.9580223372	4568823.4167446652
418403.9694425127	4568823.2660465213
418402.9808626882	4568823.1153483773
418401.9922828637	4568822.9646502333
418401.0037030392	4568822.8139520893
418400.0151232147	4568822.6632539453
418399.0265433902	4568822.5125558013
418398.0347548390	4568822.3859067075
418397.0412466343	4568822.2721462259
418396.0477384296	4568822.1583857443
418395.0542302249	4568822.0446252627
418394.0607220202	4568821.9308647811
418393.0672138155	4568821.8171042996
418392.0737056108	4568821.7033438180
418391.0801974061	4568821.5895833354
418390.0870328567	4568821.4733344158
418389.0998786894	4568821.3135637995
418388.1127245220	4568821.1537931832
418387.1255703547	4568820.9940225668
418386.1384161873	4568820.8342519505
418385.1512620200	4568820.6744813332
418384.1641078526	4568820.5147107169
418383.1769536853	4568820.3549401006
418382.1897995179	4568820.1951694842
418381.2026453506	4568820.0353988679
418380.2154911832	4568819.8756282516
418379.2283370159	4568819.7158576353
418378.3121148619	4568819.3515258208
418377.4379575858	4568818.8658828894
418376.5638003098	4568818.3802399579
418375.5741018376	4568818.4285644023
418374.5773727895	4568818.5093802707
418373.6057395247	4568818.7131590657
418372.6243027328	4568818.7436672729
418371.6286685068	4568818.6503265649
418370.6330342807	4568818.5569858560
418369.6374000546	4568818.4636451472
418368.6417658286	4568818.3703044392
418367.6461316025	4568818.2769637303
418366.6787266803	4568818.0677868472
418365.7517798671	4568817.6925940895
418364.8248330541	4568817.3174013309
418363.8698288641	4568817.0441314168
418362.8814571665	4568816.8920742320
418361.8930854688	4568816.7400170481
418360.9398009388	4568817.0019547008
418359.9911176411	4568817.3181824675
418359.0424343432	4568817.6344102342
418358.0937510453	4568817.9506379999
418357.1450677473	4568818.2668657666
418356.1738292894	4568818.3506052596
418355.1820514227	4568818.2226339225
418354.2455562030	4568817.9243321642
418353.3676606306	4568817.4454800328
418352.4756878256	4568816.9935691850
418351.5812606346	4568816.5463555902
418350.6868334434	4568816.0991419945
418349.7895218671	4568815.6586876605
418348.8477799556	4568815.3223512629
418347.9060380441	4568814.9860148663
418346.9618325448	4568814.6571818693
418346.0040062596	4568814.3698339835
418345.0461799744	4568814.0824860977
418344.0883536892	4568813.7951382129
418343.1284638771	4568813.5168466792
418342.1407009118	4568813.3608841058
418341.1529379465	4568813.2049215324
418340.1651749811	4568813.0489589591
418339.1774120158	4568812.8929963857
418338.1896490504	4568812.7370338123
418337.2018860851	4568812.5810712390
418336.2141231197	4568812.4251086647
418335.2263601544	4568812.2691460913
418334.2350493758	4568812.1584008522
418333.2350493758	4568812.1584008522
418332.2398403061	4568812.1844348898
418331.3053525710	4568812.5404302171
418330.3410964603	4568812.5698623732
418329.3576432716	4568812.3886999441
418328.3811252964	4568812.1859253598
418327.4758883523	4568811.7610182231
418326.5706514082	4568811.3361110864
418325.6654144641	4568810.9112039497
418324.7441665973	4568810.5239243396
418323.8103098456	4568810.1662770724
418322.8764530939	4568809.8086298062
418321.9272842974	4568809.5091695134
418320.9383479445	4568809.3608290609
418319.9494115917	4568809.2124886075
418318.9604752388	4568809.0641481550
418317.9715388859	4568808.9158077016
418316.9826025330	4568808.7674672492
418315.9936661801	4568808.6191267967
418315.0047298273	4568808.4707863433
418314.0157934744	4568808.3224458909
418313.0268571215	4568808.1741054375
418312.0379207686	4568808.0257649850
418311.0436358651	4568807.9226783626
418310.0473658986	4568807.8363872627
418309.0510959322	4568807.7500961628
418308.0548259657	4568807.6638050629
418307.0585559992	4568807.5775139639
418306.0622860327	4568807.4912228640
418305.0660160662	4568807.4049317641
418304.0697460997	4568807.3186406652
418303.0734734242	4568807.2323808558
418302.0771969758	4568807.1461646250
418301.0809205275	4568807.0599483941
418300.0846440792	4568806.9737321623
418299.0883676309	4568806.8875159314
418298.0920911826	4568806.8012997005
418297.0958147343	4568806.7150834696
418296.1216810274	4568806.5104848156
418295.1615964024	4568806.2307751216
418294.2015117773	4568805.9510654276
418293.2414271522	4568805.6713557346
418292.2813425272	4568805.3916460406
418291.3212579021	4568805.1119363466
418290.3611732770	4568804.8322266536
418289.4010886520	4568804.5525169596
418288.4410040269	4568804.2728072656
418287.4526946271	4568804.1210787846
418286.4640187780	4568803.9710119143
418285.4753429290	4568803.8209450440
418284.4866670799	4568803.6708781738
418283.4979912309	4568803.5208113035
418282.5093153818	4568803.3707444342
418281.5206395328	4568803.2206775639
418280.5295770512	4568803.0880519198
418279.5369311737	4568802.9669975443
418278.5442852961	4568802.8459431687
418277.5516394186	4568802.7248887932
418276.5589935410	4568802.6038344186
418275.5663476634	4568802.4827800430
418274.5737017859	4568802.3617256675
418273.5810559083	4568802.2406712929
418272.5889026312	4568802.2499550479
418271.5972001245	4568802.3785090763
418270.6054976178	4568802.5070631048
418269.6137951112	4568802.6356171332
418268.6441435393	4568802.3991584005
418267.6751290040	4568802.1521546952
418266.7061144687	4568801.9051509900
418265.7732423008	4568801.5584688578
418264.8711080792	4568801.1270133602
418263.9689738577	4568800.6955578635
418263.0479322687	4568800.3263745252
418262.0582039118	4568800.1834137626
418261.0684755550	4568800.0404530000
418260.0787471981	4568799.8974922374
418259.0890188412	4568799.7545314748
418258.0992904844	4568799.6115707131
418257.1088544968	4568799.4738496384
418256.1166602571	4568799.3491476299
418255.1244660176	4568799.2244456215
418254.1322717779	4568799.0997436130
418253.1400775383	4568798.9750416046
418252.1478832987	4568798.8503395962
418251.1556890591	4568798.7256375877
418250.1634948195	4568798.6009355793
418249.1713005799	4568798.4762335708
418248.1791063403	4568798.3515315624
418247.1869121007	4568798.2268295540
418246.1947178611	4568798.1021275455
418245.2028275005	4568797.9750925750
418244.2117951744	4568797.8414702388
418243.2207628484	4568797.7078479035
418242.2297305222	4568797.5742255673
418241.2386981962	4568797.4406032320
418240.2476658700	4568797.3069808958
418239.2538516974	4568797.2540791761
418238.2559715914	4568797.3191583138
418237.2580914854	4568797.3842374505
418236.2598154975	4568797.4041825775
418235.2639016713	4568797.3450048929
418234.3637424198	4568796.9094439652
418233.4635831684	4568796.4738830375
418232.5020791940	4568796.2176732542
418231.5237294909	4568796.0107146632
418230.5453797878	4568795.8037560722
418229.5670300847	4568795.5967974802
418228.5886803816	4568795.3898388892
418227.6103306785	4568795.1828802982
418226.6319809754	4568794.9759217072
418225.6357629034	4568794.9132512249
418224.6364831628	4568794.8753038934
418223.6372034222	4568794.8373565609
418222.6379236816	4568794.7994092293
418221.6386439409	4568794.7614618978
418220.6534840227	4568794.6077942150
418219.6743979493	4568794.4043477578
418218.6953118759	4568794.2009013006
418217.7162258025	4568793.9974548435
418216.7371397291	4568793.7940083863
418215.7512825309	4568793.6300493153
418214.7603504427	4568793.4956856426
418213.7694183545	4568793.3613219699
418212.7784862663	4568793.2269582963
418211.7875541781	4568793.0925946236
418210.7966220900	4568792.9582309509
418209.8056900018	4568792.8238672772
418208.8147579136	4568792.6895036045
418207.8292052394	4568792.5209775884
418206.8449340324	4568792.3443135256
418205.8597435543	4568792.2413440524
418204.8713718567	4568792.3934012372
418203.9023309651	4568792.3097210834
418202.9519338361	4568791.9986820230
418202.0015367071	4568791.6876429627
418201.0511395781	4568791.3766039023
418200.0654383849	4568791.2524747318
418199.0670670505	4568791.1954249414
418198.0686957161	4568791.1383751500
418197.0703243817	4568791.0813253596
418196.0764322058	4568790.9944295008
418195.1052957836	4568790.7559047649
418194.1341593613	4568790.5173800299
418193.1630229390	4568790.2788552949
418192.1830991113	4568790.1462689787
418191.1859349908	4568790.2215266488
418190.1887708703	4568790.2967843181
418189.1916067499	4568790.3720419873
418188.1983067675	4568790.2767070299
418187.2055729854	4568790.1563756624
418186.2330976079	4568789.9334188169
418185.2691049897	4568789.6674898183
418184.2987290241	4568789.4263587222
418183.3261501324	4568789.1937855082
418182.3535712408	4568788.9612122951
418181.3705740789	4568788.9823738169
418180.3822023812	4568789.1344310008
418179.3930119458	4568789.2790484829
418178.3952267880	4568789.3455674946
418177.4052243353	4568789.3591968101
418176.4688951579	4568789.0080733681
418175.5325659805	4568788.6569499262
418174.5746180265	4568788.4169168444
418173.5749465956	4568788.3912842441
418172.5752751647	4568788.3656516438
418171.5756037338	4568788.3400190435
418170.5759323029	4568788.3143864423
418169.5762608720	4568788.2887538420
418168.5765894411	4568788.2631212417
418167.5769180102	4568788.2374886405
418166.6357324590	4568787.9472546997
418165.7183874478	4568787.5491615813
418164.8010424366	4568787.1510684639
418163.8836974254	4568786.7529753465
418162.8895772321	4568786.6827605264
418161.8908566186	4568786.6321923938
418160.8921360050	4568786.5816242611
418159.8934153914	4568786.5310561284
418158.8946947779	4568786.4804879958
418157.8999577516	4568786.3812449398
418156.9063047833	4568786.2687559240
418155.9126518150	4568786.1562669091
418154.9170413011	4568786.0784716513
418153.9170413011	4568786.0784716513
418152.9170413011	4568786.0784716513
418151.9184222296	4568786.0562908212
418150.9261443529	4568785.9322560867
418149.9338664763	4568785.8082213523
418149.0298000807	4568785.4470886244
418148.1977497865	4568784.8923884276
418147.2260232086	4568784.6908989381
418146.2396292846	4568784.5264999522
418145.2438754268	4568784.4371084385
418144.2473296686	4568784.3540629586
418143.2507839104	4568784.2710174788
418142.3271324223	4568783.9175451100
418141.4238549182	4568783.4884882951
418140.5205774142	4568783.0594314802
418139.5639222876	4568782.7729500569
418138.6009582677	4568782.5033201315
418137.6379942478	4568782.2336902069
418136.6600058593	4568782.0390094100
418135.6675202290	4568781.9166481681
418134.6750345987	4568781.7942869253
418133.6825489684	4568781.6719256835
418132.6900633381	4568781.5495644407
418131.6925171291	4568781.5351508586
418130.6929369444	4568781.5641241968
418129.6933567597	4568781.5930975350
418128.6937765750	4568781.6220708732
418127.7063485652	4568781.5737789879
418126.7639208198	4568781.2393691419
418125.8523347650	4568780.8683905350
418125.3637313957	4568779.9958845191
418124.7880078655	4568779.2216228573
418123.8633297671	4568778.8408730524
418122.9386516687	4568778.4601232465
418121.9597305403	4568778.2853652900
418120.9836159017	4568778.2773390096
418120.0630341199	4568778.6678888565
418119.1424523382	4568779.0584387034
418118.1642436955	4568779.2530069537
418117.1787835797	4568779.4229138708
418116.2485710160	4568779.0680126166
418115.4451882612	4568778.5069121057
418114.7256136557	4568777.8131320132
418113.9730369611	4568777.1546274051
418113.2180556729	4568776.4989239862
418112.4531444745	4568775.8547882400
418111.5539517775	4568775.5475104079
418110.5556774044	4568775.4887883849
418109.5709824953	4568775.5502424268
418108.6109824954	4568775.8302424271
418107.6360656831	4568775.7651548730
418106.6554850072	4568775.5690387385
418105.7882641715	4568775.9283568515
418104.9447445480	4568776.4612282617
418104.0395394202	4568776.8852966083
418103.0395394202	4568776.8852966074
418102.1076307058	4568776.6152191078
418101.3665751852	4568775.9680291377
418100.8881902140	4568775.1216915157
418100.4470497359	4568774.2527539814
418099.8178515074	4568773.4755091108
418098.9328448458	4568773.0827828320
418098.0090851216	4568772.9442378804
418097.2977403202	4568773.6462666122
418096.4745670762	4568774.2130279867
418095.4868041109	4568774.3689905601
418094.5312000275	4568774.1617876189
418093.5862139541	4568773.8346770545
418093.1690934432	4568772.9404580733
418092.7751741449	4568772.0213130433
418092.1002949372	4568771.4574962454
418091.1150831824	4568771.2861550711
418090.1245167586	4568771.1493412219
418089.1464296037	4568771.2138993507
418088.1808138452	4568771.4738728236
418087.2136972970	4568771.3496383205
418086.3233732592	4568770.9849288035
418085.5941330139	4568770.3447837410
418084.6066923820	4568770.1867932407
418083.6357919722	4568770.2498164019
418082.6828661924	4568770.5530200601
418081.6992587462	4568770.7321278155
418080.7406660783	4568770.8104160195
418079.9724447984	4568770.1702316208
418079.1722829260	4568769.5720506813
418078.3500907342	4568769.0028407024
418077.6872954496	4568768.2830692874
418077.1371391845	4568767.4523890447
418076.4300324032	4568766.7452822635
418075.4446892878	4568766.6562948199
418074.4465207912	4568766.5957997590
418073.4794099726	4568766.8095687563
418072.5269350268	4568766.7057409603
418071.5814595332	4568766.3801423488
418070.6379993935	4568766.0486563537
418069.6978870596	4568765.7094924776
418068.8129688375	4568765.2437460441
418067.9280506154	4568764.7779996106
418067.0216768162	4568764.3678149739
418066.0533994925	4568764.1179369548
418065.0851221688	4568763.8680589357
418064.1168448451	4568763.6181809166
418063.1461027494	4568763.3838878945
418062.1479717158	4568763.3227778319
418061.1498406822	4568763.2616677685
418060.1517096486	4568763.2005577050
418059.1589867295	4568763.0820042407
418058.1669888178	4568762.9557499606
418057.1749909061	4568762.8294956814
418056.1820984155	4568762.7626411533
418055.1867484019	4568762.8589653485
418054.2210845339	4568762.8159280270
418053.3513986189	4568762.3223225074
418052.4817127039	4568761.8287169877
418051.5655790139	4568761.4511978151
418050.5954365136	4568761.2086621905
418049.6243106851	4568760.9701746320
418048.6510140716	4568760.7406235440
418047.6777174580	4568760.5110724559
418046.7044208445	4568760.2815213678
418045.7311242309	4568760.0519702798
418044.7578276174	4568759.8224191917
418043.7845310038	4568759.5928681036
418042.8085510541	4568759.3765867585
418041.8225350403	4568759.2099361643
418040.8365190265	4568759.0432855710
418039.8505030126	4568758.8766349768
418038.8644869987	4568758.7099843835
418037.8782759364	4568758.7141964333
418036.8918820124	4568758.8785954202
418035.9054880885	4568759.0429944070
418034.9529633521	4568758.9928885391
418034.0652088200	4568758.5325713763
418033.1536741674	4568758.1298017623
418032.1999349552	4568757.8291665763
418031.2461957430	4568757.5285313902
418030.2924565308	4568757.2278962042
418029.3387173186	4568756.9272610182
418028.3849781064	4568756.6266258322
418027.4280612209	4568756.3512938023
418026.4296008676	4568756.4067638209
418025.4311405143	4568756.4622338396
418024.4326801611	4568756.5177038582
418023.4338735717	4568756.5197882932
418022.4347777310	4568756.4772735760
418021.4356818904	4568756.4347588578
418020.4703187568	4568756.2351496918
418019.5418420654	4568755.8637590166
418018.6129033311	4568755.4936489053
418017.6611947134	4568755.1866461253
418016.7094860957	4568754.8796433453
418015.9362265184	4568755.4378653076
418015.0576395341	4568755.7736257473
418014.0579681032	4568755.7992583476
418013.0582966722	4568755.8248909470
418012.1056254047	4568755.5270719528
418011.1545913357	4568755.2179858815
418010.1936830075	4568754.9560066937
418009.1985807829	4568754.8571554795
418008.2034785582	4568754.7583042653
418007.2083763336	4568754.6594530512
418006.2132741090	4568754.5606018370
418005.2181718844	4568754.4617506228
418004.2230696598	4568754.3628994087
418003.2279674351	4568754.2640481945
418002.2328652105	4568754.1651969803
418001.2377629858	4568754.0663457662
418000.2432538457	4568753.9619928794
417999.2499464654	4568753.8464920204
417998.2566390852	4568753.7309911624
417997.2633317049	4568753.6154903043
417996.2700243246	4568753.4999894463
417995.2767169443	4568753.3844885873
417994.2834095640	4568753.2689877292
417993.2901021837	4568753.1534868712
417992.2967948034	4568753.0379860131
417991.3034874231	4568752.9224851541
417990.3101800428	4568752.8069842961
417989.3168417010	4568752.6917578578
417988.3227700092	4568752.5830312660
417987.3286983175	4568752.4743046751
417986.3346266257	4568752.3655780843
417985.3405549339	4568752.2568514924
417984.3464832421	4568752.1481249016
417983.3524115504	4568752.0393983107
417982.3583398586	4568751.9306717189
417981.3642681669	4568751.8219451280
417980.3693885340	4568751.7210469060
417979.3740645341	4568751.6244542813
417978.3787405341	4568751.5278616566
417977.3834165341	4568751.4312690319
417976.3880925342	4568751.3346764073
417975.3927685343	4568751.2380837826
417974.3974445343	4568751.1414911579
417973.4021205344	4568751.0448985333
417972.4067965344	4568750.9483059086
417971.4114725344	4568750.8517132849
417970.4161485345	4568750.7551206602
417969.4208245345	4568750.6585280355
417968.4255005346	4568750.5619354108
417967.4301765347	4568750.4653427862
417966.4348525347	4568750.3687501615
417965.4403266155	4568750.2657366153
417964.4516417356	4568750.1157292537
417963.4629568557	4568749.9657218931
417962.4742719759	4568749.8157145325
417961.4855870960	4568749.6657071710
417960.4969022162	4568749.5156998103
417959.5082173363	4568749.3656924497
417958.5195324564	4568749.2156850882
417957.5308475766	4568749.0656777276
417956.5421626967	4568748.9156703670
417955.5517518147	4568748.7779599298
417954.5599739481	4568748.6499885917
417953.5681960815	4568748.5220172536
417952.5764182149	4568748.3940459164
417951.5846403483	4568748.2660745783
417950.5928624817	4568748.1381032402
417949.6015984204	4568748.0062825698
417948.6109772911	4568747.8696451727
417947.6203561618	4568747.7330077756
417946.6297350326	4568747.5963703794
417945.6391139033	4568747.4597329823
417944.6484927740	4568747.3230955852
417943.6578716448	4568747.1864581881
417942.6672505155	4568747.0498207910
417941.6766293862	4568746.9131833939
417940.6860082570	4568746.7765459968
417939.6953871277	4568746.6399086006
417938.7047659984	4568746.5032712035
417937.7061428090	4568746.5529844910
417936.7074551455	4568746.6041992418
417935.7083869226	4568746.6190736378
417934.7088457435	4568746.5887845112
417933.7237883594	4568746.4759394797
417932.7736308954	4568746.1641690610
417931.8234734314	4568745.8523986433
417930.8733159673	4568745.5406282255
417929.9231585033	4568745.2288578069
417928.9422882466	4568745.0386529211
417927.9580663841	4568744.8617141591
417926.9738445216	4568744.6847753972
417925.9896226591	4568744.5078366362
417925.0054007966	4568744.3308978742
417924.0211125126	4568744.1544464156
417923.0254398168	4568744.0615169639
417922.0297671211	4568743.9685875122
417921.0340944254	4568743.8756580604
417920.0384217296	4568743.7827286096
417919.0454019949	4568743.7224560753
417918.0777847223	4568743.9748779712
417917.1109205163	4568744.2301549232
417916.1517741137	4568744.1890968764
417915.2004483337	4568743.8819543906
417914.3060211426	4568743.4347407958
417913.3846972694	4568743.0750657767
417912.3909148993	4568742.9813886462
417911.3909148993	4568742.9813886462
417910.4328847056	4568742.7063768338
417909.4543403072	4568742.5054336637
417908.4708341583	4568742.3245589696
417907.4873280094	4568742.1436842754
417906.5038218605	4568741.9628095813
417905.5203157116	4568741.7819348862
417904.5358376562	4568741.6144987280
417903.5365400405	4568741.6519723888
417902.5372424248	4568741.6894460488
417901.5379448090	4568741.7269197097
417900.5386471933	4568741.7643933697
417899.5393495776	4568741.8018670306
417898.5718533964	4568741.5765056880
417897.6103294486	4568741.3017845610
417896.6488055007	4568741.0270634340
417895.6579921497	4568741.1584980348
417894.6669997192	4568741.2924159300
417893.6924979179	4568741.1976585090
417892.7309739703	4568740.9229373820
417891.7694500226	4568740.6482162541
417890.8079260749	4568740.3734951261
417889.8464021273	4568740.0987739982
417888.8630514022	4568740.1710165897
417887.8746797045	4568740.3230737736
417886.8863080067	4568740.4751309576
417885.9752630117	4568740.8054381981
417885.1500745160	4568741.2252451209
417884.1885505679	4568740.9505239949
417883.5516186368	4568740.2311272612
417882.6571843044	4568739.8471128764
417881.7063128731	4568739.5375268282
417880.7554414417	4568739.2279407801
417879.7804400535	4568739.0076766089
417878.8030258878	4568738.7963438174
417877.8156522733	4568738.6782003278
417876.8156522733	4568738.6782003278
417875.8156522733	4568738.6782003278
417874.8156522733	4568738.6782003278
417873.8175712028	4568738.6167346751
417872.8195186244	4568738.5543563887
417871.8246403827	4568738.4541178476
417870.8391757741	4568738.5447320091
417869.9303154646	4568738.2922295481
417869.0597526263	4568737.8001722908
417868.1085558487	4568737.4968196992
417867.1512281379	4568737.2078151079
417866.1939004270	4568736.9188105166
417865.2240340357	4568736.6956545748
417864.2274882774	4568736.6126090959
417863.2309425191	4568736.5295636160
417862.2343967608	4568736.4465181362
417861.2378510026	4568736.3634726573
417860.2413052443	4568736.2804271774
417859.2449141578	4568736.1958792731
417858.2523508410	4568736.0741498098
417857.2597875243	4568735.9524203464
417856.2672242076	4568735.8306908822
417855.2746608908	4568735.7089614188
417854.2820975741	4568735.5872319555
417853.2895342574	4568735.4655024922
417852.2989496450	4568735.3335303105
417851.3324645181	4568735.0768076992
417850.3659793912	4568734.8200850869
417849.3994942643	4568734.5633624755
417848.4330091374	4568734.3066398632
417847.4618484751	4568734.0684582461
417846.4891982440	4568733.8361835638
417845.5165480129	4568733.6039088815
417844.5438977818	4568733.3716341993
417843.5728358478	4568733.2697807429
417842.6061306199	4568733.5256733028
417841.6394253921	4568733.7815658636
417840.6737813303	4568734.0414333194
417839.7053399730	4568734.1996068144
417838.7267901881	4568733.9935963331
417838.0530869032	4568733.2669756096
417837.2962958081	4568732.6264650011
417836.3989650171	4568732.6388270427
417835.4533447481	4568732.6575342668
417834.4950784634	4568732.3720917283
417833.5327040117	4568732.1004892904
417832.5748777268	4568731.8131414037
417831.7179712646	4568731.3084329525
417830.8726471287	4568730.7838750463
417829.8781416758	4568730.6791902613
417828.8836362229	4568730.5745054772
417827.9037629714	4568730.6676249010
417826.9354856478	4568730.9175029201
417825.9605929430	4568730.9617905561
417824.9782543766	4568730.7746784482
417823.9959158103	4568730.5875663403
417823.0490374064	4568730.2779436996
417822.1186290136	4568729.9114191812
417821.2218595209	4568729.4794498226
417820.3742649695	4568728.9621419739
417819.3745935386	4568728.9365093727
417818.3749221077	4568728.9108767705
417817.3804221446	4568728.8248872655
417816.3909610804	4568728.6800880861
417815.4015000161	4568728.5352889067
417814.4437243718	4568728.2559458697
417813.4936325648	4568727.9439754253
417812.5435407578	4568727.6320049809
417811.5934489507	4568727.3200345365
417810.6462055604	4568726.9999606945
417809.7098763826	4568726.6488372535
417808.7735472049	4568726.2977138124
417807.7777200924	4568726.2329195440
417806.7853787059	4568726.3563071731
417805.7879200061	4568726.4275542237
417804.7904613062	4568726.4988012733
417803.8160487051	4568726.4410300525
417802.9049407824	4568726.0288621821
417801.9938328598	4568725.6166943125
417801.0742704626	4568725.2256107116
417800.1308103229	4568724.8941247165
417799.1873501832	4568724.5626387214
417798.2066387887	4568724.4044855805
417797.2102921396	4568724.3190844385
417796.2125762779	4568724.2581484532
417795.2129223586	4568724.2318417700
417794.2132684393	4568724.2055350868
417793.2456950156	4568723.9597462248
417792.2803316225	4568723.6988372002
417791.3194648978	4568723.4224331137
417790.3644007608	4568723.1260338984
417789.3976795381	4568722.8754484393
417788.4153122204	4568722.6911170855
417787.4206661153	4568722.5877772300
417786.4260200102	4568722.4844373753
417785.4313739051	4568722.3810975198
417784.4367278000	4568722.2777576651
417783.4429396306	4568722.1684033265
417782.4590697205	4568721.9895178881
417781.4751998104	4568721.8106324496
417780.4913299004	4568721.6317470111
417779.5074599902	4568721.4528615735
417778.5235900802	4568721.2739761351
417777.5354044987	4568721.1207663370
417776.5471169613	4568720.9681631140
417775.5588294240	4568720.8155598920
417774.5705418866	4568720.6629566690
417773.5822543493	4568720.5103534460
417772.5939668120	4568720.3577502239
417771.6056792746	4568720.2051470010
417770.6173917373	4568720.0525437789
417769.6291205196	4568719.8998419009
417768.6443369609	4568719.7260565665
417767.6595534021	4568719.5522712329
417766.6747698434	4568719.3784858985
417765.6899862846	4568719.2047005640
417764.7052027258	4568719.0309152296
417763.7204191670	4568718.8571298961
417762.7319895757	4568718.7175100949
417761.7327098351	4568718.6795627624
417760.7334300945	4568718.6416154308
417759.7341503538	4568718.6036680993
417758.7348706132	4568718.5657207677
417757.7362631103	4568718.5194780920
417756.7439123582	4568718.3960277587
417755.7515616060	4568718.2725774264
417754.7592108538	4568718.1491270941
417753.7668601016	4568718.0256767608
417752.7745093495	4568717.9022264285
417751.7821585973	4568717.7787760952
417750.7898078451	4568717.6553257629
417749.7974570929	4568717.5318754297
417748.8051063408	4568717.4084250974
417747.8127555886	4568717.2849747641
417746.8204048364	4568717.1615244318
417745.8280540842	4568717.0380740985
417744.8357033321	4568716.9146237662
417743.8407168065	4568716.8255225793
417742.8411490520	4568716.7961235279
417741.8415812975	4568716.7667244757
417740.8420135431	4568716.7373254243
417739.8424457886	4568716.7079263730
417738.8428780341	4568716.6785273217
417737.8433102797	4568716.6491282694
417736.8437425252	4568716.6197292181
417735.8441747708	4568716.5903301667
417734.8480720882	4568716.5152728269
417733.8555157139	4568716.3934867680
417732.8629593397	4568716.2717007101
417731.8704029655	4568716.1499146521
417730.8778465913	4568716.0281285942
417729.8852902170	4568715.9063425362
417728.8927338427	4568715.7845564773
417727.9001774685	4568715.6627704194
417726.9076210943	4568715.5409843614
417725.9150647201	4568715.4191983035
417724.9225083458	4568715.2974122455
417723.9292810612	4568715.1812621746
417722.9358721253	4568715.0666380664
417721.9424631895	4568714.9520139582
417720.9490542536	4568714.8373898501
417719.9556453178	4568714.7227657419
417718.9622363819	4568714.6081416337
417717.9688274460	4568714.4935175255
417716.9754185102	4568714.3788934182
417715.9823316327	4568714.2616017703
417714.9901870525	4568714.1365052797
417713.9980424723	4568714.0114087891
417713.0058978921	4568713.8863122985
417712.0137533119	4568713.7612158079
417711.0216087317	4568713.6361193173
417710.0294641515	4568713.5110228257
417709.0373195713	4568713.3859263351
417708.0451749911	4568713.2608298445
417707.0530304109	4568713.1357333539
417706.0608858307	4568713.0106368633
417705.0687412505	4568712.8855403727
417704.0765966703	4568712.7604438821
417703.0844520901	4568712.6353473915
417702.0923075099	4568712.5102509009
417701.0999698708	4568712.3867602348
417700.1064465925	4568712.2731314730
417699.1129233142	4568712.1595027111
417698.1194000360	4568712.0458739493
417697.1258767577	4568711.9322451865
417696.1323534795	4568711.8186164247
417695.1388302012	4568711.7049876628
417694.1453069229	4568711.5913589010
417693.1517836447	4568711.4777301392
417692.1582603664	4568711.3641013773
417691.1647370881	4568711.2504726155
417690.1712138098	4568711.1368438536
417689.1776905316	4568711.0232150918
417688.1841672533	4568710.9095863299
417687.1906439751	4568710.7959575672
417686.1971206968	4568710.6823288053
417685.2035974185	4568710.5687000435
417684.2100741402	4568710.4550712816
417683.2165508620	4568710.3414425198
417682.2230275837	4568710.2278137580
417681.2295043054	4568710.1141849961
417680.2359810272	4568710.0005562343
417679.2424577489	4568709.8869274724
417678.2439995090	4568709.8598785577
417677.2439995090	4568709.8598785577
417676.2439995090	4568709.8598785577
417675.2453370206	4568709.8884746982
417674.2497027946	4568709.9818154071
417673.2538021084	4568710.0388859687
417672.2569039598	4568709.9601834826
417671.2600058111	4568709.8814809974
417670.2689407698	4568709.7518777195
417669.2800825454	4568709.6030173413
417668.2912243210	4568709.4541569641
417667.3023660967	4568709.3052965859
417666.3135078723	4568709.1564362086
417665.3246496479	4568709.0075758304
417664.3625039688	4568708.7509804461
417663.4067829292	4568708.4864420351
417662.4069828692	4568708.4664460346
417661.4071828092	4568708.4464500332
417660.4073827493	4568708.4264540318
417659.4449120686	4568708.1609348562
417658.4843478044	4568707.8828767790
417657.5123735697	4568707.6591061410
417656.5211456690	4568707.5269424208
417655.5299177683	4568707.3947787015
417654.5386898677	4568707.2626149813
417653.5474619670	4568707.1304512611
417652.5531051033	4568707.0311482111
417651.5547471130	4568706.9738653759
417650.5563891227	4568706.9165825397
417649.5580311324	4568706.8592997044
417648.5596731421	4568706.8020168692
417647.5613151518	4568706.7447340339
417646.5629571615	4568706.6874511987
417645.5645991712	4568706.6301683635
417644.5657377694	4568706.5839176578
417643.5663118222	4568706.5500388127
417642.5668858751	4568706.5161599666
417641.5674599280	4568706.4822811214
417640.5680339808	4568706.4484022753
417639.5686080337	4568706.4145234302
417638.5691820865	4568706.3806445841
417637.5697561394	4568706.3467657389
417636.5703301922	4568706.3128868937
417635.5709042451	4568706.2790080477
417634.5714782980	4568706.2451292025
417633.5720523508	4568706.2112503564
417632.5740135650	4568706.2682022192
417631.5760882561	4568706.3325844985
417630.6972774939	4568705.8886643583
417629.8318512086	4568705.3876280868
417628.9631402006	4568704.8941354640
417628.0067886296	4568704.6019169288
417627.0504370586	4568704.3096983926
417626.0688222741	4568704.1751179341
417625.0690485441	4568704.1538461531
417624.0692748141	4568704.1325743711
417623.0733743370	4568704.0582029764
417622.0810964602	4568703.9341682419
417621.0888185834	4568703.8101335075
417620.0965407066	4568703.6860987740
417619.1027751207	4568703.5768078733
417618.1057206352	4568703.5001113741
417617.1086661497	4568703.4234148748
417616.1116116643	4568703.3467183756
417615.1145571788	4568703.2700218763
417614.1180554164	4568703.1872795718
417613.1236223713	4568703.0819091825
417612.1291893262	4568702.9765387941
417611.1347562811	4568702.8711684048
417610.1403232360	4568702.7657980165
417609.1458901909	4568702.6604276272
417608.1514571458	4568702.5550572388
417607.1570241007	4568702.4496868495
417606.1625910556	4568702.3443164611
417605.1681580105	4568702.2389460728
417604.1740430122	4568702.1307018548
417603.1806340763	4568702.0160777466
417602.1872251404	4568701.9014536384
417601.1938162045	4568701.7868295312
417600.1946445243	4568701.7917212481
417599.1948159480	4568701.8102365918
417598.1949873716	4568701.8287519366
417597.2009538825	4568701.9064468136
417596.2165263069	4568702.0822374513
417595.2530896357	4568701.9944310030
417594.3088894545	4568701.6650588457
417593.3646892732	4568701.3356866892
417592.4168812683	4568701.0170068229
417591.4661514286	4568700.7069862243
417590.5154215888	4568700.3969656248
417589.5528138578	4568700.1322685415
417588.5722331821	4568699.9361524070
417587.5917656796	4568699.7683300395
417586.6127852599	4568699.9722842937
417585.6529990030	4568700.2431916576
417584.7052758473	4568700.5363038667
417583.7052758473	4568700.5363038676
417582.7052758473	4568700.5363038685
417581.7052758473	4568700.5363038685
417581.0788707257	4568701.2622694476
417580.4100704049	4568701.8967772424
417579.4109373318	4568701.8551466977
417578.5984003077	4568701.3866771730
417577.8770129868	4568700.6941453451
417577.1556256660	4568700.0016135164
417576.2327279285	4568699.6634223191
417575.2687353099	4568699.3974933224
417574.2855334110	4568699.2182517154
417573.2994405748	4568699.0520562939
417572.3133477386	4568698.8858608715
417571.3272549022	4568698.7196654500
417570.3411620660	4568698.5534700276
417569.3550692298	4568698.3872746062
417568.3691611671	4568698.2199866129
417567.3832560007	4568698.0526814936
417566.3973508343	4568697.8853763742
417565.4114456679	4568697.7180712549
417564.4255405016	4568697.5507661365
417563.4396353351	4568697.3834610172
417562.4537301688	4568697.2161558978
417561.4678250024	4568697.0488507785
417560.4819198360	4568696.8815456592
417559.4960146696	4568696.7142405398
417558.5096986762	4568696.5496703731
417557.5181500179	4568696.4199350346
417556.5266013594	4568696.2901996961
417555.5350527010	4568696.1604643576
417554.5435040426	4568696.0307290191
417553.5519553843	4568695.9009936815
417552.5604067259	4568695.7712583430
417551.5691341571	4568695.6397490464
417550.5850568259	4568695.4620082062
417549.6009794945	4568695.2842673669
417548.6169021633	4568695.1065265276
417547.6328248320	4568694.9287856873
417546.6487475008	4568694.7510448480
417545.6646701695	4568694.5733040078
417544.6805928382	4568694.3955631685
417543.6965155070	4568694.2178223291
417542.7124381757	4568694.0400814889
417541.7283608445	4568693.8623406496
417540.7442835132	4568693.6845998093
417539.7602061819	4568693.5068589700
417538.7761288507	4568693.3291181298
417537.7920515194	4568693.1513772905
417536.8079741881	4568692.9736364512
417535.8294894273	4568692.7673232816
417534.8510208245	4568692.5609275615
417533.8725522218	4568692.3545318404
417532.8940836191	4568692.1481361203
417531.9156150164	4568691.9417403992
417530.9371464137	4568691.7353446782
417529.9586778110	4568691.5289489580
417528.9802092084	4568691.3225532370
417527.9929885330	4568691.1775763966
417526.9958147500	4568691.1024468653
417525.9986409670	4568691.0273173330
417525.0014671840	4568690.9521878017
417524.0042934010	4568690.8770582704
417523.0071196180	4568690.8019287381
417522.0099458350	4568690.7267992068
417521.0127720520	4568690.6516696755
417520.0155982690	4568690.5765401432
417519.0184244861	4568690.5014106119
417518.0256062105	4568690.3824682496
417517.0331577274	4568690.2598060770
417516.0407092443	4568690.1371439053
417515.0482607613	4568690.0144817326
417514.0558122783	4568689.8918195609
417513.0657651886	4568689.7574768132
417512.1054189617	4568689.4786666185
417511.1450727348	4568689.1998564238
417510.1688178328	4568688.9835268706
417509.1920734897	4568688.7691195756
417508.2153291465	4568688.5547122797
417507.2385848034	4568688.3403049847
417506.2618404603	4568688.1258976897
417505.2850961171	4568687.9114903947
417504.3083517740	4568687.6970830997
417503.3316074309	4568687.4826758048
417502.3548630877	4568687.2682685098
417501.3781187446	4568687.0538612148
417500.4012064549	4568686.8402941199
417499.4170939644	4568686.6627480527
417498.4329814739	4568686.4852019846
417497.4488689835	4568686.3076559175
417496.4647564931	4568686.1301098494
417495.4806440026	4568685.9525637822
417494.4965315121	4568685.7750177141
417493.5124190217	4568685.5974716460
417492.5283065313	4568685.4199255789
417491.5441940408	4568685.2423795108
417490.5600815504	4568685.0648334436
417489.5759690599	4568684.8872873755
417488.5918565695	4568684.7097413084
417487.6057070760	4568684.5473768618
417486.6095999590	4568684.4592257896
417485.6134928421	4568684.3710747175
417484.6173857251	4568684.2829236444
417483.6212786081	4568684.1947725723
417482.6251714912	4568684.1066215001
417481.6290643742	4568684.0184704280
417480.6329572573	4568683.9303193558
417479.6368501403	4568683.8421682836
417478.6407430234	4568683.7540172106
417477.6446359064	4568683.6658661384
417476.6485287895	4568683.5777150663
417475.6524216725	4568683.4895639941
417474.6563145556	4568683.4014129220
417473.6602074386	4568683.3132618489
417472.6664222374	4568683.2050236249
417471.6764727438	4568683.0636022696
417470.6865232501	4568682.9221809134
417469.6965737564	4568682.7807595572
417468.7066242627	4568682.6393382009
417467.7166747690	4568682.4979168447
417466.7267252754	4568682.3564954884
417465.7367757817	4568682.2150741322
417464.7468262880	4568682.0736527769
417463.7568767943	4568681.9322314207
417462.7661545943	4568681.7963797627
417461.7750939327	4568681.6629677508
417460.7840332710	4568681.5295557389
417459.7966110448	4568681.4902563952
417458.8188086307	4568681.6997854831
417457.8441267833	4568681.7251482513
417456.8739842831	4568681.4826126266
417455.9038417829	4568681.2400770020
417454.9377581629	4568680.9820417790
417453.9732598029	4568680.7179529425
417453.0087614430	4568680.4538641060
417452.0442630830	4568680.1897752695
417451.0797647230	4568679.9256864330
417450.1153416545	4568679.6833947143
417449.1526907143	4568679.9541402906
417448.1900397740	4568680.2248858670
417447.1947677037	4568680.2591589149
417446.2745006669	4568679.8897934621
417445.3635464867	4568679.4772859085
417444.4525923066	4568679.0647783550
417443.5342577796	4568678.6757827345
417442.5509757746	4568678.4936934737
417441.5651545099	4568678.3276375346
417440.5737263931	4568678.1969842166
417439.5822982764	4568678.0663308995
417438.5908701597	4568677.9356775815
417437.5994420430	4568677.8050242644
417436.6080139263	4568677.6743709464
417435.6165858095	4568677.5437176293
417434.6251576928	4568677.4130643122
417433.6337295761	4568677.2824109942
417432.6352020746	4568677.2599670561
417431.6352020746	4568677.2599670561
417430.6367328212	4568677.2926945807
417429.6410985951	4568677.3860352887
417428.6478213977	4568677.4136314085
417427.6614274738	4568677.2492324216
417426.6750335499	4568677.0848334348
417425.7362580205	4568676.7470418597
417424.8042533491	4568676.3845955981
417423.8537288649	4568676.2154456945
417422.8698589549	4568676.3943311330
417421.8722649693	4568676.4498020131
417420.9229144952	4568676.3019521926
417420.0732743290	4568675.7745893309
417419.2089190301	4568675.2862825189
417418.2225251063	4568675.1218835320
417417.2351977428	4568674.9642103966
417416.2413140082	4568674.8537788708
417415.2474302736	4568674.7433473449
417414.2649176175	4568674.5615589218
417413.2825263825	4568674.3951882012
417412.2828236919	4568674.4195711939
417411.2831210012	4568674.4439541856
417410.2832724480	4568674.4563746667
417409.2832724480	4568674.4563746667
417408.2849124585	4568674.4347479399
417407.2963478596	4568674.2839499507
417406.3077832607	4568674.1331519606
417405.3192186618	4568673.9823539704
417404.3473256250	4568673.7722203359
417403.4248846366	4568673.3860822478
417402.5024436482	4568672.9999441598
417401.5634974618	4568672.6959794452
417400.5634974618	4568672.6959794452
417399.5663954734	4568672.7344514988
417398.5776799691	4568672.8842568779
417397.5890833925	4568673.0091344509
417396.6018422718	4568672.8499020124
417395.6153147126	4568672.6873383699
417394.6494718753	4568672.4282098040
417393.6836290380	4568672.1690812381
417392.7093885185	4568671.9598570289
417391.7119298187	4568671.8886099784
417390.7208216469	4568671.9286154192
417389.7379494601	4568672.1129039545
417388.7600158938	4568672.1600216487
417387.7972140824	4568671.8960285597
417386.9530445330	4568671.3679553876
417385.9882807115	4568671.1048379829
417385.0055370567	4568670.9374985155
417384.0491775896	4568670.7055005813
417383.1609599467	4568670.2460776623
417382.2524968836	4568669.9423117721
417381.2762899205	4568670.1591519611
417380.2993899029	4568670.3728488395
417379.3224898855	4568670.5865457179
417378.3603589379	4568670.3608343927
417377.4000127110	4568670.0820241980
417376.4219265093	4568669.8776530894
417375.4285529551	4568669.8801791109
417374.4312192316	4568669.9531547502
417373.4337633414	4568670.0227867039
417372.4337633414	4568670.0227867020
417371.4397280655	4568670.0653751586
417370.4756704500	4568670.3303272557
417369.5018292401	4568670.5575568704
417368.5296098016	4568670.6887270780
417367.5639940427	4568670.4287536051
417366.7571676990	4568669.9323185254
417366.1511244842	4568669.1368868044
417365.2769158529	4568668.7653212985
417364.2985661497	4568668.5583627084
417363.3202164465	4568668.3514041174
417362.3380286989	4568668.1679781899
417361.3446197630	4568668.0533540817
417360.3512108271	4568667.9387299735
417359.3578018913	4568667.8241058653
417358.3643929555	4568667.7094817571
417357.3719987016	4568667.5877313279
417356.3860762491	4568667.4205281055
417355.4001537967	4568667.2533248831
417354.4142313442	4568667.0861216597
417353.4283088917	4568666.9189184373
417352.4423864393	4568666.7517152140
417351.4564639868	4568666.5845119916
417350.4705415343	4568666.4173087683
417349.4846190819	4568666.2501055459
417348.4986966294	4568666.0829023225
417347.5127741770	4568665.9156991001
417346.5268517245	4568665.7484958777
417345.5375982186	4568665.6026186785
417344.5476487249	4568665.4611973222
417343.5576992312	4568665.3197759660
417342.5677497376	4568665.1783546098
417341.5778002439	4568665.0369332535
417340.5878507502	4568664.8955118973
417339.5979012565	4568664.7540905410
417338.6079517629	4568664.6126691848
417337.6180022692	4568664.4712478286
417336.6280527755	4568664.3298264723
417335.6381032819	4568664.1884051161
417334.6481537882	4568664.0469837599
417333.6563384001	4568663.9208284644
417332.6614695628	4568663.8196553625
417331.6666007255	4568663.7184822597
417330.6717318882	4568663.6173091577
417329.6768630509	4568663.5161360558
417328.6819942136	4568663.4149629539
417327.6871253763	4568663.3137898520
417326.6922565390	4568663.2126167491
417325.6973877017	4568663.1114436472
417324.7025188644	4568663.0102705453
417323.7076500271	4568662.9090974433
417322.7127811898	4568662.8079243414
417321.7182255384	4568662.7037300747
417320.7237585265	4568662.5986807421
417319.7292915146	4568662.4936314095
417318.7348245027	4568662.3885820769
417317.7403574908	4568662.2835327452
417316.7458904789	4568662.1784834126
417315.7514234670	4568662.0734340800
417314.7569564551	4568661.9683847474
417313.7624894432	4568661.8633354148
417312.7656228337	4568661.7939658854
417311.7660450918	4568661.7649083929
417310.7664673499	4568661.7358509004
417309.7668896080	4568661.7067934079
417308.7673118660	4568661.6777359154
417307.7677341241	4568661.6486784229
417306.7681563822	4568661.6196209304
417305.7685786403	4568661.5905634379
417304.7690008984	4568661.5615059454
417303.7694231565	4568661.5324484529
417302.7698454145	4568661.5033909613
417301.7712360463	4568661.4584410833
417300.7755253860	4568661.3659192966
417299.7798147258	4568661.2733975099
417298.7841040655	4568661.1808757223
417297.7883934053	4568661.0883539356
417296.7926827450	4568660.9958321489
417295.7969720848	4568660.9033103622
417294.8012614245	4568660.8107885746
417293.8055507642	4568660.7182667879
417292.8098401040	4568660.6257450012
417291.8141294437	4568660.5332232146
417290.8184187835	4568660.4407014269
417289.8227081232	4568660.3481796402
417288.8269974630	4568660.2556578536
417287.8312868027	4568660.1631360669
417286.8366018870	4568660.0607514903
417285.8431616872	4568659.9463986615
417284.8497214875	4568659.8320458326
417283.8562812876	4568659.7176930038
417282.8628410879	4568659.6033401759
417281.8694008881	4568659.4889873471
417280.8759606883	4568659.3746345183
417279.8825204885	4568659.2602816895
417278.8890802887	4568659.1459288606
417277.8940717569	4568659.0495022768
417276.8958669115	4568658.9896099856
417275.8976620660	4568658.9297176944
417274.8994572206	4568658.8698254032
417273.9012523751	4568658.8099331129
417272.9030475297	4568658.7500408217
417271.9048426842	4568658.6901485305
417270.9105692970	4568658.5856880452
417269.9172944732	4568658.4699075446
417268.9240196494	4568658.3541270429
417267.9307448256	4568658.2383465422
417266.9374700018	4568658.1225660415
417265.9441951780	4568658.0067855408
417264.9509203541	4568657.8910050401
417263.9576455303	4568657.7752245395
417262.9643707066	4568657.6594440378
417261.9710958827	4568657.5436635371
417260.9771861368	4568657.4370691804
417259.9774275661	4568657.4150964646
417258.9776689954	4568657.3931237487
417257.9779104246	4568657.3711510329
417256.9781518539	4568657.3491783170
417255.9783932832	4568657.3272056011
417254.9797861155	4568657.2891354999
417253.9870780241	4568657.1685923748
417252.9943699326	4568657.0480492488
417252.0016618411	4568656.9275061237
417251.0089537496	4568656.8069629986
417250.0162456581	4568656.6864198726
417249.0235375666	4568656.5658767475
417248.0308294751	4568656.4453336224
417247.0381213836	4568656.3247904964
417246.0454132922	4568656.2042473713
417245.0503165325	4568656.1054202225
417244.0551415323	4568656.0073043779
417243.0599665321	4568655.9091885323
417242.0647915320	4568655.8110726876
417241.0696165318	4568655.7129568420
417240.0744415316	4568655.6148409974
417239.0792665315	4568655.5167251518
417238.0840915314	4568655.4186093071
417237.0889165312	4568655.3204934616
417236.0937415310	4568655.2223776169
417235.0985665309	4568655.1242617713
417234.1033915307	4568655.0261459267
417233.1082165306	4568654.9280300811
417232.1130415304	4568654.8299142364
417231.1178665302	4568654.7317983909
417230.1226915301	4568654.6336825462
417229.1275165300	4568654.5355667006
417228.1323415298	4568654.4374508560
417227.1363646405	4568654.3487176280
417226.1389729938	4568654.2765379688
417225.1415813471	4568654.2043583104
417224.1441897005	4568654.1321786512
417223.1467980538	4568654.0599989928
417222.1494064071	4568653.9878193336
417221.1520147604	4568653.9156396752
417220.1546231138	4568653.8434600160
417219.1572314671	4568653.7712803576
417218.1598398204	4568653.6991006993
417217.1652813495	4568653.5998414941
417216.1745486768	4568653.4640152398
417215.1838160040	4568653.3281889865
417214.1930833313	4568653.1923627332
417213.2023506586	4568653.0565364799
417212.2116179858	4568652.9207102265
417211.2208853130	4568652.7848839723
417210.2301526403	4568652.6490577189
417209.2379542972	4568652.5263375994
417208.2416921312	4568652.4399564872
417207.2454299651	4568652.3535753749
417206.2491677991	4568652.2671942627
417205.2529056331	4568652.1808131495
417204.2566434671	4568652.0944320373
417203.2603813011	4568652.0080509251
417202.2641191351	4568651.9216698129
417201.2678569691	4568651.8352887006
417200.2715948030	4568651.7489075875
417199.2753326370	4568651.6625264753
417198.2790704710	4568651.5761453630
417197.2867365309	4568651.4528955109
417196.2946392592	4568651.3274243856
417195.3025419874	4568651.2019532602
417194.3104447156	4568651.0764821339
417193.3183474439	4568650.9510110086
417192.3262501721	4568650.8255398832
417191.3341529003	4568650.7000687579
417190.3420556286	4568650.5745976316
417189.3499583568	4568650.4491265062
417188.3578610851	4568650.3236553809
417187.3657638133	4568650.1981842555
417186.3736665416	4568650.0727131292
417185.3815692698	4568649.9472420039
417184.3894719980	4568649.8217708785
417183.3973747262	4568649.6962997522
417182.4052774545	4568649.5708286269
417181.4131801827	4568649.4453575015
417180.4210829109	4568649.3198863761
417179.4289856392	4568649.1944152499
417178.4368883674	4568649.0689441245
417177.4447910956	4568648.9434729991
417176.4526938239	4568648.8180018738
417175.4565367569	4568648.7393040368
417174.4576579340	4568648.6919638086
417173.4587791111	4568648.6446235795
417172.4599002882	4568648.5972833512
417171.4610214654	4568648.5499431221
417170.4621426426	4568648.5026028939
417169.4632638197	4568648.4552626656
417168.4643849968	4568648.4079224365
417167.4655061739	4568648.3605822083
417166.4666273511	4568648.3132419800
417165.4677485283	4568648.2659017509
417164.4688697054	4568648.2185615227
417163.4699908825	4568648.1712212935
417162.4711120596	4568648.1238810653
417161.4745512800	4568648.0425079912
417160.4784786393	4568647.9539682008
417159.4824059986	4568647.8654284105
417158.4863333579	4568647.7768886201
417157.4902607172	4568647.6883488297
417156.4941880765	4568647.5998090403
417155.4981154358	4568647.5112692500
417154.5020427951	4568647.4227294596
417153.5059701544	4568647.3341896692
417152.5098975137	4568647.2456498789
417151.5138248730	4568647.1571100885
417150.5177522323	4568647.0685702981
417149.5216795916	4568646.9800305078
417148.5256069509	4568646.8914907183
417147.5310904841	4568646.7922119740
417146.5508572167	4568646.5943667274
417145.5706239494	4568646.3965214817
417144.5903906821	4568646.1986762350
417143.6101574147	4568646.0008309884
417142.6299241474	4568645.8029857418
417141.6496908800	4568645.6051404951
417140.6694576127	4568645.4072952485
417139.6746144938	4568645.3168250043
417138.6771557940	4568645.2455779538
417137.6796970942	4568645.1743309041
417136.6822383944	4568645.1030838536
417135.6847796945	4568645.0318368040
417134.6873209947	4568644.9605897544
417133.6898622948	4568644.8893427039
417132.6924035950	4568644.8180956542
417131.7160572862	4568644.6254288135
417130.7530932665	4568644.3557988880
417129.7901292469	4568644.0861689625
417128.8189665698	4568643.8870943235
417127.8198334967	4568643.9287248682
417126.8801925326	4568644.2180673257
417125.9711277097	4568644.6347220363
417124.9766567673	4568644.6600555535
417123.9766567673	4568644.6600555526
417122.9766567673	4568644.6600555517
417121.9773535428	4568644.6539374767
417121.0029623471	4568644.4290779699
417120.0285711513	4568644.2042184640
417119.0541799556	4568643.9793589571
417118.0659624446	4568643.8628600556
417117.0663274747	4568643.8358428944
417116.1447438104	4568643.9345216639
417115.6491475172	4568644.7806064272
417114.8491475170	4568645.3806064269
417114.0001628303	4568645.8336523669
417113.0210803930	4568645.7300698310
417112.0994450178	4568645.3420128310
417111.3338165373	4568644.7043875074
417110.6285775119	4568643.9981739605
417109.9642136728	4568643.2507646419
417109.1849824711	4568642.6373334471
417108.1857212965	4568642.5989003256
417107.1865450429	4568642.5584185747
417106.1875312364	4568642.5140179610
417105.1885174299	4568642.4696173472
417104.1891625291	4568642.4362955717
417103.1893094355	4568642.4191552326
417102.1894563419	4568642.4020148944
417101.1896032483	4568642.3848745553
417100.1897501547	4568642.3677342171
417099.1898970611	4568642.3505938780
417098.1900439675	4568642.3334535398
417097.1901908739	4568642.3163132006
417096.1903377803	4568642.2991728615
417095.1904846867	4568642.2820325233
417094.1906315931	4568642.2648921842
417093.1907784995	4568642.2477518460
417092.1974525954	4568642.1326306313
417091.2041610464	4568642.0169937052
417090.2108694975	4568641.9013567781
417089.2175779485	4568641.7857198520
417088.2242863995	4568641.6700829249
417087.2309948506	4568641.5544459987
417086.2377033016	4568641.4388090717
417085.2444117527	4568641.3231721455
417084.2511202037	4568641.2075352194
417083.2578286548	4568641.0918982923
417082.2645371058	4568640.9762613662
417081.2712455569	4568640.8606244391
417080.2779540079	4568640.7449875129
417079.2846624590	4568640.6293505859
417078.2913709100	4568640.5137136597
417077.2980793611	4568640.3980767336
417076.3047878121	4568640.2824398065
417075.3114962632	4568640.1668028804
417074.3182047142	4568640.0511659533
417073.3249131653	4568639.9355290271
417072.3316216163	4568639.8198921010
417071.3383239649	4568639.7043100782
417070.3438828042	4568639.5990163088
417069.3494416436	4568639.4937225385
417068.3550004829	4568639.3884287681
417067.3605593223	4568639.2831349988
417066.3661181616	4568639.1778412284
417065.3716770009	4568639.0725474590
417064.3772358403	4568638.9672536887
417063.3827946796	4568638.8619599193
417062.3883535189	4568638.7566661490
417061.3939123583	4568638.6513723787
417060.3994711977	4568638.5460786093
417059.4050300370	4568638.4407848390
417058.4105888763	4568638.3354910696
417057.4161477157	4568638.2301972993
417056.4217065550	4568638.1249035299
417055.4272653943	4568638.0196097596
417054.4317336712	4568637.9275307227
417053.4334848902	4568637.8683752390
417052.4352361092	4568637.8092197552
417051.4369873281	4568637.7500642724
417050.4387385471	4568637.6909087887
417049.4404897662	4568637.6317533050
417048.4422409851	4568637.5725978222
417047.4439922041	4568637.5134423384
417046.4457434231	4568637.4542868547
417045.4471720514	4568637.4012521375
417044.4482354416	4568637.3551473711
417043.4492988318	4568637.3090426046
417042.4503622219	4568637.2629378382
417041.4526919366	4568637.2011897815
417040.4593462005	4568637.0860192617
417039.4660004645	4568636.9708487410
417038.4726547285	4568636.8556782212
417037.4793089925	4568636.7405077014
417036.4859632564	4568636.6253371807
417035.4926175204	4568636.5101666609
417034.4992717844	4568636.3949961411
417033.5059260483	4568636.2798256204
417032.5125803123	4568636.1646551006
417031.5192345762	4568636.0494845808
417030.5258888402	4568635.9343140600
417029.5325431042	4568635.8191435402
417028.5391973682	4568635.7039730204
417027.5444992422	4568635.6015887624
417026.5490394893	4568635.5064053591
417025.5535797362	4568635.4112219568
417024.5581199833	4568635.3160385536
417023.5626602302	4568635.2208551513
417022.5672004772	4568635.1256717490
417021.5717407242	4568635.0304883458
417020.5762809712	4568634.9353049435
417019.5808212182	4568634.8401215402
417018.5853614652	4568634.7449381379
417017.5899017122	4568634.6497547356
417016.5944419592	4568634.5545713324
417015.5989822062	4568634.4593879301
417014.6035224532	4568634.3642045269
417013.6080627002	4568634.2690211246
417012.6126029472	4568634.1738377223
417011.6165101980	4568634.0872067520
417010.6178843376	4568634.0348007297
417009.6192584773	4568633.9823947083
417008.6206326170	4568633.9299886869
417007.6220067567	4568633.8775826646
417006.6233808964	4568633.8251766432
417005.6247550361	4568633.7727706209
417004.6261291758	4568633.7203645995
417003.6275033155	4568633.6679585772
417002.6288774552	4568633.6155525558
417001.6302515948	4568633.5631465334
417000.6316257346	4568633.5107405121
416999.6329998743	4568633.4583344897
416998.6343740140	4568633.4059284683
416997.6357481536	4568633.3535224460
416996.6371222933	4568633.3011164246
416995.6384964330	4568633.2487104023
416994.6398705727	4568633.1963043809
416993.6412447124	4568633.1438983595
416992.6426188521	4568633.0914923372
416991.6439929918	4568633.0390863158
416990.6453671315	4568632.9866802935
416989.6467412712	4568632.9342742721
416988.6499913347	4568632.8548246073
416987.6536940310	4568632.7688497128
416986.6573967272	4568632.6828748193
416985.6610994233	4568632.5968999248
416984.6648021196	4568632.5109250303
416983.6685048157	4568632.4249501359
416982.6722075119	4568632.3389752423
416981.6759102082	4568632.2530003479
416980.6796129043	4568632.1670254534
416979.6833156005	4568632.0810505589
416978.6870182968	4568631.9950756654
416977.6907209929	4568631.9091007710
416976.6944236891	4568631.8231258765
416975.6981263854	4568631.7371509820
416974.7018290815	4568631.6511760876
416973.7055317777	4568631.5652011940
416972.7092344740	4568631.4792262996
416971.7129371701	4568631.3932514051
416970.7166398664	4568631.3072765106
416969.7203425626	4568631.2213016171
416968.7240452587	4568631.1353267226
416967.7277479550	4568631.0493518282
416966.7314506512	4568630.9633769337
416965.7351533473	4568630.8774020402
416964.7388560436	4568630.7914271457
416963.7425410639	4568630.7056700503
416962.7454183757	4568630.6298654014
416961.7482956876	4568630.5540607525
416960.7511729995	4568630.4782561036
416959.7540503113	4568630.4024514547
416958.7569276231	4568630.3266468057
416957.7598049350	4568630.2508421568
416956.7626822469	4568630.1750375079
416955.7655595587	4568630.0992328590
416954.7684368706	4568630.0234282101
416953.7713141825	4568629.9476235611
416952.7741914943	4568629.8718189122
416951.7770688062	4568629.7960142633
416950.7799461180	4568629.7202096144
416949.7828234299	4568629.6444049655
416948.7857007418	4568629.5686003165
416947.7885780536	4568629.4927956676
416946.7914553655	4568629.4169910196
416945.7943326773	4568629.3411863707
416944.7972099892	4568629.2653817218
416943.8000873010	4568629.1895770729
416942.8029646129	4568629.1137724239
416941.8058419248	4568629.0379677750
416940.8082736579	4568628.9684179220
416939.8104745504	4568628.9021084877
416938.8126754429	4568628.8357990533
416937.8148763354	4568628.7694896199
416936.8170772280	4568628.7031801855
416935.8192781204	4568628.6368707512
416934.8214790129	4568628.5705613168
416933.8236799054	4568628.5042518824
416932.8258807980	4568628.4379424481
416931.8280816904	4568628.3716330137
416930.8302825829	4568628.3053235793
416929.8324834754	4568628.2390141459
416928.8346843679	4568628.1727047116
416927.8368852604	4568628.1063952772
416926.8390861529	4568628.0400858428
416925.8412870454	4568627.9737764085
416924.8434879379	4568627.9074669741
416923.8456888304	4568627.8411575397
416922.8478897229	4568627.7748481054
416921.8500906154	4568627.7085386710
416920.8522996166	4568627.6421166873
416919.8553000242	4568627.5647098869
416918.8583004319	4568627.4873030856
416917.8613008395	4568627.4098962853
416916.8643012471	4568627.3324894849
416915.8673016547	4568627.2550826836
416914.8703020623	4568627.1776758833
416913.8733024700	4568627.1002690820
416912.8763028776	4568627.0228622817
416911.8793032852	4568626.9454554813
416910.8823036928	4568626.8680486800
416909.8853041004	4568626.7906418797
416908.8883045081	4568626.7132350793
416907.8913049157	4568626.6358282780
416906.8943053233	4568626.5584214777
416905.8973057309	4568626.4810146764
416904.9003061385	4568626.4036078760
416903.9033065462	4568626.3262010757
416902.9063069538	4568626.2487942744
416901.9093073614	4568626.1713874741
416900.9123077690	4568626.0939806737
416899.9153081766	4568626.0165738724
416898.9430079646	4568625.7854323406
416897.9719362714	4568625.5466442201
416897.0008645783	4568625.3078560987
416896.0297928851	4568625.0690679783
416895.0381840101	4568625.1201783307
416894.0431468199	4568625.2196820490
416893.0481096296	4568625.3191857683
416892.0530724394	4568625.4186894866
416891.0580352491	4568625.5181932049
416890.0621861064	4568625.5040685190
416889.0658285544	4568625.4187946748
416888.0694710024	4568625.3335208297
416887.0731134504	4568625.2482469855
416886.0767558984	4568625.1629731413
416885.0803983464	4568625.0776992962
416884.0840407944	4568624.9924254520
416883.0876832424	4568624.9071516078
416882.0913256904	4568624.8218777627
416881.0949681383	4568624.7366039185
416880.0986105863	4568624.6513300743
416879.1022530343	4568624.5660562292
416878.1058954823	4568624.4807823850
416877.1095379303	4568624.3955085408
416876.1130879873	4568624.3114066385
416875.1156766031	4568624.2395002367
416874.1182652189	4568624.1675938349
416873.1208538347	4568624.0956874322
416872.1234424505	4568624.0237810304
416871.1260310663	4568623.9518746287
416870.1286196821	4568623.8799682260
416869.1312082979	4568623.8080618242
416868.1337969137	4568623.7361554224
416867.1363855294	4568623.6642490197
416866.1389741453	4568623.5923426179
416865.1415627611	4568623.5204362161
416864.1441513769	4568623.4485298134
416863.1467399926	4568623.3766234117
416862.1493286084	4568623.3047170099
416861.1519172243	4568623.2328106081
416860.1545058401	4568623.1609042054
416859.1570944558	4568623.0889978036
416858.1596830716	4568623.0170914019
416857.1622716874	4568622.9451849991
416856.1648603032	4568622.8732785974
416855.1674489190	4568622.8013721956
416854.1700375348	4568622.7294657929
416853.1726261506	4568622.6575593911
416852.1752147664	4568622.5856529893
416851.1778033822	4568622.5137465866
416850.1803919980	4568622.4418401849
416849.1829806138	4568622.3699337831
416848.1855692296	4568622.2980273804
416847.1886119316	4568622.2200827915
416846.1916643812	4568622.1420085859
416845.1947168306	4568622.0639343802
416844.1977692802	4568621.9858601745
416843.2008217298	4568621.9077859689
416842.2038741792	4568621.8297117632
416841.2069266288	4568621.7516375575
416840.2099790783	4568621.6735633509
416839.2130315278	4568621.5954891453
416838.2160839773	4568621.5174149396
416837.2191364269	4568621.4393407339
416836.2221888764	4568621.3612665283
416835.2252413259	4568621.2831923226
416834.2282937754	4568621.2051181169
416833.2313462250	4568621.1270439113
416832.2343986745	4568621.0489697056
416831.2374511240	4568620.9708954999
416830.2405035736	4568620.8928212943
416829.2435560231	4568620.8147470877
416828.2466084726	4568620.7366728820
416827.2496609221	4568620.6585986763
416826.2527133717	4568620.5805244707
416825.2557658212	4568620.5024502650
416824.2588182707	4568620.4243760593
416823.2618707202	4568620.3463018537
416822.2649231698	4568620.2682276480
416821.2679756193	4568620.1901534423
416820.2710280688	4568620.1120792367
416819.2740805184	4568620.0340050310
416818.2771329679	4568619.9559308244
416817.2801854174	4568619.8778566187
416816.2832378669	4568619.7997824131
416815.2882360632	4568619.7026150553
416814.2960335641	4568619.5779787805
416813.3038310651	4568619.4533425057
416812.3116285661	4568619.3287062310
416811.3194260670	4568619.2040699571
416810.3272235680	4568619.0794336824
416809.3350210689	4568618.9547974076
416808.3428185699	4568618.8301611338
416807.3506160709	4568618.7055248590
416806.3584135719	4568618.5808885843
416805.3662110729	4568618.4562523104
416804.3740085738	4568618.3316160357
416803.3818060748	4568618.2069797609
416802.3896035758	4568618.0823434861
416801.3974010767	4568617.9577072123
416800.4051985777	4568617.8330709375
416799.4129960787	4568617.7084346628
416798.4207935796	4568617.5837983890
416797.4285910806	4568617.4591621142
416796.4363885816	4568617.3345258394
416795.4441860825	4568617.2098895656
416794.4519835835	4568617.0852532908
416793.4597810845	4568616.9606170161
416792.4675785855	4568616.8359807413
416791.4753760864	4568616.7113444675
416790.4831735874	4568616.5867081927
416789.4909710884	4568616.4620719180
416788.4946330657	4568616.3807481434
416787.4967724352	4568616.3153710673
416786.4989118046	4568616.2499939911
416785.5010511741	4568616.1846169159
416784.5031905436	4568616.1192398397
416783.5053299131	4568616.0538627636
416782.5074692825	4568615.9884856883
416781.5096086520	4568615.9231086122
416780.5117480215	4568615.8577315360
416779.5138873910	4568615.7923544599
416778.5160267604	4568615.7269773846
416777.5181661299	4568615.6616003085
416776.5203054994	4568615.5962232323
416775.5224448689	4568615.5308461562
416774.5245842384	4568615.4654690810
416773.5267236078	4568615.4000920048
416772.5288629773	4568615.3347149286
416771.5310023468	4568615.2693378525
416770.5331417163	4568615.2039607773
416769.5478917980	4568615.0409107339
416768.5661488921	4568614.8506980455
416767.5844059862	4568614.6604853580
416766.6026630803	4568614.4702726696
416765.6209201744	4568614.2800599821
416764.6391772685	4568614.0898472937
416763.6574343625	4568613.8996346062
416762.6756914566	4568613.7094219178
416761.6939485507	4568613.5192092294
416760.7122056448	4568613.3289965419
416759.7297142164	4568613.1429479653
416758.7431866357	4568612.9793529389
416757.7566590549	4568612.8157579135
416756.7701314742	4568612.6521628872
416755.7836038935	4568612.4885678617
416754.7970763128	4568612.3249728363
416753.8105487320	4568612.1613778099
416752.8240211513	4568611.9977827845
416751.8374935706	4568611.8341877582
416750.8509659898	4568611.6705927327
416749.8644384091	4568611.5069977073
416748.8779108284	4568611.3434026809
416747.8913832477	4568611.1798076555
416746.9048688649	4568611.0161370505
416745.9212818279	4568610.8357027397
416744.9376947908	4568610.6552684288
416743.9541077538	4568610.4748341171
416742.9705207168	4568610.2943998063
416741.9869336798	4568610.1139654955
416741.0033466427	4568609.9335311837
416740.0197596057	4568609.7530968729
416739.0361725687	4568609.5726625621
416738.0525855317	4568609.3922282513
416737.0689984947	4568609.2117939396
416736.0854114577	4568609.0313596288
416735.1018244206	4568608.8509253180
416734.1182373836	4568608.6704910062
416733.1346503466	4568608.4900566954
416732.1510633096	4568608.3096223846
416731.1674762726	4568608.1291880738
416730.1838892356	4568607.9487537621
416729.2003021986	4568607.7683194513
416728.2167151615	4568607.5878851404
416727.2331281245	4568607.4074508287
416726.2495410875	4568607.2270165179
416725.2659540505	4568607.0465822071
416724.2823670135	4568606.8661478963
416723.2987799765	4568606.6857135845
416722.3151929394	4568606.5052792737
416721.3316059024	4568606.3248449629
416720.3480188654	4568606.1444106512
416719.3644318284	4568605.9639763404
416718.3808447914	4568605.7835420296
416717.3998091236	4568605.5904378006
416716.4230468372	4568605.3761122627
416715.4462845510	4568605.1617867248
416714.4695222647	4568604.9474611878
416713.4927599784	4568604.7331356499
416712.5159976922	4568604.5188101120
416711.5392354058	4568604.3044845741
416710.5624731196	4568604.0901590372
416709.5857108333	4568603.8758334992
416708.6089485470	4568603.6615079613
416707.6321862607	4568603.4471824234
416706.6554239744	4568603.2328568865
416705.6786616881	4568603.0185313486
416704.7018994019	4568602.8042058107
416703.7251371155	4568602.5898802737
416702.7483748293	4568602.3755547358
416701.7716125430	4568602.1612291979
416700.7948502567	4568601.9469036600
416699.8180879705	4568601.7325781230
416699.0616539151	4568601.1156143388
416698.3545471339	4568600.4085075576
416697.4748880490	4568600.0558821419
416696.4821542670	4568599.9355507744
416695.5129440837	4568600.0181389991
416694.5740677674	4568600.3623936474
416693.6137407163	4568600.5953659778
416692.6141729619	4568600.6247650310
416691.6515872225	4568600.5570093924
416690.9245740697	4568599.8703858601
416690.0696191913	4568599.4200939108
416689.0972318894	4568599.1867209580
416688.1228627374	4568598.9617966246
416687.1481304188	4568598.7384204688
416686.1733981002	4568598.5150443129
416685.1962439288	4568598.3026851779
416684.2106344406	4568598.1975050196
416683.2129247385	4568598.2651463561
416682.2152150364	4568598.3327876916
416681.2175053343	4568598.4004290272
416680.2391347521	4568598.5769768106
416679.2791347520	4568598.8569768099
416678.5158734296	4568598.2932187114
416677.8711010852	4568597.5311212689
416677.0479752936	4568597.0642558644
416676.0633040486	4568596.9211330386
416675.0637362941	4568596.8917339873
416674.0641946575	4568596.8756681569
416673.0647497506	4568596.9089829866
416672.0999706185	4568596.8050345145
416671.2361917177	4568596.3011634890
416670.3149778421	4568596.0728596309
416669.3301999225	4568596.2341593951
416668.3625826499	4568596.4865812911
416667.3864584632	4568596.7028890802
416666.4079086784	4568596.9088995624
416665.4541426486	4568596.9462785786
416664.5762470758	4568596.4674264481
416663.6983515030	4568595.9885743167
416662.8204559302	4568595.5097221863
416661.8274981525	4568595.5921522100
416660.9416104688	4568595.9802922392
416660.0485527187	4568596.3809374627
416659.1186633983	4568596.4007854853
416658.4170827799	4568595.6915259166
416657.7031081432	4568595.0155603364
416656.7892965947	4568594.6094218697
416655.8754850462	4568594.2032834031
416654.9122192816	4568593.9665608807
416653.9234201950	4568593.8173081884
416652.9346211083	4568593.6680554962
416651.9458220217	4568593.5188028030
416650.9570229350	4568593.3695501108
416649.9682238483	4568593.2202974185
416648.9794247617	4568593.0710447254
416647.9867265578	4568593.0912148589
416646.9921081490	4568593.1948209442
416645.9974897401	4568593.2984270286
416645.0442800004	4568593.1372027025
416644.1287605463	4568592.7349290038
416643.2132410921	4568592.3326553041
416642.2977216380	4568591.9303816054
416641.3822021839	4568591.5281079058
416640.3985559867	4568591.4086579606
416639.4002816135	4568591.3499359386
416638.4020072404	4568591.2912139166
416637.4055483961	4568591.3125559902
416636.4109619032	4568591.4164680112
416635.4163754104	4568591.5203800332
416634.4217889176	4568591.6242920551
416633.4282754855	4568591.6998873195
416632.4444055755	4568591.5210018810
416631.4605356655	4568591.3421164425
416630.4979764797	4568591.1047592331
416629.6297333375	4568590.6086202953
416628.7614901952	4568590.1124813566
416627.8901534414	4568589.6240416830
416626.9200109417	4568589.3815060565
416625.9631416615	4568589.3845051229
416625.0244681511	4568589.6639097892
416624.1246664786	4568589.2696126942
416623.3631177808	4568588.8093872406
416622.3653326229	4568588.8759062504
416621.3675474651	4568588.9424252622
416620.3697623073	4568589.0089442730
416619.3799579420	4568588.9536324386
416618.3993772663	4568588.7575163031
416617.4172902756	4568588.6058874661
416616.4256898643	4568588.7352266489
416615.4947638163	4568588.5045698090
416614.8297602064	4568587.8096068976
416613.9057410583	4568587.6754102483
416612.9057410583	4568587.6754102483
416611.9598918436	4568587.9565926632
416611.0316004945	4568588.3264980707
416610.2303728511	4568587.7290566340
416609.4301644290	4568587.1752318144
416608.4466717675	4568586.9944475042
416607.4602778438	4568586.8300485164
416606.4682098677	4568586.7100049732
416605.4721957117	4568586.6208096761
416604.4761815557	4568586.5316143781
416603.4801673998	4568586.4424190801
416602.4841532438	4568586.3532237830
416601.4881390878	4568586.2640284849
416600.4921249319	4568586.1748331878
416599.4961107759	4568586.0856378898
416598.5000966199	4568585.9964425927
416597.5018174519	4568586.0205639536
416596.5030345526	4568586.0698865661
416595.5042516533	4568586.1192091787
416594.5054687540	4568586.1685317913
416593.5066858547	4568586.2178544030
416592.5845968246	4568585.9652115051
416591.7303982689	4568585.4452645583
416590.8159089334	4568585.0473625055
416589.8528233526	4568584.9357784912
416588.8605454760	4568585.0598132266
416587.8682675993	4568585.1838479610
416587.0068414503	4568584.7230234146
416586.1620223750	4568584.1879713330
416585.2358018367	4568583.8674442880
416584.2486963590	4568583.7073731292
416583.2615908811	4568583.5473019714
416582.2744854033	4568583.3872308135
416581.2873799256	4568583.2271596547
416580.3177794528	4568582.9886354767
416579.3562555051	4568582.7139143487
416578.3947315575	4568582.4391932208
416577.4332076099	4568582.1644720929
416576.4716836623	4568581.8897509649
416575.5148917472	4568581.5990093611
416574.5584144171	4568581.3072027182
416573.6019370870	4568581.0153960744
416572.6454597569	4568580.7235894315
416571.6541800944	4568580.6029170789
416570.6597020584	4568580.4979721606
416569.6652240224	4568580.3930272423
416568.6707459863	4568580.2880823240
416567.6762679503	4568580.1831374057
416566.6817899143	4568580.0781924874
416565.6873118783	4568579.9732475691
416564.6928338423	4568579.8683026507
416563.6983558063	4568579.7633577324
416562.7038777703	4568579.6584128141
416561.7093997342	4568579.5534678958
416560.7149216982	4568579.4485229775
416559.7204436622	4568579.3435780592
416558.7212622517	4568579.3169598710
416557.7213719730	4568579.3021466816
416556.7214816943	4568579.2873334922
416555.7215914157	4568579.2725203028
416554.7217011370	4568579.2577071134
416553.7218108583	4568579.2428939231
416552.7219205796	4568579.2280807337
416551.7220303009	4568579.2132675443
416550.7222596993	4568579.1953394264
416549.7241804294	4568579.1333896788
416548.7261011597	4568579.0714399312
416547.7280218899	4568579.0094901836
416546.7299426201	4568578.9475404359
416545.7318633503	4568578.8855906883
416544.7337840806	4568578.8236409407
416543.7357048107	4568578.7616911931
416542.7376255410	4568578.6997414455
416541.7395462712	4568578.6377916979
416540.7403503507	4568578.6179852216
416539.7403909294	4568578.6269938648
416538.7404315080	4568578.6360025080
416537.7404720867	4568578.6450111521
416536.7405126653	4568578.6540197954
416535.7405532440	4568578.6630284386
416534.7405938226	4568578.6720370818
416533.7407536363	4568578.6680728234
416532.7411287300	4568578.6406858405
416531.7415038238	4568578.6132988567
416530.7418789176	4568578.5859118728
416529.7422540114	4568578.5585248889
416528.7639890086	4568578.3886237778
416527.8002589867	4568578.1217446942
416526.8365289648	4568577.8548656115
416525.8727989429	4568577.5879865289
416524.9019093374	4568577.3722053524
416523.9019434863	4568577.3639411721
416522.9019776352	4568577.3556769909
416521.9020117842	4568577.3474128107
416520.9020459331	4568577.3391486295
416519.9020800820	4568577.3308844492
416518.9021142309	4568577.3226202680
416517.9021483799	4568577.3143560877
416516.9030568885	4568577.2853029389
416515.9059286238	4568577.2095716782
416514.9088003591	4568577.1338404175
416513.9116720945	4568577.0581091568
416512.9145438298	4568576.9823778961
416511.9175269568	4568576.9052685359
416510.9211803078	4568576.8198673939
416509.9248336588	4568576.7344662528
416508.9284870098	4568576.6490651118
416507.9321403607	4568576.5636639697
416506.9418598069	4568576.6214031577
416505.9563109161	4568576.7907943735
416504.9707620254	4568576.9601855893
416503.9852131346	4568577.1295768050
416502.9961294230	4568577.2153857211
416501.9997976492	4568577.1298112134
416501.0034658754	4568577.0442367047
416500.0071341015	4568576.9586621961
416499.0108023277	4568576.8730876883
416498.0144705539	4568576.7875131797
416497.0181387801	4568576.7019386720
416496.0218070062	4568576.6163641633
416495.0254752324	4568576.5307896556
416494.0291434585	4568576.4452151470
416493.0328116847	4568576.3596406383
416492.0355861319	4568576.2856691750
416491.0379024393	4568576.2176452875
416490.0402187465	4568576.1496213991
416489.0425350539	4568576.0815975117
416488.0448513612	4568576.0135736233
416487.0471676685	4568575.9455497358
416486.0494839758	4568575.8775258474
416485.0518002831	4568575.8095019599
416484.0543659469	4568575.7390651368
416483.0638557439	4568575.6016259221
416482.0733455409	4568575.4641867066
416481.0828353379	4568575.3267474920
416480.0923251349	4568575.1893082773
416479.1018149319	4568575.0518690627
416478.1113047290	4568574.9144298481
416477.1207945260	4568574.7769906325
416476.1302843230	4568574.6395514179
416475.1397741200	4568574.5021122033
416474.1492639170	4568574.3646729887
416473.1587537140	4568574.2272337740
416472.1682435110	4568574.0897945585
416471.1777333080	4568573.9523553438
416470.1868713997	4568573.8175429320
416469.1950935331	4568573.6895715939
416468.2033156665	4568573.5616002567
416467.2115377999	4568573.4336289186
416466.2197599332	4568573.3056575814
416465.2279820666	4568573.1776862433
416464.2362042000	4568573.0497149061
416463.2444263334	4568572.9217435680
416462.2526484668	4568572.7937722309
416461.2608706001	4568572.6658008927
416460.2690927335	4568572.5378295546
416459.2773148669	4568572.4098582175
416458.2852072332	4568572.2854463914
416457.2867993880	4568572.2290391689
416456.2883915429	4568572.1726319464
416455.2899836978	4568572.1162247229
416454.2915758526	4568572.0598175004
416453.2931680075	4568572.0034102779
416452.2947601624	4568571.9470030544
416451.2963523173	4568571.8905958319
416450.2979444721	4568571.8341886094
416449.2995366270	4568571.7777813859
416448.3011287819	4568571.7213741634
416447.3027209367	4568571.6649669409
416446.3046558567	4568571.6030441420
416445.3069461545	4568571.5354028065
416444.3092364524	4568571.4677614709
416443.3115267502	4568571.4001201354
416442.3150834500	4568571.3167107338
416441.3193669933	4568571.2242513485
416440.3236505367	4568571.1317919632
416439.3279340801	4568571.0393325780
416438.3322176234	4568570.9468731927
416437.3365011667	4568570.8544138074
416436.3407847100	4568570.7619544221
416435.3450682534	4568570.6694950368
416434.3493517968	4568570.5770356515
416433.3528696744	4568570.4938146528
416432.3555175404	4568570.4210910602
416431.3581654065	4568570.3483674666
416430.3608132726	4568570.2756438740
416429.3634611387	4568570.2029202804
416428.3661090048	4568570.1301966878
416427.3687568709	4568570.0574730942
416426.3714047370	4568569.9847495016
416425.3740526031	4568569.9120259080
416424.3767004692	4568569.8393023154
416423.3793483353	4568569.7665787227
416422.3819962014	4568569.6938551292
416421.3846440675	4568569.6211315366
416420.3857117142	4568569.5756762372
416419.3866353953	4568569.5327052129
416418.3875590763	4568569.4897341887
416417.3884827574	4568569.4467631644
416416.3894064384	4568569.4037921401
416415.3903301195	4568569.3608211158
416414.3912538006	4568569.3178500906
416413.3921774816	4568569.2748790663
416412.3931011627	4568569.2319080420
416411.3940248438	4568569.1889370177
416410.3949485248	4568569.1459659934
416409.3958722059	4568569.1029949691
416408.3967958869	4568569.0600239439
416407.3977195680	4568569.0170529196
416406.3986432491	4568568.9740818953
416405.3995669302	4568568.9311108710
416404.4004906112	4568568.8881398467
416403.4014142922	4568568.8451688224
416402.4023379733	4568568.8631250039
416401.4032616544	4568568.9060960282
416400.4041853355	4568568.9490670525
416399.4051090165	4568568.9920380767
416398.4060326976	4568569.0350091010
416397.4069563787	4568569.0779801253
416396.4078800597	4568569.1209511505
416395.4088037408	4568569.1639221748
416394.4097274218	4568569.2068931991
416393.4106511029	4568569.2498642234
416392.4115747840	4568569.2928352477
416391.4124984651	4568569.3358062729
416390.4162257779	4568569.2927008038
416389.4220633307	4568569.1848072046
416388.4279008836	4568569.0769136064
416387.4337384364	4568568.9690200072
416386.4395759892	4568568.8611264080
416385.4454135421	4568568.7532328097
416384.4512510950	4568568.6453392105
416383.4570886478	4568568.5374456123
416382.4630038710	4568568.4288568748
416381.4695450192	4568568.3146662023
416380.4760861674	4568568.2004755288
416379.4826273156	4568568.0862848563
416378.4891684638	4568567.9720941838
416377.4957096119	4568567.8579035113
416376.5024283020	4568567.7421937864
416375.5094125761	4568567.6242117193
416374.5163968501	4568567.5062296530
416373.5233811242	4568567.3882475868
416372.5303653982	4568567.2702655206
416371.5373496723	4568567.1522834534
416370.5443339463	4568567.0343013871
416369.5471812397	4568566.9634961700
416368.5487869410	4568566.9068496851
416367.5503926422	4568566.8502031993
416366.5519983435	4568566.7935567144
416365.5536040447	4568566.7369102295
416364.5552097460	4568566.6802637447
416363.5568154473	4568566.6236172589
416362.5584211486	4568566.5669707740
416361.5600268499	4568566.5103242891
416360.5676363510	4568566.3977044951
416359.5799402123	4568566.2413192736
416358.5922440735	4568566.0849340521
416357.6045479349	4568565.9285488306
416356.6168517961	4568565.7721636081
416355.6291556575	4568565.6157783866
416354.6414595187	4568565.4593931651
416353.6537633800	4568565.3030079426
416352.6598810048	4568565.2930762963
416351.6625151878	4568565.3656119918
416350.6651493709	4568565.4381476883
416349.6691416594	4568565.4961357117
416348.7024364316	4568565.2402431509
416347.7357312039	4568564.9843505900
416346.7690259761	4568564.7284580292
416345.8023207484	4568564.4725654684
416344.8219816399	4568564.2954405937
416343.8255085990	4568564.2115270747
416342.8290355580	4568564.1276135556
416341.8325625171	4568564.0437000366
416340.8360894762	4568563.9597865175
416339.8396164352	4568563.8758729985
416338.8424005948	4568563.8196080578
416337.8428594157	4568563.8498971844
416336.8433182366	4568563.8801863119
416335.8437770574	4568563.9104754385
416334.8442358783	4568563.9407645650
416333.8448762355	4568563.9088315675
416332.8455288115	4568563.8727105753
416331.8461813874	4568563.8365895841
416330.8468339634	4568563.8004685920
416329.8474865393	4568563.7643476008
416328.8479050392	4568563.7576148389
416327.8481090376	4568563.7778127380
416326.8483130360	4568563.7980106371
416325.8485170343	4568563.8182085361
416324.8487210328	4568563.8384064352
416323.8489250311	4568563.8586043343
416322.8491186032	4568563.8768489854
416321.8491639516	4568563.8673256086
416320.8492093000	4568563.8578022309
416319.8492546483	4568563.8482788531
416318.8492999967	4568563.8387554754
416317.8493453451	4568563.8292320985
416316.8493906935	4568563.8197087208
416315.8567633861	4568563.7560063489
416314.8902018282	4568563.4995716494
416313.9236402703	4568563.2431369508
416312.9570787125	4568562.9867022522
416311.9659756712	4568563.0694564870
416310.9900823357	4568563.2468027836
416310.0810175130	4568563.6634574942
416309.1719526903	4568564.0801122049
416308.2628878675	4568564.4967669155
416307.2851499214	4568564.5576991215
416306.2863185253	4568564.5093685696
416305.2874871292	4568564.4610380186
416304.2886557332	4568564.4127074666
416303.2919336646	4568564.3340777904
416302.2960404580	4568564.2435420444
416301.3001472515	4568564.1530062985
416300.3156840373	4568564.2953636032
416299.3334422007	4568564.4829828311
416298.3512003641	4568564.6706020581
416297.3689585275	4568564.8582212850
416296.3867166909	4568565.0458405130
416295.4044748543	4568565.2334597399
416294.4057253131	4568565.2466711346
416293.4057253131	4568565.2466711337
416292.4059235874	4568565.2600575769
416291.4063622560	4568565.2896742094
416290.4068009247	4568565.3192908410
416289.4072395934	4568565.3489074735
416288.4076782620	4568565.3785241060
416287.4081169307	4568565.4081407385
416286.4085555994	4568565.4377573710
416285.4089942680	4568565.4673740026
416284.4094329367	4568565.4969906351
416283.4100420057	4568565.5316841006
416282.4107443900	4568565.5691577606
416281.4114467743	4568565.6066314215
416280.4121491586	4568565.6441050824
416279.4128515428	4568565.6815787433
416278.4132543605	4568565.7030698974
416277.4132543605	4568565.7030698974
416276.4132543605	4568565.7030698974
416275.4132543605	4568565.7030698974
416274.4132543605	4568565.7030698974
416273.4132543605	4568565.7030698964
416272.4132543605	4568565.7030698964
416271.4132543605	4568565.7030698964
416270.4132543605	4568565.7030698964
416269.4133615573	4568565.7133619124
416268.4135785006	4568565.7341907267
416267.4137954439	4568565.7550195400
416266.4140123871	4568565.7758483542
416265.4142293304	4568565.7966771675
416264.4144462737	4568565.8175059818
416263.4146632169	4568565.8383347951
416262.4148801602	4568565.8591636084
416261.4150971035	4568565.8799924226
416260.4155421555	4568565.8914790163
416259.4179670547	4568565.8218807541
416258.4203919539	4568565.7522824910
416257.4228168530	4568565.6826842278
416256.4252417521	4568565.6130859656
416255.4276666513	4568565.5434877025
416254.4290976688	4568565.4944347152
416253.4294626990	4568565.4674175531
416252.4335291584	4568565.4646772807
416251.4873651733	4568565.7883649589
416250.5412011881	4568566.1120526372
416249.5723912987	4568566.2517421776
416248.5759764121	4568566.1671409132
416247.5795615255	4568566.0825396497
416246.5831466389	4568565.9979383862
416245.5867317523	4568565.9133371226
416244.5903168657	4568565.8287358591
416243.5939019792	4568565.7441345956
416242.5965586371	4568565.6723711453
416241.5983395542	4568565.6127166189
416240.6001204713	4568565.5530620916
416239.6019013885	4568565.4934075642
416238.6036823056	4568565.4337530378
416237.6054632227	4568565.3740985105
416236.6072441399	4568565.3144439841
416235.6090250570	4568565.2547894567
416234.6108059741	4568565.1951349294
416233.6125868912	4568565.1354804030
416232.6143678084	4568565.0758258756
416231.6161487255	4568565.0161713492
416230.6179296426	4568564.9565168219
416229.6197105597	4568564.8968622945
416228.6214914769	4568564.8372077681
416227.6232723940	4568564.7775532408
416226.6252057323	4568564.7156898724
416225.6282541183	4568564.6376675721
416224.6313025043	4568564.5596452719
416223.6343508903	4568564.4816229716
416222.6373992763	4568564.4036006713
416221.6404476623	4568564.3255783711
416220.6434960483	4568564.2475560708
416219.6465444343	4568564.1695337705
416218.6495928203	4568564.0915114703
416217.6526412062	4568564.0134891700
416216.6556895923	4568563.9354668697
416215.6587379782	4568563.8574445695
416214.6617863642	4568563.7794222692
416213.6648347503	4568563.7013999689
416212.6678831362	4568563.6233776687
416211.6709373174	4568563.5452817641
416210.6740595809	4568563.4663211508
416209.6771818444	4568563.3873605384
416208.6803041078	4568563.3083999259
416207.6834263713	4568563.2294393126
416206.6865486347	4568563.1504787002
416205.6896708982	4568563.0715180868
416204.6927931616	4568562.9925574744
416203.6959154250	4568562.9135968620
416202.6990376885	4568562.8346362486
416201.7021599520	4568562.7556756362
416200.7052822154	4568562.6767150229
416199.7084044789	4568562.5977544105
416198.7115267423	4568562.5187937981
416197.7146490058	4568562.4398331847
416196.7177712692	4568562.3608725723
416195.7208935327	4568562.2819119589
416194.7240157961	4568562.2029513465
416193.7271380596	4568562.1239907341
416192.7302603230	4568562.0450301208
416191.7326381624	4568561.9806113401
416190.7329084692	4568561.9573618127
416189.7331787760	4568561.9341122853
416188.7334490828	4568561.9108627578
416187.7337193896	4568561.8876132304
416186.7339896963	4568561.8643637020
416185.7342600032	4568561.8411141746
416184.7345303099	4568561.8178646471
416183.7348006168	4568561.7946151197
416182.7350709235	4568561.7713655923
416181.7353412304	4568561.7481160639
416180.7356094778	4568561.7249593381
416179.7358325731	4568561.7038372913
416178.7360556684	4568561.6827152437
416177.7362787638	4568561.6615931969
416176.7365018591	4568561.6404711492
416175.7367249544	4568561.6193491016
416174.7369480497	4568561.5982270548
416173.7371711451	4568561.5771050071
416172.7373942404	4568561.5559829595
416171.7376173357	4568561.5348609127
416170.7403897860	4568561.4650166417
416169.7438680154	4568561.3816838106
416168.7473462448	4568561.2983509796
416167.7508244742	4568561.2150181485
416166.7543027036	4568561.1316853175
416165.7577809330	4568561.0483524865
416164.7612591624	4568560.9650196554
416163.7647373918	4568560.8816868244
416162.7682156212	4568560.7983539933
416161.7716938506	4568560.7150211623
416160.7751720800	4568560.6316883313
416159.7786503094	4568560.5483555002
416158.7821285388	4568560.4650226692
416157.7856067682	4568560.3816898381
416156.7890849976	4568560.2983570071
416155.7925632270	4568560.2150241770
416154.7960414564	4568560.1316913459
416153.7995196858	4568560.0483585149
416152.8029977829	4568559.9650272690
416151.8064520246	4568559.8819817891
416150.8099062664	4568559.7989363093
416149.8133605081	4568559.7158908295
416148.8168147499	4568559.6328453496
416147.8202689917	4568559.5497998698
416146.8237232334	4568559.4667543899
416145.8271774752	4568559.3837089092
416144.8306317170	4568559.3006634293
416143.8340859587	4568559.2176179495
416142.8375402005	4568559.1345724696
416141.8409944423	4568559.0515269898
416140.8444486840	4568558.9684815099
416139.8479029258	4568558.8854360301
416138.8581846655	4568558.7479644725
416137.8720047994	4568558.5822862554
416136.8858249333	4568558.4166080384
416135.8996450672	4568558.2509298213
416134.9134652011	4568558.0852516033
416133.9272853350	4568557.9195733862
416132.9411054689	4568557.7538951691
416131.9549256028	4568557.5882169511
416130.9636890770	4568557.4702474801
416129.9646900226	4568557.4255161788
416128.9656909682	4568557.3807848776
416127.9666919138	4568557.3360535763
416126.9676817293	4568557.2929703714
416125.9681696532	4568557.3242051238
416124.9686575771	4568557.3554398762
416123.9691455011	4568557.3866746286
416122.9696334250	4568557.4179093810
416121.9701213489	4568557.4491441334
416120.9706092728	4568557.4803788858
416119.9710971967	4568557.5116136381
416118.9715851206	4568557.5428483905
416117.9726270859	4568557.5186734628
416116.9739394224	4568557.4674587110
416115.9752517590	4568557.4162439592
416114.9765640955	4568557.3650292074
416113.9778764320	4568557.3138144556
416112.9791887685	4568557.2625997039
416111.9805011050	4568557.2113849521
416110.9818031101	4568557.1603850964
416109.9828083313	4568557.1155584082
416108.9838135526	4568557.0707317190
416107.9848187738	4568557.0259050308
416106.9858239951	4568556.9810783416
416105.9868292163	4568556.9362516524
416104.9878344376	4568556.8914249642
416103.9888396588	4568556.8465982750
416102.9898448801	4568556.8017715858
416101.9908501013	4568556.7569448976
416100.9918553226	4568556.7121182084
416099.9928605438	4568556.6672915202
416098.9938657651	4568556.6224648310
416097.9948709863	4568556.5776381418
416096.9958762076	4568556.5328114536
416095.9968814288	4568556.4879847644
416094.9978866501	4568556.4431580761
416093.9988918713	4568556.3983313870
416092.9998970926	4568556.3535046978
416092.0009023138	4568556.3086780095
416091.0019075351	4568556.2638513204
416090.0023109530	4568556.2392315324
416089.0024190669	4568556.2245272398
416088.0025271809	4568556.2098229481
416087.0026352949	4568556.1951186555
416086.0027434088	4568556.1804143628
416085.0028515228	4568556.1657100702
416084.0029596367	4568556.1510057785
416083.0030677507	4568556.1363014858
416082.0031758646	4568556.1215971932
416081.0032839786	4568556.1068929005
416080.0033920925	4568556.0921886088
416079.0035002065	4568556.0774843162
416078.0036083205	4568556.0627800236
416077.0045208407	4568556.0285618445
416076.0068111386	4568555.9609205080
416075.0091014364	4568555.8932791725
416074.0113917343	4568555.8256378369
416073.0136820322	4568555.7579965014
416072.0159723301	4568555.6903551659
416071.0182626280	4568555.6227138294
416070.0205529258	4568555.5550724939
416069.0228432237	4568555.4874311583
416068.0251335216	4568555.4197898228
416067.0274238195	4568555.3521484863
416066.0297141174	4568555.2845071508
416065.0320044153	4568555.2168658152
416064.0342947131	4568555.1492244797
416063.0365850110	4568555.0815831432
416062.0388753089	4568555.0139418077
416061.0411656068	4568554.9463004721
416060.0434559047	4568554.8786591366
416059.0457462026	4568554.8110178001
416058.0478896954	4568554.7461899910
416057.0485582688	4568554.7096290849
416056.0492268422	4568554.6730681797
416055.0498954156	4568554.6365072737
416054.0505639891	4568554.5999463676
416053.0512325625	4568554.5633854615
416052.0519011359	4568554.5268245563
416051.0525697093	4568554.4902636502
416050.0532382827	4568554.4537027441
416049.0539068561	4568554.4171418389
416048.0545754296	4568554.3805809328
416047.0577081004	4568554.3122406397
416046.0646851770	4568554.1943191672
416045.0716622536	4568554.0763976956
416044.0786393302	4568553.9584762231
416043.0856164068	4568553.8405547505
416042.0925934834	4568553.7226332789
416041.0995705600	4568553.6047118064
416040.1065476366	4568553.4867903348
416039.1135247132	4568553.3688688623
416038.1205017898	4568553.2509473898
416037.1274788664	4568553.1330259182
416036.1320104929	4568553.0383040505
416035.1362253842	4568552.9465870010
416034.1404402754	4568552.8548699515
416033.1446551666	4568552.7631529020
416032.1488700579	4568552.6714358525
416031.1530849491	4568552.5797188031
416030.1572998403	4568552.4880017536
416029.1615147316	4568552.3962847041
416028.1657296228	4568552.3045676546
416027.1699445141	4568552.2128506051
416026.1741594053	4568552.1211335557
416025.1783742965	4568552.0294165062
416024.1825891878	4568551.9376994567
416023.1868040790	4568551.8459824072
416022.1910189702	4568551.7542653568
416021.1952338615	4568551.6625483073
416020.1994487527	4568551.5708312578
416019.2036636439	4568551.4791142084
416018.2078785352	4568551.3873971589
416017.2120934265	4568551.2956801094
416016.2128192168	4568551.2583633335
416015.2134763043	4568551.2221177351
416014.2141333919	4568551.1858721375
416013.2147904795	4568551.1496265400
416012.2154475670	4568551.1133809416
416011.2161046546	4568551.0771353440
416010.2167617422	4568551.0408897465
416009.2174188298	4568551.0046441481
416008.2180759173	4568550.9683985505
416007.2187330048	4568550.9321529530
416006.2193900924	4568550.8959073545
416005.2200471800	4568550.8596617570
416004.2204550357	4568550.8353009131
416003.2204711768	4568550.8296191869
416002.2204873180	4568550.8239374598
416001.2205034591	4568550.8182557337
416000.2205196002	4568550.8125740075
415999.2205357414	4568550.8068922805
415998.2205518825	4568550.8012105543
415997.2205680236	4568550.7955288272
415996.2205841648	4568550.7898471011
415995.2206003060	4568550.7841653740
415994.2206164471	4568550.7784836479
415993.2206325882	4568550.7728019208
415992.2251674899	4568550.6814142084
415991.2301302996	4568550.5819104901
415990.2350931094	4568550.4824067708
415989.2400559192	4568550.3829030516
415988.2450187289	4568550.2833993332
415987.2499815387	4568550.1838956140
415986.2549443485	4568550.0843918957
415985.2596747988	4568549.9885556679
415984.2600359165	4568549.9616836552
415983.2603970343	4568549.9348116415
415982.2607581520	4568549.9079396287
415981.2611192698	4568549.8810676150
415980.2614803875	4568549.8541956022
415979.2618415053	4568549.8273235895
415978.2622026230	4568549.8004515758
415977.2625637407	4568549.7735795630
415976.2629248585	4568549.7467075502
415975.2632859763	4568549.7198355366
415974.2636470940	4568549.6929635238
415973.2640082118	4568549.6660915110
415972.2739589206	4568549.7985837953
415971.2847554583	4568549.9451324567
415970.2955519960	4568550.0916811172
415969.3033370152	4568550.2105485126
415968.3057619143	4568550.2801467758
415967.3081868135	4568550.3497450389
415966.3148006215	4568550.3034257209
415965.3248511279	4568550.1620043637
415964.3340925763	4568550.0268190010
415963.3408294372	4568549.9109383021
415962.3475662980	4568549.7950576032
415961.3543031588	4568549.6791769043
415960.3591451312	4568549.6087291138
415959.3596821882	4568549.6414983897
415958.3602192451	4568549.6742676664
415957.3607563020	4568549.7070369422
415956.3679770217	4568549.7956656758
415955.3889966022	4568549.9996199319
415954.4023871413	4568549.9497105628
415953.4129260772	4568549.8049113825
415952.4234650131	4568549.6601122022
415951.4340039490	4568549.5153130218
415950.4445428849	4568549.3705138415
415949.4528301838	4568549.2451896314
415948.4564321765	4568549.1603898006
415947.4600341694	4568549.0755899698
415946.4636361622	4568548.9907901390
415945.4672381550	4568548.9059903082
415944.4708401478	4568548.8211904773
415943.4744421407	4568548.7363906465
415942.4780441335	4568548.6515908157
415941.4816461263	4568548.5667909849
415940.4848944832	4568548.4903166201
415939.4848944832	4568548.4903166201
415938.4848944832	4568548.4903166210
415937.4848944832	4568548.4903166210
415936.4848944832	4568548.4903166210
415935.4848944832	4568548.4903166220
415934.4850074364	4568548.4950633449
415933.4861392987	4568548.5426284941
415932.4872711610	4568548.5901936432
415931.5003173033	4568548.5275681419
415930.5347015447	4568548.2675946690
415929.5690857861	4568548.0076211961
415928.6034700275	4568547.7476477223
415927.6091133089	4568547.7335791085
415926.6095721298	4568547.7638682360
415925.6100309507	4568547.7941573625
415924.6104897716	4568547.8244464891
415923.6239198314	4568547.7193390438
415922.6483100754	4568547.4998268485
415921.6727003194	4568547.2803146532
415920.6779121910	4568547.3106207922
415919.6802284983	4568547.3786446806
415918.6825448056	4568547.4466685690
415917.7207811785	4568547.7200196348
415916.7592572309	4568547.9947407627
415915.7977332833	4568548.2694618907
415914.8362093356	4568548.5441830186
415913.8482494694	4568548.5770742390
415912.8500809727	4568548.5165791791
415911.9106168510	4568548.2372506484
415911.0161896600	4568547.7900370536
415910.0878633050	4568547.4445209494
415909.1039933949	4568547.2656355109
415908.2452737089	4568547.7396976696
415907.3864171533	4568548.2194979852
415906.3951892526	4568548.0873342650
415905.4044568607	4568547.9518662551
415904.4180629369	4568547.7874672683
415903.4316690131	4568547.6230682814
415902.4433549193	4568547.4718417684
415901.4510770426	4568547.3478070349
415900.4640942829	4568547.4451171942
415899.4788825281	4568547.6164583685
415898.4936707732	4568547.7877995437
415897.5724763338	4568548.1536739189
415896.6780491427	4568548.6008875137
415895.7168089558	4568548.6850375766
415894.7217717656	4568548.5855338564
415893.7267345755	4568548.4860301372
415892.7654686420	4568548.2625940843
415891.8575092572	4568547.8435359076
415890.9495498723	4568547.4244777309
415890.0001348401	4568547.1305361437
415889.0215850551	4568546.9245256623
415888.0430352701	4568546.7185151819
415887.0644854852	4568546.5125047006
415886.2304919602	4568546.9475420881
415885.4213422107	4568547.5176782003
415884.4244440620	4568547.5963806864
415883.4275459134	4568547.6750831716
415882.4401574016	4568547.8222129913
415881.5179472534	4568547.8013490001
415880.7681093979	4568547.1397273634
415879.8250219274	4568547.0204981267
415878.8274417655	4568547.0723343762
415877.8496393514	4568547.2818634650
415876.8872582570	4568547.3571493495
415875.9824395548	4568546.9313523136
415875.0776208526	4568546.5055552777
415874.1038796507	4568546.3305895990
415873.1085296373	4568546.2342654020
415872.1233063462	4568546.3482545009
415871.1418157543	4568546.5397648616
415870.1603231177	4568546.7312646993
415869.1785432669	4568546.9212866053
415868.1967634161	4568547.1113085104
415867.2723883584	4568546.7522329651
415866.3511387967	4568546.3632609285
415865.4298892350	4568545.9742888929
415864.4489755652	4568545.8556151548
415863.4495875031	4568545.8206365723
415862.4501994409	4568545.7856579898
415861.4508113787	4568545.7506794082
415860.4514233166	4568545.7157008257
415859.4520352544	4568545.6807222441
415858.4526471923	4568545.6457436616
415857.4532591301	4568545.6107650790
415856.4538710679	4568545.5757864974
415855.4544830058	4568545.5408079149
415854.4550949436	4568545.5058293333
415853.4557068814	4568545.4708507508
415852.4563188193	4568545.4358721683
415851.5295427640	4568545.1109398538
415850.6316220414	4568544.6707826369
415849.7337013189	4568544.2306254189
415848.8346779798	4568543.7979394738
415847.8478888882	4568543.9599496229
415846.8610997965	4568544.1219597729
415845.8743107048	4568544.2839699220
415844.8875216132	4568544.4459800720
415843.9079919381	4568544.3814640446
415842.9336007424	4568544.1566045377
415841.9592095467	4568543.9317450309
415840.9657953139	4568543.8185573658
415839.9719115792	4568543.7081258399
415838.9777665198	4568543.7309704330
415837.9834573659	4568543.8375035571
415836.9998321537	4568543.7085053287
415836.0192514781	4568543.5123891933
415835.0247563993	4568543.4248033063
415834.0264164577	4568543.3672067709
415833.0280765160	4568543.3096102355
415832.0560581899	4568543.4163489984
415831.1256497973	4568543.7828735169
415830.1907790361	4568544.1113295136
415829.2008295424	4568543.9699081574
415828.2108800487	4568543.8284868011
415827.2178274431	4568543.7307295436
415826.2178274431	4568543.7307295436
415825.2178274431	4568543.7307295436
415824.2178274431	4568543.7307295436
415823.2250000504	4568543.6440646332
415822.2386061266	4568543.4796656454
415821.2522122028	4568543.3152666586
415820.2658182790	4568543.1508676708
415819.2784218112	4568543.2952554971
415818.2909811793	4568543.4532459984
415817.3035405474	4568543.6112364996
415816.3160999155	4568543.7692270009
415815.3286592836	4568543.9272175021
415814.3412186517	4568544.0852080034
415813.3802612053	4568544.0422008159
415812.4674429533	4568543.6338347560
415811.5546247013	4568543.2254686961
415810.5860965140	4568543.0923595475
415809.5863227839	4568543.1136313276
415808.5865490539	4568543.1349031087
415807.5872387804	4568543.1700671818
415806.5882702402	4568543.2154748430
415805.5893017000	4568543.2608825043
415804.5903331598	4568543.3062901655
415803.5938675370	4568543.3010373209
415802.6042398003	4568543.1573816817
415801.6146120635	4568543.0137260426
415800.6249843267	4568542.8700704034
415799.6402144094	4568542.8020316269
415798.6771034353	4568543.0711361635
415797.7139924613	4568543.3402407002
415796.7508814872	4568543.6093452368
415795.7877705132	4568543.8784497734
415794.8140331342	4568543.8803384062
415793.8325942956	4568543.6885630013
415792.8511554571	4568543.4967875956
415791.8697166185	4568543.3050121898
415790.8882777799	4568543.1132367849
415789.9068389413	4568542.9214613792
415788.9178042385	4568542.7756230077
415787.9268721503	4568542.6412593350
415786.9359400621	4568542.5068956623
415785.9450079738	4568542.3725319896
415784.9510285242	4568542.4598416714
415783.9567773839	4568542.5669148704
415782.9625262436	4568542.6739880694
415781.9682751033	4568542.7810612684
415780.9770337474	4568542.9119711649
415779.9873731485	4568543.0554002374
415778.9977125496	4568543.1988293109
415778.0080519507	4568543.3422583835
415777.0172858576	4568543.4673460117
415776.0175625593	4568543.4438231103
415775.0178392611	4568543.4203002090
415774.0181159628	4568543.3967773076
415773.0183926645	4568543.3732544063
415772.0186693662	4568543.3497315040
415771.0188543561	4568543.3481105547
415770.0189691205	4568543.3632603306
415769.0190838850	4568543.3784101075
415768.0191986495	4568543.3935598833
415767.0193134139	4568543.4087096592
415766.0194281783	4568543.4238594361
415765.0195429428	4568543.4390092120
415764.0196577072	4568543.4541589878
415763.0197724717	4568543.4693087647
415762.0309284575	4568543.6157496357
415761.0425567599	4568543.7678068206
415760.0541850623	4568543.9198640045
415759.0658133646	4568544.0719211893
415758.0774416670	4568544.2239783732
415757.0890699693	4568544.3760355581
415756.0996212586	4568544.5167700704
415755.1003064249	4568544.5537817311
415754.1009915911	4568544.5907933926
415753.1016767574	4568544.6278050533
415752.1023619236	4568544.6648167139
415751.1030470899	4568544.7018283745
415750.1037322561	4568544.7388400352
415749.1044576034	4568544.7767339759
415748.1059153301	4568544.8307092339
415747.1073730568	4568544.8846844919
415746.1088307835	4568544.9386597499
415745.1102885103	4568544.9926350079
415744.1117462370	4568545.0466102669
415743.1132039637	4568545.1005855249
415742.1146616905	4568545.1545607829
415741.1161194172	4568545.2085360410
415740.1175771439	4568545.2625112990
415739.1190348706	4568545.3164865570
415738.1204925974	4568545.3704618150
415737.1219503241	4568545.4244370731
415736.1234080508	4568545.4784123311
415735.1248657775	4568545.5323875891
415734.1255264480	4568545.5602996238
415733.1255519572	4568545.5674422979
415732.1255774664	4568545.5745849730
415731.1256029756	4568545.5817276482
415730.1256284849	4568545.5888703223
415729.1256539941	4568545.5960129974
415728.1256795033	4568545.6031556716
415727.1257050126	4568545.6102983467
415726.1257305218	4568545.6174410218
415725.1260520457	4568545.6377366837
415724.1267686759	4568545.6755883265
415723.1274853061	4568545.7134399693
415722.1282019363	4568545.7512916122
415721.1289185665	4568545.7891432550
415720.1296351968	4568545.8269948978
415719.1303518270	4568545.8648465406
415718.1310684572	4568545.9026981834
415717.1317850874	4568545.9405498262
415716.1319171177	4568545.9475235259
415715.1319171177	4568545.9475235259
415714.1319171177	4568545.9475235259
415713.1319171177	4568545.9475235259
415712.1319171177	4568545.9475235259
415711.1319171177	4568545.9475235250
415710.1319171177	4568545.9475235250
415709.1319171177	4568545.9475235250
415708.1319171177	4568545.9475235250
415707.1319171177	4568545.9475235250
415706.1319171177	4568545.9475235250
415705.1319384381	4568545.9531095633
415704.1319675727	4568545.9607429290
415703.1319967073	4568545.9683762947
415702.1320258418	4568545.9760096595
415701.1320549764	4568545.9836430252
415700.1320841110	4568545.9912763899
415699.1321132455	4568545.9989097556
415698.1321423801	4568546.0065431204
415697.1322633613	4568546.0188119663
415696.1327749685	4568546.0507955952
415695.1332865756	4568546.0827792231
415694.1337981827	4568546.1147628520
415693.1343097898	4568546.1467464808
415692.1348213969	4568546.1787301097
415691.1353330041	4568546.2107137376
415690.1358446112	4568546.2426973665
415689.1365675607	4568546.2694486091
415688.1429145924	4568546.1569595942
415687.1492616241	4568546.0444705784
415686.1556086558	4568545.9319815626
415685.1619556875	4568545.8194925478
415684.1683027192	4568545.7070035320
415683.1746497510	4568545.5945145162
415682.1831467178	4568545.4705387438
415681.2160721805	4568545.2160454439
415680.2489976433	4568544.9615521450
415679.2700522922	4568544.7657368146
415678.2801027984	4568544.6243154593
415677.2960322658	4568544.5711606666
415676.3335825898	4568544.8426208319
415675.3711329139	4568545.1140809972
415674.4132401576	4568545.4008733639
415673.4587601796	4568545.6991483569
415672.4919651098	4568545.8188847071
415671.5126851342	4568545.6186511163
415670.5382939386	4568545.3937916094
415669.5639027430	4568545.1689321017
415668.5920791633	4568544.9347741641
415667.6403705454	4568544.6277713850
415666.6886619274	4568544.3207686050
415665.7369533095	4568544.0137658259
415664.7852446916	4568543.7067630468
415663.7917306731	4568543.6655297196
415662.7917306731	4568543.6655297205
415661.7918318105	4568543.6690724166
415660.7934604760	4568543.7261222061
415659.7950891415	4568543.7831719955
415658.7967178071	4568543.8402217859
415657.7983464726	4568543.8972715754
415656.8035622321	4568543.8608683553
415655.8125015705	4568543.7274563434
415654.8214409088	4568543.5940443315
415653.8329635666	4568543.4490343304
415652.8789698498	4568543.1492077336
415651.9249761328	4568542.8493811367
415650.9398062332	4568542.7527321959
415649.9417761666	4568542.7791448981
415648.9528398137	4568542.9274853505
415647.9862258967	4568542.7165928874
415647.0236188661	4568542.5381588498
415646.0627952750	4568542.8153195009
415645.1019716839	4568543.0924801528
415644.1411480927	4568543.3696408039
415643.1662540997	4568543.3523257654
415642.2666851173	4568542.9599935561
415641.4249181752	4568542.4241691362
415640.4320413366	4568542.3050239170
415639.4459041932	4568542.3153119367
415638.4707713369	4568542.5369330384
415637.5545017180	4568542.1810459141
415636.6145329322	4568541.9184530443
415635.6153319735	4568541.9584210822
415634.6161310147	4568541.9983891211
415633.6175835040	4568542.0455229925
415632.6276340104	4568542.1869443497
415631.6356218357	4568542.2864948027
415630.6365656774	4568542.2430575779
415629.6954842198	4568542.5169180082
415628.7654386567	4568542.7563970089
415627.8000752637	4568542.4954879833
415626.8347118707	4568542.2345789587
415625.8481708686	4568542.0860188203
415624.8540686920	4568541.9775713105
415623.8599665154	4568541.8691238007
415622.8677439739	4568541.8007841846
415621.8881412731	4568542.0017283279
415620.9085385724	4568542.2026724713
415619.9204507917	4568542.2457152819
415618.9249553191	4568542.1509061893
415617.9294598464	4568542.0560970968
415616.9322303842	4568542.0885048825
415615.9345206821	4568542.1561462181
415614.9368109799	4568542.2237875545
415613.9391012779	4568542.2914288901
415612.9413915758	4568542.3590702256
415611.9436818736	4568542.4267115621
415610.9459721715	4568542.4943528976
415609.9481496279	4568542.5544053819
415608.9488698872	4568542.5164580503
415607.9495901466	4568542.4785107179
415606.9503104060	4568542.4405633863
415605.9510306654	4568542.4026160538
415604.9517509248	4568542.3646687223
415603.9518104375	4568542.3615332572
415603.0239724122	4568542.6501811557
415602.1416194712	4568543.1207693908
415601.2138398709	4568543.3735183738
415600.2169417223	4568543.2948158868
415599.2200435738	4568543.2161133997
415598.2236861604	4568543.1308625834
415597.2273813914	4568543.0449742423
415596.2310766223	4568542.9590859013
415595.2344065628	4568542.8869221034
415594.2349436198	4568542.9196913801
415593.2354806767	4568542.9524606569
415592.2360177337	4568542.9852299336
415591.2373850951	4568543.0292016799
415590.2440121630	4568543.1441373909
415589.2506392309	4568543.2590731019
415588.2572662987	4568543.3740088129
415587.2638933666	4568543.4889445240
415586.2705204344	4568543.6038802350
415585.2771475023	4568543.7188159460
415584.2837745702	4568543.8337516570
415583.2946239595	4568543.9723063074
415582.3229563562	4568544.2086578859
415581.3512887530	4568544.4450094644
415580.3644747508	4568544.4287365470
415579.3715279576	4568544.3101757364
415578.3785811644	4568544.1916149259
415577.3856343712	4568544.0730541153
415576.3908740658	4568544.0071281381
415575.3921217270	4568544.0570657542
415574.3933693880	4568544.1070033712
415573.3946170492	4568544.1569409873
415572.3963004657	4568544.2142232573
415571.3986499119	4568544.2827314502
415570.4009993581	4568544.3512396431
415569.4033488042	4568544.4197478350
415568.4056982504	4568544.4882560279
415567.4080476965	4568544.5567642199
415566.4103971427	4568544.6252724128
415565.4127465889	4568544.6937806047
415564.4150960350	4568544.7622887976
415563.4174454812	4568544.8307969896
415562.4197949274	4568544.8993051825
415561.4221443736	4568544.9678133745
415560.4244938197	4568545.0363215674
415559.4268432659	4568545.1048297603
415558.4291927120	4568545.1733379522
415557.4311995906	4568545.2261226587
415556.4315119442	4568545.2011304675
415555.4318242978	4568545.1761382762
415554.4321366514	4568545.1511460841
415553.4324490050	4568545.1261538928
415552.4327613586	4568545.1011617016
415551.4330737122	4568545.0761695104
415550.4333860658	4568545.0511773191
415549.4343072428	4568545.0568295354
415548.4364011280	4568545.1215086356
415547.4384950132	4568545.1861877358
415546.4405888984	4568545.2508668369
415545.4426827836	4568545.3155459370
415544.4447766688	4568545.3802250372
415543.4468705539	4568545.4449041374
415542.4485487068	4568545.5013106065
415541.4491858525	4568545.5370021369
415540.4498229982	4568545.5726936683
415539.4504601438	4568545.6083851987
415538.4510972895	4568545.6440767301
415537.4517344351	4568545.6797682606
415536.4521009203	4568545.6669729119
415535.4524018872	4568545.6424404206
415534.4527028541	4568545.6179079283
415533.4530038209	4568545.5933754370
415532.4533047878	4568545.5688429447
415531.4536057547	4568545.5443104533
415530.4539067216	4568545.5197779620
415529.4542076884	4568545.4952454697
415528.4545086553	4568545.4707129784
415527.4548096222	4568545.4461804861
415526.4550581191	4568545.4259249391
415525.4550581191	4568545.4259249391
415524.4550581191	4568545.4259249391
415523.4550581191	4568545.4259249382
415522.4550581191	4568545.4259249382
415521.4602771956	4568545.3959388463
415520.5190825248	4568545.0580740925
415519.5778878540	4568544.7202093396
415518.6150038369	4568544.5419343524
415517.6177768443	4568544.6163542783
415516.6205498517	4568544.6907742033
415515.6233228591	4568544.7651941283
415514.6263246096	4568544.8409081073
415513.6640152064	4568545.1128651118
415512.7017058032	4568545.3848221172
415511.7393964000	4568545.6567791216
415510.7436002269	4568545.6769458074
415509.7436606006	4568545.6659574592
415508.7437209743	4568545.6549691120
415507.7437813480	4568545.6439807648
415506.7438417218	4568545.6329924176
415505.7439020954	4568545.6220040703
415504.8857710266	4568545.1203048006
415504.0341127099	4568544.5962073747
415503.0436078874	4568544.4858801626
415502.0481988583	4568544.3901677560
415501.0527898293	4568544.2944553485
415500.0650111800	4568544.3587130625
415499.0832313295	4568544.5487349695
415498.0923204189	4568544.6435270626
415497.0938428765	4568544.6190729570
415496.1398830329	4568544.4133816157
415495.4103458284	4568543.7294404870
415494.5038340236	4568543.6886233957
415493.5270896803	4568543.9030306898
415492.5503453371	4568544.1174379848
415491.9980150863	4568544.9439148838
415491.1632278450	4568545.3412093529
415490.1774914194	4568545.5095058158
415489.1917549939	4568545.6778022787
415488.2633754758	4568545.3272894118
415487.3382068574	4568544.9477330558
415486.4198136273	4568544.5534127178
415485.5287741304	4568544.0994869359
415484.6377346335	4568543.6455611549
415483.7466951366	4568543.1916353740
415482.8219528186	4568542.9108849997
415481.8257122303	4568542.9975146148
415480.8807380272	4568543.3061392456
415479.9473924211	4568543.6651183246
415479.0153862130	4568544.0275606131
415478.0833815417	4568544.3900068747
415477.1252472662	4568544.6573075587
415476.1388533424	4568544.8217065455
415475.1524594185	4568544.9861055333
415474.1709508153	4568544.8927112790
415473.1914937721	4568544.6910583591
415472.2355686659	4568544.4119526641
415471.3094763064	4568544.0346557759
415470.4204330918	4568543.5832605986
415469.5629401661	4568543.0687648430
415468.6692983866	4568542.7073980896
415467.6722439011	4568542.7840945888
415466.7594706468	4568543.1156754773
415465.9132378064	4568543.6484887470
415465.0673609704	4568544.1818665611
415464.2198287919	4568544.7079859581
415463.2213684386	4568544.6525159385
415462.2229080855	4568544.5970459189
415461.3317793748	4568544.2152356310
415460.4953182446	4568543.6672093747
415459.5990482533	4568543.2706386549
415458.6138364985	4568543.0992974797
415457.6286247438	4568542.9279563045
415456.6407892352	4568542.8615525644
415455.6482457799	4568542.9834438656
415454.6557023246	4568543.1053351667
415453.6631588693	4568543.2272264678
415452.6905826065	4568543.4461261164
415451.7305826065	4568543.7261261167
415450.7705826066	4568544.0061261170
415449.8043878027	4568544.1125836987
415448.8268667586	4568543.9017458269
415447.8493457145	4568543.6909079542
415446.8718246704	4568543.4800700825
415446.0429449253	4568542.9269665061
415445.2215749596	4568542.3565706965
415444.3839151044	4568541.8298045136
415443.3897080569	4568541.7223226698
415442.3955010094	4568541.6148408270
415441.4194130579	4568541.7490860596
415440.4523385206	4568542.0035793586
415439.4864596565	4568542.2622636743
415438.5306806478	4568542.5563495234
415437.5605862793	4568542.7369297827
415436.5617181415	4568542.6893646335
415435.5628500038	4568542.6417994844
415434.6474966089	4568542.3184038773
415433.8073541417	4568541.7844327390
415433.1976433808	4568540.9918087497
415432.5879326200	4568540.1991847614
415431.6673977855	4568540.4534554379
415430.7239376458	4568540.7849414330
415429.8064207551	4568541.1741354587
415428.9322634788	4568541.6597783891
415428.0128836668	4568541.9600377716
415427.0132915803	4568541.9314779984
415426.0167450180	4568541.8834985029
415425.0563987913	4568541.6046883073
415424.0960525645	4568541.3258781126
415423.4671920359	4568540.5546849854
415422.6974484833	4568540.0795394527
415421.7189635536	4568540.1585494233
415420.8570293383	4568540.6655695504
415419.9950951231	4568541.1725896765
415419.0783603353	4568541.5552670462
415418.1225813263	4568541.8493528944
415417.1432992909	4568541.7643124061
415416.1585157321	4568541.5905270725
415415.1737321732	4568541.4167417390
415414.2133718136	4568541.1572447531
415413.2848951225	4568540.7858540779
415412.3564184315	4568540.4144634018
415411.4155652962	4568540.0823569139
415410.4418771175	4568539.8544724463
415409.4681889387	4568539.6265879786
415408.4919451070	4568539.4415158145
415407.4980613724	4568539.5519473413
415406.5041776378	4568539.6623788672
415405.5099698713	4568539.7374519566
415404.5142291974	4568539.6452537458
415403.5184885233	4568539.5530555351
415402.5227478493	4568539.4608573234
415401.5630752429	4568539.6467203675
415400.6238103188	4568539.9899133202
415399.6845453949	4568540.3331062719
415398.7442393840	4568540.6599051803
415397.7691065279	4568540.4382840786
415396.8042747125	4568540.1778558576
415395.8476008320	4568539.8866942422
415394.8882607919	4568539.6044428265
415393.9288952903	4568539.3222765028
415392.9437618346	4568539.2821636284
415391.9464940802	4568539.3560353136
415390.9883615065	4568539.6351540284
415390.0002991757	4568539.6091922326
415389.0049491621	4568539.5128680374
415388.0667707379	4568539.7969908388
415387.1436938148	4568540.1816062229
415386.2206168918	4568540.5662216078
415385.2977391146	4568540.6421609372
415384.3751592376	4568540.2563548060
415383.4525793606	4568539.8705486748
415382.5299994836	4568539.4847425446
415381.5940091592	4568539.1346818050
415380.6453258610	4568538.8184540393
415379.6966425629	4568538.9184600646
415378.7479592650	4568539.2346878313
415377.7831762071	4568539.4827159196
415376.7932267133	4568539.6241372759
415375.8032772196	4568539.7655586312
415374.8144139761	4568539.8542744657
415373.8311319709	4568539.6721852059
415372.8478499658	4568539.4900959460
415371.8645679607	4568539.3080066871
415370.8766593333	4568539.1549873557
415369.8854314327	4568539.0228236346
415368.8942035321	4568538.8906599144
415367.9046546313	4568538.9347272199
415366.9161247486	4568539.0857526185
415365.9275948660	4568539.2367780171
415364.9390649833	4568539.3878034167
415363.9505351006	4568539.5388288153
415362.9560481651	4568539.6420753710
415361.9606981516	4568539.7383995671
415361.0287238896	4568539.4235319858
415360.1085692541	4568539.0319768218
415359.1884146186	4568538.6404216569
415358.2273381404	4568538.4495438766
415357.2273381404	4568538.4495438766
415356.2487507948	4568538.6024314053
415355.2872268472	4568538.8771525333
415354.3257028996	4568539.1518736612
415353.3641789521	4568539.4265947901
415352.3917336198	4568539.6270925626
415351.3918300564	4568539.6409801114
415350.3919264931	4568539.6548676612
415349.3920229298	4568539.6687552100
415348.3921193664	4568539.6826427598
415347.3921784211	4568539.6835461836
415346.3922114685	4568539.6754163709
415345.3922445160	4568539.6672865590
415344.3922775635	4568539.6591567462
415343.3923106109	4568539.6510269335
415342.3923436584	4568539.6428971216
415341.3923767059	4568539.6347673088
415340.3924097534	4568539.6266374961
415339.3942880141	4568539.6691959454
415338.3975589659	4568539.7500118138
415337.4008299178	4568539.8308276823
415336.4041008696	4568539.9116435507
415335.4073718215	4568539.9924594192
415334.4265147161	4568539.8521814626
415333.4515501627	4568539.6298211254
415332.4765856092	4568539.4074607883
415331.5016210557	4568539.1851004511
415330.5037446599	4568539.1565488037
415329.5038063825	4568539.1454383787
415328.5038681052	4568539.1343279546
415327.5039298279	4568539.1232175296
415326.5039915506	4568539.1121071046
415325.5043124603	4568539.1066093184
415324.5096538365	4568539.2098286087
415323.5149952126	4568539.3130478999
415322.5203365888	4568539.4162671911
415321.5256779649	4568539.5194864813
415320.5310193410	4568539.6227057725
415319.5363607172	4568539.7259250628
415318.5415776511	4568539.8096144302
415317.5456844446	4568539.7190786842
415316.5497912381	4568539.6285429383
415315.6019833177	4568539.9313552743
415314.6572267057	4568540.2591279764
415313.7124700937	4568540.5869006785
415312.7427928150	4568540.6502461554
415311.7534336795	4568540.5047521647
415310.7640745442	4568540.3592581749
415309.7747154087	4568540.2137641842
415308.7845750783	4568540.0769590484
415307.7851301714	4568540.0436442178
415306.7856852644	4568540.0103293872
415305.7862403575	4568539.9770145556
415304.7867954505	4568539.9436997250
415303.7873505435	4568539.9103848943
415302.7979769171	4568539.9479485527
415301.8473714608	4568540.2583503341
415300.8967660045	4568540.5687521165
415299.9461605482	4568540.8791538989
415298.9619614094	4568541.0443522111
415297.9716196627	4568541.1830000561
415296.9812779161	4568541.3216479011
415295.9909361694	4568541.4602957452
415295.0005944228	4568541.5989435902
415294.0102526761	4568541.7375914343
415293.0180063265	4568541.8218626278
415292.0203908717	4568541.7528452072
415291.0227754169	4568541.6838277858
415290.0251599622	4568541.6148103643
415289.0275445074	4568541.5457929429
415288.0299290527	4568541.4767755214
415287.0323135979	4568541.4077581009
415286.0346981432	4568541.3387406794
415285.0370826884	4568541.2697232580
415284.0394672337	4568541.2007058365
415283.0418517789	4568541.1316884160
415282.0635346754	4568540.9310443308
415281.0880936733	4568540.7107834592
415280.1126526713	4568540.4905225877
415279.1372116693	4568540.2702617161
415278.1559527699	4568540.3414867623
415277.1724995813	4568540.5226491923
415276.2023486460	4568540.7478207462
415275.2832036161	4568541.1417400446
415274.3640585860	4568541.5356593430
415273.4269958643	4568541.8251246568
415272.4291157584	4568541.7600455191
415271.4312356524	4568541.6949663814
415270.4574636935	4568541.5428011846
415269.5681758910	4568541.0854531722
415268.6788880886	4568540.6281051598
415267.7198461130	4568540.5319619253
415266.7242118869	4568540.6253026333
415265.7354286700	4568540.7679923121
415264.7520202761	4568540.9493977446
415263.7686118822	4568541.1308031762
415262.7852034883	4568541.3122086087
415261.8017950944	4568541.4936140403
415260.8183867005	4568541.6750194728
415259.8349783066	4568541.8564249054
415258.8622537946	4568541.7238475261
415257.8934510902	4568541.4760142760
415256.9246483858	4568541.2281810259
415255.9297143813	4568541.1879364457
415254.9781317631	4568541.4238222698
415254.0589867328	4568541.8177415673
415253.1293141888	4568541.7552257767
415252.1929850114	4568541.4041023348
415251.2208232298	4568541.1718471460
415250.2462203108	4568541.0367588643
415249.2707793088	4568541.2570197359
415248.2941275512	4568541.4262138968
415247.3093749711	4568541.2540013427
415246.3321986069	4568541.4664309854
415245.4408465339	4568541.8643032694
415244.6313070460	4568542.4296952551
415243.6321060873	4568542.4696632940
415242.6903578335	4568542.2731783651
415241.8209012760	4568541.7791689578
415240.9514447185	4568541.2851595506
415240.0784100895	4568540.9260190902
415239.2342866241	4568541.4430253766
415238.3720489361	4568541.7550856574
415237.3727341023	4568541.7180739967
415236.3728921771	4568541.7095350288
415235.3773684341	4568541.7824247563
415234.3848828037	4568541.9047859991
415233.3923971734	4568542.0271472409
415232.3999115431	4568542.1495084837
415231.4074259128	4568542.2718697255
415230.4231599716	4568542.1460996885
415229.4409480565	4568541.9583238810
415228.4587361415	4568541.7705480736
415227.4765242265	4568541.5827722652
415226.4893066525	4568541.4557138672
415225.4896039619	4568541.4800968599
415224.4899012713	4568541.5044798525
415223.4900165676	4568541.5139355585
415222.4900165676	4568541.5139355594
415221.4900165676	4568541.5139355594
415220.4900165676	4568541.5139355604
415219.4921862136	4568541.5416906625
415218.5043334169	4568541.6970832366
415217.5164806203	4568541.8524758108
415216.5286278236	4568542.0078683849
415215.5407750269	4568542.1632609591
415214.5529222302	4568542.3186535342
415213.5668042072	4568542.4839962320
415212.5846490155	4568542.6720685037
415211.6024938237	4568542.8601407753
415210.6195569865	4568542.9832154140
415209.6331630626	4568542.8188164262
415208.6442736240	4568542.6974674417
415207.6454907246	4568542.7467900533
415206.6467078253	4568542.7961126650
415205.6479249260	4568542.8454352766
415204.6491420267	4568542.8947578892
415203.6503591274	4568542.9440805009
415202.6505689032	4568542.9621756664
415201.6506836677	4568542.9773254422
415200.6507984321	4568542.9924752191
415199.6509131966	4568543.0076249950
415198.7277379618	4568543.3098352654
415197.8535806862	4568543.7954781977
415196.9553456883	4568543.7503190525
415196.0408103507	4568543.3458130378
415195.1262750131	4568542.9413070222
415194.2117396755	4568542.5368010066
415193.2256318098	4568542.5803995971
415192.2305946196	4568542.6799033163
415191.2468466066	4568542.8340146746
415190.2939208265	4568543.1372183319
415189.3054154282	4568543.1867046542
415188.3058476737	4568543.1573056020
415187.3062799192	4568543.1279065507
415186.3067121647	4568543.0985074993
415185.3071444103	4568543.0691084471
415184.3075766558	4568543.0397093957
415183.3080089014	4568543.0103103444
415182.3084411469	4568542.9809112921
415181.3088733924	4568542.9515122408
415180.3093056380	4568542.9221131895
415179.3097378835	4568542.8927141372
415178.3643799543	4568543.1486574933
415177.4452349243	4568543.5425767917
415176.5260898943	4568543.9364960901
415175.5509192819	4568544.0422572400
415174.5511362251	4568544.0214284267
415173.5513531684	4568544.0005996134
415172.5571212376	4568543.9116953332
415171.5671717439	4568543.7702739770
415170.5746156892	4568543.6655297186
415169.5746156892	4568543.6655297186
415168.5746156892	4568543.6655297177
415167.5746156892	4568543.6655297177
415166.5887693491	4568543.8028635336
415165.6097889293	4568544.0068177870
415164.6308085094	4568544.2107720412
415163.6521031139	4568544.4160371823
415162.6736997859	4568544.6227421109
415161.6952964578	4568544.8294470403
415160.7168931298	4568545.0361519689
415159.7384898017	4568545.2428568983
415158.7441577181	4568545.2798403464
415157.7443792511	4568545.2587923780
415156.7446007841	4568545.2377444105
415155.7448223171	4568545.2166964430
415154.7450438501	4568545.1956484756
415153.7452653831	4568545.1746005071
415152.7550163896	4568545.0625573276
415151.7725691400	4568544.8760167100
415150.7901218904	4568544.6894760933
415149.8076746408	4568544.5029354766
415148.8252273912	4568544.3163948590
415147.8507923670	4568544.2768489346
415146.8944407960	4568544.5690674707
415145.9380892250	4568544.8612860059
415144.9451023740	4568544.9358866345
415143.9459680384	4568544.9628774002
415142.9486343148	4568544.8899017619
415141.9513005912	4568544.8169261236
415140.9539668677	4568544.7439504853
415139.9566331441	4568544.6709748460
415138.9592994205	4568544.5979992077
415137.9600738242	4568544.5873442199
415136.9601500234	4568544.5996889584
415135.9602262225	4568544.6120336968
415134.9603024217	4568544.6243784353
415133.9603786209	4568544.6367231738
415132.9634949212	4568544.6959704291
415131.9703443168	4568544.8128116755
415130.9948735336	4568544.9934382802
415130.0832867769	4568545.4045460336
415129.1717000202	4568545.8156537870
415128.2601132635	4568546.2267615404
415127.3582914140	4568546.1494287057
415126.4510949872	4568545.7291876338
415125.5382767356	4568545.3208215730
415124.6254584840	4568544.9124555131
415123.6334542841	4568544.9613563744
415122.6572672238	4568545.1782868328
415121.8539597094	4568545.6631712103
415121.0775955929	4568545.9538431307
415120.1128959793	4568545.6905632010
415119.1499319598	4568545.4209332746
415118.1583281133	4568545.3747174526
415117.1584903982	4568545.3927325467
415116.1586526832	4568545.4107476408
415115.1588149682	4568545.4287627349
415114.1589772532	4568545.4467778290
415113.1591395382	4568545.4647929231
415112.1593018231	4568545.4828080172
415111.1691297521	4568545.5931338826
415110.1872463804	4568545.7826201469
415109.2053630087	4568545.9721064111
415108.2234796371	4568546.1615926763
415107.2291335655	4568546.1660644449
415106.2307079234	4568546.1099731168
415105.2322822812	4568546.0538817886
415104.2338566391	4568545.9977904605
415103.2354309969	4568545.9416991323
415102.2370053547	4568545.8856078042
415101.2489215590	4568545.7335834205
415100.2614809271	4568545.5755929193
415099.2740402952	4568545.4176024180
415098.2837138294	4568545.4417689452
415097.2917640498	4568545.5684008319
415096.2998142702	4568545.6950327195
415095.3041180864	4568545.7794264238
415094.3085840502	4568545.7757093105
415093.3229617955	4568545.6067454955
415092.3373395406	4568545.4377816804
415091.3718290999	4568545.1786570465
415090.4078364813	4568544.9127280498
415089.5716176339	4568545.4415014954
415088.6518886911	4568545.6049620332
415087.6626852287	4568545.4584133727
415086.6656907983	4568545.3950639274
415085.6664772216	4568545.3554125950
415084.6672636449	4568545.3157612635
415083.6680500682	4568545.2761099311
415082.6688364916	4568545.2364585986
415081.6696229148	4568545.1968072662
415080.6704093382	4568545.1571559338
415079.6711957614	4568545.1175046014
415078.6742245552	4568545.1544850580
415077.6790391922	4568545.2524957377
415076.6838538292	4568545.3505064175
415075.6886684663	4568545.4485170962
415074.6934831033	4568545.5465277759
415073.6982977403	4568545.6445384556
415072.7031123773	4568545.7425491353
415071.7079270143	4568545.8405598151
415070.7127416513	4568545.9385704938
415069.7245935577	4568546.0910819899
415068.7357220511	4568546.1778327739
415067.7427337769	4568546.0596198840
415066.7497455027	4568545.9414069941
415065.7555031384	4568545.9297468141
415064.7600076658	4568546.0245559067
415063.7645121932	4568546.1193649992
415062.7690167206	4568546.2141740918
415061.7750565883	4568546.3224962754
415060.7836660782	4568546.4534346452
415059.7922755681	4568546.5843730140
415058.8008850580	4568546.7153113829
415057.8123522479	4568546.8661494516
415056.8241783445	4568547.0194867821
415055.8360044411	4568547.1728241118
415054.8478670881	4568547.3070455613
415053.8602867818	4568547.1499305135
415052.8727064754	4568546.9928154647
415051.8832540746	4568546.8555016508
415050.8837271115	4568546.8247469747
415049.8842001484	4568546.7939922987
415048.8846731854	4568546.7632376226
415047.8851462223	4568546.7324829465
415046.8937004121	4568546.8545756843
415045.9029888325	4568546.9905557055
415044.9122772529	4568547.1265357267
415043.9164645480	4568547.1970940148
415042.9166494080	4568547.2163212299
415041.9168342680	4568547.2355484441
415040.9198443530	4568547.2824911103
415039.9367143033	4568547.4653990259
415038.9535842536	4568547.6483069407
415037.9650958710	4568547.7731185667
415036.9650958710	4568547.7731185677
415035.9652779788	4568547.7808927689
415034.9663748045	4568547.8277163552
415033.9674716301	4568547.8745399415
415032.9685684557	4568547.9213635279
415031.9696652814	4568547.9681871142
415030.9703721382	4568547.9316692818
415029.9710745224	4568547.8941956218
415028.9717769068	4568547.8567219609
415027.9724792911	4568547.8192483000
415026.9731816753	4568547.7817746401
415025.9850455025	4568547.9067610828
415025.0002619436	4568548.0805464173
415024.0154783848	4568548.2543317508
415023.0306948259	4568548.4281170843
415022.0545484911	4568548.6368657658
415021.1021243437	4568548.9416414928
415020.1235802759	4568549.0956213353
415019.1241353690	4568549.1289361669
415018.1320745810	4568549.2381040845
415017.1449691032	4568549.3981752433
415016.1680826507	4568549.4733104669
415015.2471153995	4568549.0836704765
415014.3261481485	4568548.6940304860
415013.4051808974	4568548.3043904947
415012.4534709691	4568548.1781888083
415011.4675324114	4568548.3452970386
415010.4815938538	4568548.5124052679
415009.4956552961	4568548.6795134982
415008.5124771862	4568548.8616811819
415007.5313686331	4568549.0551392054
415006.5502600801	4568549.2485972298
415005.5691515271	4568549.4420552542
415004.5880429740	4568549.6355132787
415003.5908162888	4568549.6639134325
415002.5908162888	4568549.6639134334
415001.6067310784	4568549.5899121510
415000.6951443214	4568549.1788043985
414999.7835575644	4568548.7676966451
414998.8719708073	4568548.3565888926
414997.9150434594	4568548.2071067346
414996.9182795044	4568548.2874909248
414995.9215155494	4568548.3678751150
414994.9247515943	4568548.4482593043
414993.9265439656	4568548.5000451282
414992.9267521472	4568548.5204490433
414991.9269603287	4568548.5408529583
414990.9271685102	4568548.5612568725
414989.9273766917	4568548.5816607876
414988.9275848733	4568548.6020647017
414987.9278517391	4568548.6170906406
414986.9287432257	4568548.5748747876
414985.9296347121	4568548.5326589346
414984.9305261986	4568548.4904430816
414983.9314176851	4568548.4482272286
414982.9323091716	4568548.4060113756
414981.9332006581	4568548.3637955226
414980.9340921446	4568548.3215796696
414979.9349836311	4568548.2793638166
414978.9358751176	4568548.2371479636
414977.9360666964	4568548.2224551132
414976.9361038524	4568548.2138347439
414975.9361410085	4568548.2052143747
414974.9361781646	4568548.1965940064
414973.9362153207	4568548.1879736371
414972.9362524767	4568548.1793532679
414971.9362896328	4568548.1707328986
414970.9380231199	4568548.1348259868
414969.9446920970	4568548.0195286358
414968.9513610743	4568547.9042312847
414967.9580300514	4568547.7889339346
414966.9646990286	4568547.6736365836
414965.9713680058	4568547.5583392326
414964.9780369830	4568547.4430418815
414963.9847059601	4568547.3277445314
414963.0283703002	4568547.0410867138
414962.0759461531	4568546.7363109868
414961.1235220060	4568546.4315352589
414960.1492087874	4568546.3048611442
414959.1513286815	4568546.3699402818
414958.1534485755	4568546.4350194186
414957.1687710503	4568546.5845645200
414956.1986285501	4568546.8271001447
414955.2284860500	4568547.0696357703
414954.2671323300	4568547.3402091395
414953.3321348035	4568547.6948633734
414952.3986228950	4568547.8841054589
414951.4835503156	4568547.4860688364
414950.6318919984	4568546.9619714115
414949.7696693489	4568546.4576463187
414948.8606045261	4568546.0409916081
414947.9266004358	4568545.9418821884
414946.9636364160	4568546.2115121139
414945.9734828532	4568546.2283057310
414944.9887138968	4568546.3465498239
414944.0128500726	4568546.5648599369
414943.0333416575	4568546.6982666496
414942.0445938492	4568546.5541839954
414941.0696292958	4568546.3318236591
414940.0946647423	4568546.1094633220
414939.1197001888	4568545.8871029848
414938.1349952695	4568545.7442378318
414937.1351874479	4568545.7246337561
414936.1353796261	4568545.7050296813
414935.1362742640	4568545.6964319814
414934.1470708017	4568545.8429806428
414933.2485956899	4568546.1596152689
414932.4739806199	4568546.6997690769
414931.4853000706	4568546.7549639102
414930.5295210618	4568546.4608780621
414929.5737420529	4568546.1667922139
414928.6179630440	4568545.8727063648
414927.6420475142	4568545.6685850509
414926.6520980206	4568545.5271636946
414925.6621485269	4568545.3857423384
414924.6721990332	4568545.2443209821
414923.6733812429	4568545.2487101462
414922.6735894245	4568545.2691140603
414921.6737976060	4568545.2895179745
414920.6906608380	4568545.4485871298
414919.7144737779	4568545.6655175881
414918.7366520874	4568545.8746003695
414917.7550366977	4568546.0654700287
414916.7734213080	4568546.2563396879
414915.7758034817	4568546.2371527012
414914.7935621692	4568546.1119828764
414913.8552190524	4568545.7662775181
414912.9291408077	4568545.3890118003
414911.9884295077	4568545.2757789660
414911.0257785678	4568545.5465245442
414910.0541132083	4568545.7519240538
414909.0542172065	4568545.7512018876
414908.0948517044	4568545.4690355659
414907.1977853225	4568545.0328109981
414906.2785256650	4568544.7332618758
414905.2818410491	4568544.8146238849
414904.2851564333	4568544.8959858939
414903.2887867245	4568544.9805455506
414902.2953777886	4568545.0951696578
414901.3099975722	4568545.0748649323
414900.3371913574	4568544.8432444064
414899.3470601844	4568544.9745847220
414898.3566154239	4568545.1124947518
414897.3661706634	4568545.2504047817
414896.3757259028	4568545.3883148115
414895.3852811423	4568545.5262248414
414894.3876519942	4568545.5774450777
414893.3880170243	4568545.6044622390
414892.3895203339	4568545.5909247007
414891.3929745757	4568545.5078792218
414890.3963914542	4568545.4263840904
414889.3970021711	4568545.4613277717
414888.3976128880	4568545.4962714529
414887.3982236050	4568545.5312151341
414886.3988343218	4568545.5661588153
414885.3994450388	4568545.6011024965
414884.4000557557	4568545.6360461777
414883.4006664726	4568545.6709898589
414882.4012771895	4568545.7059335401
414881.4018879064	4568545.7408772213
414880.4024986234	4568545.7758209025
414879.4031093403	4568545.8107645838
414878.4037200572	4568545.8457082650
414877.4043307741	4568545.8806519462
414876.4049414911	4568545.9155956283
414875.4055522079	4568545.9505393095
414874.4061629249	4568545.9854829907
414873.4067736418	4568546.0204266720
414872.4073843587	4568546.0553703532
414871.4078288698	4568546.0838986458
414870.4079708671	4568546.1007501846
414869.4081128644	4568546.1176017243
414868.4082548616	4568546.1344532631
414867.4083968589	4568546.1513048029
414866.4085388562	4568546.1681563416
414865.4086808535	4568546.1850078814
414864.4088228507	4568546.2018594202
414863.4089648480	4568546.2187109599
414862.4091068452	4568546.2355624987
414861.4092488425	4568546.2524140384
414860.4093908398	4568546.2692655772
414859.4529675602	4568546.5248932634
414858.5112256491	4568546.8612296619
414857.5998101088	4568546.5801374614
414856.6955614625	4568546.1531311553
414855.7721871502	4568545.8404445536
414854.7781927096	4568545.9498751340
414853.7841982690	4568546.0593057154
414852.7902038283	4568546.1687362958
414851.7962093877	4568546.2781668771
414850.8022149471	4568546.3875974575
414849.8082205065	4568546.4970280388
414848.8150763720	4568546.5870898413
414847.8344956963	4568546.3909737067
414846.8539150206	4568546.1948575713
414845.8733343449	4568545.9987414358
414844.8825516068	4568545.8693646742
414843.8881626937	4568545.7635786198
414842.8937737805	4568545.6577925645
414841.8991858277	4568545.6891451590
414840.9044940339	4568545.7920443108
414839.9098022401	4568545.8949434618
414838.9151104463	4568545.9978426136
414837.9204186525	4568546.1007417645
414836.9257268587	4568546.2036409164
414835.9260247624	4568546.1979484269
414834.9260838309	4568546.1870795041
414833.9261428993	4568546.1762105804
414832.9262019678	4568546.1653416576
414831.9262610363	4568546.1544727348
414830.9263201048	4568546.1436038110
414829.9922959160	4568545.7941861833
414829.0613227175	4568545.4290986545
414828.1303495190	4568545.0640111258
414827.1732643725	4568544.8565642340
414826.1742958323	4568544.9019718952
414825.1753272921	4568544.9473795556
414824.1763587519	4568544.9927872168
414823.1777786606	4568545.0431623152
414822.1838949260	4568545.1535938410
414821.1900111912	4568545.2640253669
414820.2003407814	4568545.3259080853
414819.2403407812	4568545.0459080860
414818.2819850515	4568544.7603903310
414817.3253111711	4568544.4692287156
414816.3686372906	4568544.1780670993
414815.3974534133	4568544.0190882506
414814.4003989278	4568544.0957847498
414813.4033444423	4568544.1724812491
414812.4044045155	4568544.2154977145
414811.4050195217	4568544.2505638544
414810.4056345279	4568544.2856299942
414809.4136154927	4568544.2816674756
414808.4957584568	4568543.8847563248
414807.5779014210	4568543.4878451740
414806.6222778897	4568543.2611344503
414805.6226858032	4568543.2325746771
414804.6548722351	4568543.3110963479
414803.8067592933	4568543.8072984852
414802.8566561663	4568543.6991677647
414802.0170860089	4568543.1559164869
414801.0234197278	4568543.0700566284
414800.0262770398	4568542.9945155159
414799.0291343517	4568542.9189744033
414798.0319916637	4568542.8434332907
414797.0348347784	4568542.8677841015
414796.0376706579	4568542.9430417707
414795.0405065374	4568543.0182994409
414794.0553269314	4568543.1479028063
414793.1189977539	4568543.4990262482
414792.1826685764	4568543.8501496902
414791.3065672078	4568544.3315862464
414790.3873204931	4568544.3104394190
414789.4411565080	4568543.9867517408
414788.4947687836	4568543.6638551168
414787.5192326455	4568543.4440159872
414786.5436965073	4568543.2241768576
414785.5681603690	4568543.0043377271
414784.5926242308	4568542.7844985975
414783.6161845122	4568542.5688267406
414782.6372040925	4568542.3648724863
414781.6582236729	4568542.1609182321
414780.6789399840	4568541.9821558176
414779.6953334267	4568542.1624836866
414778.7117268693	4568542.3428115556
414777.7281203119	4568542.5231394246
414776.7436703817	4568542.6772075333
414775.7505197772	4568542.5603662869
414774.7573691728	4568542.4435250405
414773.7968314009	4568542.1729311803
414772.8417672644	4568541.8765319642
414771.8573390671	4568541.9721131874
414770.8687744682	4568542.1229111776
414769.8802098693	4568542.2737091677
414768.8916452704	4568542.4245071579
414767.8937814788	4568542.4889654629
414766.8957783657	4568542.5521302177
414765.8977752525	4568542.6152949715
414764.8997721393	4568542.6784597253
414763.9017690262	4568542.7416244792
414762.9028549008	4568542.7179401321
414761.9037463873	4568542.6757242791
414760.9046378738	4568542.6335084261
414759.9055293603	4568542.5912925731
414758.9154661180	4568542.6157177370
414757.9637575003	4568542.9227205170
414757.0105531403	4568543.2243244443
414756.0365451133	4568543.4508379400
414755.0625370863	4568543.6773514347
414754.0960360727	4568543.7938311845
414753.1618176865	4568543.4371296186
414752.2275993004	4568543.0804280527
414751.2933809143	4568542.7237264868
414750.3365433343	4568542.5089943260
414749.3377309831	4568542.5577168800
414748.3389186320	4568542.6064394331
414747.3401062808	4568542.6551619871
414746.3412939298	4568542.7038845411
414745.3424815786	4568542.7526070941
414744.3430031788	4568542.7848907057
414743.3435230645	4568542.8171319999
414742.3440429501	4568542.8493732931
414741.3445628358	4568542.8816145873
414740.3450827214	4568542.9138558805
414739.3456026071	4568542.9460971747
414738.3471544285	4568543.0014276085
414737.3487830941	4568543.0584773999
414736.3658784301	4568542.9337017983
414735.3914872346	4568542.7088422906
414734.4566000100	4568543.0185318971
414733.5258485166	4568543.3841842692
414732.5950970231	4568543.7498366414
414731.6643455298	4568544.1154890144
414730.6662637698	4568544.0848835586
414729.6669750074	4568544.0471745487
414728.6676862451	4568544.0094655398
414727.6691300987	4568544.0255602784
414726.6712385547	4568544.0904637929
414725.6733470106	4568544.1553673083
414724.6754554665	4568544.2202708237
414723.6775639224	4568544.2851743391
414722.6796723784	4568544.3500778535
414721.6817808344	4568544.4149813689
414720.6838892903	4568544.4798848843
414719.6849864305	4568544.5172265694
414718.6850217368	4568544.5256296340
414717.6850570432	4568544.5340326978
414716.6850923496	4568544.5424357625
414715.6851276559	4568544.5508388262
414714.6851629623	4568544.5592418909
414713.6851982686	4568544.5676449556
414712.6852335750	4568544.5760480193
414711.6936664174	4568544.6888088286
414710.7052247200	4568544.8404103164
414709.7167830227	4568544.9920118032
414708.7283413254	4568545.1436132910
414707.7398996281	4568545.2952147787
414706.7514579307	4568545.4468162656
414705.7630162334	4568545.5984177534
414704.7745745361	4568545.7500192411
414703.7861328388	4568545.9016207280
414702.7976911415	4568546.0532222157
414701.8092494441	4568546.2048237026
414700.8095162212	4568546.2083228156
414699.8095162212	4568546.2083228156
414698.8095162212	4568546.2083228156
414697.8095162212	4568546.2083228156
414696.8095162212	4568546.2083228156
414695.8111469263	4568546.1895445753
414694.8261164592	4568546.0171642434
414693.8410859920	4568545.8447839115
414692.8699748984	4568545.8889633166
414691.9151181221	4568546.1860298691
414690.9602613459	4568546.4830964217
414689.9889123710	4568546.6932781758
414688.9916160479	4568546.7667631675
414687.9943197249	4568546.8402481601
414686.9970234019	4568546.9137331527
414685.9997270789	4568546.9872181443
414685.0024307558	4568547.0607031370
414684.0173725852	4568547.1871645115
414683.0888958941	4568547.5585551877
414682.1604192031	4568547.9299458629
414681.2089949539	4568547.8331614612
414680.2486487273	4568547.5543512655
414679.2648265976	4568547.4133574674
414678.2663326679	4568547.3584951647
414677.2678387382	4568547.3036328610
414676.2693448084	4568547.2487705573
414675.2708508788	4568547.1939082537
414674.2723569491	4568547.1390459500
414673.2916450214	4568547.2790948376
414672.3195628128	4568547.5137353707
414671.3285699140	4568547.5320974728
414670.4438855063	4568547.1334970994
414669.4872980158	4568547.0072189784
414668.4875448380	4568547.0294357156
414667.4877916602	4568547.0516524529
414666.4880384823	4568547.0738691892
414665.4882853045	4568547.0960859265
414664.4885321266	4568547.1183026638
414663.5183885559	4568547.3473845068
414662.5525457185	4568547.6065130718
414661.5843652984	4568547.8545963233
414660.5963532647	4568548.0089732045
414659.6083412311	4568548.1633500857
414658.6348326024	4568547.9367134720
414657.6614154341	4568547.7076741382
414656.6708644103	4568547.5904390663
414655.6735306866	4568547.5174634280
414654.6761969630	4568547.4444877906
414653.6788632394	4568547.3715121523
414652.6815295158	4568547.2985365139
414651.6854230324	4568547.2908030115
414650.6915392977	4568547.4012345374
414649.6976555631	4568547.5116660642
414648.7037718284	4568547.6220975900
414647.7098880937	4568547.7325291159
414646.7163192110	4568547.8452292923
414645.7299252872	4568548.0096282791
414644.7435313633	4568548.1740272669
414643.7571374395	4568548.3384262538
414642.7730048235	4568548.5124702249
414641.8163309432	4568548.8036318412
414640.8537558198	4568548.8196331942
414639.8854784963	4568548.5697551733
414638.9232777587	4568548.2986471765
414637.9694285079	4568547.9983613007
414637.0155792571	4568547.6980754258
414636.0617300063	4568547.3977895509
414635.0801161509	4568547.4095529094
414634.0882344863	4568547.5367172258
414633.1055978375	4568547.7011527028
414632.1692686597	4568548.0522761438
414631.2329394819	4568548.4033995848
414630.2375203519	4568548.4598392639
414629.2427776769	4568548.4498803830
414628.2693605087	4568548.2208410483
414627.2959433404	4568547.9918017145
414626.2990899742	4568547.9397261748
414625.2996098598	4568547.9074848806
414624.3001297455	4568547.8752435874
414623.3006496312	4568547.8430022933
414622.3159290529	4568547.9988147914
414621.3337171378	4568548.1865905989
414620.3515052226	4568548.3743664054
414619.3692933074	4568548.5621422129
414618.3810415012	4568548.6819530753
414617.3811090985	4568548.6703259544
414616.3811766957	4568548.6586988345
414615.3812442930	4568548.6470717136
414614.3813118902	4568548.6354445927
414613.3813794875	4568548.6238174718
414612.4109212079	4568548.8266932629
414611.4511838008	4568549.1075920165
414610.4914463937	4568549.3884907700
414609.5151778886	4568549.6044848636
414608.5679083354	4568549.5531231714
414607.6746071112	4568549.3086221432
414606.8309456241	4568549.8454976361
414605.9449410328	4568550.2992210099
414605.0145326399	4568550.6657455275
414604.0719042561	4568550.9679098958
414603.0719042561	4568550.9679098958
414602.1319952849	4568550.6892844867
414601.2208873620	4568550.2771166172
414600.3097794390	4568549.8649487477
414599.3394390506	4568549.7512035603
414598.3399820207	4568549.7841526931
414597.3405249908	4568549.8171018260
414596.3410679609	4568549.8500509588
414595.3416109309	4568549.8830000916
414594.3421539010	4568549.9159492245
414593.3461946940	4568550.0002437206
414592.3515029002	4568550.1031428715
414591.3568111064	4568550.2060420224
414590.3621193125	4568550.3089411734
414589.3629963863	4568550.3469697163
414588.3635514793	4568550.3802845469
414587.3745696492	4568550.5271983910
414586.3858541450	4568550.6770037701
414585.3971386407	4568550.8268091492
414584.4084231364	4568550.9766145293
414583.4197076322	4568551.1264199084
414582.4309921279	4568551.2762252875
414581.4404539364	4568551.3055821527
414580.4476583234	4568551.1857619928
414579.4548627104	4568551.0659418320
414578.4620670974	4568550.9461216722
414577.4786390033	4568551.0354190059
414576.5005330743	4568551.2435266497
414575.5224271453	4568551.4516342944
414574.5332710990	4568551.5547083030
414573.5332710990	4568551.5547083030
414572.5332710990	4568551.5547083020
414571.5332710990	4568551.5547083020
414570.5334985242	4568551.5657203803
414569.5343511993	4568551.6070074597
414568.5352038742	4568551.6482945392
414567.5360565492	4568551.6895816186
414566.5369092242	4568551.7308686981
414565.5377618992	4568551.7721557776
414564.5386145742	4568551.8134428570
414563.5394672492	4568551.8547299365
414562.5403199242	4568551.8960170159
414561.5411725992	4568551.9373040954
414560.5420252742	4568551.9785911748
414559.5428779492	4568552.0198782543
414558.5437306242	4568552.0611653337
414557.5445832992	4568552.1024524132
414556.5454359742	4568552.1437394926
414555.5462886492	4568552.1850265721
414554.5467363911	4568552.2067065313
414553.5467363911	4568552.2067065313
414552.5467363911	4568552.2067065313
414551.8850798243	4568552.8938357020
414551.0050222882	4568553.3065109681
414550.0541418629	4568553.5362625727
414549.0906239533	4568553.2686187085
414548.1312915685	4568552.9863705495
414547.1722738604	4568552.7030244088
414546.2132561523	4568552.4196782680
414545.2177343287	4568552.4630195554
414544.2198282139	4568552.5276986556
414543.2219220991	4568552.5923777558
414542.2240159842	4568552.6570568550
414541.2261098694	4568552.7217359552
414540.2282037545	4568552.7864150554
414539.2302976398	4568552.8510941556
414538.2324349055	4568552.9164386606
414537.2345779565	4568552.9818719029
414536.2367210075	4568553.0473051462
414535.2388640584	4568553.1127383895
414534.2390856457	4568553.1195040569
414533.2390856457	4568553.1195040559
414532.2576146261	4568553.2427285872
414531.3018356173	4568553.5368144363
414530.3946589598	4568553.9470780212
414529.5363576195	4568553.7356616287
414528.6245806038	4568553.3783746483
414527.6356442509	4568553.2300341949
414526.6467078980	4568553.0816937424
414525.6721537224	4568552.8603554703
414524.7008564108	4568552.6224867413
414523.7295590992	4568552.3846180113
414522.7626464348	4568552.4137749104
414521.7996824153	4568552.6834048368
414520.8896072320	4568553.0924533922
414519.9900990734	4568553.5293573542
414519.0622627998	4568553.8662088756
414518.0672256096	4568553.9657125939
414517.0916083837	4568553.9161538081
414516.1552792062	4568553.5650303662
414515.2125139624	4568553.2455757800
414514.2134054489	4568553.2033599271
414513.2142969354	4568553.1611440750
414512.2151884219	4568553.1189282220
414511.2160799083	4568553.0767123699
414510.2232455905	4568552.9753393820
414509.2375091650	4568552.8070429191
414508.2517727395	4568552.6387464562
414507.2921744049	4568552.8315444505
414506.3409515859	4568553.1400491484
414505.3789377905	4568553.3803033475
414504.3789377905	4568553.3803033484
414503.4025863123	4568553.2345745917
414502.4539030143	4568552.9183468260
414501.5052197164	4568552.6021190593
414500.5243283372	4568552.6430843845
414499.5343788433	4568552.7845057398
414498.5629759460	4568553.0206070645
414497.5836241968	4568553.2017020090
414496.5904819079	4568553.2199771935
414495.6579138094	4568552.8589830911
414494.7253457110	4568552.4979889896
414493.7329393134	4568552.4085601345
414492.7350140045	4568552.3441778552
414491.7354433029	4568552.3560414929
414490.7356695729	4568552.3773132749
414489.7358958428	4568552.3985850569
414488.8345558407	4568552.7934743529
414487.9335786977	4568552.4904493717
414487.0293300512	4568552.0634430656
414486.0995471131	4568551.7503077723
414485.0995471131	4568551.7503077732
414484.0995471131	4568551.7503077732
414483.1440959027	4568552.0431352472
414482.1893378395	4568552.3405189067
414481.2345797763	4568552.6379025653
414480.2798217130	4568552.9352862248
414479.2913728254	4568553.0632556994
414478.2954796189	4568553.1537914453
414477.2995864124	4568553.2443271913
414476.3352084292	4568552.9946977720
414475.3728990259	4568552.7227407675
414474.4105896226	4568552.4507837621
414473.4229366236	4568552.3062923197
414472.4339563629	4568552.3842772590
414471.4467152421	4568552.5435096966
414470.6082683303	4568553.0248477468
414469.8470250998	4568553.6733142016
414469.0052087705	4568554.1346751787
414468.0110017229	4568554.2421570206
414467.0167946753	4568554.3496388635
414466.1586367770	4568553.8684261823
414465.3124039365	4568553.3356129136
414464.3876608211	4568552.9631339852
414463.4801948690	4568552.8997549377
414462.6437337394	4568553.4477811949
414461.7987482734	4568553.9650082234
414460.7995473147	4568553.9250401855
414459.8003463560	4568553.8850721465
414458.8011453972	4568553.8451041086
414457.8488634434	4568553.5667995727
414456.9090700200	4568553.2250565095
414455.9648285571	4568552.8960799985
414455.0161452591	4568552.5798522327
414454.0674619611	4568552.2636244660
414453.0989463267	4568552.1060553920
414452.1016126031	4568552.1790310303
414451.1042788796	4568552.2520066695
414450.1329899833	4568552.4717139276
414449.1714660357	4568552.7464350555
414448.2099420880	4568553.0211561834
414447.2484181404	4568553.2958773114
414446.2512763646	4568553.3326478656
414445.2514543163	4568553.3515124321
414444.2516322681	4568553.3703769995
414443.2518102199	4568553.3892415660
414442.2519881717	4568553.4081061324
414441.2521661234	4568553.4269706998
414440.2524688586	4568553.4433848318
414439.2597350764	4568553.3230534652
414438.2670012943	4568553.2027220977
414437.2810272824	4568553.3324668882
414436.2877192081	4568553.4404895818
414435.2911734498	4568553.5235350607
414434.2946276915	4568553.6065805405
414433.2980819333	4568553.6896260194
414432.2990978910	4568553.6836073846
414431.2995011852	4568553.6552097509
414430.2999044793	4568553.6268121172
414429.3003077734	4568553.5984144835
414428.3007110675	4568553.5700168507
414427.3011143617	4568553.5416192170
414426.3015176558	4568553.5132215833
414425.3019209499	4568553.4848239496
414424.3023242440	4568553.4564263159
414423.3027275381	4568553.4280286822
414422.3031308323	4568553.3996310486
414421.3034455462	4568553.3853723994
414420.3035714986	4568553.4012434166
414419.3036974512	4568553.4171144329
414418.3038234037	4568553.4329854492
414417.3039493562	4568553.4488564664
414416.3040753087	4568553.4647274828
414415.3042012612	4568553.4805984991
414414.3043272138	4568553.4964695154
414413.3044531663	4568553.5123405326
414412.3045791188	4568553.5282115489
414411.3047050713	4568553.5440825652
414410.3048310238	4568553.5599535825
414409.3049569763	4568553.5758245988
414408.3050829288	4568553.5916956151
414407.3052088814	4568553.6075666323
414406.3053348339	4568553.6234376486
414405.3054607864	4568553.6393086649
414404.3059319264	4568553.6126367720
414403.3064470571	4568553.5805432210
414402.3069621878	4568553.5484496709
414401.3074773185	4568553.5163561199
414400.3079924492	4568553.4842625689
414399.3085075799	4568553.4521690179
414398.3090227106	4568553.4200754669
414397.3095378413	4568553.3879819158
414396.3100529719	4568553.3558883648
414395.3105681026	4568553.3237948138
414394.3110832333	4568553.2917012628
414393.3115983640	4568553.2596077127
414392.3121134947	4568553.2275141617
414391.3126286253	4568553.1954206107
414390.3133662503	4568553.1572600547
414389.3142154172	4568553.1160579585
414388.3150645841	4568553.0748558631
414387.3159137510	4568553.0336537668
414386.3167629179	4568552.9924516706
414385.3176120849	4568552.9512495743
414384.3184612518	4568552.9100474780
414383.3193104186	4568552.8688453818
414382.3201595856	4568552.8276432855
414381.3210087525	4568552.7864411902
414380.3218579194	4568552.7452390939
414379.3227070863	4568552.7040369976
414378.3235753520	4568552.6636738125
414377.3273347638	4568552.7503034286
414376.3310941756	4568552.8369330447
414375.3348535874	4568552.9235626608
414374.3386129992	4568553.0101922769
414373.3423724110	4568553.0968218930
414372.3461318228	4568553.1834515091
414371.3663553971	4568552.9863393195
414370.3868204784	4568552.7850650214
414369.4072855597	4568552.5837907232
414368.4277506410	4568552.3825164251
414367.4477081091	4568552.2295618309
414366.4641609428	4568552.4102133512
414365.4806137765	4568552.5908648707
414364.4970666102	4568552.7715163911
414363.4990868074	4568552.7879463052
414362.4991068357	4568552.7816173183
414361.4991268639	4568552.7752883304
414360.4991468921	4568552.7689593434
414359.4991669203	4568552.7626303565
414358.4991869486	4568552.7563013695
414357.4992069768	4568552.7499723816
414356.4992270051	4568552.7436433947
414355.4992470333	4568552.7373144077
414354.4992670616	4568552.7309854208
414353.4997650912	4568552.7520582741
414352.5006142581	4568552.7932603694
414351.5014634250	4568552.8344624657
414350.5023125919	4568552.8756645620
414349.5031617588	4568552.9168666573
414348.5040109257	4568552.9580687536
414347.5048530824	4568552.9990994036
414346.5056738385	4568553.0396066708
414345.5064945947	4568553.0801139371
414344.5073153508	4568553.1206212044
414343.5081361070	4568553.1611284716
414342.5098450028	4568553.1526450785
414341.5127905173	4568553.0759485792
414340.5157360318	4568552.9992520809
414339.5200745400	4568552.9308858067
414338.6022175039	4568553.3277969575
414337.6843604678	4568553.7247081073
414336.7471317727	4568554.0653695948
414335.7795145004	4568554.3177914917
414334.8953235873	4568553.9417831833
414333.9925690584	4568553.5693954481
414332.9928762728	4568553.5446096761
414331.9931834873	4568553.5198239041
414330.9934907017	4568553.4950381322
414329.9937979161	4568553.4702523611
414328.9941051306	4568553.4454665892
414327.9944123450	4568553.4206808172
414326.9947195594	4568553.3958950462
414325.9949841022	4568553.3875753125
414324.9951762805	4568553.4071793882
414323.9953684589	4568553.4267834630
414322.9975638181	4568553.4588248562
414322.0421611770	4568553.7541311271
414321.0867585360	4568554.0494373972
414320.1313558949	4568554.3447436681
414319.1750390543	4568554.4707657080
414318.2165026979	4568554.1857954394
414317.2579663416	4568553.9008251717
414316.2715545353	4568553.9178310698
414315.2770490824	4568554.0225158548
414314.2825436295	4568554.1272006389
414313.2880381765	4568554.2318854230
414312.2935327236	4568554.3365702080
414311.2990272707	4568554.4412549920
414310.3112746807	4568554.3858663747
414309.3291194888	4568554.1977941040
414308.3469642969	4568554.0097218342
414307.3750613866	4568554.0240850225
414306.4169325249	4568554.3104223832
414305.4588036632	4568554.5967597440
414304.5006748014	4568554.8830971057
414303.5425459396	4568555.1694344664
414302.5844170779	4568555.4557718271
414301.6051044305	4568555.6017433461
414300.6051465119	4568555.6109172720
414299.6051885932	4568555.6200911971
414298.6052306745	4568555.6292651230
414297.6052727559	4568555.6384390490
414296.6053148372	4568555.6476129750
414295.6053569186	4568555.6567869000
414294.6069645658	4568555.6978127714
414293.6109268605	4568555.7867447091
414292.6148891552	4568555.8756766478
414291.6188514499	4568555.9646085864
414290.6246515432	4568555.9049936552
414289.6311188706	4568555.7914470639
414288.6375861980	4568555.6779004727
414287.6440535253	4568555.5643538814
414286.6505208527	4568555.4508072902
414285.6569881800	4568555.3372606980
414284.6634555075	4568555.2237141067
414283.7257209324	4568555.5213805381
414282.7983704999	4568555.8955745725
414281.8710200674	4568556.2697686069
414280.9436696348	4568556.6439626412
414279.9661737629	4568556.5730862208
414278.9788093121	4568556.4146203212
414277.9914448613	4568556.2561544217
414277.0040804104	4568556.0976885231
414276.0167159596	4568555.9392226236
414275.0272894780	4568555.9208578756
414274.0356890667	4568556.0501970593
414273.0440886554	4568556.1795362430
414272.0486531554	4568556.2556976648
414271.0487551806	4568556.2699819217
414270.0488572058	4568556.2842661785
414269.0489592310	4568556.2985504353
414268.0490612562	4568556.3128346922
414267.0490716892	4568556.3142953822
414266.0490716892	4568556.3142953822
414265.0490716892	4568556.3142953822
414264.0490716892	4568556.3142953832
414263.0490716892	4568556.3142953832
414262.0490716892	4568556.3142953832
414261.0663570598	4568556.4764208300
414260.0888360156	4568556.6872587018
414259.1113149714	4568556.8980965735
414258.1267765991	4568557.0616397187
414257.1301504511	4568557.1437148126
414256.1335243031	4568557.2257899074
414255.1368981551	4568557.3078650022
414254.1402720071	4568557.3899400970
414253.1436458592	4568557.4720151918
414252.1443570464	4568557.4976090230
414251.1444296181	4568557.5096563427
414250.1445021896	4568557.5217036614
414249.1445747612	4568557.5337509802
414248.1446473327	4568557.5457982989
414247.1448392727	4568557.5422857450
414246.1452143665	4568557.5148987621
414245.1455894602	4568557.4875117783
414244.1459645540	4568557.4601247944
414243.1463396478	4568557.4327378105
414242.1903256648	4568557.1911598165
414241.2595741714	4568556.8255074434
414240.2823026700	4568556.7054943219
414239.2823026700	4568556.7054943219
414238.2823026700	4568556.7054943219
414237.2857520441	4568556.7884227745
414236.2892062858	4568556.8714682544
414235.3107058247	4568557.0612922544
414234.3422128919	4568557.3103332939
414233.3647851523	4568557.4957891013
414232.3651636933	4568557.5233016182
414231.3655422342	4568557.5508141359
414230.3659207752	4568557.5783266528
414229.3662993161	4568557.6058391705
414228.3666778571	4568557.6333516873
414227.3670563980	4568557.6608642042
414226.3745826907	4568557.6333908858
414225.4152171891	4568557.3512245622
414224.4558516874	4568557.0690582385
414223.4964861858	4568556.7868919149
414222.5371206841	4568556.5047255903
414221.5777551825	4568556.2225592667
414220.6467469438	4568556.2373378677
414219.7581262868	4568556.6959807873
414218.8554716264	4568557.0996298697
414217.8557419332	4568557.1228793981
414216.8560122401	4568557.1461289264
414215.8562825469	4568557.1693784539
414214.8565528537	4568557.1926279822
414213.8568231605	4568557.2158775097
414212.8818708927	4568557.0684299609
414211.9300103349	4568556.7618985940
414210.9781497771	4568556.4553672280
414210.0262892194	4568556.1488358611
414209.1038703522	4568555.7711761491
414208.2138269875	4568555.3153002793
414207.3237836228	4568554.8594244095
414206.3819876262	4568554.6341028782
414205.3824911509	4568554.6658329256
414204.3829946756	4568554.6975629721
414203.3834982004	4568554.7292930195
414202.3868932983	4568554.7966551445
414201.3953588369	4568554.9264989430
414200.4038243756	4568555.0563427405
414199.4122899143	4568555.1861865390
414198.4207554530	4568555.3160303375
414197.4292209916	4568555.4458741359
414196.4327123846	4568555.4068767959
414195.4352536848	4568555.3356297463
414194.4377949849	4568555.2643826958
414193.4403362851	4568555.1931356462
414192.4428775853	4568555.1218885966
414191.4484692764	4568555.0232335329
414190.4597537722	4568554.8734281538
414189.4710382680	4568554.7236227747
414188.4823227637	4568554.5738173947
414187.4936072596	4568554.4240120156
414186.5048917553	4568554.2742066355
414185.5161762511	4568554.1244012564
414184.5274607469	4568553.9745958773
414183.5387452427	4568553.8247904973
414182.5543522748	4568553.8931735866
414181.5723458279	4568554.0820209812
414180.5903393810	4568554.2708683750
414179.6083044093	4568554.3874339089
414178.6261492175	4568554.1993616382
414177.6439940257	4568554.0112893665
414176.6610319267	4568553.8284834186
414175.6676229908	4568553.7138593104
414174.6742140549	4568553.5992352031
414173.6808051191	4568553.4846110949
414172.6873961832	4568553.3699869867
414171.6939872473	4568553.2553628795
414170.6993565518	4568553.1519053066
414169.7046647580	4568553.0490061557
414168.7099729642	4568552.9461070048
414167.7152811703	4568552.8432078538
414166.7205893765	4568552.7403087029
414165.7345607390	4568552.7330262624
414164.7745607390	4568553.0130262626
414163.8145607391	4568553.2930262629
414162.8545607391	4568553.5730262622
414161.8557625080	4568553.6154602477
414160.8565615492	4568553.6554282857
414159.8573605905	4568553.6953963237
414158.9038754950	4568553.4509906061
414157.9675463175	4568553.0998671642
414157.0033066637	4568552.9857803509
414156.0110287870	4568553.1098150853
414155.0187509103	4568553.2338498207
414154.0264730336	4568553.3578845551
414153.0341951569	4568553.4819192905
414152.0360838893	4568553.4985150322
414151.0362098419	4568553.4826440150
414150.0363357943	4568553.4667729987
414149.0364617469	4568553.4509019814
414148.0956476655	4568553.1724627130
414147.1852811880	4568552.7586597688
414146.2523805782	4568552.5162328156
414145.2876173384	4568552.7293519266
414144.5041196590	4568553.3507466372
414143.7206219797	4568553.9721413478
414142.7883658335	4568554.1194521617
414141.7903132550	4568554.0570738753
414140.7922606765	4568553.9946955899
414139.7934029274	4568553.9494079016
414138.7939064522	4568553.9176778551
414137.7944099768	4568553.8859478077
414136.7949135016	4568553.8542177612
414135.7986508070	4568553.8922670679
414134.8063729301	4568554.0163018014
414133.8140950534	4568554.1403365359
414132.8316613104	4568554.3114322051
414131.8728631980	4568554.5955205355
414131.0951818725	4568555.1279023886
414130.5318450478	4568555.9541297313
414129.6545226913	4568556.1415037531
414128.7357749618	4568555.8152590822
414127.8659020421	4568555.3223539582
414126.9505870097	4568554.9196153441
414126.0170501015	4568554.6597293019
414125.0299446237	4568554.8198004607
414124.0428391460	4568554.9798716195
414123.0466646872	4568555.0574637223
414122.0483617463	4568555.1156980600
414121.0500588054	4568555.1739323987
414120.0517558645	4568555.2321667364
414119.0534529236	4568555.2904010750
414118.0551499827	4568555.3486354128
414117.0568470417	4568555.4068697514
414116.0585441008	4568555.4651040891
414115.0593677165	4568555.5055719884
414114.0601667578	4568555.5455400273
414113.0609657991	4568555.5855080653
414112.0617648404	4568555.6254761042
414111.0625638817	4568555.6654441422
414110.0633629230	4568555.7054121811
414109.0640584203	4568555.7124233367
414108.0646260467	4568555.6787346052
414107.0651936731	4568555.6450458737
414106.0657612995	4568555.6113571422
414105.0663289259	4568555.5776684107
414104.0668965524	4568555.5439796792
414103.0685918468	4568555.5756151257
414102.0709177219	4568555.6437791958
414101.0732435970	4568555.7119432669
414100.0755694722	4568555.7801073371
414099.0778953473	4568555.8482714081
414098.0802212224	4568555.9164354792
414097.0825470975	4568555.9845995493
414096.0848729726	4568556.0527636204
414095.0871988477	4568556.1209276905
414094.0895247229	4568556.1890917616
414093.0915721555	4568556.2490955610
414092.0915721555	4568556.2490955610
414091.0915721555	4568556.2490955610
414090.0915721555	4568556.2490955610
414089.0924084339	4568556.2097726874
414088.0933125933	4568556.1672579721
414087.0942167525	4568556.1247432558
414086.1595206007	4568556.4466615776
414085.2355037678	4568556.8290133690
414084.2579838062	4568557.0158545915
414083.2680343125	4568557.1572759477
414082.2780848189	4568557.2986973030
414081.2822632685	4568557.3574925512
414080.2822632685	4568557.3574925512
414079.2941626527	4568557.2647373900
414078.3265453804	4568557.0123154921
414077.3589281080	4568556.7598935952
414076.3827047731	4568556.5811816640
414075.3829629376	4568556.6039030692
414074.3832211021	4568556.6266244752
414073.3847992566	4568556.6739335489
414072.3883709517	4568556.7583766254
414071.3919426468	4568556.8428197019
414070.3955143419	4568556.9272627784
414069.3977739308	4568556.9918734496
414068.3989057931	4568557.0394385997
414067.4000376554	4568557.0870037489
414066.4011695177	4568557.1345688980
414065.4020036637	4568557.1493825540
414064.4024359092	4568557.1199835027
414063.4033267388	4568557.1117797624
414062.4059659506	4568557.1843845714
414061.4086051624	4568557.2569893794
414060.4112443743	4568557.3295941884
414059.4138835860	4568557.4021989964
414058.4165227979	4568557.4748038044
414057.4191620097	4568557.5474086134
414056.4218012215	4568557.6200134214
414055.4244404334	4568557.6926182304
414054.4270796452	4568557.7652230384
414053.4297188570	4568557.8378278464
414052.4323580688	4568557.9104326554
414051.4349972806	4568557.9830374634
414050.4376364924	4568558.0556422723
414049.4402757043	4568558.1282470804
414048.4429149161	4568558.2008518893
414047.4455541279	4568558.2734566974
414046.4492956090	4568558.3562429240
414045.4595051025	4568558.4987727571
414044.4697145960	4568558.6413025893
414043.4799240895	4568558.7838324225
414042.4901335830	4568558.9263622556
414041.5003430765	4568559.0688920878
414040.5105525700	4568559.2114219209
414039.5207620635	4568559.3539517540
414038.5309715570	4568559.4964815872
414037.5361522800	4568559.5972948475
414036.5408451182	4568559.6940608220
414035.5455379564	4568559.7908267956
414034.5502307947	4568559.8875927702
414033.5541130877	4568559.9718768038
414032.5546501447	4568560.0046460805
414031.5551872017	4568560.0374153573
414030.5557242586	4568560.0701846341
414029.5569335440	4568560.1143073430
414028.5605868949	4568560.1997084841
414027.5642402459	4568560.2851096261
414026.5678935969	4568560.3705107672
414025.5715469478	4568560.4559119083
414024.5752002988	4568560.5413130494
414023.5788536497	4568560.6267141905
414022.5825070007	4568560.7121153325
414021.5861603516	4568560.7975164736
414020.5899274234	4568560.8724722536
414019.5956762831	4568560.7653990546
414018.6014251429	4568560.6583258547
414017.6071740026	4568560.5512526557
414016.6129228623	4568560.4441794557
414015.6186717220	4568560.3371062567
414014.6244205817	4568560.2300330568
414013.6301694414	4568560.1229598578
414012.6359183011	4568560.0158866579
414011.6386678802	4568559.9722705940
414010.6387500529	4568559.9850900527
414009.6388322255	4568559.9979095124
414008.6389143982	4568560.0107289711
414007.6389965708	4568560.0235484308
414006.6498539957	4568560.1279903948
414005.6742442397	4568560.3475025902
414004.6986344836	4568560.5670147846
414003.7855422876	4568560.9618766503
414002.8605686879	4568561.3082023114
414001.8682908113	4568561.4322370468
414001.0680638865	4568560.9634407898
414000.2505206661	4568560.4266112261
413999.2794567534	4568560.3808031129
413998.3189706885	4568560.6245235205
413997.4168364670	4568561.0559790172
413996.5197601581	4568561.4977761228
413995.6790034555	4568562.0294708721
413994.8941206897	4568562.6491151601
413993.9292328576	4568562.5333025092
413993.0468243696	4568562.1251747366
413992.2627372275	4568561.5059307572
413991.6430929392	4568560.7210479910
413990.8517271445	4568560.3120408049
413989.8527494584	4568560.3561588358
413988.8532373823	4568560.3249240834
413987.8537253062	4568560.2936893301
413986.8640424527	4568560.1536149299
413985.8751060998	4568560.0052744774
413984.8861697468	4568559.8569340250
413983.8972333939	4568559.7085935725
413982.9082970410	4568559.5602531191
413981.9589662697	4568559.2657981580
413981.0141979564	4568559.0160611216
413980.0207178849	4568559.1300670318
413979.0272378134	4568559.2440729421
413978.0337577419	4568559.3580788523
413977.0469545173	4568559.5073838737
413976.0804693903	4568559.7641064860
413975.1139842634	4568560.0208290974
413974.1474991364	4568560.2775517087
413973.1810140094	4568560.5342743210
413972.2118394729	4568560.7806319203
413971.2424620355	4568561.0262075374
413970.2730845982	4568561.2717831554
413969.3037071608	4568561.5173587725
413968.3343297235	4568561.7629343905
413967.3423070699	4568561.7022482958
413966.3473530059	4568561.6019167937
413965.3523989418	4568561.5015852917
413964.3574448776	4568561.4012537897
413963.3624908136	4568561.3009222876
413962.3675367495	4568561.2005907847
413961.3725826853	4568561.1002592826
413960.3781537228	4568561.0216267314
413959.3892173698	4568561.1699671838
413958.4002810169	4568561.3183076363
413957.4113446640	4568561.4666480888
413956.4627300900	4568561.6916183867
413955.7804118403	4568562.4226736557
413954.8593343420	4568562.7186554000
413953.8762042924	4568562.9015633157
413952.8930742429	4568563.0844712313
413951.9016358670	4568562.9757877225
413950.9096860874	4568562.8491558358
413949.9177363077	4568562.7225239500
413948.9190793025	4568562.7202741439
413947.9192641624	4568562.7395013571
413946.9194490224	4568562.7587285712
413945.9393919636	4568562.9029851109
413944.9823675591	4568563.1929925056
413944.0253431547	4568563.4829999013
413943.0683187502	4568563.7730072960
413942.1112943457	4568564.0630146917
413941.1218386027	4568564.2049721098
413940.1313704280	4568564.3250999236
413939.1434509017	4568564.1701321555
413938.1555313753	4568564.0151643865
413937.1676118489	4568563.8601966174
413936.1781158123	4568563.7158140671
413935.1879140162	4568563.5761702247
413934.1977122200	4568563.4365263814
413933.2075104239	4568563.2968825381
413932.2173086278	4568563.1572386948
413931.2218557099	4568563.0807320671
413930.2221899656	4568563.0548786428
413929.2225242213	4568563.0290252184
413928.2228584769	4568563.0031717941
413927.2231927325	4568562.9773183698
413926.2235269881	4568562.9514649455
413925.2238612438	4568562.9256115211
413924.2241954994	4568562.8997580968
413923.2732636550	4568563.2071408415
413922.3228665259	4568563.5181799019
413921.3724693969	4568563.8292189622
413920.4121701892	4568564.0543625299
413919.4159296010	4568563.9677329138
413918.5914294038	4568563.4763003588
413917.8368238818	4568562.8201216431
413916.9153782693	4568562.5147154899
413915.9301665145	4568562.3433743156
413914.9449547596	4568562.1720331404
413913.9506045706	4568562.1521676062
413912.9519395857	4568562.2038226919
413911.9532746008	4568562.2554777777
413910.9546096159	4568562.3071328625
413909.9563553649	4568562.3661407195
413908.9581505194	4568562.4260330098
413907.9599456740	4568562.4859253010
413906.9732739913	4568562.3829485271
413905.9934699325	4568562.1829885151
413905.0136658738	4568561.9830285031
413904.0340907995	4568561.7819552878
413903.0549121554	4568561.5789548373
413902.0757335112	4568561.3759543877
413901.0965548671	4568561.1729539372
413900.1173762229	4568560.9699534867
413899.1381975787	4568560.7669530362
413898.1608331223	4568560.9403575370
413897.2494670213	4568561.2967460388
413896.4494670214	4568561.8967460385
413895.5664398361	4568562.2546410523
413894.5665884356	4568562.2718798695
413893.5667370350	4568562.2891186876
413892.5668856345	4568562.3063575048
413891.6916367362	4568561.9353335109
413890.8885387083	4568561.3394865869
413890.0640782971	4568560.8322431985
413889.0776843734	4568560.9966421854
413888.1063516314	4568561.2334551439
413887.1362091313	4568561.4759907685
413886.1660666312	4568561.7185263932
413885.1959241311	4568561.9610620188
413884.2260035912	4568562.1600922924
413883.2583863189	4568561.9076703945
413882.3424505487	4568561.5272635696
413881.4314555724	4568561.1496649673
413880.4443500948	4568560.9895938085
413879.4572446171	4568560.8295226488
413878.4671001715	4568560.9365231246
413877.4766078984	4568561.0740914969
413876.5133468940	4568561.3207023013
413875.5744705777	4568561.6649569497
413874.6230675187	4568561.7432245491
413873.6565257848	4568561.4867569199
413872.6927146643	4568561.2201708658
413871.7289035438	4568560.9535848126
413870.7650924233	4568560.6869987585
413869.7659569533	4568560.6592660444
413868.7662402795	4568560.6354632666
413867.7665174501	4568560.6119250404
413866.7667756145	4568560.5892036352
413865.7670337790	4568560.5664822301
413864.7674179194	4568560.5393566918
413863.7680119200	4568560.5048944149
413862.7686059207	4568560.4704321390
413861.7691999213	4568560.4359698631
413860.7697939220	4568560.4015075872
413859.7703879227	4568560.3670453103
413858.7709819233	4568560.3325830344
413857.7715759240	4568560.2981207585
413856.7770750833	4568560.1983892806
413855.7837440605	4568560.0830919305
413854.7904130376	4568559.9677945795
413853.7970820148	4568559.8524972284
413852.8037509920	4568559.7371998783
413851.8104199691	4568559.6219025273
413850.8170889463	4568559.5066051772
413849.8209438826	4568559.4582806649
413848.8214421249	4568559.4898438780
413847.8219403673	4568559.5214070920
413846.8224386096	4568559.5529703051
413845.8229368520	4568559.5845335182
413844.8234350943	4568559.6160967322
413843.8243302370	4568559.6229906129
413842.8263611542	4568559.5592904575
413841.8283920713	4568559.4955903031
413840.8304229885	4568559.4318901487
413839.8324539056	4568559.3681899942
413838.8344848228	4568559.3044898389
413837.8365157400	4568559.2407896845
413836.8385466571	4568559.1770895300
413835.8405775743	4568559.1133893756
413834.8426551553	4568559.0563450949
413833.8456773248	4568559.1340316795
413832.8486994942	4568559.2117182640
413831.8517216637	4568559.2894048486
413830.8547438332	4568559.3670914322
413829.8577660026	4568559.4447780168
413828.8607881721	4568559.5224646013
413827.8638103415	4568559.6001511859
413826.8668325109	4568559.6778377704
413825.8698546804	4568559.7555243550
413824.8728768499	4568559.8332109395
413823.9126036128	4568559.5597292995
413822.9532381112	4568559.2775629759
413821.9938726095	4568558.9953966523
413821.0140732405	4568558.8740735352
413820.0146283335	4568558.9073883649
413819.0151834266	4568558.9407031955
413818.0157385196	4568558.9740180252
413817.0162936126	4568559.0073328558
413816.0168487056	4568559.0406476855
413815.1840502457	4568559.4832705930
413814.4455647521	4568560.1575399581
413813.5530890231	4568560.4996849829
413812.5613111562	4568560.6276563192
413811.7317968537	4568560.2796300612
413810.8395285260	4568559.9534864677
413809.8466776930	4568559.8360220110
413808.8579621889	4568559.9858273910
413807.8692466848	4568560.1356327711
413806.9202332039	4568560.4422554355
413805.9737093750	4568560.7426802861
413804.9751285704	4568560.6894226437
413803.9765477657	4568560.6361650005
413802.9779669610	4568560.5829073582
413801.9793861563	4568560.5296497149
413801.0280229133	4568560.6167631736
413800.2433448964	4568561.2087249355
413799.2445520594	4568561.2578458944
413798.2457592223	4568561.3069668533
413797.2469663852	4568561.3560878122
413796.2490371038	4568561.4145346750
413795.2582069357	4568561.5496478798
413794.2673767677	4568561.6847610855
413793.2765465997	4568561.8198742904
413792.2857164317	4568561.9549874952
413791.2948862637	4568562.0901007000
413790.3040560957	4568562.2252139049
413789.3132259277	4568562.3603271097
413788.3488151668	4568562.6201100703
413787.3883488007	4568562.8985061189
413786.4278824348	4568563.1769021675
413785.4674160687	4568563.4552982161
413784.4996255710	4568563.6782965539
413783.4998104311	4568563.6590693388
413782.4999952910	4568563.6398421237
413781.5001801510	4568563.6206149086
413780.5024448994	4568563.6761422455
413779.5052455896	4568563.7509321943
413778.5080462797	4568563.8257221421
413777.5108469698	4568563.9005120909
413776.5136476599	4568563.9753020387
413775.5154119515	4568564.0326629048
413774.5163766207	4568564.0765765458
413773.5173412899	4568564.1204901868
413772.5183059591	4568564.1644038269
413771.5192706284	4568564.2083174679
413770.5202352976	4568564.2522311090
413769.5258922692	4568564.3498998890
413768.5343578080	4568564.4797436884
413767.5428233467	4568564.6095874868
413766.5512888854	4568564.7394312862
413765.5597544242	4568564.8692750847
413764.5675652535	4568564.9923983775
413763.5696135126	4568565.0563696437
413762.5716617716	4568565.1203409089
413761.5737100307	4568565.1843121741
413760.5757582898	4568565.2482834393
413759.5778065489	4568565.3122547045
413758.5798548080	4568565.3762259698
413757.5819030670	4568565.4401972350
413756.5839513261	4568565.5041685002
413755.5859995851	4568565.5681397654
413754.5880478442	4568565.6321110306
413753.5887546132	4568565.6686989600
413752.5893286660	4568565.7025778061
413751.5899027189	4568565.7364566512
413750.5904767717	4568565.7703354973
413749.5910508246	4568565.8042143425
413748.5916248774	4568565.8380931877
413747.5921989303	4568565.8719720338
413746.5927729832	4568565.9058508789
413745.5933470360	4568565.9397297250
413744.5939210889	4568565.9736085702
413743.5944951417	4568566.0074874163
413742.5960300690	4568566.0581800016
413741.5992513245	4568566.1383805908
413740.6024725799	4568566.2185811801
413739.6056938354	4568566.2987817684
413738.6089150909	4568566.3789823577
413737.6121363464	4568566.4591829469
413736.6167003136	4568566.5540578440
413735.6219188751	4568566.6560867094
413734.6359210168	4568566.7920125192
413733.7167759866	4568567.1859318176
413732.7976309565	4568567.5798511151
413731.8784859263	4568567.9737704135
413730.9472715891	4568568.3374232901
413730.0092770903	4568568.6840734305
413729.0712825915	4568569.0307235718
413728.1058290710	4568569.2238603383
413727.1296926555	4568569.1130400617
413726.2183220556	4568568.7014533402
413725.3070491036	4568568.2896517124
413724.3975746281	4568567.8738919515
413723.4881001527	4568567.4581321916
413722.5345012605	4568567.1945850812
413721.5493136136	4568567.1067723250
413720.6180708340	4568567.4711716743
413719.6671588249	4568567.7731836736
413718.6953087191	4568568.0087836981
413717.7159692656	4568568.1724711508
413716.7164280864	4568568.1421820242
413715.7191219509	4568568.0923453905
413714.7385412751	4568567.8962292550
413713.7555691503	4568567.7242644103
413712.7555691503	4568567.7242644103
413711.7555691503	4568567.7242644094
413710.7558192333	4568567.7037545554
413709.7561165427	4568567.6793715628
413708.7705206286	4568567.7263889294
413707.8552055962	4568568.1291275434
413706.9075063286	4568568.3923471645
413705.9083732555	4568568.4339777101
413704.9591007157	4568568.1579114534
413703.9899282785	4568567.9850637009
413702.9899282785	4568567.9850637009
413702.0484453313	4568568.1783323977
413701.2163950374	4568568.7330325954
413700.2670966618	4568568.8644300131
413699.2743018484	4568568.7675306089
413698.2936776519	4568568.5719226850
413697.2940298818	4568568.5984620061
413696.2943821116	4568568.6250013281
413695.2947343414	4568568.6515406491
413694.2950865713	4568568.6780799702
413693.2954388011	4568568.7046192922
413692.2957910309	4568568.7311586132
413691.2961432607	4568568.7576979343
413690.2981347227	4568568.8159419335
413689.3010802371	4568568.8926384328
413688.3040257516	4568568.9693349311
413687.3063781297	4568569.0218272461
413686.3067637090	4568568.9940601792
413685.3071492883	4568568.9662931124
413684.4206701218	4568569.3962562485
413683.5490945845	4568569.8865174875
413682.6266476680	4568570.2445375519
413681.6512066660	4568570.4647984235
413680.6659016446	4568570.5749129513
413679.6668454862	4568570.5314757274
413678.6677893279	4568570.4880385026
413677.6874009240	4568570.5870846761
413676.7332544363	4568570.8864247510
413675.7791079486	4568571.1857648250
413674.8249614610	4568571.4851048989
413673.8289247804	4568571.4676391389
413672.8297681484	4568571.4265779071
413671.8306115164	4568571.3855166761
413670.8314548844	4568571.3444554443
413669.8355653002	4568571.2766811643
413668.8559625996	4568571.0757370209
413667.8763598990	4568570.8747928767
413666.8899859123	4568570.8631899264
413665.8985316168	4568570.9936444396
413664.9065142882	4568571.1118185194
413663.9072823375	4568571.0726329526
413662.9080503868	4568571.0334473858
413661.9088184361	4568570.9942618180
413660.9219935283	4568570.8458323954
413659.9394232826	4568570.6599407280
413658.9568530369	4568570.4740490597
413657.9742827912	4568570.2881573914
413656.9917125455	4568570.1022657230
413656.0026060808	4568570.1867509447
413655.0122011854	4568570.3249469772
413654.0217699999	4568570.4628858576
413653.0238898939	4568570.5279649952
413652.0260097880	4568570.5930441329
413651.0281296820	4568570.6581232706
413650.0916745497	4568570.3078515250
413649.1346519889	4568570.0799790798
413648.1349920800	4568570.1060571643
413647.1353321711	4568570.1321352478
413646.1356722621	4568570.1582133323
413645.1360123533	4568570.1842914168
413644.1363524443	4568570.2103695013
413643.1366925354	4568570.2364475857
413642.1370326265	4568570.2625256702
413641.1526674115	4568570.4267299781
413640.1715191385	4568570.6199864568
413639.1903708655	4568570.8132429346
413638.2092225925	4568571.0064994134
413637.2198816309	4568571.1048720432
413636.2201284531	4568571.0826553050
413635.2203752752	4568571.0604385678
413634.2371455495	4568570.9207747588
413633.2700710121	4568570.6662814599
413632.3029964748	4568570.4117881609
413631.3057285113	4568570.3567603128
413630.3066588402	4568570.3136350028
413629.3075891692	4568570.2705096938
413628.3085194981	4568570.2273843838
413627.3094498270	4568570.1842590747
413626.3103801559	4568570.1411337648
413625.3113104849	4568570.0980084557
413624.3122408138	4568570.0548831457
413623.3131711427	4568570.0117578367
413622.3182548965	4568570.0992055377
413621.3239457425	4568570.2057386618
413620.3296365886	4568570.3122717850
413619.3374193139	4568570.3616109993
413618.3535494039	4568570.1827255609
413617.3696794937	4568570.0038401224
413616.3846011771	4568569.8321194937
413615.3964847081	4568569.6784124868
413614.4083682393	4568569.5247054808
413613.4179252899	4568569.4493515799
413612.4224298172	4568569.5441606734
413611.4269343447	4568569.6389697660
413610.4356632754	4568569.5931133069
413609.4476512416	4568569.4387364276
413608.4677303689	4568569.2444420755
413607.4975878687	4568569.0019064508
413606.5214850601	4568569.0098456051
413605.5409043844	4568569.2059617396
413604.5603237087	4568569.4020778751
413603.6413530305	4568569.2035141317
413602.7374506258	4568568.8326614005
413601.7374506258	4568568.8326614005
413600.7374506258	4568568.8326614005
413599.7420220191	4568568.9121617470
413598.7486130832	4568569.0267858552
413597.7552041474	4568569.1414099634
413596.7616619407	4568569.1928634197
413595.7677782061	4568569.0824318929
413594.7738944714	4568568.9720003670
413593.8374085722	4568568.7093976950
413593.0181766519	4568568.1359353503
413592.0740504184	4568567.8746704729
413591.0853349142	4568567.7248650938
413590.1464717618	4568567.9037093399
413589.2466576545	4568568.3399828458
413588.3529553339	4568568.6168022109
413587.4891764326	4568568.1129311854
413586.5773682601	4568567.7664130460
413585.5794429512	4568567.7020307677
413584.5815176422	4568567.6376484903
413583.5835923332	4568567.5732662119
413582.5873073703	4568567.4913222566
413581.5947209816	4568567.3697810657
413580.6021345929	4568567.2482398758
413579.6089949598	4568567.1331844060
413578.6101635637	4568567.0848538540
413577.6113321677	4568567.0365233021
413576.6125007716	4568566.9881927511
413575.6139411589	4568566.9470104221
413574.6216632822	4568567.0710451575
413573.6293854055	4568567.1950798919
413572.6371075288	4568567.3191146264
413571.6582960734	4568567.5055223648
413570.7032319366	4568567.8019215791
413569.7325666056	4568568.0196583122
413568.7366733991	4568568.1101940572
413567.8305727683	4568567.7060172018
413566.9300211319	4568567.2712681359
413565.9694217456	4568567.0042428914
413564.9975716400	4568566.7686428651
413564.0106155700	4568566.6241848208
413563.0527473737	4568566.6650379375
413562.2591410122	4568567.2734694807
413561.4655346507	4568567.8819010239
413560.5226469901	4568568.0502635231
413559.5226700158	4568568.0481909495
413558.5229168380	4568568.0259742131
413557.5231636602	4568568.0037574768
413556.5300589318	4568567.9394982476
413555.5722326464	4568567.6521503627
413554.6135984569	4568567.4289063783
413553.6488346352	4568567.6920237830
413552.7069197062	4568568.0233175438
413551.7593967598	4568568.0223320620
413550.7978728122	4568567.7476109341
413549.8375595788	4568567.8494258597
413548.8778221719	4568568.1303246124
413547.9180847649	4568568.4112233659
413546.9296634692	4568568.5549373832
413545.9377818044	4568568.6821016995
413544.9442120874	4568568.7928367518
413543.9471955607	4568568.8700251281
413542.9501790339	4568568.9472135045
413541.9531625072	4568569.0244018799
413540.9561459805	4568569.1015902562
413539.9591294537	4568569.1787786325
413538.9621129270	4568569.2559670089
413537.9650964003	4568569.3331553852
413536.9680798736	4568569.4103437616
413535.9710633468	4568569.4875321379
413534.9740468201	4568569.5647205133
413533.9770302933	4568569.6419088896
413532.9800137666	4568569.7190972660
413531.9829972399	4568569.7962856423
413530.9859807131	4568569.8734740186
413529.9889641864	4568569.9506623950
413528.9919476597	4568570.0278507713
413527.9949311330	4568570.1050391477
413526.9979146062	4568570.1822275231
413526.0008980795	4568570.2594158994
413525.0064952427	4568570.3497379422
413524.0558897862	4568570.6601397246
413523.1052843298	4568570.9705415061
413522.1546788734	4568571.2809432885
413521.1809373322	4568571.2510361401
413520.1970674222	4568571.0721507017
413519.2131975123	4568570.8932652622
413518.2174086211	4568570.8218406737
413517.2182519890	4568570.7807794427
413516.2190953570	4568570.7397182118
413515.2199387250	4568570.6986569809
413514.2212097416	4568570.6619986603
413513.2486308499	4568570.8945718734
413512.2760519582	4568571.1271450864
413511.3034730665	4568571.3597182985
413510.3228108643	4568571.5551584093
413509.3415620438	4568571.7479037140
413508.3603132232	4568571.9406490177
413507.3755904617	4568572.0782739185
413506.3779067690	4568572.0102500310
413505.3802230763	4568571.9422261436
413504.3877557729	4568571.8338751746
413503.4056005811	4568571.6458029039
413502.4234453892	4568571.4577306332
413501.4374383089	4568571.3102546744
413500.4374383089	4568571.3102546744
413499.4374383089	4568571.3102546753
413498.4413616292	4568571.3445049981
413497.4672644289	4568571.5706347050
413496.4931672286	4568571.7967644120
413495.5190700282	4568572.0228941189
413494.5345292824	4568572.1578523731
413493.5345292824	4568572.1578523731
413492.5345292824	4568572.1578523731
413491.5349111991	4568572.1547500230
413490.5647686988	4568571.9122143993
413489.6032063767	4568571.8930929257
413488.6545230788	4568572.2093206923
413487.6739144291	4568572.3874273086
413486.6826865282	4568572.5195910279
413485.6846418949	4568572.5490513109
413484.8031056567	4568572.1588749886
413483.8037428024	4568572.1945665181
413482.8146117689	4568572.2868962027
413481.8484450485	4568572.5213815756
413480.8534078583	4568572.6208852949
413479.8583706680	4568572.7203890132
413478.8633334778	4568572.8198927324
413477.8682962876	4568572.9193964517
413476.9077157004	4568572.6969423518
413475.9562711819	4568572.3891220661
413474.9860230113	4568572.2801698595
413473.9937451345	4568572.4042045940
413473.1528791265	4568572.9232008383
413472.3219421171	4568573.4579432802
413471.3243117887	4568573.3891411880
413470.3735949002	4568573.2172663193
413469.6664881187	4568572.5101595391
413468.8158923984	4568572.0352227390
413467.8672091003	4568572.3359104842
413467.3987543895	4568573.1233913936
413466.6638115740	4568573.6056602318
413465.6889530674	4568573.8284850325
413464.7131979790	4568573.9196342770
413463.7353955648	4568573.7101051891
413462.8230101425	4568573.3471040307
413461.9947267296	4568572.7867946625
413461.1664433168	4568572.2264852943
413460.2074586976	4568572.0926525509
413459.2454865435	4568572.3121954352
413458.3037446318	4568572.6485318318
413457.3620027200	4568572.9848682284
413456.3777460266	4568573.0343538951
413455.3789336755	4568572.9856313411
413454.3839882614	4568572.9173159441
413453.4415605160	4568572.5829060981
413452.4991327705	4568572.2484962530
413451.5127990379	4568572.0923910886
413450.5299461643	4568571.9968644818
413449.6289444946	4568572.4306801008
413448.7316494560	4568572.8716058321
413447.8600739193	4568573.3618670721
413446.8723942640	4568573.3194952533
413445.8758485057	4568573.2364497744
413444.9878254475	4568572.8625424113
413444.1804343256	4568572.2725258218
413443.2958781389	4568571.8472598558
413442.3250110526	4568571.6647287095
413441.3492948005	4568571.8837670516
413440.3735785483	4568572.1028053937
413439.3978622962	4568572.3218437359
413438.5269126874	4568572.7996545350
413437.6216417079	4568573.2025996167
413436.6635931723	4568573.4372785166
413435.7637790654	4568573.0010050088
413434.8639649585	4568572.5647315020
413433.9073473641	4568572.3046815889
413432.9221356091	4568572.1333404155
413431.9369238541	4568571.9619992413
413430.9426825422	4568571.9108486567
413429.9429293644	4568571.9330653939
413428.9431761866	4568571.9552821321
413427.9434230087	4568571.9774988694
413426.9436698309	4568571.9997156067
413425.9439166531	4568572.0219323440
413424.9441634752	4568572.0441490812
413423.9444102974	4568572.0663658194
413422.9446571196	4568572.0885825567
413421.9449753579	4568572.0715353452
413420.9453096135	4568572.0456819208
413419.9456438691	4568572.0198284965
413418.9459781248	4568571.9939750712
413417.9463123805	4568571.9681216469
413416.9466466361	4568571.9422682216
413415.9469808917	4568571.9164147973
413414.9472931932	4568571.9026316293
413413.9475400153	4568571.9248483665
413412.9477868375	4568571.9470651038
413411.9480336597	4568571.9692818420
413410.9482804818	4568571.9914985793
413409.9485273040	4568572.0137153175
413408.9549210861	4568572.0961920964
413407.9712735984	4568572.2762965662
413406.9876261107	4568572.4564010352
413406.0039786230	4568572.6365055051
413405.0203311353	4568572.8166099750
413404.0318875240	4568572.7833697656
413403.0411401286	4568572.6476509441
413402.0503927332	4568572.5119321235
413401.0596453378	4568572.3762133019
413400.0688979423	4568572.2404944804
413399.0745373722	4568572.1350924391
413398.0796439660	4568572.0341612240
413397.0847505597	4568571.9332300089
413396.0898571534	4568571.8322987938
413395.0931974323	4568571.7630119352
413394.0932516813	4568571.7525958335
413393.0933059303	4568571.7421797318
413392.0933601794	4568571.7317636302
413391.0934144285	4568571.7213475285
413390.0934686776	4568571.7109314268
413389.0948376727	4568571.7168160593
413388.1094871668	4568571.8873574929
413387.1241366610	4568572.0578989265
413386.1387861551	4568572.2284403602
413385.1439239714	4568572.2882520193
413384.1439239714	4568572.2882520193
413383.1439425691	4568572.2862618882
413382.1441172111	4568572.2675735634
413381.1442918530	4568572.2488852395
413380.1444664950	4568572.2301969146
413379.1446411370	4568572.2115085898
413378.1448157790	4568572.1928202659
413377.1449904210	4568572.1741319411
413376.1478517874	4568572.1841402352
413375.1688713678	4568572.3880944904
413374.1799469400	4568572.4480885956
413373.1822218418	4568572.3806747366
413372.1844967435	4568572.3132608775
413371.1867716453	4568572.2458470194
413370.1890465471	4568572.1784331603
413369.1897731649	4568572.1511727776
413368.1898193895	4568572.1415578378
413367.1898656141	4568572.1319428980
413366.1899118387	4568572.1223279582
413365.1899580633	4568572.1127130184
413364.1900042880	4568572.1030980786
413363.1900505125	4568572.0934831388
413362.2003301444	4568572.2292920826
413361.2115773779	4568572.3788513243
413360.2228246115	4568572.5284105670
413359.2340718451	4568572.6779698087
413358.2453190786	4568572.8275290504
413357.2565663122	4568572.9770882921
413356.2678135458	4568573.1266475348
413355.2849330679	4568573.2951942533
413354.3843814316	4568573.7299433202
413353.4838297954	4568574.1646923861
413352.5036756602	4568574.0008431720
413351.5208034733	4568573.8165546367
413350.5379312864	4568573.6322661014
413349.5550590995	4568573.4479775662
413348.5721869126	4568573.2636890309
413347.5893147257	4568573.0794004956
413346.5996560770	4568572.9410980297
413345.6054490294	4568572.8336161869
413344.6197215257	4568572.8010037551
413343.6747354525	4568573.1281143194
413342.7112469437	4568573.3732354837
413341.7173632090	4568573.4836670095
413340.7411599933	4568573.3672936382
413339.7763961721	4568573.1041762317
413338.7985580876	4568572.9528094539
413337.7991131806	4568572.9861242836
413336.7996682737	4568573.0194391143
413335.8002233667	4568573.0527539439
413334.8209880549	4568573.2067596791
413333.8652090462	4568573.5008455273
413332.9094300374	4568573.7949313764
413331.9692572407	4568574.1347832140
413330.9996897615	4568574.1240158528
413330.0150664955	4568573.9493246283
413329.0304432294	4568573.7746334039
413328.0458199633	4568573.5999421794
413327.0525391759	4568573.5082607083
413326.0530590615	4568573.4760194151
413325.0535789472	4568573.4437781209
413324.0540988329	4568573.4115368268
413323.0546187185	4568573.3792955326
413322.0551386042	4568573.3470542384
413321.0592675862	4568573.2683117911
413320.0667819558	4568573.1459505493
413319.0742963254	4568573.0235893074
413318.0818106951	4568572.9012280656
413317.0893250647	4568572.7788668238
413316.1061198926	4568572.8894046368
413315.1265171920	4568573.0903487802
413314.1444900173	4568573.2716629216
413313.1454338590	4568573.3151001474
413312.2307388728	4568573.0172267463
413311.2708771446	4568572.8256620895
413310.2732468162	4568572.7568599982
413309.2760901449	4568572.8077371670
413308.2790356594	4568572.8844336653
413307.2998978047	4568573.0394546157
413306.3686550252	4568573.4038539650
413305.3919001946	4568573.5270486567
413304.3919001946	4568573.5270486558
413303.3940623186	4568573.4865735108
413302.3997531645	4568573.3800403876
413301.4649402572	4568573.0781360092
413300.5647721029	4568572.6599964276
413299.5739419349	4568572.5248832228
413298.5831117668	4568572.3897700179
413297.5901852721	4568572.2786958208
413296.5909240975	4568572.2402626984
413295.6495518401	4568572.4700018009
413294.7551246490	4568572.9172153957
413293.8081683011	4568572.9229374295
413292.8337771053	4568572.6980779236
413291.8405652715	4568572.5870464025
413290.8456535539	4568572.4862958491
413289.8507418362	4568572.3855452957
413288.8558301186	4568572.2847947422
413287.8609184009	4568572.1840441879
413286.8642631381	4568572.1031848853
413285.8669953837	4568572.0293131992
413284.8697276293	4568571.9554415140
413283.8719401072	4568571.8923442345
413282.8721925050	4568571.8698779969
413281.8724449027	4568571.8474117583
413280.8726973005	4568571.8249455197
413279.8729496983	4568571.8024792820
413278.8732020961	4568571.7800130434
413277.8734544938	4568571.7575468058
413276.8737068916	4568571.7350805672
413275.8739592894	4568571.7126143286
413274.8742116872	4568571.6901480909
413273.8744640850	4568571.6676818524
413272.8747164828	4568571.6452156147
413271.8750251932	4568571.6204408919
413270.8753712738	4568571.5941342097
413269.8757173544	4568571.5678275274
413268.8760634351	4568571.5415208451
413267.8764095158	4568571.5152141638
413266.8767555964	4568571.4889074815
413265.8771016771	4568571.4626007993
413264.8778410338	4568571.4528681943
413263.8805598914	4568571.5265589198
413262.8832787489	4568571.6002496444
413261.8859976065	4568571.6739403689
413260.8887164641	4568571.7476310944
413259.8914353216	4568571.8213218190
413258.8941541792	4568571.8950125435
413257.8968730367	4568571.9687032690
413256.8995918943	4568572.0423939936
413255.9023107519	4568572.1160847181
413254.9050296094	4568572.1897754436
413253.9077484670	4568572.2634661682
413252.9104673245	4568572.3371568928
413251.9131861821	4568572.4108476182
413250.9236138372	4568572.5529237017
413249.9349545725	4568572.7030997928
413248.9462953078	4568572.8532758839
413247.9576360431	4568573.0034519751
413246.9689767784	4568573.1536280662
413245.9786487032	4568573.2921425300
413244.9875504683	4568573.4252751293
413243.9964522334	4568573.5584077276
413243.0053539985	4568573.6915403260
413242.0164435606	4568573.8383536339
413241.0332548245	4568574.0209458275
413240.0500660884	4568574.2035380211
413239.0668773523	4568574.3861302147
413238.0836886162	4568574.5687224092
413237.0901840748	4568574.6143047959
413236.0907391678	4568574.5809899652
413235.0912942608	4568574.5476751346
413234.0918493539	4568574.5143603040
413233.1289739072	4568574.7328614499
413232.1802906089	4568575.0490892157
413231.2304008105	4568575.3615993969
413230.2768181457	4568575.6627307665
413229.2792708788	4568575.6786428150
413228.3355934488	4568575.4612869192
413227.4482525880	4568575.0240523722
413226.4485572803	4568574.9993685372
413225.4488619725	4568574.9746847022
413224.4491666648	4568574.9500008682
413223.4494713571	4568574.9253170332
413222.4497760493	4568574.9006331991
413221.4577714393	4568575.0102441609
413220.4674296926	4568575.1488920050
413219.4770879459	4568575.2875398491
413218.4867461992	4568575.4261876931
413217.4964044525	4568575.5648355382
413216.5060627059	4568575.7034833822
413215.5147272769	4568575.8340258300
413214.5202218240	4568575.9387106150
413213.5257163711	4568576.0433954000
413212.5312109182	4568576.1480801841
413211.5431728057	4568576.1044762339
413210.5615574161	4568575.9136065748
413209.5785295733	4568575.7555401027
413208.5841406601	4568575.8613261571
413207.5897517469	4568575.9671122124
413206.5962708043	4568576.0776322652
413205.6333067845	4568576.3472621907
413204.6581492145	4568576.5130660320
413203.6589172637	4568576.4738804661
413202.6596853130	4568576.4346948992
413201.6605235845	4568576.3969776724
413200.6695914963	4568576.5313413450
413199.6786594081	4568576.6657050177
413198.6877273199	4568576.8000686914
413197.6967952317	4568576.9344323641
413196.7058631435	4568577.0687960368
413195.7149310553	4568577.2031597095
413194.7239989671	4568577.3375233822
413193.7310029962	4568577.4303893484
413192.7316289254	4568577.3950132746
413191.7322548546	4568577.3596372018
413190.7328807838	4568577.3242611280
413189.7335067130	4568577.2888850542
413188.7341326422	4568577.2535089813
413187.7347585713	4568577.2181329075
413186.7353845005	4568577.1827568337
413185.7355645489	4568577.1914536487
413184.7356793133	4568577.2066034256
413183.7357940778	4568577.2217532014
413182.7359088423	4568577.2369029783
413181.7360236067	4568577.2520527542
413180.7361383711	4568577.2672025310
413179.7362531356	4568577.2823523069
413178.7363679000	4568577.2975020837
413177.7364826645	4568577.3126518596
413176.7365974289	4568577.3278016364
413175.7367121934	4568577.3429514123
413174.7368269578	4568577.3581011891
413173.7369417222	4568577.3732509650
413172.7370564867	4568577.3884007419
413171.7371712512	4568577.4035505187
413170.7372860156	4568577.4187002946
413169.7374007800	4568577.4338500714
413168.7381454961	4568577.4085880527
413167.7392182816	4568577.3622801686
413166.7402910671	4568577.3159722844
413165.7413638526	4568577.2696644003
413164.7424366381	4568577.2233565161
413163.7435094236	4568577.1770486319
413162.7445822091	4568577.1307407478
413161.7456549946	4568577.0844328636
413160.7467277801	4568577.0381249795
413159.7478005656	4568576.9918170953
413158.7482636302	4568576.9626003187
413157.7485759838	4568576.9376081275
413156.7488883374	4568576.9126159362
413155.7492006910	4568576.8876237450
413154.7495130446	4568576.8626315538
413153.7498253982	4568576.8376393626
413152.7501377518	4568576.8126471713
413151.7504501053	4568576.7876549801
413150.7507624589	4568576.7626627898
413149.7510748125	4568576.7376705986
413148.7524717217	4568576.6922147023
413147.7557426736	4568576.6113988338
413146.7590136255	4568576.5305829644
413145.7622845774	4568576.4497670960
413144.7655555293	4568576.3689512266
413143.7688264812	4568576.2881353581
413142.7720974331	4568576.2073194887
413141.7753683850	4568576.1265036203
413140.7786393369	4568576.0456877509
413139.7819102888	4568575.9648718825
413138.7918439333	4568575.8293251973
413137.8048366634	4568575.6686495952
413136.8178293934	4568575.5079739932
413135.8343156014	4568575.6387374150
413134.8514434144	4568575.8230259502
413133.8685712276	4568576.0073144855
413132.8856990407	4568576.1916030208
413131.9028268538	4568576.3758915560
413130.9199546670	4568576.5601800913
413129.9302082067	4568576.6916617323
413128.9329118837	4568576.7651467239
413127.9356155607	4568576.8386317166
413126.9383192377	4568576.9121167082
413125.9410229146	4568576.9856017008
413124.9437265916	4568577.0590866925
413123.9478817159	4568577.1469349870
413122.9560459405	4568577.2744567292
413121.9642101652	4568577.4019784713
413120.9723743900	4568577.5295002144
413119.9805386146	4568577.6570219565
413119.0026886610	4568577.5404383019
413118.0319079294	4568577.3004700309
413117.0611271978	4568577.0605017599
413116.0903464663	4568576.8205334889
413115.1195657346	4568576.5805652179
413114.1487850030	4568576.3405969469
413113.1617540585	4568576.1931244340
413112.1673128978	4568576.0878306646
413111.1728717371	4568575.9825368952
413110.1784305764	4568575.8772431249
413109.1839894156	4568575.7719493555
413108.1903350844	4568575.6965657827
413107.2028052997	4568575.8539980669
413106.2152755149	4568576.0114303511
413105.2277457302	4568576.1688626362
413104.2402159454	4568576.3262949204
413103.2608069509	4568576.5247277701
413102.2878240754	4568576.7556050625
413101.3148411999	4568576.9864823548
413100.3418583244	4568577.2173596462
413099.3928418825	4568577.0915838722
413098.4594962762	4568576.7326047933
413097.5261506699	4568576.3736257143
413096.5822178634	4568576.6175971357
413095.6368448818	4568576.9435878191
413094.6805104173	4568577.2355648475
413093.7226841321	4568577.5229127333
413092.7582204512	4568577.7650371511
413091.7582204512	4568577.7650371511
413090.7582204512	4568577.7650371511
413089.8319293010	4568577.4000352742
413088.8963661795	4568577.0483303564
413087.9513801061	4568576.7212197920
413087.0352235489	4568576.9910370307
413086.1195050535	4568577.3847414097
413085.1285496856	4568577.5189332822
413084.1375943176	4568577.6531251548
413083.1466389497	4568577.7873170283
413082.1556835817	4568577.9215089008
413081.1647282138	4568578.0557007734
413080.1737728458	4568578.1898926469
413079.1804228950	4568578.3045064649
413078.1863371040	4568578.4131040722
413077.1922513131	4568578.5217016796
413076.1981655222	4568578.6302992860
413075.2040797312	4568578.7388968933
413074.2099939403	4568578.8474945007
413073.2159081493	4568578.9560921071
413072.2218223584	4568579.0646897145
413071.2375438141	4568578.8973035691
413070.2536739041	4568578.7184181307
413069.2691609892	4568578.5499128783
413068.2707353470	4568578.6060042065
413067.2723097049	4568578.6620955355
413066.2738840627	4568578.7181868637
413065.2754584206	4568578.7742781918
413064.2770327785	4568578.8303695209
413063.2784923062	4568578.8842243841
413062.2795722201	4568578.9306857837
413061.2806521341	4568578.9771471834
413060.2817320480	4568579.0236085830
413059.2828119619	4568579.0700699827
413058.2838918758	4568579.1165313823
413057.2847750446	4568579.1583944773
413056.2855371120	4568579.1974272095
413055.2862991794	4568579.2364599407
413054.2870612469	4568579.2754926728
413053.2878233143	4568579.3145254049
413052.2885853818	4568579.3535581362
413051.2893474493	4568579.3925908683
413050.2901095167	4568579.4316236004
413049.2907663111	4568579.4674754897
413048.2911341749	4568579.4945972925
413047.2915020386	4568579.5217190944
413046.2918699023	4568579.5488408962
413045.2922377661	4568579.5759626981
413044.2926056298	4568579.6030845009
413043.2929734935	4568579.6302063027
413042.2933413573	4568579.6573281046
413041.2937092210	4568579.6844499074
413040.2940770848	4568579.7115717093
413039.2944449485	4568579.7386935111
413038.2948128123	4568579.7658153139
413037.2951806759	4568579.7929371158
413036.2955485397	4568579.8200589176
413035.2959164034	4568579.8471807195
413034.2962842672	4568579.8743025223
413033.2966521309	4568579.9014243241
413032.2970057377	4568579.9280085210
413031.2973411484	4568579.9539065668
413030.2976765591	4568579.9798046136
413029.2980119697	4568580.0057026595
413028.2983473804	4568580.0316007063
413027.2986827910	4568580.0574987521
413026.2990182017	4568580.0833967989
413025.2993536123	4568580.1092948448
413024.2996890230	4568580.1351928916
413023.3000244336	4568580.1610909374
413022.3003598443	4568580.1869889842
413021.3006952550	4568580.2128870301
413020.3010306656	4568580.2387850769
413019.3023915072	4568580.1953966040
413018.3039311540	4568580.1399265844
413017.3054708008	4568580.0844565649
413016.3070104476	4568580.0289865453
413015.3085500943	4568579.9735165257
413014.3100897412	4568579.9180465061
413013.3116293879	4568579.8625764856
413012.3131690347	4568579.8071064660
413011.3147086815	4568579.7516364465
413010.3162483283	4568579.6961664269
413009.3177879752	4568579.6406964073
413008.3193276219	4568579.5852263877
413007.3208672687	4568579.5297563681
413006.3224069155	4568579.4742863486
413005.3239465623	4568579.4188163290
413004.3254862091	4568579.3633463094
413003.3270610921	4568579.3524148315
413002.3286897576	4568579.4094646219
413001.3303184232	4568579.4665144123
413000.3319470888	4568579.5235642036
412999.3335757544	4568579.5806139940
412998.3352044200	4568579.6376637844
412997.3368330855	4568579.6947135748
412996.3384617511	4568579.7517633662
412995.3400904167	4568579.8088131566
412994.3455922010	4568579.8050678940
412993.3625319021	4568579.6217854656
412992.3794716032	4568579.4385030363
412991.3964113043	4568579.2552206079
412990.4076054271	4568579.1313773422
412989.4076407335	4568579.1229742775
412988.4076760399	4568579.1145712128
412987.4077113463	4568579.1061681481
412986.4077466526	4568579.0977650834
412985.4077819590	4568579.0893620187
412984.4078172654	4568579.0809589531
412983.4078525717	4568579.0725558884
412982.4078842933	4568579.0734673245
412981.4079134279	4568579.0811006902
412980.4079425624	4568579.0887340559
412979.4079716970	4568579.0963674206
412978.4080008316	4568579.1040007863
412977.4080299661	4568579.1116341520
412976.4080591006	4568579.1192675177
412975.4080882352	4568579.1269008834
412974.4081416926	4568579.1328167897
412973.4087880299	4568579.0968688168
412972.4094343671	4568579.0609208429
412971.4100807044	4568579.0249728691
412970.4107270417	4568578.9890248962
412969.4113733790	4568578.9530769223
412968.4120197163	4568578.9171289485
412967.4126660535	4568578.8811809756
412966.4133123908	4568578.8452330017
412965.4139587280	4568578.8092850279
412964.4140362288	4568578.8189014886
412963.4140966024	4568578.8298898358
412962.4141569762	4568578.8408781840
412961.4142173499	4568578.8518665312
412960.4142777235	4568578.8628548784
412959.4146898147	4568578.8785556983
412958.4241975415	4568579.0161240706
412957.4337052684	4568579.1536924420
412956.4432129952	4568579.2912608134
412955.4527207221	4568579.4288291847
412954.4665611927	4568579.5903573548
412953.4906190424	4568579.8083869843
412952.5146768921	4568580.0264166137
412951.5387347418	4568580.2444462432
412950.5627925915	4568580.4624758726
412949.5868504413	4568580.6805055011
412948.6107210246	4568580.8916830858
412947.6243271008	4568580.7272840980
412946.6379331770	4568580.5628851112
412945.6515392532	4568580.3984861234
412944.6598614477	4568580.2707201326
412943.6672155701	4568580.1496657580
412942.6747854512	4568580.0671409182
412941.6835575505	4568580.1993046384
412940.6923296498	4568580.3314683586
412939.7011017491	4568580.4636320788
412938.7098738484	4568580.5957957990
412937.7178121031	4568580.7208103202
412936.7227749129	4568580.8203140395
412935.7277377226	4568580.9198177578
412934.7327005324	4568581.0193214770
412933.7590141946	4568581.2450166466
412932.7866268927	4568581.4783895994
412931.8142395907	4568581.7117625512
412930.8255585150	4568581.8074261760
412929.8255585150	4568581.8074261760
412928.8481170757	4568581.6488143662
412927.8877708488	4568581.3700041724
412926.9100791433	4568581.1892262110
412925.9123694412	4568581.1215848755
412924.9146597391	4568581.0539435390
412923.9169500370	4568580.9863022026
412922.9255573633	4568581.0564025277
412921.9382269919	4568581.2150806226
412920.9508966207	4568581.3737587184
412919.9635662493	4568581.5324368132
412919.0195217503	4568581.8578089681
412918.0589422585	4568582.1106625916
412917.0650585239	4568582.2210941184
412916.2017648630	4568581.8808519021
412915.3483641564	4568581.5495269941
412914.3663577095	4568581.7383743878
412913.3984776589	4568581.9856146891
412912.4387402518	4568582.2665134426
412911.4790028447	4568582.5474121952
412910.4864387985	4568582.5418434739
412909.4880369528	4568582.4853301626
412908.4896351071	4568582.4288168503
412907.4967144188	4568582.4627511064
412906.5124432118	4568582.6394151691
412905.5281720048	4568582.8160792319
412904.5332400384	4568582.9072079025
412903.5357168350	4568582.9775460772
412902.5381936317	4568583.0478842510
412901.5406704284	4568583.1182224257
412900.5431472250	4568583.1885606004
412899.5456240217	4568583.2588987751
412898.5481008184	4568583.3292369498
412897.5505776150	4568583.3995751245
412896.5530544117	4568583.4699132992
412895.5555312084	4568583.5402514739
412894.5580080050	4568583.6105896477
412893.5604848017	4568583.6809278224
412892.5629615984	4568583.7512659971
412891.5654383950	4568583.8216041718
412890.5679151917	4568583.8919423465
412889.5703919883	4568583.9622805212
412888.5728687850	4568584.0326186959
412887.5753455817	4568584.1029568706
412886.5778223783	4568584.1732950453
412885.5802991750	4568584.2436332190
412884.5827759716	4568584.3139713937
412883.5852527683	4568584.3843095684
412882.5877295650	4568584.4546477431
412881.5902063616	4568584.5249859178
412880.5926831583	4568584.5953240925
412879.5951599549	4568584.6656622672
412878.5976367516	4568584.7360004419
412877.6001135483	4568584.8063386166
412876.6025903449	4568584.8766767904
412875.6050671416	4568584.9470149651
412874.6075882116	4568585.0179684442
412873.6102707548	4568585.0911660558
412872.6129532980	4568585.1643636674
412871.6156358412	4568585.2375612790
412870.6183183844	4568585.3107588906
412869.6210009275	4568585.3839565022
412868.6236834707	4568585.4571541138
412867.6261714546	4568585.5209829882
412866.6266749793	4568585.4892529408
412865.6271785040	4568585.4575228943
412864.6276820287	4568585.4257928478
412863.6281855534	4568585.3940628003
412862.6286890781	4568585.3623327538
412861.6291926028	4568585.3306027064
412860.6296961275	4568585.2988726599
412859.6301996522	4568585.2671426134
412858.6307031770	4568585.2354125660
412857.6312067017	4568585.2036825195
412856.6317102264	4568585.1719524721
412855.6322137511	4568585.1402224256
412854.6337998298	4568585.0854349080
412853.6357271813	4568585.0233785780
412852.6376545327	4568584.9613222471
412851.6395818841	4568584.8992659170
412850.6415092355	4568584.8372095870
412849.6434365869	4568584.7751532560
412848.6453639383	4568584.7130969260
412847.6472912897	4568584.6510405960
412846.6492186411	4568584.5889842650
412845.6511459925	4568584.5269279350
412844.6530733440	4568584.4648716049
412843.6550006954	4568584.4028152740
412842.6584617620	4568584.3737536380
412841.6704497282	4568584.5281305183
412840.6824376944	4568584.6825073976
412839.6944256607	4568584.8368842779
412838.7064136269	4568584.9912611581
412837.7100008970	4568584.9309642632
412836.7129464115	4568584.8542677639
412835.7158919259	4568584.7775712656
412834.7188374404	4568584.7008747663
412833.7217829550	4568584.6241782671
412832.7247284695	4568584.5474817688
412831.7276739840	4568584.4707852695
412830.7306194984	4568584.3940887712
412829.7721055507	4568584.1699786950
412828.8650965829	4568583.7488673879
412827.9196840604	4568583.4893933060
412826.9201916022	4568583.4575369721
412825.9206991439	4568583.4256806392
412824.9212066857	4568583.3938243054
412823.9217142275	4568583.3619679725
412822.9222217693	4568583.3301116386
412821.9227293111	4568583.2982553057
412820.9232368529	4568583.2663989719
412819.9237443946	4568583.2345426390
412818.9242519365	4568583.2026863052
412817.9247594783	4568583.1708299723
412816.9252670200	4568583.1389736384
412815.9257745618	4568583.1071173055
412814.9262821036	4568583.0752609717
412813.9267896454	4568583.0434046388
412812.9272971872	4568583.0115483049
412811.9277933922	4568582.9819310764
412810.9280296035	4568583.0036650728
412809.9282658146	4568583.0253990684
412808.9339357881	4568583.0668708794
412808.0639136019	4568583.5598834502
412807.1938914157	4568584.0528960219
412806.2561980710	4568583.9199447967
412805.3009121802	4568583.6242610691
412804.3456262894	4568583.3285773415
412803.3490285736	4568583.2907596882
412802.3491824316	4568583.2732185274
412801.3493362895	4568583.2556773666
412800.3495435344	4568583.2478237897
412799.3499514479	4568583.2763835639
412798.3503593615	4568583.3049433380
412797.3507672751	4568583.3335031131
412796.3511751886	4568583.3620628873
412795.3515831022	4568583.3906226614
412794.3519910157	4568583.4191824356
412793.3531933615	4568583.4634948038
412792.3557997050	4568583.5356466854
412791.3584060485	4568583.6077985670
412790.3610123921	4568583.6799504478
412789.3636187355	4568583.7521023294
412788.3662250791	4568583.8242542110
412787.3688314226	4568583.8964060927
412786.3714377661	4568583.9685579743
412785.3740441096	4568584.0407098560
412784.3766504532	4568584.1128617376
412783.3792567966	4568584.1850136193
412782.3818631402	4568584.2571655009
412781.3844694837	4568584.3293173816
412780.3870758272	4568584.4014692632
412779.3896821707	4568584.4736211449
412778.3922885143	4568584.5457730265
412777.3969002125	4568584.4499386121
412776.4015131822	4568584.3539976934
412775.4061261519	4568584.2580567757
412774.4107391215	4568584.1621158570
412773.4153520912	4568584.0661749383
412772.4194847622	4568584.0729668094
412771.4232441740	4568584.1595964255
412770.4270035858	4568584.2462260416
412769.4307629976	4568584.3328556577
412768.4345224093	4568584.4194852738
412767.4382818211	4568584.5061148899
412766.4821507827	4568584.7553018946
412765.5599564010	4568585.1420285711
412764.6230598524	4568585.3006223179
412763.6588544597	4568585.0354658347
412762.6946490670	4568584.7703093514
412761.7076722494	4568584.6558554014
412760.7081704918	4568584.6242921874
412759.7086687341	4568584.5927289743
412758.7091669764	4568584.5611657612
412757.7096652187	4568584.5296025481
412756.7101634611	4568584.4980393341
412755.7156488436	4568584.4124853676
412754.7272771459	4568584.2604281837
412753.7389054483	4568584.1083709998
412752.7505337506	4568583.9563138159
412751.7621620529	4568583.8042566320
412750.7737903552	4568583.6521994481
412749.7854186575	4568583.5001422632
412748.7970469598	4568583.3480850793
412747.8086752622	4568583.1960278954
412746.8201641428	4568583.0472080186
412745.8223789849	4568583.1137270294
412744.8245938270	4568583.1802460393
412743.8268086692	4568583.2467650501
412742.8290235113	4568583.3132840600
412741.8348629469	4568583.3427483300
412740.8688809578	4568583.0841389783
412739.9028989686	4568582.8255296275
412738.9369169795	4568582.5669202758
412737.9709349904	4568582.3083109241
412737.0049530012	4568582.0497015724
412736.0389710121	4568581.7910922216
412735.0729890229	4568581.5324828699
412734.1070070338	4568581.2738735182
412733.1225876104	4568581.1554279448
412732.1225876104	4568581.1554279458
412731.1305563122	4568581.2569900714
412730.1427933469	4568581.4129526448
412729.1642745492	4568581.4916621791
412728.2411976260	4568581.1070467951
412727.3181207027	4568580.7224314110
412726.3622021844	4568580.6943711154
412725.3843997704	4568580.9039002052
412724.3939629498	4568581.0327722989
412723.3989257596	4568581.1322760172
412722.4337945850	4568581.2974406257
412721.7055945922	4568581.9828053247
412720.8284973930	4568582.1481221654
412719.9026936741	4568581.8370452886
412719.1326721136	4568581.1990274237
412718.3626505530	4568580.5610095579
412717.5282006550	4568580.0650016898
412716.5409595341	4568579.9057692522
412715.5768558778	4568579.8977169618
412714.6824286868	4568580.3449305575
412713.7323820894	4568580.3768200595
412712.9290725519	4568579.8494697725
412711.9981653102	4568579.5605379790
412711.0341970325	4568579.7543343762
412710.0738508058	4568580.0331445718
412709.0857749549	4568580.0811147876
412708.0867187965	4568580.0376775637
412707.0876626381	4568579.9942403389
412706.1373977738	4568580.2430234328
412705.2066462799	4568580.6086758040
412704.2263584066	4568580.6365043968
412703.2298126483	4568580.5534589179
412702.2332668900	4568580.4704134380
412701.2367211317	4568580.3873679591
412700.2393237480	4568580.3154480197
412699.2417486471	4568580.2458497565
412698.2441735463	4568580.1762514934
412697.2465984455	4568580.1066532303
412696.2490233447	4568580.0370549671
412695.2619660424	4568580.0483896518
412694.3153161365	4568580.3706534496
412693.3686662306	4568580.6929172482
412692.4220163247	4568581.0151810469
412691.4237426584	4568581.0113755204
412690.4238418304	4568580.9972924097
412689.4239410023	4568580.9832092999
412688.4240401742	4568580.9691261891
412687.4342511347	4568580.8774156142
412686.4641086345	4568580.6348799895
412685.4939661343	4568580.3923443649
412684.5205653211	4568580.1831178889
412683.5218129822	4568580.2330555059
412682.5230606434	4568580.2829931229
412681.5259887756	4568580.3559388416
412680.5305797465	4568580.4516512481
412679.5351707173	4568580.5473636538
412678.5537839232	4568580.6846800614
412677.7035187769	4568581.2110346770
412676.8053936350	4568581.3276479132
412675.8567103371	4568581.0114201466
412674.8779670567	4568580.9484888362
412673.8816204078	4568581.0338899782
412672.8843814988	4568581.1056808764
412671.8854129586	4568581.1510885367
412670.8864444184	4568581.1964961980
412669.8874758782	4568581.2419038583
412668.8885073380	4568581.2873115195
412667.8895387977	4568581.3327191807
412666.8905702575	4568581.3781268410
412665.8918405639	4568581.4276348194
412664.8943562265	4568581.4985220311
412663.8968718892	4568581.5694092428
412662.8993875519	4568581.6402964545
412661.9019032145	4568581.7111836663
412660.9044188772	4568581.7820708780
412659.9069345399	4568581.8529580897
412658.9094502026	4568581.9238453014
412657.9119658653	4568581.9947325131
412656.9144815280	4568582.0656197248
412655.9169971906	4568582.1365069365
412654.9195128533	4568582.2073941482
412653.9220285160	4568582.2782813599
412652.9256161910	4568582.3608422475
412651.9319043257	4568582.4728097813
412650.9381924604	4568582.5847773151
412649.9444805950	4568582.6967448499
412648.9507687296	4568582.8087123837
412647.9531224634	4568582.8506233441
412646.9531224634	4568582.8506233441
412645.9531224634	4568582.8506233441
412644.9531224634	4568582.8506233450
412643.9531224634	4568582.8506233450
412642.9531224634	4568582.8506233450
412641.9556893574	4568582.8737766165
412640.9799731052	4568583.0928149587
412640.0042568531	4568583.3118533008
412639.0285406010	4568583.5308916429
412638.0327977845	4568583.5513612479
412637.0329937861	4568583.5315631498
412636.0331897877	4568583.5117650507
412635.0333857892	4568583.4919669516
412634.0335817908	4568583.4721688535
412633.0337777923	4568583.4523707544
412632.0435479615	4568583.3694446823
412631.0828337788	4568583.0919050295
412630.1221195961	4568582.8143653758
412629.1545116317	4568582.6050520157
412628.1576963532	4568582.6847972376
412627.1608810746	4568582.7645424604
412626.1640657961	4568582.8442876833
412625.1740629318	4568582.7170383055
412624.1846480175	4568582.5719241183
412623.1952331033	4568582.4268099302
412622.2058181890	4568582.2816957431
412621.2164032747	4568582.1365815550
412620.2284295826	4568581.9819661276
412619.2404879344	4568581.8271394512
412618.2525462862	4568581.6723127747
412617.2646046380	4568581.5174860982
412616.2766629898	4568581.3626594217
412615.2887213415	4568581.2078327462
412614.3007796933	4568581.0530060697
412613.3128380451	4568580.8981793933
412612.3254454159	4568580.7401087172
412611.3415755057	4568580.5612232797
412610.3577055955	4568580.3823378412
412609.3738356853	4568580.2034524037
412608.3852911220	4568580.1684029661
412607.3918821861	4568580.2830270734
412606.4379819192	4568580.5686323978
412605.5216038062	4568580.4329597270
412604.6223687175	4568579.9954940081
412603.7231336288	4568579.5580282891
412602.7555556058	4568579.3121382203
412601.7824753181	4568579.0816718368
412600.8018585778	4568578.8936573612
412599.8089117846	4568578.7750965497
412598.8159649914	4568578.6565357391
412597.8230181983	4568578.5379749276
412596.8300714051	4568578.4194141161
412595.8320822335	4568578.3565363744
412594.8339898232	4568578.2947987001
412593.8358974129	4568578.2330610249
412592.8378050026	4568578.1713233506
412591.8397125923	4568578.1095856754
412590.8416201820	4568578.0478480011
412589.8452544372	4568578.0874241563
412588.8498454081	4568578.1831365628
412587.8544363790	4568578.2788489694
412586.8584494615	4568578.3362482935
412585.8606065891	4568578.2706007361
412584.8627637166	4568578.2049531788
412583.8649208441	4568578.1393056205
412582.8670779716	4568578.0736580631
412581.8690246674	4568578.0115646170
412580.8704068380	4568577.9590057842
412579.8717890087	4568577.9064469514
412578.8731711793	4568577.8538881186
412577.8745533500	4568577.8013292849
412576.8759355207	4568577.7487704521
412575.8773176914	4568577.6962116193
412574.8786998620	4568577.6436527865
412573.8800820327	4568577.5910939537
412572.8814642033	4568577.5385351200
412571.8828463740	4568577.4859762872
412570.8842285446	4568577.4334174544
412569.8856107153	4568577.3808586216
412568.8886512813	4568577.4441289287
412567.8919475131	4568577.5252559800
412566.8952437449	4568577.6063830303
412565.8985399766	4568577.6875100816
412564.9018362084	4568577.7686371328
412563.9051324402	4568577.8497641832
412562.9084286719	4568577.9308912344
412561.9117249037	4568578.0120182848
412560.9150211354	4568578.0931453360
412559.9183173672	4568578.1742723873
412558.9216135990	4568578.2553994376
412557.9250582246	4568578.3383172536
412556.9285957587	4568578.4223562572
412555.9321332928	4568578.5063952599
412554.9356708269	4568578.5904342635
412553.9392083610	4568578.6744732661
412552.9427458951	4568578.7585122697
412551.9462834292	4568578.8425512724
412550.9498209633	4568578.9265902760
412549.9533584974	4568579.0106292786
412548.9568960315	4568579.0946682822
412547.9604335656	4568579.1787072849
412546.9613060037	4568579.1994332559
412545.9613060037	4568579.1994332559
412544.9613060037	4568579.1994332559
412543.9613060037	4568579.1994332559
412542.9613060037	4568579.1994332559
412541.9613060037	4568579.1994332559
412540.9613060037	4568579.1994332559
412539.9613060037	4568579.1994332559
412538.9643404632	4568579.2529251827
412537.9707558214	4568579.3660161169
412536.9771711796	4568579.4791070521
412535.9835865378	4568579.5921979873
412534.9900018960	4568579.7052889224
412533.9964172542	4568579.8183798566
412533.0028326124	4568579.9314707918
412532.0092479706	4568580.0445617270
412531.0144182541	4568580.0795525126
412530.0177336383	4568579.9981905026
412529.0210490225	4568579.9168284936
412528.0243644067	4568579.8354664836
412527.0276797909	4568579.7541044736
412526.0309951750	4568579.6727424646
412525.0343105592	4568579.5913804546
412524.0344801739	4568579.5740288831
412523.0346205894	4568579.5572714601
412522.0347610049	4568579.5405140370
412521.0349014203	4568579.5237566140
412520.0350418358	4568579.5069991909
412519.0351822513	4568579.4902417678
412518.0353226668	4568579.4734843448
412517.0354630822	4568579.4567269217
412516.0356034977	4568579.4399694977
412515.0357439132	4568579.4232120747
412514.0358843287	4568579.4064546516
412513.0359821415	4568579.3961905213
412512.0359887530	4568579.3998268610
412511.0359953645	4568579.4034632007
412510.0360019760	4568579.4070995403
412509.0360085875	4568579.4107358791
412508.0360151990	4568579.4143722188
412507.0360218105	4568579.4180085585
412506.0360284220	4568579.4216448981
412505.0360350335	4568579.4252812378
412504.0360416450	4568579.4289175775
412503.0360482565	4568579.4325539172
412502.0360548680	4568579.4361902559
412501.0360614796	4568579.4398265956
412500.0360680910	4568579.4434629353
412499.0360747025	4568579.4470992750
412498.0360813141	4568579.4507356146
412497.0360879256	4568579.4543719543
412496.0360945370	4568579.4580082940
412495.0360985811	4568579.4602325475
412494.0360985811	4568579.4602325475
412493.0360985811	4568579.4602325475
412492.0360985811	4568579.4602325475
412491.0360985811	4568579.4602325475
412490.0360985811	4568579.4602325475
412489.0360985811	4568579.4602325475
412488.0360985811	4568579.4602325475
412487.0360985811	4568579.4602325475
412486.0360985811	4568579.4602325475
412485.0360985811	4568579.4602325475
412484.0398128066	4568579.5124956649
412483.0498633129	4568579.6539170211
412482.0599138192	4568579.7953383774
412481.0699643256	4568579.9367597336
412480.0800148319	4568580.0781810898
412479.0900653383	4568580.2196024461
412478.0964304307	4568580.2993799029
412477.0966828285	4568580.2769136652
412476.0969352263	4568580.2544474266
412475.0971876240	4568580.2319811890
412474.0974400218	4568580.2095149504
412473.0976924196	4568580.1870487127
412472.1018449573	4568580.2453246973
412471.1089171404	4568580.3640443273
412470.1159893236	4568580.4827639572
412469.1230615067	4568580.6014835872
412468.1301336899	4568580.7202032171
412467.1372058730	4568580.8389228471
412466.1407079857	4568580.9085916737
412465.1410540664	4568580.9348983560
412464.1414001470	4568580.9612050382
412463.1417462277	4568580.9875117205
412462.1420923083	4568581.0138184037
412461.1735889407	4568580.8379499260
412460.2282159596	4568580.5119592417
412459.2516672488	4568580.3870216301
412458.2519645582	4568580.4114046237
412457.2522618675	4568580.4357876163
412456.2525591769	4568580.4601706099
412455.2528564863	4568580.4845536025
412454.2531009036	4568580.5059671868
412453.2531640209	4568580.5172024332
412452.2532271383	4568580.5284376787
412451.2532902556	4568580.5396729251
412450.2533533731	4568580.5509081706
412449.2534164904	4568580.5621434161
412448.2646052792	4568580.4721733648
412447.2909889687	4568580.2439820413
412446.3173726581	4568580.0157907186
412445.3437563476	4568579.7875993960
412444.3666202543	4568579.5856597312
412443.3672807564	4568579.5493201129
412442.3679412584	4568579.5129804946
412441.3686017605	4568579.4766408755
412440.3841345716	4568579.3318604082
412439.4119109342	4568579.0978065701
412438.4396872969	4568578.8637527321
412437.4674636596	4568578.6296988940
412436.4715421027	4568578.6743041910
412435.4737569448	4568578.7408232018
412434.4759717869	4568578.8073422126
412433.4781866291	4568578.8738612225
412432.4809836240	4568578.9328712877
412431.5053738680	4568578.7133590924
412430.5297641119	4568578.4938468970
412429.5541543559	4568578.2743347017
412428.5785445998	4568578.0548225064
412427.6029348438	4568577.8353103111
412426.6152240181	4568577.6871080343
412425.6218150822	4568577.5724839261
412424.6284061463	4568577.4578598179
412423.6349972104	4568577.3432357097
412422.6415882745	4568577.2286116024
412421.6481793387	4568577.1139874943
412420.6547704028	4568576.9993633861
412419.6613614669	4568576.8847392779
412418.6670248875	4568576.7907070778
412417.6673333748	4568576.8155441340
412416.6676418621	4568576.8403811902
412415.6679503494	4568576.8652182464
412414.6682588366	4568576.8900553025
412413.6685673239	4568576.9148923587
412412.6688758112	4568576.9397294158
412411.6691842984	4568576.9645664720
412410.6694927857	4568576.9894035282
412409.6698012729	4568577.0142405843
412408.6701097602	4568577.0390776405
412407.6704523122	4568577.0652318075
412406.6708134299	4568577.0921038203
412405.6711745477	4568577.1189758331
412404.6715356654	4568577.1458478458
412403.6718967831	4568577.1727198586
412402.6722579008	4568577.1995918723
412401.6726190186	4568577.2264638850
412400.6729801364	4568577.2533358978
412399.6733412541	4568577.2802079106
412398.6737023719	4568577.3070799233
412397.6740634896	4568577.3339519370
412396.6744246073	4568577.3608239498
412395.6754083613	4568577.4027103083
412394.6769768530	4568577.4586971216
412393.6785453448	4568577.5146839349
412392.6801138365	4568577.5706707481
412391.6816823283	4568577.6266575623
412390.6832508199	4568577.6826443756
412389.6848193117	4568577.7386311889
412388.6871596197	4568577.8061313871
412387.6901889055	4568577.8839092441
412386.6932181914	4568577.9616871011
412385.6962474772	4568578.0394649580
412384.6992767630	4568578.1172428150
412383.7023060489	4568578.1950206729
412382.7053353347	4568578.2727985298
412381.7083646205	4568578.3505763868
412380.7113939063	4568578.4283542437
412379.7146475201	4568578.5088517647
412378.7184069319	4568578.5954813808
412377.7221663437	4568578.6821109969
412376.7259257554	4568578.7687406139
412375.7296851672	4568578.8553702300
412374.7334445790	4568578.9419998461
412373.7372039908	4568579.0286294622
412372.7409634026	4568579.1152590783
412371.7447228144	4568579.2018886944
412370.7484822262	4568579.2885183115
412369.7522416380	4568579.3751479276
412368.7589573470	4568579.3002464650
412367.7665538041	4568579.1772212321
412366.7741502611	4568579.0541959992
412365.7817467181	4568578.9311707662
412364.7893431752	4568578.8081455342
412363.7969396322	4568578.6851203013
412362.8045360892	4568578.5620950684
412361.8121325462	4568578.4390698355
412360.8144811232	4568578.3767720973
412359.8156847025	4568578.3277240582
412358.8168882819	4568578.2786760200
412357.8180918612	4568578.2296279818
412356.8192954405	4568578.1805799436
412355.8204990199	4568578.1315319045
412354.8217025992	4568578.0824838663
412353.8229061786	4568578.0334358281
412352.8241097579	4568577.9843877889
412351.8253133372	4568577.9353397507
412350.8265169166	4568577.8862917125
412349.8277204960	4568577.8372436734
412348.8289240753	4568577.7881956352
412347.8301276546	4568577.7391475970
412346.8340007224	4568577.6659788340
412345.8486502165	4568577.4954374004
412344.8632997106	4568577.3248959668
412343.8779492048	4568577.1543545322
412342.8925986989	4568576.9838130986
412341.9072481931	4568576.8132716650
412340.9218976872	4568576.6427302314
412339.9365471814	4568576.4721887978
412338.9511966755	4568576.3016473642
412337.9658461697	4568576.1311059305
412336.9804956639	4568575.9605644969
412335.9951451580	4568575.7900230633
412335.0097946521	4568575.6194816288
412334.0244441463	4568575.4489401951
412333.0356408403	4568575.3022642555
412332.0423592144	4568575.1865421245
412331.0490775884	4568575.0708199935
412330.0557959625	4568574.9550978616
412329.0625143366	4568574.8393757306
412328.0692327107	4568574.7236535996
412327.0759510848	4568574.6079314686
412326.0785961577	4568574.5950732157
412325.0792741380	4568574.6318903426
412324.0799521182	4568574.6687074695
412323.0806300985	4568574.7055245964
412322.0813080787	4568574.7423417233
412321.0819860590	4568574.7791588502
412320.0826640392	4568574.8159759771
412319.0833420195	4568574.8527931049
412318.0840199997	4568574.8896102319
412317.0846979800	4568574.9264273588
412316.0853759603	4568574.9632444857
412315.0860539406	4568575.0000616126
412314.0928044821	4568575.0853096172
412313.1153283479	4568575.2963556005
412312.1378522137	4568575.5074015837
412311.1603760795	4568575.7184475679
412310.1828999454	4568575.9294935511
412309.2054238112	4568576.1405395344
412308.2237488202	4568576.3291016892
412307.2359858550	4568576.4850642625
412306.2482228897	4568576.6410268368
412305.2604599244	4568576.7969894111
412304.2650306483	4568576.8347933767
412303.2653956784	4568576.8077762146
412302.2657607086	4568576.7807590533
412301.2661257386	4568576.7537418921
412300.2664907688	4568576.7267247299
412299.2668048373	4568576.7419987526
412298.2671076583	4568576.7666066829
412297.2674104793	4568576.7912146132
412296.2677133002	4568576.8158225436
412295.2680161212	4568576.8404304748
412294.2683189422	4568576.8650384052
412293.2686217631	4568576.8896463355
412292.2689245841	4568576.9142542658
412291.2692274051	4568576.9388621971
412290.2695302261	4568576.9634701274
412289.2698330470	4568576.9880780578
412288.2701358680	4568577.0126859881
412287.2704386890	4568577.0372939194
412286.2707415099	4568577.0619018497
412285.2710443309	4568577.0865097800
412284.2713471519	4568577.1111177104
412283.2716499729	4568577.1357256416
412282.2719527938	4568577.1603335720
412281.2722556148	4568577.1849415023
412280.2725584358	4568577.2095494326
412279.2728612568	4568577.2341573639
412278.2729986118	4568577.2488076491
412277.2730357679	4568577.2574280184
412276.2730729240	4568577.2660483876
412275.2731100800	4568577.2746687569
412274.2731472361	4568577.2832891261
412273.2731843922	4568577.2919094954
412272.2732215483	4568577.3005298646
412271.2733703486	4568577.3049631808
412270.2752877811	4568577.2430665875
412269.2772052135	4568577.1811699942
412268.2791226459	4568577.1192734009
412267.2810400783	4568577.0573768076
412266.2829575106	4568576.9954802142
412265.2848749431	4568576.9335836209
412264.2867923755	4568576.8716870276
412263.2887098079	4568576.8097904343
412262.2906272403	4568576.7478938410
412261.2925446727	4568576.6859972477
412260.2944621051	4568576.6241006544
412259.2963795375	4568576.5622040611
412258.2982969699	4568576.5003074678
412257.3002144023	4568576.4384108745
412256.3021318347	4568576.3765142811
412255.3040492671	4568576.3146176878
412254.3057071683	4568576.2580069555
412253.3063617124	4568576.2218315545
412252.3070162563	4568576.1856561527
412251.3076708004	4568576.1494807517
412250.3083253444	4568576.1133053508
412249.3089798885	4568576.0771299498
412248.3096344325	4568576.0409545479
412247.3102889766	4568576.0047791470
412246.3109435206	4568575.9686037460
412245.3115980646	4568575.9324283451
412244.3122526087	4568575.8962529432
412243.3129071527	4568575.8600775423
412242.3135616968	4568575.8239021413
412241.3142162408	4568575.7877267404
412240.3148707848	4568575.7515513385
412239.3323278667	4568575.9080218254
412238.3543350303	4568576.1166602978
412237.3763421939	4568576.3252987694
412236.3983493576	4568576.5339372419
412235.4203565212	4568576.7425757134
412234.4510921839	4568576.5862628669
412233.4841918255	4568576.3311086064
412232.5172914671	4568576.0759543451
412231.5503911088	4568575.8208000837
412230.5834907504	4568575.5656458223
412229.5970208962	4568575.4037424717
412228.6091186176	4568575.2486647880
412227.6212163389	4568575.0935871042
412226.6333140603	4568574.9385094214
412225.6454117817	4568574.7834317377
412224.6575095031	4568574.6283540539
412223.6696072245	4568574.4732763702
412222.6817049459	4568574.3181986874
412221.6938026672	4568574.1631210037
412220.7059003886	4568574.0080433199
412219.7179981100	4568573.8529656371
412218.7258459030	4568573.7312471215
412217.7306173778	4568573.6336756973
412216.7353888527	4568573.5361042731
412215.7401603276	4568573.4385328488
412214.7449318025	4568573.3409614246
412213.7497032774	4568573.2433900004
412212.7544747523	4568573.1458185762
412211.7592462272	4568573.0482471520
412210.7640177021	4568572.9506757278
412209.7687891770	4568572.8531043036
412208.7744423180	4568572.7471880484
412207.7807975381	4568572.6346267257
412206.7871527582	4568572.5220654029
412205.7935079783	4568572.4095040802
412204.7998631984	4568572.2969427574
412203.8062184185	4568572.1843814347
412202.8125736386	4568572.0718201129
412201.8189288587	4568571.9592587901
412200.8252840787	4568571.8466974674
412199.8316392988	4568571.7341361446
412198.8379945189	4568571.6215748219
412197.8443497391	4568571.5090134991
412196.8507049591	4568571.3964521764
412195.8570601792	4568571.2838908536
412194.8634153993	4568571.1713295309
412193.8697706194	4568571.0587682091
412192.8761258394	4568570.9462068863
412191.8781056589	4568570.8930182708
412190.8786945763	4568570.8587037278
412189.8792834936	4568570.8243891839
412188.8798724110	4568570.7900746400
412187.8804613284	4568570.7557600969
412186.8810502457	4568570.7214455530
412185.8816391631	4568570.6871310091
412184.8822280805	4568570.6528164661
412183.8828169978	4568570.6185019221
412182.8834059152	4568570.5841873791
412181.8839948325	4568570.5498728352
412180.8845837499	4568570.5155582912
412179.8851726673	4568570.4812437482
412178.8857615846	4568570.4469292043
412177.8863505020	4568570.4126146603
412176.8879607234	4568570.4362594513
412175.8903790257	4568570.5057630939
412174.8927973280	4568570.5752667375
412173.8952156303	4568570.6447703801
412172.8976339326	4568570.7142740227
412171.9000522348	4568570.7837776663
412170.9024705371	4568570.8532813089
412169.9048888394	4568570.9227849515
412168.9073071417	4568570.9922885941
412167.9097254440	4568571.0617922377
412166.9121437462	4568571.1312958803
412165.9145620485	4568571.2007995229
412164.9169803508	4568571.2703031665
412163.9193986531	4568571.3398068091
412162.9218169553	4568571.4093104517
412161.9242352576	4568571.4788140943
412160.9258297797	4568571.5341088288
412159.9268997335	4568571.5803555902
412158.9279696874	4568571.6266023517
412157.9290396413	4568571.6728491131
412156.9301095951	4568571.7190958746
412155.9311795490	4568571.7653426360
412154.9322495029	4568571.8115893975
412153.9392514737	4568571.9172838293
412152.9508797761	4568572.0693410132
412151.9625080785	4568572.2213981980
412150.9741363808	4568572.3734553820
412149.9857646832	4568572.5255125668
412148.9973929856	4568572.6775697516
412148.0090212879	4568572.8296269355
412147.0206495903	4568572.9816841204
412146.0322778927	4568573.1337413043
412145.0327371403	4568573.1116078431
412144.0330393414	4568573.0870251106
412143.0333415424	4568573.0624423772
412142.0336437435	4568573.0378596447
412141.0339459445	4568573.0132769123
412140.0342481455	4568572.9886941789
412139.0345503466	4568572.9641114464
412138.0348587283	4568572.9393104156
412137.0353715059	4568572.9072902305
412136.0358842835	4568572.8752700444
412135.0363970611	4568572.8432498593
412134.0369098387	4568572.8112296732
412133.0374226163	4568572.7792094881
412132.0379353939	4568572.7471893020
412131.0384481715	4568572.7151691169
412130.0389609491	4568572.6831489308
412129.0394737268	4568572.6511287456
412128.0399865044	4568572.6191085596
412127.0404992820	4568572.5870883744
412126.0410120596	4568572.5550681883
412125.0415248372	4568572.5230480032
412124.0420376148	4568572.4910278171
412123.0425503925	4568572.4590076320
412122.0430631701	4568572.4269874459
412121.0435759477	4568572.3949672608
412120.0440887253	4568572.3629470747
412119.0446015029	4568572.3309268896
412118.0451142805	4568572.2989067035
412117.0456270582	4568572.2668865183
412116.0461398358	4568572.2348663323
412115.0466526133	4568572.2028461471
412114.0471653910	4568572.1708259610
412113.0476781686	4568572.1388057759
412112.0481909462	4568572.1067855898
412111.0487037238	4568572.0747654047
412110.0492165014	4568572.0427452186
412109.0550029471	4568571.9515631944
412108.0656105932	4568571.8062952692
412107.0762182393	4568571.6610273439
412106.0868258854	4568571.5157594187
412105.0974335315	4568571.3704914944
412104.1080411776	4568571.2252235692
412103.1186488237	4568571.0799556440
412102.1292564699	4568570.9346877187
412101.1398641159	4568570.7894197935
412100.1504717621	4568570.6441518683
412099.1610794082	4568570.4988839431
412098.1716870543	4568570.3536160178
412097.1822947004	4568570.2083480936
412096.1929023465	4568570.0630801683
412095.2035099927	4568569.9178122431
412094.2141176387	4568569.7725443179
412093.2247252849	4568569.6272763927
412092.2257108393	4568569.6281422116
412091.2258128645	4568569.6424264684
412090.2259148897	4568569.6567107253
412089.2260169149	4568569.6709949821
412088.2336216776	4568569.6078575179
412087.2550718926	4568569.4018470366
412086.2765221076	4568569.1958365561
412085.2979723225	4568568.9898260757
412084.3191480968	4568568.7851270586
412083.3401025660	4568568.5814855881
412082.3610570351	4568568.3778441176
412081.3820115042	4568568.1742026471
412080.4029659733	4568567.9705611765
412079.4239204424	4568567.7669197060
412078.4448749116	4568567.5632782355
412077.4658293807	4568567.3596367650
412076.4837323999	4568567.1743908664
412075.4913722181	4568567.0510163568
412074.4990120362	4568566.9276418481
412073.5066518544	4568566.8042673394
412072.5142916725	4568566.6808928298
412071.5219314907	4568566.5575183211
412070.5295713088	4568566.4341438115
412069.5372111270	4568566.3107693028
412068.5448509451	4568566.1873947941
412067.5524907633	4568566.0640202845
412066.5601305815	4568565.9406457758
412065.5677703996	4568565.8172712661
412064.5752806971	4568565.6950066090
412063.5811785205	4568565.5865590982
412062.5870763439	4568565.4781115875
412061.5929741673	4568565.3696640776
412060.5988719908	4568565.2612165669
412059.6047698141	4568565.1527690571
412058.6106676376	4568565.0443215463
412057.6165654610	4568564.9358740365
412056.6173922097	4568564.9206720134
412055.6173922097	4568564.9206720134
412054.6173922097	4568564.9206720134
412053.6173922097	4568564.9206720134
412052.6173922097	4568564.9206720134
412051.6173922097	4568564.9206720125
412050.6173922097	4568564.9206720125
412049.6173922097	4568564.9206720125
412048.6173922097	4568564.9206720125
412047.6173922097	4568564.9206720125
412046.6173952215	4568564.9211418554
412045.6174773941	4568564.9339613151
412044.6175595668	4568564.9467807747
412043.6176417394	4568564.9596002344
412042.6177239120	4568564.9724196941
412041.6178060847	4568564.9852391537
412040.6178882573	4568564.9980586134
412039.6179704300	4568565.0108780731
412038.6180526027	4568565.0236975327
412037.6181347753	4568565.0365169924
412036.6182169479	4568565.0493364520
412035.6191405020	4568565.0907833893
412034.6201957720	4568565.1367118824
412033.6212510420	4568565.1826403756
412032.6223063121	4568565.2285688687
412031.6233615821	4568565.2744973619
412030.6244168522	4568565.3204258550
412029.6254721222	4568565.3663543481
412028.6265273922	4568565.4122828413
412027.6275826622	4568565.4582113344
412026.6286379323	4568565.5041398276
412025.6296932024	4568565.5500683207
412024.6307484724	4568565.5959968138
412023.6318037424	4568565.6419253070
412022.6328590124	4568565.6878538001
412021.6339142825	4568565.7337822933
412020.6349695525	4568565.7797107864
412019.6360248226	4568565.8256392796
412018.6376604619	4568565.8825915195
412017.6394153832	4568565.9418094475
412016.6411703046	4568566.0010273764
412015.6429252260	4568566.0602453053
412014.6446801475	4568566.1194632333
412013.6464350689	4568566.1786811622
412012.6481899903	4568566.2378990911
412011.6499565614	4568566.2973108003
412010.6518066542	4568566.3581118099
412009.6536567470	4568566.4189128196
412008.6555068398	4568566.4797138292
412007.6573569326	4568566.5405148389
412006.6592070254	4568566.6013158485
412005.6610571182	4568566.6621168582
412004.6629072110	4568566.7229178669
412003.6647573038	4568566.7837188765
412002.6666073966	4568566.8445198862
412001.6684574894	4568566.9053208958
412000.6703075822	4568566.9661219055
411999.6721576751	4568567.0269229151
411998.6735374092	4568567.0722661726
411997.6735374092	4568567.0722661726
411996.6735374092	4568567.0722661726
411995.6735374092	4568567.0722661735
411994.6735374092	4568567.0722661735
411993.6735374092	4568567.0722661735
411992.6745659171	4568567.0524895340
411991.6799606160	4568566.9487576932
411990.6853553148	4568566.8450258523
411989.6907500136	4568566.7412940105
411988.6961447124	4568566.6375621697
411987.7015394112	4568566.5338303288
411986.7069341101	4568566.4300984871
411985.7123288089	4568566.3263666462
411984.7177235077	4568566.2226348054
411983.7231182065	4568566.1189029636
411982.7285129053	4568566.0151711227
411981.7332155914	4568565.9185629813
411980.7372411526	4568565.8289252818
411979.7412667138	4568565.7392875813
411978.7452922749	4568565.6496498818
411977.7493178361	4568565.5600121822
411976.7533433973	4568565.4703744827
411975.7573689585	4568565.3807367831
411974.7639949325	4568565.2659293711
411973.7707317934	4568565.1500486722
411972.7774686543	4568565.0341679724
411971.7852516711	4568564.9137900993
411970.8428239257	4568564.5793802543
411969.9003961802	4568564.2449704092
411968.9579684348	4568563.9105605641
411968.0155406894	4568563.5761507181
411967.0731129439	4568563.2417408731
411966.1306851985	4568562.9073310280
411965.1578250823	4568562.7065881183
411964.1635159283	4568562.6000549942
411963.1692067745	4568562.4935218710
411962.1748976205	4568562.3869887469
411961.1805884666	4568562.2804556238
411960.1864223582	4568562.1726808697
411959.1939367279	4568562.0503196279
411958.2014510975	4568561.9279583860
411957.2089654671	4568561.8055971442
411956.2164798368	4568561.6832359023
411955.2429942888	4568561.4882285334
411954.3176891500	4568561.1090051169
411953.3923840111	4568560.7297816994
411952.4670788723	4568560.3505582828
411951.5417737335	4568559.9713348653
411950.5469693250	4568559.8763462063
411949.5510761186	4568559.7858104603
411948.5551829121	4568559.6952747144
411947.5592897056	4568559.6047389675
411946.5633964991	4568559.5142032215
411945.5706637368	4568559.6240894729
411944.5781202815	4568559.7459807741
411943.5855768263	4568559.8678720752
411942.5931249888	4568559.9904981172
411941.6010415161	4568560.1160783032
411940.6089580434	4568560.2416584902
411939.6168745708	4568560.3672386762
411938.6247910981	4568560.4928188631
411937.6326803542	4568560.6181490645
411936.6368554496	4568560.7094330145
411935.6410305450	4568560.8007169636
411934.6452056404	4568560.8920009127
411933.6493807358	4568560.9832848627
411932.6535558313	4568561.0745688118
411931.6577309267	4568561.1658527609
411930.6619060221	4568561.2571367109
411929.6655207568	4568561.3392062420
411928.6659727087	4568561.3692678381
411927.6664246606	4568561.3993294332
411926.6668766125	4568561.4293910293
411925.6673285644	4568561.4594526254
411924.6677805163	4568561.4895142205
411923.6682324682	4568561.5195758166
411922.6686844201	4568561.5496374117
411921.6691363720	4568561.5796990078
411920.6705807853	4568561.6293241074
411919.6731220855	4568561.7005711580
411918.6756633857	4568561.7718182076
411917.6782046858	4568561.8430652572
411916.6807459860	4568561.9143123077
411915.6832872862	4568561.9855593573
411914.6856528601	4568562.0518798046
411913.6856528601	4568562.0518798046
411912.6856528601	4568562.0518798037
411911.6856528601	4568562.0518798037
411910.6856906762	4568562.0575020490
411909.6857811543	4568562.0709537463
411908.6858716325	4568562.0844054446
411907.6859621107	4568562.0978571419
411906.6860525889	4568562.1113088392
411905.6861430671	4568562.1247605365
411904.6862335452	4568562.1382122338
411903.6863240234	4568562.1516639311
411902.6864145016	4568562.1651156284
411901.6865049798	4568562.1785673266
411900.6865954579	4568562.1920190239
411899.6866859361	4568562.2054707212
411898.6867764142	4568562.2189224185
411897.6868668925	4568562.2323741158
411896.6869573706	4568562.2458258132
411895.6873431885	4568562.2218445558
411894.6877703965	4568562.1926172813
411893.6881976046	4568562.1633900069
411892.6886248126	4568562.1341627324
411891.6890520206	4568562.1049354579
411890.6894792287	4568562.0757081835
411889.6899064367	4568562.0464809090
411888.6903336448	4568562.0172536345
411887.6907608528	4568561.9880263600
411886.6911880608	4568561.9587990856
411885.6916152689	4568561.9295718111
411884.6920285241	4568561.9008272374
411883.6924364377	4568561.8722674632
411882.6928443513	4568561.8437076891
411881.6932522648	4568561.8151479149
411880.6936601784	4568561.7865881408
411879.6940680919	4568561.7580283666
411878.6944760055	4568561.7294685924
411877.6948839190	4568561.7009088183
411876.6952918325	4568561.6723490441
411875.6958899201	4568561.6380942818
411874.6966193739	4568561.5999055980
411873.6973488277	4568561.5617169151
411872.6980782815	4568561.5235282322
411871.6988077353	4568561.4853395494
411870.6995371891	4568561.4471508665
411869.7002666429	4568561.4089621836
411868.7009960967	4568561.3707735008
411867.7017255505	4568561.3325848170
411866.7024550044	4568561.2943961341
411865.7079950402	4568561.2103636591
411864.7225638198	4568561.0402892344
411863.7371325993	4568560.8702148106
411862.7517013788	4568560.7001403868
411861.7662701583	4568560.5300659630
411860.7808389378	4568560.3599915383
411859.7954077173	4568560.1899171146
411858.8099764968	4568560.0198426908
411857.8245452763	4568559.8497682670
411856.8391140559	4568559.6796938432
411855.8536828354	4568559.5096194185
411854.8682516149	4568559.3395449948
411853.8828203944	4568559.1694705710
411852.8969636932	4568559.0019230386
411851.9101746014	4568558.8399128895
411850.9233855098	4568558.6779027404
411849.9365964181	4568558.5158925904
411848.9498073263	4568558.3538824413
411847.9630182346	4568558.1918722922
411846.9762291429	4568558.0298621422
411845.9894400512	4568557.8678519931
411845.0026509595	4568557.7058418440
411844.0298151005	4568557.4841052573
411843.0733854095	4568557.1921425089
411842.1169557185	4568556.9001797615
411841.1605260275	4568556.6082170131
411840.2040963366	4568556.3162542656
411839.2476666456	4568556.0242915172
411838.2912369546	4568555.7323287698
411837.3749179471	4568555.3321595909
411836.4592739166	4568554.9301695293
411835.5387937737	4568554.5623564394
411834.5475658730	4568554.6945201596
411833.5563379724	4568554.8266838798
411832.5651100717	4568554.9588476000
411831.5738821710	4568555.0910113202
411830.5826542704	4568555.2231750404
411829.5914263697	4568555.3553387607
411828.6292927160	4568555.3736070497
411827.8228877203	4568554.7822433859
411827.0164827245	4568554.1908797221
411826.2100777288	4568553.5995160583
411825.4036727331	4568553.0081523946
411824.5421425937	4568552.6482558837
411823.5552457297	4568552.8093445003
411822.5645341501	4568552.9453245215
411821.5738225706	4568553.0813045427
411820.5831109910	4568553.2172845639
411819.5886576182	4568553.1789537240
411818.5930233922	4568553.0856130151
411817.5973891662	4568552.9922723062
411816.6017549401	4568552.8989315974
411815.6061207141	4568552.8055908894
411814.6104864880	4568552.7122501805
411813.6148522619	4568552.6189094717
411812.6192180359	4568552.5255687628
411811.6224247364	4568552.4482478993
411810.6237237419	4568552.3972937670
411809.6250227474	4568552.3463396346
411808.6263217529	4568552.2953855023
411807.6276207584	4568552.2444313699
411806.6289197639	4568552.1934772376
411805.6302187694	4568552.1425231053
411804.6315177749	4568552.0915689738
411803.6328167804	4568552.0406148415
411802.6341157859	4568551.9896607092
411801.6354147914	4568551.9387065768
411800.6367137969	4568551.8877524445
411799.6380128024	4568551.8367983121
411798.6396436158	4568551.8510833690
411797.6415125823	4568551.9121934315
411796.6433815487	4568551.9733034940
411795.6452505150	4568552.0344135575
411794.6471194815	4568552.0955236200
411793.6489884479	4568552.1566336825
411792.6514015535	4568552.2245310340
411791.6562832695	4568552.3232204504
411790.6611649856	4568552.4219098669
411789.6660467017	4568552.5205992842
411788.6709284177	4568552.6192887006
411787.6758101338	4568552.7179781171
411786.6806918499	4568552.8166675344
411785.6855735659	4568552.9153569508
411784.6892425530	4568552.9923651889
411783.6893257892	4568553.0052673407
411782.6894090255	4568553.0181694925
411781.6894922617	4568553.0310716433
411780.6895754980	4568553.0439737951
411779.6896587342	4568553.0568759469
411778.6897419704	4568553.0697780987
411777.6898252066	4568553.0826802505
411776.6899084428	4568553.0955824023
411775.6899916791	4568553.1084845541
411774.6902504022	4568553.1269015335
411773.6915362787	4568553.1775976820
411772.6928221552	4568553.2282938305
411771.6941080317	4568553.2789899781
411770.6953939081	4568553.3296861267
411769.6966797846	4568553.3803822752
411768.6979656610	4568553.4310784237
411767.6992515375	4568553.4817745723
411766.7005374140	4568553.5324707199
411765.7018232905	4568553.5831668684
411764.7031091669	4568553.6338630170
411763.7043950434	4568553.6845591655
411762.7056809198	4568553.7352553140
411761.7072839603	4568553.7517731348
411760.7096826324	4568553.6825518189
411759.7120813045	4568553.6133305021
411758.7144799766	4568553.5441091852
411757.7168786488	4568553.4748878693
411756.7192773210	4568553.4056665525
411755.7216759931	4568553.3364452366
411754.7240746652	4568553.2672239197
411753.7264733374	4568553.1980026029
411752.7288720095	4568553.1287812870
411751.7312706816	4568553.0595599702
411750.7336693538	4568552.9903386543
411749.7360680260	4568552.9211173374
411748.7384666981	4568552.8518960215
411747.7408653702	4568552.7826747047
411746.7432640423	4568552.7134533878
411745.7468634798	4568552.6313568391
411744.7536661998	4568552.5149130197
411743.7604689198	4568552.3984692004
411742.7672716399	4568552.2820253810
411741.7740743599	4568552.1655815616
411740.7808770800	4568552.0491377423
411739.7876798000	4568551.9326939229
411738.7944825200	4568551.8162501035
411737.8012852400	4568551.6998062842
411736.8080879601	4568551.5833624648
411735.8127738437	4568551.4873852488
411734.8167688010	4568551.3980882447
411733.8207637583	4568551.3087912407
411732.8247587156	4568551.2194942376
411731.8287536729	4568551.1301972335
411730.8327486302	4568551.0409002295
411729.8367435874	4568550.9516032264
411728.8407385447	4568550.8623062223
411727.8447335020	4568550.7730092183
411726.8487284593	4568550.6837122152
411725.8527234165	4568550.5944152111
411724.8567183738	4568550.5051182071
411723.8607133311	4568550.4158212040
411722.8647082884	4568550.3265241999
411721.8687032457	4568550.2372271959
411720.8726982029	4568550.1479301928
411719.8766931602	4568550.0586331887
411718.8806881175	4568549.9693361847
411717.8846830748	4568549.8800391816
411716.8906038421	4568549.7718766071
411715.8970994140	4568549.6580831483
411714.9035949858	4568549.5442896904
411713.9100905577	4568549.4304962317
411712.9165861295	4568549.3167027729
411711.9230817014	4568549.2029093141
411710.9295772732	4568549.0891158553
411709.9360728450	4568548.9753223965
411708.9425684169	4568548.8615289377
411707.9490639887	4568548.7477354789
411706.9555595606	4568548.6339420211
411705.9620551325	4568548.5201485623
411704.9685507043	4568548.4063551035
411703.9750462761	4568548.2925616447
411702.9815418480	4568548.1787681859
411701.9873569499	4568548.0711073745
411700.9930730687	4568547.9643386351
411699.9987891875	4568547.8575698966
411699.0045053063	4568547.7508011572
411698.0102214252	4568547.6440324187
411697.0159375440	4568547.5372636793
411696.0216536628	4568547.4304949408
411695.0273697817	4568547.3237262014
411694.0330859004	4568547.2169574620
411693.0383809594	4568547.1153242588
411692.0399845971	4568547.0587141560
411691.0415882348	4568547.0021040523
411690.0431918725	4568546.9454939496
411689.0447955102	4568546.8888838468
411688.0463991479	4568546.8322737440
411687.0480027856	4568546.7756636413
411686.0496064233	4568546.7190535385
411685.0512100610	4568546.6624434358
411684.0528136987	4568546.6058333330
411683.0544173364	4568546.5492232293
411682.0560209741	4568546.4926131265
411681.0576246118	4568546.4360030238
411680.0613806382	4568546.3543305378
411679.0679516678	4568546.2398801958
411678.0745226975	4568546.1254298538
411677.0810937271	4568546.0109795108
411676.0876647568	4568545.8965291688
411675.0942357864	4568545.7820788268
411674.1008068160	4568545.6676284848
411673.1073778457	4568545.5531781418
411672.1139488753	4568545.4387277998
411671.1205199050	4568545.3242774578
411670.1270909346	4568545.2098271158
411669.1336619642	4568545.0953767728
411668.1402329939	4568544.9809264308
411667.1468040235	4568544.8664760888
411666.1730211975	4568544.6869602874
411665.2822593278	4568544.2324899463
411664.3914974581	4568543.7780196043
411663.5007355884	4568543.3235492622
411662.5523730813	4568543.0431056041
411661.5663680937	4568542.8763897847
411660.5803631061	4568542.7096739653
411659.5943581185	4568542.5429581460
411658.6083531308	4568542.3762423275
411657.6223481432	4568542.2095265081
411656.6363431555	4568542.0428106887
411655.6503381679	4568541.8760948693
411654.6643331803	4568541.7093790499
411653.6783281927	4568541.5426632306
411652.6923232051	4568541.3759474112
411651.7063182175	4568541.2092315927
411650.7203132299	4568541.0425157733
411649.7343082422	4568540.8757999539
411648.7380916680	4568540.7926775496
411647.7409489800	4568540.7171364361
411646.7438062920	4568540.6415953236
411645.7466636040	4568540.5660542110
411644.7836099176	4568540.3315325035
411643.8431566051	4568539.9916096190
411642.9027032925	4568539.6516867355
411641.9622499800	4568539.3117638519
411641.0217966675	4568538.9718409674
411640.0813433550	4568538.6319180839
411639.0905807552	4568538.5649529649
411638.0907373477	4568538.5472566215
411637.0908939403	4568538.5295602782
411636.0910505328	4568538.5118639348
411635.0912071254	4568538.4941675914
411634.0913637179	4568538.4764712481
411633.0915203105	4568538.4587749047
411632.0931144867	4568538.4115338856
411631.0962762815	4568538.3320757682
411630.0994380762	4568538.2526176497
411629.1025998710	4568538.1731595322
411628.1057616656	4568538.0937014138
411627.1089234604	4568538.0142432963
411626.1120852551	4568537.9347851779
411625.1152470499	4568537.8553270604
411624.1184088446	4568537.7758689420
411623.1204908034	4568537.7501371847
411622.1212649051	4568537.7894767867
411621.1220390069	4568537.8288163897
411620.1228131086	4568537.8681559917
411619.1235872104	4568537.9074955937
411618.1243613122	4568537.9468351956
411617.1251354139	4568537.9861747986
411616.1259095157	4568538.0255144006
411615.1268889911	4568538.0478456588
411614.1289043331	4568537.9843899868
411613.1309196750	4568537.9209343148
411612.1329350170	4568537.8574786428
411611.1349503589	4568537.7940229708
411610.1369657009	4568537.7305672998
411609.1389810428	4568537.6671116278
411608.1409963848	4568537.6036559558
411607.1430117267	4568537.5402002838
411606.1450270686	4568537.4767446117
411605.1470424106	4568537.4132889397
411604.1490577525	4568537.3498332687
411603.1517651592	4568537.2764055086
411602.1545823271	4568537.2013961812
411601.1573994950	4568537.1263868529
411600.1602166629	4568537.0513775246
411599.1630338307	4568536.9763681963
411598.1658509986	4568536.9013588680
411597.1686681665	4568536.8263495397
411596.1714853344	4568536.7513402114
411595.1743025022	4568536.6763308831
411594.1771196701	4568536.6013215547
411593.1799368380	4568536.5263122274
411592.1827540059	4568536.4513028990
411591.1855711738	4568536.3762935707
411590.1883883416	4568536.3012842424
411589.1912006841	4568536.2263393858
411588.1939619528	4568536.1520769270
411587.1967232215	4568536.0778144691
411586.1994844902	4568536.0035520103
411585.2022457588	4568535.9292895515
411584.2050070275	4568535.8550270936
411583.2077682962	4568535.7807646347
411582.2105295648	4568535.7065021759
411581.2132908335	4568535.6322397180
411580.2160521022	4568535.5579772592
411579.2188133709	4568535.4837148013
411578.2215746395	4568535.4094523424
411577.2243359082	4568535.3351898836
411576.2330171406	4568535.2066674661
411575.2432266341	4568535.0641376330
411574.2534361276	4568534.9216077998
411573.2636456212	4568534.7790779667
411572.2738551147	4568534.6365481336
411571.2840646082	4568534.4940183014
411570.2942741018	4568534.3514884682
411569.3044835953	4568534.2089586351
411568.3191574159	4568534.0399404364
411567.3373279459	4568533.8501750771
411566.3554984759	4568533.6604097169
411565.3736690058	4568533.4706443567
411564.3918395358	4568533.2808789974
411563.4100100658	4568533.0911136372
411562.4281805958	4568532.9013482779
411561.4463511257	4568532.7115829177
411560.4534447149	4568532.6126029324
411559.4547912901	4568532.5607248321
411558.4561378653	4568532.5088467328
411557.4574844406	4568532.4569686325
411556.4588310159	4568532.4050905323
411555.4769505944	4568532.5340764904
411554.5048683859	4568532.7687170235
411553.5327861774	4568533.0033575576
411552.5607039690	4568533.2379980907
411551.5766514889	4568533.1854205364
411550.5884161949	4568533.0324793598
411549.6001809008	4568532.8795381831
411548.6119456067	4568532.7265970064
411547.6237103127	4568532.5736558288
411546.6332728782	4568532.4586199149
411545.6339752625	4568532.4960935758
411544.6346776468	4568532.5335672367
411543.6353800311	4568532.5710408976
411542.6360824154	4568532.6085145585
411541.6367847997	4568532.6459882194
411540.6398372574	4568532.7238419969
411539.6429391087	4568532.8025444830
411538.6460409600	4568532.8812469682
411537.6491428114	4568532.9599494534
411536.6523594426	4568533.0363825681
411535.6684895325	4568532.8574971296
411534.6846196224	4568532.6786116911
411533.7007497124	4568532.4997262526
411532.7168798023	4568532.3208408142
411531.7330098922	4568532.1419553757
411530.7491399821	4568531.9630699372
411529.7652700721	4568531.7841844996
411528.7717351087	4568531.6812185887
411527.7744274833	4568531.6078871461
411526.7771198581	4568531.5345557025
411525.7798122328	4568531.4612242598
411524.7961055377	4568531.3205404980
411523.8484923510	4568531.0011203224
411522.9008791643	4568530.6817001477
411521.9532659776	4568530.3622799721
411521.0056527909	4568530.0428597974
411520.0580396041	4568529.7234396217
411519.1151038908	4568529.3919021804
411518.1986505616	4568528.9917605864
411517.2821972325	4568528.5916189915
411516.3657439034	4568528.1914773975
411515.4492905743	4568527.7913358025
411514.5246683177	4568527.4264396215
411513.5256287667	4568527.3826220967
411512.5265892156	4568527.3388045728
411511.5275496646	4568527.2949870480
411510.5285101135	4568527.2511695242
411509.5294705625	4568527.2073520003
411508.5304310114	4568527.1635344755
411507.5313914604	4568527.1197169516
411506.5553072166	4568526.9300396135
411505.5911018237	4568526.6648831312
411504.6268964307	4568526.3997266488
411503.6286691125	4568526.3716758611
411502.6288079724	4568526.3550115079
411501.6289468324	4568526.3383471556
411500.6291721471	4568526.3196065947
411499.6313869892	4568526.2530875849
411498.6336018314	4568526.1865685740
411497.6358166735	4568526.1200495632
411496.6380315157	4568526.0535305524
411495.6402463579	4568525.9870115416
411494.6424612000	4568525.9204925317
411493.6446760422	4568525.8539735209
411492.6468908843	4568525.7874545101
411491.6491057265	4568525.7209354993
411490.6520322957	4568525.6947732428
411489.6572131299	4568525.7964335950
411488.6623939641	4568525.8980939481
411487.6675747982	4568525.9997543003
411486.6727556325	4568526.1014146535
411485.6779364666	4568526.2030750066
411484.6831173008	4568526.3047353588
411483.6882981350	4568526.4063957119
411482.6934789692	4568526.5080560651
411481.6975536574	4568526.5718359863
411480.6984974990	4568526.5283987625
411479.6994413407	4568526.4849615376
411478.7003851823	4568526.4415243138
411477.7013290240	4568526.3980870889
411476.7022728657	4568526.3546498651
411475.7032167073	4568526.3112126403
411474.7041605489	4568526.2677754164
411473.7051043906	4568526.2243381916
411472.7060482322	4568526.1809009677
411471.7069920739	4568526.1374637429
411470.7079880496	4568526.0928486586
411469.7090010363	4568526.0478492435
411468.7100140230	4568526.0028498285
411467.7110270098	4568525.9578504134
411466.7120399965	4568525.9128509983
411465.7130529832	4568525.8678515842
411464.7140659699	4568525.8228521692
411463.7145628793	4568525.8007782092
411462.7145628793	4568525.8007782083
411461.7145628793	4568525.8007782083
411460.7145628793	4568525.8007782083
411459.7145628793	4568525.8007782074
411458.7154907798	4568525.7873328682
411457.7249711603	4568525.6499615349
411456.7344515408	4568525.5125902006
411455.7439319212	4568525.3752188673
411454.7534123017	4568525.2378475331
411453.7628926822	4568525.1004761998
411452.7723730627	4568524.9631048655
411451.7818534432	4568524.8257335322
411450.7913338237	4568524.6883621980
411449.8009518593	4568524.5500402693
411448.8121527726	4568524.4007875761
411447.8233536860	4568524.2515348839
411446.8345545994	4568524.1022821916
411445.8457555127	4568523.9530294985
411444.8569564261	4568523.8037768062
411443.8681573394	4568523.6545241131
411442.8786887606	4568523.5108925160
411441.8824950431	4568523.4237255650
411440.8863013256	4568523.3365586149
411439.8901076081	4568523.2493916648
411438.8939138906	4568523.1622247146
411437.8977201731	4568523.0750577645
411436.9059715920	4568522.9479364092
411435.9149791616	4568522.8140185131
411434.9239867312	4568522.6801006170
411433.9329943008	4568522.5461827209
411432.9420018704	4568522.4122648248
411431.9510094400	4568522.2783469288
411430.9600170095	4568522.1444290327
411429.9690245791	4568522.0105111366
411428.9780321488	4568521.8765932405
411427.9870397183	4568521.7426753445
411426.9960472879	4568521.6087574484
411426.0050548575	4568521.4748395523
411425.0093271423	4568521.3884157753
411424.0114018333	4568521.3240334978
411423.0134765244	4568521.2596512195
411422.0155512154	4568521.1952689420
411421.0284230476	4568521.0484470557
411420.0475757320	4568520.8536688648
411419.0667284164	4568520.6588906748
411418.0858811008	4568520.4641124839
411417.1050337852	4568520.2693342939
411416.1241864696	4568520.0745561030
411415.1433391540	4568519.8797779130
411414.1624918384	4568519.6849997221
411413.1816445228	4568519.4902215321
411412.2125738124	4568519.2542747688
411411.2771017186	4568518.9008742003
411410.3416296248	4568518.5474736318
411409.4012447823	4568518.2104269816
411408.4258843206	4568517.9898097338
411407.4505238589	4568517.7691924870
411406.4751633972	4568517.5485752402
411405.4998029354	4568517.3279579934
411404.5244424737	4568517.1073407466
411403.5615949312	4568516.8413045518
411402.6108650919	4568516.5312839514
411401.6601352525	4568516.2212633509
411400.6943883935	4568515.9797294503
411399.7011658542	4568515.8635012805
411398.7079433149	4568515.7472731108
411397.7147207756	4568515.6310449410
411396.7214982363	4568515.5148167713
411395.7282756969	4568515.3985886024
411394.7366984629	4568515.2712626606
411393.7524766004	4568515.0943238987
411392.7682547379	4568514.9173851376
411391.7840328754	4568514.7404463757
411390.7998110129	4568514.5635076147
411389.8155891504	4568514.3865688527
411388.8306252443	4568514.2139465921
411387.8438177633	4568514.0520484895
411386.8570102824	4568513.8901503878
411385.8702028014	4568513.7282522852
411384.8833953205	4568513.5663541825
411383.8965878395	4568513.4044560809
411382.9097803586	4568513.2425579783
411381.9229728776	4568513.0806598756
411380.9361653966	4568512.9187617740
411379.9581711697	4568512.7111956002
411378.9819841096	4568512.4942651419
411378.0057970495	4568512.2773346845
411377.0296099893	4568512.0604042262
411376.0534229292	4568511.8434737679
411375.0772358690	4568511.6265433105
411374.0824508147	4568511.6255519055
411373.0835476404	4568511.6723754918
411372.0846444660	4568511.7191990791
411371.0857412917	4568511.7660226654
411370.1131825006	4568511.5985276531
411369.1553562153	4568511.3111797683
411368.1975299301	4568511.0238318825
411367.2397036449	4568510.7364839967
411366.2780124141	4568510.7558038328
411365.3132485927	4568511.0189212384
411364.3484847714	4568511.2820386440
411363.3733790982	4568511.2828847561
411362.3908925739	4568511.0965511054
411361.4084060496	4568510.9102174547
411360.4259195252	4568510.7238838030
411359.4328471173	4568510.7322292263
411358.4359489686	4568510.8109317115
411357.4402776565	4568510.9015291613
411356.4483019061	4568511.0279574431
411355.4563261556	4568511.1543857250
411354.4643504051	4568511.2808140069
411353.4723746546	4568511.4072422888
411352.4803989042	4568511.5336705707
411351.4884231537	4568511.6600988535
411350.4925309039	4568511.6952967504
411349.4933696754	4568511.6543475194
411348.4942084470	4568511.6133982893
411347.4950472184	4568511.5724490583
411346.4958859899	4568511.5314998273
411345.4967247615	4568511.4905505972
411344.4975635330	4568511.4496013662
411343.4984023045	4568511.4086521352
411342.4997423174	4568511.3576083733
411341.5014393765	4568511.2993740346
411340.5031364355	4568511.2411396969
411339.5048334946	4568511.1829053592
411338.5065305537	4568511.1246710215
411337.5082276127	4568511.0664366828
411336.5099246718	4568511.0082023451
411335.5116217308	4568510.9499680074
411334.5132911607	4568510.8922099313
411333.5149512190	4568510.8346133959
411332.5166112773	4568510.7770168604
411331.5182713357	4568510.7194203250
411330.5199313940	4568510.6618237896
411329.5215914523	4568510.6042272542
411328.5232515107	4568510.5466307187
411327.5273374600	4568510.4566030642
411326.5315386077	4568510.3650353532
411325.5357397554	4568510.2734676423
411324.5399409030	4568510.1818999313
411323.5441420507	4568510.0903322203
411322.5503851582	4568509.9823447326
411321.5624901527	4568509.8272207230
411320.5745951472	4568509.6720967144
411319.5867001417	4568509.5169727057
411318.5988051362	4568509.3618486971
411317.6109101307	4568509.2067246884
411316.6230151252	4568509.0516006798
411315.6351201197	4568508.8964766702
411314.6526162017	4568508.7153569609
411313.6845047925	4568508.4648369029
411312.7163933832	4568508.2143168459
411311.7482819740	4568507.9637967879
411310.7801705648	4568507.7132767299
411309.8120591556	4568507.4627566729
411308.8439477464	4568507.2122366149
411307.8758363371	4568506.9617165569
411306.9077249278	4568506.7111964989
411305.9396135186	4568506.4606764419
411304.9715021094	4568506.2101563839
411304.0033907002	4568505.9596363259
411303.0352792910	4568505.7091162680
411302.0671678817	4568505.4585962109
411301.0990564725	4568505.2080761530
411300.1309450633	4568504.9575560950
411299.1378873419	4568504.8480726704
411298.1425801802	4568504.7513066959
411297.1472730184	4568504.6545407223
411296.1519658566	4568504.5577747477
411295.1700759772	4568504.4058734877
411294.2415992863	4568504.0344828106
411293.3131225955	4568503.6630921345
411292.3846459046	4568503.2917014584
411291.4561692137	4568502.9203107813
411290.5276925229	4568502.5489201052
411289.5992158320	4568502.1775294291
411288.6190470843	4568501.9925959203
411287.6318796856	4568501.8329070760
411286.6447122869	4568501.6732182316
411285.6575448882	4568501.5135293873
411284.6684208692	4568501.3674571430
411283.6762304634	4568501.2427246347
411282.6840400576	4568501.1179921264
411281.6918496518	4568500.9932596181
411280.6996592459	4568500.8685271107
411279.7074688401	4568500.7437946023
411278.7152784343	4568500.6190620940
411277.7230880285	4568500.4943295857
411276.7308976226	4568500.3695970774
411275.7387072168	4568500.2448645700
411274.7465168110	4568500.1201320617
411273.7543264051	4568499.9953995533
411272.7584379651	4568499.9056622870
411271.7620913161	4568499.8202611459
411270.7657446671	4568499.7348600049
411269.7693980180	4568499.6494588638
411268.7730513689	4568499.5640577227
411267.7767047199	4568499.4786565816
411266.7805198121	4568499.3919286737
411265.7928362640	4568499.2354639526
411264.8051527159	4568499.0789992316
411263.8174691678	4568498.9225345114
411262.8297856198	4568498.7660697903
411261.8421020716	4568498.6096050693
411260.8544185236	4568498.4531403491
411259.8640804625	4568498.3174040057
411258.8688421744	4568498.2199322144
411257.8736038864	4568498.1224604240
411256.8783655984	4568498.0249886326
411255.8831273103	4568497.9275168413
411254.8878890223	4568497.8300450509
411253.8926507343	4568497.7325732596
411252.8974124462	4568497.6351014683
411251.9021741582	4568497.5376296779
411250.9069358702	4568497.4401578866
411249.9116975821	4568497.3426860962
411248.9164592941	4568497.2452143049
411247.9212210061	4568497.1477425136
411246.9288131142	4568497.1996105071
411245.9390269698	4568497.2754229447
411244.9535668540	4568497.1055160277
411243.9681067383	4568496.9356091116
411242.9826466225	4568496.7657021955
411241.9971865068	4568496.5957952784
411241.0117263910	4568496.4258883623
411240.0262662752	4568496.2559814462
411239.0408061595	4568496.0860745292
411238.0553460437	4568495.9161676131
411237.0698859280	4568495.7462606970
411236.0796011061	4568495.6099920133
411235.0861125756	4568495.4960598424
411234.0926240449	4568495.3821276715
411233.0991355144	4568495.2681955006
411232.1056469838	4568495.1542633297
411231.1121584532	4568495.0403311588
411230.1186699226	4568494.9263989879
411229.1251813920	4568494.8124668170
411228.1316928614	4568494.6985346461
411227.1382043308	4568494.5846024752
411226.1447158002	4568494.4706703043
411225.1512272696	4568494.3567381334
411224.1577387390	4568494.2428059625
411223.1642502084	4568494.1288737915
411222.1707616778	4568494.0149416206
411221.1772731472	4568493.9010094497
411220.1837846166	4568493.7870772788
411219.1902960860	4568493.6731451079
411218.1968075555	4568493.5592129370
411217.2033190248	4568493.4452807661
411216.2098304943	4568493.3313485952
411215.2163419636	4568493.2174164243
411214.2228534331	4568493.1034842534
411213.2293649024	4568492.9895520825
411212.2358763719	4568492.8756199116
411211.2423878413	4568492.7616877398
411210.2488993107	4568492.6477555688
411209.2554107801	4568492.5338233979
411208.2619222495	4568492.4198912270
411207.2662486580	4568492.3270018259
411206.2705474420	4568492.2343784571
411205.2748462261	4568492.1417550882
411204.2791450101	4568492.0491317194
411203.2834437941	4568491.9565083496
411202.2877425782	4568491.8638849808
411201.2920413622	4568491.7712616120
411200.2963401462	4568491.6786382431
411199.3006389302	4568491.5860148733
411198.3049377142	4568491.4933915045
411197.3092364982	4568491.4007681357
411196.3108155022	4568491.3513267376
411195.3113614655	4568491.3182869349
411194.3119074288	4568491.2852471322
411193.3124533922	4568491.2522073295
411192.3129993555	4568491.2191675268
411191.3135453188	4568491.1861277241
411190.3140912821	4568491.1530879214
411189.3146372454	4568491.1200481188
411188.3152231394	4568491.0858258978
411187.3158171400	4568491.0513636218
411186.3164111407	4568491.0169013459
411185.3170051413	4568490.9824390691
411184.3175991420	4568490.9479767932
411183.3226620932	4568490.8814880289
411182.3519980220	4568490.6410483047
411181.3813339508	4568490.4006085815
411180.4106698795	4568490.1601688573
411179.4400058083	4568489.9197291331
411178.4693417371	4568489.6792894090
411177.4986776659	4568489.4388496848
411176.5280135947	4568489.1984099615
411175.5526227282	4568488.9781207377
411174.5762904916	4568488.7618446089
411173.5999582549	4568488.5455684811
411172.6236260183	4568488.3292923523
411171.6472937816	4568488.1130162245
411170.6709615450	4568487.8967400957
411169.6946293083	4568487.6804639678
411168.7182970717	4568487.4641878391
411167.7419648350	4568487.2479117112
411166.7656325983	4568487.0316355824
411165.7827913996	4568486.8663966572
411164.7834285453	4568486.8307051258
411163.7840656910	4568486.7950135954
411162.7847028366	4568486.7593220640
411161.7853399823	4568486.7236305336
411160.7859771279	4568486.6879390022
411159.8022490185	4568486.5207326924
411158.8223724697	4568486.3211282110
411157.8424959210	4568486.1215237286
411156.8606138189	4568485.9939854806
411155.8711527548	4568486.1387846610
411154.8816916908	4568486.2835838422
411153.8882183014	4568486.3917032406
411152.8908524845	4568486.4642389370
411151.8934866675	4568486.5367746325
411150.8961208505	4568486.6093103280
411149.9019311192	4568486.5149574978
411148.9072058726	4568486.4224728039
411147.9073494785	4568486.4394195220
411146.9074930845	4568486.4563662400
411145.9076366904	4568486.4733129591
411144.9078650271	4568486.4766547857
411143.9082972726	4568486.4472557344
411142.9105816677	4568486.4368838491
411141.9354488118	4568486.6585049527
411140.9603159560	4568486.8801260563
411139.9818775966	4568487.0745616071
411138.9820490203	4568487.0930769509
411137.9822204440	4568487.1115922956
411136.9823918676	4568487.1301076394
411135.9943517673	4568487.0171708288
411135.0137710916	4568486.8210546933
411134.0331904158	4568486.6249385588
411133.0526097401	4568486.4288224233
411132.0720290644	4568486.2327062879
411131.0914483887	4568486.0365901534
411130.1108677130	4568485.8404740179
411129.1279586937	4568485.6566301286
411128.1436874868	4568485.4799660658
411127.1594162799	4568485.3033020031
411126.1751450729	4568485.1266379394
411125.1908738660	4568484.9499738766
411124.2066026590	4568484.7733098129
411123.2223314522	4568484.5966457501
411122.2380602452	4568484.4199816873
411121.2582016115	4568484.5773080746
411120.2789411922	4568484.7799136797
411119.2843432263	4568484.6991842818
411118.2889341972	4568484.6034718752
411117.2935251682	4568484.5077594686
411116.3124231386	4568484.3299592361
411115.3433259647	4568484.0832799552
411114.3742287908	4568483.8366006743
411113.4051316169	4568483.5899213934
411112.4360344431	4568483.3432421125
411111.4669372692	4568483.0965628317
411110.4978400953	4568482.8498835508
411109.5269886666	4568482.6110007903
411108.5456295279	4568482.4188179588
411107.5642703890	4568482.2266351273
411106.5829112502	4568482.0344522959
411105.6015521114	4568481.8422694653
411104.6201929726	4568481.6500866339
411103.6388338338	4568481.4579038024
411102.6574746949	4568481.2657209709
411101.6761155561	4568481.0735381395
411100.6947564173	4568480.8813553080
411099.7133972785	4568480.6891724765
411098.7320381397	4568480.4969896460
411097.7506790008	4568480.3048068145
411096.7693198620	4568480.1126239831
411095.7879607232	4568479.9204411516
411094.8066015844	4568479.7282583201
411093.8228098022	4568479.5518449144
411092.8291568338	4568479.4393558996
411091.8355038655	4568479.3268668847
411090.8418508971	4568479.2143778699
411089.8481979288	4568479.1018888550
411088.8545449605	4568478.9893998401
411087.8608919921	4568478.8769108253
411086.8681954803	4568478.7569994628
411085.8784858785	4568478.6139089186
411084.8887762766	4568478.4708183734
411083.8990666748	4568478.3277278282
411082.9093570730	4568478.1846372839
411081.9196474712	4568478.0415467387
411080.9221962579	4568477.9904185254
411079.9224935672	4568477.9660355328
411078.9227908766	4568477.9416525401
411077.9230881860	4568477.9172695484
411076.9233854953	4568477.8928865558
411075.9371289255	4568477.7721396973
411074.9689365637	4568477.5219326820
411074.0007442018	4568477.2717256667
411073.0325518399	4568477.0215186523
411072.0643594780	4568476.7713116370
411071.0961671160	4568476.5211046217
411070.1285756206	4568476.2685985574
411069.1617699794	4568476.0130856372
411068.1949643381	4568475.7575727180
411067.2281586969	4568475.5020597987
411066.2613530557	4568475.2465468785
411065.2945474144	4568474.9910339592
411064.3277417732	4568474.7355210399
411063.3609361320	4568474.4800081197
411062.3941304907	4568474.2244952004
411061.4273248496	4568473.9689822802
411060.4521613711	4568473.7475185515
411059.4769298506	4568473.5263320208
411058.5016983300	4568473.3051454909
411057.5264668094	4568473.0839589601
411056.5512352889	4568472.8627724294
411055.5760037683	4568472.6415858986
411054.5922730616	4568472.5965233827
411053.6002751499	4568472.7227776628
411052.6082772382	4568472.8490319420
411051.6162793265	4568472.9752862221
411050.6911171284	4568472.6332575269
411049.8154893259	4568472.1687387228
411049.0598002427	4568471.5138081843
411048.0915316869	4568471.2819684083
411047.1150079133	4568471.0665587531
411046.1384841398	4568470.8511490971
411045.1619603663	4568470.6357394410
411044.1810923024	4568470.4429354202
411043.1942848214	4568470.2810373176
411042.2074773405	4568470.1191392150
411041.2206698596	4568469.9572411124
411040.2338623786	4568469.7953430107
411039.2470548977	4568469.6334449081
411038.2602474168	4568469.4715468055
411037.2734399358	4568469.3096487029
411036.2866324549	4568469.1477506002
411035.3054936654	4568468.9545401689
411034.3245586776	4568468.7602039920
411033.3436236898	4568468.5658678152
411032.3626887020	4568468.3715316383
411031.3817537143	4568468.1771954605
411030.4008187264	4568467.9828592837
411029.4198837386	4568467.7885231068
411028.4234501043	4568467.8341193665
411027.4256649465	4568467.9006383764
411026.4278797886	4568467.9671573872
411025.4596376462	4568467.7213417413
411024.4808234188	4568467.5291499309
411023.4871366946	4568467.4169594953
411022.4934499703	4568467.3047690587
411021.4997632460	4568467.1925786231
411020.5168495011	4568467.0246751290
411019.5529690803	4568466.7583397496
411018.5890886595	4568466.4920043703
411017.6252082387	4568466.2256689901
411016.6613278179	4568465.9593336107
411015.6912943304	4568465.7799666058
411014.6995164635	4568465.9079379421
411013.7198329834	4568465.9433985930
411012.7942860266	4568465.5647657486
411011.8449135366	4568465.2556387801
411010.8817172352	4568464.9868398122
411009.9185209337	4568464.7180408454
411008.9449805962	4568464.4910961492
411007.9674595521	4568464.2802582765
411006.9899385082	4568464.0694204038
411006.0124174641	4568463.8585825311
411005.0348964201	4568463.6477446584
411004.0573753761	4568463.4369067857
411003.0798543321	4568463.2260689130
411002.0821731500	4568463.1788398279
411001.0827102069	4568463.1460705511
411000.0832472639	4568463.1133012753
410999.0837843209	4568463.0805319985
410998.1332887873	4568462.7777040405
410997.1859482166	4568462.4574762415
410996.2386076459	4568462.1372484425
410995.2912670751	4568461.8170206444
410994.3437565922	4568461.4973040577
410993.3932078253	4568461.1867287187
410992.4426590583	4568460.8761533787
410991.4921102915	4568460.5655780388
410990.5415615245	4568460.2550026989
410989.5910127576	4568459.9444273589
410988.6404639907	4568459.6338520190
410987.6848519568	4568459.3453929694
410986.6938595264	4568459.2114750734
410985.7028670960	4568459.0775571782
410984.7118746655	4568458.9436392821
410983.7208822351	4568458.8097213861
410982.7298898046	4568458.6758034900
410981.7388973742	4568458.5418855948
410980.7479049438	4568458.4079676988
410979.7569125134	4568458.2740498027
410978.7659200829	4568458.1401319066
410977.7830155494	4568457.9640801046
410976.8128730493	4568457.7215444800
410975.8427305491	4568457.4790088553
410974.8725880489	4568457.2364732306
410973.9024455487	4568456.9939376051
410972.9323030485	4568456.7514019804
410971.9621605483	4568456.5088663558
410970.9920180482	4568456.2663307311
410970.0241951829	4568456.0150399264
410969.0612311632	4568455.7454100009
410968.0982671436	4568455.4757800745
410967.1353031239	4568455.2061501490
410966.1723391043	4568454.9365202235
410965.2093750846	4568454.6668902980
410964.2464110649	4568454.3972603725
410963.2923600629	4568454.0988463033
410962.3455313007	4568453.7771083750
410961.3987025384	4568453.4553704457
410960.4518737761	4568453.1336325165
410959.5050450138	4568452.8118945882
410958.5582162516	4568452.4901566589
410957.6113874893	4568452.1684187297
410956.6418048588	4568451.9552195463
410955.6454771576	4568451.8695976343
410954.6491494564	4568451.7839757223
410953.6528217552	4568451.6983538102
410952.6564940540	4568451.6127318991
410951.6601663528	4568451.5271099871
410950.6638386516	4568451.4414880751
410949.6675109503	4568451.3558661630
410948.6943306186	4568451.2194197802
410947.9757284771	4568450.5239983527
410947.2571263357	4568449.8285769243
410946.4641419997	4568449.2903604135
410945.4707330637	4568449.1757363062
410944.4738491486	4568449.1423741262
410943.4742813942	4568449.1717731776
410942.5490967508	4568448.9762945455
410941.7642139846	4568448.3566502584
410940.8232964547	4568448.0944034578
410939.8352844211	4568447.9400265776
410938.8468740539	4568447.7882327326
410937.8582552167	4568447.6377907349
410936.8696363795	4568447.4873487372
410935.9051943092	4568447.2357562985
410934.9553995281	4568446.9228827236
410934.0056047469	4568446.6100091496
410933.0558099657	4568446.2971355747
410932.1060151846	4568445.9842620008
410931.1562204034	4568445.6713884259
410930.1690265266	4568445.5467999717
410929.1717587722	4568445.4729282856
410928.1744910177	4568445.3990566004
410927.2006649056	4568445.2353623221
410926.2944817657	4568444.8124768566
410925.3861025258	4568444.3946625590
410924.4577058049	4568444.0230720202
410923.5293090840	4568443.6514814813
410922.6009123631	4568443.2798909424
410921.6725156422	4568442.9083004035
410920.7441189213	4568442.5367098637
410919.8157222005	4568442.1651193248
410918.8481423665	4568441.9616718283
410917.8511188936	4568441.8845732259
410916.8540954207	4568441.8074746234
410915.8570719478	4568441.7303760210
410914.8600484749	4568441.6532774195
410913.8630250020	4568441.5761788171
410912.8660015291	4568441.4990802146
410911.8689780562	4568441.4219816122
410910.9948610422	4568441.0737696327
410910.2797967957	4568440.3747108914
410909.4428204877	4568439.8921335069
410908.4743275551	4568439.6430924665
410907.5058346225	4568439.3940514270
410906.5373416899	4568439.1450103875
410905.5688487573	4568438.8959693471
410904.6003558247	4568438.6469283076
410903.6318628921	4568438.3978872681
410902.6633699595	4568438.1488462277
410901.6948770269	4568437.8998051882
410900.7263840943	4568437.6507641487
410899.7578911617	4568437.4017231092
410898.7815930230	4568437.1906494200
410897.7933991154	4568437.0374410618
410896.8052052077	4568436.8842327045
410895.8170113000	4568436.7310243463
410894.8288173924	4568436.5778159890
410893.8406234848	4568436.4246076308
410892.8524295771	4568436.2713992735
410891.8642356695	4568436.1181909153
410890.8760417618	4568435.9649825580
410889.8878478542	4568435.8117741998
410888.9290873653	4568435.5593295600
410888.0171658601	4568435.1489648828
410887.1052443548	4568434.7386002056
410886.1917765975	4568434.3330868706
410885.2105821410	4568434.1400650106
410884.2293876845	4568433.9470431497
410883.2481932281	4568433.7540212898
410882.2669987716	4568433.5609994289
410881.2905165469	4568433.3482161369
410880.3278008317	4568433.0777009772
410879.3650851164	4568432.8071858175
410878.4023694012	4568432.5366706578
410877.4396536860	4568432.2661554981
410876.4769379708	4568431.9956403384
410875.5142222555	4568431.7251251787
410874.5515065403	4568431.4546100190
410873.5887908251	4568431.1840948584
410872.6260751098	4568430.9135796987
410871.6475290397	4568430.7161559444
410870.6591573421	4568430.5640987596
410869.6707856443	4568430.4120415756
410868.6824139467	4568430.2599843917
410867.8714023109	4568429.7714896007
410867.1874611819	4568429.0419523967
410866.2457077572	4568428.7511097891
410865.2755652570	4568428.5085741645
410864.3054227568	4568428.2660385398
410863.3321163147	4568428.0516154030
410862.3323332580	4568428.0724442163
410861.3325502012	4568428.0932730297
410860.3327671445	4568428.1141018430
410859.3474141988	4568428.0159032568
410858.3815713615	4568427.7567746909
410857.4157285242	4568427.4976461250
410856.4528023434	4568427.2288122438
410855.5041190454	4568426.9125844771
410854.5554357475	4568426.5963567104
410853.6067524495	4568426.2801289447
410852.6580691515	4568425.9639011780
410851.6922288955	4568425.7113761259
410850.7130502514	4568425.5083756754
410849.7338716072	4568425.3053752249
410848.7546929630	4568425.1023747753
410847.7755143188	4568424.8993743248
410846.7963356746	4568424.6963738743
410845.8396930483	4568424.4411764452
410845.0204611281	4568423.8677141005
410844.2012292079	4568423.2942517549
410843.3241482629	4568422.8724971190
410842.3310871397	4568422.7548977761
410841.3380260165	4568422.6372984322
410840.3449648933	4568422.5196990892
410839.3519037701	4568422.4020997463
410838.3588426468	4568422.2845004024
410837.3647540891	4568422.1764161568
410836.3694794552	4568422.0793161923
410835.3742048213	4568421.9822162278
410834.5380117254	4568421.6460028552
410834.0639119023	4568420.7655317551
410833.5685638294	4568419.9251974570
410832.5738720356	4568420.0280966079
410831.5791802418	4568420.1309957588
410830.6428591665	4568419.8396765431
410829.7206647846	4568419.4529498676
410828.7836328884	4568419.1182396105
410827.7961922564	4568418.9602491092
410826.8087516245	4568418.8022586079
410825.8213109926	4568418.6442681076
410824.8338703606	4568418.4862776063
410823.8464297287	4568418.3282871051
410822.8589890967	4568418.1702966047
410821.8715484648	4568418.0123061035
410820.8841078329	4568417.8543156022
410819.8966672010	4568417.6963251010
410818.9229655501	4568417.4767165873
410817.9619399570	4568417.2002571700
410817.0009143639	4568416.9237977527
410816.0398887707	4568416.6473383363
410815.0788631776	4568416.3708789190
410814.1178375844	4568416.0944195017
410813.1568119913	4568415.8179600844
410812.1957863982	4568415.5415006671
410811.2347608051	4568415.2650412498
410810.2737352119	4568414.9885818334
410809.3127096188	4568414.7121224161
410808.3516840256	4568414.4356629988
410807.3974989556	4568414.1365849450
410806.4443327426	4568413.8341379734
410805.4911665296	4568413.5316910027
410804.5380003167	4568413.2292440310
410803.5848341037	4568412.9267970594
410802.6316678907	4568412.6243500886
410801.6785016777	4568412.3219031170
410800.7253354648	4568412.0194561454
410799.7586652832	4568411.7690627854
410798.7786779636	4568411.5700028604
410797.7986906441	4568411.3709429363
410796.8187033245	4568411.1718830122
410795.8387160050	4568410.9728230871
410794.9378132308	4568410.5890551265
410794.1174150640	4568410.0172624644
410793.2970168972	4568409.4454698032
410792.4212683331	4568408.9868682474
410791.4662064458	4568408.6904617837
410790.5111445586	4568408.3940553209
410789.5560826715	4568408.0976488572
410788.6141080193	4568407.7652692059
410787.6918490931	4568407.3786964789
410786.7464677219	4568407.0833286941
410785.7514305317	4568406.9838249749
410784.7563933415	4568406.8843212565
410783.7613561512	4568406.7848175373
410782.7663189610	4568406.6853138180
410781.7712817708	4568406.5858100997
410780.7915852541	4568406.4332887512
410779.8971580631	4568405.9860751554
410779.0027308721	4568405.5388615597
410778.1083036811	4568405.0916479640
410777.1481317521	4568404.8444824582
410776.1627851585	4568404.6739184214
410775.1774385649	4568404.5033543855
410774.2002842123	4568404.2961540101
410773.2361353779	4568404.0307919458
410772.2719865436	4568403.7654298814
410771.3078377093	4568403.5000678170
410770.3436888749	4568403.2347057527
410769.3795400406	4568402.9693436883
410768.4153912062	4568402.7039816240
410767.4524820341	4568402.4354953617
410766.5686941179	4568401.9676076407
410765.6849062016	4568401.4997199206
410764.8011182854	4568401.0318321995
410763.8961839347	4568400.6182191316
410762.9288117114	4568400.3648597393
410761.9614394881	4568400.1115003470
410760.9804729753	4568399.9527063062
410759.9809052208	4568399.9233072549
410758.9813374664	4568399.8939082036
410757.9817697119	4568399.8645091522
410756.9822019574	4568399.8351101009
410756.0308243470	4568399.5288115777
410755.0800945075	4568399.2187909782
410754.1293646678	4568398.9087703787
410753.1952591256	4568398.5524577023
410752.2645076322	4568398.1868053293
410751.3337561387	4568397.8211529572
410750.4030046452	4568397.4555005850
410749.4298239587	4568397.2301671216
410748.4524097934	4568397.0188343292
410747.4671167250	4568396.9435624564
410746.4718420911	4568397.0406624200
410745.4765674572	4568397.1377623845
410744.4780320591	4568397.1830972414
410743.4784399726	4568397.2116570156
410742.4904006375	4568397.1220496455
410741.5154731451	4568396.8999606725
410740.6922603590	4568396.3322277172
410739.8690475730	4568395.7644947609
410738.9385224507	4568395.4418542273
410737.9629863124	4568395.2220150977
410736.9874501741	4568395.0021759681
410736.0119140358	4568394.7823368385
410735.0363778975	4568394.5624977089
410734.0844256361	4568394.2568018911
410733.1334757994	4568393.9474567631
410732.1825259628	4568393.6381116351
410731.2315761261	4568393.3287665071
410730.2806262895	4568393.0194213791
410729.3204767006	4568392.7471320331
410728.3352649457	4568392.5757908598
410727.3500531907	4568392.4044496855
410726.3668656936	4568392.3201986467
410725.3906786335	4568392.5371291041
410724.4053995501	4568392.6347375177
410723.4855823371	4568392.3458169708
410722.6646771353	4568391.7747524828
410721.7570567117	4568391.3869546121
410720.7949299854	4568391.1143520400
410719.8328032591	4568390.8417494670
410718.8706765328	4568390.5691468948
410717.8989720034	4568390.3358171154
410716.9193693028	4568390.1348729711
410715.9397666021	4568389.9339288278
410714.9436931646	4568389.8493974060
410713.9467950160	4568389.7706949208
410713.1384299946	4568389.3527752683
410712.5452309572	4568388.5477194302
410711.6041284668	4568388.2569971159
410710.6383904756	4568387.9984579356
410709.6909952162	4568387.6783919698
410708.7435999569	4568387.3583260039
410707.7962046975	4568387.0382600380
410706.8488094381	4568386.7181940721
410705.9005719274	4568386.4022558033
410704.9035174420	4568386.3255593041
410703.9486789641	4568386.1135521764
410703.0849000635	4568385.6096811499
410702.1782285253	4568385.2006051475
410701.2295452272	4568384.8843773818
410700.2808619291	4568384.5681496160
410699.3868911069	4568384.9009256139
410698.4958875549	4568385.3547670599
410697.5868601110	4568385.3416096577
410696.6658928598	4568384.9519696673
410695.7989491475	4568384.4591666572
410694.9541300722	4568383.9241145756
410694.0516937746	4568383.5471777506
410693.0607013442	4568383.4132598545
410692.0697089138	4568383.2793419585
410691.0787164834	4568383.1454240624
410690.0877240530	4568383.0115061663
410689.1107455262	4568382.8088495629
410688.1464193783	4568382.5441325819
410687.1820932303	4568382.2794156000
410686.2179310242	4568382.0141105065
410685.2557249783	4568381.7417880408
410684.2935189324	4568381.4694655752
410683.3313128865	4568381.1971431095
410682.4323633836	4568380.7875832273
410681.6003130893	4568380.2328830315
410680.7682627950	4568379.6781828357
410679.8791483701	4568379.2284172224
410678.9612913344	4568378.8315060707
410678.0416103036	4568378.4398872955
410677.0741098885	4568378.1870178692
410676.1066094734	4568377.9341484420
410675.1391090584	4568377.6812790157
410674.1716086433	4568377.4284095895
410673.2041082282	4568377.1755401632
410672.2354654814	4568376.9274987159
410671.2572313564	4568376.7199945068
410670.2789972312	4568376.5124902986
410669.3007631062	4568376.3049860904
410668.3225289811	4568376.0974818822
410667.3442948560	4568375.8899776740
410666.3660607309	4568375.6824734649
410665.3919373310	4568375.4571725195
410664.4217948308	4568375.2146368939
410663.4516523306	4568374.9721012693
410662.4815098304	4568374.7295656446
410661.5113673302	4568374.4870300200
410660.5342400354	4568374.2755563948
410659.5536593597	4568374.0794402594
410658.5730786840	4568373.8833241239
410657.5924980083	4568373.6872079894
410656.6119173327	4568373.4910918539
410655.6313366569	4568373.2949757185
410654.6507559813	4568373.0988595830
410653.6865128441	4568372.8377215900
410652.7296924041	4568372.5470419619
410651.7728719642	4568372.2563623348
410650.8160515243	4568371.9656827077
410649.8592310843	4568371.6750030806
410649.0341178670	4568371.2135792524
410648.3683913641	4568370.5671995366
410647.3861495275	4568370.3795803096
410646.4039076909	4568370.1919610826
410645.4216658543	4568370.0043418556
410644.4394240176	4568369.8167226277
410643.4571821810	4568369.6291034007
410642.4826452669	4568369.4086831436
410641.5195965321	4568369.1393559556
410640.5565477974	4568368.8700287668
410639.5934990626	4568368.6007015780
410638.6304503278	4568368.3313743901
410637.6674015931	4568368.0620472012
410636.7043528583	4568367.7927200124
410635.7413041236	4568367.5233928245
410634.7778921310	4568367.2553728390
410633.8139631292	4568366.9892133381
410632.8500341275	4568366.7230538381
410631.8861051257	4568366.4568943381
410630.9221761240	4568366.1907348372
410629.9582471223	4568365.9245753372
410628.9943181206	4568365.6584158363
410628.0303891188	4568365.3922563363
410627.0664601171	4568365.1260968363
410626.1025537777	4568364.8598553007
410625.1386897193	4568364.5934607117
410624.1748256610	4568364.3270661226
410623.2109616027	4568364.0606715335
410622.2470975444	4568363.7942769444
410621.2832334861	4568363.5278823553
410620.3193694278	4568363.2614877662
410619.3555053695	4568362.9950931771
410618.3916413111	4568362.7286985880
410617.4277772528	4568362.4623039989
410616.4639131946	4568362.1959094098
410615.5000491363	4568361.9295148207
410614.5361850779	4568361.6631202316
410613.5723210196	4568361.3967256425
410612.6403388337	4568361.0359562105
410611.7123876316	4568360.6632544985
410610.7844364294	4568360.2905527856
410609.8564852273	4568359.9178510737
410608.9285340252	4568359.5451493608
410608.0005828230	4568359.1724476488
410607.0726316209	4568358.7997459359
410606.1446804187	4568358.4270442240
410605.2181715666	4568358.0508131133
410604.2947879820	4568357.6669345442
410603.3714043973	4568357.2830559760
410602.4480208127	4568356.8991774069
410601.5246372280	4568356.5152988378
410600.6012536434	4568356.1314202696
410599.6770985786	4568355.7495965241
410598.7292355708	4568355.4309184439
410597.7813725632	4568355.1122403638
410596.8335095555	4568354.7935622837
410595.8856465479	4568354.4748842036
410594.9377835402	4568354.1562061235
410593.9899205325	4568353.8375280434
410593.0420575248	4568353.5188499633
410592.0920919731	4568353.2087801285
410591.1040465620	4568353.0546170147
410590.1160011509	4568352.9004539009
410589.1279557399	4568352.7462907871
410588.1399103288	4568352.5921276733
410587.1518649177	4568352.4379645595
410586.1638195067	4568352.2838014457
410585.1757740956	4568352.1296383319
410584.1877286845	4568351.9754752181
410583.1996832735	4568351.8213121044
410582.3827534989	4568351.2957109753
410581.6234968964	4568350.6449196022
410580.7985179050	4568350.1110414825
410579.8479124485	4568349.8006397011
410578.8973069920	4568349.4902379196
410577.9467015355	4568349.1798361382
410576.9636108195	4568348.9975600541
410575.9799472937	4568348.8175431993
410574.9962837678	4568348.6375263445
410574.0126202419	4568348.4575094907
410573.0289567160	4568348.2774926359
410572.0452931902	4568348.0974757811
410571.0616296644	4568347.9174589273
410570.0779661385	4568347.7374420725
410569.0943026126	4568347.5574252177
410568.1106390867	4568347.3774083639
410567.1788760047	4568347.0230345782
410566.2568938991	4568346.6358020939
410565.3349117936	4568346.2485696087
410564.3977469564	4568345.9074428175
410563.4260793532	4568345.6710912380
410562.4544117500	4568345.4347396586
410561.4827441469	4568345.1983880801
410560.5110765437	4568344.9620365007
410559.5488132506	4568344.6938691279
410558.6047967508	4568344.3639708888
410557.6607802511	4568344.0340726497
410556.7167637514	4568343.7041744106
410555.7727472516	4568343.3742761714
410554.8287307518	4568343.0443779323
410553.8847142521	4568342.7144796932
410552.9406977524	4568342.3845814541
410551.9966812526	4568342.0546832150
410551.0526647528	4568341.7247849759
410550.1086482531	4568341.3948867368
410549.1646317534	4568341.0649884976
410548.2206152536	4568340.7350902585
410547.2893867808	4568340.3724011080
410546.3712698004	4568339.9760916196
410545.4531528200	4568339.5797821321
410544.5350358396	4568339.1834726436
410543.6169188592	4568338.7871631561
410542.6988018787	4568338.3908536676
410541.7806848983	4568337.9945441801
410540.8625679179	4568337.5982346917
410539.9444509375	4568337.2019252041
410539.0263339570	4568336.8056157157
410538.0874252594	4568336.4645278584
410537.1359191342	4568336.1568980580
410536.1844130090	4568335.8492682585
410535.2329068838	4568335.5416384591
410534.2814007586	4568335.2340086587
410533.3298946334	4568334.9263788592
410532.3783885082	4568334.6187490597
410531.4268823830	4568334.3111192593
410530.4753762579	4568334.0034894599
410529.5965660970	4568333.5530127175
410528.7878300126	4568332.9648410203
410527.9790939282	4568332.3766693221
410527.1703578438	4568331.7884976249
410526.3528475273	4568331.2160654087
410525.4273005711	4568330.8374325624
410524.5017536150	4568330.4587997170
410523.5762066589	4568330.0801668707
410522.6506597027	4568329.7015340254
410521.7251127466	4568329.3229011791
410520.7995657904	4568328.9442683337
410519.8740188342	4568328.5656354874
410518.9484718781	4568328.1870026421
410518.0229249220	4568327.8083697958
410517.0723155765	4568327.5006126240
410516.1144892913	4568327.2132647382
410515.1566630061	4568326.9259168524
410514.2104288075	4568326.6056213034
410513.2836895391	4568326.2299161954
410512.3569502709	4568325.8542110864
410511.4302110025	4568325.4785059784
410510.5034717341	4568325.1028008694
410509.5767324658	4568324.7270957613
410508.6499931975	4568324.3513906524
410507.7232539292	4568323.9756855443
410506.7935470978	4568323.6074530762
410505.8615424263	4568323.2450068146
410504.9295377548	4568322.8825605540
410503.9975330833	4568322.5201142924
410503.0655284118	4568322.1576680308
410502.1335237402	4568321.7952217702
410501.2015190688	4568321.4327755086
410500.2695143972	4568321.0703292470
410499.3375097257	4568320.7078829864
410498.3794125030	4568320.4256287729
410497.4125746809	4568320.1702376502
410496.4457368588	4568319.9148465265
410495.4788990367	4568319.6594554037
410494.5120612145	4568319.4040642809
410493.5452233924	4568319.1486731581
410492.5783855703	4568318.8932820344
410491.6419986222	4568318.5505120968
410490.7258412873	4568318.1496932628
410489.8096839524	4568317.7488744287
410488.8935266175	4568317.3480555946
410487.9773692826	4568316.9472367605
410487.0612119477	4568316.5464179264
410486.1450546128	4568316.1455990924
410485.2288972779	4568315.7447802583
410484.3127399431	4568315.3439614242
410483.3965826081	4568314.9431425901
410482.4804252733	4568314.5423237560
410481.5642679383	4568314.1415049220
410480.6613786848	4568313.7201999566
410479.9209233705	4568313.0480943639
410479.1804680563	4568312.3759887712
410478.4400127421	4568311.7038831785
410477.6995574279	4568311.0317775859
410476.9591021136	4568310.3596719932
410476.1354672013	4568309.8486875528
410475.1587228581	4568309.6342802579
410474.1819785150	4568309.4198729629
410473.2084479012	4568309.1915939301
410472.2369275624	4568308.9546377501
410471.2654072237	4568308.7176815700
410470.2887045022	4568308.5032819156
410469.3111834582	4568308.2924440438
410468.3336624141	4568308.0816061711
410467.4810652574	4568307.6415058309
410466.7739584761	4568306.9343990497
410466.8486344399	4568306.0767346686
410467.0078224205	4568305.1012081951
410466.3202080801	4568304.6249044007
410465.3631836757	4568304.3348970059
410464.3990049786	4568304.0711044706
410463.4273373753	4568303.8347528921
410462.4555917443	4568303.5987748513
410461.4705612771	4568303.4263945194
410460.4855308100	4568303.2540141875
410459.5537197364	4568302.9470727900
410458.7172586069	4568302.3990465328
410457.9528299073	4568301.8073280845
410457.8533261883	4568300.8122908939
410457.1496903260	4568300.2081717541
410456.2827840229	4568299.7097006300
410455.4158777198	4568299.2112295059
410454.4495025865	4568299.0202998109
410453.4548841776	4568298.9166937266
410452.4602657687	4568298.8130876422
410451.4661119143	4568298.7051656451
410450.4722281797	4568298.5947341193
410450.0497120963	4568297.7666398576
410449.6264523914	4568296.8669950338
410448.8824133437	4568296.3273051158
410447.9041792187	4568296.1198009066
410446.9462328383	4568295.8514529401
410446.0392238698	4568295.4303416349
410445.1198585420	4568295.0408823956
410444.1674343953	4568294.7361066667
410443.3299534129	4568294.2297250563
410442.5825440942	4568293.5653612176
410441.6206224154	4568293.2956224410
410440.6583916075	4568293.0249598557
410439.7551141032	4568292.5959030408
410438.8518365989	4568292.1668462260
410437.9498137343	4568291.7352154665
410437.0553865434	4568291.2880018707
410436.1609593525	4568290.8407882750
410435.2665321616	4568290.3935746793
410434.3896550576	4568289.9253323469
410433.7896550569	4568289.1253323471
410433.0917753069	4568288.4130277187
410432.3622381025	4568287.7290865900
410431.6327008981	4568287.0451454613
410430.7391142720	4568286.6077758940
410429.8264296967	4568286.1991111580
410428.9137451215	4568285.7904464230
410428.0010605462	4568285.3817816870
410427.0907243864	4568284.9682037532
410426.1995027837	4568284.5146356160
410425.3082811811	4568284.0610674797
410424.4170595783	4568283.6074993424
410423.5258379756	4568283.1539312052
410422.6346163729	4568282.7003630688
410421.7433947702	4568282.2467949316
410420.8521731675	4568281.7932267943
410419.9609515648	4568281.3396586580
410419.0621416145	4568280.9013506053
410418.1626334560	4568280.4644466424
410417.2631252975	4568280.0275426796
410416.3636171390	4568279.5906387167
410415.4641089805	4568279.1537347538
410414.5646008220	4568278.7168307910
410413.6650926635	4568278.2799268281
410412.7655845050	4568277.8430228652
410411.8660763465	4568277.4061189024
410410.9665681880	4568276.9692149395
410410.2199234315	4568276.3197433641
410409.5194557150	4568275.6060592756
410408.8189879985	4568274.8923751870
410408.1185202819	4568274.1786910985
410407.4180525654	4568273.4650070099
410406.6990752084	4568272.7700723847
410405.9764333515	4568272.0788497385
410405.2537914947	4568271.3876270922
410404.5311496378	4568270.6964044459
410403.7925635678	4568270.0224339962
410403.0466259059	4568269.3564182278
410402.3006882441	4568268.6904024584
410401.5547505822	4568268.0243866891
410400.8088129203	4568267.3583709206
410400.0812709888	4568266.6724503264
410399.3586291318	4568265.9812276801
410398.5178427694	4568265.4553179042
410397.6298483601	4568264.9954636572
410396.7418539507	4568264.5356094092
410395.8538595414	4568264.0757551622
410394.9733496139	4568263.6019026311
410394.0977719300	4568263.1188252885
410393.2221942460	4568262.6357479449
410392.3466165621	4568262.1526706023
410391.4782227988	4568261.6573107885
410390.6279576521	4568261.1309561739
410389.7776925054	4568260.6046015592
410388.9274273587	4568260.0782469446
410388.0771622120	4568259.5518923309
410387.2216126310	4568259.0342934988
410386.3596784158	4568258.5272733727
410385.4977442006	4568258.0202532457
410384.6358099854	4568257.5132331196
410383.7738757702	4568257.0062129926
410382.9119415550	4568256.4991928665
410382.0500073398	4568255.9921727395
410381.1880731246	4568255.4851526134
410380.4359889187	4568254.8349525668
410379.7230626262	4568254.1337135909
410379.0101363337	4568253.4324746151
410378.2972100411	4568252.7312356392
410377.5842837486	4568252.0299966633
410376.8591256927	4568251.3427464068
410376.0690405380	4568250.7297493042
410375.2789553833	4568250.1167522008
410374.4888702286	4568249.5037550982
410373.6987850740	4568248.8907579947
410372.8814490479	4568248.3180725612
410372.0181522538	4568247.8133759741
410371.1548554596	4568247.3086793870
410370.2915586655	4568246.8039827999
410369.4282618714	4568246.2992862128
410368.6294159098	4568245.7089268472
410367.9052779788	4568245.0192716746
410367.4961348289	4568244.1606995165
410367.0185020165	4568243.3833225751
410366.1647058404	4568242.8627151512
410365.3109096643	4568242.3421077272
410364.4845768888	4568241.7832110859
410363.7177238116	4568241.1413884014
410362.9508707345	4568240.4995657178
410362.1840176573	4568239.8577430332
410361.4171645802	4568239.2159203487
410360.6503115031	4568238.5740976641
410359.8834584259	4568237.9322749805
410359.1166053487	4568237.2904522959
410358.3688392032	4568236.6271285210
410357.6406392105	4568235.9417638220
410356.9124392178	4568235.2563991230
410356.0906662982	4568234.7213061545
410355.1543371206	4568234.3701827135
410354.2180079429	4568234.0190592716
410353.2816787653	4568233.6679358305
410352.3453495876	4568233.3168123895
410351.4090204100	4568232.9656889476
410350.6314585739	4568232.3475448033
410349.8757694915	4568231.6926142648
410349.1804181344	4568230.9849388832
410348.6323918766	4568230.1484777546
410348.0841648219	4568229.3121493328
410347.5294646259	4568228.4800990382
410346.9747644299	4568227.6480487436
410346.4200642339	4568226.8159984490
410345.6292670627	4568226.2062145444
410344.8321749144	4568225.6023568567
410344.1016740385	4568224.9358088206
410343.5469738427	4568224.1037585260
410342.9269077857	4568223.3263546014
410342.2063360266	4568222.6329742298
410341.4857642674	4568221.9395938581
410340.7651925082	4568221.2462134864
410340.0446207490	4568220.5528331148
410339.3121104130	4568219.8722278941
410338.5715895567	4568219.2001945153
410337.8310687004	4568218.5281611374
410337.0905478440	4568217.8561277594
410336.3500269878	4568217.1840943815
410335.6095061314	4568216.5120610027
410334.8689852751	4568215.8400276247
410334.1284644188	4568215.1679942468
410333.3879435625	4568214.4959608689
410332.6474227062	4568213.8239274900
410331.9069018499	4568213.1518941121
410331.1663809935	4568212.4798607342
410330.4258601372	4568211.8078273563
410329.6853392809	4568211.1357939774
410328.9448184246	4568210.4637605995
410328.2165442216	4568209.7788724052
410327.5094374405	4568209.0717656240
410326.8023306593	4568208.3646588428
410326.0952238782	4568207.6575520607
410325.3881170971	4568206.9504452795
410324.6810103160	4568206.2433384983
410323.9739035349	4568205.5362317171
410323.2667967538	4568204.8291249359
410322.5596899727	4568204.1220181547
410321.9192263484	4568203.3562418874
410321.3074461957	4568202.5652140463
410320.6956660431	4568201.7741862061
410320.0838858905	4568200.9831583649
410319.4721057378	4568200.1921305247
410318.8603255852	4568199.4011026835
410318.2485454325	4568198.6100748423
410317.6367652799	4568197.8190470021
410317.0249851273	4568197.0280191610
410316.4132049746	4568196.2369913207
410315.8014248220	4568195.4459634796
410315.1896446694	4568194.6549356394
410314.5778645167	4568193.8639077982
410313.9660843641	4568193.0728799570
410313.3543042115	4568192.2818521168
410312.7425240589	4568191.4908242757
410312.1307439062	4568190.6997964354
410311.5988062590	4568189.8532036347
410311.0695938221	4568189.0047142738
410310.5403813852	4568188.1562249120
410310.0111689483	4568187.3077355502
410309.4819565115	4568186.4592461884
410308.9527440747	4568185.6107568275
410308.4235316378	4568184.7622674657
410307.8943192009	4568183.9137781039
410307.3651067640	4568183.0652887421
410306.8358943272	4568182.2167993812
410306.3066818903	4568181.3683100194
410305.7774694534	4568180.5198206576
410305.2482570166	4568179.6713312967
410304.7190445797	4568178.8228419349
410304.1834339588	4568177.9789576251
410303.5468689222	4568177.2077345997
410302.9103038857	4568176.4365115743
410302.2737388491	4568175.6652885498
410301.6371738126	4568174.8940655245
410301.0006087761	4568174.1228425000
410300.3640437395	4568173.3516194746
410299.7274787030	4568172.5803964501
410299.0909136664	4568171.8091734247
410298.4543486299	4568171.0379504003
410297.8177835934	4568170.2667273749
410297.2632789272	4568169.4428910818
410296.8281102667	4568168.5425421288
410296.3929416061	4568167.6421931768
410295.9577729457	4568166.7418442238
410295.5085342955	4568165.8508294672
410294.8481983298	4568165.0998591539
410294.1878623641	4568164.3488888396
410293.5275263984	4568163.5979185253
410292.8671904327	4568162.8469482120
410292.2053237140	4568162.0974344891
410291.4880443335	4568161.4006488044
410290.7707649530	4568160.7038631197
410290.0534855724	4568160.0070774350
410289.8677580985	4568159.0572672002
410289.7792183081	4568158.0611945596
410289.6906785178	4568157.0651219189
410289.7696135609	4568156.0698088678
410289.8671849849	4568155.0745803425
410289.9647564090	4568154.0793518173
410290.2078016439	4568153.1184754297
410290.5657376554	4568152.1847293125
410290.9236736668	4568151.2509831954
410291.2816096783	4568150.3172370782
410291.6395456898	4568149.3834909601
410291.9974817012	4568148.4497448429
410292.3554177127	4568147.5159987258
410292.7133537241	4568146.5822526086
410293.0693820585	4568145.6477876054
410293.4166964144	4568144.7100388454
410293.7640107703	4568143.7722900845
410294.1113251261	4568142.8345413236
410294.4586394820	4568141.8967925627
410294.8059538378	4568140.9590438018
410295.1532681937	4568140.0212950418
410295.5005825495	4568139.0835462809
410295.8478969054	4568138.1457975199
410296.1952112612	4568137.2080487590
410296.5425256171	4568136.2702999990
410296.8898399730	4568135.3325512381
410297.2371543288	4568134.3948024772
410297.5844686846	4568133.4570537163
410297.9317830405	4568132.5193049554
410298.2790973964	4568131.5815561954
410298.6264117522	4568130.6438074345
410298.9737261081	4568129.7060586736
410299.3210404639	4568128.7683099126
410299.6683548198	4568127.8305611527
410300.0156691756	4568126.8928123917
410300.3629835315	4568125.9550636308
410300.7102978874	4568125.0173148699
410301.0576122432	4568124.0795661090
410301.4049265991	4568123.1418173490
410301.5349817275	4568122.1575533859
410301.6020572168	4568121.1598054832
410301.6691327061	4568120.1620575795
410301.7362081954	4568119.1643096758
410301.8032836847	4568118.1665617730
410301.8703591741	4568117.1688138694
410301.9374346634	4568116.1710659657
410302.0045101527	4568115.1733180629
410302.2306429757	4568114.1992352372
410302.4569393914	4568113.2251767525
410302.6832358071	4568112.2511182679
410302.9095322228	4568111.2770597823
410303.1358286385	4568110.3030012976
410303.3621250543	4568109.3289428130
410303.7609469551	4568108.4479490779
410304.4506681114	4568107.7238739943
410305.1403892676	4568106.9997989107
410305.8301104238	4568106.2757238271
410306.5198315801	4568105.5516487435
410307.2095527363	4568104.8275736598
410307.8992738925	4568104.1034985762
410308.5889950488	4568103.3794234926
410309.2787162050	4568102.6553484090
410309.9684373613	4568101.9312733253
410310.6581585175	4568101.2071982417
410311.3478796737	4568100.4831231581
410312.0376008300	4568099.7590480745
410312.7273219862	4568099.0349729909
410313.4170431425	4568098.3108979072
410314.1067642987	4568097.5868228236
410314.7964854549	4568096.8627477409
410315.4862066112	4568096.1386726573
410316.1759277674	4568095.4145975737
410316.8656489236	4568094.6905224901
410317.5553700798	4568093.9664474064
410318.2450912361	4568093.2423723228
410318.9348123924	4568092.5182972392
410319.6245335486	4568091.7942221556
410320.3142547048	4568091.0701470720
410321.1278751560	4568090.5037870631
410321.9946531568	4568090.0050928714
410322.8614311575	4568089.5063986788
410323.7282091582	4568089.0077044861
410324.5949871590	4568088.5090102945
410325.4617651597	4568088.0103161018
410326.3285431604	4568087.5116219092
410327.1953211612	4568087.0129277175
410328.0620991619	4568086.5142335249
410328.9288771626	4568086.0155393323
410329.7956551634	4568085.5168451406
410330.6021939887	4568084.9295014497
410331.3850172434	4568084.3072573245
410332.1678404982	4568083.6850131992
410332.9506637530	4568083.0627690731
410333.7334870078	4568082.4405249478
410334.5163102626	4568081.8182808226
410335.2991335174	4568081.1960366964
410336.0819567722	4568080.5737925712
410336.8647800270	4568079.9515484460
410337.6476032817	4568079.3293043198
410338.4304265366	4568078.7070601946
410339.2132497913	4568078.0848160693
410339.9960730461	4568077.4625719432
410340.7422059077	4568076.7976789558
410341.4743926460	4568076.1165750129
410342.2065793842	4568075.4354710709
410342.9387661225	4568074.7543671280
410343.6709528607	4568074.0732631860
410344.4031395989	4568073.3921592440
410345.1353263372	4568072.7110553011
410345.8630063237	4568072.0255454443
410346.5273701624	4568071.2781361258
410347.1917340012	4568070.5307268072
410347.8560978400	4568069.7833174886
410348.5204616788	4568069.0359081700
410349.1848255176	4568068.2884988515
410349.8491893564	4568067.5410895320
410350.3429664485	4568066.6781873638
410350.7901800439	4568065.7837601723
410351.2373936394	4568064.8893329818
410351.6846072349	4568063.9949057903
410352.1318208304	4568063.1004785998
410352.5790344259	4568062.2060514083
410353.0262480214	4568061.3116242178
410353.3458923993	4568060.3738693800
410353.5359143059	4568059.3920895299
410353.7259362125	4568058.4103096789
410353.9159581192	4568057.4285298288
