%x	y
427665.7446019330	4572164.9456939669
427664.7538545376	4572165.0814127885
427663.7631071421	4572165.2171316091
427662.7723597468	4572165.3528504306
427661.7816123513	4572165.4885692522
427660.7908649559	4572165.6242880737
427659.8001175605	4572165.7600068944
427658.8093701650	4572165.8957257159
427657.8186227696	4572166.0314445375
427656.8212231077	4572166.0612912234
427655.8212796896	4572166.0506535275
427654.8213362714	4572166.0400158316
427653.8213928534	4572166.0293781357
427652.8214494352	4572166.0187404398
427651.8215060171	4572166.0081027439
427650.8215625990	4572165.9974650480
427649.8216191809	4572165.9868273521
427648.8216757628	4572165.9761896562
427647.8217323447	4572165.9655519603
427646.8242933038	4572165.9280678201
427645.8396354784	4572165.7535714973
427644.8549776530	4572165.5790751735
427643.8703198276	4572165.4045788497
427642.8856620022	4572165.2300825268
427641.9010041768	4572165.0555862030
427640.9163463514	4572164.8810898792
427639.9316885260	4572164.7065935563
427638.9470307007	4572164.5320972325
427637.9638881886	4572164.3501446964
427636.9892283990	4572164.1264522849
427636.0145686095	4572163.9027598742
427635.0399088200	4572163.6790674636
427634.0652490304	4572163.4553750530
427633.0905892409	4572163.2316826424
427632.1159294513	4572163.0079902317
427631.1387201685	4572162.8001632737
427630.1430474728	4572162.7072338229
427629.1473747770	4572162.6143043712
427628.1517020813	4572162.5213749195
427627.1560293855	4572162.4284454677
427626.1603566898	4572162.3355160160
427625.1646839941	4572162.2425865643
427624.1690112984	4572162.1496571135
427623.1733386026	4572162.0567276618
427622.1751681625	4572162.0033865497
427621.1757111326	4572161.9704374168
427620.1762541026	4572161.9374882840
427619.1767970727	4572161.9045391502
427618.1773400428	4572161.8715900173
427617.1778830129	4572161.8386408845
427616.1784259830	4572161.8056917517
427615.1789689531	4572161.7727426188
427614.1795119232	4572161.7397934860
427613.1800548933	4572161.7068443531
427612.1804414626	4572161.6799092302
427611.1806228191	4572161.6608650656
427610.1808041757	4572161.6418209011
427609.1809855323	4572161.6227767365
427608.1811668888	4572161.6037325719
427607.1813482453	4572161.5846884074
427606.1815296019	4572161.5656442428
427605.1817109584	4572161.5466000782
427604.1818923150	4572161.5275559146
427603.1820736715	4572161.5085117500
427602.1822550281	4572161.4894675855
427601.1824363846	4572161.4704234209
427600.1835995856	4572161.5008228673
427599.1853252125	4572161.5595448893
427598.1870508393	4572161.6182669112
427597.1887764661	4572161.6769889332
427596.1905020929	4572161.7357109552
427595.1922277197	4572161.7944329763
427594.1939533465	4572161.8531549983
427593.1956789734	4572161.9118770203
427592.1974046002	4572161.9705990423
427591.1991302270	4572162.0293210642
427590.2008558538	4572162.0880430862
427589.2025814806	4572162.1467651082
427588.2043071075	4572162.2054871302
427587.2060327343	4572162.2642091522
427586.2077583611	4572162.3229311742
427585.2094839879	4572162.3816531952
427584.2112096147	4572162.4403752172
427583.2159556606	4572162.5303916326
427582.2248776281	4572162.6636745408
427581.2337995956	4572162.7969574481
427580.2427215631	4572162.9302403564
427579.2516435306	4572163.0635232646
427578.2605654982	4572163.1968061719
427577.2694874657	4572163.3300890801
427576.2784094332	4572163.4633719884
427575.2873314007	4572163.5966548957
427574.2962533682	4572163.7299378039
427573.3051753358	4572163.8632207112
427572.3140973033	4572163.9965036195
427571.3230192708	4572164.1297865277
427570.3319412383	4572164.2630694350
427569.3408632058	4572164.3963523433
427568.3497851733	4572164.5296352506
427567.3587071409	4572164.6629181588
427566.3676291084	4572164.7962010670
427565.3765510759	4572164.9294839744
427564.3854730435	4572165.0627668826
427563.3943950109	4572165.1960497908
427562.4033169784	4572165.3293326981
427561.4122389460	4572165.4626156064
427560.4211609135	4572165.5958985137
427559.4300828810	4572165.7291814219
427558.4390048486	4572165.8624643302
427557.4479268161	4572165.9957472375
427556.4568487836	4572166.1290301457
427555.4657707511	4572166.2623130539
427554.4746927186	4572166.3955959613
427553.4836146861	4572166.5288788695
427552.4925366537	4572166.6621617768
427551.5014586212	4572166.7954446850
427550.5122610476	4572166.9415644603
427549.5245959357	4572167.0981455147
427548.5369308237	4572167.2547265692
427547.5492657118	4572167.4113076236
427546.5616005998	4572167.5678886781
427545.5739354878	4572167.7244697325
427544.5862703758	4572167.8810507869
427543.5986052638	4572168.0376318414
427542.6109401519	4572168.1942128958
427541.6232750399	4572168.3507939503
427540.6356099280	4572168.5073750047
427539.6479448159	4572168.6639560582
427538.6602797040	4572168.8205371127
427537.6726145920	4572168.9771181671
427536.6849494800	4572169.1336992215
427535.6972843681	4572169.2902802760
427534.7096192561	4572169.4468613304
427533.7219541441	4572169.6034423849
427532.7342890321	4572169.7600234393
427531.7440307688	4572169.8991403626
427530.7534809020	4572170.0362934219
427529.7629310353	4572170.1734464802
427528.7723811685	4572170.3105995385
427527.7818313017	4572170.4477525968
427526.7912814350	4572170.5849056551
427525.8007315682	4572170.7220587134
427524.8101817014	4572170.8592117727
427523.8196318347	4572170.9963648310
427522.8290819679	4572171.1335178893
427521.8385321011	4572171.2706709476
427520.8479822343	4572171.4078240059
427519.8574323676	4572171.5449770652
427518.8668825008	4572171.6821301235
427517.8755698616	4572171.8127763793
427516.8801553573	4572171.9084318271
427515.8847408531	4572172.0040872749
427514.8893263488	4572172.0997427227
427513.8939118446	4572172.1953981705
427512.8984973402	4572172.2910536183
427511.9030828360	4572172.3867090661
427510.9076683317	4572172.4823645139
427509.9122538275	4572172.5780199617
427508.9168393232	4572172.6736754095
427507.9214248189	4572172.7693308573
427506.9260103146	4572172.8649863051
427505.9305958104	4572172.9606417529
427504.9351813061	4572173.0562972007
427503.9397668019	4572173.1519526485
427502.9443522976	4572173.2476080963
427501.9489377933	4572173.3432635441
427500.9535232890	4572173.4389189919
427499.9581087848	4572173.5345744397
427498.9626942805	4572173.6302298876
427497.9672797763	4572173.7258853354
427496.9718652720	4572173.8215407832
427495.9764507677	4572173.9171962310
427494.9810362634	4572174.0128516788
427493.9856217592	4572174.1085071266
427492.9902072549	4572174.2041625744
427491.9947927507	4572174.2998180222
427490.9993782464	4572174.3954734700
427490.0039637421	4572174.4911289178
427489.0085492378	4572174.5867843656
427488.0131347336	4572174.6824398134
427487.0177202293	4572174.7780952612
427486.0223057251	4572174.8737507090
427485.0268912207	4572174.9694061568
427484.0314767165	4572175.0650616046
427483.0360622122	4572175.1607170524
427482.0406477080	4572175.2563725002
427481.0452332037	4572175.3520279480
427480.0486471190	4572175.4337180946
427479.0512086310	4572175.5052475482
427478.0537701430	4572175.5767770009
427477.0563316551	4572175.6483064545
427476.0588931671	4572175.7198359082
427475.0614546791	4572175.7913653608
427474.0640161911	4572175.8628948145
427473.0665777032	4572175.9344242681
427472.0691392152	4572176.0059537217
427471.0717007272	4572176.0774831744
427470.0742622392	4572176.1490126280
427469.0768237512	4572176.2205420816
427468.0793852633	4572176.2920715343
427467.0819467753	4572176.3636009879
427466.0845082873	4572176.4351304416
427465.0870697993	4572176.5066598952
427464.0896313113	4572176.5781893479
427463.0921928234	4572176.6497188015
427462.0947543354	4572176.7212482551
427461.0973158474	4572176.7927777078
427460.0998773594	4572176.8643071614
427459.1024388714	4572176.9358366150
427458.1050003835	4572177.0073660687
427457.1075618955	4572177.0788955214
427456.1101234075	4572177.1504249750
427455.1126849195	4572177.2219544286
427454.1152464316	4572177.2934838813
427453.1178079436	4572177.3650133349
427452.1199799590	4572177.4302086057
427451.1212922955	4572177.4814233575
427450.1226046321	4572177.5326381093
427449.1239169686	4572177.5838528611
427448.1252293051	4572177.6350676129
427447.1265416417	4572177.6862823656
427446.1278539782	4572177.7374971174
427445.1291663147	4572177.7887118692
427444.1304786512	4572177.8399266209
427443.1317909878	4572177.8911413727
427442.1331033243	4572177.9423561255
427441.1344156608	4572177.9935708772
427440.1357279973	4572178.0447856290
427439.1370403338	4572178.0960003808
427438.1383526704	4572178.1472151335
427437.1396650069	4572178.1984298853
427436.1409773434	4572178.2496446371
427435.1422896799	4572178.3008593889
427434.1436020165	4572178.3520741407
427433.1449143530	4572178.4032888934
427432.1462266895	4572178.4545036452
427431.1475390260	4572178.5057183970
427430.1488513625	4572178.5569331488
427429.1501636991	4572178.6081479006
427428.1514760356	4572178.6593626533
427427.1527883722	4572178.7105774051
427426.1541007086	4572178.7617921568
427425.1548100188	4572178.7994308230
427424.1555146009	4572178.8369630454
427423.1562191830	4572178.8744952679
427422.1569237650	4572178.9120274903
427421.1576283471	4572178.9495597119
427420.1583329292	4572178.9870919343
427419.1590375112	4572179.0246241568
427418.1597420933	4572179.0621563792
427417.1604466753	4572179.0996886017
427416.1611512574	4572179.1372208232
427415.1618558395	4572179.1747530457
427414.1625604216	4572179.2122852681
427413.1632650037	4572179.2498174906
427412.1639695857	4572179.2873497121
427411.1646741678	4572179.3248819346
427410.1653787499	4572179.3624141570
427409.1660833319	4572179.3999463795
427408.1667879140	4572179.4374786010
427407.1674924960	4572179.4750108235
427406.1681970781	4572179.5125430459
427405.1689016602	4572179.5500752684
427404.1696062423	4572179.5876074899
427403.1703108244	4572179.6251397124
427402.1710099633	4572179.6591281975
427401.1716039640	4572179.6246659216
427400.1721979646	4572179.5902036456
427399.1727919653	4572179.5557413697
427398.1733859660	4572179.5212790938
427397.1739799666	4572179.4868168179
427396.1745739673	4572179.4523545429
427395.1751679679	4572179.4178922670
427394.1757619685	4572179.3834299911
427393.1763559692	4572179.3489677152
427392.1769499698	4572179.3145054393
427391.1775439705	4572179.2800431633
427390.1781379711	4572179.2455808874
427389.1787594276	4572179.2106301216
427388.1817861990	4572179.1328845033
427387.1848129703	4572179.0551388841
427386.1878397416	4572178.9773932658
427385.1908665129	4572178.8996476466
427384.1938932841	4572178.8219020283
427383.1969200554	4572178.7441564091
427382.1999468267	4572178.6664107908
427381.2029735980	4572178.5886651715
427380.2060003693	4572178.5109195532
427379.2090271405	4572178.4331739340
427378.2120539118	4572178.3554283157
427377.2150806831	4572178.2776826965
427376.2181074544	4572178.1999370782
427375.2211342257	4572178.1221914589
427374.2241609970	4572178.0444458406
427373.2271877683	4572177.9667002214
427372.2302145396	4572177.8889546031
427371.2332413109	4572177.8112089839
427370.2362680822	4572177.7334633656
427369.2392948534	4572177.6557177464
427368.2423216247	4572177.5779721281
427367.2453483960	4572177.5002265088
427366.2483751673	4572177.4224808905
427365.2514019386	4572177.3447352722
427364.2536792807	4572177.2785074618
427363.2550375668	4572177.2264044164
427362.2563958530	4572177.1743013700
427361.2577541392	4572177.1221983237
427360.2591124254	4572177.0700952783
427359.2604707116	4572177.0179922320
427358.2618289977	4572176.9658891857
427357.2631872839	4572176.9137861403
427356.2645455701	4572176.8616830939
427355.2659038563	4572176.8095800476
427354.2672621424	4572176.7574770022
427353.2686204286	4572176.7053739559
427352.2699787148	4572176.6532709096
427351.2713370010	4572176.6011678642
427350.2726952871	4572176.5490648178
427349.2740535733	4572176.4969617715
427348.2754118595	4572176.4448587261
427347.2767701457	4572176.3927556798
427346.2781284318	4572176.3406526335
427345.2794867180	4572176.2885495881
427344.2808450042	4572176.2364465417
427343.2822032903	4572176.1843434954
427342.2835615765	4572176.1322404491
427341.2849198627	4572176.0801374037
427340.2862781488	4572176.0280343574
427339.2876364350	4572175.9759313110
427338.2920335008	4572175.8875626363
427337.2986464453	4572175.7727490570
427336.3052593898	4572175.6579354778
427335.3118723343	4572175.5431218995
427334.3184852788	4572175.4283083202
427333.3250982233	4572175.3134947410
427332.3317111678	4572175.1986811617
427331.3383241123	4572175.0838675825
427330.3449370569	4572174.9690540032
427329.3515500013	4572174.8542404240
427328.3581629459	4572174.7394268448
427327.3647758903	4572174.6246132655
427326.3713888349	4572174.5097996863
427325.3780017793	4572174.3949861070
427324.3846147239	4572174.2801725278
427323.3912276684	4572174.1653589485
427322.3978406129	4572174.0505453693
427321.4044535574	4572173.9357317900
427320.4110665019	4572173.8209182108
427319.4176794464	4572173.7061046315
427318.4242923909	4572173.5912910523
427317.4309053354	4572173.4764774730
427316.4376238222	4572173.3607946699
427315.4456259104	4572173.2345403899
427314.4536279987	4572173.1082861107
427313.4616300870	4572172.9820318306
427312.4696321753	4572172.8557775514
427311.4776342635	4572172.7295232713
427310.4856363518	4572172.6032689922
427309.4936384401	4572172.4770147121
427308.5016405283	4572172.3507604329
427307.5096426166	4572172.2245061528
427306.5176447049	4572172.0982518736
427305.5256467932	4572171.9719975935
427304.5336488814	4572171.8457433144
427303.5431617319	4572171.7084163623
427302.5536001922	4572171.5643054359
427301.5640386524	4572171.4201945104
427300.5744771126	4572171.2760835839
427299.5849155729	4572171.1319726584
427298.5953540331	4572170.9878617320
427297.6057924933	4572170.8437508056
427296.6162309536	4572170.6996398801
427295.6266694138	4572170.5555289537
427294.6371078740	4572170.4114180282
427293.6475463342	4572170.2673071017
427292.6579847944	4572170.1231961763
427291.6683457213	4572169.9796187319
427290.6787006443	4572169.8360825991
427289.6890555672	4572169.6925464664
427288.6994104901	4572169.5490103336
427287.7097654131	4572169.4054741999
427286.7201203360	4572169.2619380672
427285.7304752590	4572169.1184019344
427284.7408301819	4572168.9748658016
427283.7511851049	4572168.8313296679
427282.7615400278	4572168.6877935352
427281.7718949507	4572168.5442574024
427280.7822498737	4572168.4007212697
427279.7926047967	4572168.2571851369
427278.8029597196	4572168.1136490032
427277.8128432798	4572167.9745243518
427276.8152129756	4572167.9057219094
427275.8175826713	4572167.8369194679
427274.8199523670	4572167.7681170264
427273.8223220627	4572167.6993145840
427272.8246917585	4572167.6305121426
427271.8270614542	4572167.5617097011
427270.8595213957	4572167.3499787161
427269.9188307293	4572167.0107132299
427268.9781400630	4572166.6714477437
427268.0374493966	4572166.3321822565
427267.0967587302	4572165.9929167703
427266.1560680638	4572165.6536512841
427265.2153773975	4572165.3143857978
427264.2616247640	4572165.0316178724
427263.2674803009	4572164.9235586924
427262.2733358379	4572164.8154995115
427261.2791913748	4572164.7074403306
427260.2850469117	4572164.5993811497
427259.2909024487	4572164.4913219698
427258.2967579856	4572164.3832627889
427257.3026135225	4572164.2752036080
427256.3084690594	4572164.1671444271
427255.3143245963	4572164.0590852462
427254.3201801332	4572163.9510260662
427253.3278045898	4572163.8279402098
427252.3357431679	4572163.7021859456
427251.3436817460	4572163.5764316805
427250.3516203240	4572163.4506774154
427249.3595589021	4572163.3249231512
427248.3674974802	4572163.1991688861
427247.3754360582	4572163.0734146219
427246.3833746363	4572162.9476603568
427245.3913132144	4572162.8219060916
427244.3992517924	4572162.6961518275
427243.4071903705	4572162.5703975623
427242.4151289485	4572162.4446432972
427241.4230675266	4572162.3188890330
427240.4310061047	4572162.1931347679
427239.4389446827	4572162.0673805038
427238.4468832608	4572161.9416262386
427237.4516641698	4572161.8453014046
427236.4555061818	4572161.7577270754
427235.4593481939	4572161.6701527471
427234.4631902059	4572161.5825784178
427233.4670322180	4572161.4950040895
427232.4708742301	4572161.4074297603
427231.4747162421	4572161.3198554320
427230.4785582542	4572161.2322811028
427229.4824002662	4572161.1447067745
427228.4862422783	4572161.0571324453
427227.5052003437	4572160.8833900029
427226.5387152167	4572160.6266673915
427225.5722300898	4572160.3699447792
427224.6057449628	4572160.1132221678
427223.6392598358	4572159.8564995555
427222.6727747089	4572159.5997769441
427221.7062895819	4572159.3430543328
427220.7376417817	4572159.0990019655
427219.7407205488	4572159.0205924306
427218.7437993157	4572158.9421828948
427217.7468780828	4572158.8637733599
427216.7499568498	4572158.7853638250
427215.7530356168	4572158.7069542892
427214.7561143838	4572158.6285447543
427213.7591931508	4572158.5501352185
427212.7622719178	4572158.4717256837
427211.7653506848	4572158.3933161488
427210.7692221597	4572158.3094116785
427209.7907878755	4572158.1028533299
427208.8123535913	4572157.8962949812
427207.8339193071	4572157.6897366317
427206.8554850229	4572157.4831782831
427205.8770507387	4572157.2766199345
427204.8986164545	4572157.0700615849
427203.9201821703	4572156.8635032363
427202.9417478861	4572156.6569448877
427201.9633136019	4572156.4503865382
427200.9848793177	4572156.2438281896
427200.0010042389	4572156.0659445031
427199.0149114026	4572155.8997490816
427198.0288185663	4572155.7335536601
427197.0427257300	4572155.5673582386
427196.0566328937	4572155.4011628162
427195.0705400574	4572155.2349673947
427194.0844472211	4572155.0687719733
427193.0983543848	4572154.9025765508
427192.1122615485	4572154.7363811294
427191.1261687122	4572154.5701857079
427190.1403209511	4572154.4025474358
427189.1546564756	4572154.2338300934
427188.1689920001	4572154.0651127510
427187.1833275246	4572153.8963954085
427186.1976630491	4572153.7276780652
427185.2119985736	4572153.5589607228
427184.2263340981	4572153.3902433803
427183.2406696225	4572153.2215260379
427182.2550051470	4572153.0528086945
427181.2693406715	4572152.8840913521
427180.2836761960	4572152.7153740097
427179.2980117205	4572152.5466566673
427178.3123472450	4572152.3779393239
427177.3333708073	4572152.1742284847
427176.3549583215	4572151.9675669074
427175.3765458356	4572151.7609053301
427174.3981333497	4572151.5542437527
427173.4197208639	4572151.3475821754
427172.4413083780	4572151.1409205981
427171.4628958922	4572150.9342590207
427170.4844834064	4572150.7275974434
427169.5060709205	4572150.5209358661
427168.5276584347	4572150.3142742887
427167.5492459488	4572150.1076127114
427166.5708334630	4572149.9009511350
427165.5924209771	4572149.6942895576
427164.6140084912	4572149.4876279803
427163.6355960054	4572149.2809664030
427162.6571835195	4572149.0743048256
427161.6787710337	4572148.8676432483
427160.7003585478	4572148.6609816710
427159.7219460620	4572148.4543200936
427158.7435335761	4572148.2476585163
427157.7662653997	4572148.0359428748
427156.7942557021	4572147.8010021420
427155.8222460045	4572147.5660614092
427154.8502363069	4572147.3311206773
427153.8782266094	4572147.0961799445
427152.9062169118	4572146.8612392116
427151.9342072142	4572146.6262984788
427150.9621975167	4572146.3913577469
427149.9901878191	4572146.1564170141
427149.0181781216	4572145.9214762812
427148.0461684240	4572145.6865355484
427147.0741587264	4572145.4515948165
427146.1021490288	4572145.2166540837
427145.1301393312	4572144.9817133509
427144.1581296337	4572144.7467726180
427143.1861199361	4572144.5118318861
427142.2141102386	4572144.2768911533
427141.2421005410	4572144.0419504205
427140.2700908434	4572143.8070096876
427139.2980811458	4572143.5720689557
427138.3260714483	4572143.3371282229
427137.3540617507	4572143.1021874901
427136.3820520531	4572142.8672467573
427135.4100423556	4572142.6323060254
427134.4380326580	4572142.3973652925
427133.4660229605	4572142.1624245597
427132.4940132629	4572141.9274838269
427131.5220035653	4572141.6925430950
427130.5499938677	4572141.4576023621
427129.5779841701	4572141.2226616293
427128.6059744726	4572140.9877208965
427127.6339647750	4572140.7527801646
427126.6619550775	4572140.5178394318
427125.6899453799	4572140.2828986989
427124.7179356823	4572140.0479579661
427123.7459259848	4572139.8130172342
427122.7739162872	4572139.5780765014
427121.8169591670	4572139.2917224681
427120.8717216054	4572138.9653393310
427119.9264840439	4572138.6389561938
427118.9812464823	4572138.3125730567
427118.0360089207	4572137.9861899195
427117.0907713592	4572137.6598067824
427116.1455337976	4572137.3334236452
427115.2002962361	4572137.0070405081
427114.2550586745	4572136.6806573709
427113.3098211129	4572136.3542742338
427112.3645835514	4572136.0278910967
427111.4193459898	4572135.7015079595
427110.4741084283	4572135.3751248224
427109.5288708667	4572135.0487416852
427108.5994780466	4572134.6837745551
427107.6976620180	4572134.2516543744
427106.7958459893	4572133.8195341947
427105.8940299607	4572133.3874140140
427104.9922139321	4572132.9552938333
427104.0903979034	4572132.5231736526
427103.1706816309	4572132.1352160238
427102.2225010972	4572131.8174839430
427101.2743205635	4572131.4997518612
427100.3261400298	4572131.1820197804
427099.3779594960	4572130.8642876986
427098.4297789623	4572130.5465556178
427097.4882432813	4572130.2096650163
427096.5469545844	4572129.8720623069
427095.6056658876	4572129.5344595984
427094.6643771907	4572129.1968568889
427093.7230884938	4572128.8592541805
427092.7817997969	4572128.5216514710
427091.8405111000	4572128.1840487625
427090.8992224031	4572127.8464460531
427089.9579337062	4572127.5088433446
427089.0166450093	4572127.1712406352
427088.0753563124	4572126.8336379267
427087.1340676155	4572126.4960352173
427086.1927789186	4572126.1584325088
427085.2514902217	4572125.8208297994
427084.3102015248	4572125.4832270909
427083.3689128279	4572125.1456243815
427082.4276241310	4572124.8080216730
427081.4863354341	4572124.4704189636
427080.5450467372	4572124.1328162551
427079.6037580403	4572123.7952135457
427078.6624693434	4572123.4576108372
427077.7211806465	4572123.1200081278
427076.7798919496	4572122.7824054193
427075.8532379843	4572122.4070858639
427074.9305867300	4572122.0214504618
427074.0079354758	4572121.6358150598
427073.0852842215	4572121.2501796586
427072.1626329673	4572120.8645442566
427071.2399817130	4572120.4789088555
427070.3173304588	4572120.0932734534
427069.3946792045	4572119.7076380523
427068.4720279502	4572119.3220026502
427067.5493766960	4572118.9363672482
427066.6267254417	4572118.5507318471
427065.7040741875	4572118.1650964450
427064.7814229332	4572117.7794610439
427063.8587716790	4572117.3938256418
427062.9361204247	4572117.0081902398
427062.0134691705	4572116.6225548387
427061.0908179162	4572116.2369194366
427060.1681666620	4572115.8512840355
427059.2455154077	4572115.4656486334
427058.3228641534	4572115.0800132314
427057.4002128992	4572114.6943778303
427056.4775616449	4572114.3087424282
427055.5549103907	4572113.9231070271
427054.6322591364	4572113.5374716250
427053.6929087685	4572113.1948624272
427052.7516782942	4572112.8570974283
427051.8104478200	4572112.5193324294
427050.8692173458	4572112.1815674305
427049.9279868715	4572111.8438024316
427048.9867563973	4572111.5060374336
427048.0455259230	4572111.1682724347
427047.1042954488	4572110.8305074358
427046.1630649746	4572110.4927424369
427045.2192791691	4572110.1624601427
427044.2680563502	4572109.8539554449
427043.3168335313	4572109.5454507461
427042.3656107123	4572109.2369460482
427041.4143878934	4572108.9284413503
427040.5381569198	4572108.4511084398
427039.6715344630	4572107.9521439951
427038.8049120062	4572107.4531795504
427037.9382895493	4572106.9542151056
427037.0334613242	4572106.5342875402
427036.1041092381	4572106.1650928762
427035.1747571521	4572105.7958982112
427034.2454050660	4572105.4267035471
427033.3160529799	4572105.0575088831
427032.3867008938	4572104.6883142190
427031.4573488077	4572104.3191195549
427030.5279967217	4572103.9499248900
427029.5986446356	4572103.5807302259
427028.6891540445	4572103.1658216221
427027.7850817780	4572102.7384420056
427026.8810095116	4572102.3110623881
427025.9769372451	4572101.8836827716
427025.0728649785	4572101.4563031541
427024.1687927121	4572101.0289235376
427023.2647204456	4572100.6015439210
427022.3606481791	4572100.1741643036
427021.4565759126	4572099.7467846870
427020.5525036461	4572099.3194050696
427019.6484313796	4572098.8920254530
427018.7443591131	4572098.4646458365
427017.8402868466	4572098.0372662190
427016.9362145802	4572097.6098866025
427016.0321423136	4572097.1825069850
427015.1280700472	4572096.7551273685
427014.2239977807	4572096.3277477510
427013.3199255142	4572095.9003681345
427012.4158532477	4572095.4729885180
427011.5117809812	4572095.0456089005
427010.6026386438	4572094.6295904005
427009.6807599900	4572094.2421116950
427008.7588813360	4572093.8546329886
427007.8370026822	4572093.4671542831
427006.9151240283	4572093.0796755766
427005.9932453744	4572092.6921968712
427005.0713667205	4572092.3047181657
427004.1494880666	4572091.9172394592
427003.2276094128	4572091.5297607537
427002.3057307589	4572091.1422820473
427001.3838521050	4572090.7548033418
427000.4619734511	4572090.3673246354
426999.5400947972	4572089.9798459299
426998.6182161434	4572089.5923672244
426997.6963374894	4572089.2048885180
426996.7744588356	4572088.8174098125
426995.8525801817	4572088.4299311060
426994.9307015278	4572088.0424524006
426994.0088228739	4572087.6549736951
426993.0869442200	4572087.2674949886
426992.1650655662	4572086.8800162831
426991.2450332411	4572086.4886811208
426990.3651278435	4572086.0135322055
426989.4852224458	4572085.5383832911
426988.6053170481	4572085.0632343767
426987.7254116503	4572084.5880854614
426986.8455062526	4572084.1129365470
426985.9656008550	4572083.6377876326
426985.0856954573	4572083.1626387183
426984.2057900595	4572082.6874898029
426983.3258846618	4572082.2123408886
426982.4459792641	4572081.7371919742
426981.5660738665	4572081.2620430589
426980.6861684688	4572080.7868941445
426979.8062630710	4572080.3117452301
426978.9263576733	4572079.8365963157
426978.0464522756	4572079.3614474004
426977.1665468779	4572078.8862984860
426976.2866414803	4572078.4111495716
426975.4067360825	4572077.9360006563
426974.5268306848	4572077.4608517420
426973.6469252871	4572076.9857028276
426972.7670198894	4572076.5105539123
426971.8871144917	4572076.0354049979
426971.0072090940	4572075.5602560835
426970.1273036963	4572075.0851071691
426969.2473982986	4572074.6099582538
426968.3674929009	4572074.1348093394
426967.4875875032	4572073.6596604250
426966.6076821055	4572073.1845115097
426965.7321255052	4572072.7015980920
426964.8672910878	4572072.1995408935
426964.0024566704	4572071.6974836951
426963.1376222530	4572071.1954264967
426962.2727878356	4572070.6933692982
426961.4079534182	4572070.1913120998
426960.5431190008	4572069.6892549023
426959.6782845834	4572069.1871977039
426958.8134501660	4572068.6851405054
426957.9486157486	4572068.1830833070
426957.0837813312	4572067.6810261086
426956.2189469137	4572067.1789689101
426955.3541124963	4572066.6769117117
426954.4892780789	4572066.1748545133
426953.6244436615	4572065.6727973148
426952.7596092441	4572065.1707401164
426951.8947748267	4572064.6686829180
426951.0299404093	4572064.1666257195
426950.1651059918	4572063.6645685211
426949.3002715744	4572063.1625113226
426948.4354371570	4572062.6604541242
426947.5706027396	4572062.1583969258
426946.7057683222	4572061.6563397273
426945.8409339048	4572061.1542825289
426944.9760994874	4572060.6522253305
426944.1112650699	4572060.1501681320
426943.2464306525	4572059.6481109336
426942.3879544180	4572059.1352811810
426941.5304614923	4572058.6207854254
426940.6729685666	4572058.1062896699
426939.8154756408	4572057.5917939143
426938.9579827151	4572057.0772981597
426938.1004897894	4572056.5628024042
426937.2429968637	4572056.0483066486
426936.3855039380	4572055.5338108931
426935.5280110123	4572055.0193151375
426934.6705180866	4572054.5048193820
426933.8130251609	4572053.9903236264
426932.9555322352	4572053.4758278709
426932.0980393095	4572052.9613321163
426931.2405463837	4572052.4468363607
426930.3830534580	4572051.9323406052
426929.5255605323	4572051.4178448496
426928.6680676066	4572050.9033490941
426927.8105746809	4572050.3888533385
426926.9530817552	4572049.8743575830
426926.1083987840	4572049.3408681965
426925.3100825882	4572048.7386296624
426924.5117663924	4572048.1363911284
426923.7134501966	4572047.5341525953
426922.9151340008	4572046.9319140613
426922.1168178051	4572046.3296755273
426921.3185016093	4572045.7274369942
426920.5201854135	4572045.1251984602
426919.7295299834	4572044.5134372478
426918.9702733810	4572043.8626458747
426918.2110167786	4572043.2118545016
426917.4517601762	4572042.5610631285
426916.6925035737	4572041.9102717545
426915.9332469713	4572041.2594803814
426915.1739903689	4572040.6086890083
426914.3075383374	4572040.1100511886
426913.4391640477	4572039.6141418284
426912.5707897580	4572039.1182324691
426911.7024154683	4572038.6223231098
426910.8340411785	4572038.1264137505
426909.9656668888	4572037.6305043902
426909.0972925991	4572037.1345950309
426908.2289183093	4572036.6386856716
426907.3605440196	4572036.1427763114
426906.4921697299	4572035.6468669521
426905.6237954402	4572035.1509575928
426904.7554211504	4572034.6550482325
426903.8687468886	4572034.1930545503
426902.9775062533	4572033.7395238131
426902.0862656178	4572033.2859930759
426901.1950249825	4572032.8324623378
426900.3037843471	4572032.3789316006
426899.4125437117	4572031.9254008634
426898.5213030763	4572031.4718701262
426897.6300624409	4572031.0183393881
426896.7388218055	4572030.5648086509
426895.8475811702	4572030.1112779137
426894.9563405348	4572029.6577471755
426894.0650998994	4572029.2042164383
426893.1738592640	4572028.7506857011
426892.2826186286	4572028.2971549630
426891.3913779932	4572027.8436242258
426890.5001373578	4572027.3900934886
426889.6088967225	4572026.9365627514
426888.7176560871	4572026.4830320133
426887.8264154517	4572026.0295012761
426886.9351748163	4572025.5759705389
426886.0439341809	4572025.1224398008
426885.1526935455	4572024.6689090636
426884.2614529102	4572024.2153783264
426883.3702122747	4572023.7618475882
426882.4789716394	4572023.3083168510
426881.5877310040	4572022.8547861138
426880.6964903686	4572022.4012553766
426879.8052497332	4572021.9477246385
426878.9140090978	4572021.4941939013
426878.0227684625	4572021.0406631641
426877.1315278271	4572020.5871324260
426876.2402871917	4572020.1336016888
426875.3650650338	4572019.6501516132
426874.4934894967	4572019.1598903732
426873.6219139595	4572018.6696291342
426872.7503384223	4572018.1793678943
426871.8787628852	4572017.6891066553
426871.0071873481	4572017.1988454154
426870.1356118109	4572016.7085841754
426869.2640362737	4572016.2183229364
426868.3924607366	4572015.7280616965
426867.5208851994	4572015.2378004566
426866.6493096623	4572014.7475392176
426865.7777341251	4572014.2572779777
426864.9145085439	4572013.7528183926
426864.0624276274	4572013.2294083135
426863.2103467108	4572012.7059982335
426862.3582657943	4572012.1825881535
426861.5061848778	4572011.6591780735
426860.6541039613	4572011.1357679935
426859.8020230448	4572010.6123579135
426858.9499421282	4572010.0889478335
426858.0978612117	4572009.5655377544
426857.2457802952	4572009.0421276744
426856.3936993787	4572008.5187175944
426855.5416184622	4572007.9953075144
426854.6895375457	4572007.4718974344
426853.8374566292	4572006.9484873544
426852.9853757127	4572006.4250772744
426852.1332947961	4572005.9016671954
426851.2812138796	4572005.3782571154
426850.4291329631	4572004.8548470354
426849.5770520466	4572004.3314369554
426848.7249711300	4572003.8080268754
426847.8728902135	4572003.2846167954
426847.0208092970	4572002.7612067154
426846.1687283805	4572002.2377966363
426845.3166474640	4572001.7143865563
426844.4645665475	4572001.1909764763
426843.6124856310	4572000.6675663963
426842.7604047145	4572000.1441563163
426841.9083237979	4571999.6207462363
426841.0562428814	4571999.0973361563
426840.2041619649	4571998.5739260772
426839.3577397735	4571998.0415853597
426838.5205735734	4571997.4946367759
426837.6834073735	4571996.9476881912
426836.8462411735	4571996.4007396074
426836.0090749735	4571995.8537910236
426835.1719087735	4571995.3068424398
426834.3347425735	4571994.7598938551
426833.4975763735	4571994.2129452713
426832.6604101735	4571993.6659966875
426831.8232439735	4571993.1190481037
426830.9904878834	4571992.5655304203
426830.1672750975	4571991.9977974640
426829.3440623117	4571991.4300645078
426828.5208495257	4571990.8623315524
426827.6976367398	4571990.2945985962
426826.8744239540	4571989.7268656408
426826.0512111681	4571989.1591326846
426825.2279983822	4571988.5913997293
426824.3972233435	4571988.0350409243
426823.5551909677	4571987.4956139335
426822.7131585920	4571986.9561869437
426821.8711262163	4571986.4167599529
426821.0290938406	4571985.8773329621
426820.1870614649	4571985.3379059713
426819.3450290892	4571984.7984789805
426818.5029967135	4571984.2590519898
426817.6609643377	4571983.7196249990
426816.8727082674	4571983.1053641168
426816.0929121232	4571982.4793305928
426815.3131159790	4571981.8532970687
426814.5333198348	4571981.2272635447
426813.7535236906	4571980.6012300197
426812.9737275464	4571979.9751964957
426812.1939314022	4571979.3491629716
426811.4141352580	4571978.7231294475
426810.6343391138	4571978.0970959235
426809.8545429696	4571977.4710623985
426809.1632619755	4571976.7548149787
426808.5225196097	4571975.9870590148
426807.8817772440	4571975.2193030501
426807.2410348783	4571974.4515470862
426806.6002925126	4571973.6837911215
426805.9595501469	4571972.9160351576
426805.3188077812	4571972.1482791929
426804.6780654154	4571971.3805232290
426804.0341415103	4571970.6162559558
426803.2107494437	4571970.0487830443
426802.3873573770	4571969.4813101338
426801.5639653103	4571968.9138372233
426800.7405732437	4571968.3463643119
426799.9171811770	4571967.7788914014
426799.0937891103	4571967.2114184909
426798.2703970436	4571966.6439455794
426797.4470049769	4571966.0764726689
426796.6236129102	4571965.5089997584
426795.8002208436	4571964.9415268470
426794.9768287769	4571964.3740539365
426794.1534367102	4571963.8065810259
426793.3300446436	4571963.2391081145
426792.5066525769	4571962.6716352040
426791.6832605102	4571962.1041622935
426790.9265465357	4571961.4518937850
426790.1808904350	4571960.7855628012
426789.4352343342	4571960.1192318182
426788.6895782335	4571959.4529008344
426787.9439221328	4571958.7865698515
426787.1982660321	4571958.1202388676
426786.4526099314	4571957.4539078847
426785.7069538307	4571956.7875769008
426784.9612977300	4571956.1212459179
426784.2156416293	4571955.4549149340
426783.4695609908	4571954.7890603831
426782.7220225023	4571954.1248418894
426781.9744840138	4571953.4606233947
426781.2269455252	4571952.7964049000
426780.4794070368	4571952.1321864063
426779.7318685482	4571951.4679679116
426778.9843300597	4571950.8037494179
426778.2367915712	4571950.1395309232
426777.4006647726	4571949.6117972247
426776.4896242700	4571949.1994803539
426775.5785837674	4571948.7871634820
426774.6675432648	4571948.3748466102
426773.7565027623	4571947.9625297384
426772.8043506486	4571947.6657998292
426771.8375635342	4571947.4102168186
426770.8707764198	4571947.1546338070
426769.9039893055	4571946.8990507964
426768.9372021911	4571946.6434677858
426767.9704150767	4571946.3878847742
426767.0036279623	4571946.1323017636
426766.0368408480	4571945.8767187530
426765.0700537336	4571945.6211357415
426764.1020908183	4571945.3700542115
426763.1338096017	4571945.1201912779
426762.1655283851	4571944.8703283444
426761.1972471685	4571944.6204654109
426760.2289659519	4571944.3706024773
426759.2578746516	4571944.1464948189
426758.2584935533	4571944.1816718066
426757.2591124551	4571944.2168487944
426756.2597313568	4571944.2520257812
426755.2603502586	4571944.2872027690
426754.2609691603	4571944.3223797567
426753.2615880621	4571944.3575567435
426752.2622069638	4571944.3927337313
426751.2628258656	4571944.4279107191
426750.2772440778	4571944.5684486525
426749.3025117592	4571944.7918248093
426748.3277794407	4571945.0152009651
426747.3530471222	4571945.2385771219
426746.3783148037	4571945.4619532786
426745.4032823741	4571945.6838361211
426744.4179318683	4571945.8543775547
426743.4325813624	4571946.0249189883
426742.4472308565	4571946.1954604220
426741.4618803507	4571946.3660018556
426740.4765298448	4571946.5365432892
426739.4951726427	4571946.7226286288
426738.5496350567	4571947.0481415680
426737.6040974708	4571947.3736545080
426736.6585598848	4571947.6991674472
426735.7130222990	4571948.0246803863
426734.7674847130	4571948.3501933254
426733.8219471271	4571948.6757062646
426732.8764095411	4571949.0012192037
426732.0146158362	4571949.5020526005
426731.1671916205	4571950.0329689765
426730.3197674047	4571950.5638853535
426729.4723431889	4571951.0948017295
426728.6249189732	4571951.6257181056
426727.7774947574	4571952.1566344816
426726.9300705416	4571952.6875508577
426726.0826463258	4571953.2184672346
426725.2352221101	4571953.7493836107
426724.3877978943	4571954.2802999867
426723.5403736786	4571954.8112163628
426722.6419014118	4571955.2479632944
426721.7345322610	4571955.6682979520
426720.8271631102	4571956.0886326097
426719.9197939594	4571956.5089672664
426719.0124248086	4571956.9293019241
426718.1050556578	4571957.3496365817
426717.1976865070	4571957.7699712394
426716.2903173562	4571958.1903058961
426715.3829482054	4571958.6106405538
426714.4755790546	4571959.0309752114
426713.5682099038	4571959.4513098681
426712.6608407530	4571959.8716445258
426711.7534716022	4571960.2919791834
426710.8461024514	4571960.7123138402
426709.9387333006	4571961.1326484978
426709.0313641498	4571961.5529831555
426708.0607344789	4571961.6934236158
426707.0607922394	4571961.7041715328
426706.0608499999	4571961.7149194488
426705.0609077604	4571961.7256673649
426704.0609655209	4571961.7364152819
426703.0636777442	4571961.6918905787
426702.0693673687	4571961.5853688559
426701.0750569933	4571961.4788471339
426700.0807466178	4571961.3723254120
426699.0864362424	4571961.2658036901
426698.0948010980	4571961.1418245025
426697.1142204223	4571960.9457083680
426696.1336397466	4571960.7495922325
426695.1530590709	4571960.5534760971
426694.1724783952	4571960.3573599625
426693.1918977195	4571960.1612438271
426692.2113170438	4571959.9651276916
426691.2307363681	4571959.7690115571
426690.2501556924	4571959.5728954216
426689.2695750167	4571959.3767792871
426688.2889943410	4571959.1806631517
426687.3084136653	4571958.9845470162
426686.3278329896	4571958.7884308817
426685.3472523139	4571958.5923147462
426684.3711931921	4571958.3760908609
426683.4010506920	4571958.1335552363
426682.4309081919	4571957.8910196107
426681.4607656918	4571957.6484839851
426680.4906231917	4571957.4059483605
426679.5204806917	4571957.1634127349
426678.5503381916	4571956.9208771093
426677.5801956915	4571956.6783414846
426676.6100531914	4571956.4358058590
426675.6399106913	4571956.1932702335
426674.6708125071	4571955.9466109164
426673.7021696965	4571955.6981534641
426672.7335268859	4571955.4496960128
426671.7648840753	4571955.2012385605
426670.7962412647	4571954.9527811082
426669.8275984542	4571954.7043236559
426668.8589556436	4571954.4558662036
426667.8925470286	4571954.2012123410
426666.9882303267	4571953.7743501822
426666.0839136248	4571953.3474880233
426665.1795969230	4571952.9206258636
426664.2752802212	4571952.4937637048
426663.3709635193	4571952.0669015460
426662.4666468174	4571951.6400393872
426661.5623301156	4571951.2131772283
426660.6580134137	4571950.7863150695
426659.7797059196	4571950.3119275952
426658.9327008220	4571949.7803428276
426658.0856957244	4571949.2487580609
426657.2386906268	4571948.7171732932
426656.3916855292	4571948.1855885265
426655.5446804316	4571947.6540037589
426654.6976753340	4571947.1224189922
426653.8506702365	4571946.5908342246
426653.0036651389	4571946.0592494579
426652.1566600413	4571945.5276646903
426651.2388663257	4571945.1506410679
426650.2830873170	4571944.8565552188
426649.3273083083	4571944.5624693697
426648.3715292996	4571944.2683835216
426647.4229994231	4571943.9584305910
426646.5750011190	4571943.4284316516
426645.7270028149	4571942.8984327111
426644.8790045108	4571942.3684337717
426644.0310062067	4571941.8384348322
426643.1830079026	4571941.3084358918
426642.3040930540	4571940.8326886315
426641.4158754109	4571940.3732657125
426640.5276577677	4571939.9138427936
426639.6394401246	4571939.4544198746
426638.7512224815	4571938.9949969556
426637.8630048383	4571938.5355740367
426636.9747871952	4571938.0761511177
426636.0815404385	4571937.6267675543
426635.1817263314	4571937.1904940475
426634.2819122242	4571936.7542205416
426633.3820981169	4571936.3179470347
426632.4822840097	4571935.8816735288
426631.5824699025	4571935.4454000220
426630.6826557953	4571935.0091265151
426629.7828416880	4571934.5728530092
426628.8830275809	4571934.1365795024
426627.9832134737	4571933.7003059965
426627.0833993664	4571933.2640324896
426626.1835852592	4571932.8277589828
426625.2810012233	4571932.3979565138
426624.3442090277	4571932.0480702715
426623.4074168320	4571931.6981840292
426622.4706246364	4571931.3482977878
426621.5338324408	4571930.9984115455
426620.5970402452	4571930.6485253042
426619.6602480496	4571930.2986390619
426618.7234558540	4571929.9487528205
426617.7866636584	4571929.5988665782
426616.8498714628	4571929.2489803368
426615.9308166893	4571928.8671650188
426615.1388065283	4571928.2566571124
426614.3467963673	4571927.6461492050
426613.5547862063	4571927.0356412977
426612.7627760453	4571926.4251333904
426611.9707658843	4571925.8146254830
426611.1787557233	4571925.2041175757
426610.3601584254	4571924.6342344014
426609.4836819460	4571924.1527897203
426608.6072054666	4571923.6713450393
426607.7307289871	4571923.1899003582
426606.8542525076	4571922.7084556771
426605.9777760282	4571922.2270109961
426605.1012995487	4571921.7455663150
426604.2248230693	4571921.2641216340
426603.3483465899	4571920.7826769529
426602.4720075925	4571920.3009823756
426601.5961693655	4571919.8183775684
426600.7203311384	4571919.3357727611
426599.8444929114	4571918.8531679539
426598.9686546844	4571918.3705631467
426598.0928164574	4571917.8879583385
426597.2169782303	4571917.4053535312
426596.3411400033	4571916.9227487240
426595.4653017763	4571916.4401439168
426594.5894635492	4571915.9575391095
426593.7136253222	4571915.4749343023
426592.8377870952	4571914.9923294950
426591.9619488681	4571914.5097246878
426591.0944547708	4571914.0124339880
426590.2315217615	4571913.5071156509
426589.3685887524	4571913.0017973147
426588.5056557431	4571912.4964789776
426587.6427227340	4571911.9911606405
426586.7797897248	4571911.4858423034
426585.9168567156	4571910.9805239663
426585.0539237064	4571910.4752056301
426584.1909906972	4571909.9698872929
426583.3280576880	4571909.4645689558
426582.4651246788	4571908.9592506187
426581.6021916696	4571908.4539322816
426580.7392586604	4571907.9486139454
426579.8812153814	4571907.4353934312
426579.0439212963	4571906.8886406403
426578.2066272112	4571906.3418878485
426577.3693331261	4571905.7951350566
426576.5320390410	4571905.2483822657
426575.6947449559	4571904.7016294738
426574.8574508708	4571904.1548766820
426574.0201567857	4571903.6081238911
426573.1828627006	4571903.0613710992
426572.3455686155	4571902.5146183074
426571.4467721763	4571902.0795529699
426570.5370682949	4571901.6642954014
426569.6273644135	4571901.2490378330
426568.7176605321	4571900.8337802645
426567.8079566506	4571900.4185226960
426566.8982527692	4571900.0032651275
426565.9869156957	4571899.5919738710
426565.0485725789	4571899.2462685117
426564.1102294622	4571898.9005631525
426563.1718863455	4571898.5548577933
426562.2492804361	4571898.1703840876
426561.3354688876	4571897.7642456209
426560.4216573391	4571897.3581071552
426559.5467293143	4571896.8867424959
426558.7548518603	4571896.2760624671
426557.9629744063	4571895.6653824383
426557.1710969523	4571895.0547024095
426556.3792194983	4571894.4440223798
426555.5873420443	4571893.8333423510
426554.7954645903	4571893.2226623222
426554.0035871363	4571892.6119822934
426553.2117096823	4571892.0013022646
426552.4198322282	4571891.3906222349
426551.6279547743	4571890.7799422061
426550.8360773202	4571890.1692621773
426550.0441998663	4571889.5585821485
426549.2523224122	4571888.9479021188
426548.4548008890	4571888.3446522048
426547.6541053345	4571887.7455807328
426546.8534097799	4571887.1465092599
426546.0527142252	4571886.5474377880
426545.2520186706	4571885.9483663160
426544.4513231160	4571885.3492948432
426543.6506275614	4571884.7502233712
426542.8499320068	4571884.1511518992
426542.0492364522	4571883.5520804264
426541.2485408976	4571882.9530089544
426540.4478453430	4571882.3539374825
426539.6471497884	4571881.7548660105
426538.8464542338	4571881.1557945376
426538.0089938183	4571880.6100566648
426537.1642592807	4571880.0748711256
426536.3195247431	4571879.5396855865
426535.4747902054	4571879.0045000482
426534.6300556679	4571878.4693145091
426533.7853211303	4571877.9341289708
426532.9405865926	4571877.3989434317
426532.0958520550	4571876.8637578925
426531.2511175174	4571876.3285723543
426530.4088250609	4571875.7900415445
426529.6416950182	4571875.1485499246
426528.8745649755	4571874.5070583057
426528.1074349328	4571873.8655666867
426527.3403048901	4571873.2240750669
426526.5731748475	4571872.5825834479
426525.8060448048	4571871.9410918280
426525.0389147621	4571871.2996002091
426524.2717847194	4571870.6581085902
426523.5046546767	4571870.0166169703
426522.7375246340	4571869.3751253514
426521.9709532783	4571868.7329677446
426521.2058341952	4571868.0890789432
426520.4407151120	4571867.4451901419
426519.6755960288	4571866.8013013396
426518.9104769457	4571866.1574125383
426518.1453578624	4571865.5135237370
426517.3802387793	4571864.8696349356
426516.6151196961	4571864.2257461343
426515.8500006129	4571863.5818573330
426515.0848815298	4571862.9379685316
426514.3197624466	4571862.2940797303
426513.5491496254	4571861.6570434496
426512.7542753943	4571861.0502692275
426511.9594011632	4571860.4434950054
426511.1645269321	4571859.8367207833
426510.3696527010	4571859.2299465612
426509.5747784699	4571858.6231723391
426508.7799042388	4571858.0163981169
426507.9850300077	4571857.4096238939
426507.1901557767	4571856.8028496718
426506.3952815456	4571856.1960754497
426505.6004073145	4571855.5893012276
426504.8055330834	4571854.9825270055
426504.0106588523	4571854.3757527834
426503.2157846212	4571853.7689785613
426502.4209103901	4571853.1622043392
426501.6260361590	4571852.5554301161
426500.8311619279	4571851.9486558940
426500.0362876969	4571851.3418816719
426499.2414134658	4571850.7351074498
426498.4625886637	4571850.1081249695
426497.6915937922	4571849.4712836165
426496.9205989206	4571848.8344422644
426496.1496040491	4571848.1976009123
426495.3758373164	4571847.5641513877
426494.5982072894	4571846.9354292378
426493.8205772625	4571846.3067070888
426493.0429472355	4571845.6779849390
426492.2653172086	4571845.0492627900
426491.4876871816	4571844.4205406401
426490.7100571546	4571843.7918184912
426489.9324271276	4571843.1630963413
426489.1547971007	4571842.5343741924
426488.3771670737	4571841.9056520425
426487.5921477537	4571841.2865980575
426486.7813373775	4571840.7012891360
426485.9705270014	4571840.1159802135
426485.1597166253	4571839.5306712920
426484.3489062492	4571838.9453623705
426483.5380958730	4571838.3600534480
426482.7272854969	4571837.7747445265
426481.9164751208	4571837.1894356050
426481.1056647446	4571836.6041266825
426480.2948543686	4571836.0188177610
426479.4840439924	4571835.4335088395
426478.6732336163	4571834.8481999170
426477.8624232402	4571834.2628909955
426477.0516128640	4571833.6775820740
426476.2408024879	4571833.0922731515
426475.4299921118	4571832.5069642300
426474.6191817357	4571831.9216553085
426473.8083713596	4571831.3363463860
426472.9975609834	4571830.7510374645
426472.1867506073	4571830.1657285430
426471.3759402312	4571829.5804196205
426470.5651298550	4571828.9951106990
426469.7543194790	4571828.4098017775
426468.9435091028	4571827.8244928550
426468.1326987267	4571827.2391839335
426467.3218883506	4571826.6538750120
426466.5110779744	4571826.0685660895
426465.7002675983	4571825.4832571680
426464.8894572222	4571824.8979482464
426464.0786468461	4571824.3126393249
426463.2678364699	4571823.7273304025
426462.4570260938	4571823.1420214809
426461.6462157177	4571822.5567125594
426460.8354053415	4571821.9714036370
426460.0245949654	4571821.3860947154
426459.2137845893	4571820.8007857939
426458.4029742132	4571820.2154768715
426457.5921638371	4571819.6301679499
426456.7813534609	4571819.0448590284
426455.9705430848	4571818.4595501060
426455.1597327087	4571817.8742411844
426454.3489223325	4571817.2889322629
426453.5381119564	4571816.7036233405
426452.7273015803	4571816.1183144189
426451.9164912042	4571815.5330054974
426451.1056808281	4571814.9476965750
426450.2948704519	4571814.3623876534
426449.4840600758	4571813.7770787319
426448.6732496997	4571813.1917698095
426447.8624393236	4571812.6064608879
426447.0516289475	4571812.0211519664
426446.2408185713	4571811.4358430440
426445.4300081952	4571810.8505341224
426444.6191978191	4571810.2652252009
426443.8083874429	4571809.6799162785
426442.9975770668	4571809.0946073569
426442.1867666907	4571808.5092984354
426441.3759563146	4571807.9239895130
426440.5651459384	4571807.3386805914
426439.7543355623	4571806.7533716699
426438.9435251862	4571806.1680627475
426438.1327148100	4571805.5827538259
426437.3219044339	4571804.9974449044
426436.5110940578	4571804.4121359820
426435.7002836817	4571803.8268270604
426434.8894733056	4571803.2415181389
426434.0786629294	4571802.6562092174
426433.2678525533	4571802.0709002949
426432.4570421772	4571801.4855913734
426431.6462318010	4571800.9002824519
426430.8354214250	4571800.3149735294
426430.0246110488	4571799.7296646079
426429.2138006727	4571799.1443556864
426428.4029902966	4571798.5590467639
426427.5921799204	4571797.9737378424
426426.7813695443	4571797.3884289209
426425.9705591682	4571796.8031199984
426425.1655572547	4571796.2098544845
426424.3610310962	4571795.6159372674
426423.5565049376	4571795.0220200513
426422.7519787791	4571794.4281028342
426421.9474526205	4571793.8341856180
426421.1429264620	4571793.2402684009
426420.3384003034	4571792.6463511847
426419.5338741449	4571792.0524339676
426418.7293479863	4571791.4585167514
426417.9248218278	4571790.8645995343
426417.1202956692	4571790.2706823181
426416.3157695107	4571789.6767651010
426415.5112433521	4571789.0828478849
426414.7067171936	4571788.4889306678
426413.9021910350	4571787.8950134516
426413.0976648765	4571787.3010962345
426412.2931387179	4571786.7071790183
426411.4886125594	4571786.1132618012
426410.6840864008	4571785.5193445850
426409.8795602423	4571784.9254273679
426409.0957924581	4571784.3044757489
426408.3142965240	4571783.6805654150
426407.5328005899	4571783.0566550810
426406.7513046559	4571782.4327447470
426405.9698087218	4571781.8088344121
426405.1883127877	4571781.1849240782
426404.4068168536	4571780.5610137442
426403.6253209196	4571779.9371034103
426402.8438249855	4571779.3131930763
426402.0623290514	4571778.6892827423
426401.2808331173	4571778.0653724074
426400.4993371833	4571777.4414620735
426399.7178412492	4571776.8175517395
426398.9363453151	4571776.1936414056
426398.1548493810	4571775.5697310716
426397.3733534470	4571774.9458207376
426396.5918575129	4571774.3219104027
426395.8103615788	4571773.6980000688
426395.0288656447	4571773.0740897348
426394.2473697107	4571772.4501794009
426393.4658737766	4571771.8262690669
426392.6843778425	4571771.2023587329
426391.9028819084	4571770.5784483980
426391.1213859744	4571769.9545380641
426390.3398900403	4571769.3306277301
426389.5583941062	4571768.7067173962
426388.7768981721	4571768.0828070622
426387.9954022381	4571767.4588967273
426387.2139063040	4571766.8349863933
426386.4324103699	4571766.2110760594
426385.6509144358	4571765.5871657254
426384.8694185018	4571764.9632553915
426384.0879225677	4571764.3393450575
426383.3064266336	4571763.7154347226
426382.5249306995	4571763.0915243886
426381.7434347655	4571762.4676140547
426380.9619388314	4571761.8437037207
426380.1804428973	4571761.2197933868
426379.3989469632	4571760.5958830528
426378.6174510292	4571759.9719727179
426377.8359550951	4571759.3480623839
426377.0544591610	4571758.7241520500
426376.2729632269	4571758.1002417160
426375.4914672929	4571757.4763313821
426374.7099713588	4571756.8524210481
426373.9284754247	4571756.2285107132
426373.1469794906	4571755.6046003792
426372.3654835565	4571754.9806900453
426371.5839876225	4571754.3567797113
426370.8024916884	4571753.7328693774
426370.0209957543	4571753.1089590434
426369.2394998202	4571752.4850487085
426368.4478607872	4571751.8743351093
426367.6439000108	4571751.2796527827
426366.8399392344	4571750.6849704552
426366.0359784580	4571750.0902881287
426365.2320176816	4571749.4956058022
426364.4280569051	4571748.9009234747
426363.6240961287	4571748.3062411482
426362.8201353523	4571747.7115588207
426362.0161745759	4571747.1168764941
426361.2122137994	4571746.5221941676
426360.4082530230	4571745.9275118401
426359.6042922465	4571745.3328295136
426358.8003314701	4571744.7381471861
426357.9963706937	4571744.1434648596
426357.1924099173	4571743.5487825321
426356.3884491408	4571742.9541002056
426355.5844883644	4571742.3594178790
426354.7805275880	4571741.7647355516
426353.9765668116	4571741.1700532250
426353.1726060352	4571740.5753708975
426352.3686452587	4571739.9806885710
426351.5646844823	4571739.3860062435
426350.7607237059	4571738.7913239170
426349.9567629295	4571738.1966415904
426349.1528021530	4571737.6019592630
426348.3488413766	4571737.0072769364
426347.5448806001	4571736.4125946090
426346.7409198237	4571735.8179122824
426345.9369590473	4571735.2232299559
426345.1329982709	4571734.6285476284
426344.3290374945	4571734.0338653019
426343.5250767180	4571733.4391829744
426342.7211159416	4571732.8445006479
426341.9171551652	4571732.2498183204
426341.1131943888	4571731.6551359938
426340.3092336123	4571731.0604536673
426339.5052728359	4571730.4657713398
426338.7013120595	4571729.8710890133
426337.8973512830	4571729.2764066858
426337.0933905066	4571728.6817243593
426336.2894297302	4571728.0870420318
426335.4939492367	4571727.4811179517
426334.7013252476	4571726.8714071903
426333.9087012585	4571726.2616964299
426333.1160772694	4571725.6519856686
426332.3234532803	4571725.0422749082
426331.5308292912	4571724.4325641468
426330.7382053021	4571723.8228533864
426329.9455813130	4571723.2131426260
426329.1529573238	4571722.6034318646
426328.3607087498	4571721.9932377851
426327.5738553325	4571721.3760978505
426326.7870019151	4571720.7589579150
426326.0001484978	4571720.1418179795
426325.2132950804	4571719.5246780450
426324.4264416631	4571718.9075381095
426323.6395882457	4571718.2903981740
426322.8527348284	4571717.6732582394
426322.0658814110	4571717.0561183039
426321.2790279937	4571716.4389783684
426320.4921745764	4571715.8218384339
426319.7053211590	4571715.2046984984
426318.9184677417	4571714.5875585629
426318.1316143243	4571713.9704186283
426317.3447609070	4571713.3532786928
426316.5579074896	4571712.7361387573
426315.7710540723	4571712.1189988228
426314.9842006549	4571711.5018588873
426314.1973472376	4571710.8847189518
426313.4104938202	4571710.2675790163
426312.6236404029	4571709.6504390817
426311.8367869855	4571709.0332991462
426311.0499335682	4571708.4161592107
426310.2630801508	4571707.7990192762
426309.4762267335	4571707.1818793407
426308.6893733162	4571706.5647394052
426307.9025198988	4571705.9475994706
426307.1156664815	4571705.3304595351
426306.3288130641	4571704.7133195996
426305.5419596468	4571704.0961796651
426304.7551062294	4571703.4790397296
426303.9682528121	4571702.8618997941
426303.1813993947	4571702.2447598595
426302.3900716747	4571701.6334906528
426301.5863933321	4571701.0384266889
426300.7827149894	4571700.4433627240
426299.9790366468	4571699.8482987601
426299.1753583042	4571699.2532347962
426298.3716799616	4571698.6581708314
426297.5680016190	4571698.0631068675
426296.7643232764	4571697.4680429026
426295.9606449337	4571696.8729789387
426295.1569665911	4571696.2779149739
426294.3532882485	4571695.6828510100
426293.5496099059	4571695.0877870461
426292.7459315633	4571694.4927230813
426291.9422532207	4571693.8976591174
426291.1385748780	4571693.3025951525
426290.3348965354	4571692.7075311886
426289.5312181928	4571692.1124672238
426288.7275398502	4571691.5174032599
426287.9238615076	4571690.9223392960
426287.1201831649	4571690.3272753311
426286.3165048223	4571689.7322113672
426285.5128264797	4571689.1371474024
426284.7091481371	4571688.5420834385
426283.9054697945	4571687.9470194736
426283.1017914519	4571687.3519555097
426282.3014144511	4571686.7524751052
426281.5031983808	4571686.1501038698
426280.7049823104	4571685.5477326345
426279.9067662402	4571684.9453613991
426279.1085501698	4571684.3429901637
426278.3103340995	4571683.7406189293
426277.5121180292	4571683.1382476939
426276.7139019589	4571682.5358764585
426275.9156858886	4571681.9335052231
426275.1174698183	4571681.3311339878
426274.3192537480	4571680.7287627524
426273.5210376777	4571680.1263915170
426272.7228216073	4571679.5240202816
426271.9246055371	4571678.9216490462
426271.1263894667	4571678.3192778109
426270.3281733964	4571677.7169065764
426269.5299573261	4571677.1145353410
426268.7317412558	4571676.5121641057
426267.9335251855	4571675.9097928703
426267.1353091152	4571675.3074216349
426266.3370930449	4571674.7050503995
426265.5388769746	4571674.1026791641
426264.7406609042	4571673.5003079288
426263.9424448340	4571672.8979366934
426263.1442287636	4571672.2955654580
426262.3460126933	4571671.6931942236
426261.5477966230	4571671.0908229882
426260.7495805527	4571670.4884517528
426259.9582123260	4571669.8775529545
426259.1977013914	4571669.2282278296
426258.4371904569	4571668.5789027046
426257.6766795223	4571667.9295775788
426256.9161685877	4571667.2802524539
426256.1556576531	4571666.6309273280
426255.3951467186	4571665.9816022031
426254.6346357840	4571665.3322770773
426253.8741248495	4571664.6829519523
426253.1136139149	4571664.0336268265
426252.3531029803	4571663.3843017016
426251.5925920457	4571662.7349765757
426250.8320811112	4571662.0856514508
426250.0715701766	4571661.4363263259
426249.3110592420	4571660.7870012000
426248.5505483074	4571660.1376760751
426247.7900373729	4571659.4883509493
426247.0295264384	4571658.8390258243
426246.2690155038	4571658.1897006985
426245.4974904310	4571657.5543998554
426244.6864138539	4571656.9694598708
426243.8753372768	4571656.3845198853
426243.0642606997	4571655.7995799007
426242.2531841226	4571655.2146399152
426241.4421075455	4571654.6296999305
426240.6310309684	4571654.0447599450
426239.8199543912	4571653.4598199604
426239.0088778141	4571652.8748799758
426238.1978012370	4571652.2899399903
426237.3867246599	4571651.7050000057
426236.5756480828	4571651.1200600201
426235.7645715057	4571650.5351200355
426234.9534949286	4571649.9501800500
426234.1424183515	4571649.3652400654
426233.3313417743	4571648.7803000808
426232.5202651972	4571648.1953600952
426231.7091886201	4571647.6104201106
426230.8981120430	4571647.0254801251
426230.0870354659	4571646.4405401405
426229.2759588888	4571645.8556001550
426228.4648823117	4571645.2706601704
426227.6538057346	4571644.6857201857
426226.8427291574	4571644.1007802002
426226.0316525803	4571643.5158402156
426225.2205760032	4571642.9309002301
426224.4094994261	4571642.3459602455
426223.5984228490	4571641.7610202599
426222.7873462719	4571641.1760802753
426221.9762696948	4571640.5911402907
426221.1651931176	4571640.0062003052
426220.3541165405	4571639.4212603206
426219.5430399634	4571638.8363203350
426218.7319633863	4571638.2513803504
426217.9208868091	4571637.6664403649
426217.1098102320	4571637.0815003803
426216.2987336549	4571636.4965603948
426215.4876570778	4571635.9116204102
426214.6765805007	4571635.3266804256
426213.8655039236	4571634.7417404400
426213.0544273465	4571634.1568004554
426212.2433507694	4571633.5718604699
426211.4322741922	4571632.9869204853
426210.6211976151	4571632.4019804997
426209.8101210380	4571631.8170405151
426208.9990444609	4571631.2321005305
426208.1879678838	4571630.6471605450
426207.3768913067	4571630.0622205604
426206.5658147296	4571629.4772805749
426205.7547381525	4571628.8923405902
426204.9436615753	4571628.3074006047
426204.1325849982	4571627.7224606201
426203.3215084211	4571627.1375206355
426202.5104318440	4571626.5525806500
426201.6993552669	4571625.9676406654
426200.8882786898	4571625.3827006798
426200.0654402825	4571624.8154829927
426199.2113774946	4571624.2953130640
426198.3573147068	4571623.7751431353
426197.5032519190	4571623.2549732076
426196.6491891311	4571622.7348032789
426195.7951263432	4571622.2146333503
426194.9410635554	4571621.6944634216
426194.0870007676	4571621.1742934939
426193.2329379797	4571620.6541235652
426192.3788751918	4571620.1339536365
426191.5248124040	4571619.6137837088
426190.6707496161	4571619.0936137801
426189.8166868283	4571618.5734438514
426188.9626240404	4571618.0532739237
426188.1085612526	4571617.5331039950
426187.2544984647	4571617.0129340664
426186.4004356769	4571616.4927641377
426185.5463728890	4571615.9725942099
426184.6923101011	4571615.4524242813
426183.8382473133	4571614.9322543526
426182.9841845255	4571614.4120844249
426182.1301217376	4571613.8919144962
426181.2760589498	4571613.3717445675
426180.4219961619	4571612.8515746398
426179.5802877010	4571612.3128455169
426178.7708349360	4571611.7256605197
426177.9613821710	4571611.1384755215
426177.1519294061	4571610.5512905242
426176.3424766411	4571609.9641055269
426175.5330238761	4571609.3769205296
426174.7235711111	4571608.7897355324
426173.9141183461	4571608.2025505342
426173.1046655812	4571607.6153655369
426172.2952128162	4571607.0281805396
426171.4857600512	4571606.4409955423
426170.6763072862	4571605.8538105441
426169.8668545213	4571605.2666255469
426169.0574017563	4571604.6794405496
426168.2479489913	4571604.0922555523
426167.4384962264	4571603.5050705550
426166.6290434614	4571602.9178855568
426165.8195906964	4571602.3307005595
426165.0101379314	4571601.7435155623
426164.2006851664	4571601.1563305650
426163.3912324014	4571600.5691455668
426162.5817796365	4571599.9819605695
426161.7723268715	4571599.3947755722
426160.9628741066	4571598.8075905750
426160.1534213416	4571598.2204055768
426159.3439685766	4571597.6332205795
426158.5746676906	4571596.9949016273
426157.8122543412	4571596.3478113059
426157.0498409918	4571595.7007209836
426156.2874276425	4571595.0536306622
426155.5250142931	4571594.4065403398
426154.7626009436	4571593.7594500184
426154.0001875942	4571593.1123596961
426153.2377742449	4571592.4652693747
426152.4753608955	4571591.8181790523
426151.7129475461	4571591.1710887309
426150.9505341967	4571590.5239984086
426150.1881208472	4571589.8769080872
426149.4257074979	4571589.2298177648
426148.5979601316	4571588.6737798974
426147.7407885312	4571588.1587489778
426146.8836169309	4571587.6437180592
426146.0264453306	4571587.1286871396
426145.1692737303	4571586.6136562210
426144.3121021299	4571586.0986253014
426143.4549305296	4571585.5835943827
426142.5977589293	4571585.0685634632
426141.7405873289	4571584.5535325445
426140.8834157286	4571584.0385016259
426140.0262441283	4571583.5234707063
426139.1690725279	4571583.0084397877
426138.3119009276	4571582.4934088681
426137.4547293273	4571581.9783779494
426136.5975577269	4571581.4633470299
426135.7403861266	4571580.9483161112
426134.8832145263	4571580.4332851917
426134.0260429260	4571579.9182542730
426133.1688713256	4571579.4032233544
426132.3116997253	4571578.8881924348
426131.4545281250	4571578.3731615162
426130.5973565246	4571577.8581305966
426129.7401849243	4571577.3430996779
426128.8830133240	4571576.8280687584
426128.0258417236	4571576.3130378397
426127.1686701233	4571575.7980069201
426126.3114985230	4571575.2829760015
426125.4543269226	4571574.7679450829
426124.5971553223	4571574.2529141633
426123.7399837220	4571573.7378832446
426122.8828121217	4571573.2228523251
426122.0256405213	4571572.7078214064
426121.1684689210	4571572.1927904868
426120.3112973207	4571571.6777595682
426119.4541257203	4571571.1627286486
426118.5969541200	4571570.6476977300
426117.7397825197	4571570.1326668113
426116.8826109193	4571569.6176358918
426116.0254393190	4571569.1026049731
426115.1682677187	4571568.5875740536
426114.3110961183	4571568.0725431349
426113.4539245180	4571567.5575122153
426112.5967529177	4571567.0424812967
426111.7395813174	4571566.5274503771
426110.8824097170	4571566.0124194585
426110.0252381167	4571565.4973885389
426109.1775056224	4571564.9675158337
426108.3476073799	4571564.4096010486
426107.5177091374	4571563.8516862644
426106.6878108950	4571563.2937714793
426105.8579126525	4571562.7358566942
426105.0280144100	4571562.1779419100
426104.1981161675	4571561.6200271249
426103.3682179251	4571561.0621123398
426102.5383196826	4571560.5041975547
426101.7084214401	4571559.9462827705
426100.8785231977	4571559.3883679854
426100.0486249552	4571558.8304532003
426099.2187267127	4571558.2725384161
426098.3888284702	4571557.7146236310
426097.5589302278	4571557.1567088459
426096.7290319853	4571556.5987940608
426095.8991337428	4571556.0408792766
426095.0692355003	4571555.4829644915
426094.2393372579	4571554.9250497064
426093.4094390154	4571554.3671349222
426092.5795407729	4571553.8092201371
426091.7496425304	4571553.2513053520
426090.9197442880	4571552.6933905678
426090.0898460455	4571552.1354757827
426089.2599478030	4571551.5775609976
426088.4300495606	4571551.0196462125
426087.6001513181	4571550.4617314283
426086.7702530756	4571549.9038166432
426085.9403548331	4571549.3459018581
426085.1104565907	4571548.7879870739
426084.2805583482	4571548.2300722888
426083.4506601057	4571547.6721575037
426082.6207618632	4571547.1142427186
426081.7908636208	4571546.5563279344
426080.9609653783	4571545.9984131493
426080.1310671358	4571545.4404983642
426079.3011688934	4571544.8825835800
426078.4712706509	4571544.3246687949
426077.6413724084	4571543.7667540098
426076.8114741659	4571543.2088392256
426075.9815759235	4571542.6509244405
426075.1516776810	4571542.0930096554
426074.3217794385	4571541.5350948703
426073.4918811960	4571540.9771800861
426072.6619829536	4571540.4192653010
426071.8320847111	4571539.8613505159
426071.0021864686	4571539.3034357317
426070.1722882261	4571538.7455209466
426069.3423899837	4571538.1876061615
426068.5124917412	4571537.6296913764
426067.6825934987	4571537.0717765922
426066.8526952563	4571536.5138618071
426066.0227970138	4571535.9559470220
426065.1928987713	4571535.3980322378
426064.3630005288	4571534.8401174527
426063.5331022864	4571534.2822026676
426062.7032040439	4571533.7242878824
426061.8733058014	4571533.1663730983
426061.0434075589	4571532.6084583132
426060.2135093165	4571532.0505435281
426059.3836110740	4571531.4926287439
426058.5537128315	4571530.9347139588
426057.7238145890	4571530.3767991737
426056.8939163466	4571529.8188843895
426056.0640181041	4571529.2609696044
426055.2341198616	4571528.7030548193
426054.4042216192	4571528.1451400341
426053.5743233767	4571527.5872252500
426052.7444251342	4571527.0293104649
426051.9145268917	4571526.4713956797
426051.0846286493	4571525.9134808956
426050.2547304068	4571525.3555661105
426049.4248321643	4571524.7976513254
426048.5873006465	4571524.2513106912
426047.7476697758	4571523.7081532544
426046.9080389050	4571523.1649958175
426046.0684080343	4571522.6218383815
426045.2287771636	4571522.0786809446
426044.3891462928	4571521.5355235077
426043.5495154221	4571520.9923660718
426042.7098845514	4571520.4492086349
426041.8702536806	4571519.9060511980
426041.0306228100	4571519.3628937621
426040.1909919392	4571518.8197363252
426039.3513610685	4571518.2765788883
426038.5117301978	4571517.7334214523
426037.6720993271	4571517.1902640155
426036.8324684563	4571516.6471065786
426035.9928375856	4571516.1039491417
426035.1532067149	4571515.5607917057
426034.3135758441	4571515.0176342689
426033.4739449734	4571514.4744768320
426032.6343141027	4571513.9313193960
426031.7946832320	4571513.3881619591
426030.9550523613	4571512.8450045222
426030.1154214905	4571512.3018470863
426029.2757906198	4571511.7586896494
426028.4361597491	4571511.2155322125
426027.5965288783	4571510.6723747766
426026.7568980076	4571510.1292173397
426025.9172671369	4571509.5860599028
426025.0776362662	4571509.0429024668
426024.2380053955	4571508.4997450300
426023.3983745247	4571507.9565875931
426022.5587436540	4571507.4134301562
426021.7191127833	4571506.8702727202
426020.8794819126	4571506.3271152833
426020.0398510418	4571505.7839578465
426019.2002201711	4571505.2408004105
426018.3605893004	4571504.6976429736
426017.5209584296	4571504.1544855367
426016.6813275589	4571503.6113281008
426015.8416966882	4571503.0681706639
426015.0020658175	4571502.5250132270
426014.1624349468	4571501.9818557911
426013.3228040760	4571501.4386983542
426012.4831732053	4571500.8955409173
426011.6435423346	4571500.3523834813
426010.8039114638	4571499.8092260445
426009.9642805931	4571499.2660686076
426009.1246497224	4571498.7229111716
426008.2850188517	4571498.1797537347
426007.4453879810	4571497.6365962978
426006.6057571103	4571497.0934388610
426005.7661262395	4571496.5502814250
426004.9264953688	4571496.0071239881
426004.0868644981	4571495.4639665512
426003.2472336273	4571494.9208091153
426002.4076027566	4571494.3776516784
426001.5679718859	4571493.8344942415
426000.7283410151	4571493.2913368056
425999.8887101445	4571492.7481793687
425999.0490792737	4571492.2050219318
425998.2094484030	4571491.6618644958
425997.3698175323	4571491.1187070590
425996.5301866615	4571490.5755496221
425995.6905557908	4571490.0323921861
425994.8509249201	4571489.4892347492
425994.0112940494	4571488.9460773123
425993.1716631786	4571488.4029198755
425992.3320323079	4571487.8597624395
425991.4924014372	4571487.3166050026
425990.6527705665	4571486.7734475657
425989.8131396958	4571486.2302901298
425988.9735088250	4571485.6871326929
425988.1338779543	4571485.1439752560
425987.2942470836	4571484.6008178201
425986.4547557420	4571484.0574449357
425985.6156806972	4571483.5134292478
425984.7766056524	4571482.9694135590
425983.9375306077	4571482.4253978711
425983.0984555628	4571481.8813821822
425982.2593805180	4571481.3373664944
425981.4203054732	4571480.7933508055
425980.5812304284	4571480.2493351176
425979.7421553837	4571479.7053194288
425978.9030803389	4571479.1613037409
425978.0640052941	4571478.6172880521
425977.2249302493	4571478.0732723633
425976.3858552045	4571477.5292566754
425975.5467801597	4571476.9852409866
425974.7077051149	4571476.4412252987
425973.8686300701	4571475.8972096099
425973.0295550254	4571475.3531939220
425972.1904799806	4571474.8091782331
425971.3514049357	4571474.2651625453
425970.5123298909	4571473.7211468564
425969.6732548462	4571473.1771311685
425968.8341798014	4571472.6331154797
425967.9951047566	4571472.0890997918
425967.1560297118	4571471.5450841030
425966.3169546670	4571471.0010684151
425965.4778796222	4571470.4570527263
425964.6388045774	4571469.9130370375
425963.7997295326	4571469.3690213496
425962.9606544879	4571468.8250056608
425962.1215794431	4571468.2809899729
425961.2825043983	4571467.7369742841
425960.4434293535	4571467.1929585962
425959.6043543087	4571466.6489429073
425958.7652792639	4571466.1049272195
425957.9262042191	4571465.5609115306
425957.0871291743	4571465.0168958427
425956.2480541295	4571464.4728801539
425955.4226346826	4571463.9086282281
425954.6041463762	4571463.3341050409
425953.7856580697	4571462.7595818546
425952.9671697632	4571462.1850586673
425952.1486814567	4571461.6105354810
425951.3301931502	4571461.0360122938
425950.5117048437	4571460.4614891075
425949.6932165373	4571459.8869659202
425948.8747282308	4571459.3124427339
425948.0562399243	4571458.7379195467
425947.2377516178	4571458.1633963604
425946.4192633113	4571457.5888731731
425945.6007750049	4571457.0143499868
425944.7822866984	4571456.4398267996
425943.9637983919	4571455.8653036132
425943.1453100855	4571455.2907804260
425942.3268217790	4571454.7162572397
425941.5083334725	4571454.1417340524
425940.6898451660	4571453.5672108661
425939.8713568595	4571452.9926876789
425939.0528685531	4571452.4181644926
425938.2343802466	4571451.8436413053
425937.4158919401	4571451.2691181190
425936.5974036336	4571450.6945949318
425935.7789153271	4571450.1200717455
425934.9604270206	4571449.5455485582
425934.1419387142	4571448.9710253719
425933.3234504077	4571448.3965021847
425932.5049621012	4571447.8219789974
425931.6864737947	4571447.2474558111
425930.8679854882	4571446.6729326239
425930.0494971817	4571446.0984094376
425929.2310088753	4571445.5238862503
425928.4125205688	4571444.9493630640
425927.5940322623	4571444.3748398768
425926.7755439558	4571443.8003166905
425925.9570556494	4571443.2257935032
425925.1385673429	4571442.6512703169
425924.3200790364	4571442.0767471297
425923.5015907299	4571441.5022239434
425922.6831024235	4571440.9277007561
425921.8646141170	4571440.3531775698
425921.0461258105	4571439.7786543826
425920.2276375040	4571439.2041311963
425919.4091491975	4571438.6296080090
425918.5906608911	4571438.0550848227
425917.7721725846	4571437.4805616355
425916.9536842781	4571436.9060384491
425916.1628341652	4571436.2941129161
425915.3733033544	4571435.6804019911
425914.5837725436	4571435.0666910671
425913.7942417327	4571434.4529801430
425913.0047109219	4571433.8392692180
425912.2151801110	4571433.2255582940
425911.4256493002	4571432.6118473690
425910.6361184893	4571431.9981364449
425909.8465876785	4571431.3844255209
425909.0570568677	4571430.7707145959
425908.2675260568	4571430.1570036719
425907.4779952460	4571429.5432927478
425906.6884644351	4571428.9295818228
425905.8989336242	4571428.3158708988
425905.1094028134	4571427.7021599747
425904.3198720025	4571427.0884490497
425903.5303411917	4571426.4747381257
425902.7408103809	4571425.8610272007
425901.9512795700	4571425.2473162767
425901.1617487592	4571424.6336053526
425900.3722179483	4571424.0198944276
425899.5826871375	4571423.4061835036
425898.7931563267	4571422.7924725795
425898.0036255158	4571422.1787616545
425897.2140947049	4571421.5650507305
425896.4245638941	4571420.9513398055
425895.6350330832	4571420.3376288814
425894.8455022724	4571419.7239179574
425894.0559714615	4571419.1102070324
425893.2664406507	4571418.4964961084
425892.4769098399	4571417.8827851843
425891.6873790290	4571417.2690742593
425890.8978482182	4571416.6553633353
425890.1083174073	4571416.0416524103
425889.3187865965	4571415.4279414862
425888.5292557857	4571414.8142305622
425887.7397249748	4571414.2005196372
425886.9501941639	4571413.5868087132
425886.1606633531	4571412.9730977891
425885.3711325422	4571412.3593868641
425884.5816017314	4571411.7456759401
425883.7920709205	4571411.1319650151
425883.0025401097	4571410.5182540910
425882.2130092989	4571409.9045431670
425881.4234784880	4571409.2908322420
425880.6339476772	4571408.6771213179
425879.8444168663	4571408.0634103939
425878.9376293511	4571407.6974077327
425877.9624964953	4571407.4757866291
425876.9873636395	4571407.2541655255
425876.0122307837	4571407.0325444220
425875.0370979278	4571406.8109233184
425874.0619650720	4571406.5893022148
425873.0868322162	4571406.3676811112
425872.2722275837	4571406.6683408041
425871.5899093333	4571407.3993960721
425870.9075910830	4571408.1304513402
425870.2252728327	4571408.8615066092
425869.5429545823	4571409.5925618773
425868.8606363320	4571410.3236171454
425868.1794399081	4571411.0557044661
425867.5076998780	4571411.7964914339
425866.8359598479	4571412.5372784026
425866.0228410276	4571412.9809419243
425865.0242987543	4571413.0349171823
425864.0623516833	4571412.9127305718
425863.1679244923	4571412.4655169761
425862.2734973013	4571412.0183033803
425861.3790701103	4571411.5710897855
425860.4904861477	4571411.1139970105
425859.6677558095	4571410.5455651404
425858.8450254713	4571409.9771332713
425858.0222951331	4571409.4087014012
425857.1965184586	4571408.8447578885
425856.3644681644	4571408.2900576927
425855.5324178702	4571407.7353574960
425854.7003675759	4571407.1806572992
425854.0527609323	4571406.4631335279
425853.6055473368	4571405.5687063374
425853.1583337412	4571404.6742791459
425852.8970237695	4571403.7312693810
425852.8494586202	4571402.7324012425
425852.8932548528	4571401.7799172886
425853.7277194626	4571401.2288557542
425854.5621840725	4571400.6777942190
425855.3966486824	4571400.1267326847
425856.2311132922	4571399.5756711503
425857.0655779022	4571399.0246096160
425857.9000425120	4571398.4735480808
425858.7345071219	4571397.9224865464
425859.0503684313	4571396.9807847533
425859.3497085058	4571396.0266382657
425859.6490485802	4571395.0724917781
425859.9483886548	4571394.1183452904
425860.2477287292	4571393.1641988028
425860.5470688038	4571392.2100523151
425859.8238308461	4571391.5498254672
425859.0635331185	4571390.9002507096
425858.3032353909	4571390.2506759521
425857.5429376633	4571389.6011011945
425856.7826399356	4571388.9515264379
425856.0223422080	4571388.3019516803
425855.2620444804	4571387.6523769228
425854.4898043394	4571387.0175589435
425853.6959814739	4571386.4094099002
425852.9021586083	4571385.8012608578
425852.1083357429	4571385.1931118155
425851.3145128773	4571384.5849627722
425850.5206900119	4571383.9768137299
425849.7268671463	4571383.3686646866
425848.9330442809	4571382.7605156442
425848.1392214154	4571382.1523666009
425847.3453985498	4571381.5442175586
425846.5515756844	4571380.9360685153
425845.7577528188	4571380.3279194729
425844.9639299534	4571379.7197704306
425844.1701070878	4571379.1116213873
425843.3762842223	4571378.5034723449
425842.5824613569	4571377.8953233017
425841.7886384913	4571377.2871742593
425840.9948156259	4571376.6790252160
425840.2009927603	4571376.0708761737
425839.4071698948	4571375.4627271313
425838.6133470293	4571374.8545780880
425837.7741784277	4571374.3177419603
425836.8867353672	4571373.8568245983
425835.9992923067	4571373.3959072363
425835.1118492463	4571372.9349898743
425834.2244061858	4571372.4740725122
425833.3369631253	4571372.0131551512
425832.4495200648	4571371.5522377891
425831.5620770044	4571371.0913204271
425830.6746339439	4571370.6304030651
425829.7871908834	4571370.1694857040
425828.8997478229	4571369.7085683420
425828.0123047625	4571369.2476509800
425827.1248617019	4571368.7867336180
425826.2374186415	4571368.3258162569
425825.3499755810	4571367.8648988949
425824.4813505257	4571367.3696557581
425823.6154854525	4571366.8693781607
425822.7496203794	4571366.3691005623
425821.8837553063	4571365.8688229639
425821.0178902332	4571365.3685453655
425820.1520251601	4571364.8682677681
425819.2861600870	4571364.3679901697
425818.4202950139	4571363.8677125713
425817.5530499512	4571363.3698341493
425816.6852503344	4571362.8729198463
425815.8174507175	4571362.3760055425
425814.9496511006	4571361.8790912395
425814.0818514837	4571361.3821769357
425813.2140518668	4571360.8852626327
425812.3462522499	4571360.3883483289
425811.4784526330	4571359.8914340260
425810.6106530162	4571359.3945197221
425809.7428533993	4571358.8976054192
425808.8750537824	4571358.4006911153
425808.0072541655	4571357.9037768124
425807.1394545486	4571357.4068625085
425806.2716549317	4571356.9099482056
425805.4038553149	4571356.4130339017
425804.5360556980	4571355.9161195988
425803.6682560811	4571355.4192052949
425802.8004564642	4571354.9222909920
425801.9326568473	4571354.4253766881
425801.0648572304	4571353.9284623852
425800.1970576135	4571353.4315480813
425799.3292579967	4571352.9346337784
425798.4614583798	4571352.4377194745
425797.5936587629	4571351.9408051716
425796.7258591460	4571351.4438908678
425795.8580595291	4571350.9469765648
425794.9902599122	4571350.4500622610
425794.1224602954	4571349.9531479580
425793.2546606785	4571349.4562336542
425792.3868610616	4571348.9593193512
425791.5190614447	4571348.4624050474
425790.6512618278	4571347.9654907444
425789.7834622109	4571347.4685764406
425788.9156625940	4571346.9716621377
425788.0478629772	4571346.4747478338
425787.1800633603	4571345.9778335299
425786.3122637434	4571345.4809192270
425785.4444641265	4571344.9840049231
425784.5766645096	4571344.4870906202
425783.7088648927	4571343.9901763164
425782.8410652759	4571343.4932620134
425781.9732656590	4571342.9963477096
425781.1054660421	4571342.4994334066
425780.2376664251	4571342.0025191028
425779.3698668083	4571341.5056047998
425778.5020671914	4571341.0086904960
425777.6342675745	4571340.5117761930
425776.7664679576	4571340.0148618892
425775.8986683407	4571339.5179475863
425775.0308687238	4571339.0210332824
425774.1630691070	4571338.5241189795
425773.2952694901	4571338.0272046756
425772.4274698732	4571337.5302903727
425771.5596702563	4571337.0333760688
425770.6918706394	4571336.5364617659
425769.8240710225	4571336.0395474620
425768.9562714056	4571335.5426331591
425768.0884717888	4571335.0457188552
425767.2206721719	4571334.5488045523
425766.3528725550	4571334.0518902484
425765.4850729381	4571333.5549759455
425764.6172733212	4571333.0580616416
425763.7494737043	4571332.5611473387
425762.8816740875	4571332.0642330348
425762.0138744706	4571331.5673187319
425761.1460748537	4571331.0704044281
425760.2782752368	4571330.5734901251
425759.4104756199	4571330.0765758213
425758.5426760030	4571329.5796615174
425757.6748763862	4571329.0827472145
425756.8070767693	4571328.5858329106
425755.9392771524	4571328.0889186077
425755.0714775355	4571327.5920043038
425754.2036779186	4571327.0950900009
425753.3358783017	4571326.5981756970
425752.4680786848	4571326.1012613941
425751.6002790680	4571325.6043470902
425750.7324794511	4571325.1074327873
425749.8646798342	4571324.6105184834
425748.9968802173	4571324.1136041805
425748.1290806004	4571323.6166898767
425747.2612809835	4571323.1197755737
425746.3934813667	4571322.6228612699
425745.5256817498	4571322.1259469669
425744.6578821329	4571321.6290326631
425743.7900825160	4571321.1321183601
425742.9222828991	4571320.6352040563
425742.0320123989	4571320.1822611615
425741.1209044761	4571319.7700932920
425740.2097965533	4571319.3579254216
425739.2986886304	4571318.9457575521
425738.3875807076	4571318.5335896825
425737.4764727847	4571318.1214218121
425736.5653648619	4571317.7092539426
425735.6542569391	4571317.2970860731
425734.7431490163	4571316.8849182026
425733.8320410934	4571316.4727503331
425732.9209331706	4571316.0605824627
425732.0098252478	4571315.6484145932
425731.0987173249	4571315.2362467237
425730.1876094021	4571314.8240788532
425729.2791623917	4571314.4068906885
425728.4266031048	4571313.8842601664
425727.5740438178	4571313.3616296444
425726.7214845309	4571312.8389991233
425725.8689252440	4571312.3163686013
425725.0163659571	4571311.7937380793
425724.1638066701	4571311.2711075572
425723.3112473832	4571310.7484770361
425722.4586880963	4571310.2258465141
425721.6061288094	4571309.7032159921
425720.7535695225	4571309.1805854710
425719.9010102356	4571308.6579549490
425719.0484509486	4571308.1353244269
425718.1958916617	4571307.6126939049
425717.3433323748	4571307.0900633838
425716.4907730879	4571306.5674328618
425715.6382138009	4571306.0448023397
425714.7856545141	4571305.5221718177
425713.9330952271	4571304.9995412966
425713.0805359402	4571304.4769107746
425712.2279766533	4571303.9542802526
425711.3754173664	4571303.4316497315
425710.5228580794	4571302.9090192094
425709.6702987925	4571302.3863886874
425708.8177395056	4571301.8637581654
425707.9651802187	4571301.3411276443
425707.1126209318	4571300.8184971223
425706.2600616449	4571300.2958666002
425705.4075023579	4571299.7732360782
425704.5549430710	4571299.2506055571
425703.7023837841	4571298.7279750351
425702.8498244972	4571298.2053445131
425701.9972652102	4571297.6827139920
425701.1447059233	4571297.1600834699
425700.2921466364	4571296.6374529479
425699.4395873495	4571296.1148224259
425698.5870280626	4571295.5921919048
425697.7344687757	4571295.0695613828
425696.8819094887	4571294.5469308607
425696.0293502018	4571294.0243003387
425695.1767909149	4571293.5016698176
425694.3242316279	4571292.9790392956
425693.4716723410	4571292.4564087735
425692.6191130542	4571291.9337782525
425691.7665537672	4571291.4111477304
425690.9139944803	4571290.8885172084
425690.0614351934	4571290.3658866864
425689.2088759064	4571289.8432561653
425688.3563166195	4571289.3206256432
425687.5037573326	4571288.7979951212
425686.6511980457	4571288.2753646001
425685.7986387587	4571287.7527340781
425684.9460794719	4571287.2301035561
425684.0935201849	4571286.7074730340
425683.2410687665	4571286.1846666951
425682.3888975409	4571285.6614036616
425681.5367263152	4571285.1381406281
425680.6845550895	4571284.6148775946
425679.8323838638	4571284.0916145612
425678.9802126381	4571283.5683515277
425678.1280414125	4571283.0450884942
425677.2758701868	4571282.5218254607
425676.4236989611	4571281.9985624272
425675.5715277354	4571281.4752993938
425674.7193565097	4571280.9520363612
425673.8671852841	4571280.4287733277
425673.0150140584	4571279.9055102943
425672.1628428326	4571279.3822472608
425671.3106716070	4571278.8589842273
425670.4585003813	4571278.3357211938
425669.6063291556	4571277.8124581603
425668.7541579299	4571277.2891951269
425667.9019867042	4571276.7659320934
425667.0498154786	4571276.2426690599
425666.1976442529	4571275.7194060264
425665.3454730272	4571275.1961429939
425664.4933018015	4571274.6728799604
425663.6411305758	4571274.1496169269
425662.7889593502	4571273.6263538934
425661.9367881245	4571273.1030908599
425661.0846168988	4571272.5798278265
425660.2324456731	4571272.0565647930
425659.3802744474	4571271.5333017595
425658.5281032218	4571271.0100387260
425657.6759319961	4571270.4867756926
425656.8237607704	4571269.9635126591
425655.9403594278	4571269.4961565128
425655.0479695935	4571269.0448911991
425654.1555797591	4571268.5936258845
425653.2631899247	4571268.1423605708
425652.3708000903	4571267.6910952572
425651.4784102559	4571267.2398299435
425650.5860204216	4571266.7885646289
425649.6936305872	4571266.3372993153
425648.8012407529	4571265.8860340016
425647.9088509185	4571265.4347686879
425647.0164610842	4571264.9835033743
425646.1240712498	4571264.5322380597
425645.2316814154	4571264.0809727460
425644.3392915810	4571263.6297074324
425643.4469017466	4571263.1784421187
425642.5545119123	4571262.7271768041
425641.6621220779	4571262.2759114904
425640.7697322436	4571261.8246461768
425639.8773424092	4571261.3733808631
425638.9849525748	4571260.9221155485
425638.0925627405	4571260.4708502349
425637.2001729061	4571260.0195849212
425636.3077830717	4571259.5683196075
425635.4153932373	4571259.1170542929
425634.5230034030	4571258.6657889793
425633.6306135686	4571258.2145236656
425632.7382237343	4571257.7632583519
425631.8458338999	4571257.3119930374
425630.9534440655	4571256.8607277237
425630.0610542312	4571256.4094624100
425629.1686643968	4571255.9581970964
425628.3009921760	4571255.4616672322
425627.4389236811	4571254.9548754506
425626.5768551862	4571254.4480836689
425625.7147866913	4571253.9412918873
425624.8527181964	4571253.4345001057
425623.9906497015	4571252.9277083231
425623.1285812066	4571252.4209165415
425622.2665127117	4571251.9141247598
425621.4044442168	4571251.4073329782
425620.5423757219	4571250.9005411966
425619.6803072269	4571250.3937494149
425618.8182387320	4571249.8869576324
425617.9561702371	4571249.3801658507
425617.0941017422	4571248.8733740691
425616.2320332473	4571248.3665822875
425615.3699647524	4571247.8597905058
425614.5078962575	4571247.3529987242
425613.6458277626	4571246.8462069416
425612.7837592677	4571246.3394151600
425611.9216907728	4571245.8326233784
425611.0596222779	4571245.3258315967
425610.1975537830	4571244.8190398151
425609.3354852881	4571244.3122480335
425608.4734167932	4571243.8054562509
425607.6113482983	4571243.2986644693
425606.7492798033	4571242.7918726876
425605.8872113084	4571242.2850809060
425605.0251428135	4571241.7782891244
425604.1630743186	4571241.2714973427
425603.3010058237	4571240.7647055602
425602.4026789217	4571240.3274995713
425601.4934000373	4571239.9113122215
425600.5841211529	4571239.4951248709
425599.6748422685	4571239.0789375212
425598.7655633842	4571238.6627501706
425597.8562844998	4571238.2465628209
425596.9470056154	4571237.8303754702
425596.0377267310	4571237.4141881205
425595.1284478467	4571236.9980007699
425594.2191689622	4571236.5818134202
425593.3098900779	4571236.1656260695
425592.4006111935	4571235.7494387198
425591.4913323091	4571235.3332513692
425590.5820534248	4571234.9170640195
425589.6727745403	4571234.5008766698
425588.7634956560	4571234.0846893191
425587.8542167716	4571233.6685019694
425586.9449378872	4571233.2523146188
425586.0356590028	4571232.8361272691
425585.1263801185	4571232.4199399184
425584.2171012341	4571232.0037525687
425583.3078223497	4571231.5875652181
425582.3985434653	4571231.1713778684
425581.4892645809	4571230.7551905178
425580.5799856966	4571230.3390031680
425579.6707068121	4571229.9228158174
425578.7614279278	4571229.5066284677
425577.8521490434	4571229.0904411171
425576.9428701590	4571228.6742537674
425576.0335912747	4571228.2580664176
425575.1243123902	4571227.8418790670
425574.2150335059	4571227.4256917173
425573.3057546215	4571227.0095043667
425572.3964757371	4571226.5933170170
425571.4852546459	4571226.1818505814
425570.5463458082	4571225.8376846407
425569.6074369706	4571225.4935186999
425568.6685281329	4571225.1493527591
425567.7296192953	4571224.8051868193
425566.7907104576	4571224.4610208785
425565.8518016200	4571224.1168549377
425564.9128927823	4571223.7726889979
425563.9739839447	4571223.4285230571
425563.0350751070	4571223.0843571164
425562.0961662694	4571222.7401911765
425561.1572574317	4571222.3960252358
425560.2183485941	4571222.0518592950
425559.2794397564	4571221.7076933552
425558.3405309188	4571221.3635274144
425557.4016220811	4571221.0193614736
425556.4627132435	4571220.6751955329
425555.5238044058	4571220.3310295930
425554.5848955682	4571219.9868636522
425553.6459867305	4571219.6426977115
425552.7070778929	4571219.2985317716
425551.7681690553	4571218.9543658309
425550.8292602176	4571218.6101998901
425549.8903513800	4571218.2660339503
425548.9514425423	4571217.9218680095
425548.0125337047	4571217.5777020687
425547.0736248670	4571217.2335361289
425546.1347160294	4571216.8893701881
425545.1958071917	4571216.5452042473
425544.2568983541	4571216.2010383066
425543.3179895164	4571215.8568723667
425542.3790806788	4571215.5127064260
425541.4401718411	4571215.1685404852
425540.5012630035	4571214.8243745454
425539.5623541659	4571214.4802086046
425538.6234453282	4571214.1360426638
425537.6845364906	4571213.7918767240
425536.7456276529	4571213.4477107832
425535.8067188153	4571213.1035448425
425534.8678099776	4571212.7593789026
425533.9289011400	4571212.4152129618
425532.9899923023	4571212.0710470211
425532.0510834647	4571211.7268810803
425531.1121746270	4571211.3827151405
425530.1732657894	4571211.0385491997
425529.2343569518	4571210.6943832589
425528.2954481141	4571210.3502173191
425527.3565392765	4571210.0060513783
425526.4176304388	4571209.6618854376
425525.4787216012	4571209.3177194977
425524.5398127635	4571208.9735535569
425523.6009039259	4571208.6293876162
425522.6630422549	4571208.2825462380
425521.7399653318	4571207.8979308531
425520.8168884087	4571207.5133154681
425519.8938114856	4571207.1287000841
425518.9707345626	4571206.7440846991
425518.0476576395	4571206.3594693150
425517.1245807164	4571205.9748539301
425516.2015037933	4571205.5902385451
425515.2784268703	4571205.2056231610
425514.3553499472	4571204.8210077761
425513.4322730241	4571204.4363923920
425512.5091961010	4571204.0517770071
425511.5861191780	4571203.6671616221
425510.6630422549	4571203.2825462380
425509.7399653318	4571202.8979308531
425508.8168884087	4571202.5133154681
425507.8938114856	4571202.1287000841
425506.9707345626	4571201.7440846991
425506.0476576395	4571201.3594693150
425505.1245807164	4571200.9748539301
425504.2015037933	4571200.5902385451
425503.2784268703	4571200.2056231610
425502.3553499472	4571199.8210077761
425501.4322730241	4571199.4363923911
425500.5091961010	4571199.0517770071
425499.5861191780	4571198.6671616221
425498.6630422549	4571198.2825462380
425497.7399653318	4571197.8979308531
425496.8168884087	4571197.5133154681
425495.8938114856	4571197.1287000841
425494.9707345626	4571196.7440846991
425494.0476576395	4571196.3594693150
425493.1245807164	4571195.9748539301
425492.2015037933	4571195.5902385451
425491.2784268703	4571195.2056231610
425490.3553499472	4571194.8210077761
425489.4322730241	4571194.4363923911
425488.5091961010	4571194.0517770071
425487.5861191780	4571193.6671616221
425486.6630422549	4571193.2825462380
425485.7399653318	4571192.8979308531
425484.8168884087	4571192.5133154681
425483.8938114856	4571192.1287000841
425482.9707345626	4571191.7440846991
425482.0476576395	4571191.3594693150
425481.1245807164	4571190.9748539301
425480.2015037933	4571190.5902385451
425479.2784268703	4571190.2056231610
425478.3553499472	4571189.8210077761
425477.4322730241	4571189.4363923911
425476.5091961010	4571189.0517770071
425475.5872717033	4571188.6646177508
425474.6894503991	4571188.2242577774
425473.7916290949	4571187.7838978050
425472.8938077908	4571187.3435378317
425471.9959864866	4571186.9031778593
425471.0981651825	4571186.4628178859
425470.2003438784	4571186.0224579126
425469.3025225742	4571185.5820979401
425468.4047012701	4571185.1417379668
425467.5068799659	4571184.7013779934
425466.6090586618	4571184.2610180210
425465.7112373576	4571183.8206580477
425464.8134160534	4571183.3802980753
425463.9155947493	4571182.9399381019
425463.0177734452	4571182.4995781286
425462.1199521410	4571182.0592181562
425461.2221308369	4571181.6188581828
425460.3243095327	4571181.1784982104
425459.4264882286	4571180.7381382370
425458.5286669244	4571180.2977782637
425457.6308456203	4571179.8574182913
425456.7330243161	4571179.4170583179
425455.8352030120	4571178.9766983446
425454.9373817078	4571178.5363383722
425454.0395604037	4571178.0959783988
425453.1417390995	4571177.6556184264
425452.2439177954	4571177.2152584530
425451.3460964912	4571176.7748984797
425450.4482751871	4571176.3345385073
425449.5504538829	4571175.8941785339
425448.6526325788	4571175.4538185606
425447.7548112746	4571175.0134585882
425446.8569899705	4571174.5730986148
425445.9591686663	4571174.1327386424
425445.0613473622	4571173.6923786690
425444.1635260580	4571173.2520186957
425443.2657047539	4571172.8116587233
425442.3631029968	4571172.3814854585
425441.4506463458	4571171.9723120723
425440.5381896947	4571171.5631386861
425439.6257330436	4571171.1539652999
425438.7132763926	4571170.7447919138
425437.8008197415	4571170.3356185276
425436.8883630904	4571169.9264451414
425435.9759064394	4571169.5172717553
425435.0634497883	4571169.1080983691
425434.1509931372	4571168.6989249829
425433.2385364862	4571168.2897515967
425432.3260798351	4571167.8805782106
425431.4136231840	4571167.4714048244
425430.5011665330	4571167.0622314382
425429.5887098819	4571166.6530580521
425428.6762532309	4571166.2438846659
425427.7637965798	4571165.8347112797
425426.8513399287	4571165.4255378935
425425.9388832777	4571165.0163645074
425425.0264266266	4571164.6071911212
425424.1139699755	4571164.1980177350
425423.2015133245	4571163.7888443498
425422.2890566734	4571163.3796709636
425421.3766000223	4571162.9704975775
425420.4641433713	4571162.5613241913
425419.5516867202	4571162.1521508051
425418.6392300691	4571161.7429774189
425417.7267734181	4571161.3338040328
425416.8143167670	4571160.9246306466
425415.9018601160	4571160.5154572604
425414.9894034649	4571160.1062838743
425414.0769468138	4571159.6971104881
425413.1644901628	4571159.2879371019
425412.2520335117	4571158.8787637157
425411.3395768606	4571158.4695903296
425410.4271202096	4571158.0604169434
425409.5146635585	4571157.6512435572
425408.6022069074	4571157.2420701711
425407.6897502564	4571156.8328967849
425406.7725278146	4571156.4345286423
425405.8551066593	4571156.0366110327
425404.9376855041	4571155.6386934230
425404.0202643489	4571155.2407758133
425403.1028431937	4571154.8428582046
425402.1854220384	4571154.4449405950
425401.2680008832	4571154.0470229853
425400.3505797279	4571153.6491053756
425399.4331585727	4571153.2511877660
425398.5157374175	4571152.8532701572
425397.5983162623	4571152.4553525476
425396.6808951070	4571152.0574349379
425395.7634739518	4571151.6595173283
425394.8460527965	4571151.2615997186
425393.9286316413	4571150.8636821099
425393.0112104861	4571150.4657645002
425392.0937893309	4571150.0678468905
425391.1763681756	4571149.6699292809
425390.2589470204	4571149.2720116712
425389.3415258652	4571148.8740940625
425388.4241047100	4571148.4761764528
425387.5066835547	4571148.0782588432
425386.5892623995	4571147.6803412335
425385.6718412442	4571147.2824236238
425384.7544200890	4571146.8845060151
425383.8369989338	4571146.4865884054
425382.9195777786	4571146.0886707958
425382.0021566233	4571145.6907531861
425381.0791783702	4571145.3061174378
425380.1517368982	4571144.9321491029
425379.2242954262	4571144.5581807671
425378.2968539542	4571144.1842124313
425377.3694124822	4571143.8102440964
425376.4419710101	4571143.4362757606
425375.5145295381	4571143.0623074248
425374.5870880661	4571142.6883390900
425373.6596465940	4571142.3143707542
425372.7322051220	4571141.9404024184
425371.8047636500	4571141.5664340826
425370.8773221780	4571141.1924657477
425369.9498807060	4571140.8184974119
425369.0224392340	4571140.4445290761
425368.0949977620	4571140.0705607412
425367.1675562900	4571139.6965924054
425366.2401148179	4571139.3226240696
425365.3126733459	4571138.9486557338
425364.3852318739	4571138.5746873990
425363.4577904018	4571138.2007190632
425362.5303489298	4571137.8267507274
425361.6029074578	4571137.4527823925
425360.6754659858	4571137.0788140567
425359.7480245138	4571136.7048457209
425358.8205830418	4571136.3308773851
425357.8931415697	4571135.9569090502
425356.9657000977	4571135.5829407144
425356.0382586257	4571135.2089723786
425355.1108171537	4571134.8350040438
425354.1833756817	4571134.4610357080
425353.2559342096	4571134.0870673722
425352.3287021658	4571133.7125854697
425351.4042215735	4571133.3313563596
425350.4797409812	4571132.9501272496
425349.5552603888	4571132.5688981395
425348.6307797965	4571132.1876690285
425347.7062992042	4571131.8064399185
425346.7818186119	4571131.4252108084
425345.8573380196	4571131.0439816983
425344.9328574273	4571130.6627525883
425344.0083768350	4571130.2815234782
425343.0838962426	4571129.9002943682
425342.1594156503	4571129.5190652581
425341.2349350580	4571129.1378361480
425340.3104544657	4571128.7566070380
425339.3859738734	4571128.3753779270
425338.4614932811	4571127.9941488169
425337.5370126888	4571127.6129197069
425336.6054330392	4571127.2497283509
425335.6691038617	4571126.8986049090
425334.7327746842	4571126.5474814670
425333.8153506329	4571126.1498588333
425332.8996474703	4571125.7480034893
425331.9839443077	4571125.3461481445
425331.0682411451	4571124.9442927996
425330.1525379825	4571124.5424374547
425329.2368348199	4571124.1405821107
425328.2432611387	4571124.0486158701
425327.2463668933	4571123.9698639596
425326.2494726479	4571123.8911120482
425325.2525784025	4571123.8123601368
425324.2556841571	4571123.7336082263
425323.2587899117	4571123.6548563149
425322.3702051770	4571123.2231327454
425321.5007143943	4571122.7291835789
425320.6312236115	4571122.2352344133
425319.7617328288	4571121.7412852468
425318.8922420460	4571121.2473360803
425318.0227512633	4571120.7533869147
425317.1532604805	4571120.2594377482
425316.2837696977	4571119.7654885827
425315.4142789149	4571119.2715394162
425314.5447881322	4571118.7775902506
425313.6752973494	4571118.2836410841
425312.8058065666	4571117.7896919176
425311.9363157839	4571117.2957427520
425311.0668250011	4571116.8017935855
425310.1973342184	4571116.3078444200
425309.3278434356	4571115.8138952535
425308.4583526529	4571115.3199460879
425307.5888618701	4571114.8259969214
425306.7193710874	4571114.3320477549
425305.8498803046	4571113.8380985893
425304.9803895218	4571113.3441494228
425304.3715106758	4571112.6046651118
425303.9301910523	4571111.7073151292
425303.4888714287	4571110.8099651476
425303.0475518052	4571109.9126151660
425302.3198893932	4571109.2540461933
425301.5164346077	4571108.6586804176
425300.7129798222	4571108.0633146409
425299.9095250366	4571107.4679488642
425299.1060702511	4571106.8725830885
425298.3026154656	4571106.2772173118
425297.4991606800	4571105.6818515351
425296.6957058945	4571105.0864857594
425295.8922511090	4571104.4911199827
425295.0896872030	4571103.8945766734
425294.2982607167	4571103.2833123142
425293.5068342306	4571102.6720479550
425292.7154077444	4571102.0607835958
425291.9239812581	4571101.4495192366
425291.1325547720	4571100.8382548764
425290.3411282858	4571100.2269905172
425289.5497017995	4571099.6157261580
425288.7582753134	4571099.0044617988
425287.9923410375	4571098.3637818554
425287.2747603456	4571097.6673064781
425286.5571796538	4571096.9708311018
425285.8395989620	4571096.2743557245
425285.1220182701	4571095.5778803481
425284.4084062109	4571094.8781436775
425283.8642151060	4571094.0391823910
425283.3200240010	4571093.2002211036
425282.5573029038	4571092.6399133466
425281.6128061071	4571092.3113927217
425280.6683093103	4571091.9828720968
425279.9409255893	4571091.3238190822
425279.2643003000	4571090.5874915607
425278.5876750106	4571089.8511640402
425277.8817671011	4571089.1428741822
425277.1755117726	4571088.4349169722
425276.4692564440	4571087.7269597622
425275.7630011156	4571087.0190025531
425275.0567457870	4571086.3110453431
425274.3504904585	4571085.6030881330
425273.6381084444	4571084.9014599808
425272.9075815052	4571084.2185761025
425272.1770545660	4571083.5356922243
425271.4465276268	4571082.8528083460
425270.7160006876	4571082.1699244678
425270.0003881738	4571081.4721361883
425269.3179956232	4571080.7411502749
425268.6356030726	4571080.0101643605
425267.9532105219	4571079.2791784462
425267.2708179712	4571078.5481925318
425266.6051432711	4571077.8020964237
425265.9466386631	4571077.0495197289
425265.2881340551	4571076.2969430350
425264.6296294471	4571075.5443663402
425263.9711248391	4571074.7917896453
425263.4570333233	4571073.9355804604
425262.9548978061	4571073.0707915137
425262.6661995328	4571072.1161382264
425262.3985556689	4571071.1526203174
425261.7603622647	4571070.4114047736
425261.1389836046	4571069.6674013790
425260.9765093765	4571068.6806885917
425261.0604092542	4571067.7446018429
425261.5987985313	4571066.9019055832
425262.1371878084	4571066.0592093235
425262.6755770855	4571065.2165130638
425263.2139663626	4571064.3738168040
425263.7523556397	4571063.5311205434
425264.2907449169	4571062.6884242836
425264.8291341940	4571061.8457280239
425265.3675234711	4571061.0030317642
425265.9059127482	4571060.1603355044
425266.4443020253	4571059.3176392447
425266.9826913025	4571058.4749429850
425267.5210805796	4571057.6322467253
425268.0594698567	4571056.7895504655
425268.5978591338	4571055.9468542058
425269.1362484109	4571055.1041579461
425269.6746376880	4571054.2614616863
425269.8194596619	4571053.3319531381
425269.6855417658	4571052.3409607075
425269.5516238699	4571051.3499682769
425268.9833800646	4571050.6125981398
425268.1861218235	4571050.0089597572
425267.3888635824	4571049.4053213745
425266.5916053413	4571048.8016829919
425265.7943471001	4571048.1980446093
425264.9970888590	4571047.5944062266
425264.1998306178	4571046.9907678440
425263.2655739936	4571047.0110533377
425262.2887613523	4571047.2251492599
425261.3119487109	4571047.4392451812
425260.3351360695	4571047.6533411033
425259.3583234282	4571047.8674370246
425258.3815107869	4571048.0815329459
425257.8042082217	4571048.8634289084
425257.2727911772	4571049.7105392460
425256.7413741328	4571050.5576495845
425256.2099570883	4571051.4047599221
425255.6785400438	4571052.2518702606
425255.1471229994	4571053.0989805982
425254.6157059549	4571053.9460909367
425254.0842889105	4571054.7932012742
425253.5528718660	4571055.6403116127
425253.0214548215	4571056.4874219503
425252.4900377771	4571057.3345322888
425251.9586207326	4571058.1816426264
425251.4272036882	4571059.0287529649
425250.8957866437	4571059.8758633025
425250.3643695992	4571060.7229736410
425249.5273441323	4571061.2664424442
425248.6836826446	4571061.8033179371
425247.8071515018	4571061.3954162775
425246.9282182832	4571060.9184714202
425246.0492850648	4571060.4415265620
425245.1703518463	4571059.9645817047
425244.2914186278	4571059.4876368465
425243.4124854093	4571059.0106919883
425242.5335521908	4571058.5337471310
425241.6546189723	4571058.0568022728
425240.7756857538	4571057.5798574155
425239.8967525353	4571057.1029125573
425239.0178193168	4571056.6259676991
425238.1176761529	4571056.1923285341
425237.2020321227	4571055.7903384725
425236.2863880925	4571055.3883484099
425235.3707440623	4571054.9863583483
425234.4551000321	4571054.5843682857
425233.4932318304	4571054.4026549589
425232.4932318304	4571054.4026549589
425231.4932318304	4571054.4026549589
425230.4932318304	4571054.4026549589
425229.4932318304	4571054.4026549589
425228.4932318304	4571054.4026549589
425227.5065851572	4571054.5393998157
425226.5254766041	4571054.7328578401
425225.5443680512	4571054.9263158645
425224.5632594982	4571055.1197738899
425223.5821509452	4571055.3132319143
425222.6010423922	4571055.5066899387
425221.6199338392	4571055.7001479631
425220.6388252862	4571055.8936059875
425219.6613286444	4571055.8464935422
425218.6864701378	4571055.6236687414
425217.7116116312	4571055.4008439397
425216.7367531247	4571055.1780191381
425215.7761597014	4571054.9042911669
425214.8274764034	4571054.5880634012
425213.8787931053	4571054.2718356354
425212.9301098073	4571053.9556078697
425211.9814265092	4571053.6393801030
425211.0327432112	4571053.3231523372
425210.0947482497	4571052.9778552344
425209.1671752847	4571052.6042131670
425208.2396023198	4571052.2305710996
425207.3120293548	4571051.8569290321
425206.3844563898	4571051.4832869638
425205.4568834249	4571051.1096448964
425204.5293104599	4571050.7360028289
425203.6017374950	4571050.3623607615
425202.6741645300	4571049.9887186941
425201.7465915650	4571049.6150766267
425200.8190186001	4571049.2414345583
425199.8914456351	4571048.8677924909
425198.9638726701	4571048.4941504234
425198.0362997052	4571048.1205083560
425197.1087267402	4571047.7468662886
425196.1811537752	4571047.3732242212
425195.2535808103	4571046.9995821528
425194.3260078453	4571046.6259400854
425193.3984348803	4571046.2522980180
425192.4708619153	4571045.8786559505
425191.5432889504	4571045.5050138831
425190.6157159854	4571045.1313718157
425189.6881430205	4571044.7577297473
425188.7605700555	4571044.3840876799
425187.8329970906	4571044.0104456125
425186.9054241256	4571043.6368035451
425185.9778511606	4571043.2631614776
425185.0502781957	4571042.8895194102
425184.1227052307	4571042.5158773419
425183.1951322657	4571042.1422352744
425182.2675593007	4571041.7685932070
425181.3399863358	4571041.3949511396
425180.4124133708	4571041.0213090722
425179.4848404058	4571040.6476670047
425178.5572674409	4571040.2740249364
425177.6296944759	4571039.9003828689
425176.7021215110	4571039.5267408015
425175.7745485460	4571039.1530987341
425174.8469755810	4571038.7794566667
425173.9194026161	4571038.4058145992
425172.9918296511	4571038.0321725309
425172.0642566862	4571037.6585304635
425171.1366837212	4571037.2848883960
425170.2126933615	4571036.9025805946
425169.2920668081	4571036.5121362973
425168.3714402547	4571036.1216920000
425167.4508137013	4571035.7312477026
425166.5301871479	4571035.3408034053
425165.6095605945	4571034.9503591089
425164.6889340412	4571034.5599148115
425163.7683074877	4571034.1694705142
425162.8476809343	4571033.7790262168
425161.9270543810	4571033.3885819195
425161.0064278275	4571032.9981376231
425160.0858012741	4571032.6076933257
425159.1651747208	4571032.2172490284
425158.2445481674	4571031.8268047310
425157.3239216139	4571031.4363604337
425156.4032950606	4571031.0459161373
425155.4826685072	4571030.6554718399
425154.5620419538	4571030.2650275426
425153.6414154004	4571029.8745832453
425152.7207888470	4571029.4841389479
425151.8001622936	4571029.0936946515
425150.8795357402	4571028.7032503542
425149.9589091868	4571028.3128060568
425149.0382826334	4571027.9223617595
425148.1176560800	4571027.5319174621
425147.1970295266	4571027.1414731657
425146.2764029732	4571026.7510288684
425145.3557937203	4571026.3605437921
425144.4352608684	4571025.9698786307
425143.5147280164	4571025.5792134684
425142.5941951645	4571025.1885483069
425141.6736623125	4571024.7978831455
425140.7531294606	4571024.4072179841
425139.8325966086	4571024.0165528227
425138.9120637566	4571023.6258876612
425137.9915309047	4571023.2352224989
425137.0709980527	4571022.8445573375
425136.1504652008	4571022.4538921760
425135.2299323489	4571022.0632270146
425134.3093994969	4571021.6725618532
425133.3888666450	4571021.2818966908
425132.4683337930	4571020.8912315294
425131.5478009411	4571020.5005663680
425130.6272680891	4571020.1099012066
425129.7067352372	4571019.7192360451
425128.7862023852	4571019.3285708837
425127.8656695332	4571018.9379057214
425126.9451366813	4571018.5472405599
425126.0246038293	4571018.1565753985
425125.1040709774	4571017.7659102371
425124.1835381254	4571017.3752450757
425123.2630052735	4571016.9845799133
425122.3409448080	4571016.5976367136
425121.4113855224	4571016.2289640475
425120.4818262368	4571015.8602913814
425119.5522669512	4571015.4916187162
425118.6227076656	4571015.1229460500
425117.6931483799	4571014.7542733839
425116.7635890944	4571014.3856007177
425115.8340298087	4571014.0169280525
425114.9044705231	4571013.6482553864
425113.9749112375	4571013.2795827202
425113.0453519519	4571012.9109100550
425112.1157926663	4571012.5422373889
425111.1862333807	4571012.1735647228
425110.2566740951	4571011.8048920576
425109.3271148095	4571011.4362193914
425108.3975555239	4571011.0675467253
425107.4679962383	4571010.6988740601
425106.5384369527	4571010.3302013939
425105.6088776671	4571009.9615287278
425104.6793183814	4571009.5928560626
425103.7497590959	4571009.2241833964
425102.8201998102	4571008.8555107303
425101.8906405246	4571008.4868380642
425100.9610812390	4571008.1181653989
425100.0315219534	4571007.7494927328
425099.1019626678	4571007.3808200667
425098.1724033822	4571007.0121474015
425097.2428440966	4571006.6434747353
425096.3132848110	4571006.2748020692
425095.3837255254	4571005.9061294040
425094.4541662398	4571005.5374567378
425093.5246069542	4571005.1687840717
425092.5950476686	4571004.8001114065
425091.6654883830	4571004.4314387403
425090.7359290974	4571004.0627660742
425089.8063698118	4571003.6940934090
425088.8429718675	4571003.4629653608
425087.8484664146	4571003.3582805768
425086.8539609617	4571003.2535957927
425085.8594555087	4571003.1489110077
425084.8649500558	4571003.0442262236
425083.8704446029	4571002.9395414386
425082.8759391500	4571002.8348566545
425081.8814336970	4571002.7301718695
425080.8869282441	4571002.6254870854
425079.9406840988	4571002.3070765128
425078.9976937652	4571001.9742563944
425078.0547034316	4571001.6414362770
425077.1117130980	4571001.3086161595
425076.1687227644	4571000.9757960411
425075.2257324308	4571000.6429759236
425074.2827420972	4571000.3101558061
425073.3397517636	4570999.9773356887
425072.3967614300	4570999.6445155703
425071.4537710965	4570999.3116954528
425070.5107807629	4570998.9788753353
425069.5677904293	4570998.6460552178
425068.6248000957	4570998.3132350994
425067.6818097621	4570997.9804149820
425066.6955772581	4570997.9172459105
425065.6958035280	4570997.9385176925
425064.6960297980	4570997.9597894736
425063.6962560679	4570997.9810612556
425062.6964823379	4570998.0023330376
425061.7302498272	4570997.8366573099
425060.8002287728	4570997.4691510666
425059.8702077184	4570997.1016448243
425058.9401866640	4570996.7341385819
425058.0101656096	4570996.3666323395
425057.0801445551	4570995.9991260963
425056.1501235007	4570995.6316198539
425055.2201024463	4570995.2641136115
425054.2900813919	4570994.8966073692
425053.3600603374	4570994.5291011259
425052.4300392830	4570994.1615948835
425051.5000182286	4570993.7940886412
425050.5699971742	4570993.4265823988
425049.6399761198	4570993.0590761555
425048.7099550654	4570992.6915699132
425047.7799340110	4570992.3240636708
425046.8499129566	4570991.9565574285
425045.9198919022	4570991.5890511852
425044.9898708478	4570991.2215449428
425044.0598497933	4570990.8540387005
425043.1298287389	4570990.4865324572
425042.1998076845	4570990.1190262148
425041.2697866301	4570989.7515199725
425040.3397655756	4570989.3840137301
425039.4097445212	4570989.0165074868
425038.8884788084	4570988.1751627140
425038.3885285247	4570987.3091086084
425037.8885782411	4570986.4430545028
425037.3886279575	4570985.5770003973
425036.9733687581	4570984.6693621995
425036.5938124019	4570983.7441935809
425036.2142560458	4570982.8190249624
425035.8346996896	4570981.8938563438
425035.4551433334	4570980.9686877262
425034.8558936233	4570980.1694390122
425034.2494444474	4570979.3743167594
425033.6429952714	4570978.5791945066
425033.0365460955	4570977.7840722529
425032.4300969195	4570976.9889500001
425031.8236477436	4570976.1938277474
425031.2171985677	4570975.3987054946
425030.6107493917	4570974.6035832418
425029.7929860933	4570974.0962186651
425028.8527954687	4570973.7555698883
425027.9126048440	4570973.4149211114
425026.9724142193	4570973.0742723346
425026.0322235946	4570972.7336235568
425025.0920329699	4570972.3929747799
425024.1518423452	4570972.0523260031
425023.2116517205	4570971.7116772262
425022.2714610959	4570971.3710284494
425021.3312704712	4570971.0303796725
425020.3910798465	4570970.6897308957
425019.4508892218	4570970.3490821179
425018.5106985971	4570970.0084333410
425017.5705079725	4570969.6677845642
425016.6303173478	4570969.3271357873
425015.6901267231	4570968.9864870105
425014.7539372872	4570968.6359432107
425013.8412231736	4570968.2273444505
425012.9285090600	4570967.8187456904
425012.0157949464	4570967.4101469293
425011.1030808328	4570967.0015481692
425010.1903667192	4570966.5929494090
425009.2776526056	4570966.1843506489
425008.3649384920	4570965.7757518888
425007.4522243784	4570965.3671531286
425006.5395102648	4570964.9585543685
425005.6267961512	4570964.5499556083
425004.7140820376	4570964.1413568482
425003.8013679240	4570963.7327580880
425002.8886538103	4570963.3241593279
425001.9759396967	4570962.9155605678
425001.0632255831	4570962.5069618076
425000.1505114695	4570962.0983630475
424999.2377973559	4570961.6897642873
424998.3250832423	4570961.2811655272
424997.4123691287	4570960.8725667670
424996.4996550152	4570960.4639680069
424995.5869409016	4570960.0553692468
424994.6437349525	4570959.7233985681
424993.6998206560	4570959.3932080157
424992.7559063596	4570959.0630174633
424991.8119920630	4570958.7328269109
424990.8680777666	4570958.4026363585
424989.9241634701	4570958.0724458061
424988.9802491736	4570957.7422552537
424988.0363348772	4570957.4120647013
424987.0924205806	4570957.0818741489
424986.1485062842	4570956.7516835965
424985.2045919877	4570956.4214930441
424984.2606776912	4570956.0913024917
424983.3167633948	4570955.7611119393
424982.3728490983	4570955.4309213869
424981.4289348018	4570955.1007308345
424980.4850205053	4570954.7705402821
424979.5411062088	4570954.4403497297
424978.5971919124	4570954.1101591773
424977.6532776159	4570953.7799686249
424976.7093633194	4570953.4497780725
424975.7654490230	4570953.1195875201
424974.8215347264	4570952.7893969677
424973.8776204300	4570952.4592064144
424972.9337061335	4570952.1290158620
424971.9897918370	4570951.7988253096
424971.0458775406	4570951.4686347572
424970.1019632441	4570951.1384442048
424969.1580489476	4570950.8082536524
424968.2141346511	4570950.4780631000
424967.2702203547	4570950.1478725476
424966.3263060582	4570949.8176819952
424965.3861764777	4570949.4769516401
424964.4478333609	4570949.1312462809
424963.5094902441	4570948.7855409225
424962.5711471272	4570948.4398355633
424961.6328040104	4570948.0941302050
424960.6944608935	4570947.7484248457
424959.7561177767	4570947.4027194874
424958.8177746599	4570947.0570141282
424957.8794315430	4570946.7113087699
424956.9410884262	4570946.3656034106
424956.0027453094	4570946.0198980523
424955.0644021926	4570945.6741926931
424954.1260590757	4570945.3284873348
424953.1877159589	4570944.9827819755
424952.2493728420	4570944.6370766172
424951.3110297252	4570944.2913712580
424950.3726866084	4570943.9456658997
424949.4343434916	4570943.5999605404
424948.4960003748	4570943.2542551821
424947.5576572579	4570942.9085498229
424946.6193141411	4570942.5628444646
424945.6809710242	4570942.2171391053
424944.7426279074	4570941.8714337470
424943.7519433263	4570941.7496485086
424942.7575841258	4570941.6435835278
424941.7632249252	4570941.5375185469
424940.7688657246	4570941.4314535651
424939.7997380962	4570941.1997406520
424938.8415190829	4570940.9137051255
424937.8833000696	4570940.6276695980
424936.9250810562	4570940.3416340714
424935.9668620429	4570940.0555985449
424935.0086430296	4570939.7695630183
424934.0504240163	4570939.4835274918
424933.0922050029	4570939.1974919653
424932.2067635449	4570938.7397148330
424931.3347797595	4570938.2501800768
424930.4627959741	4570937.7606453197
424929.5908121887	4570937.2711105635
424928.7188284033	4570936.7815758064
424927.8468446179	4570936.2920410503
424926.9748608325	4570935.8025062932
424926.0685183982	4570935.3880731473
424925.1279795656	4570935.0483869622
424924.1874407328	4570934.7087007770
424923.2469019001	4570934.3690145928
424922.3063630674	4570934.0293284077
424921.3658242347	4570933.6896422226
424920.4252854020	4570933.3499560384
424919.4847465693	4570933.0102698533
424918.5573941868	4570932.6372106969
424917.6386893963	4570932.2422657544
424916.7199846058	4570931.8473208109
424915.8012798153	4570931.4523758683
424914.8825750248	4570931.0574309258
424913.9638702343	4570930.6624859823
424913.0451654439	4570930.2675410397
424912.1264606533	4570929.8725960972
424911.2077558629	4570929.4776511537
424910.2979118324	4570929.0637863101
424909.4063329643	4570928.6109208530
424908.5147540961	4570928.1580553968
424907.6231752279	4570927.7051899396
424906.7315963598	4570927.2523244834
424905.8400174916	4570926.7994590262
424904.9484386235	4570926.3465935700
424904.0568597553	4570925.8937281128
424903.1541906960	4570925.4646498235
424902.2341270917	4570925.0728808045
424901.3140634873	4570924.6811117856
424900.3939998829	4570924.2893427676
424899.4739362786	4570923.8975737486
424898.5538726743	4570923.5058047306
424897.6338090699	4570923.1140357116
424896.7137454655	4570922.7222666927
424895.7936818612	4570922.3304976746
424894.8736182568	4570921.9387286557
424893.9327000390	4570921.6004758738
424892.9901510607	4570921.2664078819
424892.0476020825	4570920.9323398890
424891.1050531042	4570920.5982718971
424890.1760697909	4570920.2335664202
424889.2951768676	4570919.7602508198
424888.4142839443	4570919.2869352195
424887.5333910210	4570918.8136196183
424886.6524980978	4570918.3403040180
424885.7496268405	4570917.9105442846
424884.8455545740	4570917.4831646681
424883.9414823074	4570917.0557850515
424883.0267935690	4570916.6523766695
424882.1027416467	4570916.2701096879
424881.1786897243	4570915.8878427073
424880.2546378020	4570915.5055757258
424879.3449848799	4570915.0942504648
424878.4811021270	4570914.5905575138
424877.6172193741	4570914.0868645627
424876.7533366212	4570913.5831716107
424875.8894538683	4570913.0794786597
424875.0088194837	4570912.6072038133
424874.1091628209	4570912.1706057275
424873.2095061582	4570911.7340076407
424872.3098494954	4570911.2974095540
424871.4019171378	4570910.8801321974
424870.4651655998	4570910.5301371170
424869.5284140618	4570910.1801420366
424868.5916625237	4570909.8301469572
424867.6549109857	4570909.4801518768
424866.7181594477	4570909.1301567974
424865.8647393051	4570908.6186478250
424865.0366298331	4570908.0580814127
424864.2085203611	4570907.4975150004
424863.3804108891	4570906.9369485881
424862.5113576516	4570906.4573435858
424861.5690560226	4570906.1225785334
424860.6267543937	4570905.7878134819
424859.6844527648	4570905.4530484295
424858.7421511358	4570905.1182833770
424857.8289333047	4570904.7123152418
424856.9217284768	4570904.2916260455
424856.0145236489	4570903.8709368482
424855.1073188209	4570903.4502476519
424854.2001139930	4570903.0295584556
424853.2929091651	4570902.6088692583
424852.3857043372	4570902.1881800620
424851.4784995092	4570901.7674908647
424850.5712946813	4570901.3468016684
424849.6640898534	4570900.9261124721
424848.7559520480	4570900.5074445093
424847.8472752041	4570900.0899443375
424846.9385983602	4570899.6724441657
424846.0299215162	4570899.2549439939
424845.1212446723	4570898.8374438221
424844.2125678284	4570898.4199436512
424843.3038909845	4570898.0024434794
424842.3952141406	4570897.5849433076
424841.4865372966	4570897.1674431358
424840.5772854975	4570896.7512479369
424839.6559544272	4570896.3624690045
424838.7346233567	4570895.9736900711
424837.8132922863	4570895.5849111388
424836.8919612159	4570895.1961322054
424835.9706301455	4570894.8073532730
424835.0492990751	4570894.4185743397
424834.1279680047	4570894.0297954064
424833.2130597368	4570893.6301204972
424832.4267413981	4570893.0122989453
424831.6404230595	4570892.3944773935
424830.8541047208	4570891.7766558407
424830.0641419594	4570891.1641845284
424829.2013264626	4570890.6586655686
424828.3385109658	4570890.1531466097
424827.4756954690	4570889.6476276498
424826.6128799722	4570889.1421086900
424825.7500644753	4570888.6365897311
424824.8872489785	4570888.1310707713
424824.0244334817	4570887.6255518114
424823.1163584541	4570887.2105162488
424822.1943760374	4570886.8232845049
424821.2723936207	4570886.4360527620
424820.3504112040	4570886.0488210181
424819.4163280678	4570885.6934387237
424818.4698178795	4570885.3707647966
424817.5233076912	4570885.0480908696
424816.6284346266	4570884.6043624626
424815.7404402174	4570884.1445082147
424814.8524458081	4570883.6846539667
424813.9742012307	4570883.2072585020
424813.1148396327	4570882.6958900988
424812.2455746508	4570882.2053866526
424811.3060429087	4570881.8629248217
424810.3665111666	4570881.5204629917
424809.4269794245	4570881.1780011607
424808.4897682010	4570880.8301165169
424807.5933356288	4570880.3869363694
424806.6969030567	4570879.9437562209
424805.8004704844	4570879.5005760733
424804.9040379123	4570879.0573959248
424804.0076053401	4570878.6142157773
424803.1174225402	4570878.1588377133
424802.2340735195	4570877.6901219068
424801.3507244987	4570877.2214061003
424800.4684846298	4570876.7506162617
424799.5881979562	4570876.2761740917
424798.7079112827	4570875.8017319217
424797.8163949094	4570875.3522073124
424796.8778818771	4570875.0069635026
424795.9393688448	4570874.6617196929
424795.0008558125	4570874.3164758831
424794.0623427802	4570873.9712320734
424793.1238297479	4570873.6259882636
424792.1851933142	4570873.2810801445
424791.2465235548	4570872.9362626811
424790.3078537954	4570872.5914452178
424789.4153455599	4570872.1428370159
424788.5306352406	4570871.6766957808
424787.6459249213	4570871.2105545457
424786.7612146019	4570870.7444133107
424785.8330778951	4570870.3733752379
424784.9013933191	4570870.0101069473
424783.9697087432	4570869.6468386566
424783.0380123051	4570869.2836019369
424782.0976360793	4570868.9434658550
424781.1572598535	4570868.6033297731
424780.2168836278	4570868.2631936921
424779.2765074020	4570867.9230576102
424778.3361311762	4570867.5829215283
424777.4161932845	4570867.1961304154
424776.5286088606	4570866.7354853349
424775.6410244367	4570866.2748402534
424774.7534400128	4570865.8141951729
424773.8658555890	4570865.3535500923
424772.9693712986	4570864.9112121630
424772.0588598901	4570864.4977282155
424771.1483484815	4570864.0842442680
424770.2378370730	4570863.6707603205
424769.3273256644	4570863.2572763730
424768.4112082675	4570862.8567098612
424767.4873051696	4570862.4740833258
424766.5634020717	4570862.0914567905
424765.6394989739	4570861.7088302551
424764.7155958760	4570861.3262037188
424763.7916927781	4570860.9435771834
424762.8677896802	4570860.5609506480
424761.9438865824	4570860.1783241127
424761.0202147333	4570859.7951913485
424760.1261079197	4570859.3473375710
424759.2320011062	4570858.8994837934
424758.3378942926	4570858.4516300168
424757.4437874790	4570858.0037762392
424756.5496806655	4570857.5559224617
424755.6249090348	4570857.1783209816
424754.6885798573	4570856.8271975396
424753.7522506797	4570856.4760740977
424752.8159215022	4570856.1249506557
424751.9368164519	4570855.6507824641
424751.0649794266	4570855.1609863825
424750.1931424013	4570854.6711903010
424749.3213053760	4570854.1813942194
424748.4494683508	4570853.6915981388
424747.5689182206	4570853.2200168315
424746.6404415298	4570852.8486261545
424745.7119648390	4570852.4772354774
424744.7634431119	4570852.1626010844
424743.8076641031	4570851.8685152354
424742.8518850943	4570851.5744293872
424741.9245811065	4570851.2043155730
424741.0107695579	4570850.7981771063
424740.0969580093	4570850.3920386406
424739.3293007491	4570849.7567147873
424738.5756204544	4570849.0994735733
424737.8219401596	4570848.4422323592
424736.9250173124	4570848.0031084847
424736.0224154921	4570847.5726320576
424735.1198136717	4570847.1421556314
424734.2217552324	4570846.7023486635
424733.3262646350	4570846.2572682332
424732.4307740376	4570845.8121878020
424731.5438323296	4570845.3521185247
424730.7048583412	4570844.8079470014
424729.8592355299	4570844.2793031000
424728.8864293152	4570844.0476825722
424727.9136231005	4570843.8160620453
424726.9944844566	4570843.4405355863
424726.1075703724	4570842.9786011670
424725.2206562881	4570842.5166667486
424724.3707429204	4570841.9932216760
424723.5470581773	4570841.4261736674
424722.7233734341	4570840.8591256589
424721.8996886910	4570840.2920776503
424721.0286350972	4570839.8200792735
424720.0799517991	4570839.5038515078
424719.1312685010	4570839.1876237420
424718.1825852029	4570838.8713959763
424717.2339019048	4570838.5551682096
424716.2852186067	4570838.2389404438
424715.3365353086	4570837.9227126781
424714.3980926916	4570837.5819492694
424713.5060930292	4570837.1299132062
424712.6140933668	4570836.6778771430
424711.7220937044	4570836.2258410798
424710.8300940420	4570835.7738050167
424709.9380943796	4570835.3217689544
424709.0515210118	4570834.8596915761
424708.1846147088	4570834.3612204520
424707.3177084058	4570833.8627493270
424706.4508021028	4570833.3642782029
424705.5838957998	4570832.8658070788
424704.7141008737	4570832.3739184663
424703.7603209504	4570832.0734124631
424702.8065410272	4570831.7729064599
424701.8527611040	4570831.4724004557
424700.8989811807	4570831.1718944525
424700.0072630034	4570830.7290359857
424699.1379728844	4570830.2347337613
424698.2686827655	4570829.7404315369
424697.3738780574	4570829.2989108237
424696.4465276249	4570828.9247167893
424695.5191771924	4570828.5505227549
424694.5918267598	4570828.1763287205
424693.7035680445	4570827.7171081826
424692.8158135130	4570827.2567910179
424691.9280589815	4570826.7964738533
424691.0745941610	4570826.2785724960
424690.2469015206	4570825.7173908027
424689.4192088802	4570825.1562091094
424688.5915162398	4570824.5950274160
424687.7431614737	4570824.0669876449
424686.8749183314	4570823.5708487071
424686.0066751891	4570823.0747097684
424685.1326467556	4570822.5888381759
424684.2584894796	4570822.1031952444
424683.3843322036	4570821.6175523130
424682.4748345412	4570821.2045276165
424681.5532832039	4570820.8162710872
424680.6317318665	4570820.4280145578
424679.7101805292	4570820.0397580285
424678.7886291919	4570819.6515014991
424677.9178172810	4570819.1704079853
424677.0934041720	4570818.6044194466
424676.2689910630	4570818.0384309078
424675.4445779540	4570817.4724423699
424674.6201648450	4570816.9064538311
424673.7735263253	4570816.3758847518
424672.9052831832	4570815.8797458131
424672.0370400412	4570815.3836068744
424671.1687968992	4570814.8874679357
424670.2931163541	4570814.4092597021
424669.3286100083	4570814.1452000327
424668.3641036624	4570813.8811403634
424667.3995973165	4570813.6170806950
424666.4350909707	4570813.3530210257
424665.4906799740	4570813.0293964492
424664.5633295414	4570812.6552024158
424663.6359791088	4570812.2810083814
424662.7149485753	4570811.8941654097
424661.8588841300	4570811.3772963108
424661.0028196847	4570810.8604272120
424660.1467552394	4570810.3435581122
424659.2605071254	4570809.8831690634
424658.3550773867	4570809.4586729053
424657.4482565469	4570809.0372416368
424656.5326374664	4570808.6351947496
424655.6170183859	4570808.2331478624
424654.7013993054	4570807.8311009752
424653.7857802249	4570807.4290540889
424652.8587307468	4570807.0566751249
424651.9100474487	4570806.7404473592
424650.9613641505	4570806.4242195934
424650.0126808525	4570806.1079918277
424649.0740394070	4570805.7631369382
424648.1356962904	4570805.4174315790
424647.2644485153	4570804.9367691120
424646.4224161397	4570804.3973421212
424645.5803837640	4570803.8579151304
424644.7383513883	4570803.3184881397
424643.8636215987	4570802.8406319376
424642.9451530664	4570802.4451378733
424642.0266845342	4570802.0496438080
424641.1058681665	4570801.6599284150
424640.1718279404	4570801.3027605889
424639.2377877144	4570800.9455927620
424638.3037474884	4570800.5884249359
424637.3697072623	4570800.2312571099
424636.4074960038	4570799.9603258530
424635.4427321825	4570799.6972084474
424634.4779683613	4570799.4340910418
424633.5204114781	4570799.1535745477
424632.6521683360	4570798.6574356100
424631.7839251939	4570798.1612966713
424630.9746047166	4570797.5761983506
424630.1790518443	4570796.9703141805
424629.3134900733	4570796.5078549702
424628.3464155362	4570796.2533616703
424627.3793409991	4570795.9988683704
424626.4061127072	4570795.7729381733
424625.4200377424	4570795.6066367496
424624.4339627775	4570795.4403353250
424623.4478878126	4570795.2740339013
424622.5320372418	4570794.9141206732
424621.6686355245	4570794.4096036023
424620.8052338074	4570793.9050865313
424619.9418320902	4570793.4005694604
424619.0208778828	4570793.0231199032
424618.0649491038	4570792.7309253449
424617.0995622134	4570792.4701032760
424616.1341753230	4570792.2092812071
424615.1982968322	4570791.8636245625
424614.2794370081	4570791.4690404478
424613.3632247114	4570791.0687533868
424612.4524217629	4570790.6645539692
424611.4870365357	4570790.4037257442
424610.5216513085	4570790.1428975193
424609.5572154654	4570789.8785864497
424608.5930100727	4570789.6134299664
424607.6424440853	4570789.3063849118
424606.7069719916	4570788.9529843433
424605.7714998980	4570788.5995837739
424604.8644616201	4570788.1803340707
424603.9657759158	4570787.7417408600
424603.0228953854	4570787.4132258119
424602.0704217647	4570787.1086047329
424601.1064105944	4570786.8445246518
424600.1362680941	4570786.6019890280
424599.1661255938	4570786.3594534034
424598.2320073130	4570786.0121806664
424597.3179299335	4570785.6066408483
424596.4038525541	4570785.2011010293
424595.4897751746	4570784.7955612112
424594.5701018045	4570784.4049276114
424593.6149713311	4570784.1087422324
424592.6598408576	4570783.8125568535
424591.7047103842	4570783.5163714746
424590.7495799107	4570783.2201860957
424589.8429852036	4570782.8069358282
424588.9584833202	4570782.3403992075
424588.0739814368	4570781.8738625869
424587.1894795533	4570781.4073259663
424586.3049776699	4570780.9407893466
424585.4204757865	4570780.4742527260
424584.4690543251	4570780.1700843554
424583.5126883639	4570779.8779129190
424582.5563224026	4570779.5857414827
424581.5999564413	4570779.2935700463
424580.7088971583	4570778.8449396696
424579.8286164752	4570778.3704863852
424578.9483357921	4570777.8960331017
424578.0630497623	4570777.4328872273
424577.1200036172	4570777.1002252847
424576.1769574721	4570776.7675633421
424575.2339113269	4570776.4349013986
424574.2908651818	4570776.1022394560
424573.3478190367	4570775.7695775134
424572.4774345727	4570775.3021520972
424571.6812723789	4570774.6970688291
424570.8962909157	4570774.0776477261
424570.1154221063	4570773.4529526783
424569.3345532968	4570772.8282576315
424568.5536844873	4570772.2035625838
424567.7076266737	4570771.6941287331
424566.7698779130	4570771.3468143772
424565.8321291523	4570770.9995000223
424564.8844377609	4570770.6931206826
424563.8918513722	4570770.5715794917
424562.8992649836	4570770.4500383008
424561.9460867634	4570770.1968221525
424561.0499262256	4570769.7530921772
424560.1537656879	4570769.3093622029
424559.2576051501	4570768.8656322276
424558.3614446124	4570768.4219022533
424557.4652840746	4570767.9781722780
424556.5691235369	4570767.5344423028
424555.7222090845	4570767.0031767515
424554.8777005060	4570766.4676347254
424554.0331919276	4570765.9320927002
424553.1886833491	4570765.3965506749
424552.3441747707	4570764.8610086497
424551.4951948547	4570764.3326513115
424550.6417428031	4570763.8114799429
424549.7882907515	4570763.2903085733
424548.9348387000	4570762.7691372046
424548.0813866484	4570762.2479658360
424547.2279345969	4570761.7267944673
424546.4954934628	4570761.0624305028
424545.8393147479	4570760.3078249814
424545.1955508139	4570759.5431878567
424544.4434713252	4570758.9542416092
424543.4947102501	4570758.6382472701
424542.5459491750	4570758.3222529301
424541.5971881000	4570758.0062585911
424540.6759586248	4570757.6287943898
424539.8084812611	4570757.1313177338
424538.9410038974	4570756.6338410778
424538.0735265336	4570756.1363644218
424537.2002046751	4570755.6495517846
424536.3141413689	4570755.1859875312
424535.4280780626	4570754.7224232778
424534.5420147563	4570754.2588590244
424533.6586217154	4570753.7902790979
424532.7793297488	4570753.3139959490
424531.9000377822	4570752.8377128011
424531.0279169341	4570752.3488601930
424530.1704643920	4570751.8342971383
424529.3130118499	4570751.3197340826
424528.4597034321	4570750.7983782180
424527.6098512673	4570750.2713570623
424526.7599991024	4570749.7443359075
424525.9336138672	4570749.1813463364
424525.1088850152	4570748.6158179818
424524.3268554345	4570747.9957284853
424523.5796847652	4570747.3310962636
424522.8325140960	4570746.6664640410
424522.0420042703	4570746.0636723926
424521.1622977567	4570745.5881553581
424520.2825912430	4570745.1126383245
424519.4045331505	4570744.6344714090
424518.5891657155	4570744.0555275893
424517.7737982806	4570743.4765837705
424516.9584308456	4570742.8976399507
424516.1430634107	4570742.3186961319
424515.3276959757	4570741.7397523122
424514.5123285408	4570741.1608084925
424513.6609192971	4570740.6378789479
424512.7961303505	4570740.1357434308
424511.9313414039	4570739.6336079128
424511.0665524573	4570739.1314723957
424510.2766653329	4570738.5240116520
424509.5184801367	4570737.8719723830
424508.7602949406	4570737.2199331140
424508.0021097445	4570736.5678938450
424507.2738717813	4570735.8825713461
424506.5456717886	4570735.1972066471
424505.8174717959	4570734.5118419481
424505.0892718031	4570733.8264772492
424504.3610718104	4570733.1411125502
424503.5555032785	4570732.5528696887
424502.7246963878	4570731.9963089013
424501.8938894970	4570731.4397481140
424501.0630826062	4570730.8831873257
424500.2322757154	4570730.3266265383
424499.4014688246	4570729.7700657509
424498.5706619338	4570729.2135049636
424497.7360920750	4570728.6626139451
424496.9005278169	4570728.1132212160
424496.0649635588	4570727.5638284869
424495.2293993007	4570727.0144357588
424494.3938350426	4570726.4650430297
424493.5582707845	4570725.9156503007
424492.7227065264	4570725.3662575716
424491.8871422684	4570724.8168648425
424491.0515780103	4570724.2674721135
424490.2160137522	4570723.7180793844
424489.3804494941	4570723.1686866563
424488.5448852360	4570722.6192939272
424487.7093209779	4570722.0699011981
424486.8737567198	4570721.5205084691
424486.0381924617	4570720.9711157400
424485.2026282036	4570720.4217230109
424484.3670639456	4570719.8723302819
424483.5314996875	4570719.3229375537
424482.6959354294	4570718.7735448247
424481.8603711713	4570718.2241520956
424481.0248069132	4570717.6747593665
424480.1892426551	4570717.1253666375
424479.3536783970	4570716.5759739084
424478.5181141389	4570716.0265811794
424477.6825498808	4570715.4771884512
424476.8469856228	4570714.9277957221
424476.0114213647	4570714.3784029931
424475.1758571066	4570713.8290102640
424474.3321316314	4570713.2924734447
424473.4794113660	4570712.7701056153
424472.6266911005	4570712.2477377858
424471.7739708351	4570711.7253699573
424470.9212505696	4570711.2030021278
424470.0685303041	4570710.6806342993
424469.2158100387	4570710.1582664698
424468.3630897733	4570709.6358986404
424467.5103695079	4570709.1135308119
424466.6576492424	4570708.5911629824
424465.8137526030	4570708.0559318410
424465.0193947701	4570707.4484817330
424464.2250369372	4570706.8410316249
424463.4306791043	4570706.2335815178
424462.6363212714	4570705.6261314098
424461.8430182963	4570705.0173090566
424461.0517332946	4570704.4058615556
424460.2604482929	4570703.7944140546
424459.4735441532	4570703.1774802441
424458.7021532477	4570702.5411186563
424457.9307623421	4570701.9047570676
424457.1593714365	4570701.2683954798
424456.3879805309	4570700.6320338920
424455.5721327951	4570700.0570503250
424454.7269780216	4570699.5225286614
424453.8818232480	4570698.9880069979
424453.0366684745	4570698.4534853343
424452.2038673365	4570697.9001665553
424451.3779174632	4570697.3364229910
424450.5519675898	4570696.7726794258
424449.7260177164	4570696.2089358615
424448.8692687209	4570695.7001022063
424447.9575876324	4570695.2892036876
424447.0459065439	4570694.8783051679
424446.1342254554	4570694.4674066491
424445.2225443669	4570694.0565081304
424444.3928745882	4570693.4986334220
424443.5644319391	4570692.9385595182
424442.7359892900	4570692.3784856154
424441.9075466410	4570691.8184117116
424441.0810751601	4570691.2554846210
424440.2641072969	4570690.6788014239
424439.4471394336	4570690.1021182258
424438.6301715703	4570689.5254350286
424437.8132037070	4570688.9487518305
424436.9673802970	4570688.4180963393
424436.0923462546	4570687.9340349538
424435.2173122121	4570687.4499735693
424434.3448464328	4570686.9613289256
424433.4751605175	4570686.4677234059
424432.6054746023	4570685.9741178872
424431.7357886870	4570685.4805123676
424430.8661027717	4570684.9869068479
424429.9540838523	4570684.5817860570
424429.0240318624	4570684.2143581100
424428.0939798724	4570683.8469301639
424427.1639278824	4570683.4795022169
424426.2338758924	4570683.1120742708
424425.3769958409	4570682.6024200041
424424.5373032686	4570682.0593579598
424423.6976106962	4570681.5162959164
424422.8579181238	4570680.9732338721
424422.0182255514	4570680.4301718278
424421.1785329790	4570679.8871097835
424420.3388404066	4570679.3440477392
424419.4991478343	4570678.8009856949
424418.6594552619	4570678.2579236506
424417.8197626895	4570677.7148616062
424416.9800701171	4570677.1717995619
424416.1403775447	4570676.6287375176
424415.2834939464	4570676.1142989825
424414.4095942568	4570675.6281926846
424413.5356945672	4570675.1420863876
424412.6617948776	4570674.6559800897
424411.7878951881	4570674.1698737917
424410.9139954984	4570673.6837674947
424410.0400958088	4570673.1976611968
424409.1661961192	4570672.7115548998
424408.2922964297	4570672.2254486019
424407.4183967401	4570671.7393423039
424406.5486592460	4570671.2460748600
424405.6937199003	4570670.7273468813
424404.8387805546	4570670.2086189035
424403.9838412090	4570669.6898909258
424403.1289018633	4570669.1711629471
424402.2739625176	4570668.6524349693
424401.4364308974	4570668.1075671623
424400.6281944010	4570667.5187091436
424399.8199579047	4570666.9298511250
424399.0117214084	4570666.3409931073
424398.2034849120	4570665.7521350887
424397.3390735287	4570665.2618915988
424396.4203458589	4570664.8669998813
424395.5016181891	4570664.4721081629
424394.5828905193	4570664.0772164455
424393.6641628494	4570663.6823247280
424392.7454351796	4570663.2874330105
424391.8267075098	4570662.8925412931
424390.9324419695	4570662.4479439491
424390.0590780952	4570661.9608756341
424389.1857142209	4570661.4738073200
424388.3123503467	4570660.9867390050
424387.4389864725	4570660.4996706899
424386.5656225982	4570660.0126023758
424385.6922587239	4570659.5255340608
424384.7936901994	4570659.0873029642
424383.8907146036	4570658.6576111289
424382.9877390078	4570658.2279192936
424382.0847634119	4570657.7982274583
424381.1817878161	4570657.3685356230
424380.2788122203	4570656.9388437876
424379.3758366245	4570656.5091519523
424378.4728610287	4570656.0794601170
424377.5698854329	4570655.6497682817
424376.6661585782	4570655.2216594713
424375.7622802935	4570654.7938697487
424374.8584020087	4570654.3660800271
424373.9545237240	4570653.9382903045
424373.0506454393	4570653.5105005829
424372.1467671545	4570653.0827108603
424371.2428888698	4570652.6549211387
424370.3390105851	4570652.2271314161
424369.4080569878	4570651.8650843948
424368.4650666543	4570651.5322642773
424367.5220763207	4570651.1994441589
424366.5790859871	4570650.8666240415
424365.6360956536	4570650.5338039231
424364.6931053201	4570650.2009838056
424363.7501149865	4570649.8681636872
424362.8071246530	4570649.5353435697
424361.8641343194	4570649.2025234522
424360.9211439859	4570648.8697033338
424359.9781095944	4570648.5370080937
424359.0350415611	4570648.2044082070
424358.0919735278	4570647.8718083203
424357.1489054946	4570647.5392084336
424356.2058374613	4570647.2066085469
424355.2627694280	4570646.8740086602
424354.3197013948	4570646.5414087735
424353.3766333615	4570646.2088088868
424352.4335653282	4570645.8762090001
424351.4904972950	4570645.5436091134
424350.5474292617	4570645.2110092267
424349.6043612284	4570644.8784093400
424348.6612931952	4570644.5458094534
424347.7157487399	4570644.2206379808
424346.7617550229	4570643.9208113840
424345.8077613060	4570643.6209847871
424344.8537675891	4570643.3211581903
424343.8997738722	4570643.0213315934
424342.9457801553	4570642.7215049965
424341.9917864384	4570642.4216783997
424341.0377927215	4570642.1218518037
424340.0837990046	4570641.8220252069
424339.1298052877	4570641.5221986100
424338.1758115707	4570641.2223720131
424337.2218178538	4570640.9225454163
424336.2678241370	4570640.6227188194
424335.3412827211	4570640.2478715619
424334.4190883393	4570639.8611448854
424333.4968939574	4570639.4744182089
424332.5746995755	4570639.0876915334
424331.6525051936	4570638.7009648569
424330.7303108117	4570638.3142381813
424329.8081164299	4570637.9275115049
424328.8859220480	4570637.5407848284
424327.9637276661	4570637.1540581528
424327.0340188102	4570636.7865513749
424326.0940721646	4570636.4452299671
424325.1541255189	4570636.1039085593
424324.2141788733	4570635.7625871524
424323.2742322277	4570635.4212657446
424322.3342855820	4570635.0799443368
424321.3943389364	4570634.7386229290
424320.4543922908	4570634.3973015212
424319.5144456451	4570634.0559801133
424318.5744989994	4570633.7146587055
424317.6345523538	4570633.3733372986
424316.7048628992	4570633.0054067150
424315.7790152554	4570632.6275097178
424314.8531676117	4570632.2496127207
424313.9265634377	4570631.8735762918
424312.9997138054	4570631.4981435295
424312.0728641732	4570631.1227107672
424311.1460145409	4570630.7472780040
424310.2191649087	4570630.3718452416
424309.2982760575	4570629.9820303246
424308.3775852804	4570629.5917374948
424307.4568945032	4570629.2014446650
424306.5362037260	4570628.8111518351
424305.6155129489	4570628.4208590062
424304.6765363715	4570628.0859622620
424303.7044219119	4570627.8514553802
424302.7323074523	4570627.6169484993
424301.7796653257	4570627.3254061714
424300.8671023711	4570626.9164699242
424299.9545394165	4570626.5075336779
424299.0419764619	4570626.0985974306
424298.1107173154	4570625.7348435884
424297.1760211907	4570625.3793957662
424296.2413250660	4570625.0239479439
424295.3066289414	4570624.6685001217
424294.3470767283	4570624.3970937263
424293.3694082268	4570624.1869406849
424292.3917397253	4570623.9767876426
424291.4140712238	4570623.7666346002
424290.4364027223	4570623.5564815579
424289.4587342207	4570623.3463285156
424288.4924321648	4570623.0938745392
424287.5411031312	4570622.7856975282
424286.5897740976	4570622.4775205180
424285.6384450639	4570622.1693435078
424284.6856445250	4570621.8658734998
424283.7281799852	4570621.5773225417
424282.7707154454	4570621.2887715846
424281.8132509056	4570621.0002206275
424280.8557863658	4570620.7116696695
424279.8918662903	4570620.4455229789
424278.9276608975	4570620.1803664956
424277.9634555047	4570619.9152100123
424276.9992501119	4570619.6500535291
424276.1267448582	4570619.2391871186
424275.4705661432	4570618.4845815962
424274.8143874282	4570617.7299760738
424274.1582087133	4570616.9753705524
424273.2537280121	4570616.5827857247
424272.3134387889	4570616.2424092023
424271.3680441178	4570615.9168345714
424270.4178581594	4570615.6051510070
424269.4676722010	4570615.2934674425
424268.5174862427	4570614.9817838781
424267.5673002842	4570614.6701003127
424266.6176290596	4570614.3568601403
424265.6689457615	4570614.0406323746
424264.7202624633	4570613.7244046088
424263.7803830903	4570613.3873273302
424262.8921654473	4570612.9279044112
424262.0039478042	4570612.4684814923
424261.1157301611	4570612.0090585733
424260.2643452587	4570611.4896932384
424259.4531688798	4570610.9048916632
424258.6419925008	4570610.3200900881
424257.7730745957	4570609.8396751005
424256.8466080187	4570609.4632980535
424255.9201414416	4570609.0869210064
424254.9936748645	4570608.7105439594
424254.0744357202	4570608.3171103997
424253.1596074600	4570607.9132672939
424252.2447791997	4570607.5094241872
424251.3299509395	4570607.1055810815
424250.4151226792	4570606.7017379757
424249.5002944190	4570606.2978948699
424248.5854661588	4570605.8940517632
424247.7133395213	4570605.4069265276
424246.8514704923	4570604.8997956011
424245.9896014632	4570604.3926646747
424245.1277324340	4570603.8855337482
424244.2658634050	4570603.3784028217
424243.4039943759	4570602.8712718952
424242.5421253468	4570602.3641409688
424241.6802563177	4570601.8570100423
424240.7825195799	4570601.4190326193
424239.8715170599	4570601.0066318335
424238.9605145399	4570600.5942310467
424238.0495120199	4570600.1818302609
424237.1300164795	4570599.7911062939
424236.1813331814	4570599.4748785282
424235.2326498832	4570599.1586507624
424234.2839665851	4570598.8424229966
424233.3352832870	4570598.5261952309
424232.3865999889	4570598.2099674651
424231.4365294787	4570597.8979357574
424230.4862999378	4570597.5863850880
424229.5360703969	4570597.2748344187
424228.6567504235	4570596.8479152294
424227.9496436421	4570596.1408084482
424227.1892300422	4570595.4975292534
424226.3674355925	4570594.9277451867
424225.5320137083	4570594.3867377993
424224.5704897607	4570594.1120166713
424223.6153697431	4570593.8170275707
424222.6705569760	4570593.4894167725
424221.7257442089	4570593.1618059743
424220.7809314418	4570592.8341951761
424219.8361186747	4570592.5065843780
424218.8913059076	4570592.1789735798
424217.9844729447	4570591.7604705980
424217.0874608350	4570591.3184646312
424216.1904487252	4570590.8764586635
424215.2934366155	4570590.4344526967
424214.4169196001	4570589.9551701015
424213.5631234246	4570589.4345626775
424212.7093272490	4570588.9139552526
424211.8526580444	4570588.3980976762
424210.9951651186	4570587.8836019207
424210.1178862130	4570587.4214140875
424209.1345533625	4570587.2395996079
424208.1512205120	4570587.0577851282
424207.1681729885	4570586.8747699810
424206.2081729885	4570586.5947699817
424205.2481729884	4570586.3147699814
424204.2881729884	4570586.0347699821
424203.3296092046	4570585.7502960227
424202.3860092225	4570585.4192083096
424201.4424092404	4570585.0881205965
424200.4988092583	4570584.7570328834
424199.5552092762	4570584.4259451702
424198.6386609629	4570584.0360474959
424197.7732346778	4570583.5350112244
424196.8679498898	4570583.1162014063
424195.9385215638	4570582.7471987139
424195.0100307890	4570582.3760020873
424194.1009659661	4570581.9593473766
424193.1919011433	4570581.5426926659
424192.2807361568	4570581.1310624182
424191.3455705787	4570580.7768515460
424190.4166336673	4570580.4108476238
424189.5968586948	4570579.8381618503
424188.7770837223	4570579.2654760778
424187.9455524729	4570578.7163029024
424186.9955384035	4570578.4040958118
424186.0455243340	4570578.0918887202
424185.0955102646	4570577.7796816286
424184.1454961951	4570577.4674745379
424183.1954821257	4570577.1552674463
424182.2485642173	4570576.8338502701
424181.3028752246	4570576.5087774638
424180.3571862319	4570576.1837046584
424179.4114972393	4570575.8586318521
424178.4658082466	4570575.5335590467
424177.5201192540	4570575.2084862404
424176.5735008559	4570574.8861442041
424175.6258526431	4570574.5668279575
424174.6782044304	4570574.2475117119
424173.7305562176	4570573.9281954663
424172.7829080049	4570573.6088792197
424171.8353884129	4570573.2891923282
424170.8936465012	4570572.9528559316
424169.9519045895	4570572.6165195350
424169.1430494639	4570572.0772799011
424168.4583740024	4570571.3484318284
424167.7736985409	4570570.6195837567
424166.9454837941	4570570.0603512228
424166.1134334998	4570569.5056510270
424165.1608079250	4570569.2087587258
424164.2016931703	4570568.9257412581
424163.2425784155	4570568.6427237894
424162.2815342872	4570568.3664771263
424161.3172996915	4570568.1014268585
424160.3530650959	4570567.8363765897
424159.3888305003	4570567.5713263219
424158.4245959047	4570567.3062760541
424157.4603613090	4570567.0412257854
424156.4961267134	4570566.7761755176
424155.5318921178	4570566.5111252498
424154.5676575222	4570566.2460749811
424153.6034229266	4570565.9810247133
424152.6391883309	4570565.7159744455
424151.6749537353	4570565.4509241777
424150.7135742500	4570565.1772762444
424149.7823314704	4570564.8128768951
424148.8510886908	4570564.4484775467
424147.9198459112	4570564.0840781974
424146.9886031316	4570563.7196788490
424146.0599191184	4570563.3488121824
424145.1314424276	4570562.9774215054
424144.2029657368	4570562.6060308293
424143.2779301530	4570562.2264005458
424142.3610953540	4570561.8271337785
424141.4442605549	4570561.4278670121
424140.5274257558	4570561.0286002448
424139.6826817979	4570560.5117029967
424138.9107515622	4570559.8759957440
424138.1364899634	4570559.2436816525
424137.2662345665	4570558.7510808567
424136.3959791695	4570558.2584800608
424135.4829716875	4570557.8584245211
424134.5437473745	4570557.5151204430
424133.6045230615	4570557.1718163649
424132.6867432734	4570556.7781532723
424131.7883589127	4570556.3389431396
424130.8899745519	4570555.8997330070
424129.9780938935	4570555.4897901975
424129.0607488824	4570555.0916970791
424128.1434038714	4570554.6936039608
424127.2382824198	4570554.2695575375
424126.3471193042	4570553.8158744974
424125.4559561886	4570553.3621914564
424124.5647601780	4570552.9085877063
424123.6141547215	4570552.5981859248
424122.6635492650	4570552.2877841434
424121.7129834625	4570551.9772611698
424120.7627539215	4570551.6657105004
424119.8125243806	4570551.3541598311
424118.8622948396	4570551.0426091617
424117.9091529778	4570550.7402388081
424116.9530987695	4570550.4470488513
424115.9970445613	4570550.1538588945
424115.0409903531	4570549.8606689377
424114.0899120954	4570549.5546753751
424113.1867780910	4570549.1253165863
424112.2836440866	4570548.6959577966
424111.3805100821	4570548.2665990070
424110.5277405821	4570547.7626750879
424109.7921954768	4570547.0851993337
424109.0566503715	4570546.4077235786
424108.2429026099	4570545.8554842714
424107.3113249904	4570545.4919417854
424106.3797473709	4570545.1283992995
424105.4189368965	4570544.8524050917
424104.4558259225	4570544.5833005542
424103.4927149485	4570544.3141960176
424102.5296039745	4570544.0450914809
424101.6435531284	4570543.5833625430
424100.7605821626	4570543.1139349416
424099.8776111967	4570542.6445073392
424098.9946402309	4570542.1750797378
424098.1116692650	4570541.7056521354
424097.2556431662	4570541.1889140364
424096.4014446108	4570540.6689670896
424095.5472460552	4570540.1490201419
424094.6930474998	4570539.6290731952
424093.7894510664	4570539.2331837304
424092.8116486522	4570539.0236546425
424091.8338462379	4570538.8141255537
424090.8707857037	4570538.5621381737
424089.9735282190	4570538.1206305223
424089.0762707343	4570537.6791228717
424088.1790132497	4570537.2376152202
424087.2738730802	4570536.8139217040
424086.3437006444	4570536.4467987819
424085.4135282086	4570536.0796758598
424084.4845594696	4570535.7095803255
424083.5610182969	4570535.3260810394
424082.6374771243	4570534.9425817532
424081.7139359516	4570534.5590824671
424080.7903947789	4570534.1755831819
424079.8668536062	4570533.7920838958
424078.9274626985	4570533.4574476164
424077.9546564837	4570533.2258270895
424076.9818502690	4570532.9942065617
424076.0090440542	4570532.7625860348
424075.1041360796	4570532.3564211065
424074.2305323089	4570531.8697832003
424073.3569285383	4570531.3831452932
424072.4833247677	4570530.8965073870
424071.6097209971	4570530.4098694809
424070.7361172264	4570529.9232315747
424069.8036998353	4570529.5637009116
424068.8672781079	4570529.2128243679
424067.9308563805	4570528.8619478252
424066.9944346530	4570528.5110712824
424066.0580129256	4570528.1601947388
424065.1150771382	4570527.8275616150
424064.1681955495	4570527.5059791887
424063.2213139608	4570527.1843967624
424062.3041161312	4570526.7937520836
424061.4191979087	4570526.3280056510
424060.5389470456	4570525.8546608016
424059.7234399009	4570525.2759137964
424058.9079327562	4570524.6971667903
424058.0350161362	4570524.2101706490
424057.1579272172	4570523.7298426069
424056.1981761677	4570523.4884365499
424055.2117822439	4570523.3240375621
424054.2253883201	4570523.1596385743
424053.2638341009	4570522.9074029736
424052.3374295754	4570522.5308732204
424051.4110250498	4570522.1543434681
424050.6075001018	4570521.5722102765
424049.8371057807	4570520.9346425626
424049.0861548761	4570520.2746087369
424048.3446327764	4570519.6036802940
424047.5238628076	4570519.0597224142
424046.5953861164	4570518.6883317390
424045.6607141748	4570518.3338333042
424044.7122783786	4570518.0168639990
424043.7745233839	4570517.6752012875
424042.8940522842	4570517.2011014642
424042.0135811845	4570516.7270016409
424041.1331100847	4570516.2529018177
424040.2537016025	4570515.7768348362
424039.3744953589	4570515.3003934640
424038.4952891153	4570514.8239520919
424037.6160828716	4570514.3475107197
424036.7368766280	4570513.8710693475
424035.8535928591	4570513.4028762495
424034.9411699084	4570512.9936277205
424034.0287469576	4570512.5843791906
424033.1163240067	4570512.1751306616
424032.2039010559	4570511.7658821316
424031.2914781051	4570511.3566336026
424030.3790551544	4570510.9473850727
424029.4666322036	4570510.5381365437
424028.5542092528	4570510.1288880138
424027.6546021051	4570509.6925290180
424026.7592393270	4570509.2471915111
424025.8638765489	4570508.8018540032
424024.9685137709	4570508.3565164953
424024.0731509928	4570507.9111789884
424023.1777882147	4570507.4658414805
424022.2613445233	4570507.0666925823
424021.3382676002	4570506.6820771974
424020.4151906771	4570506.2974618133
424019.4921137541	4570505.9128464283
424018.5690368311	4570505.5282310434
424017.6459599080	4570505.1436156593
424016.7271165024	4570504.7495728917
424015.8263924517	4570504.3151811510
424014.9256684009	4570503.8807894103
424014.0249443501	4570503.4463976696
424013.1242202994	4570503.0120059289
424012.2234962486	4570502.5776141882
424011.3227721979	4570502.1432224475
424010.4220481471	4570501.7088307068
424009.5213240963	4570501.2744389661
424008.6277216913	4570500.8259989070
424007.7449207581	4570500.3562516216
424006.8621198250	4570499.8865043353
424005.9793188919	4570499.4167570500
424005.0965179587	4570498.9470097646
424004.2137170256	4570498.4772624783
424003.3309160923	4570498.0075151930
424002.4341645218	4570497.5663070260
424001.5212106279	4570497.1582443016
424000.6082567341	4570496.7501815762
423999.6953028402	4570496.3421188509
423998.7823489463	4570495.9340561256
423997.8693950523	4570495.5259934003
423996.9564411585	4570495.1179306759
423996.0434872646	4570494.7098679505
423995.1335883169	4570494.2951619485
423994.2295652881	4570493.8676781906
423993.3255422593	4570493.4401944326
423992.4215192304	4570493.0127106747
423991.5174962016	4570492.5852269167
423990.6134731728	4570492.1577431588
423989.7094501439	4570491.7302593999
423988.8054271151	4570491.3027756419
423987.9081774835	4570490.8617830845
423987.0248284627	4570490.3930672770
423986.1414794420	4570489.9243514705
423985.2581304212	4570489.4556356641
423984.3747814005	4570488.9869198566
423983.4914323797	4570488.5182040501
423982.6125657230	4570488.0418983232
423981.7755961091	4570487.4946489604
423980.9386264951	4570486.9473995976
423980.1016568812	4570486.4001502339
423979.2646872673	4570485.8529008711
423978.4277176534	4570485.3056515083
423977.5907480394	4570484.7584021455
423976.7434195630	4570484.2308337549
423975.8184792791	4570483.8507213090
423974.8935389951	4570483.4706088640
423973.9685987112	4570483.0904964181
423973.0436584273	4570482.7103839731
423972.2409435555	4570482.1348650930
423971.4944302839	4570481.4694945682
423970.7479170122	4570480.8041240433
423969.9599941250	4570480.2062202748
423969.0287513453	4570479.8418209264
423968.0975085655	4570479.4774215780
423967.1662657857	4570479.1130222296
423966.2350230060	4570478.7486228812
423965.3037802262	4570478.3842235329
423964.4253683558	4570477.9134609792
423963.5723346920	4570477.3916050913
423962.7193010281	4570476.8697492024
423961.8662673642	4570476.3478933144
423961.0132337004	4570475.8260374255
423960.1569291097	4570475.3100797897
423959.2625019186	4570474.8628661949
423958.3680747275	4570474.4156525992
423957.4736475364	4570473.9684390044
423956.5792203453	4570473.5212254087
423955.8346385571	4570472.8573405407
423955.1005391178	4570472.1782985590
423954.3664396785	4570471.4992565773
423953.5000612645	4570471.0074949209
423952.6146633616	4570470.5426610224
423951.7292654587	4570470.0778271239
423950.8438675558	4570469.6129932245
423949.9584696529	4570469.1481593261
423949.0381949686	4570468.7591231633
423948.1091763018	4570468.3890903043
423947.1801576349	4570468.0190574452
423946.2511389681	4570467.6490245862
423945.3221203013	4570467.2789917272
423944.3931016344	4570466.9089588681
423943.4640829676	4570466.5389260091
423942.5436267864	4570466.1483972585
423941.6274694515	4570465.7475784244
423940.7113121166	4570465.3467595903
423939.7951547817	4570464.9459407562
423938.8789974469	4570464.5451219222
423937.9628401120	4570464.1443030881
423937.0225800390	4570463.8056889409
423936.0755422113	4570463.4845669195
423935.1285043836	4570463.1634448972
423934.1814665560	4570462.8423228757
423933.2344287283	4570462.5212008534
423932.3104462002	4570462.1419044565
423931.4005385341	4570461.7270936090
423930.4906308681	4570461.3122827616
423929.5807232021	4570460.8974719141
423928.6639598736	4570460.4985515773
423927.7378675139	4570460.1212546900
423926.8117751541	4570459.7439578027
423925.8856827943	4570459.3666609153
423924.9595904345	4570458.9893640280
423924.0594925721	4570458.5576818986
423923.1842510367	4570458.0739957867
423922.3090095014	4570457.5903096749
423921.4337679661	4570457.1066235630
423920.5585264307	4570456.6229374502
423919.6945417565	4570456.1197106605
423918.8370488305	4570455.6052149050
423917.9326889352	4570455.1848998647
423917.0051700407	4570454.8111235946
423916.0776511463	4570454.4373473236
423915.1501322518	4570454.0635710536
423914.2105550492	4570453.7223509867
423913.2633390798	4570453.4017548114
423912.3161231103	4570453.0811586371
423911.3689071409	4570452.7605624618
423910.3979385558	4570452.5268280338
423909.4193887708	4570452.3208175534
423908.4408389858	4570452.1148070721
423907.4812830115	4570451.8423816226
423906.5417756547	4570451.4998528985
423905.6022682979	4570451.1573241744
423904.6627609410	4570450.8147954512
423903.7232535843	4570450.4722667271
423902.7837462275	4570450.1297380039
423901.9045094021	4570449.6603938602
423901.0456290842	4570449.1482175244
423900.1867487662	4570448.6360411877
423899.3278684482	4570448.1238648519
423898.4689881302	4570447.6116885152
423897.6101078122	4570447.0995121794
423896.7512274943	4570446.5873358427
423895.8211055243	4570446.2517419495
423894.8472643146	4570446.0245123338
423893.8734231048	4570445.7972827181
423892.8995818951	4570445.5700531024
423891.9257406853	4570445.3428234868
423890.9518994756	4570445.1155938711
423889.9780582659	4570444.8883642554
423889.0162926215	4570444.6161986198
423888.0597291400	4570444.3246745113
423887.1031656586	4570444.0331504028
423886.1466021771	4570443.7416262934
423885.1900386956	4570443.4501021849
423884.2334752141	4570443.1585780764
423883.3053576421	4570442.7936342219
423882.4020801377	4570442.3645774079
423881.4988026334	4570441.9355205931
423880.5955251290	4570441.5064637782
423879.6922476247	4570441.0774069633
423878.7756348762	4570440.6787150018
423877.8485248106	4570440.3039258262
423876.9214147449	4570439.9291366506
423875.9943046793	4570439.5543474751
423875.0671946137	4570439.1795582995
423874.1400845480	4570438.8047691239
423873.2102386384	4570438.4368315078
423872.2799657078	4570438.0699633099
423871.3496927772	4570437.7030951120
423870.4194198466	4570437.3362269141
423869.4741132939	4570437.0123715578
423868.5178490993	4570436.7198672155
423867.5615849046	4570436.4273628742
423866.6053207099	4570436.1348585319
423865.6490565152	4570435.8423541905
423864.6797313158	4570435.8420164166
423863.7011815309	4570436.0480268979
423862.7226317459	4570436.2540373793
423861.7440819609	4570436.4600478597
423860.7609271172	4570436.6293691127
423859.7618186036	4570436.6715849657
423858.7627100901	4570436.7138008177
423857.7636015766	4570436.7560166707
423856.7705140295	4570436.7349227760
423855.7972744277	4570436.5051300926
423854.8240348260	4570436.2753374083
423853.8507952243	4570436.0455447240
423852.8820497994	4570435.8023288194
423851.9666459661	4570435.3997920854
423851.0512421329	4570434.9972553514
423850.1358382997	4570434.5947186174
423849.2204344665	4570434.1921818843
423848.3563943645	4570433.7131029526
423847.6369382788	4570433.0185650196
423846.9174821931	4570432.3240270866
423846.1980261074	4570431.6294891527
423845.4785700217	4570430.9349512197
423844.6948504445	4570430.3174119610
423843.8828350731	4570429.7337759137
423843.0708197018	4570429.1501398655
423842.2588043304	4570428.5665038172
423841.4444898998	4570427.9861171823
423840.6238834841	4570427.4146234291
423839.8032770683	4570426.8431296749
423838.9826706526	4570426.2716359217
423838.1541622731	4570425.7118920088
423837.3153826114	4570425.1674210001
423836.4766029496	4570424.6229499923
423835.6378232879	4570424.0784789836
423834.7721110923	4570423.5796747301
423833.8897581513	4570423.1090864949
423833.0074052103	4570422.6384982588
423832.1132117890	4570422.1910643373
423831.2151490808	4570421.7511968892
423830.3170863726	4570421.3113294402
423829.4126495144	4570420.8848379534
423828.5053389080	4570420.4643769404
423827.5911560380	4570420.0615659934
423826.6384117701	4570419.7577924589
423825.6856675023	4570419.4540189244
423824.7329232345	4570419.1502453899
423823.7791731193	4570418.8498741342
423822.8144092981	4570418.5867567277
423821.8496454769	4570418.3236393221
423820.8848816556	4570418.0605219165
423819.9201178344	4570417.7974045109
423818.9553540132	4570417.5342871044
423817.9905901919	4570417.2711696988
423817.0258263707	4570417.0080522932
423816.0817982785	4570416.6869542589
423815.1689800266	4570416.2785881991
423814.2561617748	4570415.8702221392
423813.3433435229	4570415.4618560784
423812.4305252711	4570415.0534900185
423811.5047414231	4570414.6760056270
423810.5739899295	4570414.3103532549
423809.6432384360	4570413.9447008828
423808.7019747243	4570413.6100757988
423807.7406437716	4570413.3346800841
423806.7793128190	4570413.0592843695
423805.8205454652	4570412.7754567638
423804.8686122033	4570412.4691512538
423803.9166789415	4570412.1628457448
423802.9922414898	4570411.7878527446
423802.0918925370	4570411.3526840843
423801.1915435841	4570410.9175154241
423800.2911946312	4570410.4823467638
423799.3526533384	4570410.1411616057
423798.4039700405	4570409.8249338400
423797.4540794323	4570409.5124069098
423796.5014202210	4570409.2083667358
423795.5487610097	4570408.9043265628
423794.5867877226	4570408.6330524227
423793.6166452224	4570408.3905167980
423792.6465027223	4570408.1479811724
423791.6864193696	4570407.8732683826
423790.7508771612	4570407.5200534677
423789.8153349528	4570407.1668385519
423788.8890345095	4570406.7914803745
423787.9799696868	4570406.3748256639
423787.0709048640	4570405.9581709532
423786.1505225094	4570405.5689682625
423785.2119439561	4570405.2239026185
423784.2733654027	4570404.8788369736
423783.3347868494	4570404.5337713286
423782.3879771957	4570404.2144653657
423781.4232133745	4570403.9513479602
423780.4584495534	4570403.6882305536
423779.4936857323	4570403.4251131471
423778.5289219112	4570403.1619957415
423777.5490970997	4570402.9644414494
423776.5662249127	4570402.7801529150
423775.5833527257	4570402.5958643807
423774.6004805386	4570402.4115758464
423773.6290020536	4570402.1766928658
423772.6620119705	4570401.9218788575
423771.6950218874	4570401.6670648484
423770.7280318043	4570401.4122508392
423769.7610417212	4570401.1574368300
423768.7938911185	4570400.9032338951
423767.8265074929	4570400.6499180431
423766.8591238675	4570400.3966021901
423765.8917402420	4570400.1432863381
423764.9243566165	4570399.8899704851
423763.9690828440	4570399.5978422845
423763.0292894205	4570399.2560992213
423762.0894959970	4570398.9143561581
423761.1722609475	4570398.5170736089
423760.2603394423	4570398.1067089317
423759.3484179372	4570397.6963442536
423758.4442475768	4570397.2716053016
423757.6003187922	4570396.7351500783
423756.7563900077	4570396.1986948550
423755.9114339127	4570395.6642233785
423754.9863125749	4570395.2845517965
423754.0611912371	4570394.9048802145
423753.1360698992	4570394.5252086315
423752.2140239827	4570394.1382462215
423751.2964683574	4570393.7406387841
423750.3789127321	4570393.3430313459
423749.4613571068	4570392.9454239085
423748.5052118369	4570392.6616122825
423747.5350693368	4570392.4190766579
423746.5649268368	4570392.1765410323
423745.6120689608	4570391.8788644355
423744.6770714343	4570391.5242102016
423743.7420739078	4570391.1695559677
423742.8074779206	4570390.8140146816
423741.9240158185	4570390.3455120521
423741.0405537164	4570389.8770094225
423740.1570916143	4570389.4085067920
423739.2736295123	4570388.9400041625
423738.3292106976	4570388.6205210537
423737.3706743412	4570388.3355507860
423736.4121379850	4570388.0505805183
423735.4536016286	4570387.7656102506
423734.5179934311	4570387.4193175100
423733.6076269537	4570387.0055145659
423732.6972604762	4570386.5917116217
423731.7781222123	4570386.1979671875
423730.8562355357	4570385.8105075695
423729.9343488590	4570385.4230479514
423729.0124621824	4570385.0355883343
423728.0935576985	4570384.6411659112
423727.1770183202	4570384.2412214549
423726.2604789418	4570383.8412769996
423725.3446946167	4570383.4396254625
423724.4321852922	4570383.0305695580
423723.5196759677	4570382.6215136535
423722.6071666433	4570382.2124577500
423721.6470385126	4570381.9672802687
423720.6574107759	4570381.8236246295
423719.6677830391	4570381.6799689904
423718.6847287327	4570381.5125130089
423717.7616518095	4570381.1278976249
423716.8385748863	4570380.7432822408
423715.9187518127	4570380.3513277574
423715.0139331105	4570379.9255307205
423714.1091144083	4570379.4997336846
423713.2042957061	4570379.0739366477
423712.2994770039	4570378.6481396118
423711.3946583017	4570378.2223425750
423710.4898395995	4570377.7965455391
423709.5850208974	4570377.3707485022
423708.6523359199	4570377.0119854975
423707.7123125663	4570376.6708754059
423706.7722892127	4570376.3297653142
423705.8322658591	4570375.9886552226
423704.8922425056	4570375.6475451300
423703.9522191520	4570375.3064350383
423703.0121957984	4570374.9653249467
423702.0742272759	4570374.6187478798
423701.1422459613	4570374.2562415637
423700.2102646467	4570373.8937352477
423699.2797936959	4570373.5274000997
423698.3513170050	4570373.1560094226
423697.4245162210	4570372.7817453006
423696.6441232618	4570372.1564559042
423695.8637303026	4570371.5311665079
423695.0525598636	4570370.9522361001
423694.1733807562	4570370.4757446554
423693.2942016488	4570369.9992532106
423692.3542708206	4570369.6727552777
423691.3913068009	4570369.4031253522
423690.4283427811	4570369.1334954267
423689.4355207533	4570369.0693201246
423688.4356428013	4570369.0536970319
423687.4357648493	4570369.0380739383
423686.4396589140	4570368.9856642699
423685.4574170774	4570368.7980450429
423684.4751752407	4570368.6104258150
423683.4929334041	4570368.4228065880
423682.5106915675	4570368.2351873610
423681.5262724867	4570368.0678338371
423680.5265927942	4570368.0425254907
423679.5269131018	4570368.0172171444
423678.5272334093	4570367.9919087980
423677.5275537168	4570367.9666004516
423676.5337482714	4570367.8673998713
423675.5426262489	4570367.7344444785
423674.5515042265	4570367.6014890848
423673.5603822040	4570367.4685336910
423672.5689958015	4570367.3382143620
423671.5712106437	4570367.2716953522
423670.5734254858	4570367.2051763423
423669.5756403279	4570367.1386573315
423668.5778551700	4570367.0721383216
423667.5800700122	4570367.0056193108
423666.6097863028	4570366.7653858643
423665.6402471086	4570366.5204496467
423664.6707079143	4570366.2755134292
423663.7011687201	4570366.0305772107
423662.7316295259	4570365.7856409932
423661.7735202096	4570365.5023971545
423660.8282808449	4570365.1760192392
423659.8830414802	4570364.8496413240
423658.9378021156	4570364.5232634088
423657.9925627509	4570364.1968854936
423657.0473233863	4570363.8705075784
423656.1020840216	4570363.5441296631
423655.1568446569	4570363.2177517479
423654.2116052922	4570362.8913738336
423653.2942552835	4570362.4940981343
423652.3799851454	4570362.0889930679
423651.4657150074	4570361.6838880014
423650.5514448693	4570361.2787829358
423649.6371747313	4570360.8736778693
423648.7229045933	4570360.4685728028
423647.8086344552	4570360.0634677373
423646.8943643172	4570359.6583626708
423645.9800941791	4570359.2532576043
423645.0658240411	4570358.8481525378
423644.1515539031	4570358.4430474723
423643.2417198101	4570358.0283105252
423642.3395855882	4570357.5968550285
423641.4374513664	4570357.1653995309
423640.5353171445	4570356.7339440342
423639.6331829226	4570356.3024885375
423638.7310487008	4570355.8710330408
423637.8480440655	4570355.4027132541
423636.9759010245	4570354.9134622794
423636.1037579835	4570354.4242113046
423635.2316149425	4570353.9349603299
423634.3594719015	4570353.4457093561
423633.4806225365	4570352.9689912498
423632.5897032793	4570352.5148295192
423631.6987840221	4570352.0606677895
423630.8078647648	4570351.6065060589
423629.9169455077	4570351.1523443293
423628.9938421618	4570350.7691711951
423628.0651309522	4570350.3983673537
423627.1364197426	4570350.0275635114
423626.2162617198	4570349.6392574776
423625.3530741166	4570349.1343741622
423624.4898865135	4570348.6294908468
423623.6266989103	4570348.1246075323
423622.7140089387	4570347.7235766584
423621.7782382788	4570347.3709674245
423620.8424676189	4570347.0183581905
423619.9066969590	4570346.6657489557
423619.0546747041	4570346.1660352629
423618.2738058948	4570345.5413402151
423617.4929370855	4570344.9166451674
423616.7120682762	4570344.2919501197
423615.8619494779	4570343.7661754312
423615.0077509221	4570343.2462284844
423614.1535523663	4570342.7262815377
423613.1994049532	4570342.4362411425
423612.2365435221	4570342.1662450973
423611.2736820909	4570341.8962490521
423610.3108206598	4570341.6262530070
423609.3562670472	4570341.3313011294
423608.4236989488	4570340.9703070270
423607.4911308505	4570340.6093129246
423606.5585627521	4570340.2483188221
423605.6259946538	4570339.8873247197
423604.6934265554	4570339.5263306173
423603.7608584571	4570339.1653365148
423602.8282903587	4570338.8043424124
423601.8929975504	4570338.4505720241
423600.9543277908	4570338.1057545608
423600.0156580314	4570337.7609370984
423599.0769882718	4570337.4161196360
423598.1305462393	4570337.0950543508
423597.1696122627	4570336.8182766559
423596.2086782860	4570336.5414989609
423595.2477443094	4570336.2647212660
423594.2868103328	4570335.9879435701
423593.3258763561	4570335.7111658752
423592.3771349183	4570335.3966017039
423591.4356562627	4570335.0595290987
423590.4941776071	4570334.7224564934
423589.5526989515	4570334.3853838891
423588.6112202959	4570334.0483112838
423587.7487594780	4570333.5504523125
423586.9067271023	4570333.0110253217
423586.0646947266	4570332.4715983309
423585.2226623510	4570331.9321713401
423584.3167653365	4570331.5356200542
423583.3532474267	4570331.2679761909
423582.3941917614	4570330.9853384169
423581.4411188361	4570330.6825976046
423580.4880459109	4570330.3798567932
423579.5349729856	4570330.0771159809
423578.5819000604	4570329.7743751695
423577.6353114374	4570329.4527895031
423576.6977452190	4570329.1049826797
423575.7601790005	4570328.7571758572
423574.8226127820	4570328.4093690347
423573.9060931155	4570328.0109605798
423572.9984195985	4570327.5912835775
423572.0907460814	4570327.1716065751
423571.1830725643	4570326.7519295719
423570.2753990472	4570326.3322525695
423569.3677255301	4570325.9125755671
423568.4702209574	4570325.4716040287
423567.5732577134	4570325.0294989068
423566.6762944694	4570324.5873937849
423565.7788696196	4570324.1462601759
423564.8695632978	4570323.7301327763
423563.9602569759	4570323.3140053758
423563.0514612323	4570322.8968044361
423562.1548310999	4570322.4540241230
423561.2582009674	4570322.0112438099
423560.3615708349	4570321.5684634969
423559.4649407024	4570321.1256831838
423558.5683105699	4570320.6829028707
423557.6715701316	4570320.2403459996
423556.7748258659	4570319.7977968818
423555.8780816001	4570319.3552477639
423554.9813373344	4570318.9126986461
423554.0821383887	4570318.4753862433
423553.1683268401	4570318.0692477766
423552.2545152916	4570317.6631093109
423551.3407037430	4570317.2569708442
423550.4268921945	4570316.8508323785
423549.5001710226	4570316.4756700303
423548.5683936305	4570316.1126398779
423547.6366162384	4570315.7496097255
423546.7048388463	4570315.3865795732
423545.7838105262	4570315.0044942806
423544.9911865370	4570314.3947835192
423544.3104726282	4570313.7054448314
423543.9942448624	4570312.7567615332
423543.7923906753	4570311.8425334916
423544.5800252229	4570311.2263907976
423545.3676597706	4570310.6102481037
423546.1552943182	4570309.9941054089
423546.9429288658	4570309.3779627150
423547.7305634135	4570308.7618200211
423548.5181979611	4570308.1456773272
423548.9613077689	4570307.3919506315
423548.8147591076	4570306.4027471691
423548.4781085944	4570305.6002410250
423547.5487938468	4570305.6516375616
423546.7726798465	4570306.2822301863
423545.9965658462	4570306.9128228109
423545.2204518459	4570307.5434154365
423544.4443378456	4570308.1740080612
423543.6682238453	4570308.8046006858
423542.8921098451	4570309.4351933105
423542.1159958448	4570310.0657859361
423541.3398818445	4570310.6963785607
423540.5637678442	4570311.3269711854
423539.6628859232	4570311.6387521168
423538.6649168404	4570311.7024522722
423537.6669477576	4570311.7661524275
423536.6689786748	4570311.8298525829
423535.7447248284	4570311.4848841187
423534.8319065768	4570311.0765180578
423533.9190883253	4570310.6681519970
423532.9641265333	4570310.3951194230
423531.9808445283	4570310.2130301632
423530.9961847469	4570310.1843457045
423530.0097908229	4570310.3487446913
423529.1860927731	4570310.0353330476
423528.5049888304	4570309.3031463102
423527.8238848876	4570308.5709595727
423527.1427809448	4570307.8387728343
423526.4616770021	4570307.1065860968
423526.6027747719	4570306.1476554330
423526.8123038605	4570305.1698530186
423526.6729334933	4570304.2096760646
423526.3659307132	4570303.2579674460
423526.0168309578	4570302.3302230043
423525.3552093211	4570301.5803851485
423524.6935876844	4570300.8305472927
423524.0319660476	4570300.0807094369
423523.2433185696	4570300.0071224626
423522.3546979128	4570300.4657653822
423521.4660772560	4570300.9244083026
423520.6968154147	4570301.5557916416
423519.9535212686	4570302.2247563731
423520.0839895706	4570303.0380892269
423520.5725929397	4570303.9105952429
423521.2816440680	4570304.2653963724
423522.2492613401	4570304.0129744746
423522.8471817293	4570304.4684054162
423523.1928870878	4570305.4067485332
423523.5385924464	4570306.3450916503
423523.4395379553	4570307.1800491456
423522.7154000241	4570307.8697043182
423521.9625028969	4570308.5143070985
423521.0320945044	4570308.8808316169
423520.1016861117	4570309.2473561363
423519.1510079723	4570309.4274635185
423518.1635673406	4570309.2694730163
423517.2264279055	4570308.9761967054
423516.3756299080	4570308.4507038249
423515.5248319104	4570307.9252109444
423514.6513887799	4570307.5944447070
423513.7697865970	4570308.0416037291
423512.9589338289	4570308.6268539215
423512.0587761591	4570308.8859538017
423511.0841547321	4570308.7159462823
423510.1761953473	4570308.2968881056
423509.2958677788	4570307.8247120939
423508.4315194410	4570307.3218185157
423507.5671711033	4570306.8189249374
423506.6986147204	4570306.3248540228
423505.7638311399	4570305.9696362624
423504.8290475593	4570305.6144185020
423503.8942639787	4570305.2592007415
423502.9594803981	4570304.9039829802
423502.0246968175	4570304.5487652197
423501.0913650958	4570304.1901081307
423500.1848050214	4570303.7680313233
423499.2782449471	4570303.3459545160
423498.3716848726	4570302.9238777086
423497.4651247983	4570302.5018009003
423496.5585647238	4570302.0797240930
423495.6520046495	4570301.6576472856
423494.7454445751	4570301.2355704773
423493.8388845007	4570300.8134936700
423492.9323244263	4570300.3914168626
423491.9978385939	4570300.0375336343
423491.0556239035	4570299.7025239673
423490.1134092131	4570299.3675143002
423489.1734746212	4570299.0274328748
423488.2975143168	4570298.5450496823
423487.4215540123	4570298.0626664888
423486.5455937078	4570297.5802832963
423485.6696334033	4570297.0979001028
423484.7936730989	4570296.6155169094
423483.9576240011	4570296.0692995172
423483.1403658672	4570295.4930277569
423482.3231077332	4570294.9167559957
423481.5058495993	4570294.3404842345
423480.6885914653	4570293.7642124733
423479.8542425514	4570293.2149535110
423478.9834889843	4570292.7232338488
423478.1127354172	4570292.2315141875
423477.2419818501	4570291.7397945262
423476.3712282830	4570291.2480748650
423475.5004747159	4570290.7563552037
423474.5768311053	4570290.3770476133
423473.6428786117	4570290.0196504397
423472.7089261180	4570289.6622532662
423471.8021465452	4570289.2432369413
423470.9084051085	4570288.7946544588
423470.0146636717	4570288.3460719753
423469.1209222349	4570287.8974894919
423468.2271807981	4570287.4489070093
423467.3165523456	4570287.0524128117
423466.3296194649	4570286.8912809119
423465.3426865841	4570286.7301490130
423464.3724185096	4570286.5032829465
423463.4279217128	4570286.1747623216
423462.4834249161	4570285.8462416967
423461.5815152850	4570285.4210991692
423460.7018087713	4570284.9455821346
423459.8208980271	4570284.4723161533
423458.9371101108	4570284.0044284323
423458.0533221945	4570283.5365407122
423457.1659797710	4570283.0769934393
423456.2163785618	4570282.7635328462
423455.2667773527	4570282.4500722531
423454.3171761435	4570282.1366116600
423453.3675749343	4570281.8231510660
423452.4179737252	4570281.5096904729
423451.4683725160	4570281.1962298797
423450.5240715424	4570280.8671630966
423449.5799797938	4570280.5374802630
423448.6358880453	4570280.2077974305
423447.6917962967	4570279.8781145979
423446.7477045481	4570279.5484317644
423445.8036127996	4570279.2187489318
423444.8595210510	4570278.8890660992
423443.9420374614	4570278.4978198027
423443.0550197785	4570278.0360843474
423442.1680020956	4570277.5743488930
423441.2809844127	4570277.1126134386
423440.3939667298	4570276.6508779833
423439.5937516199	4570276.0551087800
423438.8095860817	4570275.4345570831
423438.0254205434	4570274.8140053861
423437.2412550050	4570274.1934536891
423436.4570894667	4570273.5729019931
423435.6729239284	4570272.9523502961
423434.8059386406	4570272.4690506216
423433.8913899143	4570272.0645748777
423432.9768411880	4570271.6600991348
423432.0622924617	4570271.2556233909
423431.1477437354	4570270.8511476470
423430.2331950091	4570270.4466719031
423429.3186462827	4570270.0421961602
423428.4040975565	4570269.6377204163
423427.4895488301	4570269.2332446724
423426.5750001038	4570268.8287689285
423425.6604513775	4570268.4242931856
423424.7392854300	4570268.0369339995
423423.7904892842	4570267.7210449781
423422.8416931384	4570267.4051559567
423421.8928969927	4570267.0892669354
423420.9441008470	4570266.7733779140
423419.9953047012	4570266.4574888926
423419.0465085554	4570266.1415998712
423418.0977124097	4570265.8257108498
423417.1489162640	4570265.5098218285
423416.2001201182	4570265.1939328071
423415.2538762670	4570264.8711138852
423414.3268440966	4570264.4961320786
423413.3998119263	4570264.1211502729
423412.4727797559	4570263.7461684663
423411.5457475855	4570263.3711866597
423410.6187154151	4570262.9962048531
423409.6916832447	4570262.6212230474
423408.7646510744	4570262.2462412408
423407.8376189040	4570261.8712594341
423406.8982398591	4570261.5287392940
423405.9563328665	4570261.1928654825
423405.0144258739	4570260.8569916701
423404.0725188813	4570260.5211178586
423403.1306118887	4570260.1852440471
423402.1887048962	4570259.8493702356
423401.2467979036	4570259.5134964241
423400.3198259463	4570259.1477656057
423399.4861759539	4570258.5954724858
423398.6525259616	4570258.0431793658
423397.8188759692	4570257.4908862459
423396.9852259769	4570256.9385931259
423396.1515759846	4570256.3863000060
423395.2899206297	4570255.8797611771
423394.4188404997	4570255.3886202537
423393.5477603698	4570254.8974793293
423392.6766802399	4570254.4063384058
423391.8056001099	4570253.9151974814
423390.9345199800	4570253.4240565570
423390.0145443015	4570253.0402351050
423389.0723296112	4570252.7052254369
423388.1301149209	4570252.3702157699
423387.1879002307	4570252.0352061018
423386.2456855404	4570251.7001964347
423385.3034708501	4570251.3651867667
423384.3612561599	4570251.0301770987
423383.4190414697	4570250.6951674316
423382.4768267794	4570250.3601577636
423381.5346120891	4570250.0251480956
423380.5923973989	4570249.6901384285
423379.6537143242	4570249.3453641171
423378.7151871608	4570249.0001587244
423377.7766599974	4570248.6549533308
423376.8381328340	4570248.3097479371
423375.8996056705	4570247.9645425444
423374.9610785071	4570247.6193371508
423374.0225513437	4570247.2741317581
423373.0840241803	4570246.9289263645
423372.1454970168	4570246.5837209718
423371.2069698534	4570246.2385155782
423370.2693241136	4570245.8909309246
423369.3324143171	4570245.5413597114
423368.3955045206	4570245.1917884974
423367.4585947242	4570244.8422172843
423366.5216849278	4570244.4926460702
423365.5847751313	4570244.1430748571
423364.6478653349	4570243.7935036439
423363.7109555385	4570243.4439324299
423362.7740457420	4570243.0943612168
423361.8371359455	4570242.7447900027
423360.9002261491	4570242.3952187896
423359.9636157808	4570242.0449103685
423359.0483007483	4570241.6421717545
423358.1329857158	4570241.2394331405
423357.2176706833	4570240.8366945265
423356.3023556508	4570240.4339559125
423355.3870406183	4570240.0312172985
423354.4717255858	4570239.6284786845
423353.5564105533	4570239.2257400705
423352.6386101881	4570238.8288454488
423351.7135903696	4570238.4489265950
423350.7885705512	4570238.0690077413
423349.8635507328	4570237.6890888866
423348.9385309144	4570237.3091700329
423348.0135110960	4570236.9292511791
423347.0884912776	4570236.5493323253
423346.1634714591	4570236.1694134716
423345.2384516407	4570235.7894946178
423344.2898868213	4570235.4771309234
423343.3291139711	4570235.1997944312
423342.3683411209	4570234.9224579381
423341.4075682707	4570234.6451214449
423340.4467954205	4570234.3677849518
423339.4860225703	4570234.0904484596
423338.5252497201	4570233.8131119665
423337.5644768699	4570233.5357754733
423336.6037040196	4570233.2584389802
423335.6429311694	4570232.9811024880
423334.6821583192	4570232.7037659949
423333.7213854690	4570232.4264295017
423332.7606126188	4570232.1490930086
423331.7998397686	4570231.8717565164
423330.8422407572	4570231.5840826267
423329.8913693257	4570231.2744965795
423328.9404978942	4570230.9649105323
423327.9896264627	4570230.6553244842
423327.0387550312	4570230.3457384370
423326.0878835997	4570230.0361523898
423325.1370121683	4570229.7265663426
423324.1861407368	4570229.4169802945
423323.2352693053	4570229.1073942473
423322.2843978738	4570228.7978082001
423321.3335264423	4570228.4882221520
423320.3826550108	4570228.1786361048
423319.4317835793	4570227.8690500576
423318.4809795641	4570227.5592571069
423317.5302497245	4570227.2492365064
423316.5795198850	4570226.9392159069
423315.6287900454	4570226.6291953074
423314.6780602059	4570226.3191747079
423313.7273303663	4570226.0091541084
423312.7766005268	4570225.6991335088
423311.8522063881	4570225.3221544819
423310.9450181538	4570224.9014295032
423310.0378299195	4570224.4807045246
423309.1306416851	4570224.0599795468
423308.2234534508	4570223.6392545681
423307.3162652165	4570223.2185295895
423306.4090769821	4570222.7978046108
423305.5018887478	4570222.3770796331
423304.5947005135	4570221.9563546544
423303.6875122792	4570221.5356296757
423302.7803240448	4570221.1149046971
423301.9075452388	4570220.6281810878
423301.0431969010	4570220.1252875095
423300.1788485633	4570219.6223939313
423299.3145002256	4570219.1195003530
423298.4501518878	4570218.6166067747
423297.5858035501	4570218.1137131965
423296.7214552124	4570217.6108196182
423295.8571068746	4570217.1079260400
423294.9927585369	4570216.6050324617
423294.0660663938	4570216.2384288572
423293.1203797944	4570215.9133490892
423292.1746931950	4570215.5882693203
423291.2290065956	4570215.2631895524
423290.2833199962	4570214.9381097844
423289.2972717741	4570214.7750894465
423288.3095836475	4570214.6186536299
423287.3218955209	4570214.4622178134
423286.3342073944	4570214.3057819968
423285.3465192678	4570214.1493461812
423284.3964451789	4570213.8447299851
423283.4537229060	4570213.5111513343
423282.5110006330	4570213.1775726844
423281.5682783601	4570212.8439940335
423280.6255560871	4570212.5104153827
423279.6828338141	4570212.1768367328
423278.7401115412	4570211.8432580819
423277.7995179288	4570211.5042252829
423276.8800636241	4570211.1110284086
423275.9606093194	4570210.7178315353
423275.0411550147	4570210.3246346619
423274.1217007099	4570209.9314377876
423273.2022464053	4570209.5382409142
423272.2827921005	4570209.1450440399
423271.3633377958	4570208.7518471666
423270.4438834911	4570208.3586502923
423269.5244291864	4570207.9654534189
423268.6049748817	4570207.5722565455
423267.6855205770	4570207.1790596712
423266.7660662722	4570206.7858627979
423265.8466119675	4570206.3926659236
423264.9271576628	4570205.9994690502
423264.0077033581	4570205.6062721759
423263.0882490534	4570205.2130753025
423262.1602901583	4570204.8413933031
423261.2204967348	4570204.4996502399
423260.2807033113	4570204.1579071768
423259.3409098878	4570203.8161641136
423258.4011164643	4570203.4744210504
423257.4613230408	4570203.1326779881
423256.5215296173	4570202.7909349250
423255.5817361938	4570202.4491918618
423254.6419427703	4570202.1074487986
423253.7021493468	4570201.7657057354
423252.7489119583	4570201.4678734690
423251.7788804540	4570201.2248942917
423250.8088489498	4570200.9819151144
423249.8388174455	4570200.7389359362
423248.8687859412	4570200.4959567590
423247.8987544369	4570200.2529775817
423246.9595100156	4570199.9143729303
423246.0299263174	4570199.5457618237
423245.1003426191	4570199.1771507170
423244.1707589209	4570198.8085396104
423243.2411752226	4570198.4399285037
423242.3115915243	4570198.0713173971
423241.3820078260	4570197.7027062904
423240.4524241277	4570197.3340951838
423239.5228404295	4570196.9654840771
423238.5932567312	4570196.5968729705
423237.6636730329	4570196.2282618638
423236.7340893346	4570195.8596507572
423235.8045056364	4570195.4910396505
423234.8749219381	4570195.1224285439
423233.9453382399	4570194.7538174372
423233.0157545416	4570194.3852063306
423232.0861708433	4570194.0165952239
423231.1656049859	4570193.6274000565
423230.2644242600	4570193.1939565195
423229.3632435342	4570192.7605129834
423228.4620628084	4570192.3270694464
423227.5773548992	4570191.8617616799
423226.7026406302	4570191.3771226928
423225.8279263613	4570190.8924837057
423224.9532120923	4570190.4078447195
423224.0784978233	4570189.9232057324
423223.1697325695	4570189.5069351858
423222.2559210209	4570189.1007967200
423221.3421094723	4570188.6946582533
423220.4090492197	4570188.3381492011
423219.4603659216	4570188.0219214344
423218.5116826236	4570187.7056936687
423217.5629993255	4570187.3894659029
423216.6143160274	4570187.0732381362
423215.6656327294	4570186.7570103705
423214.8101886297	4570186.2576822601
423213.9964551585	4570185.6764440658
423213.1827216872	4570185.0952058723
423212.2968451142	4570184.6370832166
423211.3920264122	4570184.2112861807
423210.4872077101	4570183.7854891438
423209.5823890080	4570183.3596921070
423208.6826888334	4570182.9233027687
423207.7868328668	4570182.4789582090
423206.8909769003	4570182.0346136503
423205.9951209337	4570181.5902690906
423205.0992649672	4570181.1459245319
423204.2034090007	4570180.7015799731
423203.3075530341	4570180.2572354134
423202.4116970676	4570179.8128908547
423201.4776819596	4570179.4607332274
423200.5298638362	4570179.1419216767
423199.5820457127	4570178.8231101260
423198.6342275893	4570178.5042985752
423197.6864094659	4570178.1854870245
423196.7385913424	4570177.8666754737
423195.7907281880	4570177.5479979441
423194.8427017050	4570177.2298065117
423193.8946752221	4570176.9116150793
423192.9466487391	4570176.5934236469
423191.9986222562	4570176.2752322145
423191.0505957732	4570175.9570407821
423190.1025692903	4570175.6388493497
423189.1545428073	4570175.3206579173
423188.2065163244	4570175.0024664849
423187.2584898415	4570174.6842750525
423186.3104633586	4570174.3660836201
423185.3624368756	4570174.0478921877
423184.4257569341	4570173.6993285986
423183.5013183330	4570173.3179976754
423182.5768797319	4570172.9366667522
423181.6524411308	4570172.5553358300
423180.7280025297	4570172.1740049068
423179.8035639285	4570171.7926739836
423178.8791253274	4570171.4113430614
423177.9546867263	4570171.0300121382
423177.0302481252	4570170.6486812150
423176.1058095240	4570170.2673502928
423175.1813709229	4570169.8860193696
423174.2569323218	4570169.5046884464
423173.3333373514	4570169.1213450311
423172.4133133724	4570168.7294829655
423171.4932893935	4570168.3376209009
423170.5732654145	4570167.9457588354
423169.6532414356	4570167.5538967699
423168.7332174566	4570167.1620347053
423167.8131934777	4570166.7701726397
423166.8931694987	4570166.3783105742
423165.9731455198	4570165.9864485096
423165.0439432063	4570165.6170111476
423164.1131917128	4570165.2513587745
423163.1824402194	4570164.8857064024
423162.2516887259	4570164.5200540302
423161.3527253240	4570164.0866246503
423160.4764720724	4570163.6047738027
423159.6002188209	4570163.1229229551
423158.7239655694	4570162.6410721075
423157.8374248529	4570162.1827452220
423156.8887415550	4570161.8665174553
423155.9400582570	4570161.5502896896
423154.9913749590	4570161.2340619229
423154.0426916611	4570160.9178341571
423153.1135197461	4570160.5517251175
423152.2020561520	4570160.1403443739
423151.2905925578	4570159.7289636303
423150.3791289637	4570159.3175828857
423149.4676653695	4570158.9062021421
423148.5562017754	4570158.4948213976
423147.6447381812	4570158.0834406540
423146.7170568005	4570157.7142687496
423145.7646326533	4570157.4094930226
423144.8122085062	4570157.1047172947
423143.8597843590	4570156.7999415677
423142.9073602119	4570156.4951658407
423141.9549360647	4570156.1903901128
423141.0025119176	4570155.8856143858
423140.0500877705	4570155.5808386588
423139.0852578493	4570155.3181962706
423138.1196420906	4570155.0582227977
423137.1540263320	4570154.7982493248
423136.1973640693	4570154.5151613215
423135.3085837640	4570154.0568278525
423134.4198034586	4570153.5984943826
423133.5310231534	4570153.1401609136
423132.6422428480	4570152.6818274446
423131.7534625427	4570152.2234939756
423130.8646822374	4570151.7651605066
423129.9759019320	4570151.3068270376
423129.0871216267	4570150.8484935686
423128.1720509187	4570150.4461812936
423127.2515537921	4570150.0554319620
423126.3310566655	4570149.6646826304
423125.4105595390	4570149.2739332998
423124.4900624124	4570148.8831839683
423123.5695652858	4570148.4924346367
423122.6490681593	4570148.1016853051
423121.7285710327	4570147.7109359736
423120.8080371863	4570147.3202739507
423119.8849602632	4570146.9356585657
423118.9618833402	4570146.5510431817
423118.0388064171	4570146.1664277967
423117.1157294940	4570145.7818124127
423116.1926525709	4570145.3971970277
423115.2695756479	4570145.0125816427
423114.3464987248	4570144.6279662587
423113.4234218017	4570144.2433508737
423112.5003448787	4570143.8587354887
423111.5772679556	4570143.4741201047
423110.6541910325	4570143.0895047197
423109.7311141095	4570142.7048893347
423108.8080371864	4570142.3202739507
423107.8849602634	4570141.9356585657
423106.9618833403	4570141.5510431817
423106.0388064172	4570141.1664277967
423105.1126097731	4570140.7895256625
423104.1817012141	4570140.4242733456
423103.2507926551	4570140.0590210296
423102.3198840960	4570139.6937687127
423101.3889755370	4570139.3285163967
423100.4580669780	4570138.9632640798
423099.5271584189	4570138.5980117638
423098.5962498599	4570138.2327594468
423097.6653413009	4570137.8675071299
423096.7344327419	4570137.5022548139
423095.8035241828	4570137.1370024970
423094.8726156238	4570136.7717501810
423093.9417070648	4570136.4064978641
423093.0107985058	4570136.0412455471
423092.0798899468	4570135.6759932311
423091.1489813878	4570135.3107409142
423090.2180728287	4570134.9454885982
423089.2871642697	4570134.5802362813
423088.3562557107	4570134.2149839653
423087.4253471516	4570133.8497316483
423086.4944385926	4570133.4844793314
423085.5635300336	4570133.1192270154
423084.6326214746	4570132.7539746985
423083.7017129155	4570132.3887223825
423082.7708043565	4570132.0234700656
423081.8398957975	4570131.6582177496
423080.9089872384	4570131.2929654326
423079.9780786794	4570130.9277131157
423079.0471701204	4570130.5624607997
423078.1162615614	4570130.1972084828
423077.1853530024	4570129.8319561668
423076.2544444434	4570129.4667038498
423075.3235358843	4570129.1014515338
423074.3926273253	4570128.7361992169
423073.4617187663	4570128.3709469000
423072.5308102073	4570128.0056945840
423071.5999016482	4570127.6404422671
423070.6689930892	4570127.2751899511
423069.7380845302	4570126.9099376341
423068.8071759711	4570126.5446853172
423067.8762674121	4570126.1794330012
423066.9453588531	4570125.8141806843
423066.0144502940	4570125.4489283683
423065.0835417350	4570125.0836760513
423064.1507067570	4570124.7234184444
423063.2156292633	4570124.3689751057
423062.2805517696	4570124.0145317661
423061.3454742758	4570123.6600884274
423060.4103967821	4570123.3056450877
423059.4753192884	4570122.9512017481
423058.5402417947	4570122.5967584094
423057.6051643010	4570122.2423150698
423056.6700868072	4570121.8878717311
423055.7350093135	4570121.5334283914
423054.7999318199	4570121.1789850518
423053.8648543261	4570120.8245417131
423052.9297768324	4570120.4700983735
423051.9946993387	4570120.1156550348
423051.0596218450	4570119.7612116951
423050.1245443513	4570119.4067683564
423049.1894668576	4570119.0523250168
423048.2543893638	4570118.6978816772
423047.3193118701	4570118.3434383385
423046.3842343764	4570117.9889949989
423045.4491568827	4570117.6345516602
423044.5140793890	4570117.2801083205
423043.5790018952	4570116.9256649809
423042.6439244015	4570116.5712216422
423041.7088469078	4570116.2167783026
423040.7737694141	4570115.8623349639
423039.8386919204	4570115.5078916242
423038.9036144266	4570115.1534482846
423037.9685369329	4570114.7990049459
423037.0334594392	4570114.4445616063
423036.0983819455	4570114.0901182676
423035.1633044518	4570113.7356749279
423034.2282269580	4570113.3812315883
423033.2931494643	4570113.0267882496
423032.3580719707	4570112.6723449100
423031.4229944769	4570112.3179015713
423030.4879169832	4570111.9634582317
423029.5528394895	4570111.6090148920
423028.6177619958	4570111.2545715533
423027.6826845021	4570110.9001282137
423026.7476070083	4570110.5456848750
423025.8125295146	4570110.1912415354
423024.8774520209	4570109.8367981957
423023.9423745272	4570109.4823548570
423023.0072970335	4570109.1279115174
423022.0722195397	4570108.7734681787
423021.1371420460	4570108.4190248391
423020.2020645523	4570108.0645814994
423019.2669870586	4570107.7101381607
423018.3319095649	4570107.3556948211
423017.3968320712	4570107.0012514824
423016.4617545774	4570106.6468081428
423015.5266770837	4570106.2923648031
423014.5915995900	4570105.9379214644
423013.6565220963	4570105.5834781248
423012.7214446026	4570105.2290347861
423011.7863671088	4570104.8745914465
423010.8512896151	4570104.5201481069
423009.9162121215	4570104.1657047682
423008.9811346277	4570103.8112614285
423008.0460571340	4570103.4568180898
423007.1280283730	4570103.0621984042
423006.2234117895	4570102.6359721301
423005.3187952061	4570102.2097458551
423004.4141786227	4570101.7835195810
423003.5095620393	4570101.3572933068
423002.5663270023	4570101.0403937967
423001.5947038773	4570100.8038594378
423000.6230807523	4570100.5673250789
422999.6514576273	4570100.3307907199
422998.6798345023	4570100.0942563610
422997.7082113773	4570099.8577220021
422996.7686593101	4570099.5274462430
422995.8557672368	4570099.1192452358
422994.9428751635	4570098.7110442286
422994.0299830902	4570098.3028432205
422993.1170910169	4570097.8946422134
422992.2041989436	4570097.4864412062
422991.2913068703	4570097.0782401981
422990.3784147970	4570096.6700391909
422989.4655227238	4570096.2618381837
422988.5526306504	4570095.8536371756
422987.6397385772	4570095.4454361685
422986.7268465039	4570095.0372351613
422985.8147744823	4570094.6272079963
422984.9031836767	4570094.2161092209
422983.9915928711	4570093.8050104454
422983.0800020655	4570093.3939116700
422982.1684112599	4570092.9828128945
422981.2568204543	4570092.5717141191
422980.3452296487	4570092.1606153436
422979.4336388431	4570091.7495165681
422978.5220480375	4570091.3384177927
422977.6104572319	4570090.9273190172
422976.6988664263	4570090.5162202418
422975.7856178980	4570090.1088276664
422974.8715231536	4570089.7033269899
422973.9574284092	4570089.2978263134
422973.0433336649	4570088.8923256379
422972.1292389205	4570088.4868249614
422971.2151441761	4570088.0813242858
422970.3010494317	4570087.6758236093
422969.3869546873	4570087.2703229338
422968.4728599430	4570086.8648222573
422967.5587651986	4570086.4593215808
422966.6446704542	4570086.0538209053
422965.7305757098	4570085.6483202288
422964.8164809654	4570085.2428195532
422963.9023862211	4570084.8373188768
422962.9882914767	4570084.4318182012
422962.0741967323	4570084.0263175247
422961.1601019879	4570083.6208168492
422960.2460072435	4570083.2153161727
422959.3319124992	4570082.8098154962
422958.4178177548	4570082.4043148207
422957.5037230104	4570081.9988141442
422956.6191920188	4570081.5323385103
422955.7346958397	4570081.0657910751
422954.8501996606	4570080.5992436400
422953.9657034815	4570080.1326962048
422953.0812073024	4570079.6661487697
422952.1967111233	4570079.1996013345
422951.3122149442	4570078.7330538994
422950.4277187651	4570078.2665064642
422949.5432225860	4570077.7999590291
422948.6587264069	4570077.3334115939
422947.7742302278	4570076.8668641588
422946.8897340488	4570076.4003167246
422946.0052378697	4570075.9337692894
422945.1207416906	4570075.4672218543
422944.2195947920	4570075.0365691241
422943.2921533200	4570074.6626007883
422942.3647118479	4570074.2886324525
422941.4372703759	4570073.9146641176
422940.5098289039	4570073.5406957818
422939.5823874319	4570073.1667274460
422938.6549459598	4570072.7927591112
422937.7275044878	4570072.4187907754
422936.8000630158	4570072.0448224396
422935.8726215438	4570071.6708541038
422934.9595451810	4570071.2632601988
422934.0481745813	4570070.8516734764
422933.1368039816	4570070.4400867540
422932.2254333820	4570070.0285000317
422931.3140627824	4570069.6169133093
422930.4026921827	4570069.2053265870
422929.4913215830	4570068.7937398646
422928.5799509834	4570068.3821531422
422927.6685803837	4570067.9705664199
422926.7543616348	4570067.5655544596
422925.8307455837	4570067.1822355455
422924.9071295326	4570066.7989166304
422923.9835134816	4570066.4155977163
422923.0598974305	4570066.0322788022
422922.1362813794	4570065.6489598872
422921.2126653283	4570065.2656409731
422920.2890492772	4570064.8823220590
422919.3654332261	4570064.4990031440
422918.4418171750	4570064.1156842299
422917.5182011240	4570063.7323653148
422916.5945850729	4570063.3490464007
422915.6709690218	4570062.9657274866
422914.7473529707	4570062.5824085716
422913.8237369196	4570062.1990896575
422912.9001208685	4570061.8157707434
422911.9765048175	4570061.4324518284
422911.0528887664	4570061.0491329143
422910.1292727153	4570060.6658139993
422909.2056566642	4570060.2824950852
422908.2820406131	4570059.8991761710
422907.3584245621	4570059.5158572560
422906.4348085110	4570059.1325383419
422905.5111924599	4570058.7492194269
422904.5875764088	4570058.3659005128
422903.6639603577	4570057.9825815987
422902.7403443067	4570057.5992626837
422901.8167282556	4570057.2159437696
422900.8931122045	4570056.8326248555
422899.9694961534	4570056.4493059404
422899.0458801023	4570056.0659870263
422898.1222640512	4570055.6826681113
422897.1986480002	4570055.2993491972
422896.2750319491	4570054.9160302831
422895.3514158980	4570054.5327113681
422894.4277998469	4570054.1493924540
422893.5041837958	4570053.7660735389
422892.5805677447	4570053.3827546248
422891.6569516936	4570052.9994357107
422890.7305585075	4570052.6230268925
422889.7985538360	4570052.2605806310
422888.8665491645	4570051.8981343694
422887.9345444931	4570051.5356881088
422887.0025398216	4570051.1732418472
422886.0705351502	4570050.8107955856
422885.1901273067	4570050.3393873218
422884.3191488390	4570049.8480661353
422883.4481703713	4570049.3567449478
422882.5771919035	4570048.8654237613
422881.7062134358	4570048.3741025738
422880.8352349681	4570047.8827813873
422879.9469353256	4570047.4251713511
422879.0403458082	4570047.0031577889
422878.1337562907	4570046.5811442258
422877.2271667733	4570046.1591306636
422876.3205772559	4570045.7371171014
422875.4454842205	4570045.2560913069
422874.5902863890	4570044.7377895908
422873.7350885575	4570044.2194878738
422872.8798907260	4570043.7011861578
422872.0175036002	4570043.1954753064
422871.1364783999	4570042.7224059701
422870.2554531998	4570042.2493366348
422869.3744279995	4570041.7762672985
422868.4475239826	4570041.4061646387
422867.5066365708	4570041.0674451701
422866.5657491590	4570040.7287257016
422865.6248617472	4570040.3900062330
422864.6740607520	4570040.0802146522
422863.7231893206	4570039.7706286050
422862.7723178891	4570039.4610425569
422861.8214464576	4570039.1514565097
422860.8705750262	4570038.8418704625
422859.9197035947	4570038.5322844144
422858.9721911635	4570038.2126964508
422858.0272050901	4570037.8855858874
422857.0822190166	4570037.5584753240
422856.1372329431	4570037.2313647596
422855.2343499730	4570036.8080388559
422854.3528334273	4570036.3358857241
422853.4713168817	4570035.8637325922
422852.5898003360	4570035.3915794604
422851.7082837904	4570034.9194263285
422850.7983129221	4570034.5109473383
422849.8585194987	4570034.1692042751
422848.9187260752	4570033.8274612119
422847.9789326518	4570033.4857181488
422847.0391392284	4570033.1439750856
422846.0993458050	4570032.8022320224
422845.1595523816	4570032.4604889592
422844.2197589581	4570032.1187458960
422843.2531649805	4570031.8767221002
422842.2686727225	4570031.7012940692
422841.2841804645	4570031.5258660382
422840.2996882066	4570031.3504380081
422839.3151959486	4570031.1750099771
422838.3307036906	4570030.9995819461
422837.3462114327	4570030.8241539150
422836.3617191747	4570030.6487258840
422835.3772269167	4570030.4732978540
422834.4546169385	4570030.0979447616
422833.5431697661	4570029.6865276350
422832.6317225938	4570029.2751105083
422831.7202754214	4570028.8636933817
422830.8088282490	4570028.4522762550
422829.8973810766	4570028.0408591293
422828.9859339042	4570027.6294420026
422828.0744867318	4570027.2180248760
422827.1630395594	4570026.8066077493
422826.2515923870	4570026.3951906236
422825.3401452146	4570025.9837734969
422824.4286980422	4570025.5723563703
422823.5172508698	4570025.1609392436
422822.6058036975	4570024.7495221170
422821.6943565251	4570024.3381049912
422820.7829093526	4570023.9266878646
422819.8714621802	4570023.5152707379
422818.9600150078	4570023.1038536113
422818.0485678354	4570022.6924364846
422817.1371206631	4570022.2810193589
422816.2256734907	4570021.8696022322
422815.3142263183	4570021.4581851056
422814.4027791459	4570021.0467679789
422813.4913319735	4570020.6353508532
422812.5798848011	4570020.2239337265
422811.6684376287	4570019.8125165999
422810.7569904563	4570019.4010994732
422809.8455432839	4570018.9896823466
422808.9340961115	4570018.5782652209
422808.0226489391	4570018.1668480942
422807.1112017667	4570017.7554309675
422806.1997545944	4570017.3440138409
422805.2883074220	4570016.9325967152
422804.3768602496	4570016.5211795885
422803.4654130772	4570016.1097624619
422802.5539659048	4570015.6983453352
422801.6425187324	4570015.2869282085
422800.7310715600	4570014.8755110828
422799.8196243876	4570014.4640939562
422798.9081772152	4570014.0526768295
422797.9967300428	4570013.6412597029
422797.0852828704	4570013.2298425771
422796.1738356980	4570012.8184254505
422795.2623885257	4570012.4070083238
422794.3509413533	4570011.9955911972
422793.4648743204	4570011.5321352342
422792.5795173412	4570011.0672233934
422791.6941603621	4570010.6023115534
422790.8088033829	4570010.1373997126
422789.9234464038	4570009.6724878717
422789.0380894246	4570009.2075760318
422788.1527324455	4570008.7426641909
422787.1819870112	4570008.5061153937
422786.2088023984	4570008.2760899393
422785.2356177857	4570008.0460644858
422784.2624331729	4570007.8160390314
422783.2892485602	4570007.5860135779
422782.3160639474	4570007.3559881235
422781.4279359129	4570006.9279380236
422780.5910847856	4570006.3805074887
422779.7542336582	4570005.8330769539
422778.9173825308	4570005.2856464190
422778.0805314034	4570004.7382158842
422777.2436802760	4570004.1907853493
422776.3647895800	4570003.7168564284
422775.4686456610	4570003.2730928920
422774.5725017421	4570002.8293293547
422773.6763578232	4570002.3855658183
422772.7802139044	4570001.9418022810
422771.8840699854	4570001.4980387446
422770.9879260665	4570001.0542752072
422770.0899436864	4570000.6145344628
422769.1679291734	4570000.2273791479
422768.2459146605	4569999.8402238330
422767.3239001475	4569999.4530685181
422766.4018856346	4569999.0659132032
422765.4798711216	4569998.6787578883
422764.5578566087	4569998.2916025734
422763.6191377763	4569997.9477702044
422762.6758765487	4569997.6157186171
422761.7326153210	4569997.2836670298
422760.7893540933	4569996.9516154435
422759.8460928657	4569996.6195638562
422758.9196782181	4569996.2496416401
422758.0414447732	4569995.7714094622
422757.1632113284	4569995.2931772834
422756.2849778836	4569994.8149451055
422755.4067444388	4569994.3367129266
422754.5285109940	4569993.8584807487
422753.6502775491	4569993.3802485699
422752.7720441043	4569992.9020163920
422751.8938106595	4569992.4237842141
422751.0155772147	4569991.9455520352
422750.1373437698	4569991.4673198573
422749.2591103250	4569990.9890876785
422748.3808768802	4569990.5108555006
422747.5026434353	4569990.0326233217
422746.6244099905	4569989.5543911438
422745.7303934982	4569989.1063806871
422744.8360899549	4569988.6589198811
422743.9417864115	4569988.2114590760
422743.0474828682	4569987.7639982710
422742.1531793248	4569987.3165374650
422741.2588757814	4569986.8690766599
422740.3645722380	4569986.4216158548
422739.4702686947	4569985.9741550488
422738.5759651513	4569985.5266942438
422737.6816616080	4569985.0792334387
422736.7316582510	4569984.7960171252
422735.7496518040	4569984.6071697315
422734.7676453570	4569984.4183223378
422733.7856389100	4569984.2294749441
422732.8036324630	4569984.0406275503
422731.8216260160	4569983.8517801575
422730.8887366749	4569983.5086109322
422729.9782307285	4569983.0951149575
422729.0677247821	4569982.6816189820
422728.1572188357	4569982.2681230064
422727.2467128893	4569981.8546270318
422726.3362069429	4569981.4411310563
422725.4245257361	4569981.0302525265
422724.5105302404	4569980.6245281938
422723.5965347447	4569980.2188038612
422722.6825392490	4569979.8130795294
422721.7685437534	4569979.4073551968
422720.8545482577	4569979.0016308641
422719.9405527620	4569978.5959065324
422719.0265572663	4569978.1901821997
422718.1125617707	4569977.7844578670
422717.1985662750	4569977.3787335344
422716.2845707793	4569976.9730092026
422715.3705752836	4569976.5672848700
422714.4565797879	4569976.1615605373
422713.5336659908	4569975.7765659820
422712.6105890678	4569975.3919505971
422711.6875121446	4569975.0073352121
422710.7644352216	4569974.6227198280
422709.8413582985	4569974.2381044431
422708.9182813754	4569973.8534890590
422707.9952044523	4569973.4688736740
422707.0721275293	4569973.0842582891
422706.1490506061	4569972.6996429050
422705.2259736831	4569972.3150275201
422704.3028967600	4569971.9304121360
422703.3798198370	4569971.5457967510
422702.4934861755	4569971.0882251170
422701.6349100076	4569970.5755390888
422700.7763338397	4569970.0628530597
422699.9177576717	4569969.5501670316
422699.0591815037	4569969.0374810025
422698.2006053358	4569968.5247949744
422697.3420291678	4569968.0121089462
422696.4834529999	4569967.4994229171
422695.6248768320	4569966.9867368890
422694.7663006640	4569966.4740508599
422693.9077244961	4569965.9613648318
422693.0391769049	4569965.4677856294
422692.1275954377	4569965.0566661470
422691.2160139705	4569964.6455466645
422690.3044325033	4569964.2344271820
422689.3928510362	4569963.8233076995
422688.4812695690	4569963.4121882180
422687.5696881018	4569963.0010687355
422686.6581066347	4569962.5899492530
422685.7465251675	4569962.1788297705
422684.8349437003	4569961.7677102890
422683.9382203793	4569961.3252969030
422683.0434493225	4569960.8787717009
422682.1486782658	4569960.4322464988
422681.2539072091	4569959.9857212966
422680.3591361524	4569959.5391960954
422679.4643650956	4569959.0926708933
422678.5695940389	4569958.6461456912
422677.6748229822	4569958.1996204890
422676.7800519255	4569957.7530952869
422675.8852808688	4569957.3065700848
422674.9905098120	4569956.8600448826
422674.0957387553	4569956.4135196805
422673.2012349855	4569955.9664593907
422672.3068077944	4569955.5192457950
422671.4123806033	4569955.0720322002
422670.5179534122	4569954.6248186044
422669.6235262211	4569954.1776050087
422668.7290990300	4569953.7303914139
422667.8346718389	4569953.2831778182
422666.9285413985	4569952.8611976765
422666.0093963685	4569952.4672783781
422665.0902513384	4569952.0733590797
422664.1711063084	4569951.6794397812
422663.2519612783	4569951.2855204828
422662.3328162483	4569950.8916011844
422661.4136712182	4569950.4976818860
422660.4945261882	4569950.1037625875
422659.5753811582	4569949.7098432882
422658.6562361281	4569949.3159239898
422657.7370910981	4569948.9220046913
422656.7833254118	4569948.6320240060
422655.8115533252	4569948.3961023837
422654.8397812387	4569948.1601807615
422653.8680091521	4569947.9242591392
422652.9633103863	4569947.5026512155
422652.0650936641	4569947.0630983515
422651.1668769420	4569946.6235454883
422650.2686602199	4569946.1839926243
422649.3704434978	4569945.7444397602
422648.4728192729	4569945.3037322490
422647.5919541848	4569944.8303648476
422646.7110890966	4569944.3569974462
422645.8302240084	4569943.8836300457
422644.9493589203	4569943.4102626443
422644.0684938322	4569942.9368952429
422643.1876287440	4569942.4635278424
422642.3067636558	4569941.9901604410
422641.4258985677	4569941.5167930396
422640.5201955033	4569941.0979085183
422639.5851347728	4569940.7434209585
422638.6500740422	4569940.3889333978
422637.7150133117	4569940.0344458381
422636.7799525812	4569939.6799582783
422635.8448918506	4569939.3254707186
422634.9294098009	4569938.9263044652
422634.0349826099	4569938.4790908694
422633.1405554189	4569938.0318772737
422632.2461282280	4569937.5846636780
422631.3517010371	4569937.1374500822
422630.4572738461	4569936.6902364874
422629.5687175989	4569936.2321270285
422628.7032913134	4569935.7310907580
422627.8378650279	4569935.2300544875
422626.9724387423	4569934.7290182170
422626.1070124568	4569934.2279819464
422625.2293129085	4569933.7508037863
422624.3184596624	4569933.3380734092
422623.4076064163	4569932.9253430320
422622.4967531702	4569932.5126126558
422621.5858999241	4569932.0998822786
422620.6750466780	4569931.6871519014
422619.7641934318	4569931.2744215243
422618.8533401857	4569930.8616911480
422617.9626303382	4569930.4105445733
422617.1051374125	4569929.8960488178
422616.2476444869	4569929.3815530622
422615.3901515613	4569928.8670573067
422614.5326586356	4569928.3525615511
422613.6751657099	4569927.8380657956
422612.7736827943	4569927.4191972204
422611.8250415948	4569927.1028431868
422610.8764003953	4569926.7864891533
422609.9434727718	4569926.4289829982
422609.0254083073	4569926.0325518707
422608.1073438429	4569925.6361207422
422607.1892793784	4569925.2396896146
422606.2712149140	4569924.8432584871
422605.3531504495	4569924.4468273586
422604.4350859851	4569924.0503962310
422603.5170215206	4569923.6539651034
422602.5989570562	4569923.2575339759
422601.6725230667	4569922.8820627751
422600.7339063100	4569922.5371010611
422599.7952895532	4569922.1921393471
422598.8566727965	4569921.8471776331
422597.9180560397	4569921.5022159200
422596.9794392830	4569921.1572542060
422596.0408225263	4569920.8122924920
422595.1377054060	4569920.3942773221
422594.2864775851	4569919.8694809834
422593.4352497640	4569919.3446846455
422592.5840219430	4569918.8198883068
422591.7327941220	4569918.2950919690
422590.8815663010	4569917.7702956302
422590.0303384800	4569917.2454992924
422589.0996004465	4569916.8966128742
422588.1432488754	4569916.6043943390
422587.1868973043	4569916.3121758029
422586.2305457333	4569916.0199572677
422585.2741941622	4569915.7277387315
422584.3657729118	4569915.3324894188
422583.5262027546	4569914.7892381409
422582.6866325974	4569914.2459868630
422581.8010802804	4569913.7907769075
422580.8755333240	4569913.4121440621
422579.9499863676	4569913.0335112168
422579.0128504215	4569912.7060538540
422578.0144790871	4569912.6490040636
422577.0161077527	4569912.5919542732
422576.0177364182	4569912.5349044828
422575.0193650838	4569912.4778546924
422574.0300892755	4569912.3736482142
422573.0821188196	4569912.0552899018
422572.1341483637	4569911.7369315904
422571.1861779078	4569911.4185732780
422570.2382074519	4569911.1002149666
422569.2902369960	4569910.7818566542
422568.3422665401	4569910.4634983428
422567.3942960841	4569910.1451400304
422566.4463256282	4569909.8267817190
422565.4983551723	4569909.5084234076
422564.5491862963	4569909.1936635002
422563.5996303628	4569908.8800657820
422562.6500744294	4569908.5664680628
422561.7005184960	4569908.2528703436
422560.7509625626	4569907.9392726244
422559.8014066292	4569907.6256749062
422558.8518506958	4569907.3120771870
422557.8988446655	4569907.0114148278
422556.9192419650	4569906.8104706835
422555.9396392644	4569906.6095265392
422554.9600365638	4569906.4085823959
422553.9804338632	4569906.2076382516
422553.0008311626	4569906.0066941073
422552.0315479393	4569905.7649881076
422551.0743365120	4569905.4755986063
422550.1171250846	4569905.1862091059
422549.1599136573	4569904.8968196046
422548.2027022299	4569904.6074301032
422547.2454908026	4569904.3180406019
422546.2882793753	4569904.0286511006
422545.3310679479	4569903.7392616002
422544.3738565206	4569903.4498720989
422543.4166450933	4569903.1604825975
422542.4594336659	4569902.8710930962
422541.5022222385	4569902.5817035949
422540.5450108112	4569902.2923140945
422539.6167659105	4569901.9243747760
422538.7008449272	4569901.5230161427
422537.7849239439	4569901.1216575094
422536.8690029607	4569900.7202988761
422535.9530819774	4569900.3189402428
422535.0371609942	4569899.9175816095
422534.1212400109	4569899.5162229771
422533.2053190276	4569899.1148643438
422532.2893980444	4569898.7135057105
422531.3734770611	4569898.3121470772
422530.4575560778	4569897.9107884439
422529.5416350946	4569897.5094298106
422528.6257141113	4569897.1080711773
422527.7097931280	4569896.7067125449
422526.8465644350	4569896.2033232376
422525.9890715094	4569895.6888274821
422525.1315785836	4569895.1743317265
422524.2740856580	4569894.6598359710
422523.4165927323	4569894.1453402154
422522.5590998066	4569893.6308444599
422521.7016068809	4569893.1163487043
422520.8231192361	4569892.6411383329
422519.9188705894	4569892.2141320268
422519.0146219426	4569891.7871257216
422518.1103732958	4569891.3601194164
422517.2061246490	4569890.9331131112
422516.3018760022	4569890.5061068060
422515.4448783944	4569889.9931958737
422514.6000593188	4569889.4581437921
422513.7552402432	4569888.9230917115
422512.9104211676	4569888.3880396299
422512.0656020920	4569887.8529875493
422512.1222190019	4569887.0169576369
422512.4761110994	4569886.0816713786
422512.8300031968	4569885.1463851212
422513.1838952942	4569884.2110988637
422513.5377873917	4569883.2758126063
422513.8443161727	4569882.3318653544
422513.8443161727	4569881.3318653544
422513.8443161727	4569880.3318653544
422513.8443161727	4569879.3318653544
422513.7354713824	4569878.3523510480
422513.3719288968	4569877.4207734279
422513.0083864112	4569876.4891958088
422512.6448439256	4569875.5576181887
422512.2813014400	4569874.6260405695
422511.9177589544	4569873.6944629503
422511.5501100615	4569872.7647085981
422511.1028964660	4569871.8702814067
422510.6556828706	4569870.9758542161
422510.2084692751	4569870.0814270247
422509.7612556796	4569869.1869998341
422509.3140420842	4569868.2925726427
422508.8668284887	4569867.3981454521
422508.4196148932	4569866.5037182607
422507.9724012977	4569865.6092910692
422507.3950837722	4569864.8106285585
422506.6739790618	4569864.1178024644
422505.9528743515	4569863.4249763703
422505.2317696411	4569862.7321502762
422504.5106649308	4569862.0393241821
422503.7895602205	4569861.3464980880
422503.0684555102	4569860.6536719939
422502.3473507998	4569859.9608458998
422501.6262460894	4569859.2680198057
422500.9051413791	4569858.5751937116
422500.0964848828	4569858.0164236268
422499.1722234562	4569857.6346634720
422498.2479620296	4569857.2529033180
422497.3237006029	4569856.8711431641
422496.3994391763	4569856.4893830102
422495.4751777498	4569856.1076228553
422494.5509163232	4569855.7258627014
422493.5992117346	4569855.4881373914
422492.5993264990	4569855.5032871673
422491.5994412634	4569855.5184369432
422490.5995560279	4569855.5335867191
422489.5996707923	4569855.5487364950
422488.5997855568	4569855.5638862709
422487.5999003212	4569855.5790360468
422486.6000150856	4569855.5941858226
422485.6001298501	4569855.6093355995
422484.6002446145	4569855.6244853754
422484.2383323953	4569856.5491358452
422483.8836781613	4569857.4841333712
422483.5290239273	4569858.4191308981
422483.1743696932	4569859.3541284241
422483.1831138385	4569860.3057807675
422483.4507577022	4569861.2692986773
422483.7184015659	4569862.2328165872
422483.9860454297	4569863.1963344971
422484.2536892934	4569864.1598524060
422484.6954548754	4569864.9799398985
422485.5898820664	4569865.4271534942
422486.4843092574	4569865.8743670899
422487.3787364484	4569866.3215806847
422488.2731636394	4569866.7687942805
422489.1675908303	4569867.2160078762
422489.8895801294	4569867.8993794117
422490.5879039816	4569868.6151613602
422491.2862278339	4569869.3309433088
422491.9845516862	4569870.0467252564
422492.6828755384	4569870.7625072049
422493.3811993907	4569871.4782891534
422494.0795232429	4569872.1940711010
422494.7778470952	4569872.9098530496
422494.5129450822	4569873.6909956681
422493.9177175318	4569874.4945528619
422493.3224899814	4569875.2981100548
422492.7272624310	4569876.1016672486
422492.1320348806	4569876.9052244416
422491.2306116346	4569877.3304481711
422490.3206305029	4569877.7450978300
422489.4106493712	4569878.1597474897
422488.5006682395	4569878.5743971486
422487.5906871077	4569878.9890468074
422486.6635559368	4569879.3566662744
422485.7002646131	4569879.6251245122
422484.7369732893	4569879.8935827501
422483.7736819655	4569880.1620409880
422482.8020805684	4569880.3979305122
422481.8279278646	4569880.6238209940
422480.8537751609	4569880.8497114759
422479.8796224571	4569881.0756019577
422478.9124940516	4569881.3294477249
422477.9472676798	4569881.5908632008
422476.9820413079	4569881.8522786768
422476.0168149359	4569882.1136941528
422475.0515885640	4569882.3751096278
422474.0810568930	4569882.6099368790
422473.0894186505	4569882.7389856922
422472.0977804080	4569882.8680345044
422471.1061421655	4569882.9970833166
422470.1145039229	4569883.1261321288
422469.1228656804	4569883.2551809410
422468.1312274379	4569883.3842297541
422467.1395891954	4569883.5132785663
422466.1479509528	4569883.6423273785
422465.1491724935	4569883.6163377259
422464.1498705130	4569883.5789806424
422463.1505685324	4569883.5416235588
422462.1512665519	4569883.5042664753
422461.1519645714	4569883.4669093918
422460.1526625908	4569883.4295523083
422459.1889170453	4569883.1712614661
422458.2283527809	4569882.8932033898
422457.2677885164	4569882.6151453126
422456.3072242520	4569882.3370872363
422455.3346851194	4569882.1113053085
422454.3488639496	4569881.9435059605
422453.3630427798	4569881.7757066134
422452.3661661076	4569881.7221267289
422451.3664634169	4569881.6977437371
422450.3684152024	4569881.7274826104
422449.3720685534	4569881.8128837524
422449.0448128060	4569881.3562591346
422449.3351429555	4569880.3993325932
422449.6254731050	4569879.4424060527
422449.9158032545	4569878.4854795123
422450.2061334040	4569877.5285529718
422450.4964635535	4569876.5716264304
422450.6591677357	4569875.5941320546
422450.6841599269	4569874.5944444081
422450.7091521181	4569873.5947567616
422450.7341443093	4569872.5950691151
422450.7591365004	4569871.5953814685
422450.7841286916	4569870.5956938230
422450.5087644811	4569869.6466026418
422450.1576410391	4569868.7102734642
422449.7308273007	4569867.8127154112
422449.1761271048	4569866.9806651166
422448.6214269089	4569866.1486148220
422448.0667267130	4569865.3165645273
422447.1884396932	4569864.9350119466
422446.2228239347	4569864.6750384737
422445.2572081761	4569864.4150649998
422444.2915924175	4569864.1550915269
422443.3590976651	4569864.4967492400
422442.4278548854	4569864.8611485884
422441.4966121058	4569865.2255479367
422440.6106048315	4569865.6767316321
422439.7785545368	4569866.2314318279
422438.9465042422	4569866.7861320237
422438.6514689767	4569867.7151703667
422438.4188957635	4569868.6877492582
422438.1863225503	4569869.6603281498
422437.9537493371	4569870.6329070423
422437.7211761239	4569871.6054859338
422437.4886029107	4569872.5780648254
422437.2560296976	4569873.5506437169
422437.0234564843	4569874.5232226085
422436.7908832712	4569875.4958015000
422436.5583100580	4569876.4683803916
422436.3257368448	4569877.4409592832
422436.0931636316	4569878.4135381756
422435.8605904184	4569879.3861170672
422435.6280172052	4569880.3586959587
422435.3954439920	4569881.3312748503
422435.1628707788	4569882.3038537418
422434.9302975656	4569883.2764326334
422434.6977243524	4569884.2490115250
422434.4651511392	4569885.2215904165
422434.2325779260	4569886.1941693081
422434.0000047129	4569887.1667482005
422433.7674314996	4569888.1393270921
422433.5348582865	4569889.1119059836
422433.3022850733	4569890.0844848752
422433.0697118601	4569891.0570637668
422432.8371386469	4569892.0296426583
422432.6081201872	4569893.0028335545
422432.5020552057	4569893.9971927553
422432.3959902243	4569894.9915519562
422432.2899252429	4569895.9859111561
422432.1838602615	4569896.9802703569
422432.0777952801	4569897.9746295577
422431.9717302987	4569898.9689887585
422431.8656653172	4569899.9633479584
422431.7596003358	4569900.9577071592
422431.6535353544	4569901.9520663600
422431.5474703730	4569902.9464255599
422431.6165006236	4569903.9091594294
422432.0637142190	4569904.8035866199
422432.5109278145	4569905.6980138114
422432.9581414100	4569906.5924410028
422433.4053550054	4569907.4868681934
422433.8525686009	4569908.3812953848
422433.0233402096	4569908.7594604166
422432.0800758626	4569909.0915031424
422431.1396486609	4569909.4313899735
422430.2022233888	4569909.7795765027
422429.2647981167	4569910.1277630320
422428.3273728445	4569910.4759495612
422427.3904520237	4569910.8254840393
422426.4547547374	4569911.1782879345
422425.5190574511	4569911.5310918298
422424.5833601649	4569911.8838957241
422423.6088460885	4569911.9677041592
422422.6115783341	4569911.8938324731
422421.6143105797	4569911.8199607879
422420.6282282858	4569911.9117470952
422419.6499431939	4569912.1190108852
422418.6716581020	4569912.3262746762
422417.6933730102	4569912.5335384673
422416.7150879183	4569912.7408022583
422415.7368028264	4569912.9480660493
422414.7585177345	4569913.1553298403
422413.7647134832	4569913.2531873863
422412.7673797596	4569913.3261630246
422411.7700460360	4569913.3991386630
422410.7727123124	4569913.4721143004
422409.7758554849	4569913.5505588558
422408.7809437673	4569913.6513094101
422407.7860320497	4569913.7520599645
422406.7911203321	4569913.8528105179
422405.7962086144	4569913.9535610722
422404.7978740239	4569914.0020341985
422403.7983192599	4569914.0318716541
422402.7987644959	4569914.0617091097
422401.7992097319	4569914.0915465653
422400.7996549679	4569914.1213840209
422399.8001002039	4569914.1512214765
422398.8005454398	4569914.1810589312
422397.8017023477	4569914.2229600688
422396.8055724976	4569914.3108538790
422395.8094426476	4569914.3987476891
422394.8133127975	4569914.4866414992
422393.8157380296	4569914.5427742880
422392.8157422835	4569914.5456910823
422391.8157465373	4569914.5486078765
422390.8157507912	4569914.5515246708
422389.8157550451	4569914.5544414660
422388.8157592989	4569914.5573582603
422387.8157635528	4569914.5602750545
422386.8170790829	4569914.5205381876
422385.8191509044	4569914.4562004022
422384.8212227259	4569914.3918626169
422383.8232945475	4569914.3275248315
422382.8253663690	4569914.2631870452
422381.8274381905	4569914.1988492599
422380.8316818662	4569914.1148203742
422379.8437201208	4569913.9601219920
422378.8557583754	4569913.8054236090
422377.8677966300	4569913.6507252259
422376.8798348847	4569913.4960268429
422375.8918731393	4569913.3413284598
422374.9043612273	4569913.1837997977
422373.9171201065	4569913.0245673591
422372.9298789858	4569912.8653349206
422371.9426378650	4569912.7061024811
422370.9553967443	4569912.5468700426
422369.9681556235	4569912.3876376040
422368.9809145028	4569912.2284051655
422367.9936733820	4569912.0691727269
422367.0064322613	4569911.9099402884
422366.0371952729	4569911.6697205696
422365.0754762073	4569911.3956832746
422364.1137571418	4569911.1216459805
422363.1520380762	4569910.8476086855
422362.1903190107	4569910.5735713905
422361.2307970098	4569910.2926903581
422360.2892795318	4569909.9557262072
422359.3477620537	4569909.6187620573
422358.4062445757	4569909.2817979073
422357.4647270976	4569908.9448337574
422356.5232096195	4569908.6078696065
422355.5782055834	4569908.2810326936
422354.6287944991	4569907.9669967191
422353.6793834148	4569907.6529607447
422352.7299723306	4569907.3389247712
422351.7805612463	4569907.0248887967
422350.8311501621	4569906.7108528223
422349.8817390778	4569906.3968168478
422348.9323279935	4569906.0827808743
422348.0161023609	4569905.6854538694
422347.1108654132	4569905.2605467401
422346.2056284654	4569904.8356396109
422345.3003915177	4569904.4107324816
422344.3951545699	4569903.9858253524
422343.4899176221	4569903.5609182231
422342.5542420899	4569903.2128348807
422341.6036366383	4569902.9024330834
422340.6530311867	4569902.5920312870
422339.6926138480	4569902.3140621735
422338.7293618001	4569902.0454630442
422337.7661097521	4569901.7768639158
422336.8028577041	4569901.5082647866
422335.8396056562	4569901.2396656573
422334.8763536082	4569900.9710665289
422333.9243899037	4569900.6658284971
422332.9769946443	4569900.3457625313
422332.0295993850	4569900.0256965654
422331.0822041256	4569899.7056305995
422330.1191124836	4569899.4594691014
422329.1234112676	4569899.3668457326
422328.1277100516	4569899.2742223637
422327.1320088356	4569899.1815989949
422326.1363076196	4569899.0889756260
422325.1496165549	4569898.9385173330
422324.1729270653	4569898.7238603020
422323.1962375756	4569898.5092032719
422322.2195480861	4569898.2945462409
422321.2428585965	4569898.0798892099
422320.2652314770	4569897.8696998395
422319.2846508012	4569897.6735837040
422318.3040701255	4569897.4774675695
422317.3234894498	4569897.2813514341
422316.3429087741	4569897.0852352995
422315.3667145218	4569896.8698583627
422314.3979118173	4569896.6220251126
422313.4291091128	4569896.3741918635
422312.4603064083	4569896.1263586134
422311.4915037038	4569895.8785253633
422310.5161725612	4569895.6613323847
422309.5304886615	4569895.4927285593
422308.5448047617	4569895.3241247339
422307.5591208620	4569895.1555209095
422306.5737238722	4569894.9853703063
422305.5931431965	4569894.7892541708
422304.6125625208	4569894.5931380363
422303.6319818452	4569894.3970219009
422302.6514011694	4569894.2009057654
422301.6741906415	4569893.9892916791
422300.7007189417	4569893.7604842279
422299.7272472418	4569893.5316767767
422298.7537755419	4569893.3028693264
422297.7803038421	4569893.0740618752
422296.8068321423	4569892.8452544240
422295.8333604424	4569892.6164469738
422294.8598887425	4569892.3876395226
422293.8864170427	4569892.1588320713
422292.9129453428	4569891.9300246211
422291.9394736430	4569891.7012171699
422290.9660019431	4569891.4724097187
422289.9925302433	4569891.2436022684
422289.0190585434	4569891.0147948172
422288.0512015288	4569890.7633233471
422287.0834979560	4569890.5112325009
422286.1157943830	4569890.2591416538
422285.1480908101	4569890.0070508067
422284.1803872372	4569889.7549599605
422283.2126836643	4569889.5028691133
422282.2481140529	4569889.2415631022
422281.3273623323	4569888.8514140686
422280.4066106116	4569888.4612650340
422279.4858588910	4569888.0711159995
422278.5651071703	4569887.6809669649
422277.6443554497	4569887.2908179313
422276.7236037291	4569886.9006688967
422275.8028520085	4569886.5105198622
422274.8432463309	4569886.2330037374
422273.8777786931	4569885.9724807246
422272.9123110553	4569885.7119577117
422271.9407184339	4569885.4852365041
422270.9452229613	4569885.3904274115
422269.9497274887	4569885.2956183190
422268.9542320161	4569885.2008092264
422267.9587365435	4569885.1060001338
422266.9787140298	4569884.9286826476
422266.0165079840	4569884.6563601820
422265.0543019382	4569884.3840377163
422264.0920958924	4569884.1117152506
422263.1298898466	4569883.8393927841
422262.1676838008	4569883.5670703184
422261.2120727528	4569883.2744572451
422260.2736316935	4569882.9290178465
422259.3351906342	4569882.5835784478
422258.3967495749	4569882.2381390492
422257.4583085156	4569881.8926996496
422256.5198674563	4569881.5472602509
422255.5814263969	4569881.2018208522
422254.6429853376	4569880.8563814536
422253.7045442783	4569880.5109420549
422252.7661032190	4569880.1655026563
422251.8276621597	4569879.8200632576
422250.8941725369	4569879.4619203983
422249.9694944413	4569879.0811705859
422249.0448163456	4569878.7004207736
422248.1201382501	4569878.3196709612
422247.1954601545	4569877.9389211489
422246.2707820589	4569877.5581713365
422245.3461039632	4569877.1774215251
422244.4214258677	4569876.7966717128
422243.4967477721	4569876.4159219004
422242.5720696764	4569876.0351720881
422241.6473915809	4569875.6544222757
422240.7227134853	4569875.2736724634
422239.7980353897	4569874.8929226510
422238.8686870396	4569874.5242350195
422237.9287012937	4569874.1830213079
422236.9887155477	4569873.8418075955
422236.0487298017	4569873.5005938830
422235.1087440558	4569873.1593801714
422234.1687583098	4569872.8181664590
422233.2287725638	4569872.4769527465
422232.2718031964	4569872.1868016496
422231.3147049734	4569871.8970379680
422230.3576067504	4569871.6072742855
422229.4005085274	4569871.3175106039
422228.4434103043	4569871.0277469214
422227.4863120814	4569870.7379832389
422226.5401992736	4569870.4154013768
422225.6015295141	4569870.0705839135
422224.6628597546	4569869.7257664511
422223.7241899951	4569869.3809489887
422222.7855202356	4569869.0361315254
422221.8468504760	4569868.6913140630
422220.9140728002	4569868.3310011858
422219.9834484580	4569867.9650253206
422219.0528241158	4569867.5990494555
422218.1221997736	4569867.2330735913
422217.1915754314	4569866.8670977261
422216.2697759504	4569866.4805737995
422215.3635928104	4569866.0576883350
422214.4574096704	4569865.6348028695
422213.5432349012	4569865.2298381878
422212.6230802657	4569864.8382830229
422211.7029256302	4569864.4467278589
422210.7520013121	4569864.1433059042
422209.7880898888	4569863.8770827493
422208.8241784656	4569863.6108595943
422207.8602670423	4569863.3446364403
422206.8963556191	4569863.0784132853
422205.9324441958	4569862.8121901304
422204.9558570683	4569862.6027136929
422203.9702822208	4569862.4334735675
422202.9847073733	4569862.2642334420
422201.9991325258	4569862.0949933166
422201.0135576784	4569861.9257531911
422200.0279828309	4569861.7565130657
422199.0479364651	4569861.5578790018
422198.0682215328	4569861.3574827658
422197.0885066004	4569861.1570865298
422196.1087916681	4569860.9566902937
422195.1290767358	4569860.7562940577
422194.1446126009	4569860.5809167381
422193.1596126699	4569860.4083620049
422192.1746127388	4569860.2358072726
422191.1896128077	4569860.0632525394
422190.2046128766	4569859.8906978071
422189.2196129455	4569859.7181430738
422188.2346130145	4569859.5455883415
422187.2493253983	4569859.3747803168
422186.2610145538	4569859.2223281125
422185.2727037093	4569859.0698759072
422184.2843928648	4569858.9174237028
422183.2960820204	4569858.7649714984
422182.3077711758	4569858.6125192940
422181.3194603314	4569858.4600670896
422180.3311494868	4569858.3076148853
422179.3428386424	4569858.1551626800
422178.3545277979	4569858.0027104756
422177.3662169534	4569857.8502582712
422176.3883861545	4569857.6496389005
422175.4260767513	4569857.3776818952
422174.4637673482	4569857.1057248898
422173.5014579451	4569856.8337678853
422172.5391485419	4569856.5618108800
422171.5766091479	4569856.2907108581
422170.6074406168	4569856.0443120785
422169.6382720858	4569855.7979132999
422168.6691035547	4569855.5515145203
422167.6999350236	4569855.3051157417
422166.7307664926	4569855.0587169621
422165.7615979615	4569854.8123181826
422164.7897946033	4569854.5778292138
422163.8071329496	4569854.3924213545
422162.8244712958	4569854.2070134953
422161.8418096421	4569854.0216056360
422160.8591479884	4569853.8361977767
422159.8764863346	4569853.6507899174
422158.8938246809	4569853.4653820582
422157.9111630272	4569853.2799741989
422156.9285013735	4569853.0945663396
422155.9487578980	4569852.8973831218
422154.9932343100	4569852.6024684347
422154.0377107222	4569852.3075537467
422153.0821871342	4569852.0126390597
422152.1266635463	4569851.7177243717
422151.1581783976	4569851.4838777585
422150.1652412661	4569851.3652360588
422149.1723041346	4569851.2465943592
422148.1793670031	4569851.1279526595
422147.1864298716	4569851.0093109598
422146.1936823153	4569850.8891087044
422145.2012191399	4569850.7665654644
422144.2087559646	4569850.6440222254
422143.2162927892	4569850.5214789854
422142.2238296139	4569850.3989357455
422141.2348012688	4569850.2597324830
422140.2748012680	4569849.9797324864
422139.3148012673	4569849.6997324890
422138.3548012665	4569849.4197324915
422137.3948012658	4569849.1397324940
422136.4348012650	4569848.8597324966
422135.4748012643	4569848.5797324991
422134.5148012635	4569848.2997325016
422133.5548012628	4569848.0197325042
422132.5948012620	4569847.7397325067
422131.6348012613	4569847.4597325092
422130.6748012605	4569847.1797325118
422129.7148012598	4569846.8997325143
422128.7548012590	4569846.6197325168
422127.7948012583	4569846.3397325194
422126.8348012575	4569846.0597325219
422125.8748012568	4569845.7797325244
422124.9148012560	4569845.4997325270
422123.9548012553	4569845.2197325295
422122.9948012545	4569844.9397325320
422122.0504793261	4569844.6149491696
422121.1254602292	4569844.2350285584
422120.2004411323	4569843.8551079482
422119.2715021609	4569843.4855121821
422118.3274144294	4569843.1558178458
422117.3833266979	4569842.8261235105
422116.4392389665	4569842.4964291742
422115.5311480893	4569842.0781388106
422114.6246479610	4569841.6559332712
422113.7181478328	4569841.2337277317
422112.8116477045	4569840.8115221933
422111.8706327175	4569840.5000921246
422110.8847461529	4569840.3326774240
422109.8988595882	4569840.1652627243
422108.9279185451	4569839.9375660419
422107.9780078258	4569839.6250446420
422107.0280971066	4569839.3125232412
422106.0787840037	4569838.9981915886
422105.1295111504	4569838.6837380156
422104.1802382972	4569838.3692844417
422103.2309654439	4569838.0548308678
422102.3524468112	4569837.5947658550
422101.5185940998	4569837.0427788487
422100.6847413883	4569836.4907918414
422099.8508886768	4569835.9388048351
422099.0170359654	4569835.3868178278
422098.0958145483	4569835.0077313753
422097.1567958232	4569834.6638653632
422096.2177770981	4569834.3199993512
422095.2787583731	4569833.9761333400
422094.3278547918	4569833.6683070380
422093.3684892902	4569833.3861407144
422092.4091237887	4569833.1039743898
422091.4497582871	4569832.8218080662
422090.4903927855	4569832.5396417417
422089.5310272840	4569832.2574754180
422088.5716617824	4569831.9753090935
422087.6122962808	4569831.6931427699
422086.6731839897	4569831.3528921911
422085.7463695539	4569830.9773725485
422084.8195551182	4569830.6018529069
422083.8927406824	4569830.2263332643
422082.9659262466	4569829.8508136226
422082.0391118109	4569829.4752939800
422081.1122973751	4569829.0997743383
422080.1822851112	4569828.7323161913
422079.2500747715	4569828.3703992357
422078.3178644319	4569828.0084822802
422077.3856540922	4569827.6465653256
422076.4534437525	4569827.2846483700
422075.5413391378	4569826.8779931869
422074.6517721197	4569826.4211885026
422073.7566280746	4569825.9767272770
422072.8258765810	4569825.6110749049
422071.8951250874	4569825.2454225328
422070.9643735938	4569824.8797701607
422070.0153939089	4569824.5659817494
422069.0605371327	4569824.2689151969
422068.1081494259	4569823.9647764750
422067.1758838680	4569823.6030017808
422066.2436183101	4569823.2412270866
422065.3113527522	4569822.8794523925
422064.3775634214	4569822.5220033256
422063.4243836009	4569822.2195992423
422062.4712037805	4569821.9171951581
422061.5180239600	4569821.6147910748
422060.5648441395	4569821.3123869915
422059.6116643191	4569821.0099829072
422058.6584844986	4569820.7075788239
422057.7053046781	4569820.4051747397
422056.7521248576	4569820.1027706563
422055.8044529895	4569819.7866636720
422054.9071467075	4569819.3452552035
422054.0098404254	4569818.9038467351
422053.1125341433	4569818.4624382658
422052.2152278613	4569818.0210297974
422051.3179215792	4569817.5796213290
422050.4621098243	4569817.0629347907
422049.6097870954	4569816.5399185717
422048.7549816030	4569816.0225109737
422047.7947863064	4569815.7431814326
422046.8345910097	4569815.4638518924
422045.8743957131	4569815.1845223513
422044.9311828150	4569814.8534117797
422043.9920599631	4569814.5098302476
422043.0405602504	4569814.2078130320
422042.0664630501	4569813.9816833250
422041.0923658498	4569813.7555536181
422040.1282296971	4569813.5017820522
422039.2338025058	4569813.0545684574
422038.3393753145	4569812.6073548626
422037.3875720496	4569812.3172026929
422036.4154898412	4569812.0825621588
422035.4434076327	4569811.8479216257
422034.5267783212	4569811.4874541005
422033.6977061923	4569810.9283124330
422032.8686340634	4569810.3691707645
422031.9651429231	4569809.9958248651
422030.9793217534	4569809.8280255171
422029.9935005836	4569809.6602261690
422029.0400094771	4569809.3660766743
422028.0947498756	4569809.0397573737
422027.1494902740	4569808.7134380741
422026.2550141298	4569808.2736023255
422025.3817411557	4569807.7863710532
422024.5084681817	4569807.2991397809
422023.6351952076	4569806.8119085087
422022.7511813687	4569806.3469912242
422021.8256344126	4569805.9683583779
422020.9000874564	4569805.5897255326
422019.9745405003	4569805.2110926863
422019.0596101727	4569804.8104442749
422018.1870353505	4569804.3219637945
422017.3144605283	4569803.8334833141
422016.4418857061	4569803.3450028338
422015.5830609901	4569802.8329809178
422014.7289289825	4569802.3129246579
422013.8747969748	4569801.7928683981
422013.0206649672	4569801.2728121383
422012.1665329595	4569800.7527558785
422011.2988039521	4569800.2628123490
422010.3438658681	4569799.9660072690
422009.3889277840	4569799.6692021880
422008.4339897000	4569799.3723971080
422007.4790516160	4569799.0755920280
422006.4964740682	4569798.9020822477
422005.5062174893	4569798.7628274160
422004.5159609104	4569798.6235725842
422003.5511165022	4569798.4190324442
422002.7273069307	4569797.8521658024
422001.9034973592	4569797.2852991605
422001.0796877878	4569796.7184325187
422000.2558782163	4569796.1515658759
421999.4320686448	4569795.5846992340
421998.5075985334	4569795.2400050955
421997.5382219566	4569794.9944260810
421996.5688453798	4569794.7488470674
421995.6217487477	4569794.4281503577
421994.6752385596	4569794.1054764297
421993.7458114287	4569793.7412851835
421992.8463032696	4569793.3043812215
421991.9311361271	4569792.9171460699
421990.9436954952	4569792.7591555687
421989.9516884127	4569792.6344220378
421988.9582083412	4569792.5204161275
421987.9647282697	4569792.4064102173
421986.9856143930	4569792.2284596013
421986.0388416482	4569791.9065568680
421985.0920689032	4569791.5846541347
421984.1599912960	4569791.2264928631
421983.2562534575	4569790.7984065181
421982.3525156189	4569790.3703201730
421981.5379790648	4569789.7907550130
421980.7123795598	4569789.2293101866
421979.8206315866	4569788.7767778095
421978.9288836133	4569788.3242454324
421978.0206570666	4569787.9066790938
421977.1040168833	4569787.5069657285
421976.1873767000	4569787.1072523631
421975.2707365167	4569786.7075389978
421974.4111459303	4569786.2015062133
421973.5712851459	4569785.6587043498
421972.7314243615	4569785.1159024863
421971.9186971569	4569784.5339743551
421971.1159533088	4569783.9376503536
421970.2905263964	4569783.3772167396
421969.4074106769	4569782.9080615137
421968.5080943768	4569782.4766919380
421967.5594110787	4569782.1604641723
421966.6107277807	4569781.8442364065
421965.6819305016	4569781.4843370626
421964.8205645981	4569780.9763520425
421963.9591986946	4569780.4683670234
421963.0708504495	4569780.0108407894
421962.1700817683	4569779.5765416035
421961.2693130871	4569779.1422424177
421960.3633554804	4569778.7196885813
421959.4357119624	4569778.3462217106
421958.5080684443	4569777.9727548398
421957.5804249263	4569777.5992879691
421956.6527814083	4569777.2258210983
421955.7710573688	4569776.7635102002
421954.9298788934	4569776.2227526084
421954.0887004180	4569775.6819950175
421953.2475219427	4569775.1412374256
421952.4255185947	4569774.5720262760
421951.6085507313	4569773.9953430789
421950.7915828679	4569773.4186598808
421949.9423122453	4569772.9017332215
421949.0123515253	4569772.5340743316
421948.0823908054	4569772.1664154408
421947.1852277850	4569771.7278470099
421946.3028748438	4569771.2572587747
421945.4670418449	4569770.7103396803
421944.6443820772	4569770.1418056833
421943.8125118123	4569769.5871037077
421942.9707165586	4569769.0473067537
421942.0998069431	4569768.5647039581
421941.1680295512	4569768.2016738048
421940.2362521593	4569767.8386436524
421939.3044747675	4569767.4756134991
421938.3726973756	4569767.1125833457
421937.5016945607	4569766.6299164491
421936.6589983006	4569766.0915271724
421935.8157588358	4569765.5539914900
421934.9711423435	4569765.0186196743
421934.1265258511	4569764.4832478585
421933.1923346578	4569764.1668280223
421932.2146629893	4569763.9566897145
421931.2369913208	4569763.7465514066
421930.3145533428	4569763.3766092202
421929.4157848972	4569762.9381855885
421928.5220295460	4569762.4904154008
421927.6596137623	4569761.9842148321
421926.7971979784	4569761.4780142633
421925.9262488446	4569760.9888821105
421925.0038078562	4569760.6027440224
421924.0813668678	4569760.2166059352
421923.1593480399	4569759.8294622917
421922.2377126647	4569759.4414052917
421921.3194930371	4569759.0456725108
421920.4142560932	4569758.6207653731
421919.5090191493	4569758.1958582355
421918.6289265593	4569757.7322759228
421917.8732374764	4569757.0773453843
421917.1175483935	4569756.4224148458
421916.2213056852	4569755.9837971423
421915.3158467490	4569755.5593632665
421914.3305341146	4569755.3999038683
421913.3413306523	4569755.2533552079
421912.3521271899	4569755.1068065464
421911.4871903286	4569754.6216272740
421910.6379980434	4569754.0935435090
421909.7888057581	4569753.5654597441
421908.9359141354	4569753.0433767643
421908.0826323017	4569752.5219267551
421907.2293504680	4569752.0004767459
421906.3760686344	4569751.4790267358
421905.5227868007	4569750.9575767266
421904.6695049670	4569750.4361267174
421903.8162231333	4569749.9146767082
421902.9629412996	4569749.3932266990
421902.1096594659	4569748.8717766888
421901.2620590464	4569748.3411515867
421900.4149722995	4569747.8096969388
421899.5678855525	4569747.2782422900
421898.7207988055	4569746.7467876421
421897.8737120585	4569746.2153329942
421897.0266253115	4569745.6838783454
421896.1795385645	4569745.1524236975
421895.3324518175	4569744.6209690496
421894.4624165216	4569744.1281169187
421893.5908409844	4569743.6378556797
421892.7192654473	4569743.1475944398
421891.8476899101	4569742.6573331999
421890.9761143729	4569742.1670719609
421890.1045388357	4569741.6768107209
421889.2329632986	4569741.1865494819
421888.3613877614	4569740.6962882420
421887.5152983595	4569740.1642629448
421886.6807267564	4569739.6133634625
421885.8461551533	4569739.0624639802
421885.0115835502	4569738.5115644978
421884.1770119471	4569737.9606650164
421883.3424403440	4569737.4097655341
421882.5078687409	4569736.8588660518
421881.6732971378	4569736.3079665704
421880.8387255347	4569735.7570670880
421880.0041539316	4569735.2061676057
421879.1695823285	4569734.6552681243
421878.3350107254	4569734.1043686420
421877.5004391223	4569733.5534691596
421876.6669098459	4569733.0010985453
421875.8704635293	4569732.3963893056
421875.0740172128	4569731.7916800659
421874.2775708962	4569731.1869708262
421873.4642556379	4569730.6080616498
421872.5908917637	4569730.1209933348
421871.7175278894	4569729.6339250207
421870.8441640152	4569729.1468567057
421870.0053833112	4569728.6029666215
421869.1715305993	4569728.0509796161
421868.3376778875	4569727.4989926098
421867.5038251757	4569726.9470056035
421866.6609294642	4569726.4124259064
421865.7298724393	4569726.0475522075
421864.7988154143	4569725.6826785086
421863.8677583894	4569725.3178048097
421862.9367013644	4569724.9529311107
421862.0205241933	4569724.5532148601
421861.1131200856	4569724.1329556713
421860.2057159779	4569723.7126964834
421859.2983118703	4569723.2924372954
421858.3909077626	4569722.8721781066
421857.4578017103	4569722.5175160170
421856.5064277909	4569722.2094776016
421855.5550538716	4569721.9014391862
421854.6036799522	4569721.5934007699
421853.6523060329	4569721.2853623545
421852.7009321135	4569720.9773239382
421851.7495581942	4569720.6692855228
421850.7981842748	4569720.3612471074
421849.8382922358	4569720.0810829736
421848.8772437848	4569719.8047030270
421847.9161953338	4569719.5283230804
421846.9551468829	4569719.2519431338
421845.9940984319	4569718.9755631872
421845.0330499810	4569718.6991832405
421844.0720015300	4569718.4228032939
421843.1109530790	4569718.1464233473
421842.1499046281	4569717.8700434007
421841.2111435543	4569717.5259539708
421840.2738303961	4569717.1774657452
421839.3365172379	4569716.8289775196
421838.3992040796	4569716.4804892940
421837.4681228305	4569716.1167139849
421836.5543112820	4569715.7105755191
421835.6404997334	4569715.3044370525
421834.7266881848	4569714.8982985867
421833.8264108657	4569714.4630490290
421832.9269027072	4569714.0261450661
421832.0273945485	4569713.5892411033
421831.1278863900	4569713.1523371413
421830.2541139494	4569712.6682013506
421829.3993264340	4569712.1492232159
421828.5445389187	4569711.6302450821
421827.6897514034	4569711.1112669483
421826.8351505745	4569710.5919814697
421825.9805714276	4569710.0726602953
421825.1259922806	4569709.5533391219
421824.2714131337	4569709.0340179475
421823.4168339868	4569708.5146967741
421822.5622548398	4569707.9953755997
421821.7076756929	4569707.4760544263
421820.8530965459	4569706.9567332529
421819.9970620609	4569706.4398287004
421819.1383494775	4569705.9273711909
421818.2796368941	4569705.4149136813
421817.4209243107	4569704.9024561718
421816.5506614893	4569704.4112795256
421815.6530515284	4569703.9704889199
421814.7554415675	4569703.5296983141
421813.8578316067	4569703.0889077084
421812.9602216458	4569702.6481171027
421812.0626116849	4569702.2073264970
421811.1650017241	4569701.7665358912
421810.2647386061	4569701.3312966907
421809.3579467705	4569700.9097180301
421808.4511549350	4569700.4881393705
421807.5443630993	4569700.0665607098
421806.6375712637	4569699.6449820492
421805.7307794282	4569699.2234033886
421804.8239875926	4569698.8018247280
421803.9141482950	4569698.3870930960
421802.9939936594	4569697.9955379320
421802.0738390238	4569697.6039827671
421801.1536843882	4569697.2124276031
421800.2335297526	4569696.8208724391
421799.3133751170	4569696.4293172751
421798.3895759117	4569696.0465631001
421797.4619903696	4569695.6729522571
421796.5344048275	4569695.2993414141
421795.6068192855	4569694.9257305702
421794.6787549595	4569694.5533256419
421793.7475121799	4569694.1889262935
421792.8162694002	4569693.8245269442
421791.8850266206	4569693.4601275958
421790.9537838409	4569693.0957282465
421790.0225410612	4569692.7313288981
421789.1512472904	4569692.2528591948
421788.3229638771	4569691.6925498275
421787.4946804639	4569691.1322404593
421786.6663970506	4569690.5719310921
421785.8381136374	4569690.0116217248
421785.9566688476	4569689.0347344615
421785.9936003261	4569688.0431553340
421785.8900459122	4569687.0485315444
421785.7864914983	4569686.0539077548
421785.3334030925	4569685.3119147588
421784.4214815874	4569684.9015500806
421783.5095600822	4569684.4911854034
421782.5837033532	4569684.1177670034
421781.6279243444	4569683.8236811552
421780.6721453356	4569683.5295953071
421779.7163663268	4569683.2355094580
421778.7513122108	4569683.1736717047
421777.7751251506	4569683.3906021630
421776.7989380905	4569683.6075326204
421775.8227510303	4569683.8244630788
421774.9882377485	4569684.2994768564
421774.2811309671	4569685.0065836376
421773.5740241857	4569685.7136904188
421773.1749210672	4569686.6237299927
421772.8042182644	4569687.5524815377
421772.4335154617	4569688.4812330827
421772.0628126590	4569689.4099846277
421771.6504719118	4569690.2855323814
421770.6598507826	4569690.4221697794
421769.6692296533	4569690.5588071765
421768.6786085241	4569690.6954445736
421767.7039356897	4569690.5367905675
421766.7337931895	4569690.2942549419
421765.7636506894	4569690.0517193172
421764.7935081892	4569689.8091836916
421763.8634154249	4569689.4460082548
421762.9408355478	4569689.0602021245
421762.0182556706	4569688.6743959943
421761.0596726997	4569688.4322737157
421760.0641772272	4569688.3374646232
421759.0691433922	4569688.2385375742
421758.0773655256	4569688.1105662361
421757.0878147670	4569687.9677295033
421756.1020783414	4569687.7994330404
421755.1172709293	4569687.6271927720
421754.1600595020	4569687.3378032707
421753.2028480746	4569687.0484137693
421752.2889817650	4569686.6571883280
421751.4168387240	4569686.1679373542
421750.5446956828	4569685.6786863795
421749.6610315419	4569685.2106586797
421748.7756336390	4569684.7458247803
421747.8547702952	4569684.3940765439
421746.8624924185	4569684.2700418085
421745.8702145419	4569684.1460070740
421744.9000292977	4569683.9185488774
421743.9436777265	4569683.6263303421
421743.0106922304	4569683.2724844571
421742.1010042266	4569682.8571921075
421741.1913162227	4569682.4418997578
421740.2344427734	4569682.1731667891
421739.2533342203	4569681.9797087647
421738.2722256673	4569681.7862507403
421737.2911171143	4569681.5927927159
421736.2994652152	4569681.4853882529
421735.3006723782	4569681.4362672931
421734.3018795411	4569681.3871463342
421733.3064756716	4569681.3118450670
421732.3280963338	4569681.1050266167
421731.3497169960	4569680.8982081665
421730.3713376582	4569680.6913897162
421729.3929583204	4569680.4845712660
421728.4145789826	4569680.2777528157
421727.4729337059	4569679.9476592680
421726.5409290345	4569679.5852130065
421725.6248225243	4569679.2015468748
421725.0151117631	4569678.4089228865
421724.4054010018	4569677.6162988972
421724.4093849704	4569676.6958454726
421724.6519205954	4569675.7257029731
421724.8944562205	4569674.7555604726
421725.1369918455	4569673.7854179721
421725.2288500921	4569672.7967262389
421725.2288500921	4569671.7967262389
421725.2288500921	4569670.7967262389
421724.9001282539	4569669.8877769178
421724.3856324984	4569669.0302839922
421723.8711367428	4569668.1727910656
421723.2205464306	4569667.4763247296
421722.2893036507	4569667.1119253812
421721.3580608709	4569666.7475260329
421720.4268180910	4569666.3831266845
421719.4657837014	4569666.5239192033
421718.4981664290	4569666.7763410993
421717.5305491564	4569667.0287629962
421716.7129666916	4569667.5138600795
421716.0837684628	4569668.2911049500
421715.4545702342	4569669.0683498206
421714.8253720055	4569669.8455946911
421714.3670732852	4569670.7201492647
421714.0197589293	4569671.6578980256
421713.6724445733	4569672.5956467865
421713.3251302174	4569673.5333955465
421713.0276585905	4569674.4867915865
421712.7766964318	4569675.4547884846
421712.5257342731	4569676.4227853827
421712.2747721144	4569677.3907822808
421711.9912097158	4569678.3492558543
421711.6816236683	4569679.3001272865
421711.3720376209	4569680.2509987177
421711.0624515734	4569681.2018701490
421710.7528655260	4569682.1527415803
421710.4432794785	4569683.1036130125
421710.2058071767	4569684.0575029748
421710.4348465105	4569685.0309201432
421710.6638858443	4569686.0043373117
421710.1276001079	4569686.5612830045
421709.1858448134	4569686.8975819275
421708.2294637211	4569687.1750252414
421707.2398359844	4569687.3186808806
421706.2502082476	4569687.4623365197
421705.2605805109	4569687.6059921589
421704.2634204421	4569687.6051703682
421703.2642194834	4569687.5652023293
421702.2650185247	4569687.5252342913
421701.2658175659	4569687.4852662534
421700.2692981992	4569687.4083386380
421699.2747927463	4569687.3036538530
421698.2802872934	4569687.1989690689
421697.2843896093	4569687.1116092037
421696.2859292561	4569687.0561391842
421695.2874689028	4569687.0006691646
421694.2890085497	4569686.9451991450
421693.2905481965	4569686.8897291254
421692.2920878433	4569686.8342591058
421691.2983932656	4569686.7407783400
421690.3171444451	4569686.5480330363
421689.3358956245	4569686.3552877326
421688.3546468039	4569686.1625424288
421687.3733979833	4569685.9697971251
421686.3921491628	4569685.7770518214
421685.4109003422	4569685.5843065176
421684.4331792860	4569685.3745096596
421683.4560029222	4569685.1620800151
421682.4788265584	4569684.9496503696
421681.5016501945	4569684.7372207250
421680.5475286769	4569684.4392546816
421679.5959581340	4569684.1318241982
421678.6443875911	4569683.8243937148
421677.7012130426	4569683.5000521839
421676.8810860883	4569682.9278705884
421676.0609591342	4569682.3556889920
421675.2323855542	4569681.7975932341
421674.3413460573	4569681.3436674522
421673.4503065604	4569680.8897416713
421672.5592670635	4569680.4358158903
421671.5881756200	4569680.2492593294
421670.5942918854	4569680.1388278035
421669.6004081508	4569680.0283962768
421668.6078879909	4569679.9078526283
421667.6202524624	4569679.7510850839
421666.6326169339	4569679.5943175405
421665.6449814054	4569679.4375499962
421664.6595154859	4569679.2679623179
421663.6752936235	4569679.0910235560
421662.6910717610	4569678.9140847940
421661.7068498985	4569678.7371460330
421660.7226280361	4569678.5602072710
421659.7306678925	4569678.4476605803
421658.7325477736	4569678.3863725029
421657.7344276548	4569678.3250844255
421656.7363075360	4569678.2637963481
421655.7381874172	4569678.2025082707
421654.7400672984	4569678.1412201934
421653.7442965279	4569678.0615043743
421652.7627263742	4569677.8704022197
421651.7811562204	4569677.6793000661
421650.7995860667	4569677.4881979115
421649.8180159129	4569677.2970957579
421648.8364457592	4569677.1059936034
421647.8548756054	4569676.9148914497
421646.8694319330	4569676.7455805354
421645.8821333297	4569676.5867048986
421644.8948347265	4569676.4278292619
421643.9075361232	4569676.2689536251
421642.9202375200	4569676.1100779874
421641.9733031817	4569675.8027807511
421641.0415257897	4569675.4397505987
421640.1097483977	4569675.0767204463
421639.1779710056	4569674.7136902940
421638.2410731755	4569674.3706413135
421637.2495387142	4569674.2407975150
421636.2580042529	4569674.1109537156
421635.2664697916	4569673.9811099172
421634.2749353303	4569673.8512661187
421633.2887514581	4569673.6914558848
421632.3135507079	4569673.4701337283
421631.3383499576	4569673.2488115728
421630.3631492074	4569673.0274894163
421629.3879484572	4569672.8061672607
421628.4127477070	4569672.5848451043
421627.4375469567	4569672.3635229478
421626.4623462065	4569672.1422007922
421625.4837103088	4569671.9402314126
421624.4919133079	4569671.8124084529
421623.5001163071	4569671.6845854921
421622.5083193062	4569671.5567625323
421621.5165223053	4569671.4289395725
421620.5247253045	4569671.3011166127
421619.5371181137	4569671.1444864180
421618.5500004970	4569670.9844901348
421617.5628828802	4569670.8244938515
421616.5757652634	4569670.6644975692
421615.5886476466	4569670.5045012860
421614.6015300298	4569670.3445050027
421613.6144124130	4569670.1845087195
421612.6272947962	4569670.0245124362
421611.6401771794	4569669.8645161530
421610.6523218230	4569669.7100812420
421609.6576300292	4569669.6071820911
421608.6629382354	4569669.5042829402
421607.6682464415	4569669.4013837893
421606.6735546477	4569669.2984846383
421605.6779275093	4569669.2104658941
421604.6781799071	4569669.1879996555
421603.6784323048	4569669.1655334169
421602.6786847026	4569669.1430671792
421601.6789371004	4569669.1206009407
421600.6793237076	4569669.1104748473
421599.6803012059	4569669.1546793832
421598.6812787041	4569669.1988839181
421597.6822562023	4569669.2430884531
421596.6832337005	4569669.2872929880
421595.6842111987	4569669.3314975239
421594.6851886969	4569669.3757020589
421593.6859445921	4569669.3517316869
421592.6866558297	4569669.3140226780
421591.6873670673	4569669.2763136681
421590.6880783050	4569669.2386046592
421589.6887895426	4569669.2008956494
421588.6895007802	4569669.1631866405
421587.6923552547	4569669.0889642071
421586.6955170495	4569669.0095060887
421585.6986788442	4569668.9300479703
421584.7018406390	4569668.8505898528
421583.7050024337	4569668.7711317344
421582.7081642284	4569668.6916736169
421581.7113260232	4569668.6122154985
421580.7142436226	4569668.5369260255
421579.7149460069	4569668.4994523646
421578.7156483911	4569668.4619787037
421577.7163507754	4569668.4245050438
421576.7170531597	4569668.3870313829
421575.7174171728	4569668.3620205401
421574.7175583759	4569668.3452161904
421573.7176995789	4569668.3284118408
421572.7178407820	4569668.3116074922
421571.7179819850	4569668.2948031425
421570.7181231880	4569668.2779987929
421569.7182643911	4569668.2611944433
421568.7183388903	4569668.2705793064
421567.7184074651	4569668.2822901933
421566.7184760398	4569668.2940010810
421565.7185827423	4569668.3068512240
421564.7201057791	4569668.3620214500
421563.7216288158	4569668.4171916749
421562.7231518525	4569668.4723619008
421561.7349507652	4569668.3512153476
421560.7496427449	4569668.1804286242
421559.7643347245	4569668.0096419007
421558.7790267042	4569667.8388551772
421557.7961067224	4569667.6552731916
421556.8155260467	4569667.4591570562
421555.8349453710	4569667.2630409207
421554.8543646953	4569667.0669247862
421553.8737840196	4569666.8708086507
421552.8966812486	4569666.6580971293
421551.9198686072	4569666.4440012081
421550.9430559658	4569666.2299052868
421549.9662433244	4569666.0158093655
421548.9925518508	4569665.7881008321
421548.0200403539	4569665.5552459657
421547.0475288570	4569665.3223911002
421546.0750173602	4569665.0895362347
421545.1295266443	4569664.7713457029
421544.2002305669	4569664.4020100832
421543.2709344894	4569664.0326744625
421542.3416384119	4569663.6633388428
421541.4123423345	4569663.2940032221
421540.5148156007	4569662.8537123064
421539.6203884097	4569662.4064987106
421538.7273325693	4569661.9569138372
421537.8936202678	4569661.4047147799
421537.0599079661	4569660.8525157236
421536.1696142592	4569660.4256699709
421535.2039985008	4569660.1656964980
421534.2746131329	4569659.7981747556
421533.3485207732	4569659.4208778683
421532.4224284134	4569659.0435809800
421531.4547905611	4569658.8217054866
421530.4639603931	4569658.6865922818
421529.4759989672	4569658.5363700092
421528.5045999607	4569658.2989169182
421527.5332009542	4569658.0614638282
421526.6199911609	4569657.6795434877
421525.7552022141	4569657.1774079707
421524.9230183303	4569656.6257022312
421524.1194611370	4569656.0304746805
421523.2222509463	4569655.6152916932
421522.2735676482	4569655.2990639275
421521.3172389731	4569655.0072708419
421520.3575015663	4569654.7263720874
421519.4168529319	4569654.3968630796
421518.5224257407	4569653.9496494848
421517.6279985496	4569653.5024358900
421516.7646904292	4569653.0130883399
421516.0742146829	4569652.2897327952
421515.3001255248	4569651.6756296679
421514.4215010152	4569651.1981163481
421513.5428765055	4569650.7206030274
421512.6331892893	4569650.3121640431
421511.6929234392	4569649.9717229605
421510.7526575891	4569649.6312818769
421509.8117189941	4569649.2928689215
421508.8543912936	4569649.0038642958
421507.8970635931	4569648.7148596700
421506.9397358925	4569648.4258550443
421505.9695909394	4569648.1836954206
421504.9984815330	4569647.9450607188
421504.1089650816	4569647.4883859586
421503.2197627333	4569647.0308718234
421502.2881691330	4569646.6709694555
421501.3468297288	4569646.3335081600
421500.4054903246	4569645.9960468635
421499.5029121746	4569645.5712473011
421498.6211275325	4569645.0995950513
421497.7393428903	4569644.6279428015
421497.0009975434	4569643.9578234376
421496.2764932718	4569643.2685531275
421495.5136738975	4569642.6254531164
421494.7026488050	4569642.0404417496
421493.9492487649	4569641.3841004735
421493.2068445998	4569640.7141481945
421492.4644397009	4569640.0441970378
421491.5532176475	4569639.6322815502
421490.6419955941	4569639.2203660617
421489.7307735408	4569638.8084505731
421488.8195514874	4569638.3965350855
421487.9083294340	4569637.9846195970
421486.9971073806	4569637.5727041084
421486.1040774054	4569637.1250098627
421485.2343914901	4569636.6314043431
421484.3647055749	4569636.1377988234
421483.4950196597	4569635.6441933038
421482.6253337444	4569635.1505877851
421481.7556478292	4569634.6569822654
421480.8859619139	4569634.1633767458
421480.0162759987	4569633.6697712261
421479.1465900835	4569633.1761657074
421478.2769041682	4569632.6825601878
421477.4344953581	4569632.1440701354
421476.5958029761	4569631.5994646922
421475.7571105942	4569631.0548592489
421474.9184182122	4569630.5102538057
421474.0797258303	4569629.9656483633
421473.2257195236	4569629.4456949281
421472.3658647799	4569628.9351561740
421471.5060100361	4569628.4246174190
421470.6461552924	4569627.9140786650
421469.7863005487	4569627.4035399109
421468.9264458050	4569626.8930011559
421468.0665910612	4569626.3824624019
421467.2067363175	4569625.8719236478
421466.3813310950	4569625.3129102718
421465.6164198967	4569624.6687745266
421464.8515086983	4569624.0246387813
421464.0865975000	4569623.3805030352
421463.3216863016	4569622.7363672899
421462.5567751033	4569622.0922315447
421461.7918639049	4569621.4480957994
421460.9987207290	4569620.8419795679
421460.1609229110	4569620.2959989673
421459.3231250930	4569619.7500183666
421458.4853272751	4569619.2040377660
421457.6475294571	4569618.6580571653
421456.8097316392	4569618.1120765647
421455.9719338212	4569617.5660959641
421455.1341360032	4569617.0201153634
421454.2963381853	4569616.4741347628
421453.4585403673	4569615.9281541621
421452.6207425494	4569615.3821735615
421451.7829447314	4569614.8361929609
421450.9371011145	4569614.3030194184
421450.0816010355	4569613.7852167394
421449.2261009564	4569613.2674140604
421448.3706008774	4569612.7496113805
421447.5151007983	4569612.2318087015
421446.6596007193	4569611.7140060216
421445.8041006402	4569611.1962033426
421444.9486005612	4569610.6784006637
421444.0931004821	4569610.1605979837
421443.2376004030	4569609.6427953048
421442.4245100462	4569609.0657126280
421441.6581955761	4569608.4232469611
421440.8918811061	4569607.7807812942
421440.1255666360	4569607.1383156274
421439.3592521660	4569606.4958499605
421438.5929376959	4569605.8533842936
421437.8266232258	4569605.2109186277
421437.0480756652	4569604.5844853343
421436.2260617820	4569604.0150178848
421435.4040478987	4569603.4455504352
421434.5820340155	4569602.8760829866
421433.7600201323	4569602.3066155370
421432.9380062490	4569601.7371480875
421432.1159923658	4569601.1676806388
421431.2939784826	4569600.5982131893
421430.4719645994	4569600.0287457397
421429.6499507161	4569599.4592782911
421428.8279368329	4569598.8898108415
421428.0059229497	4569598.3203433920
421427.1879372595	4569597.7451108219
421426.3705135354	4569597.1690739691
421425.5530898114	4569596.5930371173
421424.7356660873	4569596.0170002645
421423.9182423633	4569595.4409634117
421423.1008186392	4569594.8649265599
421422.2833949151	4569594.2888897071
421421.4659711911	4569593.7128528543
421420.6485474670	4569593.1368160024
421419.8311237430	4569592.5607791496
421419.0101152581	4569591.9898825167
421418.1870893325	4569591.4218787085
421417.3640634069	4569590.8538749004
421416.5410374813	4569590.2858710932
421415.7180115557	4569589.7178672850
421414.8949856300	4569589.1498634769
421414.0719597044	4569588.5818596696
421413.2489337788	4569588.0138558615
421412.4259078532	4569587.4458520534
421411.6028819276	4569586.8778482452
421410.8091029843	4569586.2697494077
421410.0168771475	4569585.6595213981
421409.2246513107	4569585.0492933895
421408.4324254739	4569584.4390653800
421407.6401996371	4569583.8288373705
421406.8216946979	4569583.2550800480
421405.9921069502	4569582.6967036799
421405.1625192025	4569582.1383273117
421404.3207342098	4569581.6009629518
421403.4244475514	4569581.1574877817
421402.5281608931	4569580.7140126126
421401.6318742347	4569580.2705374425
421400.7355875764	4569579.8270622734
421399.8393009180	4569579.3835871033
421398.9430142596	4569578.9401119342
421398.0467276013	4569578.4966367641
421397.1504409429	4569578.0531615950
421396.2541542846	4569577.6096864250
421395.3578676262	4569577.1662112558
421394.4615809678	4569576.7227360858
421393.5589251256	4569576.2940675337
421392.6205820088	4569575.9483621754
421391.6822388920	4569575.6026568161
421390.7438957752	4569575.2569514578
421389.8055526584	4569574.9112460986
421388.8672095416	4569574.5655407393
421387.9288664248	4569574.2198353810
421386.9845915928	4569573.8917555744
421386.0281619017	4569573.5997928269
421385.0717322106	4569573.3078300795
421384.1153025195	4569573.0158673311
421383.1588728285	4569572.7239045836
421382.2024431374	4569572.4319418361
421381.2394224672	4569572.1628668616
421380.2741960953	4569571.9014513856
421379.3089697234	4569571.6400359096
421378.3437433515	4569571.3786204336
421377.3785169796	4569571.1172049576
421376.4161925378	4569570.8462416874
421375.4687468701	4569570.5263249688
421374.5213012024	4569570.2064082501
421373.5738555347	4569569.8864915315
421372.6264098669	4569569.5665748138
421371.6809070881	4569569.2409976600
421370.7367069067	4569568.9116255036
421369.7949739439	4569568.5765964137
421368.9111860276	4569568.1087086927
421368.0273981114	4569567.6408209717
421367.1436101951	4569567.1729332516
421366.2598222788	4569566.7050455306
421365.3630640817	4569566.2628906788
421364.4612480529	4569565.8307704981
421363.5594320241	4569565.3986503184
421362.6101022761	4569565.0957211284
421361.6432019177	4569564.8405668670
421360.6763015593	4569564.5854126057
421359.7094012010	4569564.3302583443
421358.7267805820	4569564.1635384513
421357.7311804384	4569564.0698349075
421356.7355802948	4569563.9761313647
421355.7399801511	4569563.8824278219
421354.7443800075	4569563.7887242790
421353.7487798638	4569563.6950207353
421352.7531797202	4569563.6013171924
421351.7575795766	4569563.5076136496
421350.7619794329	4569563.4139101058
421349.7663792893	4569563.3202065630
421348.8087371265	4569563.0351877483
421347.8527769888	4569562.7416912150
421346.8968168511	4569562.4481946817
421345.9408567134	4569562.1546981484
421344.9848965756	4569561.8612016151
421344.0289364379	4569561.5677050818
421343.0664128161	4569561.3003496248
421342.0851923303	4569561.1074601272
421341.1039718444	4569560.9145706296
421340.1227513586	4569560.7216811320
421339.1415308728	4569560.5287916344
421338.1603103870	4569560.3359021377
421337.1790899012	4569560.1430126401
421336.1897572763	4569560.0061497949
421335.1941230502	4569559.9128090870
421334.1984888241	4569559.8194683781
421333.2028545980	4569559.7261276701
421332.2072203720	4569559.6327869613
421331.2141037056	4569559.5228432585
421330.2355539206	4569559.3168327771
421329.2570041357	4569559.1108222958
421328.2784543507	4569558.9048118154
421327.2999045657	4569558.6988013340
421326.3073667357	4569558.5876491265
421325.3110041642	4569558.5024339510
421324.3146415926	4569558.4172187764
421323.3182790212	4569558.3320036009
421322.3219164496	4569558.2467884254
421321.3255538781	4569558.1615732508
421320.3291913066	4569558.0763580753
421319.3328287351	4569557.9911428997
421318.3373158857	4569557.8977982383
421317.3448674118	4569557.7751359921
421316.3524189379	4569557.6524737459
421315.3599704640	4569557.5298114987
421314.3675219901	4569557.4071492525
421313.3738135735	4569557.3126937812
421312.3743811999	4569557.3463825127
421311.3749488263	4569557.3800712442
421310.3755164527	4569557.4137599757
421309.3760840791	4569557.4474487072
421308.3770771491	4569557.4613876911
421307.3800226636	4569557.3846911928
421306.3829681782	4569557.3079946935
421305.3859136927	4569557.2312981943
421304.3888592072	4569557.1546016959
421303.3918047216	4569557.0779051967
421302.3947502362	4569557.0012086974
421301.3968522544	4569556.9372969763
421300.3983638441	4569556.8823343115
421299.3998754337	4569556.8273716467
421298.4013870234	4569556.7724089827
421297.4028986132	4569556.7174463179
421296.4044102028	4569556.6624836531
421295.4100941594	4569556.5661453148
421294.4207350241	4569556.4206513241
421293.4313758888	4569556.2751573334
421292.4420167535	4569556.1296633426
421291.4478431281	4569556.0282116728
421290.4504162874	4569555.9565199902
421289.4529894467	4569555.8848283067
421288.4614173132	4569555.7763699191
421287.4910557582	4569555.5347122010
421286.5206942034	4569555.2930544829
421285.5503326484	4569555.0513967648
421284.6097066144	4569554.7154928660
421283.6763610083	4569554.3565137871
421282.7430154021	4569553.9975347072
421281.8096697959	4569553.6385556282
421280.8426761698	4569553.3867752561
421279.8716044767	4569553.1479871348
421278.9005327836	4569552.9091990134
421277.9261127729	4569552.6853819424
421276.9458373314	4569552.4877457647
421275.9655618900	4569552.2901095860
421274.9852864485	4569552.0924734082
421274.0050110069	4569551.8948372304
421273.0247355654	4569551.6972010527
421272.0444601240	4569551.4995648749
421271.0733335344	4569551.2683621570
421270.1283474608	4569550.9412515936
421269.1833613873	4569550.6141410293
421268.2383753137	4569550.2870304659
421267.2933892401	4569549.9599199025
421266.3220940168	4569549.7372647868
421265.3349035120	4569549.5777188465
421264.3477130071	4569549.4181729062
421263.3605225022	4569549.2586269658
421262.3733319973	4569549.0990810255
421261.3861414925	4569548.9395350851
421260.4033394584	4569548.7548888894
421259.4205776015	4569548.5700128963
421258.4378157446	4569548.3851369042
421257.4550538877	4569548.2002609111
421256.4722920308	4569548.0153849190
421255.4860739984	4569547.8592133792
421254.4875161266	4569547.8055274719
421253.4889582547	4569547.7518415647
421252.4904003829	4569547.6981556574
421251.4918425111	4569547.6444697492
421250.4932846393	4569547.5907838419
421249.4946119142	4569547.5392791834
421248.4959377878	4569547.4878011355
421247.4972636615	4569547.4363230886
421246.4985895352	4569547.3848450407
421245.4999154089	4569547.3333669929
421244.5132211821	4569547.1937448047
421243.5370341257	4569546.9768143296
421242.5608470692	4569546.7598838555
421241.5846600128	4569546.5429533804
421240.5992156197	4569546.4159528408
421239.5993069149	4569546.4294651356
421238.5993982101	4569546.4429774294
421237.5994895054	4569546.4564897241
421236.6001367856	4569546.4504281944
421235.6026072671	4569546.3801796371
421234.6050777487	4569546.3099310789
421233.6075482302	4569546.2396825217
421232.6095581312	4569546.1784083555
421231.6100780168	4569546.1461670622
421230.6105979024	4569546.1139257681
421229.6111177881	4569546.0816844748
421228.6337026491	4569545.8912796983
421227.6635601491	4569545.6487440728
421226.6934176489	4569545.4062084481
421225.7232751489	4569545.1636728225
421224.7520092004	4569544.9256865093
421223.7804888617	4569544.6887303293
421222.8084973435	4569544.4537250800
421221.8359184517	4569544.2211518670
421220.8633395601	4569543.9885786539
421219.8691754878	4569543.9313059347
421218.8692286242	4569543.9209972033
421217.8692817606	4569543.9106884729
421216.8693348969	4569543.9003797425
421215.8693880333	4569543.8900710111
421214.8810158801	4569543.7951865410
421213.9150678285	4569543.5364504559
421212.9491197769	4569543.2777143707
421211.9815351394	4569543.0264174547
421210.9961846336	4569542.8558760211
421210.0108341277	4569542.6853345865
421209.0246272339	4569542.5205726223
421208.0321620007	4569542.3980460502
421207.0396967675	4569542.2755194781
421206.0472315343	4569542.1529929060
421205.0547663011	4569542.0304663340
421204.0761211996	4569541.8363894848
421203.1094159716	4569541.5804969249
421202.1427107437	4569541.3246043650
421201.1760055158	4569541.0687118052
421200.2106482824	4569540.8078163713
421199.2462443182	4569540.5433830265
421198.2818403541	4569540.2789496817
421197.3174363899	4569540.0145163368
421196.3530324257	4569539.7500829920
421195.3886284615	4569539.4856496472
421194.4242244974	4569539.2212163024
421193.4479905276	4569539.0243495898
421192.4511127910	4569538.9453889765
421191.4542350545	4569538.8664283641
421190.4573573180	4569538.7874677507
421189.4604795815	4569538.7085071374
421188.4636018450	4569538.6295465240
421187.4777067073	4569538.4716347354
421186.4971260316	4569538.2755186008
421185.5150790382	4569538.0894707283
421184.5192939295	4569537.9977536788
421183.5235088207	4569537.9060366284
421182.5277237120	4569537.8143195789
421181.5319386033	4569537.7226025295
421180.5411134993	4569537.5890059024
421179.5514529002	4569537.4455768298
421178.5617923012	4569537.3021477582
421177.5721317021	4569537.1587186866
421176.5866105114	4569536.9894067477
421175.6015800443	4569536.8170264158
421174.6165495772	4569536.6446460839
421173.6315191100	4569536.4722657520
421172.6517248223	4569536.2754228385
421171.6824392910	4569536.0294847190
421170.7131537597	4569535.7835465986
421169.7438682284	4569535.5376084791
421168.7852761902	4569535.2558385106
421167.8397386045	4569534.9303255705
421166.8942010187	4569534.6048126314
421165.9486634329	4569534.2792996913
421164.9649767116	4569534.1164603736
421163.9733046381	4569533.9876717934
421162.9816325645	4569533.8588832123
421161.9899604909	4569533.7300946321
421161.0051992747	4569533.5616165139
421160.0283599887	4569533.3476421935
421159.0515207028	4569533.1336678741
421158.0746814169	4569532.9196935548
421157.0978421310	4569532.7057192344
421156.1210028450	4569532.4917449150
421155.1356454955	4569532.3347366648
421154.1389417273	4569532.2536096135
421153.1422379591	4569532.1724825632
421152.1455341908	4569532.0913555119
421151.1488304226	4569532.0102284607
421150.1747796855	4569531.8089411883
421149.2169534003	4569531.5215933025
421148.2591271151	4569531.2342454167
421147.3013008299	4569530.9468975309
421146.3379018748	4569530.6797189750
421145.3684184172	4569530.4345622379
421144.3989349596	4569530.1894055018
421143.4294515020	4569529.9442487657
421142.4599680444	4569529.6990920287
421141.5012124116	4569529.4180463059
421140.5562263382	4569529.0909357416
421139.6112402648	4569528.7638251772
421138.6662541913	4569528.4367146138
421137.7212681179	4569528.1096040495
421136.7932629374	4569527.7377948640
421135.8694490202	4569527.3549530609
421134.9456351031	4569526.9721112568
421134.0218211859	4569526.5892694537
421133.0980072688	4569526.2064276496
421132.1741933516	4569525.8235858465
421131.2496085601	4569525.4427130828
421130.3114210512	4569525.0965856519
421129.3732335422	4569524.7504582219
421128.4350460333	4569524.4043307910
421127.4968585243	4569524.0582033610
421126.5586710153	4569523.7120759310
421125.6204835064	4569523.3659485001
421124.7681394498	4569522.8474776698
421123.9266733035	4569522.3071678281
421123.0852071572	4569521.7668579873
421122.2437410108	4569521.2265481455
421121.4022748645	4569520.6862383047
421120.5608087181	4569520.1459284630
421119.6717782690	4569519.6979582608
421118.7433015783	4569519.3265675846
421117.8148248876	4569518.9551769076
421116.8863481969	4569518.5837862305
421115.9610420839	4569518.2045736713
421115.0360222654	4569517.8246548176
421114.1110024470	4569517.4447359638
421113.1629941536	4569517.1344914697
421112.1935106959	4569516.8893347327
421111.2240272383	4569516.6441779966
421110.2545437806	4569516.3990212604
421109.2850603230	4569516.1538645243
421108.3379021358	4569515.8417354021
421107.4152331620	4569515.4561423985
421106.4925641883	4569515.0705493940
421105.5698952147	4569514.6849563895
421104.6526995489	4569514.2868718123
421103.7437663741	4569513.8699299889
421102.8348331993	4569513.4529881664
421101.9259000245	4569513.0360463429
421101.0169668497	4569512.6191045204
421100.1080336749	4569512.2021626970
421099.1991005002	4569511.7852208745
421098.2967613649	4569511.3543343097
421097.3977714961	4569510.9163648868
421096.4987816274	4569510.4783954630
421095.5997917586	4569510.0404260391
421094.7008018898	4569509.6024566162
421093.7359587254	4569509.3626880217
421092.7536201589	4569509.1755759139
421091.7712815925	4569508.9884638060
421090.7889430261	4569508.8013516981
421089.8066044597	4569508.6142395902
421088.8643528198	4569508.2797768414
421087.9226109081	4569507.9434404448
421086.9808689965	4569507.6071040472
421086.0744405810	4569507.1898001116
421085.1872237801	4569506.7284473740
421084.3000069791	4569506.2670946363
421083.3745109607	4569505.9046029011
421082.4079494028	4569505.6481682025
421081.4413878448	4569505.3917335039
421080.4748262869	4569505.1352988053
421079.5082647290	4569504.8788641058
421078.5417031711	4569504.6224294072
421077.6162791633	4569504.2489994746
421076.7019297737	4569503.8440733161
421075.7875803841	4569503.4391471576
421074.8732309945	4569503.0342209991
421073.9641384180	4569502.6178272208
421073.0605592503	4569502.1894060634
421072.1569800826	4569501.7609849069
421071.2534009149	4569501.3325637495
421070.3498217472	4569500.9041425930
421069.4462425796	4569500.4757214356
421068.5426634119	4569500.0473002782
421067.6310153460	4569499.6376513653
421066.6983869745	4569499.2768130070
421065.7657586031	4569498.9159746487
421064.8331302316	4569498.5551362904
421063.9005018601	4569498.1942979321
421062.9678734886	4569497.8334595747
421062.0352451172	4569497.4726212164
421061.1026167457	4569497.1117828581
421060.1699883742	4569496.7509444999
421059.2373600027	4569496.3901061416
421058.3034323151	4569496.0327449813
421057.3627081721	4569495.6935723312
421056.4219840290	4569495.3543996811
421055.4812598859	4569495.0152270319
421054.5405357428	4569494.6760543818
421053.5998115997	4569494.3368817316
421052.6590874566	4569493.9977090815
421051.7183633135	4569493.6585364314
421050.7776391704	4569493.3193637813
421049.8367629369	4569492.9806137402
421048.8956427907	4569492.6425414551
421047.9545226444	4569492.3044691691
421047.0134024982	4569491.9663968831
421046.0722823520	4569491.6283245981
421045.1311622057	4569491.2902523121
421044.1917185223	4569490.9476581449
421043.2576666873	4569490.5905206790
421042.3236148525	4569490.2333832132
421041.3895630175	4569489.8762457464
421040.4580785143	4569489.5128281750
421039.5413344539	4569489.1133531090
421038.6245903936	4569488.7138780439
421037.7078463333	4569488.3144029789
421036.7911022729	4569487.9149279129
421035.8743582126	4569487.5154528478
421034.9576141523	4569487.1159777828
421034.0408700919	4569486.7165027168
421033.1241260316	4569486.3170276517
421032.2073819713	4569485.9175525866
421031.2906379109	4569485.5180775216
421030.3663314407	4569485.1392993424
421029.4079994149	4569484.8536426816
421028.4496673890	4569484.5679860199
421027.4913353632	4569484.2823293582
421026.5330033374	4569483.9966726964
421025.5746713115	4569483.7110160356
421024.6180684085	4569483.4201634899
421023.6796684716	4569483.0746123958
421022.7412685347	4569482.7290613018
421021.8028685979	4569482.3835102078
421020.8644686610	4569482.0379591137
421019.9260687242	4569481.6924080197
421018.9889114288	4569481.3435130175
421018.0525822512	4569480.9923895756
421017.1162530736	4569480.6412661336
421016.1799238961	4569480.2901426926
421015.2435947185	4569479.9390192507
421014.3072655410	4569479.5878958097
421013.3709363634	4569479.2367723677
421012.4279485398	4569478.9053271720
421011.4707963009	4569478.6157419663
421010.5136440621	4569478.3261567596
421009.5564918233	4569478.0365715530
421008.5993395844	4569477.7469863473
421007.6421873456	4569477.4574011406
421006.6934149224	4569477.1418387974
421005.7474689764	4569476.8175144736
421004.8015230304	4569476.4931901488
421003.8555770844	4569476.1688658250
421002.9037727003	4569475.8625645414
421001.9479239820	4569475.5687053436
421000.9920752638	4569475.2748461468
421000.0362265455	4569474.9809869491
420999.0803778272	4569474.6871277522
420998.1245291090	4569474.3932685545
420997.1760136902	4569474.0789356148
420996.2509626328	4569473.6990928296
420995.3259115755	4569473.3192500444
420994.4008605181	4569472.9394072592
420993.4758094608	4569472.5595644750
420992.5507584034	4569472.1797216898
420991.6257073461	4569471.7998789046
420990.7020431158	4569471.4167113723
420989.7812676784	4569471.0266183140
420988.8604922411	4569470.6365252566
420987.9397168037	4569470.2464321982
420987.0189413664	4569469.8563391399
420986.0981659291	4569469.4662460815
420985.1842409157	4569469.0610984061
420984.2852510468	4569468.6231289832
420983.3862611780	4569468.1851595594
420982.4872713092	4569467.7471901365
420981.5882814403	4569467.3092207136
420980.6892915714	4569466.8712512897
420979.7883471797	4569466.4374514967
420978.8766243842	4569466.0266455282
420977.9649015886	4569465.6158395587
420977.0531787931	4569465.2050335901
420976.1414559976	4569464.7942276206
420975.2297332021	4569464.3834216520
420974.3180104066	4569463.9726156835
420973.4062876111	4569463.5618097140
420972.4945648156	4569463.1510037454
420971.5992811737	4569462.7059528511
420970.7085193040	4569462.2514825091
420969.8177574342	4569461.7970121680
420968.9269955645	4569461.3425418260
420968.0362336948	4569460.8880714849
420967.1454718251	4569460.4336011428
420966.2287713975	4569460.0373573247
420965.2951462782	4569459.6791058257
420964.3615211590	4569459.3208543267
420963.4278960397	4569458.9626028268
420962.4942709205	4569458.6043513278
420961.5659375768	4569458.2329581715
420960.6445734158	4569457.8442576667
420959.7232092548	4569457.4555571610
420958.8018450937	4569457.0668566562
420957.8829504754	4569456.6723976536
420956.9662434003	4569456.2728377227
420956.0495363253	4569455.8732777918
420955.1328292502	4569455.4737178609
420954.2177571111	4569455.0705286702
420953.3110902293	4569454.6486813454
420952.4044233476	4569454.2268340206
420951.4977564658	4569453.8049866958
420950.5910895840	4569453.3831393709
420949.6844227022	4569452.9612920461
420948.7774421984	4569452.5401329733
420947.8642109492	4569452.1326913396
420946.9509796999	4569451.7252497049
420946.0377484506	4569451.3178080712
420945.1224658671	4569450.9157845387
420944.1683815297	4569450.6162464321
420943.2142971923	4569450.3167083263
420942.2602128548	4569450.0171702197
420941.3061285174	4569449.7176321140
420940.3520441799	4569449.4180940073
420939.3784479160	4569449.1899679108
420938.4046067063	4569448.9627382951
420937.4307654966	4569448.7355086794
420936.4569242868	4569448.5082790637
420935.4830830771	4569448.2810494481
420934.5345377189	4569447.9676673803
420933.5924350871	4569447.6323427148
420932.6503324552	4569447.2970180493
420931.7056496780	4569446.9692851733
420930.7543206444	4569446.6611081632
420929.8029916109	4569446.3529311521
420928.8516625773	4569446.0447541410
420927.9039360292	4569445.7272877721
420926.9935695518	4569445.3134848271
420926.0832030744	4569444.8996818829
420925.1728365970	4569444.4858789388
420924.2624701197	4569444.0720759938
420923.3521036423	4569443.6582730496
420922.4082413938	4569443.3353739595
420921.4470334886	4569443.0595490821
420920.4858255834	4569442.7837242046
420919.5246176781	4569442.5078993272
420918.5634097729	4569442.2320744507
420917.6022018676	4569441.9562495733
420916.6409939624	4569441.6804246958
420915.6924909099	4569441.3638428953
420914.7448098911	4569441.0446240250
420913.7971288723	4569440.7254051557
420912.8494478535	4569440.4061862864
420911.9017668347	4569440.0869674170
420910.9457098585	4569439.7974380944
420909.9709242941	4569439.5742944106
420908.9961387296	4569439.3511507278
420908.0213531652	4569439.1280070441
420907.0465676008	4569438.9048633613
420906.0850188249	4569438.6342329327
420905.1353610448	4569438.3209437681
420904.1857032646	4569438.0076546036
420903.2360454845	4569437.6943654390
420902.2863877044	4569437.3810762744
420901.3367299242	4569437.0677871099
420900.4136375200	4569436.6851208787
420899.4976064118	4569436.2840136504
420898.5815753036	4569435.8829064211
420897.6655441954	4569435.4817991927
420896.7495130872	4569435.0806919644
420895.8329580075	4569434.6808871180
420894.8943696926	4569434.3358480260
420893.9557813776	4569433.9908089340
420893.0171930626	4569433.6457698420
420892.0786047476	4569433.3007307500
420891.1295561415	4569432.9864729606
420890.1750761634	4569432.6881979676
420889.2205961854	4569432.3899229746
420888.2661162073	4569432.0916479817
420887.3116362292	4569431.7933729887
420886.3571562512	4569431.4950979957
420885.4026762731	4569431.1968230028
420884.4484159813	4569430.8978520818
420883.4956753998	4569430.5940669859
420882.5429348183	4569430.2902818909
420881.5901942368	4569429.9864967950
420880.6374536553	4569429.6827116990
420879.6847130737	4569429.3789266031
420878.7319724922	4569429.0751415081
420877.7792319107	4569428.7713564122
420876.8264913292	4569428.4675713163
420875.8737507477	4569428.1637862213
420874.9233952050	4569427.8527118908
420873.9753550430	4569427.5345612168
420873.0273148811	4569427.2164105428
420872.0792747191	4569426.8982598688
420871.1312345572	4569426.5801091949
420870.1831943952	4569426.2619585209
420869.2351542333	4569425.9438078469
420868.2871140714	4569425.6256571729
420867.3390739094	4569425.3075064989
420866.3910337475	4569424.9893558249
420865.4109932884	4569424.7913815975
420864.4302764589	4569424.5959474640
420863.4495596295	4569424.4005133305
420862.4688428000	4569424.2050791970
420861.4905992700	4569423.9992638631
420860.5271157228	4569423.7314963248
420859.5636321756	4569423.4637287874
420858.6001486284	4569423.1959612500
420857.6366650813	4569422.9281937117
420856.6731815341	4569422.6604261743
420855.7096979869	4569422.3926586360
420854.7462144397	4569422.1248910986
420853.8179076855	4569421.7576774918
420852.9003520602	4569421.3600700544
420851.9827964349	4569420.9624626162
420851.0652408096	4569420.5648551788
420850.1476851843	4569420.1672477415
420849.2171532254	4569419.8073823042
420848.2490885274	4569419.5566818044
420847.2810238294	4569419.3059813045
420846.3129591315	4569419.0552808046
420845.3448944335	4569418.8045803048
420844.3768297356	4569418.5538798049
420843.4087650376	4569418.3031793050
420842.4407003397	4569418.0524788052
420841.4726356417	4569417.8017783063
420840.5045709438	4569417.5510778064
420839.5387424989	4569417.2919288250
420838.5734182602	4569417.0308749722
420837.6080940216	4569416.7698211186
420836.6427697830	4569416.5087672658
420835.6774455444	4569416.2477134122
420834.7121213057	4569415.9866595594
420833.7467970671	4569415.7256057058
420832.7814728284	4569415.4645518521
420831.8161485898	4569415.2034979993
420830.8508243512	4569414.9424441457
420829.8745750672	4569414.7276898762
420828.8943770474	4569414.5296700737
420827.9141790276	4569414.3316502720
420826.9339810077	4569414.1336304704
420825.9537829879	4569413.9356106687
420824.9735849681	4569413.7375908662
420823.9933869483	4569413.5395710645
420823.0131889285	4569413.3415512629
420822.0329909087	4569413.1435314603
420821.0527928889	4569412.9455116587
420820.0725948690	4569412.7474918570
420819.0988088962	4569412.5226616664
420818.1350831213	4569412.2557672476
420817.1713573464	4569411.9888728289
420816.2076315715	4569411.7219784101
420815.2439057966	4569411.4550839914
420814.2801800217	4569411.1881895727
420813.3164542468	4569410.9212951539
420812.3527284719	4569410.6544007352
420811.3890026971	4569410.3875063164
420810.4252769222	4569410.1206118967
420809.4615511473	4569409.8537174780
420808.4978253724	4569409.5868230592
420807.5340995975	4569409.3199286405
420806.5703738226	4569409.0530342218
420805.6066480478	4569408.7861398030
420804.6429222729	4569408.5192453843
420803.6791964980	4569408.2523509655
420802.7154707231	4569407.9854565468
420801.7517449482	4569407.7185621271
420800.7880191733	4569407.4516677083
420799.8242933984	4569407.1847732896
420798.8599931359	4569406.9199838471
420797.8942986275	4569406.6603030497
420796.9286041191	4569406.4006222524
420795.9629096107	4569406.1409414550
420794.9972151022	4569405.8812606577
420794.0315205938	4569405.6215798613
420793.0658260854	4569405.3618990639
420792.1001315770	4569405.1022182666
420791.1344370686	4569404.8425374692
420790.1687425602	4569404.5828566719
420789.2030480517	4569404.3231758755
420788.2315216346	4569404.0873643663
420787.2548819774	4569403.8724807231
420786.2782423203	4569403.6575970799
420785.3016026631	4569403.4427134367
420784.3249630060	4569403.2278297935
420783.3483233489	4569403.0129461503
420782.3716836918	4569402.7980625080
420781.3950440346	4569402.5831788648
420780.4184043774	4569402.3682952216
420779.4417647203	4569402.1534115784
420778.4651250632	4569401.9385279352
420777.4884854061	4569401.7236442920
420776.5118457489	4569401.5087606488
420775.5431109297	4569401.2613762561
420774.5768759900	4569401.0037136050
420773.6106410505	4569400.7460509548
420772.6444061108	4569400.4883883046
420771.6781711712	4569400.2307256535
420770.7119362316	4569399.9730630033
420769.7457012920	4569399.7154003531
420768.7794663524	4569399.4577377019
420767.8132314128	4569399.2000750517
420766.8469964732	4569398.9424124015
420765.8807615335	4569398.6847497504
420764.9145265939	4569398.4270871002
420763.9482916543	4569398.1694244500
420762.9820567147	4569397.9117617989
420762.0158217751	4569397.6540991487
420761.0642164454	4569397.3536905069
420760.1427264637	4569396.9652883783
420759.2212364819	4569396.5768862497
420758.2997465002	4569396.1884841211
420757.3782565185	4569395.8000819925
420756.4567665368	4569395.4116798639
420755.5352765551	4569395.0232777344
420754.6137865733	4569394.6348756058
420753.6922965916	4569394.2464734772
420752.7353749050	4569393.9584996589
420751.7741669997	4569393.6826747824
420750.8129590945	4569393.4068499049
420749.8517511892	4569393.1310250275
420748.8905432840	4569392.8552001501
420747.9293353788	4569392.5793752726
420746.9737731127	4569392.2870667418
420746.0452964218	4569391.9156760657
420745.1168197309	4569391.5442853887
420744.1883430400	4569391.1728947125
420743.2598663491	4569390.8015040364
420742.3313896582	4569390.4301133603
420741.4029129673	4569390.0587226832
420740.4744362764	4569389.6873320071
420739.5185756549	4569389.3946316186
420738.5601235765	4569389.1093780231
420737.6016714981	4569388.8241244284
420736.6432194197	4569388.5388708338
420735.6847673412	4569388.2536172392
420734.7043081041	4569388.0570833888
420733.7236536195	4569387.8613366606
420732.7429991348	4569387.6655899314
420731.7623446502	4569387.4698432032
420730.7943593103	4569387.2221899070
420729.8337950459	4569386.9441318298
420728.8732307815	4569386.6660737535
420727.9126665171	4569386.3880156772
420726.9521022527	4569386.1099576000
420725.9921791511	4569385.8301741723
420725.0831400530	4569385.4134633401
420724.1741009548	4569384.9967525071
420723.2650618566	4569384.5800416749
420722.3560227584	4569384.1633308427
420721.4469836603	4569383.7466200097
420720.5360475126	4569383.3341668407
420719.6183253959	4569382.9369438346
420718.7006032791	4569382.5397208286
420717.7828811623	4569382.1424978226
420716.8601509767	4569381.7591711683
420715.9000149696	4569381.4796379004
420714.9398789624	4569381.2001046324
420713.9797429553	4569380.9205713645
420713.0196069482	4569380.6410380974
420712.0508554878	4569380.3955327803
420711.0733793538	4569380.1844867961
420710.0959032196	4569379.9734408129
420709.1184270855	4569379.7623948287
420708.1409509514	4569379.5513488455
420707.1736040471	4569379.3018806716
420706.2191240690	4569379.0036056787
420705.2646440909	4569378.7053306857
420704.3509070280	4569378.3079329021
420703.4625678112	4569377.8487451011
420702.5742285945	4569377.3895573011
420701.6768087732	4569376.9484706949
420700.7776116173	4569376.5109270113
420699.8784144615	4569376.0733833285
420698.9792173056	4569375.6358396448
420698.0800201497	4569375.1982959621
420697.1808229938	4569374.7607522784
420696.2816258379	4569374.3232085947
420695.3824286820	4569373.8856649119
420694.4465918251	4569373.5386915356
420693.4960965000	4569373.2279526787
420692.5456011748	4569372.9172138227
420691.5951058497	4569372.6064749658
420690.6446105246	4569372.2957361098
420689.6941151994	4569371.9849972529
420688.7436198743	4569371.6742583970
420687.7931245491	4569371.3635195410
420686.8426292239	4569371.0527806841
420685.9003332710	4569370.7189138476
420684.9663611421	4569370.3615679890
420684.0323890132	4569370.0042221313
420683.0984168843	4569369.6468762727
420682.1644447554	4569369.2895304142
420681.2304726264	4569368.9321845565
420680.2965004975	4569368.5748386979
420679.3733622387	4569368.1911340104
420678.4580472060	4569367.7883953964
420677.5427321734	4569367.3856567834
420676.6274171407	4569366.9829181693
420675.7121021081	4569366.5801795553
420674.7746816138	4569366.2320892476
420673.8367779646	4569365.8851933768
420672.8988743155	4569365.5382975070
420671.9609706663	4569365.1914016362
420671.0013407587	4569364.9167624796
420670.0276525799	4569364.6888780119
420669.0539644010	4569364.4609935451
420668.0802762222	4569364.2331090774
420667.1065880434	4569364.0052246107
420666.1425296529	4569363.7477081642
420665.2208942778	4569363.3596511642
420664.2992589026	4569362.9715941641
420663.3776235275	4569362.5835371641
420662.4559881523	4569362.1954801641
420661.5755614540	4569361.7281374801
420660.7283708268	4569361.1968484428
420659.8811801996	4569360.6655594055
420659.0339895725	4569360.1342703681
420658.1564667450	4569359.6569690248
420657.2620395542	4569359.2097554281
420656.3676123633	4569358.7625418324
420655.4607857054	4569358.3420593301
420654.5416798250	4569357.9480486959
420653.6225739445	4569357.5540380608
420652.7034680640	4569357.1600274257
420651.7895607978	4569356.7546828501
420650.8913440757	4569356.3151299860
420649.9931273536	4569355.8755771220
420649.0949106316	4569355.4360242579
420648.1966939096	4569354.9964713939
420647.2984771875	4569354.5569185298
420646.4002604655	4569354.1173656657
420645.5020437434	4569353.6778128017
420644.5655479966	4569353.3303062031
420643.6205208381	4569353.0033143535
420642.6754936796	4569352.6763225039
420641.7304665211	4569352.3493306544
420640.7854393626	4569352.0223388048
420639.8404122041	4569351.6953469552
420638.8953850456	4569351.3683551056
420637.9503578871	4569351.0413632561
420637.0053307286	4569350.7143714065
420636.0603035701	4569350.3873795569
420635.1152764116	4569350.0603877073
420634.1702492531	4569349.7333958577
420633.2252220946	4569349.4064040082
420632.2801949361	4569349.0794121586
420631.3222502569	4569348.7941215178
420630.3578582355	4569348.5296446215
420629.3934662141	4569348.2651677243
420628.4290741927	4569348.0006908271
420627.4646821713	4569347.7362139300
420626.5002901499	4569347.4717370328
420625.5358981285	4569347.2072601356
420624.5715061071	4569346.9427832393
420623.6071140857	4569346.6783063421
420622.6427220643	4569346.4138294449
420621.6783300429	4569346.1493525477
420620.7139380215	4569345.8848756505
420619.7546410801	4569345.6028052382
420618.7981637490	4569345.3109985990
420617.8416864178	4569345.0191919589
420616.8852090868	4569344.7273853188
420615.9287317557	4569344.4355786787
420614.9722544246	4569344.1437720386
420614.0157770934	4569343.8519653995
420613.0592997623	4569343.5601587594
420612.1028224313	4569343.2683521193
420611.1463451002	4569342.9765454791
420610.1834788666	4569342.7105053635
420609.2014724196	4569342.5216579698
420608.2194659726	4569342.3328105770
420607.2374595255	4569342.1439631833
420606.2554530785	4569341.9551157905
420605.2734466315	4569341.7662683968
420604.2980885653	4569341.5498828348
420603.3380885654	4569341.2698828345
420602.3780885656	4569340.9898828343
420601.4089184698	4569340.7464662502
420600.4303509965	4569340.5405398067
420599.4517835232	4569340.3346133633
420598.4740233229	4569340.1249130545
420597.4968469591	4569339.9124834100
420596.5196705952	4569339.7000537654
420595.5424942313	4569339.4876241209
420594.5653178674	4569339.2751944764
420593.5881415035	4569339.0627648318
420592.6109651396	4569338.8503351873
420591.6643863531	4569338.5301533779
420590.7213978246	4569338.1973281456
420589.7784092961	4569337.8645029133
420588.8354207677	4569337.5316776810
420587.9702921062	4569337.0449032569
420587.1433656040	4569336.4825932356
420586.3164391018	4569335.9202832142
420585.4895125997	4569335.3579731928
420584.6625860975	4569334.7956631724
420583.7943129323	4569334.3046212047
420582.8957119993	4569333.8658543378
420581.9971110663	4569333.4270874709
420581.1039565200	4569332.9774131645
420580.2132927181	4569332.5227506608
420579.3226289162	4569332.0680881571
420578.4025021172	4569331.6877792096
420577.4421558907	4569331.4089690140
420576.4818096640	4569331.1301588193
420575.5214634374	4569330.8513486236
420574.5412269666	4569330.6586145032
420573.5559189462	4569330.4878277797
420572.5706109259	4569330.3170410553
420571.5853029055	4569330.1462543318
420570.6097743610	4569329.9307875894
420569.6432128030	4569329.6743528908
420568.6766512451	4569329.4179181913
420567.6920822573	4569329.2562724967
420566.6988191182	4569329.1403917968
420565.7055559792	4569329.0245110970
420564.7299522576	4569328.8381462730
420563.7993863059	4569328.4720219644
420562.8688203541	4569328.1058976557
420561.9382544023	4569327.7397733470
420561.0069616028	4569327.3755054893
420560.0751842109	4569327.0124753369
420559.1434068191	4569326.6494451836
420558.2116294272	4569326.2864150302
420557.2798520353	4569325.9233848779
420556.3354119040	4569325.5947896829
420555.3904258305	4569325.2676791195
420554.4454397569	4569324.9405685561
420553.5025013582	4569324.6076100869
420552.5598741330	4569324.2737629442
420551.6175875201	4569323.9390989766
420550.7170358837	4569323.5043499107
420549.8001069991	4569323.1193331787
420548.8174453454	4569322.9339253195
420547.8347836916	4569322.7485174611
420546.8598216282	4569322.5354033830
420545.9223963563	4569322.1872168528
420544.9849710843	4569321.8390303236
420544.0475458123	4569321.4908437934
420543.1101205403	4569321.1426572641
420542.2536295313	4569320.6273088837
420541.3991075899	4569320.1078935862
420540.5445856486	4569319.5884782877
420539.7021427275	4569319.0499777822
420538.8669718624	4569318.4999872129
420538.0318009974	4569317.9499966437
420537.1628295181	4569317.4557944797
420536.2886722420	4569316.9701515483
420535.4088491089	4569316.4949702211
420534.5244643562	4569316.0282116011
420533.6274445650	4569315.5890872385
420532.6958669453	4569315.2255447535
420531.7642893258	4569314.8620022675
420530.8121553758	4569314.5579899494
420529.8547483697	4569314.2692481531
420528.8973413636	4569313.9805063577
420527.9374954925	4569313.7016429519
420526.9557156418	4569313.5116210459
420525.9739357912	4569313.3215991398
420524.9921559405	4569313.1315772338
420524.0294980250	4569312.8693171237
420523.0822820554	4569312.5487209493
420522.1350660859	4569312.2281247750
420521.1878501163	4569311.9075286007
420520.2670191264	4569311.5204038126
420519.3575446508	4569311.1046440527
420518.4480701752	4569310.6888842918
420517.5385956996	4569310.2731245318
420516.6404958180	4569309.8345588576
420515.7612531811	4569309.3581846496
420514.8820105441	4569308.8818104425
420514.0027679072	4569308.4054362355
420513.1235252702	4569307.9290620275
420512.2442826333	4569307.4526878204
420511.3733550231	4569306.9617395494
420510.5158620974	4569306.4472437939
420509.6583691718	4569305.9327480374
420508.8008762461	4569305.4182522818
420507.9433833206	4569304.9037565263
420507.0459962597	4569304.4779730858
420506.0920872338	4569304.1778771505
420505.1381782078	4569303.8777812161
420504.1842691819	4569303.5776852807
420503.2303601559	4569303.2775893454
420502.2764511300	4569302.9774934109
420501.3225421040	4569302.6773974756
420500.3546507712	4569302.4279416297
420499.3819052712	4569302.1960662492
420498.4091597712	4569301.9641908677
420497.4364142712	4569301.7323154872
420496.4636687712	4569301.5004401067
420495.4909232712	4569301.2685647253
420494.5181777712	4569301.0366893448
420493.5454322712	4569300.8048139643
420492.5726867712	4569300.5729385829
420491.5999412712	4569300.3410632024
420490.6272443935	4569300.1089839619
420489.6545588234	4569299.8768573115
420488.6818732532	4569299.6447306620
420487.7091876830	4569299.4126040116
420486.7365021128	4569299.1804773621
420485.7638165427	4569298.9483507127
420484.7911309725	4569298.7162240623
420483.8189913369	4569298.4820140414
420482.8574673893	4569298.2072929135
420481.8959434416	4569297.9325717865
420480.9344194939	4569297.6578506585
420479.9728955461	4569297.3831295306
420478.9888990250	4569297.2077241531
420478.0027702544	4569297.0417420827
420477.0166414837	4569296.8757600123
420476.0305127130	4569296.7097779419
420475.0443839424	4569296.5437958715
420474.0582551717	4569296.3778138021
420473.0721264010	4569296.2118317317
420472.0859976304	4569296.0458496613
420471.0998688597	4569295.8798675910
420470.1137400891	4569295.7138855206
420469.1276113184	4569295.5479034502
420468.1414825478	4569295.3819213798
420467.1553537771	4569295.2159393094
420466.1692250064	4569295.0499572391
420465.1874150823	4569294.8623111863
420464.2130238866	4569294.6374516794
420463.2386326909	4569294.4125921726
420462.2642414953	4569294.1877326667
420461.2898502996	4569293.9628731599
420460.3154591039	4569293.7380136531
420459.3410679082	4569293.5131541463
420458.3666767125	4569293.2882946394
420457.3922855168	4569293.0634351326
420456.4178943212	4569292.8385756258
420455.4435031255	4569292.6137161190
420454.4691119298	4569292.3888566121
420453.4947207341	4569292.1639971063
420452.5203295384	4569291.9391375994
420451.5459383427	4569291.7142780926
420450.5715471470	4569291.4894185858
420449.5971559513	4569291.2645590790
420448.6227647556	4569291.0396995721
420447.6483735600	4569290.8148400653
420446.6739823643	4569290.5899805585
420445.6995911686	4569290.3651210517
420444.7251999729	4569290.1402615448
420443.7508087772	4569289.9154020390
420442.7764175815	4569289.6905425321
420441.8020263858	4569289.4656830253
420440.8276351901	4569289.2408235185
420439.8532439944	4569289.0159640117
420438.8788527987	4569288.7911045048
420437.9044616031	4569288.5662449980
420436.9300704074	4569288.3413854912
420435.9556792117	4569288.1165259844
420434.9812880160	4569287.8916664785
420434.0068968203	4569287.6668069717
420433.0325056246	4569287.4419474648
420432.0524639580	4569287.2523866333
420431.0565707514	4569287.1618508883
420430.0606775449	4569287.0713151423
420429.0647843384	4569286.9807793973
420428.0688911319	4569286.8902436523
420427.0923629744	4569286.6963484539
420426.1312408097	4569286.4202249581
420425.1701186449	4569286.1441014633
420424.2089964802	4569285.8679779684
420423.2478743154	4569285.5918544736
420422.2867521507	4569285.3157309787
420421.3256299860	4569285.0396074839
420420.3645078213	4569284.7634839891
420419.4033856566	4569284.4873604933
420418.4422634918	4569284.2112369984
420417.4811413271	4569283.9351135036
420416.5200191624	4569283.6589900088
420415.5588969976	4569283.3828665139
420414.5977748329	4569283.1067430191
420413.6366526682	4569282.8306195242
420412.6755305035	4569282.5544960294
420411.7144083387	4569282.2783725336
420410.7532861740	4569282.0022490388
420409.7921640093	4569281.7261255439
420408.8310418446	4569281.4500020491
420407.8699196799	4569281.1738785543
420406.9087975151	4569280.8977550594
420405.9476753504	4569280.6216315646
420404.9865531856	4569280.3455080688
420404.0254310209	4569280.0693845740
420403.0643088562	4569279.7932610791
420402.1031866915	4569279.5171375843
420401.1719128547	4569279.1554332627
420400.2475389210	4569278.7739456082
420399.3231649875	4569278.3924579527
420398.3987910539	4569278.0109702982
420397.4744171203	4569277.6294826427
420396.5500431867	4569277.2479949882
420395.6256692531	4569276.8665073328
420394.7012953195	4569276.4850196782
420393.7769213859	4569276.1035320228
420392.8525474523	4569275.7220443683
420391.9281735188	4569275.3405567128
420391.0037995851	4569274.9590690583
420390.0794256515	4569274.5775814028
420389.1550517180	4569274.1960937483
420388.2306777844	4569273.8146060929
420387.3063038508	4569273.4331184383
420386.3819299172	4569273.0516307829
420385.4575559836	4569272.6701431284
420384.5331820500	4569272.2886554729
420383.6470390901	4569271.8341375524
420382.8068300198	4569271.2918749610
420381.9666209495	4569270.7496123686
420381.1264118792	4569270.2073497772
420380.2862028089	4569269.6650871858
420379.4459937386	4569269.1228245944
420378.6057846683	4569268.5805620030
420377.7655755980	4569268.0382994115
420376.9253665277	4569267.4960368201
420376.0851574574	4569266.9537742287
420375.2449483871	4569266.4115116363
420374.4047393168	4569265.8692490449
420373.5645302465	4569265.3269864535
420372.7243211761	4569264.7847238621
420371.8841121058	4569264.2424612707
420371.0439030355	4569263.7001986792
420370.2036939652	4569263.1579360878
420369.3634848949	4569262.6156734964
420368.5232758246	4569262.0734109050
420367.6830667543	4569261.5311483126
420366.8428576840	4569260.9888857212
420366.0026486137	4569260.4466231298
420365.1624395434	4569259.9043605383
420364.3222304731	4569259.3620979469
420363.4712751279	4569258.8370994460
420362.6137822022	4569258.3226036904
420361.7562892766	4569257.8081079349
420360.8987963509	4569257.2936121803
420360.0413034252	4569256.7791164247
420359.1838104995	4569256.2646206692
420358.3263175738	4569255.7501249136
420357.4688246481	4569255.2356291581
420356.6113317225	4569254.7211334025
420355.7538387968	4569254.2066376470
420354.8963458711	4569253.6921418915
420354.0388529454	4569253.1776461359
420353.1813600197	4569252.6631503804
420352.3238670940	4569252.1486546248
420351.4569339656	4569251.6505302740
420350.5820952910	4569251.1661158921
420349.7072566164	4569250.6817015102
420348.8324179419	4569250.1972871283
420347.9575792672	4569249.7128727455
420347.0827405927	4569249.2284583636
420346.2079019181	4569248.7440439817
420345.3330632435	4569248.2596295998
420344.4582245689	4569247.7752152178
420343.5833858943	4569247.2908008359
420342.7089136882	4569246.8057371387
420341.8420685987	4569246.3071595710
420340.9752235094	4569245.8085820032
420340.1083784200	4569245.3100044355
420339.2415333306	4569244.8114268677
420338.3746882411	4569244.3128493000
420337.5078431518	4569243.8142717322
420336.6409980624	4569243.3156941645
420335.7741529729	4569242.8171165967
420334.9073078835	4569242.3185390299
420334.0430657262	4569241.8156290064
420333.1958401638	4569241.2843956808
420332.3486146014	4569240.7531623552
420331.5013890389	4569240.2219290296
420330.6541634765	4569239.6906957040
420329.8069379141	4569239.1594623784
420328.9597123517	4569238.6282290518
420328.1124867893	4569238.0969957262
420327.2652612268	4569237.5657624006
420326.4180356644	4569237.0345290750
420325.5708101020	4569236.5032957494
420324.7235845396	4569235.9720624238
420323.8763589772	4569235.4408290973
420322.9928001801	4569234.9733801614
420322.1037437868	4569234.5155824665
420321.2146873935	4569234.0577847715
420320.3256310001	4569233.5999870766
420319.4365746068	4569233.1421893816
420318.5475182135	4569232.6843916867
420317.6584618202	4569232.2265939917
420316.7694054268	4569231.7687962968
420315.9037550611	4569231.2712952355
420315.0727271422	4569230.7150645303
420314.2416992231	4569230.1588338241
420313.4106713042	4569229.6026031189
420312.5796433852	4569229.0463724136
420311.7486154662	4569228.4901417075
420310.9175875472	4569227.9339110022
420310.0865596282	4569227.3776802961
420309.2432274684	4569226.8403167427
420308.3991367369	4569226.3041163730
420307.5550460053	4569225.7679160023
420306.7109552738	4569225.2317156326
420305.8668645423	4569224.6955152620
420305.0247198943	4569224.1562832501
420304.1857586073	4569223.6120921457
420303.3467973202	4569223.0679010404
420302.5078360331	4569222.5237099351
420301.6688747461	4569221.9795188298
420301.2113280506	4569221.2421171442
420301.2688991935	4569220.2437757384
420301.3264703366	4569219.2454343317
420301.4100228113	4569218.2508695144
420301.6390621450	4569217.2774523459
420301.8681014788	4569216.3040351775
420302.0971408125	4569215.3306180099
420302.3261801463	4569214.3572008414
420302.5194031800	4569213.3788690232
420302.5610337247	4569212.3797359504
420302.6026642695	4569211.3806028767
420302.6442948142	4569210.3814698039
420302.2685647729	4569209.4832756342
420301.7749592535	4569208.6135897189
420301.2813537341	4569207.7439038036
420300.7877482147	4569206.8742178893
420300.2941426952	4569206.0045319740
420299.8005371758	4569205.1348460587
420298.9968942862	4569204.6071757786
420298.0830827377	4569204.2010373119
420297.1692711892	4569203.7948988462
420296.1779409559	4569203.6892358661
420295.1817003678	4569203.6026062490
420294.1854597797	4569203.5159766320
420293.3566021429	4569203.9293485619
420292.6133079968	4569204.5983132934
420291.8700138507	4569205.2672780259
420291.1267197046	4569205.9362427574
420290.3834255584	4569206.6052074889
420289.6401314123	4569207.2741722204
420289.2596946187	4569208.1910663331
420288.9066373664	4569209.1266680518
420288.5535801139	4569210.0622697705
420288.2005228616	4569210.9978714902
420287.8474656092	4569211.9334732089
420287.4944083568	4569212.8690749276
420287.1413511044	4569213.8046766464
420286.7882938521	4569214.7402783660
420286.5475554008	4569215.7099449234
420286.3214256935	4569216.6840421231
420286.0952959862	4569217.6581393238
420285.8691662789	4569218.6322365236
420285.6430365716	4569219.6063337242
420285.4169068643	4569220.5804309240
420285.1907771571	4569221.5545281246
420284.9646474498	4569222.5286253244
420284.7515030400	4569223.5056109028
420284.5433953956	4569224.4837168325
420284.3352877512	4569225.4618227612
420284.1271801069	4569226.4399286900
420283.9190724625	4569227.4180346187
420283.7109648182	4569228.3961405484
420283.5028571738	4569229.3742464771
420283.1230739695	4569230.2972883433
420282.5772756537	4569230.9761103494
420281.5789357120	4569230.9185138149
420280.5805957704	4569230.8609172804
420279.5862083669	4569230.8749380885
420278.6002698092	4569231.0420463188
420277.6143312515	4569231.2091545481
420276.6283926938	4569231.3762627775
420275.6346730169	4569231.4875325905
420274.6406100411	4569231.5963388393
420273.6465470651	4569231.7051450890
420272.6518924983	4569231.6874552630
420271.6568553081	4569231.5879515437
420270.6618181179	4569231.4884478254
420269.6667809277	4569231.3889441062
420268.6717437374	4569231.2894403879
420267.6767065472	4569231.1899366686
420266.6816693570	4569231.0904329494
420265.6974842062	4569230.9271120774
420264.7254860702	4569230.6921235174
420263.7534879342	4569230.4571349565
420262.7814897981	4569230.2221463965
420261.8094916620	4569229.9871578356
420260.8374935260	4569229.7521692757
420259.8654953900	4569229.5171807148
420258.8934972540	4569229.2821921548
420257.9214991179	4569229.0472035939
420256.9495009819	4569228.8122150339
420255.9775028458	4569228.5772264730
420255.0055047098	4569228.3422379130
420254.0335065738	4569228.1072493521
420253.0615343809	4569227.8721536295
420252.0896842751	4569227.6365536042
420251.1178341694	4569227.4009535788
420250.1459840636	4569227.1653535534
420249.1741339579	4569226.9297535280
420248.2225450572	4569226.6344648330
420247.3080958479	4569226.2297641495
420246.3936466386	4569225.8250634652
420245.4791974293	4569225.4203627808
420244.5276330377	4569225.1197538525
420243.5634276449	4569224.8545973692
420242.6056787505	4569224.5681975121
420241.6569954523	4569224.2519697472
420240.7083121541	4569223.9357419815
420239.7497003717	4569223.6511723362
420238.7903348702	4569223.3690060126
420237.8309693688	4569223.0868396880
420236.8653344853	4569222.8269989584
420235.8993257384	4569222.5684895758
420234.9333169915	4569222.3099801932
420233.9673082446	4569222.0514708096
420232.9929968572	4569221.8268781342
420232.0168097971	4569221.6099476758
420231.0406227369	4569221.3930172184
420230.0632906404	4569221.1813331870
420229.0854882263	4569220.9718040982
420228.1076858122	4569220.7622750103
420227.1298833981	4569220.5527459215
420226.1520809840	4569220.3432168327
420225.1742785698	4569220.1336877448
420224.2086596300	4569219.8831491750
420223.2750634173	4569219.5248223534
420222.3414672045	4569219.1664955309
420221.4078709918	4569218.8081687083
420220.4704627190	4569218.4604790723
420219.5217794209	4569218.1442513056
420218.5730961229	4569217.8280235399
420217.6244128248	4569217.5117957741
420216.6520601228	4569217.2887003012
420215.6675094941	4569217.1136001600
420214.6829588654	4569216.9385000188
420213.6993087139	4569216.7589409398
420212.7239664929	4569216.5382430647
420211.7486242719	4569216.3175451895
420210.7732820509	4569216.0968473144
420209.7979398300	4569215.8761494402
420208.8225976090	4569215.6554515650
420207.8472553880	4569215.4347536899
420206.8719131670	4569215.2140558148
420205.8972153933	4569214.9905971447
420204.9249609599	4569214.7566712657
420203.9527065265	4569214.5227453867
420202.9804520932	4569214.2888195077
420202.0081976598	4569214.0548936287
420201.0359432265	4569213.8209677497
420200.0636887931	4569213.5870418716
420199.0914343598	4569213.3531159926
420198.1212814086	4569213.1107625887
420197.1530249029	4569212.8608039133
420196.1847683972	4569212.6108452389
420195.2165118914	4569212.3608865645
420194.2482553856	4569212.1109278891
420193.2799988799	4569211.8609692147
420192.3117423742	4569211.6110105403
420191.3434858684	4569211.3610518649
420190.3752293627	4569211.1110931905
420189.4069728569	4569210.8611345161
420188.4387163512	4569210.6111758407
420187.4704598454	4569210.3612171663
420186.5022033397	4569210.1112584909
420185.5339468339	4569209.8612998165
420184.5656903282	4569209.6113411421
420183.5979469914	4569209.3594036298
420182.6302434185	4569209.1073127827
420181.6625398455	4569208.8552219365
420180.6948362727	4569208.6031310894
420179.7271326998	4569208.3510402422
420178.7594291268	4569208.0989493961
420177.7917255539	4569207.8468585489
420176.8240219811	4569207.5947677027
420175.8563184082	4569207.3426768556
420174.8886148352	4569207.0905860094
420173.9209112624	4569206.8384951623
420172.9532076895	4569206.5864043152
420171.9855041165	4569206.3343134690
420171.0178005437	4569206.0822226219
420170.0500969708	4569205.8301317757
420169.0823933978	4569205.5780409286
420168.1146898250	4569205.3259500824
420167.1472782160	4569205.0727441479
420166.1802036788	4569204.8182508489
420165.2131291415	4569204.5637575490
420164.2460546043	4569204.3092642501
420163.2789800671	4569204.0547709502
420162.3119055298	4569203.8002776513
420161.3448309926	4569203.5457843514
420160.3777564554	4569203.2912910525
420159.4106522224	4569203.0369108841
420158.4432605024	4569202.7836259454
420157.4758687825	4569202.5303410068
420156.5084770626	4569202.2770560682
420155.5410853427	4569202.0237711286
420154.5736936227	4569201.7704861900
420153.6063019028	4569201.5172012514
420152.6389101829	4569201.2639163127
420151.6715184630	4569201.0106313741
420150.7041267430	4569200.7573464345
420149.7367350231	4569200.5040614959
420148.7693433032	4569200.2507765573
420147.8019515833	4569199.9974916186
420146.8335845557	4569199.7479722220
420145.8648713202	4569199.4997894922
420144.8961580848	4569199.2516067624
420143.9274448492	4569199.0034240326
420142.9587316138	4569198.7552413028
420141.9900183783	4569198.5070585730
420141.0213051428	4569198.2588758431
420140.0686361304	4569197.9568647640
420139.1221259421	4569197.6341908360
420138.1756157538	4569197.3115169089
420137.2291055656	4569196.9888429809
420136.2825953773	4569196.6661690539
420135.3360851890	4569196.3434951259
420134.3895750008	4569196.0208211988
420133.4430648125	4569195.6981472708
420132.4698464966	4569195.4709230540
420131.4933242778	4569195.2555063507
420130.5168020590	4569195.0400896464
420129.5402798403	4569194.8246729430
420128.6403273591	4569194.3889709916
420127.7407259074	4569193.9522591550
420126.8411244558	4569193.5155473184
420125.9415230041	4569193.0788354818
420125.0270803649	4569192.6773831369
420124.0859602186	4569192.3393108519
420123.1448400723	4569192.0012385659
420122.2037199260	4569191.6631662799
420121.2625997798	4569191.3250939948
420120.3214796335	4569190.9870217089
420119.3795276388	4569190.6513090767
420118.4344571159	4569190.3244425794
420117.4893865930	4569189.9975760831
420116.5443160700	4569189.6707095867
420115.5992455471	4569189.3438430894
420114.6541750242	4569189.0169765931
420113.7091045012	4569188.6901100958
420112.7640339783	4569188.3632435994
420111.8171616186	4569188.0417468632
420110.8662126151	4569187.7323991740
420109.9152636117	4569187.4230514849
420108.9643146082	4569187.1137037957
420108.0133656047	4569186.8043561066
420107.0624166013	4569186.4950084174
420106.1114675978	4569186.1856607283
420105.1605185943	4569185.8763130391
420104.2095695908	4569185.5669653499
420103.2586205874	4569185.2576176599
420102.2884114959	4569185.0201628515
420101.3101725275	4569184.8126814775
420100.3319335591	4569184.6052001035
420099.3536945906	4569184.3977187285
420098.3754556222	4569184.1902373545
420097.3972166538	4569183.9827559805
420096.4189776854	4569183.7752746055
420095.4407387170	4569183.5677932315
420094.4624997486	4569183.3603118574
420093.4842607802	4569183.1528304834
420092.5035997980	4569182.9645403465
420091.5044850843	4569182.9224714888
420090.5053703705	4569182.8804026321
420089.5062556567	4569182.8383337753
420088.5071409430	4569182.7962649176
420087.5080262292	4569182.7541960608
420086.5089115154	4569182.7121272041
420085.5097968017	4569182.6700583464
420084.5106820879	4569182.6279894896
420083.5130910761	4569182.5617554178
420082.5166051860	4569182.4779946236
420081.5201192958	4569182.3942338284
420080.5236334057	4569182.3104730332
420079.5271475156	4569182.2267122380
420078.5306616255	4569182.1429514429
420077.5341757354	4569182.0591906477
420076.5376898453	4569181.9754298525
420075.5412039552	4569181.8916690573
420074.5447180650	4569181.8079082621
420073.5482321749	4569181.7241474669
420072.5517462848	4569181.6403866718
420071.5552603947	4569181.5566258766
420070.5587745046	4569181.4728650814
420069.5881476744	4569181.2463118620
420068.6255728886	4569180.9752956610
420067.6629981027	4569180.7042794591
420066.7004233169	4569180.4332632571
420065.7378485311	4569180.1622470552
420064.7752737453	4569179.8912308533
420063.7919047299	4569179.7190956715
420062.8017029338	4569179.5794518283
420061.8115011377	4569179.4398079850
420060.8212993415	4569179.3001641417
420059.8280056110	4569179.1972704791
420058.8283911904	4569179.1695034122
420057.8315661561	4569179.1081611086
420056.8410738829	4569178.9705927381
420055.8505816097	4569178.8330243668
420054.8600893364	4569178.6954559963
420053.8675917663	4569178.5813873801
420052.8681116519	4569178.5491460860
420051.8686315376	4569178.5169047909
420050.8691514233	4569178.4846634967
420049.8696713090	4569178.4524222026
420048.8701911947	4569178.4201809075
420047.8719826325	4569178.3603692045
420046.8737777871	4569178.3004769133
420045.8753407120	4569178.2575860713
420044.8758724056	4569178.2901913533
420043.8764040991	4569178.3227966353
420042.8821618504	4569178.3074896587
420041.9132254860	4569178.0601794859
420040.9442891216	4569177.8128693122
420039.9753527572	4569177.5655591395
420039.0064163928	4569177.3182489658
420038.0374800284	4569177.0709387930
420037.0685436640	4569176.8236286193
420036.0996072997	4569176.5763184465
420035.1641923054	4569176.2234726278
420034.2301404708	4569175.8663351610
420033.2663331199	4569175.6013423866
420032.2998148413	4569175.3447446134
420031.3332965627	4569175.0881468402
420030.3667782842	4569174.8315490671
420029.4002600056	4569174.5749512939
420028.4337417271	4569174.3183535207
420027.4601703853	4569174.0946066827
420026.4735029263	4569173.9318574108
420025.4868354672	4569173.7691081390
420024.5001680082	4569173.6063588681
420023.5135005492	4569173.4436095962
420022.5268330903	4569173.2808603253
420021.5431871889	4569173.1009223545
420020.5601669402	4569172.9174252413
420019.5771466914	4569172.7339281281
420018.5941264425	4569172.5504310159
420017.6426207671	4569172.2602080153
420016.7176009488	4569171.8802891616
420015.7925811305	4569171.5003703078
420014.8675613122	4569171.1204514531
420013.9425414939	4569170.7405325994
420013.0175216756	4569170.3606137447
420012.0925018573	4569169.9806948910
420011.1550571320	4569169.6331588235
420010.2133152204	4569169.2968224259
420009.2732514891	4569168.9559340300
420008.3385553643	4569168.6004862078
420007.4038592395	4569168.2450383855
420006.4691631148	4569167.8895905633
420005.5344669899	4569167.5341427410
420004.6126393272	4569167.1465873877
420003.6911838791	4569166.7581033371
420002.7697284309	4569166.3696192876
420001.8482729828	4569165.9811352370
420000.9268175346	4569165.5926511874
419999.9896376196	4569165.2439799197
419999.0514094078	4569164.8979628356
419998.1131811959	4569164.5519457515
419997.1749529841	4569164.2059286674
419996.2486449946	4569163.8313865224
419995.3431860587	4569163.4069526466
419994.4377271228	4569162.9825187698
419993.5322681869	4569162.5580848930
419992.6193508177	4569162.1505864365
419991.6949576503	4569161.7691453900
419990.7705644830	4569161.3877043426
419989.8461713156	4569161.0062632961
419988.9217781482	4569160.6248222496
419987.9973849809	4569160.2433812032
419987.0729918135	4569159.8619401557
419986.1485986461	4569159.4804991093
419985.2242054788	4569159.0990580628
419984.2998123114	4569158.7176170163
419983.3754191440	4569158.3361759689
419982.4510259766	4569157.9547349224
419981.5266328093	4569157.5732938759
419980.6022396419	4569157.1918528294
419979.6778464745	4569156.8104117820
419978.7534533072	4569156.4289707355
419977.8289094248	4569156.0478991158
419976.9014966187	4569155.6738596968
419975.9740838126	4569155.2998202778
419975.0466710064	4569154.9257808588
419974.1192582003	4569154.5517414398
419973.1918453942	4569154.1777020209
419972.2644325881	4569153.8036626009
419971.3370197820	4569153.4296231819
419970.4096069759	4569153.0555837629
419969.4821941698	4569152.6815443439
419968.5547813637	4569152.3075049249
419967.6237637229	4569151.9444101602
419966.6555970757	4569151.6941036619
419965.6874304286	4569151.4437971627
419964.7192637815	4569151.1934906645
419963.7510971343	4569150.9431841653
419962.7829304872	4569150.6928776661
419961.8147638400	4569150.4425711678
419960.8465971929	4569150.1922646686
419959.8784305458	4569149.9419581695
419958.9102638986	4569149.6916516712
419957.9420972515	4569149.4413451720
419956.9739306044	4569149.1910386728
419956.0018010543	4569148.9600022323
419955.0134293566	4569148.8079450484
419954.0250576590	4569148.6558878636
419953.0366859613	4569148.5038306797
419952.0483142637	4569148.3517734949
419951.0599425661	4569148.1997163109
419950.0715708685	4569148.0476591261
419949.0795790993	4569147.9240820454
419948.0845961485	4569147.8240374168
419947.0896131977	4569147.7239927882
419946.0946302470	4569147.6239481596
419945.0996472962	4569147.5239035320
419944.1046643455	4569147.4238589033
419943.1096813947	4569147.3238142747
419942.1205042700	4569147.1899861889
419941.1492069584	4569146.9521174598
419940.1779096467	4569146.7142487308
419939.2066123350	4569146.4763800018
419938.2353150233	4569146.2385112727
419937.2640177117	4569146.0006425437
419936.2927203999	4569145.7627738146
419935.3207308098	4569145.5279927151
419934.3408542612	4569145.3283882327
419933.3609777125	4569145.1287837503
419932.3811011639	4569144.9291792680
419931.4012246152	4569144.7295747856
419930.4213480665	4569144.5299703041
419929.4414715179	4569144.3303658217
419928.4615949692	4569144.1307613393
419927.4839223592	4569143.9213354280
419926.5127115150	4569143.6831139009
419925.5415006708	4569143.4448923729
419924.5702898266	4569143.2066708459
419923.5990789825	4569142.9684493179
419922.6278681383	4569142.7302277908
419921.6566572940	4569142.4920062637
419920.6854464499	4569142.2537847357
419919.7085298142	4569142.0418325048
419918.7260060332	4569141.8556954050
419917.7434822521	4569141.6695583062
419916.7609584711	4569141.4834212065
419915.7784346902	4569141.2972841077
419914.7959109092	4569141.1111470079
419913.8133871281	4569140.9250099082
419912.8308633471	4569140.7388728093
419911.8483395661	4569140.5527357096
419910.8658157851	4569140.3665986108
419909.8832920041	4569140.1804615110
419908.9007682231	4569139.9943244113
419907.9182444421	4569139.8081873124
419906.9357206611	4569139.6220502127
419905.9527387036	4569139.4393398585
419904.9558265924	4569139.3608144326
419903.9589144812	4569139.2822890067
419902.9620023699	4569139.2037635809
419901.9650902588	4569139.1252381550
419900.9681781475	4569139.0467127291
419899.9712660364	4569138.9681873033
419898.9743539251	4569138.8896618765
419897.9774418139	4569138.8111364506
419896.9805297027	4569138.7326110248
419895.9895725012	4569138.5992532102
419894.9990450128	4569138.4619386271
419894.0085175244	4569138.3246240439
419893.0179900360	4569138.1873094607
419892.0274625476	4569138.0499948775
419891.0369350592	4569137.9126802944
419890.0464075708	4569137.7753657112
419889.0558800824	4569137.6380511280
419888.0663237399	4569137.4943860853
419887.0800287561	4569137.3293945547
419886.0937337724	4569137.1644030241
419885.1074387887	4569136.9994114935
419884.1211438050	4569136.8344199630
419883.1348488214	4569136.6694284333
419882.1485538376	4569136.5044369027
419881.1622588539	4569136.3394453721
419880.1759638702	4569136.1744538415
419879.1980244809	4569135.9656656776
419878.2202618456	4569135.7559510404
419877.2424992104	4569135.5462364024
419876.2647365753	4569135.3365217652
419875.2869739401	4569135.1268071271
419874.3092113048	4569134.9170924900
419873.3304880219	4569134.7127528694
419872.3406142465	4569134.5708024949
419871.3507404712	4569134.4288521204
419870.3608666958	4569134.2869017459
419869.3709929204	4569134.1449513715
419868.3811191451	4569134.0030009961
419867.3912453697	4569133.8610506216
419866.4065368842	4569133.6926929383
419865.4361315173	4569133.4512112122
419864.4657261503	4569133.2097294871
419863.4953207834	4569132.9682477610
419862.5249154165	4569132.7267660359
419861.5545100495	4569132.4852843098
419860.5841046826	4569132.2438025847
419859.6136993157	4569132.0023208586
419858.6432939487	4569131.7608391326
419857.6728885818	4569131.5193574075
419856.6970017249	4569131.3048824342
419855.7092387597	4569131.1489198608
419854.7214757944	4569130.9929572865
419853.7337128292	4569130.8369947132
419852.7459498639	4569130.6810321389
419851.7517509075	4569130.5735380193
419850.7575157428	4569130.4663165798
419849.7632805780	4569130.3590951404
419848.7690454132	4569130.2518736999
419847.7748102484	4569130.1446522605
419846.7814165656	4569130.0305831078
419845.7908022787	4569129.8938961131
419844.8001879918	4569129.7572091175
419843.8095737049	4569129.6205221228
419842.8189594180	4569129.4838351281
419841.8283451311	4569129.3471481334
419840.8377308442	4569129.2104611387
419839.8471165573	4569129.0737741441
419838.8565022704	4569128.9370871484
419837.8658879834	4569128.8004001537
419836.8752736965	4569128.6637131590
419835.8846594096	4569128.5270261643
419834.8899056175	4569128.4261500603
419833.8942315699	4569128.3332350943
419832.8985575224	4569128.2403201284
419831.9028834747	4569128.1474051615
419830.9072094271	4569128.0544901956
419829.9115353795	4569127.9615752297
419828.9158613319	4569127.8686602637
419827.9201872843	4569127.7757452978
419826.9273602515	4569127.6567908097
419825.9351319985	4569127.5323597277
419824.9429037456	4569127.4079286456
419823.9506754927	4569127.2834975645
419822.9584472398	4569127.1590664824
419821.9662189869	4569127.0346354004
419820.9739907340	4569126.9102043184
419819.9817624811	4569126.7857732363
419818.9895342282	4569126.6613421552
419817.9915412509	4569126.5994421011
419816.9932874733	4569126.5403709942
419815.9950336957	4569126.4812998883
419814.9967799182	4569126.4222287815
419813.9985261406	4569126.3631576756
419813.0002723630	4569126.3040865697
419812.0287564987	4569126.0728061246
419811.0595879675	4569125.8264073459
419810.0904194364	4569125.5800085673
419809.1103986778	4569125.3894018391
419808.1195328661	4569125.2545502791
419807.1286670544	4569125.1196987191
419806.1378012428	4569124.9848471591
419805.1469354311	4569124.8499955982
419804.1560696195	4569124.7151440382
419803.1652038078	4569124.5802924782
419802.1743379962	4569124.4454409182
419801.1834721845	4569124.3105893573
419800.1926063728	4569124.1757377973
419799.2014225500	4569124.0432457523
419798.2102113912	4569123.9109565290
419797.2190002324	4569123.7786673047
419796.2277890736	4569123.6463780813
419795.2365779148	4569123.5140888579
419794.2453667561	4569123.3817996336
419793.2541555973	4569123.2495104102
419792.2629444385	4569123.1172211869
419791.2717332797	4569122.9849319626
419790.2870849623	4569122.8113507470
419789.3037027819	4569122.6298032673
419788.3203206015	4569122.4482557876
419787.3369384211	4569122.2667083079
419786.3535562408	4569122.0851608291
419785.3701740604	4569121.9036133494
419784.3867918800	4569121.7220658697
419783.4034096996	4569121.5405183900
419782.4200275192	4569121.3589709112
419781.4351548054	4569121.1859549675
419780.4484694028	4569121.0233145161
419779.4617840002	4569120.8606740646
419778.4750985976	4569120.6980336141
419777.4884131950	4569120.5353931626
419776.5017277924	4569120.3727527121
419775.5150423898	4569120.2101122607
419774.5283569873	4569120.0474718101
419773.5416715847	4569119.8848313587
419772.5549861821	4569119.7221909072
419771.5683007795	4569119.5595504567
419770.5816153769	4569119.3969100052
419769.5949299743	4569119.2342695547
419768.6097264245	4569119.0632666703
419767.6272344222	4569118.8769619055
419766.6447424200	4569118.6906571398
419765.6622504178	4569118.5043523749
419764.6797584155	4569118.3180476092
419763.6972664133	4569118.1317428444
419762.7147744111	4569117.9454380795
419761.7322824088	4569117.7591333138
419760.7497904066	4569117.5728285490
419759.7672984044	4569117.3865237832
419758.7863208468	4569117.1924193352
419757.8054990967	4569116.9975124486
419756.8246773464	4569116.8026055628
419755.8438555962	4569116.6076986762
419754.8630338460	4569116.4127917895
419753.8822120959	4569116.2178849038
419752.9013903457	4569116.0229780171
419751.9205685954	4569115.8280711304
419750.9397468452	4569115.6331642447
419749.9506681413	4569115.4859909695
419748.9613665547	4569115.3401061837
419747.9720649682	4569115.1942213969
419746.9827633817	4569115.0483366102
419745.9934617952	4569114.9024518244
419745.0041602086	4569114.7565670377
419744.0148586221	4569114.6106822519
419743.0255570355	4569114.4647974651
419742.0362554490	4569114.3189126793
419741.0469538624	4569114.1730278926
419740.0576522759	4569114.0271431068
419739.0693790569	4569113.8744593421
419738.0811865823	4569113.7212417414
419737.0929941077	4569113.5680241408
419736.1048016331	4569113.4148065401
419735.1166091585	4569113.2615889395
419734.1284166840	4569113.1083713379
419733.1402242094	4569112.9551537372
419732.1529197184	4569112.7969316440
419731.1723390427	4569112.6008155085
419730.1917583670	4569112.4046993740
419729.2111776913	4569112.2085832385
419728.2305970156	4569112.0124671031
419727.2500163399	4569111.8163509686
419726.2694356642	4569111.6202348331
419725.2888549885	4569111.4241186986
419724.3041663809	4569111.2505367212
419723.3174605153	4569111.0880204607
419722.3307546497	4569110.9255042011
419721.3440487842	4569110.7629879406
419720.3573429186	4569110.6004716801
419719.3749707824	4569110.4138591085
419718.3934715483	4569110.2223930452
419717.4119723141	4569110.0309269819
419716.4304730800	4569109.8394609187
419715.4489738458	4569109.6479948554
419714.4904379538	4569109.3663213644
419713.5368552887	4569109.0651899958
419712.5832726236	4569108.7640586281
419711.6296899586	4569108.4629272595
419710.6761072935	4569108.1617958918
419709.7258166260	4569107.8512512241
419708.7923970627	4569107.4924644921
419707.8589774993	4569107.1336777601
419706.9255579360	4569106.7748910291
419705.9921383727	4569106.4161042972
419705.0587188094	4569106.0573175652
419704.1248572525	4569105.6996982163
419703.1878770478	4569105.3503157673
419702.2508968432	4569105.0009333175
419701.3139166385	4569104.6515508685
419700.3429636128	4569104.4476166852
419699.3481618088	4569104.3457865799
419698.3533600046	4569104.2439564737
419697.3585582005	4569104.1421263674
419696.3637563964	4569104.0402962612
419695.3689545922	4569103.9384661550
419694.3741527882	4569103.8366360487
419693.3780856922	4569103.7498473767
419692.3802522811	4569103.6840561628
419691.3824188701	4569103.6182649489
419690.3845854590	4569103.5524737360
419689.3867520480	4569103.4866825221
419688.3885481393	4569103.4277110454
419687.3894600324	4569103.3850149726
419686.3903719255	4569103.3423188999
419685.3912838185	4569103.2996228272
419684.3921957116	4569103.2569267545
419683.3931076047	4569103.2142306818
419682.3940194978	4569103.1715346090
419681.4380356635	4569102.9126641052
419680.4989788133	4569102.5689022224
419679.5599219632	4569102.2251403397
419678.6208651131	4569101.8813784570
419677.6818082629	4569101.5376165733
419676.7427514128	4569101.1938546905
419675.8035590294	4569100.8504754268
419674.8574995427	4569100.5264824517
419673.9114400561	4569100.2024894776
419672.9653805695	4569099.8784965025
419672.0193210829	4569099.5545035275
419671.0732615962	4569099.2305105524
419670.1272021096	4569098.9065175783
419669.1811426230	4569098.5825246032
419668.2350831363	4569098.2585316282
419667.2845233626	4569097.9486407498
419666.3256712271	4569097.6647348106
419665.3668190917	4569097.3808288714
419664.4079669563	4569097.0969229322
419663.4491148209	4569096.8130169921
419662.4902626855	4569096.5291110529
419661.5314105502	4569096.2452051137
419660.5725584148	4569095.9612991735
419659.6137062794	4569095.6773932343
419658.6548541440	4569095.3934872951
419657.6960020086	4569095.1095813559
419656.7284885874	4569094.8570842650
419655.7596452209	4569094.6094100215
419654.7908018544	4569094.3617357770
419653.8219584879	4569094.1140615325
419652.8531151215	4569093.8663872881
419651.8842717550	4569093.6187130446
419650.9154283885	4569093.3710388001
419649.9505217219	4569093.1103468407
419649.0067891858	4569092.7796371486
419648.0630566498	4569092.4489274565
419647.1193241137	4569092.1182177654
419646.1755915777	4569091.7875080733
419645.2318590416	4569091.4567983812
419644.2881265055	4569091.1260886891
419643.3386808331	4569090.8149160761
419642.3654564243	4569090.5850590551
419641.3922320155	4569090.3552020341
419640.4190076067	4569090.1253450131
419639.4457831978	4569089.8954879921
419638.4725587890	4569089.6656309711
419637.4993343802	4569089.4357739510
419636.5261099714	4569089.2059169300
419635.5528855626	4569088.9760599090
419634.5796611538	4569088.7462028880
419633.6064367450	4569088.5163458670
419632.6332123362	4569088.2864888459
419631.7144361707	4569087.9053532295
419630.8179576065	4569087.4622661229
419629.9214790424	4569087.0191790164
419629.0250004783	4569086.5760919098
419628.1285219142	4569086.1330048032
419627.2116264448	4569085.7474917434
419626.2362842238	4569085.5267938683
419625.2609420028	4569085.3060959931
419624.2855997818	4569085.0853981189
419623.3102575608	4569084.8647002438
419622.3349153398	4569084.6440023687
419621.3595731188	4569084.4233044945
419620.3842308978	4569084.2026066193
419619.4138578359	4569083.9624251341
419618.4519527309	4569083.6890415773
419617.4900476259	4569083.4156580213
419616.5281425208	4569083.1422744645
419615.5662374158	4569082.8688909085
419614.6043323108	4569082.5955073517
419613.6506924524	4569082.2948478200
419612.6988318945	4569081.9883164540
419611.7469713365	4569081.6817850880
419610.7888664240	4569081.3971120184
419609.8187239239	4569081.1545763928
419608.8485814238	4569080.9120407682
419607.8784389236	4569080.6695051426
419606.9082964235	4569080.4269695180
419605.9493371152	4569080.1464541368
419605.0025643705	4569079.8245514035
419604.0557916257	4569079.5026486702
419603.1090188809	4569079.1807459369
419602.1622461361	4569078.8588432036
419601.2154733914	4569078.5369404703
419600.2676568827	4569078.2181380568
419599.3189735847	4569077.9019102901
419598.3702902867	4569077.5856825244
419597.4216069887	4569077.2694547577
419596.4729236907	4569076.9532269919
419595.5300486966	4569076.6201170972
419594.5876209511	4569076.2857072521
419593.6451932056	4569075.9512974070
419592.7027654601	4569075.6168875620
419591.7603377146	4569075.2824777169
419590.8179099691	4569074.9480678719
419589.8754822236	4569074.6136580268
419588.9196183923	4569074.3229051726
419587.9522461689	4569074.0695457803
419586.9848739456	4569073.8161863880
419586.0175017222	4569073.5628269967
419585.0501294988	4569073.3094676044
419584.0827572755	4569073.0561082130
419583.1153850522	4569072.8027488207
419582.1492090712	4569072.5450045997
419581.1871960838	4569072.2720009144
419580.2251830964	4569071.9989972292
419579.2631701090	4569071.7259935439
419578.3011571217	4569071.4529898586
419577.3263461618	4569071.2306154901
419576.3501591016	4569071.0136850318
419575.3739720415	4569070.7967545744
419574.3977849814	4569070.5798241161
419573.4215979212	4569070.3628936578
419572.4454108611	4569070.1459632004
419571.4693126738	4569069.9286350477
419570.4936442594	4569069.7093837187
419569.5179758451	4569069.4901323896
419568.5423074308	4569069.2708810605
419567.5666390165	4569069.0516297314
419566.5904271114	4569068.8351847753
419565.6034468189	4569068.6743435422
419564.6164665264	4569068.5135023091
419563.6294862340	4569068.3526610760
419562.6425059415	4569068.1918198438
419561.6555256489	4569068.0309786107
419560.6685453565	4569067.8701373776
419559.6815650640	4569067.7092961445
419558.6910349136	4569067.5775285466
419557.6943502977	4569067.4961665366
419556.6976656819	4569067.4148045275
419555.7009810661	4569067.3334425185
419554.7042964502	4569067.2520805094
419553.7076118344	4569067.1707185004
419552.7109272185	4569067.0893564913
419551.7142426027	4569067.0079944814
419550.7179875999	4569066.9226000644
419549.7265333044	4569066.7921455521
419548.7350790089	4569066.6616910398
419547.7436247134	4569066.5312365266
419546.7521704178	4569066.4007820142
419545.7607161223	4569066.2703275019
419544.7692618267	4569066.1398729896
419543.7778075312	4569066.0094184764
419542.7863532356	4569065.8789639641
419541.7948989401	4569065.7485094517
419540.8034446446	4569065.6180549385
419539.8112397240	4569065.4937693533
419538.8174314974	4569065.3826603591
419537.8236232707	4569065.2715513650
419536.8298150440	4569065.1604423700
419535.8360068174	4569065.0493333759
419534.8421985907	4569064.9382243818
419533.8483903641	4569064.8271153877
419532.8545821374	4569064.7160063926
419531.8607739107	4569064.6048973985
419530.8697279436	4569064.4758318383
419529.8884731805	4569064.2831167895
419528.9072184175	4569064.0904017407
419527.9259636544	4569063.8976866920
419526.9447088914	4569063.7049716441
419525.9634541283	4569063.5122565953
419524.9821993652	4569063.3195415465
419523.9934051569	4569063.1926139211
419522.9939927389	4569063.1583382897
419521.9945803210	4569063.1240626583
419520.9951679030	4569063.0897870269
419519.9957554852	4569063.0555113954
419518.9963430672	4569063.0212357640
419517.9969306493	4569062.9869601326
419516.9975182314	4569062.9526845012
419516.0171417012	4569062.7707165442
419515.0417006992	4569062.5504556727
419514.0662596970	4569062.3301948020
419513.0908186949	4569062.1099339304
419512.1153776928	4569061.8896730589
419511.1293467282	4569061.7529646568
419510.1297986800	4569061.7229030607
419509.1302506319	4569061.6928414656
419508.1307025838	4569061.6627798704
419507.1311545357	4569061.6327182744
419506.1316064876	4569061.6026566792
419505.1320584395	4569061.5725950832
419504.1325103914	4569061.5425334880
419503.1408620604	4569061.4148764387
419502.1494916292	4569061.2837861339
419501.1581211979	4569061.1526958290
419500.1667507667	4569061.0216055242
419499.1753803354	4569060.8905152194
419498.1840099041	4569060.7594249146
419497.1922162381	4569060.6320045171
419496.1970308752	4569060.5339938374
419495.2018455122	4569060.4359831577
419494.2066601492	4569060.3379724789
419493.2114747862	4569060.2399617992
419492.2162894232	4569060.1419511195
419491.2211040602	4569060.0439404408
419490.2259186972	4569059.9459297610
419489.2379687383	4569059.7958052671
419488.2537238198	4569059.6189948022
419487.2694789013	4569059.4421843383
419486.2852339828	4569059.2653738735
419485.3009890644	4569059.0885634087
419484.3167441458	4569058.9117529439
419483.3324992273	4569058.7349424791
419482.3482543088	4569058.5581320142
419481.3640093903	4569058.3813215503
419480.3815568156	4569058.1961158784
419479.4109198565	4569057.9555667285
419478.4402828975	4569057.7150175776
419477.4696459384	4569057.4744684277
419476.4990089794	4569057.2339192769
419475.5283720203	4569056.9933701269
419474.5577350613	4569056.7528209770
419473.5870981022	4569056.5122718262
419472.6164611432	4569056.2717226762
419471.6458241841	4569056.0311735254
419470.6751872251	4569055.7906243755
419469.7045502661	4569055.5500752246
419468.7339133070	4569055.3095260747
419467.7632763480	4569055.0689769238
419466.7994936089	4569054.8025767077
419465.8371843000	4569054.5306193698
419464.8748749911	4569054.2586620310
419463.9125656822	4569053.9867046922
419462.9502563733	4569053.7147473535
419461.9879470644	4569053.4427900156
419461.0256377555	4569053.1708326768
419460.0633284466	4569052.8988753380
419459.0792535696	4569052.7309493562
419458.0886324091	4569052.5943121854
419457.0980112486	4569052.4576750156
419456.1073900881	4569052.3210378448
419455.1167689276	4569052.1844006749
419454.1261477670	4569052.0477635041
419453.1355266065	4569051.9111263342
419452.1449054460	4569051.7744891634
419451.1542842855	4569051.6378519926
419450.1636631249	4569051.5012148228
419449.1730419644	4569051.3645776520
419448.1875017509	4569051.2014022563
419447.2164666732	4569050.9624652816
419446.2454315954	4569050.7235283069
419445.2743965177	4569050.4845913332
419444.3033614399	4569050.2456543585
419443.3323263622	4569050.0067173839
419442.3592136423	4569049.7764219046
419441.3856899159	4569049.5478359163
419440.4121661895	4569049.3192499271
419439.4386424630	4569049.0906639388
419438.4651187366	4569048.8620779505
419437.4915950102	4569048.6334919622
419436.5180712838	4569048.4049059730
419435.5445475574	4569048.1763199847
419434.5522133859	4569048.0809341632
419433.5534610470	4569048.0309965461
419432.5547087082	4569047.9810589291
419431.5559563693	4569047.9311213121
419430.5572040304	4569047.8811836950
419429.5584516916	4569047.8312460780
419428.5596993527	4569047.7813084610
419427.5609470138	4569047.7313708439
419426.5621946749	4569047.6814332269
419425.5704967752	4569047.5598259233
419424.5811750698	4569047.4140776359
419423.5918533643	4569047.2683293493
419422.6025316589	4569047.1225810619
419421.6132099535	4569046.9768327754
419420.6238882481	4569046.8310844880
419419.6345665427	4569046.6853362015
419418.6452448372	4569046.5395879140
419417.6559231318	4569046.3938396275
419416.6666014263	4569046.2480913401
419415.6772797209	4569046.1023430526
419414.6879580155	4569045.9565947661
419413.6987173512	4569045.8103266535
419412.7119792709	4569045.6480061030
419411.7252411907	4569045.4856855534
419410.7385031104	4569045.3233650029
419409.7517650302	4569045.1610444533
419408.7650269499	4569044.9987239027
419407.7782888697	4569044.8364033531
419406.7915507894	4569044.6740828026
419405.8048127091	4569044.5117622530
419404.8180746289	4569044.3494417025
419403.8313365486	4569044.1871211529
419402.8445984684	4569044.0248006023
419401.8578603881	4569043.8624800527
419400.8711223079	4569043.7001595022
419399.8925850655	4569043.4947102256
419398.9151348059	4569043.2835444380
419397.9376845462	4569043.0723786503
419396.9602342866	4569042.8612128617
419395.9827840270	4569042.6500470741
419395.0053337674	4569042.4388812864
419394.0278835077	4569042.2277154988
419393.0504332481	4569042.0165497111
419392.0918001005	4569041.7320111291
419391.1333646591	4569041.4467016403
419390.1749292176	4569041.1613921514
419389.2164937762	4569040.8760826616
419388.2610169151	4569040.5810624585
419387.3063165806	4569040.2834935226
419386.3516162461	4569039.9859245876
419385.3969159117	4569039.6883556517
419384.4500880938	4569039.3689747909
419383.5254099953	4569038.9882249860
419382.6007318968	4569038.6074751802
419381.6760537984	4569038.2267253753
419380.7513756999	4569037.8459755694
419379.8266976015	4569037.4652257646
419378.9130661790	4569037.0664428631
419378.1538095765	4569036.4156514900
419377.3945529740	4569035.7648601169
419376.6352963715	4569035.1140687438
419375.8760397690	4569034.4632773697
419375.0270958075	4569033.9366153069
419374.1708044990	4569033.4201221364
419373.3145131906	4569032.9036289668
419372.4582218821	4569032.3871357962
419371.5045944137	4569032.1189528145
419370.5254157696	4569031.9159523640
419369.5462371254	4569031.7129519144
419368.5670584812	4569031.5099514639
419367.5888329402	4569031.3028469337
419366.6204061180	4569031.0535489395
419365.6519792957	4569030.8042509453
419364.6835524734	4569030.5549529511
419363.7151256512	4569030.3056549570
419362.7466988289	4569030.0563569628
419361.7729892356	4569029.8342309352
419360.7817008966	4569029.7025212953
419359.7904125577	4569029.5708116563
419358.7991242188	4569029.4391020164
419357.8078358799	4569029.3073923774
419356.8165475410	4569029.1756827375
419355.8252592020	4569029.0439730985
419354.8339708631	4569028.9122634586
419353.8445194347	4569028.7700660517
419352.8674758639	4569028.5570264766
419351.8904322930	4569028.3439869005
419350.9133887222	4569028.1309473254
419349.9363451514	4569027.9179077502
419348.9593015806	4569027.7048681751
419347.9822580097	4569027.4918285990
419347.0052144389	4569027.2787890239
419346.0264605094	4569027.0739327380
419345.0458798337	4569026.8778166026
419344.0652991580	4569026.6817004681
419343.0847184823	4569026.4855843326
419342.1041378065	4569026.2894681972
419341.1235571308	4569026.0933520626
419340.1429764551	4569025.8972359272
419339.1623957794	4569025.7011197926
419338.1818151037	4569025.5050036572
419337.2015108112	4569025.3075211272
419336.2217958790	4569025.1071248902
419335.2420809468	4569024.9067286542
419334.2623660146	4569024.7063324172
419333.2826510823	4569024.5059361812
419332.3029361501	4569024.3055399442
419331.3232212179	4569024.1051437082
419330.3435062857	4569023.9047474712
419329.3791234252	4569023.6427603830
419328.4197965591	4569023.3604627317
419327.4604696930	4569023.0781650804
419326.5011428269	4569022.7958674282
419325.5418159608	4569022.5135697769
419324.5824890947	4569022.2312721256
419323.6231622286	4569021.9489744743
419322.6638353625	4569021.6666768230
419321.7045084964	4569021.3843791718
419320.7451816303	4569021.1020815205
419319.7824541995	4569020.8348154118
419318.7950330759	4569020.6767030321
419317.8076119523	4569020.5185906524
419316.8201908287	4569020.3604782727
419315.8327697050	4569020.2023658929
419314.8453485814	4569020.0442535132
419313.8579274577	4569019.8861411335
419312.8705063341	4569019.7280287538
419311.8830852105	4569019.5699163741
419310.9058857487	4569019.3657783130
419309.9443618011	4569019.0910571842
419308.9828378535	4569018.8163360562
419308.0213139059	4569018.5416149283
419307.0597899583	4569018.2668938003
419306.0982660107	4569017.9921726724
419305.1367420631	4569017.7174515445
419304.1652572265	4569017.4855070533
419303.1812818263	4569017.3072027862
419302.1973064260	4569017.1288985191
419301.2133310258	4569016.9505942520
419300.2293556255	4569016.7722899849
419299.2453802253	4569016.5939857177
419298.2614048250	4569016.4156814506
419297.2774294248	4569016.2373771835
419296.2934540245	4569016.0590729164
419295.2970470841	4569015.9781704638
419294.2998304243	4569015.9036122095
419293.3026137644	4569015.8290539552
419292.3053971046	4569015.7544956999
419291.3081804447	4569015.6799374456
419290.3109637849	4569015.6053791903
419289.3135184354	4569015.5339521011
419288.3160511459	4569015.4628254082
419287.3185838565	4569015.3916987143
419286.3211165671	4569015.3205720205
419285.3236492777	4569015.2494453276
419284.3261819883	4569015.1783186337
419283.3300111205	4569015.0910052722
419282.3339384797	4569015.0024654828
419281.3378658390	4569014.9139256924
419280.3417931983	4569014.8253859021
419279.3457205576	4569014.7368461126
419278.3496479169	4569014.6483063223
419277.3615326614	4569014.5045103775
419276.3809519857	4569014.3083942421
419275.4003713100	4569014.1122781066
419274.4197906344	4569013.9161619721
419273.4392099587	4569013.7200458366
419272.4969370421	4569013.4122803463
419271.6025098510	4569012.9650667505
419270.7080826600	4569012.5178531557
419269.8136554689	4569012.0706395600
419268.9192282779	4569011.6234259652
419268.0248010868	4569011.1762123695
419267.1282919453	4569010.7334516235
419266.2115959807	4569010.3338662032
419265.2949000161	4569009.9342807820
419264.3782040514	4569009.5346953617
419263.4615080868	4569009.1351099405
419262.5448121222	4569008.7355245203
419261.6255743290	4569008.3432108667
419260.6595655822	4569008.0847014841
419259.6935568353	4569007.8261921015
419258.7275480885	4569007.5676827189
419257.7615393416	4569007.3091733353
419256.7955305948	4569007.0506639527
419255.8295218479	4569006.7921545701
419254.8635131011	4569006.5336451875
419253.8975043542	4569006.2751358040
419252.9314956074	4569006.0166264214
419251.9654868605	4569005.7581170388
419251.0074263628	4569005.4724331554
419250.0543710357	4569005.1696369471
419249.1013157087	4569004.8668407388
419248.1482603817	4569004.5640445305
419247.1952050547	4569004.2612483231
419246.2421497277	4569003.9584521148
419245.2890944006	4569003.6556559065
419244.3360390736	4569003.3528596982
419243.3829837466	4569003.0500634899
419242.4299284196	4569002.7472672826
419241.4768730926	4569002.4444710743
419240.5197178258	4569002.1595497523
419239.5299694617	4569002.0167275704
419238.5402210975	4569001.8739053886
419237.5504727333	4569001.7310832068
419236.5607243692	4569001.5882610250
419235.5709760050	4569001.4454388432
419234.5812276408	4569001.3026166614
419233.5914792766	4569001.1597944796
419232.6033438372	4569001.0063873539
419231.6159766723	4569000.8479383662
419230.6286095074	4569000.6894893777
419229.6412423426	4569000.5310403900
419228.6538751778	4569000.3725914024
419227.6665080129	4569000.2141424138
419226.6791408480	4569000.0556934262
419225.7025109819	4568999.8415179467
419224.7269578304	4568999.6217543269
419223.7514046789	4568999.4019907070
419222.7758515274	4568999.1822270872
419221.8002983758	4568998.9624634674
419220.8247452243	4568998.7426998476
419219.8425124381	4568998.5557676870
419218.8586425280	4568998.3768822486
419217.8747726179	4568998.1979968110
419216.8909027078	4568998.0191113725
419215.9070327977	4568997.8402259341
419214.9231628876	4568997.6613404965
419213.9395587106	4568997.4810069306
419212.9562767057	4568997.2989176698
419211.9729947007	4568997.1168284100
419210.9897126957	4568996.9347391492
419210.0064306908	4568996.7526498893
419209.0231486858	4568996.5705606285
419208.0398666809	4568996.3884713687
419207.0565846759	4568996.2063821079
419206.0704500200	4568996.0408902364
419205.0827977574	4568995.8842281532
419204.0951454949	4568995.7275660699
419203.1074932323	4568995.5709039867
419202.1198409698	4568995.4142419035
419201.1321887071	4568995.2575798212
419200.1445364446	4568995.1009177379
419199.1568841820	4568994.9442556547
419198.1692319195	4568994.7875935715
419197.1815796569	4568994.6309314892
419196.1939273944	4568994.4742694059
419195.2062751318	4568994.3176073227
419194.2186228693	4568994.1609452395
419193.2309706067	4568994.0042831562
419192.2433183441	4568993.8476210739
419191.2556660816	4568993.6909589907
419190.2680138190	4568993.5342969075
419189.2803615565	4568993.3776348243
419188.2927092939	4568993.2209727420
419187.3050570313	4568993.0643106587
419186.3174047687	4568992.9076485755
419185.3304944689	4568992.7463948894
419184.3437662428	4568992.5840144474
419183.3570380166	4568992.4216340063
419182.3703097905	4568992.2592535652
419181.4266811785	4568991.9359256448
419180.4908524122	4568991.5834706547
419179.5550236459	4568991.2310156645
419178.6191948796	4568990.8785606744
419177.6732730253	4568990.5613654489
419176.6926923496	4568990.3652493143
419175.7121116739	4568990.1691331789
419174.7315309982	4568989.9730170434
419173.7509503225	4568989.7769009089
419172.7703696469	4568989.5807847735
419171.7823127899	4568989.4284678251
419170.7921989512	4568989.2882016972
419169.8020851126	4568989.1479355702
419168.8119712739	4568989.0076694433
419167.8218574352	4568988.8674033154
419166.8317435965	4568988.7271371884
419165.8416297579	4568988.5868710615
419164.8555366277	4568988.4207255831
419163.8695373980	4568988.2539757136
419162.8835381682	4568988.0872258442
419161.8975389385	4568987.9204759747
419160.9115397088	4568987.7537261052
419159.9255404790	4568987.5869762357
419158.9395412493	4568987.4202263663
419157.9529293376	4568987.2572939107
419156.9642700730	4568987.1071178196
419155.9756108083	4568986.9569417285
419155.0067267457	4568986.7097006338
419154.0381157812	4568986.4611190585
419153.0695048168	4568986.2125374833
419152.0896602277	4568986.0156551031
419151.1052326522	4568985.8398644645
419150.1262722427	4568985.6392914699
419149.1592553011	4568985.3845794080
419148.1929287020	4568985.1272919988
419147.2281648807	4568984.8641745932
419146.2434269513	4568984.7056539971
419145.2495955577	4568984.5947524132
419144.2687654957	4568984.4133083653
419143.3006971515	4568984.1626219461
419142.3125155772	4568984.0540218698
419141.3129035005	4568984.0261705490
419140.3132914237	4568983.9983192282
419139.3162259097	4568983.9399482841
419138.3258210143	4568983.8017522516
419137.3354161190	4568983.6635562191
419136.3450112237	4568983.5253601875
419135.3546063283	4568983.3871641550
419134.3635174696	4568983.2541138139
419133.3714010920	4568983.1287938505
419132.3792847143	4568983.0034738872
419131.3871683367	4568982.8781539239
419130.3950519590	4568982.7528339606
419129.4030591567	4568982.6266700933
419128.4166652329	4568982.4622711064
419127.4302713091	4568982.2978721187
419126.4438773853	4568982.1334731309
419125.4587229944	4568981.9621999012
419124.4770314267	4568981.7717224332
419123.4953398590	4568981.5812449651
419122.5136482913	4568981.3907674970
419121.5319567236	4568981.2002900280
419120.5502651559	4568981.0098125599
419119.5685735881	4568980.8193350919
419118.5868820204	4568980.6288576238
419117.6116883270	4568980.4088975098
419116.6408777078	4568980.1690501794
419115.6700670886	4568979.9292028500
419114.6992564693	4568979.6893555205
419113.7284458502	4568979.4495081902
419112.7911991332	4568979.1085933940
419111.8697728614	4568978.7200401472
419110.9483465897	4568978.3314869003
419110.0269203179	4568977.9429336535
419109.1054940461	4568977.5543804066
419108.1520183038	4568977.2639144082
419107.1789380163	4568977.0334480237
419106.2058577288	4568976.8029816402
419105.2327774413	4568976.5725152567
419104.2735581665	4568976.3009649385
419103.3597466180	4568975.8948264718
419102.4443645088	4568975.4940011753
419101.4566015434	4568975.3380386019
419100.4688385781	4568975.1820760295
419099.4810756127	4568975.0261134561
419098.4933126473	4568974.8701508828
419097.5055496820	4568974.7141883094
419096.5275237944	4568974.5093901465
419095.5554785317	4568974.2745966045
419094.5834332690	4568974.0398030635
419093.6113880063	4568973.8050095215
419092.6393427436	4568973.5702159796
419091.6672974809	4568973.3354224376
419090.6952522182	4568973.1006288957
419089.7232069555	4568972.8658353537
419088.7511616927	4568972.6310418127
419087.7791164301	4568972.3962482708
419086.8070711674	4568972.1614547288
419085.8350259047	4568971.9266611869
419084.8678775340	4568971.6728416216
419083.9032622685	4568971.4091801159
419082.9386470032	4568971.1455186103
419081.9740317377	4568970.8818571037
419081.0094164723	4568970.6181955980
419080.0448012069	4568970.3545340924
419079.0801859414	4568970.0908725858
419078.1155706760	4568969.8272110801
419077.1509554106	4568969.5635495745
419076.1989073234	4568969.2578550549
419075.2478732547	4568968.9487689827
419074.2968391860	4568968.6396829104
419073.3458051172	4568968.3305968381
419072.3997048628	4568968.0079969252
419071.4732382857	4568967.6316198772
419070.5467717087	4568967.2552428301
419069.6203051317	4568966.8788657831
419068.6725954078	4568966.5844457373
419067.6799495303	4568966.4633913618
419066.6873089782	4568966.3422985654
419065.6991601514	4568966.1887997184
419064.7110113245	4568966.0353008714
419063.7228624976	4568965.8818020253
419062.7347136708	4568965.7283031782
419061.7465648439	4568965.5748043312
419060.7568066138	4568965.4500457123
419059.7576981003	4568965.4922615644
419058.7585895867	4568965.5344774174
419057.7594810732	4568965.5766932704
419056.7614656657	4568965.6318807285
419055.7693821931	4568965.7574609146
419054.7772987204	4568965.8830411015
419053.7852152477	4568966.0086212875
419052.7931317751	4568966.1342014745
419051.7960319943	4568966.1508407798
419050.7966060472	4568966.1169619346
419049.7971801000	4568966.0830830885
419048.8007077743	4568966.0135276411
419047.8093172643	4568965.8825892713
419046.8179267542	4568965.7516509024
419045.8311649048	4568965.5935882283
419044.8524556937	4568965.3883364806
419043.8737464826	4568965.1830847329
419042.8950372714	4568964.9778329842
419041.9163280603	4568964.7725812364
419040.9376188491	4568964.5673294887
419039.9589096380	4568964.3620777410
419038.9804446283	4568964.1556824651
419038.0032682645	4568963.9432528205
419037.0260919006	4568963.7308231760
419036.0489155367	4568963.5183935314
419035.1052426276	4568963.1923116287
419034.1690917371	4568962.8407131219
419033.2329408466	4568962.4891146142
419032.2967899561	4568962.1375161074
419031.3520353399	4568961.8170577176
419030.3681654298	4568961.6381722791
419029.3842955198	4568961.4592868416
419028.4004256096	4568961.2804014031
419027.4165556995	4568961.1015159646
419026.4218695520	4568961.0092788655
419025.4242161300	4568960.9408124546
419024.4265627079	4568960.8723460436
419023.4289092858	4568960.8038796326
419022.4312558638	4568960.7354132207
419021.4335248859	4568960.6712225508
419020.4340447716	4568960.7034638450
419019.4345646572	4568960.7357051382
419018.4350845429	4568960.7679464314
419017.4353457015	4568960.7881234298
419016.4354022834	4568960.7987611266
419015.4354588653	4568960.8093988225
419014.4355154472	4568960.8200365193
419013.4355720291	4568960.8306742152
419012.4357164219	4568960.8307503853
419011.4360881154	4568960.8034877954
419010.4364598089	4568960.7762252046
419009.4368315024	4568960.7489626147
419008.4372031958	4568960.7217000248
419007.4375748894	4568960.6944374340
419006.4380437266	4568960.6647301624
419005.4394040535	4568960.6125880172
419004.4407643804	4568960.5604458721
419003.4421247074	4568960.5083037261
419002.4434850342	4568960.4561615810
419001.4448453611	4568960.4040194359
419000.4464725204	4568960.3485258976
418999.4521633665	4568960.2419927735
418998.4578542125	4568960.1354596503
418997.4635450586	4568960.0289265271
418996.4698176489	4568959.9182687243
418995.4848303185	4568959.7456420790
418994.4998429879	4568959.5730154337
418993.5148556574	4568959.4003887875
418992.5298683270	4568959.2277621422
418991.5448809965	4568959.0551354969
418990.5598936660	4568958.8825088507
418989.5749063355	4568958.7098822054
418988.5899190050	4568958.5372555591
418987.6049316746	4568958.3646289138
418986.6199443441	4568958.1920022685
418985.6349570136	4568958.0193756223
418984.6499696831	4568957.8467489770
418983.6649823526	4568957.6741223317
418982.6815332866	4568957.4945993610
418981.7165535895	4568957.2322747828
418980.7515738924	4568956.9699502047
418979.7865941953	4568956.7076256275
418978.8216144982	4568956.4453010494
418977.8566348010	4568956.1829764713
418976.8916551040	4568955.9206518931
418975.9266754069	4568955.6583273150
418974.9616957098	4568955.3960027378
418973.9967160127	4568955.1336781597
418973.0317363155	4568954.8713535815
418972.0667566185	4568954.6090290034
418971.1017769213	4568954.3467044262
418970.1367972243	4568954.0843798481
418969.1718175271	4568953.8220552700
418968.2068378300	4568953.5597306918
418967.2593381326	4568953.2404674934
418966.3133921866	4568952.9161431687
418965.3674462405	4568952.5918188449
418964.4215002945	4568952.2674945211
418963.4755543485	4568951.9431701964
418962.5048876626	4568951.7129237633
418961.5216989265	4568951.5303315688
418960.5385101904	4568951.3477393752
418959.5553214543	4568951.1651471816
418958.5721327183	4568950.9825549871
418957.5889439822	4568950.7999627935
418956.6057552462	4568950.6173705999
418955.6225665101	4568950.4347784063
418954.6393777740	4568950.2521862118
418953.6561890379	4568950.0695940182
418952.6730003018	4568949.8870018246
418951.6898115658	4568949.7044096300
418950.7066228297	4568949.5218174364
418949.7234340937	4568949.3392252428
418948.7402453576	4568949.1566330483
418947.7570566215	4568948.9740408547
418946.7738678854	4568948.7914486611
418945.7906791494	4568948.6088564675
418944.8074904133	4568948.4262642730
418943.8243016773	4568948.2436720794
418942.8454276345	4568948.0405708775
418941.8720104661	4568947.8115315437
418940.8985932978	4568947.5824922100
418939.9251761294	4568947.3534528762
418938.9517589610	4568947.1244135424
418937.9783417927	4568946.8953742087
418937.0049246243	4568946.6663348759
418936.0315074559	4568946.4372955421
418935.0580902876	4568946.2082562083
418934.0846731192	4568945.9792168746
418933.1112559509	4568945.7501775408
418932.1378387825	4568945.5211382071
418931.1649465375	4568945.2900983421
418930.2044801714	4568945.0117022935
418929.2440138054	4568944.7333062459
418928.2835474393	4568944.4549101973
418927.3230810733	4568944.1765141496
418926.3626147072	4568943.8981181011
418925.4021483411	4568943.6197220525
418924.4416819751	4568943.3413260048
418923.4812156090	4568943.0629299562
418922.5207492429	4568942.7845339077
418921.5602828769	4568942.5061378600
418920.5795792724	4568942.3146086587
418919.5949657749	4568942.1398623837
418918.6103522775	4568941.9651161088
418917.6257387800	4568941.7903698338
418916.6411252826	4568941.6156235589
418915.6565117851	4568941.4408772839
418914.6718982877	4568941.2661310090
418913.6872847902	4568941.0913847340
418912.7026712928	4568940.9166384581
418911.7165096713	4568940.7510374887
418910.7292400366	4568940.5919819381
418909.7419704019	4568940.4329263866
418908.7547007671	4568940.2738708360
418907.7674311324	4568940.1148152845
418906.7846325936	4568939.9313815329
418905.8051755503	4568939.7297286121
418904.8257185071	4568939.5280756913
418903.8462614639	4568939.3264227705
418902.8668044206	4568939.1247698497
418901.8819818677	4568938.9526567208
418900.8941734818	4568938.7969820835
418899.9063650958	4568938.6413074462
418898.9185567098	4568938.4856328098
418897.9307483238	4568938.3299581725
418896.9429399378	4568938.1742835352
418895.9551315519	4568938.0186088989
418894.9673890890	4568937.8625359181
418893.9820938500	4568937.6916754721
418892.9967986110	4568937.5208150260
418892.0115033721	4568937.3499545800
418891.0262081331	4568937.1790941339
418890.0409128941	4568937.0082336878
418889.0556176552	4568936.8373732409
418888.0703224162	4568936.6665127948
418887.0850271773	4568936.4956523487
418886.0997319383	4568936.3247919027
418885.1148990921	4568936.1513840603
418884.1324106382	4568935.9650605833
418883.1499221844	4568935.7787371064
418882.1674337305	4568935.5924136303
418881.1849452766	4568935.4060901534
418880.2024568226	4568935.2197666764
418879.2199683688	4568935.0334432004
418878.2374799149	4568934.8471197234
418877.2537342776	4568934.6676079892
418876.2694630706	4568934.4909439264
418875.2851918636	4568934.3142798636
418874.3009206566	4568934.1376158008
418873.3166494495	4568933.9609517381
418872.3323782425	4568933.7842876753
418871.3481070355	4568933.6076236125
418870.3638358285	4568933.4309595497
418869.3795646215	4568933.2542954870
418868.3952934145	4568933.0776314251
418867.4110222074	4568932.9009673623
418866.4277290118	4568932.7190346140
418865.4456267326	4568932.5306862323
418864.4635244534	4568932.3423378495
418863.4814221741	4568932.1539894668
418862.4993198949	4568931.9656410851
418861.5172176157	4568931.7772927023
418860.5351153365	4568931.5889443196
418859.5530130573	4568931.4005959369
418858.5709107781	4568931.2122475551
418857.5888084989	4568931.0238991724
418856.6067062197	4568930.8355507897
418855.6156319203	4568930.7036903528
418854.6235029413	4568930.5784701901
418853.6313739623	4568930.4532500282
418852.6392449833	4568930.3280298654
418851.6471160043	4568930.2028097035
418850.6549870253	4568930.0775895407
418849.6628580463	4568929.9523693789
418848.6707290674	4568929.8271492161
418847.6786000884	4568929.7019290542
418846.6864711094	4568929.5767088914
418845.6943421304	4568929.4514887296
418844.7022131514	4568929.3262685668
418843.7100841724	4568929.2010484049
418842.7179551934	4568929.0758282421
418841.7278701367	4568928.9384380952
418840.7492676259	4568928.7326782206
418839.7706651151	4568928.5269183470
418838.7920626042	4568928.3211584724
418837.8134600934	4568928.1153985988
418836.8348575826	4568927.9096387243
418835.8562550718	4568927.7038788507
418834.8776525610	4568927.4981189761
418833.8990500501	4568927.2923591016
418832.9204475393	4568927.0865992280
418831.9418450285	4568926.8808393534
418830.9788646540	4568926.6221353281
418830.0453175353	4568926.2636806211
418829.1117704167	4568925.9052259130
418828.1782232980	4568925.5467712060
418827.2446761794	4568925.1883164989
418826.2777655192	4568924.9375849664
418825.3050374167	4568924.7056366140
418824.3323093141	4568924.4736882607
418823.3595812115	4568924.2417399082
418822.3868531089	4568924.0097915549
418821.4141250063	4568923.7778432015
418820.4413969037	4568923.5458948491
418819.4686688011	4568923.3139464958
418818.4959406985	4568923.0819981433
418817.5232125959	4568922.8500497900
418816.5504844933	4568922.6181014376
418815.5777563907	4568922.3861530842
418814.6050282881	4568922.1542047318
418813.6323001855	4568921.9222563785
418812.6595720829	4568921.6903080260
418811.6868439803	4568921.4583596727
418810.7024849038	4568921.4162212722
418809.7087145626	4568921.5276686093
418808.7149442214	4568921.6391159464
418807.7237271421	4568921.6861022860
418806.7418850755	4568921.4964021118
418805.7600430089	4568921.3067019377
418804.7782009422	4568921.1170017626
418803.7963588755	4568920.9273015885
418802.8145168089	4568920.7376014143
418801.8326747423	4568920.5479012392
418800.8585745050	4568920.3224719707
418799.8862721303	4568920.0887454376
418798.9139697555	4568919.8550189054
418797.9416673807	4568919.6212923732
418796.9693650059	4568919.3875658410
418795.9970626312	4568919.1538393078
418795.0086665497	4568919.0085713407
418794.0163477325	4568918.8848645696
418793.0240289154	4568918.7611577995
418792.0317100983	4568918.6374510285
418791.0393912811	4568918.5137442574
418790.0470724640	4568918.3900374863
418789.0591393694	4568918.2386854552
418788.0772559978	4568918.0491991900
418787.0953726262	4568917.8597129257
418786.1134892545	4568917.6702266615
418785.1316058829	4568917.4807403963
418784.1497225113	4568917.2912541321
418783.1678391396	4568917.1017678669
418782.1859557680	4568916.9122816026
418781.2102388587	4568916.6995284613
418780.2633932253	4568916.3778401855
418779.3165475920	4568916.0561519098
418778.3697019588	4568915.7344636349
418777.4228563254	4568915.4127753591
418776.4760106921	4568915.0910870833
418775.5291650588	4568914.7693988075
418774.5823194255	4568914.4477105318
418773.6354737922	4568914.1260222560
418772.6886281588	4568913.8043339811
418771.7433062719	4568913.4790250603
418770.8513704151	4568913.0268631121
418769.9594345583	4568912.5747011639
418769.0674987015	4568912.1225392157
418768.1755628447	4568911.6703772675
418767.2836269879	4568911.2182153203
418766.3916911311	4568910.7660533721
418765.4997552743	4568910.3138914239
418764.6078194175	4568909.8617294757
418763.7158835607	4568909.4095675275
418762.7861329097	4568909.0418604715
418761.8548133826	4568908.6776573164
418760.9234938554	4568908.3134541614
418759.9921743283	4568907.9492510054
418759.0608548011	4568907.5850478504
418758.1295352740	4568907.2208446953
418757.1982157468	4568906.8566415394
418756.2668962196	4568906.4924383843
418755.3355766924	4568906.1282352293
418754.4042571653	4568905.7640320743
418753.4708658382	4568905.4054222926
418752.5270127646	4568905.0750567745
418751.5831596909	4568904.7446912574
418750.6393066173	4568904.4143257393
418749.6954535436	4568904.0839602211
418748.7516004700	4568903.7535947030
418747.8077473964	4568903.4232291859
418746.8638943227	4568903.0928636678
418745.9200412491	4568902.7624981496
418744.9761881755	4568902.4321326325
418744.0323351019	4568902.1017671144
418743.0852880547	4568901.7816929976
418742.1202389662	4568901.5196238142
418741.1551898777	4568901.2575546307
418740.1901407892	4568900.9954854473
418739.2250917007	4568900.7334162639
418738.2600426122	4568900.4713470805
418737.2949935237	4568900.2092778981
418736.3299444352	4568899.9472087147
418735.3648953468	4568899.6851395313
418734.3998462582	4568899.4230703479
418733.4347971698	4568899.1610011645
418732.4829650455	4568898.8589425283
418731.5518183697	4568898.4942976767
418730.6206716939	4568898.1296528243
418729.6895250181	4568897.7650079718
418728.7583783423	4568897.4003631203
418727.8272316665	4568897.0357182678
418726.8960849907	4568896.6710734162
418725.9649383149	4568896.3064285638
418725.0337916391	4568895.9417837113
418724.0769450707	4568895.6547567453
418723.1121784036	4568895.3916497743
418722.1474117365	4568895.1285428042
418721.1826450695	4568894.8654358331
418720.2178784024	4568894.6023288621
418719.2531117354	4568894.3392218910
418718.2664596117	4568894.1794783352
418717.2778477645	4568894.0289904103
418716.2892359172	4568893.8785024853
418715.3016845276	4568893.9466427006
418714.3145790498	4568894.1067138584
418713.3274735721	4568894.2667850172
418712.3403680944	4568894.4268561760
418711.3532626166	4568894.5869273348
418710.3661571389	4568894.7469984926
418709.3741726597	4568894.8349661753
418708.3745012288	4568894.8093335740
418707.3748297979	4568894.7837009728
418706.3751583670	4568894.7580683725
418705.3755610457	4568894.7316375989
418704.3882593137	4568894.5727814063
418703.4009575817	4568894.4139252137
418702.4136558497	4568894.2550690211
418701.4263541177	4568894.0962128285
418700.4390523856	4568893.9373566350
418699.4517506536	4568893.7785004424
418698.4644489216	4568893.6196442498
418697.4771471896	4568893.4607880572
418696.4898454576	4568893.3019318646
418695.5044692785	4568893.1325887283
418694.5251346149	4568892.9303423036
418693.5457999513	4568892.7280958779
418692.5664652877	4568892.5258494522
418691.5871306241	4568892.3236030266
418690.6077959605	4568892.1213566009
418689.6112971127	4568892.0610569119
418688.6119822789	4568892.0240452513
418687.6126674451	4568891.9870335907
418686.6133526113	4568891.9500219300
418685.6140377776	4568891.9130102694
418684.6147229438	4568891.8759986088
418683.6154081100	4568891.8389869481
418682.6160932763	4568891.8019752884
418681.6167784425	4568891.7649636278
418680.6349231489	4568891.5921861334
418679.6587594727	4568891.3751504738
418678.6825957966	4568891.1581148142
418677.7064321204	4568890.9410791555
418676.7191577249	4568890.7840834996
418675.7299711735	4568890.6374207353
418674.7407846222	4568890.4907579701
418673.7507825764	4568890.3498610957
418672.7597219149	4568890.2164490838
418671.7686612532	4568890.0830370709
418670.7776005917	4568889.9496250590
418669.7865399301	4568889.8162130462
418668.7954792685	4568889.6828010343
418667.8174359578	4568889.4837189820
418666.8504222943	4568889.2289944747
418665.8834086307	4568888.9742699675
418664.9163949671	4568888.7195454603
418663.9493813036	4568888.4648209540
418662.9823676400	4568888.2100964468
418662.0153539764	4568887.9553719396
418661.0483403129	4568887.7006474324
418660.0813266493	4568887.4459229251
418659.1143129858	4568887.1911984188
418658.1472993222	4568886.9364739116
418657.1802856586	4568886.6817494044
418656.2132719950	4568886.4270248972
418655.2734972204	4568886.0888983458
418654.3425467908	4568885.7237527613
418653.4115963612	4568885.3586071776
418652.4806459316	4568884.9934615931
418651.5496955020	4568884.6283160094
418650.6187450724	4568884.2631704248
418649.6877946428	4568883.8980248403
418648.7790375577	4568883.4838589467
418647.8904169008	4568883.0252160262
418647.0017962438	4568882.5665731067
418646.1131755868	4568882.1079301862
418645.2024338891	4568881.6971515408
418644.2772876573	4568881.3175406214
418643.3521414256	4568880.9379297020
418642.4269951938	4568880.5583187835
418641.5018489620	4568880.1787078641
418640.5579039206	4568879.8494731057
418639.6102381174	4568879.5302090682
418638.6625723142	4568879.2109450316
418637.7149065110	4568878.8916809941
418636.7787999342	4568878.5473902784
418635.9213070084	4568878.0328945229
418635.0638140827	4568877.5183987673
418634.2063211570	4568877.0039030118
418633.3488282312	4568876.4894072572
418632.4768806935	4568876.0005523097
418631.5927818120	4568875.5332524413
418630.7086829305	4568875.0659525720
418629.8245840491	4568874.5986527028
418628.9404851676	4568874.1313528335
418628.0219193025	4568873.7391502084
418627.0911678092	4568873.3734978354
418626.1604163159	4568873.0078454632
418625.2296648225	4568872.6421930902
418624.3131280712	4568872.2440452706
418623.4128476801	4568871.8087347867
418622.5125672890	4568871.3734243028
418621.6122868980	4568870.9381138189
418620.7120065069	4568870.5028033350
418619.8117261158	4568870.0674928511
418618.9055763660	4568869.6447598478
418617.9936548608	4568869.2343951706
418617.0810608907	4568868.8256136011
418616.1525841999	4568868.4542229250
418615.2241075091	4568868.0828322480
418614.2897849851	4568867.7266304111
418613.3518943156	4568867.3796994500
418612.4211090633	4568867.0142138349
418611.4908411419	4568866.6477298001
418610.5146540817	4568866.4307993427
418609.5384670215	4568866.2138688844
418608.5622799613	4568865.9969384270
418607.5860929012	4568865.7800079687
418606.5923373905	4568865.8253578292
418605.5959393833	4568865.9101576600
418604.6001716762	4568865.9513263656
418603.6066390036	4568865.8377797743
418602.6124328284	4568865.7309599631
418601.6161103629	4568865.6452771490
418600.6169026046	4568865.6145375604
418599.6170858408	4568865.5953949662
418598.6211349367	4568865.5300603928
418597.6320447587	4568865.3827490900
418596.6429545809	4568865.2354377871
418595.6516599627	4568865.1042233007
418594.6593820860	4568864.9801885663
418593.6655587364	4568864.8704739036
418592.6696655299	4568864.7799381567
418591.6737723234	4568864.6894024108
418590.6899092308	4568864.5360024618
418589.7309538864	4568864.2524453299
418588.7719985421	4568863.9688881971
418587.8130431977	4568863.6853310643
418586.8547324684	4568863.3996045776
418585.8965376377	4568863.1134880511
418584.9501223713	4568862.7905486701
418584.0037725151	4568862.4674048172
418583.0472910241	4568862.1772082262
418582.0828870600	4568861.9127748813
418581.1184830960	4568861.6483415356
418580.1540791319	4568861.3839081908
418579.1968257519	4568861.0947173461
418578.2399451753	4568860.8042357424
418577.2830645988	4568860.5137541378
418576.3028600017	4568860.3324238500
418575.3108262724	4568860.2064513126
418574.3187925432	4568860.0804787762
418573.3285817535	4568859.9444430526
418572.3553971407	4568859.7144175982
418571.3822125281	4568859.4843921438
418570.4090279153	4568859.2543666903
418569.4544718362	4568858.9570233459
418568.5014798482	4568858.6540278494
418567.5484878602	4568858.3510323530
418566.5903190989	4568858.0651263660
418565.6293839040	4568857.7883529011
418564.6684487091	4568857.5115794353
418563.7075135142	4568857.2348059705
418562.7465783193	4568856.9580325047
418561.7853067521	4568856.6824358078
418560.8232638556	4568856.4095375389
418559.8612209591	4568856.1366392700
418558.8991780626	4568855.8637410002
418557.9371351661	4568855.5908427313
418556.9750922696	4568855.3179444624
418556.0263498870	4568855.0082268603
418555.1119998595	4568854.6033021426
418554.1976498319	4568854.1983774249
418553.2832998043	4568853.7934527062
418552.3689497768	4568853.3885279885
418551.4545997493	4568852.9836032707
418550.5402497217	4568852.5786785530
418549.6235217042	4568852.1795945009
418548.6863636358	4568851.8306894209
418547.7492055674	4568851.4817843409
418546.8120474991	4568851.1328792609
418545.8748894307	4568850.7839741809
418544.9377313623	4568850.4350691009
418544.0005732939	4568850.0861640209
418543.0634152256	4568849.7372589409
418542.1289609769	4568849.3812405309
418541.1966614301	4568849.0195534350
418540.2643618833	4568848.6578663401
418539.3320623365	4568848.2961792443
418538.3997627897	4568847.9344921485
418537.4674632430	4568847.5728050536
418536.5351636962	4568847.2111179577
418535.6028641494	4568846.8494308619
418534.6705646026	4568846.4877437670
418533.7248988542	4568846.1626069807
418532.7792122549	4568845.8375272118
418531.8335256556	4568845.5124474438
418530.8878390564	4568845.1873676749
418529.9421524572	4568844.8622879060
418528.9904760639	4568844.5568085369
418528.0246199534	4568844.2977294493
418527.0587638431	4568844.0386503609
418526.0929077326	4568843.7795712724
418525.1270516222	4568843.5204921840
418524.1611955118	4568843.2614130955
418523.1872478325	4568843.0355913397
418522.2103270707	4568842.8219893146
418521.2334063088	4568842.6083872905
418520.2564855470	4568842.3947852654
418519.2795647851	4568842.1811832404
418518.3026440233	4568841.9675812153
418517.3257232614	4568841.7539791903
418516.3488024996	4568841.5403771652
418515.3718817377	4568841.3267751401
418514.3949609759	4568841.1131731151
418513.4171765771	4568840.9035812328
418512.4389347536	4568840.6961133210
418511.4606929299	4568840.4886454083
418510.4824511064	4568840.2811774965
418509.5042092828	4568840.0737095848
418508.5259674592	4568839.8662416721
418507.5477256356	4568839.6587737603
418506.5694838120	4568839.4513058476
418505.5912419884	4568839.2438379359
418504.6130001648	4568839.0363700232
418503.6347583412	4568838.8289021114
418502.6565165177	4568838.6214341996
418501.6782746940	4568838.4139662869
418500.7000328705	4568838.2064983752
418499.7217910469	4568837.9990304625
418498.7435492233	4568837.7915625507
418497.7653073997	4568837.5840946380
418496.7870655761	4568837.3766267262
418495.8088237525	4568837.1691588145
418494.8305819289	4568836.9616909018
418493.8523401053	4568836.7542229900
418492.8740982818	4568836.5467550773
418491.8958564581	4568836.3392871656
418490.9176146346	4568836.1318192529
418489.9393728110	4568835.9243513411
418488.9611309874	4568835.7168834293
418487.9828891638	4568835.5094155166
418487.0046473402	4568835.3019476049
418486.0264055166	4568835.0944796922
418485.0481636930	4568834.8870117804
418484.0699218695	4568834.6795438677
418483.0916800458	4568834.4720759559
418482.1134382222	4568834.2646080442
418481.1351963987	4568834.0571401315
418480.1569545751	4568833.8496722197
418479.1787127515	4568833.6422043070
418478.2004709279	4568833.4347363953
418477.2218560220	4568833.2291516960
418476.2384028335	4568833.0479892660
418475.2549496449	4568832.8668268370
418474.2714964563	4568832.6856644070
418473.2880432677	4568832.5045019779
418472.3045900791	4568832.3233395480
418471.3211368905	4568832.1421771189
418470.3376837019	4568831.9610146899
418469.3542305133	4568831.7798522599
418468.3707773247	4568831.5986898309
418467.3873241361	4568831.4175274009
418466.4038709475	4568831.2363649718
418465.4204177590	4568831.0552025419
418464.4369645703	4568830.8740401128
418463.4535113817	4568830.6928776829
418462.4700581932	4568830.5117152538
418461.4866050045	4568830.3305528248
418460.5031518159	4568830.1493903948
418459.5245104505	4568829.9462681450
418458.5554132765	4568829.6995888650
418457.5863161026	4568829.4529095842
418456.6172189286	4568829.2062303042
418455.6481217547	4568828.9595510233
418454.6790245807	4568828.7128717424
418453.7099274068	4568828.4661924625
418452.7408302328	4568828.2195131816
418451.7717330589	4568827.9728339007
418450.8113110053	4568827.6952751651
418449.8555319966	4568827.4011893161
418448.8997529879	4568827.1071034679
418447.9439739791	4568826.8130176188
418446.9881949704	4568826.5189317698
418446.0324159617	4568826.2248459216
418445.0766369530	4568825.9307600725
418444.1208579442	4568825.6366742235
418443.1787951958	4568825.3059661239
418442.2649836473	4568824.8998276573
418441.3511720987	4568824.4936891915
418440.4373605502	4568824.0875507249
418439.5235490017	4568823.6814122582
418438.6097374532	4568823.2752737924
418437.6959259046	4568822.8691353258
418436.7821143561	4568822.4629968600
418435.8683028076	4568822.0568583934
418434.9527488280	4568821.6547226943
418434.0328255634	4568821.2626242535
418433.1129022987	4568820.8705258127
418432.1929790341	4568820.4784273729
418431.2730557694	4568820.0863289321
418430.3531325047	4568819.6942304913
418429.4332092401	4568819.3021320505
418428.5132859753	4568818.9100336097
418427.5933627107	4568818.5179351699
418426.6734394460	4568818.1258367291
418425.7510810305	4568817.7398479674
418424.8136568233	4568817.3916585715
418423.8762326161	4568817.0434691748
418422.9388084089	4568816.6952797789
418422.0013842017	4568816.3470903821
418421.0639599945	4568815.9989009853
418420.1265357873	4568815.6507115895
418419.1660863855	4568815.3741311440
418418.2014038827	4568815.1107157515
418417.2367213798	4568814.8473003600
418416.2720388769	4568814.5838849684
418415.3073563741	4568814.3204695759
418414.3368595595	4568814.0854722960
418413.3462384303	4568813.9488348989
418412.3556173010	4568813.8121975018
418411.3649961718	4568813.6755601047
418410.3743750425	4568813.5389227076
418409.3990086370	4568813.3234007228
418408.4288661368	4568813.0808650982
418407.4587236366	4568812.8383294735
418406.4885811364	4568812.5957938489
418405.5184386362	4568812.3532582233
418404.5482961360	4568812.1107225986
418403.5901501698	4568811.8283724971
418402.6475087070	4568811.4945655577
418401.7048672441	4568811.1607586192
418400.7622257812	4568810.8269516798
418399.8195843183	4568810.4931447413
418398.8769428554	4568810.1593378019
418397.9343013926	4568809.8255308634
418396.9916599297	4568809.4917239239
418396.0342762942	4568809.2040472077
418395.0727523465	4568808.9293260798
418394.1112283989	4568808.6546049528
418393.1497044512	4568808.3798838248
418392.1881805035	4568808.1051626969
418391.2254505359	4568807.8355537513
418390.2425235773	4568807.6515575722
418389.2595966187	4568807.4675613930
418388.2766696601	4568807.2835652130
418387.2937427015	4568807.0995690338
418386.3108157429	4568806.9155728538
418385.3278887843	4568806.7315766746
418384.3449618257	4568806.5475804945
418383.3620348672	4568806.3635843154
418382.3791079086	4568806.1795881363
418381.3961809500	4568805.9955919562
418380.4132539914	4568805.8115957770
418379.4252682976	4568805.6616870165
418378.4312692851	4568805.5522979712
418377.4372702725	4568805.4429089269
418376.4432712600	4568805.3335198816
418375.4492722475	4568805.2241308372
418374.4552732350	4568805.1147417920
418373.4612742225	4568805.0053527476
418372.4672752100	4568804.8959637024
418371.4732761975	4568804.7865746580
418370.4792771850	4568804.6771856127
418369.4852781724	4568804.5677965684
418368.4952436874	4568804.4362809332
418367.5251011873	4568804.1937453076
418366.5549586871	4568803.9512096830
418365.5848161870	4568803.7086740574
418364.6146736869	4568803.4661384327
418363.6445311868	4568803.2236028081
418362.6743886866	4568802.9810671825
418361.7042461864	4568802.7385315578
418360.7341036863	4568802.4959959323
418359.7639611862	4568802.2534603076
418358.7938186861	4568802.0109246820
418357.8236761859	4568801.7683890574
418356.8535336858	4568801.5258534318
418355.8833911856	4568801.2833178071
418354.9305516520	4568800.9804244759
418353.9792589968	4568800.6721351892
418353.0279663416	4568800.3638459034
418352.0766736863	4568800.0555566167
418351.1253810311	4568799.7472673301
418350.1740883758	4568799.4389780443
418349.2227957206	4568799.1306887576
418348.2715030654	4568798.8223994710
418347.3202104102	4568798.5141101843
418346.3689177549	4568798.2058208985
418345.4176250997	4568797.8975316118
418344.4663324445	4568797.5892423252
418343.5150397893	4568797.2809530394
418342.5637471341	4568796.9726637527
418341.6124544788	4568796.6643744661
418340.6611618236	4568796.3560851803
418339.7098691684	4568796.0477958936
418338.7585765132	4568795.7395066069
418337.8072838579	4568795.4312173203
418336.8559912027	4568795.1229280345
418335.9046985475	4568794.8146387478
418334.9534058923	4568794.5063494612
418334.0021132371	4568794.1980601754
418333.0508205818	4568793.8897708887
418332.0995279266	4568793.5814816020
418331.1482352714	4568793.2731923154
418330.1969426162	4568792.9649030296
418329.2456499609	4568792.6566137429
418328.2943573057	4568792.3483244563
418327.3430646505	4568792.0400351705
418326.3917719953	4568791.7317458838
418325.4404793400	4568791.4234565971
418324.4891866848	4568791.1151673105
418323.5378940296	4568790.8068780247
418322.5830473242	4568790.5111188563
418321.6115594632	4568790.2740295567
418320.6400716022	4568790.0369402580
418319.6685837411	4568789.7998509584
418318.6970958801	4568789.5627616588
418317.7256080191	4568789.3256723592
418316.7541201581	4568789.0885830605
418315.7826322970	4568788.8514937609
418314.8111444360	4568788.6144044613
418313.8396565750	4568788.3773151617
418312.8681687140	4568788.1402258631
418311.8966808529	4568787.9031365635
418310.9251929919	4568787.6660472639
418309.9537051309	4568787.4289579643
418308.9822172699	4568787.1918686656
418308.0107294088	4568786.9547793660
418307.0392415478	4568786.7176900664
418306.0677536868	4568786.4806007668
418305.0962658258	4568786.2435114682
418304.1247779647	4568786.0064221686
418303.1532901037	4568785.7693328690
418302.1818022427	4568785.5322435694
418301.2103143816	4568785.2951542707
418300.2388265206	4568785.0580649711
418299.2673386596	4568784.8209756715
418298.2958507985	4568784.5838863719
418297.3243629375	4568784.3467970733
418296.3762310619	4568784.0329572754
418295.4373547461	4568783.6887026262
418294.4984784303	4568783.3444479760
418293.5596021146	4568783.0001933267
418292.6207257988	4568782.6559386775
418291.6778141929	4568782.3229404595
418290.7340590579	4568781.9922952643
418289.7903039229	4568781.6616500691
418288.8465487879	4568781.3310048738
418287.9027936529	4568781.0003596786
418286.9590385179	4568780.6697144834
418286.0152833829	4568780.3390692882
418285.0715282479	4568780.0084240930
418284.1277731129	4568779.6777788978
418283.1840179779	4568779.3471337017
418282.2402628429	4568779.0164885065
418281.3149720999	4568778.6422529360
418280.4208647268	4568778.1944002761
418279.5267573537	4568777.7465476152
418278.6326499806	4568777.2986949552
418277.7385426074	4568776.8508422952
418276.8444352343	4568776.4029896343
418275.9503278611	4568775.9551369743
418275.0562204880	4568775.5072843144
418274.1621131149	4568775.0594316535
418273.2680057417	4568774.6115789935
418272.3738983686	4568774.1637263335
418271.4797909955	4568773.7158736736
418270.5856836224	4568773.2680210127
418269.6915762492	4568772.8201683527
418268.7905274977	4568772.3872541729
418267.8716620686	4568771.9926831108
418266.9527966393	4568771.5981120486
418266.0339312101	4568771.2035409864
418265.1150657808	4568770.8089699242
418264.1962003516	4568770.4143988620
418263.2773349224	4568770.0198278008
418262.3584694932	4568769.6252567386
418261.4396040640	4568769.2306856764
418260.5207386347	4568768.8361146143
418259.6018732055	4568768.4415435521
418258.6830077762	4568768.0469724908
418257.7641423471	4568767.6524014287
418256.8452769178	4568767.2578303665
418255.9264114886	4568766.8632593043
418255.0146516600	4568766.4531034362
418254.1141827391	4568766.0181830730
418253.2137138181	4568765.5832627090
418252.3132448971	4568765.1483423458
418251.4127759762	4568764.7134219827
418250.5123070553	4568764.2785016196
418249.6118381343	4568763.8435812565
418248.7113692133	4568763.4086608933
418247.8109002924	4568762.9737405293
418246.9007230678	4568762.5623440752
418245.9556120552	4568762.2355946703
418245.0105010426	4568761.9088452645
418244.0653900299	4568761.5820958596
418243.1202790173	4568761.2553464547
418242.1751680047	4568760.9285970498
418241.2300569921	4568760.6018476440
418240.2849459794	4568760.2750982391
418239.3398349668	4568759.9483488342
418238.3681788086	4568759.7401985861
418237.3739539921	4568759.6328812335
418236.3797291755	4568759.5255638817
418235.3855043589	4568759.4182465291
418234.3912795424	4568759.3109291764
418233.3970547258	4568759.2036118237
418232.4028299093	4568759.0962944720
418231.4090546055	4568758.9848922966
418230.4152846567	4568758.8734414615
418229.4215147078	4568758.7619906254
418228.4277447589	4568758.6505397903
418227.4339748101	4568758.5390889551
418226.4402048612	4568758.4276381191
418225.4414308534	4568758.3808812778
418224.4423427466	4568758.3381852042
418223.4432546397	4568758.2954891315
418222.4441665327	4568758.2527930588
418221.4450784258	4568758.2100969851
418220.4459903189	4568758.1674009124
418219.4489078927	4568758.1813981719
418218.4553347455	4568758.2945900504
418217.4617615983	4568758.4077819278
418216.4681884512	4568758.5209738063
418215.4746153040	4568758.6341656838
418214.4755817780	4568758.6220914014
418213.4759278586	4568758.5957847191
418212.4762739393	4568758.5694780368
418211.4766200199	4568758.5431713546
418210.4769661006	4568758.5168646732
418209.4773121812	4568758.4905579910
418208.4774964854	4568758.4801722616
418207.4775144131	4568758.4861601787
418206.4775323408	4568758.4921480948
418205.4775502685	4568758.4981360119
418204.4775681963	4568758.5041239280
418203.4775861241	4568758.5101118442
418202.4776040518	4568758.5160997612
418201.4776219795	4568758.5220876774
418200.4776399072	4568758.5280755935
418199.4780062216	4568758.5244796099
418198.4810981995	4568758.4459022880
418197.4841901774	4568758.3673249660
418196.4872821553	4568758.2887476441
418195.4903741332	4568758.2101703221
418194.4934661111	4568758.1315930011
418193.4965580890	4568758.0530156791
418192.4996500669	4568757.9744383572
418191.5027420448	4568757.8958610352
418190.5058340227	4568757.8172837133
418189.5181478628	4568757.6630123528
418188.5315344514	4568757.4999357555
418187.5449210400	4568757.3368591582
418186.5583076286	4568757.1737825619
418185.5716942172	4568757.0107059646
418184.5850808058	4568756.8476293683
418183.5984673944	4568756.6845527710
418182.6118539830	4568756.5214761738
418181.6252405716	4568756.3583995774
418180.6386271602	4568756.1953229802
418179.6520137489	4568756.0322463838
418178.6654003375	4568755.8691697866
418177.6787869261	4568755.7060931902
418176.6921735147	4568755.5430165930
418175.7055601033	4568755.3799399957
418174.7189466919	4568755.2168633994
418173.7323332805	4568755.0537868021
418172.7457198691	4568754.8907102058
418171.7576473690	4568754.7402445357
418170.7598622112	4568754.6737255249
418169.7620770533	4568754.6072065141
418168.7642918955	4568754.5406875042
418167.7665067376	4568754.4741684934
418166.7687215797	4568754.4076494826
418165.7709364218	4568754.3411304727
418164.7731512640	4568754.2746114619
418163.7753661062	4568754.2080924511
418162.7775809483	4568754.1415734412
418161.7779180976	4568754.1185280839
418160.7781133438	4568754.0987681672
418159.7783085901	4568754.0790082514
418158.7785038363	4568754.0592483357
418157.7786990825	4568754.0394884199
418156.7788943287	4568754.0197285041
418155.7790895748	4568753.9999685884
418154.7792848210	4568753.9802086726
418153.7794800672	4568753.9604487559
418152.7796753135	4568753.9406888401
418151.7818416530	4568753.9657306336
418150.7876353048	4568754.0732189445
418149.7934289564	4568754.1807072563
418148.7992226082	4568754.2881955672
418147.8050162599	4568754.3956838781
418146.8108099117	4568754.5031721899
418145.8166035633	4568754.6106605008
418144.8223972151	4568754.7181488117
418143.8281908668	4568754.8256371235
418142.8326943123	4568754.9169915440
418141.8340408876	4568754.9688696442
418140.8353874628	4568755.0207477445
418139.8367340380	4568755.0726258447
418138.8380806133	4568755.1245039441
418137.8394271886	4568755.1763820443
418136.8407737639	4568755.2282601446
418135.8421203391	4568755.2801382449
418134.8434669144	4568755.3320163442
418133.8448134896	4568755.3838944444
418132.8461600649	4568755.4357725447
418131.8475066402	4568755.4876506450
418130.8496408683	4568755.4761916604
418129.8525863828	4568755.3994951621
418128.8555318972	4568755.3227986628
418127.8584774118	4568755.2461021645
418126.8614229263	4568755.1694056652
418125.8643684407	4568755.0927091669
418124.8673139552	4568755.0160126677
418123.8702594697	4568754.9393161684
418122.8744068395	4568754.8492775196
418121.8796966139	4568754.7465566983
418120.8849863883	4568754.6438358771
418119.8902761628	4568754.5411150558
418118.8955659372	4568754.4383942336
418117.9008557116	4568754.3356734123
418116.9078820484	4568754.2175075579
418115.9151969071	4568754.0967755811
418114.9225117658	4568753.9760436043
418113.9298266244	4568753.8553116275
418112.9371414831	4568753.7345796507
418111.9444563418	4568753.6138476748
418110.9517712004	4568753.4931156980
418109.9590860591	4568753.3723837212
418108.9630328511	4568753.2971866177
418107.9633876051	4568753.2705523893
418106.9637423591	4568753.2439181609
418105.9640971131	4568753.2172839325
418104.9644518671	4568753.1906497041
418103.9648066211	4568753.1640154757
418102.9651613751	4568753.1373812472
418101.9655161291	4568753.1107470188
418100.9658708830	4568753.0841127904
418099.9680779085	4568753.0307790758
418098.9743310964	4568752.9191221306
418097.9805842843	4568752.8074651854
418096.9868374722	4568752.6958082402
418095.9930906601	4568752.5841512950
418094.9993438480	4568752.4724943498
418094.0055970359	4568752.3608374046
418093.0118502238	4568752.2491804594
418092.0181034116	4568752.1375235133
418091.0243565995	4568752.0258665681
418090.0306097874	4568751.9142096229
418089.0368629753	4568751.8025526777
418088.0431161632	4568751.6908957325
418087.0493693511	4568751.5792387873
418086.0553243455	4568751.4702902110
418085.0610891807	4568751.3630687715
418084.0668540158	4568751.2558473321
418083.0726188511	4568751.1486258926
418082.0783836862	4568751.0414044531
418081.0841485214	4568750.9341830136
418080.0899133566	4568750.8269615751
418079.0956781918	4568750.7197401356
418078.1014430270	4568750.6125186961
418077.1072078622	4568750.5052972566
418076.1129726974	4568750.3980758172
418075.1187375325	4568750.2908543777
418074.1245023678	4568750.1836329391
418073.1302672029	4568750.0764114996
418072.1360320381	4568749.9691900602
418071.1417968733	4568749.8619686207
418070.1609253265	4568749.6691515902
418069.1813226259	4568749.4682074459
418068.2017199252	4568749.2672633026
418067.2221172246	4568749.0663191592
418066.2425145239	4568748.8653750150
418065.2629118233	4568748.6644308716
418064.2833091227	4568748.4634867283
418063.3037064220	4568748.2625425840
418062.3241037214	4568748.0615984406
418061.3445010207	4568747.8606542964
418060.3648983201	4568747.6597101530
418059.3852956195	4568747.4587660097
418058.3981382546	4568747.3012821600
418057.4081887609	4568747.1598608037
418056.4182392672	4568747.0184394475
418055.4282897735	4568746.8770180913
418054.4383402799	4568746.7355967350
418053.4483907863	4568746.5941753788
418052.4584412926	4568746.4527540226
418051.4684917989	4568746.3113326663
418050.4785423053	4568746.1699113101
418049.4885928116	4568746.0284899538
418048.4986433179	4568745.8870685976
418047.5086938243	4568745.7456472414
418046.5187443306	4568745.6042258851
418045.5287948370	4568745.4628045289
418044.5388453433	4568745.3213831726
418043.5488958496	4568745.1799618164
418042.5589463560	4568745.0385404602
418041.5689968623	4568744.8971191039
418040.5783564033	4568744.7608138546
418039.5863584915	4568744.6345595745
418038.5943605798	4568744.5083052954
418037.6023626681	4568744.3820510162
418036.6103647563	4568744.2557967370
418035.6183668445	4568744.1295424569
418034.6263689327	4568744.0032881778
418033.6343710210	4568743.8770338986
418032.6423731093	4568743.7507796185
418031.6529897170	4568743.6056641210
418030.6640533642	4568743.4573236676
418029.6751170114	4568743.3089832142
418028.6861806585	4568743.1606427608
418027.6972443057	4568743.0123023083
418026.7083079529	4568742.8639618549
418025.7193716001	4568742.7156214016
418024.7304352473	4568742.5672809482
418023.7414988944	4568742.4189404948
418022.7570412577	4568742.2447932186
418021.7759514656	4568742.0512400735
418020.7948616736	4568741.8576869285
418019.8137718815	4568741.6641337834
418018.8326820896	4568741.4705806384
418017.8515922975	4568741.2770274933
418016.8705025055	4568741.0834743474
418015.8832264545	4568740.9601784255
418014.8834094724	4568740.9793096147
418013.8835924904	4568740.9984408030
418012.8837755083	4568741.0175719913
418011.8839585262	4568741.0367031805
418010.8841415441	4568741.0558343688
418009.8843245621	4568741.0749655571
418008.8845075800	4568741.0940967463
418007.8846905980	4568741.1132279346
418006.8857917267	4568741.1417501532
418005.9012008616	4568741.3166239038
418004.9166099967	4568741.4914976535
418003.9320191317	4568741.6663714042
418002.9474282667	4568741.8412451549
418001.9628374017	4568742.0161189055
418000.9782465368	4568742.1909926562
417999.9950639563	4568742.3715925356
417999.0416776332	4568742.6733449493
417998.0882913100	4568742.9750973620
417997.1349049868	4568743.2768497756
417996.1815186637	4568743.5786021883
417995.2281323405	4568743.8803546019
417994.2747460173	4568744.1821070146
417993.3051178227	4568744.4264602093
417992.3349753226	4568744.6689958349
417991.3648328225	4568744.9115314595
417990.3946903224	4568745.1540670851
417989.4245478222	4568745.3966027098
417988.4544053221	4568745.6391383354
417987.4842628219	4568745.8816739600
417986.5141203218	4568746.1242095856
417985.5439778217	4568746.3667452103
417984.5738353216	4568746.6092808349
417983.6036928214	4568746.8518164605
417982.6335503213	4568747.0943520851
417981.6491925337	4568747.2703026803
417980.6645859462	4568747.4450878855
417979.6799793588	4568747.6198730906
417978.6953727713	4568747.7946582949
417977.7107661838	4568747.9694435000
417976.7261595963	4568748.1442287052
417975.7415530089	4568748.3190139104
417974.7569464214	4568748.4937991155
417973.7679629645	4568748.6374564106
417972.7733348979	4568748.7409697389
417971.7787068313	4568748.8444830673
417970.7840787647	4568748.9479963956
417969.7894506981	4568749.0515097240
417968.7948226315	4568749.1550230524
417967.8001945649	4568749.2585363807
417966.8055664983	4568749.3620497091
417965.8109384317	4568749.4655630374
417964.8163103651	4568749.5690763658
417963.8216822985	4568749.6725896941
417962.8270542319	4568749.7761030225
417961.8324261653	4568749.8796163509
417960.8494952311	4568750.0628040452
417959.8670856714	4568750.2495430522
417958.8846761116	4568750.4362820592
417957.9022665518	4568750.6230210671
417956.9198569920	4568750.8097600741
417955.9374474322	4568750.9964990811
417954.9546608034	4568751.1808653409
417953.9627595897	4568751.3078770814
417952.9708583760	4568751.4348888220
417951.9789571623	4568751.5619005635
417950.9870559487	4568751.6889123041
417949.9951547350	4568751.8159240447
417949.0032535213	4568751.9429357853
417948.0113523076	4568752.0699475259
417947.0194510939	4568752.1969592674
417946.0275498803	4568752.3239710080
417945.0357113531	4568752.4514710344
417944.0438933308	4568752.5791307800
417943.0520753084	4568752.7067905245
417942.0602572861	4568752.8344502700
417941.0684392638	4568752.9621100156
417940.0764862581	4568753.0885473005
417939.0807096404	4568753.1803564923
417938.0849330228	4568753.2721656840
417937.0891564051	4568753.3639748758
417936.0933797874	4568753.4557840675
417935.0976031697	4568753.5475932583
417934.1018265520	4568753.6394024501
417933.1060499343	4568753.7312116418
417932.1102600989	4568753.8228760567
417931.1143209005	4568753.9129044581
417930.1183817022	4568754.0029328605
417929.1224425038	4568754.0929612620
417928.1265033055	4568754.1829896644
417927.1305641071	4568754.2730180668
417926.1346249088	4568754.3630464682
417925.1386857104	4568754.4530748706
417924.1427465120	4568754.5431032721
417923.1468073137	4568754.6331316745
417922.1510916160	4568754.7253599837
417921.1573957647	4568754.8374695517
417920.1636999135	4568754.9495791197
417919.1700040623	4568755.0616886877
417918.1763082110	4568755.1737982556
417917.1826123598	4568755.2859078236
417916.1877517663	4568755.3855917864
417915.1905317568	4568755.4601052264
417914.1933117474	4568755.5346186655
417913.1960917379	4568755.6091321055
417912.1988717284	4568755.6836455455
417911.2016517190	4568755.7581589855
417910.2044317095	4568755.8326724255
417909.2069464717	4568755.9029805483
417908.2082666536	4568755.9543480584
417907.2095868356	4568756.0057155676
417906.2109070175	4568756.0570830777
417905.2122271995	4568756.1084505878
417904.2135473815	4568756.1598180970
417903.2148675635	4568756.2111856071
417902.2161877454	4568756.2625531163
417901.2175079274	4568756.3139206264
417900.2188281094	4568756.3652881365
417899.2201482913	4568756.4166556457
417898.2229494545	4568756.3739958527
417897.2263827490	4568756.2912021242
417896.2298160435	4568756.2084083958
417895.2332493380	4568756.1256146673
417894.2366826324	4568756.0428209398
417893.2401159269	4568755.9600272113
417892.2435492214	4568755.8772334829
417891.2469825159	4568755.7944397544
417890.2504158104	4568755.7116460260
417889.2538491048	4568755.6288522976
417888.2572823993	4568755.5460585700
417887.2700162677	4568755.4023351669
417886.2941322856	4568755.1840453297
417885.3182483035	4568754.9657554915
417884.3423643214	4568754.7474656533
417883.3664803392	4568754.5291758152
417882.3905963571	4568754.3108859770
417881.4147123749	4568754.0925961388
417880.4388283929	4568753.8743063007
417879.4629444107	4568753.6560164625
417878.4781458898	4568753.4851943720
417877.4895575142	4568753.3345523337
417876.5009691386	4568753.1839102954
417875.5123807630	4568753.0332682570
417874.5237923875	4568752.8826262187
417873.5352040119	4568752.7319841804
417872.5460198315	4568752.5853252253
417871.5566223011	4568752.4400925608
417870.5672247708	4568752.2948598964
417869.5778272404	4568752.1496272311
417868.5884297101	4568752.0043945666
417867.5990321797	4568751.8591619013
417866.6038414929	4568751.7883611247
417865.6038875915	4568751.7787592895
417864.6039336903	4568751.7691574553
417863.6039797889	4568751.7595556201
417862.6040258876	4568751.7499537850
417861.6040719862	4568751.7403519507
417860.6041180850	4568751.7307501156
417859.6041641836	4568751.7211482804
417858.6042102823	4568751.7115464462
417857.6042563810	4568751.7019446110
417856.6043024797	4568751.6923427759
417855.6056819432	4568751.6474331301
417854.6078519162	4568751.5815906124
417853.6100218891	4568751.5157480948
417852.6121918621	4568751.4499055771
417851.6143618350	4568751.3840630595
417850.6165318080	4568751.3182205418
417849.6187017810	4568751.2523780242
417848.6208717539	4568751.1865355065
417847.6230417269	4568751.1206929889
417846.6290722806	4568751.0111760991
417845.6351646700	4568750.9009596677
417844.6412570594	4568750.7907432374
417843.6473494488	4568750.6805268070
417842.6534418382	4568750.5703103757
417841.6595342277	4568750.4600939453
417840.6656266171	4568750.3498775149
417839.6717190065	4568750.2396610836
417838.6801133916	4568750.1111928327
417837.6899648581	4568749.9711718280
417836.6998163247	4568749.8311508233
417835.7096677913	4568749.6911298186
417834.7195192578	4568749.5511088148
417833.7293707244	4568749.4110878101
417832.7392221909	4568749.2710668053
417831.7490736575	4568749.1310458006
417830.7648417611	4568748.9543125900
417829.7808364093	4568748.7761736903
417828.7968310575	4568748.5980347898
417827.8128257058	4568748.4198958902
417826.8288203541	4568748.2417569896
417825.8448150023	4568748.0636180900
417824.8608096506	4568747.8854791895
417823.8768042989	4568747.7073402889
417822.8927989471	4568747.5292013893
417821.9094922228	4568747.3472480970
417820.9262266309	4568747.1650702283
417819.9429610390	4568746.9828923596
417818.9596954471	4568746.8007144919
417817.9764298551	4568746.6185366232
417816.9921624197	4568746.4427263308
417816.0004599130	4568746.3141723024
417815.0087574063	4568746.1856182730
417814.0170548997	4568746.0570642445
417813.0253523931	4568745.9285102161
417812.0336498864	4568745.7999561867
417811.0419574705	4568745.6713329162
417810.0548118755	4568745.5115093431
417809.0676662806	4568745.3516857708
417808.0805206856	4568745.1918621985
417807.0933750906	4568745.0320386253
417806.1062294956	4568744.8722150531
417805.1194660184	4568744.7104616687
417804.1459015153	4568744.4820494140
417803.1723370122	4568744.2536371583
417802.1987725091	4568744.0252249036
417801.2252080060	4568743.7968126480
417800.2516435029	4568743.5684003932
417799.2780789998	4568743.3399881376
417798.3045144967	4568743.1115758829
417797.3309499936	4568742.8831636272
417796.3573854905	4568742.6547513725
417795.3838209874	4568742.4263391169
417794.4102564843	4568742.1979268622
417793.4342534928	4568741.9817983592
417792.4472638510	4568741.8210145077
417791.4602742092	4568741.6602306562
417790.4732845674	4568741.4994468046
417789.4862949255	4568741.3386629531
417788.4993052837	4568741.1778791016
417787.5123156419	4568741.0170952501
417786.5253260000	4568740.8563113986
417785.5383363582	4568740.6955275470
417784.5513467164	4568740.5347436946
417783.5550287098	4568740.4597138818
417782.5565531703	4568740.4045178955
417781.5580776307	4568740.3493219092
417780.5596020912	4568740.2941259230
417779.5611265516	4568740.2389299367
417778.5626510121	4568740.1837339504
417777.5641754725	4568740.1285379641
417776.5656999329	4568740.0733419769
417775.5674642936	4568740.0150729669
417774.5725194977	4568739.9146495983
417773.5775747018	4568739.8142262287
417772.5826299059	4568739.7138028601
417771.5876851100	4568739.6133794906
417770.5927403140	4568739.5129561210
417769.5977955181	4568739.4125327524
417768.6028507222	4568739.3121093828
417767.6079059263	4568739.2116860142
417766.6129611304	4568739.1112626446
417765.6153442845	4568739.0431955522
417764.6174042285	4568738.9790422628
417763.6194641724	4568738.9148889733
417762.6215241163	4568738.8507356839
417761.6235840603	4568738.7865823945
417760.6256440042	4568738.7224291051
417759.6277039482	4568738.6582758157
417758.6297583653	4568738.5942135584
417757.6313870308	4568738.5371637680
417756.6330156964	4568738.4801139776
417755.6346443620	4568738.4230641862
417754.6362730276	4568738.3660143958
417753.6379016932	4568738.3089646054
417752.6399521352	4568738.2467531795
417751.6455632220	4568738.1409671251
417750.6511743088	4568738.0351810707
417749.6567853955	4568737.9293950163
417748.6623964824	4568737.8236089619
417747.6680075692	4568737.7178229075
417746.6692522162	4568737.6834632959
417745.6693822637	4568737.6673363615
417744.6695123111	4568737.6512094270
417743.6696423586	4568737.6350824926
417742.6697724061	4568737.6189555582
417741.6699024535	4568737.6028286228
417740.6700325010	4568737.5867016884
417739.6746799528	4568737.4964073738
417738.6802439764	4568737.3910646522
417737.6858080002	4568737.2857219307
417736.6913720239	4568737.1803792082
417735.6969360476	4568737.0750364866
417734.7025000713	4568736.9696937650
417733.7080640950	4568736.8643510425
417732.7136281187	4568736.7590083210
417731.7191921424	4568736.6536655994
417730.7214676913	4568736.6393050915
417729.7220214756	4568736.6725806361
417728.7225752599	4568736.7058561807
417727.7231290442	4568736.7391317263
417726.7236828285	4568736.7724072710
417725.7242366128	4568736.8056828156
417724.7247903971	4568736.8389583612
417723.7253441813	4568736.8722339058
417722.7258979656	4568736.9055094505
417721.7264517499	4568736.9387849960
417720.7270055342	4568736.9720605407
417719.7275593184	4568737.0053360853
417718.7281131028	4568737.0386116309
417717.7286668871	4568737.0718871756
417716.7290946522	4568737.0559377735
417715.7294911629	4568737.0277799284
417714.7298876737	4568736.9996220833
417713.7302841844	4568736.9714642391
417712.7448027169	4568737.1186453085
417711.7625908018	4568737.3064211160
417710.7803788866	4568737.4941969234
417709.7981669715	4568737.6819727300
417708.8167846406	4568737.8740329975
417707.8354708910	4568738.0664474582
417706.8541024276	4568738.2585145636
417705.8611556345	4568738.3770753741
417704.8682088413	4568738.4956361856
417703.8752620482	4568738.6141969971
417702.8816819418	4568738.7267339947
417701.8857887353	4568738.8172697406
417700.9025278858	4568738.9746136172
417699.9423325892	4568739.2539431583
417698.9821372926	4568739.5332726985
417698.0165752192	4568739.7698180452
417697.0171370529	4568739.7363016037
417696.0176988867	4568739.7027851613
417695.0188552281	4568739.6584992940
417694.0218007426	4568739.5818027956
417693.0249960629	4568739.5020930674
417692.0289234222	4568739.4135532770
417691.0328507815	4568739.3250134867
417690.0367781409	4568739.2364736963
417689.0407055002	4568739.1479339059
417688.0446328596	4568739.0593941147
417687.0485602189	4568738.9708543243
417686.0515030814	4568738.8969382551
417685.0525510343	4568738.8511691866
417684.0535989873	4568738.8054001173
417683.0546469402	4568738.7596310489
417682.0556948931	4568738.7138619795
417681.0567428461	4568738.6680929111
417680.0573017158	4568738.6364870062
417679.0575720226	4568738.6132374778
417678.0578423295	4568738.5899879504
417677.0581126362	4568738.5667384220
417676.0583829431	4568738.5434888946
417675.0613275973	4568738.4709505066
417674.0649514676	4568738.3858940070
417673.0685753378	4568738.3008375084
417672.0721992080	4568738.2157810088
417671.0752812028	4568738.1399171930
417670.0758124427	4568738.1073258203
417669.0763436825	4568738.0747344475
417668.0768749224	4568738.0421430757
417667.0774061623	4568738.0095517030
417666.0779723188	4568737.9765010225
417665.0850624320	4568737.8576315297
417664.0921525450	4568737.7387620360
417663.0992426581	4568737.6198925423
417662.1063327712	4568737.5010230485
417661.1134228843	4568737.3821535558
417660.1205129974	4568737.2632840620
417659.1276031105	4568737.1444145683
417658.1346932236	4568737.0255450746
417657.1459146713	4568736.8762440355
417656.1572507718	4568736.7260984601
417655.1685868724	4568736.5759528838
417654.1799229729	4568736.4258073084
417653.1912590735	4568736.2756617330
417652.2025951740	4568736.1255161576
417651.2139312745	4568735.9753705813
417650.2252673750	4568735.8252250059
417649.2311915828	4568735.7215832956
417648.2344696786	4568735.6406793660
417647.2377477745	4568735.5597754363
417646.2410258704	4568735.4788715066
417645.2443039663	4568735.3979675770
417644.2664715825	4568735.1908312943
417643.2897272394	4568734.9764239984
417642.3058021926	4568734.8009433281
417641.3168449466	4568734.6527422294
417640.3319645907	4568734.4825992379
417639.3557775305	4568734.2656687805
417638.3795904704	4568734.0487383222
417637.4034034102	4568733.8318078648
417636.4272163500	4568733.6148774065
417635.4510292899	4568733.3979469491
417634.4748422297	4568733.1810164908
417633.4996764013	4568732.9596686605
417632.5273296739	4568732.7261267118
417631.5549829465	4568732.4925847631
417630.5826362191	4568732.2590428144
417629.6102894917	4568732.0255008657
417628.6379427644	4568731.7919589179
417627.6655960370	4568731.5584169691
417626.6967259430	4568731.3109340407
417625.7285790315	4568731.0605512187
417624.7604321200	4568730.8101683967
417623.7819936625	4568730.6116246898
417622.7916226934	4568730.4731857367
417621.8012517243	4568730.3347467845
417620.8108807552	4568730.1963078314
417619.8205097862	4568730.0578688793
417618.8296922756	4568729.9683342073
417617.8369584936	4568730.0886655748
417616.8428334938	4568730.1455561919
417615.8457790083	4568730.0688596927
417614.8487245228	4568729.9921631943
417613.8595412580	4568729.8618609859
417612.8825254966	4568729.6486939108
417611.9055097351	4568729.4355268357
417610.9330250973	4568729.2048962144
417609.9756180911	4568728.9161544191
417609.0182110849	4568728.6274126237
417608.0608040787	4568728.3386708274
417607.1023689172	4568728.0533801271
417606.1430411696	4568727.7710854718
417605.1837134221	4568727.4887908157
417604.2243769104	4568727.2065264573
417603.2624888809	4568726.9330828283
417602.3006008513	4568726.6596391983
417601.3387128217	4568726.3861955684
417600.3643863465	4568726.1702355463
417599.3754994645	4568726.0215656618
417598.3866125826	4568725.8728957772
417597.3977257007	4568725.7242258918
417596.4115976320	4568725.5613442147
417595.4389090298	4568725.3292302703
417594.4662204276	4568725.0971163260
417593.4935318253	4568724.8650023825
417592.5208432232	4568724.6328884382
417591.5481546209	4568724.4007744938
417590.5754660187	4568724.1686605494
417589.6449626362	4568723.8033328000
417588.7159696517	4568723.4332354683
417587.7869766671	4568723.0631381376
417586.8355332971	4568722.7706082873
417585.8524776942	4568722.5873006722
417584.8694220914	4568722.4039930571
417583.8863664886	4568722.2206854420
417582.8984603911	4568722.0671581281
417581.9080453474	4568721.9290348450
417580.9176303037	4568721.7909115627
417579.9272152600	4568721.6527882805
417578.9368002162	4568721.5146649983
417577.9533144209	4568721.3363058697
417576.9737515159	4568721.1351678194
417575.9941886110	4568720.9340297701
417575.0146257060	4568720.7328917198
417574.0350628010	4568720.5317536695
417573.0554998960	4568720.3306156192
417572.1270911582	4568719.9609070076
417571.2009452631	4568719.5837415522
417570.2747993680	4568719.2065760968
417569.3486534729	4568718.8294106405
417568.4225075778	4568718.4522451852
417567.4892382328	4568718.0957071241
417566.5277142851	4568717.8209859962
417565.5661903373	4568717.5462648682
417564.6046663896	4568717.2715437412
417563.6431424418	4568716.9968226133
417562.6682097699	4568716.7774096513
417561.6876290943	4568716.5812935159
417560.7070484187	4568716.3851773804
417559.7264677431	4568716.1890612449
417558.7460828657	4568715.9919722741
417557.7659822592	4568715.7934708856
417556.7858816528	4568715.5949694971
417555.8057810464	4568715.3964681085
417554.8256804400	4568715.1979667190
417553.8403697632	4568715.0275183236
417552.8543537493	4568714.8608677303
417551.8683377354	4568714.6942171361
417550.8823217216	4568714.5275665419
417549.9189601411	4568714.2630616343
417548.9600258852	4568713.9794331919
417548.0010916294	4568713.6958047505
417547.0421573735	4568713.4121763092
417546.0819420315	4568713.1329334294
417545.1211184403	4568712.8557727775
417544.1602948492	4568712.5786121264
417543.1994712579	4568712.3014514754
417542.2386476667	4568712.0242908243
417541.2778240756	4568711.7471301723
417540.3218891251	4568711.4538746886
417539.3692299139	4568711.1498345146
417538.4165707027	4568710.8457943415
417537.4803537283	4568710.4950965885
417536.5475555940	4568710.1346973088
417535.6092335673	4568709.7909990959
417534.6455035454	4568709.5241200132
417533.6817735235	4568709.2572409296
417532.7180435016	4568708.9903618470
417531.7487102060	4568708.7463836968
417530.7706307716	4568708.5381515669
417529.7925513373	4568708.3299194360
417528.8144719030	4568708.1216873061
417527.8363924686	4568707.9134551752
417526.8607318706	4568707.6946930159
417525.8898271089	4568707.4552270612
417524.9189223472	4568707.2157611055
417523.9480175854	4568706.9762951508
417522.9723120685	4568706.7605373589
417521.9847317622	4568706.6034223102
417520.9971514559	4568706.4463072615
417520.0095711495	4568706.2891922127
417519.0219908432	4568706.1320771640
417518.0344105368	4568705.9749621153
417517.0468302305	4568705.8178470666
417516.0592499242	4568705.6607320178
417515.0780838995	4568705.4684935827
417514.0987172603	4568705.2664020536
417513.1193506211	4568705.0643105246
417512.1399839819	4568704.8622189956
417511.1606173427	4568704.6601274665
417510.1812507035	4568704.4580359375
417509.2018840644	4568704.2559444085
417508.2324684904	4568704.0133733060
417507.2710287129	4568703.7383577535
417506.3095889354	4568703.4633422010
417505.3481491579	4568703.1883266484
417504.3867093803	4568702.9133110959
417503.4252696028	4568702.6382955424
417502.4638298253	4568702.3632799899
417501.5023900478	4568702.0882644374
417500.5409502703	4568701.8132488849
417499.5795104928	4568701.5382333323
417498.6180707152	4568701.2632177798
417497.6566309377	4568700.9882022273
417496.7070775974	4568700.6748164520
417495.7585394456	4568700.3581535798
417494.8100012938	4568700.0414907075
417493.8614631420	4568699.7248278353
417492.9129249902	4568699.4081649631
417491.9643868384	4568699.0915020918
417491.0158486866	4568698.7748392196
417490.0673105348	4568698.4581763474
417489.1187723830	4568698.1415134752
417488.1702109719	4568697.8249203274
417487.2215276739	4568697.5086925616
417486.2728443759	4568697.1924647950
417485.3241610778	4568696.8762370292
417484.3754777798	4568696.5600092635
417483.4267944818	4568696.2437814968
417482.4781111837	4568695.9275537310
417481.5294278857	4568695.6113259653
417480.5604022228	4568695.3695755554
417479.5826876737	4568695.1596368486
417478.6049731247	4568694.9496981418
417477.6272585756	4568694.7397594349
417476.6495440266	4568694.5298207281
417475.6718294776	4568694.3198820213
417474.6941149285	4568694.1099433145
417473.7164003795	4568693.9000046086
417472.7386858304	4568693.6900659017
417471.7657752362	4568693.4606083669
417470.8023071745	4568693.1927851150
417469.8388391129	4568692.9249618631
417468.8753710512	4568692.6571386112
417467.9119029896	4568692.3893153593
417466.9484349279	4568692.1214921074
417465.9849668663	4568691.8536688555
417465.0214988047	4568691.5858456036
417464.0580307431	4568691.3180223526
417463.0945626814	4568691.0501991007
417462.1310946198	4568690.7823758489
417461.1676265581	4568690.5145525970
417460.2041584965	4568690.2467293451
417459.2406904349	4568689.9789060932
417458.2772223733	4568689.7110828413
417457.3137543116	4568689.4432595894
417456.3480302206	4568689.1843914799
417455.3726697589	4568688.9637742331
417454.3973092972	4568688.7431569854
417453.4219488355	4568688.5225397386
417452.4465883738	4568688.3019224908
417451.4712279121	4568688.0813052440
417450.4958674505	4568687.8606879963
417449.5205069888	4568687.6400707494
417448.5451465270	4568687.4194535026
417447.5697860653	4568687.1988362549
417446.5972050556	4568686.9665620532
417445.6272344310	4568686.7233399581
417444.6572638064	4568686.4801178630
417443.6872931818	4568686.2368957689
417442.7173225572	4568685.9936736738
417441.7473519325	4568685.7504515788
417440.7773813079	4568685.5072294846
417439.8074106833	4568685.2640073895
417438.8374400587	4568685.0207852945
417437.8674694341	4568684.7775632003
417436.8974988095	4568684.5343411053
417435.9275281849	4568684.2911190102
417434.9433063010	4568684.1221152358
417433.9522350595	4568683.9887818405
417432.9611638182	4568683.8554484444
417431.9700925767	4568683.7221150491
417430.9790213353	4568683.5887816530
417429.9879500939	4568683.4554482568
417428.9968788525	4568683.3221148616
417428.0058076111	4568683.1887814654
417427.0147363696	4568683.0554480702
417426.0236651282	4568682.9221146740
417425.0325938868	4568682.7887812788
417424.0415226454	4568682.6554478826
417423.0473438728	4568682.5505446065
417422.0508708318	4568682.4666310875
417421.0543977910	4568682.3827175684
417420.0579247500	4568682.2988040494
417419.0614517090	4568682.2148905294
417418.0649786681	4568682.1309770104
417417.0685056272	4568682.0470634913
417416.0720325863	4568681.9631499723
417415.0755595453	4568681.8792364532
417414.0790865044	4568681.7953229342
417413.0826134635	4568681.7114094151
417412.0839035439	4568681.6625417164
417411.0848481843	4568681.6190861240
417410.0857928247	4568681.5756305316
417409.0867374651	4568681.5321749393
417408.0876821056	4568681.4887193469
417407.0886267460	4568681.4452637536
417406.0895713864	4568681.4018081613
417405.0900609077	4568681.3743316075
417404.0901517594	4568681.3608521689
417403.0902426112	4568681.3473727303
417402.0903334630	4568681.3338932907
417401.0904243147	4568681.3204138521
417400.0905151665	4568681.3069344126
417399.0906060182	4568681.2934549740
417398.0906968700	4568681.2799755353
417397.0907877218	4568681.2664960958
417396.0908785736	4568681.2530166572
417395.0909217642	4568681.2439208571
417394.0909559132	4568681.2356566759
417393.0909900621	4568681.2273924956
417392.0910242110	4568681.2191283153
417391.0910583599	4568681.2108641351
417390.0910925088	4568681.2025999548
417389.0911405044	4568681.1935348697
417388.0914865850	4568681.1672281874
417387.0918326657	4568681.1409215061
417386.0921787463	4568681.1146148238
417385.0925248270	4568681.0883081416
417384.0928709076	4568681.0620014602
417383.0932169882	4568681.0356947780
417382.0935093835	4568681.0115697002
417381.0937715029	4568680.9886749396
417380.0940336223	4568680.9657801790
417379.0942957417	4568680.9428854175
417378.0945578611	4568680.9199906569
417377.0948199805	4568680.8970958963
417376.0950820999	4568680.8742011348
417375.0966599997	4568680.8298625955
417374.1016228094	4568680.7303588763
417373.1065856192	4568680.6308551580
417372.1115484290	4568680.5313514387
417371.1165112388	4568680.4318477195
417370.1214740486	4568680.3323440012
417369.1234086433	4568680.2834481793
417368.1236058951	4568680.2635870455
417367.1238031469	4568680.2437259108
417366.1240003986	4568680.2238647761
417365.1241976504	4568680.2040036414
417364.1243949022	4568680.1841425067
417363.1245921540	4568680.1642813720
417362.1254993849	4568680.1242733346
417361.1267787164	4568680.0737062870
417360.1280580479	4568680.0231392393
417359.1293373794	4568679.9725721916
417358.1306167109	4568679.9220051439
417357.1318960423	4568679.8714380963
417356.1331753739	4568679.8208710486
417355.1344547054	4568679.7703040009
417354.1359351769	4568679.7161932793
417353.1379070987	4568679.6534242183
417352.1398790205	4568679.5906551564
417351.1418509422	4568679.5278860955
417350.1438228640	4568679.4651170336
417349.1457947858	4568679.4023479726
417348.1477667075	4568679.3395789107
417347.1497386293	4568679.2768098498
417346.1517105511	4568679.2140407879
417345.1541903129	4568679.1443250654
417344.1576445546	4568679.0612795856
417343.1610987964	4568678.9782341057
417342.1645530381	4568678.8951886259
417341.1680072799	4568678.8121431451
417340.1714615217	4568678.7290976653
417339.1749157634	4568678.6460521854
417338.1783700052	4568678.5630067056
417337.1818242469	4568678.4799612258
417336.1852784887	4568678.3969157459
417335.1861601738	4568678.3585103657
417334.1866717810	4568678.3265267368
417333.1871833881	4568678.2945431089
417332.1876949952	4568678.2625594800
417331.1882066023	4568678.2305758512
417330.1887182094	4568678.1985922232
417329.1892298166	4568678.1666085944
417328.1897414237	4568678.1346249655
417327.1902530308	4568678.1026413376
417326.1907646379	4568678.0706577087
417325.1912762450	4568678.0386740798
417324.1917878521	4568678.0066904519
417323.1922994593	4568677.9747068230
417322.1928110664	4568677.9427231951
417321.1933492810	4568677.9099207837
417320.1938931048	4568677.8769457657
417319.1944369286	4568677.8439707477
417318.1949807524	4568677.8109957296
417317.1955245761	4568677.7780207107
417316.1960684000	4568677.7450456927
417315.1966122237	4568677.7120706746
417314.1971560475	4568677.6790956566
417313.1976998713	4568677.6461206386
417312.1982436951	4568677.6131456206
417311.1987875189	4568677.5801706025
417310.1993313427	4568677.5471955836
417309.1998751664	4568677.5142205656
417308.2004189902	4568677.4812455475
417307.2036045015	4568677.4021035582
417306.2069103637	4568677.3208582774
417305.2102162259	4568677.2396129956
417304.2135220882	4568677.1583677148
417303.2168279503	4568677.0771224331
417302.2201338126	4568676.9958771523
417301.2234396748	4568676.9146318706
417300.2265647207	4568676.8356768163
417299.2294696448	4568676.7595098307
417298.2323745688	4568676.6833428461
417297.2352794929	4568676.6071758606
417296.2381844170	4568676.5310088759
417295.2410893411	4568676.4548418904
417294.2439942652	4568676.3786749057
417293.2468991893	4568676.3025079211
417292.2507852208	4568676.2157028001
417291.2565781732	4568676.1082209572
417290.2623711257	4568676.0007391144
417289.2681640781	4568675.8932572706
417288.2739570305	4568675.7857754277
417287.2797499830	4568675.6782935848
417286.2855429354	4568675.5708117420
417285.2913358878	4568675.4633298991
417284.2971288403	4568675.3558480563
417283.3253925083	4568675.1205487112
417282.3541401119	4568674.8824966531
417281.3828877154	4568674.6444445951
417280.4116353189	4568674.4063925371
417279.4403829224	4568674.1683404790
417278.4672680515	4568673.9409303404
417277.4728973953	4568673.8349728119
417276.4785267390	4568673.7290152833
417275.4841560827	4568673.6230577538
417274.4897854264	4568673.5171002252
417273.4954147702	4568673.4111426966
417272.5010441139	4568673.3051851671
417271.5083462712	4568673.1871983409
417270.5227943725	4568673.0178246275
417269.5372424739	4568672.8484509131
417268.5516905752	4568672.6790771987
417267.5661386766	4568672.5097034844
417266.5794560144	4568672.3474032544
417265.5902179910	4568672.2010880699
417264.6009799677	4568672.0547728855
417263.6117419444	4568671.9084577011
417262.6225039210	4568671.7621425167
417261.6332658977	4568671.6158273323
417260.6440278744	4568671.4695121478
417259.6547898510	4568671.3231969634
417258.6566627529	4568671.2697115038
417257.6576345180	4568671.2256367290
417256.6586062830	4568671.1815619534
417255.6604447928	4568671.1285634525
417254.6716080190	4568670.9795606509
417253.6827712452	4568670.8305578493
417252.6939344715	4568670.6815550486
417251.7050976977	4568670.5325522469
417250.7059259592	4568670.5069581084
417249.7060798172	4568670.4894169476
417248.7062336753	4568670.4718757877
417247.7113470449	4568670.3809447391
417246.7182314436	4568670.2638063487
417245.7251158424	4568670.1466679592
417244.7320002411	4568670.0295295687
417243.7382787155	4568669.9180355370
417242.7429287020	4568669.8217113428
417241.7475786885	4568669.7253871476
417240.7522286749	4568669.6290629525
417239.7568786614	4568669.5327387573
417238.7642607686	4568669.4136009011
417237.7743127001	4568669.2721695695
417236.7843646317	4568669.1307382369
417235.7944165633	4568668.9893069044
417234.8044684948	4568668.8478755718
417233.8145204264	4568668.7064442392
417232.8245723580	4568668.5650129067
417231.8346242895	4568668.4235815741
417230.8376771086	4568668.3588658199
417229.8384793325	4568668.3188182954
417228.8392815564	4568668.2787707699
417227.8400837803	4568668.2387232454
417226.8408860042	4568668.1986757200
417225.8418503943	4568668.1548568225
417224.8429030323	4568668.1089856131
417223.8439556702	4568668.0631144047
417222.8450083081	4568668.0172431953
417221.8471086546	4568667.9544130685
417220.8501113826	4568667.8769763876
417219.8531141106	4568667.7995397057
417218.8561168387	4568667.7221030248
417217.8591195666	4568667.6446663430
417216.8621222946	4568667.5672296621
417215.8644108556	4568667.4998877179
417214.8664417728	4568667.4361875635
417213.8684726899	4568667.3724874090
417212.8705036071	4568667.3087872546
417211.8725345242	4568667.2450871002
417210.8754242563	4568667.1701672683
417209.8793865509	4568667.0812353306
417208.8833488455	4568666.9923033938
417207.8869928397	4568666.9072301583
417206.8898458178	4568666.8317462737
417205.8926987960	4568666.7562623899
417204.8955517741	4568666.6807785053
417203.8984047522	4568666.6052946206
417202.8998293798	4568666.5556098931
417201.9004439115	4568666.5205572788
417200.9010584431	4568666.4855046654
417199.9016729748	4568666.4504520521
417198.9029178929	4568666.4046568181
417197.9062917449	4568666.3225817243
417196.9096655969	4568666.2405066295
417195.9130394489	4568666.1584315347
417194.9164133009	4568666.0763564399
417193.9186162403	4568666.0466799354
417192.9193186246	4568666.0841535963
417191.9200210090	4568666.1216272572
417190.9207233932	4568666.1591009181
417189.9214257776	4568666.1965745790
417188.9253350314	4568666.1134665376
417187.9294418249	4568666.0229307907
417186.9335486185	4568665.9323950438
417185.9396698351	4568665.8260676833
417184.9529404165	4568665.6636944879
417183.9662109979	4568665.5013212925
417182.9794815793	4568665.3389480980
417181.9927521607	4568665.1765749026
417181.0029835997	4568665.0344566731
417180.0120515116	4568664.9000929995
417179.0211194235	4568664.7657293258
417178.0330495785	4568664.6134778149
417177.0496673981	4568664.4319303352
417176.0662852177	4568664.2503828565
417175.0829030373	4568664.0688353768
417174.0910988977	4568663.9488607133
417173.0950847417	4568663.8596654152
417172.0990705858	4568663.7704701182
417171.1030564298	4568663.6812748201
417170.1070422738	4568663.5920795230
417169.1110281179	4568663.5028842250
417168.1150139619	4568663.4136889279
417167.1192154850	4568663.3223258741
417166.1251524587	4568663.2135200845
417165.1310894325	4568663.1047142958
417164.1370264062	4568662.9959085062
417163.1429633799	4568662.8871027166
417162.1489003537	4568662.7782969270
417161.1548373275	4568662.6694911374
417160.1607743012	4568662.5606853478
417159.1667112749	4568662.4518795582
417158.1726482486	4568662.3430737695
417157.1785852224	4568662.2342679799
417156.1821478757	4568662.1506377878
417155.1852701391	4568662.0716771754
417154.1883924026	4568661.9927165620
417153.1915146660	4568661.9137559496
417152.1946369295	4568661.8347953372
417151.1977591929	4568661.7558347238
417150.2008814563	4568661.6768741114
417149.2038428891	4568661.6003537234
417148.2052250597	4568661.5477948906
417147.2066072304	4568661.4952360578
417146.2079894010	4568661.4426772250
417145.2093715717	4568661.3901183922
417144.2107537423	4568661.3375595594
417143.2121359130	4568661.2850007256
417142.2135180836	4568661.2324418928
417141.2145323954	4568661.1875628363
417140.2154629169	4568661.1444330653
417139.2163934384	4568661.1013032952
417138.2173239599	4568661.0581735242
417137.2182544814	4568661.0150437541
417136.2191850029	4568660.9719139831
417135.2201155243	4568660.9287842130
417134.2210460459	4568660.8856544420
417133.2260428845	4568660.7976483889
417132.2354930178	4568660.6604953296
417131.2449431510	4568660.5233422713
417130.2543932844	4568660.3861892121
417129.2743662002	4568660.1897382317
417128.2971067034	4568659.9776913598
417127.3198472065	4568659.7656444879
417126.3425877096	4568659.5535976160
417125.3653282128	4568659.3415507451
417124.3880687160	4568659.1295038732
417123.3976042102	4568659.0043362593
417122.4014743602	4568658.9164424492
417121.4053445102	4568658.8285486382
417120.4092146601	4568658.7406548280
417119.4193125293	4568658.6004297649
417118.4303761765	4568658.4520893125
417117.4414398235	4568658.3037488591
417116.4649475987	4568658.0979093602
417115.5031720181	4568657.8240704797
417114.5413964375	4568657.5502315992
417113.5796208569	4568657.2763927178
417112.6178452763	4568657.0025538374
417111.6560696957	4568656.7287149569
417110.6942941151	4568656.4548760764
417109.7325185346	4568656.1810371950
417108.7701388786	4568655.9095372874
417107.7960416784	4568655.6834075805
417106.8219444782	4568655.4572778735
417105.8478472780	4568655.2311481657
417104.8737500777	4568655.0050184587
417103.8996528775	4568654.7788887518
417102.9255556772	4568654.5527590439
417101.9401366854	4568654.3917242885
417100.9468926949	4568654.2756795753
417099.9536487044	4568654.1596348621
417098.9604047140	4568654.0435901489
417097.9671607235	4568653.9275454357
417096.9739167330	4568653.8115007235
417095.9920558693	4568653.6231904067
417095.0112339474	4568653.4282843843
417094.0304120255	4568653.2333783619
417093.0495901036	4568653.0384723404
417092.0687681816	4568652.8435663180
417091.0879462597	4568652.6486602956
417090.1071243378	4568652.4537542732
417089.1263024159	4568652.2588482518
417088.1454804940	4568652.0639422294
417087.1646585721	4568651.8690362070
417086.1838366501	4568651.6741301846
417085.1937376858	4568651.5445675850
417084.1974248709	4568651.4587726286
417083.2011120559	4568651.3729776712
417082.2047992409	4568651.2871827139
417081.2084864259	4568651.2013877565
417080.2121736109	4568651.1155927991
417079.2158607959	4568651.0297978427
417078.2195479809	4568650.9440028854
417077.2232351659	4568650.8582079280
417076.2269223509	4568650.7724129707
417075.2306095359	4568650.6866180133
417074.2342967209	4568650.6008230569
417073.2361049274	4568650.5417082245
417072.2376016689	4568650.4870159691
417071.2390984105	4568650.4323237129
417070.2405951520	4568650.3776314566
417069.2420918937	4568650.3229392003
417068.2435886352	4568650.2682469450
417067.2574564106	4568650.3768030414
417066.2785977107	4568650.5813406799
417065.2997390108	4568650.7858783184
417064.3208803109	4568650.9904159568
417063.3254506789	4568651.0416417122
417062.3254943480	4568651.0509870984
417061.3255380171	4568651.0603324855
417060.3255816861	4568651.0696778717
417059.3256253552	4568651.0790232578
417058.3256690243	4568651.0883686449
417057.3267252655	4568651.0501911975
417056.3280745298	4568650.9982613595
417055.3294237941	4568650.9463315215
417054.3307730584	4568650.8944016835
417053.3321223227	4568650.8424718445
417052.3334715871	4568650.7905420065
417051.3348208514	4568650.7386121685
417050.3361701156	4568650.6866823295
417049.3375193800	4568650.6347524915
417048.3388686443	4568650.5828226535
417047.3402179086	4568650.5308928145
417046.3415671729	4568650.4789629765
417045.3429164372	4568650.4270331385
417044.3442657016	4568650.3751033004
417043.3485806572	4568650.2854305860
417042.3540752043	4568650.1807458019
417041.3595697514	4568650.0760610178
417040.3650642985	4568649.9713762328
417039.3705588455	4568649.8666914487
417038.3760533926	4568649.7620066637
417037.3815479397	4568649.6573218796
417036.3870424868	4568649.5526370956
417035.3925370339	4568649.4479523106
417034.3980315809	4568649.3432675265
417033.4035261280	4568649.2385827415
417032.4090206751	4568649.1338979574
417031.4210126831	4568648.9802574655
417030.4336302455	4568648.8219036786
417029.4462478079	4568648.6635498917
417028.4588653703	4568648.5051961048
417027.4714829327	4568648.3468423169
417026.4841004951	4568648.1884885300
417025.5084294899	4568647.9703760082
417024.5343155309	4568647.7443185039
417023.5602015719	4568647.5182610005
417022.5860876130	4568647.2922034971
417021.6119736540	4568647.0661459928
417020.6378596951	4568646.8400884895
417019.6610511404	4568646.6289686859
417018.6693486337	4568646.5004146574
417017.6776461270	4568646.3718606289
417016.6859436204	4568646.2433066005
417015.6942411137	4568646.1147525711
417014.7199223624	4568645.8898507887
417013.7458251622	4568645.6637210818
417012.7717279620	4568645.4375913749
417011.7976307617	4568645.2114616679
417010.8187518638	4568645.0079324776
417009.8365399487	4568644.8201566702
417008.8543280336	4568644.6323808627
417007.8721161185	4568644.4446050553
417006.8899042034	4568644.2568292478
417005.9076922883	4568644.0690534404
417004.9254803732	4568643.8812776329
417003.9432684581	4568643.6935018264
417002.9610565430	4568643.5057260189
417001.9788446279	4568643.3179502115
417000.9966327128	4568643.1301744040
417000.0215600559	4568642.9082988091
416999.0465140676	4568642.6862958334
416998.0714680794	4568642.4642928587
416997.0964220912	4568642.2422898840
416996.1213761030	4568642.0202869093
416995.1463301148	4568641.7982839346
416994.1712841266	4568641.5762809599
416993.1962381383	4568641.3542779842
416992.2211921501	4568641.1322750095
416991.2461461619	4568640.9102720348
416990.2688475062	4568640.6986146448
416989.2897707866	4568640.4951231778
416988.3106940669	4568640.2916317107
416987.3316173474	4568640.0881402437
416986.3525406278	4568639.8846487766
416985.3702627688	4568639.6984397862
416984.3832554989	4568639.5377641842
416983.3962482290	4568639.3770885812
416982.4092409591	4568639.2164129792
416981.4222336892	4568639.0557373771
416980.4352264193	4568638.8950617751
416979.4482191493	4568638.7343861731
416978.4612118794	4568638.5737105710
416977.4742046095	4568638.4130349681
416976.4871973396	4568638.2523593660
416975.5048376389	4568638.0677171499
416974.5293141748	4568637.8478217861
416973.5537907107	4568637.6279264223
416972.5776772179	4568637.4107619599
416971.5983856446	4568637.2083069906
416970.6190940714	4568637.0058520222
416969.6398024981	4568636.8033970529
416968.6581306232	4568636.6187143056
416967.6600780447	4568636.5563360201
416966.6620254662	4568636.4939577337
416965.6639728878	4568636.4315794474
416964.6659203092	4568636.3692011610
416963.6678677307	4568636.3068228746
416962.6698151523	4568636.2444445891
416961.6818064674	4568636.0901963450
416960.6938522508	4568635.9354498880
416959.7058980343	4568635.7807034310
416958.7179438177	4568635.6259569740
416957.7299896011	4568635.4712105170
416956.7420353846	4568635.3164640600
416955.7540811680	4568635.1617176030
416954.7661269515	4568635.0069711460
416953.7781727349	4568634.8522246890
416952.7902185183	4568634.6974782320
416951.8022643018	4568634.5427317740
416950.8132911966	4568634.3946604896
416949.8241596200	4568634.2476274176
416948.8350280435	4568634.1005943455
416947.8458964670	4568633.9535612734
416946.8531990454	4568633.8346284805
416945.8586935925	4568633.7299436964
416944.8641881395	4568633.6252589114
416943.8696826866	4568633.5205741273
416942.8824990760	4568633.3719011322
416941.9077047421	4568633.1487957602
416940.9329104083	4568632.9256903892
416939.9581160744	4568632.7025850182
416938.9833217405	4568632.4794796472
416937.9946024891	4568632.3386226213
416937.0006933509	4568632.2284199670
416936.0067842126	4568632.1182173137
416935.0128750744	4568632.0080146603
416934.0189659361	4568631.8978120061
416933.0250567978	4568631.7876093527
416932.0311476595	4568631.6774066994
416931.0372385213	4568631.5672040451
416930.0433293830	4568631.4570013918
416929.0494202448	4568631.3467987385
416928.0555111065	4568631.2365960842
416927.0653668904	4568631.0975943301
416926.0765301166	4568630.9485915285
416925.0876933429	4568630.7995887268
416924.0988565692	4568630.6505859252
416923.1100197954	4568630.5015831236
416922.1211830217	4568630.3525803220
416921.1323462479	4568630.2035775203
416920.1435094742	4568630.0545747187
416919.1512959961	4568629.9341694629
416918.1549493471	4568629.8487683209
416917.1586026980	4568629.7633671798
416916.1622560490	4568629.6779660387
416915.1659094000	4568629.5925648976
416914.1695627509	4568629.5071637556
416913.1732161019	4568629.4217626145
416912.1768694528	4568629.3363614734
416911.1805228038	4568629.2509603314
416910.1841761548	4568629.1655591903
416909.2010700006	4568628.9968778966
416908.2273649246	4568628.7690656381
416907.2536598486	4568628.5412533805
416906.2799547725	4568628.3134411220
416905.3047909377	4568628.0923454100
416904.3243101871	4568627.8957303092
416903.3438294365	4568627.6991152093
416902.3629981661	4568627.5042779371
416901.3812641435	4568627.3140194053
416900.3995301209	4568627.1237608744
416899.4177960983	4568626.9335023426
416898.4360620757	4568626.7432438107
416897.4543280531	4568626.5529852798
416896.4725940305	4568626.3627267480
416895.4908600078	4568626.1724682162
416894.5258033357	4568625.9115512492
416893.5626070346	4568625.6427522805
416892.6068626315	4568625.3501913426
416891.6626624501	4568625.0208191862
416890.7184622686	4568624.6914470298
416889.7320089774	4568624.5522185769
416888.7371748348	4568624.4507048894
416887.7419887702	4568624.3561067823
416886.7419887702	4568624.3561067833
416885.7419887702	4568624.3561067842
416884.7438777770	4568624.3086572597
416883.7470425716	4568624.2291615158
416882.7502073662	4568624.1496657720
416881.7533297919	4568624.0707166679
416880.7561505095	4568623.9956601625
416879.7589712272	4568623.9206036571
416878.7617919449	4568623.8455471527
416877.7646126626	4568623.7704906473
416876.7674333803	4568623.6954341419
416875.7702540980	4568623.6203776374
416874.7730748158	4568623.5453211321
416873.7748134386	4568623.6024555434
416872.7765390654	4568623.6611775663
416871.7782646923	4568623.7198995883
416870.7799903191	4568623.7786216103
416869.7817159459	4568623.8373436332
416868.7834415728	4568623.8960656552
416867.7855978959	4568623.8925656620
416866.7882320790	4568623.8200299656
416865.7908662621	4568623.7474942682
416864.7935004452	4568623.6749585718
416863.7955002902	4568623.6165350201
416862.7956488896	4568623.5992962029
416861.7957974891	4568623.5820573857
416860.7959460885	4568623.5648185685
416859.7960946880	4568623.5475797523
416858.7976521505	4568623.5944218365
416857.7995245291	4568623.6555876071
416856.8013969077	4568623.7167533776
416855.8032692864	4568623.7779191481
416854.8051416651	4568623.8390849186
416853.8156846953	4568623.9788072854
416852.8282440634	4568624.1367977858
416851.8408034315	4568624.2947882870
416850.8533627995	4568624.4527787883
416849.8591108826	4568624.5310930880
416848.8591817367	4568624.5429970063
416847.8592525909	4568624.5549009247
416846.8593234450	4568624.5668048421
416845.8593942992	4568624.5787087604
416844.8599336132	4568624.5512397466
416843.8605707588	4568624.5155482162
416842.8612079045	4568624.4798566857
416841.8618450501	4568624.4441651553
416840.8626351586	4568624.4054207690
416839.8647098497	4568624.3410384916
416838.8667845407	4568624.2766562132
416837.8688592317	4568624.2122739358
416836.8709339227	4568624.1478916574
416835.8730086137	4568624.0835093800
416834.8751552089	4568624.0180234797
416833.8773123363	4568623.9523759224
416832.8794694638	4568623.8867283650
416831.8816265913	4568623.8210808085
416830.8838401777	4568623.7545843488
416829.8860922743	4568623.6875088587
416828.8883443709	4568623.6204333697
416827.8905964675	4568623.5533578806
416826.8928485641	4568623.4862823915
416825.8951006607	4568623.4192069015
416824.8973527573	4568623.3521314124
416823.9144104770	4568623.1723489761
416822.9331899911	4568622.9794594785
416821.9519695053	4568622.7865699818
416820.9707490194	4568622.5936804842
416819.9895285336	4568622.4007909866
416819.0083080477	4568622.2079014899
416818.0277759083	4568622.0116628427
416817.0500180268	4568621.8019260429
416816.0722601452	4568621.5921892440
416815.0945022637	4568621.3824524442
416814.1167443821	4568621.1727156444
416813.1389865005	4568620.9629788455
416812.1658291500	4568620.7360640112
416811.2141205324	4568620.4290612303
416810.2624119147	4568620.1220584502
416809.3107032970	4568619.8150556702
416808.3589946793	4568619.5080528902
416807.4072860616	4568619.2010501102
416806.4555774440	4568618.8940473301
416805.5038688263	4568618.5870445492
416804.5308486123	4568618.3632595772
416803.5487256004	4568618.1750193341
416802.5666025884	4568617.9867790900
416801.5844795764	4568617.7985388460
416800.6023565645	4568617.6102986028
416799.6202335525	4568617.4220583588
416798.6381105405	4568617.2338181157
416797.6559875285	4568617.0455778716
416796.6738645166	4568616.8573376276
416795.6897481749	4568616.6805063868
416794.7019801081	4568616.5245761266
416793.7142120413	4568616.3686458664
416792.7264439744	4568616.2127156062
416791.7346256845	4568616.0850677872
416790.7427949202	4568615.9575070757
416789.7509641559	4568615.8299463652
416788.7591333916	4568615.7023856537
416787.7634915593	4568615.6124167182
416786.7662402354	4568615.5383235533
416785.7689889116	4568615.4642303884
416784.7711051606	4568615.4000189025
416783.7725447534	4568615.3463801742
416782.7739843462	4568615.2927414458
416781.7742729151	4568615.2819894673
416780.7742729151	4568615.2819894664
416779.7767444799	4568615.2250362178
416778.7805038917	4568615.1384066017
416777.7842633035	4568615.0517769856
416776.7875578284	4568614.9748651218
416775.7875971368	4568614.9659986030
416774.7876364451	4568614.9571320852
416773.7876757535	4568614.9482655674
416772.7877150618	4568614.9393990496
416771.7877543702	4568614.9305325309
416770.7877936785	4568614.9216660131
416769.7877990670	4568614.9204505570
416768.7877990670	4568614.9204505570
416767.7877990670	4568614.9204505570
416766.7877990670	4568614.9204505570
416765.7877990670	4568614.9204505570
416764.7877990670	4568614.9204505570
416763.7877990670	4568614.9204505570
416762.7896620413	4568614.9745409731
416761.7920317129	4568615.0433430653
416760.7944013844	4568615.1121451575
416759.7967710560	4568615.1809472488
416758.7991407276	4568615.2497493410
416757.8041705617	4568615.3493202571
416756.8095350837	4568615.4527623458
416755.8148996057	4568615.5562044354
416754.8202641277	4568615.6596465250
416753.8256286497	4568615.7630886147
416752.8309931717	4568615.8665307034
416751.8363576936	4568615.9699727930
416750.8481622283	4568616.1215820145
416749.8612876454	4568616.2830705820
416748.8744130624	4568616.4445591504
416747.8873769306	4568616.6050560074
416746.9002714530	4568616.7651271671
416745.9131659753	4568616.9251983259
416744.9260604977	4568617.0852694847
416743.9383355974	4568617.2414202848
416742.9499638996	4568617.3934774688
416741.9615922019	4568617.5455346527
416740.9732205043	4568617.6975918366
416739.9785570321	4568617.7972325627
416738.9822765164	4568617.8834017804
416737.9859960007	4568617.9695709981
416736.9897154850	4568618.0557402158
416735.9934349694	4568618.1419094326
416734.9960146437	4568618.2112440523
416733.9972114887	4568618.2601547623
416732.9984083337	4568618.3090654723
416732.0000839639	4568618.3653658638
416731.0033200089	4568618.4457500530
416730.0065560538	4568618.5261342432
416729.0097920989	4568618.6065184325
416728.0106293313	4568618.6273155026
416727.0106293313	4568618.6273155035
416726.0106293313	4568618.6273155035
416725.0118994883	4568618.5866308268
416724.0138469098	4568618.5242525395
416723.0143854268	4568618.5355859809
416722.0146781369	4568618.5597796654
416721.0148219386	4568618.5715914536
416720.0148219490	4568618.5714468397
416719.0148219595	4568618.5713022249
416718.0148219699	4568618.5711576110
416717.0150301194	4568618.5512288278
416716.0152484242	4568618.5303347679
416715.0154667289	4568618.5094407080
416714.0187975492	4568618.4503921112
416713.0288480555	4568618.3089707550
416712.0388985618	4568618.1675493987
416711.0484733681	4568618.0303668818
416710.0518021077	4568617.9488414340
416709.0551308473	4568617.8673159853
416708.0584595869	4568617.7857905375
416707.0617883265	4568617.7042650888
416706.0651170661	4568617.6227396410
416705.0684458058	4568617.5412141923
416704.0717745454	4568617.4596887436
416703.0757684345	4568617.3704604944
416702.0798752280	4568617.2799247485
416701.0839820215	4568617.1893890025
416700.0880888151	4568617.0988532566
416699.0921956086	4568617.0083175097
416698.1062124364	4568616.8435214190
416697.1214288776	4568616.6697360845
416696.1366453188	4568616.4959507510
416695.1493217260	4568616.3372429423
416694.1619551665	4568616.1787901828
416693.1745886069	4568616.0203374233
416692.1872220473	4568615.8618846638
416691.1998554878	4568615.7034319034
416690.2124889281	4568615.5449791439
416689.2203566075	4568615.4210950490
416688.2269476717	4568615.3064709408
416687.2335387358	4568615.1918468336
416686.2401298000	4568615.0772227254
416685.2467208641	4568614.9625986172
416684.2533119282	4568614.8479745090
416683.2599029923	4568614.7333504008
416682.2664940565	4568614.6187262936
416681.2730851206	4568614.5041021854
416680.2796761847	4568614.3894780772
416679.2845713395	4568614.2910380494
416678.2889803437	4568614.1972373612
416677.2933893479	4568614.1034366731
416676.2977983521	4568614.0096359849
416675.3022073563	4568613.9158352967
416674.3066163605	4568613.8220346086
416673.3110253647	4568613.7282339204
416672.3154343689	4568613.6344332322
416671.3198433731	4568613.5406325450
416670.3242523773	4568613.4468318569
416669.3286613815	4568613.3530311687
416668.3301637388	4568613.2990971990
416667.3314958519	4568613.2474982468
416666.3328279651	4568613.1958992947
416665.3341600783	4568613.1443003425
416664.3354921915	4568613.0927013913
416663.3368243047	4568613.0411024392
416662.3381564179	4568612.9895034870
416661.3394885310	4568612.9379045349
416660.3408206443	4568612.8863055827
416659.3421527574	4568612.8347066315
416658.3460830504	4568612.7462625941
416657.3500567467	4568612.6572030513
416656.3540304429	4568612.5681435084
416655.3580041391	4568612.4790839655
416654.3619778352	4568612.3900244236
416653.3659515314	4568612.3009648807
416652.3699252276	4568612.2119053379
416651.3738989238	4568612.1228457950
416650.3775187350	4568612.0381803857
416649.3800771312	4568611.9666943941
416648.3826355274	4568611.8952084016
416647.3851939237	4568611.8237224100
416646.3877523199	4568611.7522364175
416645.3903107161	4568611.6807504250
416644.3928691124	4568611.6092644334
416643.3954275086	4568611.5377784409
416642.3979859049	4568611.4662924483
416641.3996130449	4568611.4095642203
416640.4010973370	4568611.3550997274
416639.4025816291	4568611.3006352345
416638.4040659212	4568611.2461707406
416637.4055502132	4568611.1917062476
416636.4070345053	4568611.1372417547
416635.4085187973	4568611.0827772617
416634.4100030894	4568611.0283127679
416633.4130634853	4568610.9535879409
416632.4181375933	4568610.8529774575
416631.4232117012	4568610.7523669740
416630.4282858093	4568610.6517564906
416629.4333599172	4568610.5511460071
416628.4384340252	4568610.4505355237
416627.4435081331	4568610.3499250403
416626.4460664570	4568610.2846898846
416625.4469156239	4568610.2434877884
416624.4477647908	4568610.2022856921
416623.4486139578	4568610.1610835958
416622.4494631246	4568610.1198814996
416621.4503122916	4568610.0786794024
416620.4511614585	4568610.0374773061
416619.4518976886	4568610.0000336608
416618.4520756404	4568609.9811690943
416617.4522535922	4568609.9623045279
416616.4524315439	4568609.9434399614
416615.4528761267	4568609.9186656466
416614.4553182319	4568609.8501995960
416613.4553182319	4568609.8501995960
416612.4814359460	4568610.0111442031
416611.5327526480	4568610.3273719689
416610.5747124836	4568610.6095997579
416609.5978124662	4568610.8232966373
416608.6209124489	4568611.0369935157
416607.6252913396	4568611.0502288751
416606.6257152381	4568611.0211150078
416605.6261391366	4568610.9920011414
416604.6265630350	4568610.9628872741
416603.6269869335	4568610.9337734068
416602.6274108320	4568610.9046595404
416601.6278347305	4568610.8755456731
416600.6282586289	4568610.8464318058
416599.6305833197	4568610.7789509827
416598.6330243478	4568610.7091219230
416597.6349789646	4568610.6466350267
416596.6369263861	4568610.5842567403
416595.6388738076	4568610.5218784548
416594.6408212292	4568610.4595001685
416593.6428090197	4568610.3964827769
416592.6448399368	4568610.3327826234
416591.6468708539	4568610.2690824689
416590.6489017711	4568610.2053823145
416589.6509326882	4568610.1416821610
416588.6530290757	4568610.0769959660
416587.6553987473	4568610.0081938738
416586.6577684189	4568609.9393917816
416585.6601380905	4568609.8705896903
416584.6625077621	4568609.8017875981
416583.6648774336	4568609.7329855068
416582.6672471052	4568609.6641834145
416581.6682972612	4568609.6227437863
416580.6686758021	4568609.5952312695
416579.6690543431	4568609.5677187527
416578.6694328840	4568609.5402062349
416577.6698114250	4568609.5126937181
416576.6701899659	4568609.4851812012
416575.6704151994	4568609.4798575062
416574.6705090125	4568609.4935548510
416573.6706028255	4568609.5072521968
416572.6706966385	4568609.5209495416
416571.6707872718	4568609.5228839088
416570.6708738257	4568609.5097271530
416569.6709603796	4568609.4965703972
416568.6710469334	4568609.4834136413
416567.6718264749	4568609.4570262153
416566.6760098581	4568609.3656518990
416565.6801932412	4568609.2742775828
416564.6843766244	4568609.1829032656
416563.6885600076	4568609.0915289493
416562.7000038754	4568608.9415443083
416561.7119918416	4568608.7871674281
416560.7239798078	4568608.6327905487
416559.7359677741	4568608.4784136685
416558.7479557403	4568608.3240367882
416557.7599437065	4568608.1696599079
416556.7719316727	4568608.0152830286
416555.7839196389	4568607.8609061483
416554.7959076051	4568607.7065292681
416553.8078955714	4568607.5521523878
416552.8198835376	4568607.3977755085
416551.8318715038	4568607.2433986282
416550.8510566933	4568607.0516356491
416549.8763454973	4568606.8281673416
416548.9016343014	4568606.6046990342
416547.9269231054	4568606.3812307268
416546.9522119095	4568606.1577624194
416545.9775007135	4568605.9342941120
416544.9955367537	4568605.7494041976
416544.0062183331	4568605.6036336152
416543.0168999124	4568605.4578630337
416542.0275814918	4568605.3120924514
416541.0382630711	4568605.1663218699
416540.0489446504	4568605.0205512876
416539.0552058253	4568604.9152491158
416538.0577471254	4568604.8440020662
416537.0602884256	4568604.7727550156
416536.0628297258	4568604.7015079660
416535.0653710260	4568604.6302609164
416534.0679123261	4568604.5590138659
416533.0704536262	4568604.4877668163
416532.0731268461	4568604.4151638690
416531.0806412158	4568604.2928026272
416530.0881555855	4568604.1704413844
416529.0956699552	4568604.0480801426
416528.1031843249	4568603.9257188998
416527.1106986946	4568603.8033576580
416526.1161745149	4568603.7021525064
416525.1185854278	4568603.6327550048
416524.1209963407	4568603.5633575032
416523.1234072536	4568603.4939600015
416522.1258181664	4568603.4245624999
416521.1282290793	4568603.3551649982
416520.1306399922	4568603.2857674966
416519.1330509050	4568603.2163699949
416518.1354618179	4568603.1469724933
416517.1368349290	4568603.0973749580
416516.1374571851	4568603.0621028021
416515.1380794412	4568603.0268306462
416514.1387016973	4568602.9915584903
416513.1393239533	4568602.9562863354
416512.1399462094	4568602.9210141795
416511.1405505318	4568602.8863133080
416510.1409281828	4568602.8588331444
416509.1413058338	4568602.8313529817
416508.1416834849	4568602.8038728181
416507.1420611359	4568602.7763926545
416506.1424387868	4568602.7489124909
416505.1442493767	4568602.6966294628
416504.1481131086	4568602.6088084215
416503.1519768405	4568602.5209873803
416502.1558405723	4568602.4331663381
416501.1597043043	4568602.3453452969
416500.1635680361	4568602.2575242557
416499.1665216087	4568602.1829621354
416498.1677287717	4568602.1338411765
416497.1689359346	4568602.0847202176
416496.1701430975	4568602.0355992578
416495.1713502605	4568601.9864782989
416494.1725574234	4568601.9373573400
416493.1737645864	4568601.8882363802
416492.1749717493	4568601.8391154213
416491.1761789122	4568601.7899944624
416490.1773860752	4568601.7408735026
416489.1786336483	4568601.7905959943
416488.1798813094	4568601.8405336114
416487.1811289705	4568601.8904712284
416486.1813982255	4568601.8751018820
416485.1815981656	4568601.8551058816
416484.1817981056	4568601.8351098802
416483.1819980456	4568601.8151138788
416482.1821979856	4568601.7951178774
416481.1823979256	4568601.7751218760
416480.1825978657	4568601.7551258747
416479.1845387022	4568601.7089850763
416478.1909141371	4568601.5962454490
416477.1972895720	4568601.4835058218
416476.2036650069	4568601.3707661936
416475.2097697570	4568601.2606541486
416474.2140290829	4568601.1684559379
416473.2182884089	4568601.0762577271
416472.2225477348	4568600.9840595163
416471.2268070608	4568600.8918613056
416470.2310663868	4568600.7996630948
416469.2353720227	4568600.7069977559
416468.2409109604	4568600.6018921155
416467.2464498982	4568600.4967864752
416466.2519888360	4568600.3916808339
416465.2575277738	4568600.2865751935
416464.2630667115	4568600.1814695532
416463.2686056493	4568600.0763639119
416462.2745695486	4568599.9678608365
416461.2848585250	4568599.8247801261
416460.2951475014	4568599.6816994157
416459.3054364777	4568599.5386187052
416458.3157254540	4568599.3955379957
416457.3260144304	4568599.2524572853
416456.3363034068	4568599.1093765749
416455.3465923831	4568598.9662958644
416454.3568813595	4568598.8232151540
416453.3671703358	4568598.6801344436
416452.3774599784	4568598.5370491249
416451.3877503766	4568598.3939585797
416450.3980407748	4568598.2508680345
416449.4083311730	4568598.1077774893
416448.4186215712	4568597.9646869441
416447.4289119694	4568597.8215963989
416446.4386807918	4568597.6845626365
416445.4390789903	4568597.6563449381
416444.4394771889	4568597.6281272396
416443.4398753874	4568597.5999095412
416442.4402735859	4568597.5716918427
416441.4406717845	4568597.5434741452
416440.4410699830	4568597.5152564468
416439.4521821568	4568597.3776084622
416438.4660893205	4568597.2114130408
416437.4799964842	4568597.0452176193
416436.4939036479	4568596.8790221978
416435.5078108116	4568596.7128267754
416434.5297374233	4568596.5061325021
416433.5547219006	4568596.2839957643
416432.5797063780	4568596.0618590256
416431.6043046732	4568595.8415962690
416430.6209036357	4568595.6601509620
416429.6375025983	4568595.4787056549
416428.6541015608	4568595.2972603468
416427.6707005234	4568595.1158150397
416426.6872994859	4568594.9343697326
416425.7038984485	4568594.7529244255
416424.7204974110	4568594.5714791184
416423.7370963736	4568594.3900338104
416422.7536953361	4568594.2085885033
416421.7702942987	4568594.0271431962
416420.7859206384	4568593.8531226972
416419.7889652584	4568593.7751485333
416418.7920098783	4568593.6971743694
416417.7950544983	4568593.6192002064
416416.7980991183	4568593.5412260424
416415.8011437382	4568593.4632518785
416414.8041883582	4568593.3852777155
416413.8072329781	4568593.3073035516
416412.8102775980	4568593.2293293877
416411.8133222180	4568593.1513552247
416410.8163668379	4568593.0733810607
416409.8256560944	4568592.9375515217
416408.8350238349	4568592.8009948432
416407.8443915755	4568592.6644381648
416406.8537593159	4568592.5278814863
416405.8631270565	4568592.3913248079
416404.8724947970	4568592.2547681294
416403.8818625375	4568592.1182114510
416402.8912302780	4568591.9816547716
416401.9005980185	4568591.8450980932
416400.9116743874	4568591.6969395420
416399.9237334649	4568591.5421082349
416398.9357925425	4568591.3872769279
416397.9478516200	4568591.2324456200
416396.9599106975	4568591.0776143130
416395.9719697751	4568590.9227830060
416394.9840288526	4568590.7679516990
416393.9960879301	4568590.6131203910
416393.0020919516	4568590.5170360282
416392.0033396047	4568590.4670985723
416391.0045872578	4568590.4171611164
416390.0058349108	4568590.3672236605
416389.0070825639	4568590.3172862045
416388.0083302169	4568590.2673487496
416387.0095778700	4568590.2174112936
416386.0108255231	4568590.1674738377
416385.0136300071	4568590.0943011120
416384.0171431588	4568590.0105517162
416383.0206563106	4568589.9268023204
416382.0241694624	4568589.8430529246
416381.0276826141	4568589.7593035288
416380.0311957659	4568589.6755541330
416379.0347089176	4568589.5918047372
416378.0382220694	4568589.5080553414
416377.0389968683	4568589.4718407532
416376.0394847922	4568589.4406060008
416375.0399727162	4568589.4093712484
416374.0404606401	4568589.3781364961
416373.0409505961	4568589.3468447104
416372.0417501524	4568589.3068637988
416371.0425497087	4568589.2668828871
416370.0433492650	4568589.2269019755
416369.0441488213	4568589.1869210647
416368.0449483776	4568589.1469401531
416367.0457479338	4568589.1069592414
416366.0478048463	4568589.0469264546
416365.0514368352	4568588.9617749052
416364.0550688241	4568588.8766233558
416363.0587008129	4568588.7914718064
416362.0623328018	4568588.7063202569
416361.0659647907	4568588.6211687075
416360.0695967796	4568588.5360171581
416359.0732287684	4568588.4508656086
416358.0761929972	4568588.3745587394
416357.0783344948	4568588.3091491908
416356.0804759923	4568588.2437396422
416355.0835559318	4568588.1693109265
416354.0936064381	4568588.0278895702
416353.1036569444	4568587.8864682140
416352.1137074508	4568587.7450468577
416351.1240997744	4568587.6012543337
416350.1345133351	4568587.4573144875
416349.1449268959	4568587.3133746414
416348.1519784549	4568587.1954675149
416347.1582917306	4568587.0832770783
416346.1646050063	4568586.9710866427
416345.1689445251	4568586.8908605529
416344.1690040786	4568586.8799470961
416343.1690636322	4568586.8690336403
416342.1699679591	4568586.8405003343
416341.1735699519	4568586.7557005035
416340.1771719447	4568586.6709006736
416339.1807739375	4568586.5861008428
416338.1843759303	4568586.5013010120
416337.1879779231	4568586.4165011821
416336.1915799160	4568586.3317013513
416335.1951506490	4568586.2473174604
416334.1972705430	4568586.1822383236
416333.1993904371	4568586.1171591859
416332.2015103311	4568586.0520800492
416331.2026954795	4568586.0297661182
416330.2029248121	4568586.0511813629
416329.2031541448	4568586.0725966077
416328.2033834774	4568586.0940118534
416327.2036128101	4568586.1154270982
416326.2038421427	4568586.1368423430
416325.2040714754	4568586.1582575878
416324.2049742125	4568586.1293064309
416323.2061334652	4568586.0811695270
416322.2072927178	4568586.0330326231
416321.2084519705	4568585.9848957201
416320.2096267839	4568585.9364529960
416319.2110586516	4568585.8829582743
416318.2124905193	4568585.8294635536
416317.2139223871	4568585.7759688320
416316.2204547798	4568585.6634363597
416315.2275079865	4568585.5448755492
416314.2345611933	4568585.4263147386
416313.2411748657	4568585.3121281723
416312.2444902499	4568585.2307661623
416311.2478056341	4568585.1494041523
416310.2511210184	4568585.0680421423
416309.2544364026	4568584.9866801323
416308.2577517868	4568584.9053181224
416307.2598885559	4568584.9031211305
416306.2612235711	4568584.9547762163
416305.2625585861	4568585.0064313021
416304.2645730365	4568585.0135212708
416303.2679468886	4568584.9314461751
416302.2713207407	4568584.8493710803
416301.2746945927	4568584.7672959855
416300.2780684447	4568584.6852208907
416299.2796762663	4568584.6562049510
416298.2797983143	4568584.6718280436
416297.2799203623	4568584.6874511372
416296.2800424102	4568584.7030742308
416295.2802309501	4568584.6852978095
416294.2804231284	4568584.6656937348
416293.2807232538	4568584.6431814712
416292.2822133116	4568584.5886113765
416291.2837033693	4568584.5340412809
416290.2849306130	4568584.4890961749
416289.2849306130	4568584.4890961749
416288.2849306130	4568584.4890961759
416287.2849306130	4568584.4890961759
416286.2990411080	4568584.3248294769
416285.3136906022	4568584.1542880433
416284.3283400964	4568583.9837466087
416283.3429895906	4568583.8132051751
416282.3452339188	4568583.7542664828
416281.3464847268	4568583.7042659679
416280.3469983703	4568583.6740707541
416279.3472956797	4568583.6496877614
416278.3493184679	4568583.5949414037
416277.3532895011	4568583.5059116483
416276.3687372744	4568583.3337870724
416275.3780941335	4568583.2041142350
416274.3828263002	4568583.1069445899
416273.3871268722	4568583.0206313310
416272.3872862729	4568583.0384856276
416271.3874456735	4568583.0563399242
416270.3876050742	4568583.0741942208
416269.3923212940	4568583.1695063468
416268.3972841038	4568583.2690100661
416267.4022469136	4568583.3685137853
416266.4072097234	4568583.4680175046
416265.4087298328	4568583.4134361567
416264.4102414225	4568583.3584734919
416263.4117530122	4568583.3035108270
416262.4132646019	4568583.2485481622
416261.4147761916	4568583.1935854973
416260.4162877813	4568583.1386228325
416259.4282770652	4568582.9888533046
416258.4418831413	4568582.8244543178
416257.4554892174	4568582.6600553310
416256.4684291557	4568582.5002609193
416255.4758857005	4568582.3783696173
416254.4833422452	4568582.2564783152
416253.4907987901	4568582.1345870132
416252.4917526338	4568582.1083824011
416251.4918439289	4568582.0948701212
416250.4919352239	4568582.0813578423
416249.4920265189	4568582.0678455625
416248.4923395007	4568582.0845994614
416247.4927360114	4568582.1127573065
416246.4931325221	4568582.1409151517
416245.4935290328	4568582.1690729968
416244.5028902772	4568582.0600286787
416243.5154496453	4568581.9020381784
416242.5280090133	4568581.7440476771
416241.5340122411	4568581.6360370144
416240.5392308025	4568581.5340081491
416239.5434978958	4568581.5630326243
416238.5473399078	4568581.6506069535
416237.5511819198	4568581.7381812818
416236.5550239319	4568581.8257556101
416235.5588659439	4568581.9133299384
416234.5608196275	4568581.9690565495
416233.5612926644	4568581.9998112246
416232.5617657013	4568582.0305659007
416231.5622387383	4568582.0613205759
416230.5627117752	4568582.0920752520
416229.5631848121	4568582.1228299281
416228.5636578490	4568582.1535846032
416227.5640523937	4568582.1718188291
416226.5642183998	4568582.1535983868
416225.5643844058	4568582.1353779444
416224.5645504119	4568582.1171575012
416223.5647164179	4568582.0989370588
416222.5648824239	4568582.0807166165
416221.5650484300	4568582.0624961741
416220.5652144360	4568582.0442757318
416219.5678278281	4568582.1059360858
416218.5709845616	4568582.1853306824
416217.5741412951	4568582.2647252791
416216.5772980285	4568582.3441198757
416215.5804547619	4568582.4235144714
416214.5836114954	4568582.5029090680
416213.5867682288	4568582.5823036646
416212.5899249623	4568582.6616982603
416211.5931765215	4568582.7422275208
416210.5969828040	4568582.8293944709
416209.6007890866	4568582.9165614219
416208.6045953691	4568583.0037283720
416207.6084016516	4568583.0908953231
416206.6122079342	4568583.1780622732
416205.6160134155	4568583.2652198439
416204.6194676573	4568583.3482653238
416203.6229218990	4568583.4313108046
416202.6263761408	4568583.5143562844
416201.6289937534	4568583.5838802550
416200.6298117070	4568583.6243183315
416199.6306296605	4568583.6647564080
416198.6314476140	4568583.7051944844
416197.6322655676	4568583.7456325609
416196.6323502334	4568583.7438819474
416195.6323664231	4568583.7381916652
416194.6323826129	4568583.7325013820
416193.6323988027	4568583.7268110998
416192.6325312986	4568583.7127170851
416191.6327730148	4568583.6907313168
416190.6330147310	4568583.6687455475
416189.6332564472	4568583.6467597792
416188.6339618647	4568583.6112870062
416187.6350543558	4568583.5645559803
416186.6361468470	4568583.5178249544
416185.6372393382	4568583.4710939275
416184.6383318293	4568583.4243629016
416183.6387246560	4568583.4386206809
416182.6390079822	4568583.4624234587
416181.6392913085	4568583.4862262374
416180.6393903048	4568583.4945431007
416179.6393903048	4568583.4945431007
416178.6393903048	4568583.4945430998
416177.6393903048	4568583.4945430979
416176.6521948284	4568583.3639480518
416175.6712383986	4568583.1697201375
416174.6828692994	4568583.0260203583
416173.6874602703	4568582.9303079508
416172.6920512412	4568582.8345955443
416171.6982417037	4568582.8643618273
416170.7055958263	4568582.9854162037
416169.7111432469	4568583.0679704770
416168.7115231763	4568583.0404075608
416167.7119031056	4568583.0128446445
416166.7122830350	4568582.9852817282
416165.7127056945	4568582.9566285359
416164.7139945998	4568582.9058727538
416163.7152835052	4568582.8551169708
416162.7245287862	4568582.7220281344
416161.7313679475	4568582.6257938333
416160.7313679475	4568582.6257938333
416159.7313679475	4568582.6257938333
416158.7313679475	4568582.6257938333
416157.7320643318	4568582.6587707317
416156.7329558183	4568582.7009865846
416155.7338473048	4568582.7432024376
416154.7347387913	4568582.7854182897
416153.7384366297	4568582.8686762135
416152.7428808946	4568582.9628504049
416151.7473251595	4568583.0570245963
416150.7517694243	4568583.1511987867
416149.7549888739	4568583.2305038096
416148.7574421128	4568583.3005070919
416147.7598953517	4568583.3705103733
416146.7623485906	4568583.4405136546
416145.7648018296	4568583.5105169360
416144.7672550684	4568583.5805202173
416143.7692990170	4568583.6421203818
416142.7696709956	4568583.6693934230
416141.7700429741	4568583.6966664642
416140.7704149527	4568583.7239395063
416139.7707869313	4568583.7512125475
416138.7711589099	4568583.7784855887
416137.7715308885	4568583.8057586299
416136.7719028670	4568583.8330316721
416135.7722748456	4568583.8603047132
416134.7727252970	4568583.8901412021
416133.7733008274	4568583.9240636090
416132.7738763579	4568583.9579860149
416131.7744518884	4568583.9919084208
416130.7750274188	4568584.0258308267
416129.7750966155	4568584.0299326368
416128.7750966159	4568584.0299591152
416127.7750966162	4568584.0299855936
416126.7750966166	4568584.0300120711
416125.7750966169	4568584.0300385496
416124.7750966173	4568584.0300650280
416123.7750966174	4568584.0300716776
416122.7750966174	4568584.0300716776
416121.7750966174	4568584.0300716776
416120.7750966174	4568584.0300716776
416119.7750966174	4568584.0300716776
416118.7750966174	4568584.0300716776
416117.7750966174	4568584.0300716776
416116.7750966174	4568584.0300716786
416115.7750966174	4568584.0300716786
416114.7750966174	4568584.0300716786
416113.7750966174	4568584.0300716786
416112.7750966174	4568584.0300716786
416111.7750966174	4568584.0300716786
416110.7750966174	4568584.0300716786
416109.7752204370	4568584.0216042474
416108.7756480125	4568583.9923644066
416107.7760755882	4568583.9631245658
416106.7765031637	4568583.9338847250
416105.7769307393	4568583.9046448842
416104.7773583148	4568583.8754050424
416103.7777858904	4568583.8461652016
416102.7782134660	4568583.8169253608
416101.7786410415	4568583.7876855200
416100.7790686171	4568583.7584456792
416099.7794961926	4568583.7292058384
416098.7799237682	4568583.6999659967
416097.7803513438	4568583.6707261559
416096.7807789193	4568583.6414863151
416095.7817394714	4568583.6754046828
416094.7828028616	4568583.7215094492
416093.7838662517	4568583.7676142165
416092.7852010915	4568583.8183368975
416091.7877423917	4568583.8895839481
416090.7902836918	4568583.9608309977
416089.7928249919	4568584.0320780473
416088.7949760419	4568584.0756362407
416087.7959056113	4568584.0325285271
416086.7968351809	4568583.9894208144
416085.7976863653	4568583.9484427944
416084.7981501545	4568583.9179901527
416083.7986139438	4568583.8875375120
416082.7990777330	4568583.8570848703
416081.7995415222	4568583.8266322296
416080.8000053114	4568583.7961795880
416079.8004691007	4568583.7657269472
416078.8009328899	4568583.7352743056
416077.8013966791	4568583.7048216639
416076.8100268457	4568583.5918114670
416075.8238951066	4568583.4258470330
416074.8377633677	4568583.2598825991
416073.8454926842	4568583.1436813381
416072.8485918778	4568583.0650125258
416071.8516910713	4568582.9863437125
416070.8547902649	4568582.9076749003
416069.8578894584	4568582.8290060870
416068.8609886520	4568582.7503372747
416067.8640878455	4568582.6716684615
416066.8671870391	4568582.5929996492
416065.8701011422	4568582.5167286182
416064.8729370217	4568582.4414709490
416063.8757729013	4568582.3662132798
416062.8786087808	4568582.2909556096
416061.8814446603	4568582.2156979404
416060.8842805398	4568582.1404402712
416059.8959562989	4568581.9943137178
416058.9108595281	4568581.8223126940
416057.9257627573	4568581.6503116703
416056.9406659865	4568581.4783106465
416055.9555692156	4568581.3063096236
416054.9704724448	4568581.1343085999
416053.9853756739	4568580.9623075761
416052.9944166347	4568580.8343306035
416051.9986367432	4568580.7425569268
416051.0028568518	4568580.6507832501
416050.0077747123	4568580.5522518726
416049.0142513010	4568580.4386242731
416048.0207278899	4568580.3249966735
416047.0272044787	4568580.2113690730
416046.0336810675	4568580.0977414735
416045.0401576563	4568579.9841138739
416044.0466342452	4568579.8704862744
416043.0531108339	4568579.7568586739
416042.0595874228	4568579.6432310743
416041.0667252816	4568579.5252066683
416040.0837310226	4568579.3415703783
416039.1007367638	4568579.1579340883
416038.1177425048	4568578.9742977982
416037.1347482460	4568578.7906615091
416036.1517539871	4568578.6070252191
416035.1690469007	4568578.4218593491
416034.1863852469	4568578.2364514899
416033.2037235932	4568578.0510436315
416032.2210619395	4568577.8656357722
416031.2384002857	4568577.6802279130
416030.2557386320	4568577.4948200537
416029.2601546948	4568577.4178724345
416028.2614387120	4568577.3672129288
416027.2627227291	4568577.3165534222
416026.2640067463	4568577.2658939157
416025.2652907634	4568577.2152344100
416024.2665747805	4568577.1645749034
416023.2678587977	4568577.1139153969
416022.2691296429	4568577.0635327036
416021.2701158364	4568577.0191320898
416020.2711020300	4568576.9747314760
416019.2720882235	4568576.9303308623
416018.2730744171	4568576.8859302485
416017.2740606106	4568576.8415296357
416016.2797786801	4568576.7350305133
416015.2855716326	4568576.6275486704
416014.2913645850	4568576.5200668275
416013.2971575374	4568576.4125849847
416012.3111130143	4568576.2485136781
416011.3270580753	4568576.0706489068
416010.3430031362	4568575.8927841354
416009.3474802072	4568575.8571056435
416008.3476396078	4568575.8749599401
416007.3477990084	4568575.8928142358
416006.3479584091	4568575.9106685324
416005.3481594807	4568575.9305862645
416004.3484132515	4568575.9531135159
416003.3486670222	4568575.9756407673
416002.3489207929	4568575.9981680186
416001.3491745637	4568576.0206952710
416000.3494283344	4568576.0432225224
415999.3509784324	4568576.0169206290
415998.3538357443	4568575.9413795164
415997.3566930563	4568575.8658384029
415996.3595503683	4568575.7902972903
415995.3789760432	4568575.6034520855
415994.4030633526	4568575.3852906311
415993.4271506620	4568575.1671291767
415992.4512379714	4568574.9489677213
415991.4753252808	4568574.7308062669
415990.4994125902	4568574.5126448125
415989.5185708222	4568574.3200651510
415988.5314653444	4568574.1599939922
415987.5443598667	4568573.9999228334
415986.5572543890	4568573.8398516746
415985.5701489112	4568573.6797805168
415984.5830434335	4568573.5197093580
415983.5989229520	4568573.3425619388
415982.6160507651	4568573.1582734035
415981.6331785781	4568572.9739848683
415980.6503063912	4568572.7896963330
415979.6674342043	4568572.6054077987
415978.6845620174	4568572.4211192634
415977.7016898304	4568572.2368307281
415976.7188176434	4568572.0525421929
415975.7359454565	4568571.8682536576
415974.7530732696	4568571.6839651233
415973.7610234178	4568571.5641170181
415972.7657816503	4568571.4666807614
415971.7705398828	4568571.3692445047
415970.7752981152	4568571.2718082471
415969.7800563477	4568571.1743719904
415968.7848145802	4568571.0769357337
415967.7895728126	4568570.9794994770
415966.7943310451	4568570.8820632193
415965.7990892776	4568570.7846269626
415964.8038475101	4568570.6871907059
415963.8086057425	4568570.5897544492
415962.8170374441	4568570.4614232425
415961.8266964698	4568570.3227698812
415960.8363554955	4568570.1841165200
415959.8460145212	4568570.0454631587
415958.8556735468	4568569.9068097975
415957.8653325725	4568569.7681564363
415956.8714237169	4568569.6580646979
415955.8774072178	4568569.5488346666
415954.8833907189	4568569.4396046354
415953.8899209051	4568569.3255353104
415952.8965875026	4568569.2102584625
415951.9032541003	4568569.0949816145
415950.9102257788	4568568.9771375051
415949.9175406375	4568568.8564055283
415948.9248554962	4568568.7356735514
415947.9321703549	4568568.6149415746
415946.9387121566	4568568.5013103131
415945.9433031274	4568568.4055979084
415944.9478940981	4568568.3098855028
415943.9515896232	4568568.2253702190
415942.9536205404	4568568.1616700636
415941.9556514576	4568568.0979699083
415940.9630571070	4568567.9814565890
415939.9727153604	4568567.8428087449
415938.9823736137	4568567.7041608999
415938.0212908880	4568567.4329711348
415937.0646170074	4568567.1418095194
415936.1029361683	4568566.8720037015
415935.1165422446	4568566.7076047137
415934.1301483208	4568566.5432057260
415933.1431583405	4568566.5182865160
415932.1553953752	4568566.6742490903
415931.1676324099	4568566.8302116636
415930.1798694446	4568566.9861742370
415929.1921064793	4568567.1421368103
415928.2039687333	4568567.2912772205
415927.2050655590	4568567.2444536341
415926.2061623846	4568567.1976300478
415925.2072592102	4568567.1508064615
415924.2083443423	4568567.1042338861
415923.2094142962	4568567.0579871247
415922.2104842501	4568567.0117403632
415921.2115542040	4568566.9654936017
415920.2126241579	4568566.9192468403
415919.2136941117	4568566.8730000788
415918.2154216652	4568566.8160043806
415917.2183037698	4568566.7401367137
415916.2211858745	4568566.6642690478
415915.2240679791	4568566.5884013819
415914.2269500837	4568566.5125337159
415913.2301366457	4568566.4331250377
415912.2347026668	4568566.3376724645
415911.2392686879	4568566.2422198923
415910.2438347091	4568566.1467673192
415909.2481215574	4568566.0565422038
415908.2481832801	4568566.0454317788
415907.2482450028	4568566.0343213528
415906.2483067254	4568566.0232109278
415905.2483684481	4568566.0121005028
415904.2484312343	4568566.0012089042
415903.2486481776	4568566.0220377175
415902.2488651208	4568566.0428665318
415901.2492078588	4568566.0462835925
415900.2498301150	4568566.0110114366
415899.2504523710	4568565.9757392798
415898.2510746272	4568565.9404671239
415897.2516968833	4568565.9051949680
415896.2523969054	4568565.8678354016
415895.2531649546	4568565.8286498347
415894.2539330038	4568565.7894642679
415893.2547010531	4568565.7502787020
415892.2554691024	4568565.7110931352
415891.2562371517	4568565.6719075684
415890.2574226016	4568565.7047054758
415889.2587122682	4568565.7554762363
415888.2600019349	4568565.8062469959
415887.2612916015	4568565.8570177564
415886.2623527861	4568565.8972836677
415885.2623794247	4568565.8899845928
415884.2624060633	4568565.8826855170
415883.2624327020	4568565.8753864411
415882.2624593405	4568565.8680873662
415881.2624859791	4568565.8607882904
415880.2625126178	4568565.8534892146
415879.2625392564	4568565.8461901397
415878.2625658950	4568565.8388910638
415877.2625925336	4568565.8315919880
415876.2626191722	4568565.8242929131
415875.2626910419	4568565.8126473175
415874.2627823370	4568565.7991350377
415873.2628736320	4568565.7856227569
415872.2629649270	4568565.7721104771
415871.2630562220	4568565.7585981973
415870.2632990728	4568565.7490129704
415869.2674058664	4568565.8395487163
415868.2715126599	4568565.9300844623
415867.2756194535	4568566.0206202092
415866.2797262470	4568566.1111559551
415865.2838330405	4568566.2016917011
415864.2879398341	4568566.2922274470
415863.2909425994	4568566.3621057458
415862.2910726469	4568566.3782326803
415861.2912026944	4568566.3943596147
415860.2913327419	4568566.4104865491
415859.2914627893	4568566.4266134836
415858.2915928368	4568566.4427404189
415857.2917228843	4568566.4588673534
415856.2918529317	4568566.4749942878
415855.2919829792	4568566.4911212223
415854.2921130266	4568566.5072481567
415853.2922430741	4568566.5233750911
415852.2923731216	4568566.5395020265
415851.2925031691	4568566.5556289610
415850.2926332165	4568566.5717558954
415849.2927632640	4568566.5878828298
415848.2928933114	4568566.6040097643
415847.2930233589	4568566.6201366996
415846.2931534064	4568566.6362636341
415845.2932834539	4568566.6523905685
415844.2933789174	4568566.6619580723
415843.2933945020	4568566.6563751567
415842.2934100866	4568566.6507922411
415841.2934256712	4568566.6452093245
415840.2934412558	4568566.6396264089
415839.2934568404	4568566.6340434933
415838.2934724250	4568566.6284605777
415837.2934880096	4568566.6228776621
415836.2935254048	4568566.6150214039
415835.2936179459	4568566.6014172202
415834.2937104872	4568566.5878130374
415833.2938030283	4568566.5742088538
415832.2938955695	4568566.5606046710
415831.2939881107	4568566.5470004873
415830.2940806519	4568566.5333963046
415829.2941731931	4568566.5197921209
415828.2944030955	4568566.5038317861
415827.2996886757	4568566.4011515873
415826.3049742559	4568566.2984713893
415825.3102598362	4568566.1957911914
415824.3155454164	4568566.0931109926
415823.3208309966	4568565.9904307947
415822.3261165769	4568565.8877505958
415821.3314021571	4568565.7850703979
415820.3366877373	4568565.6823902000
415819.3421650962	4568565.6379174879
415818.3481488742	4568565.7471500402
415817.3541326522	4568565.8563825916
415816.3601164302	4568565.9656151431
415815.3661002082	4568566.0748476954
415814.3719299507	4568566.1565176053
415813.3767549506	4568566.0584017597
415812.3815799504	4568565.9602859151
415811.3864049503	4568565.8621700704
415810.3910374672	4568565.7661932372
415809.3943336989	4568565.6850661859
415808.3976299307	4568565.6039391356
415807.4009261625	4568565.5228120843
415806.4042223942	4568565.4416850340
415805.4072070298	4568565.3647812027
415804.4093895266	4568565.2987491619
415803.4115720235	4568565.2327171210
415802.4137545203	4568565.1666850811
415801.4159370172	4568565.1006530402
415800.4181195140	4568565.0346209994
415799.4203020108	4568564.9685889594
415798.4224845076	4568564.9025569186
415797.4235908951	4568564.8588317614
415796.4240507357	4568564.8285090011
415795.4245105764	4568564.7981862407
415794.4249704170	4568564.7678634813
415793.4254302576	4568564.7375407210
415792.4258900982	4568564.7072179606
415791.4263499388	4568564.6768952012
415790.4265467443	4568564.6917747632
415789.4267213862	4568564.7104630871
415788.4268960282	4568564.7291514119
415787.4270706702	4568564.7478397368
415786.4272453122	4568564.7665280616
415785.4274199542	4568564.7852163864
415784.4275945962	4568564.8039047113
415783.4277692382	4568564.8225930361
415782.4285905676	4568564.8612897554
415781.4296451510	4568564.9072033120
415780.4306997344	4568564.9531168677
415779.4341295863	4568565.0216747401
415778.4474001678	4568565.1840479355
415777.4606707492	4568565.3464211309
415776.4739413307	4568565.5087943263
415775.4872119121	4568565.6711675217
415774.4922971094	4568565.7589478912
415773.4938367562	4568565.8144179108
415772.4953764030	4568565.8698879303
415771.4969160498	4568565.9253579509
415770.4976114976	4568565.9589780839
415769.4978477087	4568565.9807120794
415768.4980839199	4568566.0024460750
415767.4983201311	4568566.0241800705
415766.4985563422	4568566.0459140651
415765.4987837876	4568566.0672367085
415764.4990017102	4568566.0881124781
415763.4992196329	4568566.1089882487
415762.4994374735	4568566.1263725534
415761.4996544168	4568566.1055437410
415760.4998713600	4568566.0847149277
415759.5000883033	4568566.0638861144
415758.5003052466	4568566.0430573011
415757.5005221899	4568566.0222284878
415756.5007391331	4568566.0013996754
415755.5009560763	4568565.9805708621
415754.5011688774	4568565.9599421797
415753.5013802059	4568565.9393846439
415752.5015915343	4568565.9188271081
415751.5018028628	4568565.8982695723
415750.5019605811	4568565.8967404803
415749.5020719459	4568565.9116641916
415748.5021833107	4568565.9265879020
415747.5022946755	4568565.9415116133
415746.5024876363	4568565.9609990660
415745.5027045796	4568565.9818278803
415744.5029215229	4568566.0026566936
415743.5031384661	4568566.0234855078
415742.5033554094	4568566.0443143211
415741.5060686960	4568566.0130431354
415740.5128571498	4568565.8967210632
415739.5196456037	4568565.7803989900
415738.5264340576	4568565.6640769169
415737.5332225114	4568565.5477548447
415736.5400109653	4568565.4314327715
415735.5465163703	4568565.3178422526
415734.5505565211	4568565.2280425942
415733.5545966719	4568565.1382429358
415732.5586368226	4568565.0484432774
415731.5626769734	4568564.9586436180
415730.5667171241	4568564.8688439596
415729.5707572748	4568564.7790443012
415728.5739172441	4568564.7062028302
415727.5740123554	4568564.6924110390
415726.5741074666	4568564.6786192469
415725.5742025779	4568564.6648274548
415724.5742976892	4568564.6510356637
415723.5743928005	4568564.6372438716
415722.5744879118	4568564.6234520804
415721.5745830231	4568564.6096602883
415720.5747937156	4568564.5925581325
415719.5763618319	4568564.5365780164
415718.5779299481	4568564.4805978993
415717.5794980643	4568564.4246177832
415716.5810661806	4568564.3686376661
415715.5826342968	4568564.3126575500
415714.5842024130	4568564.2566774329
415713.5855324363	4568564.2058372349
415712.5862010097	4568564.1692763288
415711.5868695831	4568564.1327154236
415710.5875381565	4568564.0961545175
415709.5882067299	4568564.0595936123
415708.5888753033	4568564.0230327072
415707.5895438767	4568563.9864718011
415706.5923730642	4568563.9114315705
415705.5952303761	4568563.8358904580
415704.5980876881	4568563.7603493454
415703.6009450001	4568563.6848082328
415702.6038023120	4568563.6092671202
415701.6068322058	4568563.5314841652
415700.6098764135	4568563.4535152735
415699.6129206212	4568563.3755463809
415698.6159648289	4568563.2975774882
415697.6190090366	4568563.2196085956
415696.6220532443	4568563.1416397030
415695.6346162046	4568562.9849857036
415694.6478271128	4568562.8229755536
415693.6610380211	4568562.6609654045
415692.6727756752	4568562.5127939433
415691.6739952061	4568562.4634221438
415690.6752147370	4568562.4140503444
415689.6764342679	4568562.3646785459
415688.6776537988	4568562.3153067464
415687.6788733297	4568562.2659349479
415686.6800928606	4568562.2165631484
415685.6813123915	4568562.1671913490
415684.6825319224	4568562.1178195504
415683.6837139949	4568562.0692747142
415682.6845600773	4568562.0281474842
415681.6854061598	4568561.9870202541
415680.6862522423	4568561.9458930241
415679.6870983247	4568561.9047657941
415678.7089643179	4568561.7031453885
415677.7329187330	4568561.4855792690
415676.7500365317	4568561.3046166478
415675.7612616740	4568561.1552035259
415674.7724868163	4568561.0057904050
415673.7837119586	4568560.8563772840
415672.7949371009	4568560.7069641622
415671.7980748638	4568560.6704064524
415670.7980986442	4568560.6773028402
415669.7981224245	4568560.6841992280
415668.7981462049	4568560.6910956157
415667.7981699853	4568560.6979920035
415666.7981937657	4568560.7048883913
415665.7982175460	4568560.7117847791
415664.7982413264	4568560.7186811669
415663.7982548320	4568560.7195895026
415662.7982608342	4568560.7161247935
415661.7982668363	4568560.7126600835
415660.7982728384	4568560.7091953745
415659.7982788405	4568560.7057306655
415658.7982848427	4568560.7022659555
415657.7982908448	4568560.6988012465
415656.7985253791	4568560.6848583994
415655.7993312470	4568560.6447200589
415654.8001371149	4568560.6045817174
415653.8009429828	4568560.5644433768
415652.8017488507	4568560.5243050354
415651.8025547187	4568560.4841666948
415650.8033605865	4568560.4440283542
415649.8041664545	4568560.4038900128
415648.8057709869	4568560.3490604302
415647.8081141804	4568560.2806433523
415646.8104573741	4568560.2122262735
415645.8128005676	4568560.1438091956
415644.8151437612	4568560.0753921168
415643.8174869548	4568560.0069750380
415642.8198301484	4568559.9385579601
415641.8221733420	4568559.8701408813
415640.8245165355	4568559.8017238034
415639.8276196724	4568559.7233368168
415638.8311190201	4568559.6397518311
415637.8346183678	4568559.5561668444
415636.8381177155	4568559.4725818578
415635.8416170632	4568559.3889968712
415634.8451164110	4568559.3054118846
415633.8486157587	4568559.2218268979
415632.8517236440	4568559.1451154556
415631.8521765715	4568559.1150214374
415630.8526294990	4568559.0849274192
415629.8530824266	4568559.0548334010
415628.8535353541	4568559.0247393828
415627.8591659665	4568558.9313025400
415626.8680001060	4568558.7986743487
415625.8800322439	4568558.6474447763
415624.9014824588	4568558.4414342958
415623.9214721503	4568558.2466696091
415622.9227623809	4568558.1958877565
415621.9240526115	4568558.1451059040
415620.9253428422	4568558.0943240514
415619.9256596543	4568558.0818547234
415618.9256596543	4568558.0818547243
415617.9256596543	4568558.0818547243
415616.9256596543	4568558.0818547253
415615.9256596543	4568558.0818547253
415614.9299680239	4568557.9954724526
415613.9349308337	4568557.8959687334
415612.9398936435	4568557.7964650141
415611.9448564533	4568557.6969612949
415610.9514054969	4568557.7946165483
415609.9580981166	4568557.9101174055
415608.9772251785	4568558.0919529423
415608.0095216056	4568558.3440437885
415607.0418180328	4568558.5961346356
415606.0741144599	4568558.8482254827
415605.1064108870	4568559.1003163289
415604.1387073141	4568559.3524071760
415603.1710037412	4568559.6044980232
415602.1875100374	4568559.7685999144
415601.1925349975	4568559.8687231895
415600.1975599577	4568559.9688464636
415599.2025849178	4568560.0689697377
415598.2076098779	4568560.1690930128
415597.2126348382	4568560.2692162869
415596.2176597983	4568560.3693395611
415595.2226847584	4568560.4694628362
415594.2277097186	4568560.5695861103
415593.2302708129	4568560.6354867015
415592.2312146545	4568560.6789239254
415591.2321584961	4568560.7223611493
415590.2331023378	4568560.7657983731
415589.2340461794	4568560.8092355970
415588.2349900210	4568560.8526728209
415587.2358029614	4568560.8900857419
415586.2358029614	4568560.8900857428
415585.2358029614	4568560.8900857428
415584.2358029614	4568560.8900857437
415583.2411992599	4568560.9842904527
415582.2477404081	4568561.0984811252
415581.2542815562	4568561.2126717977
415580.2608227044	4568561.3268624702
415579.2673638526	4568561.4410531428
415578.2692620391	4568561.4034548160
415577.2706812344	4568561.3501971727
415576.2721004297	4568561.2969395295
415575.2735196251	4568561.2436818872
415574.2768753597	4568561.2903260542
415573.2811086808	4568561.3822429795
415572.2853420018	4568561.4741599048
415571.2894868753	4568561.5644996827
415570.2896868153	4568561.5844956823
415569.2898867553	4568561.6044916827
415568.2900440808	4568561.6202258095
415567.2900440808	4568561.6202258095
415566.2900440808	4568561.6202258104
415565.2900440808	4568561.6202258104
415564.2903459108	4568561.6395476470
415563.2908338348	4568561.6707823984
415562.2913217586	4568561.7020171508
415561.2918027670	4568561.7321341773
415560.2919807188	4568561.7132696109
415559.2921586705	4568561.6944050444
415558.2923325043	4568561.6769832140
415557.2924190582	4568561.6901399698
415556.2925056120	4568561.7032967256
415555.2925921659	4568561.7164534805
415554.2926787198	4568561.7296102364
415553.2932575667	4568561.7030900484
415552.2939783759	4568561.6651282394
415551.2945595784	4568561.6332603740
415550.2945903053	4568561.6254211795
415549.2952914787	4568561.5988073088
415548.2973101430	4568561.5352994055
415547.2993288075	4568561.4717915021
415546.3013474719	4568561.4082835978
415545.3033661362	4568561.3447756944
415544.3053848007	4568561.2812677911
415543.3080324583	4568561.2106277598
415542.3143401342	4568561.0984869329
415541.3206478101	4568560.9863461060
415540.3269554859	4568560.8742052801
415539.3332631619	4568560.7620644532
415538.3395708377	4568560.6499236263
415537.3458785136	4568560.5377828004
415536.3521861895	4568560.4256419735
415535.3584938653	4568560.3135011466
415534.3648015412	4568560.2013603207
415533.3711092171	4568560.0892194938
415532.3774168930	4568559.9770786669
415531.3837245688	4568559.8649378410
415530.3900322447	4568559.7527970141
415529.3963399206	4568559.6406561881
415528.4026475965	4568559.5285153612
415527.4089552724	4568559.4163745344
415526.4152629482	4568559.3042337084
415525.4214308068	4568559.1933977855
415524.4265374005	4568559.0924665704
415523.4316439943	4568558.9915353553
415522.4367505880	4568558.8906041402
415521.4418571818	4568558.7896729251
415520.4469637755	4568558.6887417100
415519.4520703693	4568558.5878104949
415518.4571769630	4568558.4868792798
415517.4622835568	4568558.3859480647
415516.4673901505	4568558.2850168496
415515.4724967443	4568558.1840856345
415514.4776033380	4568558.0831544194
415513.4807640450	4568558.0109212929
415512.4813522415	4568557.9766277513
415511.4819404380	4568557.9423342086
415510.4825286345	4568557.9080406660
415509.4831168310	4568557.8737471243
415508.4837050275	4568557.8394535817
415507.4842932240	4568557.8051600400
415506.4848814205	4568557.7708664974
415505.4854696170	4568557.7365729557
415504.4860578135	4568557.7022794131
415503.4866460101	4568557.6679858705
415502.4872342066	4568557.6336923288
415501.4873386730	4568557.6197463972
415500.4874262861	4568557.6065093800
415499.4875138992	4568557.5932723628
415498.4876015124	4568557.5800353456
415497.4876891256	4568557.5667983284
415496.4877767387	4568557.5535613121
415495.4878643519	4568557.5403242949
415494.4879199064	4568557.5319308499
415493.4879199064	4568557.5319308499
415492.4879199064	4568557.5319308499
415491.4879199064	4568557.5319308499
415490.4879199064	4568557.5319308499
415489.4879199064	4568557.5319308499
415488.4879199064	4568557.5319308499
415487.4879199064	4568557.5319308499
415486.4879199064	4568557.5319308499
415485.4879199064	4568557.5319308499
415484.4879199064	4568557.5319308499
415483.4881658676	4568557.5195677811
415482.4889571633	4568557.4797938531
415481.4897484591	4568557.4400199251
415480.4905397548	4568557.4002459971
415479.4913310506	4568557.3604720691
415478.4921223463	4568557.3206981411
415477.4929136421	4568557.2809242131
415476.4937049378	4568557.2411502851
415475.4959203435	4568557.1748691872
415474.4982018745	4568557.1073572868
415473.5004834055	4568557.0398453865
415472.5027649366	4568556.9723334862
415471.5050464676	4568556.9048215859
415470.5073279987	4568556.8373096846
415469.5096095297	4568556.7697977843
415468.5114731121	4568556.7092199018
415467.5128688872	4568556.6564032184
415466.5142646623	4568556.6035865350
415465.5156604374	4568556.5507698515
415464.5170562125	4568556.4979531681
415463.5184519876	4568556.4451364847
415462.5198477627	4568556.3923198013
415461.5212435378	4568556.3395031188
415460.5226393129	4568556.2866864353
415459.5240350880	4568556.2338697519
415458.5254308632	4568556.1810530685
415457.5268266383	4568556.1282363851
415456.5272795594	4568556.1018346306
415455.5274509830	4568556.0833192868
415454.5276224067	4568556.0648039440
415453.5280857030	4568556.0351107456
415452.5286533294	4568556.0014220141
415451.5292209558	4568555.9677332826
415450.5297885823	4568555.9340445511
415449.5303562086	4568555.9003558187
415448.5345137864	4568555.9680902362
415447.5399644729	4568556.0723575028
415446.5454151593	4568556.1766247693
415445.5508658458	4568556.2808920359
415444.5563165322	4568556.3851593025
415443.5617672187	4568556.4894265691
415442.5672179051	4568556.5936938357
415441.5698915661	4568556.6637699865
415440.5715516245	4568556.7213665219
415439.5732116828	4568556.7789630564
415438.5748717411	4568556.8365595918
415437.5765317994	4568556.8941561263
415436.5781918578	4568556.9517526617
415435.5802128835	4568556.9018639885
415434.5822823088	4568556.8375633806
415433.5843517341	4568556.7732627736
415432.5864211594	4568556.7089621658
415431.5884905848	4568556.6446615588
415430.5905600101	4568556.5803609509
415429.5926294354	4568556.5160603439
415428.5946988607	4568556.4517597361
415427.5967682860	4568556.3874591291
415426.5988377113	4568556.3231585212
415425.6002827659	4568556.2785430597
415424.6002831988	4568556.2794735935
415423.6002836318	4568556.2804041272
415422.6002840647	4568556.2813346609
415421.6002844977	4568556.2822651947
415420.6002849306	4568556.2831957284
415419.6002853636	4568556.2841262622
415418.6003147697	4568556.2791570295
415417.6003725749	4568556.2684049625
415416.6004303801	4568556.2576528965
415415.6004881852	4568556.2469008295
415414.6005459903	4568556.2361487625
415413.6006037955	4568556.2253966965
415412.6006616006	4568556.2146446295
415411.6007194057	4568556.2038925625
415410.6007772109	4568556.1931404965
415409.6008350160	4568556.1823884295
415408.6010048478	4568556.1759071192
415407.6030014592	4568556.2390675209
415406.6049980706	4568556.3022279218
415405.6069946820	4568556.3653883236
415404.6089912934	4568556.4285487244
415403.6109879047	4568556.4917091262
415402.6129845162	4568556.5548695279
415401.6149811275	4568556.6180299288
415400.6169777389	4568556.6811903305
415399.6189743503	4568556.7443507323
415398.6209709617	4568556.8075111331
415397.6222544320	4568556.8479987560
415396.6222544820	4568556.8476827964
415395.6222545319	4568556.8473668369
415394.6222545818	4568556.8470508773
415393.6222546317	4568556.8467349177
415392.6222546816	4568556.8464189582
415391.6240933271	4568556.8850981416
415390.6285593653	4568556.9795022244
415389.6330254034	4568557.0739063062
415388.6374914416	4568557.1683103889
415387.6419574797	4568557.2627144717
415386.6464235179	4568557.3571185544
415385.6508895561	4568557.4515226372
415384.6515716787	4568557.4515651166
415383.6516751770	4568557.4371781163
415382.6517786752	4568557.4227911159
415381.6518821735	4568557.4084041165
415380.6519856717	4568557.3940171162
415379.6520891700	4568557.3796301158
415378.6521926682	4568557.3652431155
415377.6523000331	4568557.3506198898
415376.6524683266	4568557.3322743541
415375.6526366201	4568557.3139288183
415374.6528049136	4568557.2955832826
415373.6529732071	4568557.2772377469
415372.6531415006	4568557.2588922102
415371.6533097941	4568557.2405466745
415370.6534780876	4568557.2222011387
415369.6536463811	4568557.2038556030
415368.6538146746	4568557.1855100673
415367.6539829682	4568557.1671645306
415366.6541512616	4568557.1488189949
415365.6543195552	4568557.1304734591
415364.6579034508	4568557.0511023449
415363.6622692247	4568556.9577616360
415362.6666349986	4568556.8644209281
415361.6704499532	4568556.7783585237
415360.6721080577	4568556.7207958633
415359.6737661623	4568556.6632332038
415358.6754242669	4568556.6056705434
415357.6770823715	4568556.5481078839
415356.6791268895	4568556.4848749721
415355.6822056565	4568556.4064654373
415354.6852844235	4568556.3280559015
415353.6883631905	4568556.2496463666
415352.6914419575	4568556.1712368308
415351.6945207246	4568556.0928272959
415350.6975994916	4568556.0144177601
415349.7006782586	4568555.9360082252
415348.7037570256	4568555.8575986894
415347.7068357927	4568555.7791891545
415346.7097235580	4568555.7130124718
415345.7108403390	4568555.7602598527
415344.7119571202	4568555.8075072337
415343.7130739013	4568555.8547546146
415342.7141906824	4568555.9020019956
415341.7153074635	4568555.9492493765
415340.7164242446	4568555.9964967575
415339.7175410257	4568556.0437441384
415338.7186578068	4568556.0909915194
415337.7197745879	4568556.1382389003
415336.7208913690	4568556.1854862822
415335.7219806344	4568556.2247383138
415334.7227958797	4568556.1843672125
415333.7236111249	4568556.1439961111
415332.7244263701	4568556.1036250107
415331.7252416153	4568556.0632539093
415330.7260568605	4568556.0228828080
415329.7273252728	4568556.0342295915
415328.7290013687	4568556.0921034412
415327.7306774645	4568556.1499772901
415326.7323535604	4568556.2078511398
415325.7340296562	4568556.2657249887
415324.7357057521	4568556.3235988384
415323.7373818480	4568556.3814726882
415322.7390579438	4568556.4393465370
415321.7407340397	4568556.4972203868
415320.7424101356	4568556.5550942365
415319.7440862315	4568556.6129680853
415318.7457623274	4568556.6708419351
415317.7497645026	4568556.7594952928
415316.7540814032	4568556.8523132093
415315.7583983037	4568556.9451311249
415314.7627152043	4568557.0379490415
415313.7670321049	4568557.1307669571
415312.7713490055	4568557.2235848727
415311.7748108272	4568557.3027302539
415310.7753216766	4568557.3346901955
415309.7758325260	4568557.3666501362
415308.7763433754	4568557.3986100769
415307.7766702901	4568557.4216884458
415306.7767149230	4568557.4311364042
415305.7767595560	4568557.4405843616
415304.7768041889	4568557.4500323189
415303.7768488219	4568557.4594802773
415302.7770134280	4568557.4762045937
415301.7772901297	4568557.4997274950
415300.7775668315	4568557.5232503964
415299.7778435332	4568557.5467732968
415298.7781202349	4568557.5702961981
415297.7783969366	4568557.5938190995
415296.7786736383	4568557.6173420008
415295.7789503400	4568557.6408649022
415294.7792270418	4568557.6643878026
415293.7795037435	4568557.6879107039
415292.7798735489	4568557.7150953840
415291.7802465970	4568557.7424075957
415290.7806196450	4568557.7697198084
415289.7809926931	4568557.7970320201
415288.7813657411	4568557.8243442317
415287.7817387891	4568557.8516564434
415286.7821118372	4568557.8789686551
415285.7824848852	4568557.9062808668
415284.7828579333	4568557.9335930785
415283.7832309813	4568557.9609052911
415282.7834120551	4568557.9788359581
415281.7835045964	4568557.9924401417
415280.7835971375	4568558.0060443245
415279.7836896787	4568558.0196485072
415278.7837822199	4568558.0332526900
415277.7838747610	4568558.0468568737
415276.7839673023	4568558.0604610564
415275.7840598434	4568558.0740652392
415274.7855492719	4568558.0468423879
415273.7889099983	4568557.9649268314
415272.7922707248	4568557.8830112750
415271.7956314513	4568557.8010957176
415270.7989921777	4568557.7191801611
415269.8023529042	4568557.6372646047
415268.8057136307	4568557.5553490482
415267.8090743571	4568557.4734334908
415266.8120581556	4568557.3970401511
415265.8135317351	4568557.3427724112
415264.8150053147	4568557.2885046713
415263.8164788942	4568557.2342369305
415262.8179524737	4568557.1799691906
415261.8194030665	4568557.1262262519
415260.8199558413	4568557.0929810423
415259.8205086161	4568557.0597358327
415258.8210613908	4568557.0264906231
415257.8216141656	4568556.9932454135
415256.8221369990	4568556.9628456933
415255.8222115078	4568556.9750527423
415254.8222860166	4568556.9872597903
415253.8223605254	4568556.9994668392
415252.8224350342	4568557.0116738882
415251.8225095429	4568557.0238809362
415250.8225840518	4568557.0360879852
415249.8226585606	4568557.0482950332
415248.8227330693	4568557.0605020821
415247.8232564797	4568557.0825864626
415246.8263458690	4568557.1611309350
415245.8294352582	4568557.2396754073
415244.8325246474	4568557.3182198796
415243.8356140367	4568557.3967643529
415242.8387034259	4568557.4753088253
415241.8417928152	4568557.5538532976
415240.8448822044	4568557.6323977700
415239.8479715936	4568557.7109422423
415238.8510609829	4568557.7894867146
415237.8526670423	4568557.7567150826
415236.8540175043	4568557.7047622167
415235.8553679663	4568557.6528093498
415234.8567184283	4568557.6008564839
415233.8580688904	4568557.5489036180
415232.8594193524	4568557.4969507512
415231.8607698144	4568557.4449978853
415230.8621202765	4568557.3930450184
415229.8634707385	4568557.3410921525
415228.8646726871	4568557.2976650810
415227.8648195935	4568557.3148054192
415226.8649664999	4568557.3319457583
415225.8651134063	4568557.3490860965
415224.8652603127	4568557.3662264356
415223.8654072191	4568557.3833667748
415222.8655541255	4568557.4005071130
415221.8657010319	4568557.4176474521
415220.8658479383	4568557.4347877903
415219.8659948447	4568557.4519281294
415218.8661057198	4568557.4660745347
415217.8661297126	4568557.4730016487
415216.8661537053	4568557.4799287627
415215.8661776980	4568557.4868558776
415214.8662016908	4568557.4937829915
415213.8662256835	4568557.5007101065
415212.8662496763	4568557.5076372204
415211.8662736690	4568557.5145643344
415210.8662976618	4568557.5214914493
415209.8663216545	4568557.5284185633
415208.8663525878	4568557.5276292516
415207.8663906597	4568557.5189032881
415206.8664287317	4568557.5101773245
415205.8664668036	4568557.5014513610
415204.8665048756	4568557.4927253975
415203.8665429475	4568557.4839994339
415202.8665810195	4568557.4752734695
415201.8666190914	4568557.4665475059
415200.8666665424	4568557.4568263330
415199.8667177672	4568557.4467047304
415198.8667689919	4568557.4365831278
415197.8668202166	4568557.4264615262
415196.8668714413	4568557.4163399236
415195.8669226661	4568557.4062183211
415194.8669738908	4568557.3960967185
415193.8670251156	4568557.3859751159
415192.8670763403	4568557.3758535134
415191.8671275650	4568557.3657319108
415190.8671787897	4568557.3556103082
415189.8672300144	4568557.3454887066
415188.8672812392	4568557.3353671040
415187.8673324639	4568557.3252455015
415186.8673836887	4568557.3151238989
415185.8674349134	4568557.3050022963
415184.8683527395	4568557.2634668304
415183.8693667525	4568557.2184446380
415182.8703807656	4568557.1734224446
415181.8713947786	4568557.1284002513
415180.8724087916	4568557.0833780589
415179.8734228047	4568557.0383558655
415178.8744368177	4568556.9933336722
415177.8771847716	4568556.9287151406
415176.8858143403	4568556.7976248357
415175.8944439091	4568556.6665345309
415174.9030734779	4568556.5354442261
415173.9117030466	4568556.4043539204
415172.9203326154	4568556.2732636156
415171.9289621841	4568556.1421733107
415170.9343763007	4568556.0599283902
415169.9343763007	4568556.0599283902
415168.9343763007	4568556.0599283902
415167.9343763007	4568556.0599283902
415166.9343763007	4568556.0599283902
415165.9343763007	4568556.0599283902
415164.9359669172	4568556.0073898900
415163.9377984206	4568555.9468948301
415162.9396299239	4568555.8863997702
415161.9411785750	4568555.8348105373
415160.9411829775	4568555.8318431918
415159.9411873801	4568555.8288758453
415158.9411917827	4568555.8259084988
415157.9411961853	4568555.8229411533
415156.9412005879	4568555.8199738069
415155.9412049905	4568555.8170064613
415154.9412093931	4568555.8140391149
415153.9412137956	4568555.8110717693
415152.9412181982	4568555.8081044229
415151.9412226008	4568555.8051370773
415150.9412270034	4568555.8021697309
415149.9412314060	4568555.7992023854
415148.9412358086	4568555.7962350389
415147.9412402111	4568555.7932676924
415146.9412446137	4568555.7903003469
415145.9412490163	4568555.7873330005
415144.9412534189	4568555.7843656549
415143.9412578214	4568555.7813983085
415142.9414986909	4568555.7687191432
415141.9425436567	4568555.7230153186
415140.9435886225	4568555.6773114931
415139.9446335883	4568555.6316076685
415138.9456785540	4568555.5859038429
415137.9467235198	4568555.5402000183
415136.9477684856	4568555.4944961937
415135.9488134514	4568555.4487923682
415134.9498584172	4568555.4030885436
415133.9502604081	4568555.3823811589
415132.9502767342	4568555.3766669668
415131.9502930604	4568555.3709527738
415130.9503093864	4568555.3652385818
415129.9503257126	4568555.3595243897
415128.9503420387	4568555.3538101967
415127.9503583649	4568555.3480960047
415126.9503746910	4568555.3423818117
415125.9503910171	4568555.3366676196
415124.9504073432	4568555.3309534276
415123.9517485419	4568555.2836539876
415122.9534290635	4568555.2257038467
415121.9551095849	4568555.1677537067
415120.9567901064	4568555.1098035658
415119.9584706279	4568555.0518534249
415118.9601511493	4568554.9939032840
415117.9618316708	4568554.9359531440
415116.9635121923	4568554.8780030031
415115.9651927138	4568554.8200528622
415114.9660622451	4568554.7815644927
415113.9663825526	4568554.7562561464
415112.9667028601	4568554.7309477990
415111.9670231676	4568554.7056394527
415110.9673434751	4568554.6803311063
415109.9676637826	4568554.6550227599
415108.9679840901	4568554.6297144135
415107.9683043976	4568554.6044060662
415106.9686247051	4568554.5790977199
415105.9707980806	4568554.5196816232
415104.9742606852	4568554.4365358511
415103.9777232897	4568554.3533900790
415102.9811858942	4568554.2702443069
415101.9846484987	4568554.1870985348
415100.9881111032	4568554.1039527627
415099.9915737077	4568554.0208069906
415098.9950363122	4568553.9376612194
415097.9984989168	4568553.8545154473
415097.0019615212	4568553.7713696752
415096.0049579614	4568553.6964918375
415095.0053902069	4568553.6670927852
415094.0058224525	4568553.6376937339
415093.0062546980	4568553.6082946816
415092.0066869435	4568553.5788956294
415091.0071191891	4568553.5494965781
415090.0074730816	4568553.5419084392
415089.0077199038	4568553.5641251765
415088.0079667259	4568553.5863419147
415087.0082135481	4568553.6085586520
415086.0084603703	4568553.6307753893
415085.0087042519	4568553.6528587090
415084.0089430508	4568553.6747114128
415083.0091818496	4568553.6965641165
415082.0094206485	4568553.7184168203
415081.0096594473	4568553.7402695240
415080.0098982462	4568553.7621222278
415079.0101370450	4568553.7839749316
415078.0103758438	4568553.8058276353
415077.0106146427	4568553.8276803391
415076.0108534415	4568553.8495330429
415075.0111216065	4568553.8665808551
415074.0117021955	4568553.8325097393
415073.0122827845	4568553.7984386226
415072.0128633735	4568553.7643675068
415071.0134439625	4568553.7302963911
415070.0139452383	4568553.7002111441
415069.0139615645	4568553.6944969520
415068.0139778906	4568553.6887827590
415067.0139942168	4568553.6830685670
415066.0140105429	4568553.6773543740
415065.0140268690	4568553.6716401819
415064.0140431951	4568553.6659259889
415063.0140595213	4568553.6602117969
415062.0140758474	4568553.6544976039
415061.0140921735	4568553.6487834118
415060.0142689425	4568553.6550049139
415059.0148001824	4568553.6875962866
415058.0153314223	4568553.7201876594
415057.0158626622	4568553.7527790321
415056.0163939021	4568553.7853704048
415055.0169251420	4568553.8179617776
415054.0174563818	4568553.8505531494
415053.0179876217	4568553.8831445221
415052.0185188616	4568553.9157358948
415051.0190501015	4568553.9483272675
415050.0195813414	4568553.9809186403
415049.0230967654	4568554.0642466415
415048.0266987582	4568554.1490464723
415047.0303007510	4568554.2338463021
415046.0339027438	4568554.3186461329
415045.0375047366	4568554.4034459628
415044.0411067294	4568554.4882457936
415043.0447087222	4568554.5730456235
415042.0483551659	4568554.6583134001
415041.0538116701	4568554.7626361446
415040.0592681743	4568554.8669588892
415039.0647246785	4568554.9712816337
415038.0701811828	4568555.0756043782
415037.0756376870	4568555.1799271228
415036.0810941912	4568555.2842498664
415035.0865506954	4568555.3885726109
415034.0920071996	4568555.4928953554
415033.0923553556	4568555.5095046414
415032.0924253738	4568555.5213381322
415031.0924953920	4568555.5331716230
415030.0925654102	4568555.5450051138
415029.0926354284	4568555.5568386046
415028.0927054466	4568555.5686720954
415027.0927754648	4568555.5805055862
415026.0928454830	4568555.5923390770
415025.0929155012	4568555.6041725678
415024.0936554912	4568555.6358990055
415023.0951951380	4568555.6913690250
415022.0967347848	4568555.7468390446
415021.0982744316	4568555.8023090642
415020.0998140784	4568555.8577790838
415019.1013537252	4568555.9132491034
415018.1028933720	4568555.9687191229
415017.1044330188	4568556.0241891425
415016.1059726656	4568556.0796591630
415015.1071187436	4568556.1064749379
415014.1075115594	4568556.0784485685
415013.1079043753	4568556.0504221981
415012.1082971911	4568556.0223958287
415011.1086900070	4568555.9943694593
415010.1090828228	4568555.9663430899
415009.1093572303	4568555.9503822755
415008.1093925367	4568555.9587853393
415007.1094278430	4568555.9671884039
415006.1094631494	4568555.9755914686
415005.1094984557	4568555.9839945324
415004.1095337621	4568555.9923975971
415003.1095690685	4568556.0008006617
415002.1121970216	4568555.9456294775
415001.1162371724	4568555.8558298191
415000.1202773231	4568555.7660301607
414999.1243174738	4568555.6762305023
414998.1283576245	4568555.5864308439
414997.1323977753	4568555.4966311855
414996.1364379260	4568555.4068315271
414995.1435358655	4568555.2889194656
414994.1515601150	4568555.1624911828
414993.1595843645	4568555.0360629009
414992.1676086141	4568554.9096346190
414991.1756328636	4568554.7832063371
414990.1836571132	4568554.6567780552
414989.1847236250	4568554.6111569991
414988.1857366117	4568554.5661575841
414987.1867495985	4568554.5211581700
414986.1877625853	4568554.4761587549
414985.1887755720	4568554.4311593398
414984.1897885587	4568554.3861599257
414983.1903849395	4568554.3522192836
414982.1908437603	4568554.3219301561
414981.1913025811	4568554.2916410295
414980.1917614020	4568554.2613519030
414979.1922202229	4568554.2310627755
414978.1926790437	4568554.2007736489
414977.1931378646	4568554.1704845224
414976.1935966854	4568554.1401953949
414975.1940555063	4568554.1099062683
414974.1943482322	4568554.0869441088
414973.1944612777	4568554.0719082151
414972.1945743231	4568554.0568723213
414971.1946873685	4568554.0418364275
414970.1948004140	4568554.0268005338
414969.1949134594	4568554.0117646400
414968.1950265048	4568553.9967287462
414967.1951650156	4568553.9825515458
414966.1979262843	4568554.0568140047
414965.2006875530	4568554.1310764635
414964.2034488217	4568554.2053389223
414963.2062100904	4568554.2796013812
414962.2089713591	4568554.3538638400
414961.2097568758	4568554.3749897806
414960.2097568758	4568554.3749897806
414959.2097568758	4568554.3749897806
414958.2097568758	4568554.3749897806
414957.2097568758	4568554.3749897806
414956.2097568758	4568554.3749897797
414955.2097568758	4568554.3749897797
414954.2097568758	4568554.3749897797
414953.2097568758	4568554.3749897797
414952.2097568758	4568554.3749897797
414951.2126114560	4568554.4504586710
414950.2154687680	4568554.5259997845
414949.2183260800	4568554.6015408970
414948.2211833920	4568554.6770820096
414947.2240407039	4568554.7526231222
414946.2268980159	4568554.8281642357
414945.2297553279	4568554.9037053483
414944.2324531140	4568554.9770856313
414943.2350276137	4568555.0487959608
414942.2376021134	4568555.1205062913
414941.2401766132	4568555.1922166217
414940.2427511129	4568555.2639269512
414939.2453256127	4568555.3356372816
414938.2479001124	4568555.4073476112
414937.2504746121	4568555.4790579416
414936.2530491119	4568555.5507682711
414935.2535469766	4568555.5281041125
414934.2539325560	4568555.5003370456
414933.2543181353	4568555.4725699779
414932.2547037147	4568555.4448029110
414931.2550892940	4568555.4170358432
414930.2554748734	4568555.3892687764
414929.2558604527	4568555.3615017086
414928.2562460321	4568555.3337346418
414927.2569545922	4568555.2963030105
414926.2577166597	4568555.2572702793
414925.2584787271	4568555.2182375472
414924.2592407945	4568555.1792048160
414923.2600028620	4568555.1401720839
414922.2607649294	4568555.1011393527
414921.2615269969	4568555.0621066205
414920.2618119997	4568555.0551068475
414919.2618548639	4568555.0643657101
414918.2618977281	4568555.0736245718
414917.2619405923	4568555.0828834344
414916.2619834565	4568555.0921422970
414915.2620263207	4568555.1014011586
414914.2621936610	4568555.1185185127
414913.2624449287	4568555.1409344031
414912.2626961964	4568555.1633502943
414911.2629474640	4568555.1857661847
414910.2631987317	4568555.2081820760
414909.2634499993	4568555.2305979664
414908.2637012669	4568555.2530138576
414907.2639525346	4568555.2754297480
414906.2642038022	4568555.2978456393
414905.2644550699	4568555.3202615296
414904.2647063376	4568555.3426774209
414903.2649576052	4568555.3650933113
414902.2654277482	4568555.3802294945
414901.2688316372	4568555.2977904780
414900.2722355261	4568555.2153514614
414899.2756394151	4568555.1329124449
414898.2790433041	4568555.0504734283
414897.2824471930	4568554.9680344118
414896.2858510820	4568554.8855953952
414895.2892549709	4568554.8031563787
414894.2926588599	4568554.7207173621
414893.2960627488	4568554.6382783456
414892.2994666377	4568554.5558393290
414891.3028705267	4568554.4734003134
414890.3062744157	4568554.3909612969
414889.3096783046	4568554.3085222803
414888.3130821936	4568554.2260832638
414887.3164860825	4568554.1436442472
414886.3198899715	4568554.0612052307
414885.3232938604	4568553.9787662141
414884.3266977493	4568553.8963271976
414883.3301016383	4568553.8138881810
414882.3335055273	4568553.7314491645
414881.3369094162	4568553.6490101479
414880.3403133052	4568553.5665711313
414879.3437171941	4568553.4841321148
414878.3471210831	4568553.4016930982
414877.3505249720	4568553.3192540817
414876.3539288609	4568553.2368150651
414875.3573327499	4568553.1543760495
414874.3607366389	4568553.0719370330
414873.3641405278	4568552.9894980164
414872.3675444168	4568552.9070589999
414871.3716289925	4568552.8172077984
414870.3766869734	4568552.7167569222
414869.3817449543	4568552.6163060451
414868.3868029352	4568552.5158551680
414867.3918609161	4568552.4154042909
414866.3969188971	4568552.3149534147
414865.4019768780	4568552.2145025376
414864.4070348589	4568552.1140516605
414863.4120928398	4568552.0136007834
414862.4171508207	4568551.9131499073
414861.4222088016	4568551.8126990302
414860.4272667826	4568551.7122481531
414859.4340586808	4568551.5964058256
414858.4417050351	4568551.4729787549
414857.4493513893	4568551.3495516842
414856.4569977435	4568551.2261246145
414855.4646440977	4568551.1026975438
414854.4722904520	4568550.9792704731
414853.4799368062	4568550.8558434034
414852.4875831604	4568550.7324163327
414851.4952295146	4568550.6089892620
414850.5028758688	4568550.4855621913
414849.5105222230	4568550.3621351216
414848.5160869005	4568550.2651295494
414847.5166482078	4568550.2316288110
414846.5172095150	4568550.1981280725
414845.5177708223	4568550.1646273341
414844.5183321295	4568550.1311265957
414843.5188934368	4568550.0976258572
414842.5194547441	4568550.0641251188
414841.5200160514	4568550.0306243803
414840.5205773586	4568549.9971236419
414839.5211386659	4568549.9636229035
414838.5216511961	4568549.9442245672
414837.5220046754	4568549.9708109107
414836.5223581547	4568549.9973972542
414835.5227116340	4568550.0239835978
414834.5230651133	4568550.0505699422
414833.5234185926	4568550.0771562858
414832.5237720720	4568550.1037426293
414831.5241255512	4568550.1303289728
414830.5244790305	4568550.1569153164
414829.5248325098	4568550.1835016599
414828.5251859892	4568550.2100880034
414827.5316663577	4568550.3110765535
414826.5411370002	4568550.4483776521
414825.5506076426	4568550.5856787506
414824.5600782850	4568550.7229798501
414823.5695489274	4568550.8602809487
414822.5790195698	4568550.9975820472
414821.5857892495	4568551.1136289928
414820.5924021940	4568551.2284425721
414819.5990151385	4568551.3432561513
414818.6056280831	4568551.4580697306
414817.6122410276	4568551.5728833098
414816.6188539721	4568551.6876968890
414815.6254669167	4568551.8025104692
414814.6320798612	4568551.9173240485
414813.6386928057	4568552.0321376277
414812.6453057502	4568552.1469512070
414811.6519186948	4568552.2617647862
414810.6598467411	4568552.3872335656
414809.6683546708	4568552.5174006680
414808.6768626006	4568552.6475677704
414807.6853705303	4568552.7777348738
414806.6938784600	4568552.9079019763
414805.7023863897	4568553.0380690787
414804.7108943194	4568553.1682361811
414803.7194022492	4568553.2984032836
414802.7279101789	4568553.4285703860
414801.7364181086	4568553.5587374885
414800.7449260383	4568553.6889045909
414799.7534339680	4568553.8190716933
414798.7619418978	4568553.9492387958
414797.7767878553	4568554.1181262648
414796.7955390347	4568554.3108715685
414795.8142902142	4568554.5036168722
414794.8330413936	4568554.6963621760
414793.8517925730	4568554.8891074797
414792.8705437525	4568555.0818527834
414791.8881871861	4568555.2679203646
414790.8972616949	4568555.4023326812
414789.9063362038	4568555.5367449988
414788.9154107126	4568555.6711573163
414787.9244852215	4568555.8055696329
414786.9335597303	4568555.9399819504
414785.9426342392	4568556.0743942671
414784.9517087480	4568556.2088065846
414783.9607832569	4568556.3432189012
414782.9698577657	4568556.4776312187
414781.9789322746	4568556.6120435353
414780.9880067834	4568556.7464558529
414779.9970812923	4568556.8808681704
414779.0061558011	4568557.0152804870
414778.0152303100	4568557.1496928046
414777.0243048189	4568557.2841051212
414776.0294990254	4568557.3767255126
414775.0307660682	4568557.4270492662
414774.0320331109	4568557.4773730198
414773.0333001538	4568557.5276967725
414772.0345671965	4568557.5780205261
414771.0358342393	4568557.6283442797
414770.0371012821	4568557.6786680333
414769.0383683249	4568557.7289917869
414768.0396353677	4568557.7793155406
414767.0409024104	4568557.8296392942
414766.0421694533	4568557.8799630478
414765.0434364960	4568557.9302868014
414764.0447035388	4568557.9806105550
414763.0459705816	4568558.0309343087
414762.0472376244	4568558.0812580623
414761.0473935441	4568558.0651684050
414760.0475361318	4568558.0482818717
414759.0476787195	4568558.0313953375
414758.0478213072	4568558.0145088034
414757.0479638948	4568557.9976222701
414756.0481064825	4568557.9807357360
414755.0482490702	4568557.9638492018
414754.0483916578	4568557.9469626686
414753.0485342455	4568557.9300761344
414752.0486768332	4568557.9131896002
414751.0488194209	4568557.8963030670
414750.0489620086	4568557.8794165328
414749.0492864870	4568557.8545656949
414748.0497006375	4568557.8257884542
414747.0501147881	4568557.7970112143
414746.0505289386	4568557.7682339735
414745.0509430892	4568557.7394567328
414744.0513572397	4568557.7106794929
414743.0517713903	4568557.6819022521
414742.0521855408	4568557.6531250123
414741.0525996913	4568557.6243477715
414740.0530138419	4568557.5955705307
414739.0534279924	4568557.5667932909
414738.0538421429	4568557.5380160501
414737.0547312261	4568557.5421639765
414736.0563912844	4568557.5997605119
414735.0580513428	4568557.6573570473
414734.0597114011	4568557.7149535818
414733.0613714594	4568557.7725501172
414732.0630315178	4568557.8301466526
414731.0646915761	4568557.8877431881
414730.0663516344	4568557.9453397226
414729.0680116928	4568558.0029362580
414728.0696717511	4568558.0605327934
414727.0713318094	4568558.1181293279
414726.0729918677	4568558.1757258633
414725.0787070251	4568558.2779534552
414724.0863346106	4568558.4012295315
414723.0939621961	4568558.5245056078
414722.1015897816	4568558.6477816841
414721.1092173672	4568558.7710577603
414720.1168449527	4568558.8943338366
414719.1244725382	4568559.0176099129
414718.1321001237	4568559.1408859892
414717.1397277092	4568559.2641620655
414716.1486422057	4568559.3971164981
414715.1585373918	4568559.5374463135
414714.1684325778	4568559.6777761299
414713.1783277638	4568559.8181059463
414712.1882229498	4568559.9584357627
414711.1981181359	4568560.0987655791
414710.2080133219	4568560.2390953954
414709.2157077029	4568560.3602403915
414708.2195455289	4568560.4477670910
414707.2233833549	4568560.5352937896
414706.2272211809	4568560.6228204891
414705.2310590069	4568560.7103471886
414704.2348968329	4568560.7978738872
414703.2366469355	4568560.8311104355
414702.2367048979	4568560.8203437608
414701.2367628602	4568560.8095770860
414700.2368208225	4568560.7988104112
414699.2368787848	4568560.7880437374
414698.2369367471	4568560.7772770626
414697.2369947094	4568560.7665103879
414696.2370526718	4568560.7557437131
414695.2371106341	4568560.7449770393
414694.2371685964	4568560.7342103645
414693.2372265588	4568560.7234436898
414692.2376405318	4568560.6957293274
414691.2381284557	4568560.6644945750
414690.2386163796	4568560.6332598226
414689.2391043035	4568560.6020250702
414688.2395922274	4568560.5707903178
414687.2400801513	4568560.5395555655
414686.2405680752	4568560.5083208131
414685.2437196987	4568560.4355303710
414684.2483996195	4568560.3388973530
414683.2530795404	4568560.2422643360
414682.2577594612	4568560.1456313189
414681.2624393821	4568560.0489983018
414680.2671193029	4568559.9523652839
414679.2696388339	4568559.9880489726
414678.2716945932	4568560.0521371355
414677.2737503526	4568560.1162252976
414676.2758061119	4568560.1803134596
414675.2778618713	4568560.2444016216
414674.2799176306	4568560.3084897846
414673.2809861165	4568560.3041471196
414672.2816083725	4568560.2688749637
414671.2822306286	4568560.2336028079
414670.2828528848	4568560.1983306520
414669.2834751408	4568560.1630584951
414668.2837517995	4568560.1800528895
414667.2839950066	4568560.2021063482
414666.2842382138	4568560.2241598070
414665.2844814208	4568560.2462132666
414664.2847246279	4568560.2682667254
414663.2849678350	4568560.2903201841
414662.2852110421	4568560.3123736428
414661.2854061513	4568560.3253190350
414660.2854722038	4568560.3138255412
414659.2855382561	4568560.3023320474
414658.2856043085	4568560.2908385526
414657.2856703609	4568560.2793450588
414656.2868740966	4568560.3021731721
414655.2898962660	4568560.3798597567
414654.2929184355	4568560.4575463403
414653.2959406049	4568560.5352329249
414652.2989145122	4568560.6122359373
414651.3009113990	4568560.6754006911
414650.3029082859	4568560.7385654449
414649.3049051728	4568560.8017301988
414648.3069020596	4568560.8648949526
414647.3102828219	4568560.9457699051
414646.3145816059	4568561.0383932739
414645.3188803899	4568561.1310166428
414644.3231791739	4568561.2236400116
414643.3274779580	4568561.3162633805
414642.3289249682	4568561.3630588884
414641.3294222909	4568561.3945929660
414640.3299196136	4568561.4261270436
414639.3304169362	4568561.4576611202
414638.3321668850	4568561.5151300952
414637.3342775642	4568561.5800677836
414636.3363882434	4568561.6450054720
414635.3384989226	4568561.7099431613
414634.3416151013	4568561.7882187432
414633.3452684522	4568561.8736198843
414632.3476412049	4568561.9413835499
414631.3494080532	4568562.0008021910
414630.3511749016	4568562.0602208311
414629.3529417499	4568562.1196394721
414628.3547085981	4568562.1790581122
414627.3549122589	4568562.1969914241
414626.3550382115	4568562.2128624404
414625.3551641640	4568562.2287334567
414624.3553144939	4568562.2459933544
414623.3554993539	4568562.2652205685
414622.3556842139	4568562.2844477827
414621.3571752993	4568562.3312826417
414620.3600111788	4568562.4065403119
414619.3628470583	4568562.4817979811
414618.3646669723	4568562.4981343001
414617.3655010879	4568562.4572988311
414616.3663352035	4568562.4164633611
414615.3671693192	4568562.3756278921
414614.3680034349	4568562.3347924231
414613.3688375505	4568562.2939569540
414612.3696716661	4568562.2531214850
414611.3705057818	4568562.2122860160
414610.3713398974	4568562.1714505460
414609.3721740131	4568562.1306150770
414608.3729982085	4568562.0900656171
414607.3734041763	4568562.0615740232
414606.3738101442	4568562.0330824293
414605.3742161121	4568562.0045908364
414604.3746220799	4568561.9760992425
414603.3750280478	4568561.9476076486
414602.3754340157	4568561.9191160556
414601.3766404501	4568561.9273840040
414600.3792342135	4568561.9993617740
414599.3818279769	4568562.0713395430
414598.3844217404	4568562.1433173120
414597.3870155038	4568562.2152950810
414596.3896092673	4568562.2872728501
414595.3901211949	4568562.2724306453
414594.3904113865	4568562.2483412530
414593.3907015780	4568562.2242518598
414592.3909917695	4568562.2001624675
414591.3945784107	4568562.1417549150
414590.4085623969	4568561.9751043208
414589.4225463830	4568561.8084537275
414588.4365303691	4568561.6418031342
414587.4489684808	4568561.4861986386
414586.4550847462	4568561.3757671118
414585.4612010116	4568561.2653355859
414584.4673172769	4568561.1549040591
414583.4734335423	4568561.0444725333
414582.4781211787	4568560.9484270131
414581.4819300505	4568560.8612304758
414580.4857389223	4568560.7740339385
414579.4930833479	4568560.6580488188
414578.5053967423	4568560.5016034003
414577.5177101366	4568560.3451579819
414576.5300235309	4568560.1887125624
414575.5423369252	4568560.0322671439
414574.5546503196	4568559.8758217255
414573.5611408393	4568559.7674637279
414572.5646596061	4568559.6836475488
414571.5681783728	4568559.5998313706
414570.5716971396	4568559.5160151925
414569.5752159064	4568559.4321990134
414568.5787346731	4568559.3483828353
414567.5834607821	4568559.2517731907
414566.5888921430	4568559.1476904266
414565.5943235038	4568559.0436076615
414564.5997548645	4568558.9395248964
414563.6051862253	4568558.8354421314
414562.6076025816	4568558.7690208312
414561.6091422284	4568558.7135508116
414560.6106818752	4568558.6580807921
414559.6122215220	4568558.6026107734
414558.6137611688	4568558.5471407538
414557.6142044121	4568558.5311716897
414556.6142044121	4568558.5311716897
414555.6142044121	4568558.5311716897
414554.6142044121	4568558.5311716897
414553.6142044121	4568558.5311716897
414552.6168408204	4568558.5924497917
414551.6205360515	4568558.6783381337
414550.6242312825	4568558.7642264757
414549.6279265135	4568558.8501148177
414548.6316217445	4568558.9360031588
414547.6353169755	4568559.0218915008
414546.6385566121	4568559.1009115772
414545.6396365260	4568559.1473729769
414544.6407164400	4568559.1938343756
414543.6417963539	4568559.2402957752
414542.6428762678	4568559.2867571749
414541.6439561817	4568559.3332185745
414540.6450360957	4568559.3796799732
414539.6461160096	4568559.4261413729
414538.6471959235	4568559.4726027725
414537.6482758374	4568559.5190641722
414536.6488689872	4568559.5497045871
414535.6489820326	4568559.5647404818
414534.6490950781	4568559.5797763756
414533.6492081235	4568559.5948122703
414532.6493211690	4568559.6098481640
414531.6494342144	4568559.6248840587
414530.6495472599	4568559.6399199525
414529.6496616401	4568559.6550377812
414528.6498154981	4568559.6725789420
414527.6499693560	4568559.6901201019
414526.6501232140	4568559.7076612618
414525.6502770720	4568559.7252024217
414524.6504309300	4568559.7427435825
414523.6505847880	4568559.7602847423
414522.6556430543	4568559.8459514063
414521.6635946463	4568559.9718082938
414520.6715462384	4568560.0976651814
414519.6794978304	4568560.2235220699
414518.6874494224	4568560.3493789574
414517.6954010144	4568560.4752358459
414516.7033526065	4568560.6010927334
414515.7111668579	4568560.7257254375
414514.7158922239	4568560.8228254011
414513.7206175900	4568560.9199253656
414512.7253429560	4568561.0170253292
414511.7300683221	4568561.1141252937
414510.7347936881	4568561.2112252573
414509.7395190542	4568561.3083252218
414508.7437648453	4568561.3957460532
414507.7437663949	4568561.3975064931
414506.7437679444	4568561.3992669331
414505.7437694940	4568561.4010273730
414504.7437710436	4568561.4027878130
414503.7437725932	4568561.4045482529
414502.7437741427	4568561.4063086929
414501.7441230155	4568561.3854594734
414500.7446504917	4568561.3529837262
414499.7451779679	4568561.3205079790
414498.7457054441	4568561.2880322309
414497.7462329203	4568561.2555564838
414496.7467603965	4568561.2230807357
414495.7472878727	4568561.1906049885
414494.7478481052	4568561.1571580786
414493.7484588221	4568561.1222143974
414492.7490695390	4568561.0872707162
414491.7496802559	4568561.0523270350
414490.7502909728	4568561.0173833538
414489.7509016898	4568560.9824396726
414488.7515124067	4568560.9474959914
414487.7521231236	4568560.9125523102
414486.7538581248	4568560.8591534635
414485.7576175365	4568560.7725238474
414484.7613769484	4568560.6858942313
414483.7651363602	4568560.5992646152
414482.7688957720	4568560.5126349991
414481.7726551837	4568560.4260053830
414480.7764145955	4568560.3393757660
414479.7845538873	4568560.2129603252
414478.7933259866	4568560.0807966050
414477.8020980860	4568559.9486328848
414476.8108701853	4568559.8164691646
414475.8196422846	4568559.6843054444
414474.8284143840	4568559.5521417242
414473.8371864833	4568559.4199780039
414472.8446030314	4568559.3008970236
414471.8473352770	4568559.2270253384
414470.8500675225	4568559.1531536523
414469.8527997681	4568559.0792819671
414468.8555320136	4568559.0054102819
414467.8582642591	4568558.9315385958
414466.8609965046	4568558.8576669106
414465.8637287502	4568558.7837952254
414464.8664609957	4568558.7099235402
414463.8689302287	4568558.6419131262
414462.8690542058	4568558.6261670468
414461.8691781830	4568558.6104209684
414460.8693021602	4568558.5946748890
414459.8694261374	4568558.5789288105
414458.8695501146	4568558.5631827312
414457.8696740918	4568558.5474366518
414456.8697980689	4568558.5316905733
414455.8703900050	4568558.5648853742
414454.8709978872	4568558.5997478906
414453.8716057695	4568558.6346104061
414452.8722136518	4568558.6694729216
414451.8728215340	4568558.7043354381
414450.8734294163	4568558.7391979536
414449.8740372986	4568558.7740604691
414448.8746451809	4568558.8089229846
414447.8752530631	4568558.8437855011
414446.8757704876	4568558.8756163651
414445.8760777020	4568558.9004021371
414444.8763849164	4568558.9251879090
414443.8766921308	4568558.9499736801
414442.8769993453	4568558.9747594520
414441.8773065597	4568558.9995452231
414440.8776137741	4568559.0243309950
414439.8780779409	4568559.0543482471
414438.8786972817	4568559.0895377072
414437.8793166226	4568559.1247271672
414436.8799359634	4568559.1599166263
414435.8805553043	4568559.1951060863
414434.8811746451	4568559.2302955464
414433.8817939859	4568559.2654850055
414432.8824133267	4568559.3006744655
414431.8837524767	4568559.3504818575
414430.8857493636	4568559.4136466114
414429.8877462505	4568559.4768113652
414428.8897431373	4568559.5399761191
414427.8917494522	4568559.6032876046
414426.8938693463	4568559.6683667423
414425.8959892403	4568559.7334458800
414424.8981091344	4568559.7985250177
414423.9002290285	4568559.8636041554
414422.9023489225	4568559.9286832931
414421.9029934643	4568559.9630633509
414420.9034713869	4568559.9939764049
414419.9039493096	4568560.0248894580
414418.9044272322	4568560.0558025120
414417.9049051549	4568560.0867155660
414416.9056310355	4568560.0834406149
414415.9066624953	4568560.0380329546
414414.9076939551	4568559.9926252933
414413.9087254149	4568559.9472176330
414412.9097568746	4568559.9018099718
414411.9109460062	4568559.8531647492
414410.9122925815	4568559.8012866490
414409.9136391568	4568559.7494085487
414408.9149857320	4568559.6975304494
414407.9172669893	4568559.6743101636
414406.9241163917	4568559.7911514686
414405.9309657940	4568559.9079927728
414404.9378151964	4568560.0248340769
414403.9430371875	4568560.1234010933
414402.9448686885	4568560.1838961141
414401.9467001895	4568560.2443911349
414400.9485316904	4568560.3048861558
414399.9503631914	4568560.3653811766
414398.9521946924	4568560.4258761974
414397.9565254040	4568560.5171517096
414396.9616722937	4568560.6184793413
414395.9668191834	4568560.7198069729
414394.9719660731	4568560.8211346045
414393.9771129628	4568560.9224622361
414392.9822598525	4568561.0237898678
414391.9848301577	4568561.0910478113
414390.9860532800	4568561.1404922111
414389.9872764024	4568561.1899366109
414388.9884995247	4568561.2393810106
414387.9897226471	4568561.2888254104
414386.9909457694	4568561.3382698102
414385.9923728543	4568561.3916717274
414384.9938047220	4568561.4451664491
414383.9952365897	4568561.4986611707
414382.9966684575	4568561.5521558924
414381.9981003252	4568561.6056506131
414380.9995321929	4568561.6591453347
414380.0003386243	4568561.6980059138
414379.0008475158	4568561.7299045660
414378.0013564073	4568561.7618032182
414377.0018652988	4568561.7937018704
414376.0023741903	4568561.8256005226
414375.0027752456	4568561.8534793826
414374.0030114568	4568561.8752133781
414373.0032476679	4568561.8969473736
414372.0034838791	4568561.9186813692
414371.0037200903	4568561.9404153647
414370.0057530345	4568561.9861448919
414369.0139008257	4568562.1135387532
414368.0220486170	4568562.2409326145
414367.0301964082	4568562.3683264768
414366.0383441994	4568562.4957203381
414365.0464919907	4568562.6231141994
414364.0542529098	4568562.7460873341
414363.0553497354	4568562.7929109205
414362.0564465610	4568562.8397345068
414361.0575433867	4568562.8865580931
414360.0586402123	4568562.9333816795
414359.0597370379	4568562.9802052658
414358.0608338635	4568563.0270288521
414357.0619306892	4568563.0738524385
414356.0642970725	4568563.0189596284
414355.0668737368	4568562.9472191967
414354.0694504011	4568562.8754787659
414353.0720270655	4568562.8037383342
414352.0746037298	4568562.7319979034
414351.0771803942	4568562.6602574727
414350.0797570585	4568562.5885170409
414349.0823337228	4568562.5167766102
414348.0849103871	4568562.4450361785
414347.0874280205	4568562.3769450746
414346.0882061970	4568562.4163880413
414345.0889843736	4568562.4558310080
414344.0897625502	4568562.4952739747
414343.0905407268	4568562.5347169414
414342.0913189034	4568562.5741599081
414341.0920970800	4568562.6136028739
414340.0928752566	4568562.6530458406
414339.0936534332	4568562.6924888073
414338.0945604810	4568562.7348912265
414337.0956923433	4568562.7824563766
414336.0968242056	4568562.8300215257
414335.0979560678	4568562.8775866758
414334.0990879301	4568562.9251518250
414333.1002197924	4568562.9727169741
414332.1013516547	4568563.0202821242
414331.1023946294	4568563.0657066870
414330.1030218168	4568563.1011182908
414329.1036490044	4568563.1365298945
414328.1042761919	4568563.1719414983
414327.1049033794	4568563.2073531020
414326.1055305669	4568563.2427647049
414325.1061577545	4568563.2781763086
414324.1066357505	4568563.3051644228
414323.1066357505	4568563.3051644228
414322.1066357505	4568563.3051644228
414321.1091795874	4568563.3548147799
414320.1144158956	4568563.4570165295
414319.1196522038	4568563.5592182782
414318.1248885120	4568563.6614200277
414317.1301248203	4568563.7636217764
414316.1353611285	4568563.8658235259
414315.1405974367	4568563.9680252746
414314.1458337450	4568564.0702270241
414313.1522380201	4568564.1819437956
414312.1622885265	4568564.3233651519
414311.1723390329	4568564.4647865091
414310.1785180177	4568564.5676016640
414309.1801995110	4568564.6255685445
414308.1818810044	4568564.6835354259
414307.1835624977	4568564.7415023064
414306.1852439911	4568564.7994691869
414305.1869254844	4568564.8574360684
414304.1886069778	4568564.9154029489
414303.1902884711	4568564.9733698303
414302.1919699644	4568565.0313367108
414301.1938488890	4568565.0925787203
414300.1957963105	4568565.1549570067
414299.1977437320	4568565.2173352931
414298.1996911536	4568565.2797135795
414297.2016385751	4568565.3420918658
414296.2035859967	4568565.4044701522
414295.2066787898	4568565.4813283710
414294.2112310375	4568565.5766371982
414293.2157832853	4568565.6719460245
414292.2203355330	4568565.7672548518
414291.2248877808	4568565.8625636790
414290.2300409399	4568565.9630867308
414289.2390086139	4568566.0967090670
414288.2479762879	4568566.2303314032
414287.2569439619	4568566.3639537403
414286.2659116358	4568566.4975760765
414285.2741284885	4568566.6226223297
414284.2749536938	4568566.6632391913
414283.2757788989	4568566.7038560528
414282.2766041041	4568566.7444729144
414281.2774293093	4568566.7850897750
414280.2782545145	4568566.8257066365
414279.2790797197	4568566.8663234981
414278.2807580407	4568566.8808430471
414277.2863691275	4568566.7750569927
414276.2919802143	4568566.6692709383
414275.2950284450	4568566.5990569890
414274.2957450752	4568566.5612053461
414273.2964617054	4568566.5233537043
414272.2971783356	4568566.4855020614
414271.2978949658	4568566.4476504186
414270.2986115960	4568566.4097987758
414269.2993282262	4568566.3719471330
414268.3000534748	4568566.3338741623
414267.3008525161	4568566.2939061243
414266.3016515574	4568566.2539380863
414265.3022155998	4568566.2257246850
414264.3022155998	4568566.2257246850
414263.3022155998	4568566.2257246850
414262.3022155998	4568566.2257246850
414261.3022155998	4568566.2257246850
414260.3042438872	4568566.2785380520
414259.3071894017	4568566.3552345503
414258.3101349161	4568566.4319310496
414257.3130804306	4568566.5086275479
414256.3160259451	4568566.5853240462
414255.3200696506	4568566.6744830748
414254.3249674259	4568566.7733342890
414253.3298652013	4568566.8721855031
414252.3347629767	4568566.9710367173
414251.3396607521	4568567.0698879315
414250.3445585275	4568567.1687391456
414249.3494563028	4568567.2675903607
414248.3543540782	4568567.3664415749
414247.3615778081	4568567.4753096402
414246.4247362935	4568567.8250638051
414245.4878947787	4568568.1748179710
414244.5510532641	4568568.5245721368
414243.6142117494	4568568.8743263027
414242.6504337716	4568569.1233222401
414241.6640398479	4568569.2877212279
414240.6776459241	4568569.4521202156
414239.6912520002	4568569.6165192025
414238.7022128709	4568569.7627337258
414237.7098607784	4568569.8861732837
414236.7175086860	4568570.0096128425
414235.7251565936	4568570.1330524012
414234.7328045011	4568570.2564919600
414233.7404524086	4568570.3799315179
414232.7463521222	4568570.4840919161
414231.7479822256	4568570.5411668615
414230.7496123289	4568570.5982418079
414229.7512424322	4568570.6553167542
414228.7528725356	4568570.7123916997
414227.7545026390	4568570.7694666460
414226.7561327423	4568570.8265415924
414225.7601229824	4568570.9152797973
414224.7643241300	4568571.0068475073
414223.7685252776	4568571.0984152183
414222.7727264253	4568571.1899829283
414221.7769275729	4568571.2815506393
414220.7811287206	4568571.3731183494
414219.7853298682	4568571.4646860603
414218.7895310158	4568571.5562537704
414217.7937321635	4568571.6478214813
414216.7984510591	4568571.7439259645
414215.8076260258	4568571.8790768180
414214.8168009924	4568572.0142276725
414213.8259759591	4568572.1493785270
414212.8351509258	4568572.2845293805
414211.8433716744	4568572.4080349579
414210.8437622415	4568572.4359810092
414209.8441528087	4568572.4639270594
414208.8445433759	4568572.4918731106
414207.8449339430	4568572.5198191619
414206.8453245102	4568572.5477652121
414205.8457150773	4568572.5757112633
414204.8461056444	4568572.6036573146
414203.8464962116	4568572.6316033658
414202.8468867787	4568572.6595494160
414201.8472773459	4568572.6874954673
414200.8476679130	4568572.7154415185
414199.8480226056	4568572.7408206491
414198.8480226056	4568572.7408206491
414197.8480226056	4568572.7408206491
414196.8480226056	4568572.7408206491
414195.8480226056	4568572.7408206491
414194.8480226056	4568572.7408206491
414193.8480226056	4568572.7408206481
414192.8480226056	4568572.7408206481
414191.8480226056	4568572.7408206481
414190.8480226056	4568572.7408206481
414189.8480226056	4568572.7408206481
414188.8480226056	4568572.7408206481
414187.8481908110	4568572.7508196840
414186.8487566211	4568572.7844544882
414185.8493224312	4568572.8180892933
414184.8498882413	4568572.8517240975
414183.8504540514	4568572.8853589017
414182.8510198615	4568572.9189937068
414181.8515856716	4568572.9526285110
414180.8521514817	4568572.9862633152
414179.8527172918	4568573.0198981203
414178.8532831020	4568573.0535329245
414177.8538489120	4568573.0871677287
414176.8544147222	4568573.1208025338
414175.8549122457	4568573.1522961184
414174.8553658214	4568573.1824116549
414173.8558193970	4568573.2125271922
414172.8562729727	4568573.2426427295
414171.8567265483	4568573.2727582669
414170.8571801239	4568573.3028738033
414169.8576336996	4568573.3329893406
414168.8580872753	4568573.3631048780
414167.8585408509	4568573.3932204153
414166.8589944266	4568573.4233359518
414165.8594480022	4568573.4534514891
414164.8599015779	4568573.4835670264
414163.8603551535	4568573.5136825638
414162.8608087292	4568573.5437981002
414161.8637227924	4568573.6196597377
414160.8667126441	4568573.6969304588
414159.8697024960	4568573.7742011808
414158.8726923478	4568573.8514719019
414157.8753546637	4568573.9202776775
414156.8753546637	4568573.9202776775
414155.8753546637	4568573.9202776775
414154.8753546637	4568573.9202776775
414153.8753546637	4568573.9202776775
414152.8753546637	4568573.9202776775
414151.8753546637	4568573.9202776765
414150.8753546637	4568573.9202776765
414149.8753546637	4568573.9202776765
414148.8753546637	4568573.9202776765
414147.8753546637	4568573.9202776765
414146.8753546637	4568573.9202776765
414145.8756408834	4568573.9018120700
414144.8761212773	4568573.8708192138
414143.8766016713	4568573.8398263576
414142.8770820652	4568573.8088335013
414141.8775624592	4568573.7778406460
414140.8780428532	4568573.7468477897
414139.8785232471	4568573.7158549335
414138.8791336697	4568573.6812693877
414137.8799886955	4568573.6399254575
414136.8808437213	4568573.5985815283
414135.8816987471	4568573.5572375981
414134.8825537729	4568573.5158936689
414133.8834087987	4568573.4745497387
414132.8842638245	4568573.4332058094
414131.8851188503	4568573.3918618793
414130.8858418991	4568573.3548822608
414129.8860244123	4568573.3357774680
414128.8862069255	4568573.3166726753
414127.8863894387	4568573.2975678826
414126.8865719519	4568573.2784630898
414125.8867544651	4568573.2593582971
414124.8869369783	4568573.2402535044
414123.8871194916	4568573.2211487116
414122.8873020048	4568573.2020439189
414121.8874467107	4568573.1853073742
414120.8875288833	4568573.1724879146
414119.8876110560	4568573.1596684558
414118.8876932286	4568573.1468489962
414117.8877754013	4568573.1340295374
414116.8878575739	4568573.1212100778
414115.8879397466	4568573.1083906181
414114.8880219192	4568573.0955711594
414113.8881040918	4568573.0827516997
414112.8896193524	4568573.1204789840
414111.8920340677	4568573.1899311244
414110.8944487830	4568573.2593832649
414109.8968634983	4568573.3288354045
414108.8992782136	4568573.3982875450
414107.9016929290	4568573.4677396854
414106.9041076443	4568573.5371918250
414105.9065223596	4568573.6066439655
414104.9089370749	4568573.6760961050
414103.9104068269	4568573.6619052216
414102.9115070825	4568573.6150085200
414101.9126073381	4568573.5681118183
414100.9137075937	4568573.5212151166
414099.9148078493	4568573.4743184149
414098.9159081049	4568573.4274217132
414097.9170083605	4568573.3805250116
414096.9181086161	4568573.3336283099
414095.9192088717	4568573.2867316082
414094.9203091273	4568573.2398349065
414093.9214093829	4568573.1929382049
414092.9225096384	4568573.1460415032
414091.9229880414	4568573.1169440402
414090.9232509627	4568573.0940142907
414089.9235138839	4568573.0710845413
414088.9237768052	4568573.0481547918
414087.9240397265	4568573.0252250424
414086.9243026477	4568573.0022952929
414085.9245655690	4568572.9793655425
414084.9248284903	4568572.9564357931
414083.9250914115	4568572.9335060436
414082.9253543328	4568572.9105762942
414081.9256172541	4568572.8876465447
414080.9258801753	4568572.8647167953
414079.9261298604	4568572.8423796017
414078.9263660716	4568572.8206456061
414077.9266022828	4568572.7989116106
414076.9268384940	4568572.7771776151
414075.9270747052	4568572.7554436196
414074.9273109163	4568572.7337096240
414073.9275471275	4568572.7119756285
414072.9277833387	4568572.6902416330
414071.9320954802	4568572.6052861921
414070.9378174549	4568572.4984629331
414069.9435394298	4568572.3916396750
414068.9492614045	4568572.2848164160
414067.9549833794	4568572.1779931569
414066.9607053542	4568572.0711698988
414065.9664273290	4568571.9643466398
414064.9669539079	4568571.9545159638
414063.9669539079	4568571.9545159638
414062.9669539079	4568571.9545159638
414061.9669539079	4568571.9545159638
414060.9669539079	4568571.9545159638
414059.9669539079	4568571.9545159638
414058.9669539079	4568571.9545159638
414057.9683491715	4568571.9871318024
414056.9720025225	4568572.0725329434
414055.9756558734	4568572.1579340855
414054.9793092244	4568572.2433352266
414053.9829625754	4568572.3287363676
414052.9866159263	4568572.4141375087
414051.9902692773	4568572.4995386507
414050.9939226283	4568572.5849397918
414049.9984782292	4568572.6797905881
414049.0039727763	4568572.7844753722
414048.0094673233	4568572.8891601562
414047.0149618704	4568572.9938449413
414046.0204564175	4568573.0985297253
414045.0259509646	4568573.2032145103
414044.0314455116	4568573.3078992944
414043.0369400587	4568573.4125840785
414042.0370669474	4568573.4102005102
414041.0370779680	4568573.4055057261
414040.0370889885	4568573.4008109430
414039.0371000091	4568573.3961161589
414038.0371110296	4568573.3914213749
414037.0371220502	4568573.3867265908
414036.0371330708	4568573.3820318067
414035.0371440914	4568573.3773370227
414034.0371551119	4568573.3726422386
414033.0371661324	4568573.3679474546
414032.0371771530	4568573.3632526714
414031.0372472259	4568573.3572702035
414030.0410258321	4568573.2704201331
414029.0448044384	4568573.1835700627
414028.0485830447	4568573.0967199933
414027.0523616510	4568573.0098699229
414026.0561402572	4568572.9230198525
414025.0599188635	4568572.8361697821
414024.0636974698	4568572.7493197126
414023.0674760760	4568572.6624696422
414022.0712546823	4568572.5756195718
414021.0750332886	4568572.4887695024
414020.0792532945	4568572.3990534805
414019.1030662344	4568572.1821230222
414018.1268791742	4568571.9651925638
414017.1506921140	4568571.7482621064
414016.1745050539	4568571.5313316481
414015.1983179937	4568571.3144011907
414014.2221309335	4568571.0974707324
414013.2459438733	4568570.8805402750
414012.2748118665	4568570.6444227304
414011.3184602954	4568570.3522041943
414010.3621087243	4568570.0599856591
414009.4057571533	4568569.7677671239
414008.4485293882	4568569.4794522738
414007.4590295083	4568569.3349185837
414006.4695296283	4568569.1903848937
414005.4800297484	4568569.0458512027
414004.4905298685	4568568.9013175126
414003.5010299885	4568568.7567838226
414002.5135373358	4568568.5991332680
414001.5260967039	4568568.4411427667
414000.5386560720	4568568.2831522655
413999.5512154401	4568568.1251617642
413998.5561707465	4568568.0362774050
413997.5580022499	4568567.9757823450
413996.5598337533	4568567.9152872842
413995.5616652566	4568567.8547922242
413994.5634967600	4568567.7942971643
413993.5653136180	4568567.7502915086
413992.5670392362	4568567.8090133844
413991.5687648545	4568567.8677352611
413990.5704904727	4568567.9264571378
413989.5722160910	4568567.9851790145
413988.5739417093	4568568.0439008903
413987.5771965722	4568568.1212093905
413986.5827489329	4568568.2264419552
413985.5883012936	4568568.3316745199
413984.5938536544	4568568.4369070856
413983.5994060150	4568568.5421396503
413982.6049583758	4568568.6473722151
413981.6105107365	4568568.7526047807
413980.6160630972	4568568.8578373455
413979.6216154580	4568568.9630699102
413978.6271678187	4568569.0683024758
413977.6327201794	4568569.1735350406
413976.6391416853	4568569.2865765691
413975.6458924718	4568569.4025765685
413974.6526432584	4568569.5185765689
413973.6593940449	4568569.6345765684
413972.6661448315	4568569.7505765688
413971.6728956180	4568569.8665765682
413970.6796464046	4568569.9825765686
413969.6863971911	4568570.0985765681
413968.6867495663	4568570.1211831225
413967.6869606085	4568570.1417267313
413966.6871716507	4568570.1622703392
413965.6873826929	4568570.1828139480
413964.6875937351	4568570.2033575568
413963.6878047773	4568570.2239011647
413962.6880158195	4568570.2444447735
413961.6882268617	4568570.2649883823
413960.6884139595	4568570.2548339991
413959.6885941703	4568570.2358500790
413958.6887743812	4568570.2168661589
413957.6889545921	4568570.1978822388
413956.6891348029	4568570.1788983196
413955.6893150137	4568570.1599143995
413954.6894952246	4568570.1409304794
413953.6896754354	4568570.1219465593
413952.6898556463	4568570.1029626401
413951.6900958749	4568570.0810659071
413950.6903426970	4568570.0588491699
413949.6905895192	4568570.0366324326
413948.6908363414	4568570.0144156953
413947.6910831635	4568569.9921989581
413946.6913299857	4568569.9699822208
413945.6915768078	4568569.9477654835
413944.6918236300	4568569.9255487453
413943.6920704522	4568569.9033320080
413942.6923172744	4568569.8811152708
413941.6925640966	4568569.8588985335
413940.6928109187	4568569.8366817962
413939.6930528851	4568569.8258329211
413938.6932810925	4568569.8471955666
413937.6935092998	4568569.8685582122
413936.6937375072	4568569.8899208568
413935.6939657145	4568569.9112835024
413934.6941939218	4568569.9326461479
413933.6944221292	4568569.9540087925
413932.6946503365	4568569.9753714381
413931.6948785439	4568569.9967340836
413930.6951067513	4568570.0180967283
413929.6953349586	4568570.0394593738
413928.6955631659	4568570.0608220194
413927.6957913733	4568570.0821846640
413926.6963329760	4568570.0922378469
413925.6992784905	4568570.0155413486
413924.7022240050	4568569.9388448494
413923.7051695195	4568569.8621483510
413922.7081150340	4568569.7854518518
413921.7110605485	4568569.7087553525
413920.7140060630	4568569.6320588542
413919.7169515775	4568569.5553623550
413918.7198970920	4568569.4786658566
413917.7228426065	4568569.4019693574
413916.7257881210	4568569.3252728581
413915.7287336355	4568569.2485763598
413914.7316791500	4568569.1718798606
413913.7346246645	4568569.0951833613
413912.7350566206	4568569.0690583261
413911.7353109190	4568569.0465076705
413910.7355652174	4568569.0239570159
413909.7358195157	4568569.0014063613
413908.7360738141	4568568.9788557058
413907.7363281124	4568568.9563050512
413906.7365824108	4568568.9337543966
413905.7369671100	4568568.9367633620
413904.7375035443	4568568.9695136435
413903.7380399786	4568569.0022639250
413902.7385764130	4568569.0350142065
413901.7391128473	4568569.0677644880
413900.7396492817	4568569.1005147686
413899.7401857160	4568569.1332650501
413898.7407221504	4568569.1660153316
413897.7412585847	4568569.1987656131
413896.7425115757	4568569.2467785422
413895.7443758747	4568569.3078123219
413894.7462401737	4568569.3688461026
413893.7481044727	4568569.4298798833
413892.7499687716	4568569.4909136631
413891.7518330706	4568569.5519474437
413890.7536973696	4568569.6129812244
413889.7555616686	4568569.6740150042
413888.7574259676	4568569.7350487849
413887.7583233271	4568569.7608406525
413886.7583426159	4568569.7546295915
413885.7583619047	4568569.7484185314
413884.7583811936	4568569.7422074713
413883.7584004824	4568569.7359964112
413882.7584197712	4568569.7297853511
413881.7584390600	4568569.7235742910
413880.7584583488	4568569.7173632309
413879.7584776377	4568569.7111521708
413878.7585086633	4568569.7034322293
413877.7585523324	4568569.6940868432
413876.7585960015	4568569.6847414570
413875.7586396705	4568569.6753960708
413874.7586833396	4568569.6660506837
413873.7587270087	4568569.6567052975
413872.7607375274	4568569.6085193334
413871.7649524187	4568569.5168022839
413870.7691673099	4568569.4250852335
413869.7733822012	4568569.3333681840
413868.7768647590	4568569.2544355933
413867.7771200156	4568569.2318424918
413866.7773752723	4568569.2092493903
413865.7776305290	4568569.1866562888
413864.7778857857	4568569.1640631873
413863.7781410424	4568569.1414700858
413862.7783962991	4568569.1188769843
413861.7786515558	4568569.0962838819
413860.7789068125	4568569.0736907804
413859.7791620692	4568569.0510976790
413858.7794724191	4568569.0264530350
413857.7799560186	4568568.9953569695
413856.7804396182	4568568.9642609041
413855.7809232178	4568568.9331648378
413854.7814068174	4568568.9020687724
413853.7818904170	4568568.8709727069
413852.7823740166	4568568.8398766406
413851.7828576162	4568568.8087805752
413850.7833412158	4568568.7776845098
413849.7838248153	4568568.7465884434
413848.7843084149	4568568.7154923780
413847.7847920145	4568568.6843963126
413846.7852756141	4568568.6533002462
413845.7855813868	4568568.6523479251
413844.7857676766	4568568.6716493480
413843.7859539664	4568568.6909507709
413842.7861402562	4568568.7102521937
413841.7863265460	4568568.7295536166
413840.7865128358	4568568.7488550395
413839.7866991257	4568568.7681564623
413838.7868854155	4568568.7874578852
413837.7870717053	4568568.8067593081
413836.7872579951	4568568.8260607310
413835.7874442849	4568568.8453621538
413834.7876305747	4568568.8646635767
413833.7878168645	4568568.8839649996
413832.7880031544	4568568.9032664225
413831.7884023951	4568568.9262750559
413830.7929548577	4568569.0215861276
413829.7975073204	4568569.1168971993
413828.8020597830	4568569.2122082710
413827.8066122457	4568569.3075193428
413826.8111647084	4568569.4028304145
413825.8157171711	4568569.4981414871
413824.8202696337	4568569.5934525589
413823.8248220964	4568569.6887636306
413822.8293745591	4568569.7840747023
413821.8339270217	4568569.8793857740
413820.8384794844	4568569.9746968457
413819.8430319471	4568570.0700079184
413818.8475844098	4568570.1653189901
413817.8531916916	4568570.2696770299
413816.8625183103	4568570.4059350630
413815.8718449290	4568570.5421930961
413814.8811715477	4568570.6784511292
413813.8904981663	4568570.8147091623
413812.8998247850	4568570.9509671954
413811.9091514037	4568571.0872252285
413810.9184780224	4568571.2234832617
413809.9278046412	4568571.3597412948
413808.9371312598	4568571.4959993279
413807.9464578785	4568571.6322573610
413806.9552822819	4568571.7646694286
413805.9628387359	4568571.8873715391
413804.9703951900	4568572.0100736506
413803.9779516440	4568572.1327757621
413802.9855080980	4568572.2554778727
413801.9930645520	4568572.3781799842
413801.0006210061	4568572.5008820957
413800.0081774601	4568572.6235842062
413799.0125834214	4568572.7101010662
413798.0138674386	4568572.7607605727
413797.0151514557	4568572.8114200793
413796.0164354728	4568572.8620795850
413795.0177194900	4568572.9127390916
413794.0190035071	4568572.9633985981
413793.0202875242	4568573.0140581047
413792.0215715414	4568573.0647176113
413791.0347351217	4568573.2151665539
413790.0520381128	4568573.4003869323
413789.0693411039	4568573.5856073108
413788.0866440950	4568573.7708276901
413787.1039470862	4568573.9560480686
413786.1212500772	4568574.1412684480
413785.1385530684	4568574.3264888264
413784.1558560595	4568574.5117092049
413783.1731590506	4568574.6969295843
413782.1904620417	4568574.8821499627
413781.2077650329	4568575.0673703421
413780.2168575644	4568575.1996367220
413779.2242116868	4568575.3206910975
413778.2315658093	4568575.4417454721
413777.2389199317	4568575.5627998477
413776.2462740541	4568575.6838542223
413775.2536281765	4568575.8049085978
413774.2609822990	4568575.9259629734
413773.2629402562	4568575.9832044961
413772.2640620669	4568576.0305580897
413771.2651838775	4568576.0779116834
413770.2663056882	4568576.1252652770
413769.2676117520	4568576.1562521895
413768.2700527848	4568576.0864230627
413767.2724938177	4568576.0165939350
413766.2749348505	4568575.9467648072
413765.2773758834	4568575.8769356795
413764.2798169162	4568575.8071065517
413763.2822579491	4568575.7372774240
413762.2846989820	4568575.6674482962
413761.2871400148	4568575.5976191694
413760.2895810477	4568575.5277900416
413759.2920220805	4568575.4579609139
413758.2944631134	4568575.3881317861
413757.3009285479	4568575.2775830813
413756.3089997504	4568575.1507869419
413755.3170709530	4568575.0239908034
413754.3251421556	4568574.8971946640
413753.3332133582	4568574.7703985246
413752.3412845608	4568574.6436023861
413751.3493557634	4568574.5168062467
413750.3574269660	4568574.3900101082
413749.3654981685	4568574.2632139688
413748.3735693711	4568574.1364178304
413747.3816405738	4568574.0096216910
413746.3897117763	4568573.8828255516
413745.3977829789	4568573.7560294131
413744.4058541815	4568573.6292332737
413743.4139253841	4568573.5024371352
413742.4219965867	4568573.3756409958
413741.4300677892	4568573.2488448573
413740.4381389919	4568573.1220487179
413739.4412936020	4568573.0988003779
413738.4418134876	4568573.1310416721
413737.4423333733	4568573.1632829653
413736.4428532589	4568573.1955242595
413735.4433731446	4568573.2277655536
413734.4438930303	4568573.2600068478
413733.4444129159	4568573.2922481420
413732.4449328016	4568573.3244894361
413731.4454526872	4568573.3567307303
413730.4459725729	4568573.3889720235
413729.4464924586	4568573.4212133177
413728.4470123442	4568573.4534546118
413727.4475322299	4568573.4856959060
413726.4480521156	4568573.5179372001
413725.4485720012	4568573.5501784943
413724.4490918869	4568573.5824197885
413723.4509152257	4568573.6425999710
413722.4527747195	4568573.7035551164
413721.4546342132	4568573.7645102618
413720.4564937069	4568573.8254654072
413719.4583532007	4568573.8864205526
413718.4602126944	4568573.9473756980
413717.4620721882	4568574.0083308434
413716.4639316819	4568574.0692859888
413715.4657911756	4568574.1302411342
413714.4676506694	4568574.1911962796
413713.4695101631	4568574.2521514259
413712.4713696569	4568574.3131065713
413711.4732291506	4568574.3740617167
413710.4750886443	4568574.4350168621
413709.4765523125	4568574.4780401634
413708.4766943098	4568574.4611886237
413707.4768363070	4568574.4443370849
413706.4769783043	4568574.4274855452
413705.4771203015	4568574.4106340054
413704.4772622988	4568574.3937824667
413703.4774042961	4568574.3769309269
413702.4775462934	4568574.3600793872
413701.4776882907	4568574.3432278475
413700.4778302879	4568574.3263763087
413699.4807175222	4568574.3492059959
413698.4927054884	4568574.5035828771
413697.5046934547	4568574.6579597574
413696.5166814210	4568574.8123366376
413695.5286693872	4568574.9667135179
413694.5406573536	4568575.1210903982
413693.5437383091	4568575.1800912600
413692.5442262330	4568575.2113260124
413691.5447141569	4568575.2425607648
413690.5452020808	4568575.2737955172
413689.5456900047	4568575.3050302686
413688.5464746810	4568575.3435327811
413687.5477433593	4568575.3938889829
413686.5490120375	4568575.4442451838
413685.5502807158	4568575.4946013847
413684.5515493941	4568575.5449575866
413683.5528180723	4568575.5953137875
413682.5540867506	4568575.6456699884
413681.5559410689	4568575.7061556326
413680.5580609630	4568575.7712347694
413679.5601808570	4568575.8363139071
413678.5623007511	4568575.9013930438
413677.5644206451	4568575.9664721815
413676.5665405391	4568576.0315513192
413675.5686604331	4568576.0966304559
413674.5707803272	4568576.1617095936
413673.5713714047	4568576.1389473956
413672.5718310232	4568576.1086319545
413671.5722906419	4568576.0783165144
413670.5727502604	4568576.0480010733
413669.5732098791	4568576.0176856322
413668.5736694976	4568575.9873701911
413667.5741291163	4568575.9570547510
413666.5763248727	4568575.9757738495
413665.5814314664	4568576.0767050646
413664.5865380602	4568576.1776362797
413663.5916446539	4568576.2785674948
413662.5967512476	4568576.3794987099
413661.6018578413	4568576.4804299241
413660.6069644351	4568576.5813611392
413659.6120710288	4568576.6822923543
413658.6153272235	4568576.7584910877
413657.6164911003	4568576.8067238471
413656.6176549772	4568576.8549566064
413655.6188188540	4568576.9031893658
413654.6199827309	4568576.9514221251
413653.6211466077	4568576.9996548845
413652.6223104846	4568577.0478876438
413651.6234743614	4568577.0961204031
413650.6246382382	4568577.1443531625
413649.6258021150	4568577.1925859218
413648.6269260208	4568577.2280471260
413647.6278075598	4568577.1860673586
413646.6286890988	4568577.1440875912
413645.6295706378	4568577.1021078238
413644.6304521768	4568577.0601280564
413643.6313337158	4568577.0181482900
413642.6322152547	4568576.9761685226
413641.6331387589	4568576.9332150109
413640.6341131237	4568576.8890813487
413639.6350874884	4568576.8449476855
413638.6360618532	4568576.8008140232
413637.6370362180	4568576.7566803601
413636.6380105828	4568576.7125466978
413635.6389849476	4568576.6684130346
413634.6399593124	4568576.6242793724
413633.6409336772	4568576.5801457092
413632.6419080419	4568576.5360120470
413631.6428824067	4568576.4918783838
413630.6438567715	4568576.4477447215
413629.6448311363	4568576.4036110584
413628.6458055011	4568576.3594773961
413627.6463717793	4568576.3408882068
413626.6464461942	4568576.3530875621
413625.6465206091	4568576.3652869174
413624.6465950240	4568576.3774862718
413623.6466694389	4568576.3896856271
413622.6473722597	4568576.3642698163
413621.6484121663	4568576.3186767064
413620.6494520728	4568576.2730835965
413619.6504919793	4568576.2274904866
413618.6515318859	4568576.1818973767
413617.6525717924	4568576.1363042668
413616.6542698670	4568576.1419305354
413615.6568111671	4568576.2131775860
413614.6593524673	4568576.2844246356
413613.6618937675	4568576.3556716861
413612.6644350677	4568576.4269187367
413611.6669763678	4568576.4981657863
413610.6699072227	4568576.5738235163
413609.6754017698	4568576.6785083003
413608.6808963168	4568576.7831930844
413607.6863908638	4568576.8878778685
413606.6918854109	4568576.9925626526
413605.7038873618	4568577.1455550054
413604.7171305433	4568577.3077616058
413603.7303737249	4568577.4699682062
413602.7436169064	4568577.6321748067
413601.7595957166	4568577.8099047197
413600.7768338598	4568577.9947807128
413599.7940720030	4568578.1796567058
413598.8113101461	4568578.3645326989
413597.8285482893	4568578.5494086919
413596.8457864324	4568578.7342846841
413595.8488219932	4568578.8032531515
413594.8504980891	4568578.8611270003
413593.8521741850	4568578.9190008501
413592.8538502808	4568578.9768746989
413591.8555263767	4568579.0347485486
413590.8572024725	4568579.0926223975
413589.8588785684	4568579.1504962472
413588.8669228759	4568579.2436512373
413587.9113639292	4568579.5384513382
413586.9558049825	4568579.8332514390
413586.0002460358	4568580.1280515399
413585.0446870891	4568580.4228516407
413584.0891281424	4568580.7176517416
413583.1342423645	4568581.0146198282
413582.1797623865	4568581.3128948212
413581.2252824085	4568581.6111698151
413580.2708024305	4568581.9094448080
413579.3163224525	4568582.2077198010
413578.3367287094	4568582.4062956618
413577.3548453378	4568582.5957819270
413576.3729619662	4568582.7852681912
413575.3965522680	4568583.0003601825
413574.4230129679	4568583.2288798345
413573.4494736678	4568583.4573994856
413572.4759343677	4568583.6859191377
413571.5110899971	4568583.9487189734
413570.5463261760	4568584.2118363800
413569.5815623549	4568584.4749537865
413568.6145047063	4568584.7270603450
413567.6249297732	4568584.8710792745
413566.6353548402	4568585.0150982030
413565.6457799071	4568585.1591171315
413564.6540176891	4568585.2822346566
413563.6560659483	4568585.3462059228
413562.6581142074	4568585.4101771889
413561.6601624665	4568585.4741484541
413560.6622107256	4568585.5381197203
413559.6678033574	4568585.6425708849
413558.6739196228	4568585.7530024108
413557.6800358881	4568585.8634339366
413556.6861521534	4568585.9738654625
413555.6969808310	4568586.1195657849
413554.7089689544	4568586.2739436710
413553.7209570778	4568586.4283215571
413552.7329452012	4568586.5826994432
413551.7578607228	4568586.7975434223
413550.7930969017	4568587.0606608279
413549.8283330805	4568587.3237782344
413548.8492083071	4568587.5266150432
413547.8694406283	4568587.7267532349
413546.8896729495	4568587.9268914256
413545.9099052707	4568588.1270296173
413544.9301375919	4568588.3271678081
413543.9454352206	4568588.4934656033
413542.9493139473	4568588.5814565625
413541.9531926740	4568588.6694475217
413540.9570714007	4568588.7574384809
413539.9609501274	4568588.8454294391
413538.9648288540	4568588.9334203983
413537.9687075807	4568589.0214113574
413536.9698091590	4568589.0337888887
413535.9699169291	4568589.0191080002
413534.9700246991	4568589.0044271126
413533.9701324691	4568588.9897462241
413532.9702402392	4568588.9750653366
413531.9714920596	4568588.9275091328
413530.9729981299	4568588.8726468291
413529.9745042002	4568588.8177845245
413528.9760102706	4568588.7629222209
413527.9775163409	4568588.7080599163
413526.9790318414	4568588.7301193103
413525.9805513933	4568588.7852264326
413524.9820709453	4568588.8403335549
413523.9835904973	4568588.8954406762
413522.9857105714	4568588.9594362117
413521.9888916764	4568589.0391362151
413520.9920727813	4568589.1188362185
413519.9952538863	4568589.1985362219
413518.9984349913	4568589.2782362243
413518.0016160963	4568589.3579362277
413517.0047972012	4568589.4376362311
413516.0079783062	4568589.5173362345
413515.0109434214	4568589.5870928336
413514.0116039234	4568589.5507532153
413513.0122644255	4568589.5144135971
413512.0129249275	4568589.4780739788
413511.0135854296	4568589.4417343605
413510.0142459317	4568589.4053947423
413509.0149064337	4568589.3690551240
413508.0202988459	4568589.2675661594
413507.0261966692	4568589.1591186495
413506.0320944927	4568589.0506711388
413505.0336126262	4568589.0061436146
413504.0340091369	4568588.9779857704
413503.0344056477	4568588.9498279262
413502.0348021584	4568588.9216700811
413501.0356628116	4568588.9517929377
413500.0366345766	4568588.9958677124
413499.0376063417	4568589.0399424871
413498.0385781067	4568589.0840172619
413497.0392206270	4568589.0496069193
413496.0398577726	4568589.0139153888
413495.0404949183	4568588.9782238584
413494.0411320639	4568588.9425323280
413493.0434036665	4568588.8854901232
413492.0502530622	4568588.7686488768
413491.0571024578	4568588.6518076295
413490.0639518535	4568588.5349663822
413489.0708012490	4568588.4181251349
413488.0760244053	4568588.3176418245
413487.0793089333	4568588.2366586914
413486.0825934612	4568588.1556755593
413485.0858779891	4568588.0746924272
413484.0891625170	4568587.9937092941
413483.0924470449	4568587.9127261620
413482.0957315729	4568587.8317430299
413481.0990161008	4568587.7507598978
413480.1023006288	4568587.6697767647
413479.1080009647	4568587.5662622675
413478.1167730640	4568587.4340985473
413477.1255451633	4568587.3019348271
413476.1343172626	4568587.1697711069
413475.1430893620	4568587.0376073867
413474.1497813109	4568586.9256080436
413473.1524475873	4568586.8526324052
413472.1551138637	4568586.7842947235
413471.1577801401	4568586.8572703619
413470.1604464166	4568586.9302460002
413469.1631126930	4568587.0032216394
413468.1657789694	4568587.0761972778
413467.1684452458	4568587.1491729161
413466.1711115222	4568587.2221485544
413465.1737777986	4568587.2951241927
413464.1764440750	4568587.3680998310
413463.1791103515	4568587.4410754694
413462.1979736226	4568587.6257602843
413461.2209839216	4568587.8390467688
413460.2439942207	4568588.0523332525
413459.2670045197	4568588.2656197362
413458.2900148188	4568588.4789062208
413457.3130251178	4568588.6921927044
413456.3360354169	4568588.9054791881
413455.3590457160	4568589.1187656727
413454.3794708773	4568589.3196126828
413453.3983968490	4568589.5132457148
413452.4173228207	4568589.7068787469
413451.4362487924	4568589.9005117789
413450.4536257083	4568590.0856070276
413449.4670602403	4568590.2489734180
413448.4804947723	4568590.4123398075
413447.4939293043	4568590.5757061979
413446.5073638362	4568590.7390725873
413445.5356408816	4568590.9740424752
413444.5654269237	4568591.2162920898
413443.5963802627	4568591.4630633192
413442.6301453230	4568591.7207259703
413441.6639103833	4568591.9783886205
413440.6976754436	4568592.2360512707
413439.7186131502	4568592.4376431750
413438.7364579583	4568592.6257154457
413437.7543027665	4568592.8137877164
413436.7721475746	4568593.0018599881
413435.7899923828	4568593.1899322588
413434.8055243515	4568593.3648192771
413433.8179945667	4568593.5222515613
413432.8304647820	4568593.6796838455
413431.8429349972	4568593.8371161297
413430.8554052124	4568593.9945484148
413429.8678754276	4568594.1519806990
413428.8803456429	4568594.3094129832
413427.8928158581	4568594.4668452675
413426.9015897452	4568594.5969354697
413425.9077060105	4568594.7073669955
413424.9138222759	4568594.8177985214
413423.9199385412	4568594.9282300482
413422.9260548065	4568595.0386615740
413421.9321710718	4568595.1490930999
413420.9382873372	4568595.2595246257
413419.9444036025	4568595.3699561525
413418.9505198678	4568595.4803876784
413417.9566361332	4568595.5908192042
413416.9627523985	4568595.7012507301
413415.9688686638	4568595.8116822559
413414.9749849292	4568595.9221137827
413413.9811011945	4568596.0325453086
413412.9872174598	4568596.1429768344
413411.9933337251	4568596.2534083603
413410.9994499904	4568596.3638398871
413410.0047629674	4568596.4659488071
413409.0081054462	4568596.5476420466
413408.0114479250	4568596.6293352861
413407.0147904037	4568596.7110285256
413406.0181328825	4568596.7927217651
413405.0214753613	4568596.8744150046
413404.0248178400	4568596.9561082441
413403.0291761295	4568597.0484918011
413402.0349690820	4568597.1559736440
413401.0407620344	4568597.2634554869
413400.0465549868	4568597.3709373297
413399.0523479393	4568597.4784191726
413398.0581408917	4568597.5859010154
413397.0631503587	4568597.6741055408
413396.0635001094	4568597.6476597665
413395.0638498600	4568597.6212139931
413394.0641996106	4568597.5947682196
413393.0645493613	4568597.5683224453
413392.0648991119	4568597.5418766718
413391.0652488626	4568597.5154308984
413390.0655986132	4568597.4889851240
413389.0659483638	4568597.4625393506
413388.0662981145	4568597.4360935772
413387.0666478651	4568597.4096478028
413386.0784701573	4568597.2870629421
413385.1006677432	4568597.0775338532
413384.1228653291	4568596.8680047654
413383.1450629150	4568596.6584756766
413382.1562513411	4568596.5409279354
413381.1566199182	4568596.5137798563
413380.1569884952	4568596.4866317781
413379.1573570722	4568596.4594836989
413378.1577256492	4568596.4323356198
413377.1580942262	4568596.4051875407
413376.1584628033	4568596.3780394616
413375.1588313803	4568596.3508913824
413374.1591999574	4568596.3237433033
413373.1595685344	4568596.2965952242
413372.1599371114	4568596.2694471451
413371.1603056884	4568596.2422990659
413370.1615423581	4568596.2511813017
413369.1643782376	4568596.3264389709
413368.1672141172	4568596.4016966401
413367.1700499967	4568596.4769543102
413366.1728858762	4568596.5522119794
413365.1757217557	4568596.6274696486
413364.1791834992	4568596.7098618867
413363.1841463090	4568596.8093656059
413362.1891091187	4568596.9088693243
413361.1940719285	4568597.0083730435
413360.1990347383	4568597.1078767627
413359.2019443103	4568597.0904944092
413358.2040262916	4568597.0259992322
413357.2061082728	4568596.9615040552
413356.2081902540	4568596.8970088782
413355.2102722353	4568596.8325137012
413354.2141014899	4568596.7483380269
413353.2204296387	4568596.6360159349
413352.2267577876	4568596.5236938437
413351.2330859364	4568596.4113717517
413350.2394140853	4568596.2990496606
413349.2457422341	4568596.1867275694
413348.2520703830	4568596.0744054774
413347.2583985318	4568595.9620833863
413346.2647266807	4568595.8497612942
413345.2831861805	4568595.6628891136
413344.3051693391	4568595.4543631980
413343.3271524976	4568595.2458372815
413342.3491356562	4568595.0373113649
413341.3711188147	4568594.8287854483
413340.3799665211	4568594.7180529907
413339.3815889215	4568594.6611129474
413338.3832113219	4568594.6041729040
413337.3848337223	4568594.5472328598
413336.3864561226	4568594.4902928164
413335.3880785231	4568594.4333527721
413334.3897009234	4568594.3764127288
413333.3913233238	4568594.3194726845
413332.3929457242	4568594.2625326412
413331.3945681246	4568594.2055925978
413330.3961905249	4568594.1486525536
413329.3978129254	4568594.0917125102
413328.3994353257	4568594.0347724659
413327.4010577261	4568593.9778324226
413326.4036225972	4568594.0356400507
413325.4063149719	4568594.1089714933
413324.4090073466	4568594.1823029369
413323.4115616489	4568594.2519848188
413322.4115641394	4568594.2542166635
413321.4115666300	4568594.2564485073
413320.4115691206	4568594.2586803520
413319.4115716112	4568594.2609121967
413318.4115741017	4568594.2631440405
413317.4115765923	4568594.2653758852
413316.4115826851	4568594.2638274273
413315.4115912452	4568594.2596897883
413314.4115998052	4568594.2555521503
413313.4116489971	4568594.2488442222
413312.4120264463	4568594.2213714011
413311.4124038955	4568594.1938985800
413310.4127813447	4568594.1664257580
413309.4131587939	4568594.1389529370
413308.4135362431	4568594.1114801150
413307.4139136923	4568594.0840072939
413306.4142911415	4568594.0565344729
413305.4146685907	4568594.0290616509
413304.4150964793	4568593.9998293333
413303.4155417152	4568593.9699918767
413302.4159869513	4568593.9401544211
413301.4164321873	4568593.9103169646
413300.4168774233	4568593.8804795090
413299.4173226593	4568593.8506420525
413298.4177678953	4568593.8208045969
413297.4182131313	4568593.7909671403
413296.4190624233	4568593.8047559503
413295.4202317760	4568593.8531019734
413294.4214011286	4568593.9014479956
413293.4225704813	4568593.9497940186
413292.4237398339	4568593.9981400408
413291.4249091866	4568594.0464860639
413290.4270436259	4568594.1076070620
413289.4322858990	4568594.2098668525
413288.4375281721	4568594.3121266440
413287.4427704453	4568594.4143864345
413286.4480127184	4568594.5166462250
413285.4532549915	4568594.6189060165
413284.4584972647	4568594.7211658070
413283.4637395378	4568594.8234255984
413282.4689818109	4568594.9256853890
413281.4742240840	4568595.0279451795
413280.4794663572	4568595.1302049709
413279.4847086303	4568595.2324647615
413278.4899509034	4568595.3347245529
413277.4951931766	4568595.4369843435
413276.5004354497	4568595.5392441340
413275.5056777228	4568595.6415039254
413274.5103942759	4568595.7363285311
413273.5111445873	4568595.7750591384
413272.5118948988	4568595.8137897467
413271.5126452103	4568595.8525203550
413270.5133955218	4568595.8912509633
413269.5141458333	4568595.9299815707
413268.5148961448	4568595.9687121790
413267.5156464562	4568596.0074427873
413266.5163967677	4568596.0461733956
413265.5171470793	4568596.0849040039
413264.5178973907	4568596.1236346113
413263.5186477022	4568596.1623652196
413262.5193980137	4568596.2010958279
413261.5201483252	4568596.2398264362
413260.5208986366	4568596.2785570435
413259.5216489482	4568596.3172876518
413258.5232761899	4568596.3141587218
413257.5265252593	4568596.2336131921
413256.5297743287	4568596.1530676624
413255.5330233981	4568596.0725221327
413254.5362724675	4568595.9919766029
413253.5395215369	4568595.9114310732
413252.5427706063	4568595.8308855435
413251.5460196758	4568595.7503400128
413250.5492687451	4568595.6697944831
413249.5525178145	4568595.5892489534
413248.5557668840	4568595.5087034237
413247.5590159534	4568595.4281578939
413246.5625425508	4568595.3444593018
413245.5670470782	4568595.2496502092
413244.5715516056	4568595.1548411166
413243.5760561330	4568595.0600320240
413242.5805606604	4568594.9652229305
413241.5850651879	4568594.8704138380
413240.5895697152	4568594.7756047454
413239.5940742427	4568594.6807956528
413238.6020858182	4568594.5578032145
413237.6137141206	4568594.4057460306
413236.6253424229	4568594.2536888458
413235.6369707252	4568594.1016316619
413234.6485990276	4568593.9495744780
413233.6602273299	4568593.7975172931
413232.6718556322	4568593.6454601092
413231.6834839346	4568593.4934029253
413230.6951122369	4568593.3413457405
413229.7067405393	4568593.1892885566
413228.7183688416	4568593.0372313727
413227.7299971439	4568592.8851741878
413226.7416254463	4568592.7331170039
413225.7532537486	4568592.5810598200
413224.7648820509	4568592.4290026361
413223.7765103533	4568592.2769454513
413222.7867252431	4568592.1348513719
413221.7950598651	4568592.0060112458
413220.8033944872	4568591.8771711187
413219.8117291092	4568591.7483309926
413218.8200637313	4568591.6194908665
413217.8283983533	4568591.4906507405
413216.8367329753	4568591.3618106144
413215.8450675973	4568591.2329704873
413214.8534022194	4568591.1041303612
413213.8617368414	4568590.9752902351
413212.8700714634	4568590.8464501090
413211.8784060854	4568590.7176099829
413210.8840648582	4568590.6140946699
413209.8873712839	4568590.5328424759
413208.8906777097	4568590.4515902828
413207.8939841354	4568590.3703380888
413206.8972905611	4568590.2890858948
413205.9005969868	4568590.2078337017
413204.9039034125	4568590.1265815077
413203.9072098382	4568590.0453293147
413202.9105162639	4568589.9640771206
413201.9138226896	4568589.8828249266
413200.9169350038	4568589.8042185763
413199.9190548979	4568589.7391394386
413198.9211747919	4568589.6740603019
413197.9232946860	4568589.6089811642
413196.9254145800	4568589.5439020265
413195.9275344741	4568589.4788228888
413194.9295837737	4568589.5409195162
413193.9316320329	4568589.6048907815
413192.9336802920	4568589.6688620476
413191.9357285511	4568589.7328333128
413190.9379158723	4568589.7989152381
413189.9401975976	4568589.8664300088
413188.9424793229	4568589.9339447794
413187.9447610481	4568590.0014595501
413186.9470427734	4568590.0689743208
413185.9493244986	4568590.1364890905
413184.9516062239	4568590.2040038612
413183.9537448326	4568590.2689540396
413182.9547095018	4568590.3128676806
413181.9556741711	4568590.3567813225
413180.9566388403	4568590.4006949635
413179.9576035096	4568590.4446086045
413178.9585681788	4568590.4885222455
413177.9647983996	4568590.5998247666
413176.9710670834	4568590.7116195401
413175.9773357673	4568590.8234143127
413174.9836044510	4568590.9352090852
413173.9871609553	4568591.0094176531
413172.9876741650	4568591.0414513210
413171.9881873746	4568591.0734849898
413170.9887005843	4568591.1055186586
413169.9892137940	4568591.1375523265
413168.9897270036	4568591.1695859954
413167.9908228920	4568591.1397072347
413166.9921160474	4568591.0888678934
413165.9934092028	4568591.0380285531
413164.9945488536	4568590.9915227238
413163.9947479382	4568590.9715695381
413162.9949470228	4568590.9516163515
413161.9951461075	4568590.9316631658
413160.9953451921	4568590.9117099801
413159.9955442767	4568590.8917567935
413158.9971161113	4568590.8452716181
413158.0005945548	4568590.7619362259
413157.0040729984	4568590.6786008328
413156.0075514420	4568590.5952654406
413155.0110298856	4568590.5119300485
413154.0145083292	4568590.4285946563
413153.0179867728	4568590.3452592641
413152.0213709527	4568590.2641822100
413151.0213709527	4568590.2641822100
413150.0213709527	4568590.2641822100
413149.0213709527	4568590.2641822100
413148.0213709527	4568590.2641822100
413147.0213709527	4568590.2641822100
413146.0213709527	4568590.2641822100
413145.0213709527	4568590.2641822100
413144.0216482129	4568590.2546483967
413143.0233382825	4568590.1965340013
413142.0250283521	4568590.1384196067
413141.0267184217	4568590.0803052112
413140.0284084914	4568590.0221908167
413139.0300985610	4568589.9640764222
413138.0317886306	4568589.9059620267
413137.0334787002	4568589.8478476321
413136.0351687698	4568589.7897332367
413135.0368588394	4568589.7316188421
413134.0382086229	4568589.6810986446
413133.0387018874	4568589.6496934583
413132.0391951519	4568589.6182882730
413131.0396884164	4568589.5868830867
413130.0401816809	4568589.5554779004
413129.0429273470	4568589.4950083178
413128.0505160113	4568589.3720459621
413127.0581046757	4568589.2490836075
413126.0656933400	4568589.1261212518
413125.0732820043	4568589.0031588962
413124.0808706686	4568588.8801965415
413123.0862619180	4568588.8110415377
413122.0871288450	4568588.8526720824
413121.0879957719	4568588.8943026271
413120.0888626987	4568588.9359331718
413119.0897296256	4568588.9775637165
413118.0905965526	4568589.0191942602
413117.0914634795	4568589.0608248049
413116.0923304063	4568589.1024553496
413115.0931973332	4568589.1440858943
413114.0940642602	4568589.1857164390
413113.0943188055	4568589.1829083059
413112.0944179774	4568589.1688251952
413111.0945171493	4568589.1547420844
413110.0946163212	4568589.1406589746
413109.0947154932	4568589.1265758639
413108.0948146651	4568589.1124927532
413107.0949138370	4568589.0984096425
413106.0963577562	4568589.1412524870
413105.0982372556	4568589.2025343459
413104.1001167550	4568589.2638162039
413103.1019962543	4568589.3250980629
413102.1038757537	4568589.3863799218
413101.1054267532	4568589.4416016592
413100.1065304548	4568589.4885717044
413099.1076341565	4568589.5355417496
413098.1087378582	4568589.5825117948
413097.1098415598	4568589.6294818399
413096.1109452615	4568589.6764518851
413095.1120489631	4568589.7234219303
413094.1131526648	4568589.7703919755
413093.1142563664	4568589.8173620207
413092.1151745232	4568589.8259622762
413091.1158706844	4568589.7886549328
413090.1165668457	4568589.7513475893
413089.1172630069	4568589.7140402459
413088.1179591682	4568589.6767329024
413087.1186553294	4568589.6394255590
413086.1193514907	4568589.6021182165
413085.1200476520	4568589.5648108730
413084.1207438132	4568589.5275035296
413083.1214399744	4568589.4901961861
413082.1221361357	4568589.4528888427
413081.1237763964	4568589.3959425865
413080.1255020232	4568589.3372205645
413079.1272276500	4568589.2784985425
413078.1289532768	4568589.2197765205
413077.1304844353	4568589.1721814871
413076.1307677615	4568589.1959842648
413075.1310510878	4568589.2197870426
413074.1313344140	4568589.2435898203
413073.1316177403	4568589.2673925981
413072.1359123983	4568589.3397445837
413071.1458460768	4568589.4803457186
413070.1557797553	4568589.6209468525
413069.1657134338	4568589.7615479873
413068.1756471123	4568589.9021491213
413067.1855807908	4568590.0427502561
413066.1955144693	4568590.1833513910
413065.2054481477	4568590.3239525249
413064.2153818262	4568590.4645536598
413063.2253155047	4568590.6051547937
413062.2382921734	4568590.7654750980
413061.2518982496	4568590.9298740858
413060.2655043258	4568591.0942730727
413059.2791104020	4568591.2586720604
413058.2927164781	4568591.4230710473
413057.3032566530	4568591.5646107979
413056.3084035427	4568591.6659384295
413055.3135504324	4568591.7672660612
413054.3186973221	4568591.8685936918
413053.3238442118	4568591.9699213235
413052.3289911015	4568592.0712489551
413051.3330462742	4568592.1577424668
413050.3340777339	4568592.2031501280
413049.3351091938	4568592.2485577883
413048.3361406536	4568592.2939654496
413047.3366000846	4568592.3141908515
413046.3366000846	4568592.3141908515
413045.3366000846	4568592.3141908515
413044.3366000846	4568592.3141908506
413043.3366000846	4568592.3141908506
413042.3366000846	4568592.3141908506
413041.3366979776	4568592.3049878674
413040.3369242475	4568592.2837160854
413039.3371505175	4568592.2624443043
413038.3373767874	4568592.2411725232
413037.3376030574	4568592.2199007412
413036.3378293273	4568592.1986289602
413035.3380555972	4568592.1773571782
413034.3382818672	4568592.1560853971
413033.3385081371	4568592.1348136161
413032.3387344071	4568592.1135418341
413031.3389606770	4568592.0922700530
413030.3462054814	4568591.9776307149
413029.3544869978	4568591.8491999963
413028.3627685143	4568591.7207692778
413027.3710500308	4568591.5923385601
413026.3793315472	4568591.4639078416
413025.3876130636	4568591.3354771230
413024.3958945801	4568591.2070464054
413023.4041760966	4568591.0786156869
413022.4124576130	4568590.9501849683
413021.4207391295	4568590.8217542497
413020.4290206459	4568590.6933235321
413019.4370416731	4568590.5670356601
413018.4434364184	4568590.4541259725
413017.4498311636	4568590.3412162839
413016.4562259088	4568590.2283065962
413015.4626206540	4568590.1153969076
413014.4690153993	4568590.0024872199
413013.4754101445	4568589.8895775322
413012.4818048897	4568589.7766678436
413011.4881996349	4568589.6637581559
413010.4945943801	4568589.5508484673
413009.5009891253	4568589.4379387796
413008.5073838705	4568589.3250290919
413007.5137786157	4568589.2121194033
413006.5201733609	4568589.0992097156
413005.5279610681	4568588.9746729415
413004.5358032007	4568588.8496818775
413003.5436453332	4568588.7246908126
413002.5514874658	4568588.5996997487
413001.5593295984	4568588.4747086847
413000.5617611732	4568588.4227846880
412999.5620145074	4568588.4002768155
412998.5622678417	4568588.3777689431
412997.5625211759	4568588.3552610716
412996.5627745101	4568588.3327531992
412995.5630278444	4568588.3102453277
412994.5636575989	4568588.3270844035
412993.5645245258	4568588.3687149482
412992.5653914527	4568588.4103454929
412991.5662583796	4568588.4519760385
412990.5671253065	4568588.4936065832
412989.5679922334	4568588.5352371279
412988.5688591603	4568588.5768676726
412987.5697260872	4568588.6184982173
412986.5705930142	4568588.6601287620
412985.5714599411	4568588.7017593067
412984.5723268680	4568588.7433898514
412983.5731937949	4568588.7850203961
412982.5735114397	4568588.7883176943
412981.5735957604	4568588.7753317766
412980.5736800810	4568588.7623458579
412979.5737644015	4568588.7493599402
412978.5738487221	4568588.7363740224
412977.5739330427	4568588.7233881047
412976.5740173633	4568588.7104021860
412975.5742076526	4568588.6944633787
412974.5759332794	4568588.6357413568
412973.5776589063	4568588.5770193338
412972.5793845331	4568588.5182973118
412971.5811101599	4568588.4595752899
412970.5828357868	4568588.4008532679
412969.5845614136	4568588.3421312459
412968.5862687625	4568588.3193680188
412967.5879352081	4568588.3770751599
412966.5896016538	4568588.4347823020
412965.5912680994	4568588.4924894441
412964.5929345450	4568588.5501965862
412963.5946009907	4568588.6079037283
412962.5962674363	4568588.6656108694
412961.5979338819	4568588.7233180115
412960.5996003276	4568588.7810251536
412959.6012667732	4568588.8387322957
412958.6029332188	4568588.8964394378
412957.6045996645	4568588.9541465789
412956.6062661101	4568589.0118537210
412955.6079325557	4568589.0695608631
412954.6095990014	4568589.1272680052
412953.6112654470	4568589.1849751472
412952.6129318927	4568589.2426822884
412951.6144883157	4568589.2981214495
412950.6152568219	4568589.3373186653
412949.6160253280	4568589.3765158802
412948.6167938341	4568589.4157130951
412947.6175623402	4568589.4549103100
412946.6183308464	4568589.4941075249
412945.6190993525	4568589.5333047407
412944.6198678587	4568589.5725019556
412943.6206363648	4568589.6116991704
412942.6214048710	4568589.6508963853
412941.6219898988	4568589.6843667096
412940.6222985662	4568589.7092110151
412939.6226072337	4568589.7340553217
412938.6229159011	4568589.7588996282
412937.6232245685	4568589.7837439347
412936.6235332359	4568589.8085882412
412935.6238419033	4568589.8334325468
412934.6241505707	4568589.8582768533
412933.6244592382	4568589.8831211599
412932.6247679056	4568589.9079654664
412931.6250765730	4568589.9328097729
412930.6253852404	4568589.9576540785
412929.6256939078	4568589.9824983850
412928.6269386836	4568590.0309281982
412927.6284229757	4568590.0853926921
412926.6299072678	4568590.1398571860
412925.6313915599	4568590.1943216790
412924.6328758520	4568590.2487861728
412923.6338834425	4568590.2816117704
412922.6339379271	4568590.2711730748
412921.6339924118	4568590.2607343802
412920.6340468964	4568590.2502956847
412919.6341013811	4568590.2398569891
412918.6415766923	4568590.3335109046
412917.6532247666	4568590.4856965514
412916.6648728409	4568590.6378821982
412915.6768665803	4568590.7920828052
412914.6943023789	4568590.9780064188
412913.7117381774	4568591.1639300315
412912.7291739760	4568591.3498536451
412911.7459694778	4568591.5322956154
412910.7615467960	4568591.7081136564
412909.7771241142	4568591.8839316973
412908.7866772407	4568592.0140185617
412907.7903059342	4568592.0991315441
412906.7939346278	4568592.1842445266
412905.7975633214	4568592.2693575090
412904.8011920150	4568592.3544704914
412903.8066093323	4568592.4580388237
412902.8124370653	4568592.5658419011
412901.8182647982	4568592.6736449776
412900.8240925311	4568592.7814480551
412899.8304877151	4568592.8940308252
412898.8387098486	4568593.0220021633
412897.8469319820	4568593.1499735024
412896.8545091798	4568593.2718888102
412895.8580239237	4568593.3556571482
412894.8615386676	4568593.4394254861
412893.8650534115	4568593.5231938241
412892.8685681555	4568593.6069621621
412891.8720828994	4568593.6907304991
412890.8755976433	4568593.7744988371
412889.8791123872	4568593.8582671750
412888.8826271312	4568593.9420355130
412887.8861418751	4568594.0258038510
412886.8896566190	4568594.1095721889
412885.8897357732	4568594.1114587029
412884.8897357732	4568594.1114587029
412883.8897357732	4568594.1114587029
412882.8897357732	4568594.1114587029
412881.8897357732	4568594.1114587029
412880.8897357732	4568594.1114587029
412879.8897357732	4568594.1114587039
412878.8897357732	4568594.1114587039
412877.8897357732	4568594.1114587039
412876.8897357732	4568594.1114587039
412875.8897357732	4568594.1114587039
412874.8897357732	4568594.1114587039
412873.8897357732	4568594.1114587039
412872.8897357732	4568594.1114587039
412871.8897357732	4568594.1114587039
412870.8897357732	4568594.1114587039
412869.8897357732	4568594.1114587039
412868.8897357732	4568594.1114587039
412867.8897357732	4568594.1114587039
412866.8897357732	4568594.1114587039
412865.8897357732	4568594.1114587039
412864.8897357732	4568594.1114587039
412863.8897624013	4568594.1096371906
412862.8901897206	4568594.0804061126
412861.8907261879	4568594.0590140689
412860.8923548535	4568594.1160638593
412859.8939835191	4568594.1731136506
412858.8956121847	4568594.2301634420
412857.8962408734	4568594.2521854918
412856.8962408734	4568594.2521854900
412855.8964292343	4568594.2356075887
412854.8966873988	4568594.2128861835
412853.8969455632	4568594.1901647784
412852.8972037277	4568594.1674433742
412851.9003806158	4568594.1997888153
412850.9086421599	4568594.3280652156
412849.9169037039	4568594.4563416168
412848.9251652480	4568594.5846180171
412847.9974149411	4568594.9332494428
412847.0912191252	4568595.3561077453
412846.1179814679	4568595.5523362951
412845.1275765726	4568595.6905323267
412844.1371716772	4568595.8287283583
412843.1467667818	4568595.9669243908
412842.1520877016	4568596.0578879276
412841.1529634350	4568596.0997292921
412840.1538391683	4568596.1415706556
412839.1547149016	4568596.1834120192
412838.1555906349	4568596.2252533836
412837.1574714330	4568596.2842158163
412836.1603140679	4568596.3595629409
412835.1631567028	4568596.4349100664
412834.1659993377	4568596.5102571910
412833.1688419726	4568596.5856043166
412832.1716846075	4568596.6609514412
412831.1743506913	4568596.7316188877
412830.1743506913	4568596.7316188877
412829.1743506913	4568596.7316188877
412828.1743506913	4568596.7316188877
412827.1743506913	4568596.7316188877
412826.1744103064	4568596.7351268716
412825.1749877402	4568596.7691053078
412824.1755651740	4568596.8030837448
412823.1761426078	4568596.8370621810
412822.1767200416	4568596.8710406180
412821.1772974754	4568596.9050190542
412820.1778749092	4568596.9389974903
412819.1784523429	4568596.9729759274
412818.1790297767	4568597.0069543635
412817.1796072105	4568597.0409328006
412816.1801846443	4568597.0749112368
412815.1807620781	4568597.1088896729
412814.1813395119	4568597.1428681100
412813.1819169457	4568597.1768465461
412812.1824943795	4568597.2108249832
412811.1830718133	4568597.2448034193
412810.1836492471	4568597.2787818564
412809.1842266809	4568597.3127602926
412808.1848041147	4568597.3467387287
412807.1853815484	4568597.3807171658
412806.1859589822	4568597.4146956019
412805.1864775339	4568597.4468730325
412804.1869698403	4568597.4782477142
412803.1874621468	4568597.5096223950
412802.1879544533	4568597.5409970758
412801.1884467598	4568597.5723717576
412800.1889390663	4568597.6037464384
412799.1894313728	4568597.6351211192
412798.1899236792	4568597.6664958009
412797.1904159857	4568597.6978704818
412796.1909082923	4568597.7292451626
412795.1914005988	4568597.7606198443
412794.1918929052	4568597.7919945251
412793.1927390183	4568597.8301165318
412792.1954313930	4568597.9034479745
412791.1981237676	4568597.9767794181
412790.2008161423	4568598.0501108607
412789.2035085170	4568598.1234423034
412788.2062008917	4568598.1967737461
412787.2088932664	4568598.2701051887
412786.2115856412	4568598.3434366323
412785.2142780159	4568598.4167680750
412784.2169703905	4568598.4900995176
412783.2196627652	4568598.5634309603
412782.2223551399	4568598.6367624030
412781.2235401954	4568598.6809675554
412780.2239905438	4568598.7109757885
412779.2244408923	4568598.7409840217
412778.2248912407	4568598.7709922539
412777.2253415891	4568598.8010004871
412776.2257919375	4568598.8310087193
412775.2262422859	4568598.8610169524
412774.2266926344	4568598.8910251856
412773.2271429828	4568598.9210334178
412772.2275933312	4568598.9510416510
412771.2280436796	4568598.9810498832
412770.2284940281	4568599.0110581163
412769.2289443765	4568599.0410663495
412768.2293947249	4568599.0710745817
412767.2298450733	4568599.1010828149
412766.2301073119	4568599.1232069945
412765.2302639045	4568599.1409033379
412764.2304204970	4568599.1585996812
412763.2305770896	4568599.1762960246
412762.2307336821	4568599.1939923679
412761.2308902747	4568599.2116887113
412760.2310468672	4568599.2293850556
412759.2312034598	4568599.2470813990
412758.2313600523	4568599.2647777423
412757.2315166448	4568599.2824740857
412756.2316732374	4568599.3001704291
412755.2319487927	4568599.2975419629
412754.2323810382	4568599.2681429116
412753.2328132837	4568599.2387438603
412752.2332455293	4568599.2093448080
412751.2336777748	4568599.1799457567
412750.2341100203	4568599.1505467054
412749.2345422659	4568599.1211476531
412748.2352357476	4568599.0842610532
412747.2360495873	4568599.0439247536
412746.2368634270	4568599.0035884539
412745.2376772667	4568598.9632521542
412744.2384911064	4568598.9229158545
412743.2393916001	4568598.8809160851
412742.2414225173	4568598.8172159307
412741.2434534344	4568598.7535157762
412740.2454843515	4568598.6898156218
412739.2475152686	4568598.6261154683
412738.2495461858	4568598.5624153139
412737.2515771029	4568598.4987151595
412736.2536080200	4568598.4350150051
412735.2556389372	4568598.3713148516
412734.2576698543	4568598.3076146971
412733.2597007714	4568598.2439145427
412732.2654108652	4568598.1438918505
412731.2749386503	4568598.0061791362
412730.2844664355	4568597.8684664220
412729.2939942208	4568597.7307537068
412728.3035220059	4568597.5930409925
412727.3130497911	4568597.4553282782
412726.3225775764	4568597.3176155640
412725.3321053615	4568597.1799028497
412724.3416331467	4568597.0421901355
412723.3511609319	4568596.9044774212
412722.3606887171	4568596.7667647060
412721.3711542718	4568596.6224872787
412720.3817393575	4568596.4773730906
412719.3923244432	4568596.3322589034
412718.4029095289	4568596.1871447163
412717.4134946146	4568596.0420305291
412716.4240797003	4568595.8969163420
412715.4346647860	4568595.7518021539
412714.4452498717	4568595.6066879667
412713.4558349574	4568595.4615737796
412712.4664200431	4568595.3164595924
412711.4770051288	4568595.1713454043
412710.4875902145	4568595.0262312172
412709.4978177691	4568594.8837699834
412708.5052860875	4568594.7617828501
412707.5127544058	4568594.6397957159
412706.5202227241	4568594.5178085817
412705.5276910425	4568594.3958214475
412704.5351593608	4568594.2738343133
412703.5426276792	4568594.1518471790
412702.5500959975	4568594.0298600458
412701.5575643158	4568593.9078729115
412700.5650326342	4568593.7858857773
412699.5725009525	4568593.6638986431
412698.5766774073	4568593.5726765096
412697.5808057587	4568593.4819039386
412696.5849341101	4568593.3911313685
412695.5890624615	4568593.3003587984
412694.5931908129	4568593.2095862273
412693.5973191643	4568593.1188136572
412692.6014475157	4568593.0280410871
412691.6055758671	4568592.9372685160
412690.6097042186	4568592.8464959459
412689.6134383704	4568592.7634359905
412688.6135014877	4568592.7522007450
412687.6135646051	4568592.7409654986
412686.6136277225	4568592.7297302531
412685.6136908398	4568592.7184950076
412684.6137539572	4568592.7072597612
412683.6138170745	4568592.6960245157
412682.6138801919	4568592.6847892702
412681.6139433093	4568592.6735540237
412680.6145918931	4568592.6833628658
412679.6168263930	4568592.7501760880
412678.6190608928	4568592.8169893101
412677.6212953926	4568592.8838025322
412676.6235298924	4568592.9506157544
412675.6257643922	4568593.0174289765
412674.6279988921	4568593.0842421986
412673.6302333919	4568593.1510554207
412672.6324678918	4568593.2178686429
412671.6343220199	4568593.2772254050
412670.6349370261	4568593.3122915458
412669.6355520324	4568593.3473576857
412668.6361670385	4568593.3824238256
412667.6367820447	4568593.4174899654
412666.6373970509	4568593.4525561063
412665.6380120571	4568593.4876222461
412664.6401637009	4568593.5518251918
412663.6426341826	4568593.6220737500
412662.6451046641	4568593.6923223073
412661.6475751457	4568593.7625708645
412660.6500456272	4568593.8328194227
412659.6525161088	4568593.9030679800
412658.6549865903	4568593.9733165372
412657.6574570719	4568594.0435650954
412656.6591302950	4568594.1011077939
412655.6606437249	4568594.1561038783
412654.6621571547	4568594.2110999618
412653.6636705846	4568594.2660960462
412652.6651840144	4568594.3210921297
412651.6666974443	4568594.3760882141
412650.6682108742	4568594.4310842976
412649.6697243040	4568594.4860803820
412648.6712377339	4568594.5410764655
412647.6727511637	4568594.5960725490
412646.6742645936	4568594.6510686334
412645.6757780235	4568594.7060647169
412644.6772914533	4568594.7610608013
412643.6788048831	4568594.8160568848
412642.6803183130	4568594.8710529692
412641.6818317428	4568594.9260490527
412640.6845668524	4568594.9987013442
412639.6880210942	4568595.0817468241
412638.6914753359	4568595.1647923039
412637.6949295777	4568595.2478377838
412636.6983838195	4568595.3308832636
412635.7018380612	4568595.4139287435
412634.7052923030	4568595.4969742233
412633.7087465448	4568595.5800197031
412632.7122007865	4568595.6630651830
412631.7156550283	4568595.7461106637
412630.7191092700	4568595.8291561436
412629.7201791519	4568595.8731083106
412628.7209275496	4568595.9117895095
412627.7216759472	4568595.9504707092
412626.7224243448	4568595.9891519090
412625.7231727425	4568596.0278331079
412624.7239211401	4568596.0665143076
412623.7246695378	4568596.1051955074
412622.7254179354	4568596.1438767063
412621.7261663330	4568596.1825579060
412620.7263888922	4568596.2015081896
412619.7264954339	4568596.2161051743
412618.7266019755	4568596.2307021590
412617.7267085172	4568596.2452991437
412616.7268150589	4568596.2598961284
412615.7269216005	4568596.2744931141
412614.7270281422	4568596.2890900988
412613.7273384165	4568596.2945510745
412612.7290896355	4568596.2353955908
412611.7308408545	4568596.1762401080
412610.7325920735	4568596.1170846242
412609.7343432924	4568596.0579291405
412608.7360945114	4568595.9987736577
412607.7378457304	4568595.9396181740
412606.7395969494	4568595.8804626912
412605.7413481684	4568595.8213072075
412604.7430993874	4568595.7621517247
412603.7448506064	4568595.7029962409
412602.7466018254	4568595.6438407581
412601.7483530444	4568595.5846852744
412600.7501042633	4568595.5255297907
412599.7518554823	4568595.4663743079
412598.7536067013	4568595.4072188241
412597.7602006648	4568595.2935153451
412596.7671433741	4568595.1758836433
412595.7740860833	4568595.0582519416
412594.7810287925	4568594.9406202398
412593.7879715018	4568594.8229885381
412592.7949142110	4568594.7053568363
412591.8011539830	4568594.5939835934
412590.8067449168	4568594.4883871498
412589.8123358505	4568594.3827907052
412588.8179267843	4568594.2771942616
412587.8235177180	4568594.1715978179
412586.8291086518	4568594.0660013733
412585.8346995856	4568593.9604049297
412584.8402905193	4568593.8548084861
412583.8507478704	4568593.7203467302
412582.8766831419	4568593.4940771908
412581.9026184134	4568593.2678076504
412580.9285536850	4568593.0415381100
412579.9544889565	4568592.8152685706
412578.9804242280	4568592.5889990302
412578.0063594996	4568592.3627294898
412577.0322947711	4568592.1364599504
412576.0434795555	4568591.9990045223
412575.0485671230	4568591.8982610274
412574.0536546906	4568591.7975175316
412573.0587422583	4568591.6967740366
412572.0638298258	4568591.5960305408
412571.0689173934	4568591.4952870458
412570.0740049610	4568591.3945435509
412569.0790925286	4568591.2938000550
412568.0841800962	4568591.1930565601
412567.0892676638	4568591.0923130652
412566.0918744155	4568591.0211250018
412565.0940892577	4568590.9546059910
412564.0963040999	4568590.8880869811
412563.0985189420	4568590.8215679703
412562.1007337842	4568590.7550489595
412561.1029486263	4568590.6885299487
412560.1051634685	4568590.6220109379
412559.1073783106	4568590.5554919280
412558.1095931527	4568590.4889729172
412557.1118079949	4568590.4224539064
412556.1140228370	4568590.3559348956
412555.1162376792	4568590.2894158848
412554.1184525214	4568590.2228968740
412553.1306902841	4568590.2667564359
412552.1612068265	4568590.5119131720
412551.1917233690	4568590.7570699090
412550.2222399114	4568591.0022266451
412549.2527564538	4568591.2473833822
412548.2807631661	4568591.4818287883
412547.3032870319	4568591.6928747715
412546.3258108977	4568591.9039207548
412545.3483347635	4568592.1149667380
412544.3708586293	4568592.3260127213
412543.3887106111	4568592.5068009719
412542.3931011328	4568592.6004052823
412541.3974916546	4568592.6940095928
412540.4018821764	4568592.7876139032
412539.4062726982	4568592.8812182127
412538.4106632200	4568592.9748225231
412537.4150537418	4568593.0684268335
412536.4204073666	4568593.1715337960
412535.4262629035	4568593.2795929769
412534.4321184404	4568593.3876521569
412533.4379739774	4568593.4957113378
412532.4438295143	4568593.6037705187
412531.4519640783	4568593.7295755530
412530.4627759426	4568593.8762276322
412529.4735878069	4568594.0228797104
412528.4843996713	4568594.1695317896
412527.4952115356	4568594.3161838688
412526.4982468882	4568594.3254505955
412525.4988281102	4568594.2913609166
412524.4994093322	4568594.2572712386
412523.4999905542	4568594.2231815597
412522.5005717762	4568594.1890918817
412521.5011529982	4568594.1550022028
412520.5017342202	4568594.1209125249
412519.5021901960	4568594.1320982166
412518.5025981096	4568594.1606579907
412517.5030060231	4568594.1892177658
412516.5034139367	4568594.2177775400
412515.5038218502	4568594.2463373141
412514.5042297638	4568594.2748970883
412513.5052820276	4568594.2398005184
412512.5064728829	4568594.1910122763
412511.5076637382	4568594.1422240343
412510.5088545935	4568594.0934357923
412509.5100454489	4568594.0446475511
412508.5112363042	4568593.9958593091
412507.5124271596	4568593.9470710671
412506.5136180149	4568593.8982828250
412505.5146639917	4568593.8560010139
412504.5146731553	4568593.8602820355
412503.5146823190	4568593.8645630572
412502.5146914826	4568593.8688440798
412501.5147006462	4568593.8731251014
412500.5147098098	4568593.8774061231
412499.5147189735	4568593.8816871447
412498.5147281371	4568593.8859681664
412497.5147556974	4568593.8932451447
412496.5147876959	4568593.9012448890
412495.5148196943	4568593.9092446342
412494.5148516928	4568593.9172443785
412493.5148836912	4568593.9252441227
412492.5149156897	4568593.9332438670
412491.5149476882	4568593.9412436113
412490.5165388999	4568593.9928083327
412489.5185575643	4568594.0563162351
412488.5205762286	4568594.1198241385
412487.5225948930	4568594.1833320418
412486.5246135574	4568594.2468399443
412485.5266322217	4568594.3103478476
412484.5276070871	4568594.3497220334
412483.5278692065	4568594.3726167940
412482.5281313259	4568594.3955115546
412481.5283934452	4568594.4184063151
412480.5286555646	4568594.4413010757
412479.5289176840	4568594.4641958363
412478.5291798034	4568594.4870905969
412477.5622780670	4568594.6244548270
412476.7024233234	4568595.1349935820
412475.8247503112	4568595.5981764263
412474.8416202617	4568595.7810843429
412473.8584902122	4568595.9639922585
412472.8748511235	4568596.1441326281
412471.8909812134	4568596.3230180657
412470.9071113033	4568596.5019035041
412469.9232413932	4568596.6807889426
412468.9393714831	4568596.8596743802
412467.9555015730	4568597.0385598186
412466.9716316629	4568597.2174452571
412465.9756250686	4568597.2833519597
412464.9762089676	4568597.3175200317
412463.9767928666	4568597.3516881028
412462.9773767657	4568597.3858561749
412461.9779606647	4568597.4200242469
412460.9785445637	4568597.4541923180
412459.9791969650	4568597.4725331943
412458.9801140691	4568597.4297153559
412457.9810311733	4568597.3868975174
412456.9819482775	4568597.3440796798
412455.9833562926	4568597.2928632265
412454.9860885381	4568597.2189915404
412453.9888207837	4568597.1451198552
412452.9915530292	4568597.0712481691
412451.9942852748	4568596.9973764839
412450.9951366579	4568596.9847118380
412449.9952147738	4568596.9972108621
412448.9952928896	4568597.0097098863
412447.9953710055	4568597.0222089095
412446.9954355763	4568597.0308345417
412445.9954507317	4568597.0253290478
412444.9954658870	4568597.0198235540
412443.9954810424	4568597.0143180592
412442.9954961977	4568597.0088125654
412441.9955113531	4568597.0033070715
412440.9955265085	4568596.9978015767
412439.9955416637	4568596.9922960829
412438.9955568191	4568596.9867905891
412437.9955719745	4568596.9812850943
412436.9955871298	4568596.9757796004
412435.9956022852	4568596.9702741057
412434.9956174405	4568596.9647686118
412433.9956325959	4568596.9592631180
412432.9956477512	4568596.9537576232
412431.9956629066	4568596.9482521294
412430.9956780619	4568596.9427466355
412429.9956932172	4568596.9372411408
412428.9957083726	4568596.9317356469
412427.9962906055	4568596.9019586174
412426.9971397724	4568596.8607565211
412425.9979889393	4568596.8195544248
412424.9988381062	4568596.7783523286
412423.9996872731	4568596.7371502323
412423.0005364400	4568596.6959481360
412422.0013856070	4568596.6547460398
412421.0022347739	4568596.6135439435
412420.0030839408	4568596.5723418472
412419.0043271085	4568596.5265593994
412418.0128175778	4568596.3965253625
412417.0213080472	4568596.2664913265
412416.0297985166	4568596.1364572896
412415.0382889859	4568596.0064232526
412414.0467794553	4568595.8763892166
412413.0552699247	4568595.7463551797
412412.0718593944	4568595.5653486904
412411.0888756759	4568595.3816559864
412410.1058919575	4568595.1979632834
412409.1229082390	4568595.0142705804
412408.1399245206	4568594.8305778764
412407.1569408022	4568594.6468851734
412406.1598121891	4568594.6041680146
412405.1599286278	4568594.5889081359
412404.1600450665	4568594.5736482562
412403.1601615053	4568594.5583883766
412402.1604281041	4568594.5628723949
412401.1608923080	4568594.5933386441
412400.1613565120	4568594.6238048933
412399.1618207158	4568594.6542711426
412398.1627743505	4568594.6505517224
412397.1645204057	4568594.5914834421
412396.1662664609	4568594.5324151618
412395.1680125161	4568594.4733468816
412394.1697585714	4568594.4142786004
412393.1784480852	4568594.2921501445
412392.1912575803	4568594.1326042041
412391.2040670755	4568593.9730582628
412390.2168765707	4568593.8135123225
412389.2296860658	4568593.6539663821
412388.2424955610	4568593.4944204409
412387.2687219691	4568593.2669524923
412386.2950136615	4568593.0391540471
412385.3213053539	4568592.8113556011
412384.3475970463	4568592.5835571559
412383.3738887388	4568592.3557587108
412382.4001804312	4568592.1279602647
412381.4264721236	4568591.9001618195
412380.4527638160	4568591.6723633744
412379.4790555084	4568591.4445649292
412378.5393010449	4568591.1106211124
412377.6141538504	4568590.7310125390
412376.6890066559	4568590.3514039665
412375.7400727022	4568590.0536965346
412374.7555101944	4568589.8786632000
412373.7709476865	4568589.7036298653
412372.7749042949	4568589.7224495038
412371.7765643532	4568589.7800460393
412370.7782244115	4568589.8376425747
412369.7789557734	4568589.8753516842
412368.7795929191	4568589.9110432146
412367.7802300647	4568589.9467347451
412366.7808672104	4568589.9824262755
412365.7823866625	4568590.0307719782
412364.7877405574	4568590.1341118328
412363.7930944524	4568590.2374516884
412362.7984483473	4568590.3407915430
412361.8038022422	4568590.4441313986
412360.8048802898	4568590.4416927574
412359.8051384543	4568590.4189713523
412358.8053966188	4568590.3962499471
412357.8056547832	4568590.3735285420
412356.8059129477	4568590.3508071359
412355.8072347826	4568590.3965636026
412354.8086809532	4568590.4503246453
412353.8116813026	4568590.5236354014
412352.8171758497	4568590.6283201855
412351.8226703967	4568590.7330049705
412350.8281649438	4568590.8376897546
412349.8336594909	4568590.9423745386
412348.8391540380	4568591.0470593236
412347.8446485850	4568591.1517441077
412346.8501431321	4568591.2564288927
412345.8514942943	4568591.2980365166
412344.8518403750	4568591.3243431989
412343.8521864556	4568591.3506498812
412342.8525325363	4568591.3769565634
412341.8528786169	4568591.4032632457
412340.8532246976	4568591.4295699280
412339.8535707782	4568591.4558766102
412338.8539332256	4568591.4827796714
412337.8543411392	4568591.5113394456
412336.8547490528	4568591.5398992188
412335.8551569663	4568591.5684589930
412334.8555648798	4568591.5970187662
412333.8559727933	4568591.6255785404
412332.8563807069	4568591.6541383145
412331.8566632047	4568591.6718070563
412330.8566785153	4568591.6662734216
412329.8566938260	4568591.6607397869
412328.8567091367	4568591.6552061513
412327.8567244474	4568591.6496725166
412326.8567397581	4568591.6441388810
412325.8572206819	4568591.6236824989
412324.8588361652	4568591.5668638675
412323.8604516486	4568591.5100452369
412322.8620671319	4568591.4532266054
412321.8636826152	4568591.3964079740
412320.8652980986	4568591.3395893425
412319.8669135819	4568591.2827707119
412318.8683618476	4568591.2291302215
412317.8695272770	4568591.1808653194
412316.8706927065	4568591.1326004174
412315.8718581361	4568591.0843355153
412314.8730235655	4568591.0360706123
412313.8741889951	4568590.9878057102
412312.8753544246	4568590.9395408081
412311.8765198541	4568590.8912759060
412310.8818375957	4568590.7921425877
412309.8883983833	4568590.6777811823
412308.8970666909	4568590.5471550282
412307.9072885743	4568590.4045391800
412306.9175104578	4568590.2619233327
412305.9240598888	4568590.1538563222
412304.9264185138	4568590.0852145934
412303.9287771388	4568590.0165728657
412302.9311357638	4568589.9479311369
412301.9332972840	4568589.8823990207
412300.9349733798	4568589.8245251719
412299.9366494757	4568589.7666513221
412298.9383255716	4568589.7087774724
412297.9411184214	4568589.6362346401
412296.9455389187	4568589.5423120447
412295.9499594161	4568589.4483894492
412294.9537887336	4568589.3613411319
412293.9567914616	4568589.2839044500
412292.9597941896	4568589.2064677691
412291.9627969176	4568589.1290310882
412290.9657996455	4568589.0515944064
412289.9688023735	4568588.9741577255
412288.9805541873	4568588.8306888454
412287.9977923305	4568588.6458128532
412287.0150304736	4568588.4609368602
412286.0322686167	4568588.2760608681
412285.0495067598	4568588.0911848750
412284.0667449029	4568587.9063088829
412283.0838227293	4568587.7222875273
412282.1008705793	4568587.5384259736
412281.1179184293	4568587.3545644209
412280.1349662793	4568587.1707028672
412279.1520141293	4568586.9868413135
412278.1690619793	4568586.8029797608
412277.1861098293	4568586.6191182071
412276.2031576793	4568586.4352566535
412275.2055784897	4568586.3809268204
412274.2063775309	4568586.3409587825
412273.2071765722	4568586.3009907436
412272.2079756135	4568586.2610227056
412271.2087746547	4568586.2210546676
412270.2095736960	4568586.1810866287
412269.2103727373	4568586.1411185907
412268.2151127876	4568586.0461487751
412267.2204209938	4568585.9432496242
412266.2257292000	4568585.8403504733
412265.2310374062	4568585.7374513224
412264.2363456123	4568585.6345521705
412263.2416538185	4568585.5316530196
412262.2469620247	4568585.4287538687
412261.2522702309	4568585.3258547168
412260.2575784371	4568585.2229555659
412259.2633213011	4568585.1168737235
412258.2774633416	4568584.9492906583
412257.2916053823	4568584.7817075923
412256.3057474228	4568584.6141245272
412255.3198894634	4568584.4465414612
412254.3340315040	4568584.2789583951
412253.3481735446	4568584.1113753300
412252.3623155852	4568583.9437922640
412251.3719462223	4568583.8149410458
412250.3739637771	4568583.7514505824
412249.3759813318	4568583.6879601190
412248.3779988865	4568583.6244696565
412247.3800164412	4568583.5609791931
412246.3820339959	4568583.4974887297
412245.3840515506	4568583.4339982672
412244.3860691053	4568583.3705078037
412243.3880866600	4568583.3070173403
412242.3901042148	4568583.2435268769
412241.3921217695	4568583.1800364144
412240.3941393242	4568583.1165459510
412239.3961568789	4568583.0530554876
412238.3982021773	4568582.9925428685
412237.4015759095	4568583.0746165086
412236.4049496418	4568583.1566901486
412235.4083233740	4568583.2387637887
412234.4116971063	4568583.3208374288
412233.4150708385	4568583.4029110689
412232.4184445708	4568583.4849847099
412231.4218183030	4568583.5670583500
412230.4251920352	4568583.6491319900
412229.4285657675	4568583.7312056301
412228.4361064355	4568583.8530553561
412227.4441085237	4568583.9793096352
412226.4521106120	4568584.1055639144
412225.4601127002	4568584.2318181945
412224.4681147885	4568584.3580724737
412223.4729042477	4568584.4343325645
412222.4729057816	4568584.4360840712
412221.4729073154	4568584.4378355779
412220.4729088493	4568584.4395870846
412219.4729103832	4568584.4413385913
412218.4729119171	4568584.4430900980
412217.4729134510	4568584.4448416047
412216.4729149849	4568584.4465931114
412215.4729165188	4568584.4483446181
412214.4729180527	4568584.4500961248
412213.4729653679	4568584.4572494561
412212.4730808616	4568584.4724472892
412211.4731963554	4568584.4876451222
412210.4733118491	4568584.5028429544
412209.4734273429	4568584.5180407874
412208.4735432503	4568584.5332650328
412207.4736732978	4568584.5493919682
412206.4738033453	4568584.5655189026
412205.4739333928	4568584.5816458380
412204.4740634402	4568584.5977727734
412203.4741934877	4568584.6138997087
412202.4743235351	4568584.6300266432
412201.4788155032	4568584.5434073238
412200.4839099889	4568584.4425955303
412199.4890044746	4568584.3417837378
412198.4940989603	4568584.2409719443
412197.4991934460	4568584.1401601508
412196.5036845029	4568584.0468041990
412195.5055160063	4568583.9863091391
412194.5073475096	4568583.9258140791
412193.5091790130	4568583.8653190183
412192.5110105163	4568583.8048239583
412191.5128420197	4568583.7443288984
412190.5139851961	4568583.6978343138
412189.5146964337	4568583.6601253040
412188.5154076714	4568583.6224162942
412187.5161189090	4568583.5847072834
412186.5168301466	4568583.5469982736
412185.5175413843	4568583.5092892637
412184.5178373654	4568583.4880934628
412183.5179163079	4568583.4755284814
412182.5179952504	4568583.4629635001
412181.5180741929	4568583.4503985178
412180.5181531354	4568583.4378335364
412179.5182320779	4568583.4252685551
412178.5183110204	4568583.4127035728
412177.5203580276	4568583.3757620286
412176.5313723529	4568583.2277507605
412175.5423866783	4568583.0797394933
412174.5534010036	4568582.9317282252
412173.5644153290	4568582.7837169580
412172.5754296544	4568582.6357056899
412171.5864439797	4568582.4876944227
412170.5974583050	4568582.3396831546
412169.6084726304	4568582.1916718874
412168.6194869558	4568582.0436606193
412167.6305012811	4568581.8956493521
412166.6415156065	4568581.7476380840
412165.6525299318	4568581.5996268168
412164.6635442572	4568581.4516155487
412163.6745585825	4568581.3036042815
412162.6825529681	4568581.1806963589
412161.6866808761	4568581.0899286540
412160.6908087841	4568580.9991609482
412159.6949366920	4568580.9083932433
412158.6990646000	4568580.8176255384
412157.7031925079	4568580.7268578326
412156.7073204159	4568580.6360901278
412155.7114483239	4568580.5453224229
412154.7152203617	4568580.4594746521
412153.7166522294	4568580.4059799314
412152.7180840971	4568580.3524852097
412151.7195159649	4568580.2989904881
412150.7209478326	4568580.2454957664
412149.7223797004	4568580.1920010448
412148.7231071700	4568580.1577081494
412147.7233034741	4568580.1378947766
412146.7234997783	4568580.1180814039
412145.7236960824	4568580.0982680321
412144.7238923866	4568580.0784546593
412143.7240886907	4568580.0586412866
412142.7242849948	4568580.0388279138
412141.7244812990	4568580.0190145411
412140.7309724334	4568579.9157859320
412139.7395181380	4568579.7853314187
412138.7524356926	4568579.8398334673
412137.7682523686	4568580.0169864660
412136.7840690448	4568580.1941394648
412135.7942414433	4568580.3347857427
412134.8025114141	4568580.4631272769
412133.8107813849	4568580.5914688101
412132.8190513557	4568580.7198103433
412131.8273213264	4568580.8481518766
412130.8286540328	4568580.8949640011
412129.8294974008	4568580.9360252321
412128.8303407688	4568580.9770864630
412127.8311841368	4568581.0181476949
412126.8366169839	4568580.9315066636
412125.8429856373	4568580.8188268207
412124.8493542907	4568580.7061469769
412123.8557229442	4568580.5934671331
412122.8620915975	4568580.4807872903
412121.8690846524	4568580.3629462468
412120.8772488771	4568580.2354245037
412119.8854131018	4568580.1079027615
412118.8935773265	4568579.9803810185
412117.9017415513	4568579.8528592754
412116.9099057760	4568579.7253375333
412115.9180700007	4568579.5978157902
412114.9262342254	4568579.4702940471
412113.9334288606	4568579.3509460799
412112.9392843975	4568579.2428869000
412111.9451399345	4568579.1348277191
412110.9509954714	4568579.0267685382
412109.9568510083	4568578.9187093582
412108.9627065452	4568578.8106501773
412107.9685620821	4568578.7025909964
412106.9744176190	4568578.5945318164
412105.9952408941	4568578.4026124859
412105.0250983939	4568578.1600768603
412104.0549558937	4568577.9175412357
412103.0735694184	4568577.7268495625
412102.0901162298	4568577.5456871325
412101.1066630412	4568577.3645247035
412100.1232098526	4568577.1833622744
412099.1357710844	4568577.0273966482
412098.1444163184	4568576.8961879285
412097.1530615525	4568576.7649792098
412096.1617067865	4568576.6337704901
412095.1685808482	4568576.5172179397
412094.1745091565	4568576.4084913479
412093.1804374647	4568576.2997647570
412092.1862889372	4568576.1918195672
412091.1900788071	4568576.1048403941
412090.1938686770	4568576.0178612201
412089.1976585468	4568575.9308820460
412088.2073563832	4568575.7957196767
412087.2196434152	4568575.6394407824
412086.2319304470	4568575.4831618890
412085.2442174789	4568575.3268829947
412084.2572752660	4568575.1658963962
412083.2712943806	4568574.9990380919
412082.2853134952	4568574.8321797876
412081.2993326099	4568574.6653214833
412080.3108437797	4568574.5143236155
412079.3214846443	4568574.3688296257
412078.3321255089	4568574.2233356349
412077.3427663734	4568574.0778416451
412076.3440664030	4568574.0517231766
412075.3441180612	4568574.0415588468
412074.3441697192	4568574.0313945180
412073.3442213774	4568574.0212301891
412072.3452244613	4568573.9781375267
412071.3463574648	4568573.9305484174
412070.3474904683	4568573.8829593081
412069.3486234718	4568573.8353701979
412068.3497564754	4568573.7877810886
412067.3502438269	4568573.7575433832
412066.3506023712	4568573.7307672733
412065.3509609155	4568573.7039911626
412064.3513194598	4568573.6772150528
412063.3516780042	4568573.6504389420
412062.3520365485	4568573.6236628322
412061.3523137484	4568573.6003339989
412060.3525219300	4568573.5799300838
412059.3527301115	4568573.5595261687
412058.3529382930	4568573.5391222546
412057.3531464746	4568573.5187183395
412056.3533934900	4568573.4972258331
412055.3546891944	4568573.4463364426
412054.3559848989	4568573.3954470521
412053.3572806033	4568573.3445576616
412052.3585763078	4568573.2936682710
412051.3598720123	4568573.2427788805
412050.3611677168	4568573.1918894900
412049.3624634212	4568573.1410000985
412048.3637591257	4568573.0901107080
412047.3667176702	4568573.0215623965
412046.3760688739	4568572.8851257358
412045.3854200776	4568572.7486890750
412044.3947712813	4568572.6122524142
412043.4041224850	4568572.4758157535
412042.4134736887	4568572.3393790927
412041.4228248924	4568572.2029424319
412040.4321760961	4568572.0665057711
412039.4415272998	4568571.9300691104
412038.4508785035	4568571.7936324505
412037.4594741255	4568571.6628430849
412036.4678020519	4568571.5340545038
412035.4761299785	4568571.4052659227
412034.4844579049	4568571.2764773425
412033.4939874952	4568571.1391932564
412032.5054994800	4568570.9878940703
412031.5170114648	4568570.8365948843
412030.5285234495	4568570.6852956982
412029.5400354343	4568570.5339965122
412028.5515474190	4568570.3826973261
412027.5606316356	4568570.2484745709
412026.5691432859	4568570.1182791321
412025.5776549363	4568569.9880836923
412024.5861665866	4568569.8578882525
412023.5946782369	4568569.7276928136
412022.6046100550	4568569.5883265901
412021.6201824795	4568569.4125359515
412020.6357549041	4568569.2367453128
412019.6513810134	4568569.0606881538
412018.6756647613	4568568.8416498117
412017.6999485092	4568568.6226114696
412016.7222504549	4568568.4137143260
412015.7358565310	4568568.2493153391
412014.7494626072	4568568.0849163523
412013.7630686833	4568567.9205173645
412012.7766747595	4568567.7561183777
412011.7818019547	4568567.6645747684
412010.7840167968	4568567.5980557585
412009.7862316390	4568567.5315367477
412008.7884464811	4568567.4650177369
412007.7909530410	4568567.3943694169
412006.7937260484	4568567.3199494928
412005.7964990558	4568567.2455295678
412004.7992720632	4568567.1711096428
412003.8141686463	4568567.0072670942
412002.8331249041	4568566.8134806762
412001.8520811620	4568566.6196942572
412000.8710374199	4568566.4259078391
411999.8888061614	4568566.2393807964
411998.8971505440	4568566.1104655666
411997.9054949266	4568565.9815503368
411996.9138393093	4568565.8526351061
411995.9221836919	4568565.7237198763
411994.9305280745	4568565.5948046464
411993.9400427730	4568565.4575069165
411992.9509984059	4568565.3098883536
411991.9619540388	4568565.1622697916
411990.9729096717	4568565.0146512296
411989.9838653046	4568564.8670326667
411988.9948209375	4568564.7194141047
411988.0057765704	4568564.5717955427
411987.0167322033	4568564.4241769798
411986.0435419089	4568564.1969460696
411985.0733994089	4568563.9544104449
411984.1032569087	4568563.7118748194
411983.1331144087	4568563.4693391938
411982.1526055711	4568563.2843051357
411981.1588428948	4568563.1727894722
411980.1650802185	4568563.0612738086
411979.1713175423	4568562.9497581441
411978.1775548660	4568562.8382424805
411977.1837921898	4568562.7267268170
411976.1900295135	4568562.6152111525
411975.1962668373	4568562.5036954889
411974.2025041610	4568562.3921798253
411973.2087414848	4568562.2806641608
411972.2149788085	4568562.1691484973
411971.2192358605	4568562.0790744163
411970.2218586782	4568562.0066951625
411969.2244814961	4568561.9343159087
411968.2270512946	4568561.8626933359
411967.2293261963	4568561.7952794777
411966.2316010979	4568561.7278656205
411965.2338759997	4568561.6604517624
411964.2361509014	4568561.5930379042
411963.2380252535	4568561.5318442062
411962.2398942199	4568561.4707341427
411961.2417631864	4568561.4096240792
411960.2436321528	4568561.3485140167
411959.2455011193	4568561.2874039533
411958.2464873850	4568561.2551557748
411957.2464873850	4568561.2551557748
411956.2464873850	4568561.2551557748
411955.2464873850	4568561.2551557757
411954.2464873850	4568561.2551557757
411953.2465063609	4568561.2574330354
411952.2466452208	4568561.2740973867
411951.2467840808	4568561.2907617390
411950.2469229407	4568561.3074260904
411949.2470200067	4568561.3013691641
411948.2471043272	4568561.2883832464
411947.2471886478	4568561.2753973287
411946.2472729684	4568561.2624114109
411945.2474855982	4568561.2672407972
411944.2478606919	4568561.2946277810
411943.2482357857	4568561.3220147649
411942.2486108795	4568561.3494017487
411941.2490749958	4568561.3553601336
411940.2497121414	4568561.3196686031
411939.2503492870	4568561.2839770727
411938.2509864327	4568561.2482855422
411937.2516235783	4568561.2125940118
411936.2522607240	4568561.1769024814
411935.2528978696	4568561.1412109509
411934.2535350153	4568561.1055194205
411933.2541721610	4568561.0698278900
411932.2548093066	4568561.0341363596
411931.2553573890	4568561.0599504653
411930.2558953595	4568561.0927475942
411929.2564333300	4568561.1255447241
411928.2569713006	4568561.1583418529
411927.2575092711	4568561.1911389828
411926.2580472417	4568561.2239361117
411925.2585852123	4568561.2567332415
411924.2591231828	4568561.2895303704
411923.2596611533	4568561.3223275002
411922.2601271719	4568561.2977753002
411921.2605859927	4568561.2674861727
411920.2610448136	4568561.2371970462
411919.2615036345	4568561.2069079196
411918.2619624553	4568561.1766187930
411917.2624212762	4568561.1463296665
411916.2627998906	4568561.1191228712
411915.2630361343	4568561.0973873800
411914.2632723780	4568561.0756518878
411913.2635086217	4568561.0539163966
411912.2637448654	4568561.0321809053
411911.2639811091	4568561.0104454141
411910.2641259571	4568561.0109349899
411909.2642172522	4568561.0244472697
411908.2643085472	4568561.0379595496
411907.2643998422	4568561.0514718303
411906.2644752638	4568561.0636758329
411905.2645330690	4568561.0744278990
411904.2645908740	4568561.0851799659
411903.2646486792	4568561.0959320329
411902.2647064844	4568561.1066840990
411901.2650560444	4568561.1271233791
411900.2662791667	4568561.1765677789
411899.2675022891	4568561.2260121787
411898.2687254114	4568561.2754565785
411897.2699485338	4568561.3249009782
411896.2711716561	4568561.3743453780
411895.2737239159	4568561.3475027243
411894.2772756241	4568561.2632958265
411893.2808273322	4568561.1790889287
411892.2843790403	4568561.0948820310
411891.2860639917	4568561.0718060285
411890.2863342986	4568561.0950555559
411889.2866046053	4568561.1183050843
411888.2868749122	4568561.1415546117
411887.2871452190	4568561.1648041401
411886.2875611640	4568561.1934623532
411885.2880289661	4568561.2240464212
411884.2884967681	4568561.2546304883
411883.2889645701	4568561.2852145554
411882.2894323720	4568561.3157986226
411881.2899001741	4568561.3463826897
411880.2903679761	4568561.3769667577
411879.2908357781	4568561.4075508248
411878.2911539799	4568561.4172221106
411877.2912865292	4568561.4009408057
411876.2914190784	4568561.3846594999
411875.2915516277	4568561.3683781940
411874.2916841769	4568561.3520968882
411873.2918167261	4568561.3358155834
411872.2919492754	4568561.3195342775
411871.2920818246	4568561.3032529717
411870.2922143739	4568561.2869716659
411869.2948114486	4568561.2203922179
411868.2981418445	4568561.1388465231
411867.3014722404	4568561.0573008293
411866.3048026363	4568560.9757551346
411865.3081330322	4568560.8942094399
411864.3114634281	4568560.8126637461
411863.3132347253	4568560.7578752981
411862.3138390919	4568560.7231137110
411861.3144434585	4568560.6883521229
411860.3150478252	4568560.6535905357
411859.3156521918	4568560.6188289477
411858.3162565584	4568560.5840673596
411857.3168020492	4568560.5543388054
411856.3168667314	4568560.5657124640
411855.3169314135	4568560.5770861236
411854.3169960957	4568560.5884597832
411853.3170607778	4568560.5998334428
411852.3171254600	4568560.6112071024
411851.3171901421	4568560.6225807620
411850.3173502128	4568560.6385999275
411849.3177908486	4568560.6682828749
411848.3182314843	4568560.6979658231
411847.3186721201	4568560.7276487704
411846.3191127558	4568560.7573317178
411845.3210122421	4568560.7462411020
411844.3261301535	4568560.6451983899
411843.3312480648	4568560.5441556778
411842.3363659762	4568560.4431129647
411841.3414838876	4568560.3420702526
411840.3466017990	4568560.2410275405
411839.3517197103	4568560.1399848275
411838.3567508192	4568560.0553887524
411837.3608576128	4568560.1459244983
411836.3649644063	4568560.2364602443
411835.3690711998	4568560.3269959902
411834.3731779934	4568560.4175317371
411833.3767836065	4568560.4959573979
411832.3768150991	4568560.4880211400
411831.3768465917	4568560.4800848821
411830.3768780842	4568560.4721486242
411829.3769095768	4568560.4642123664
411828.3769410695	4568560.4562761076
411827.3769725620	4568560.4483398497
411826.3770155818	4568560.4396760548
411825.3772975853	4568560.4159289012
411824.3775795886	4568560.3921817485
411823.3778615921	4568560.3684345949
411822.3781435955	4568560.3446874423
411821.3794129346	4568560.2988259038
411820.3815563029	4568560.2333878214
411819.3836996712	4568560.1679497398
411818.3858430395	4568560.1025116574
411817.3879864078	4568560.0370735759
411816.3901297761	4568559.9716354934
411815.3922731444	4568559.9061974110
411814.3944165127	4568559.8407593295
411813.3955239059	4568559.7953335820
411812.3962441653	4568559.7573862495
411811.3969644247	4568559.7194389179
411810.3976846840	4568559.6814915864
411809.3996993883	4568559.6251039607
411808.4049179497	4568559.5230750954
411807.4101365111	4568559.4210462300
411806.4153550724	4568559.3190173646
411805.4205736338	4568559.2169884983
411804.4309589060	4568559.0740229227
411803.4420225531	4568558.9256824702
411802.4530862003	4568558.7773420177
411801.4641498474	4568558.6290015643
411800.4722004378	4568558.5085216705
411799.4744152799	4568558.4420026597
411798.4766301220	4568558.3754836498
411797.4788449642	4568558.3089646390
411796.4810598063	4568558.2424456291
411795.4832746485	4568558.1759266183
411794.4851693732	4568558.1147007765
411793.4866399792	4568558.0604877779
411792.4881105852	4568558.0062747793
411791.4895811911	4568557.9520617817
411790.4910517970	4568557.8978487831
411789.4925224030	4568557.8436357845
411788.4939930089	4568557.7894227859
411787.4954636148	4568557.7352097873
411786.4969342208	4568557.6809967887
411785.4984048267	4568557.6267837910
411784.4998754327	4568557.5725707924
411783.5013460386	4568557.5183577938
411782.5028166445	4568557.4641447952
411781.5042872505	4568557.4099317966
411780.5057847792	4568557.3552643955
411779.5078397329	4568557.2911887802
411778.5098946866	4568557.2271131640
411777.5119496403	4568557.1630375488
411776.5140045939	4568557.0989619335
411775.5160595476	4568557.0348863173
411774.5181145013	4568556.9708107021
411773.5201694549	4568556.9067350859
411772.5222244087	4568556.8426594706
411771.5242793623	4568556.7785838544
411770.5263343160	4568556.7145082392
411769.5283892697	4568556.6504326239
411768.5312133075	4568556.5759306895
411767.5346675493	4568556.4928852096
411766.5381217910	4568556.4098397307
411765.5415760328	4568556.3267942509
411764.5450302745	4568556.2437487710
411763.5484845162	4568556.1607032912
411762.5519387580	4568556.0776578113
411761.5553929997	4568555.9946123324
411760.5588472415	4568555.9115668526
411759.5623014832	4568555.8285213728
411758.5646840924	4568555.7628305424
411757.5654920113	4568555.7226411784
411756.5662999301	4568555.6824518144
411755.5671078490	4568555.6422624504
411754.5679157679	4568555.6020730864
411753.5687236867	4568555.5618837224
411752.5695316055	4568555.5216943594
411751.5703395244	4568555.4815049954
411750.5711474433	4568555.4413156314
411749.5719553621	4568555.4011262674
411748.5733665888	4568555.3501707772
411747.5759400834	4568555.2784744287
411746.5785135780	4568555.2067780811
411745.5810870726	4568555.1350817336
411744.5836605672	4568555.0633853851
411743.5862340618	4568554.9916890375
411742.5888075563	4568554.9199926900
411741.5913810510	4568554.8482963415
411740.5939545455	4568554.7765999939
411739.5965280401	4568554.7049036464
411738.5991015347	4568554.6332072979
411737.6006227196	4568554.5812982814
411736.6012179216	4568554.5468011871
411735.6018131235	4568554.5123040928
411734.6024083254	4568554.4778069975
411733.6030035272	4568554.4433099031
411732.6035987292	4568554.4088128088
411731.6041939311	4568554.3743157145
411730.6047891330	4568554.3398186201
411729.6053843348	4568554.3053215258
411728.6082904137	4568554.2402740354
411727.6150678743	4568554.1240458656
411726.6218453350	4568554.0078176968
411725.6286227957	4568553.8915895270
411724.6354002563	4568553.7753613573
411723.6421777170	4568553.6591331884
411722.6489551777	4568553.5429050187
411721.6557326383	4568553.4266768489
411720.6625100990	4568553.3104486801
411719.6692875597	4568553.1942205103
411718.6705450423	4568553.2408823241
411717.6717326912	4568553.2896048771
411716.6729203401	4568553.3383274311
411715.6741079889	4568553.3870499842
411714.6854213074	4568553.2481988566
411713.6976583420	4568553.0922362832
411712.7098953767	4568552.9362737108
411711.7209505501	4568552.7927650260
411710.7214828406	4568552.7601414509
411709.7220151311	4568552.7275178749
411708.7225474215	4568552.6948942998
411707.7230797120	4568552.6622707248
411706.7236120025	4568552.6296471497
411705.7241442930	4568552.5970235746
411704.7246765835	4568552.5643999996
411703.7252088740	4568552.5317764245
411702.7257411645	4568552.4991528494
411701.7262734550	4568552.4665292744
411700.7268057455	4568552.4339056993
411699.7273380360	4568552.4012821242
411698.7278703265	4568552.3686585492
411697.7284026169	4568552.3360349741
411696.7289349074	4568552.3034113990
411695.7294671979	4568552.2707878239
411694.7299994884	4568552.2381642489
411693.7305317789	4568552.2055406738
411692.7310640694	4568552.1729170987
411691.7315963599	4568552.1402935237
411690.7321286504	4568552.1076699486
411689.7326609409	4568552.0750463735
411688.7331932314	4568552.0424227985
411687.7337255219	4568552.0097992234
411686.7342578123	4568551.9771756483
411685.7347901029	4568551.9445520733
411684.7353223934	4568551.9119284982
411683.7358546839	4568551.8793049231
411682.7363869744	4568551.8466813480
411681.7369192649	4568551.8140577730
411680.7374515553	4568551.7814341979
411679.7379838458	4568551.7488106228
411678.7385161363	4568551.7161870478
411677.7403643740	4568551.6582079036
411676.7428892843	4568551.5871906839
411675.7454141946	4568551.5161734652
411674.7479391049	4568551.4451562455
411673.7504640153	4568551.3741390258
411672.7529889256	4568551.3031218061
411671.7555138359	4568551.2321045874
411670.7580387462	4568551.1610873677
411669.7605636565	4568551.0900701480
411668.7630885669	4568551.0190529283
411667.7656134772	4568550.9480357096
411666.7681383875	4568550.8770184899
411665.7706632978	4568550.8060012702
411664.7731882081	4568550.7349840505
411663.7757131185	4568550.6639668308
411662.7782380288	4568550.5929496121
411661.7807629391	4568550.5219323924
411660.7822633847	4568550.5307793366
411659.7832948445	4568550.5761869978
411658.7843263043	4568550.6215946591
411657.7853577641	4568550.6670023203
411656.7863892239	4568550.7124099815
411655.7874206837	4568550.7578176428
411654.7881900837	4568550.7964507472
411653.7886989752	4568550.8283493994
411652.7892078667	4568550.8602480516
411651.7897167581	4568550.8921467038
411650.7902256497	4568550.9240453560
411649.7907029892	4568550.9430224765
411648.7910680193	4568550.9160053153
411647.7914330494	4568550.8889881540
411646.7917980796	4568550.8619709928
411645.7921631097	4568550.8349538315
411644.7925281398	4568550.8079366703
411643.7928931699	4568550.7809195090
411642.7931316003	4568550.7590944981
411641.7933678115	4568550.7373605026
411640.7936040227	4568550.7156265071
411639.7938402339	4568550.6938925115
411638.7940764451	4568550.6721585160
411637.7943126562	4568550.6504245205
411636.7945488674	4568550.6286905250
411635.7958607562	4568550.5891774157
411634.8007692818	4568550.4902180433
411633.8056778073	4568550.3912586700
411632.8105863329	4568550.2922992967
411631.8154948585	4568550.1933399234
411630.8204033840	4568550.0943805510
411629.8253119096	4568549.9954211777
411628.8302204352	4568549.8964618044
411627.8351289607	4568549.7975024320
411626.8400374863	4568549.6985430587
411625.8449476749	4568549.5995670622
411624.8499726350	4568549.4994437881
411623.8549975952	4568549.3993205130
411622.8600225553	4568549.2991972389
411621.8650475155	4568549.1990739647
411620.8700724756	4568549.0989506906
411619.8750974357	4568548.9988274155
411618.8801223959	4568548.8987041414
411617.8851473560	4568548.7985808672
411616.8899771777	4568548.7021024507
411615.8899995063	4568548.6954198871
411614.8900218348	4568548.6887373235
411613.8900441634	4568548.6820547599
411612.8924000710	4568548.6416722061
411611.9010452919	4568548.5104635861
411610.9096905128	4568548.3792549660
411609.9183357337	4568548.2480463460
411608.9269809546	4568548.1168377260
411607.9356261755	4568547.9856291059
411606.9442713964	4568547.8544204859
411605.9530411999	4568547.7222778089
411604.9619527626	4568547.5890722927
411603.9708643254	4568547.4558667764
411602.9797758882	4568547.3226612601
411601.9886874510	4568547.1894557439
411600.9975990138	4568547.0562502267
411600.0065105765	4568546.9230447104
411599.0154221393	4568546.7898391942
411598.0252674945	4568546.6499691503
411597.0357345135	4568546.5056622559
411596.0462015325	4568546.3613553625
411595.0569571819	4568546.2150848713
411594.0677537195	4568546.0685362108
411593.0785502571	4568545.9219875494
411592.0893467947	4568545.7754388889
411591.1001433324	4568545.6288902275
411590.1109398700	4568545.4823415671
411589.1149635241	4568545.4015526343
411588.1166558909	4568545.3433987908
411587.1183482577	4568545.2852449482
411586.1200406244	4568545.2270911057
411585.1217329912	4568545.1689372631
411584.1234253580	4568545.1107834196
411583.1276552404	4568545.0192312887
411582.1320210143	4568544.9258905808
411581.1363867882	4568544.8325498719
411580.1392995961	4568544.7666041246
411579.1393777119	4568544.7541051004
411578.1394558278	4568544.7416060772
411577.1395339436	4568544.7291070530
411576.1396120595	4568544.7166080298
411575.1405809610	4568544.6744658183
411574.1417128233	4568544.6269006692
411573.1428446856	4568544.5793355200
411572.1446104450	4568544.5218719523
411571.1478345808	4568544.4416355733
411570.1510587165	4568544.3613991933
411569.1542828524	4568544.2811628142
411568.1575069882	4568544.2009264352
411567.1607311240	4568544.1206900561
411566.1639552598	4568544.0404536771
411565.1671793956	4568543.9602172971
411564.1704035314	4568543.8799809180
411563.1747765604	4568543.7866920158
411562.1793109638	4568543.6915697483
411561.1838453671	4568543.5964474799
411560.1883797705	4568543.5013252115
411559.1929141738	4568543.4062029431
411558.1974485772	4568543.3110806756
411557.2019829806	4568543.2159584071
411556.2065173839	4568543.1208361387
411555.2110517873	4568543.0257138712
411554.2155861907	4568542.9305916028
411553.2201205940	4568542.8354693344
411552.2246549974	4568542.7403470660
411551.2291894007	4568542.6452247985
411550.2337238041	4568542.5501025300
411549.2382582074	4568542.4549802616
411548.2427926108	4568542.3598579941
411547.2473270141	4568542.2647357257
411546.2518614175	4568542.1696134573
411545.2563958208	4568542.0744911889
411544.2609302242	4568541.9793689214
411543.2654646276	4568541.8842466529
411542.2699990309	4568541.7891243845
411541.2745334343	4568541.6940021170
411540.2790678377	4568541.5988798486
411539.2836022410	4568541.5037575802
411538.2881366444	4568541.4086353127
411537.2926710477	4568541.3135130443
411536.2972054511	4568541.2183907758
411535.3017398544	4568541.1232685074
411534.3062742578	4568541.0281462399
411533.3108086611	4568540.9330239715
411532.3153430645	4568540.8379017031
411531.3198774678	4568540.7427794356
411530.3244118712	4568540.6476571672
411529.3289462746	4568540.5525348987
411528.3334806779	4568540.4574126303
411527.3380150813	4568540.3622903628
411526.3425494846	4568540.2671680944
411525.3470838880	4568540.1720458260
411524.3516182913	4568540.0769235585
411523.3561526947	4568539.9818012901
411522.3606870980	4568539.8866790216
411521.3652215014	4568539.7915567532
411520.3697559047	4568539.6964344857
411519.3744004963	4568539.6002868693
411518.3814537031	4568539.4817260588
411517.3885069099	4568539.3631652473
411516.3955601167	4568539.2446044367
411515.4026133236	4568539.1260436252
411514.4096665304	4568539.0074828146
411513.4167197372	4568538.8889220031
411512.4237729440	4568538.7703611916
411511.4308261508	4568538.6518003810
411510.4378793577	4568538.5332395695
411509.4449325645	4568538.4146787589
411508.4519857713	4568538.2961179474
411507.4590389782	4568538.1775571369
411506.4660921850	4568538.0589963254
411505.4731453918	4568537.9404355148
411504.4801985987	4568537.8218747033
411503.4872518055	4568537.7033138918
411502.4943050123	4568537.5847530812
411501.5013582191	4568537.4661922697
411500.5084114259	4568537.3476314591
411499.5154646328	4568537.2290706476
411498.5225178396	4568537.1105098370
411497.5295710464	4568536.9919490255
411496.5366242533	4568536.8733882150
411495.5436774601	4568536.7548274035
411494.5507306669	4568536.6362665920
411493.5577838737	4568536.5177057814
411492.5648370806	4568536.3991449699
411491.5718902874	4568536.2805841593
411490.5789434942	4568536.1620233478
411489.5859967011	4568536.0434625372
411488.5930499078	4568535.9249017257
411487.6001031147	4568535.8063409152
411486.6071563215	4568535.6877801036
411485.6141266668	4568535.5699168257
411484.6210378257	4568535.4525517803
411483.6279489846	4568535.3351867357
411482.6348601436	4568535.2178216912
411481.6417713025	4568535.1004566457
411480.6486824614	4568534.9830916012
411479.6555936204	4568534.8657265566
411478.6625047793	4568534.7483615112
411477.6694159383	4568534.6309964666
411476.6763270972	4568534.5136314221
411475.6832382562	4568534.3962663766
411474.6901727488	4568534.2787041739
411473.6971229335	4568534.1610093806
411472.7040731182	4568534.0433145873
411471.7110233028	4568533.9256197950
411470.7179734875	4568533.8079250017
411469.7249236722	4568533.6902302094
411468.7318738568	4568533.5725354161
411467.7388240415	4568533.4548406228
411466.7457742262	4568533.3371458305
411465.7527244109	4568533.2194510372
411464.7596745955	4568533.1017562440
411463.7666247802	4568532.9840614516
411462.7735749649	4568532.8663666584
411461.7813759166	4568532.7427937416
411460.7957074310	4568532.5740998276
411459.8100389454	4568532.4054059144
411458.8243704599	4568532.2367120003
411457.8387019743	4568532.0680180863
411456.8530334888	4568531.8993241731
411455.8673650032	4568531.7306302590
411454.8816965176	4568531.5619363450
411453.8900199000	4568531.4359105919
411452.8960942957	4568531.3258565450
411451.9021686914	4568531.2158024991
411450.9082430871	4568531.1057484532
411449.9143174828	4568530.9956944073
411448.9203918784	4568530.8856403604
411447.9264662741	4568530.7755863145
411446.9325406698	4568530.6655322686
411445.9386150654	4568530.5554782227
411444.9446894611	4568530.4454241758
411443.9507638568	4568530.3353701299
411442.9568382525	4568530.2253160840
411441.9629126482	4568530.1152620381
411440.9689870439	4568530.0052079912
411439.9750614395	4568529.8951539453
411438.9811358352	4568529.7850998994
411437.9889820091	4568529.6612570491
411436.9995209450	4568529.5164578687
411436.0100598809	4568529.3716586875
411435.0205988169	4568529.2268595072
411434.0311377528	4568529.0820603268
411433.0391183662	4568528.9564942224
411432.0462108345	4568528.8376050582
411431.0533033028	4568528.7187158940
411430.0603957711	4568528.5998267289
411429.0674882393	4568528.4809375647
411428.0745807076	4568528.3620483996
411427.0816731759	4568528.2431592355
411426.0887656442	4568528.1242700713
411425.0916766827	4568528.0515527306
411424.0935648128	4568527.9901304618
411423.0954529429	4568527.9287081929
411422.0973410729	4568527.8672859231
411421.0992292030	4568527.8058636542
411420.1011173331	4568527.7444413844
411419.1042351984	4568527.6682337653
411418.1096905793	4568527.5639217310
411417.1151459601	4568527.4596096966
411416.1206013410	4568527.3552976614
411415.1260567219	4568527.2509856271
411414.1315121028	4568527.1466735918
411413.1369674836	4568527.0423615575
411412.1424228645	4568526.9380495232
411411.1478782454	4568526.8337374879
411410.1533336262	4568526.7294254536
411409.1572154385	4568526.6426769476
411408.1599674896	4568526.5685383715
411407.1627195407	4568526.4943997953
411406.1654715918	4568526.4202612201
411405.1682236429	4568526.3461226439
411404.1709756940	4568526.2719840687
411403.1737277451	4568526.1978454925
411402.1764797962	4568526.1237069163
411401.1780023946	4568526.0688629830
411400.1794098034	4568526.0158267990
411399.1808172122	4568525.9627906149
411398.1822246210	4568525.9097544318
411397.1836320298	4568525.8567182478
411396.2031464138	4568525.6751274681
411395.2287552182	4568525.4502679603
411394.2431391747	4568525.2981000710
411393.2463068321	4568525.2185684377
411392.2494744895	4568525.1390368035
411391.2526421469	4568525.0595051702
411390.2558098043	4568524.9799735369
411389.2580479938	4568524.9176089689
411388.2584559074	4568524.8890491948
411387.2588638210	4568524.8604894206
411386.2592717345	4568524.8319296464
411385.2743104486	4568524.6678261971
411384.2916487949	4568524.4824183388
411383.3089871411	4568524.2970104795
411382.3263254873	4568524.1116026202
411381.3436638335	4568523.9261947619
411380.3634623160	4568523.7285623569
411379.3855773701	4568523.5194187881
411378.4076924242	4568523.3102752184
411377.4298074783	4568523.1011316497
411376.4519225324	4568522.8919880800
411375.4740375864	4568522.6828445112
411374.4961526406	4568522.4737009415
411373.5182676947	4568522.2645573718
411372.5403827487	4568522.0554138031
411371.5624978029	4568521.8462702334
411370.5846128569	4568521.6371266646
411369.6067279110	4568521.4279830949
411368.6286236618	4568521.2198691331
411367.6503895368	4568521.0123649240
411366.6721554118	4568520.8048607158
411365.6939212868	4568520.5973565066
411364.7069966966	4568520.4375841934
411363.7184008761	4568520.2869910216
411362.7298050556	4568520.1363978488
411361.7412092351	4568519.9858046761
411360.7534246971	4568519.8299905267
411359.7657464439	4568519.6734923851
411358.7780681908	4568519.5169942435
411357.7903899376	4568519.3604961019
411356.8027116845	4568519.2039979603
411355.8150334314	4568519.0474998197
411354.8273551782	4568518.8910016781
411353.8396769251	4568518.7345035365
411352.8519986720	4568518.5780053949
411351.8643204188	4568518.4215072533
411350.8766421657	4568518.2650091117
411349.8889639126	4568518.1085109701
411348.8995506243	4568517.9669662006
411347.9022786748	4568517.8931511696
411346.9050067253	4568517.8193361387
411345.9077347759	4568517.7455211077
411344.9104628264	4568517.6717060767
411343.9131908769	4568517.5978910457
411342.9159189274	4568517.5240760148
411341.9186469779	4568517.4502609838
411340.9213750285	4568517.3764459528
411339.9241030790	4568517.3026309218
411338.9268311296	4568517.2288158908
411337.9295591801	4568517.1550008599
411336.9322872306	4568517.0811858289
411335.9350152812	4568517.0073707979
411334.9374293869	4568516.9379612561
411333.9397678636	4568516.8696129937
411332.9421063404	4568516.8012647312
411331.9444448172	4568516.7329164678
411330.9467832939	4568516.6645682054
411329.9491217706	4568516.5962199420
411328.9514602474	4568516.5278716795
411327.9537987242	4568516.4595234161
411326.9561372010	4568516.3911751537
411325.9584756777	4568516.3228268903
411324.9608141544	4568516.2544786278
411323.9631526312	4568516.1861303644
411322.9660482308	4568516.1101039508
411321.9689701429	4568516.0337149035
411320.9718920549	4568515.9573258562
411319.9748139669	4568515.8809368089
411318.9777358790	4568515.8045477616
411317.9806577910	4568515.7281587152
411316.9835797031	4568515.6517696679
411315.9865016151	4568515.5753806205
411314.9894235272	4568515.4989915732
411313.9923454392	4568515.4226025259
411312.9952673512	4568515.3462134795
411311.9981892633	4568515.2698244322
411311.0011111754	4568515.1934353849
411310.0040330874	4568515.1170463376
411309.0042332161	4568515.1335111931
411308.0043926168	4568515.1513654897
411307.0045520174	4568515.1692197863
411306.0047114181	4568515.1870740829
411305.0048708187	4568515.2049283795
411304.0050302194	4568515.2227826761
411303.0054791676	4568515.2046890045
411302.0060558941	4568515.1707313787
411301.0066326206	4568515.1367737530
411300.0072093471	4568515.1028161272
411299.0077860735	4568515.0688585015
411298.0083628000	4568515.0349008758
411297.0093550710	4568514.9926982578
411296.0115820170	4568514.9259979380
411295.0138089630	4568514.8592976183
411294.0160359089	4568514.7925972985
411293.0182628549	4568514.7258969778
411292.0183689692	4568514.7210003594
411291.0183706887	4568514.7191459378
411290.0183724081	4568514.7172915172
411289.0183741275	4568514.7154370956
411288.0183758470	4568514.7135826750
411287.0183813618	4568514.7109560855
411286.0184131700	4568514.7029801635
411285.0184449782	4568514.6950042415
411284.0184767863	4568514.6870283205
411283.0185085945	4568514.6790523985
411282.0185404027	4568514.6710764766
411281.0203904907	4568514.6265295064
411280.0245627738	4568514.5352762416
411279.0287350569	4568514.4440229768
411278.0329073401	4568514.3527697120
411277.0375723304	4568514.2563867392
411276.0425813118	4568514.1564223804
411275.0475902932	4568514.0564580215
411274.0525992747	4568513.9564936627
411273.0576082561	4568513.8565293048
411272.0626172376	4568513.7565649459
411271.0676262190	4568513.6566005871
411270.0726352005	4568513.5566362282
411269.0776441819	4568513.4566718694
411268.0826531634	4568513.3567075115
411267.0876621448	4568513.2567431526
411266.0926711263	4568513.1567787938
411265.0976801077	4568513.0568144349
411264.1026890892	4568512.9568500761
411263.1076980706	4568512.8568857182
411262.1127070521	4568512.7569213593
411261.1177160335	4568512.6569570005
411260.1227250149	4568512.5569926417
411259.1277339964	4568512.4570282837
411258.1327429778	4568512.3570639249
411257.1377519593	4568512.2570995660
411256.1410569228	4568512.1759957932
411255.1442612388	4568512.0960060162
411254.1474655548	4568512.0160162384
411253.1506698709	4568511.9360264614
411252.1538741869	4568511.8560366845
411251.1570785030	4568511.7760469075
411250.1602828190	4568511.6960571306
411249.1634871351	4568511.6160673536
411248.1666914511	4568511.5360775767
411247.1731722341	4568511.4234813461
411246.1803902931	4568511.3035479579
411245.1876083521	4568511.1836145688
411244.1948264112	4568511.0636811806
411243.2020444703	4568510.9437477915
411242.2092625293	4568510.8238144023
411241.2164805884	4568510.7038810141
411240.2236986474	4568510.5839476250
411239.2293166181	4568510.4800615311
411238.2323994400	4568510.4016004568
411237.2354822621	4568510.3231393825
411236.2385650840	4568510.2446783092
411235.2416479060	4568510.1662172349
411234.2447307280	4568510.0877561606
411233.2478135500	4568510.0092950864
411232.2508963719	4568509.9308340121
411231.2539791939	4568509.8523729378
411230.2570620159	4568509.7739118636
411229.2601448379	4568509.6954507893
411228.2632276598	4568509.6169897150
411227.2677851451	4568509.5251167733
411226.2776366117	4568509.3850957686
411225.2874880783	4568509.2450747639
411224.2973395448	4568509.1050537592
411223.3071910114	4568508.9650327545
411222.3170424780	4568508.8250117498
411221.3268939446	4568508.6849907450
411220.3367454111	4568508.5449697403
411219.3465968777	4568508.4049487356
411218.3564483443	4568508.2649277309
411217.3662998108	4568508.1249067262
411216.3761512774	4568507.9848857215
411215.3793765243	4568507.9049446555
411214.3825119633	4568507.8258178765
411213.3856474023	4568507.7466910984
411212.3887828413	4568507.6675643204
411211.3919182804	4568507.5884375414
411210.4054087893	4568507.4302385217
411209.4217847039	4568507.2500062864
411208.4381606184	4568507.0697740521
411207.4545365329	4568506.8895418169
411206.4709124475	4568506.7093095826
411205.4872883620	4568506.5290773474
411204.5036642765	4568506.3488451121
411203.5188685364	4568506.1771985712
411202.5229188341	4568506.0872864462
411201.5269691317	4568505.9973743204
411200.5310194294	4568505.9074621946
411199.5350697270	4568505.8175500687
411198.5391200246	4568505.7276379429
411197.5431703222	4568505.6377258170
411196.5472206199	4568505.5478136912
411195.5512709175	4568505.4579015654
411194.5626374832	4568505.3078754805
411193.5741957859	4568505.1562739937
411192.5857540886	4568505.0046725059
411191.5973123912	4568504.8530710181
411190.6088706939	4568504.7014695313
411189.6204289965	4568504.5498680435
411188.6319872992	4568504.3982665567
411187.6435456019	4568504.2466650689
411186.6551039046	4568504.0950635821
411185.6654552786	4568503.9516481711
411184.6753198307	4568503.8115346646
411183.6851843828	4568503.6714211572
411182.6950489349	4568503.5313076507
411181.7049134870	4568503.3911941433
411180.7147780391	4568503.2510806369
411179.7193420178	4568503.1616842104
411178.7216323157	4568503.0940428749
411177.7239226135	4568503.0264015393
411176.7262129114	4568502.9587602038
411175.7285032093	4568502.8911188683
411174.7307935072	4568502.8234775336
411173.7333409904	4568502.7530528409
411172.7401294443	4568502.6367307678
411171.7469178982	4568502.5204086946
411170.7537063521	4568502.4040866215
411169.7604948060	4568502.2877645483
411168.7672832599	4568502.1714424752
411167.7740717138	4568502.0551204020
411166.7762996603	4568502.0634573167
411165.7772435019	4568502.1068945415
411164.7781873436	4568502.1503317654
411163.7791311852	4568502.1937689893
411162.7800750269	4568502.2372062141
411161.7810188685	4568502.2806434380
411160.7816936478	4568502.3061482562
411159.7817840257	4568502.2927040178
411158.7818744036	4568502.2792597786
411157.7819647814	4568502.2658155402
411156.7820551592	4568502.2523713019
411155.7821455371	4568502.2389270626
411154.7822359150	4568502.2254828243
411153.7823022315	4568502.2156178560
411152.7823022315	4568502.2156178560
411151.7823022315	4568502.2156178560
411150.7823022315	4568502.2156178560
411149.7823022315	4568502.2156178560
411148.7823022315	4568502.2156178560
411147.7823022315	4568502.2156178560
411146.7823022315	4568502.2156178560
411145.7823022315	4568502.2156178560
411144.7823022315	4568502.2156178560
411143.7823022315	4568502.2156178560
411142.7823022315	4568502.2156178560
411141.7860495019	4568502.1353835901
411140.7904025556	4568502.0421786644
411139.7947556092	4568501.9489737386
411138.7990056219	4568501.8570176363
411137.8015469221	4568501.7857705858
411136.8040882222	4568501.7145235352
411135.8066295224	4568501.6432764856
411134.8091708226	4568501.5720294351
411133.8117121228	4568501.5007823855
411132.8144488595	4568501.4268908249
411131.8173529407	4568501.3507348746
411130.8202570219	4568501.2745789252
411129.8231611030	4568501.1984229749
411128.8262029969	4568501.1208720244
411127.8334798513	4568501.0004529394
411126.8407567058	4568500.8800338535
411125.8480335601	4568500.7596147675
411124.8553104145	4568500.6391956815
411123.8625872690	4568500.5187765965
411122.8698641234	4568500.3983575106
411121.8771409778	4568500.2779384246
411120.8800807945	4568500.2172767008
411119.8803733301	4568500.1930902302
411118.8806658655	4568500.1689037597
411117.8809584010	4568500.1447172882
411116.8812509364	4568500.1205308177
411115.8815434719	4568500.0963443471
411114.8818360074	4568500.0721578766
411113.8819613927	4568500.0694440408
411112.8819985488	4568500.0780644100
411111.8820357048	4568500.0866847793
411110.8820728609	4568500.0953051485
411109.8821100170	4568500.1039255178
411108.8821471731	4568500.1125458870
411107.8823980818	4568500.1121631945
411106.8839710495	4568500.0560966153
411105.8855440172	4568500.0000300370
411104.8871169850	4568499.9439634588
411103.8886899527	4568499.8878968805
411102.8902629204	4568499.8318303013
411101.8918358881	4568499.7757637231
411100.8932750121	4568499.7222841205
411099.8943928320	4568499.6750147808
411098.8955106521	4568499.6277454412
411097.8966284720	4568499.5804761015
411096.8977462920	4568499.5332067618
411095.8988641120	4568499.4859374221
411094.8999819320	4568499.4386680825
411093.9010997520	4568499.3913987428
411092.9144791804	4568499.2297674688
411091.9282805022	4568499.0642012674
411090.9420818240	4568498.8986350661
411089.9558831457	4568498.7330688648
411088.9696844674	4568498.5675026635
411087.9834857892	4568498.4019364621
411086.9972871110	4568498.2363702608
411086.0101082361	4568498.0774779366
411085.0179510140	4568497.9524817513
411084.0257937917	4568497.8274855651
411083.0336365695	4568497.7024893798
411082.0414793472	4568497.5774931945
411081.0493221250	4568497.4524970092
411080.0571649028	4568497.3275008239
411079.0650076806	4568497.2025046386
411078.0807478873	4568497.0259725871
411077.0966888324	4568496.8481305894
411076.1126297773	4568496.6702885916
411075.1285707223	4568496.4924465939
411074.1412037880	4568496.3417245643
411073.1432480255	4568496.2778160665
411072.1452922629	4568496.2139075696
411071.1473365004	4568496.1499990728
411070.1493807378	4568496.0860905759
411069.1514249753	4568496.0221820781
411068.1534692127	4568495.9582735812
411067.1555134502	4568495.8943650844
411066.1575576876	4568495.8304565875
411065.1596019251	4568495.7665480906
411064.1616461625	4568495.7026395928
411063.1636904000	4568495.6387310959
411062.1919224121	4568495.4157911390
411061.2261676199	4568495.1563346274
411060.2604128277	4568494.8968781158
411059.2946580356	4568494.6374216042
411058.2977610663	4568494.5942679895
411057.2980377680	4568494.5707450891
411056.2983144697	4568494.5472221877
411055.2985911714	4568494.5236992873
411054.2992936764	4568494.4920437308
411053.3025799814	4568494.4110387303
411052.3058662862	4568494.3300337307
411051.3091525911	4568494.2490287302
411050.3124388961	4568494.1680237306
411049.3157252010	4568494.0870187301
411048.3190115059	4568494.0060137305
411047.3222978108	4568493.9250087310
411046.3255841157	4568493.8440037305
411045.3288704206	4568493.7629987309
411044.3321567255	4568493.6819937304
411043.3354430304	4568493.6009887308
411042.3387293354	4568493.5199837303
411041.3420156403	4568493.4389787307
411040.3453019451	4568493.3579737311
411039.3485882501	4568493.2769687306
411038.3550888067	4568493.1731951348
411037.3749019085	4568492.9751202893
411036.3947150103	4568492.7770454437
411035.4145281121	4568492.5789705981
411034.4343412139	4568492.3808957515
411033.4541543156	4568492.1828209059
411032.4739674174	4568491.9847460603
411031.4829364061	4568491.8746359302
411030.4839907630	4568491.8287273012
411029.4850451200	4568491.7828186722
411028.4860994770	4568491.7369100433
411027.4871538339	4568491.6910014153
411026.4882081908	4568491.6450927863
411025.4925564107	4568491.5536328843
411024.4973983214	4568491.4553456651
411023.5022402322	4568491.3570584469
411022.5070821428	4568491.2587712286
411021.5108783480	4568491.1743890382
411020.5122133630	4568491.1227339525
411019.5135483780	4568491.0710788677
411018.5172732318	4568491.0082216561
411017.5844750974	4568490.6478223763
411016.6516769632	4568490.2874230966
411015.7339784943	4568489.8929273253
411014.8401972780	4568489.4444241067
411013.9464160617	4568488.9959208881
411013.0526348454	4568488.5474176686
411012.1298905719	4568488.1935087116
411011.1382184983	4568488.0647201305
411010.1465464249	4568487.9359315494
411009.1548743513	4568487.8071429683
411008.1632022778	4568487.6783543872
411007.1715302043	4568487.5495658061
411006.1798581308	4568487.4207772259
411005.1881860573	4568487.2919886447
411004.2067185099	4568487.1063727858
411003.2321944659	4568486.8820897331
411002.2576704219	4568486.6578066805
411001.2831463780	4568486.4335236279
411000.3086223340	4568486.2092405753
410999.3340982900	4568485.9849575227
410998.3595742461	4568485.7606744701
410997.3817557041	4568485.5561234318
410996.3872280746	4568485.4516495401
410995.3927004450	4568485.3471756484
410994.3981728155	4568485.2427017568
410993.4036451859	4568485.1382278642
410992.4091175564	4568485.0337539725
410991.4144401826	4568484.9307421912
410990.4193819001	4568484.8314496214
410989.4243236176	4568484.7321570516
410988.4292653351	4568484.6328644818
410987.4342070525	4568484.5335719120
410986.4391487700	4568484.4342793422
410985.4440904875	4568484.3349867724
410984.4630209724	4568484.1600464638
410983.4982571512	4568483.8969290573
410982.5334933300	4568483.6338116517
410981.5928001583	4568483.3119257716
410980.7206571170	4568482.8226747978
410979.8485140758	4568482.3334238240
410978.9297824569	4568481.9488910418
410977.9824418861	4568481.6286632437
410977.0351013154	4568481.3084354447
410976.0877607446	4568480.9882076457
410975.1245433836	4568480.7310490394
410974.1384977480	4568480.5645738030
410973.1524521124	4568480.3980985656
410972.1664064769	4568480.2316233283
410971.1803608414	4568480.0651480909
410970.1943152058	4568479.8986728536
410969.2082695702	4568479.7321976162
410968.2222239347	4568479.5657223789
410967.2361782991	4568479.3992471416
410966.2422065680	4568479.3036424620
410965.2437462149	4568479.2481724424
410964.2452858617	4568479.1927024228
410963.2468255084	4568479.1372324033
410962.2483651553	4568479.0817623837
410961.2615492884	4568478.9387575788
410960.2833109201	4568478.7312733755
410959.3050725517	4568478.5237891721
410958.3268341833	4568478.3163049687
410957.3485958149	4568478.1088207653
410956.3703574465	4568477.9013365619
410955.3921190781	4568477.6938523585
410954.4138807097	4568477.4863681560
410953.4612047539	4568477.1890155654
410952.5202121624	4568476.8505884055
410951.5792195709	4568476.5121612456
410950.6382269794	4568476.1737340847
410949.6972343878	4568475.8353069248
410948.7562417963	4568475.4968797648
410947.8152492048	4568475.1584526049
410946.8742566133	4568474.8200254450
410945.9332640218	4568474.4815982841
410944.9922714303	4568474.1431711242
410944.0512788387	4568473.8047439642
410943.1102862472	4568473.4663168043
410942.1544257366	4568473.1744988030
410941.1912790842	4568472.9055219898
410940.2281324317	4568472.6365451766
410939.2649857792	4568472.3675683644
410938.3018391268	4568472.0985915512
410937.3386924743	4568471.8296147380
410936.3755458219	4568471.5606379258
410935.4123991694	4568471.2916611126
410934.4555082182	4568471.0022472814
410933.5068249202	4568470.6860195147
410932.5581416221	4568470.3697917489
410931.6094583241	4568470.0535639832
410930.6607750260	4568469.7373362165
410929.7285913375	4568469.3760739835
410928.8001601769	4568469.0045695016
410927.8717290163	4568468.6330650197
410926.9157081040	4568468.3481906233
410925.9434303546	4568468.1143616727
410924.9711526051	4568467.8805327229
410923.9988748557	4568467.6467037732
410923.0265971062	4568467.4128748225
410922.0546593751	4568467.1776674716
410921.0851759175	4568466.9325107345
410920.1156924599	4568466.6873539984
410919.1462090023	4568466.4421972614
410918.1767255447	4568466.1970405253
410917.2082071814	4568465.9483949682
410916.2505575435	4568465.6604589140
410915.2929079056	4568465.3725228608
410914.3352582676	4568465.0845868075
410913.3776086296	4568464.7966507534
410912.4199589917	4568464.5087147001
410911.4480680761	4568464.2759338636
410910.4707300850	4568464.0642490722
410909.4933920938	4568463.8525642799
410908.5160541027	4568463.6408794886
410907.5387161115	4568463.4291946962
410906.5613781204	4568463.2175099049
410905.6003801051	4568462.9480916690
410904.6570677142	4568462.6161854574
410903.7137553232	4568462.2842792459
410902.8424890921	4568461.8439349951
410902.1709696673	4568461.1029480435
410901.4994502426	4568460.3619610919
410900.7200621307	4568459.7393428301
410899.9200621310	4568459.1393428305
410899.0094265323	4568458.7350616381
410898.0828136888	4568458.3590448322
410897.1562008453	4568457.9830280263
410896.2295880019	4568457.6070112204
410895.2761781675	4568457.3105943734
410894.3108147744	4568457.0496853488
410893.3454513814	4568456.7887763232
410892.3800879883	4568456.5278672986
410891.4106613076	4568456.2834187597
410890.4347773255	4568456.0651289215
410889.4588933434	4568455.8468390834
410888.4830093613	4568455.6285492452
410887.5073764424	4568455.4093156541
410886.5520243382	4568455.1138459314
410885.5966722341	4568454.8183762077
410884.6413201299	4568454.5229064850
410883.6859680258	4568454.2274367623
410882.7306159216	4568453.9319670396
410881.7752638175	4568453.6364973169
410880.8199117133	4568453.3410275942
410879.8645596092	4568453.0455578715
410878.9092075050	4568452.7500881488
410877.9538554009	4568452.4546184260
410876.9985032967	4568452.1591487033
410876.0271075539	4568451.9276937703
410875.0453277036	4568451.7376718633
410874.0503799778	4568451.6480423836
410873.0528048770	4568451.5784441214
410872.0556545973	4568451.5032960419
410871.0591088391	4568451.4202505611
410870.0625630809	4568451.3372050812
410869.0684761935	4568451.2297679009
410868.0754060438	4568451.1122448063
410867.0823358941	4568450.9947217116
410866.0892657443	4568450.8771986170
410865.0961955947	4568450.7596755223
410864.1031254449	4568450.6421524286
410863.1100552953	4568450.5246293340
410862.1169851455	4568450.4071062393
410861.1239149958	4568450.2895831447
410860.1340541190	4568450.1542586247
410859.1624638827	4568449.9175892081
410858.1908736464	4568449.6809197916
410857.2192834101	4568449.4442503750
410856.2476931738	4568449.2075809585
410855.2794236911	4568448.9578758758
410854.3130183259	4568448.7008531727
410853.3466129607	4568448.4438304687
410852.3802075956	4568448.1868077656
410851.4138022303	4568447.9297850616
410850.4414348937	4568447.7183756540
410849.4414348937	4568447.7183756540
410848.4414348937	4568447.7183756530
410847.4520909914	4568447.6638987586
410846.5257955904	4568447.2871006299
410845.5995001894	4568446.9103025002
410844.6732047884	4568446.5335043715
410843.7469093874	4568446.1567062419
410842.8206139864	4568445.7799081132
410841.8943185854	4568445.4031099845
410840.9680231844	4568445.0263118548
410840.0417277835	4568444.6495137261
410839.1154323825	4568444.2727155965
410838.1891369815	4568443.8959174678
410837.2628415805	4568443.5191193381
410836.3365461795	4568443.1423212094
410835.4102507785	4568442.7655230798
410834.4839553775	4568442.3887249511
410833.5416725715	4568442.0545179816
410832.5962317239	4568441.7287241761
410831.6507908763	4568441.4029303705
410830.7053500288	4568441.0771365650
410829.7599091812	4568440.7513427595
410828.8144683336	4568440.4255489539
410827.8690274860	4568440.0997551484
410826.9235866385	4568439.7739613429
410825.9799170285	4568439.4438154669
410825.0756683817	4568439.0168091608
410824.1714197350	4568438.5898028556
410823.2671710882	4568438.1627965504
410822.3629224415	4568437.7357902452
410821.4586737947	4568437.3087839391
410820.5544251480	4568436.8817776339
410819.6471259410	4568436.4614183502
410818.7337687486	4568436.0542591196
410817.8204115561	4568435.6470998889
410816.9070543637	4568435.2399406582
410815.9936971712	4568434.8327814275
410815.0641217509	4568434.4779638238
410814.0805661410	4568434.2973582810
410813.0970105310	4568434.1167527381
410812.1134549210	4568433.9361471953
410811.1298993110	4568433.7555416524
410810.1463437010	4568433.5749361096
410809.1627880910	4568433.3943305677
410808.1792324810	4568433.2137250248
410807.2036901804	4568432.9967560517
410806.2353241629	4568432.7472219737
410805.2669581454	4568432.4976878958
410804.2972282041	4568432.2542219562
410803.3152217571	4568432.0653745625
410802.3332153101	4568431.8765271688
410801.3561924882	4568431.6693510115
410800.4137647428	4568431.3349411665
410799.4713369973	4568431.0005313205
410798.5289092518	4568430.6661214754
410797.5864815063	4568430.3317116303
410796.6440537608	4568429.9973017853
410795.6810741532	4568429.7353433240
410794.7034258419	4568429.5250963755
410793.7257775307	4568429.3148494260
410792.7481292194	4568429.1046024775
410791.7704809082	4568428.8943555290
410790.7958689785	4568428.6716206754
410789.8308307443	4568428.4095115261
410788.8657925100	4568428.1474023759
410787.9007542758	4568427.8852932258
410786.9357160416	4568427.6231840765
410785.9733812816	4568427.3514810931
410785.0134764780	4568427.0711549111
410784.0535716745	4568426.7908287300
410783.0936668709	4568426.5105025480
410782.1337620673	4568426.2301763669
410781.1738572637	4568425.9498501848
410780.2139524602	4568425.6695240038
410779.2295888318	4568425.4966075672
410778.2429513590	4568425.3336766083
410777.2563138862	4568425.1707456494
410776.2696764135	4568425.0078146905
410775.2830389407	4568424.8448837316
410774.2964014680	4568424.6819527736
410773.3350454448	4568424.4152392345
410772.3840113762	4568424.1061531613
410771.4329773074	4568423.7970670890
410770.4819432388	4568423.4879810167
410769.5309091701	4568423.1788949445
410768.5798751014	4568422.8698088713
410767.6288410327	4568422.5607227990
410766.6798777972	4568422.2453777306
410765.7321659880	4568421.9262502845
410764.7844541788	4568421.6071228385
410763.8367423697	4568421.2879953925
410762.8890305605	4568420.9688679473
410761.9413187513	4568420.6497405013
410761.0023201122	4568420.3060432347
410760.0652926511	4568419.9567875443
410759.1282651900	4568419.6075318540
410758.1912377288	4568419.2582761636
410757.2542102676	4568418.9090204742
410756.3171828065	4568418.5597647838
410755.3761823913	4568418.2221417762
410754.4212750471	4568417.9252378121
410753.4663677029	4568417.6283338480
410752.5114603587	4568417.3314298838
410751.5565530144	4568417.0345259197
410750.6016456702	4568416.7376219556
410749.6467383260	4568416.4407179914
410748.6924040077	4568416.1419984251
410747.7400662864	4568415.8369527487
410746.7877285650	4568415.5319070723
410745.8353908437	4568415.2268613968
410744.8830531224	4568414.9218157204
410743.9307154010	4568414.6167700440
410742.9783776797	4568414.3117243685
410742.0260399584	4568414.0066786921
410741.0761658022	4568413.6940948069
410740.1274825042	4568413.3778670402
410739.1787992062	4568413.0616392745
410738.2301159083	4568412.7454115078
410737.2814326103	4568412.4291837420
410736.3327493124	4568412.1129559753
410735.3875736675	4568411.7866018629
410734.4465515431	4568411.4482568298
410733.5055294187	4568411.1099117966
410732.5645072944	4568410.7715667635
410731.6234851699	4568410.4332217304
410730.6832999658	4568410.0926082255
410729.7480137084	4568409.7387161283
410728.8127274509	4568409.3848240301
410727.8774411935	4568409.0309319329
410726.9421549361	4568408.6770398356
410726.0068686786	4568408.3231477384
410725.0715824212	4568407.9692556402
410724.1216425622	4568407.6607941967
410723.1558457151	4568407.4014942730
410722.1900488681	4568407.1421943503
410721.2242520210	4568406.8828944266
410720.2584551740	4568406.6235945038
410719.2926583269	4568406.3642945802
410718.3268614799	4568406.1049946565
410717.3610646329	4568405.8456947338
410716.3952677858	4568405.5863948101
410715.4294709388	4568405.3270948865
410714.4636740917	4568405.0677949637
410713.4978772447	4568404.8084950401
410712.5368890417	4568404.5322031630
410711.5784369633	4568404.2469495684
410710.6199848849	4568403.9616959728
410709.6615328064	4568403.6764423782
410708.7030807280	4568403.3911887836
410707.7446286495	4568403.1059351889
410706.7861765711	4568402.8206815943
410705.8277244927	4568402.5354279997
410704.8692724142	4568402.2501744051
410703.9108203358	4568401.9649208095
410702.9523682573	4568401.6796672149
410701.9939161789	4568401.3944136202
410701.0354641004	4568401.1091600256
410700.0676284156	4568400.8587605422
410699.0955132200	4568400.6242567124
410698.1233980244	4568400.3897528816
410697.1512828288	4568400.1552490517
410696.1791676331	4568399.9207452210
410695.2070524375	4568399.6862413911
410694.2349372419	4568399.4517375603
410693.2628220463	4568399.2172337305
410692.2907068507	4568398.9827298997
410691.3185916550	4568398.7482260698
410690.3499141984	4568398.5002940586
410689.3847025493	4568398.2388242269
410688.4194909003	4568397.9773543961
410687.4542792512	4568397.7158845654
410686.4890676021	4568397.4544147346
410685.5238559530	4568397.1929449039
410684.5514220427	4568396.9641339052
410683.5659619269	4568396.7942269901
410682.5805018110	4568396.6243200740
410681.5950416951	4568396.4544131579
410680.6096398287	4568396.2842527172
410679.6488450796	4568396.0069920989
410678.6880503305	4568395.7297314815
410677.7272555814	4568395.4524708642
410676.7664608324	4568395.1752102459
410675.8122559564	4568394.8768793782
410674.8646999910	4568394.5572894970
410673.9171440256	4568394.2376996158
410672.9695880602	4568393.9181097336
410672.0220320948	4568393.5985198524
410671.0744761293	4568393.2789299702
410670.1269201639	4568392.9593400890
410669.1793641986	4568392.6397502078
410668.2318082331	4568392.3201603256
410667.2842522677	4568392.0005704444
410666.3537675204	4568391.6374756992
410665.4417315198	4568391.2273655515
410664.5296955192	4568390.8172554029
410663.6176595186	4568390.4071452552
410662.7056235181	4568389.9970351066
410661.7935875175	4568389.5869249590
410660.8815515169	4568389.1768148104
410659.9695155163	4568388.7667046618
410659.0574795158	4568388.3565945141
410658.1365880638	4568387.9684139891
410657.1955133474	4568387.6302152639
410656.2544386310	4568387.2920165379
410655.3133639145	4568386.9538178118
410654.3638551627	4568386.6413158011
410653.4054030843	4568386.3560622055
410652.4469510059	4568386.0708086109
410651.4884989274	4568385.7855550162
410650.5300468490	4568385.5003014216
410649.5929159359	4568385.1557655130
410648.6723341540	4568384.7652156660
410647.7517523721	4568384.3746658191
410646.8311705902	4568383.9841159722
410645.9226669201	4568383.5671146158
410645.0246042121	4568383.1272471668
410644.1265415041	4568382.6873797178
410643.2284787961	4568382.2475122688
410642.3304160881	4568381.8076448208
410641.4323533801	4568381.3677773718
410640.5342906721	4568380.9279099228
410639.6362279640	4568380.4880424738
410638.7381652561	4568380.0481750257
410637.8401025480	4568379.6083075767
410636.9420398401	4568379.1684401277
410636.0439771320	4568378.7285726788
410635.1378444889	4568378.3067802833
410634.2108114489	4568377.9318006262
410633.2837784090	4568377.5568209700
410632.3567453691	4568377.1818413129
410631.4297123291	4568376.8068616567
410630.5026792892	4568376.4318819996
410629.6072467855	4568375.9875215627
410628.7158616554	4568375.5342748864
410627.8244765252	4568375.0810282100
410626.9254103769	4568374.6452692384
410625.9885688622	4568374.2955150735
410625.0517273475	4568373.9457609076
410624.1148858327	4568373.5960067427
410623.1780443180	4568373.2462525768
410622.2577310917	4568372.8562496994
410621.3454615581	4568372.4466592968
410620.4331920244	4568372.0370688941
410619.5216112334	4568371.6259497060
410618.6103917362	4568371.2140285634
410617.6991722390	4568370.8021074207
410616.7879527417	4568370.3901862781
410615.8724900534	4568369.9886238640
410614.9341469367	4568369.6429185048
410613.9958038198	4568369.2972131465
410613.0574607030	4568368.9515077872
410612.1645233147	4568368.5059331851
410611.2871521752	4568368.0261208424
410610.4097810358	4568367.5463085007
410609.5324098963	4568367.0664961580
410608.6722517671	4568366.5570938047
410607.8214537695	4568366.0316009242
410606.9706557720	4568365.5061080437
410606.1198577745	4568364.9806151632
410605.2541387374	4568364.4865211137
410604.3093821256	4568364.1587484106
410603.3646255139	4568363.8309757086
410602.4245909151	4568363.4907008419
410601.4990439588	4568363.1120679965
410600.5734970026	4568362.7334351512
410599.6479500463	4568362.3548023058
410598.7224030900	4568361.9761694605
410597.7968561338	4568361.5975366142
410596.9121693488	4568361.1323738815
410596.0317346958	4568360.6582063781
410595.1513000428	4568360.1840388738
410594.2658279782	4568359.7226651320
410593.2984623994	4568359.4692803714
410592.3310968206	4568359.2158956109
410591.3637312417	4568358.9625108503
410590.3963656629	4568358.7091260888
410589.4290000841	4568358.4557413282
410588.4616345053	4568358.2023565676
410587.5218866840	4568357.8701969003
410586.6080751977	4568357.4640582940
410585.6942637114	4568357.0579196876
410584.7922069883	4568356.6266006213
410583.8940703686	4568356.1868841080
410582.9959337489	4568355.7471675938
410582.0977971293	4568355.3074510805
410581.1879338515	4568354.8949453942
410580.2515186137	4568354.5440515317
410579.3151033758	4568354.1931576701
410578.3786881380	4568353.8422638075
410577.4590945994	4568353.4510745592
410576.5511352148	4568353.0320163826
410575.6431758302	4568352.6129582049
410574.7352164455	4568352.1939000282
410573.8186343822	4568351.7944871876
410572.8955574591	4568351.4098718027
410571.9724805359	4568351.0252564186
410571.0817079261	4568350.5740655242
410570.2083440520	4568350.0869972091
410569.3349801779	4568349.5999288950
410568.4713332192	4568349.0966376690
410567.6297468644	4568348.5565150836
410566.7881605096	4568348.0163924983
410565.9465741549	4568347.4762699120
410565.1049878000	4568346.9361473266
410564.2501285783	4568346.4174084514
410563.3926356526	4568345.9029126959
410562.5151253054	4568345.4248821400
410561.6206981145	4568344.9776685443
410560.7262709235	4568344.5304549495
410559.8318437326	4568344.0832413537
410558.9319483708	4568343.6483525038
410558.0001696364	4568343.2853257963
410557.0683909019	4568342.9222990898
410556.1349991499	4568342.5644656373
410555.1615129898	4568342.3357197167
410554.1880268296	4568342.1069737971
410553.2586113550	4568341.7716337135
410552.4078133578	4568341.2461408330
410551.5570153606	4568340.7206479516
410550.7062173633	4568340.1951550711
410549.8554193661	4568339.6696621897
410548.9497835966	4568339.2480379231
410548.0359720481	4568338.8418994565
410547.1185175581	4568338.4451536769
410546.1698342599	4568338.1289259112
410545.2211509617	4568337.8126981454
410544.3578583526	4568337.3299254524
410543.5473581779	4568336.7441870579
410542.7368580032	4568336.1584486635
410541.9263578285	4568335.5727102691
410541.0889132067	4568335.0314447302
410540.1944860154	4568334.5842311354
410539.2999837054	4568334.1371745309
410538.3905766184	4568333.7212673901
410537.4811695314	4568333.3053602483
410536.5717624444	4568332.8894531075
410535.6839738823	4568332.4304839401
410534.8071614734	4568331.9496513288
410533.9140689533	4568331.5004481860
410533.0132280662	4568331.0662987921
410532.1897702355	4568330.5006844196
410531.3729549153	4568329.9237851799
410530.5386981518	4568329.3754427740
410529.6524727026	4568328.9121885747
410528.7662472534	4568328.4489343753
410527.8645404298	4568328.0183440726
410526.9448617581	4568327.6256722743
410526.0251830864	4568327.2330004768
410525.1055044146	4568326.8403286785
410524.1858257429	4568326.4476568811
410523.2665326201	4568326.0541232675
410522.3608423935	4568325.6301831612
410521.4551521669	4568325.2062430559
410520.5494619403	4568324.7823029496
410519.6437717137	4568324.3583628433
410518.7380814871	4568323.9344227379
410517.8395321584	4568323.4966655755
410516.9698462433	4568323.0030600559
410516.1001603282	4568322.5094545363
410515.2304744130	4568322.0158490166
410514.3607884979	4568321.5222434970
410513.4768178034	4568321.0561239747
410512.5730709300	4568320.6280567031
410511.6693240566	4568320.1999894315
410510.7655771833	4568319.7719221599
410509.8618303099	4568319.3438548883
410508.9665301738	4568318.8983926177
410508.0712533352	4568318.4528823681
410507.1759764966	4568318.0073721185
410506.2722747840	4568317.5794158429
410505.3646477432	4568317.1596383369
410504.4570207023	4568316.7398608308
410503.5493936615	4568316.3200833239
410502.6417666207	4568315.9003058178
410501.7220678756	4568315.5081043951
410500.7979428266	4568315.1260142298
410499.8738177776	4568314.7439240655
410498.9496927287	4568314.3618339011
410498.0255676796	4568313.9797437368
410497.1014426307	4568313.5976535724
410496.1836668430	4568313.2010097820
410495.2749899989	4568312.7835096112
410494.3663131550	4568312.3660094393
410493.4576363109	4568311.9485092675
410492.5489594669	4568311.5310090967
410491.6402826229	4568311.1135089248
410490.7316057789	4568310.6960087530
410489.8229289350	4568310.2785085822
410488.9142520909	4568309.8610084103
410488.0055752470	4568309.4435082395
410487.0968984029	4568309.0260080677
410486.1882215590	4568308.6085078958
410485.3177329815	4568308.1164922398
410484.4481716475	4568307.6226672847
410483.5786103135	4568307.1288423296
410482.7090489795	4568306.6350173745
410481.8394876455	4568306.1411924195
410480.9543338253	4568305.6762921829
410480.0638299639	4568305.2213164996
410479.1733261025	4568304.7663408155
410478.2828222411	4568304.3113651322
410477.3923183797	4568303.8563894480
410476.4929227333	4568303.4209283665
410475.5652765802	4568303.0474680411
410474.6376304271	4568302.6740077157
410473.7060551491	4568302.3106400389
410472.7700773310	4568301.9585810611
410471.8340995130	4568301.6065220824
410470.9117010490	4568301.2217618097
410470.0016562503	4568300.8072519014
410469.0916114516	4568300.3927419931
410468.1815666529	4568299.9782320838
410467.2715218542	4568299.5637221755
410466.3614770555	4568299.1492122663
410465.4514322568	4568298.7347023580
410464.5413874581	4568298.3201924497
410463.6339520592	4568297.9000955764
410462.7319802860	4568297.4683005782
410461.8300085127	4568297.0365055799
410460.9280367394	4568296.6047105826
410460.0260649662	4568296.1729155844
410459.1240931929	4568295.7411205862
410458.2174341111	4568295.3194221640
410457.3054886112	4568294.9091108115
410456.3935431114	4568294.4987994600
410455.4847895913	4568294.0816766396
410454.5859413093	4568293.6434167102
410453.6870930272	4568293.2051567808
410452.7882447451	4568292.7668968504
410451.8893964631	4568292.3286369210
410451.0293512375	4568291.8197131474
410450.1771800119	4568291.2964501139
410449.3250087863	4568290.7731870804
410448.4702980775	4568290.2543990109
410447.5840726335	4568289.7911448013
410446.6978471895	4568289.3278905926
410445.8116217455	4568288.8646363830
410444.9253963015	4568288.4013821734
410444.0391708575	4568287.9381279647
410443.1353267230	4568287.5122891441
410442.2136913478	4568287.1242321441
410441.2920559726	4568286.7361751450
410440.3704205975	4568286.3481181450
410439.4487852223	4568285.9600611450
410438.5271498471	4568285.5720041450
410437.6161759361	4568285.1598861674
410436.7095938750	4568284.7378565874
410435.8030118139	4568284.3158270074
410434.8985182165	4568283.8895424921
410434.0100923099	4568283.4305224400
410433.1216664032	4568282.9715023879
410432.2332404965	4568282.5124823358
410431.3584971525	4568282.0295482734
410430.5125715497	4568281.4962473502
410429.6666459469	4568280.9629464280
410428.8072672517	4568280.4536329200
410427.9111067141	4568280.0099029448
410427.0149461765	4568279.5661729695
410426.1187856389	4568279.1224429943
410425.2226251012	4568278.6787130190
410424.3264645636	4568278.2349830437
410423.4303040260	4568277.7912530694
410422.5425361758	4568277.3310472835
410421.6567046405	4568276.8670402886
410420.7708731052	4568276.4030332938
410419.8850415699	4568275.9390262999
410418.9992100345	4568275.4750193050
410418.1017684857	4568275.0347198294
410417.1920804819	4568274.6194274798
410416.2823924780	4568274.2041351302
410415.3825720640	4568273.7682026112
410414.4881448730	4568273.3209890155
410413.5937176821	4568272.8737754198
410412.6990907950	4568272.4270234061
410411.7607476781	4568272.0813180478
410410.8224045611	4568271.7356126895
410409.8840614441	4568271.3899073312
410408.9920110896	4568270.9468849078
410408.1317588104	4568270.4370162813
410407.2715065312	4568269.9271476548
410406.4112542520	4568269.4172790283
410405.5510019727	4568268.9074104019
410404.6907496935	4568268.3975417763
410403.8304974143	4568267.8876731498
410402.9702451351	4568267.3778045233
410402.1099928559	4568266.8679358969
410401.2497405767	4568266.3580672704
410400.3894882974	4568265.8481986439
410399.5292360182	4568265.3383300183
410398.7013579124	4568264.7775174389
410397.8744314104	4568264.2152074175
410397.0475049083	4568263.6528973961
410396.2117480434	4568263.1039704401
410395.3694766426	4568262.5649167439
410394.5272052418	4568262.0258630477
410393.6849338411	4568261.4868093515
410392.8426624403	4568260.9477556553
410391.9674355818	4568260.4675406124
410391.0677789191	4568260.0309425257
410390.1681222564	4568259.5943444390
410389.2684655937	4568259.1577463523
410388.3737744859	4568258.7113369703
410387.4892053855	4568258.2449278077
410386.6046362851	4568257.7785186460
410385.7200671847	4568257.3121094834
410384.9105045397	4568256.7283049952
410384.1155532934	4568256.1216316754
410383.3066219009	4568255.5369558865
410382.4198144488	4568255.0748167913
410381.5330069967	4568254.6126776962
410380.6461995446	4568254.1505386019
410379.7593920926	4568253.6883995067
410378.8973309798	4568253.1828895481
410378.0482743758	4568252.6545876618
410377.1992177718	4568252.1262857756
410376.3472432276	4568251.6027165363
410375.4938879018	4568251.0813868055
410374.6405325761	4568250.5600570748
410373.7908624975	4568250.0330994921
410372.9718497388	4568249.4593241867
410372.1528369802	4568248.8855488813
410371.3338242216	4568248.3117735758
410370.5145338995	4568247.7384145018
410369.6700253208	4568247.2028724765
410368.8255167421	4568246.6673304513
410368.0229841552	4568246.0801471034
410367.3261984709	4568245.3628677223
410366.6294127866	4568244.6455883412
410365.8921497591	4568243.9722015299
410365.1208987900	4568243.3356703501
410364.3314880756	4568242.7226473037
410363.5208088472	4568242.1371567491
410362.7101296189	4568241.5516661955
410361.9131560088	4568240.9494739044
410361.1807041359	4568240.2686550934
410360.4334417688	4568239.6059642108
410359.6202383568	4568239.0239846483
410358.8070349448	4568238.4420050867
410357.9962565525	4568237.8566713734
410357.1887116763	4568237.2668652413
410356.3850180788	4568236.6719633127
410355.5972109127	4568236.0560413459
410354.8094037466	4568235.4401193792
410354.0215965806	4568234.8241974125
410353.2459879346	4568234.1937394012
410352.5026937856	4568233.5247746734
410351.7592384862	4568232.8559952695
410350.9935336227	4568232.2128031822
410350.2278287591	4568231.5696110940
410349.4621238955	4568230.9264190057
410348.6963343699	4568230.2833277462
410347.9303802657	4568229.6404324900
410347.1644261614	4568228.9975372339
410346.3984720571	4568228.3546419777
410345.5481940282	4568227.8353374880
410344.6702284669	4568227.3566136919
410343.7922629057	4568226.8778898958
410342.9142973444	4568226.3991660988
410342.0488456838	4568225.8985114433
410341.1900348712	4568225.3862185702
410340.3312240588	4568224.8739256961
410339.4882457393	4568224.3380759377
410338.6895379399	4568223.7363568572
410337.8908301405	4568223.1346377777
410337.0921223410	4568222.5329186972
410336.2934145415	4568221.9311996177
410335.5828550963	4568221.2280651545
410334.8757483152	4568220.5209583733
410334.1686415341	4568219.8138515912
410333.4615347530	4568219.1067448100
410332.7544279719	4568218.3996380288
410332.0340665643	4568217.7075107507
410331.2461425964	4568217.0917382101
410330.4582186286	4568216.4759656703
410329.6702946608	4568215.8601931306
410328.8823706929	4568215.2444205908
410328.0944467251	4568214.6286480511
410327.3065227572	4568214.0128755113
410326.5185987894	4568213.3971029706
410325.7306748216	4568212.7813304309
410325.0091594905	4568212.0922426395
410324.3186837240	4568211.3688871143
410323.6282079575	4568210.6455315892
410322.9377321910	4568209.9221760640
410322.2472564244	4568209.1988205388
410321.5567806579	4568208.4754650136
410320.8663048914	4568207.7521094885
410320.1188012649	4568207.0887717782
410319.3611355074	4568206.4361289972
410318.6034697501	4568205.7834862154
410317.8458039927	4568205.1308434345
410317.0881382352	4568204.4782006526
410316.3304724779	4568203.8255578717
410315.5728067205	4568203.1729150899
410314.8260645661	4568202.5081545282
410314.0985930625	4568201.8220166331
410313.3711215589	4568201.1358787380
410312.6436500552	4568200.4497408429
410311.9161785515	4568199.7636029478
410311.1887070479	4568199.0774650518
410310.4612355442	4568198.3913271567
410309.7671752741	4568197.6725644255
410309.0985558511	4568196.9289596472
410308.4299364281	4568196.1853548680
410307.7613170051	4568195.4417500887
410307.0926975821	4568194.6981453104
410306.4240781592	4568193.9545405312
410305.7554587362	4568193.2109357519
410305.0868393132	4568192.4673309736
410304.4182198902	4568191.7237261944
410303.7021458132	4568191.0280702366
410302.9516545478	4568190.3671898684
410302.2011632824	4568189.7063095011
410301.4506720169	4568189.0454291329
410300.7001807515	4568188.3845487656
410300.0332629393	4568187.6461464791
410299.4305499454	4568186.8481884310
410298.8278369514	4568186.0502303820
410298.2251239575	4568185.2522723339
410297.6224109635	4568184.4543142859
410297.0196979696	4568183.6563562369
410296.4169849757	4568182.8583981888
410295.9355742068	4568181.9825364761
410295.4606416058	4568181.1025143033
410294.9857090048	4568180.2224921305
410294.5107764038	4568179.3424699577
410294.0358438028	4568178.4624477848
410293.5609112018	4568177.5824256120
410293.0859786009	4568176.7024034392
410292.6110459999	4568175.8223812664
410291.9971485967	4568175.0347904311
410291.3691293283	4568174.2565926425
410290.7411100598	4568173.4783948539
410290.1130907913	4568172.7001970643
410289.5689934851	4568171.8628080478
410289.0466814059	4568171.0100536328
410288.5243693267	4568170.1572992187
410288.0020572475	4568169.3045448037
410287.4797451683	4568168.4517903887
410286.9739508844	4568167.5893288506
410286.4831071504	4568166.7180812228
410285.9922634165	4568165.8468335951
410285.5014196825	4568164.9755859673
410285.0105759485	4568164.1043383395
410285.3856360571	4568163.1998652536
410285.8082738454	4568162.2935665725
410286.2309116337	4568161.3872678913
410286.6535494219	4568160.4809692092
410287.0761872102	4568159.5746705281
410287.4988249984	4568158.6683718469
410287.9214627866	4568157.7620731657
410288.3246985898	4568156.8470955919
410288.7186178884	4568155.9279505620
410289.1125371869	4568155.0088055320
410289.5064564855	4568154.0896605020
410289.9003757841	4568153.1705154721
410290.2942950827	4568152.2513704421
410290.6882143812	4568151.3322254121
410291.0821336798	4568150.4130803822
410291.4760529783	4568149.4939353522
410291.8699722769	4568148.5747903222
410292.2638915755	4568147.6556452923
410292.6578108741	4568146.7365002623
410293.0517301726	4568145.8173552323
410293.4456494712	4568144.8982102023
410293.8395687698	4568143.9790651714
410294.2334880683	4568143.0599201415
410294.6404001166	4568142.1464651236
410295.0487661766	4568141.2336468715
410295.4571322367	4568140.3208286203
410295.8654982968	4568139.4080103682
410296.2738643568	4568138.4951921161
410296.6822304169	4568137.5823738640
410297.0905964769	4568136.6695556119
410297.4989625370	4568135.7567373607
410297.9073285971	4568134.8439191086
410298.3156946571	4568133.9311008565
410298.7240607172	4568133.0182826044
410299.1324267772	4568132.1054643532
410299.5407928372	4568131.1926461011
410299.9491588973	4568130.2798278490
410300.3575249574	4568129.3670095969
410300.7658910174	4568128.4541913457
410301.1742570775	4568127.5413730936
410301.5826231375	4568126.6285548415
410301.8403757662	4568125.6796266548
410301.8903133832	4568124.6808743160
410301.9402510001	4568123.6821219772
410301.9901886171	4568122.6833696384
410302.0401262340	4568121.6846172996
410302.0900638510	4568120.6858649608
410302.1400014679	4568119.6871126220
410302.1899390849	4568118.6883602822
410302.2398767019	4568117.6896079434
410302.2898143188	4568116.6908556046
410302.3397519358	4568115.6921032658
410302.3896895527	4568114.6933509270
410302.4396271697	4568113.6945985882
410302.4895647866	4568112.6958462493
410302.5395024035	4568111.6970939105
410302.8563515957	4568110.7755572768
410303.3473646590	4568109.9044050677
410303.8383777224	4568109.0332528586
410304.3293907858	4568108.1621006494
410304.8204038491	4568107.2909484403
410305.3114169126	4568106.4197962303
410305.8024299759	4568105.5486440212
410306.2934430393	4568104.6774918120
410306.7844561027	4568103.8063396029
410307.3160690479	4568102.9633979136
410307.9612498657	4568102.1993679972
410308.6064306834	4568101.4353380818
410309.2516115012	4568100.6713081654
410309.8967923189	4568099.9072782500
410310.5419731366	4568099.1432483336
410311.1871539544	4568098.3792184182
410311.8323347721	4568097.6151885018
410312.4775155899	4568096.8511585863
410313.2456948966	4568096.2352147475
410314.1151514541	4568095.7412053403
410314.9846080115	4568095.2471959321
410315.8540645689	4568094.7531865248
410316.7235211263	4568094.2591771176
410317.5929776838	4568093.7651677094
410318.4624342412	4568093.2711583022
410319.3318907986	4568092.7771488950
410320.2013473560	4568092.2831394868
410321.0708039135	4568091.7891300796
410321.9402604709	4568091.2951206723
410322.8097170283	4568090.8011112642
410323.6791735858	4568090.3071018569
410324.5486301432	4568089.8130924497
410325.4180867006	4568089.3190830415
410326.2238501714	4568088.7346154107
410326.9820353678	4568088.0825761417
410327.7402205641	4568087.4305368736
410328.4984057604	4568086.7784976047
410329.2565909568	4568086.1264583357
410330.0147761531	4568085.4744190667
410330.7729613494	4568084.8223797977
410331.5311465457	4568084.1703405296
410332.2893317421	4568083.5183012607
410333.0475169384	4568082.8662619917
410333.7712517056	4568082.1766130859
410334.4871413948	4568081.4783996856
410335.2030310841	4568080.7801862853
410335.9189207733	4568080.0819728840
410336.6348104625	4568079.3837594837
410337.3507001517	4568078.6855460824
410338.0665898409	4568077.9873326821
410338.7824795302	4568077.2891192818
410339.4983692194	4568076.5909058806
410340.2142589087	4568075.8926924802
410340.9301485979	4568075.1944790799
410341.6460382871	4568074.4962656787
410342.3619279763	4568073.7980522783
410343.0778176656	4568073.0998388780
410343.7937073548	4568072.4016254768
410344.5095970440	4568071.7034120765
410345.2176393271	4568070.9982354948
410345.8257162049	4568070.2043573484
410346.4337930827	4568069.4104792029
410347.0418699605	4568068.6166010564
410347.6499468383	4568067.8227229109
410348.2580237161	4568067.0288447645
410348.8661005939	4568066.2349666189
410349.4741774717	4568065.4410884725
410350.0822543495	4568064.6472103270
410350.4242932500	4568063.7982036564
410350.1817576250	4568062.8280611560
410349.9392219999	4568061.8579186564
410349.6966863749	4568060.8877761560
410349.4541507498	4568059.9176336555
410349.2116151247	4568058.9474911559
